37291,https://mav.farmaciasaas.com/api/images/articulos/DISTRIBUCION/17769.jpg
37292,https://mav.farmaciasaas.com/api/images/articulos/DISTRIBUCION/17770.jpg
37293,https://mav.farmaciasaas.com/api/images/articulos/DISTRIBUCION/17768.jpg
37294,https://mav.farmaciasaas.com/api/images/articulos/DISTRIBUCION/10751.jpg
37295,https://mav.farmaciasaas.com/api/images/articulos/DISTRIBUCION/92955.jpg
37296,https://mav.farmaciasaas.com/api/images/articulos/DISTRIBUCION/20331.jpg
37297,https://mav.farmaciasaas.com/api/images/articulos/DISTRIBUCION/20330.jpg
37298,https://mav.farmaciasaas.com/api/images/articulos/DISTRIBUCION/53779.jpg
37299,https://mav.farmaciasaas.com/api/images/articulos/DISTRIBUCION/92858.jpg
37300,https://mav.farmaciasaas.com/api/images/articulos/DISTRIBUCION/92857.jpg
37301,https://mav.farmaciasaas.com/api/images/articulos/DISTRIBUCION/53280.jpg
37302,https://mav.farmaciasaas.com/api/images/articulos/DISTRIBUCION/52763.jpg
37303,https://mav.farmaciasaas.com/api/images/articulos/DISTRIBUCION/53498.jpg
37305,https://mav.farmaciasaas.com/api/images/articulos/DISTRIBUCION/4986.jpg
37306,https://mav.farmaciasaas.com/api/images/articulos/DISTRIBUCION/53399.jpg
37307,https://mav.farmaciasaas.com/api/images/articulos/DISTRIBUCION/90118.jpg
37308,https://mav.farmaciasaas.com/api/images/articulos/DISTRIBUCION/23926.jpg
37309,https://mav.farmaciasaas.com/api/images/articulos/DISTRIBUCION/11552.jpg
37310,https://mav.farmaciasaas.com/api/images/articulos/DISTRIBUCION/22403.jpg
37311,https://mav.farmaciasaas.com/api/images/articulos/DISTRIBUCION/15591.jpg
37313,https://mav.farmaciasaas.com/api/images/articulos/DISTRIBUCION/53087.jpg
37314,https://mav.farmaciasaas.com/api/images/articulos/DISTRIBUCION/14455.jpg
37315,https://mav.farmaciasaas.com/api/images/articulos/DISTRIBUCION/51788.jpg
37316,https://mav.farmaciasaas.com/api/images/articulos/DISTRIBUCION/53478.jpg
37317,https://mav.farmaciasaas.com/api/images/articulos/DISTRIBUCION/30141.jpg
37318,https://mav.farmaciasaas.com/api/images/articulos/DISTRIBUCION/2337.jpg
37320,https://mav.farmaciasaas.com/api/images/articulos/DISTRIBUCION/22400.jpg
37321,https://mav.farmaciasaas.com/api/images/articulos/DISTRIBUCION/22401.jpg
37323,https://mav.farmaciasaas.com/api/images/articulos/DISTRIBUCION/52423.jpg
37324,https://mav.farmaciasaas.com/api/images/articulos/DISTRIBUCION/7537.jpg
37325,https://mav.farmaciasaas.com/api/images/articulos/DISTRIBUCION/23925.jpg
37326,https://mav.farmaciasaas.com/api/images/articulos/DISTRIBUCION/99582.jpg
37327,https://mav.farmaciasaas.com/api/images/articulos/DISTRIBUCION/53492.jpg
37328,https://mav.farmaciasaas.com/api/images/articulos/DISTRIBUCION/53177.jpg
37329,https://mav.farmaciasaas.com/api/images/articulos/DISTRIBUCION/4669.jpg
37330,https://mav.farmaciasaas.com/api/images/articulos/DISTRIBUCION/22391.jpg
37331,https://mav.farmaciasaas.com/api/images/articulos/DISTRIBUCION/646.jpg
37332,https://mav.farmaciasaas.com/api/images/articulos/DISTRIBUCION/24308.jpg
37333,https://mav.farmaciasaas.com/api/images/articulos/DISTRIBUCION/3203.jpg
37334,https://mav.farmaciasaas.com/api/images/articulos/DISTRIBUCION/8876.jpg
37335,https://mav.farmaciasaas.com/api/images/articulos/DISTRIBUCION/98573.jpg
37336,https://mav.farmaciasaas.com/api/images/articulos/DISTRIBUCION/51935.jpg
37338,https://mav.farmaciasaas.com/api/images/articulos/DISTRIBUCION/51989.jpg
37339,https://mav.farmaciasaas.com/api/images/articulos/DISTRIBUCION/29551.jpg
37341,https://mav.farmaciasaas.com/api/images/articulos/DISTRIBUCION/7859.jpg
37342,https://mav.farmaciasaas.com/api/images/articulos/DISTRIBUCION/11560.jpg
37345,https://mav.farmaciasaas.com/api/images/articulos/DISTRIBUCION/7271.jpg
37347,https://mav.farmaciasaas.com/api/images/articulos/DISTRIBUCION/23088.jpg
37350,https://mav.farmaciasaas.com/api/images/articulos/DISTRIBUCION/22846.jpg
37351,https://mav.farmaciasaas.com/api/images/articulos/DISTRIBUCION/20.jpg
37354,https://mav.farmaciasaas.com/api/images/articulos/DISTRIBUCION/24.jpg
37355,https://mav.farmaciasaas.com/api/images/articulos/DISTRIBUCION/90738.jpg
37357,https://mav.farmaciasaas.com/api/images/articulos/DISTRIBUCION/98454.jpg
37358,https://mav.farmaciasaas.com/api/images/articulos/DISTRIBUCION/2643.jpg
37359,https://mav.farmaciasaas.com/api/images/articulos/DISTRIBUCION/29544.jpg
37360,https://mav.farmaciasaas.com/api/images/articulos/DISTRIBUCION/23782.jpg
37362,https://mav.farmaciasaas.com/api/images/articulos/DISTRIBUCION/28706.jpg
37363,https://mav.farmaciasaas.com/api/images/articulos/DISTRIBUCION/51480.jpg
37364,https://mav.farmaciasaas.com/api/images/articulos/DISTRIBUCION/5235.jpg
37367,https://mav.farmaciasaas.com/api/images/articulos/DISTRIBUCION/53556.jpg
37368,https://mav.farmaciasaas.com/api/images/articulos/DISTRIBUCION/53398.jpg
37369,https://mav.farmaciasaas.com/api/images/articulos/DISTRIBUCION/52500.jpg
37370,https://mav.farmaciasaas.com/api/images/articulos/DISTRIBUCION/19583.jpg
37371,https://mav.farmaciasaas.com/api/images/articulos/DISTRIBUCION/92341.jpg
37372,https://mav.farmaciasaas.com/api/images/articulos/DISTRIBUCION/778.jpg
37373,https://mav.farmaciasaas.com/api/images/articulos/DISTRIBUCION/779.jpg
37374,https://mav.farmaciasaas.com/api/images/articulos/DISTRIBUCION/8346.jpg
37375,https://mav.farmaciasaas.com/api/images/articulos/DISTRIBUCION/51147.jpg
37376,https://mav.farmaciasaas.com/api/images/articulos/DISTRIBUCION/53225.jpg
37377,https://mav.farmaciasaas.com/api/images/articulos/DISTRIBUCION/53060.jpg
37378,https://mav.farmaciasaas.com/api/images/articulos/DISTRIBUCION/27095.jpg
37379,https://mav.farmaciasaas.com/api/images/articulos/DISTRIBUCION/5930.jpg
37381,https://mav.farmaciasaas.com/api/images/articulos/DISTRIBUCION/52550.jpg
37383,https://mav.farmaciasaas.com/api/images/articulos/DISTRIBUCION/9575.jpg
37384,https://mav.farmaciasaas.com/api/images/articulos/DISTRIBUCION/1526.jpg
37385,https://mav.farmaciasaas.com/api/images/articulos/DISTRIBUCION/17968.jpg
37386,https://mav.farmaciasaas.com/api/images/articulos/DISTRIBUCION/20302.jpg
37387,https://mav.farmaciasaas.com/api/images/articulos/DISTRIBUCION/94917.jpg
37389,https://mav.farmaciasaas.com/api/images/articulos/DISTRIBUCION/9807.jpg
37390,https://mav.farmaciasaas.com/api/images/articulos/DISTRIBUCION/9782.jpg
37391,https://mav.farmaciasaas.com/api/images/articulos/DISTRIBUCION/50383.jpg
37392,https://mav.farmaciasaas.com/api/images/articulos/DISTRIBUCION/50731.jpg
37395,https://mav.farmaciasaas.com/api/images/articulos/DISTRIBUCION/23948.jpg
37396,https://mav.farmaciasaas.com/api/images/articulos/DISTRIBUCION/104.jpg
37397,https://mav.farmaciasaas.com/api/images/articulos/DISTRIBUCION/53530.jpg
37398,https://mav.farmaciasaas.com/api/images/articulos/DISTRIBUCION/94308.jpg
37400,https://mav.farmaciasaas.com/api/images/articulos/DISTRIBUCION/21363.jpg
37401,https://mav.farmaciasaas.com/api/images/articulos/DISTRIBUCION/5177.jpg
37402,https://mav.farmaciasaas.com/api/images/articulos/DISTRIBUCION/5184.jpg
37403,https://mav.farmaciasaas.com/api/images/articulos/DISTRIBUCION/5185.jpg
37404,https://mav.farmaciasaas.com/api/images/articulos/DISTRIBUCION/10378.jpg
37405,https://mav.farmaciasaas.com/api/images/articulos/DISTRIBUCION/10377.jpg
37406,https://mav.farmaciasaas.com/api/images/articulos/DISTRIBUCION/97351.jpg
37407,https://mav.farmaciasaas.com/api/images/articulos/DISTRIBUCION/20787.jpg
37409,https://mav.farmaciasaas.com/api/images/articulos/DISTRIBUCION/20332.jpg
37410,https://mav.farmaciasaas.com/api/images/articulos/DISTRIBUCION/20333.jpg
37411,https://mav.farmaciasaas.com/api/images/articulos/DISTRIBUCION/13540.jpg
37412,https://mav.farmaciasaas.com/api/images/articulos/DISTRIBUCION/119.jpg
37413,https://mav.farmaciasaas.com/api/images/articulos/DISTRIBUCION/29745.jpg
37417,https://mav.farmaciasaas.com/api/images/articulos/DISTRIBUCION/26230.jpg
37418,https://mav.farmaciasaas.com/api/images/articulos/DISTRIBUCION/10090.jpg
37419,https://mav.farmaciasaas.com/api/images/articulos/DISTRIBUCION/27450.jpg
37420,https://mav.farmaciasaas.com/api/images/articulos/DISTRIBUCION/53493.jpg
37421,https://mav.farmaciasaas.com/api/images/articulos/DISTRIBUCION/3505.jpg
37422,https://mav.farmaciasaas.com/api/images/articulos/DISTRIBUCION/4602.jpg
37423,https://mav.farmaciasaas.com/api/images/articulos/DISTRIBUCION/97973.jpg
37424,https://mav.farmaciasaas.com/api/images/articulos/DISTRIBUCION/20112.jpg
37425,https://mav.farmaciasaas.com/api/images/articulos/DISTRIBUCION/2419.jpg
37426,https://mav.farmaciasaas.com/api/images/articulos/DISTRIBUCION/9206.jpg
37428,https://mav.farmaciasaas.com/api/images/articulos/DISTRIBUCION/12054.jpg
37429,https://mav.farmaciasaas.com/api/images/articulos/DISTRIBUCION/92638.jpg
37430,https://mav.farmaciasaas.com/api/images/articulos/DISTRIBUCION/53795.jpg
37431,https://mav.farmaciasaas.com/api/images/articulos/DISTRIBUCION/2417.jpg
37432,https://mav.farmaciasaas.com/api/images/articulos/DISTRIBUCION/10982.jpg
37433,https://mav.farmaciasaas.com/api/images/articulos/DISTRIBUCION/12027.jpg
37434,https://mav.farmaciasaas.com/api/images/articulos/DISTRIBUCION/27732.jpg
37438,https://mav.farmaciasaas.com/api/images/articulos/DISTRIBUCION/53253.jpg
37439,https://mav.farmaciasaas.com/api/images/articulos/DISTRIBUCION/53232.jpg
37440,https://mav.farmaciasaas.com/api/images/articulos/DISTRIBUCION/52727.jpg
37442,https://mav.farmaciasaas.com/api/images/articulos/DISTRIBUCION/5265.jpg
37443,https://mav.farmaciasaas.com/api/images/articulos/DISTRIBUCION/25978.jpg
37444,https://mav.farmaciasaas.com/api/images/articulos/DISTRIBUCION/51378.jpg
37446,https://mav.farmaciasaas.com/api/images/articulos/DISTRIBUCION/26127.jpg
37448,https://mav.farmaciasaas.com/api/images/articulos/DISTRIBUCION/51479.jpg
37449,https://mav.farmaciasaas.com/api/images/articulos/DISTRIBUCION/1481.jpg
37450,https://mav.farmaciasaas.com/api/images/articulos/DISTRIBUCION/5739.jpg
37451,https://mav.farmaciasaas.com/api/images/articulos/DISTRIBUCION/90776.jpg
37452,https://mav.farmaciasaas.com/api/images/articulos/DISTRIBUCION/9638.jpg
37453,https://mav.farmaciasaas.com/api/images/articulos/DISTRIBUCION/98747.jpg
37454,https://mav.farmaciasaas.com/api/images/articulos/DISTRIBUCION/3301.jpg
37455,https://mav.farmaciasaas.com/api/images/articulos/DISTRIBUCION/28394.jpg
37457,https://mav.farmaciasaas.com/api/images/articulos/DISTRIBUCION/24237.jpg
37458,https://mav.farmaciasaas.com/api/images/articulos/DISTRIBUCION/6865.jpg
37459,https://mav.farmaciasaas.com/api/images/articulos/DISTRIBUCION/6868.jpg
37460,https://mav.farmaciasaas.com/api/images/articulos/DISTRIBUCION/29669.jpg
37462,https://mav.farmaciasaas.com/api/images/articulos/DISTRIBUCION/95473.jpg
37463,https://mav.farmaciasaas.com/api/images/articulos/DISTRIBUCION/26476.jpg
37464,https://mav.farmaciasaas.com/api/images/articulos/DISTRIBUCION/22591.jpg
37465,https://mav.farmaciasaas.com/api/images/articulos/DISTRIBUCION/23940.jpg
37467,https://mav.farmaciasaas.com/api/images/articulos/DISTRIBUCION/1297.jpg
37468,https://mav.farmaciasaas.com/api/images/articulos/DISTRIBUCION/1298.jpg
37469,https://mav.farmaciasaas.com/api/images/articulos/DISTRIBUCION/16881.jpg
37470,https://mav.farmaciasaas.com/api/images/articulos/DISTRIBUCION/29562.jpg
37472,https://mav.farmaciasaas.com/api/images/articulos/DISTRIBUCION/17094.jpg
37473,https://mav.farmaciasaas.com/api/images/articulos/DISTRIBUCION/23430.jpg
37475,https://mav.farmaciasaas.com/api/images/articulos/DISTRIBUCION/50410.jpg
37478,https://mav.farmaciasaas.com/api/images/articulos/DISTRIBUCION/28791.jpg
37480,https://mav.farmaciasaas.com/api/images/articulos/DISTRIBUCION/30329.jpg
37481,https://mav.farmaciasaas.com/api/images/articulos/DISTRIBUCION/51774.jpg
37482,https://mav.farmaciasaas.com/api/images/articulos/DISTRIBUCION/53180.jpg
37483,https://mav.farmaciasaas.com/api/images/articulos/DISTRIBUCION/21594.jpg
37484,https://mav.farmaciasaas.com/api/images/articulos/DISTRIBUCION/53335.jpg
37485,https://mav.farmaciasaas.com/api/images/articulos/DISTRIBUCION/27227.jpg
37488,https://mav.farmaciasaas.com/api/images/articulos/DISTRIBUCION/52031.jpg
37489,https://mav.farmaciasaas.com/api/images/articulos/DISTRIBUCION/52032.jpg
37490,https://mav.farmaciasaas.com/api/images/articulos/DISTRIBUCION/22093.jpg
37491,https://mav.farmaciasaas.com/api/images/articulos/DISTRIBUCION/51009.jpg
37492,https://mav.farmaciasaas.com/api/images/articulos/DISTRIBUCION/19753.jpg
37493,https://mav.farmaciasaas.com/api/images/articulos/DISTRIBUCION/19965.jpg
37494,https://mav.farmaciasaas.com/api/images/articulos/DISTRIBUCION/19966.jpg
37495,https://mav.farmaciasaas.com/api/images/articulos/DISTRIBUCION/19058.jpg
37496,https://mav.farmaciasaas.com/api/images/articulos/DISTRIBUCION/19059.jpg
37497,https://mav.farmaciasaas.com/api/images/articulos/DISTRIBUCION/9092.jpg
37498,https://mav.farmaciasaas.com/api/images/articulos/DISTRIBUCION/99232.jpg
37499,https://mav.farmaciasaas.com/api/images/articulos/DISTRIBUCION/30076.jpg
37500,https://mav.farmaciasaas.com/api/images/articulos/DISTRIBUCION/30307.jpg
37501,https://mav.farmaciasaas.com/api/images/articulos/DISTRIBUCION/50067.jpg
37504,https://mav.farmaciasaas.com/api/images/articulos/DISTRIBUCION/53383.jpg
37505,https://mav.farmaciasaas.com/api/images/articulos/DISTRIBUCION/51425.jpg
37506,https://mav.farmaciasaas.com/api/images/articulos/DISTRIBUCION/53167.jpg
37507,https://mav.farmaciasaas.com/api/images/articulos/DISTRIBUCION/3689.jpg
37509,https://mav.farmaciasaas.com/api/images/articulos/DISTRIBUCION/3692.jpg
37510,https://mav.farmaciasaas.com/api/images/articulos/DISTRIBUCION/25050.jpg
37511,https://mav.farmaciasaas.com/api/images/articulos/DISTRIBUCION/25093.jpg
37513,https://mav.farmaciasaas.com/api/images/articulos/DISTRIBUCION/23700.jpg
37514,https://mav.farmaciasaas.com/api/images/articulos/DISTRIBUCION/3028.jpg
37515,https://mav.farmaciasaas.com/api/images/articulos/DISTRIBUCION/98600.jpg
37517,https://mav.farmaciasaas.com/api/images/articulos/DISTRIBUCION/4070.jpg
37518,https://mav.farmaciasaas.com/api/images/articulos/DISTRIBUCION/11565.jpg
37519,https://mav.farmaciasaas.com/api/images/articulos/DISTRIBUCION/97977.jpg
37520,https://mav.farmaciasaas.com/api/images/articulos/DISTRIBUCION/98292.jpg
37521,https://mav.farmaciasaas.com/api/images/articulos/DISTRIBUCION/51293.jpg
37522,https://mav.farmaciasaas.com/api/images/articulos/DISTRIBUCION/23795.jpg
37524,https://mav.farmaciasaas.com/api/images/articulos/DISTRIBUCION/91726.jpg
37526,https://mav.farmaciasaas.com/api/images/articulos/DISTRIBUCION/527.jpg
37527,https://mav.farmaciasaas.com/api/images/articulos/DISTRIBUCION/22695.jpg
37528,https://mav.farmaciasaas.com/api/images/articulos/DISTRIBUCION/51937.jpg
37529,https://mav.farmaciasaas.com/api/images/articulos/DISTRIBUCION/25310.jpg
37530,https://mav.farmaciasaas.com/api/images/articulos/DISTRIBUCION/54524.jpg
37531,https://mav.farmaciasaas.com/api/images/articulos/DISTRIBUCION/9781.jpg
37532,https://mav.farmaciasaas.com/api/images/articulos/DISTRIBUCION/92934.jpg
37533,https://mav.farmaciasaas.com/api/images/articulos/DISTRIBUCION/28697.jpg
37534,https://mav.farmaciasaas.com/api/images/articulos/DISTRIBUCION/11301.jpg
37535,https://mav.farmaciasaas.com/api/images/articulos/DISTRIBUCION/10278.jpg
37536,https://mav.farmaciasaas.com/api/images/articulos/DISTRIBUCION/90556.jpg
37537,https://mav.farmaciasaas.com/api/images/articulos/DISTRIBUCION/4756.jpg
37538,https://mav.farmaciasaas.com/api/images/articulos/DISTRIBUCION/4694.jpg
37539,https://mav.farmaciasaas.com/api/images/articulos/DISTRIBUCION/53427.jpg
37540,https://mav.farmaciasaas.com/api/images/articulos/DISTRIBUCION/91098.jpg
37541,https://mav.farmaciasaas.com/api/images/articulos/DISTRIBUCION/54042.jpg
37542,https://mav.farmaciasaas.com/api/images/articulos/DISTRIBUCION/92796.jpg
37543,https://mav.farmaciasaas.com/api/images/articulos/DISTRIBUCION/94416.jpg
37544,https://mav.farmaciasaas.com/api/images/articulos/DISTRIBUCION/6090.jpg
37545,https://mav.farmaciasaas.com/api/images/articulos/DISTRIBUCION/11009.jpg
37546,https://mav.farmaciasaas.com/api/images/articulos/DISTRIBUCION/2377.jpg
37547,https://mav.farmaciasaas.com/api/images/articulos/DISTRIBUCION/20504.jpg
37550,https://mav.farmaciasaas.com/api/images/articulos/DISTRIBUCION/26065.jpg
37551,https://mav.farmaciasaas.com/api/images/articulos/DISTRIBUCION/8557.jpg
37552,https://mav.farmaciasaas.com/api/images/articulos/DISTRIBUCION/9770.jpg
37553,https://mav.farmaciasaas.com/api/images/articulos/DISTRIBUCION/7496.jpg
37555,https://mav.farmaciasaas.com/api/images/articulos/DISTRIBUCION/90926.jpg
37556,https://mav.farmaciasaas.com/api/images/articulos/DISTRIBUCION/52498.jpg
37557,https://mav.farmaciasaas.com/api/images/articulos/DISTRIBUCION/13344.jpg
37558,https://mav.farmaciasaas.com/api/images/articulos/DISTRIBUCION/4846.jpg
37559,https://mav.farmaciasaas.com/api/images/articulos/DISTRIBUCION/4845.jpg
37560,https://mav.farmaciasaas.com/api/images/articulos/DISTRIBUCION/7033.jpg
37561,https://mav.farmaciasaas.com/api/images/articulos/DISTRIBUCION/97347.jpg
37565,https://mav.farmaciasaas.com/api/images/articulos/DISTRIBUCION/94044.jpg
37568,https://mav.farmaciasaas.com/api/images/articulos/DISTRIBUCION/4359.jpg
37569,https://mav.farmaciasaas.com/api/images/articulos/DISTRIBUCION/13138.jpg
37571,https://mav.farmaciasaas.com/api/images/articulos/DISTRIBUCION/51762.jpg
37572,https://mav.farmaciasaas.com/api/images/articulos/DISTRIBUCION/51995.jpg
37573,https://mav.farmaciasaas.com/api/images/articulos/DISTRIBUCION/2117.jpg
37575,https://mav.farmaciasaas.com/api/images/articulos/DISTRIBUCION/6874.jpg
37577,https://mav.farmaciasaas.com/api/images/articulos/DISTRIBUCION/17705.jpg
37578,https://mav.farmaciasaas.com/api/images/articulos/DISTRIBUCION/17706.jpg
37579,https://mav.farmaciasaas.com/api/images/articulos/DISTRIBUCION/15628.jpg
37580,https://mav.farmaciasaas.com/api/images/articulos/DISTRIBUCION/30302.jpg
37581,https://mav.farmaciasaas.com/api/images/articulos/DISTRIBUCION/98616.jpg
37582,https://mav.farmaciasaas.com/api/images/articulos/DISTRIBUCION/26929.jpg
37583,https://mav.farmaciasaas.com/api/images/articulos/DISTRIBUCION/98614.jpg
37584,https://mav.farmaciasaas.com/api/images/articulos/DISTRIBUCION/9940.jpg
37585,https://mav.farmaciasaas.com/api/images/articulos/DISTRIBUCION/54525.jpg
37587,https://mav.farmaciasaas.com/api/images/articulos/DISTRIBUCION/28708.jpg
37589,https://mav.farmaciasaas.com/api/images/articulos/DISTRIBUCION/98668.jpg
37590,https://mav.farmaciasaas.com/api/images/articulos/DISTRIBUCION/98667.jpg
37592,https://mav.farmaciasaas.com/api/images/articulos/DISTRIBUCION/21371.jpg
37593,https://mav.farmaciasaas.com/api/images/articulos/DISTRIBUCION/53140.jpg
37594,https://mav.farmaciasaas.com/api/images/articulos/DISTRIBUCION/97001.jpg
37596,https://mav.farmaciasaas.com/api/images/articulos/DISTRIBUCION/99775.jpg
37597,https://mav.farmaciasaas.com/api/images/articulos/DISTRIBUCION/19969.jpg
37598,https://mav.farmaciasaas.com/api/images/articulos/DISTRIBUCION/13408.jpg
37599,https://mav.farmaciasaas.com/api/images/articulos/DISTRIBUCION/15065.jpg
37600,https://mav.farmaciasaas.com/api/images/articulos/DISTRIBUCION/4312.jpg
37601,https://mav.farmaciasaas.com/api/images/articulos/DISTRIBUCION/19231.jpg
37603,https://mav.farmaciasaas.com/api/images/articulos/DISTRIBUCION/22884.jpg
37605,https://mav.farmaciasaas.com/api/images/articulos/DISTRIBUCION/50808.jpg
37606,https://mav.farmaciasaas.com/api/images/articulos/DISTRIBUCION/54187.jpg
37607,https://mav.farmaciasaas.com/api/images/articulos/DISTRIBUCION/53310.jpg
37608,https://mav.farmaciasaas.com/api/images/articulos/DISTRIBUCION/4861.jpg
37610,https://mav.farmaciasaas.com/api/images/articulos/DISTRIBUCION/52164.jpg
37611,https://mav.farmaciasaas.com/api/images/articulos/DISTRIBUCION/98629.jpg
37612,https://mav.farmaciasaas.com/api/images/articulos/DISTRIBUCION/1301.jpg
37613,https://mav.farmaciasaas.com/api/images/articulos/DISTRIBUCION/1302.jpg
37614,https://mav.farmaciasaas.com/api/images/articulos/DISTRIBUCION/27452.jpg
37615,https://mav.farmaciasaas.com/api/images/articulos/DISTRIBUCION/14190.jpg
37616,https://mav.farmaciasaas.com/api/images/articulos/DISTRIBUCION/26229.jpg
37617,https://mav.farmaciasaas.com/api/images/articulos/DISTRIBUCION/11549.jpg
37619,https://mav.farmaciasaas.com/api/images/articulos/DISTRIBUCION/16419.jpg
37620,https://mav.farmaciasaas.com/api/images/articulos/DISTRIBUCION/16420.jpg
37621,https://mav.farmaciasaas.com/api/images/articulos/DISTRIBUCION/22102.jpg
37622,https://mav.farmaciasaas.com/api/images/articulos/DISTRIBUCION/99048.jpg
37623,https://mav.farmaciasaas.com/api/images/articulos/DISTRIBUCION/27805.jpg
37624,https://mav.farmaciasaas.com/api/images/articulos/DISTRIBUCION/10221.jpg
37625,https://mav.farmaciasaas.com/api/images/articulos/DISTRIBUCION/19870.jpg
37626,https://mav.farmaciasaas.com/api/images/articulos/DISTRIBUCION/30268.jpg
37627,https://mav.farmaciasaas.com/api/images/articulos/DISTRIBUCION/54403.jpg
37628,https://mav.farmaciasaas.com/api/images/articulos/DISTRIBUCION/6678.jpg
37629,https://mav.farmaciasaas.com/api/images/articulos/DISTRIBUCION/50048.jpg
37630,https://mav.farmaciasaas.com/api/images/articulos/DISTRIBUCION/1999.jpg
37631,https://mav.farmaciasaas.com/api/images/articulos/DISTRIBUCION/8304.jpg
37633,https://mav.farmaciasaas.com/api/images/articulos/DISTRIBUCION/52802.jpg
37636,https://mav.farmaciasaas.com/api/images/articulos/DISTRIBUCION/29371.jpg
37640,https://mav.farmaciasaas.com/api/images/articulos/DISTRIBUCION/52152.jpg
37641,https://mav.farmaciasaas.com/api/images/articulos/DISTRIBUCION/5529.jpg
37642,https://mav.farmaciasaas.com/api/images/articulos/DISTRIBUCION/644.jpg
37643,https://mav.farmaciasaas.com/api/images/articulos/DISTRIBUCION/24411.jpg
37644,https://mav.farmaciasaas.com/api/images/articulos/DISTRIBUCION/643.jpg
37645,https://mav.farmaciasaas.com/api/images/articulos/DISTRIBUCION/92195.jpg
37646,https://mav.farmaciasaas.com/api/images/articulos/DISTRIBUCION/29545.jpg
37647,https://mav.farmaciasaas.com/api/images/articulos/DISTRIBUCION/53178.jpg
37648,https://mav.farmaciasaas.com/api/images/articulos/DISTRIBUCION/6581.jpg
37649,https://mav.farmaciasaas.com/api/images/articulos/DISTRIBUCION/99153.jpg
37651,https://mav.farmaciasaas.com/api/images/articulos/DISTRIBUCION/14972.jpg
37652,https://mav.farmaciasaas.com/api/images/articulos/DISTRIBUCION/51481.jpg
37653,https://mav.farmaciasaas.com/api/images/articulos/DISTRIBUCION/50515.jpg
37655,https://mav.farmaciasaas.com/api/images/articulos/DISTRIBUCION/94869.jpg
37656,https://mav.farmaciasaas.com/api/images/articulos/DISTRIBUCION/53047.jpg
37657,https://mav.farmaciasaas.com/api/images/articulos/DISTRIBUCION/51789.jpg
37658,https://mav.farmaciasaas.com/api/images/articulos/DISTRIBUCION/14216.jpg
37659,https://mav.farmaciasaas.com/api/images/articulos/DISTRIBUCION/53248.jpg
37661,https://mav.farmaciasaas.com/api/images/articulos/DISTRIBUCION/51918.jpg
37662,https://mav.farmaciasaas.com/api/images/articulos/DISTRIBUCION/27454.jpg
37663,https://mav.farmaciasaas.com/api/images/articulos/DISTRIBUCION/28516.jpg
37664,https://mav.farmaciasaas.com/api/images/articulos/DISTRIBUCION/27011.jpg
37666,https://mav.farmaciasaas.com/api/images/articulos/DISTRIBUCION/29751.jpg
37669,https://mav.farmaciasaas.com/api/images/articulos/DISTRIBUCION/97972.jpg
37670,https://mav.farmaciasaas.com/api/images/articulos/DISTRIBUCION/2719.jpg
37672,https://mav.farmaciasaas.com/api/images/articulos/DISTRIBUCION/99739.jpg
37673,https://mav.farmaciasaas.com/api/images/articulos/DISTRIBUCION/99741.jpg
37674,https://mav.farmaciasaas.com/api/images/articulos/DISTRIBUCION/99338.jpg
37675,https://mav.farmaciasaas.com/api/images/articulos/DISTRIBUCION/51392.jpg
37676,https://mav.farmaciasaas.com/api/images/articulos/DISTRIBUCION/52560.jpg
37677,https://mav.farmaciasaas.com/api/images/articulos/DISTRIBUCION/20947.jpg
37678,https://mav.farmaciasaas.com/api/images/articulos/DISTRIBUCION/20705.jpg
37680,https://mav.farmaciasaas.com/api/images/articulos/DISTRIBUCION/28515.jpg
37681,https://mav.farmaciasaas.com/api/images/articulos/DISTRIBUCION/6143.jpg
37683,https://mav.farmaciasaas.com/api/images/articulos/DISTRIBUCION/6142.jpg
37684,https://mav.farmaciasaas.com/api/images/articulos/DISTRIBUCION/4553.jpg
37686,https://mav.farmaciasaas.com/api/images/articulos/DISTRIBUCION/4758.jpg
37687,https://mav.farmaciasaas.com/api/images/articulos/DISTRIBUCION/53118.jpg
37688,https://mav.farmaciasaas.com/api/images/articulos/DISTRIBUCION/50337.jpg
37689,https://mav.farmaciasaas.com/api/images/articulos/DISTRIBUCION/94090.jpg
37691,https://mav.farmaciasaas.com/api/images/articulos/DISTRIBUCION/24421.jpg
37697,https://mav.farmaciasaas.com/api/images/articulos/DISTRIBUCION/53573.jpg
37699,https://mav.farmaciasaas.com/api/images/articulos/DISTRIBUCION/98456.jpg
37700,https://mav.farmaciasaas.com/api/images/articulos/DISTRIBUCION/9486.jpg
37702,https://mav.farmaciasaas.com/api/images/articulos/DISTRIBUCION/30061.jpg
37703,https://mav.farmaciasaas.com/api/images/articulos/DISTRIBUCION/5017.jpg
37704,https://mav.farmaciasaas.com/api/images/articulos/DISTRIBUCION/28517.jpg
37705,https://mav.farmaciasaas.com/api/images/articulos/DISTRIBUCION/23703.jpg
37706,https://mav.farmaciasaas.com/api/images/articulos/DISTRIBUCION/22822.jpg
37707,https://mav.farmaciasaas.com/api/images/articulos/DISTRIBUCION/3546.jpg
37708,https://mav.farmaciasaas.com/api/images/articulos/DISTRIBUCION/53295.jpg
37710,https://mav.farmaciasaas.com/api/images/articulos/DISTRIBUCION/51987.jpg
37711,https://mav.farmaciasaas.com/api/images/articulos/DISTRIBUCION/51988.jpg
37712,https://mav.farmaciasaas.com/api/images/articulos/DISTRIBUCION/29896.jpg
37713,https://mav.farmaciasaas.com/api/images/articulos/DISTRIBUCION/21785.jpg
37716,https://mav.farmaciasaas.com/api/images/articulos/DISTRIBUCION/11648.jpg
37719,https://mav.farmaciasaas.com/api/images/articulos/DISTRIBUCION/51473.jpg
37720,https://mav.farmaciasaas.com/api/images/articulos/DISTRIBUCION/22842.jpg
37721,https://mav.farmaciasaas.com/api/images/articulos/DISTRIBUCION/96253.jpg
37722,https://mav.farmaciasaas.com/api/images/articulos/DISTRIBUCION/26739.jpg
37723,https://mav.farmaciasaas.com/api/images/articulos/DISTRIBUCION/50668.jpg
37724,https://mav.farmaciasaas.com/api/images/articulos/DISTRIBUCION/53603.jpg
37725,https://mav.farmaciasaas.com/api/images/articulos/DISTRIBUCION/54330.jpg
37726,https://mav.farmaciasaas.com/api/images/articulos/DISTRIBUCION/1505.jpg
37727,https://mav.farmaciasaas.com/api/images/articulos/DISTRIBUCION/53255.jpg
37728,https://mav.farmaciasaas.com/api/images/articulos/DISTRIBUCION/11497.jpg
37730,https://mav.farmaciasaas.com/api/images/articulos/DISTRIBUCION/2328.jpg
37732,https://mav.farmaciasaas.com/api/images/articulos/DISTRIBUCION/645.jpg
37733,https://mav.farmaciasaas.com/api/images/articulos/DISTRIBUCION/626.jpg
37735,https://mav.farmaciasaas.com/api/images/articulos/DISTRIBUCION/9158.jpg
37736,https://mav.farmaciasaas.com/api/images/articulos/DISTRIBUCION/3344.jpg
37737,https://mav.farmaciasaas.com/api/images/articulos/DISTRIBUCION/51327.jpg
37738,https://mav.farmaciasaas.com/api/images/articulos/DISTRIBUCION/25233.jpg
37740,https://mav.farmaciasaas.com/api/images/articulos/DISTRIBUCION/94107.jpg
37741,https://mav.farmaciasaas.com/api/images/articulos/DISTRIBUCION/16882.jpg
37744,https://mav.farmaciasaas.com/api/images/articulos/DISTRIBUCION/25678.jpg
37745,https://mav.farmaciasaas.com/api/images/articulos/DISTRIBUCION/52907.jpg
37746,https://mav.farmaciasaas.com/api/images/articulos/DISTRIBUCION/7434.jpg
37747,https://mav.farmaciasaas.com/api/images/articulos/DISTRIBUCION/28507.jpg
37748,https://mav.farmaciasaas.com/api/images/articulos/DISTRIBUCION/90809.jpg
37750,https://mav.farmaciasaas.com/api/images/articulos/DISTRIBUCION/91927.jpg
37752,https://mav.farmaciasaas.com/api/images/articulos/DISTRIBUCION/24680.jpg
37753,https://mav.farmaciasaas.com/api/images/articulos/DISTRIBUCION/21354.jpg
37755,https://mav.farmaciasaas.com/api/images/articulos/DISTRIBUCION/20945.jpg
37757,https://mav.farmaciasaas.com/api/images/articulos/DISTRIBUCION/12057.jpg
37760,https://mav.farmaciasaas.com/api/images/articulos/DISTRIBUCION/1615.jpg
37761,https://mav.farmaciasaas.com/api/images/articulos/DISTRIBUCION/50785.jpg
37762,https://mav.farmaciasaas.com/api/images/articulos/DISTRIBUCION/54467.jpg
37763,https://mav.farmaciasaas.com/api/images/articulos/DISTRIBUCION/53032.jpg
37764,https://mav.farmaciasaas.com/api/images/articulos/DISTRIBUCION/9109.jpg
37765,https://mav.farmaciasaas.com/api/images/articulos/DISTRIBUCION/22770.jpg
37766,https://mav.farmaciasaas.com/api/images/articulos/DISTRIBUCION/23439.jpg
37770,https://mav.farmaciasaas.com/api/images/articulos/DISTRIBUCION/1501.jpg
37771,https://mav.farmaciasaas.com/api/images/articulos/DISTRIBUCION/2507.jpg
37772,https://mav.farmaciasaas.com/api/images/articulos/DISTRIBUCION/7942.jpg
37773,https://mav.farmaciasaas.com/api/images/articulos/DISTRIBUCION/5981.jpg
37774,https://mav.farmaciasaas.com/api/images/articulos/DISTRIBUCION/7938.jpg
37776,https://mav.farmaciasaas.com/api/images/articulos/DISTRIBUCION/54332.jpg
37779,https://mav.farmaciasaas.com/api/images/articulos/DISTRIBUCION/7209.jpg
37780,https://mav.farmaciasaas.com/api/images/articulos/DISTRIBUCION/52057.jpg
37782,https://mav.farmaciasaas.com/api/images/articulos/DISTRIBUCION/5821.jpg
37786,https://mav.farmaciasaas.com/api/images/articulos/DISTRIBUCION/433.jpg
37788,https://mav.farmaciasaas.com/api/images/articulos/DISTRIBUCION/28709.jpg
37790,https://mav.farmaciasaas.com/api/images/articulos/DISTRIBUCION/20153.jpg
37791,https://mav.farmaciasaas.com/api/images/articulos/DISTRIBUCION/6642.jpg
37792,https://mav.farmaciasaas.com/api/images/articulos/DISTRIBUCION/98445.jpg
37793,https://mav.farmaciasaas.com/api/images/articulos/DISTRIBUCION/98444.jpg
37794,https://mav.farmaciasaas.com/api/images/articulos/DISTRIBUCION/2086.jpg
37796,https://mav.farmaciasaas.com/api/images/articulos/DISTRIBUCION/8267.jpg
37798,https://mav.farmaciasaas.com/api/images/articulos/DISTRIBUCION/13114.jpg
37799,https://mav.farmaciasaas.com/api/images/articulos/DISTRIBUCION/13115.jpg
37800,https://mav.farmaciasaas.com/api/images/articulos/DISTRIBUCION/92148.jpg
37801,https://mav.farmaciasaas.com/api/images/articulos/DISTRIBUCION/52340.jpg
37802,https://mav.farmaciasaas.com/api/images/articulos/DISTRIBUCION/51767.jpg
37803,https://mav.farmaciasaas.com/api/images/articulos/DISTRIBUCION/99858.jpg
37805,https://mav.farmaciasaas.com/api/images/articulos/DISTRIBUCION/22848.jpg
37806,https://mav.farmaciasaas.com/api/images/articulos/DISTRIBUCION/20426.jpg
37808,https://mav.farmaciasaas.com/api/images/articulos/DISTRIBUCION/11595.jpg
37809,https://mav.farmaciasaas.com/api/images/articulos/DISTRIBUCION/20161.jpg
37811,https://mav.farmaciasaas.com/api/images/articulos/DISTRIBUCION/97306.jpg
37812,https://mav.farmaciasaas.com/api/images/articulos/DISTRIBUCION/9598.jpg
37813,https://mav.farmaciasaas.com/api/images/articulos/DISTRIBUCION/53063.jpg
37814,https://mav.farmaciasaas.com/api/images/articulos/DISTRIBUCION/54229.jpg
37815,https://mav.farmaciasaas.com/api/images/articulos/DISTRIBUCION/28633.jpg
37822,https://mav.farmaciasaas.com/api/images/articulos/DISTRIBUCION/27973.jpg
37823,https://mav.farmaciasaas.com/api/images/articulos/DISTRIBUCION/26419.jpg
37824,https://mav.farmaciasaas.com/api/images/articulos/DISTRIBUCION/26410.jpg
37826,https://mav.farmaciasaas.com/api/images/articulos/DISTRIBUCION/19724.jpg
37828,https://mav.farmaciasaas.com/api/images/articulos/DISTRIBUCION/6165.jpg
37829,https://mav.farmaciasaas.com/api/images/articulos/DISTRIBUCION/97446.jpg
37830,https://mav.farmaciasaas.com/api/images/articulos/DISTRIBUCION/94735.jpg
37832,https://mav.farmaciasaas.com/api/images/articulos/DISTRIBUCION/51786.jpg
37833,https://mav.farmaciasaas.com/api/images/articulos/DISTRIBUCION/8062.jpg
37834,https://mav.farmaciasaas.com/api/images/articulos/DISTRIBUCION/16762.jpg
37835,https://mav.farmaciasaas.com/api/images/articulos/DISTRIBUCION/5118.jpg
37836,https://mav.farmaciasaas.com/api/images/articulos/DISTRIBUCION/29374.jpg
37837,https://mav.farmaciasaas.com/api/images/articulos/DISTRIBUCION/50553.jpg
37838,https://mav.farmaciasaas.com/api/images/articulos/DISTRIBUCION/10134.jpg
37839,https://mav.farmaciasaas.com/api/images/articulos/DISTRIBUCION/23009.jpg
37840,https://mav.farmaciasaas.com/api/images/articulos/DISTRIBUCION/23008.jpg
37843,https://mav.farmaciasaas.com/api/images/articulos/DISTRIBUCION/28209.jpg
37845,https://mav.farmaciasaas.com/api/images/articulos/DISTRIBUCION/10042.jpg
37846,https://mav.farmaciasaas.com/api/images/articulos/DISTRIBUCION/10024.jpg
37847,https://mav.farmaciasaas.com/api/images/articulos/DISTRIBUCION/28208.jpg
37848,https://mav.farmaciasaas.com/api/images/articulos/DISTRIBUCION/96010.jpg
37849,https://mav.farmaciasaas.com/api/images/articulos/DISTRIBUCION/98452.jpg
37851,https://mav.farmaciasaas.com/api/images/articulos/DISTRIBUCION/99167.jpg
37852,https://mav.farmaciasaas.com/api/images/articulos/DISTRIBUCION/16905.jpg
37853,https://mav.farmaciasaas.com/api/images/articulos/DISTRIBUCION/19232.jpg
37854,https://mav.farmaciasaas.com/api/images/articulos/DISTRIBUCION/28167.jpg
37855,https://mav.farmaciasaas.com/api/images/articulos/DISTRIBUCION/26063.jpg
37856,https://mav.farmaciasaas.com/api/images/articulos/DISTRIBUCION/92400.jpg
37857,https://mav.farmaciasaas.com/api/images/articulos/DISTRIBUCION/3660.jpg
37858,https://mav.farmaciasaas.com/api/images/articulos/DISTRIBUCION/92798.jpg
37859,https://mav.farmaciasaas.com/api/images/articulos/DISTRIBUCION/11353.jpg
37860,https://mav.farmaciasaas.com/api/images/articulos/DISTRIBUCION/28692.jpg
37861,https://mav.farmaciasaas.com/api/images/articulos/DISTRIBUCION/6617.jpg
37862,https://mav.farmaciasaas.com/api/images/articulos/DISTRIBUCION/28478.jpg
37863,https://mav.farmaciasaas.com/api/images/articulos/DISTRIBUCION/1303.jpg
37864,https://mav.farmaciasaas.com/api/images/articulos/DISTRIBUCION/52575.jpg
37865,https://mav.farmaciasaas.com/api/images/articulos/DISTRIBUCION/24816.jpg
37866,https://mav.farmaciasaas.com/api/images/articulos/DISTRIBUCION/10111.jpg
37868,https://mav.farmaciasaas.com/api/images/articulos/DISTRIBUCION/22694.jpg
37869,https://mav.farmaciasaas.com/api/images/articulos/DISTRIBUCION/94637.jpg
37870,https://mav.farmaciasaas.com/api/images/articulos/DISTRIBUCION/21048.jpg
37871,https://mav.farmaciasaas.com/api/images/articulos/DISTRIBUCION/22262.jpg
37872,https://mav.farmaciasaas.com/api/images/articulos/DISTRIBUCION/91498.jpg
37873,https://mav.farmaciasaas.com/api/images/articulos/DISTRIBUCION/91527.jpg
37875,https://mav.farmaciasaas.com/api/images/articulos/DISTRIBUCION/52860.jpg
37876,https://mav.farmaciasaas.com/api/images/articulos/DISTRIBUCION/90093.jpg
37878,https://mav.farmaciasaas.com/api/images/articulos/DISTRIBUCION/94853.jpg
37879,https://mav.farmaciasaas.com/api/images/articulos/DISTRIBUCION/28729.jpg
37880,https://mav.farmaciasaas.com/api/images/articulos/DISTRIBUCION/8277.jpg
37883,https://mav.farmaciasaas.com/api/images/articulos/DISTRIBUCION/15933.jpg
37884,https://mav.farmaciasaas.com/api/images/articulos/DISTRIBUCION/6130.jpg
37885,https://mav.farmaciasaas.com/api/images/articulos/DISTRIBUCION/28893.jpg
37886,https://mav.farmaciasaas.com/api/images/articulos/DISTRIBUCION/25518.jpg
37887,https://mav.farmaciasaas.com/api/images/articulos/DISTRIBUCION/53176.jpg
37888,https://mav.farmaciasaas.com/api/images/articulos/DISTRIBUCION/52476.jpg
37889,https://mav.farmaciasaas.com/api/images/articulos/DISTRIBUCION/18806.jpg
37890,https://mav.farmaciasaas.com/api/images/articulos/DISTRIBUCION/7176.jpg
37891,https://mav.farmaciasaas.com/api/images/articulos/DISTRIBUCION/8041.jpg
37892,https://mav.farmaciasaas.com/api/images/articulos/DISTRIBUCION/9955.jpg
37893,https://mav.farmaciasaas.com/api/images/articulos/DISTRIBUCION/8481.jpg
37894,https://mav.farmaciasaas.com/api/images/articulos/DISTRIBUCION/97003.jpg
37895,https://mav.farmaciasaas.com/api/images/articulos/DISTRIBUCION/8560.jpg
37897,https://mav.farmaciasaas.com/api/images/articulos/DISTRIBUCION/23011.jpg
37898,https://mav.farmaciasaas.com/api/images/articulos/DISTRIBUCION/50861.jpg
37899,https://mav.farmaciasaas.com/api/images/articulos/DISTRIBUCION/53504.jpg
37900,https://mav.farmaciasaas.com/api/images/articulos/DISTRIBUCION/25079.jpg
37901,https://mav.farmaciasaas.com/api/images/articulos/DISTRIBUCION/23086.jpg
37902,https://mav.farmaciasaas.com/api/images/articulos/DISTRIBUCION/23087.jpg
37903,https://mav.farmaciasaas.com/api/images/articulos/DISTRIBUCION/53308.jpg
37904,https://mav.farmaciasaas.com/api/images/articulos/DISTRIBUCION/23875.jpg
37905,https://mav.farmaciasaas.com/api/images/articulos/DISTRIBUCION/54029.jpg
37906,https://mav.farmaciasaas.com/api/images/articulos/DISTRIBUCION/52496.jpg
37908,https://mav.farmaciasaas.com/api/images/articulos/DISTRIBUCION/9120.jpg
37909,https://mav.farmaciasaas.com/api/images/articulos/DISTRIBUCION/26399.jpg
37911,https://mav.farmaciasaas.com/api/images/articulos/DISTRIBUCION/53793.jpg
37913,https://mav.farmaciasaas.com/api/images/articulos/DISTRIBUCION/50231.jpg
37914,https://mav.farmaciasaas.com/api/images/articulos/DISTRIBUCION/95456.jpg
37915,https://mav.farmaciasaas.com/api/images/articulos/DISTRIBUCION/50991.jpg
37916,https://mav.farmaciasaas.com/api/images/articulos/DISTRIBUCION/51210.jpg
37917,https://mav.farmaciasaas.com/api/images/articulos/DISTRIBUCION/6136.jpg
37920,https://mav.farmaciasaas.com/api/images/articulos/DISTRIBUCION/7335.jpg
37923,https://mav.farmaciasaas.com/api/images/articulos/DISTRIBUCION/90913.jpg
37928,https://mav.farmaciasaas.com/api/images/articulos/DISTRIBUCION/53115.jpg
37929,https://mav.farmaciasaas.com/api/images/articulos/DISTRIBUCION/54424.jpg
37932,https://mav.farmaciasaas.com/api/images/articulos/DISTRIBUCION/20513.jpg
37934,https://mav.farmaciasaas.com/api/images/articulos/DISTRIBUCION/20512.jpg
37936,https://mav.farmaciasaas.com/api/images/articulos/DISTRIBUCION/94852.jpg
37937,https://mav.farmaciasaas.com/api/images/articulos/DISTRIBUCION/17245.jpg
37940,https://mav.farmaciasaas.com/api/images/articulos/DISTRIBUCION/8417.jpg
37941,https://mav.farmaciasaas.com/api/images/articulos/DISTRIBUCION/28637.jpg
37942,https://mav.farmaciasaas.com/api/images/articulos/DISTRIBUCION/52638.jpg
37943,https://mav.farmaciasaas.com/api/images/articulos/DISTRIBUCION/52147.jpg
37944,https://mav.farmaciasaas.com/api/images/articulos/DISTRIBUCION/13042.jpg
37945,https://mav.farmaciasaas.com/api/images/articulos/DISTRIBUCION/50303.jpg
37947,https://mav.farmaciasaas.com/api/images/articulos/DISTRIBUCION/50518.jpg
37948,https://mav.farmaciasaas.com/api/images/articulos/DISTRIBUCION/9889.jpg
37950,https://mav.farmaciasaas.com/api/images/articulos/DISTRIBUCION/53053.jpg
37951,https://mav.farmaciasaas.com/api/images/articulos/DISTRIBUCION/50161.jpg
37953,https://mav.farmaciasaas.com/api/images/articulos/DISTRIBUCION/29796.jpg
37954,https://mav.farmaciasaas.com/api/images/articulos/DISTRIBUCION/97147.jpg
37956,https://mav.farmaciasaas.com/api/images/articulos/DISTRIBUCION/24807.jpg
37957,https://mav.farmaciasaas.com/api/images/articulos/DISTRIBUCION/52910.jpg
37958,https://mav.farmaciasaas.com/api/images/articulos/DISTRIBUCION/52497.jpg
37959,https://mav.farmaciasaas.com/api/images/articulos/DISTRIBUCION/22057.jpg
37960,https://mav.farmaciasaas.com/api/images/articulos/DISTRIBUCION/54489.jpg
37962,https://mav.farmaciasaas.com/api/images/articulos/DISTRIBUCION/16483.jpg
37963,https://mav.farmaciasaas.com/api/images/articulos/DISTRIBUCION/50498.jpg
37964,https://mav.farmaciasaas.com/api/images/articulos/DISTRIBUCION/51161.jpg
37968,https://mav.farmaciasaas.com/api/images/articulos/DISTRIBUCION/2586.jpg
37969,https://mav.farmaciasaas.com/api/images/articulos/DISTRIBUCION/2349.jpg
37970,https://mav.farmaciasaas.com/api/images/articulos/DISTRIBUCION/10812.jpg
37972,https://mav.farmaciasaas.com/api/images/articulos/DISTRIBUCION/5370.jpg
37973,https://mav.farmaciasaas.com/api/images/articulos/DISTRIBUCION/51126.jpg
37974,https://mav.farmaciasaas.com/api/images/articulos/DISTRIBUCION/53481.jpg
37975,https://mav.farmaciasaas.com/api/images/articulos/DISTRIBUCION/11636.jpg
37976,https://mav.farmaciasaas.com/api/images/articulos/DISTRIBUCION/99579/99579.jpg
37977,https://mav.farmaciasaas.com/api/images/articulos/DISTRIBUCION/11584.jpg
37978,https://mav.farmaciasaas.com/api/images/articulos/DISTRIBUCION/94774.jpg
37979,https://mav.farmaciasaas.com/api/images/articulos/DISTRIBUCION/25141.jpg
37980,https://mav.farmaciasaas.com/api/images/articulos/DISTRIBUCION/51311.jpg
37981,https://mav.farmaciasaas.com/api/images/articulos/DISTRIBUCION/50180.jpg
37982,https://mav.farmaciasaas.com/api/images/articulos/DISTRIBUCION/29269.jpg
37983,https://mav.farmaciasaas.com/api/images/articulos/DISTRIBUCION/4116.jpg
37984,https://mav.farmaciasaas.com/api/images/articulos/DISTRIBUCION/27620.jpg
37986,https://mav.farmaciasaas.com/api/images/articulos/DISTRIBUCION/52056.jpg
37988,https://mav.farmaciasaas.com/api/images/articulos/DISTRIBUCION/22796.jpg
37989,https://mav.farmaciasaas.com/api/images/articulos/DISTRIBUCION/2798.jpg
37990,https://mav.farmaciasaas.com/api/images/articulos/DISTRIBUCION/2821.jpg
37992,https://mav.farmaciasaas.com/api/images/articulos/DISTRIBUCION/54212.jpg
37994,https://mav.farmaciasaas.com/api/images/articulos/DISTRIBUCION/1300.jpg
37995,https://mav.farmaciasaas.com/api/images/articulos/DISTRIBUCION/90689.jpg
37996,https://mav.farmaciasaas.com/api/images/articulos/DISTRIBUCION/90687.jpg
37997,https://mav.farmaciasaas.com/api/images/articulos/DISTRIBUCION/2361.jpg
38000,https://mav.farmaciasaas.com/api/images/articulos/DISTRIBUCION/23682.jpg
38003,https://mav.farmaciasaas.com/api/images/articulos/DISTRIBUCION/26952.jpg
38004,https://mav.farmaciasaas.com/api/images/articulos/DISTRIBUCION/7965.jpg
38005,https://mav.farmaciasaas.com/api/images/articulos/DISTRIBUCION/99636.jpg
38006,https://mav.farmaciasaas.com/api/images/articulos/DISTRIBUCION/13265.jpg
38007,https://mav.farmaciasaas.com/api/images/articulos/DISTRIBUCION/54045.jpg
38008,https://mav.farmaciasaas.com/api/images/articulos/DISTRIBUCION/52162.jpg
38009,https://mav.farmaciasaas.com/api/images/articulos/DISTRIBUCION/52494.jpg
38010,https://mav.farmaciasaas.com/api/images/articulos/DISTRIBUCION/20035.jpg
38011,https://mav.farmaciasaas.com/api/images/articulos/DISTRIBUCION/20036.jpg
38013,https://mav.farmaciasaas.com/api/images/articulos/DISTRIBUCION/5842.jpg
38014,https://mav.farmaciasaas.com/api/images/articulos/DISTRIBUCION/52542.jpg
38015,https://mav.farmaciasaas.com/api/images/articulos/DISTRIBUCION/22243.jpg
38016,https://mav.farmaciasaas.com/api/images/articulos/DISTRIBUCION/23490.jpg
38017,https://mav.farmaciasaas.com/api/images/articulos/DISTRIBUCION/25666.jpg
38019,https://mav.farmaciasaas.com/api/images/articulos/DISTRIBUCION/53635.jpg
38020,https://mav.farmaciasaas.com/api/images/articulos/DISTRIBUCION/19850.jpg
38021,https://mav.farmaciasaas.com/api/images/articulos/DISTRIBUCION/50532.jpg
38022,https://mav.farmaciasaas.com/api/images/articulos/DISTRIBUCION/22208.jpg
38023,https://mav.farmaciasaas.com/api/images/articulos/DISTRIBUCION/50533.jpg
38024,https://mav.farmaciasaas.com/api/images/articulos/DISTRIBUCION/29792.jpg
38025,https://mav.farmaciasaas.com/api/images/articulos/DISTRIBUCION/25665.jpg
38027,https://mav.farmaciasaas.com/api/images/articulos/DISTRIBUCION/54449.jpg
38028,https://mav.farmaciasaas.com/api/images/articulos/DISTRIBUCION/54292.jpg
38029,https://mav.farmaciasaas.com/api/images/articulos/DISTRIBUCION/53297.jpg
38030,https://mav.farmaciasaas.com/api/images/articulos/DISTRIBUCION/52764.jpg
38031,https://mav.farmaciasaas.com/api/images/articulos/DISTRIBUCION/52333.jpg
38032,https://mav.farmaciasaas.com/api/images/articulos/DISTRIBUCION/24174.jpg
38033,https://mav.farmaciasaas.com/api/images/articulos/DISTRIBUCION/52348.jpg
38034,https://mav.farmaciasaas.com/api/images/articulos/DISTRIBUCION/52332.jpg
38035,https://mav.farmaciasaas.com/api/images/articulos/DISTRIBUCION/52580.jpg
38036,https://mav.farmaciasaas.com/api/images/articulos/DISTRIBUCION/96831.jpg
38037,https://mav.farmaciasaas.com/api/images/articulos/DISTRIBUCION/24141.jpg
38038,https://mav.farmaciasaas.com/api/images/articulos/DISTRIBUCION/98439/98439.jpg
38039,https://mav.farmaciasaas.com/api/images/articulos/DISTRIBUCION/98438/98438.jpg
38040,https://mav.farmaciasaas.com/api/images/articulos/DISTRIBUCION/18359.jpg
38041,https://mav.farmaciasaas.com/api/images/articulos/DISTRIBUCION/97637/97637.jpg
38042,https://mav.farmaciasaas.com/api/images/articulos/DISTRIBUCION/97588/97588.jpg
38043,https://mav.farmaciasaas.com/api/images/articulos/DISTRIBUCION/18360.jpg
38045,https://mav.farmaciasaas.com/api/images/articulos/DISTRIBUCION/50567.jpg
38046,https://mav.farmaciasaas.com/api/images/articulos/DISTRIBUCION/51325.jpg
38047,https://mav.farmaciasaas.com/api/images/articulos/DISTRIBUCION/5474.jpg
38048,https://mav.farmaciasaas.com/api/images/articulos/DISTRIBUCION/98679.jpg
38049,https://mav.farmaciasaas.com/api/images/articulos/DISTRIBUCION/98680.jpg
38050,https://mav.farmaciasaas.com/api/images/articulos/DISTRIBUCION/98681.jpg
38051,https://mav.farmaciasaas.com/api/images/articulos/DISTRIBUCION/18990.jpg
38052,https://mav.farmaciasaas.com/api/images/articulos/DISTRIBUCION/18572.jpg
38053,https://mav.farmaciasaas.com/api/images/articulos/DISTRIBUCION/27093.jpg
38054,https://mav.farmaciasaas.com/api/images/articulos/DISTRIBUCION/26422.jpg
38055,https://mav.farmaciasaas.com/api/images/articulos/DISTRIBUCION/26420.jpg
38056,https://mav.farmaciasaas.com/api/images/articulos/DISTRIBUCION/97144.jpg
38057,https://mav.farmaciasaas.com/api/images/articulos/DISTRIBUCION/8831.jpg
38058,https://mav.farmaciasaas.com/api/images/articulos/DISTRIBUCION/28314.jpg
38059,https://mav.farmaciasaas.com/api/images/articulos/DISTRIBUCION/53346.jpg
38060,https://mav.farmaciasaas.com/api/images/articulos/DISTRIBUCION/24978.jpg
38061,https://mav.farmaciasaas.com/api/images/articulos/DISTRIBUCION/22553.jpg
38062,https://mav.farmaciasaas.com/api/images/articulos/DISTRIBUCION/93948.jpg
38063,https://mav.farmaciasaas.com/api/images/articulos/DISTRIBUCION/93949.jpg
38064,https://mav.farmaciasaas.com/api/images/articulos/DISTRIBUCION/6884.jpg
38065,https://mav.farmaciasaas.com/api/images/articulos/DISTRIBUCION/91417.jpg
38066,https://mav.farmaciasaas.com/api/images/articulos/DISTRIBUCION/26062.jpg
38067,https://mav.farmaciasaas.com/api/images/articulos/DISTRIBUCION/8453.jpg
38068,https://mav.farmaciasaas.com/api/images/articulos/DISTRIBUCION/7037.jpg
38069,https://mav.farmaciasaas.com/api/images/articulos/DISTRIBUCION/54399.jpg
38070,https://mav.farmaciasaas.com/api/images/articulos/DISTRIBUCION/27532.jpg
38073,https://mav.farmaciasaas.com/api/images/articulos/DISTRIBUCION/53246.jpg
38076,https://mav.farmaciasaas.com/api/images/articulos/DISTRIBUCION/8790.jpg
38077,https://mav.farmaciasaas.com/api/images/articulos/DISTRIBUCION/53159.jpg
38078,https://mav.farmaciasaas.com/api/images/articulos/DISTRIBUCION/8791.jpg
38079,https://mav.farmaciasaas.com/api/images/articulos/DISTRIBUCION/52465.jpg
38083,https://mav.farmaciasaas.com/api/images/articulos/DISTRIBUCION/52639.jpg
38086,https://mav.farmaciasaas.com/api/images/articulos/DISTRIBUCION/90997.jpg
38087,https://mav.farmaciasaas.com/api/images/articulos/DISTRIBUCION/1515.jpg
38088,https://mav.farmaciasaas.com/api/images/articulos/DISTRIBUCION/28713.jpg
38089,https://mav.farmaciasaas.com/api/images/articulos/DISTRIBUCION/92005.jpg
38090,https://mav.farmaciasaas.com/api/images/articulos/DISTRIBUCION/53627.jpg
38091,https://mav.farmaciasaas.com/api/images/articulos/DISTRIBUCION/12033.jpg
38092,https://mav.farmaciasaas.com/api/images/articulos/DISTRIBUCION/22217.jpg
38093,https://mav.farmaciasaas.com/api/images/articulos/DISTRIBUCION/23647.jpg
38095,https://mav.farmaciasaas.com/api/images/articulos/DISTRIBUCION/99114.jpg
38096,https://mav.farmaciasaas.com/api/images/articulos/DISTRIBUCION/99115.jpg
38097,https://mav.farmaciasaas.com/api/images/articulos/DISTRIBUCION/20284.jpg
38100,https://mav.farmaciasaas.com/api/images/articulos/DISTRIBUCION/4190.jpg
38101,https://mav.farmaciasaas.com/api/images/articulos/DISTRIBUCION/99485.jpg
38103,https://mav.farmaciasaas.com/api/images/articulos/DISTRIBUCION/23673.jpg
38105,https://mav.farmaciasaas.com/api/images/articulos/DISTRIBUCION/29271.jpg
38106,https://mav.farmaciasaas.com/api/images/articulos/DISTRIBUCION/28552.jpg
38107,https://mav.farmaciasaas.com/api/images/articulos/DISTRIBUCION/50900.jpg
38109,https://mav.farmaciasaas.com/api/images/articulos/DISTRIBUCION/6926.jpg
38110,https://mav.farmaciasaas.com/api/images/articulos/DISTRIBUCION/16421.jpg
38111,https://mav.farmaciasaas.com/api/images/articulos/DISTRIBUCION/9690.jpg
38113,https://mav.farmaciasaas.com/api/images/articulos/DISTRIBUCION/29940.jpg
38114,https://mav.farmaciasaas.com/api/images/articulos/DISTRIBUCION/9668.jpg
38116,https://mav.farmaciasaas.com/api/images/articulos/DISTRIBUCION/4546.jpg
38117,https://mav.farmaciasaas.com/api/images/articulos/DISTRIBUCION/8645.jpg
38118,https://mav.farmaciasaas.com/api/images/articulos/DISTRIBUCION/50070.jpg
38120,https://mav.farmaciasaas.com/api/images/articulos/DISTRIBUCION/23767.jpg
38121,https://mav.farmaciasaas.com/api/images/articulos/DISTRIBUCION/52581.jpg
38122,https://mav.farmaciasaas.com/api/images/articulos/DISTRIBUCION/1790.jpg
38123,https://mav.farmaciasaas.com/api/images/articulos/DISTRIBUCION/95624.jpg
38124,https://mav.farmaciasaas.com/api/images/articulos/DISTRIBUCION/53237.jpg
38125,https://mav.farmaciasaas.com/api/images/articulos/DISTRIBUCION/53116.jpg
38126,https://mav.farmaciasaas.com/api/images/articulos/DISTRIBUCION/29459.jpg
38127,https://mav.farmaciasaas.com/api/images/articulos/DISTRIBUCION/3221.jpg
38128,https://mav.farmaciasaas.com/api/images/articulos/DISTRIBUCION/50927.jpg
38129,https://mav.farmaciasaas.com/api/images/articulos/DISTRIBUCION/21365.jpg
38132,https://mav.farmaciasaas.com/api/images/articulos/DISTRIBUCION/28881.jpg
38133,https://mav.farmaciasaas.com/api/images/articulos/DISTRIBUCION/17761.jpg
38136,https://mav.farmaciasaas.com/api/images/articulos/DISTRIBUCION/17884.jpg
38138,https://mav.farmaciasaas.com/api/images/articulos/DISTRIBUCION/21367.jpg
38139,https://mav.farmaciasaas.com/api/images/articulos/DISTRIBUCION/28787.jpg
38140,https://mav.farmaciasaas.com/api/images/articulos/DISTRIBUCION/5054.jpg
38141,https://mav.farmaciasaas.com/api/images/articulos/DISTRIBUCION/54373.jpg
38142,https://mav.farmaciasaas.com/api/images/articulos/DISTRIBUCION/23177.jpg
38143,https://mav.farmaciasaas.com/api/images/articulos/DISTRIBUCION/51326.jpg
38144,https://mav.farmaciasaas.com/api/images/articulos/DISTRIBUCION/5296.jpg
38146,https://mav.farmaciasaas.com/api/images/articulos/DISTRIBUCION/97483.jpg
38147,https://mav.farmaciasaas.com/api/images/articulos/DISTRIBUCION/23487.jpg
38149,https://mav.farmaciasaas.com/api/images/articulos/DISTRIBUCION/6134.jpg
38151,https://mav.farmaciasaas.com/api/images/articulos/DISTRIBUCION/1477.jpg
38152,https://mav.farmaciasaas.com/api/images/articulos/DISTRIBUCION/13744.jpg
38153,https://mav.farmaciasaas.com/api/images/articulos/DISTRIBUCION/11639.jpg
38154,https://mav.farmaciasaas.com/api/images/articulos/DISTRIBUCION/30124.jpg
38155,https://mav.farmaciasaas.com/api/images/articulos/DISTRIBUCION/52502.jpg
38156,https://mav.farmaciasaas.com/api/images/articulos/DISTRIBUCION/22844.jpg
38157,https://mav.farmaciasaas.com/api/images/articulos/DISTRIBUCION/7420.jpg
38159,https://mav.farmaciasaas.com/api/images/articulos/DISTRIBUCION/50984.jpg
38160,https://mav.farmaciasaas.com/api/images/articulos/DISTRIBUCION/23902.jpg
38161,https://mav.farmaciasaas.com/api/images/articulos/DISTRIBUCION/26018.jpg
38162,https://mav.farmaciasaas.com/api/images/articulos/DISTRIBUCION/53074.jpg
38163,https://mav.farmaciasaas.com/api/images/articulos/DISTRIBUCION/9706.jpg
38164,https://mav.farmaciasaas.com/api/images/articulos/DISTRIBUCION/22351.jpg
38165,https://mav.farmaciasaas.com/api/images/articulos/DISTRIBUCION/23014.jpg
38166,https://mav.farmaciasaas.com/api/images/articulos/DISTRIBUCION/52337.jpg
38167,https://mav.farmaciasaas.com/api/images/articulos/DISTRIBUCION/52338.jpg
38170,https://mav.farmaciasaas.com/api/images/articulos/DISTRIBUCION/26771.jpg
38171,https://mav.farmaciasaas.com/api/images/articulos/DISTRIBUCION/28336.jpg
38174,https://mav.farmaciasaas.com/api/images/articulos/DISTRIBUCION/53623.jpg
38175,https://mav.farmaciasaas.com/api/images/articulos/DISTRIBUCION/53624.jpg
38176,https://mav.farmaciasaas.com/api/images/articulos/DISTRIBUCION/9455.jpg
38177,https://mav.farmaciasaas.com/api/images/articulos/DISTRIBUCION/9456.jpg
38178,https://mav.farmaciasaas.com/api/images/articulos/DISTRIBUCION/93745.jpg
38180,https://mav.farmaciasaas.com/api/images/articulos/DISTRIBUCION/53409.jpg
38183,https://mav.farmaciasaas.com/api/images/articulos/DISTRIBUCION/8278.jpg
38184,https://mav.farmaciasaas.com/api/images/articulos/DISTRIBUCION/53056.jpg
38185,https://mav.farmaciasaas.com/api/images/articulos/DISTRIBUCION/25673.jpg
38186,https://mav.farmaciasaas.com/api/images/articulos/DISTRIBUCION/6546.jpg
38188,https://mav.farmaciasaas.com/api/images/articulos/DISTRIBUCION/91510.jpg
38189,https://mav.farmaciasaas.com/api/images/articulos/DISTRIBUCION/53268.jpg
38193,https://mav.farmaciasaas.com/api/images/articulos/DISTRIBUCION/25140.jpg
38195,https://mav.farmaciasaas.com/api/images/articulos/DISTRIBUCION/22228.jpg
38196,https://mav.farmaciasaas.com/api/images/articulos/DISTRIBUCION/22234.jpg
38197,https://mav.farmaciasaas.com/api/images/articulos/DISTRIBUCION/96218.jpg
38198,https://mav.farmaciasaas.com/api/images/articulos/DISTRIBUCION/22851.jpg
38199,https://mav.farmaciasaas.com/api/images/articulos/DISTRIBUCION/54299.jpg
38201,https://mav.farmaciasaas.com/api/images/articulos/DISTRIBUCION/30267.jpg
38203,https://mav.farmaciasaas.com/api/images/articulos/DISTRIBUCION/16044.jpg
38204,https://mav.farmaciasaas.com/api/images/articulos/DISTRIBUCION/97785.jpg
38205,https://mav.farmaciasaas.com/api/images/articulos/DISTRIBUCION/27009.jpg
38206,https://mav.farmaciasaas.com/api/images/articulos/DISTRIBUCION/27010.jpg
38207,https://mav.farmaciasaas.com/api/images/articulos/DISTRIBUCION/23883.jpg
38208,https://mav.farmaciasaas.com/api/images/articulos/DISTRIBUCION/50513.jpg
38209,https://mav.farmaciasaas.com/api/images/articulos/DISTRIBUCION/94906.jpg
38210,https://mav.farmaciasaas.com/api/images/articulos/DISTRIBUCION/23089.jpg
38211,https://mav.farmaciasaas.com/api/images/articulos/DISTRIBUCION/50304.jpg
38212,https://mav.farmaciasaas.com/api/images/articulos/DISTRIBUCION/26152.jpg
38213,https://mav.farmaciasaas.com/api/images/articulos/DISTRIBUCION/53061.jpg
38214,https://mav.farmaciasaas.com/api/images/articulos/DISTRIBUCION/3823.jpg
38215,https://mav.farmaciasaas.com/api/images/articulos/DISTRIBUCION/50176.jpg
38216,https://mav.farmaciasaas.com/api/images/articulos/DISTRIBUCION/24123.jpg
38217,https://mav.farmaciasaas.com/api/images/articulos/DISTRIBUCION/99047.jpg
38218,https://mav.farmaciasaas.com/api/images/articulos/DISTRIBUCION/24334.jpg
38219,https://mav.farmaciasaas.com/api/images/articulos/DISTRIBUCION/29649.jpg
38221,https://mav.farmaciasaas.com/api/images/articulos/DISTRIBUCION/94963.jpg
38222,https://mav.farmaciasaas.com/api/images/articulos/DISTRIBUCION/10070.jpg
38224,https://mav.farmaciasaas.com/api/images/articulos/DISTRIBUCION/92855.jpg
38225,https://mav.farmaciasaas.com/api/images/articulos/DISTRIBUCION/10263.jpg
38226,https://mav.farmaciasaas.com/api/images/articulos/DISTRIBUCION/8970.jpg
38227,https://mav.farmaciasaas.com/api/images/articulos/DISTRIBUCION/94585.jpg
38228,https://mav.farmaciasaas.com/api/images/articulos/DISTRIBUCION/4835.jpg
38229,https://mav.farmaciasaas.com/api/images/articulos/DISTRIBUCION/8969.jpg
38230,https://mav.farmaciasaas.com/api/images/articulos/DISTRIBUCION/92332.jpg
38231,https://mav.farmaciasaas.com/api/images/articulos/DISTRIBUCION/127.jpg
38232,https://mav.farmaciasaas.com/api/images/articulos/DISTRIBUCION/14204.jpg
38233,https://mav.farmaciasaas.com/api/images/articulos/DISTRIBUCION/14205.jpg
38234,https://mav.farmaciasaas.com/api/images/articulos/DISTRIBUCION/95589.jpg
38235,https://mav.farmaciasaas.com/api/images/articulos/DISTRIBUCION/95590.jpg
38236,https://mav.farmaciasaas.com/api/images/articulos/DISTRIBUCION/25251.jpg
38237,https://mav.farmaciasaas.com/api/images/articulos/DISTRIBUCION/25252.jpg
38238,https://mav.farmaciasaas.com/api/images/articulos/DISTRIBUCION/29527.jpg
38239,https://mav.farmaciasaas.com/api/images/articulos/DISTRIBUCION/5699.jpg
38240,https://mav.farmaciasaas.com/api/images/articulos/DISTRIBUCION/90470.jpg
38241,https://mav.farmaciasaas.com/api/images/articulos/DISTRIBUCION/93907.jpg
38242,https://mav.farmaciasaas.com/api/images/articulos/DISTRIBUCION/8397.jpg
38243,https://mav.farmaciasaas.com/api/images/articulos/DISTRIBUCION/11072.jpg
38244,https://mav.farmaciasaas.com/api/images/articulos/DISTRIBUCION/1853.jpg
38245,https://mav.farmaciasaas.com/api/images/articulos/DISTRIBUCION/1854.jpg
38246,https://mav.farmaciasaas.com/api/images/articulos/DISTRIBUCION/13662.jpg
38247,https://mav.farmaciasaas.com/api/images/articulos/DISTRIBUCION/13661.jpg
38251,https://mav.farmaciasaas.com/api/images/articulos/DISTRIBUCION/91152.jpg
38252,https://mav.farmaciasaas.com/api/images/articulos/DISTRIBUCION/54333.jpg
38253,https://mav.farmaciasaas.com/api/images/articulos/DISTRIBUCION/24260.jpg
38254,https://mav.farmaciasaas.com/api/images/articulos/DISTRIBUCION/94012.jpg
38256,https://mav.farmaciasaas.com/api/images/articulos/DISTRIBUCION/28779.jpg
38257,https://mav.farmaciasaas.com/api/images/articulos/DISTRIBUCION/50766.jpg
38260,https://mav.farmaciasaas.com/api/images/articulos/DISTRIBUCION/25187.jpg
38261,https://mav.farmaciasaas.com/api/images/articulos/DISTRIBUCION/53012.jpg
38262,https://mav.farmaciasaas.com/api/images/articulos/DISTRIBUCION/52102.jpg
38263,https://mav.farmaciasaas.com/api/images/articulos/DISTRIBUCION/38094.jpg
38265,https://mav.farmaciasaas.com/api/images/articulos/DISTRIBUCION/54207.jpg
38266,https://mav.farmaciasaas.com/api/images/articulos/DISTRIBUCION/7826.jpg
38268,https://mav.farmaciasaas.com/api/images/articulos/DISTRIBUCION/50006.jpg
38269,https://mav.farmaciasaas.com/api/images/articulos/DISTRIBUCION/6514.jpg
38270,https://mav.farmaciasaas.com/api/images/articulos/DISTRIBUCION/8261.jpg
38271,https://mav.farmaciasaas.com/api/images/articulos/DISTRIBUCION/95398.jpg
38273,https://mav.farmaciasaas.com/api/images/articulos/DISTRIBUCION/27471.jpg
38274,https://mav.farmaciasaas.com/api/images/articulos/DISTRIBUCION/1518.jpg
38275,https://mav.farmaciasaas.com/api/images/articulos/DISTRIBUCION/11061.jpg
38276,https://mav.farmaciasaas.com/api/images/articulos/DISTRIBUCION/28898.jpg
38277,https://mav.farmaciasaas.com/api/images/articulos/DISTRIBUCION/28897.jpg
38279,https://mav.farmaciasaas.com/api/images/articulos/DISTRIBUCION/7281.jpg
38280,https://mav.farmaciasaas.com/api/images/articulos/DISTRIBUCION/6552.jpg
38281,https://mav.farmaciasaas.com/api/images/articulos/DISTRIBUCION/7624.jpg
38283,https://mav.farmaciasaas.com/api/images/articulos/DISTRIBUCION/28361.jpg
38284,https://mav.farmaciasaas.com/api/images/articulos/DISTRIBUCION/521.jpg
38285,https://mav.farmaciasaas.com/api/images/articulos/DISTRIBUCION/5201.jpg
38286,https://mav.farmaciasaas.com/api/images/articulos/DISTRIBUCION/26418.jpg
38288,https://mav.farmaciasaas.com/api/images/articulos/DISTRIBUCION/51778.jpg
38289,https://mav.farmaciasaas.com/api/images/articulos/DISTRIBUCION/4040.jpg
38290,https://mav.farmaciasaas.com/api/images/articulos/DISTRIBUCION/21061.jpg
38291,https://mav.farmaciasaas.com/api/images/articulos/DISTRIBUCION/2408.jpg
38292,https://mav.farmaciasaas.com/api/images/articulos/DISTRIBUCION/54274.jpg
38293,https://mav.farmaciasaas.com/api/images/articulos/DISTRIBUCION/8408.jpg
38295,https://mav.farmaciasaas.com/api/images/articulos/DISTRIBUCION/29434.jpg
38296,https://mav.farmaciasaas.com/api/images/articulos/DISTRIBUCION/29479.jpg
38298,https://mav.farmaciasaas.com/api/images/articulos/DISTRIBUCION/27131.jpg
38299,https://mav.farmaciasaas.com/api/images/articulos/DISTRIBUCION/51770.jpg
38300,https://mav.farmaciasaas.com/api/images/articulos/DISTRIBUCION/54359.jpg
38301,https://mav.farmaciasaas.com/api/images/articulos/DISTRIBUCION/54358.jpg
38302,https://mav.farmaciasaas.com/api/images/articulos/DISTRIBUCION/54360.jpg
38303,https://mav.farmaciasaas.com/api/images/articulos/DISTRIBUCION/54361.jpg
38304,https://mav.farmaciasaas.com/api/images/articulos/DISTRIBUCION/6615.jpg
38305,https://mav.farmaciasaas.com/api/images/articulos/DISTRIBUCION/20545.jpg
38306,https://mav.farmaciasaas.com/api/images/articulos/DISTRIBUCION/52649.jpg
38309,https://mav.farmaciasaas.com/api/images/articulos/DISTRIBUCION/1397.jpg
38310,https://mav.farmaciasaas.com/api/images/articulos/DISTRIBUCION/11119.jpg
38311,https://mav.farmaciasaas.com/api/images/articulos/DISTRIBUCION/23029.jpg
38312,https://mav.farmaciasaas.com/api/images/articulos/DISTRIBUCION/20096.jpg
38313,https://mav.farmaciasaas.com/api/images/articulos/DISTRIBUCION/54482.jpg
38314,https://mav.farmaciasaas.com/api/images/articulos/DISTRIBUCION/10462.jpg
38315,https://mav.farmaciasaas.com/api/images/articulos/DISTRIBUCION/23784.jpg
38316,https://mav.farmaciasaas.com/api/images/articulos/DISTRIBUCION/27622.jpg
38317,https://mav.farmaciasaas.com/api/images/articulos/DISTRIBUCION/51060.jpg
38318,https://mav.farmaciasaas.com/api/images/articulos/DISTRIBUCION/11553.jpg
38319,https://mav.farmaciasaas.com/api/images/articulos/DISTRIBUCION/5079.jpg
38320,https://mav.farmaciasaas.com/api/images/articulos/DISTRIBUCION/5080.jpg
38322,https://mav.farmaciasaas.com/api/images/articulos/DISTRIBUCION/51324.jpg
38325,https://mav.farmaciasaas.com/api/images/articulos/DISTRIBUCION/91318.jpg
38326,https://mav.farmaciasaas.com/api/images/articulos/DISTRIBUCION/50523.jpg
38327,https://mav.farmaciasaas.com/api/images/articulos/DISTRIBUCION/99231.jpg
38328,https://mav.farmaciasaas.com/api/images/articulos/DISTRIBUCION/53401.jpg
38329,https://mav.farmaciasaas.com/api/images/articulos/DISTRIBUCION/20350.jpg
38330,https://mav.farmaciasaas.com/api/images/articulos/22410.jpg
38331,https://mav.farmaciasaas.com/api/images/articulos/DISTRIBUCION/25661.jpg
38332,https://mav.farmaciasaas.com/api/images/articulos/DISTRIBUCION/26369.jpg
38334,https://mav.farmaciasaas.com/api/images/articulos/DISTRIBUCION/26132.jpg
38335,https://mav.farmaciasaas.com/api/images/articulos/DISTRIBUCION/19718.jpg
38337,https://mav.farmaciasaas.com/api/images/articulos/DISTRIBUCION/24415.jpg
38339,https://mav.farmaciasaas.com/api/images/articulos/DISTRIBUCION/24405.jpg
38340,https://mav.farmaciasaas.com/api/images/articulos/DISTRIBUCION/20100.jpg
38342,https://mav.farmaciasaas.com/api/images/articulos/DISTRIBUCION/53252.jpg
38343,https://mav.farmaciasaas.com/api/images/articulos/DISTRIBUCION/53251.jpg
38344,https://mav.farmaciasaas.com/api/images/articulos/DISTRIBUCION/26404.jpg
38345,https://mav.farmaciasaas.com/api/images/articulos/DISTRIBUCION/29747.jpg
38346,https://mav.farmaciasaas.com/api/images/articulos/DISTRIBUCION/28338.jpg
38347,https://mav.farmaciasaas.com/api/images/articulos/DISTRIBUCION/53039.jpg
38348,https://mav.farmaciasaas.com/api/images/articulos/DISTRIBUCION/23223.jpg
38349,https://mav.farmaciasaas.com/api/images/articulos/DISTRIBUCION/22840.jpg
38350,https://mav.farmaciasaas.com/api/images/articulos/DISTRIBUCION/20026.jpg
38351,https://mav.farmaciasaas.com/api/images/articulos/DISTRIBUCION/20025.jpg
38352,https://mav.farmaciasaas.com/api/images/articulos/DISTRIBUCION/28647.jpg
38356,https://mav.farmaciasaas.com/api/images/articulos/DISTRIBUCION/94249.jpg
38357,https://mav.farmaciasaas.com/api/images/articulos/DISTRIBUCION/2161.jpg
38359,https://mav.farmaciasaas.com/api/images/articulos/DISTRIBUCION/52071.jpg
38360,https://mav.farmaciasaas.com/api/images/articulos/DISTRIBUCION/52072.jpg
38361,https://mav.farmaciasaas.com/api/images/articulos/DISTRIBUCION/10400.jpg
38362,https://mav.farmaciasaas.com/api/images/articulos/DISTRIBUCION/99130.jpg
38363,https://mav.farmaciasaas.com/api/images/articulos/DISTRIBUCION/1677.jpg
38364,https://mav.farmaciasaas.com/api/images/articulos/DISTRIBUCION/2178.jpg
38366,https://mav.farmaciasaas.com/api/images/articulos/DISTRIBUCION/52796.jpg
38367,https://mav.farmaciasaas.com/api/images/articulos/DISTRIBUCION/17318.jpg
38368,https://mav.farmaciasaas.com/api/images/articulos/DISTRIBUCION/16508.jpg
38371,https://mav.farmaciasaas.com/api/images/articulos/DISTRIBUCION/5122.jpg
38372,https://mav.farmaciasaas.com/api/images/articulos/DISTRIBUCION/51207.jpg
38373,https://mav.farmaciasaas.com/api/images/articulos/DISTRIBUCION/11306.jpg
38374,https://mav.farmaciasaas.com/api/images/articulos/DISTRIBUCION/98377.jpg
38376,https://mav.farmaciasaas.com/api/images/articulos/DISTRIBUCION/5224.jpg
38377,https://mav.farmaciasaas.com/api/images/articulos/DISTRIBUCION/18988.jpg
38378,https://mav.farmaciasaas.com/api/images/articulos/DISTRIBUCION/53152.jpg
38379,https://mav.farmaciasaas.com/api/images/articulos/DISTRIBUCION/25013.jpg
38380,https://mav.farmaciasaas.com/api/images/articulos/DISTRIBUCION/92795.jpg
38381,https://mav.farmaciasaas.com/api/images/articulos/DISTRIBUCION/3401.jpg
38382,https://mav.farmaciasaas.com/api/images/articulos/DISTRIBUCION/24810.jpg
38383,https://mav.farmaciasaas.com/api/images/articulos/DISTRIBUCION/9653.jpg
38384,https://mav.farmaciasaas.com/api/images/articulos/DISTRIBUCION/99082.jpg
38386,https://mav.farmaciasaas.com/api/images/articulos/DISTRIBUCION/23709.jpg
38387,https://mav.farmaciasaas.com/api/images/articulos/DISTRIBUCION/24536.jpg
38388,https://mav.farmaciasaas.com/api/images/articulos/DISTRIBUCION/53261.jpg
38389,https://mav.farmaciasaas.com/api/images/articulos/DISTRIBUCION/29397.jpg
38390,https://mav.farmaciasaas.com/api/images/articulos/DISTRIBUCION/24984.jpg
38391,https://mav.farmaciasaas.com/api/images/articulos/DISTRIBUCION/9150.jpg
38392,https://mav.farmaciasaas.com/api/images/articulos/DISTRIBUCION/9147.jpg
38395,https://mav.farmaciasaas.com/api/images/articulos/DISTRIBUCION/97621.jpg
38396,https://mav.farmaciasaas.com/api/images/articulos/DISTRIBUCION/54209.jpg
38397,https://mav.farmaciasaas.com/api/images/articulos/DISTRIBUCION/92637.jpg
38398,https://mav.farmaciasaas.com/api/images/articulos/DISTRIBUCION/99300.jpg
38401,https://mav.farmaciasaas.com/api/images/articulos/DISTRIBUCION/20271.jpg
38402,https://mav.farmaciasaas.com/api/images/articulos/DISTRIBUCION/20434.jpg
38403,https://mav.farmaciasaas.com/api/images/articulos/DISTRIBUCION/90067.jpg
38404,https://mav.farmaciasaas.com/api/images/articulos/DISTRIBUCION/27329.jpg
38410,https://mav.farmaciasaas.com/api/images/articulos/DISTRIBUCION/99640.jpg
38411,https://mav.farmaciasaas.com/api/images/articulos/DISTRIBUCION/52471.jpg
38412,https://mav.farmaciasaas.com/api/images/articulos/DISTRIBUCION/93654.jpg
38413,https://mav.farmaciasaas.com/api/images/articulos/DISTRIBUCION/25380.jpg
38414,https://mav.farmaciasaas.com/api/images/articulos/DISTRIBUCION/26078.jpg
38415,https://mav.farmaciasaas.com/api/images/articulos/DISTRIBUCION/29648.jpg
38416,https://mav.farmaciasaas.com/api/images/articulos/DISTRIBUCION/20349.jpg
38417,https://mav.farmaciasaas.com/api/images/articulos/DISTRIBUCION/20720.jpg
38418,https://mav.farmaciasaas.com/api/images/articulos/DISTRIBUCION/20721.jpg
38419,https://mav.farmaciasaas.com/api/images/articulos/DISTRIBUCION/2247.jpg
38420,https://mav.farmaciasaas.com/api/images/articulos/DISTRIBUCION/16764.jpg
38423,https://mav.farmaciasaas.com/api/images/articulos/DISTRIBUCION/7557.jpg
38424,https://mav.farmaciasaas.com/api/images/articulos/DISTRIBUCION/95984.jpg
38425,https://mav.farmaciasaas.com/api/images/articulos/DISTRIBUCION/7559.jpg
38426,https://mav.farmaciasaas.com/api/images/articulos/DISTRIBUCION/5408.jpg
38427,https://mav.farmaciasaas.com/api/images/articulos/DISTRIBUCION/17771.jpg
38428,https://mav.farmaciasaas.com/api/images/articulos/DISTRIBUCION/95724.jpg
38429,https://mav.farmaciasaas.com/api/images/articulos/DISTRIBUCION/95844.jpg
38430,https://mav.farmaciasaas.com/api/images/articulos/DISTRIBUCION/13652.jpg
38432,https://mav.farmaciasaas.com/api/images/articulos/DISTRIBUCION/30340.jpg
38434,https://mav.farmaciasaas.com/api/images/articulos/DISTRIBUCION/53471.jpg
38436,https://mav.farmaciasaas.com/api/images/articulos/DISTRIBUCION/52755.jpg
38437,https://mav.farmaciasaas.com/api/images/articulos/DISTRIBUCION/22554.jpg
38438,https://mav.farmaciasaas.com/api/images/articulos/DISTRIBUCION/23028.jpg
38440,https://mav.farmaciasaas.com/api/images/articulos/DISTRIBUCION/7370.jpg
38441,https://mav.farmaciasaas.com/api/images/articulos/DISTRIBUCION/1986.jpg
38442,https://mav.farmaciasaas.com/api/images/articulos/DISTRIBUCION/50985.jpg
38443,https://mav.farmaciasaas.com/api/images/articulos/DISTRIBUCION/22396.jpg
38444,https://mav.farmaciasaas.com/api/images/articulos/DISTRIBUCION/26136.jpg
38445,https://mav.farmaciasaas.com/api/images/articulos/DISTRIBUCION/27014.jpg
38447,https://mav.farmaciasaas.com/api/images/articulos/DISTRIBUCION/26005.jpg
38449,https://mav.farmaciasaas.com/api/images/articulos/DISTRIBUCION/20400.jpg
38450,https://mav.farmaciasaas.com/api/images/articulos/DISTRIBUCION/29164.jpg
38452,https://mav.farmaciasaas.com/api/images/articulos/DISTRIBUCION/51771.jpg
38457,https://mav.farmaciasaas.com/api/images/articulos/DISTRIBUCION/5582.jpg
38458,https://mav.farmaciasaas.com/api/images/articulos/DISTRIBUCION/20704.jpg
38461,https://mav.farmaciasaas.com/api/images/articulos/DISTRIBUCION/53284.jpg
38462,https://mav.farmaciasaas.com/api/images/articulos/DISTRIBUCION/3913.jpg
38463,https://mav.farmaciasaas.com/api/images/articulos/DISTRIBUCION/52115.jpg
38464,https://mav.farmaciasaas.com/api/images/articulos/DISTRIBUCION/52951.jpg
38465,https://mav.farmaciasaas.com/api/images/articulos/DISTRIBUCION/23675.jpg
38466,https://mav.farmaciasaas.com/api/images/articulos/DISTRIBUCION/27445.jpg
38467,https://mav.farmaciasaas.com/api/images/articulos/DISTRIBUCION/28789.jpg
38468,https://mav.farmaciasaas.com/api/images/articulos/DISTRIBUCION/7763.jpg
38469,https://mav.farmaciasaas.com/api/images/articulos/DISTRIBUCION/26729.jpg
38471,https://mav.farmaciasaas.com/api/images/articulos/DISTRIBUCION/6011.jpg
38473,https://mav.farmaciasaas.com/api/images/articulos/DISTRIBUCION/6010.jpg
38474,https://mav.farmaciasaas.com/api/images/articulos/DISTRIBUCION/6005.jpg
38476,https://mav.farmaciasaas.com/api/images/articulos/DISTRIBUCION/21336.jpg
38477,https://mav.farmaciasaas.com/api/images/articulos/DISTRIBUCION/21032.jpg
38478,https://mav.farmaciasaas.com/api/images/articulos/DISTRIBUCION/21360.jpg
38479,https://mav.farmaciasaas.com/api/images/articulos/DISTRIBUCION/1774.jpg
38480,https://mav.farmaciasaas.com/api/images/articulos/DISTRIBUCION/21794.jpg
38481,https://mav.farmaciasaas.com/api/images/articulos/DISTRIBUCION/51052.jpg
38482,https://mav.farmaciasaas.com/api/images/articulos/DISTRIBUCION/20526.jpg
38484,https://mav.farmaciasaas.com/api/images/articulos/DISTRIBUCION/26405.jpg
38485,https://mav.farmaciasaas.com/api/images/articulos/DISTRIBUCION/30362.jpg
38488,https://mav.farmaciasaas.com/api/images/articulos/DISTRIBUCION/1945.jpg
38489,https://mav.farmaciasaas.com/api/images/articulos/DISTRIBUCION/19846.jpg
38490,https://mav.farmaciasaas.com/api/images/articulos/DISTRIBUCION/19847.jpg
38491,https://mav.farmaciasaas.com/api/images/articulos/DISTRIBUCION/94281.jpg
38492,https://mav.farmaciasaas.com/api/images/articulos/DISTRIBUCION/5514.jpg
38493,https://mav.farmaciasaas.com/api/images/articulos/DISTRIBUCION/3015.jpg
38494,https://mav.farmaciasaas.com/api/images/articulos/DISTRIBUCION/97516.jpg
38495,https://mav.farmaciasaas.com/api/images/articulos/DISTRIBUCION/6960.jpg
38496,https://mav.farmaciasaas.com/api/images/articulos/DISTRIBUCION/5087.jpg
38498,https://mav.farmaciasaas.com/api/images/articulos/DISTRIBUCION/25667.jpg
38499,https://mav.farmaciasaas.com/api/images/articulos/DISTRIBUCION/51322.jpg
38500,https://mav.farmaciasaas.com/api/images/articulos/DISTRIBUCION/52793.jpg
38502,https://mav.farmaciasaas.com/api/images/articulos/DISTRIBUCION/7179.jpg
38503,https://mav.farmaciasaas.com/api/images/articulos/DISTRIBUCION/26235.jpg
38504,https://mav.farmaciasaas.com/api/images/articulos/DISTRIBUCION/18804.jpg
38505,https://mav.farmaciasaas.com/api/images/articulos/DISTRIBUCION/27584.jpg
38506,https://mav.farmaciasaas.com/api/images/articulos/DISTRIBUCION/92814.jpg
38507,https://mav.farmaciasaas.com/api/images/articulos/DISTRIBUCION/27191.jpg
38508,https://mav.farmaciasaas.com/api/images/articulos/DISTRIBUCION/96585.jpg
38510,https://mav.farmaciasaas.com/api/images/articulos/DISTRIBUCION/27038.jpg
38511,https://mav.farmaciasaas.com/api/images/articulos/DISTRIBUCION/96583.jpg
38512,https://mav.farmaciasaas.com/api/images/articulos/DISTRIBUCION/50733.jpg
38513,https://mav.farmaciasaas.com/api/images/articulos/DISTRIBUCION/20367.jpg
38514,https://mav.farmaciasaas.com/api/images/articulos/DISTRIBUCION/90529.jpg
38516,https://mav.farmaciasaas.com/api/images/articulos/DISTRIBUCION/90066.jpg
38517,https://mav.farmaciasaas.com/api/images/articulos/DISTRIBUCION/25226.jpg
38518,https://mav.farmaciasaas.com/api/images/articulos/DISTRIBUCION/92489.jpg
38519,https://mav.farmaciasaas.com/api/images/articulos/DISTRIBUCION/98656.jpg
38520,https://mav.farmaciasaas.com/api/images/articulos/DISTRIBUCION/2465.jpg
38522,https://mav.farmaciasaas.com/api/images/articulos/DISTRIBUCION/30075.jpg
38523,https://mav.farmaciasaas.com/api/images/articulos/DISTRIBUCION/98294.jpg
38524,https://mav.farmaciasaas.com/api/images/articulos/DISTRIBUCION/2470.jpg
38526,https://mav.farmaciasaas.com/api/images/articulos/DISTRIBUCION/50344.jpg
38528,https://mav.farmaciasaas.com/api/images/articulos/DISTRIBUCION/28657.jpg
38529,https://mav.farmaciasaas.com/api/images/articulos/DISTRIBUCION/30060.jpg
38530,https://mav.farmaciasaas.com/api/images/articulos/DISTRIBUCION/4092.jpg
38531,https://mav.farmaciasaas.com/api/images/articulos/DISTRIBUCION/53117.jpg
38533,https://mav.farmaciasaas.com/api/images/articulos/DISTRIBUCION/20154.jpg
38537,https://mav.farmaciasaas.com/api/images/articulos/DISTRIBUCION/1511.jpg
38538,https://mav.farmaciasaas.com/api/images/articulos/DISTRIBUCION/25248.jpg
38539,https://mav.farmaciasaas.com/api/images/articulos/DISTRIBUCION/25320.jpg
38540,https://mav.farmaciasaas.com/api/images/articulos/DISTRIBUCION/8487.jpg
38541,https://mav.farmaciasaas.com/api/images/articulos/DISTRIBUCION/25321.jpg
38545,https://mav.farmaciasaas.com/api/images/articulos/DISTRIBUCION/22859.jpg
38546,https://mav.farmaciasaas.com/api/images/articulos/DISTRIBUCION/22860.jpg
38547,https://mav.farmaciasaas.com/api/images/articulos/DISTRIBUCION/93669.jpg
38548,https://mav.farmaciasaas.com/api/images/articulos/DISTRIBUCION/93668.jpg
38552,https://mav.farmaciasaas.com/api/images/articulos/DISTRIBUCION/27546.jpg
38553,https://mav.farmaciasaas.com/api/images/articulos/DISTRIBUCION/51432.jpg
38556,https://mav.farmaciasaas.com/api/images/articulos/DISTRIBUCION/23674.jpg
38557,https://mav.farmaciasaas.com/api/images/articulos/DISTRIBUCION/8637.jpg
38560,https://mav.farmaciasaas.com/api/images/articulos/DISTRIBUCION/24328.jpg
38562,https://mav.farmaciasaas.com/api/images/articulos/DISTRIBUCION/51871.jpg
38563,https://mav.farmaciasaas.com/api/images/articulos/DISTRIBUCION/25663.jpg
38564,https://mav.farmaciasaas.com/api/images/articulos/DISTRIBUCION/53552.jpg
38565,https://mav.farmaciasaas.com/api/images/articulos/DISTRIBUCION/29107.jpg
38566,https://mav.farmaciasaas.com/api/images/articulos/DISTRIBUCION/52434.jpg
38567,https://mav.farmaciasaas.com/api/images/articulos/DISTRIBUCION/23015.jpg
38568,https://mav.farmaciasaas.com/api/images/articulos/DISTRIBUCION/25245.jpg
38569,https://mav.farmaciasaas.com/api/images/articulos/DISTRIBUCION/23016.jpg
38570,https://mav.farmaciasaas.com/api/images/articulos/DISTRIBUCION/23099.jpg
38571,https://mav.farmaciasaas.com/api/images/articulos/DISTRIBUCION/21982.jpg
38572,https://mav.farmaciasaas.com/api/images/articulos/DISTRIBUCION/21983.jpg
38574,https://mav.farmaciasaas.com/api/images/articulos/DISTRIBUCION/97499.jpg
38575,https://mav.farmaciasaas.com/api/images/articulos/DISTRIBUCION/25240.jpg
38576,https://mav.farmaciasaas.com/api/images/articulos/DISTRIBUCION/1531.jpg
38578,https://mav.farmaciasaas.com/api/images/articulos/DISTRIBUCION/8426.jpg
38579,https://mav.farmaciasaas.com/api/images/articulos/DISTRIBUCION/20329.jpg
38582,https://mav.farmaciasaas.com/api/images/articulos/DISTRIBUCION/95750.jpg
38584,https://mav.farmaciasaas.com/api/images/articulos/DISTRIBUCION/99845.jpg
38586,https://mav.farmaciasaas.com/api/images/articulos/DISTRIBUCION/25670.jpg
38587,https://mav.farmaciasaas.com/api/images/articulos/DISTRIBUCION/18030.jpg
38588,https://mav.farmaciasaas.com/api/images/articulos/DISTRIBUCION/20723.jpg
38589,https://mav.farmaciasaas.com/api/images/articulos/DISTRIBUCION/20515.jpg
38590,https://mav.farmaciasaas.com/api/images/articulos/DISTRIBUCION/18568.jpg
38591,https://mav.farmaciasaas.com/api/images/articulos/DISTRIBUCION/99097.jpg
38592,https://mav.farmaciasaas.com/api/images/articulos/DISTRIBUCION/20514.jpg
38593,https://mav.farmaciasaas.com/api/images/articulos/DISTRIBUCION/18584.jpg
38594,https://mav.farmaciasaas.com/api/images/articulos/DISTRIBUCION/99045.jpg
38595,https://mav.farmaciasaas.com/api/images/articulos/DISTRIBUCION/27013.jpg
38596,https://mav.farmaciasaas.com/api/images/articulos/DISTRIBUCION/53303.jpg
38597,https://mav.farmaciasaas.com/api/images/articulos/DISTRIBUCION/21060.jpg
38598,https://mav.farmaciasaas.com/api/images/articulos/DISTRIBUCION/8254.jpg
38599,https://mav.farmaciasaas.com/api/images/articulos/DISTRIBUCION/24329.jpg
38600,https://mav.farmaciasaas.com/api/images/articulos/DISTRIBUCION/20777.jpg
38601,https://mav.farmaciasaas.com/api/images/articulos/DISTRIBUCION/98882.jpg
38602,https://mav.farmaciasaas.com/api/images/articulos/DISTRIBUCION/6497.jpg
38608,https://mav.farmaciasaas.com/api/images/articulos/DISTRIBUCION/23870.jpg
38609,https://mav.farmaciasaas.com/api/images/articulos/DISTRIBUCION/29583.jpg
38611,https://mav.farmaciasaas.com/api/images/articulos/DISTRIBUCION/16765.jpg
38612,https://mav.farmaciasaas.com/api/images/articulos/DISTRIBUCION/53250.jpg
38613,https://mav.farmaciasaas.com/api/images/articulos/DISTRIBUCION/51351.jpg
38614,https://mav.farmaciasaas.com/api/images/articulos/DISTRIBUCION/6053.jpg
38615,https://mav.farmaciasaas.com/api/images/articulos/DISTRIBUCION/1107.jpg
38616,https://mav.farmaciasaas.com/api/images/articulos/DISTRIBUCION/1108.jpg
38617,https://mav.farmaciasaas.com/api/images/articulos/DISTRIBUCION/53239.jpg
38618,https://mav.farmaciasaas.com/api/images/articulos/DISTRIBUCION/52480.jpg
38619,https://mav.farmaciasaas.com/api/images/articulos/DISTRIBUCION/1111.jpg
38620,https://mav.farmaciasaas.com/api/images/articulos/DISTRIBUCION/23942.jpg
38621,https://mav.farmaciasaas.com/api/images/articulos/DISTRIBUCION/13380.jpg
38625,https://mav.farmaciasaas.com/api/images/articulos/DISTRIBUCION/94356.jpg
38626,https://mav.farmaciasaas.com/api/images/articulos/DISTRIBUCION/99789.jpg
38629,https://mav.farmaciasaas.com/api/images/articulos/DISTRIBUCION/25662.jpg
38630,https://mav.farmaciasaas.com/api/images/articulos/DISTRIBUCION/94330.jpg
38631,https://mav.farmaciasaas.com/api/images/articulos/DISTRIBUCION/9549.jpg
38634,https://mav.farmaciasaas.com/api/images/articulos/DISTRIBUCION/98455.jpg
38636,https://mav.farmaciasaas.com/api/images/articulos/DISTRIBUCION/20517.jpg
38637,https://mav.farmaciasaas.com/api/images/articulos/DISTRIBUCION/23735.jpg
38638,https://mav.farmaciasaas.com/api/images/articulos/DISTRIBUCION/21339.jpg
38639,https://mav.farmaciasaas.com/api/images/articulos/DISTRIBUCION/25668.jpg
38640,https://mav.farmaciasaas.com/api/images/articulos/DISTRIBUCION/53745.jpg
38641,https://mav.farmaciasaas.com/api/images/articulos/DISTRIBUCION/53746.jpg
38642,https://mav.farmaciasaas.com/api/images/articulos/DISTRIBUCION/17394.jpg
38645,https://mav.farmaciasaas.com/api/images/articulos/DISTRIBUCION/16975.jpg
38646,https://mav.farmaciasaas.com/api/images/articulos/DISTRIBUCION/21676.jpg
38648,https://mav.farmaciasaas.com/api/images/articulos/DISTRIBUCION/52624.jpg
38649,https://mav.farmaciasaas.com/api/images/articulos/DISTRIBUCION/99406.jpg
38651,https://mav.farmaciasaas.com/api/images/articulos/DISTRIBUCION/21851.jpg
38653,https://mav.farmaciasaas.com/api/images/articulos/DISTRIBUCION/5256.jpg
38654,https://mav.farmaciasaas.com/api/images/articulos/DISTRIBUCION/5105.jpg
38655,https://mav.farmaciasaas.com/api/images/articulos/DISTRIBUCION/18615.jpg
38656,https://mav.farmaciasaas.com/api/images/articulos/DISTRIBUCION/21563.jpg
38657,https://mav.farmaciasaas.com/api/images/articulos/DISTRIBUCION/20022.jpg
38659,https://mav.farmaciasaas.com/api/images/articulos/DISTRIBUCION/20023.jpg
38660,https://mav.farmaciasaas.com/api/images/articulos/DISTRIBUCION/18905.jpg
38661,https://mav.farmaciasaas.com/api/images/articulos/DISTRIBUCION/24140.jpg
38662,https://mav.farmaciasaas.com/api/images/articulos/DISTRIBUCION/28531.jpg
38665,https://mav.farmaciasaas.com/api/images/articulos/DISTRIBUCION/13663.jpg
38666,https://mav.farmaciasaas.com/api/images/articulos/DISTRIBUCION/50990.jpg
38667,https://mav.farmaciasaas.com/api/images/articulos/DISTRIBUCION/22406.jpg
38668,https://mav.farmaciasaas.com/api/images/articulos/DISTRIBUCION/50807.jpg
38669,https://mav.farmaciasaas.com/api/images/articulos/DISTRIBUCION/10007.jpg
38670,https://mav.farmaciasaas.com/api/images/articulos/DISTRIBUCION/11151.jpg
38671,https://mav.farmaciasaas.com/api/images/articulos/DISTRIBUCION/54271.jpg
38672,https://mav.farmaciasaas.com/api/images/articulos/DISTRIBUCION/4114.jpg
38676,https://mav.farmaciasaas.com/api/images/articulos/DISTRIBUCION/11368.jpg
38677,https://mav.farmaciasaas.com/api/images/articulos/DISTRIBUCION/26061.jpg
38678,https://mav.farmaciasaas.com/api/images/articulos/DISTRIBUCION/17014.jpg
38681,https://mav.farmaciasaas.com/api/images/articulos/DISTRIBUCION/90974.jpg
38682,https://mav.farmaciasaas.com/api/images/articulos/DISTRIBUCION/53054.jpg
38683,https://mav.farmaciasaas.com/api/images/articulos/DISTRIBUCION/28303.jpg
38684,https://mav.farmaciasaas.com/api/images/articulos/23776.jpg
38685,https://mav.farmaciasaas.com/api/images/articulos/DISTRIBUCION/21369.jpg
38686,https://mav.farmaciasaas.com/api/images/articulos/DISTRIBUCION/54512.jpg
38687,https://mav.farmaciasaas.com/api/images/articulos/DISTRIBUCION/23882.jpg
38688,https://mav.farmaciasaas.com/api/images/articulos/DISTRIBUCION/10937.jpg
38689,https://mav.farmaciasaas.com/api/images/articulos/DISTRIBUCION/7835.jpg
38690,https://mav.farmaciasaas.com/api/images/articulos/DISTRIBUCION/2998.jpg
38691,https://mav.farmaciasaas.com/api/images/articulos/DISTRIBUCION/22275.jpg
38692,https://mav.farmaciasaas.com/api/images/articulos/DISTRIBUCION/10460.jpg
38693,https://mav.farmaciasaas.com/api/images/articulos/DISTRIBUCION/3927.jpg
38694,https://mav.farmaciasaas.com/api/images/articulos/DISTRIBUCION/27605.jpg
38696,https://mav.farmaciasaas.com/api/images/articulos/DISTRIBUCION/51773.jpg
38697,https://mav.farmaciasaas.com/api/images/articulos/DISTRIBUCION/23488.jpg
38698,https://mav.farmaciasaas.com/api/images/articulos/DISTRIBUCION/22390.jpg
38699,https://mav.farmaciasaas.com/api/images/articulos/DISTRIBUCION/22389.jpg
38700,https://mav.farmaciasaas.com/api/images/articulos/DISTRIBUCION/11580.jpg
38702,https://mav.farmaciasaas.com/api/images/articulos/DISTRIBUCION/13203.jpg
38703,https://mav.farmaciasaas.com/api/images/articulos/DISTRIBUCION/7637.jpg
38704,https://mav.farmaciasaas.com/api/images/articulos/DISTRIBUCION/52761.jpg
38706,https://mav.farmaciasaas.com/api/images/articulos/DISTRIBUCION/8044.jpg
38707,https://mav.farmaciasaas.com/api/images/articulos/DISTRIBUCION/91027.jpg
38708,https://mav.farmaciasaas.com/api/images/articulos/DISTRIBUCION/50162.jpg
38709,https://mav.farmaciasaas.com/api/images/articulos/DISTRIBUCION/27607.jpg
38710,https://mav.farmaciasaas.com/api/images/articulos/DISTRIBUCION/27606.jpg
38711,https://mav.farmaciasaas.com/api/images/articulos/DISTRIBUCION/51310.jpg
38712,https://mav.farmaciasaas.com/api/images/articulos/DISTRIBUCION/27422.jpg
38713,https://mav.farmaciasaas.com/api/images/articulos/DISTRIBUCION/52493.jpg
38714,https://mav.farmaciasaas.com/api/images/articulos/DISTRIBUCION/27421.jpg
38717,https://mav.farmaciasaas.com/api/images/articulos/DISTRIBUCION/18617.jpg
38719,https://mav.farmaciasaas.com/api/images/articulos/DISTRIBUCION/23534.jpg
38720,https://mav.farmaciasaas.com/api/images/articulos/DISTRIBUCION/54366.jpg
38721,https://mav.farmaciasaas.com/api/images/articulos/DISTRIBUCION/54367.jpg
38722,https://mav.farmaciasaas.com/api/images/articulos/DISTRIBUCION/95311.jpg
38724,https://mav.farmaciasaas.com/api/images/articulos/DISTRIBUCION/27621.jpg
38725,https://mav.farmaciasaas.com/api/images/articulos/DISTRIBUCION/11398.jpg
38726,https://mav.farmaciasaas.com/api/images/articulos/DISTRIBUCION/11399.jpg
38727,https://mav.farmaciasaas.com/api/images/articulos/DISTRIBUCION/90076.jpg
38728,https://mav.farmaciasaas.com/api/images/articulos/DISTRIBUCION/96311.jpg
38729,https://mav.farmaciasaas.com/api/images/articulos/DISTRIBUCION/99098.jpg
38734,https://mav.farmaciasaas.com/api/images/articulos/DISTRIBUCION/6448.jpg
38735,https://mav.farmaciasaas.com/api/images/articulos/DISTRIBUCION/2250.jpg
38736,https://mav.farmaciasaas.com/api/images/articulos/DISTRIBUCION/94360.jpg
38737,https://mav.farmaciasaas.com/api/images/articulos/DISTRIBUCION/94359.jpg
38738,https://mav.farmaciasaas.com/api/images/articulos/DISTRIBUCION/90686.jpg
38739,https://mav.farmaciasaas.com/api/images/articulos/DISTRIBUCION/50986.jpg
38740,https://mav.farmaciasaas.com/api/images/articulos/DISTRIBUCION/97451.jpg
38743,https://mav.farmaciasaas.com/api/images/articulos/DISTRIBUCION/29497.jpg
38744,https://mav.farmaciasaas.com/api/images/articulos/DISTRIBUCION/24319.jpg
38745,https://mav.farmaciasaas.com/api/images/articulos/DISTRIBUCION/26738.jpg
38746,https://mav.farmaciasaas.com/api/images/articulos/DISTRIBUCION/54217.jpg
38747,https://mav.farmaciasaas.com/api/images/articulos/DISTRIBUCION/53742.jpg
38749,https://mav.farmaciasaas.com/api/images/articulos/DISTRIBUCION/21364.jpg
38750,https://mav.farmaciasaas.com/api/images/articulos/DISTRIBUCION/24316.jpg
38752,https://mav.farmaciasaas.com/api/images/articulos/DISTRIBUCION/29584.jpg
38753,https://mav.farmaciasaas.com/api/images/articulos/DISTRIBUCION/9989.jpg
38754,https://mav.farmaciasaas.com/api/images/articulos/DISTRIBUCION/94461.jpg
38755,https://mav.farmaciasaas.com/api/images/articulos/DISTRIBUCION/26093.jpg
38756,https://mav.farmaciasaas.com/api/images/articulos/DISTRIBUCION/92735.jpg
38759,https://mav.farmaciasaas.com/api/images/articulos/DISTRIBUCION/25403.jpg
38760,https://mav.farmaciasaas.com/api/images/articulos/DISTRIBUCION/54290.jpg
38761,https://mav.farmaciasaas.com/api/images/articulos/DISTRIBUCION/54369.jpg
38766,https://mav.farmaciasaas.com/api/images/articulos/DISTRIBUCION/207.jpg
38767,https://mav.farmaciasaas.com/api/images/articulos/DISTRIBUCION/52731.jpg
38768,https://mav.farmaciasaas.com/api/images/articulos/DISTRIBUCION/52517.jpg
38769,https://mav.farmaciasaas.com/api/images/articulos/DISTRIBUCION/8585.jpg
38771,https://mav.farmaciasaas.com/api/images/articulos/DISTRIBUCION/3004.jpg
38772,https://mav.farmaciasaas.com/api/images/articulos/DISTRIBUCION/92494.jpg
38773,https://mav.farmaciasaas.com/api/images/articulos/DISTRIBUCION/92854.jpg
38774,https://mav.farmaciasaas.com/api/images/articulos/DISTRIBUCION/4898.jpg
38776,https://mav.farmaciasaas.com/api/images/articulos/DISTRIBUCION/50864.jpg
38777,https://mav.farmaciasaas.com/api/images/articulos/DISTRIBUCION/3699.jpg
38778,https://mav.farmaciasaas.com/api/images/articulos/DISTRIBUCION/11400.jpg
38780,https://mav.farmaciasaas.com/api/images/articulos/DISTRIBUCION/25669.jpg
38781,https://mav.farmaciasaas.com/api/images/articulos/DISTRIBUCION/53165.jpg
38782,https://mav.farmaciasaas.com/api/images/articulos/DISTRIBUCION/2960.jpg
38784,https://mav.farmaciasaas.com/api/images/articulos/DISTRIBUCION/22393.jpg
38785,https://mav.farmaciasaas.com/api/images/articulos/DISTRIBUCION/51984.jpg
38787,https://mav.farmaciasaas.com/api/images/articulos/DISTRIBUCION/8574.jpg
38788,https://mav.farmaciasaas.com/api/images/articulos/DISTRIBUCION/53221.jpg
38789,https://mav.farmaciasaas.com/api/images/articulos/DISTRIBUCION/53222.jpg
38790,https://mav.farmaciasaas.com/api/images/articulos/DISTRIBUCION/22555.jpg
38791,https://mav.farmaciasaas.com/api/images/articulos/DISTRIBUCION/53621.jpg
38792,https://mav.farmaciasaas.com/api/images/articulos/DISTRIBUCION/53622.jpg
38794,https://mav.farmaciasaas.com/api/images/articulos/DISTRIBUCION/23468.jpg
38795,https://mav.farmaciasaas.com/api/images/articulos/DISTRIBUCION/23469.jpg
38796,https://mav.farmaciasaas.com/api/images/articulos/DISTRIBUCION/90912.jpg
38797,https://mav.farmaciasaas.com/api/images/articulos/DISTRIBUCION/94885.jpg
38798,https://mav.farmaciasaas.com/api/images/articulos/DISTRIBUCION/19538.jpg
38801,https://mav.farmaciasaas.com/api/images/articulos/DISTRIBUCION/54216.jpg
38802,https://mav.farmaciasaas.com/api/images/articulos/DISTRIBUCION/53244.jpg
38803,https://mav.farmaciasaas.com/api/images/articulos/DISTRIBUCION/26930.jpg
38804,https://mav.farmaciasaas.com/api/images/articulos/DISTRIBUCION/1568.jpg
38807,https://mav.farmaciasaas.com/api/images/articulos/DISTRIBUCION/54219.jpg
38808,https://mav.farmaciasaas.com/api/images/articulos/DISTRIBUCION/25675.jpg
38810,https://mav.farmaciasaas.com/api/images/articulos/DISTRIBUCION/28880.jpg
38811,https://mav.farmaciasaas.com/api/images/articulos/DISTRIBUCION/21026.jpg
38812,https://mav.farmaciasaas.com/api/images/articulos/DISTRIBUCION/21023.jpg
38813,https://mav.farmaciasaas.com/api/images/articulos/DISTRIBUCION/21024.jpg
38814,https://mav.farmaciasaas.com/api/images/articulos/DISTRIBUCION/52407.jpg
38815,https://mav.farmaciasaas.com/api/images/articulos/DISTRIBUCION/20939.jpg
38816,https://mav.farmaciasaas.com/api/images/articulos/DISTRIBUCION/52000.jpg
38817,https://mav.farmaciasaas.com/api/images/articulos/DISTRIBUCION/52474.jpg
38818,https://mav.farmaciasaas.com/api/images/articulos/DISTRIBUCION/52475.jpg
38819,https://mav.farmaciasaas.com/api/images/articulos/DISTRIBUCION/98364.jpg
38820,https://mav.farmaciasaas.com/api/images/articulos/DISTRIBUCION/13061.jpg
38821,https://mav.farmaciasaas.com/api/images/articulos/DISTRIBUCION/93366.jpg
38822,https://mav.farmaciasaas.com/api/images/articulos/DISTRIBUCION/5253.jpg
38823,https://mav.farmaciasaas.com/api/images/articulos/DISTRIBUCION/53403.jpg
38824,https://mav.farmaciasaas.com/api/images/articulos/DISTRIBUCION/99317.jpg
38825,https://mav.farmaciasaas.com/api/images/articulos/DISTRIBUCION/99316.jpg
38826,https://mav.farmaciasaas.com/api/images/articulos/DISTRIBUCION/97341.jpg
38829,https://mav.farmaciasaas.com/api/images/articulos/DISTRIBUCION/16883.jpg
38830,https://mav.farmaciasaas.com/api/images/articulos/DISTRIBUCION/99201.jpg
38831,https://mav.farmaciasaas.com/api/images/articulos/DISTRIBUCION/99199.jpg
38832,https://mav.farmaciasaas.com/api/images/articulos/DISTRIBUCION/8473.jpg
38835,https://mav.farmaciasaas.com/api/images/articulos/DISTRIBUCION/10310.jpg
38836,https://mav.farmaciasaas.com/api/images/articulos/DISTRIBUCION/10891.jpg
38837,https://mav.farmaciasaas.com/api/images/articulos/DISTRIBUCION/3978.jpg
38839,https://mav.farmaciasaas.com/api/images/articulos/DISTRIBUCION/54206.jpg
38842,https://mav.farmaciasaas.com/api/images/articulos/DISTRIBUCION/24279.jpg
38843,https://mav.farmaciasaas.com/api/images/articulos/DISTRIBUCION/53254.jpg
38844,https://mav.farmaciasaas.com/api/images/articulos/DISTRIBUCION/23537.jpg
38846,https://mav.farmaciasaas.com/api/images/articulos/DISTRIBUCION/27473.jpg
38848,https://mav.farmaciasaas.com/api/images/articulos/DISTRIBUCION/90990.jpg
38849,https://mav.farmaciasaas.com/api/images/articulos/DISTRIBUCION/30143.jpg
38851,https://mav.farmaciasaas.com/api/images/articulos/DISTRIBUCION/6991.jpg
38852,https://mav.farmaciasaas.com/api/images/articulos/DISTRIBUCION/53266.jpg
38853,https://mav.farmaciasaas.com/api/images/articulos/DISTRIBUCION/92190.jpg
38856,https://mav.farmaciasaas.com/api/images/articulos/DISTRIBUCION/96827.jpg
38857,https://mav.farmaciasaas.com/api/images/articulos/DISTRIBUCION/13811.jpg
38858,https://mav.farmaciasaas.com/api/images/articulos/DISTRIBUCION/10964.jpg
38859,https://mav.farmaciasaas.com/api/images/articulos/DISTRIBUCION/1374.jpg
38860,https://mav.farmaciasaas.com/api/images/articulos/DISTRIBUCION/25402.jpg
38861,https://mav.farmaciasaas.com/api/images/articulos/DISTRIBUCION/3510.jpg
38863,https://mav.farmaciasaas.com/api/images/articulos/DISTRIBUCION/22841.jpg
38864,https://mav.farmaciasaas.com/api/images/articulos/DISTRIBUCION/29067.jpg
38865,https://mav.farmaciasaas.com/api/images/articulos/DISTRIBUCION/26615.jpg
38866,https://mav.farmaciasaas.com/api/images/articulos/DISTRIBUCION/91151.jpg
38867,https://mav.farmaciasaas.com/api/images/articulos/DISTRIBUCION/26009.jpg
38868,https://mav.farmaciasaas.com/api/images/articulos/DISTRIBUCION/51472.jpg
38869,https://mav.farmaciasaas.com/api/images/articulos/DISTRIBUCION/20404.jpg
38870,https://mav.farmaciasaas.com/api/images/articulos/DISTRIBUCION/20405.jpg
38871,https://mav.farmaciasaas.com/api/images/articulos/DISTRIBUCION/26050.jpg
38872,https://mav.farmaciasaas.com/api/images/articulos/DISTRIBUCION/6808.jpg
38874,https://mav.farmaciasaas.com/api/images/articulos/DISTRIBUCION/90592.jpg
38875,https://mav.farmaciasaas.com/api/images/articulos/DISTRIBUCION/28534.jpg
38879,https://mav.farmaciasaas.com/api/images/articulos/DISTRIBUCION/3540.jpg
38881,https://mav.farmaciasaas.com/api/images/articulos/DISTRIBUCION/9640.jpg
38882,https://mav.farmaciasaas.com/api/images/articulos/DISTRIBUCION/95057.jpg
38883,https://mav.farmaciasaas.com/api/images/articulos/DISTRIBUCION/15607.jpg
38885,https://mav.farmaciasaas.com/api/images/articulos/DISTRIBUCION/99313.jpg
38886,https://mav.farmaciasaas.com/api/images/articulos/DISTRIBUCION/28504.jpg
38887,https://mav.farmaciasaas.com/api/images/articulos/DISTRIBUCION/4638.jpg
38888,https://mav.farmaciasaas.com/api/images/articulos/DISTRIBUCION/50749.jpg
38890,https://mav.farmaciasaas.com/api/images/articulos/DISTRIBUCION/6148.jpg
38891,https://mav.farmaciasaas.com/api/images/articulos/DISTRIBUCION/50716.jpg
38892,https://mav.farmaciasaas.com/api/images/articulos/DISTRIBUCION/54049.jpg
38893,https://mav.farmaciasaas.com/api/images/articulos/DISTRIBUCION/25677.jpg
38894,https://mav.farmaciasaas.com/api/images/articulos/DISTRIBUCION/26921.jpg
38895,https://mav.farmaciasaas.com/api/images/articulos/DISTRIBUCION/53502.jpg
38896,https://mav.farmaciasaas.com/api/images/articulos/DISTRIBUCION/98383.jpg
38898,https://mav.farmaciasaas.com/api/images/articulos/DISTRIBUCION/4228.jpg
38899,https://mav.farmaciasaas.com/api/images/articulos/DISTRIBUCION/4227.jpg
38900,https://mav.farmaciasaas.com/api/images/articulos/DISTRIBUCION/2298.jpg
38901,https://mav.farmaciasaas.com/api/images/articulos/DISTRIBUCION/92083.jpg
38902,https://mav.farmaciasaas.com/api/images/articulos/DISTRIBUCION/16823.jpg
38903,https://mav.farmaciasaas.com/api/images/articulos/DISTRIBUCION/50165.jpg
38904,https://mav.farmaciasaas.com/api/images/articulos/DISTRIBUCION/23023.jpg
38905,https://mav.farmaciasaas.com/api/images/articulos/DISTRIBUCION/13252.jpg
38906,https://mav.farmaciasaas.com/api/images/articulos/DISTRIBUCION/23886.jpg
38907,https://mav.farmaciasaas.com/api/images/articulos/DISTRIBUCION/13323.jpg
38908,https://mav.farmaciasaas.com/api/images/articulos/DISTRIBUCION/27001.jpg
38909,https://mav.farmaciasaas.com/api/images/articulos/DISTRIBUCION/22852.jpg
38911,https://mav.farmaciasaas.com/api/images/articulos/DISTRIBUCION/24670.jpg
38912,https://mav.farmaciasaas.com/api/images/articulos/DISTRIBUCION/51565.jpg
38913,https://mav.farmaciasaas.com/api/images/articulos/DISTRIBUCION/51784.jpg
38914,https://mav.farmaciasaas.com/api/images/articulos/DISTRIBUCION/54193.jpg
38915,https://mav.farmaciasaas.com/api/images/articulos/DISTRIBUCION/24321.jpg
38917,https://mav.farmaciasaas.com/api/images/articulos/DISTRIBUCION/2620.jpg
38919,https://mav.farmaciasaas.com/api/images/articulos/DISTRIBUCION/96316.jpg
38920,https://mav.farmaciasaas.com/api/images/articulos/DISTRIBUCION/22949.jpg
38921,https://mav.farmaciasaas.com/api/images/articulos/DISTRIBUCION/99610.jpg
38923,https://mav.farmaciasaas.com/api/images/articulos/DISTRIBUCION/28723.jpg
38924,https://mav.farmaciasaas.com/api/images/articulos/DISTRIBUCION/54281.jpg
38925,https://mav.farmaciasaas.com/api/images/articulos/DISTRIBUCION/9838.jpg
38927,https://mav.farmaciasaas.com/api/images/articulos/DISTRIBUCION/50173.jpg
38928,https://mav.farmaciasaas.com/api/images/articulos/DISTRIBUCION/90886.jpg
38929,https://mav.farmaciasaas.com/api/images/articulos/DISTRIBUCION/21545.jpg
38931,https://mav.farmaciasaas.com/api/images/articulos/DISTRIBUCION/54468.jpg
38934,https://mav.farmaciasaas.com/api/images/articulos/DISTRIBUCION/50578.jpg
38935,https://mav.farmaciasaas.com/api/images/articulos/DISTRIBUCION/52641.jpg
38936,https://mav.farmaciasaas.com/api/images/articulos/DISTRIBUCION/50530.jpg
38937,https://mav.farmaciasaas.com/api/images/articulos/DISTRIBUCION/52642.jpg
38938,https://mav.farmaciasaas.com/api/images/articulos/DISTRIBUCION/24263.jpg
38939,https://mav.farmaciasaas.com/api/images/articulos/DISTRIBUCION/15696.jpg
38940,https://mav.farmaciasaas.com/api/images/articulos/DISTRIBUCION/29011.jpg
38941,https://mav.farmaciasaas.com/api/images/articulos/DISTRIBUCION/29012.jpg
38942,https://mav.farmaciasaas.com/api/images/articulos/DISTRIBUCION/30204.jpg
38943,https://mav.farmaciasaas.com/api/images/articulos/DISTRIBUCION/30212.jpg
38944,https://mav.farmaciasaas.com/api/images/articulos/DISTRIBUCION/30213.jpg
38947,https://mav.farmaciasaas.com/api/images/articulos/DISTRIBUCION/9373.jpg
38948,https://mav.farmaciasaas.com/api/images/articulos/DISTRIBUCION/3034.jpg
38949,https://mav.farmaciasaas.com/api/images/articulos/DISTRIBUCION/2929.jpg
38950,https://mav.farmaciasaas.com/api/images/articulos/DISTRIBUCION/5327.jpg
38951,https://mav.farmaciasaas.com/api/images/articulos/DISTRIBUCION/7331.jpg
38952,https://mav.farmaciasaas.com/api/images/articulos/DISTRIBUCION/30332.jpg
38955,https://mav.farmaciasaas.com/api/images/articulos/DISTRIBUCION/52137.jpg
38956,https://mav.farmaciasaas.com/api/images/articulos/DISTRIBUCION/5310.jpg
38957,https://mav.farmaciasaas.com/api/images/articulos/DISTRIBUCION/96976.jpg
38958,https://mav.farmaciasaas.com/api/images/articulos/DISTRIBUCION/7986.jpg
38959,https://mav.farmaciasaas.com/api/images/articulos/DISTRIBUCION/24643.jpg
38960,https://mav.farmaciasaas.com/api/images/articulos/DISTRIBUCION/30120.jpg
38963,https://mav.farmaciasaas.com/api/images/articulos/DISTRIBUCION/23924.jpg
38964,https://mav.farmaciasaas.com/api/images/articulos/DISTRIBUCION/27114.jpg
38965,https://mav.farmaciasaas.com/api/images/articulos/DISTRIBUCION/20327.jpg
38967,https://mav.farmaciasaas.com/api/images/articulos/DISTRIBUCION/29208.jpg
38968,https://mav.farmaciasaas.com/api/images/articulos/DISTRIBUCION/9750.jpg
38969,https://mav.farmaciasaas.com/api/images/articulos/DISTRIBUCION/53029.jpg
38971,https://mav.farmaciasaas.com/api/images/articulos/DISTRIBUCION/54484.jpg
38972,https://mav.farmaciasaas.com/api/images/articulos/DISTRIBUCION/30132.jpg
38975,https://mav.farmaciasaas.com/api/images/articulos/DISTRIBUCION/3832.jpg
38976,https://mav.farmaciasaas.com/api/images/articulos/DISTRIBUCION/111.jpg
38977,https://mav.farmaciasaas.com/api/images/articulos/DISTRIBUCION/24115.jpg
38979,https://mav.farmaciasaas.com/api/images/articulos/DISTRIBUCION/28883.jpg
38980,https://mav.farmaciasaas.com/api/images/articulos/DISTRIBUCION/52415.jpg
38981,https://mav.farmaciasaas.com/api/images/articulos/DISTRIBUCION/27731.jpg
38983,https://mav.farmaciasaas.com/api/images/articulos/DISTRIBUCION/29029.jpg
38984,https://mav.farmaciasaas.com/api/images/articulos/DISTRIBUCION/52153.jpg
38985,https://mav.farmaciasaas.com/api/images/articulos/DISTRIBUCION/52924.jpg
38986,https://mav.farmaciasaas.com/api/images/articulos/DISTRIBUCION/52925.jpg
38987,https://mav.farmaciasaas.com/api/images/articulos/DISTRIBUCION/91024.jpg
38989,https://mav.farmaciasaas.com/api/images/articulos/DISTRIBUCION/53336.jpg
38991,https://mav.farmaciasaas.com/api/images/articulos/DISTRIBUCION/53121.jpg
38993,https://mav.farmaciasaas.com/api/images/articulos/DISTRIBUCION/53166.jpg
38996,https://mav.farmaciasaas.com/api/images/articulos/DISTRIBUCION/6549.jpg
38997,https://mav.farmaciasaas.com/api/images/articulos/DISTRIBUCION/6547.jpg
38998,https://mav.farmaciasaas.com/api/images/articulos/DISTRIBUCION/22055.jpg
38999,https://mav.farmaciasaas.com/api/images/articulos/DISTRIBUCION/22056.jpg
39000,https://mav.farmaciasaas.com/api/images/articulos/DISTRIBUCION/9316.jpg
39001,https://mav.farmaciasaas.com/api/images/articulos/DISTRIBUCION/28451.jpg
39002,https://mav.farmaciasaas.com/api/images/articulos/DISTRIBUCION/91511.jpg
39003,https://mav.farmaciasaas.com/api/images/articulos/DISTRIBUCION/91227.jpg
39004,https://mav.farmaciasaas.com/api/images/articulos/DISTRIBUCION/91228.jpg
39006,https://mav.farmaciasaas.com/api/images/articulos/DISTRIBUCION/28894.jpg
39008,https://mav.farmaciasaas.com/api/images/articulos/DISTRIBUCION/1978.jpg
39009,https://mav.farmaciasaas.com/api/images/articulos/DISTRIBUCION/53592.jpg
39011,https://mav.farmaciasaas.com/api/images/articulos/DISTRIBUCION/22931.jpg
39018,https://mav.farmaciasaas.com/api/images/articulos/DISTRIBUCION/4100.jpg
39028,https://mav.farmaciasaas.com/api/images/articulos/DISTRIBUCION/5931.jpg
39043,https://mav.farmaciasaas.com/api/images/articulos/DISTRIBUCION/92490.jpg
39051,https://mav.farmaciasaas.com/api/images/articulos/DISTRIBUCION/1878.jpg
39052,https://mav.farmaciasaas.com/api/images/articulos/DISTRIBUCION/30055.jpg
39053,https://mav.farmaciasaas.com/api/images/articulos/DISTRIBUCION/30054.jpg
39054,https://mav.farmaciasaas.com/api/images/articulos/DISTRIBUCION/15626.jpg
39055,https://mav.farmaciasaas.com/api/images/articulos/DISTRIBUCION/21066.jpg
39056,https://mav.farmaciasaas.com/api/images/articulos/DISTRIBUCION/16094.jpg
39057,https://mav.farmaciasaas.com/api/images/articulos/DISTRIBUCION/19527.jpg
39058,https://mav.farmaciasaas.com/api/images/articulos/DISTRIBUCION/28592.jpg
39060,https://mav.farmaciasaas.com/api/images/articulos/DISTRIBUCION/93277.jpg
39061,https://mav.farmaciasaas.com/api/images/articulos/DISTRIBUCION/26389.jpg
39062,https://mav.farmaciasaas.com/api/images/articulos/DISTRIBUCION/19584.jpg
39063,https://mav.farmaciasaas.com/api/images/articulos/DISTRIBUCION/22131.jpg
39064,https://mav.farmaciasaas.com/api/images/articulos/DISTRIBUCION/21596.jpg
39065,https://mav.farmaciasaas.com/api/images/articulos/DISTRIBUCION/52827.jpg
39066,https://mav.farmaciasaas.com/api/images/articulos/DISTRIBUCION/21600.jpg
39067,https://mav.farmaciasaas.com/api/images/articulos/DISTRIBUCION/21601.jpg
39068,https://mav.farmaciasaas.com/api/images/articulos/DISTRIBUCION/52503.jpg
39074,https://mav.farmaciasaas.com/api/images/articulos/DISTRIBUCION/3798.jpg
39075,https://mav.farmaciasaas.com/api/images/articulos/DISTRIBUCION/50500.jpg
39079,https://mav.farmaciasaas.com/api/images/articulos/DISTRIBUCION/53175.jpg
39081,https://mav.farmaciasaas.com/api/images/articulos/DISTRIBUCION/15413.jpg
39087,https://mav.farmaciasaas.com/api/images/articulos/DISTRIBUCION/51294.jpg
39088,https://mav.farmaciasaas.com/api/images/articulos/DISTRIBUCION/25527.jpg
39089,https://mav.farmaciasaas.com/api/images/articulos/DISTRIBUCION/52472.jpg
39098,https://mav.farmaciasaas.com/api/images/articulos/DISTRIBUCION/15627.jpg
39102,https://mav.farmaciasaas.com/api/images/articulos/DISTRIBUCION/53196.jpg
39104,https://mav.farmaciasaas.com/api/images/articulos/DISTRIBUCION/27780.jpg
39105,https://mav.farmaciasaas.com/api/images/articulos/DISTRIBUCION/97000.jpg
39106,https://mav.farmaciasaas.com/api/images/articulos/DISTRIBUCION/97002.jpg
39109,https://mav.farmaciasaas.com/api/images/articulos/DISTRIBUCION/20507.jpg
39112,https://mav.farmaciasaas.com/api/images/articulos/DISTRIBUCION/99210.jpg
39125,https://mav.farmaciasaas.com/api/images/articulos/DISTRIBUCION/54310.jpg
39128,https://mav.farmaciasaas.com/api/images/articulos/DISTRIBUCION/24657.jpg
39130,https://mav.farmaciasaas.com/api/images/articulos/DISTRIBUCION/24436.jpg
39131,https://mav.farmaciasaas.com/api/images/articulos/DISTRIBUCION/25528.jpg
39137,https://mav.farmaciasaas.com/api/images/articulos/DISTRIBUCION/3876.jpg
39138,https://mav.farmaciasaas.com/api/images/articulos/DISTRIBUCION/53832.jpg
39139,https://mav.farmaciasaas.com/api/images/articulos/DISTRIBUCION/53267.jpg
39140,https://mav.farmaciasaas.com/api/images/articulos/DISTRIBUCION/51885.jpg
39160,https://mav.farmaciasaas.com/api/images/articulos/DISTRIBUCION/94357.jpg
39161,https://mav.farmaciasaas.com/api/images/articulos/DISTRIBUCION/94358.jpg
39162,https://mav.farmaciasaas.com/api/images/articulos/DISTRIBUCION/98453.jpg
39163,https://mav.farmaciasaas.com/api/images/articulos/DISTRIBUCION/28480.jpg
39165,https://mav.farmaciasaas.com/api/images/articulos/DISTRIBUCION/17016.jpg
39166,https://mav.farmaciasaas.com/api/images/articulos/DISTRIBUCION/19233.jpg
39167,https://mav.farmaciasaas.com/api/images/articulos/DISTRIBUCION/92399.jpg
39168,https://mav.farmaciasaas.com/api/images/articulos/DISTRIBUCION/92398.jpg
39171,https://mav.farmaciasaas.com/api/images/articulos/DISTRIBUCION/50522.jpg
39178,https://mav.farmaciasaas.com/api/images/articulos/DISTRIBUCION/27626.jpg
39182,https://mav.farmaciasaas.com/api/images/articulos/DISTRIBUCION/51997.jpg
39183,https://mav.farmaciasaas.com/api/images/articulos/DISTRIBUCION/8409.jpg
39184,https://mav.farmaciasaas.com/api/images/articulos/DISTRIBUCION/13815.jpg
39188,https://mav.farmaciasaas.com/api/images/articulos/DISTRIBUCION/53593.jpg
39200,https://mav.farmaciasaas.com/api/images/articulos/DISTRIBUCION/98889.jpg
39204,https://mav.farmaciasaas.com/api/images/articulos/DISTRIBUCION/15025.jpg
39205,https://mav.farmaciasaas.com/api/images/articulos/DISTRIBUCION/9602.jpg
39206,https://mav.farmaciasaas.com/api/images/articulos/DISTRIBUCION/5513.jpg
39207,https://mav.farmaciasaas.com/api/images/articulos/DISTRIBUCION/52002.jpg
39229,https://mav.farmaciasaas.com/api/images/articulos/DISTRIBUCION/53002.jpg
39231,https://mav.farmaciasaas.com/api/images/articulos/DISTRIBUCION/53004.jpg
39234,https://mav.farmaciasaas.com/api/images/articulos/DISTRIBUCION/51145.jpg
39236,https://mav.farmaciasaas.com/api/images/articulos/DISTRIBUCION/97577.jpg
39237,https://mav.farmaciasaas.com/api/images/articulos/DISTRIBUCION/97222.jpg
39239,https://mav.farmaciasaas.com/api/images/articulos/DISTRIBUCION/27355.jpg
39243,https://mav.farmaciasaas.com/api/images/articulos/DISTRIBUCION/53269.jpg
39245,https://mav.farmaciasaas.com/api/images/articulos/DISTRIBUCION/53195.jpg
39246,https://mav.farmaciasaas.com/api/images/articulos/DISTRIBUCION/17795.jpg
39248,https://mav.farmaciasaas.com/api/images/articulos/DISTRIBUCION/10908.jpg
39253,https://mav.farmaciasaas.com/api/images/articulos/DISTRIBUCION/23146.jpg
39255,https://mav.farmaciasaas.com/api/images/articulos/DISTRIBUCION/9864.jpg
39256,https://mav.farmaciasaas.com/api/images/articulos/DISTRIBUCION/1852.jpg
39257,https://mav.farmaciasaas.com/api/images/articulos/DISTRIBUCION/28781.jpg
39259,https://mav.farmaciasaas.com/api/images/articulos/DISTRIBUCION/25237.jpg
39261,https://mav.farmaciasaas.com/api/images/articulos/DISTRIBUCION/52652.jpg
39263,https://mav.farmaciasaas.com/api/images/articulos/DISTRIBUCION/52661.jpg
39265,https://mav.farmaciasaas.com/api/images/articulos/DISTRIBUCION/21170.jpg
39269,https://mav.farmaciasaas.com/api/images/articulos/DISTRIBUCION/94888.jpg
39273,https://mav.farmaciasaas.com/api/images/articulos/DISTRIBUCION/28870.jpg
39276,https://mav.farmaciasaas.com/api/images/articulos/DISTRIBUCION/52653.jpg
39277,https://mav.farmaciasaas.com/api/images/articulos/DISTRIBUCION/52656.jpg
39279,https://mav.farmaciasaas.com/api/images/articulos/DISTRIBUCION/52657.jpg
39282,https://mav.farmaciasaas.com/api/images/articulos/DISTRIBUCION/6018.jpg
39283,https://mav.farmaciasaas.com/api/images/articulos/DISTRIBUCION/13056.jpg
39284,https://mav.farmaciasaas.com/api/images/articulos/DISTRIBUCION/19532.jpg
39288,https://mav.farmaciasaas.com/api/images/articulos/DISTRIBUCION/51011.jpg
39290,https://mav.farmaciasaas.com/api/images/articulos/DISTRIBUCION/23432.jpg
39293,https://mav.farmaciasaas.com/api/images/articulos/DISTRIBUCION/28868.jpg
39294,https://mav.farmaciasaas.com/api/images/articulos/DISTRIBUCION/50705.jpg
39299,https://mav.farmaciasaas.com/api/images/articulos/DISTRIBUCION/51389.jpg
39300,https://mav.farmaciasaas.com/api/images/articulos/DISTRIBUCION/27232.jpg
39305,https://mav.farmaciasaas.com/api/images/articulos/DISTRIBUCION/30067.jpg
39306,https://mav.farmaciasaas.com/api/images/articulos/DISTRIBUCION/91349.jpg
39311,https://mav.farmaciasaas.com/api/images/articulos/DISTRIBUCION/52903.jpg
39314,https://mav.farmaciasaas.com/api/images/articulos/DISTRIBUCION/52339.jpg
39316,https://mav.farmaciasaas.com/api/images/articulos/DISTRIBUCION/25632.jpg
39319,https://mav.farmaciasaas.com/api/images/articulos/DISTRIBUCION/18358.jpg
39321,https://mav.farmaciasaas.com/api/images/articulos/DISTRIBUCION/24256.jpg
39322,https://mav.farmaciasaas.com/api/images/articulos/DISTRIBUCION/24257.jpg
39324,https://mav.farmaciasaas.com/api/images/articulos/DISTRIBUCION/25976.jpg
39331,https://mav.farmaciasaas.com/api/images/articulos/DISTRIBUCION/98501.jpg
39336,https://mav.farmaciasaas.com/api/images/articulos/DISTRIBUCION/11513.jpg
39338,https://mav.farmaciasaas.com/api/images/articulos/DISTRIBUCION/52625.jpg
39355,https://mav.farmaciasaas.com/api/images/articulos/DISTRIBUCION/16753.jpg
39363,https://mav.farmaciasaas.com/api/images/articulos/DISTRIBUCION/8404.jpg
39364,https://mav.farmaciasaas.com/api/images/articulos/DISTRIBUCION/20786.jpg
39366,https://mav.farmaciasaas.com/api/images/articulos/DISTRIBUCION/28420.jpg
39368,https://mav.farmaciasaas.com/api/images/articulos/DISTRIBUCION/13272.jpg
39376,https://mav.farmaciasaas.com/api/images/articulos/DISTRIBUCION/50175.jpg
39377,https://mav.farmaciasaas.com/api/images/articulos/DISTRIBUCION/51793.jpg
39379,https://mav.farmaciasaas.com/api/images/articulos/DISTRIBUCION/28642.jpg
39382,https://mav.farmaciasaas.com/api/images/articulos/DISTRIBUCION/50485.jpg
39383,https://mav.farmaciasaas.com/api/images/articulos/DISTRIBUCION/95723.jpg
39388,https://mav.farmaciasaas.com/api/images/articulos/DISTRIBUCION/6270.jpg
39397,https://mav.farmaciasaas.com/api/images/articulos/DISTRIBUCION/24814.jpg
39398,https://mav.farmaciasaas.com/api/images/articulos/DISTRIBUCION/52665.jpg
39405,https://mav.farmaciasaas.com/api/images/articulos/DISTRIBUCION/29789.jpg
39409,https://mav.farmaciasaas.com/api/images/articulos/DISTRIBUCION/1982.jpg
39412,https://mav.farmaciasaas.com/api/images/articulos/DISTRIBUCION/3790.jpg
39421,https://mav.farmaciasaas.com/api/images/articulos/DISTRIBUCION/25509.jpg
39424,https://mav.farmaciasaas.com/api/images/articulos/DISTRIBUCION/8152.jpg
39425,https://mav.farmaciasaas.com/api/images/articulos/DISTRIBUCION/17362.jpg
39426,https://mav.farmaciasaas.com/api/images/articulos/DISTRIBUCION/52055.jpg
39429,https://mav.farmaciasaas.com/api/images/articulos/DISTRIBUCION/50995.jpg
39430,https://mav.farmaciasaas.com/api/images/articulos/DISTRIBUCION/93572.jpg
39431,https://mav.farmaciasaas.com/api/images/articulos/DISTRIBUCION/8703.jpg
39432,https://mav.farmaciasaas.com/api/images/articulos/DISTRIBUCION/52971.jpg
39433,https://mav.farmaciasaas.com/api/images/articulos/DISTRIBUCION/50583.jpg
39434,https://mav.farmaciasaas.com/api/images/articulos/DISTRIBUCION/53750.jpg
39438,https://mav.farmaciasaas.com/api/images/articulos/DISTRIBUCION/28364.jpg
39439,https://mav.farmaciasaas.com/api/images/articulos/DISTRIBUCION/50804.jpg
39442,https://mav.farmaciasaas.com/api/images/articulos/DISTRIBUCION/52040.jpg
39443,https://mav.farmaciasaas.com/api/images/articulos/DISTRIBUCION/51791.jpg
39444,https://mav.farmaciasaas.com/api/images/articulos/DISTRIBUCION/54280.jpg
39449,https://mav.farmaciasaas.com/api/images/articulos/DISTRIBUCION/52175.jpg
39455,https://mav.farmaciasaas.com/api/images/articulos/DISTRIBUCION/53594.jpg
39459,https://mav.farmaciasaas.com/api/images/articulos/DISTRIBUCION/90441.jpg
39460,https://mav.farmaciasaas.com/api/images/articulos/DISTRIBUCION/50972.jpg
39463,https://mav.farmaciasaas.com/api/images/articulos/DISTRIBUCION/29372.jpg
39467,https://mav.farmaciasaas.com/api/images/articulos/DISTRIBUCION/5489.jpg
39468,https://mav.farmaciasaas.com/api/images/articulos/DISTRIBUCION/92664.jpg
39469,https://mav.farmaciasaas.com/api/images/articulos/DISTRIBUCION/53037.jpg
39470,https://mav.farmaciasaas.com/api/images/articulos/DISTRIBUCION/27618.jpg
39476,https://mav.farmaciasaas.com/api/images/articulos/DISTRIBUCION/96524/96524.jpg
39477,https://mav.farmaciasaas.com/api/images/articulos/DISTRIBUCION/18361.jpg
39483,https://mav.farmaciasaas.com/api/images/articulos/DISTRIBUCION/8420.jpg
39489,https://mav.farmaciasaas.com/api/images/articulos/DISTRIBUCION/94457.jpg
39493,https://mav.farmaciasaas.com/api/images/articulos/DISTRIBUCION/28532.jpg
39494,https://mav.farmaciasaas.com/api/images/articulos/DISTRIBUCION/96830.jpg
39495,https://mav.farmaciasaas.com/api/images/articulos/DISTRIBUCION/97140.jpg
39502,https://mav.farmaciasaas.com/api/images/articulos/DISTRIBUCION/96795.jpg
39503,https://mav.farmaciasaas.com/api/images/articulos/DISTRIBUCION/8614.jpg
39505,https://mav.farmaciasaas.com/api/images/articulos/DISTRIBUCION/53836.jpg
39507,https://mav.farmaciasaas.com/api/images/articulos/DISTRIBUCION/54561.jpg
39508,https://mav.farmaciasaas.com/api/images/articulos/DISTRIBUCION/24281.jpg
39509,https://mav.farmaciasaas.com/api/images/articulos/DISTRIBUCION/54226.jpg
39513,https://mav.farmaciasaas.com/api/images/articulos/DISTRIBUCION/20432.jpg
39514,https://mav.farmaciasaas.com/api/images/articulos/DISTRIBUCION/21412.jpg
39515,https://mav.farmaciasaas.com/api/images/articulos/DISTRIBUCION/21413.jpg
39517,https://mav.farmaciasaas.com/api/images/articulos/DISTRIBUCION/53068.jpg
39524,https://mav.farmaciasaas.com/api/images/articulos/DISTRIBUCION/23085.jpg
39525,https://mav.farmaciasaas.com/api/images/articulos/DISTRIBUCION/54227.jpg
39526,https://mav.farmaciasaas.com/api/images/articulos/DISTRIBUCION/52408.jpg
39530,https://mav.farmaciasaas.com/api/images/articulos/DISTRIBUCION/28896.jpg
39534,https://mav.farmaciasaas.com/api/images/articulos/DISTRIBUCION/21580.jpg
39535,https://mav.farmaciasaas.com/api/images/articulos/DISTRIBUCION/11117.jpg
39536,https://mav.farmaciasaas.com/api/images/articulos/DISTRIBUCION/11118.jpg
39537,https://mav.farmaciasaas.com/api/images/articulos/DISTRIBUCION/91315.jpg
39539,https://mav.farmaciasaas.com/api/images/articulos/DISTRIBUCION/27090.jpg
39541,https://mav.farmaciasaas.com/api/images/articulos/DISTRIBUCION/26711.jpg
39554,https://mav.farmaciasaas.com/api/images/articulos/DISTRIBUCION/52912.jpg
39562,https://mav.farmaciasaas.com/api/images/articulos/DISTRIBUCION/28576.jpg
39563,https://mav.farmaciasaas.com/api/images/articulos/DISTRIBUCION/26892.jpg
39569,https://mav.farmaciasaas.com/api/images/articulos/DISTRIBUCION/53151.jpg
39570,https://mav.farmaciasaas.com/api/images/articulos/DISTRIBUCION/54046.jpg
39572,https://mav.farmaciasaas.com/api/images/articulos/DISTRIBUCION/52904.jpg
39578,https://mav.farmaciasaas.com/api/images/articulos/DISTRIBUCION/52757.jpg
39579,https://mav.farmaciasaas.com/api/images/articulos/DISTRIBUCION/53113.jpg
39580,https://mav.farmaciasaas.com/api/images/articulos/DISTRIBUCION/53114.jpg
39581,https://mav.farmaciasaas.com/api/images/articulos/DISTRIBUCION/28502.jpg
39587,https://mav.farmaciasaas.com/api/images/articulos/DISTRIBUCION/8537.jpg
39588,https://mav.farmaciasaas.com/api/images/articulos/DISTRIBUCION/53285.jpg
39589,https://mav.farmaciasaas.com/api/images/articulos/DISTRIBUCION/50928.jpg
39591,https://mav.farmaciasaas.com/api/images/articulos/DISTRIBUCION/28335.jpg
39597,https://mav.farmaciasaas.com/api/images/articulos/DISTRIBUCION/97141.jpg
39599,https://mav.farmaciasaas.com/api/images/articulos/DISTRIBUCION/25190.jpg
39601,https://mav.farmaciasaas.com/api/images/articulos/DISTRIBUCION/8428.jpg
39603,https://mav.farmaciasaas.com/api/images/articulos/DISTRIBUCION/90704.jpg
39604,https://mav.farmaciasaas.com/api/images/articulos/DISTRIBUCION/28792.jpg
39605,https://mav.farmaciasaas.com/api/images/articulos/DISTRIBUCION/10327.jpg