ef,mol_inhrr,mol_cima,score
E.F.1.129,ACIDO ACETILSALICILICO,Acetilsalicilico Acido,1.0
E.F.1.466,INSULINA GLARGINA,Insulina Glargina,1.0
E.F.10.091,CIANOCOBALAMINA,Cianocobalamina,1.0
E.F.10.091,NICOTINAMIDA,Nicotinamida,1.0
E.F.10.273,ACETAMINOFEN,Acetaminofen,1.0
E.F.10.432,HIDROCLOROTIAZIDA,Hidroclorotiazida,1.0
E.F.11.043,MENTOL,Mentol,1.0
E.F.11.043,ALCANFOR,Alcanfor,1.0
E.F.11.043,SALICILATO DE METILO,Salicilato Metilo,1.0
E.F.11.427,DIPIRONA,Dipirona,1.0
E.F.11.613,AMITRIPTILINA CLORHIDRATO,Amitriptilina,1.0
E.F.11.695,CLORDIAZEPOXIDO,Clordiazepoxido,1.0
E.F.11.791,DIPIRONA,Dipirona,1.0
E.F.12.003,VITAMINA C,Vitamina C,1.0
E.F.12.003,VITAMINA D3,Vitamina D3,1.0
E.F.12.003,VITAMINA A,Vitamina A,1.0
E.F.12.314,HIDROXIDO DE MAGNESIO,Magnesio Hidroxido,1.0
E.F.12.314,HIDROXIDO DE ALUMINIO,Aluminio Hidroxido,1.0
E.F.12.345,SALICILATO DE METILO,Salicilato Metilo,1.0
E.F.12.345,ALCANFOR,Alcanfor,1.0
E.F.12.592,SIMETICONA,Simeticona,1.0
E.F.12.601,PEROXIDO DE HIDROGENO,Peroxido De Hidrogeno,1.0
E.F.12.654,CLORURO DE SODIO,Calcio Cloruro,1.0
E.F.12.676,ACIDO ASCORBICO,Ascorbico Acido,1.0
E.F.13.198,DIPIRONA,Dipirona,1.0
E.F.13.352,CIANOCOBALAMINA,Cianocobalamina,1.0
E.F.13.352,CLORHIDRATO DE PIRIDOXINA,Piridoxina,1.0
E.F.13.352,CLORHIDRATO DE TIAMINA,Tiamina,1.0
E.F.13.354,NAFAZOLINA NITRATO,Nafazolina,1.0
E.F.13.521,CLORURO DE SODIO,Calcio Cloruro,1.0
E.F.13.615,VITAMINA B12,Vitamina B12,1.0
E.F.13.615,VITAMINA C,Vitamina C,1.0
E.F.13.741,PIPERACILINA,Piperacilina,1.0
E.F.14.109,SULFAMETIZOL,Sulfametizol,1.0
E.F.14.318,TOLNAFTATO,Tolnaftato,1.0
E.F.14.450,CARBAMAZEPINA,Carbamazepina,1.0
E.F.14.458,ACETAMINOFEN,Acetaminofen,1.0
E.F.14.568,FUROSEMIDA,Furosemida,1.0
E.F.14.734,CICLOFOSFAMIDA,Ciclofosfamida,1.0
E.F.14.735,CICLOFOSFAMIDA,Ciclofosfamida,1.0
E.F.14.757,ACIDO ASCORBICO,Ascorbico Acido,1.0
E.F.14.775,CODEINA,Codeina,1.0
E.F.14.839,PROPRANOLOL,Propranolol,1.0
E.F.14.878,ACIDO ASCORBICO,Ascorbico Acido,1.0
E.F.14.951,DIAZEPAM,Diazepam,1.0
E.F.14.952,DIAZEPAM,Diazepam,1.0
E.F.15.386,DIAZEPAM,Diazepam,1.0
E.F.15.764,HIDROXIDO DE ALUMINIO,Aluminio Hidroxido,1.0
E.F.15.805,SALICILAMIDA,Salicilamida,1.0
E.F.15.805,DIPIRONA,Dipirona,1.0
E.F.15.830,LIDOCAINA,Lidocaina,1.0
E.F.15.894,CLORTALIDONA,Clortalidona,1.0
E.F.16.002,ALOPURINOL,Alopurinol,1.0
E.F.16.064,NITROFURANTOINA,Nitrofurantoina,1.0
E.F.16.065,NITROFURANTOINA,Nitrofurantoina,1.0
E.F.16.114,BETAMETASONA,Betametasona,1.0
E.F.16.167,GENTAMICINA,Gentamicina,1.0
E.F.16.167,BETAMETASONA,Betametasona,1.0
E.F.16.175,CLORHIDRATO DE LIDOCAINA,Lidocaina,1.0
E.F.16.175,CLORURO DE CETILPIRIDINIO,Cetilpiridinio Cloruro,1.0
E.F.16.242,CLORURO DE CETILPIRIDINIO,Cetilpiridinio Cloruro,1.0
E.F.16.263,DIPIRONA,Dipirona,1.0
E.F.16.293,NITROFURAZONA,Nitrofurazona,1.0
E.F.16.357,ACETATO DE ALUMINIO,Aluminio,1.0
E.F.16.429,CIANOCOBALAMINA,Cianocobalamina,1.0
E.F.16.429,NIACINAMIDA,Niacinamida,1.0
E.F.16.712,ACIDO FOLICO,Folico Acido,1.0
E.F.16.799,CLORURO DE DECUALINIO,Decualinio Cloruro,1.0
E.F.16.799,LIDOCAINA,Lidocaina,1.0
E.F.16.825,ERITROMICINA,Eritromicina,1.0
E.F.16.930,MEDROXIPROGESTERONA,Medroxiprogesterona,1.0
E.F.17.072,DEXAMETASONA FOSFATO SÓDICO,Dexametasona,1.0
E.F.17.224,CODEINA,Codeina,1.0
E.F.17.280,ALANTOINA,Alantoina,1.0
E.F.17.398,HIDROXOCOBALAMINA,Hidroxocobalamina,1.0
E.F.17.492,CAFEINA,Cafeina,1.0
E.F.17.492,ACETAMINOFEN,Acetaminofen,1.0
E.F.17.523,NICOTINAMIDA,Nicotinamida,1.0
E.F.17.523,CIANOCOBALAMINA,Cianocobalamina,1.0
E.F.17.596,FLURAZEPAM,Flurazepam,1.0
E.F.17.597,FLURAZEPAM,Flurazepam,1.0
E.F.17.712,VITAMINA B6 (CLORHIDRATO DE PIRIDOXINA),(+)-tetrabenazina,nan
E.F.18.142,CLORHIDRATO DE OXIMETAZOLINA,Oximetazolina,1.0
E.F.18.143,CLORHIDRATO DE OXIMETAZOLINA,Oximetazolina,1.0
E.F.18.281,ACIDO ASCORBICO,Ascorbico Acido,1.0
E.F.18.281,CIANOCOBALAMINA,Cianocobalamina,1.0
E.F.18.498,SIMETICONA,Simeticona,1.0
E.F.18.565,CIANOCOBALAMINA,Cianocobalamina,1.0
E.F.18.572,SULFAMETOXAZOL,Sulfametoxazol,1.0
E.F.18.573,SULFAMETOXAZOL,Sulfametoxazol,1.0
E.F.18.961,ACETAMINOFEN,Acetaminofen,1.0
E.F.19.054,BENCIDAMINA CLORHIDRATO,Bencidamina,1.0
E.F.19.099,NICOTINAMIDA,Nicotinamida,1.0
E.F.19.099,CIANOCOBALAMINA,Cianocobalamina,1.0
E.F.19.146,IBUPROFENO,Ibuprofeno,1.0
E.F.19.149,IBUPROFENO,Ibuprofeno,1.0
E.F.19.260,CIANOCOBALAMINA,Cianocobalamina,1.0
E.F.19.268,DIAZEPAM,Diazepam,1.0
E.F.19.288,ACETAMINOFEN,Acetaminofen,1.0
E.F.19.328,BENCIDAMINA CLORHIDRATO,Bencidamina,1.0
E.F.19.328,CLORURO DE CETILPIRIDINIO,Cetilpiridinio Cloruro,1.0
E.F.19.329,LIDOCAINA,Lidocaina,1.0
E.F.19.329,BENCIDAMINA CLORHIDRATO,Bencidamina,1.0
E.F.19.402,MENTOL,Mentol,1.0
E.F.19.402,ALCANFOR,Alcanfor,1.0
E.F.19.402,SALICILATO DE METILO,Salicilato Metilo,1.0
E.F.19.620,ACETAMINOFEN,Acetaminofen,1.0
E.F.19.621,ACETAMINOFEN,Acetaminofen,1.0
E.F.19.679,CLOTRIMAZOL,Clotrimazol,1.0
E.F.19.736,BROMHEXINA,Bromhexina,1.0
E.F.19.901,AMOXICILINA,Amoxicilina,1.0
E.F.19.994,IBUPROFENO,Ibuprofeno,1.0
E.F.2.858,ALCANFOR,Alcanfor,1.0
E.F.2.858,MENTOL,Mentol,1.0
E.F.2.955,TIAMAZOL,Tiamazol,1.0
E.F.20.148,CLOTRIMAZOL,Clotrimazol,1.0
E.F.20.149,CLOTRIMAZOL,Clotrimazol,1.0
E.F.20.200,BETAMETASONA,Betametasona,1.0
E.F.20.246,CLOXACILINA,Cloxacilina,1.0
E.F.20.381,CIANOCOBALAMINA,Cianocobalamina,1.0
E.F.20.381,CLORHIDRATO DE PIRIDOXINA,Piridoxina,1.0
E.F.20.381,NICOTINAMIDA,Nicotinamida,1.0
E.F.20.436,SALICILATO DE METILO,Salicilato Metilo,1.0
E.F.20.436,ALCANFOR,Alcanfor,1.0
E.F.20.734,GENTAMICINA,Gentamicina,1.0
E.F.20.787,CARBAMAZEPINA,Carbamazepina,1.0
E.F.20.834,TIOCOLCHICOSIDO,Tiocolchicosido,1.0
E.F.20.886,FUROSEMIDA,Furosemida,1.0
E.F.21.008,TIOCOLCHICOSIDO,Tiocolchicosido,1.0
E.F.21.014,BETAMETASONA,Betametasona,1.0
E.F.21.021,DOBESILATO DE CALCIO,Dobesilato De Calcio,1.0
E.F.21.081,HIDROCORTISONA,Hidrocortisona,1.0
E.F.21.233,BENCIDAMINA CLORHIDRATO,Bencidamina,1.0
E.F.21.267,DEXAMETASONA FOSFATO SÓDICO,Dexametasona,1.0
E.F.21.271,ACIDO SALICILICO,Salicilico Acido,1.0
E.F.21.310,PROPRANOLOL,Propranolol,1.0
E.F.21.383,ESPIRONOLACTONA,Espironolactona,1.0
E.F.21.386,TIOCOLCHICOSIDO,Tiocolchicosido,1.0
E.F.21.495,LACTULOSA,Lactulosa,1.0
E.F.21.687,MEBENDAZOL,Mebendazol,1.0
E.F.21.722,IBUPROFENO,Ibuprofeno,1.0
E.F.21.800,CLOTRIMAZOL,Clotrimazol,1.0
E.F.21.818,ACETAMINOFEN,Acetaminofen,1.0
E.F.21.824,AMOXICILINA,Amoxicilina,1.0
E.F.21.864,CLINDAMICINA,Clindamicina,1.0
E.F.21.985,ACIDO FOLICO,Folico Acido,1.0
E.F.21.985,CIANOCOBALAMINA,Cianocobalamina,1.0
E.F.22.089,AMOXICILINA,Amoxicilina,1.0
E.F.22.127,IFOSFAMIDA,Ifosfamida,1.0
E.F.22.138,SULFAMETOXAZOL,Sulfametoxazol,1.0
E.F.22.142,LOPERAMIDA,Loperamida,1.0
E.F.22.165,MEBENDAZOL,Mebendazol,1.0
E.F.22.186,ACIDO ACETICO,Acetico Acido,1.0
E.F.22.218,SIMETICONA,Simeticona,1.0
E.F.22.276,PIRACETAM,Piracetam,1.0
E.F.22.332,ACETAMINOFEN,Acetaminofen,1.0
E.F.22.370,SULFAMETOXAZOL,Sulfametoxazol,1.0
E.F.22.437,CEFACLOR,Cefaclor,1.0
E.F.22.449,KETOPROFENO,Ketoprofeno,1.0
E.F.22.494,CAFEINA,Cafeina,1.0
E.F.22.494,ACETAMINOFEN,Acetaminofen,1.0
E.F.22.572,TRAZODONA,Trazodona,1.0
E.F.22.582,BUMETANIDA,Bumetanida,1.0
E.F.22.600,PIRACETAM,Piracetam,1.0
E.F.22.699,TRAZODONA,Trazodona,1.0
E.F.22.761,ATENOLOL,Atenolol,1.0
E.F.22.780,KETOTIFENO FUMARATO,Ketotifeno,1.0
E.F.22.878,ACETAMINOFEN,Acetaminofen,1.0
E.F.22.931,CLOTRIMAZOL,Clotrimazol,1.0
E.F.22.956,CLONIDINA,Clonidina,1.0
E.F.22.980,TEOFILINA,Teofilina,1.0
E.F.23.001,CIANOCOBALAMINA,Cianocobalamina,1.0
E.F.23.088,VITAMINA D3,Vitamina D3,1.0
E.F.23.115,TIOCOLCHICOSIDO,Tiocolchicosido,1.0
E.F.23.116,CLOTRIMAZOL,Clotrimazol,1.0
E.F.23.141,DIPIRONA,Dipirona,1.0
E.F.23.146,FUROSEMIDA,Furosemida,1.0
E.F.23.149,CICLOSPORINA,Ciclosporina,1.0
E.F.23.174,ACIDO VALPROICO,Valproico Acido,1.0
E.F.23.257,TAMOXIFENO,Tamoxifeno,1.0
E.F.23.271,ACIDO ASCORBICO,Ascorbico Acido,1.0
E.F.23.370,CLONIDINA,Clonidina,1.0
E.F.23.401,ACIDO VALPROICO,Valproico Acido,1.0
E.F.23.451,TIOCOLCHICOSIDO,Tiocolchicosido,1.0
E.F.23.470,ATENOLOL,Atenolol,1.0
E.F.23.476,IOPAMIDOL,Iopamidol,1.0
E.F.23.477,IOPAMIDOL,Iopamidol,1.0
E.F.23.484,ATENOLOL,Atenolol,1.0
E.F.23.484,CLORTALIDONA,Clortalidona,1.0
E.F.23.522,CODEINA,Codeina,1.0
E.F.23.522,ACETAMINOFEN,Acetaminofen,1.0
E.F.23.524,TIOCOLCHICOSIDO,Tiocolchicosido,1.0
E.F.23.550,TEOFILINA,Teofilina,1.0
E.F.23.563,AMIODARONA CLORHIDRATO,Amiodarona,1.0
E.F.23.582,TIMOLOL MALEATO,Timolol,1.0
E.F.23.583,TIMOLOL MALEATO,Timolol,1.0
E.F.23.662,DEXAMETASONA FOSFATO SÓDICO,Dexametasona,1.0
E.F.23.662,POLIMIXINA B,Polimixina B,1.0
E.F.23.663,DEXAMETASONA FOSFATO SÓDICO,Dexametasona,1.0
E.F.23.690,HIDROXIPROPILMETILCELULOSA,Hidroxipropilmetilcelulosa,1.0
E.F.23.691,TEOFILINA,Teofilina,1.0
E.F.23.718,SULFAMETOXAZOL,Sulfametoxazol,1.0
E.F.23.768,ATENOLOL,Atenolol,1.0
E.F.23.799,PARACETAMOL,Paracetamol,1.0
E.F.23.819,ACETAMINOFEN,Acetaminofen,1.0
E.F.23.881,TRAMADOL CLORHIDRATO,Tramadol,1.0
E.F.23.882,TRAMADOL CLORHIDRATO,Tramadol,1.0
E.F.23.884,TRAMADOL CLORHIDRATO,Tramadol,1.0
E.F.23.885,TRAMADOL CLORHIDRATO,Tramadol,1.0
E.F.23.980,TEOFILINA,Teofilina,1.0
E.F.23.986,ACETAMINOFEN,Acetaminofen,1.0
E.F.23.986,CAFEINA,Cafeina,1.0
E.F.24.000,SULFAMETOXAZOL,Sulfametoxazol,1.0
E.F.24.003,ACETAMINOFEN,Acetaminofen,1.0
E.F.24.017,BENSERAZIDA,Benserazida,1.0
E.F.24.017,LEVODOPA,Levodopa,1.0
E.F.24.066,RANITIDINA,Ranitidina,1.0
E.F.24.110,AMBROXOL,Ambroxol,1.0
E.F.24.111,AMBROXOL CLORHIDRATO,Ambroxol,1.0
E.F.24.196,ATENOLOL,Atenolol,1.0
E.F.24.209,ACICLOVIR,Aciclovir,1.0
E.F.24.210,ACICLOVIR,Aciclovir,1.0
E.F.24.240,ACICLOVIR,Aciclovir,1.0
E.F.24.278,NIMODIPINO,Nimodipino,1.0
E.F.24.286,DOBESILATO DE CALCIO,Dobesilato De Calcio,1.0
E.F.24.355,TINIDAZOL,Tinidazol,1.0
E.F.24.365,IOHEXOL,Iohexol,1.0
E.F.24.373,CLOTRIMAZOL,Clotrimazol,1.0
E.F.24.374,CLOTRIMAZOL,Clotrimazol,1.0
E.F.24.375,BROMURO DE IPRATROPIO,Bromuro De Ipratropio Monohidratado,1.0
E.F.24.420,METAMIZOL SODICO,Metamizol,1.0
E.F.24.454,DICLOFENAC SODICO,Diclofenaco,0.909
E.F.24.511,ALCANFOR,Alcanfor,1.0
E.F.24.511,MENTOL,Mentol,1.0
E.F.24.511,SALICILATO DE METILO,Salicilato Metilo,1.0
E.F.24.519,CINNARIZINA,Cinnarizina,1.0
E.F.24.520,CINNARIZINA,Cinnarizina,1.0
E.F.24.522,DICLOFENAC SODICO,Diclofenaco,0.909
E.F.24.554,ENALAPRIL,Enalapril,1.0
E.F.24.576,MINOXIDIL,Minoxidil,1.0
E.F.24.581,HIDROCLOROTIAZIDA,Hidroclorotiazida,1.0
E.F.24.590,ATENOLOL,Atenolol,1.0
E.F.24.592,WARFARINA,Warfarina,1.0
E.F.24.594,MINOXIDIL,Minoxidil,1.0
E.F.24.616,BUMETANIDA,Bumetanida,1.0
E.F.24.653,ENALAPRIL,Enalapril,1.0
E.F.24.654,ENALAPRIL,Enalapril,1.0
E.F.24.679,TOBRAMICINA SULFATO,Tobramicina,1.0
E.F.24.699,NIFEDIPINA,Nifedipino,0.9
E.F.24.704,ACETAMINOFEN,Acetaminofen,1.0
E.F.24.715,ETINILESTRADIOL,Etinilestradiol,1.0
E.F.24.736,ACETAMINOFEN,Acetaminofen,1.0
E.F.24.761,RANITIDINA,Ranitidina,1.0
E.F.24.808,AMPICILINA,Ampicilina,1.0
E.F.24.868,GENTAMICINA,Gentamicina,1.0
E.F.24.869,HIDROXIPROPILMETILCELULOSA,Hidroxipropilmetilcelulosa,1.0
E.F.24.875,ACETAMINOFEN,Acetaminofen,1.0
E.F.24.925,IBUPROFENO,Ibuprofeno,1.0
E.F.24.932,ALBENDAZOL,Albendazol,1.0
E.F.24.933,ALBENDAZOL,Albendazol,1.0
E.F.24.968,ACETAMINOFEN,Acetaminofen,1.0
E.F.24.973,NIFEDIPINA,Nifedipino,0.9
E.F.24.999,ACIDO CLAVULANICO,Clavulanico Acido,1.0
E.F.24.999,AMOXICILINA,Amoxicilina,1.0
E.F.25.000,AMOXICILINA,Amoxicilina,1.0
E.F.25.000,ACIDO CLAVULANICO,Clavulanico Acido,1.0
E.F.25.082,CARBAMAZEPINA,Carbamazepina,1.0
E.F.25.083,CARBAMAZEPINA,Carbamazepina,1.0
E.F.25.126,KETOCONAZOL,Ketoconazol,1.0
E.F.25.144,BETAXOLOL,Betaxolol,1.0
E.F.25.199,DOXICICLINA,Doxiciclina,1.0
E.F.25.203,CEFUROXIMA,Cefuroxima,1.0
E.F.25.204,CEFUROXIMA,Cefuroxima,1.0
E.F.25.255,CARBAMAZEPINA,Carbamazepina,1.0
E.F.25.264,MAGALDRATO,Magaldrato,1.0
E.F.25.265,MAGALDRATO,Magaldrato,1.0
E.F.25.273,ALBENDAZOL,Albendazol,1.0
E.F.25.276,ACETAMINOFEN,Acetaminofen,1.0
E.F.25.324,INDOMETACINA,Indometacina,1.0
E.F.25.332,AMBROXOL CLORHIDRATO,Ambroxol,1.0
E.F.25.339,BENCIDAMINA CLORHIDRATO,Bencidamina,1.0
E.F.25.348,FAMOTIDINA,Famotidina,1.0
E.F.25.349,FAMOTIDINA,Famotidina,1.0
E.F.25.350,ATENOLOL,Atenolol,1.0
E.F.25.350,CLORTALIDONA,Clortalidona,1.0
E.F.25.447,PROPOFOL,Propofol,1.0
E.F.25.515,LEVOTIROXINA SODICA,Levotiroxina,1.0
E.F.25.538,ACIDO CLAVULANICO,Clavulanico Acido,1.0
E.F.25.538,AMOXICILINA,Amoxicilina,1.0
E.F.25.566,CETIRIZINA DICLORHIDRATO,Cetirizina,1.0
E.F.25.569,ACICLOVIR,Aciclovir,1.0
E.F.25.617,LEVOTIROXINA SODICA,Levotiroxina,1.0
E.F.25.619,CLORURO DE CETILPIRIDINIO,Cetilpiridinio Cloruro,1.0
E.F.25.619,CLORHIDRATO DE LIDOCAINA,Lidocaina,1.0
E.F.25.621,KETOCONAZOL,Ketoconazol,1.0
E.F.25.668,BROMURO DE IPRATROPIO,Bromuro De Ipratropio Monohidratado,1.0
E.F.25.720,ATENOLOL,Atenolol,1.0
E.F.25.744,DICLOFENAC SODICO,Diclofenaco,0.909
E.F.25.781,SALICILATO DE METILO,Salicilato Metilo,1.0
E.F.25.781,MENTOL,Mentol,1.0
E.F.25.781,ALCANFOR,Alcanfor,1.0
E.F.25.865,ACIDO FOLICO,Folico Acido,1.0
E.F.25.867,KETOCONAZOL,Ketoconazol,1.0
E.F.25.902,CODEINA,Codeina,1.0
E.F.25.910,AMIODARONA,Amiodarona,1.0
E.F.25.937,ALCANFOR,Alcanfor,1.0
E.F.25.937,MENTOL,Mentol,1.0
E.F.25.937,SALICILATO DE METILO,Salicilato Metilo,1.0
E.F.25.942,ALBENDAZOL,Albendazol,1.0
E.F.25.949,BETAMETASONA,Betametasona,1.0
E.F.25.949,GENTAMICINA,Gentamicina,1.0
E.F.26.089,FLUCONAZOL,Fluconazol,1.0
E.F.26.140,TAMOXIFENO,Tamoxifeno,1.0
E.F.26.148,MINOXIDIL,Minoxidil,1.0
E.F.26.257,AMBROXOL CLORHIDRATO,Ambroxol,1.0
E.F.26.385,CLARITROMICINA,Claritromicina,1.0
E.F.26.407,POLIMIXINA B,Polimixina B,1.0
E.F.26.513,CAFEINA,Cafeina,1.0
E.F.26.513,CLORFENIRAMINA MALEATO,Clorfeniramina,1.0
E.F.26.513,ACETAMINOFEN,Acetaminofen,1.0
E.F.26.514,RANITIDINA,Ranitidina,1.0
E.F.26.529,CODEINA,Codeina,1.0
E.F.26.529,ACETAMINOFEN,Acetaminofen,1.0
E.F.26.651,FENOBARBITAL,Fenobarbital,1.0
E.F.26.655,ACETAMINOFEN,Acetaminofen,1.0
E.F.26.655,CAFEINA,Cafeina,1.0
E.F.26.662,NAPROXENO SODICO,Naproxeno,1.0
E.F.26.674,LISINOPRIL,Lisinopril,1.0
E.F.26.675,LISINOPRIL,Lisinopril,1.0
E.F.26.693,HESPERIDINA,Hesperidina,1.0
E.F.26.693,DIOSMINA,Diosmina,1.0
E.F.26.711,LISINOPRIL,Lisinopril,1.0
E.F.26.734,DICLOFENACO POTASICO,Diclofenaco,1.0
E.F.26.766,NIFEDIPINA,Nifedipino,0.9
E.F.26.767,NIFEDIPINA,Nifedipino,0.9
E.F.26.786,ENALAPRIL,Enalapril,1.0
E.F.26.786,HIDROCLOROTIAZIDA,Hidroclorotiazida,1.0
E.F.26.787,HIDROCLOROTIAZIDA,Hidroclorotiazida,1.0
E.F.26.930,TOBRAMICINA SULFATO,Tobramicina,1.0
E.F.26.930,DEXAMETASONA FOSFATO SÓDICO,Dexametasona,1.0
E.F.26.943,RAMIPRIL,Ramipril,1.0
E.F.26.981,METRONIDAZOL,Metronidazol,1.0
E.F.27.030,TINIDAZOL,Tinidazol,1.0
E.F.27.042,WARFARINA,Warfarina,1.0
E.F.27.058,TRIGLICERIDOS DE CADENA MEDIA,Trigliceridos Cadena Media,1.0
E.F.27.092,DEXAMETASONA FOSFATO SÓDICO,Dexametasona,1.0
E.F.27.092,TOBRAMICINA SULFATO,Tobramicina,1.0
E.F.27.122,FLUOXETINA,Fluoxetina,1.0
E.F.27.157,CIPROFLOXACINO,Ciprofloxacino,1.0
E.F.27.200,CLORURO DE SODIO,Calcio Cloruro,1.0
E.F.27.231,ACIDO ACETICO,Acetico Acido,1.0
E.F.27.233,LORATADINA,Loratadina,1.0
E.F.27.243,FLUCONAZOL,Fluconazol,1.0
E.F.27.286,PIROXICAM,Piroxicam,1.0
E.F.27.364,AZITROMICINA DIHIDRATO,Azitromicina,1.0
E.F.27.377,KETOROLACO,Ketorolaco,1.0
E.F.27.378,KETOROLACO,Ketorolaco,1.0
E.F.27.398,IBUPROFENO,Ibuprofeno,1.0
E.F.27.414,ACIDO FOLICO,Folico Acido,1.0
E.F.27.435,FLUCONAZOL,Fluconazol,1.0
E.F.27.447,ALBENDAZOL,Albendazol,1.0
E.F.27.452,CIPROFLOXACINO,Ciprofloxacino,1.0
E.F.27.455,IBUPROFENO,Ibuprofeno,1.0
E.F.27.457,AMLODIPINA,Amlodipino,0.9
E.F.27.471,DICLOFENACO POTASICO,Diclofenaco,1.0
E.F.27.475,CEFIXIMA,Cefixima,1.0
E.F.27.484,ACIDO FOLICO,Folico Acido,1.0
E.F.27.541,LORATADINA,Loratadina,1.0
E.F.27.553,CAFEINA,Cafeina,1.0
E.F.27.553,ACETAMINOFEN,Acetaminofen,1.0
E.F.27.560,FAMOTIDINA,Famotidina,1.0
E.F.27.596,IBUPROFENO,Ibuprofeno,1.0
E.F.27.634,ACIDO FOLICO,Folico Acido,1.0
E.F.27.651,LEVOCARNITINA,Levocarnitina,1.0
E.F.27.652,GRANISETRON,Granisetron,1.0
E.F.27.683,ONDANSETRON,Ondansetron,1.0
E.F.27.689,SALBUTAMOL,Salbutamol,1.0
E.F.27.693,TIOCOLCHICOSIDO,Tiocolchicosido,1.0
E.F.27.764,NICOTINAMIDA,Nicotinamida,1.0
E.F.27.764,VITAMINA C,Vitamina C,1.0
E.F.27.764,VITAMINA D3,Vitamina D3,1.0
E.F.27.764,VITAMINA B12,Vitamina B12,1.0
E.F.27.772,AMLODIPINA,Amlodipino,0.9
E.F.27.777,CEFIXIMA,Cefixima,1.0
E.F.27.807,CIANOCOBALAMINA,Cianocobalamina,1.0
E.F.27.807,NIACINAMIDA,Niacinamida,1.0
E.F.27.813,FUROSEMIDA,Furosemida,1.0
E.F.27.816,CEFADROXILO,Cefadroxilo,1.0
E.F.27.906,HIDROXICLOROQUINA,Hidroxicloroquina,1.0
E.F.27.907,AZITROMICINA,Azitromicina,1.0
E.F.27.924,CLORHIDRATO DE CICLOPENTOLATO,Ciclopentolato,1.0
E.F.27.948,CICLOSPORINA,Ciclosporina,1.0
E.F.27.949,CICLOSPORINA,Ciclosporina,1.0
E.F.27.950,CICLOSPORINA,Ciclosporina,1.0
E.F.28.025,TOBRAMICINA SULFATO,Tobramicina,1.0
E.F.28.027,SERTACONAZOL,Sertaconazol,1.0
E.F.28.035,RANITIDINA,Ranitidina,1.0
E.F.28.068,FLUCONAZOL,Fluconazol,1.0
E.F.28.082,FENOBARBITAL,Fenobarbital,1.0
E.F.28.086,KETOTIFENO,Ketotifeno,1.0
E.F.28.095,AMBROXOL CLORHIDRATO,Ambroxol,1.0
E.F.28.129,AMBROXOL CLORHIDRATO,Ambroxol,1.0
E.F.28.133,PROGESTERONA,Progesterona,1.0
E.F.28.142,ACIDO FOLICO,Folico Acido,1.0
E.F.28.152,DEXAMETASONA FOSFATO SÓDICO,Dexametasona,1.0
E.F.28.152,TOBRAMICINA SULFATO,Tobramicina,1.0
E.F.28.167,FAMOTIDINA,Famotidina,1.0
E.F.28.177,HIDROCORTISONA,Hidrocortisona,1.0
E.F.28.187,APRACLONIDINA,Apraclonidina,1.0
E.F.28.208,CLARITROMICINA,Claritromicina,1.0
E.F.28.214,BETAMETASONA DIPROPIONATO,Betametasona Dipropionato,1.0
E.F.28.216,ACETAMINOFEN,Acetaminofen,1.0
E.F.28.223,ACETAMINOFEN,Acetaminofen,1.0
E.F.28.223,CAFEINA,Cafeina,1.0
E.F.28.232,CAFEINA,Cafeina,1.0
E.F.28.232,ACETAMINOFEN,Acetaminofen,1.0
E.F.28.233,CAFEINA,Cafeina,1.0
E.F.28.233,ACETAMINOFEN,Acetaminofen,1.0
E.F.28.238,CLARITROMICINA,Claritromicina,1.0
E.F.28.252,FLUTICASONA PROPIONATO,Fluticasona Propionato,1.0
E.F.28.255,FLUTICASONA PROPIONATO,Fluticasona Propionato,1.0
E.F.28.265,CLORURO DE BENZALCONIO,Benzalconio Cloruro,1.0
E.F.28.267,KETOCONAZOL,Ketoconazol,1.0
E.F.28.268,TRETINOINA,Tretinoina,1.0
E.F.28.274,CETIRIZINA,Cetirizina,1.0
E.F.28.278,TRETINOINA,Tretinoina,1.0
E.F.28.312,ALBENDAZOL,Albendazol,1.0
E.F.28.326,FLUNARIZINA,Flunarizina,1.0
E.F.28.346,LEVOCETIRIZINA DICLORHIDRATO,Levocetirizina,1.0
E.F.28.366,TRETINOINA,Tretinoina,1.0
E.F.28.367,TRETINOINA,Tretinoina,1.0
E.F.28.368,TRETINOINA,Tretinoina,1.0
E.F.28.380,DEXAMETASONA FOSFATO SÓDICO,Dexametasona,1.0
E.F.28.389,AMBROXOL CLORHIDRATO,Ambroxol,1.0
E.F.28.391,DEXCLORFENIRAMINA,Dexclorfeniramina,1.0
E.F.28.391,CAFEINA,Cafeina,1.0
E.F.28.391,ACETAMINOFEN,Acetaminofen,1.0
E.F.28.393,CEFADROXILO,Cefadroxilo,1.0
E.F.28.398,BROMURO DE IPRATROPIO,Bromuro De Ipratropio Monohidratado,1.0
E.F.28.401,AMBROXOL CLORHIDRATO,Ambroxol,1.0
E.F.28.425,AMBROXOL CLORHIDRATO,Ambroxol,1.0
E.F.28.426,AMBROXOL CLORHIDRATO,Ambroxol,1.0
E.F.28.437,LACTULOSA,Lactulosa,1.0
E.F.28.482,CLORURO DE SODIO,Calcio Cloruro,1.0
E.F.28.482,CLORURO DE POTASIO,Calcio Cloruro,1.0
E.F.28.502,ALBENDAZOL,Albendazol,1.0
E.F.28.504,BROMURO DE IPRATROPIO,Bromuro De Ipratropio Monohidratado,1.0
E.F.28.540,GEMFIBROZILO,Gemfibrozilo,1.0
E.F.28.544,CLORURO DE SODIO,Calcio Cloruro,1.0
E.F.28.545,CLORURO DE SODIO,Calcio Cloruro,1.0
E.F.28.545,GLUCOSA MONOHIDRATO,Glucosa,1.0
E.F.28.561,NIFEDIPINA,Nifedipino,0.9
E.F.28.562,NIFEDIPINA,Nifedipino,0.9
E.F.28.565,FENTICONAZOL,Fenticonazol,1.0
E.F.28.577,IBUPROFENO,Ibuprofeno,1.0
E.F.28.587,CLORURO DE POTASIO,Calcio Cloruro,1.0
E.F.28.587,CLORURO DE SODIO,Calcio Cloruro,1.0
E.F.28.589,KETOPROFENO,Ketoprofeno,1.0
E.F.28.593,FENTICONAZOL,Fenticonazol,1.0
E.F.28.623,FLUCONAZOL,Fluconazol,1.0
E.F.28.634,ACICLOVIR,Aciclovir,1.0
E.F.28.666,DEXTROMETORFANO BROMHIDRATO MONOHIDRATO,Dextrometorfano,1.0
E.F.28.667,ACIDO ACETICO,Acetico Acido,1.0
E.F.28.673,DOXICICLINA MONOHIDRATO,Doxiciclina,1.0
E.F.28.693,SEVOFLURANO,Sevoflurano,1.0
E.F.28.711,KETOPROFENO,Ketoprofeno,1.0
E.F.28.769,AZITROMICINA,Azitromicina,1.0
E.F.28.770,AZITROMICINA DIHIDRATO,Azitromicina,1.0
E.F.28.780,METRONIDAZOL,Metronidazol,1.0
E.F.28.801,ACIDO FOLICO,Folico Acido,1.0
E.F.28.801,SULFATO DE COBRE,Cobre,1.0
E.F.28.812,AMBROXOL CLORHIDRATO,Ambroxol,1.0
E.F.28.820,VALACICLOVIR,Valaciclovir,1.0
E.F.28.826,ALBENDAZOL,Albendazol,1.0
E.F.28.856,DOXICICLINA MONOHIDRATO,Doxiciclina,1.0
E.F.28.864,TRETINOINA,Tretinoina,1.0
E.F.28.973,IBUPROFENO,Ibuprofeno,1.0
E.F.28.980,HIERRO,Fumarato Hierro,1.0
E.F.28.980,ACIDO FOLICO,Folico Acido,1.0
E.F.28.992,RISPERIDONA,Risperidona,1.0
E.F.28.993,RISPERIDONA,Risperidona,1.0
E.F.28.995,SIMVASTATINA,Simvastatina,1.0
E.F.29.035,DICLOFENACO POTASICO,Diclofenaco,1.0
E.F.29.036,MENTOL,Mentol,1.0
E.F.29.036,SALICILATO DE METILO,Salicilato Metilo,1.0
E.F.29.038,DICLOFENACO POTASICO,Diclofenaco,1.0
E.F.29.052,ALBENDAZOL,Albendazol,1.0
E.F.29.063,IBUPROFENO,Ibuprofeno,1.0
E.F.29.093,IOVERSOL,Ioversol,1.0
E.F.29.094,IOVERSOL,Ioversol,1.0
E.F.29.095,CETIRIZINA,Cetirizina,1.0
E.F.29.096,CAFEINA,Cafeina,1.0
E.F.29.096,CLORFENIRAMINA,Clorfeniramina,1.0
E.F.29.096,ACETAMINOFEN,Acetaminofen,1.0
E.F.29.098,PEROXIDO DE BENZOILO,Benzoilo Peroxido,1.0
E.F.29.105,FLUCONAZOL,Fluconazol,1.0
E.F.29.110,CLORURO DE SODIO,Calcio Cloruro,1.0
E.F.29.117,CAFEINA,Cafeina,1.0
E.F.29.117,ACETAMINOFEN,Acetaminofen,1.0
E.F.29.123,CETIRIZINA CLORHIDRATO,Cetirizina,1.0
E.F.29.149,LOSARTAN POTASICO,Losartan,1.0
E.F.29.162,BICALUTAMIDA,Bicalutamida,1.0
E.F.29.176,LORATADINA,Loratadina,1.0
E.F.29.194,ACICLOVIR,Aciclovir,1.0
E.F.29.213,FLUTAMIDA,Flutamida,1.0
E.F.29.219,DESFLURANO,Desflurano,1.0
E.F.29.223,PEROXIDO DE BENZOILO,Benzoilo Peroxido,1.0
E.F.29.348,CETIRIZINA DICLORHIDRATO,Cetirizina,1.0
E.F.29.367,ANASTROZOL,Anastrozol,1.0
E.F.29.408,BECLOMETASONA DIPROPIONATO,Beclometasona Dipropionato,1.0
E.F.29.414,LISINOPRIL,Lisinopril,1.0
E.F.29.414,HIDROCLOROTIAZIDA,Hidroclorotiazida,1.0
E.F.29.424,AMBROXOL CLORHIDRATO,Ambroxol,1.0
E.F.29.437,SECNIDAZOL,Secnidazol Anhidro,1.0
E.F.29.475,ACETAMINOFEN,Acetaminofen,1.0
E.F.29.476,CIPROFLOXACINO,Ciprofloxacino,1.0
E.F.29.480,FLUCONAZOL,Fluconazol,1.0
E.F.29.493,AZITROMICINA,Azitromicina,1.0
E.F.29.505,BECLOMETASONA DIPROPIONATO,Beclometasona Dipropionato,1.0
E.F.29.506,AMBROXOL CLORHIDRATO,Ambroxol,1.0
E.F.29.523,DICLOFENACO POTASICO,Diclofenaco,1.0
E.F.29.532,METRONIDAZOL,Metronidazol,1.0
E.F.29.535,SECNIDAZOL,Secnidazol Anhidro,1.0
E.F.29.536,SECNIDAZOL,Secnidazol Anhidro,1.0
E.F.29.544,IRINOTECAN,Irinotecan,1.0
E.F.29.545,ACETAMINOFEN,Acetaminofen,1.0
E.F.29.546,SECNIDAZOL,Secnidazol Anhidro,1.0
E.F.29.580,GOSERELINA,Goserelina,1.0
E.F.29.581,GOSERELINA,Goserelina,1.0
E.F.29.592,RANITIDINA,Ranitidina,1.0
E.F.29.677,LETROZOL,Letrozol,1.0
E.F.29.689,ACETAMINOFEN,Acetaminofen,1.0
E.F.29.689,CLORFENIRAMINA,Clorfeniramina,1.0
E.F.29.692,CEFTRIAXONA,Ceftriaxona,1.0
E.F.29.713,METRONIDAZOL,Metronidazol,1.0
E.F.29.734,SECNIDAZOL,Secnidazol Anhidro,1.0
E.F.29.748,CLOTRIMAZOL,Clotrimazol,1.0
E.F.29.756,IBUPROFENO,Ibuprofeno,1.0
E.F.29.801,PACLITAXEL,Paclitaxel,1.0
E.F.29.807,RANITIDINA,Ranitidina,1.0
E.F.29.808,LORATADINA,Loratadina,1.0
E.F.29.821,FOSFOMICINA,Fosfomicina,1.0
E.F.29.828,RANITIDINA,Ranitidina,1.0
E.F.29.829,INDAPAMIDA,Indapamida,1.0
E.F.29.830,HIDROCLOROTIAZIDA,Hidroclorotiazida,1.0
E.F.29.831,HIDROCLOROTIAZIDA,Hidroclorotiazida,1.0
E.F.29.832,HIDROCLOROTIAZIDA,Hidroclorotiazida,1.0
E.F.29.834,CARVEDILOL,Carvedilol,1.0
E.F.29.835,CARVEDILOL,Carvedilol,1.0
E.F.29.836,CARVEDILOL,Carvedilol,1.0
E.F.29.869,IRBESARTAN,Irbesartan,1.0
E.F.29.872,IRBESARTAN,Irbesartan,1.0
E.F.29.895,IBUPROFENO,Ibuprofeno,1.0
E.F.29.902,AMOXICILINA,Amoxicilina,1.0
E.F.29.902,ACIDO CLAVULANICO,Clavulanico Acido,1.0
E.F.29.922,METRONIDAZOL,Metronidazol,1.0
E.F.29.934,METRONIDAZOL,Metronidazol,1.0
E.F.29.942,VALSARTAN,Valsartan,1.0
E.F.29.942,HIDROCLOROTIAZIDA,Hidroclorotiazida,1.0
E.F.29.950,AMPICILINA,Ampicilina,1.0
E.F.29.956,AMIKACINA,Amikacina,1.0
E.F.29.957,AMIKACINA,Amikacina,1.0
E.F.29.963,CABERGOLINA,Cabergolina,1.0
E.F.29.978,ACETAMINOFEN,Acetaminofen,1.0
E.F.30.016,CLOTRIMAZOL,Clotrimazol,1.0
E.F.30.020,AMLODIPINA,Amlodipino,0.9
E.F.30.021,NAPROXENO,Naproxeno,1.0
E.F.30.032,AZATIOPRINA,Azatioprina,1.0
E.F.30.040,LORATADINA,Loratadina,1.0
E.F.30.051,METAMIZOL SODICO,Metamizol,1.0
E.F.30.053,LORATADINA,Loratadina,1.0
E.F.30.063,AMLODIPINA,Amlodipino,0.9
E.F.30.084,TRIAMCINOLONA,Triamcinolona,1.0
E.F.30.092,BECLOMETASONA DIPROPIONATO,Beclometasona Dipropionato,1.0
E.F.30.096,FUROSEMIDA,Furosemida,1.0
E.F.30.105,RISPERIDONA,Risperidona,1.0
E.F.30.106,RISPERIDONA,Risperidona,1.0
E.F.30.116,SERTACONAZOL,Sertaconazol,1.0
E.F.30.137,BASILIXIMAB,Basiliximab,1.0
E.F.30.147,FEXOFENADINA,Fexofenadina,1.0
E.F.30.158,SUMATRIPTAN,Sumatriptan,1.0
E.F.30.171,SERTRALINA,Sertralina,1.0
E.F.30.196,AMBROXOL CLORHIDRATO,Ambroxol,1.0
E.F.30.211,IBUPROFENO,Ibuprofeno,1.0
E.F.30.220,MELOXICAM,Meloxicam,1.0
E.F.30.221,MELOXICAM,Meloxicam,1.0
E.F.30.233,ACIDO FOLICO,Folico Acido,1.0
E.F.30.243,SIMVASTATINA,Simvastatina,1.0
E.F.30.271,CLOTRIMAZOL,Clotrimazol,1.0
E.F.30.272,CLOTRIMAZOL,Clotrimazol,1.0
E.F.30.279,SALBUTAMOL,Salbutamol,1.0
E.F.30.284,BECLOMETASONA DIPROPIONATO,Beclometasona Dipropionato,1.0
E.F.30.293,PSEUDOEFEDRINA,Pseudoefedrina,1.0
E.F.30.293,LORATADINA,Loratadina,1.0
E.F.30.297,TIMOLOL MALEATO,Timolol,1.0
E.F.30.326,PEROXIDO DE BENZOILO,Benzoilo Peroxido,1.0
E.F.30.337,VANCOMICINA,Vancomicina,1.0
E.F.30.345,CIANOCOBALAMINA,Cianocobalamina,1.0
E.F.30.346,CEFUROXIMA,Cefuroxima,1.0
E.F.30.355,CEFTRIAXONA,Ceftriaxona,1.0
E.F.30.402,SULODEXIDA,Sulodexida,1.0
E.F.30.403,SULODEXIDA,Sulodexida,1.0
E.F.30.424,TOPIRAMATO,Topiramato,1.0
E.F.30.425,TOPIRAMATO,Topiramato,1.0
E.F.30.457,LOSARTAN POTASICO,Losartan,1.0
E.F.30.470,RIZATRIPTAN,Rizatriptan,1.0
E.F.30.472,RIZATRIPTAN,Rizatriptan,1.0
E.F.30.473,RIZATRIPTAN,Rizatriptan,1.0
E.F.30.476,RILUZOL,Riluzol,1.0
E.F.30.481,FLUCONAZOL,Fluconazol,1.0
E.F.30.484,LATANOPROST,Latanoprost,1.0
E.F.30.496,ACETAMINOFEN,Acetaminofen,1.0
E.F.30.514,ALPROSTADIL,Alprostadil,1.0
E.F.30.521,SECNIDAZOL,Secnidazol Anhidro,1.0
E.F.30.525,SECNIDAZOL,Secnidazol Anhidro,1.0
E.F.30.537,LEFLUNOMIDA,Leflunomida,1.0
E.F.30.574,DORZOLAMIDA CLORHIDRATO,Dorzolamida,1.0
E.F.30.588,CLOPIDOGREL,Clopidogrel,1.0
E.F.30.598,DOXORUBICINA,Doxorubicina,1.0
E.F.30.600,ACIDO ASCORBICO,Ascorbico Acido,1.0
E.F.30.604,HIDROCORTISONA,Hidrocortisona,1.0
E.F.30.661,TROPICAMIDA,Tropicamida,1.0
E.F.30.684,BACITRACINA ZINC,Bacitracina-zinc,1.0
E.F.30.697,LEVONORGESTREL,Levonorgestrel,1.0
E.F.30.703,TELMISARTAN,Telmisartan,1.0
E.F.30.704,TELMISARTAN,Telmisartan,1.0
E.F.30.715,DILTIAZEM,Diltiazem,1.0
E.F.30.729,SIMVASTATINA,Simvastatina,1.0
E.F.30.739,DOBUTAMINA,Dobutamina,1.0
E.F.30.741,CEFTAZIDIMA,Ceftazidima,1.0
E.F.30.756,VITAMINA D3,Vitamina D3,1.0
E.F.30.780,ACIDO ASCORBICO,Ascorbico Acido,1.0
E.F.30.784,GUAIFENESINA,Guaifenesina,1.0
E.F.30.807,ACETAMINOFEN,Acetaminofen,1.0
E.F.30.809,AMBROXOL,Ambroxol,1.0
E.F.30.810,AMBROXOL,Ambroxol,1.0
E.F.30.811,ALPRAZOLAM,Alprazolam,1.0
E.F.30.812,LIDOCAINA,Lidocaina,1.0
E.F.30.813,LIDOCAINA,Lidocaina,1.0
E.F.30.815,LEVODROPROPIZINA,Levodropropizina,1.0
E.F.30.817,EXEMESTANO,Exemestano,1.0
E.F.30.819,MENTOL,Mentol,1.0
E.F.30.819,ALCANFOR,Alcanfor,1.0
E.F.30.822,MELOXICAM,Meloxicam,1.0
E.F.30.823,MELOXICAM,Meloxicam,1.0
E.F.30.828,ZIDOVUDINA,Zidovudina,1.0
E.F.30.828,LAMIVUDINA,Lamivudina,1.0
E.F.30.851,METRONIDAZOL,Metronidazol,1.0
E.F.30.870,LIDOCAINA,Lidocaina,1.0
E.F.30.871,ALPRAZOLAM,Alprazolam,1.0
E.F.30.909,LORATADINA,Loratadina,1.0
E.F.30.911,BUDESONIDA,Budesonida,1.0
E.F.30.917,BUDESONIDA,Budesonida,1.0
E.F.31.002,ACIDO ASCORBICO,Ascorbico Acido,1.0
E.F.31.003,ACIDO ASCORBICO,Ascorbico Acido,1.0
E.F.31.006,KETOPROFENO,Ketoprofeno,1.0
E.F.31.007,KETOPROFENO,Ketoprofeno,1.0
E.F.31.009,CLINDAMICINA,Clindamicina,1.0
E.F.31.026,CITICOLINA,Citicolina,1.0
E.F.31.029,AMPICILINA SODICA,Ampicilina,1.0
E.F.31.029,SULBACTAM SODICA,Sulbactam,1.0
E.F.31.036,HIDROCLOROTIAZIDA,Hidroclorotiazida,1.0
E.F.31.036,LOSARTAN POTASICO,Losartan,1.0
E.F.31.049,ACICLOVIR,Aciclovir,1.0
E.F.31.051,CLONIXINATO DE LISINA,Clonixino Lisina,0.909
E.F.31.052,CLONIXINATO DE LISINA,Clonixino Lisina,0.909
E.F.31.082,ACICLOVIR,Aciclovir,1.0
E.F.31.091,AMBROXOL CLORHIDRATO,Ambroxol,1.0
E.F.31.127,FLUOROURACILO,Fluorouracilo,1.0
E.F.31.138,LORATADINA,Loratadina,1.0
E.F.31.145,AMIODARONA CLORHIDRATO,Amiodarona,1.0
E.F.31.150,CAFEINA,Cafeina,1.0
E.F.31.150,ACETAMINOFEN,Acetaminofen,1.0
E.F.31.152,ACETAMINOFEN,Acetaminofen,1.0
E.F.31.167,SECNIDAZOL,Secnidazol Anhidro,1.0
E.F.31.168,SECNIDAZOL,Secnidazol Anhidro,1.0
E.F.31.189,ACIDO CLAVULANICO,Clavulanico Acido,1.0
E.F.31.189,AMOXICILINA,Amoxicilina,1.0
E.F.31.193,IBUPROFENO,Ibuprofeno,1.0
E.F.31.194,SIMVASTATINA,Simvastatina,1.0
E.F.31.221,CLOTRIMAZOL,Clotrimazol,1.0
E.F.31.223,BETAHISTINA CLORHIDRATO,Betahistina,1.0
E.F.31.226,SALMETEROL,Salmeterol,1.0
E.F.31.233,FLUTICASONA,Fluticasona,1.0
E.F.31.233,SALMETEROL,Salmeterol,1.0
E.F.31.240,HIDROCLOROTIAZIDA,Hidroclorotiazida,1.0
E.F.31.240,IRBESARTAN,Irbesartan,1.0
E.F.31.241,HIDROCLOROTIAZIDA,Hidroclorotiazida,1.0
E.F.31.241,IRBESARTAN,Irbesartan,1.0
E.F.31.244,CAFEINA,Cafeina,1.0
E.F.31.244,ACIDO ACETILSALICILICO,Acetilsalicilico Acido,1.0
E.F.31.244,ACETAMINOFEN,Acetaminofen,1.0
E.F.31.263,MESNA,Mesna,1.0
E.F.31.264,SULBACTAM,Sulbactam,1.0
E.F.31.264,AMPICILINA,Ampicilina,1.0
E.F.31.273,TOBRAMICINA SULFATO,Tobramicina,1.0
E.F.31.275,AMOXICILINA,Amoxicilina,1.0
E.F.31.304,KETOPROFENO,Ketoprofeno,1.0
E.F.31.313,AMOXICILINA,Amoxicilina,1.0
E.F.31.374,XINAFOATO DE SALMETEROL,Salmeterol Xinafoato,1.0
E.F.31.376,FLUTICASONA PROPIONATO,Fluticasona Propionato,1.0
E.F.31.376,XINAFOATO DE SALMETEROL,Salmeterol Xinafoato,1.0
E.F.31.377,FLUTICASONA PROPIONATO,Fluticasona Propionato,1.0
E.F.31.378,HIDROCORTISONA,Hidrocortisona,1.0
E.F.31.384,HIDROCLOROTIAZIDA,Hidroclorotiazida,1.0
E.F.31.384,LOSARTAN POTASICO,Losartan,1.0
E.F.31.416,SECNIDAZOL,Secnidazol Anhidro,1.0
E.F.31.419,VITAMINA C,Vitamina C,1.0
E.F.31.419,VITAMINA D3,Vitamina D3,1.0
E.F.31.437,ACIDO ASCORBICO,Ascorbico Acido,1.0
E.F.31.438,ACIDO ASCORBICO,Ascorbico Acido,1.0
E.F.31.439,ACETAMINOFEN,Acetaminofen,1.0
E.F.31.450,LEVONORGESTREL,Levonorgestrel,1.0
E.F.31.451,SECNIDAZOL,Secnidazol Anhidro,1.0
E.F.31.455,ACIDO ASCORBICO,Ascorbico Acido,1.0
E.F.31.462,CAPECITABINA,Capecitabina,1.0
E.F.31.465,ACIDO ASCORBICO,Ascorbico Acido,1.0
E.F.31.470,ACETAMINOFEN,Acetaminofen,1.0
E.F.31.478,DIACEREINA,Diacereina,1.0
E.F.31.488,CLONIXINATO DE LISINA,Clonixino Lisina,0.909
E.F.31.517,BUPIVACAINA,Bupivacaina,1.0
E.F.31.523,ACIDO ACETILSALICILICO,Acetilsalicilico Acido,1.0
E.F.31.547,ACETAMINOFEN,Acetaminofen,1.0
E.F.31.562,TROPICAMIDA,Tropicamida,1.0
E.F.31.563,TOBRAMICINA SULFATO,Tobramicina,1.0
E.F.31.563,DEXAMETASONA FOSFATO SÓDICO,Dexametasona,1.0
E.F.31.588,HIDROCORTISONA,Hidrocortisona,1.0
E.F.31.588,CIPROFLOXACINO,Ciprofloxacino,1.0
E.F.31.600,DEXAMETASONA FOSFATO SÓDICO,Dexametasona,1.0
E.F.31.689,LAMOTRIGINA,Lamotrigina,1.0
E.F.31.691,VALSARTAN,Valsartan,1.0
E.F.31.691,HIDROCLOROTIAZIDA,Hidroclorotiazida,1.0
E.F.31.702,DIOSMINA,Diosmina,1.0
E.F.31.716,IOPROMIDA,Iopromida,1.0
E.F.31.717,IOPROMIDA,Iopromida,1.0
E.F.31.743,CARVEDILOL,Carvedilol,1.0
E.F.31.744,CARVEDILOL,Carvedilol,1.0
E.F.31.745,CARVEDILOL,Carvedilol,1.0
E.F.31.768,BETAMETASONA,Betametasona,1.0
E.F.31.768,LORATADINA,Loratadina,1.0
E.F.31.794,ACIDO ALENDRONICO,Alendronico Acido,1.0
E.F.31.798,RACECADOTRILO,Racecadotrilo,1.0
E.F.31.805,IBUPROFENO,Ibuprofeno,1.0
E.F.31.805,CAFEINA,Cafeina,1.0
E.F.31.816,KETOROLACO,Ketorolaco,1.0
E.F.31.857,KETOCONAZOL,Ketoconazol,1.0
E.F.31.881,BROMURO DE VECURONIO,Rocuronio Bromuro,0.889
E.F.31.896,ACIDO ACETILSALICILICO,Acetilsalicilico Acido,1.0
E.F.31.910,TRAVOPROST,Travoprost,1.0
E.F.31.911,CIPROFLOXACINO,Ciprofloxacino,1.0
E.F.31.914,ESOMEPRAZOL MAGNESICO TRIHIDRATO,Esomeprazol Magnesico,1.0
E.F.31.920,DOBUTAMINA,Dobutamina,1.0
E.F.31.923,ESOMEPRAZOL MAGNESICO TRIHIDRATO,Esomeprazol Magnesico,1.0
E.F.31.955,TIMOLOL MALEATO,Timolol,1.0
E.F.31.955,DORZOLAMIDA CLORHIDRATO,Dorzolamida,1.0
E.F.31.956,DORZOLAMIDA CLORHIDRATO,Dorzolamida,1.0
E.F.31.960,SECNIDAZOL,Secnidazol Anhidro,1.0
E.F.31.976,SUMATRIPTAN,Sumatriptan,1.0
E.F.31.980,CETIRIZINA DICLORHIDRATO,Cetirizina,1.0
E.F.31.997,TOBRAMICINA SULFATO,Tobramicina,1.0
E.F.32.002,RACECADOTRILO,Racecadotrilo,1.0
E.F.32.007,AZITROMICINA,Azitromicina,1.0
E.F.32.020,CAFEINA,Cafeina,1.0
E.F.32.020,ACETAMINOFEN,Acetaminofen,1.0
E.F.32.031,ETINILESTRADIOL,Etinilestradiol,1.0
E.F.32.031,DROSPIRENONA,Drospirenona,1.0
E.F.32.037,CLORFENIRAMINA,Clorfeniramina,1.0
E.F.32.037,ACETAMINOFEN,Acetaminofen,1.0
E.F.32.052,TEMOZOLOMIDA,Temozolomida,1.0
E.F.32.057,CETIRIZINA DICLORHIDRATO,Cetirizina,1.0
E.F.32.061,BICALUTAMIDA,Bicalutamida,1.0
E.F.32.066,AZITROMICINA,Azitromicina,1.0
E.F.32.072,FORMOTEROL,Formoterol,1.0
E.F.32.072,BUDESONIDA,Budesonida,1.0
E.F.32.076,FORMOTEROL,Formoterol,1.0
E.F.32.076,BUDESONIDA,Budesonida,1.0
E.F.32.078,ERITROMICINA,Eritromicina,1.0
E.F.32.091,ACETAMINOFEN,Acetaminofen,1.0
E.F.32.103,DIMENHIDRINATO,Dimenhidrinato,1.0
E.F.32.112,BICALUTAMIDA,Bicalutamida,1.0
E.F.32.114,LORATADINA,Loratadina,1.0
E.F.32.119,CICLOBENZAPRINA CLORHIDRATO,Ciclobenzaprina,1.0
E.F.32.119,CLONIXINATO DE LISINA,Clonixino Lisina,0.909
E.F.32.123,CLORFENIRAMINA,Clorfeniramina,1.0
E.F.32.123,ACETAMINOFEN,Acetaminofen,1.0
E.F.32.164,VALSARTAN,Valsartan,1.0
E.F.32.166,VALSARTAN,Valsartan,1.0
E.F.32.168,AZELASTINA CLORHIDRATO,Azelastina,1.0
E.F.32.217,CANDESARTAN CILEXETILO,Candesartan Cilexetilo,1.0
E.F.32.231,FEXOFENADINA,Fexofenadina,1.0
E.F.32.232,FEXOFENADINA,Fexofenadina,1.0
E.F.32.233,PSEUDOEFEDRINA,Pseudoefedrina,1.0
E.F.32.233,FEXOFENADINA,Fexofenadina,1.0
E.F.32.234,FEXOFENADINA CLORHIDRATO,Fexofenadina,1.0
E.F.32.290,CETIRIZINA DICLORHIDRATO,Cetirizina,1.0
E.F.32.319,TARTRATO DE BRIMONIDINA,Brimonidina,1.0
E.F.32.341,BUPIVACAINA,Bupivacaina,1.0
E.F.32.358,TRIMEBUTINA,Trimebutina,1.0
E.F.32.386,CITICOLINA SODICA,Citicolina,1.0
E.F.32.392,MOXIFLOXACINO CLORHIDRATO,Moxifloxacino,1.0
E.F.32.413,IBUPROFENO,Ibuprofeno,1.0
E.F.32.457,CETIRIZINA DICLORHIDRATO,Cetirizina,1.0
E.F.32.463,KETOPROFENO,Ketoprofeno,1.0
E.F.32.478,FLUCONAZOL,Fluconazol,1.0
E.F.32.539,ETINILESTRADIOL,Etinilestradiol,1.0
E.F.32.541,ACIDO GADOTERICO,Gadoterico Acido,1.0
E.F.32.549,DICLOFENACO POTASICO,Diclofenaco,1.0
E.F.32.558,ACETAMINOFEN,Acetaminofen,1.0
E.F.32.560,HIDROCLOROTIAZIDA,Hidroclorotiazida,1.0
E.F.32.560,TELMISARTAN,Telmisartan,1.0
E.F.32.561,LEVOTIROXINA SODICA,Levotiroxina,1.0
E.F.32.562,LEVOTIROXINA SODICA,Levotiroxina,1.0
E.F.32.563,LEVOTIROXINA SODICA,Levotiroxina,1.0
E.F.32.564,LEVOTIROXINA SODICA,Levotiroxina,1.0
E.F.32.588,FLUMAZENILO,Flumazenil,0.909
E.F.32.608,LEVOTIROXINA SODICA,Levotiroxina,1.0
E.F.32.610,SILDENAFIL,Sildenafilo,0.909
E.F.32.611,SILDENAFIL,Sildenafilo,0.909
E.F.32.674,TRIMETAZIDINA,Trimetazidina,1.0
E.F.32.695,ZINC,Zinc,1.0
E.F.32.695,VITAMINA C,Vitamina C,1.0
E.F.32.712,SERTRALINA,Sertralina,1.0
E.F.32.727,GLIMEPIRIDA,Glimepirida,1.0
E.F.32.735,ERTAPENEM,Ertapenem,1.0
E.F.32.751,HIDROCLOROTIAZIDA,Hidroclorotiazida,1.0
E.F.32.751,VALSARTAN,Valsartan,1.0
E.F.32.773,GLIMEPIRIDA,Glimepirida,1.0
E.F.32.793,SIMETICONA,Simeticona,1.0
E.F.32.823,MIRTAZAPINA,Mirtazapina,1.0
E.F.32.836,AZITROMICINA,Azitromicina,1.0
E.F.32.890,PACLITAXEL,Paclitaxel,1.0
E.F.32.911,CLINDAMICINA,Clindamicina,1.0
E.F.32.977,CETIRIZINA DICLORHIDRATO,Cetirizina,1.0
E.F.32.990,PROGESTERONA,Progesterona,1.0
E.F.33.008,ACETAMINOFEN,Acetaminofen,1.0
E.F.33.009,CAFEINA,Cafeina,1.0
E.F.33.009,ACETAMINOFEN,Acetaminofen,1.0
E.F.33.050,ACIDO ASCORBICO,Ascorbico Acido,1.0
E.F.33.056,CIANOCOBALAMINA,Cianocobalamina,1.0
E.F.33.063,ACIDO CLAVULANICO,Clavulanico Acido,1.0
E.F.33.063,AMOXICILINA,Amoxicilina,1.0
E.F.33.065,CEFTRIAXONA,Ceftriaxona,1.0
E.F.33.084,VALSARTAN,Valsartan,1.0
E.F.33.085,VALSARTAN,Valsartan,1.0
E.F.33.106,IODIXANOL,Iodixanol,1.0
E.F.33.110,TIOCOLCHICOSIDO,Tiocolchicosido,1.0
E.F.33.110,IBUPROFENO,Ibuprofeno,1.0
E.F.33.112,TADALAFILO,Tadalafilo,1.0
E.F.33.116,BROMURO DE IPRATROPIO,Bromuro De Ipratropio Monohidratado,1.0
E.F.33.170,ALPRAZOLAM,Alprazolam,1.0
E.F.33.171,ALPRAZOLAM,Alprazolam,1.0
E.F.33.184,BICALUTAMIDA,Bicalutamida,1.0
E.F.33.190,IMIQUIMOD,Imiquimod,1.0
E.F.33.195,ZIDOVUDINA,Zidovudina,1.0
E.F.33.200,CLONAZEPAM,Clonazepam,1.0
E.F.33.201,CLONAZEPAM,Clonazepam,1.0
E.F.33.214,ALPRAZOLAM,Alprazolam,1.0
E.F.33.223,ACETAMINOFEN,Acetaminofen,1.0
E.F.33.232,ROSUVASTATINA,Rosuvastatina,1.0
E.F.33.233,ROSUVASTATINA CALCICA,Rosuvastatina,1.0
E.F.33.234,ROSUVASTATINA,Rosuvastatina,1.0
E.F.33.238,ACIDO FOLICO,Folico Acido,1.0
E.F.33.238,PROTEINA FERRICA,Proteinas,0.889
E.F.33.240,ACIDO FOLICO,Folico Acido,1.0
E.F.33.240,PROTEINA FERRICA,Proteinas,0.889
E.F.33.255,SIMVASTATINA,Simvastatina,1.0
E.F.33.257,SIMVASTATINA,Simvastatina,1.0
E.F.33.270,PIROXICAM,Piroxicam,1.0
E.F.33.286,CETIRIZINA DICLORHIDRATO,Cetirizina,1.0
E.F.33.287,KETOPROFENO,Ketoprofeno,1.0
E.F.33.299,CLORHIDRATO DE PROCAINA,Procaina,1.0
E.F.33.313,ACETAMINOFEN,Acetaminofen,1.0
E.F.33.316,ACETAMINOFEN,Acetaminofen,1.0
E.F.33.330,VORICONAZOL,Voriconazol,1.0
E.F.33.365,ACETAMINOFEN,Acetaminofen,1.0
E.F.33.365,CAFEINA,Cafeina,1.0
E.F.33.375,ACETAMINOFEN,Acetaminofen,1.0
E.F.33.376,ACETAMINOFEN,Acetaminofen,1.0
E.F.33.379,CLORHIDRATO DE PROCAINA,Procaina,1.0
E.F.33.380,ACIDO CLAVULANICO,Clavulanico Acido,1.0
E.F.33.380,AMOXICILINA,Amoxicilina,1.0
E.F.33.422,CARVEDILOL,Carvedilol,1.0
E.F.33.424,LEVONORGESTREL,Levonorgestrel,1.0
E.F.33.430,ACETAMINOFEN,Acetaminofen,1.0
E.F.33.435,CARNITINA,Carnitina,1.0
E.F.33.440,ALPRAZOLAM,Alprazolam,1.0
E.F.33.441,ALPRAZOLAM,Alprazolam,1.0
E.F.33.443,BETAMETASONA,Betametasona,1.0
E.F.33.443,LORATADINA,Loratadina,1.0
E.F.33.444,ACIDO CLAVULANICO,Clavulanico Acido,1.0
E.F.33.444,AMOXICILINA,Amoxicilina,1.0
E.F.33.445,ACETAMINOFEN,Acetaminofen,1.0
E.F.33.468,ACIDO ZOLEDRONICO MONOHIDRATO,Acido Zoledronico,1.0
E.F.33.474,DICLOFENACO POTASICO,Diclofenaco,1.0
E.F.33.482,TARTRATO DE ERGOTAMINA,Ergotamina,1.0
E.F.33.482,CLONIXINATO DE LISINA,Clonixino Lisina,0.909
E.F.33.490,CETIRIZINA DICLORHIDRATO,Cetirizina,1.0
E.F.33.503,SULFATO DE ATROPINA,Atropina,1.0
E.F.33.523,CARVEDILOL,Carvedilol,1.0
E.F.33.540,SULBACTAM,Sulbactam,1.0
E.F.33.576,LOPERAMIDA,Loperamida,1.0
E.F.33.609,MONTELUKAST SODICO,Montelukast,1.0
E.F.33.620,ACETAMINOFEN,Acetaminofen,1.0
E.F.33.620,CAFEINA,Cafeina,1.0
E.F.33.620,MESILATO DE DIHIDROERGOTAMINA,Dihidroergocristina Mesilato,0.868
E.F.33.632,IBUPROFENO,Ibuprofeno,1.0
E.F.33.646,VALSARTAN,Valsartan,1.0
E.F.33.646,HIDROCLOROTIAZIDA,Hidroclorotiazida,1.0
E.F.33.694,VORICONAZOL,Voriconazol,1.0
E.F.33.710,ACETAMINOFEN,Acetaminofen,1.0
E.F.33.722,VITAMINA E,Vitamina A,1.0
E.F.33.722,SELENIO,Selenio,1.0
E.F.33.730,DEXAMETASONA FOSFATO SÓDICO,Dexametasona,1.0
E.F.33.736,ZINC,Zinc,1.0
E.F.33.745,ACETAMINOFEN,Acetaminofen,1.0
E.F.33.747,ACETAMINOFEN,Acetaminofen,1.0
E.F.33.777,MONTELUKAST,Montelukast,1.0
E.F.33.780,CARVEDILOL,Carvedilol,1.0
E.F.33.783,MONTELUKAST,Montelukast,1.0
E.F.33.806,CARVEDILOL,Carvedilol,1.0
E.F.33.807,CARVEDILOL,Carvedilol,1.0
E.F.33.808,MOMETASONA FUROATO,Mometasona Furoato,1.0
E.F.33.823,FLUNARIZINA,Flunarizina,1.0
E.F.33.831,ACIDO ALENDRONICO,Alendronico Acido,1.0
E.F.33.838,AZITROMICINA,Azitromicina,1.0
E.F.33.845,CLORHIDRATO DE METILFENIDATO,Metilfenidato,1.0
E.F.33.853,ACIDO ASCORBICO,Ascorbico Acido,1.0
E.F.33.867,ETINILESTRADIOL,Etinilestradiol,1.0
E.F.33.867,DESOGESTREL,Desogestrel,1.0
E.F.33.876,AZELASTINA CLORHIDRATO,Azelastina,1.0
E.F.33.883,EVEROLIMUS,Everolimus,1.0
E.F.33.884,EVEROLIMUS,Everolimus,1.0
E.F.33.901,CITICOLINA,Citicolina,1.0
E.F.33.902,MOXIFLOXACINO CLORHIDRATO,Moxifloxacino,1.0
E.F.33.939,VALSARTAN,Valsartan,1.0
E.F.33.943,KETOTIFENO,Ketotifeno,1.0
E.F.33.962,CLOPIDOGREL,Clopidogrel,1.0
E.F.33.963,DICLOFENACO,Diclofenaco,1.0
E.F.33.963,TOBRAMICINA SULFATO,Tobramicina,1.0
E.F.34.001,FEXOFENADINA,Fexofenadina,1.0
E.F.34.012,FULVESTRANT,Fulvestrant,1.0
E.F.34.013,SERTRALINA,Sertralina,1.0
E.F.34.017,ACETAMINOFEN,Acetaminofen,1.0
E.F.34.025,MIDAZOLAM,Midazolam,1.0
E.F.34.029,PSEUDOEFEDRINA,Pseudoefedrina,1.0
E.F.34.029,ACETAMINOFEN,Acetaminofen,1.0
E.F.34.030,PARACETAMOL,Paracetamol,1.0
E.F.34.030,CLORHIDRATO DE PSEUDOEFEDRINA,Pseudoefedrina,1.0
E.F.34.030,ACETAMINOFEN,Acetaminofen,1.0
E.F.34.032,ACETAMINOFEN,Acetaminofen,1.0
E.F.34.036,CLORURO DE MAGNESIO,Magnesio Cloruro,1.0
E.F.34.036,CLORURO DE SODIO,Calcio Cloruro,1.0
E.F.34.042,ACETAMINOFEN,Acetaminofen,1.0
E.F.34.043,PROGESTERONA,Progesterona,1.0
E.F.34.067,ACIDO ASCORBICO,Ascorbico Acido,1.0
E.F.34.071,FEXOFENADINA CLORHIDRATO,Fexofenadina,1.0
E.F.34.082,CIANOCOBALAMINA,Cianocobalamina,1.0
E.F.34.082,NICOTINAMIDA,Nicotinamida,1.0
E.F.34.085,CIANOCOBALAMINA,Cianocobalamina,1.0
E.F.34.085,NICOTINAMIDA,Nicotinamida,1.0
E.F.34.099,CLORFENIRAMINA MALEATO,Clorfeniramina,1.0
E.F.34.099,ACETAMINOFEN,Acetaminofen,1.0
E.F.34.100,GRANISETRON,Granisetron,1.0
E.F.34.114,VITAMINA C,Vitamina C,1.0
E.F.34.115,PAROXETINA,Paroxetina,1.0
E.F.34.116,PAROXETINA,Paroxetina,1.0
E.F.34.119,GEMCITABINA,Gemcitabina,1.0
E.F.34.120,GEMCITABINA,Gemcitabina,1.0
E.F.34.121,VITAMINA D3,Vitamina D3,1.0
E.F.34.135,PIPERACILINA,Piperacilina,1.0
E.F.34.138,DANAZOL,Danazol,1.0
E.F.34.152,MIDAZOLAM,Midazolam,1.0
E.F.34.166,BUDESONIDA,Budesonida,1.0
E.F.34.172,KETOPROFENO,Ketoprofeno,1.0
E.F.34.173,KETOPROFENO,Ketoprofeno,1.0
E.F.34.178,CLOTRIMAZOL,Clotrimazol,1.0
E.F.34.224,TERBINAFINA,Terbinafina,1.0
E.F.34.245,CICLOSPORINA,Ciclosporina,1.0
E.F.34.257,MELOXICAM,Meloxicam,1.0
E.F.34.272,SILDENAFIL,Sildenafilo,0.909
E.F.34.284,CLARITROMICINA,Claritromicina,1.0
E.F.34.285,ALBENDAZOL,Albendazol,1.0
E.F.34.288,ATORVASTATINA,Atorvastatina,1.0
E.F.34.293,ADAPALENO,Adapaleno,1.0
E.F.34.297,DICLOFENACO POTASICO,Diclofenaco,1.0
E.F.34.304,HIDROXIDO DE ALUMINIO,Aluminio Hidroxido,1.0
E.F.34.304,TRISILICATO DE MAGNESIO,Magnesio Trisilicato,1.0
E.F.34.304,SIMETICONA,Simeticona,1.0
E.F.34.307,BETAMETASONA,Betametasona,1.0
E.F.34.310,DIAZEPAM,Diazepam,1.0
E.F.34.312,AMLODIPINA,Amlodipino,0.9
E.F.34.313,AMLODIPINA,Amlodipino,0.9
E.F.34.334,MELOXICAM,Meloxicam,1.0
E.F.34.336,LATANOPROST,Latanoprost,1.0
E.F.34.345,LISINOPRIL,Lisinopril,1.0
E.F.34.350,DOMPERIDONA,Domperidona,1.0
E.F.34.369,ZOFENOPRIL,Zofenopril,1.0
E.F.34.373,CIANOCOBALAMINA,Cianocobalamina,1.0
E.F.34.373,ACIDO FOLICO,Folico Acido,1.0
E.F.34.377,BACITRACINA,Bacitracina,1.0
E.F.34.379,HIDROCORTISONA,Hidrocortisona,1.0
E.F.34.380,HIDROCORTISONA,Hidrocortisona,1.0
E.F.34.384,ITRACONAZOL,Itraconazol,1.0
E.F.34.384,SECNIDAZOL,Secnidazol Anhidro,1.0
E.F.34.405,DESLORATADINA,Desloratadina,1.0
E.F.34.469,PEMETREXED,Pemetrexed,1.0
E.F.34.479,HESPERIDINA,Hesperidina,1.0
E.F.34.479,DIOSMINA,Diosmina,1.0
E.F.34.513,PIRACETAM,Piracetam,1.0
E.F.34.515,ITRACONAZOL,Itraconazol,1.0
E.F.34.530,VENLAFAXINA,Venlafaxina,1.0
E.F.34.531,SEVOFLURANO,Sevoflurano,1.0
E.F.34.539,IODIXANOL,Iodixanol,1.0
E.F.34.540,ONDANSETRON,Ondansetron,1.0
E.F.34.580,DICLOFENACO ÁCIDO,Diclofenaco,1.0
E.F.34.592,CLOTRIMAZOL,Clotrimazol,1.0
E.F.34.625,CLOTRIMAZOL,Clotrimazol,1.0
E.F.34.658,LORATADINA,Loratadina,1.0
E.F.34.661,AMBROXOL CLORHIDRATO,Ambroxol,1.0
E.F.34.662,AMBROXOL CLORHIDRATO,Ambroxol,1.0
E.F.34.665,METILFENIDATO,Metilfenidato,1.0
E.F.34.676,DIAZEPAM,Diazepam,1.0
E.F.34.680,EFAVIRENZ,Efavirenz,1.0
E.F.34.681,RITONAVIR,Ritonavir,1.0
E.F.34.681,LOPINAVIR,Lopinavir,1.0
E.F.34.716,CAFEINA,Cafeina,1.0
E.F.34.717,CLORFENIRAMINA,Clorfeniramina,1.0
E.F.34.717,ACETAMINOFEN,Acetaminofen,1.0
E.F.34.722,PROGESTERONA,Progesterona,1.0
E.F.34.732,DUTASTERIDE,Dutasterida,0.909
E.F.34.754,DOMPERIDONA,Domperidona,1.0
E.F.34.758,BETAHISTINA DICLORHIDRATO,Betahistina,1.0
E.F.34.763,HIDROCLOROTIAZIDA,Hidroclorotiazida,1.0
E.F.34.764,HIDROCLOROTIAZIDA,Hidroclorotiazida,1.0
E.F.34.765,HIDROCLOROTIAZIDA,Hidroclorotiazida,1.0
E.F.34.769,OLANZAPINA,Olanzapina,1.0
E.F.34.770,OLANZAPINA,Olanzapina,1.0
E.F.34.777,VENLAFAXINA,Venlafaxina,1.0
E.F.34.780,CEFAZOLINA,Cefazolina,1.0
E.F.34.781,CITICOLINA,Citicolina,1.0
E.F.34.783,FLUTAMIDA,Flutamida,1.0
E.F.34.784,ACIDO ACETILSALICILICO,Acetilsalicilico Acido,1.0
E.F.34.789,CEFADROXILO,Cefadroxilo,1.0
E.F.34.806,TAZOBACTAM,Tazobactam,1.0
E.F.34.806,PIPERACILINA,Piperacilina,1.0
E.F.34.808,CEFTAZIDIMA,Ceftazidima,1.0
E.F.34.809,NAPROXENO,Naproxeno,1.0
E.F.34.819,OLOPATADINA,Olopatadina,1.0
E.F.34.821,ACETAMINOFEN,Acetaminofen,1.0
E.F.34.845,ACIDO LACTICO,Lactico Acido,1.0
E.F.34.845,ACIDO SALICILICO,Salicilico Acido,1.0
E.F.34.862,RISPERIDONA,Risperidona,1.0
E.F.34.863,AMOXICILINA,Amoxicilina,1.0
E.F.34.864,AMOXICILINA,Amoxicilina,1.0
E.F.34.879,ALGINATO DE SODIO,Alginato Sodio,1.0
E.F.34.892,ATORVASTATINA,Atorvastatina,1.0
E.F.34.893,CLARITROMICINA,Claritromicina,1.0
E.F.34.897,SALBUTAMOL,Salbutamol,1.0
E.F.34.904,CEFTRIAXONA,Ceftriaxona,1.0
E.F.34.906,LOSARTAN POTASICO,Losartan,1.0
E.F.34.908,BUDESONIDA,Budesonida,1.0
E.F.34.910,ACETAMINOFEN,Acetaminofen,1.0
E.F.34.914,TIBOLONA,Tibolona,1.0
E.F.34.926,CITARABINA,Citarabina,1.0
E.F.34.927,CITARABINA,Citarabina,1.0
E.F.34.928,CITARABINA,Citarabina,1.0
E.F.34.929,BUDESONIDA,Budesonida,1.0
E.F.34.930,BUDESONIDA,Budesonida,1.0
E.F.34.933,ACETAMINOFEN,Acetaminofen,1.0
E.F.34.944,ERLOTINIB,Erlotinib,1.0
E.F.34.949,BETAMETASONA,Betametasona,1.0
E.F.34.950,ISOFLURANO,Isoflurano,1.0
E.F.34.951,BUDESONIDA,Budesonida,1.0
E.F.34.952,DESLORATADINA,Desloratadina,1.0
E.F.34.966,CAFEINA,Cafeina,1.0
E.F.34.966,IBUPROFENO,Ibuprofeno,1.0
E.F.34.970,ACETAMINOFEN,Acetaminofen,1.0
E.F.34.971,CICLOSPORINA,Ciclosporina,1.0
E.F.34.972,CICLOSPORINA,Ciclosporina,1.0
E.F.34.973,CICLOSPORINA,Ciclosporina,1.0
E.F.34.980,CLINDAMICINA,Clindamicina,1.0
E.F.34.984,ESOMEPRAZOL MAGNESICO TRIHIDRATO,Esomeprazol Magnesico,1.0
E.F.34.986,CLOTRIMAZOL,Clotrimazol,1.0
E.F.34.987,ACETAMINOFEN,Acetaminofen,1.0
E.F.34.988,ACETAMINOFEN,Acetaminofen,1.0
E.F.34.990,DESLORATADINA,Desloratadina,1.0
E.F.34.994,AMBROXOL CLORHIDRATO,Ambroxol,1.0
E.F.35.032,AMOXICILINA,Amoxicilina,1.0
E.F.35.034,SERTACONAZOL,Sertaconazol,1.0
E.F.35.036,ACETAMINOFEN,Acetaminofen,1.0
E.F.35.053,DEFERASIROX,Deferasirox,1.0
E.F.35.075,ACETAMINOFEN,Acetaminofen,1.0
E.F.35.076,ACIDO ASCORBICO,Ascorbico Acido,1.0
E.F.35.078,IBUPROFENO,Ibuprofeno,1.0
E.F.35.089,ACETAMINOFEN,Acetaminofen,1.0
E.F.35.105,MONTELUKAST,Montelukast,1.0
E.F.35.116,PSEUDOEFEDRINA,Pseudoefedrina,1.0
E.F.35.116,LORATADINA,Loratadina,1.0
E.F.35.118,CLOPIDOGREL,Clopidogrel,1.0
E.F.35.127,SERTRALINA,Sertralina,1.0
E.F.35.145,BROMHEXINA,Bromhexina,1.0
E.F.35.148,CEFOTAXIMA,Cefotaxima,1.0
E.F.35.150,ONDANSETRON,Ondansetron,1.0
E.F.35.154,CLOPIDOGREL,Clopidogrel,1.0
E.F.35.165,LOSARTAN POTASICO,Losartan,1.0
E.F.35.193,CLOTRIMAZOL,Clotrimazol,1.0
E.F.35.199,CLONIXINATO DE LISINA,Clonixino Lisina,0.909
E.F.35.205,ILOPROST,Iloprost,1.0
E.F.35.208,DESLORATADINA,Desloratadina,1.0
E.F.35.209,DESLORATADINA,Desloratadina,1.0
E.F.35.214,DOMPERIDONA,Domperidona,1.0
E.F.35.229,HIDROCORTISONA,Hidrocortisona,1.0
E.F.35.245,VALSARTAN,Valsartan,1.0
E.F.35.246,SIMETICONA,Simeticona,1.0
E.F.35.252,SULFAMETOXAZOL,Sulfametoxazol,1.0
E.F.35.254,ACETAMINOFEN,Acetaminofen,1.0
E.F.35.254,CAFEINA,Cafeina,1.0
E.F.35.256,MONTELUKAST,Montelukast,1.0
E.F.35.258,DIPIRONA,Dipirona,1.0
E.F.35.259,MELOXICAM,Meloxicam,1.0
E.F.35.261,MOMETASONA FUROATO,Mometasona Furoato,1.0
E.F.35.288,SIMVASTATINA,Simvastatina,1.0
E.F.35.290,DOPAMINA,Dopamina,1.0
E.F.35.291,ALPRAZOLAM,Alprazolam,1.0
E.F.35.297,CLOPIDOGREL,Clopidogrel,1.0
E.F.35.306,ACIDO FUSIDICO,Acido Fusidico Hemihidrato,1.0
E.F.35.311,NIFEDIPINA,Nifedipino,0.9
E.F.35.312,NIFEDIPINA,Nifedipino,0.9
E.F.35.315,ACETAMINOFEN,Acetaminofen,1.0
E.F.35.318,ACIDO ALENDRONICO,Alendronico Acido,1.0
E.F.35.319,CLOTRIMAZOL,Clotrimazol,1.0
E.F.35.323,CEFAZOLINA,Cefazolina,1.0
E.F.35.326,SOMATOSTATINA,Somatostatina,1.0
E.F.35.331,METRONIDAZOL,Metronidazol,1.0
E.F.35.332,PIOGLITAZONA,Pioglitazona,1.0
E.F.35.365,SERTACONAZOL,Sertaconazol,1.0
E.F.35.368,ACETAMINOFEN,Acetaminofen,1.0
E.F.35.369,AMBROXOL CLORHIDRATO,Ambroxol,1.0
E.F.35.372,ACETAMINOFEN,Acetaminofen,1.0
E.F.35.373,AMOXICILINA,Amoxicilina,1.0
E.F.35.373,ACIDO CLAVULANICO,Clavulanico Acido,1.0
E.F.35.378,LEVOFLOXACINA,Levofloxacino,0.923
E.F.35.379,DIACEREINA,Diacereina,1.0
E.F.35.381,SIMVASTATINA,Simvastatina,1.0
E.F.35.386,KETOCONAZOL,Ketoconazol,1.0
E.F.35.389,ACETAMINOFEN,Acetaminofen,1.0
E.F.35.407,ESOMEPRAZOL MAGNESICO TRIHIDRATO,Esomeprazol Magnesico,1.0
E.F.35.409,BRIMONIDINA TARTRATO,Brimonidina,1.0
E.F.35.426,ACETAMINOFEN,Acetaminofen,1.0
E.F.35.431,KETOPROFENO,Ketoprofeno,1.0
E.F.35.460,CLORURO DE BENZALCONIO,Benzalconio Cloruro,1.0
E.F.35.462,HIDROXOCOBALAMINA,Hidroxocobalamina,1.0
E.F.35.488,LOSARTAN POTASICO,Losartan,1.0
E.F.35.489,HIDROCLOROTIAZIDA,Hidroclorotiazida,1.0
E.F.35.493,DESLORATADINA,Desloratadina,1.0
E.F.35.499,ZINC,Zinc,1.0
E.F.35.499,ACIDO ASCORBICO,Ascorbico Acido,1.0
E.F.35.503,MOXIFLOXACINO CLORHIDRATO,Moxifloxacino,1.0
E.F.35.505,MONTELUKAST,Montelukast,1.0
E.F.35.524,DICLOFENAC SODICO,Diclofenaco,0.909
E.F.35.532,CLORURO DE SODIO,Calcio Cloruro,1.0
E.F.35.542,BUDESONIDA,Budesonida,1.0
E.F.35.557,FOSAMPRENAVIR,Fosamprenavir,1.0
E.F.35.587,LORATADINA,Loratadina,1.0
E.F.35.616,GLIMEPIRIDA,Glimepirida,1.0
E.F.35.618,GUAIFENESINA,Guaifenesina,1.0
E.F.35.634,ERTAPENEM,Ertapenem,1.0
E.F.35.642,CICLOFOSFAMIDA,Ciclofosfamida,1.0
E.F.35.643,CICLOFOSFAMIDA,Ciclofosfamida,1.0
E.F.35.653,ACIDO CLAVULANICO,Clavulanico Acido,1.0
E.F.35.653,AMOXICILINA,Amoxicilina,1.0
E.F.35.659,CEFTRIAXONA,Ceftriaxona,1.0
E.F.35.669,GLIMEPIRIDA,Glimepirida,1.0
E.F.35.671,ACETAMINOFEN,Acetaminofen,1.0
E.F.35.679,CLOPIDOGREL,Clopidogrel,1.0
E.F.35.680,FLUTICASONA,Fluticasona,1.0
E.F.35.681,GLICLAZIDA,Gliclazida,1.0
E.F.35.682,IBUPROFENO,Ibuprofeno,1.0
E.F.35.683,LISINOPRIL,Lisinopril,1.0
E.F.35.698,IBUPROFENO,Ibuprofeno,1.0
E.F.35.709,FAMOTIDINA,Famotidina,1.0
E.F.35.709,HIDROXIDO DE MAGNESIO,Magnesio Hidroxido,1.0
E.F.35.718,BISOPROLOL FUMARATO,Bisoprolol,1.0
E.F.35.718,HIDROCLOROTIAZIDA,Hidroclorotiazida,1.0
E.F.35.719,BISOPROLOL FUMARATO,Bisoprolol,1.0
E.F.35.719,HIDROCLOROTIAZIDA,Hidroclorotiazida,1.0
E.F.35.720,AMBROXOL CLORHIDRATO,Ambroxol,1.0
E.F.35.723,GABAPENTINA,Gabapentina,1.0
E.F.35.724,GABAPENTINA,Gabapentina,1.0
E.F.35.725,GABAPENTINA,Gabapentina,1.0
E.F.35.726,GABAPENTINA,Gabapentina,1.0
E.F.35.731,HIDROCORTISONA,Hidrocortisona,1.0
E.F.35.736,KETOROLACO,Ketorolaco,1.0
E.F.35.737,KETOROLACO,Ketorolaco,1.0
E.F.35.744,DOMPERIDONA,Domperidona,1.0
E.F.35.770,EFAVIRENZ,Efavirenz,1.0
E.F.35.771,EFAVIRENZ,Efavirenz,1.0
E.F.35.775,DICLOFENACO POTASICO,Diclofenaco,1.0
E.F.35.780,ACIDO CLAVULANICO,Clavulanico Acido,1.0
E.F.35.780,AMOXICILINA,Amoxicilina,1.0
E.F.35.783,CISPLATINO,Cisplatino,1.0
E.F.35.784,CLORURO DE BENZALCONIO,Benzalconio Cloruro,1.0
E.F.35.785,CAFEINA,Cafeina,1.0
E.F.35.785,IBUPROFENO,Ibuprofeno,1.0
E.F.35.797,SULBACTAM,Sulbactam,1.0
E.F.35.797,AMPICILINA,Ampicilina,1.0
E.F.35.800,DOXORUBICINA CLORHIDRATO,Doxorubicina,1.0
E.F.35.802,ESTROGENOS CONJUGADOS,Estrogenos Conjugados,1.0
E.F.35.813,SORAFENIB,Sorafenib,1.0
E.F.35.817,SEVOFLURANO,Sevoflurano,1.0
E.F.35.834,IBUPROFENO,Ibuprofeno,1.0
E.F.35.837,ACETAMINOFEN,Acetaminofen,1.0
E.F.35.837,CAFEINA,Cafeina,1.0
E.F.35.839,RAMIPRIL,Ramipril,1.0
E.F.35.863,VALSARTAN,Valsartan,1.0
E.F.35.864,VALSARTAN,Valsartan,1.0
E.F.35.865,PACLITAXEL,Paclitaxel,1.0
E.F.35.872,ACETAMINOFEN,Acetaminofen,1.0
E.F.35.874,RAMIPRIL,Ramipril,1.0
E.F.35.905,ROSUVASTATINA,Rosuvastatina,1.0
E.F.35.926,CANDESARTAN CILEXETILO,Candesartan Cilexetilo,1.0
E.F.35.927,CANDESARTAN CILEXETILO,Candesartan Cilexetilo,1.0
E.F.35.931,ACETAMINOFEN,Acetaminofen,1.0
E.F.35.931,CAFEINA,Cafeina,1.0
E.F.35.932,ACETAMINOFEN,Acetaminofen,1.0
E.F.35.933,CARVEDILOL,Carvedilol,1.0
E.F.35.935,SIMETICONA,Simeticona,1.0
E.F.35.966,QUINAPRIL,Quinapril,1.0
E.F.35.969,PACLITAXEL,Paclitaxel,1.0
E.F.35.970,PACLITAXEL,Paclitaxel,1.0
E.F.35.975,MELOXICAM,Meloxicam,1.0
E.F.35.976,KETOPROFENO,Ketoprofeno,1.0
E.F.35.978,MONTELUKAST,Montelukast,1.0
E.F.35.996,MELOXICAM,Meloxicam,1.0
E.F.36.021,CLOPIDOGREL,Clopidogrel,1.0
E.F.36.025,HIDROCLOROTIAZIDA,Hidroclorotiazida,1.0
E.F.36.025,LOSARTAN POTASICO,Losartan,1.0
E.F.36.026,HIDROCLOROTIAZIDA,Hidroclorotiazida,1.0
E.F.36.026,LOSARTAN POTASICO,Losartan,1.0
E.F.36.029,PAROXETINA,Paroxetina,1.0
E.F.36.034,LEVOFLOXACINA,Levofloxacino,0.923
E.F.36.035,ACIDO ASCORBICO,Ascorbico Acido,1.0
E.F.36.042,BROMURO DE VECURONIO,Rocuronio Bromuro,0.889
E.F.36.048,ACETAMINOFEN,Acetaminofen,1.0
E.F.36.052,ACIDO FOLICO,Folico Acido,1.0
E.F.36.063,CLORHIDRATO DE LIDOCAINA,Lidocaina,1.0
E.F.36.063,CLORURO DE CETILPIRIDINIO,Cetilpiridinio Cloruro,1.0
E.F.36.087,ACIDO CLAVULANICO,Clavulanico Acido,1.0
E.F.36.087,AMOXICILINA,Amoxicilina,1.0
E.F.36.092,BROMURO DE ROCURONIO,Rocuronio Bromuro,1.0
E.F.36.112,IBUPROFENO,Ibuprofeno,1.0
E.F.36.114,CILASTATINA,Cilastatina,1.0
E.F.36.114,IMIPENEM,Imipenem,1.0
E.F.36.116,ADAPALENO,Adapaleno,1.0
E.F.36.119,CINNARIZINA,Cinnarizina,1.0
E.F.36.135,DEXAMETASONA FOSFATO SÓDICO,Dexametasona,1.0
E.F.36.152,ACETAMINOFEN,Acetaminofen,1.0
E.F.36.183,IBUPROFENO,Ibuprofeno,1.0
E.F.36.188,TIMOLOL MALEATO,Timolol,1.0
E.F.36.188,BRIMONIDINA TARTRATO,Brimonidina,1.0
E.F.36.194,HIDROCORTISONA,Hidrocortisona,1.0
E.F.36.195,ORLISTAT,Orlistat,1.0
E.F.36.211,SITAGLIPTINA,Sitagliptina,1.0
E.F.36.215,CARVEDILOL,Carvedilol,1.0
E.F.36.216,FLUCONAZOL,Fluconazol,1.0
E.F.36.217,ATORVASTATINA,Atorvastatina,1.0
E.F.36.220,CETIRIZINA,Cetirizina,1.0
E.F.36.246,CARVEDILOL,Carvedilol,1.0
E.F.36.249,NITRATO DE MICONAZOL,Miconazol,1.0
E.F.36.249,METRONIDAZOL,Metronidazol,1.0
E.F.36.255,ARIPIPRAZOL,Aripiprazol,1.0
E.F.36.256,ARIPIPRAZOL,Aripiprazol,1.0
E.F.36.260,DOBUTAMINA,Dobutamina,1.0
E.F.36.263,CARVEDILOL,Carvedilol,1.0
E.F.36.264,CARVEDILOL,Carvedilol,1.0
E.F.36.272,TIMOLOL MALEATO,Timolol,1.0
E.F.36.272,TRAVOPROST,Travoprost,1.0
E.F.36.283,IBUPROFENO,Ibuprofeno,1.0
E.F.36.290,DOPAMINA,Dopamina,1.0
E.F.36.296,ATOMOXETINA,Atomoxetina,1.0
E.F.36.303,IBUPROFENO,Ibuprofeno,1.0
E.F.36.325,DOMPERIDONA,Domperidona,1.0
E.F.36.327,ACETAMINOFEN,Acetaminofen,1.0
E.F.36.327,CLORHIDRATO DE PSEUDOEFEDRINA,Pseudoefedrina,1.0
E.F.36.328,IBUPROFENO,Ibuprofeno,1.0
E.F.36.330,QUETIAPINA,Quetiapina,1.0
E.F.36.331,QUETIAPINA,Quetiapina,1.0
E.F.36.337,ETINILESTRADIOL,Etinilestradiol,1.0
E.F.36.337,LEVONORGESTREL,Levonorgestrel,1.0
E.F.36.346,TRAVOPROST,Travoprost,1.0
E.F.36.365,IBUPROFENO,Ibuprofeno,1.0
E.F.36.365,CAFEINA,Cafeina,1.0
E.F.36.368,LIDOCAINA,Lidocaina,1.0
E.F.36.374,IRBESARTAN,Irbesartan,1.0
E.F.36.375,RISPERIDONA,Risperidona,1.0
E.F.36.378,AZITROMICINA,Azitromicina,1.0
E.F.36.380,CLINDAMICINA,Clindamicina,1.0
E.F.36.381,DESLORATADINA,Desloratadina,1.0
E.F.36.398,VALSARTAN,Valsartan,1.0
E.F.36.398,AMLODIPINA,Amlodipino,0.9
E.F.36.399,VALSARTAN,Valsartan,1.0
E.F.36.399,AMLODIPINA,Amlodipino,0.9
E.F.36.400,VALSARTAN,Valsartan,1.0
E.F.36.400,AMLODIPINA,Amlodipino,0.9
E.F.36.401,TRIMEBUTINA,Trimebutina,1.0
E.F.36.404,HIDROQUINONA,Hidroquinona,1.0
E.F.36.411,SIMETICONA,Simeticona,1.0
E.F.36.413,ACIDO FOLICO,Folico Acido,1.0
E.F.36.413,HIERRO,Fumarato Hierro,1.0
E.F.36.415,QUETIAPINA,Quetiapina,1.0
E.F.36.416,IBUPROFENO,Ibuprofeno,1.0
E.F.36.437,ATOMOXETINA,Atomoxetina,1.0
E.F.36.438,ATOMOXETINA,Atomoxetina,1.0
E.F.36.439,ATOMOXETINA,Atomoxetina,1.0
E.F.36.440,ATOMOXETINA,Atomoxetina,1.0
E.F.36.446,PENTOXIFILINA,Pentoxifilina,1.0
E.F.36.447,TEMOZOLOMIDA,Temozolomida,1.0
E.F.36.448,TEMOZOLOMIDA,Temozolomida,1.0
E.F.36.449,DICLOFENACO POTASICO,Diclofenaco,1.0
E.F.36.450,RISPERIDONA,Risperidona,1.0
E.F.36.464,DICLOFENAC SODICO,Diclofenaco,0.909
E.F.36.500,HIDROQUINONA,Hidroquinona,1.0
E.F.36.505,ONDANSETRON,Ondansetron,1.0
E.F.36.506,EPLERENONA,Eplerenona,1.0
E.F.36.507,EPLERENONA,Eplerenona,1.0
E.F.36.514,FLUTICASONA,Fluticasona,1.0
E.F.36.516,AZITROMICINA,Azitromicina,1.0
E.F.36.540,FONDAPARINUX SODICO,Fondaparinux,1.0
E.F.36.541,FONDAPARINUX SODICO,Fondaparinux,1.0
E.F.36.543,LORATADINA,Loratadina,1.0
E.F.36.544,ACETAMINOFEN,Acetaminofen,1.0
E.F.36.544,CLORFENIRAMINA,Clorfeniramina,1.0
E.F.36.546,GLIMEPIRIDA,Glimepirida,1.0
E.F.36.552,ARIPIPRAZOL,Aripiprazol,1.0
E.F.36.566,LEVOFLOXACINA,Levofloxacino,0.923
E.F.36.581,FEXOFENADINA CLORHIDRATO,Fexofenadina,1.0
E.F.36.594,SULBACTAM,Sulbactam,1.0
E.F.36.604,DROSPIRENONA,Drospirenona,1.0
E.F.36.604,ETINILESTRADIOL,Etinilestradiol,1.0
E.F.36.629,DESLORATADINA,Desloratadina,1.0
E.F.36.631,ACIDO TRANEXAMICO,Tranexamico Acido,1.0
E.F.36.632,DESLORATADINA,Desloratadina,1.0
E.F.36.640,IBUPROFENO,Ibuprofeno,1.0
E.F.36.643,SULBUTIAMINA,Sulbutiamina,1.0
E.F.36.644,GLIBENCLAMIDA,Glibenclamida,1.0
E.F.36.645,ESOMEPRAZOL MAGNESICO TRIHIDRATO,Esomeprazol Magnesico,1.0
E.F.36.646,IBUPROFENO,Ibuprofeno,1.0
E.F.36.649,SERTRALINA,Sertralina,1.0
E.F.36.650,SERTRALINA,Sertralina,1.0
E.F.36.672,DESOGESTREL,Desogestrel,1.0
E.F.36.673,GLIBENCLAMIDA,Glibenclamida,1.0
E.F.36.673,METFORMINA,Metformina,1.0
E.F.36.675,TAMSULOSINA,Tamsulosina,1.0
E.F.36.686,LEVOCETIRIZINA,Levocetirizina,1.0
E.F.36.692,IBUPROFENO,Ibuprofeno,1.0
E.F.36.695,RIFAXIMINA,Rifaximina,1.0
E.F.36.704,DESLORATADINA,Desloratadina,1.0
E.F.36.708,ACETAMINOFEN,Acetaminofen,1.0
E.F.36.741,PIPERACILINA,Piperacilina,1.0
E.F.36.741,TAZOBACTAM,Tazobactam,1.0
E.F.36.744,ACETAMINOFEN,Acetaminofen,1.0
E.F.36.744,CAFEINA,Cafeina,1.0
E.F.36.754,LEVONORGESTREL,Levonorgestrel,1.0
E.F.36.772,ESOMEPRAZOL MAGNESICO TRIHIDRATO,Esomeprazol Magnesico,1.0
E.F.36.782,DROSPIRENONA,Drospirenona,1.0
E.F.36.782,ETINILESTRADIOL,Etinilestradiol,1.0
E.F.36.783,PANTOPRAZOL,Pantoprazol,1.0
E.F.36.793,SERTRALINA,Sertralina,1.0
E.F.36.794,SERTRALINA,Sertralina,1.0
E.F.36.828,DICLOFENACO POTASICO,Diclofenaco,1.0
E.F.36.834,TACROLIMUS,Tacrolimus,1.0
E.F.36.835,TACROLIMUS,Tacrolimus,1.0
E.F.36.839,LAMOTRIGINA,Lamotrigina,1.0
E.F.36.840,LAMOTRIGINA,Lamotrigina,1.0
E.F.36.841,LAMOTRIGINA,Lamotrigina,1.0
E.F.36.842,ETINILESTRADIOL,Etinilestradiol,1.0
E.F.36.842,DROSPIRENONA,Drospirenona,1.0
E.F.36.852,CITALOPRAM,Citalopram,1.0
E.F.36.853,BROMURO DE VECURONIO,Rocuronio Bromuro,0.889
E.F.36.854,BROMURO DE VECURONIO,Rocuronio Bromuro,0.889
E.F.36.857,MIDAZOLAM,Midazolam,1.0
E.F.36.858,MIDAZOLAM,Midazolam,1.0
E.F.36.861,RISPERIDONA,Risperidona,1.0
E.F.36.867,ACETAZOLAMIDA,Acetazolamida,1.0
E.F.36.871,ADEFOVIR DIPIVOXIL,Adefovir Dipivoxil,1.0
E.F.36.898,SECNIDAZOL,Secnidazol Anhidro,1.0
E.F.36.898,ITRACONAZOL,Itraconazol,1.0
E.F.36.899,LAMIVUDINA,Lamivudina,1.0
E.F.36.903,VALSARTAN,Valsartan,1.0
E.F.36.903,HIDROCLOROTIAZIDA,Hidroclorotiazida,1.0
E.F.36.912,LEVOCETIRIZINA,Levocetirizina,1.0
E.F.36.920,RIVASTIGMINA,Rivastigmina,1.0
E.F.36.921,RIVASTIGMINA,Rivastigmina,1.0
E.F.36.925,LACTASA,Lactosa,0.857
E.F.36.928,ALBENDAZOL,Albendazol,1.0
E.F.36.945,RISPERIDONA,Risperidona,1.0
E.F.36.952,ATORVASTATINA,Atorvastatina,1.0
E.F.36.974,CEFAZOLINA,Cefazolina,1.0
E.F.36.992,KETOROLACO,Ketorolaco,1.0
E.F.37.007,CLORHIDRATO DE PALONOSETRON,Palonosetron,1.0
E.F.37.009,ACIDO IBANDRONICO,Acido Ibandronico Sodio Monohidrato,1.0
E.F.37.021,VITAMINA D3,Vitamina D3,1.0
E.F.37.023,LEVOCETIRIZINA,Levocetirizina,1.0
E.F.37.028,TAMSULOSINA,Tamsulosina,1.0
E.F.37.030,SILDENAFIL,Sildenafilo,0.909
E.F.37.032,PREDNISOLONA,Prednisolona,1.0
E.F.37.035,RANITIDINA,Ranitidina,1.0
E.F.37.042,CABERGOLINA,Cabergolina,1.0
E.F.37.043,AMBROXOL,Ambroxol,1.0
E.F.37.045,AMIODARONA,Amiodarona,1.0
E.F.37.068,DESLORATADINA,Desloratadina,1.0
E.F.37.071,ACIDO ACETILSALICILICO,Acetilsalicilico Acido,1.0
E.F.37.072,ACIDO FOLICO,Folico Acido,1.0
E.F.37.093,METFORMINA,Metformina,1.0
E.F.37.111,CAFEINA,Cafeina,1.0
E.F.37.111,ACIDO ACETILSALICILICO,Acetilsalicilico Acido,1.0
E.F.37.111,ACETAMINOFEN,Acetaminofen,1.0
E.F.37.121,LEVONORGESTREL,Levonorgestrel,1.0
E.F.37.123,MOMETASONA,Mometasona,1.0
E.F.37.124,MOMETASONA,Mometasona,1.0
E.F.37.131,SIMVASTATINA,Simvastatina,1.0
E.F.37.131,EZETIMIBA,Ezetimiba,1.0
E.F.37.132,SIMVASTATINA,Simvastatina,1.0
E.F.37.132,EZETIMIBA,Ezetimiba,1.0
E.F.37.137,IMIQUIMOD,Imiquimod,1.0
E.F.37.139,NILOTINIB,Nilotinib,1.0
E.F.37.158,CLOPIDOGREL,Clopidogrel,1.0
E.F.37.160,CLOPIDOGREL,Clopidogrel,1.0
E.F.37.166,DEXTROMETORFANO,Dextrometorfano,1.0
E.F.37.166,PSEUDOEFEDRINA,Pseudoefedrina,1.0
E.F.37.166,ACETAMINOFEN,Acetaminofen,1.0
E.F.37.168,GLIMEPIRIDA,Glimepirida,1.0
E.F.37.185,VALSARTAN,Valsartan,1.0
E.F.37.189,CLORURO DE SODIO,Calcio Cloruro,1.0
E.F.37.193,CARVEDILOL,Carvedilol,1.0
E.F.37.194,CARVEDILOL,Carvedilol,1.0
E.F.37.195,CARVEDILOL,Carvedilol,1.0
E.F.37.197,QUETIAPINA,Quetiapina,1.0
E.F.37.198,QUETIAPINA,Quetiapina,1.0
E.F.37.199,QUETIAPINA,Quetiapina,1.0
E.F.37.200,MONTELUKAST SÓDICO,Montelukast,1.0
E.F.37.201,MONTELUKAST,Montelukast,1.0
E.F.37.202,MONTELUKAST,Montelukast,1.0
E.F.37.211,LOSARTAN POTASICO,Losartan,1.0
E.F.37.212,LOSARTAN POTASICO,Losartan,1.0
E.F.37.218,ACETAMINOFEN,Acetaminofen,1.0
E.F.37.218,CAFEINA,Cafeina,1.0
E.F.37.218,CLORFENIRAMINA,Clorfeniramina,1.0
E.F.37.225,CEFUROXIMA,Cefuroxima,1.0
E.F.37.226,ENALAPRIL,Enalapril,1.0
E.F.37.232,ACIDO FUSIDICO,Acido Fusidico Hemihidrato,1.0
E.F.37.232,BETAMETASONA,Betametasona,1.0
E.F.37.233,LOSARTAN POTASICO,Losartan,1.0
E.F.37.240,RISPERIDONA,Risperidona,1.0
E.F.37.246,ESOMEPRAZOL MAGNESICO TRIHIDRATO,Esomeprazol Magnesico,1.0
E.F.37.249,TERBINAFINA,Terbinafina,1.0
E.F.37.250,TERBINAFINA,Terbinafina,1.0
E.F.37.252,ACIDO IBANDRONICO,Acido Ibandronico Sodio Monohidrato,1.0
E.F.37.253,BUDESONIDA,Budesonida,1.0
E.F.37.262,AMOXICILINA,Amoxicilina,1.0
E.F.37.286,METFORMINA,Metformina,1.0
E.F.37.291,ROSUVASTATINA,Rosuvastatina,1.0
E.F.37.297,CEFEPIMA,Cefepima,1.0
E.F.37.298,HIDROCLOROTIAZIDA,Hidroclorotiazida,1.0
E.F.37.298,LOSARTAN POTASICO,Losartan,1.0
E.F.37.313,CLOTRIMAZOL,Clotrimazol,1.0
E.F.37.314,METFORMINA,Metformina,1.0
E.F.37.314,GLIMEPIRIDA,Glimepirida,1.0
E.F.37.320,IBUPROFENO,Ibuprofeno,1.0
E.F.37.330,TERBINAFINA,Terbinafina,1.0
E.F.37.332,SILDENAFIL,Sildenafilo,0.909
E.F.37.333,METFORMINA,Metformina,1.0
E.F.37.334,METFORMINA,Metformina,1.0
E.F.37.346,CANDESARTAN,Candesartan,1.0
E.F.37.347,CANDESARTAN,Candesartan,1.0
E.F.37.366,ACETAMINOFEN,Acetaminofen,1.0
E.F.37.370,ROSUVASTATINA,Rosuvastatina,1.0
E.F.37.371,PANTOPRAZOL,Pantoprazol,1.0
E.F.37.372,PANTOPRAZOL,Pantoprazol,1.0
E.F.37.374,TERBINAFINA,Terbinafina,1.0
E.F.37.386,EZETIMIBA,Ezetimiba,1.0
E.F.37.386,SIMVASTATINA,Simvastatina,1.0
E.F.37.396,ATORVASTATINA,Atorvastatina,1.0
E.F.37.406,IBUPROFENO,Ibuprofeno,1.0
E.F.37.414,METFORMINA,Metformina,1.0
E.F.37.414,SITAGLIPTINA,Sitagliptina,1.0
E.F.37.415,METFORMINA,Metformina,1.0
E.F.37.415,SITAGLIPTINA,Sitagliptina,1.0
E.F.37.416,SITAGLIPTINA,Sitagliptina,1.0
E.F.37.416,METFORMINA,Metformina,1.0
E.F.37.428,OXALIPLATINO,Oxaliplatino,1.0
E.F.37.444,ACETAMINOFEN,Acetaminofen,1.0
E.F.37.444,DEXTROMETORFANO,Dextrometorfano,1.0
E.F.37.454,IVERMECTINA,Ivermectina,1.0
E.F.37.466,ACIDO FUSIDICO,Acido Fusidico Hemihidrato,1.0
E.F.37.468,BIMATOPROST,Bimatoprost,1.0
E.F.37.468,TIMOLOL MALEATO,Timolol,1.0
E.F.37.481,ATORVASTATINA,Atorvastatina,1.0
E.F.37.482,ATORVASTATINA,Atorvastatina,1.0
E.F.37.511,CAFEINA,Cafeina,1.0
E.F.37.511,ACETAMINOFEN,Acetaminofen,1.0
E.F.37.520,BUDESONIDA,Budesonida,1.0
E.F.37.522,ACIDO FOLICO,Folico Acido,1.0
E.F.37.522,HIERRO,Fumarato Hierro,1.0
E.F.37.523,CIANOCOBALAMINA,Cianocobalamina,1.0
E.F.37.523,ACIDO FOLICO,Folico Acido,1.0
E.F.37.523,PIRIDOXINA,Piridoxina,1.0
E.F.37.524,EPINASTINA,Epinastina,1.0
E.F.37.525,LOSARTAN POTASICO,Losartan,1.0
E.F.37.530,CLOTRIMAZOL,Clotrimazol,1.0
E.F.37.532,CABERGOLINA,Cabergolina,1.0
E.F.37.539,ADAPALENO,Adapaleno,1.0
E.F.37.544,MOMETASONA FUROATO,Mometasona Furoato,1.0
E.F.37.560,TOPIRAMATO,Topiramato,1.0
E.F.37.566,HIERRO,Fumarato Hierro,1.0
E.F.37.578,FUROSEMIDA,Furosemida,1.0
E.F.37.591,OLOPATADINA,Olopatadina,1.0
E.F.37.592,GLIMEPIRIDA,Glimepirida,1.0
E.F.37.595,GABAPENTINA,Gabapentina,1.0
E.F.37.596,GABAPENTINA,Gabapentina,1.0
E.F.37.607,TRIPTORELINA,Triptorelina,1.0
E.F.37.614,MEROPENEM,Meropenem,1.0
E.F.37.615,MEROPENEM,Meropenem,1.0
E.F.37.620,SIMVASTATINA,Simvastatina,1.0
E.F.37.620,EZETIMIBA,Ezetimiba,1.0
E.F.37.625,TIOCOLCHICOSIDO,Tiocolchicosido,1.0
E.F.37.625,IBUPROFENO,Ibuprofeno,1.0
E.F.37.626,METOPROLOL,Metoprolol,1.0
E.F.37.627,METOPROLOL,Metoprolol,1.0
E.F.37.628,METOPROLOL,Metoprolol,1.0
E.F.37.648,BETAHISTINA CLORHIDRATO,Betahistina,1.0
E.F.37.661,LETROZOL,Letrozol,1.0
E.F.37.663,VALSARTAN,Valsartan,1.0
E.F.37.668,BETAHISTINA CLORHIDRATO,Betahistina,1.0
E.F.37.676,MOMETASONA,Mometasona,1.0
E.F.37.680,SECNIDAZOL,Secnidazol Anhidro,1.0
E.F.37.684,METFORMINA,Metformina,1.0
E.F.37.684,GLIMEPIRIDA,Glimepirida,1.0
E.F.37.702,RIVAROXABAN,Rivaroxaban,1.0
E.F.37.708,SELENIO,Selenio,1.0
E.F.37.708,VITAMINA E,Vitamina A,1.0
E.F.37.709,SELENIO,Selenio,1.0
E.F.37.709,VITAMINA E,Vitamina A,1.0
E.F.37.715,GLIMEPIRIDA,Glimepirida,1.0
E.F.37.736,ESOMEPRAZOL MAGNESICO TRIHIDRATO,Esomeprazol Magnesico,1.0
E.F.37.743,METFORMINA,Metformina,1.0
E.F.37.743,VILDAGLIPTINA,Vildagliptina,1.0
E.F.37.744,METFORMINA,Metformina,1.0
E.F.37.744,VILDAGLIPTINA,Vildagliptina,1.0
E.F.37.745,METFORMINA,Metformina,1.0
E.F.37.745,VILDAGLIPTINA,Vildagliptina,1.0
E.F.37.753,KETOPROFENO,Ketoprofeno,1.0
E.F.37.755,LIDOCAINA,Lidocaina,1.0
E.F.37.757,DEXAMETASONA FOSFATO SÓDICO,Dexametasona,1.0
E.F.37.757,MOXIFLOXACINO CLORHIDRATO,Moxifloxacino,1.0
E.F.37.761,ORLISTAT,Orlistat,1.0
E.F.37.773,ADAPALENO,Adapaleno,1.0
E.F.37.778,HIDROQUINONA,Hidroquinona,1.0
E.F.37.783,CISPLATINO,Cisplatino,1.0
E.F.37.787,METILERGOMETRINA,Metilergometrina,1.0
E.F.37.819,MESNA,Mesna,1.0
E.F.37.829,KETOCONAZOL,Ketoconazol,1.0
E.F.37.831,RIFAXIMINA,Rifaximina,1.0
E.F.37.843,TIMOLOL MALEATO,Timolol,1.0
E.F.37.843,BRINZOLAMIDA,Brinzolamida,1.0
E.F.37.859,BIVALIRUDINA,Bivalirudina,1.0
E.F.37.867,ORLISTAT,Orlistat,1.0
E.F.37.870,PREGABALINA,Pregabalina,1.0
E.F.37.871,PREGABALINA,Pregabalina,1.0
E.F.37.872,PREGABALINA,Pregabalina,1.0
E.F.37.882,METILPREDNISOLONA,Metilprednisolona,1.0
E.F.37.883,LEVOFLOXACINA,Levofloxacino,0.923
E.F.37.887,HESPERIDINA,Hesperidina,1.0
E.F.37.887,DIOSMINA,Diosmina,1.0
E.F.37.890,ACICLOVIR,Aciclovir,1.0
E.F.37.893,HIDROXIDO DE MAGNESIO,Magnesio Hidroxido,1.0
E.F.37.893,HIDROXIDO DE ALUMINIO,Aluminio Hidroxido,1.0
E.F.37.895,EVEROLIMUS,Everolimus,1.0
E.F.37.896,NEBIVOLOL CLORHIDRATO,Nebivolol,1.0
E.F.37.903,BUDESONIDA,Budesonida,1.0
E.F.37.906,PREGABALINA,Pregabalina,1.0
E.F.37.909,VALSARTAN,Valsartan,1.0
E.F.37.914,LOSARTAN POTASICO,Losartan,1.0
E.F.37.916,BROMURO DE VECURONIO,Rocuronio Bromuro,0.889
E.F.37.926,MESALAZINA,Mesalazina,1.0
E.F.37.927,MESALAZINA,Mesalazina,1.0
E.F.37.932,VANCOMICINA,Vancomicina,1.0
E.F.37.942,FEXOFENADINA CLORHIDRATO,Fexofenadina,1.0
E.F.37.948,ACICLOVIR,Aciclovir,1.0
E.F.37.950,GUAIFENESINA,Guaifenesina,1.0
E.F.37.961,POLIETILENGLICOL 400,Polietilenglicol 4000,0.875
E.F.37.975,RIVASTIGMINA,Rivastigmina,1.0
E.F.37.978,LEVETIRACETAM,Levetiracetam,1.0
E.F.37.979,LEVETIRACETAM,Levetiracetam,1.0
E.F.37.980,LEVETIRACETAM,Levetiracetam,1.0
E.F.37.982,HIDROCLOROTIAZIDA,Hidroclorotiazida,1.0
E.F.37.982,TELMISARTAN,Telmisartan,1.0
E.F.37.985,ATORVASTATINA,Atorvastatina,1.0
E.F.37.985,AMLODIPINA,Amlodipino,0.9
E.F.38.019,BUDESONIDA,Budesonida,1.0
E.F.38.036,CLAVULANATO DE POTASIO,Clavulanato Potasio,1.0
E.F.38.036,AMOXICILINA TRIHIDRATO,Amoxicilina,1.0
E.F.38.047,DOXORUBICINA CLORHIDRATO,Doxorubicina,1.0
E.F.38.052,PEROXIDO DE BENZOILO,Benzoilo Peroxido,1.0
E.F.38.052,ADAPALENO,Adapaleno,1.0
E.F.38.053,TOBRAMICINA SULFATO,Tobramicina,1.0
E.F.38.069,PROGESTERONA,Progesterona,1.0
E.F.38.114,CLIOQUINOL,Clioquinol,1.0
E.F.38.140,ESOMEPRAZOL MAGNESICO TRIHIDRATO,Esomeprazol Magnesico,1.0
E.F.38.141,ESOMEPRAZOL MAGNESICO TRIHIDRATO,Esomeprazol Magnesico,1.0
E.F.38.143,IVERMECTINA,Ivermectina,1.0
E.F.38.151,HIDROCLOROTIAZIDA,Hidroclorotiazida,1.0
E.F.38.152,HIDROCLOROTIAZIDA,Hidroclorotiazida,1.0
E.F.38.156,BUDESONIDA,Budesonida,1.0
E.F.38.181,LEVONORGESTREL,Levonorgestrel,1.0
E.F.38.184,CILOSTAZOL,Cilostazol,1.0
E.F.38.185,CILOSTAZOL,Cilostazol,1.0
E.F.38.201,MOMETASONA FUROATO,Mometasona Furoato,1.0
E.F.38.235,ESOMEPRAZOL MAGNESIO TRIHIDRATO,Esomeprazol Magnesio Trihidrato,1.0
E.F.38.240,SIMETICONA,Simeticona,1.0
E.F.38.242,ETINILESTRADIOL,Etinilestradiol,1.0
E.F.38.244,AMBROXOL CLORHIDRATO,Ambroxol,1.0
E.F.38.245,AMBROXOL CLORHIDRATO,Ambroxol,1.0
E.F.38.270,VALSARTAN,Valsartan,1.0
E.F.38.284,CILASTATINA SODICA,Cilastatina,1.0
E.F.38.291,ATORVASTATINA,Atorvastatina,1.0
E.F.38.307,CAFEINA,Cafeina,1.0
E.F.38.307,ACETAMINOFEN,Acetaminofen,1.0
E.F.38.312,HIDROCLOROTIAZIDA,Hidroclorotiazida,1.0
E.F.38.312,CANDESARTAN CILEXETILO,Candesartan Cilexetilo,1.0
E.F.38.315,METRONIDAZOL,Metronidazol,1.0
E.F.38.329,HIDROCLOROTIAZIDA,Hidroclorotiazida,1.0
E.F.38.329,LOSARTAN POTASICO,Losartan,1.0
E.F.38.332,CETIRIZINA,Cetirizina,1.0
E.F.38.333,HIDROCLOROTIAZIDA,Hidroclorotiazida,1.0
E.F.38.337,ACIDO SALICILICO,Salicilico Acido,1.0
E.F.38.337,MOMETASONA FUROATO,Mometasona Furoato,1.0
E.F.38.360,DICLOFENAC SODICO,Diclofenaco,0.909
E.F.38.361,PREGABALINA,Pregabalina,1.0
E.F.38.369,MEMANTINA,Memantina,1.0
E.F.38.382,DIOSMINA,Diosmina,1.0
E.F.38.394,CILASTATINA,Cilastatina,1.0
E.F.38.394,IMIPENEM,Imipenem,1.0
E.F.38.421,PREGABALINA,Pregabalina,1.0
E.F.38.422,PREGABALINA,Pregabalina,1.0
E.F.38.426,GLIMEPIRIDA,Glimepirida,1.0
E.F.38.466,VALSARTAN,Valsartan,1.0
E.F.38.471,ACETAMINOFEN,Acetaminofen,1.0
E.F.38.483,DESLORATADINA,Desloratadina,1.0
E.F.38.497,DICLOFENACO POTASICO,Diclofenaco,1.0
E.F.38.501,PREGABALINA,Pregabalina,1.0
E.F.38.503,PREGABALINA,Pregabalina,1.0
E.F.38.530,ESOMEPRAZOL MAGNESICO TRIHIDRATO,Esomeprazol Magnesico,1.0
E.F.38.543,ACIDO ASCORBICO,Ascorbico Acido,1.0
E.F.38.580,RISEDRONATO SODICO,Risedronato Sodio,1.0
E.F.38.604,ACETAMINOFEN,Acetaminofen,1.0
E.F.38.610,CLORHIDRATO DE AMBROXOL,Ambroxol,1.0
E.F.38.628,DICLOFENACO POTASICO,Diclofenaco,1.0
E.F.38.633,SIMETICONA,Simeticona,1.0
E.F.38.634,TADALAFILO,Tadalafilo,1.0
E.F.38.637,TADALAFILO,Tadalafilo,1.0
E.F.38.648,MEDROXIPROGESTERONA,Medroxiprogesterona,1.0
E.F.38.655,LOSARTAN POTASICO,Losartan,1.0
E.F.38.665,ACIDO ACETICO,Acetico Acido,1.0
E.F.38.680,AMBROXOL CLORHIDRATO,Ambroxol,1.0
E.F.38.685,TIOCOLCHICOSIDO,Tiocolchicosido,1.0
E.F.38.685,IBUPROFENO,Ibuprofeno,1.0
E.F.38.718,TADALAFILO,Tadalafilo,1.0
E.F.38.754,HIDROCLOROTIAZIDA,Hidroclorotiazida,1.0
E.F.38.754,CANDESARTAN CILEXETILO,Candesartan Cilexetilo,1.0
E.F.38.759,BUDESONIDA,Budesonida,1.0
E.F.38.761,GLIMEPIRIDA,Glimepirida,1.0
E.F.38.763,GLIMEPIRIDA,Glimepirida,1.0
E.F.38.781,LEVONORGESTREL,Levonorgestrel,1.0
E.F.38.784,ACIDO IBANDRONICO,Acido Ibandronico Sodio Monohidrato,1.0
E.F.38.785,SIMVASTATINA,Simvastatina,1.0
E.F.38.785,EZETIMIBA,Ezetimiba,1.0
E.F.38.810,TACROLIMUS,Tacrolimus,1.0
E.F.38.811,TACROLIMUS,Tacrolimus,1.0
E.F.38.820,ACETAMINOFEN,Acetaminofen,1.0
E.F.38.849,SERTRALINA,Sertralina,1.0
E.F.38.854,AZITROMICINA DIHIDRATO,Azitromicina,1.0
E.F.38.867,AMBROXOL CLORHIDRATO,Ambroxol,1.0
E.F.38.877,LEVOCARNITINA,Levocarnitina,1.0
E.F.38.880,IBUPROFENO,Ibuprofeno,1.0
E.F.38.888,DICLOFENACO POTASICO,Diclofenaco,1.0
E.F.38.891,PROGESTERONA,Progesterona,1.0
E.F.38.893,MEROPENEM,Meropenem,1.0
E.F.38.894,MEROPENEM,Meropenem,1.0
E.F.38.907,METILSULFATO DE NEOSTIGMINA,Neostigmina Metilsulfato,1.0
E.F.38.910,GADOBUTROL,Gadobutrol,1.0
E.F.38.927,ACETAMINOFEN,Acetaminofen,1.0
E.F.38.935,CLOTRIMAZOL,Clotrimazol,1.0
E.F.38.940,LORATADINA,Loratadina,1.0
E.F.38.940,ACETAMINOFEN,Acetaminofen,1.0
E.F.38.943,IBUPROFENO,Ibuprofeno,1.0
E.F.38.957,ESOMEPRAZOL MAGNESICO TRIHIDRATO,Esomeprazol Magnesico,1.0
E.F.38.958,ESOMEPRAZOL MAGNESICO TRIHIDRATO,Esomeprazol Magnesico,1.0
E.F.38.961,GUAIFENESINA,Guaifenesina,1.0
E.F.38.962,MONTELUKAST,Montelukast,1.0
E.F.38.983,DOMPERIDONA,Domperidona,1.0
E.F.38.987,ADAPALENO,Adapaleno,1.0
E.F.39.017,NIACINAMIDA,Niacinamida,1.0
E.F.39.017,CIANOCOBALAMINA,Cianocobalamina,1.0
E.F.39.017,PIRIDOXINA,Piridoxina,1.0
E.F.39.017,TIAMINA,Tiamina,1.0
E.F.39.021,VITAMINA B12,Vitamina B12,1.0
E.F.39.030,ACETAMINOFEN,Acetaminofen,1.0
E.F.39.050,ESOMEPRAZOL MAGNESICO TRIHIDRATO,Esomeprazol Magnesico,1.0
E.F.39.051,ESOMEPRAZOL MAGNESICO TRIHIDRATO,Esomeprazol Magnesico,1.0
E.F.39.059,IBUPROFENO,Ibuprofeno,1.0
E.F.39.070,CLOPIDOGREL,Clopidogrel,1.0
E.F.39.077,LORATADINA,Loratadina,1.0
E.F.39.077,AMBROXOL CLORHIDRATO,Ambroxol,1.0
E.F.39.084,HIDROCLOROTIAZIDA,Hidroclorotiazida,1.0
E.F.39.084,LOSARTAN POTASICO,Losartan,1.0
E.F.39.086,ORLISTAT,Orlistat,1.0
E.F.39.092,ORLISTAT,Orlistat,1.0
E.F.39.093,ORLISTAT,Orlistat,1.0
E.F.39.098,DESLORATADINA,Desloratadina,1.0
E.F.39.190,CLORFENIRAMINA,Clorfeniramina,1.0
E.F.39.190,ACETAMINOFEN,Acetaminofen,1.0
E.F.39.202,ROSUVASTATINA CALCICA,Rosuvastatina,1.0
E.F.39.207,INDAPAMIDA,Indapamida,1.0
E.F.39.208,INDAPAMIDA,Indapamida,1.0
E.F.39.216,PREGABALINA,Pregabalina,1.0
E.F.39.217,CEFIXIMA TRIHIDRATO,Cefixima,1.0
E.F.39.225,LORATADINA,Loratadina,1.0
E.F.39.225,AMBROXOL CLORHIDRATO,Ambroxol,1.0
E.F.39.249,TIOCOLCHICOSIDO,Tiocolchicosido,1.0
E.F.39.249,IBUPROFENO,Ibuprofeno,1.0
E.F.39.265,ROSUVASTATINA CALCICA,Rosuvastatina,1.0
E.F.39.283,ESOMEPRAZOL SODICO,Esomeprazol,1.0
E.F.39.306,ESOMEPRAZOL MAGNESICO TRIHIDRATO,Esomeprazol Magnesico,1.0
E.F.39.320,TIOCOLCHICOSIDO,Tiocolchicosido,1.0
E.F.39.320,IBUPROFENO,Ibuprofeno,1.0
E.F.39.326,OLMESARTAN MEDOXOMILO,Olmesartan Medoxomilo,1.0
E.F.39.329,MOXIFLOXACINO CLORHIDRATO,Moxifloxacino,1.0
E.F.39.350,IBUPROFENO,Ibuprofeno,1.0
E.F.39.367,FLUCONAZOL,Fluconazol,1.0
E.F.39.374,ROSUVASTATINA CALCICA,Rosuvastatina,1.0
E.F.39.375,LEVOCETIRIZINA DICLORHIDRATO,Levocetirizina,1.0
E.F.39.385,DABIGATRAN ETEXILATO MESILATO,Dabigatran Etexilato Mesilato,1.0
E.F.39.395,METILPREDNISOLONA,Metilprednisolona,1.0
E.F.39.403,OLMESARTAN MEDOXOMILO,Olmesartan Medoxomilo,1.0
E.F.39.405,TIOCOLCHICOSIDO,Tiocolchicosido,1.0
E.F.39.405,IBUPROFENO,Ibuprofeno,1.0
E.F.39.414,KETOPROFENO,Ketoprofeno,1.0
E.F.39.425,CAFEINA,Cafeina,1.0
E.F.39.425,IBUPROFENO,Ibuprofeno,1.0
E.F.39.434,QUETIAPINA,Quetiapina,1.0
E.F.39.463,FENOBARBITAL,Fenobarbital,1.0
E.F.39.468,ATORVASTATINA,Atorvastatina,1.0
E.F.39.471,PAMOATO DE PIRANTEL,Pirantel,1.0
E.F.39.497,BECLOMETASONA,Beclometasona,1.0
E.F.39.497,GENTAMICINA,Gentamicina,1.0
E.F.39.497,CLOTRIMAZOL,Clotrimazol,1.0
E.F.39.498,HIDROCLOROTIAZIDA,Hidroclorotiazida,1.0
E.F.39.498,VALSARTAN,Valsartan,1.0
E.F.39.500,HIDROCLOROTIAZIDA,Hidroclorotiazida,1.0
E.F.39.500,VALSARTAN,Valsartan,1.0
E.F.39.508,AZTREONAM,Aztreonam,1.0
E.F.39.520,CLORTALIDONA,Clortalidona,1.0
E.F.39.524,CAFEINA,Cafeina,1.0
E.F.39.524,ACETAMINOFEN,Acetaminofen,1.0
E.F.39.525,CAFEINA,Cafeina,1.0
E.F.39.525,ACETAMINOFEN,Acetaminofen,1.0
E.F.39.536,ABACAVIR,Abacavir,1.0
E.F.39.555,METILPREDNISOLONA,Metilprednisolona,1.0
E.F.39.561,RISPERIDONA,Risperidona,1.0
E.F.39.567,ACIDO FOLICO,Folico Acido,1.0
E.F.39.597,TADALAFILO,Tadalafilo,1.0
E.F.39.603,MONTELUKAST,Montelukast,1.0
E.F.39.603,DESLORATADINA,Desloratadina,1.0
E.F.39.618,ORLISTAT,Orlistat,1.0
E.F.39.619,BISOPROLOL FUMARATO,Bisoprolol,1.0
E.F.39.624,LEVOCETIRIZINA DICLORHIDRATO,Levocetirizina,1.0
E.F.39.647,FINGOLIMOD,Fingolimod,1.0
E.F.39.669,PREGABALINA,Pregabalina,1.0
E.F.39.670,PREGABALINA,Pregabalina,1.0
E.F.39.671,PREGABALINA,Pregabalina,1.0
E.F.39.679,LEVETIRACETAM,Levetiracetam,1.0
E.F.39.680,LEVETIRACETAM,Levetiracetam,1.0
E.F.39.685,METRONIDAZOL,Metronidazol,1.0
E.F.39.697,CLORHIDRATO DE BROMHEXINA,Bromhexina,1.0
E.F.39.709,RISPERIDONA,Risperidona,1.0
E.F.39.724,HIDROSMINA,Hidrosmina,1.0
E.F.39.753,ACETATO DE PREDNISOLONA,Prednisolona,1.0
E.F.39.755,CIANOCOBALAMINA,Cianocobalamina,1.0
E.F.39.755,CLORHIDRATO DE PIRIDOXINA,Piridoxina,1.0
E.F.39.755,CLORHIDRATO DE TIAMINA,Tiamina,1.0
E.F.39.775,RIFAXIMINA,Rifaximina,1.0
E.F.39.797,SALBUTAMOL,Salbutamol,1.0
E.F.39.805,TAZOBACTAM,Tazobactam,1.0
E.F.39.805,PIPERACILINA,Piperacilina,1.0
E.F.39.809,HIDROXIDO DE MAGNESIO,Magnesio Hidroxido,1.0
E.F.39.809,FAMOTIDINA,Famotidina,1.0
E.F.39.810,CICLOPIROX,Ciclopirox,1.0
E.F.39.811,BUDESONIDA,Budesonida,1.0
E.F.39.822,QUETIAPINA,Quetiapina,1.0
E.F.39.833,CLORTALIDONA,Clortalidona,1.0
E.F.39.840,CAFEINA,Cafeina,1.0
E.F.39.840,ACETAMINOFEN,Acetaminofen,1.0
E.F.39.841,ACETAMINOFEN,Acetaminofen,1.0
E.F.39.852,TIOCOLCHICOSIDO,Tiocolchicosido,1.0
E.F.39.856,VITAMINA D3,Vitamina D3,1.0
E.F.39.860,QUETIAPINA,Quetiapina,1.0
E.F.39.861,QUETIAPINA,Quetiapina,1.0
E.F.39.862,QUETIAPINA,Quetiapina,1.0
E.F.39.864,CINNARIZINA,Cinnarizina,1.0
E.F.39.874,TETRABENAZINA,Tetrabenazina,1.0
E.F.39.877,DICLOFENACO POTASICO,Diclofenaco,1.0
E.F.39.882,CITICOLINA,Citicolina,1.0
E.F.39.885,QUETIAPINA,Quetiapina,1.0
E.F.39.886,QUETIAPINA,Quetiapina,1.0
E.F.39.887,DIENOGEST,Dienogest,1.0
E.F.39.887,ETINILESTRADIOL,Etinilestradiol,1.0
E.F.39.889,MESILATO DE IMATINIB,Imatinib Mesilato,1.0
E.F.39.894,CLORHIDRATO DE MEMANTINA,Memantina,1.0
E.F.39.901,MESILATO DE IMATINIB,Imatinib Mesilato,1.0
E.F.39.905,TICAGRELOR,Ticagrelor,1.0
E.F.39.909,ACETAMINOFEN,Acetaminofen,1.0
E.F.39.914,TAZOBACTAM,Tazobactam,1.0
E.F.39.914,PIPERACILINA,Piperacilina,1.0
E.F.39.917,ACETAMINOFEN,Acetaminofen,1.0
E.F.39.918,BROMURO DE IPRATROPIO,Bromuro De Ipratropio Monohidratado,1.0
E.F.39.925,CLORURO DE CETILPIRIDINIO,Cetilpiridinio Cloruro,1.0
E.F.39.927,IRBESARTAN,Irbesartan,1.0
E.F.39.928,IRBESARTAN,Irbesartan,1.0
E.F.39.931,HIDROCLOROTIAZIDA,Hidroclorotiazida,1.0
E.F.39.931,IRBESARTAN,Irbesartan,1.0
E.F.39.943,LEVOSULPIRIDA,Levosulpirida,1.0
E.F.39.948,LEVOCETIRIZINA DICLORHIDRATO,Levocetirizina,1.0
E.F.39.949,IBUPROFENO,Ibuprofeno,1.0
E.F.39.953,DICLOFENACO POTASICO,Diclofenaco,1.0
E.F.39.967,SIMETICONA,Simeticona,1.0
E.F.39.982,LORATADINA,Loratadina,1.0
E.F.39.982,AMBROXOL,Ambroxol,1.0
E.F.39.986,TOPIRAMATO,Topiramato,1.0
E.F.39.999,LEVETIRACETAM,Levetiracetam,1.0
E.F.4.470,SALICILATO DE METILO,Salicilato Metilo,1.0
E.F.4.470,MENTOL,Mentol,1.0
E.F.4.931,MENTOL,Mentol,1.0
E.F.4.931,ALCANFOR,Alcanfor,1.0
E.F.4.931,SALICILATO DE METILO,Salicilato Metilo,1.0
E.F.40.013,CARNITINA,Carnitina,1.0
E.F.40.036,RAMIPRIL,Ramipril,1.0
E.F.40.054,AMOXICILINA,Amoxicilina,1.0
E.F.40.057,MICONAZOL,Miconazol,1.0
E.F.40.057,METRONIDAZOL,Metronidazol,1.0
E.F.40.058,FUMARATO DE BISOPROLOL,Bisoprolol,1.0
E.F.40.060,FUMARATO DE BISOPROLOL,Bisoprolol,1.0
E.F.40.069,ACETAMINOFEN,Acetaminofen,1.0
E.F.40.071,DOXICICLINA,Doxiciclina,1.0
E.F.40.072,MONTELUKAST,Montelukast,1.0
E.F.40.075,ROFLUMILAST,Roflumilast,1.0
E.F.40.082,AMBROXOL,Ambroxol,1.0
E.F.40.082,LORATADINA,Loratadina,1.0
E.F.40.098,GLIMEPIRIDA,Glimepirida,1.0
E.F.40.123,SIMETICONA,Simeticona,1.0
E.F.40.123,PANCREATINA,Pancreatina,1.0
E.F.40.147,CANDESARTAN CILEXETILO,Candesartan Cilexetilo,1.0
E.F.40.147,HIDROCLOROTIAZIDA,Hidroclorotiazida,1.0
E.F.40.159,RISPERIDONA,Risperidona,1.0
E.F.40.186,EFAVIRENZ,Efavirenz,1.0
E.F.40.192,SIMETICONA,Simeticona,1.0
E.F.40.193,AMBROXOL,Ambroxol,1.0
E.F.40.193,LORATADINA,Loratadina,1.0
E.F.40.197,ORLISTAT,Orlistat,1.0
E.F.40.209,DOCETAXEL,Docetaxel,1.0
E.F.40.210,ACETAMINOFEN,Acetaminofen,1.0
E.F.40.220,TEICOPLANINA,Teicoplanina,1.0
E.F.40.224,TEICOPLANINA,Teicoplanina,1.0
E.F.40.226,GLIBENCLAMIDA,Glibenclamida,1.0
E.F.40.231,ACIDO ZOLEDRONICO,Acido Zoledronico,1.0
E.F.40.232,IRBESARTAN,Irbesartan,1.0
E.F.40.232,HIDROCLOROTIAZIDA,Hidroclorotiazida,1.0
E.F.40.235,CLORHIDRATO DE CICLOPENTOLATO,Ciclopentolato,1.0
E.F.40.243,RAMIPRIL,Ramipril,1.0
E.F.40.250,LEVOCETIRIZINA DICLORHIDRATO,Levocetirizina,1.0
E.F.40.252,DESLORATADINA,Desloratadina,1.0
E.F.40.252,MONTELUKAST,Montelukast,1.0
E.F.40.267,CEFEPIMA,Cefepima,1.0
E.F.40.272,LEVODROPROPIZINA,Levodropropizina,1.0
E.F.40.280,FUMARATO DE BISOPROLOL,Bisoprolol,1.0
E.F.40.280,HIDROCLOROTIAZIDA,Hidroclorotiazida,1.0
E.F.40.281,LOSARTAN POTASICO,Losartan,1.0
E.F.40.282,LOSARTAN POTASICO,Losartan,1.0
E.F.40.285,HIDROCLOROTIAZIDA,Hidroclorotiazida,1.0
E.F.40.285,RAMIPRIL,Ramipril,1.0
E.F.40.290,IBUPROFENO,Ibuprofeno,1.0
E.F.40.301,ATORVASTATINA,Atorvastatina,1.0
E.F.40.302,IRBESARTAN,Irbesartan,1.0
E.F.40.322,LEVOFLOXACINA,Levofloxacino,0.923
E.F.40.323,TOBRAMICINA SULFATO,Tobramicina,1.0
E.F.40.328,CLINDAMICINA,Clindamicina,1.0
E.F.40.328,ADAPALENO,Adapaleno,1.0
E.F.40.345,DARUNAVIR,Darunavir,1.0
E.F.40.346,DIENOGEST,Dienogest,1.0
E.F.40.346,ESTRADIOL VALERATO,Estradiol Valerato,1.0
E.F.40.347,DARUNAVIR,Darunavir,1.0
E.F.40.358,DEXAMETASONA FOSFATO SÓDICO,Dexametasona,1.0
E.F.40.358,TOBRAMICINA SULFATO,Tobramicina,1.0
E.F.40.365,GLIBENCLAMIDA,Glibenclamida,1.0
E.F.40.366,HIDROCLOROTIAZIDA,Hidroclorotiazida,1.0
E.F.40.366,CANDESARTAN CILEXETILO,Candesartan Cilexetilo,1.0
E.F.40.374,BETAMETASONA,Betametasona,1.0
E.F.40.390,BILASTINA,Bilastina,1.0
E.F.40.393,SITAGLIPTINA,Sitagliptina,1.0
E.F.40.404,ACIDO ZOLEDRONICO,Acido Zoledronico,1.0
E.F.40.425,METRONIDAZOL,Metronidazol,1.0
E.F.40.430,DEFLAZACORT,Deflazacort,1.0
E.F.40.452,LORATADINA,Loratadina,1.0
E.F.40.454,HESPERIDINA,Hesperidina,1.0
E.F.40.454,DIOSMINA,Diosmina,1.0
E.F.40.455,GLIBENCLAMIDA,Glibenclamida,1.0
E.F.40.466,METRONIDAZOL,Metronidazol,1.0
E.F.40.477,ACETAMINOFEN,Acetaminofen,1.0
E.F.40.481,TELMISARTAN,Telmisartan,1.0
E.F.40.482,TELMISARTAN,Telmisartan,1.0
E.F.40.485,VEMURAFENIB,Vemurafenib,1.0
E.F.40.495,BUDESONIDA,Budesonida,1.0
E.F.40.502,AMBROXOL,Ambroxol,1.0
E.F.40.507,TIMOLOL MALEATO,Timolol,1.0
E.F.40.516,CARBOPLATINO,Carboplatino,1.0
E.F.40.528,MEROPENEM,Meropenem,1.0
E.F.40.529,MEROPENEM,Meropenem,1.0
E.F.40.535,METFORMINA CLORHIDRATO,Metformina,1.0
E.F.40.535,SITAGLIPTINA FOSFATO MONOHIDRATADO,Sitagliptina,1.0
E.F.40.536,CAFEINA,Cafeina,1.0
E.F.40.536,IBUPROFENO,Ibuprofeno,1.0
E.F.40.540,DICLOFENAC SODICO,Diclofenaco,0.909
E.F.40.543,AZTREONAM,Aztreonam,1.0
E.F.40.551,CILOSTAZOL,Cilostazol,1.0
E.F.40.553,OLOPATADINA,Olopatadina,1.0
E.F.40.554,KETOTIFENO,Ketotifeno,1.0
E.F.40.557,GEMCITABINA,Gemcitabina,1.0
E.F.40.560,BORTEZOMIB,Bortezomib,1.0
E.F.40.562,PROPOFOL,Propofol,1.0
E.F.40.567,SITAGLIPTINA,Sitagliptina,1.0
E.F.40.574,BISOPROLOL FUMARATO,Bisoprolol,1.0
E.F.40.594,LOSARTAN POTASICO,Losartan,1.0
E.F.40.594,AMLODIPINA,Amlodipino,0.9
E.F.40.606,BROMURO DE PINAVERIO,Pinaverio Bromuro,1.0
E.F.40.610,HIDROCLOROTIAZIDA,Hidroclorotiazida,1.0
E.F.40.610,OLMESARTAN MEDOXOMILO,Olmesartan Medoxomilo,1.0
E.F.40.615,TOBRAMICINA SULFATO,Tobramicina,1.0
E.F.40.617,SUGAMMADEX SÓDICO,Sugammadex,1.0
E.F.40.648,LINAGLIPTINA,Linagliptina,1.0
E.F.40.656,ZINC,Zinc,1.0
E.F.40.656,ACIDO ASCORBICO,Ascorbico Acido,1.0
E.F.40.662,CODEINA,Codeina,1.0
E.F.40.663,DEXTROMETORFANO,Dextrometorfano,1.0
E.F.40.666,ELTROMBOPAG,Eltrombopag,1.0
E.F.40.669,IBUPROFENO,Ibuprofeno,1.0
E.F.40.670,PETIDINA,Petidina,1.0
E.F.40.673,TERBINAFINA,Terbinafina,1.0
E.F.40.679,CAFEINA,Cafeina,1.0
E.F.40.679,ACETAMINOFEN,Acetaminofen,1.0
E.F.40.682,ACIDO GADOXETICO,Gadoxetico Acido,1.0
E.F.40.691,VALSARTAN,Valsartan,1.0
E.F.40.696,DEFLAZACORT,Deflazacort,1.0
E.F.40.702,CITALOPRAM,Citalopram,1.0
E.F.40.724,LEVONORGESTREL,Levonorgestrel,1.0
E.F.40.727,CEFEPIMA,Cefepima,1.0
E.F.40.733,PREGABALINA,Pregabalina,1.0
E.F.40.734,ACIDO TRANEXAMICO,Tranexamico Acido,1.0
E.F.40.735,TIGECICLINA,Tigeciclina,1.0
E.F.40.742,FEXOFENADINA,Fexofenadina,1.0
E.F.40.754,PANTOPRAZOL,Pantoprazol,1.0
E.F.40.764,IRBESARTAN,Irbesartan,1.0
E.F.40.770,DEXAMETASONA FOSFATO SÓDICO,Dexametasona,1.0
E.F.40.770,CIPROFLOXACINO,Ciprofloxacino,1.0
E.F.40.773,VANCOMICINA,Vancomicina,1.0
E.F.40.783,TADALAFILO,Tadalafilo,1.0
E.F.40.790,PROPIONATO DE CLOBETASOL,Clobetasol Propionato,1.0
E.F.40.804,CLOBETASOL,Clobetasol,1.0
E.F.40.814,BRIMONIDINA TARTRATO,Brimonidina,1.0
E.F.40.816,CLONAZEPAM,Clonazepam,1.0
E.F.40.818,CLONAZEPAM,Clonazepam,1.0
E.F.40.855,HIDROCLOROTIAZIDA,Hidroclorotiazida,1.0
E.F.40.855,VALSARTAN,Valsartan,1.0
E.F.40.856,CAFEINA,Cafeina,1.0
E.F.40.856,IBUPROFENO,Ibuprofeno,1.0
E.F.40.857,HIDROCLOROTIAZIDA,Hidroclorotiazida,1.0
E.F.40.857,VALSARTAN,Valsartan,1.0
E.F.40.861,METFORMINA,Metformina,1.0
E.F.40.870,RUXOLITINIB,Ruxolitinib,1.0
E.F.40.871,RUXOLITINIB,Ruxolitinib,1.0
E.F.40.885,ETOPOSIDO,Etoposido,1.0
E.F.40.898,TADALAFILO,Tadalafilo,1.0
E.F.40.899,ORLISTAT,Orlistat,1.0
E.F.40.902,CLOPIDOGREL,Clopidogrel,1.0
E.F.40.908,PAZOPANIB,Pazopanib,1.0
E.F.40.909,PAZOPANIB,Pazopanib,1.0
E.F.40.910,ROSUVASTATINA,Rosuvastatina,1.0
E.F.40.911,ROSUVASTATINA,Rosuvastatina,1.0
E.F.40.920,METOTREXATO,Metotrexato,1.0
E.F.40.927,TIOCOLCHICOSIDO,Tiocolchicosido,1.0
E.F.40.927,IBUPROFENO,Ibuprofeno,1.0
E.F.40.939,DEFLAZACORT,Deflazacort,1.0
E.F.40.957,HIDROCLOROTIAZIDA,Hidroclorotiazida,1.0
E.F.40.978,OLOPATADINA,Olopatadina,1.0
E.F.40.988,ACIDO IBANDRONICO,Acido Ibandronico Sodio Monohidrato,1.0
E.F.41.001,BROMURO DE GLICOPIRRONIO,Glicopirronio Bromuro,1.0
E.F.41.002,AFATINIB,Afatinib,1.0
E.F.41.003,AFATINIB,Afatinib,1.0
E.F.41.004,AFATINIB,Afatinib,1.0
E.F.41.025,FERRIMANITOL OVOALBUMINA,Ferrimanitol Ovoalbumina,1.0
E.F.41.038,ESOMEPRAZOL MAGNESICO TRIHIDRATO,Esomeprazol Magnesico,1.0
E.F.41.039,ESOMEPRAZOL MAGNESICO TRIHIDRATO,Esomeprazol Magnesico,1.0
E.F.41.040,CAFEINA,Cafeina,1.0
E.F.41.040,IBUPROFENO,Ibuprofeno,1.0
E.F.41.043,TADALAFILO,Tadalafilo,1.0
E.F.41.052,PEROXIDO DE BENZOILO,Benzoilo Peroxido,1.0
E.F.41.057,ZOLPIDEM,Zolpidem,1.0
E.F.41.061,CANDESARTAN,Candesartan,1.0
E.F.41.064,TERBINAFINA,Terbinafina,1.0
E.F.41.071,TRIGLICERIDOS DE CADENA MEDIA,Trigliceridos Cadena Media,1.0
E.F.41.084,VALSARTAN,Valsartan,1.0
E.F.41.093,CLORFENIRAMINA,Clorfeniramina,1.0
E.F.41.093,ACETAMINOFEN,Acetaminofen,1.0
E.F.41.099,ETINILESTRADIOL,Etinilestradiol,1.0
E.F.41.099,DIENOGEST,Dienogest,1.0
E.F.41.100,ETINILESTRADIOL,Etinilestradiol,1.0
E.F.41.101,ACETAMINOFEN,Acetaminofen,1.0
E.F.41.117,CEFTRIAXONA,Ceftriaxona,1.0
E.F.41.118,PROPOFOL,Propofol,1.0
E.F.41.121,ACIDO TRANEXAMICO,Tranexamico Acido,1.0
E.F.41.124,BROMURO DE ROCURONIO,Rocuronio Bromuro,1.0
E.F.41.128,ACETAMINOFEN,Acetaminofen,1.0
E.F.41.129,ACIDO ASCORBICO,Ascorbico Acido,1.0
E.F.41.132,CLORURO DE CETILPIRIDINIO,Cetilpiridinio Cloruro,1.0
E.F.41.132,BENCIDAMINA CLORHIDRATO,Bencidamina,1.0
E.F.41.133,CLORURO DE CETILPIRIDINIO,Cetilpiridinio Cloruro,1.0
E.F.41.133,BENCIDAMINA CLORHIDRATO,Bencidamina,1.0
E.F.41.134,CLORURO DE CETILPIRIDINIO,Cetilpiridinio Cloruro,1.0
E.F.41.134,BENCIDAMINA CLORHIDRATO,Bencidamina,1.0
E.F.41.141,PREGABALINA,Pregabalina,1.0
E.F.41.142,PREGABALINA,Pregabalina,1.0
E.F.41.147,BENCIDAMINA CLORHIDRATO,Bencidamina,1.0
E.F.41.156,TADALAFILO,Tadalafilo,1.0
E.F.41.157,TIMOLOL MALEATO,Timolol,1.0
E.F.41.157,DORZOLAMIDA CLORHIDRATO,Dorzolamida,1.0
E.F.41.157,BRIMONIDINA TARTRATO,Brimonidina,1.0
E.F.41.169,ACETAMINOFEN,Acetaminofen,1.0
E.F.41.178,ACIDO IBANDRONICO,Acido Ibandronico Sodio Monohidrato,1.0
E.F.41.203,ETINILESTRADIOL,Etinilestradiol,1.0
E.F.41.203,DROSPIRENONA,Drospirenona,1.0
E.F.41.209,LEVOCETIRIZINA,Levocetirizina,1.0
E.F.41.210,MONTELUKAST,Montelukast,1.0
E.F.41.242,ALOPURINOL,Alopurinol,1.0
E.F.41.247,COLESTIRAMINA,Colestiramina,1.0
E.F.41.251,VANCOMICINA,Vancomicina,1.0
E.F.41.258,MEROPENEM,Meropenem,1.0
E.F.41.272,CANDESARTAN,Candesartan,1.0
E.F.41.273,CANDESARTAN CILEXETILO,Candesartan Cilexetilo,1.0
E.F.41.280,RIOCIGUAT,Riociguat,1.0
E.F.41.281,RIOCIGUAT,Riociguat,1.0
E.F.41.282,RIOCIGUAT,Riociguat,1.0
E.F.41.283,RIOCIGUAT,Riociguat,1.0
E.F.41.284,RIOCIGUAT,Riociguat,1.0
E.F.41.289,PREGABALINA,Pregabalina,1.0
E.F.41.297,MEROPENEM,Meropenem,1.0
E.F.41.302,BROMURO DE ROCURONIO,Rocuronio Bromuro,1.0
E.F.41.327,VALSARTAN,Valsartan,1.0
E.F.41.328,VALSARTAN,Valsartan,1.0
E.F.41.329,VALSARTAN,Valsartan,1.0
E.F.41.338,PANTOPRAZOL,Pantoprazol,1.0
E.F.41.339,PANTOPRAZOL,Pantoprazol,1.0
E.F.41.345,TIOCOLCHICOSIDO,Tiocolchicosido,1.0
E.F.41.345,IBUPROFENO,Ibuprofeno,1.0
E.F.41.346,TIOCOLCHICOSIDO,Tiocolchicosido,1.0
E.F.41.346,IBUPROFENO,Ibuprofeno,1.0
E.F.41.351,TIMOLOL MALEATO,Timolol,1.0
E.F.41.351,LATANOPROST,Latanoprost,1.0
E.F.41.358,PREDNISOLONA,Prednisolona,1.0
E.F.41.359,FEXOFENADINA CLORHIDRATO,Fexofenadina,1.0
E.F.41.363,VISMODEGIB,Vismodegib,1.0
E.F.41.392,TIOCOLCHICOSIDO,Tiocolchicosido,1.0
E.F.41.392,IBUPROFENO,Ibuprofeno,1.0
E.F.41.400,OLOPATADINA,Olopatadina,1.0
E.F.41.401,GLICOPIRRONIO,Glicopirronio,1.0
E.F.41.401,INDACATEROL,Indacaterol,1.0
E.F.41.404,KETOPROFENO,Ketoprofeno,1.0
E.F.41.411,CILASTATINA,Cilastatina,1.0
E.F.41.411,IMIPENEM,Imipenem,1.0
E.F.41.420,ACIDO ASCORBICO,Ascorbico Acido,1.0
E.F.41.425,ESCITALOPRAM,Escitalopram,1.0
E.F.41.426,ESCITALOPRAM,Escitalopram,1.0
E.F.41.432,GLIMEPIRIDA,Glimepirida,1.0
E.F.41.432,METFORMINA,Metformina,1.0
E.F.41.446,HIDROCLOROTIAZIDA,Hidroclorotiazida,1.0
E.F.41.446,LOSARTAN POTASICO,Losartan,1.0
E.F.41.466,ESOMEPRAZOL MAGNESICO TRIHIDRATO,Esomeprazol Magnesico,1.0
E.F.41.482,ETORICOXIB,Etoricoxib,1.0
E.F.41.483,ETORICOXIB,Etoricoxib,1.0
E.F.41.487,RIVAROXABAN,Rivaroxaban,1.0
E.F.41.488,RIVAROXABAN,Rivaroxaban,1.0
E.F.41.495,ROSUVASTATINA,Rosuvastatina,1.0
E.F.41.500,GLUTAMINA,Glutamina,1.0
E.F.41.502,CLORFENIRAMINA,Clorfeniramina,1.0
E.F.41.502,CODEINA,Codeina,1.0
E.F.41.503,IBUPROFENO,Ibuprofeno,1.0
E.F.41.513,CIANOCOBALAMINA,Cianocobalamina,1.0
E.F.41.513,HIERRO,Fumarato Hierro,1.0
E.F.41.520,CLOTRIMAZOL,Clotrimazol,1.0
E.F.41.522,CITICOLINA,Citicolina,1.0
E.F.41.526,VALSARTAN,Valsartan,1.0
E.F.41.526,AMLODIPINA,Amlodipino,0.9
E.F.41.527,CITICOLINA,Citicolina,1.0
E.F.41.549,MOMETASONA,Mometasona,1.0
E.F.41.551,CLORFENIRAMINA,Clorfeniramina,1.0
E.F.41.551,ACETAMINOFEN,Acetaminofen,1.0
E.F.41.577,DEXAMETASONA FOSFATO SÓDICO,Dexametasona,1.0
E.F.41.577,CIPROFLOXACINO,Ciprofloxacino,1.0
E.F.41.583,VITAMINA D3,Vitamina D3,1.0
E.F.41.595,CARBOXIMETILCELULOSA SODICA,Carboximetilcelulosa,1.0
E.F.41.613,FERRIMANITOL OVOALBUMINA,Ferrimanitol Ovoalbumina,1.0
E.F.41.629,HIDROCLOROTIAZIDA,Hidroclorotiazida,1.0
E.F.41.629,VALSARTAN,Valsartan,1.0
E.F.41.640,PIPERACILINA,Piperacilina,1.0
E.F.41.645,ACETAMINOFEN,Acetaminofen,1.0
E.F.41.648,BETAHISTINA CLORHIDRATO,Betahistina,1.0
E.F.41.649,BETAHISTINA CLORHIDRATO,Betahistina,1.0
E.F.41.650,ACIDO FOLICO,Folico Acido,1.0
E.F.41.650,FERRIMANITOL OVOALBUMINA,Ferrimanitol Ovoalbumina,1.0
E.F.41.651,ACIDO FOLICO,Folico Acido,1.0
E.F.41.661,DICLOFENACO,Diclofenaco,1.0
E.F.41.662,DICLOFENACO,Diclofenaco,1.0
E.F.41.668,ACETAMINOFEN,Acetaminofen,1.0
E.F.41.670,SULFATO DE ZINC HEPTAHIDRATO,Zinc Sulfato Heptahidrato,1.0
E.F.41.670,DEXTROSA ANHIDRA,Dextrosa,1.0
E.F.41.670,CLORURO DE SODIO,Calcio Cloruro,1.0
E.F.41.670,CLORURO DE POTASIO,Calcio Cloruro,1.0
E.F.41.671,SULFATO DE ZINC HEPTAHIDRATO,Zinc Sulfato Heptahidrato,1.0
E.F.41.671,CLORURO DE SODIO,Calcio Cloruro,1.0
E.F.41.671,CLORURO DE POTASIO,Calcio Cloruro,1.0
E.F.41.675,CLORURO DE CETILPIRIDINIO,Cetilpiridinio Cloruro,1.0
E.F.41.675,BENCIDAMINA CLORHIDRATO,Bencidamina,1.0
E.F.41.676,BENCIDAMINA CLORHIDRATO,Bencidamina,1.0
E.F.41.677,CLORURO DE CETILPIRIDINIO,Cetilpiridinio Cloruro,1.0
E.F.41.677,BENCIDAMINA CLORHIDRATO,Bencidamina,1.0
E.F.41.681,IBUPROFENO,Ibuprofeno,1.0
E.F.41.686,FLUCONAZOL,Fluconazol,1.0
E.F.41.688,ALPRAZOLAM,Alprazolam,1.0
E.F.41.690,OLMESARTAN MEDOXOMILO,Olmesartan Medoxomilo,1.0
E.F.41.700,CLORFENIRAMINA,Clorfeniramina,1.0
E.F.41.700,FENILEFRINA,Fenilefrina,1.0
E.F.41.700,DEXTROMETORFANO,Dextrometorfano,1.0
E.F.41.700,ACETAMINOFEN,Acetaminofen,1.0
E.F.41.701,ACETAMINOFEN,Acetaminofen,1.0
E.F.41.701,FENILEFRINA,Fenilefrina,1.0
E.F.41.701,CLORFENIRAMINA,Clorfeniramina,1.0
E.F.41.701,DEXTROMETORFANO,Dextrometorfano,1.0
E.F.41.702,AMBROXOL CLORHIDRATO,Ambroxol,1.0
E.F.41.703,DOMPERIDONA,Domperidona,1.0
E.F.41.706,AMOXICILINA,Amoxicilina,1.0
E.F.41.709,BROMURO DE PINAVERIO,Pinaverio Bromuro,1.0
E.F.41.710,BROMURO DE PINAVERIO,Pinaverio Bromuro,1.0
E.F.41.719,SELENIO,Selenio,1.0
E.F.41.733,CELECOXIB,Celecoxib,1.0
E.F.41.754,ACETAMINOFEN,Acetaminofen,1.0
E.F.41.756,RIFAXIMINA,Rifaximina,1.0
E.F.41.759,CAFEINA,Cafeina,1.0
E.F.41.759,ACETAMINOFEN,Acetaminofen,1.0
E.F.41.775,MOXIFLOXACINO CLORHIDRATO,Moxifloxacino,1.0
E.F.41.779,ACETAMINOFEN,Acetaminofen,1.0
E.F.41.780,TADALAFILO,Tadalafilo,1.0
E.F.41.783,METFORMINA,Metformina,1.0
E.F.41.783,SITAGLIPTINA,Sitagliptina,1.0
E.F.41.784,METFORMINA,Metformina,1.0
E.F.41.784,SITAGLIPTINA,Sitagliptina,1.0
E.F.41.808,SITAGLIPTINA,Sitagliptina,1.0
E.F.41.808,METFORMINA,Metformina,1.0
E.F.41.809,METFORMINA,Metformina,1.0
E.F.41.809,SITAGLIPTINA,Sitagliptina,1.0
E.F.41.819,ACIDO TRANEXAMICO,Tranexamico Acido,1.0
E.F.41.823,LOSARTAN POTASICO,Losartan,1.0
E.F.41.826,DEXTROSA ANHIDRA,Dextrosa,1.0
E.F.41.826,CLORURO DE SODIO,Calcio Cloruro,1.0
E.F.41.830,PROGESTERONA,Progesterona,1.0
E.F.41.832,PROGESTERONA,Progesterona,1.0
E.F.41.845,ETINILESTRADIOL,Etinilestradiol,1.0
E.F.41.853,CLARITROMICINA,Claritromicina,1.0
E.F.41.860,PARICALCITOL,Paricalcitol,1.0
E.F.41.879,LINAGLIPTINA,Linagliptina,1.0
E.F.41.880,LINAGLIPTINA,Linagliptina,1.0
E.F.41.912,VALSARTAN,Valsartan,1.0
E.F.41.921,SACUBITRILO,Sacubitrilo,1.0
E.F.41.922,SACUBITRILO,Sacubitrilo,1.0
E.F.41.942,HESPERIDINA,Hesperidina,1.0
E.F.41.942,DIOSMINA,Diosmina,1.0
E.F.41.978,VORICONAZOL,Voriconazol,1.0
E.F.41.982,HIDROCLOROTIAZIDA,Hidroclorotiazida,1.0
E.F.41.983,HIDROCLOROTIAZIDA,Hidroclorotiazida,1.0
E.F.41.985,HIDROCLOROTIAZIDA,Hidroclorotiazida,1.0
E.F.41.994,TADALAFILO,Tadalafilo,1.0
E.F.42.001,ACETAMINOFEN,Acetaminofen,1.0
E.F.42.001,CLORFENIRAMINA,Clorfeniramina,1.0
E.F.42.002,QUETIAPINA,Quetiapina,1.0
E.F.42.003,QUETIAPINA,Quetiapina,1.0
E.F.42.005,TICAGRELOR,Ticagrelor,1.0
E.F.42.009,HIDROCLOROTIAZIDA,Hidroclorotiazida,1.0
E.F.42.010,HIDROCLOROTIAZIDA,Hidroclorotiazida,1.0
E.F.42.010,OLMESARTAN MEDOXOMILO,Olmesartan Medoxomilo,1.0
E.F.42.012,QUETIAPINA,Quetiapina,1.0
E.F.42.025,APIXABAN,Apixaban,1.0
E.F.42.026,APIXABAN,Apixaban,1.0
E.F.42.037,CLORURO DE SODIO,Calcio Cloruro,1.0
E.F.42.037,DEXTROSA ANHIDRA,Dextrosa,1.0
E.F.42.073,PROGESTERONA,Progesterona,1.0
E.F.42.077,NEPAFENACO,Nepafenaco,1.0
E.F.42.084,CLONAZEPAM,Clonazepam,1.0
E.F.42.092,ACIDO FOLICO,Folico Acido,1.0
E.F.42.093,BIMATOPROST,Bimatoprost,1.0
E.F.42.097,CICLOSPORINA,Ciclosporina,1.0
E.F.42.098,CICLOSPORINA,Ciclosporina,1.0
E.F.42.099,CICLOSPORINA,Ciclosporina,1.0
E.F.42.104,ACETAMINOFEN,Acetaminofen,1.0
E.F.42.104,CLORFENIRAMINA,Clorfeniramina,1.0
E.F.42.104,CAFEINA,Cafeina,1.0
E.F.42.111,CLORFENIRAMINA,Clorfeniramina,1.0
E.F.42.124,HIDROCLOROTIAZIDA,Hidroclorotiazida,1.0
E.F.42.126,KETOPROFENO,Ketoprofeno,1.0
E.F.42.127,LAMOTRIGINA,Lamotrigina,1.0
E.F.42.128,LAMOTRIGINA,Lamotrigina,1.0
E.F.42.130,CICLOSPORINA,Ciclosporina,1.0
E.F.42.141,ACETAMINOFEN,Acetaminofen,1.0
E.F.42.142,IRBESARTAN,Irbesartan,1.0
E.F.42.149,RIFAXIMINA,Rifaximina,1.0
E.F.42.151,SULBACTAM,Sulbactam,1.0
E.F.42.156,SITAGLIPTINA,Sitagliptina,1.0
E.F.42.159,BROMURO DE PIRIDOSTIGMINA,Piridostigmina Bromuro,1.0
E.F.42.160,CIANOCOBALAMINA,Cianocobalamina,1.0
E.F.42.160,TIAMINA,Tiamina,1.0
E.F.42.160,PIRIDOXINA,Piridoxina,1.0
E.F.42.164,DROSPIRENONA,Drospirenona,1.0
E.F.42.164,ETINILESTRADIOL,Etinilestradiol,1.0
E.F.42.168,DOXICICLINA MONOHIDRATO,Doxiciclina,1.0
E.F.42.182,KETOPROFENO,Ketoprofeno,1.0
E.F.42.183,PREGABALINA,Pregabalina,1.0
E.F.42.184,PREGABALINA,Pregabalina,1.0
E.F.42.185,CLORURO DE SODIO,Calcio Cloruro,1.0
E.F.42.186,CLORURO DE SODIO,Calcio Cloruro,1.0
E.F.42.186,CLORURO DE POTASIO,Calcio Cloruro,1.0
E.F.42.188,KETOPROFENO,Ketoprofeno,1.0
E.F.42.194,ACETAMINOFEN,Acetaminofen,1.0
E.F.42.202,RIVAROXABAN,Rivaroxaban,1.0
E.F.42.224,CLORTALIDONA,Clortalidona,1.0
E.F.42.224,VALSARTAN,Valsartan,1.0
E.F.42.228,IOPAMIDOL,Iopamidol,1.0
E.F.42.229,IOPAMIDOL,Iopamidol,1.0
E.F.42.231,LEVOCETIRIZINA,Levocetirizina,1.0
E.F.42.232,CANDESARTAN CILEXETILO,Candesartan Cilexetilo,1.0
E.F.42.233,CANDESARTAN CILEXETILO,Candesartan Cilexetilo,1.0
E.F.42.233,HIDROCLOROTIAZIDA,Hidroclorotiazida,1.0
E.F.42.234,CIPROFLOXACINO,Ciprofloxacino,1.0
E.F.42.237,TRIMEBUTINA,Trimebutina,1.0
E.F.42.238,CARBOCISTEINA,Carbocisteina,1.0
E.F.42.241,ABIRATERONA ACETATO,Abiraterona,1.0
E.F.42.242,VARDENAFIL,Vardenafilo,0.909
E.F.42.243,IBUPROFENO,Ibuprofeno,1.0
E.F.42.243,TIOCOLCHICOSIDO,Tiocolchicosido,1.0
E.F.42.245,AMBROXOL CLORHIDRATO,Ambroxol,1.0
E.F.42.245,LORATADINA,Loratadina,1.0
E.F.42.246,IRBESARTAN,Irbesartan,1.0
E.F.42.247,IRBESARTAN,Irbesartan,1.0
E.F.42.247,HIDROCLOROTIAZIDA,Hidroclorotiazida,1.0
E.F.42.248,RIVAROXABAN,Rivaroxaban,1.0
E.F.42.249,RIVAROXABAN,Rivaroxaban,1.0
E.F.42.250,DROSPIRENONA,Drospirenona,1.0
E.F.42.250,ETINILESTRADIOL,Etinilestradiol,1.0
E.F.42.252,CIPROFLOXACINO CLORHIDRATO MONOHIDRATO,Ciprofloxacino,1.0
E.F.42.254,MUPIROCINA,Mupirocina,1.0
E.F.42.255,KETOCONAZOL,Ketoconazol,1.0
E.F.42.255,FOSFATO DE CLINDAMICINA,Clindamicina,1.0
E.F.42.256,CLORURO DE SODIO,Calcio Cloruro,1.0
E.F.42.257,VARDENAFIL,Vardenafilo,0.909
E.F.42.258,VALSARTAN,Valsartan,1.0
E.F.42.259,VALSARTAN,Valsartan,1.0
E.F.42.261,DICLOFENACO POTASICO,Diclofenaco,1.0
E.F.42.265,CIANOCOBALAMINA,Cianocobalamina,1.0
E.F.42.269,LIDOCAINA,Lidocaina,1.0
E.F.42.269,CIANOCOBALAMINA,Cianocobalamina,1.0
E.F.42.269,PIRIDOXINA,Piridoxina,1.0
E.F.42.269,TIAMINA,Tiamina,1.0
E.F.42.272,IRBESARTAN,Irbesartan,1.0
E.F.42.275,ACETAMINOFEN,Acetaminofen,1.0
E.F.42.276,SITAGLIPTINA,Sitagliptina,1.0
E.F.42.277,TIOCOLCHICOSIDO,Tiocolchicosido,1.0
E.F.42.278,ACIDO ZOLEDRONICO,Acido Zoledronico,1.0
E.F.42.280,QUETIAPINA,Quetiapina,1.0
E.F.42.283,NAPROXENO,Naproxeno,1.0
E.F.42.284,NAPROXENO,Naproxeno,1.0
E.F.42.285,FENILEFRINA,Fenilefrina,1.0
E.F.42.285,CLORFENIRAMINA,Clorfeniramina,1.0
E.F.42.285,ACETAMINOFEN,Acetaminofen,1.0
E.F.42.285,DEXTROMETORFANO,Dextrometorfano,1.0
E.F.42.286,CLORFENIRAMINA,Clorfeniramina,1.0
E.F.42.286,ACETAMINOFEN,Acetaminofen,1.0
E.F.42.286,DEXTROMETORFANO,Dextrometorfano,1.0
E.F.42.286,FENILEFRINA,Fenilefrina,1.0
E.F.42.288,SULFATO DE ATROPINA,Atropina,1.0
E.F.42.289,VALSARTAN,Valsartan,1.0
E.F.42.289,HIDROCLOROTIAZIDA,Hidroclorotiazida,1.0
E.F.42.290,EPLERENONA,Eplerenona,1.0
E.F.42.291,EPLERENONA,Eplerenona,1.0
E.F.42.293,NEBIVOLOL CLORHIDRATO,Nebivolol,1.0
E.F.42.294,RIVAROXABAN,Rivaroxaban,1.0
E.F.42.295,ACETAMINOFEN,Acetaminofen,1.0
E.F.42.302,ACETAMINOFEN,Acetaminofen,1.0
E.F.42.302,TRAMADOL CLORHIDRATO,Tramadol,1.0
E.F.42.304,DARUNAVIR,Darunavir,1.0
E.F.42.305,ESOMEPRAZOL MAGNESICO TRIHIDRATO,Esomeprazol Magnesico,1.0
E.F.42.306,ESOMEPRAZOL MAGNESICO TRIHIDRATO,Esomeprazol Magnesico,1.0
E.F.42.308,ESOMEPRAZOL MAGNESICO TRIHIDRATO,Esomeprazol Magnesico,1.0
E.F.42.309,TRIMEBUTINA,Trimebutina,1.0
E.F.42.310,LEVODROPROPIZINA,Levodropropizina,1.0
E.F.42.312,ALPRAZOLAM,Alprazolam,1.0
E.F.42.313,LEVOCETIRIZINA,Levocetirizina,1.0
E.F.42.316,PEMETREXED,Pemetrexed,1.0
E.F.42.317,AMIKACINA,Amikacina,1.0
E.F.42.318,AMIKACINA,Amikacina,1.0
E.F.42.319,ACIDO FOLICO,Folico Acido,1.0
E.F.42.320,ACIDO FOLICO,Folico Acido,1.0
E.F.42.324,CLOTRIMAZOL,Clotrimazol,1.0
E.F.42.325,CLOPIDOGREL,Clopidogrel,1.0
E.F.42.326,DIFENHIDRAMINA,Difenhidramina,1.0
E.F.42.327,BORTEZOMIB,Bortezomib,1.0
E.F.42.328,ETORICOXIB,Etoricoxib,1.0
E.F.42.329,PALONOSETRON,Palonosetron,1.0
E.F.42.331,ACIDO FOLICO,Folico Acido,1.0
E.F.42.331,PIRIDOXINA,Piridoxina,1.0
E.F.42.332,KETOROLACO,Ketorolaco,1.0
E.F.42.333,CLARITROMICINA,Claritromicina,1.0
E.F.42.334,TRAMADOL CLORHIDRATO,Tramadol,1.0
E.F.42.335,AMIKACINA SULFATO,Amikacina,1.0
E.F.42.336,DEXKETOPROFENO,Dexketoprofeno,1.0
E.F.42.337,TERBINAFINA,Terbinafina,1.0
E.F.42.338,VALSARTAN,Valsartan,1.0
E.F.42.339,DUTASTERIDE,Dutasterida,0.909
E.F.42.341,ACETAMINOFEN,Acetaminofen,1.0
E.F.42.342,KETOROLACO,Ketorolaco,1.0
E.F.42.343,KETOROLACO,Ketorolaco,1.0
E.F.42.344,BETAHISTINA CLORHIDRATO,Betahistina,1.0
E.F.42.345,TERBINAFINA,Terbinafina,1.0
E.F.42.347,VALACICLOVIR,Valaciclovir,1.0
E.F.42.349,METFORMINA,Metformina,1.0
E.F.42.352,METRONIDAZOL,Metronidazol,1.0
E.F.42.353,DEXMEDETOMIDINA,Dexmedetomidina,1.0
E.F.42.354,ETINILESTRADIOL,Etinilestradiol,1.0
E.F.42.354,CIPROTERONA,Ciproterona,1.0
E.F.42.355,LEVOCETIRIZINA,Levocetirizina,1.0
E.F.42.356,DEXKETOPROFENO,Dexketoprofeno,1.0
E.F.42.360,RIFAXIMINA,Rifaximina,1.0
E.F.42.362,PANTOPRAZOL,Pantoprazol,1.0
E.F.42.363,CARBIDOPA,Carbidopa,1.0
E.F.42.363,LEVODOPA,Levodopa,1.0
E.F.42.364,DORZOLAMIDA CLORHIDRATO,Dorzolamida,1.0
E.F.42.364,BRIMONIDINA TARTRATO,Brimonidina,1.0
E.F.42.364,TIMOLOL MALEATO,Timolol,1.0
E.F.42.369,METRONIDAZOL,Metronidazol,1.0
E.F.42.371,VALSARTAN,Valsartan,1.0
E.F.42.371,CLORTALIDONA,Clortalidona,1.0
E.F.42.372,CLORTALIDONA,Clortalidona,1.0
E.F.42.372,VALSARTAN,Valsartan,1.0
E.F.42.373,CLORTALIDONA,Clortalidona,1.0
E.F.42.373,VALSARTAN,Valsartan,1.0
E.F.42.379,GENTAMICINA,Gentamicina,1.0
E.F.42.380,GENTAMICINA,Gentamicina,1.0
E.F.42.381,TIOCOLCHICOSIDO,Tiocolchicosido,1.0
E.F.42.384,TIAMINA,Tiamina,1.0
E.F.42.384,CIANOCOBALAMINA,Cianocobalamina,1.0
E.F.42.384,PIRIDOXINA,Piridoxina,1.0
E.F.42.391,ACETATO DE GLATIRAMER,Glatiramero,0.909
E.F.42.400,DIOSMINA,Diosmina,1.0
E.F.42.401,ACETAMINOFEN,Acetaminofen,1.0
E.F.42.414,ACETAMINOFEN,Acetaminofen,1.0
E.F.42.415,RIVAROXABAN,Rivaroxaban,1.0
E.F.42.416,RIVAROXABAN,Rivaroxaban,1.0
E.F.42.417,RIVAROXABAN,Rivaroxaban,1.0
E.F.42.425,DEFLAZACORT,Deflazacort,1.0
E.F.42.426,DEFLAZACORT,Deflazacort,1.0
E.F.42.431,IRINOTECAN,Irinotecan,1.0
E.F.42.432,ACETAMINOFEN,Acetaminofen,1.0
E.F.42.433,SALMETEROL,Salmeterol,1.0
E.F.42.433,FLUTICASONA,Fluticasona,1.0
E.F.42.434,SALMETEROL,Salmeterol,1.0
E.F.42.434,FLUTICASONA,Fluticasona,1.0
E.F.42.435,SALMETEROL,Salmeterol,1.0
E.F.42.435,FLUTICASONA,Fluticasona,1.0
E.F.42.436,CLARITROMICINA,Claritromicina,1.0
E.F.42.442,METRONIDAZOL,Metronidazol,1.0
E.F.42.443,FLUCONAZOL,Fluconazol,1.0
E.F.42.450,LIDOCAINA,Lidocaina,1.0
E.F.42.450,CIANOCOBALAMINA,Cianocobalamina,1.0
E.F.42.450,PIRIDOXINA,Piridoxina,1.0
E.F.42.450,TIAMINA,Tiamina,1.0
E.F.42.452,METFORMINA,Metformina,1.0
E.F.42.452,SITAGLIPTINA,Sitagliptina,1.0
E.F.42.453,ACETAMINOFEN,Acetaminofen,1.0
E.F.42.457,ACETAMINOFEN,Acetaminofen,1.0
E.F.42.462,TICAGRELOR,Ticagrelor,1.0
E.F.42.467,TAMSULOSINA,Tamsulosina,1.0
E.F.42.468,TADALAFILO,Tadalafilo,1.0
E.F.42.469,DESLORATADINA,Desloratadina,1.0
E.F.42.469,MONTELUKAST,Montelukast,1.0
E.F.42.470,DESLORATADINA,Desloratadina,1.0
E.F.42.470,MONTELUKAST,Montelukast,1.0
E.F.42.476,DOMPERIDONA,Domperidona,1.0
E.F.42.479,IBUPROFENO,Ibuprofeno,1.0
E.F.42.481,MONTELUKAST,Montelukast,1.0
E.F.42.484,ACETAMINOFEN,Acetaminofen,1.0
E.F.42.489,ESOMEPRAZOL MAGNESICO TRIHIDRATO,Esomeprazol Magnesico,1.0
E.F.42.491,HIDROXIPROPILMETILCELULOSA,Hidroxipropilmetilcelulosa,1.0
E.F.42.498,ALPRAZOLAM,Alprazolam,1.0
E.F.42.499,ALPRAZOLAM,Alprazolam,1.0
E.F.42.507,ESCITALOPRAM,Escitalopram,1.0
E.F.42.508,ESCITALOPRAM,Escitalopram,1.0
E.F.42.514,RIFAXIMINA,Rifaximina,1.0
E.F.42.516,CLORURO DE CETILPIRIDINIO,Cetilpiridinio Cloruro,1.0
E.F.42.521,ACIDO CITRICO,Citrico Acido,1.0
E.F.42.522,SERTRALINA,Sertralina,1.0
E.F.42.523,DESLORATADINA,Desloratadina,1.0
E.F.42.529,DESLORATADINA,Desloratadina,1.0
E.F.42.531,CLARITROMICINA,Claritromicina,1.0
E.F.42.532,ESOMEPRAZOL MAGNESICO TRIHIDRATO,Esomeprazol Magnesico,1.0
E.F.42.533,ESOMEPRAZOL MAGNESICO TRIHIDRATO,Esomeprazol Magnesico,1.0
E.F.42.544,SITAGLIPTINA,Sitagliptina,1.0
E.F.42.545,SITAGLIPTINA,Sitagliptina,1.0
E.F.42.546,SITAGLIPTINA,Sitagliptina,1.0
E.F.42.548,ESOMEPRAZOL MAGNESICO TRIHIDRATO,Esomeprazol Magnesico,1.0
E.F.42.554,CIANOCOBALAMINA,Cianocobalamina,1.0
E.F.42.554,PIRIDOXINA,Piridoxina,1.0
E.F.42.554,TIAMINA,Tiamina,1.0
E.F.42.561,CLORFENIRAMINA,Clorfeniramina,1.0
E.F.42.561,CLORFENIRAMINA,Clorfeniramina,1.0
E.F.42.562,AZTREONAM,Aztreonam,1.0
E.F.42.565,PANTOPRAZOL,Pantoprazol,1.0
E.F.42.566,AMOXICILINA,Amoxicilina,1.0
E.F.42.567,ACIDO SALICILICO,Salicilico Acido,1.0
E.F.42.569,LEDIPASVIR,Ledipasvir,1.0
E.F.42.569,SOFOSBUVIR,Sofosbuvir,1.0
E.F.42.573,DESLORATADINA,Desloratadina,1.0
E.F.42.577,DEFLAZACORT,Deflazacort,1.0
E.F.42.578,PANTOPRAZOL,Pantoprazol,1.0
E.F.42.581,GLUCONATO DE ZINC,Zinc,1.0
E.F.42.581,GLUCOSA MONOHIDRATO,Glucosa,1.0
E.F.42.581,CLORURO DE SODIO,Calcio Cloruro,1.0
E.F.42.581,CLORURO DE POTASIO,Calcio Cloruro,1.0
E.F.42.582,GLUCOSA MONOHIDRATO,Glucosa,1.0
E.F.42.582,CLORURO DE SODIO,Calcio Cloruro,1.0
E.F.42.582,CLORURO DE POTASIO,Calcio Cloruro,1.0
E.F.42.582,GLUCONATO DE ZINC,Zinc,1.0
E.F.42.583,CLORURO DE SODIO,Calcio Cloruro,1.0
E.F.42.583,CLORURO DE POTASIO,Calcio Cloruro,1.0
E.F.42.583,GLUCONATO DE ZINC,Zinc,1.0
E.F.42.583,GLUCOSA MONOHIDRATO,Glucosa,1.0
E.F.42.584,CLORURO DE POTASIO,Calcio Cloruro,1.0
E.F.42.584,GLUCONATO DE ZINC,Zinc,1.0
E.F.42.584,CLORURO DE SODIO,Calcio Cloruro,1.0
E.F.42.584,GLUCOSA MONOHIDRATO,Glucosa,1.0
E.F.42.597,EPIRUBICINA CLORHIDRATO,Epirubicina,1.0
E.F.42.600,IBUPROFENO,Ibuprofeno,1.0
E.F.42.605,QUETIAPINA,Quetiapina,1.0
E.F.42.607,HIDROXICLOROQUINA,Hidroxicloroquina,1.0
E.F.42.613,TADALAFILO,Tadalafilo,1.0
E.F.42.619,LEVONORGESTREL,Levonorgestrel,1.0
E.F.42.619,ETINILESTRADIOL,Etinilestradiol,1.0
E.F.42.620,ETINILESTRADIOL,Etinilestradiol,1.0
E.F.42.620,LEVONORGESTREL,Levonorgestrel,1.0
E.F.42.637,BROMURO DE TIOTROPIO,Tiotropio Bromuro,1.0
E.F.42.638,CLORHIDRATO DE TAMSULOSINA,Tamsulosina,1.0
E.F.42.638,DUTASTERIDE,Dutasterida,0.909
E.F.42.641,LEVONORGESTREL,Levonorgestrel,1.0
E.F.42.650,CLORHEXIDINA,Clorhexidina,1.0
E.F.42.652,VANCOMICINA,Vancomicina,1.0
E.F.42.653,VALSARTAN,Valsartan,1.0
E.F.42.653,SACUBITRILO,Sacubitrilo,1.0
E.F.42.654,SACUBITRILO,Sacubitrilo,1.0
E.F.42.655,SACUBITRILO,Sacubitrilo,1.0
E.F.42.662,CLORFENIRAMINA,Clorfeniramina,1.0
E.F.42.662,ACETAMINOFEN,Acetaminofen,1.0
E.F.42.693,ALPRAZOLAM,Alprazolam,1.0
E.F.42.695,ESOMEPRAZOL MAGNESICO TRIHIDRATO,Esomeprazol Magnesico,1.0
E.F.42.695,AMOXICILINA,Amoxicilina,1.0
E.F.42.695,CLARITROMICINA,Claritromicina,1.0
E.F.42.702,CLORURO DE POTASIO,Calcio Cloruro,1.0
E.F.42.702,GLUCONATO DE ZINC,Zinc,1.0
E.F.42.702,CLORURO DE SODIO,Calcio Cloruro,1.0
E.F.42.703,GLUCONATO DE ZINC,Zinc,1.0
E.F.42.703,CLORURO DE SODIO,Calcio Cloruro,1.0
E.F.42.704,RIFAXIMINA,Rifaximina,1.0
E.F.42.715,ACICLOVIR,Aciclovir,1.0
E.F.42.721,ACETAMINOFEN,Acetaminofen,1.0
E.F.42.723,CITICOLINA,Citicolina,1.0
E.F.42.724,RIVAROXABAN,Rivaroxaban,1.0
E.F.42.732,HIDROCLOROTIAZIDA,Hidroclorotiazida,1.0
E.F.42.732,NEBIVOLOL CLORHIDRATO,Nebivolol,1.0
E.F.42.733,HIDROCLOROTIAZIDA,Hidroclorotiazida,1.0
E.F.42.733,NEBIVOLOL CLORHIDRATO,Nebivolol,1.0
E.F.42.736,QUETIAPINA,Quetiapina,1.0
E.F.42.737,QUETIAPINA,Quetiapina,1.0
E.F.42.738,DULOXETINA,Duloxetina,1.0
E.F.42.739,RIVAROXABAN,Rivaroxaban,1.0
E.F.42.740,SITAGLIPTINA,Sitagliptina,1.0
E.F.42.742,AMBROXOL CLORHIDRATO,Ambroxol,1.0
E.F.42.742,LORATADINA,Loratadina,1.0
E.F.42.744,VALSARTAN,Valsartan,1.0
E.F.42.746,SITAGLIPTINA,Sitagliptina,1.0
E.F.42.747,DEXKETOPROFENO,Dexketoprofeno,1.0
E.F.42.759,FLUNARIZINA,Flunarizina,1.0
E.F.42.760,CLOPIDOGREL,Clopidogrel,1.0
E.F.42.767,BISOPROLOL FUMARATO,Bisoprolol,1.0
E.F.42.768,BISOPROLOL FUMARATO,Bisoprolol,1.0
E.F.42.770,OLMESARTAN MEDOXOMILO,Olmesartan Medoxomilo,1.0
E.F.42.774,BROMAZEPAM,Bromazepam,1.0
E.F.42.781,DONEPEZILO,Donepezilo,1.0
E.F.42.787,TIOCOLCHICOSIDO,Tiocolchicosido,1.0
E.F.42.787,IBUPROFENO,Ibuprofeno,1.0
E.F.42.790,IBUPROFENO,Ibuprofeno,1.0
E.F.42.790,TIOCOLCHICOSIDO,Tiocolchicosido,1.0
E.F.42.791,LAMOTRIGINA,Lamotrigina,1.0
E.F.42.793,VALSARTAN,Valsartan,1.0
E.F.42.795,ATORVASTATINA,Atorvastatina,1.0
E.F.42.796,ATORVASTATINA,Atorvastatina,1.0
E.F.42.797,ATORVASTATINA,Atorvastatina,1.0
E.F.42.802,RIVAROXABAN,Rivaroxaban,1.0
E.F.42.806,ETINILESTRADIOL,Etinilestradiol,1.0
E.F.42.806,DROSPIRENONA,Drospirenona,1.0
E.F.42.813,TRAMADOL CLORHIDRATO,Tramadol,1.0
E.F.42.813,PARACETAMOL,Paracetamol,1.0
E.F.42.820,AMPICILINA,Ampicilina,1.0
E.F.42.820,SULBACTAM,Sulbactam,1.0
E.F.42.821,KETOCONAZOL,Ketoconazol,1.0
E.F.42.821,CLINDAMICINA,Clindamicina,1.0
E.F.42.829,KETOPROFENO,Ketoprofeno,1.0
E.F.42.831,SULBACTAM,Sulbactam,1.0
E.F.42.831,AMPICILINA,Ampicilina,1.0
E.F.42.854,RIFAXIMINA,Rifaximina,1.0
E.F.42.861,CANDESARTAN,Candesartan,1.0
E.F.42.863,CEFTRIAXONA,Ceftriaxona,1.0
E.F.42.875,MOMETASONA FUROATO,Mometasona Furoato,1.0
E.F.42.876,BUDESONIDA,Budesonida,1.0
E.F.42.884,CAFEINA,Cafeina,1.0
E.F.42.884,ACETAMINOFEN,Acetaminofen,1.0
E.F.42.893,DICLOFENACO POTASICO,Diclofenaco,1.0
E.F.42.903,TIAMINA,Tiamina,1.0
E.F.42.903,CIANOCOBALAMINA,Cianocobalamina,1.0
E.F.42.903,PIRIDOXINA,Piridoxina,1.0
E.F.42.907,HIDROXICLOROQUINA,Hidroxicloroquina,1.0
E.F.42.910,ACIDO ASCORBICO,Ascorbico Acido,1.0
E.F.42.911,BISOPROLOL FUMARATO,Bisoprolol,1.0
E.F.42.914,METRONIDAZOL,Metronidazol,1.0
E.F.42.914,MICONAZOL,Miconazol,1.0
E.F.42.916,KETOPROFENO,Ketoprofeno,1.0
E.F.42.919,HIDROCLOROTIAZIDA,Hidroclorotiazida,1.0
E.F.42.920,HIDROCLOROTIAZIDA,Hidroclorotiazida,1.0
E.F.42.926,HIDROXICLOROQUINA,Hidroxicloroquina,1.0
E.F.42.927,ESOMEPRAZOL MAGNESICO TRIHIDRATO,Esomeprazol Magnesico,1.0
E.F.42.928,CINCOCAINA,Cincocaina,1.0
E.F.42.936,PRAMIPEXOL,Pramipexol,1.0
E.F.42.943,CAFEINA,Cafeina,1.0
E.F.42.943,ACETAMINOFEN,Acetaminofen,1.0
E.F.42.946,METRONIDAZOL,Metronidazol,1.0
E.F.42.947,CLOTRIMAZOL,Clotrimazol,1.0
E.F.42.948,CLOTRIMAZOL,Clotrimazol,1.0
E.F.42.951,CEFOTAXIMA,Cefotaxima,1.0
E.F.42.966,BUDESONIDA,Budesonida,1.0
E.F.42.968,FITOMENADIONA,Fitomenadiona,1.0
E.F.42.975,BENCIDAMINA CLORHIDRATO,Bencidamina,1.0
E.F.42.976,ACETAMINOFEN,Acetaminofen,1.0
E.F.42.977,ACETAMINOFEN,Acetaminofen,1.0
E.F.42.978,CLONIXINATO DE LISINA,Clonixino Lisina,0.909
E.F.42.980,TELMISARTAN,Telmisartan,1.0
E.F.42.982,BUDESONIDA,Budesonida,1.0
E.F.42.984,ACETAMINOFEN,Acetaminofen,1.0
E.F.42.984,CLORFENIRAMINA,Clorfeniramina,1.0
E.F.42.984,CAFEINA,Cafeina,1.0
E.F.42.986,DULOXETINA,Duloxetina,1.0
E.F.42.993,TRAMADOL CLORHIDRATO,Tramadol,1.0
E.F.42.994,ESCITALOPRAM,Escitalopram,1.0
E.F.43.000,LOSARTAN POTASICO,Losartan,1.0
E.F.43.002,TRAMADOL CLORHIDRATO,Tramadol,1.0
E.F.43.011,METFORMINA,Metformina,1.0
E.F.43.011,SITAGLIPTINA,Sitagliptina,1.0
E.F.43.013,QUETIAPINA,Quetiapina,1.0
E.F.43.014,QUETIAPINA,Quetiapina,1.0
E.F.43.019,CLOTRIMAZOL,Clotrimazol,1.0
E.F.43.025,CIANOCOBALAMINA,Cianocobalamina,1.0
E.F.43.026,CLONAZEPAM,Clonazepam,1.0
E.F.43.035,BETAHISTINA CLORHIDRATO,Betahistina,1.0
E.F.43.041,RIBOFLAVINA FOSFATO SODICO,Riboflavina,1.0
E.F.43.041,TIAMINA,Tiamina,1.0
E.F.43.041,CIANOCOBALAMINA,Cianocobalamina,1.0
E.F.43.041,PIRIDOXINA,Piridoxina,1.0
E.F.43.041,NICOTINAMIDA,Nicotinamida,1.0
E.F.43.042,AMOXICILINA TRIHIDRATO,Amoxicilina,1.0
E.F.43.042,CLAVULANATO DE POTASIO,Clavulanato Potasio,1.0
E.F.43.043,CLAVULANATO DE POTASIO,Clavulanato Potasio,1.0
E.F.43.043,AMOXICILINA TRIHIDRATO,Amoxicilina,1.0
E.F.43.063,MOMETASONA,Mometasona,1.0
E.F.43.069,LEVODOPA,Levodopa,1.0
E.F.43.069,CARBIDOPA,Carbidopa,1.0
E.F.43.070,LEVODOPA,Levodopa,1.0
E.F.43.070,CARBIDOPA HIDRATADA,Carbidopa,1.0
E.F.43.072,GLIMEPIRIDA,Glimepirida,1.0
E.F.43.086,ETINILESTRADIOL,Etinilestradiol,1.0
E.F.43.089,KETOCONAZOL,Ketoconazol,1.0
E.F.43.089,CLINDAMICINA,Clindamicina,1.0
E.F.43.090,CLORFENIRAMINA,Clorfeniramina,1.0
E.F.43.090,CAFEINA,Cafeina,1.0
E.F.43.090,ACETAMINOFEN,Acetaminofen,1.0
E.F.43.096,METFORMINA,Metformina,1.0
E.F.43.112,BETAHISTINA CLORHIDRATO,Betahistina,1.0
E.F.43.114,ESCITALOPRAM,Escitalopram,1.0
E.F.43.117,CETIRIZINA,Cetirizina,1.0
E.F.43.128,ACICLOVIR,Aciclovir,1.0
E.F.43.132,KETOPROFENO,Ketoprofeno,1.0
E.F.43.133,HESPERIDINA,Hesperidina,1.0
E.F.43.133,DIOSMINA,Diosmina,1.0
E.F.43.134,MOMETASONA,Mometasona,1.0
E.F.43.136,ACICLOVIR,Aciclovir,1.0
E.F.43.146,DESLORATADINA,Desloratadina,1.0
E.F.43.157,SIMETICONA,Simeticona,1.0
E.F.43.157,BROMURO DE PINAVERIO,Pinaverio Bromuro,1.0
E.F.43.158,CLONAZEPAM,Clonazepam,1.0
E.F.43.159,CLONAZEPAM,Clonazepam,1.0
E.F.43.160,BROMURO DE TIOTROPIO,Tiotropio Bromuro,1.0
E.F.43.164,IBUPROFENO,Ibuprofeno,1.0
E.F.43.165,IBUPROFENO,Ibuprofeno,1.0
E.F.43.166,IBUPROFENO,Ibuprofeno,1.0
E.F.43.175,LERCANIDIPINO,Lercanidipino,1.0
E.F.43.192,CARVEDILOL,Carvedilol,1.0
E.F.43.198,ACETAMINOFEN,Acetaminofen,1.0
E.F.43.199,CAFEINA,Cafeina,1.0
E.F.43.199,ACETAMINOFEN,Acetaminofen,1.0
E.F.43.205,ACIDO ACETILSALICILICO,Acetilsalicilico Acido,1.0
E.F.43.206,ZOPICLONA,Zopiclona,1.0
E.F.43.210,CLAVULANATO DE POTASIO,Clavulanato Potasio,1.0
E.F.43.210,AMOXICILINA TRIHIDRATO,Amoxicilina,1.0
E.F.43.211,TADALAFILO,Tadalafilo,1.0
E.F.43.215,METFORMINA,Metformina,1.0
E.F.43.218,IVABRADINA,Ivabradina,1.0
E.F.43.219,IVABRADINA,Ivabradina,1.0
E.F.43.224,ACETAMINOFEN,Acetaminofen,1.0
E.F.43.225,ACETAMINOFEN,Acetaminofen,1.0
E.F.43.226,VALSARTAN,Valsartan,1.0
E.F.43.227,HESPERIDINA,Hesperidina,1.0
E.F.43.227,DIOSMINA,Diosmina,1.0
E.F.43.235,TADALAFILO,Tadalafilo,1.0
E.F.43.236,TADALAFILO,Tadalafilo,1.0
E.F.43.237,BISOPROLOL FUMARATO,Bisoprolol,1.0
E.F.43.239,ACETAMINOFEN,Acetaminofen,1.0
E.F.43.244,TOPIRAMATO,Topiramato,1.0
E.F.43.262,LERCANIDIPINO,Lercanidipino,1.0
E.F.43.270,MOMETASONA FUROATO,Mometasona Furoato,1.0
E.F.43.272,ATORVASTATINA,Atorvastatina,1.0
E.F.43.273,ATORVASTATINA,Atorvastatina,1.0
E.F.43.282,EZETIMIBA,Ezetimiba,1.0
E.F.43.283,EZETIMIBA,Ezetimiba,1.0
E.F.43.284,CLONIDINA,Clonidina,1.0
E.F.43.291,ETINILESTRADIOL,Etinilestradiol,1.0
E.F.43.291,LEVONORGESTREL,Levonorgestrel,1.0
E.F.43.298,AZACITIDINA,Azacitidina,1.0
E.F.43.301,RIFAXIMINA,Rifaximina,1.0
E.F.43.303,ACETAMINOFEN,Acetaminofen,1.0
E.F.43.305,ACIDO ASCORBICO,Ascorbico Acido,1.0
E.F.43.307,ACETAMINOFEN,Acetaminofen,1.0
E.F.43.308,DOMPERIDONA,Domperidona,1.0
E.F.43.309,ACIDO CLAVULANICO,Clavulanico Acido,1.0
E.F.43.309,AMOXICILINA,Amoxicilina,1.0
E.F.43.311,ACIDO CLAVULANICO,Clavulanico Acido,1.0
E.F.43.311,AMOXICILINA,Amoxicilina,1.0
E.F.43.312,ACIDO ALENDRONICO,Alendronico Acido,1.0
E.F.43.326,ESTROGENOS CONJUGADOS,Estrogenos Conjugados,1.0
E.F.43.337,CABAZITAXEL,Cabazitaxel,1.0
E.F.43.347,HESPERIDINA,Hesperidina,1.0
E.F.43.352,KETOCONAZOL,Ketoconazol,1.0
E.F.43.354,ITRACONAZOL,Itraconazol,1.0
E.F.43.356,ETINILESTRADIOL,Etinilestradiol,1.0
E.F.43.359,LEVONORGESTREL,Levonorgestrel,1.0
E.F.43.366,EMPAGLIFLOZINA,Empagliflozina,1.0
E.F.43.367,EMPAGLIFLOZINA,Empagliflozina,1.0
E.F.43.369,AMOXICILINA,Amoxicilina,1.0
E.F.43.370,BETAMETASONA DIPROPIONATO,Betametasona Dipropionato,1.0
E.F.43.371,LEVODROPROPIZINA,Levodropropizina,1.0
E.F.43.377,MELOXICAM,Meloxicam,1.0
E.F.43.388,DEXAMETASONA FOSFATO SÓDICO,Dexametasona,1.0
E.F.43.388,CLOTRIMAZOL,Clotrimazol,1.0
E.F.43.394,TADALAFILO,Tadalafilo,1.0
E.F.43.401,TIOCOLCHICOSIDO,Tiocolchicosido,1.0
E.F.43.401,IBUPROFENO,Ibuprofeno,1.0
E.F.43.403,ACETAMINOFEN,Acetaminofen,1.0
E.F.43.404,MIRTAZAPINA,Mirtazapina,1.0
E.F.43.413,CLORHIDRATO DE OXIMETAZOLINA,Oximetazolina,1.0
E.F.43.415,LEVODOPA,Levodopa,1.0
E.F.43.416,ACETAMINOFEN,Acetaminofen,1.0
E.F.43.436,PEMETREXED,Pemetrexed,1.0
E.F.43.440,AMBROXOL CLORHIDRATO,Ambroxol,1.0
E.F.43.446,ACIDO ASCORBICO,Ascorbico Acido,1.0
E.F.43.447,CIANOCOBALAMINA,Cianocobalamina,1.0
E.F.43.449,EVEROLIMUS,Everolimus,1.0
E.F.43.457,ADAPALENO,Adapaleno,1.0
E.F.43.457,PEROXIDO DE BENZOILO,Benzoilo Peroxido,1.0
E.F.43.461,SIMETICONA,Simeticona,1.0
E.F.43.466,IBUPROFENO,Ibuprofeno,1.0
E.F.43.467,MOMETASONA FUROATO,Mometasona Furoato,1.0
E.F.43.469,MALEATO DE TRIMEBUTINA,Trimebutina,1.0
E.F.43.469,EMPAGLIFLOZINA,Empagliflozina,1.0
E.F.43.483,DICLOFENAC SODICO,Diclofenaco,0.909
E.F.43.487,MALEATO DE TRIMEBUTINA,Trimebutina,1.0
E.F.43.492,METFORMINA CLORHIDRATO,Metformina,1.0
E.F.43.492,SITAGLIPTINA,Sitagliptina,1.0
E.F.43.494,S-CARBOXIMETILCISTEINA,S-carboximetilcisteina,1.0
E.F.43.496,ACETATO DE CLORMADINONA,Clormadinona,1.0
E.F.43.496,ETINILESTRADIOL,Etinilestradiol,1.0
E.F.43.499,TADALAFILO,Tadalafilo,1.0
E.F.43.500,TADALAFILO,Tadalafilo,1.0
E.F.43.501,BENCIDAMINA CLORHIDRATO,Bencidamina,1.0
E.F.43.502,CETIRIZINA,Cetirizina,1.0
E.F.43.503,TIBOLONA,Tibolona,1.0
E.F.43.504,ETINILESTRADIOL,Etinilestradiol,1.0
E.F.43.504,DROSPIRENONA,Drospirenona,1.0
E.F.43.505,ROSUVASTATINA CALCICA,Rosuvastatina,1.0
E.F.43.506,ROSUVASTATINA CALCICA,Rosuvastatina,1.0
E.F.43.511,ACETATO DE CIPROTERONA,Ciproterona,1.0
E.F.43.511,ETINILESTRADIOL,Etinilestradiol,1.0
E.F.43.513,ACIDO ASCORBICO,Ascorbico Acido,1.0
E.F.43.513,ASCORBATO DE SODIO,Ascorbato Sodio,1.0
E.F.43.513,ACIDO ASCORBICO,Ascorbico Acido,1.0
E.F.43.514,ASCORBATO DE SODIO,Ascorbato Sodio,1.0
E.F.43.514,ACIDO ASCORBICO,Ascorbico Acido,1.0
E.F.43.514,ASCORBATO DE SODIO,Ascorbato Sodio,1.0
E.F.43.514,ACIDO ASCORBICO,Ascorbico Acido,1.0
E.F.43.516,DESOGESTREL,Desogestrel,1.0
E.F.43.517,ACETATO DE CLORMADINONA,Clormadinona,1.0
E.F.43.517,ETINILESTRADIOL,Etinilestradiol,1.0
E.F.43.518,ETORICOXIB,Etoricoxib,1.0
E.F.43.519,ETORICOXIB,Etoricoxib,1.0
E.F.43.520,CLORHIDRATO DE FLAVOXATO,Flavoxato,1.0
E.F.43.521,ETINILESTRADIOL,Etinilestradiol,1.0
E.F.43.521,DROSPIRENONA,Drospirenona,1.0
E.F.43.522,CEFADROXILO MONOHIDRATO,Cefadroxilo,1.0
E.F.43.523,VITAMINA D3,Vitamina D3,1.0
E.F.43.532,ROSUVASTATINA,Rosuvastatina,1.0
E.F.43.532,EZETIMIBA,Ezetimiba,1.0
E.F.43.533,ROSUVASTATINA,Rosuvastatina,1.0
E.F.43.533,EZETIMIBA,Ezetimiba,1.0
E.F.43.538,MESALAZINA,Mesalazina,1.0
E.F.43.548,BISACODILO,Bisacodilo,1.0
E.F.43.549,ACETAMINOFEN,Acetaminofen,1.0
E.F.43.549,CLORFENAMINA MALEATO,Clorfenamina,1.0
E.F.43.549,ACETAMINOFEN,Acetaminofen,1.0
E.F.43.549,CLORFENIRAMINA MALEATO,Clorfeniramina,1.0
E.F.43.549,CAFEINA,Cafeina,1.0
E.F.43.551,TIBOLONA,Tibolona,1.0
E.F.43.554,CETIRIZINA,Cetirizina,1.0
E.F.43.556,SIMETICONA,Simeticona,1.0
E.F.43.560,KETOPROFENO,Ketoprofeno,1.0
E.F.43.561,DROSPIRENONA,Drospirenona,1.0
E.F.43.561,ETINILESTRADIOL,Etinilestradiol,1.0
E.F.43.563,QUETIAPINA FUMARATO,Quetiapina,1.0
E.F.43.564,TELMISARTAN,Telmisartan,1.0
E.F.43.566,NITRATO DE MICONAZOL,Miconazol,1.0
E.F.43.566,METRONIDAZOL,Metronidazol,1.0
E.F.43.568,PREGABALINA,Pregabalina,1.0
E.F.43.569,PREGABALINA,Pregabalina,1.0
E.F.43.571,LOSARTAN POTASICO,Losartan,1.0
E.F.43.572,DROSPIRENONA,Drospirenona,1.0
E.F.43.572,ETINILESTRADIOL,Etinilestradiol,1.0
E.F.43.573,DESOGESTREL,Desogestrel,1.0
E.F.43.574,LOSARTAN POTASICO,Losartan,1.0
E.F.43.575,HEMITARTRATO DE ZOLPIDEM,Zolpidem  Hemitartrato,1.0
E.F.43.576,CLORHIDRATO DE BROMHEXINA,Bromhexina,1.0
E.F.43.577,HIDROCLOROTIAZIDA,Hidroclorotiazida,1.0
E.F.43.577,FUMARATO DE BISOPROLOL,Bisoprolol,1.0
E.F.43.578,FUMARATO DE BISOPROLOL,Bisoprolol,1.0
E.F.43.578,HIDROCLOROTIAZIDA,Hidroclorotiazida,1.0
E.F.43.579,FUMARATO DE BISOPROLOL,Bisoprolol,1.0
E.F.43.579,HIDROCLOROTIAZIDA,Hidroclorotiazida,1.0
E.F.43.580,OLMESARTAN MEDOXOMILO,Olmesartan Medoxomilo,1.0
E.F.43.581,OLMESARTAN MEDOXOMILO,Olmesartan Medoxomilo,1.0
E.F.43.583,MONTELUKAST,Montelukast,1.0
E.F.43.583,DESLORATADINA,Desloratadina,1.0
E.F.43.585,CLORHIDRATO DE MEBEVERINA,Mebeverina,1.0
E.F.43.585,CLORHIDRATO DE MEBEVERINA,Mebeverina,1.0
E.F.43.586,LEVOSULPIRIDA,Levosulpirida,1.0
E.F.43.587,HIDROCLOROTIAZIDA,Hidroclorotiazida,1.0
E.F.43.587,OLMESARTAN MEDOXOMILO,Olmesartan Medoxomilo,1.0
E.F.43.588,HIDROCLOROTIAZIDA,Hidroclorotiazida,1.0
E.F.43.588,OLMESARTAN MEDOXOMILO,Olmesartan Medoxomilo,1.0
E.F.43.589,SITAGLIPTINA FOSFATO MONOHIDRATADO,Sitagliptina,1.0
E.F.43.589,METFORMINA CLORHIDRATO,Metformina,1.0
E.F.43.590,SITAGLIPTINA FOSFATO MONOHIDRATADO,Sitagliptina,1.0
E.F.43.590,METFORMINA CLORHIDRATO,Metformina,1.0
E.F.43.592,TOPIRAMATO,Topiramato,1.0
E.F.43.593,CAFEINA,Cafeina,1.0
E.F.43.593,DEXCLORFENIRAMINA,Dexclorfeniramina,1.0
E.F.43.593,ACETAMINOFEN,Acetaminofen,1.0
E.F.43.594,ACETAMINOFEN DC 90%,(+)-tetrabenazina,nan
E.F.43.594,DEXCLORFENIRAMINA,Dexclorfeniramina,1.0
E.F.43.594,CAFEINA,Cafeina,1.0
E.F.43.597,LEVODOPA,Levodopa,1.0
E.F.43.597,ENTACAPONA,Entacapona,1.0
E.F.43.597,CARBIDOPA,Carbidopa,1.0
E.F.43.598,CARBIDOPA,Carbidopa,1.0
E.F.43.598,LEVODOPA,Levodopa,1.0
E.F.43.598,ENTACAPONA,Entacapona,1.0
E.F.43.600,DIENOGEST,Dienogest,1.0
E.F.43.600,ETINILESTRADIOL,Etinilestradiol,1.0
E.F.43.602,MALEATO DE ENALAPRIL,Enalapril,1.0
E.F.43.602,CLORHIDRATO DE LERCANIDIPINO,Lercanidipino,1.0
E.F.43.603,CLORHIDRATO DE LERCANIDIPINO,Lercanidipino,1.0
E.F.43.603,MALEATO DE ENALAPRIL,Enalapril,1.0
E.F.43.608,CARBIDOPA,Carbidopa,1.0
E.F.43.608,ENTACAPONA,Entacapona,1.0
E.F.43.608,LEVODOPA,Levodopa,1.0
E.F.43.609,IRBESARTAN,Irbesartan,1.0
E.F.43.610,IRBESARTAN,Irbesartan,1.0
E.F.43.611,LAMOTRIGINA,Lamotrigina,1.0
E.F.43.611,LAMOTRIGINA,Lamotrigina,1.0
E.F.43.612,LAMOTRIGINA,Lamotrigina,1.0
E.F.43.613,PROGESTERONA,Progesterona,1.0
E.F.43.614,PROGESTERONA,Progesterona,1.0
E.F.43.615,SUCCINATO DE SUMATRIPTAN,Sumatriptan,1.0
E.F.43.615,NAPROXENO SODICO,Naproxeno,1.0
E.F.43.616,DESLORATADINA,Desloratadina,1.0
E.F.43.616,MONTELUKAST,Montelukast,1.0
E.F.43.617,TIMOLOL MALEATO,Timolol,1.0
E.F.43.617,BRIMONIDINA TARTRATO,Brimonidina,1.0
E.F.43.618,MONTELUKAST,Montelukast,1.0
E.F.43.618,DESLORATADINA,Desloratadina,1.0
E.F.43.622,ESOMEPRAZOL MAGNESIO TRIHIDRATO,Esomeprazol Magnesio Trihidrato,1.0
E.F.43.627,MALEATO DE TRIMEBUTINA,Trimebutina,1.0
E.F.43.630,BIMATOPROST,Bimatoprost,1.0
E.F.43.632,ACETAMINOFEN,Acetaminofen,1.0
E.F.43.632,CLORFENAMINA MALEATO,Clorfenamina,1.0
E.F.43.632,CAFEINA,Cafeina,1.0
E.F.43.632,ACETAMINOFEN,Acetaminofen,1.0
E.F.43.632,CLORFENIRAMINA MALEATO,Clorfeniramina,1.0
E.F.43.635,DROSPIRENONA,Drospirenona,1.0
E.F.43.635,ETINILESTRADIOL,Etinilestradiol,1.0
E.F.43.637,LAMOTRIGINA,Lamotrigina,1.0
E.F.43.638,HIDROCLOROTIAZIDA,Hidroclorotiazida,1.0
E.F.43.638,IRBESARTAN,Irbesartan,1.0
E.F.43.641,RIVAROXABAN,Rivaroxaban,1.0
E.F.43.642,RIVAROXABAN,Rivaroxaban,1.0
E.F.43.643,RIVAROXABAN,Rivaroxaban,1.0
E.F.43.645,OMEPRAZOL SODICO,Omeprazol,1.0
E.F.43.647,ACIDO ACETILSALICILICO,Acetilsalicilico Acido,1.0
E.F.43.649,NINTEDANIB,Nintedanib,1.0
E.F.43.650,NINTEDANIB,Nintedanib,1.0
E.F.43.652,FOSFATO SODICO DE PREDNISOLONA,Prednisolona,1.0
E.F.43.653,SULFAMETOXAZOL,Sulfametoxazol,1.0
E.F.43.653,TRIMETOPRIM,Trimetoprima,0.917
E.F.43.656,CLOTRIMAZOL,Clotrimazol,1.0
E.F.43.657,ACETATO DE ABIRATERONA,Abiraterona,1.0
E.F.43.658,METRONIDAZOL,Metronidazol,1.0
E.F.43.659,FOSFATO SODICO DE PREDNISOLONA,Prednisolona,1.0
E.F.43.661,EMPAGLIFLOZINA,Empagliflozina,1.0
E.F.43.662,SULFATO DE POLIMIXINA B,Polimixina B,1.0
E.F.43.662,SULFATO DE NEOMICINA,Neomicina,1.0
E.F.43.662,DEXAMETASONA FOSFATO SÓDICO,Dexametasona,1.0
E.F.43.666,CITRATO DE SILDENAFIL,Sildenafilo,0.909
E.F.43.668,HIDROCLOROTIAZIDA,Hidroclorotiazida,1.0
E.F.43.668,IRBESARTAN,Irbesartan,1.0
E.F.43.669,ACIDO ASCORBICO,Ascorbico Acido,1.0
E.F.43.669,SULFATO DE ZINC HEPTAHIDRATO,Zinc Sulfato Heptahidrato,1.0
E.F.43.670,ACETAMINOFEN,Acetaminofen,1.0
E.F.43.674,AZITROMICINA DIHIDRATO,Azitromicina,1.0
E.F.43.676,EMPAGLIFLOZINA,Empagliflozina,1.0
E.F.43.677,EMPAGLIFLOZINA,Empagliflozina,1.0
E.F.43.679,CLORHIDRATO DE OXIMETAZOLINA,Oximetazolina,1.0
E.F.43.680,FUROATO DE MOMETASONA MONOHIDRATO,Mometasona Furoato,1.0
E.F.43.682,ETINILESTRADIOL,Etinilestradiol,1.0
E.F.43.682,DROSPIRENONA,Drospirenona,1.0
E.F.43.682,ETINILESTRADIOL,Etinilestradiol,1.0
E.F.43.682,DROSPIRENONA,Drospirenona,1.0
E.F.43.683,FENTANILO,Fentanilo,1.0
E.F.43.684,TADALAFILO,Tadalafilo,1.0
E.F.43.686,TADALAFILO,Tadalafilo,1.0
E.F.43.688,KETOPROFENO,Ketoprofeno,1.0
E.F.43.689,CITRATO DE SILDENAFIL,Sildenafilo,0.909
E.F.43.692,ACETAMINOFEN,Acetaminofen,1.0
E.F.43.693,CETIRIZINA,Cetirizina,1.0
E.F.43.694,DICLOFENACO POTASICO,Diclofenaco,1.0
E.F.43.695,AMOXICILINA TRIHIDRATO,Amoxicilina,1.0
E.F.43.695,CLAVULANATO DE POTASIO,Clavulanato Potasio,1.0
E.F.43.696,BROMURO DE PINAVERIO,Pinaverio Bromuro,1.0
E.F.43.696,SIMETICONA,Simeticona,1.0
E.F.43.697,CLORHIDRATO DE DONEPEZILO,Donepezilo,1.0
E.F.43.698,DESLORATADINA,Desloratadina,1.0
E.F.43.699,ACETAMINOFEN,Acetaminofen,1.0
E.F.43.700,BISACODILO,Bisacodilo,1.0
E.F.43.701,SITAGLIPTINA FOSFATO MONOHIDRATADO,Sitagliptina,1.0
E.F.43.710,FUMARATO DE BISOPROLOL,Bisoprolol,1.0
E.F.43.711,ELTROMBOPAG OLAMINA,Eltrombopag Olamina,1.0
E.F.43.711,ELTROMBOPAG OLAMINA,Eltrombopag Olamina,1.0
E.F.43.712,RIVAROXABAN,Rivaroxaban,1.0
E.F.43.713,ACETAMINOFEN DC 90%,(+)-tetrabenazina,nan
E.F.43.713,ACETAMINOFEN,Acetaminofen,1.0
E.F.43.714,MOMETASONA FUROATO,Mometasona Furoato,1.0
E.F.43.715,LAMOTRIGINA,Lamotrigina,1.0
E.F.43.716,HIDROCLOROTIAZIDA,Hidroclorotiazida,1.0
E.F.43.716,IRBESARTAN,Irbesartan,1.0
E.F.43.717,HIDROCLOROTIAZIDA,Hidroclorotiazida,1.0
E.F.43.717,IRBESARTAN,Irbesartan,1.0
E.F.43.718,FENOFIBRATO,Fenofibrato,1.0
E.F.43.720,MONTELUKAST,Montelukast,1.0
E.F.43.720,DESLORATADINA,Desloratadina,1.0
E.F.43.722,BETAHISTINA DICLORHIDRATO,Betahistina,1.0
E.F.43.725,DIAZEPAM,Diazepam,1.0
E.F.43.726,CEFTAZIDIMA PENTAHIDRATADA,Ceftazidima Pentahidrato,0.893
E.F.43.738,CLONAZEPAM,Clonazepam,1.0
E.F.43.741,MONTELUKAST SÓDICO,Montelukast,1.0
E.F.43.742,MONTELUKAST SODICO,Montelukast,1.0
E.F.43.743,MONTELUKAST SÓDICO,Montelukast,1.0
E.F.43.744,CLORHIDRATO DE OXIBUTININA,Oxibutinina,1.0
E.F.43.746,MIDAZOLAM,Midazolam,1.0
E.F.43.752,CARBOXIMETILCELULOSA SODICA,Carboximetilcelulosa,1.0
E.F.43.753,IBUPROFENO,Ibuprofeno,1.0
E.F.43.753,TIOCOLCHICOSIDO,Tiocolchicosido,1.0
E.F.43.753,IBUPROFENO,Ibuprofeno,1.0
E.F.43.754,IBUPROFENO,Ibuprofeno,1.0
E.F.43.754,TIOCOLCHICOSIDO,Tiocolchicosido,1.0
E.F.43.754,IBUPROFENO,Ibuprofeno,1.0
E.F.43.755,LEVONORGESTREL,Levonorgestrel,1.0
E.F.43.757,ETINILESTRADIOL,Etinilestradiol,1.0
E.F.43.757,LEVONORGESTREL,Levonorgestrel,1.0
E.F.43.758,ETINILESTRADIOL,Etinilestradiol,1.0
E.F.43.758,LEVONORGESTREL,Levonorgestrel,1.0
E.F.43.764,CARVEDILOL,Carvedilol,1.0
E.F.43.765,CARVEDILOL,Carvedilol,1.0
E.F.43.766,CARVEDILOL,Carvedilol,1.0
E.F.43.767,FENOBARBITAL SODICO,Fenobarbital,1.0
E.F.43.769,MEDROXIPROGESTERONA ACETATO,Medroxiprogesterona,1.0
E.F.43.770,DEXTROMETORFANO BROMHIDRATO MONOHIDRATO,Dextrometorfano,1.0
E.F.43.771,BIFONAZOL,Bifonazol,1.0
E.F.43.773,BUDESONIDA,Budesonida,1.0
E.F.43.775,IBUPROFENO,Ibuprofeno,1.0
E.F.43.776,CLORHIDRATO DE NAFAZOLIN,Nafazolina,0.9
E.F.43.777,AMBROXOL CLORHIDRATO,Ambroxol,1.0
E.F.43.777,LORATADINA,Loratadina,1.0
E.F.43.778,CLOPIDOGREL BISULFATO,Clopidogrel,1.0
E.F.43.779,HIDROCLOROTIAZIDA,Hidroclorotiazida,1.0
E.F.43.779,VALSARTAN,Valsartan,1.0
E.F.43.780,HIDROCLOROTIAZIDA,Hidroclorotiazida,1.0
E.F.43.780,VALSARTAN,Valsartan,1.0
E.F.43.781,CILOSTAZOL,Cilostazol,1.0
E.F.43.781,CILOSTAZOL,Cilostazol,1.0
E.F.43.785,CLORHIDRATO DE REMIFENTANILO,Remifentanilo,1.0
E.F.43.786,ACETATO DE PREDNISOLONA,Prednisolona,1.0
E.F.43.788,CLOTRIMAZOL,Clotrimazol,1.0
E.F.43.791,DESLORATADINA,Desloratadina,1.0
E.F.43.792,TRAVOPROST,Travoprost,1.0
E.F.43.793,BESILATO DE AMLODIPINA,Amlodipino,0.9
E.F.43.794,MIRTAZAPINA,Mirtazapina,1.0
E.F.43.795,RISPERIDONA,Risperidona,1.0
E.F.43.796,CAPTOPRIL,Captopril,1.0
E.F.43.797,INDOMETACINA,Indometacina,1.0
E.F.43.800,ADAPALENO,Adapaleno,1.0
E.F.43.800,PEROXIDO DE BENZOILO,Benzoilo Peroxido,1.0
E.F.43.800,PEROXIDO DE BENZOILO,Benzoilo Peroxido,1.0
E.F.43.802,NEOMICINA,Neomicina,1.0
E.F.43.802,BACITRACINA,Bacitracina,1.0
E.F.43.802,POLIMIXINA B,Polimixina B,1.0
E.F.43.803,ACIDO FUSIDICO,Acido Fusidico Hemihidrato,1.0
E.F.43.806,CANDESARTAN CILEXETILO,Candesartan Cilexetilo,1.0
E.F.43.807,CANDESARTAN CILEXETILO,Candesartan Cilexetilo,1.0
E.F.43.809,PROPIONATO DE CLOBETASOL,Clobetasol Propionato,1.0
E.F.43.810,CILOSTAZOL,Cilostazol,1.0
E.F.43.810,CILOSTAZOL,Cilostazol,1.0
E.F.43.811,MOXIFLOXACINO CLORHIDRATO,Moxifloxacino,1.0
E.F.43.812,DIOSMINA,Diosmina,1.0
E.F.43.813,ACETAMINOFEN,Acetaminofen,1.0
E.F.43.813,ACETAMINOFEN,Acetaminofen,1.0
E.F.43.814,DICLOFENACO,Diclofenaco,1.0
E.F.43.815,ACETAMINOFEN,Acetaminofen,1.0
E.F.43.815,CLORFENAMINA MALEATO,Clorfenamina,1.0
E.F.43.822,ETORICOXIB,Etoricoxib,1.0
E.F.43.823,ETORICOXIB,Etoricoxib,1.0
E.F.43.824,ETORICOXIB,Etoricoxib,1.0
E.F.43.826,ETORICOXIB,Etoricoxib,1.0
E.F.43.827,CANDESARTAN CILEXETILO,Candesartan Cilexetilo,1.0
E.F.43.828,CANDESARTAN CILEXETILO,Candesartan Cilexetilo,1.0
E.F.43.829,CANDESARTAN CILEXETILO,Candesartan Cilexetilo,1.0
E.F.43.832,BETAHISTINA DICLORHIDRATO,Betahistina,1.0
E.F.43.833,ROSUVASTATINA CALCICA,Rosuvastatina,1.0
E.F.43.834,TRAMADOL CLORHIDRATO,Tramadol,1.0
E.F.43.835,TRAMADOL CLORHIDRATO,Tramadol,1.0
E.F.43.839,CITICOLINA SODICA,Citicolina,1.0
E.F.43.843,CLORTALIDONA,Clortalidona,1.0
E.F.43.844,VALSARTAN,Valsartan,1.0
E.F.43.845,IBUPROFENO,Ibuprofeno,1.0
E.F.43.845,IBUPROFENO,Ibuprofeno,1.0
E.F.43.847,APIXABAN,Apixaban,1.0
E.F.43.848,ROSUVASTATINA CALCICA,Rosuvastatina,1.0
E.F.43.851,CETIRIZINA CLORHIDRATO,Cetirizina,1.0
E.F.43.853,FUMARATO DE BISOPROLOL,Bisoprolol,1.0
E.F.43.854,FEXOFENADINA CLORHIDRATO,Fexofenadina,1.0
E.F.43.854,FEXOFENADINA CLORHIDRATO,Fexofenadina,1.0
E.F.43.855,FEXOFENADINA CLORHIDRATO,Fexofenadina,1.0
E.F.43.858,CETIRIZINA CLORHIDRATO,Cetirizina,1.0
E.F.43.859,ACIDO ACETILSALICILICO,Acetilsalicilico Acido,1.0
E.F.43.861,DOBESILATO DE CALCIO,Dobesilato De Calcio,1.0
E.F.43.861,DOBESILATO DE CALCIO,Dobesilato De Calcio,1.0
E.F.43.863,TOBRAMICINA SULFATO,Tobramicina,1.0
E.F.43.864,TADALAFILO,Tadalafilo,1.0
E.F.43.865,KETOPROFENO,Ketoprofeno,1.0
E.F.43.866,GLUCOSA,Glucosa,1.0
E.F.43.867,ACETAMINOFEN,Acetaminofen,1.0
E.F.43.867,CLORFENAMINA MALEATO,Clorfenamina,1.0
E.F.43.869,HESPERIDINA,Hesperidina,1.0
E.F.43.869,DIOSMINA,Diosmina,1.0
E.F.43.871,MALEATO DE TRIMEBUTINA,Trimebutina,1.0
E.F.43.872,DROSPIRENONA,Drospirenona,1.0
E.F.43.876,ATORVASTATINA CALCICA,Atorvastatina,1.0
E.F.43.878,DESLORATADINA,Desloratadina,1.0
E.F.43.878,MONTELUKAST SÓDICO,Montelukast,1.0
E.F.43.879,MONTELUKAST SODICO,Montelukast,1.0
E.F.43.879,DESLORATADINA,Desloratadina,1.0
E.F.43.880,FOSFOMICINA TROMETAMOL,Fosfomicina Trometamol,1.0
E.F.43.883,BUDESONIDA,Budesonida,1.0
E.F.43.884,CIPROFLOXACINO,Ciprofloxacino,1.0
E.F.43.885,CIPROFLOXACINO,Ciprofloxacino,1.0
E.F.43.885,DEXAMETASONA FOSFATO SÓDICO,Dexametasona,1.0
E.F.43.887,PARACETAMOL,Paracetamol,1.0
E.F.43.887,CAFEINA,Cafeina,1.0
E.F.43.889,MONTELUKAST,Montelukast,1.0
E.F.43.895,RIVAROXABAN,Rivaroxaban,1.0
E.F.43.896,RIVAROXABAN,Rivaroxaban,1.0
E.F.43.897,RIVAROXABAN,Rivaroxaban,1.0
E.F.43.899,CILOSTAZOL,Cilostazol,1.0
E.F.43.900,CILOSTAZOL,Cilostazol,1.0
E.F.43.905,ELTROMBOPAG OLAMINA,Eltrombopag Olamina,1.0
E.F.43.906,RIVAROXABAN,Rivaroxaban,1.0
E.F.43.910,MESTEROLONA,Mesterolona,1.0
E.F.43.911,CICLOBENZAPRINA CLORHIDRATO,Ciclobenzaprina,1.0
E.F.43.912,CICLOBENZAPRINA CLORHIDRATO,Ciclobenzaprina,1.0
E.F.43.913,TICAGRELOR,Ticagrelor,1.0
E.F.43.914,FEXOFENADINA CLORHIDRATO,Fexofenadina,1.0
E.F.43.917,CEFADROXILO MONOHIDRATO,Cefadroxilo,1.0
E.F.43.922,CLORHIDRATO DE RANITIDINA,Ranitidina,1.0
E.F.43.923,CLORHIDRATO DE METFORMINA CD 95%,(+)-tetrabenazina,nan
E.F.43.923,METFORMINA CLORHIDRATO,Metformina,1.0
E.F.43.924,CLORHIDRATO DE METFORMINA CD 95%,(+)-tetrabenazina,nan
E.F.43.924,METFORMINA CLORHIDRATO,Metformina,1.0
E.F.43.926,VALPROATO DE SODIO,Valproato Sodio,1.0
E.F.43.933,ETORICOXIB,Etoricoxib,1.0
E.F.43.934,ETORICOXIB,Etoricoxib,1.0
E.F.43.939,SULFATO DE SALBUTAMOL,Salbutamol,1.0
E.F.43.940,DEXAMETASONA FOSFATO SÓDICO,Dexametasona,1.0
E.F.43.940,TOBRAMICINA SULFATO,Tobramicina,1.0
E.F.43.941,TIMOLOL MALEATO,Timolol,1.0
E.F.43.941,BRIMONIDINA TARTRATO,Brimonidina,1.0
E.F.43.943,ACIDO FOLICO,Folico Acido,1.0
E.F.43.944,DEXAMETASONA FOSFATO SODICO,Dexametasona,1.0
E.F.43.945,TRIAMCINOLONA ACETONIDO,Triamcinolona Acetonido,1.0
E.F.43.946,DICLOFENACO POTASICO,Diclofenaco,1.0
E.F.43.947,TADALAFILO,Tadalafilo,1.0
E.F.43.949,AMOXICILINA TRIHIDRATO,Amoxicilina,1.0
E.F.43.955,ACETATO DE CIPROTERONA,Ciproterona,1.0
E.F.43.955,ETINILESTRADIOL,Etinilestradiol,1.0
E.F.43.958,CETIRIZINA DICLORHIDRATO,Cetirizina,1.0
E.F.43.959,TOFACITINIB,Tofacitinib,1.0
E.F.43.960,CETIRIZINA CLORHIDRATO,Cetirizina,1.0
E.F.43.961,IBUPROFENO,Ibuprofeno,1.0
E.F.43.961,CAFEINA,Cafeina,1.0
E.F.43.964,IBUPROFENO,Ibuprofeno,1.0
E.F.43.965,IBUPROFENO,Ibuprofeno,1.0
E.F.43.972,VITAMINA B6 (CLORHIDRATO DE PIRIDOXINA),(+)-tetrabenazina,nan
E.F.43.972,CIANOCOBALAMINA,Cianocobalamina,1.0
E.F.43.972,TIAMINA,Tiamina,1.0
E.F.43.974,CLORFENIRAMINA MALEATO,Clorfeniramina,1.0
E.F.43.974,ACETAMINOFEN,Acetaminofen,1.0
E.F.43.975,NAPROXENO SODICO,Naproxeno,1.0
E.F.43.977,LEVONORGESTREL,Levonorgestrel,1.0
E.F.43.977,ETINILESTRADIOL,Etinilestradiol,1.0
E.F.43.978,ATORVASTATINA CALCICA,Atorvastatina,1.0
E.F.43.979,CLONIXINATO DE LISINA,Clonixino Lisina,0.909
E.F.43.980,RIVAROXABAN,Rivaroxaban,1.0
E.F.43.994,BUDESONIDA,Budesonida,1.0
E.F.43.995,LINEZOLIDA,Linezolid,0.9
E.F.43.997,IBUPROFENO,Ibuprofeno,1.0
E.F.44.000,EMPAGLIFLOZINA,Empagliflozina,1.0
E.F.44.001,EMPAGLIFLOZINA,Empagliflozina,1.0
E.F.44.008,ACETAMINOFEN,Acetaminofen,1.0
E.F.44.013,DESOGESTREL,Desogestrel,1.0
E.F.44.015,ESCITALOPRAM,Escitalopram,1.0
E.F.44.016,ESCITALOPRAM,Escitalopram,1.0
E.F.44.019,DICLOFENACO POTASICO,Diclofenaco,1.0
E.F.44.019,DICLOFENACO POTASICO,Diclofenaco,1.0
E.F.44.025,IBUPROFENO,Ibuprofeno,1.0
E.F.44.034,APIXABAN,Apixaban,1.0
E.F.44.035,CLORHIDRATO DE METFORMINA CD 95%,(+)-tetrabenazina,nan
E.F.44.035,EMPAGLIFLOZINA,Empagliflozina,1.0
E.F.44.036,CLORHIDRATO DE PIRIDOXINA,Piridoxina,1.0
E.F.44.036,SUCCINATO DE DOXILAMINA,Doxilamina,1.0
E.F.44.036,CLORHIDRATO DE PIRIDOXINA,Piridoxina,1.0
E.F.44.036,SUCCINATO DE DOXILAMINA,Doxilamina,1.0
E.F.44.037,AZITROMICINA DIHIDRATO,Azitromicina,1.0
E.F.44.038,ACIDO ACETILSALICILICO,Acetilsalicilico Acido,1.0
E.F.44.039,OMEPRAZOL,Omeprazol,1.0
E.F.44.040,CEFADROXILO MONOHIDRATO,Cefadroxilo,1.0
E.F.44.043,EMPAGLIFLOZINA,Empagliflozina,1.0
E.F.44.044,EMPAGLIFLOZINA,Empagliflozina,1.0
E.F.44.047,LINAGLIPTINA,Linagliptina,1.0
E.F.44.047,EMPAGLIFLOZINA,Empagliflozina,1.0
E.F.44.048,LINAGLIPTINA,Linagliptina,1.0
E.F.44.048,EMPAGLIFLOZINA,Empagliflozina,1.0
E.F.44.049,PREGABALINA,Pregabalina,1.0
E.F.44.053,ACETAMINOFEN,Acetaminofen,1.0
E.F.44.053,CLORFENIRAMINA MALEATO,Clorfeniramina,1.0
E.F.44.054,ACETAMINOFEN,Acetaminofen,1.0
E.F.44.054,CLORFENIRAMINA MALEATO,Clorfeniramina,1.0
E.F.44.054,ACETAMINOFEN,Acetaminofen,1.0
E.F.44.054,CLORFENIRAMINA MALEATO,Clorfeniramina,1.0
E.F.44.061,ACETAMINOFEN,Acetaminofen,1.0
E.F.44.062,OLOPATADINA,Olopatadina,1.0
E.F.44.067,DEXKETOPROFENO TROMETAMOL,Dexketoprofeno Trometamol,1.0
E.F.44.069,DIOSMINA,Diosmina,1.0
E.F.44.070,EMPAGLIFLOZINA,Empagliflozina,1.0
E.F.44.071,EMPAGLIFLOZINA,Empagliflozina,1.0
E.F.44.072,VALSARTAN,Valsartan,1.0
E.F.44.072,VALSARTAN,Valsartan,1.0
E.F.44.073,VALSARTAN,Valsartan,1.0
E.F.44.073,VALSARTAN,Valsartan,1.0
E.F.44.074,CLORHIDRATO DE NAFAZOLIN,Nafazolina,0.9
E.F.44.075,ACETAMINOFEN,Acetaminofen,1.0
E.F.44.075,CAFEINA,Cafeina,1.0
E.F.44.075,CLORFENIRAMINA MALEATO,Clorfeniramina,1.0
E.F.44.076,ACETAMINOFEN,Acetaminofen,1.0
E.F.44.076,CAFEINA,Cafeina,1.0
E.F.44.076,CLORFENIRAMINA MALEATO,Clorfeniramina,1.0
E.F.44.077,PREGABALINA,Pregabalina,1.0
E.F.44.083,ACIDO ASCORBICO,Ascorbico Acido,1.0
E.F.44.084,FLUCONAZOL,Fluconazol,1.0
E.F.44.089,CLORFENAMINA MALEATO,Clorfenamina,1.0
E.F.44.089,DEXTROMETORFANO BROMHIDRATO MONOHIDRATO,Dextrometorfano,1.0
E.F.44.090,FUROSEMIDA,Furosemida,1.0
E.F.44.091,IBUPROFENO,Ibuprofeno,1.0
E.F.44.092,SIMETICONA,Simeticona,1.0
E.F.44.093,VALSARTAN,Valsartan,1.0
E.F.44.095,OMEPRAZOL,Omeprazol,1.0
E.F.44.096,FOSFATO SODICO DE PREDNISOLONA,Prednisolona,1.0
E.F.44.098,IBUPROFENO,Ibuprofeno,1.0
E.F.44.098,TIOCOLCHICOSIDO,Tiocolchicosido,1.0
E.F.44.102,DORZOLAMIDA CLORHIDRATO,Dorzolamida,1.0
E.F.44.102,TIMOLOL MALEATO,Timolol,1.0
E.F.44.104,ACIDO AZELAICO,Azelaico Acido,1.0
E.F.44.105,TOBRAMICINA SULFATO,Tobramicina,1.0
E.F.44.111,CITRATO DE CLOMIFENO,Clomifeno,1.0
E.F.44.112,CIPROFLOXACINO CLORHIDRATO MONOHIDRATO,Ciprofloxacino,1.0
E.F.44.112,CIPROFLOXACINO CLORHIDRATO MONOHIDRATO,Ciprofloxacino,1.0
E.F.44.114,DORZOLAMIDA CLORHIDRATO,Dorzolamida,1.0
E.F.44.115,METRONIDAZOL,Metronidazol,1.0
E.F.44.117,DIOSMINA,Diosmina,1.0
E.F.44.117,HESPERIDINA,Hesperidina,1.0
E.F.44.118,TIOCOLCHICOSIDO,Tiocolchicosido,1.0
E.F.44.118,IBUPROFENO,Ibuprofeno,1.0
E.F.44.125,METRONIDAZOL,Metronidazol,1.0
E.F.44.125,NITRATO DE MICONAZOL,Miconazol,1.0
E.F.44.125,LIDOCAINA,Lidocaina,1.0
E.F.44.127,LIDOCAINA,Lidocaina,1.0
E.F.44.127,BENCIDAMINA CLORHIDRATO,Bencidamina,1.0
E.F.44.128,AMOXICILINA TRIHIDRATO,Amoxicilina,1.0
E.F.44.128,CLAVULANATO DE POTASIO,Clavulanato Potasio,1.0
E.F.44.130,LEVOTIROXINA SODICA,Levotiroxina,1.0
E.F.44.131,SERTRALINA,Sertralina,1.0
E.F.44.133,CLORHIDRATO DE ONDANSETRON,Ondansetron,1.0
E.F.44.134,CLORHIDRATO DE ONDANSETRON,Ondansetron,1.0
E.F.44.135,IBUPROFENO,Ibuprofeno,1.0
E.F.44.135,IBUPROFENO,Ibuprofeno,1.0
E.F.44.136,CEFADROXILO MONOHIDRATO,Cefadroxilo,1.0
E.F.44.137,BISACODILO,Bisacodilo,1.0
E.F.44.139,CIPROFLOXACINO CLORHIDRATO MONOHIDRATO,Ciprofloxacino,1.0
E.F.44.141,CLORURO DE POTASIO,Calcio Cloruro,1.0
E.F.44.141,CLORURO DE SODIO,Calcio Cloruro,1.0
E.F.44.144,CLORHIDRATO DE LIDOCAINA,Lidocaina,1.0
E.F.44.145,OXALIPLATINO,Oxaliplatino,1.0
E.F.44.150,DAPAGLIFOZINA,Dapagliflozina,0.929
E.F.44.151,ACIDO ZOLEDRONICO MONOHIDRATO,Acido Zoledronico,1.0
E.F.44.152,CLORHIDRATO DE LIDOCAINA,Lidocaina,1.0
E.F.44.154,BRIMONIDINA TARTRATO,Brimonidina,1.0
E.F.44.161,LATANOPROST,Latanoprost,1.0
E.F.44.163,DEXIBUPROFENO,Dexibuprofeno,1.0
E.F.44.165,DIOSMINA,Diosmina,1.0
E.F.44.166,TIMOLOL MALEATO,Timolol,1.0
E.F.44.168,PARACETAMOL,Paracetamol,1.0
E.F.44.170,CAFEINA,Cafeina,1.0
E.F.44.170,ACETAMINOFEN,Acetaminofen,1.0
E.F.44.170,DICLOFENAC SODICO,Diclofenaco,0.909
E.F.44.171,SEVOFLURANO,Sevoflurano,1.0
E.F.44.173,DICLOFENAC SODICO,Diclofenaco,0.909
E.F.44.174,LEVONORGESTREL,Levonorgestrel,1.0
E.F.44.176,DORZOLAMIDA CLORHIDRATO,Dorzolamida,1.0
E.F.44.176,TIMOLOL MALEATO,Timolol,1.0
E.F.44.179,CARBOPLATINO,Carboplatino,1.0
E.F.44.180,TADALAFILO,Tadalafilo,1.0
E.F.44.181,ESCITALOPRAM,Escitalopram,1.0
E.F.44.183,TIOCOLCHICOSIDO,Tiocolchicosido,1.0
E.F.44.184,DICLOFENAC SODICO,Diclofenaco,0.909
E.F.44.186,TRIAMCINOLONA ACETONIDO,Triamcinolona Acetonido,1.0
E.F.44.188,ETINILESTRADIOL,Etinilestradiol,1.0
E.F.44.188,ETONOGESTREL,Etonogestrel,1.0
E.F.44.189,ELTROMBOPAG,Eltrombopag,1.0
E.F.44.190,ELTROMBOPAG,Eltrombopag,1.0
E.F.44.191,FOSFATO DE CLINDAMICINA,Clindamicina,1.0
E.F.44.195,ATORVASTATINA CALCICA,Atorvastatina,1.0
E.F.44.196,ATORVASTATINA CALCICA,Atorvastatina,1.0
E.F.44.197,ATORVASTATINA CALCICA,Atorvastatina,1.0
E.F.44.199,PREGABALINA,Pregabalina,1.0
E.F.44.200,PREGABALINA,Pregabalina,1.0
E.F.44.201,DESLORATADINA,Desloratadina,1.0
E.F.44.203,ACIDO ASCORBICO,Ascorbico Acido,1.0
E.F.44.204,ACIDO ASCORBICO,Ascorbico Acido,1.0
E.F.44.205,ACIDO ASCORBICO,Ascorbico Acido,1.0
E.F.44.206,CLORURO DE SODIO,Calcio Cloruro,1.0
E.F.44.206,CLORURO DE POTASIO,Calcio Cloruro,1.0
E.F.44.206,GLUCOSA,Glucosa,1.0
E.F.44.209,HESPERIDINA,Hesperidina,1.0
E.F.44.209,DIOSMINA,Diosmina,1.0
E.F.44.210,MALEATO DE TRIMEBUTINA,Trimebutina,1.0
E.F.44.212,TRAMADOL CLORHIDRATO,Tramadol,1.0
E.F.44.215,ALPRAZOLAM,Alprazolam,1.0
E.F.44.216,ALGINATO DE SODIO,Alginato Sodio,1.0
E.F.44.229,DIOSMINA,Diosmina,1.0
E.F.44.229,HESPERIDINA,Hesperidina,1.0
E.F.44.230,DIOSMINA,Diosmina,1.0
E.F.44.230,HESPERIDINA,Hesperidina,1.0
E.F.44.233,PREGABALINA,Pregabalina,1.0
E.F.44.236,ACIDO TRANEXAMICO,Tranexamico Acido,1.0
E.F.44.237,RACECADOTRILO,Racecadotrilo,1.0
E.F.44.238,CLORFENAMINA MALEATO,Clorfenamina,1.0
E.F.44.238,ACETAMINOFEN,Acetaminofen,1.0
E.F.44.239,TIOCOLCHICOSIDO,Tiocolchicosido,1.0
E.F.44.240,CITICOLINA SODICA,Citicolina,1.0
E.F.44.241,CLORHIDRATO DE LERCANIDIPINO,Lercanidipino,1.0
E.F.44.242,CLORHIDRATO DE LERCANIDIPINO,Lercanidipino,1.0
E.F.44.245,MONTELUKAST SODICO,Montelukast,1.0
E.F.44.247,AMOXICILINA TRIHIDRATO,Amoxicilina,1.0
E.F.44.248,ACETAMINOFEN,Acetaminofen,1.0
E.F.44.251,EPLERENONA,Eplerenona,1.0
E.F.44.253,PARACETAMOL,Paracetamol,1.0
E.F.44.254,CLORURO DE SODIO,Calcio Cloruro,1.0
E.F.44.254,DEXTROSA ANHIDRA,Dextrosa,1.0
E.F.44.254,GLUCONATO DE ZINC,Zinc,1.0
E.F.44.255,CLORURO DE SODIO,Calcio Cloruro,1.0
E.F.44.255,DEXTROSA ANHIDRA,Dextrosa,1.0
E.F.44.255,GLUCONATO DE ZINC,Zinc,1.0
E.F.44.255,DEXTROSA ANHIDRA,Dextrosa,1.0
E.F.44.255,GLUCONATO DE ZINC,Zinc,1.0
E.F.44.258,APIXABAN,Apixaban,1.0
E.F.44.259,FUMARATO DE BISOPROLOL,Bisoprolol,1.0
E.F.44.259,HIDROCLOROTIAZIDA,Hidroclorotiazida,1.0
E.F.44.264,LEVODROPROPIZINA,Levodropropizina,1.0
E.F.44.265,PREGABALINA,Pregabalina,1.0
E.F.44.266,ACETATO DE CLORMADINONA,Clormadinona,1.0
E.F.44.266,ETINILESTRADIOL,Etinilestradiol,1.0
E.F.44.268,TIOCONAZOL,Tioconazol,1.0
E.F.44.268,TINIDAZOL,Tinidazol,1.0
E.F.44.268,CLORHIDRATO DE LIDOCAINA,Lidocaina,1.0
E.F.44.268,TIOCONAZOL,Tioconazol,1.0
E.F.44.268,TINIDAZOL,Tinidazol,1.0
E.F.44.268,CLORHIDRATO DE LIDOCAINA,Lidocaina,1.0
E.F.44.270,CLORHIDRATO DE REMIFENTANILO,Remifentanilo,1.0
E.F.44.270,CLORHIDRATO DE REMIFENTANILO,Remifentanilo,1.0
E.F.44.275,NEBIVOLOL CLORHIDRATO,Nebivolol,1.0
E.F.44.275,NEBIVOLOL CLORHIDRATO,Nebivolol,1.0
E.F.44.276,MOMETASONA FUROATO,Mometasona Furoato,1.0
E.F.44.277,LACTULOSA,Lactulosa,1.0
E.F.44.280,OMEPRAZOL SÓDICO,Omeprazol,1.0
E.F.44.283,OLMESARTAN MEDOXOMILO,Olmesartan Medoxomilo,1.0
E.F.44.283,BESILATO DE AMLODIPINA,Amlodipino,0.9
E.F.44.284,QUETIAPINA FUMARATO,Quetiapina,1.0
E.F.44.285,ACETAMINOFEN,Acetaminofen,1.0
E.F.44.287,CARVEDILOL,Carvedilol,1.0
E.F.44.289,MONTELUKAST,Montelukast,1.0
E.F.44.291,ENZALUTAMIDA,Enzalutamida,1.0
E.F.44.293,CLORHIDRATO DE OLOPATADINA,Olopatadina,1.0
E.F.44.294,DORZOLAMIDA CLORHIDRATO,Dorzolamida,1.0
E.F.44.294,TIMOLOL MALEATO,Timolol,1.0
E.F.44.297,CLAVULANATO DE POTASIO,Clavulanato Potasio,1.0
E.F.44.297,AMOXICILINA TRIHIDRATO,Amoxicilina,1.0
E.F.44.298,AMOXICILINA TRIHIDRATO,Amoxicilina,1.0
E.F.44.298,CLAVULANATO DE POTASIO,Clavulanato Potasio,1.0
E.F.44.302,CELECOXIB,Celecoxib,1.0
E.F.44.303,MOMETASONA FUROATO,Mometasona Furoato,1.0
E.F.44.304,FOSFATO SODICO DE PREDNISOLONA,Prednisolona,1.0
E.F.44.305,CLORHIDRATO DE OLOPATADINA,Olopatadina,1.0
E.F.44.307,DESOGESTREL,Desogestrel,1.0
E.F.44.308,FUMARATO DE BISOPROLOL,Bisoprolol,1.0
E.F.44.308,AMLODIPINA,Amlodipino,0.9
E.F.44.309,FUMARATO DE BISOPROLOL,Bisoprolol,1.0
E.F.44.309,AMLODIPINA,Amlodipino,0.9
E.F.44.313,ACETAMINOFEN,Acetaminofen,1.0
E.F.44.313,ACETAMINOFEN,Acetaminofen,1.0
E.F.44.314,ACETAMINOFEN,Acetaminofen,1.0
E.F.44.314,ACETAMINOFEN,Acetaminofen,1.0
E.F.44.315,CLORHEXIDINA,Clorhexidina,1.0
E.F.44.319,CISPLATINO,Cisplatino,1.0
E.F.44.320,CISPLATINO,Cisplatino,1.0
E.F.44.324,ACIDO ACETILSALICILICO,Acetilsalicilico Acido,1.0
E.F.44.327,TADALAFILO,Tadalafilo,1.0
E.F.44.330,BENCIDAMINA CLORHIDRATO,Bencidamina,1.0
E.F.44.333,DOXORUBICINA CLORHIDRATO,Doxorubicina,1.0
E.F.44.333,DOXORUBICINA CLORHIDRATO,Doxorubicina,1.0
E.F.44.334,RACECADOTRILO,Racecadotrilo,1.0
E.F.44.335,PROPOFOL,Propofol,1.0
E.F.44.337,DOXORUBICINA CLORHIDRATO,Doxorubicina,1.0
E.F.44.338,VALSARTAN,Valsartan,1.0
E.F.44.339,ROSUVASTATINA CALCICA,Rosuvastatina,1.0
E.F.44.339,EZETIMIBA,Ezetimiba,1.0
E.F.44.340,ROSUVASTATINA CALCICA,Rosuvastatina,1.0
E.F.44.340,EZETIMIBA,Ezetimiba,1.0
E.F.44.341,AMOXICILINA TRIHIDRATO,Amoxicilina,1.0
E.F.44.342,CLAVULANATO DE POTASIO CON DIOXIDO DE SILICIO (1:1),(+)-tetrabenazina,nan
E.F.44.342,AMOXICILINA TRIHIDRATO,Amoxicilina,1.0
E.F.44.343,BENCIDAMINA CLORHIDRATO,Bencidamina,1.0
E.F.44.345,IBUPROFENO,Ibuprofeno,1.0
E.F.44.347,CEFIXIMA,Cefixima,1.0
E.F.44.352,DEXKETOPROFENO,Dexketoprofeno,1.0
E.F.44.353,DORZOLAMIDA CLORHIDRATO,Dorzolamida,1.0
E.F.44.355,IBUPROFENO,Ibuprofeno,1.0
E.F.44.359,BETAMETASONA DIPROPIONATO,Betametasona Dipropionato,1.0
E.F.44.360,ACIDO URSODEOXICOLICO,Ursodeoxicolico Acido,1.0
E.F.44.361,AMBROXOL CLORHIDRATO,Ambroxol,1.0
E.F.44.362,ACIDO FUSIDICO,Acido Fusidico Hemihidrato,1.0
E.F.44.365,SUCROSA DE HIERRO,Hierro Sacarosa,0.875
E.F.44.365,SUCROSA DE HIERRO,Hierro Sacarosa,0.875
E.F.44.373,FUMARATO DE BISOPROLOL,Bisoprolol,1.0
E.F.44.373,FUMARATO DE BISOPROLOL,Bisoprolol,1.0
E.F.44.374,CICLOBENZAPRINA CLORHIDRATO,Ciclobenzaprina,1.0
E.F.44.374,CLONIXINATO DE LISINA,Clonixino Lisina,0.909
E.F.44.375,SIMETICONA 65%,(+)-tetrabenazina,nan
E.F.44.375,SIMETICONA,Simeticona,1.0
E.F.44.375,MALEATO DE TRIMEBUTINA,Trimebutina,1.0
E.F.44.376,CETIRIZINA DICLORHIDRATO,Cetirizina,1.0
E.F.44.377,DEXTROSA ANHIDRA,Dextrosa,1.0
E.F.44.377,CLORURO DE SODIO,Calcio Cloruro,1.0
E.F.44.377,GLUCONATO DE ZINC,Zinc,1.0
E.F.44.379,MONTELUKAST SÓDICO,Montelukast,1.0
E.F.44.380,CETIRIZINA DICLORHIDRATO,Cetirizina,1.0
E.F.44.384,DAPAGLIFOZINA,Dapagliflozina,0.929
E.F.44.385,DAPAGLIFOZINA,Dapagliflozina,0.929
E.F.44.387,QUETIAPINA FUMARATO,Quetiapina,1.0
E.F.44.388,VITAMINA D3,Vitamina D3,1.0
E.F.44.388,VITAMINA D3,Vitamina D3,1.0
E.F.44.389,CLORHIDRATO DE TAMSULOSINA,Tamsulosina,1.0
E.F.44.389,DUTASTERIDE,Dutasterida,0.909
E.F.44.392,MONTELUKAST SODICO,Montelukast,1.0
E.F.44.393,DEXTROMETORFANO BROMHIDRATO MONOHIDRATO,Dextrometorfano,1.0
E.F.44.395,ALPRAZOLAM,Alprazolam,1.0
E.F.44.396,CARVEDILOL,Carvedilol,1.0
E.F.44.396,CARVEDILOL,Carvedilol,1.0
E.F.44.397,OLANZAPINA,Olanzapina,1.0
E.F.44.398,IBUPROFENO,Ibuprofeno,1.0
E.F.44.398,IBUPROFENO,Ibuprofeno,1.0
E.F.44.399,IBUPROFENO,Ibuprofeno,1.0
E.F.44.399,IBUPROFENO,Ibuprofeno,1.0
E.F.44.400,SITAGLIPTINA,Sitagliptina,1.0
E.F.44.400,SITAGLIPTINA FOSFATO MONOHIDRATADO,Sitagliptina,1.0
E.F.44.401,SITAGLIPTINA,Sitagliptina,1.0
E.F.44.401,SITAGLIPTINA FOSFATO MONOHIDRATADO,Sitagliptina,1.0
E.F.44.402,LOSARTAN POTASICO,Losartan,1.0
E.F.44.402,LOSARTAN POTASICO,Losartan,1.0
E.F.44.403,LOSARTAN POTASICO,Losartan,1.0
E.F.44.403,LOSARTAN POTASICO,Losartan,1.0
E.F.44.404,CIPROFLOXACINO CLORHIDRATO,Ciprofloxacino,1.0
E.F.44.406,SEMAGLUTIDA,Semaglutida,1.0
E.F.44.407,DEXKETOPROFENO TROMETAMOL,Dexketoprofeno Trometamol,1.0
E.F.44.408,DEXKETOPROFENO TROMETAMOL,Dexketoprofeno Trometamol,1.0
E.F.44.408,DEXKETOPROFENO TROMETAMOL,Dexketoprofeno Trometamol,1.0
E.F.44.410,LAMOTRIGINA,Lamotrigina,1.0
E.F.44.411,LAMOTRIGINA,Lamotrigina,1.0
E.F.44.412,LAMOTRIGINA,Lamotrigina,1.0
E.F.44.413,LOSARTAN POTASICO,Losartan,1.0
E.F.44.416,LOSARTAN POTASICO,Losartan,1.0
E.F.44.416,HIDROCLOROTIAZIDA,Hidroclorotiazida,1.0
E.F.44.418,CAFEINA,Cafeina,1.0
E.F.44.418,CLORFENIRAMINA MALEATO,Clorfeniramina,1.0
E.F.44.418,ACETAMINOFEN,Acetaminofen,1.0
E.F.44.419,CLORFENIRAMINA MALEATO,Clorfeniramina,1.0
E.F.44.419,ACETAMINOFEN,Acetaminofen,1.0
E.F.44.420,HIDROCLOROTIAZIDA,Hidroclorotiazida,1.0
E.F.44.420,LOSARTAN POTASICO,Losartan,1.0
E.F.44.423,LAMOTRIGINA,Lamotrigina,1.0
E.F.44.424,LAMOTRIGINA,Lamotrigina,1.0
E.F.44.425,CELECOXIB,Celecoxib,1.0
E.F.44.426,METILSULFATO DE NEOSTIGMINA,Neostigmina Metilsulfato,1.0
E.F.44.427,CELECOXIB,Celecoxib,1.0
E.F.44.428,TICAGRELOR,Ticagrelor,1.0
E.F.44.430,BETAMETASONA DIPROPIONATO,Betametasona Dipropionato,1.0
E.F.44.430,SULFATO DE GENTAMICINA,Gentamicina,1.0
E.F.44.430,CLOTRIMAZOL,Clotrimazol,1.0
E.F.44.431,ACETATO DE PREDNISOLONA,Prednisolona,1.0
E.F.44.436,BILASTINA,Bilastina,1.0
E.F.44.437,EMPAGLIFLOZINA,Empagliflozina,1.0
E.F.44.437,METFORMINA CLORHIDRATO,Metformina,1.0
E.F.44.438,FUMARATO DE BISOPROLOL,Bisoprolol,1.0
E.F.44.438,FUMARATO DE BISOPROLOL,Bisoprolol,1.0
E.F.44.439,DICLOFENACO POTASICO,Diclofenaco,1.0
E.F.44.439,DICLOFENACO POTASICO,Diclofenaco,1.0
E.F.44.440,LORATADINA,Loratadina,1.0
E.F.44.440,AMBROXOL CLORHIDRATO,Ambroxol,1.0
E.F.44.441,CIPROFLOXACINO CLORHIDRATO,Ciprofloxacino,1.0
E.F.44.442,DIOSMINA,Diosmina,1.0
E.F.44.442,HESPERIDINA,Hesperidina,1.0
E.F.44.445,LATANOPROST,Latanoprost,1.0
E.F.44.450,CANDESARTAN CILEXETILO,Candesartan Cilexetilo,1.0
E.F.44.450,CANDESARTAN CILEXETILO,Candesartan Cilexetilo,1.0
E.F.44.451,CANDESARTAN CILEXETILO,Candesartan Cilexetilo,1.0
E.F.44.451,CANDESARTAN CILEXETILO,Candesartan Cilexetilo,1.0
E.F.44.452,METFORMINA CLORHIDRATO,Metformina,1.0
E.F.44.452,VILDAGLIPTINA,Vildagliptina,1.0
E.F.44.454,PANCREATINA,Pancreatina,1.0
E.F.44.454,SIMETICONA,Simeticona,1.0
E.F.44.455,ESTRADIOL VALERATO,Estradiol Valerato,1.0
E.F.44.456,CLORHIDRATO DE LIDOCAINA,Lidocaina,1.0
E.F.44.456,CLORURO DE CETILPIRIDINIO,Cetilpiridinio Cloruro,1.0
E.F.44.457,METFORMINA CLORHIDRATO,Metformina,1.0
E.F.44.457,EMPAGLIFLOZINA,Empagliflozina,1.0
E.F.44.458,CANDESARTAN CILEXETILO,Candesartan Cilexetilo,1.0
E.F.44.458,CANDESARTAN CILEXETILO,Candesartan Cilexetilo,1.0
E.F.44.459,CANDESARTAN CILEXETILO,Candesartan Cilexetilo,1.0
E.F.44.459,CANDESARTAN CILEXETILO,Candesartan Cilexetilo,1.0
E.F.44.459,HIDROCLOROTIAZIDA,Hidroclorotiazida,1.0
E.F.44.460,CLORHIDRATO DE DONEPEZILO,Donepezilo,1.0
E.F.44.460,CLORHIDRATO DE DONEPEZILO,Donepezilo,1.0
E.F.44.462,ESOMEPRAZOL MAGNESIO TRIHIDRATO,Esomeprazol Magnesio Trihidrato,1.0
E.F.44.462,ESOMEPRAZOL MAGNESIO TRIHIDRATO,Esomeprazol Magnesio Trihidrato,1.0
E.F.44.463,HIDROCLOROTIAZIDA,Hidroclorotiazida,1.0
E.F.44.463,CANDESARTAN CILEXETILO,Candesartan Cilexetilo,1.0
E.F.44.463,CANDESARTAN CILEXETILO,Candesartan Cilexetilo,1.0
E.F.44.466,MOMETASONA FUROATO,Mometasona Furoato,1.0
E.F.44.470,NITROFURANTOINA MONOHIDRATO,Nitrofurantoina,1.0
E.F.44.471,NITROFURANTOINA MONOHIDRATO,Nitrofurantoina,1.0
E.F.44.472,LEVOSULPIRIDA,Levosulpirida,1.0
E.F.44.473,HIDROXIDO DE MAGNESIO,Magnesio Hidroxido,1.0
E.F.44.475,ROSUVASTATINA CALCICA,Rosuvastatina,1.0
E.F.44.480,CLORHIDRATO DE KETAMINA,Ketamina,1.0
E.F.44.481,SULFATO DE SALBUTAMOL,Salbutamol,1.0
E.F.44.482,OLMESARTAN MEDOXOMILO,Olmesartan Medoxomilo,1.0
E.F.44.482,BESILATO DE AMLODIPINA,Amlodipino,0.9
E.F.44.484,IBUPROFENO,Ibuprofeno,1.0
E.F.44.486,SULFATO DE SALBUTAMOL,Salbutamol,1.0
E.F.44.489,APIXABAN,Apixaban,1.0
E.F.44.490,SULFATO DE SALBUTAMOL,Salbutamol,1.0
E.F.44.490,BROMURO DE IPRATROPIO,Bromuro De Ipratropio Monohidratado,1.0
E.F.44.491,APIXABAN,Apixaban,1.0
E.F.44.494,SIMETICONA,Simeticona,1.0
E.F.44.496,HIDROCORTISONA,Hidrocortisona,1.0
E.F.44.496,LIDOCAINA,Lidocaina,1.0
E.F.44.496,OXIDO DE ZINC,Zinc Oxido,1.0
E.F.44.496,ALANTOINA,Alantoina,1.0
E.F.44.497,OMEPRAZOL SODICO,Omeprazol,1.0
E.F.44.498,FULVESTRANT,Fulvestrant,1.0
E.F.44.501,CARFILZOMIB,Carfilzomib,1.0
E.F.44.504,ITRACONAZOL,Itraconazol,1.0
E.F.44.504,SECNIDAZOL,Secnidazol Anhidro,1.0
E.F.44.507,TRIAMCINOLONA ACETONIDO,Triamcinolona Acetonido,1.0
E.F.44.509,DIENOGEST,Dienogest,1.0
E.F.44.511,CLORHIDRATO DE ONDANSETRON,Ondansetron,1.0
E.F.44.514,BORTEZOMIB,Bortezomib,1.0
E.F.44.515,SACUBITRILO,Sacubitrilo,1.0
E.F.44.515,VALSARTAN,Valsartan,1.0
E.F.44.519,SACUBITRILO,Sacubitrilo,1.0
E.F.44.519,VALSARTAN,Valsartan,1.0
E.F.44.520,SACUBITRILO,Sacubitrilo,1.0
E.F.44.520,VALSARTAN,Valsartan,1.0
E.F.44.527,PREGABALINA,Pregabalina,1.0
E.F.44.527,PREGABALINA,Pregabalina,1.0
E.F.44.528,CLORHIDRATO DE DONEPEZILO,Donepezilo,1.0
E.F.44.529,SACUBITRILO,Sacubitrilo,1.0
E.F.44.529,VALSARTAN,Valsartan,1.0
E.F.44.530,SACUBITRILO,Sacubitrilo,1.0
E.F.44.530,VALSARTAN,Valsartan,1.0
E.F.44.531,VALSARTAN,Valsartan,1.0
E.F.44.531,SACUBITRILO,Sacubitrilo,1.0
E.F.44.532,PREGABALINA,Pregabalina,1.0
E.F.44.533,CARVEDILOL,Carvedilol,1.0
E.F.44.536,SITAGLIPTINA FOSFATO MONOHIDRATADO,Sitagliptina,1.0
E.F.44.537,SITAGLIPTINA FOSFATO MONOHIDRATADO,Sitagliptina,1.0
E.F.44.539,BUDESONIDA,Budesonida,1.0
E.F.44.544,NIFEDIPINA,Nifedipino,0.9
E.F.44.547,IBUPROFENO,Ibuprofeno,1.0
E.F.44.547,TIOCOLCHICOSIDO,Tiocolchicosido,1.0
E.F.44.548,TIOCOLCHICOSIDO,Tiocolchicosido,1.0
E.F.44.548,IBUPROFENO,Ibuprofeno,1.0
E.F.44.551,EMTRICITABINA,Emtricitabina,1.0
E.F.44.551,TENOFOVIR DISOPROXIL FUMARATO,Tenofovir Disoproxilo,0.955
E.F.44.552,TIOCOLCHICOSIDO,Tiocolchicosido,1.0
E.F.44.555,DIAZEPAM,Diazepam,1.0
E.F.44.560,OLANZAPINA,Olanzapina,1.0
E.F.44.560,OLANZAPINA,Olanzapina,1.0
E.F.44.561,PIPERACILINA,Piperacilina,1.0
E.F.44.561,TAZOBACTAM,Tazobactam,1.0
E.F.44.565,CARBOXIMETILCELULOSA SODICA,Carboximetilcelulosa,1.0
E.F.44.567,OLMESARTAN MEDOXOMILO,Olmesartan Medoxomilo,1.0
E.F.44.568,OLMESARTAN MEDOXOMILO,Olmesartan Medoxomilo,1.0
E.F.44.569,UNDECANOATO DE TESTOSTERONA,Testosterona Undecanoato,1.0
E.F.44.570,SUGAMMADEX SÓDICO,Sugammadex,1.0
E.F.44.572,DICLOFENAC SODICO,Diclofenaco,0.909
E.F.44.573,IDARUBICINA,Idarubicina,1.0
E.F.44.574,SITAGLIPTINA CLORHIDRATO,Sitagliptina,1.0
E.F.44.574,METFORMINA CLORHIDRATO,Metformina,1.0
E.F.44.576,IRBESARTAN,Irbesartan,1.0
E.F.44.576,HIDROCLOROTIAZIDA,Hidroclorotiazida,1.0
E.F.44.577,SULFAMETOXAZOL,Sulfametoxazol,1.0
E.F.44.577,TRIMETOPRIM,Trimetoprima,0.917
E.F.44.578,BENDAMUSTINA CLORHIDRATO,Bendamustina,1.0
E.F.44.579,PREGABALINA,Pregabalina,1.0
E.F.44.582,METFORMINA CLORHIDRATO,Metformina,1.0
E.F.44.582,SITAGLIPTINA FOSFATO MONOHIDRATADO,Sitagliptina,1.0
E.F.44.583,GEMFIBROZILO,Gemfibrozilo,1.0
E.F.44.583,GEMFIBROZILO,Gemfibrozilo,1.0
E.F.44.584,SUCCINATO SODICO DE HIDROCORTISONA,Hidrocortisona,1.0
E.F.44.585,DICLOFENACO POTASICO,Diclofenaco,1.0
E.F.44.587,CITICOLINA SODICA,Citicolina,1.0
E.F.44.588,BICALUTAMIDA,Bicalutamida,1.0
E.F.44.591,MINOXIDIL,Minoxidil,1.0
E.F.44.593,FENOBARBITAL SODICO,Fenobarbital,1.0
E.F.44.594,VITAMINA D3,Vitamina D3,1.0
E.F.44.595,DEXTROMETORFANO BROMHIDRATO MONOHIDRATO,Dextrometorfano,1.0
E.F.44.596,SUGAMMADEX SÓDICO,Sugammadex,1.0
E.F.44.597,ETOPOSIDO,Etoposido,1.0
E.F.44.600,HIDROXICARBAMIDA,Hidroxicarbamida,1.0
E.F.44.605,CLORHIDRATO DE LIDOCAINA,Lidocaina,1.0
E.F.44.605,DIGLUCONATO DE CLORHEXIDINA,Clorhexidina Digluconato,1.0
E.F.44.606,ETINILESTRADIOL,Etinilestradiol,1.0
E.F.44.606,ETONOGESTREL,Etonogestrel,1.0
E.F.44.608,ACIDO TRANEXAMICO,Tranexamico Acido,1.0
E.F.44.609,FUROSEMIDA,Furosemida,1.0
E.F.44.611,ACIDO ACETILSALICILICO,Acetilsalicilico Acido,1.0
E.F.44.615,PROPIONATO DE CLOBETASOL,Clobetasol Propionato,1.0
E.F.44.622,QUETIAPINA FUMARATO,Quetiapina,1.0
E.F.44.624,OLMESARTAN MEDOXOMILO,Olmesartan Medoxomilo,1.0
E.F.44.625,OLMESARTAN MEDOXOMILO,Olmesartan Medoxomilo,1.0
E.F.44.626,BILASTINA,Bilastina,1.0
E.F.44.628,S-CARBOXIMETILCISTEINA,S-carboximetilcisteina,1.0
E.F.44.629,S-CARBOXIMETILCISTEINA,S-carboximetilcisteina,1.0
E.F.44.630,ACIDO TRANEXAMICO,Tranexamico Acido,1.0
E.F.44.632,ACETAMINOFEN DC 90%,(+)-tetrabenazina,nan
E.F.44.634,DICLOFENACO POTASICO,Diclofenaco,1.0
E.F.44.635,DICLOFENACO POTASICO,Diclofenaco,1.0
E.F.44.636,VALSARTAN,Valsartan,1.0
E.F.44.636,CLORTALIDONA,Clortalidona,1.0
E.F.44.637,CLORURO DE SODIO,Calcio Cloruro,1.0
E.F.44.637,CLORURO DE POTASIO,Calcio Cloruro,1.0
E.F.44.637,DEXTROSA ANHIDRA,Dextrosa,1.0
E.F.44.637,GLUCONATO DE ZINC,Zinc,1.0
E.F.44.637,CLORURO DE POTASIO,Calcio Cloruro,1.0
E.F.44.637,GLUCONATO DE ZINC,Zinc,1.0
E.F.44.637,DEXTROSA ANHIDRA,Dextrosa,1.0
E.F.44.637,CLORURO DE SODIO,Calcio Cloruro,1.0
E.F.44.638,GLUCONATO DE ZINC,Zinc,1.0
E.F.44.638,CLORURO DE SODIO,Calcio Cloruro,1.0
E.F.44.638,CLORURO DE POTASIO,Calcio Cloruro,1.0
E.F.44.638,DEXTROSA ANHIDRA,Dextrosa,1.0
E.F.44.639,GLUCONATO DE ZINC,Zinc,1.0
E.F.44.639,DEXTROSA ANHIDRA,Dextrosa,1.0
E.F.44.639,CLORURO DE SODIO,Calcio Cloruro,1.0
E.F.44.639,CLORURO DE POTASIO,Calcio Cloruro,1.0
E.F.44.640,GLUCONATO DE ZINC,Zinc,1.0
E.F.44.640,DEXTROSA ANHIDRA,Dextrosa,1.0
E.F.44.640,CLORURO DE SODIO,Calcio Cloruro,1.0
E.F.44.640,CLORURO DE POTASIO,Calcio Cloruro,1.0
E.F.44.641,CLORURO DE SODIO,Calcio Cloruro,1.0
E.F.44.641,DEXTROSA ANHIDRA,Dextrosa,1.0
E.F.44.641,CLORURO DE POTASIO,Calcio Cloruro,1.0
E.F.44.641,GLUCONATO DE ZINC,Zinc,1.0
E.F.44.642,DEXTROSA ANHIDRA,Dextrosa,1.0
E.F.44.642,GLUCONATO DE ZINC,Zinc,1.0
E.F.44.642,CLORURO DE POTASIO,Calcio Cloruro,1.0
E.F.44.642,CLORURO DE SODIO,Calcio Cloruro,1.0
E.F.44.642,CLORURO DE SODIO,Calcio Cloruro,1.0
E.F.44.642,GLUCONATO DE ZINC,Zinc,1.0
E.F.44.642,CLORURO DE POTASIO,Calcio Cloruro,1.0
E.F.44.642,GLUCONATO DE ZINC,Zinc,1.0
E.F.44.642,DEXTROSA ANHIDRA,Dextrosa,1.0
E.F.44.642,CLORURO DE SODIO,Calcio Cloruro,1.0
E.F.44.642,CLORURO DE POTASIO,Calcio Cloruro,1.0
E.F.44.643,CLORURO DE POTASIO,Calcio Cloruro,1.0
E.F.44.643,DEXTROSA ANHIDRA,Dextrosa,1.0
E.F.44.643,CLORURO DE POTASIO,Calcio Cloruro,1.0
E.F.44.643,DEXTROSA ANHIDRA,Dextrosa,1.0
E.F.44.643,CLORURO DE SODIO,Calcio Cloruro,1.0
E.F.44.643,GLUCONATO DE ZINC,Zinc,1.0
E.F.44.643,CLORURO DE SODIO,Calcio Cloruro,1.0
E.F.44.643,GLUCONATO DE ZINC,Zinc,1.0
E.F.44.644,CABOZANTINIB,Cabozantinib,1.0
E.F.44.645,CABOZANTINIB,Cabozantinib,1.0
E.F.44.646,PARACETAMOL,Paracetamol,1.0
E.F.44.648,VALSARTAN,Valsartan,1.0
E.F.44.650,SULFATO DE HIDROXICLOROQUINA,Hidroxicloroquina,1.0
E.F.44.651,ARIPIPRAZOL,Aripiprazol,1.0
E.F.44.652,PARACETAMOL,Paracetamol,1.0
E.F.44.653,PARACETAMOL,Paracetamol,1.0
E.F.44.658,CEFTRIAXONA SODICA,Ceftriaxona,1.0
E.F.44.659,MEROPENEM,Meropenem,1.0
E.F.44.663,FUMARATO DE BISOPROLOL,Bisoprolol,1.0
E.F.44.664,EMPAGLIFLOZINA,Empagliflozina,1.0
E.F.44.665,EMPAGLIFLOZINA,Empagliflozina,1.0
E.F.44.666,MEROPENEM,Meropenem,1.0
E.F.44.670,CARFILZOMIB,Carfilzomib,1.0
E.F.44.674,AMOXICILINA TRIHIDRATO,Amoxicilina,1.0
E.F.44.674,CLAVULANATO DE POTASIO,Clavulanato Potasio,1.0
E.F.44.675,AZELASTINA CLORHIDRATO,Azelastina,1.0
E.F.44.676,DORZOLAMIDA CLORHIDRATO,Dorzolamida,1.0
E.F.44.677,PARACETAMOL,Paracetamol,1.0
E.F.44.678,MOXIFLOXACINO CLORHIDRATO,Moxifloxacino,1.0
E.F.44.680,ACETAMINOFEN,Acetaminofen,1.0
E.F.44.681,ACETAMINOFEN,Acetaminofen,1.0
E.F.44.682,CLORURO DE CETILPIRIDINIO,Cetilpiridinio Cloruro,1.0
E.F.44.682,BENCIDAMINA CLORHIDRATO,Bencidamina,1.0
E.F.44.683,ALPRAZOLAM,Alprazolam,1.0
E.F.44.687,FENTANILO,Fentanilo,1.0
E.F.44.689,DORZOLAMIDA CLORHIDRATO,Dorzolamida,1.0
E.F.44.689,TIMOLOL MALEATO,Timolol,1.0
E.F.44.689,BRIMONIDINA TARTRATO,Brimonidina,1.0
E.F.44.695,DORZOLAMIDA CLORHIDRATO,Dorzolamida,1.0
E.F.44.695,TIMOLOL MALEATO,Timolol,1.0
E.F.44.696,SITAGLIPTINA FOSFATO MONOHIDRATADO,Sitagliptina,1.0
E.F.44.696,METFORMINA CLORHIDRATO,Metformina,1.0
E.F.44.701,MOMETASONA FUROATO,Mometasona Furoato,1.0
E.F.44.702,AZELASTINA CLORHIDRATO,Azelastina,1.0
E.F.44.702,MOMETASONA FUROATO,Mometasona Furoato,1.0
E.F.44.704,ESOMEPRAZOL MAGNESIO TRIHIDRATO,Esomeprazol Magnesio Trihidrato,1.0
E.F.44.704,ESOMEPRAZOL SODICO,Esomeprazol,1.0
E.F.44.705,CLORFENIRAMINA MALEATO,Clorfeniramina,1.0
E.F.44.705,CAFEINA,Cafeina,1.0
E.F.44.705,ACETAMINOFEN,Acetaminofen,1.0
E.F.44.705,ACETAMINOFEN,Acetaminofen,1.0
E.F.44.706,MOMETASONA FUROATO,Mometasona Furoato,1.0
E.F.44.707,AMIKACINA,Amikacina,1.0
E.F.44.708,AMIKACINA,Amikacina,1.0
E.F.44.709,LEVOFLOXACINA HEMIHIDRATO,Levofloxacino,0.923
E.F.44.711,QUETIAPINA,Quetiapina,1.0
E.F.44.712,NEBIVOLOL CLORHIDRATO,Nebivolol,1.0
E.F.44.714,ACETAMINOFEN DC 90%,(+)-tetrabenazina,nan
E.F.44.714,ACETAMINOFEN DC 90%,(+)-tetrabenazina,nan
E.F.44.715,LEVOFLOXACINA HEMIHIDRATO,Levofloxacino,0.923
E.F.44.716,FLUCONAZOL,Fluconazol,1.0
E.F.44.717,BISOPROLOL FUMARATO,Bisoprolol,1.0
E.F.44.717,PERINDOPRIL,Perindopril,1.0
E.F.44.718,LEVOFLOXACINA HEMIHIDRATO,Levofloxacino,0.923
E.F.44.720,TRAMADOL CLORHIDRATO,Tramadol,1.0
E.F.44.721,PERINDOPRIL,Perindopril,1.0
E.F.44.721,BISOPROLOL FUMARATO,Bisoprolol,1.0
E.F.44.722,SEVOFLURANO,Sevoflurano,1.0
E.F.44.723,NEBIVOLOL CLORHIDRATO,Nebivolol,1.0
E.F.44.724,NEBIVOLOL CLORHIDRATO,Nebivolol,1.0
E.F.44.725,BISACODILO,Bisacodilo,1.0
E.F.44.731,OXCARBAZEPINA,Oxcarbazepina,1.0
E.F.44.732,PERINDOPRIL,Perindopril,1.0
E.F.44.732,BISOPROLOL FUMARATO,Bisoprolol,1.0
E.F.44.733,CLORFENIRAMINA MALEATO,Clorfeniramina,1.0
E.F.44.734,SACUBITRILO SODICO,Sacubitrilo,1.0
E.F.44.734,VALSARTAN,Valsartan,1.0
E.F.44.735,SACUBITRILO SODICO,Sacubitrilo,1.0
E.F.44.735,VALSARTAN,Valsartan,1.0
E.F.44.736,TOBRAMICINA SULFATO,Tobramicina,1.0
E.F.44.737,ACETAMINOFEN,Acetaminofen,1.0
E.F.44.738,GLIBENCLAMIDA,Glibenclamida,1.0
E.F.44.743,DEXAMETASONA FOSFATO SODICO,Dexametasona,1.0
E.F.44.744,ATENOLOL,Atenolol,1.0
E.F.44.746,CIPROFLOXACINO CLORHIDRATO,Ciprofloxacino,1.0
E.F.44.746,HIDROCORTISONA,Hidrocortisona,1.0
E.F.44.748,METFORMINA CLORHIDRATO,Metformina,1.0
E.F.44.748,SITAGLIPTINA CLORHIDRATO,Sitagliptina,1.0
E.F.44.749,METFORMINA CLORHIDRATO,Metformina,1.0
E.F.44.749,SITAGLIPTINA CLORHIDRATO,Sitagliptina,1.0
E.F.44.751,DICLOFENACO POTASICO,Diclofenaco,1.0
E.F.44.752,DEXTROSA ANHIDRA,Dextrosa,1.0
E.F.44.752,CLORURO DE SODIO,Calcio Cloruro,1.0
E.F.44.752,GLUCONATO DE ZINC,Zinc,1.0
E.F.44.753,CITRATO DE TAMOXIFENO,Tamoxifeno,1.0
E.F.44.756,ESOMEPRAZOL MAGNESIO TRIHIDRATO,Esomeprazol Magnesio Trihidrato,1.0
E.F.44.758,EPIRUBICINA CLORHIDRATO,Epirubicina,1.0
E.F.44.759,ISOFLURANO,Isoflurano,1.0
E.F.44.760,DIOSMINA,Diosmina,1.0
E.F.44.760,HESPERIDINA,Hesperidina,1.0
E.F.44.761,GLICERINA,Glicerina,1.0
E.F.44.762,GLICERINA,Glicerina,1.0
E.F.44.763,GLICERINA,Glicerina,1.0
E.F.5.347,VITAMINA E,Vitamina A,1.0
E.F.5.708,TIROTRICINA,Tirotricina,1.0
E.F.537,MENTOL,Mentol,1.0
E.F.6.025,CIANOCOBALAMINA,Cianocobalamina,1.0
E.F.6.362,BROMURO DE PIRIDOSTIGMINA,Piridostigmina Bromuro,1.0
E.F.6.400,OXIDO DE ZINC,Zinc Oxido,1.0
E.F.6.509,NITROFURAZONA,Nitrofurazona,1.0
E.F.8.381,NITROFURAZONA,Nitrofurazona,1.0
E.F.8.516,DIPIRONA,Dipirona,1.0
E.F.8.539,DIPIRONA,Dipirona,1.0
E.F.8.820,DIPIRONA,Dipirona,1.0
E.F.8.936,FENILBUTAZONA,Fenilbutazona,1.0
E.F.8.976,TRIAMCINOLONA,Triamcinolona,1.0
E.F.9.014,ACIDO ACETILSALICILICO,Acetilsalicilico Acido,1.0
E.F.9.014,ACIDO CITRICO,Citrico Acido,1.0
E.F.9.031,DEXTROMETORFANO,Dextrometorfano,1.0
E.F.9.166,HIDROCORTISONA,Hidrocortisona,1.0
E.F.9.191,LIDOCAINA,Lidocaina,1.0
E.F.9.441,CLORPROMAZINA,Clorpromazina,1.0
E.F.9.525,DEXAMETASONA FOSFATO SÓDICO,Dexametasona,1.0
E.F.9.526,DEXAMETASONA FOSFATO SÓDICO,Dexametasona,1.0
E.F.9.571,METILPREDNISOLONA,Metilprednisolona,1.0
E.F.9.675,LEVOMEPROMAZINA,Levomepromazina,1.0
E.F.9.687,CICLOFOSFAMIDA,Ciclofosfamida,1.0
E.F.9.734,COCARBOXILASA,Cocarboxilasa,1.0
E.F.9.764,ACIDO FOLICO,Folico Acido,1.0
E.F.9.779,PREDNISONA,Prednisona,1.0
E.F.9.794,TRIAMCINOLONA,Triamcinolona,1.0
E.F.9.844,CIANOCOBALAMINA,Cianocobalamina,1.0
E.F.9.844,NIACINAMIDA,Niacinamida,1.0
E.F.9.889,TETRACICLINA,Tetraciclina,1.0
E.F.9.926,CIANOCOBALAMINA,Cianocobalamina,1.0
E.F.9.953,ACETAMINOFEN,Acetaminofen,1.0
E.F.9.954,ACETAMINOFEN,Acetaminofen,1.0
E.F.G. 37.435,CLORURO DE SODIO,Calcio Cloruro,1.0
E.F.G. 37.446,ACETAMINOFEN,Acetaminofen,1.0
E.F.G. 37.498,GLIMEPIRIDA,Glimepirida,1.0
E.F.G.1.138,CLORURO DE SODIO,Calcio Cloruro,1.0
E.F.G.1.645,BACITRACINA,Bacitracina,1.0
E.F.G.11.489,CIANOCOBALAMINA,Cianocobalamina,1.0
E.F.G.11.489,CLORHIDRATO DE PIRIDOXINA,Piridoxina,1.0
E.F.G.11.489,CLORHIDRATO DE TIAMINA,Tiamina,1.0
E.F.G.11.489,NICOTINAMIDA,Nicotinamida,1.0
E.F.G.11.992,ACIDO FOLICO,Folico Acido,1.0
E.F.G.12.419,PREDNISONA,Prednisona,1.0
E.F.G.15.879,MANITOL,Manitol,1.0
E.F.G.16.292,MANITOL,Manitol,1.0
E.F.G.16.836,DIAZEPAM,Diazepam,1.0
E.F.G.16.986,AMPICILINA,Ampicilina,1.0
E.F.G.17.005,AMPICILINA,Ampicilina,1.0
E.F.G.17.150,AMPICILINA,Ampicilina,1.0
E.F.G.17.168,AMPICILINA,Ampicilina,1.0
E.F.G.17.246,AMPICILINA,Ampicilina,1.0
E.F.G.18.959,CEFALEXINA,Cefalexina,1.0
E.F.G.19.117,GENTAMICINA,Gentamicina,1.0
E.F.G.19.207,AMPICILINA,Ampicilina,1.0
E.F.G.2.617,ESTRADIOL,Estradiol,1.0
E.F.G.20.104,AMOXICILINA,Amoxicilina,1.0
E.F.G.20.116,BACITRACINA,Bacitracina,1.0
E.F.G.20.140,BACITRACINA,Bacitracina,1.0
E.F.G.20.201,AMOXICILINA,Amoxicilina,1.0
E.F.G.20.272,DIAZEPAM,Diazepam,1.0
E.F.G.20.295,GENTAMICINA,Gentamicina,1.0
E.F.G.20.296,GENTAMICINA,Gentamicina,1.0
E.F.G.20.308,BACITRACINA,Bacitracina,1.0
E.F.G.20.337,DOXICICLINA,Doxiciclina,1.0
E.F.G.20.340,AMOXICILINA,Amoxicilina,1.0
E.F.G.20.435,RIFAMPICINA,Rifampicina,1.0
E.F.G.20.790,RIFAMPICINA,Rifampicina,1.0
E.F.G.20.831,AMPICILINA,Ampicilina,1.0
E.F.G.21.009,GENTAMICINA,Gentamicina,1.0
E.F.G.21.247,GENTAMICINA,Gentamicina,1.0
E.F.G.21.300,FUROSEMIDA,Furosemida,1.0
E.F.G.21.768,ACIDO ASCORBICO,Ascorbico Acido,1.0
E.F.G.21.897,GENTAMICINA,Gentamicina,1.0
E.F.G.22.033,ACIDO FOLICO,Folico Acido,1.0
E.F.G.22.060,TINIDAZOL,Tinidazol,1.0
E.F.G.22.139,AMPICILINA,Ampicilina,1.0
E.F.G.22.452,CLOTRIMAZOL,Clotrimazol,1.0
E.F.G.22.791,CLOTRIMAZOL,Clotrimazol,1.0
E.F.G.22.808,CLORURO DE SODIO,Calcio Cloruro,1.0
E.F.G.22.867,AMPICILINA,Ampicilina,1.0
E.F.G.22.884,AMPICILINA,Ampicilina,1.0
E.F.G.23.139,AMPICILINA,Ampicilina,1.0
E.F.G.23.140,DIPIRIDAMOL,Dipiridamol,1.0
E.F.G.23.247,AMIKACINA,Amikacina,1.0
E.F.G.23.275,ACETAMINOFEN,Acetaminofen,1.0
E.F.G.23.290,AMIKACINA,Amikacina,1.0
E.F.G.23.405,INDOMETACINA,Indometacina,1.0
E.F.G.23.618,FUROSEMIDA,Furosemida,1.0
E.F.G.23.692,AMOXICILINA,Amoxicilina,1.0
E.F.G.23.715,PROPRANOLOL,Propranolol,1.0
E.F.G.23.716,PROPRANOLOL,Propranolol,1.0
E.F.G.23.717,AMOXICILINA,Amoxicilina,1.0
E.F.G.23.808,PIROXICAM,Piroxicam,1.0
E.F.G.23.844,GENTAMICINA,Gentamicina,1.0
E.F.G.23.852,PIROXICAM,Piroxicam,1.0
E.F.G.23.862,CEFALEXINA,Cefalexina,1.0
E.F.G.23.998,AMPICILINA,Ampicilina,1.0
E.F.G.23.999,AMPICILINA,Ampicilina,1.0
E.F.G.24.030,CLORURO DE SODIO,Calcio Cloruro,1.0
E.F.G.24.173,AMOXICILINA,Amoxicilina,1.0
E.F.G.24.209,CLORURO DE SODIO,Calcio Cloruro,1.0
E.F.G.24.809,AMPICILINA,Ampicilina,1.0
E.F.G.24.815,CARBAMAZEPINA,Carbamazepina,1.0
E.F.G.24.946,AMIKACINA,Amikacina,1.0
E.F.G.24.970,AMPICILINA,Ampicilina,1.0
E.F.G.25.230,KETOCONAZOL,Ketoconazol,1.0
E.F.G.25.466,ACETAMINOFEN,Acetaminofen,1.0
E.F.G.25.475,MEBENDAZOL,Mebendazol,1.0
E.F.G.25.476,MEBENDAZOL,Mebendazol,1.0
E.F.G.25.529,SALBUTAMOL,Salbutamol,1.0
E.F.G.25.639,AMOXICILINA,Amoxicilina,1.0
E.F.G.25.737,CAPTOPRIL,Captopril,1.0
E.F.G.25.738,CAPTOPRIL,Captopril,1.0
E.F.G.25.816,ATENOLOL,Atenolol,1.0
E.F.G.25.817,ATENOLOL,Atenolol,1.0
E.F.G.25.905,ACIDO ASCORBICO,Ascorbico Acido,1.0
E.F.G.25.922,CAPTOPRIL,Captopril,1.0
E.F.G.25.923,CAPTOPRIL,Captopril,1.0
E.F.G.25.924,ACETAMINOFEN,Acetaminofen,1.0
E.F.G.25.925,ACETAMINOFEN,Acetaminofen,1.0
E.F.G.25.926,ACETAMINOFEN,Acetaminofen,1.0
E.F.G.25.934,ACETAMINOFEN,Acetaminofen,1.0
E.F.G.25.977,CAPTOPRIL,Captopril,1.0
E.F.G.25.978,CAPTOPRIL,Captopril,1.0
E.F.G.25.982,ATENOLOL,Atenolol,1.0
E.F.G.25.984,NIFEDIPINA,Nifedipino,0.9
E.F.G.26.028,METOCLOPRAMIDA,Metoclopramida,1.0
E.F.G.26.036,PROPRANOLOL,Propranolol,1.0
E.F.G.26.037,PROPRANOLOL,Propranolol,1.0
E.F.G.26.047,ATENOLOL,Atenolol,1.0
E.F.G.26.069,CLORHIDRATO DE BROMHEXINA,Bromhexina,1.0
E.F.G.26.070,ACICLOVIR,Aciclovir,1.0
E.F.G.26.131,GENTAMICINA,Gentamicina,1.0
E.F.G.26.178,ACICLOVIR,Aciclovir,1.0
E.F.G.26.204,ACETAMINOFEN,Acetaminofen,1.0
E.F.G.26.240,DICLOFENAC SODICO,Diclofenaco,0.909
E.F.G.26.275,GLIBENCLAMIDA,Glibenclamida,1.0
E.F.G.26.276,KETOCONAZOL,Ketoconazol,1.0
E.F.G.26.290,DEXAMETASONA FOSFATO SÓDICO,Dexametasona,1.0
E.F.G.26.296,ACICLOVIR,Aciclovir,1.0
E.F.G.26.314,CEFOTAXIMA,Cefotaxima,1.0
E.F.G.26.315,AMIKACINA,Amikacina,1.0
E.F.G.26.316,AMIKACINA,Amikacina,1.0
E.F.G.26.349,CARBAMAZEPINA,Carbamazepina,1.0
E.F.G.26.356,DEXAMETASONA FOSFATO SÓDICO,Dexametasona,1.0
E.F.G.26.403,METOCLOPRAMIDA,Metoclopramida,1.0
E.F.G.26.416,ENALAPRIL,Enalapril,1.0
E.F.G.26.537,CEFALEXINA,Cefalexina,1.0
E.F.G.26.538,RANITIDINA,Ranitidina,1.0
E.F.G.26.555,ATENOLOL,Atenolol,1.0
E.F.G.26.557,GEMFIBROZILO,Gemfibrozilo,1.0
E.F.G.26.577,RANITIDINA,Ranitidina,1.0
E.F.G.26.619,CEFAZOLINA,Cefazolina,1.0
E.F.G.26.620,CEFAZOLINA,Cefazolina,1.0
E.F.G.26.646,PIROXICAM,Piroxicam,1.0
E.F.G.26.688,ENALAPRIL,Enalapril,1.0
E.F.G.26.689,ENALAPRIL,Enalapril,1.0
E.F.G.26.690,ENALAPRIL,Enalapril,1.0
E.F.G.26.698,IBUPROFENO,Ibuprofeno,1.0
E.F.G.26.712,FENOBARBITAL,Fenobarbital,1.0
E.F.G.26.751,AMIKACINA,Amikacina,1.0
E.F.G.26.752,AMIKACINA,Amikacina,1.0
E.F.G.26.800,IBUPROFENO,Ibuprofeno,1.0
E.F.G.26.803,AMPICILINA,Ampicilina,1.0
E.F.G.26.806,TIOCOLCHICOSIDO,Tiocolchicosido,1.0
E.F.G.26.811,GENTAMICINA,Gentamicina,1.0
E.F.G.26.813,CLOTRIMAZOL,Clotrimazol,1.0
E.F.G.26.817,AMOXICILINA,Amoxicilina,1.0
E.F.G.26.818,DICLOFENAC SODICO,Diclofenaco,0.909
E.F.G.26.824,AMOXICILINA,Amoxicilina,1.0
E.F.G.26.890,IBUPROFENO,Ibuprofeno,1.0
E.F.G.26.891,IBUPROFENO,Ibuprofeno,1.0
E.F.G.26.894,BROMAZEPAM,Bromazepam,1.0
E.F.G.26.948,GENTAMICINA,Gentamicina,1.0
E.F.G.27.020,PENTOXIFILINA,Pentoxifilina,1.0
E.F.G.27.075,CARBAMAZEPINA,Carbamazepina,1.0
E.F.G.27.081,ALBENDAZOL,Albendazol,1.0
E.F.G.27.127,DIGOXINA,Digoxina,1.0
E.F.G.27.150,PREDNISONA,Prednisona,1.0
E.F.G.27.241,CLOTRIMAZOL,Clotrimazol,1.0
E.F.G.27.287,CINNARIZINA,Cinnarizina,1.0
E.F.G.27.356,AMBROXOL,Ambroxol,1.0
E.F.G.27.527,FLUCONAZOL,Fluconazol,1.0
E.F.G.27.529,LORATADINA,Loratadina,1.0
E.F.G.27.532,CEFADROXILO,Cefadroxilo,1.0
E.F.G.27.588,ENALAPRIL,Enalapril,1.0
E.F.G.27.589,ENALAPRIL,Enalapril,1.0
E.F.G.27.590,ENALAPRIL,Enalapril,1.0
E.F.G.27.598,CAPTOPRIL,Captopril,1.0
E.F.G.27.599,CAPTOPRIL,Captopril,1.0
E.F.G.27.624,ALBENDAZOL,Albendazol,1.0
E.F.G.27.688,IBUPROFENO,Ibuprofeno,1.0
E.F.G.27.704,CLINDAMICINA,Clindamicina,1.0
E.F.G.27.734,BROMAZEPAM,Bromazepam,1.0
E.F.G.27.746,BROMAZEPAM,Bromazepam,1.0
E.F.G.27.761,CETIRIZINA,Cetirizina,1.0
E.F.G.27.849,TIOCOLCHICOSIDO,Tiocolchicosido,1.0
E.F.G.27.910,ATENOLOL,Atenolol,1.0
E.F.G.28.103,CEFADROXILO,Cefadroxilo,1.0
E.F.G.28.127,LORATADINA,Loratadina,1.0
E.F.G.28.130,TOBRAMICINA SULFATO,Tobramicina,1.0
E.F.G.28.153,DICLOFENACO POTASICO,Diclofenaco,1.0
E.F.G.28.201,LORATADINA,Loratadina,1.0
E.F.G.28.276,CAPTOPRIL,Captopril,1.0
E.F.G.28.310,CLOTRIMAZOL,Clotrimazol,1.0
E.F.G.28.315,CEFADROXILO,Cefadroxilo,1.0
E.F.G.28.320,FAMOTIDINA,Famotidina,1.0
E.F.G.28.339,FLUCONAZOL,Fluconazol,1.0
E.F.G.28.340,RANITIDINA,Ranitidina,1.0
E.F.G.28.493,AMBROXOL CLORHIDRATO,Ambroxol,1.0
E.F.G.28.507,AMBROXOL,Ambroxol,1.0
E.F.G.28.529,METRONIDAZOL,Metronidazol,1.0
E.F.G.28.549,METRONIDAZOL,Metronidazol,1.0
E.F.G.28.574,CLORURO DE SODIO,Calcio Cloruro,1.0
E.F.G.28.575,FLUCONAZOL,Fluconazol,1.0
E.F.G.28.641,TINIDAZOL,Tinidazol,1.0
E.F.G.28.656,AMOXICILINA,Amoxicilina,1.0
E.F.G.28.668,CLORURO DE SODIO,Calcio Cloruro,1.0
E.F.G.28.705,AMLODIPINA,Amlodipino,0.9
E.F.G.28.740,AZITROMICINA,Azitromicina,1.0
E.F.G.28.751,ALBENDAZOL,Albendazol,1.0
E.F.G.28.772,ISOFLURANO,Isoflurano,1.0
E.F.G.28.779,NIFEDIPINA,Nifedipino,0.9
E.F.G.28.805,AZITROMICINA,Azitromicina,1.0
E.F.G.28.828,KETOPROFENO,Ketoprofeno,1.0
E.F.G.28.860,ALPRAZOLAM,Alprazolam,1.0
E.F.G.28.861,ALPRAZOLAM,Alprazolam,1.0
E.F.G.28.874,LANSOPRAZOL,Lansoprazol,1.0
E.F.G.28.914,DICLOFENACO POTASICO,Diclofenaco,1.0
E.F.G.28.948,FLUOXETINA,Fluoxetina,1.0
E.F.G.28.953,CAPTOPRIL,Captopril,1.0
E.F.G.28.954,CAPTOPRIL,Captopril,1.0
E.F.G.28.957,CARBAMAZEPINA,Carbamazepina,1.0
E.F.G.28.981,FLUOXETINA,Fluoxetina,1.0
E.F.G.28.983,ENALAPRIL,Enalapril,1.0
E.F.G.28091,PIPERACILINA,Piperacilina,1.0
E.F.G.29.017,ALBENDAZOL,Albendazol,1.0
E.F.G.29.122,CLORURO DE SODIO,Calcio Cloruro,1.0
E.F.G.29.141,LORATADINA,Loratadina,1.0
E.F.G.29.144,ENALAPRIL,Enalapril,1.0
E.F.G.29.181,AMBROXOL CLORHIDRATO,Ambroxol,1.0
E.F.G.29.182,AMBROXOL,Ambroxol,1.0
E.F.G.29.193,CETIRIZINA,Cetirizina,1.0
E.F.G.29.236,KETOPROFENO,Ketoprofeno,1.0
E.F.G.29.268,CAPTOPRIL,Captopril,1.0
E.F.G.29.283,DICLOFENAC SODICO,Diclofenaco,0.909
E.F.G.29.387,CAPTOPRIL,Captopril,1.0
E.F.G.29.402,LORATADINA,Loratadina,1.0
E.F.G.29.420,CEFTRIAXONA SODICA,Ceftriaxona,1.0
E.F.G.29.426,CEFTAZIDIMA,Ceftazidima,1.0
E.F.G.29.427,SALBUTAMOL,Salbutamol,1.0
E.F.G.29.458,SIMVASTATINA,Simvastatina,1.0
E.F.G.29.460,CEFOTAXIMA,Cefotaxima,1.0
E.F.G.29.469,LOSARTAN POTASICO,Losartan,1.0
E.F.G.29.486,ATENOLOL,Atenolol,1.0
E.F.G.29.487,VERAPAMIL,Verapamilo,0.9
E.F.G.29.496,VERAPAMIL,Verapamilo,0.9
E.F.G.29.498,ATENOLOL,Atenolol,1.0
E.F.G.29.516,DICLOFENAC SODICO,Diclofenaco,0.909
E.F.G.29.554,FLUCONAZOL,Fluconazol,1.0
E.F.G.29.601,SULFAMETOXAZOL,Sulfametoxazol,1.0
E.F.G.29.601,TRIMETOPRIM,Trimetoprima,0.917
E.F.G.29.634,IBUPROFENO,Ibuprofeno,1.0
E.F.G.29.727,ACETAMINOFEN,Acetaminofen,1.0
E.F.G.29.800,AMBROXOL CLORHIDRATO,Ambroxol,1.0
E.F.G.29.812,LORATADINA,Loratadina,1.0
E.F.G.29.886,METRONIDAZOL,Metronidazol,1.0
E.F.G.29.898,BENCIDAMINA CLORHIDRATO,Bencidamina,1.0
E.F.G.29.911,ACIDO FOLICO,Folico Acido,1.0
E.F.G.29.912,ACIDO FOLICO,Folico Acido,1.0
E.F.G.29.933,ACICLOVIR,Aciclovir,1.0
E.F.G.29.941,ACICLOVIR,Aciclovir,1.0
E.F.G.29.985,PREDNISONA,Prednisona,1.0
E.F.G.3.187,ACIDO FOLICO,Folico Acido,1.0
E.F.G.30.009,AMLODIPINA,Amlodipino,0.9
E.F.G.30.034,LORATADINA,Loratadina,1.0
E.F.G.30.069,IBUPROFENO,Ibuprofeno,1.0
E.F.G.30.098,PENICILINA G,Penicilina G,1.0
E.F.G.30.166,ISOFLURANO,Isoflurano,1.0
E.F.G.30.173,DICLOFENACO POTASICO,Diclofenaco,1.0
E.F.G.30.174,DICLOFENACO POTASICO,Diclofenaco,1.0
E.F.G.30.182,AZITROMICINA,Azitromicina,1.0
E.F.G.30.199,IBUPROFENO,Ibuprofeno,1.0
E.F.G.30.206,AMLODIPINA,Amlodipino,0.9
E.F.G.30.228,ONDANSETRON,Ondansetron,1.0
E.F.G.30.238,FLUCONAZOL,Fluconazol,1.0
E.F.G.30.269,AMLODIPINA,Amlodipino,0.9
E.F.G.30.270,AMLODIPINA,Amlodipino,0.9
E.F.G.30.273,KETOPROFENO,Ketoprofeno,1.0
E.F.G.30.286,IBUPROFENO,Ibuprofeno,1.0
E.F.G.30.289,CAPTOPRIL,Captopril,1.0
E.F.G.30.291,FENOBARBITAL,Fenobarbital,1.0
E.F.G.30.342,ONDANSETRON,Ondansetron,1.0
E.F.G.30.344,ONDANSETRON,Ondansetron,1.0
E.F.G.30.347,ACIDO ASCORBICO,Ascorbico Acido,1.0
E.F.G.30.352,KETOPROFENO,Ketoprofeno,1.0
E.F.G.30.363,KETOTIFENO,Ketotifeno,1.0
E.F.G.30.452,LORATADINA,Loratadina,1.0
E.F.G.30.454,LISINOPRIL,Lisinopril,1.0
E.F.G.30.509,IBUPROFENO,Ibuprofeno,1.0
E.F.G.30.530,MELOXICAM,Meloxicam,1.0
E.F.G.30.557,SIMVASTATINA,Simvastatina,1.0
E.F.G.30.560,LORATADINA,Loratadina,1.0
E.F.G.30.615,AZITROMICINA,Azitromicina,1.0
E.F.G.30.629,BACITRACINA,Bacitracina,1.0
E.F.G.30.644,AMPICILINA,Ampicilina,1.0
E.F.G.30.655,SIMVASTATINA,Simvastatina,1.0
E.F.G.30.706,CEFTRIAXONA,Ceftriaxona,1.0
E.F.G.30.734,BROMAZEPAM,Bromazepam,1.0
E.F.G.30.742,CLORHIDRATO DE VANCOMICINA,Vancomicina,1.0
E.F.G.30.743,SULFATO DE MAGNESIO,Citrato Magnesio,1.0
E.F.G.30.759,BROMAZEPAM,Bromazepam,1.0
E.F.G.30.800,AZITROMICINA,Azitromicina,1.0
E.F.G.30.862,ALBENDAZOL,Albendazol,1.0
E.F.G.30.877,METRONIDAZOL,Metronidazol,1.0
E.F.G.30.893,LORATADINA,Loratadina,1.0
E.F.G.30.896,BROMAZEPAM,Bromazepam,1.0
E.F.G.30.897,BROMAZEPAM,Bromazepam,1.0
E.F.G.30.905,CETIRIZINA DICLORHIDRATO,Cetirizina,1.0
E.F.G.30.910,SULFAMETOXAZOL,Sulfametoxazol,1.0
E.F.G.30.929,RANITIDINA,Ranitidina,1.0
E.F.G.30.941,LORATADINA,Loratadina,1.0
E.F.G.30.953,SECNIDAZOL,Secnidazol Anhidro,1.0
E.F.G.30.961,CEFADROXILO,Cefadroxilo,1.0
E.F.G.30.976,MELOXICAM,Meloxicam,1.0
E.F.G.30.977,MELOXICAM,Meloxicam,1.0
E.F.G.30.996,SALBUTAMOL,Salbutamol,1.0
E.F.G.31.012,METRONIDAZOL,Metronidazol,1.0
E.F.G.31.016,LANSOPRAZOL,Lansoprazol,1.0
E.F.G.31.067,SERTRALINA,Sertralina,1.0
E.F.G.31.108,ACICLOVIR,Aciclovir,1.0
E.F.G.31.111,AMBROXOL CLORHIDRATO,Ambroxol,1.0
E.F.G.31.113,SIMVASTATINA,Simvastatina,1.0
E.F.G.31.120,SALBUTAMOL,Salbutamol,1.0
E.F.G.31.140,CLARITROMICINA,Claritromicina,1.0
E.F.G.31.147,CLOTRIMAZOL,Clotrimazol,1.0
E.F.G.31.148,CETIRIZINA,Cetirizina,1.0
E.F.G.31.178,ACIDO FOLICO,Folico Acido,1.0
E.F.G.31.198,CLARITROMICINA,Claritromicina,1.0
E.F.G.31.205,LOSARTAN POTASICO,Losartan,1.0
E.F.G.31.206,BROMAZEPAM,Bromazepam,1.0
E.F.G.31.207,BROMAZEPAM,Bromazepam,1.0
E.F.G.31.216,CETIRIZINA,Cetirizina,1.0
E.F.G.31.231,CETIRIZINA DICLORHIDRATO,Cetirizina,1.0
E.F.G.31.234,ACETAMINOFEN,Acetaminofen,1.0
E.F.G.31.250,LOSARTAN POTASICO,Losartan,1.0
E.F.G.31.250,HIDROCLOROTIAZIDA,Hidroclorotiazida,1.0
E.F.G.31.252,FAMOTIDINA,Famotidina,1.0
E.F.G.31.254,ACETAMINOFEN,Acetaminofen,1.0
E.F.G.31.259,MELOXICAM,Meloxicam,1.0
E.F.G.31.260,FAMOTIDINA,Famotidina,1.0
E.F.G.31.327,AMOXICILINA,Amoxicilina,1.0
E.F.G.31.344,AMOXICILINA,Amoxicilina,1.0
E.F.G.31.345,CEFADROXILO,Cefadroxilo,1.0
E.F.G.31.346,CEFADROXILO,Cefadroxilo,1.0
E.F.G.31.452,AMIODARONA,Amiodarona,1.0
E.F.G.31.466,CLINDAMICINA,Clindamicina,1.0
E.F.G.31.491,QUINAPRIL,Quinapril,1.0
E.F.G.31.493,QUINAPRIL,Quinapril,1.0
E.F.G.31.533,IBUPROFENO,Ibuprofeno,1.0
E.F.G.31.537,AMBROXOL,Ambroxol,1.0
E.F.G.31.538,AMBROXOL,Ambroxol,1.0
E.F.G.31.545,CIANOCOBALAMINA,Cianocobalamina,1.0
E.F.G.31.560,SECNIDAZOL,Secnidazol Anhidro,1.0
E.F.G.31.564,AZITROMICINA,Azitromicina,1.0
E.F.G.31.574,CIANOCOBALAMINA,Cianocobalamina,1.0
E.F.G.31.580,SIMVASTATINA,Simvastatina,1.0
E.F.G.31.581,SIMVASTATINA,Simvastatina,1.0
E.F.G.31.589,CETIRIZINA,Cetirizina,1.0
E.F.G.31.590,AZITROMICINA DIHIDRATO,Azitromicina,1.0
E.F.G.31.623,VALSARTAN,Valsartan,1.0
E.F.G.31.624,VALSARTAN,Valsartan,1.0
E.F.G.31.636,ACETAMINOFEN,Acetaminofen,1.0
E.F.G.31.663,AMIKACINA,Amikacina,1.0
E.F.G.31.670,AMIKACINA,Amikacina,1.0
E.F.G.31.693,BUDESONIDA,Budesonida,1.0
E.F.G.31.747,CARVEDILOL,Carvedilol,1.0
E.F.G.31.748,CARVEDILOL,Carvedilol,1.0
E.F.G.31.789,SIMVASTATINA,Simvastatina,1.0
E.F.G.31.812,SIMVASTATINA,Simvastatina,1.0
E.F.G.31.826,DEXAMETASONA FOSFATO SÓDICO,Dexametasona,1.0
E.F.G.31.850,IBUPROFENO,Ibuprofeno,1.0
E.F.G.31.884,RANITIDINA,Ranitidina,1.0
E.F.G.31.899,ACIDO FOLICO,Folico Acido,1.0
E.F.G.31.954,LOVASTATINA,Lovastatina,1.0
E.F.G.31.978,CEFUROXIMA,Cefuroxima,1.0
E.F.G.31.981,METOCLOPRAMIDA,Metoclopramida,1.0
E.F.G.31.986,IBUPROFENO,Ibuprofeno,1.0
E.F.G.31.989,MELOXICAM,Meloxicam,1.0
E.F.G.31.991,MELOXICAM,Meloxicam,1.0
E.F.G.32.011,AMOXICILINA,Amoxicilina,1.0
E.F.G.32.016,AMLODIPINA,Amlodipino,0.9
E.F.G.32.022,ACETAMINOFEN,Acetaminofen,1.0
E.F.G.32.029,KETOPROFENO,Ketoprofeno,1.0
E.F.G.32.070,KETOPROFENO,Ketoprofeno,1.0
E.F.G.32.084,METRONIDAZOL,Metronidazol,1.0
E.F.G.32.087,AMOXICILINA,Amoxicilina,1.0
E.F.G.32.088,AMOXICILINA,Amoxicilina,1.0
E.F.G.32.115,FENTANILO,Fentanilo,1.0
E.F.G.32.131,ACIDO ALENDRONICO,Alendronico Acido,1.0
E.F.G.32.144,PARACETAMOL,Paracetamol,1.0
E.F.G.32.187,GLIMEPIRIDA,Glimepirida,1.0
E.F.G.32.188,LEVOFLOXACINA,Levofloxacino,0.923
E.F.G.32.194,DEFLAZACORT,Deflazacort,1.0
E.F.G.32.214,CANDESARTAN,Candesartan,1.0
E.F.G.32.256,CLORPROMAZINA,Clorpromazina,1.0
E.F.G.32.266,IBUPROFENO,Ibuprofeno,1.0
E.F.G.32.267,IBUPROFENO,Ibuprofeno,1.0
E.F.G.32.273,ATENOLOL,Atenolol,1.0
E.F.G.32.274,ATENOLOL,Atenolol,1.0
E.F.G.32.296,LORATADINA,Loratadina,1.0
E.F.G.32.299,ENALAPRIL,Enalapril,1.0
E.F.G.32.330,SULFATO DE EFEDRINA,Efedrina,1.0
E.F.G.32.348,AMLODIPINA,Amlodipino,0.9
E.F.G.32.365,FUROSEMIDA,Furosemida,1.0
E.F.G.32.403,AMIODARONA CLORHIDRATO,Amiodarona,1.0
E.F.G.32.406,TRAMADOL CLORHIDRATO,Tramadol,1.0
E.F.G.32.409,ACIDO CLAVULANICO,Clavulanico Acido,1.0
E.F.G.32.409,AMOXICILINA,Amoxicilina,1.0
E.F.G.32.410,DINITRATO DE ISOSORBIDA,Isosorbida Dinitrato,1.0
E.F.G.32.411,BUDESONIDA,Budesonida,1.0
E.F.G.32.426,IBUPROFENO,Ibuprofeno,1.0
E.F.G.32.430,CARBONATO DE LITIO,Litio,1.0
E.F.G.32.451,LAMIVUDINA,Lamivudina,1.0
E.F.G.32.466,SERTRALINA,Sertralina,1.0
E.F.G.32.469,GENTAMICINA,Gentamicina,1.0
E.F.G.32.490,CETIRIZINA,Cetirizina,1.0
E.F.G.32.507,GLICLAZIDA,Gliclazida,1.0
E.F.G.32.515,CLORURO DE SODIO,Calcio Cloruro,1.0
E.F.G.32.517,CLORURO DE SODIO,Calcio Cloruro,1.0
E.F.G.32.518,CLORURO DE SODIO,Calcio Cloruro,1.0
E.F.G.32.521,PROPRANOLOL,Propranolol,1.0
E.F.G.32.522,AMLODIPINA,Amlodipino,0.9
E.F.G.32.537,HALOPERIDOL,Haloperidol,1.0
E.F.G.32.555,FENOBARBITAL,Fenobarbital,1.0
E.F.G.32.566,CLORURO DE SODIO,Calcio Cloruro,1.0
E.F.G.32.569,CLORURO DE POTASIO,Calcio Cloruro,1.0
E.F.G.32.569,CLORURO DE SODIO,Calcio Cloruro,1.0
E.F.G.32.576,CLORURO DE SODIO,Calcio Cloruro,1.0
E.F.G.32.579,CLORURO DE POTASIO,Calcio Cloruro,1.0
E.F.G.32.579,CLORURO DE SODIO,Calcio Cloruro,1.0
E.F.G.32.581,CLORURO DE POTASIO,Calcio Cloruro,1.0
E.F.G.32.613,SILDENAFIL,Sildenafilo,0.909
E.F.G.32.663,MELOXICAM,Meloxicam,1.0
E.F.G.32.690,ATORVASTATINA,Atorvastatina,1.0
E.F.G.32.710,ATORVASTATINA,Atorvastatina,1.0
E.F.G.32.717,SECNIDAZOL,Secnidazol Anhidro,1.0
E.F.G.32.726,IBUPROFENO,Ibuprofeno,1.0
E.F.G.32.763,SECNIDAZOL,Secnidazol Anhidro,1.0
E.F.G.32.764,IBUPROFENO,Ibuprofeno,1.0
E.F.G.32.789,AMOXICILINA TRIHIDRATO,Amoxicilina,1.0
E.F.G.32.799,CLOTRIMAZOL,Clotrimazol,1.0
E.F.G.32.805,DIPIRONA,Dipirona,1.0
E.F.G.32.812,ATORVASTATINA,Atorvastatina,1.0
E.F.G.32.828,IBUPROFENO,Ibuprofeno,1.0
E.F.G.32.841,KETOCONAZOL,Ketoconazol,1.0
E.F.G.32.842,VITAMINA E,Vitamina A,1.0
E.F.G.32.858,DIPIRONA,Dipirona,1.0
E.F.G.32.870,AMPICILINA TRIHIDRATO,Ampicilina,1.0
E.F.G.32.878,GLIMEPIRIDA,Glimepirida,1.0
E.F.G.32.882,PENTOXIFILINA,Pentoxifilina,1.0
E.F.G.32.893,CLOTRIMAZOL,Clotrimazol,1.0
E.F.G.32.934,PREDNISONA,Prednisona,1.0
E.F.G.32.986,ACIDO ACETILSALICILICO,Acetilsalicilico Acido,1.0
E.F.G.32.995,PENICILINA G,Penicilina G,1.0
E.F.G.33.006,DEXAMETASONA FOSFATO SÓDICO,Dexametasona,1.0
E.F.G.33.022,LOSARTAN POTASICO,Losartan,1.0
E.F.G.33.048,MELOXICAM,Meloxicam,1.0
E.F.G.33.059,PREDNISONA,Prednisona,1.0
E.F.G.33.101,KETOPROFENO,Ketoprofeno,1.0
E.F.G.33.159,DIAZEPAM,Diazepam,1.0
E.F.G.33.284,CLORHIDRATO DE PROCAINA,Procaina,1.0
E.F.G.33.285,CLORHIDRATO DE PROCAINA,Procaina,1.0
E.F.G.33.317,VITAMINA C,Vitamina C,1.0
E.F.G.33.347,ACIDO FOLICO,Folico Acido,1.0
E.F.G.33.352,ESPIRONOLACTONA,Espironolactona,1.0
E.F.G.33.361,METRONIDAZOL,Metronidazol,1.0
E.F.G.33.388,FUROSEMIDA,Furosemida,1.0
E.F.G.33.398,CLARITROMICINA,Claritromicina,1.0
E.F.G.33.401,OXITOCINA,Oxitocina,1.0
E.F.G.33.438,FUROSEMIDA,Furosemida,1.0
E.F.G.33.453,CIANOCOBALAMINA,Cianocobalamina,1.0
E.F.G.33.500,ALBENDAZOL,Albendazol,1.0
E.F.G.33.501,GLIBENCLAMIDA,Glibenclamida,1.0
E.F.G.33.539,ACETAMINOFEN,Acetaminofen,1.0
E.F.G.33.559,ACIDO FOLICO,Folico Acido,1.0
E.F.G.33.594,KETOPROFENO,Ketoprofeno,1.0
E.F.G.33.613,CEFTAZIDIMA,Ceftazidima,1.0
E.F.G.33.614,ALBENDAZOL,Albendazol,1.0
E.F.G.33.636,KETOTIFENO,Ketotifeno,1.0
E.F.G.33.637,CELECOXIB,Celecoxib,1.0
E.F.G.33.690,MONTELUKAST,Montelukast,1.0
E.F.G.33.702,AMIKACINA,Amikacina,1.0
E.F.G.33.703,AMIKACINA,Amikacina,1.0
E.F.G.33.712,GLICERINA,Glicerina,1.0
E.F.G.33.713,GLICERINA,Glicerina,1.0
E.F.G.33.723,SECNIDAZOL,Secnidazol Anhidro,1.0
E.F.G.33.735,GLIMEPIRIDA,Glimepirida,1.0
E.F.G.33.785,CEFOTAXIMA,Cefotaxima,1.0
E.F.G.33.817,VALSARTAN,Valsartan,1.0
E.F.G.33.836,OMEPRAZOL SODICO,Omeprazol,1.0
E.F.G.33.865,LOSARTAN POTASICO,Losartan,1.0
E.F.G.33.866,CEFAZOLINA SODICA,Cefazolina,1.0
E.F.G.33.873,DIAZEPAM,Diazepam,1.0
E.F.G.33.895,LIDOCAINA,Lidocaina,1.0
E.F.G.33.906,ACETAMINOFEN,Acetaminofen,1.0
E.F.G.33.909,MIDAZOLAM,Midazolam,1.0
E.F.G.33.910,GLIMEPIRIDA,Glimepirida,1.0
E.F.G.33.954,KETOPROFENO,Ketoprofeno,1.0
E.F.G.33.966,PREDNISONA,Prednisona,1.0
E.F.G.33.973,IBUPROFENO,Ibuprofeno,1.0
E.F.G.33.987,ACIDO FOLICO,Folico Acido,1.0
E.F.G.33.992,VALSARTAN,Valsartan,1.0
E.F.G.33.993,ATENOLOL,Atenolol,1.0
E.F.G.34.003,MEPIVACAINA CLORHIDRATO,Mepivacaina,1.0
E.F.G.34.016,MIDAZOLAM,Midazolam,1.0
E.F.G.34.019,CLORPROMAZINA,Clorpromazina,1.0
E.F.G.34.033,CLORTALIDONA,Clortalidona,1.0
E.F.G.34.057,LORATADINA,Loratadina,1.0
E.F.G.34.061,ONDANSETRON,Ondansetron,1.0
E.F.G.34.068,DOBUTAMINA,Dobutamina,1.0
E.F.G.34.069,DOPAMINA,Dopamina,1.0
E.F.G.34.084,CLOPIDOGREL,Clopidogrel,1.0
E.F.G.34.122,ALBENDAZOL,Albendazol,1.0
E.F.G.34.133,IRINOTECAN,Irinotecan,1.0
E.F.G.34.148,ACETAZOLAMIDA,Acetazolamida,1.0
E.F.G.34.155,PENTOXIFILINA,Pentoxifilina,1.0
E.F.G.34.160,CLAVULANATO DE POTASIO,Clavulanato Potasio,1.0
E.F.G.34.160,AMOXICILINA TRIHIDRATO,Amoxicilina,1.0
E.F.G.34.180,ACICLOVIR,Aciclovir,1.0
E.F.G.34.202,MEROPENEM,Meropenem,1.0
E.F.G.34.203,AMPICILINA,Ampicilina,1.0
E.F.G.34.206,AMOXICILINA,Amoxicilina,1.0
E.F.G.34.228,CEFEPIMA,Cefepima,1.0
E.F.G.34.250,VITAMINA C,Vitamina C,1.0
E.F.G.34.250,VITAMINA E,Vitamina A,1.0
E.F.G.34.262,KETOCONAZOL,Ketoconazol,1.0
E.F.G.34.265,LOSARTAN POTASICO,Losartan,1.0
E.F.G.34.267,GLIBENCLAMIDA,Glibenclamida,1.0
E.F.G.34.295,CAPTOPRIL,Captopril,1.0
E.F.G.34.296,CAPTOPRIL,Captopril,1.0
E.F.G.34.300,ENALAPRIL,Enalapril,1.0
E.F.G.34.311,CEFAZOLINA,Cefazolina,1.0
E.F.G.34.338,ACIDO FOLICO,Folico Acido,1.0
E.F.G.34.341,AZITROMICINA,Azitromicina,1.0
E.F.G.34.347,FLUCONAZOL,Fluconazol,1.0
E.F.G.34.364,CLORURO DE SODIO,Calcio Cloruro,1.0
E.F.G.34.365,MEROPENEM,Meropenem,1.0
E.F.G.34.366,MEROPENEM,Meropenem,1.0
E.F.G.34.370,KETOPROFENO,Ketoprofeno,1.0
E.F.G.34.383,CEFEPIMA,Cefepima,1.0
E.F.G.34.416,CLINDAMICINA,Clindamicina,1.0
E.F.G.34.428,RANITIDINA,Ranitidina,1.0
E.F.G.34.436,CLORHIDRATO DE BUPIVACAINA,Bupivacaina,1.0
E.F.G.34.437,NITROFURAZONA,Nitrofurazona,1.0
E.F.G.34.438,BITARTRATO DE NOREPINEFRINA,Norepinefrina Bitartrato,1.0
E.F.G.34.453,TIOCOLCHICOSIDO,Tiocolchicosido,1.0
E.F.G.34.458,SILDENAFIL,Sildenafilo,0.909
E.F.G.34.468,IBUPROFENO,Ibuprofeno,1.0
E.F.G.34.502,PANTOPRAZOL,Pantoprazol,1.0
E.F.G.34.507,METRONIDAZOL,Metronidazol,1.0
E.F.G.34.511,LORATADINA,Loratadina,1.0
E.F.G.34.528,NIFEDIPINA,Nifedipino,0.9
E.F.G.34.541,AMPICILINA,Ampicilina,1.0
E.F.G.34.552,METRONIDAZOL,Metronidazol,1.0
E.F.G.34.567,SILDENAFIL,Sildenafilo,0.909
E.F.G.34.622,DOPAMINA,Dopamina,1.0
E.F.G.34.624,LORATADINA,Loratadina,1.0
E.F.G.34.631,FITOMENADIONA,Fitomenadiona,1.0
E.F.G.34.639,SECNIDAZOL,Secnidazol Anhidro,1.0
E.F.G.34.643,AZITROMICINA,Azitromicina,1.0
E.F.G.34.666,RISPERIDONA,Risperidona,1.0
E.F.G.34.673,METRONIDAZOL,Metronidazol,1.0
E.F.G.34.685,VANCOMICINA,Vancomicina,1.0
E.F.G.34.689,CLOTRIMAZOL,Clotrimazol,1.0
E.F.G.34.692,FLUCONAZOL,Fluconazol,1.0
E.F.G.34.695,LORATADINA,Loratadina,1.0
E.F.G.34.704,VANCOMICINA,Vancomicina,1.0
E.F.G.34.711,GENTAMICINA,Gentamicina,1.0
E.F.G.34.742,VINBLASTINA,Vinblastina,1.0
E.F.G.34.745,ADRENALINA,Adrenalina,1.0
E.F.G.34.771,IBUPROFENO,Ibuprofeno,1.0
E.F.G.34.772,CLOTRIMAZOL,Clotrimazol,1.0
E.F.G.34.774,CLOPIDOGREL,Clopidogrel,1.0
E.F.G.34.778,MONTELUKAST,Montelukast,1.0
E.F.G.34.793,NAPROXENO,Naproxeno,1.0
E.F.G.34.794,HALOPERIDOL,Haloperidol,1.0
E.F.G.34.795,ACETAMINOFEN,Acetaminofen,1.0
E.F.G.34.800,AZITROMICINA,Azitromicina,1.0
E.F.G.34.803,IBUPROFENO,Ibuprofeno,1.0
E.F.G.34.822,VANCOMICINA,Vancomicina,1.0
E.F.G.34.824,ENALAPRIL,Enalapril,1.0
E.F.G.34.825,LANSOPRAZOL,Lansoprazol,1.0
E.F.G.34.828,ACETAMINOFEN,Acetaminofen,1.0
E.F.G.34.833,FUROSEMIDA,Furosemida,1.0
E.F.G.34.835,VANCOMICINA,Vancomicina,1.0
E.F.G.34.836,PREDNISONA,Prednisona,1.0
E.F.G.34.849,AMBROXOL CLORHIDRATO,Ambroxol,1.0
E.F.G.34.853,AMBROXOL CLORHIDRATO,Ambroxol,1.0
E.F.G.34.860,CEFOTAXIMA,Cefotaxima,1.0
E.F.G.34.869,ACETAMINOFEN,Acetaminofen,1.0
E.F.G.34.873,ENALAPRIL,Enalapril,1.0
E.F.G.34.920,HIDROCORTISONA,Hidrocortisona,1.0
E.F.G.34.921,AZTREONAM,Aztreonam,1.0
E.F.G.34.964,ACIDO FOLICO,Folico Acido,1.0
E.F.G.34.965,DICLOFENACO POTASICO,Diclofenaco,1.0
E.F.G.34.979,LOSARTAN POTASICO,Losartan,1.0
E.F.G.34.981,GABAPENTINA,Gabapentina,1.0
E.F.G.34.982,GABAPENTINA,Gabapentina,1.0
E.F.G.34.999,ESOMEPRAZOL MAGNESICO TRIHIDRATO,Esomeprazol Magnesico,1.0
E.F.G.35.001,IBUPROFENO,Ibuprofeno,1.0
E.F.G.35.002,AMOXICILINA,Amoxicilina,1.0
E.F.G.35.003,ACETAMINOFEN,Acetaminofen,1.0
E.F.G.35.004,SIMVASTATINA,Simvastatina,1.0
E.F.G.35.006,CANDESARTAN,Candesartan,1.0
E.F.G.35.007,CANDESARTAN,Candesartan,1.0
E.F.G.35.008,LOSARTAN POTASICO,Losartan,1.0
E.F.G.35.009,CEFEPIMA,Cefepima,1.0
E.F.G.35.012,AMOXICILINA,Amoxicilina,1.0
E.F.G.35.015,SILDENAFIL,Sildenafilo,0.909
E.F.G.35.016,SILDENAFIL,Sildenafilo,0.909
E.F.G.35.018,CETIRIZINA,Cetirizina,1.0
E.F.G.35.019,KETOPROFENO,Ketoprofeno,1.0
E.F.G.35.027,ALBENDAZOL,Albendazol,1.0
E.F.G.35.028,LOVASTATINA,Lovastatina,1.0
E.F.G.35.030,IBUPROFENO,Ibuprofeno,1.0
E.F.G.35.031,KETOCONAZOL,Ketoconazol,1.0
E.F.G.35.042,CEFOTAXIMA,Cefotaxima,1.0
E.F.G.35.044,OXALIPLATINO,Oxaliplatino,1.0
E.F.G.35.046,MIDAZOLAM,Midazolam,1.0
E.F.G.35.063,AMPICILINA,Ampicilina,1.0
E.F.G.35.065,SULBACTAM,Sulbactam,1.0
E.F.G.35.065,AMPICILINA,Ampicilina,1.0
E.F.G.35.091,AMOXICILINA,Amoxicilina,1.0
E.F.G.35.095,NEVIRAPINA,Nevirapina,1.0
E.F.G.35.130,ESOMEPRAZOL MAGNESICO TRIHIDRATO,Esomeprazol Magnesico,1.0
E.F.G.35.155,AMBROXOL CLORHIDRATO,Ambroxol,1.0
E.F.G.35.161,RIFAMPICINA,Rifampicina,1.0
E.F.G.35.171,AMBROXOL CLORHIDRATO,Ambroxol,1.0
E.F.G.35.183,HIDROCLOROTIAZIDA,Hidroclorotiazida,1.0
E.F.G.35.183,LOSARTAN POTASICO,Losartan,1.0
E.F.G.35.185,MONTELUKAST,Montelukast,1.0
E.F.G.35.191,DESLORATADINA,Desloratadina,1.0
E.F.G.35.192,CLOTRIMAZOL,Clotrimazol,1.0
E.F.G.35.215,AZITROMICINA,Azitromicina,1.0
E.F.G.35.230,HIDROCORTISONA,Hidrocortisona,1.0
E.F.G.35.266,CITALOPRAM,Citalopram,1.0
E.F.G.35.267,SULFAMETOXAZOL,Sulfametoxazol,1.0
E.F.G.35.269,ACIDO ACETILSALICILICO,Acetilsalicilico Acido,1.0
E.F.G.35.271,CEFOTAXIMA,Cefotaxima,1.0
E.F.G.35.272,CEFTRIAXONA,Ceftriaxona,1.0
E.F.G.35.273,CEFAZOLINA,Cefazolina,1.0
E.F.G.35.274,MOMETASONA FUROATO,Mometasona Furoato,1.0
E.F.G.35.275,CEFEPIMA,Cefepima,1.0
E.F.G.35.277,VITAMINA E,Vitamina A,1.0
E.F.G.35.278,QUINAPRIL,Quinapril,1.0
E.F.G.35.279,QUINAPRIL,Quinapril,1.0
E.F.G.35.285,QUINAPRIL,Quinapril,1.0
E.F.G.35.286,MONTELUKAST,Montelukast,1.0
E.F.G.35.287,IBUPROFENO,Ibuprofeno,1.0
E.F.G.35.298,AZITROMICINA,Azitromicina,1.0
E.F.G.35.300,ACETAMINOFEN,Acetaminofen,1.0
E.F.G.35.303,CEFTRIAXONA,Ceftriaxona,1.0
E.F.G.35.304,CEFALEXINA,Cefalexina,1.0
E.F.G.35.305,ACICLOVIR,Aciclovir,1.0
E.F.G.35.310,CLORFENIRAMINA,Clorfeniramina,1.0
E.F.G.35.314,FLUOXETINA,Fluoxetina,1.0
E.F.G.35.338,ATORVASTATINA,Atorvastatina,1.0
E.F.G.35.339,ATORVASTATINA,Atorvastatina,1.0
E.F.G.35.340,ATORVASTATINA,Atorvastatina,1.0
E.F.G.35.343,LEVOFLOXACINA,Levofloxacino,0.923
E.F.G.35.347,NAPROXENO,Naproxeno,1.0
E.F.G.35.351,KETOPROFENO,Ketoprofeno,1.0
E.F.G.35.358,CLARITROMICINA,Claritromicina,1.0
E.F.G.35.415,ALOPURINOL,Alopurinol,1.0
E.F.G.35.420,RISEDRONATO SODICO,Risedronato Sodio,1.0
E.F.G.35.435,DICLOFENACO POTASICO,Diclofenaco,1.0
E.F.G.35.437,ACICLOVIR,Aciclovir,1.0
E.F.G.35.438,LORATADINA,Loratadina,1.0
E.F.G.35.439,DICLOFENACO POTASICO,Diclofenaco,1.0
E.F.G.35.441,TEOFILINA,Teofilina,1.0
E.F.G.35.442,ENALAPRIL,Enalapril,1.0
E.F.G.35.443,METOCLOPRAMIDA,Metoclopramida,1.0
E.F.G.35.446,MONTELUKAST,Montelukast,1.0
E.F.G.35.447,MONTELUKAST,Montelukast,1.0
E.F.G.35.449,DICLOFENAC SODICO,Diclofenaco,0.909
E.F.G.35.456,ESOMEPRAZOL MAGNESICO TRIHIDRATO,Esomeprazol Magnesico,1.0
E.F.G.35.458,PIROXICAM,Piroxicam,1.0
E.F.G.35.467,SECNIDAZOL,Secnidazol Anhidro,1.0
E.F.G.35.470,ALBENDAZOL,Albendazol,1.0
E.F.G.35.474,CEFEPIMA,Cefepima,1.0
E.F.G.35.486,DESLORATADINA,Desloratadina,1.0
E.F.G.35.511,MONTELUKAST,Montelukast,1.0
E.F.G.35.517,METILDOPA,Metildopa,1.0
E.F.G.35.526,HIDROCLOROTIAZIDA,Hidroclorotiazida,1.0
E.F.G.35.526,VALSARTAN,Valsartan,1.0
E.F.G.35.570,IVERMECTINA,Ivermectina,1.0
E.F.G.35.571,CARVEDILOL,Carvedilol,1.0
E.F.G.35.572,CARVEDILOL,Carvedilol,1.0
E.F.G.35.615,IBUPROFENO,Ibuprofeno,1.0
E.F.G.35.646,CLOPIDOGREL,Clopidogrel,1.0
E.F.G.35.648,LOSARTAN POTASICO,Losartan,1.0
E.F.G.35.660,AMITRIPTILINA,Amitriptilina,1.0
E.F.G.35.664,HIDROCLOROTIAZIDA,Hidroclorotiazida,1.0
E.F.G.35.664,VALSARTAN,Valsartan,1.0
E.F.G.35.687,AMOXICILINA,Amoxicilina,1.0
E.F.G.35.688,DOMPERIDONA,Domperidona,1.0
E.F.G.35.691,CLOPIDOGREL,Clopidogrel,1.0
E.F.G.35.692,DOMPERIDONA,Domperidona,1.0
E.F.G.35.694,QUINAPRIL,Quinapril,1.0
E.F.G.35.704,DIPIRONA,Dipirona,1.0
E.F.G.35.742,CLORURO DE POTASIO,Calcio Cloruro,1.0
E.F.G.35.742,CLORURO DE SODIO,Calcio Cloruro,1.0
E.F.G.35.751,CAPTOPRIL,Captopril,1.0
E.F.G.35.752,RIBAVIRINA,Ribavirina,1.0
E.F.G.35.758,CLOTRIMAZOL,Clotrimazol,1.0
E.F.G.35.760,MIDAZOLAM,Midazolam,1.0
E.F.G.35.790,CLORHIDRATO DE DIFENHIDRAMINA,Difenhidramina,1.0
E.F.G.35.819,CINNARIZINA,Cinnarizina,1.0
E.F.G.35.827,ALBENDAZOL,Albendazol,1.0
E.F.G.35.831,CARVEDILOL,Carvedilol,1.0
E.F.G.35.847,ESOMEPRAZOL MAGNESICO TRIHIDRATO,Esomeprazol Magnesico,1.0
E.F.G.35.848,ACIDO FOLICO,Folico Acido,1.0
E.F.G.35.889,FENITOINA,Fenitoina,1.0
E.F.G.35.890,CLORURO DE SODIO,Calcio Cloruro,1.0
E.F.G.35.892,CLORURO DE POTASIO,Calcio Cloruro,1.0
E.F.G.35.892,CLORURO DE SODIO,Calcio Cloruro,1.0
E.F.G.35.902,MONTELUKAST,Montelukast,1.0
E.F.G.35.907,SECNIDAZOL,Secnidazol Anhidro,1.0
E.F.G.35.908,IRBESARTAN,Irbesartan,1.0
E.F.G.35.909,ATORVASTATINA,Atorvastatina,1.0
E.F.G.35.911,ATORVASTATINA,Atorvastatina,1.0
E.F.G.35.914,SILDENAFIL,Sildenafilo,0.909
E.F.G.35.920,LEVOFLOXACINA,Levofloxacino,0.923
E.F.G.35.921,DIPIRONA,Dipirona,1.0
E.F.G.35.984,CIPROFLOXACINO,Ciprofloxacino,1.0
E.F.G.35.985,CLORURO DE SODIO,Calcio Cloruro,1.0
E.F.G.35.987,CETIRIZINA,Cetirizina,1.0
E.F.G.36.001,AZITROMICINA,Azitromicina,1.0
E.F.G.36.008,ACIDO ASCORBICO,Ascorbico Acido,1.0
E.F.G.36.024,ORLISTAT,Orlistat,1.0
E.F.G.36.039,ACIDO FOLICO,Folico Acido,1.0
E.F.G.36.068,IRBESARTAN,Irbesartan,1.0
E.F.G.36.073,MEBENDAZOL,Mebendazol,1.0
E.F.G.36.109,HIDROCLOROTIAZIDA,Hidroclorotiazida,1.0
E.F.G.36.109,LOSARTAN POTASICO,Losartan,1.0
E.F.G.36.110,HIDROCLOROTIAZIDA,Hidroclorotiazida,1.0
E.F.G.36.110,LOSARTAN POTASICO,Losartan,1.0
E.F.G.36.122,CLOPIDOGREL,Clopidogrel,1.0
E.F.G.36.124,CLORURO DE SODIO,Calcio Cloruro,1.0
E.F.G.36.125,DEXAMETASONA FOSFATO SÓDICO,Dexametasona,1.0
E.F.G.36.125,CLOTRIMAZOL,Clotrimazol,1.0
E.F.G.36.162,FLUCONAZOL,Fluconazol,1.0
E.F.G.36.163,FEXOFENADINA CLORHIDRATO,Fexofenadina,1.0
E.F.G.36.164,DOMPERIDONA,Domperidona,1.0
E.F.G.36.165,DOMPERIDONA,Domperidona,1.0
E.F.G.36.179,CEFEPIMA,Cefepima,1.0
E.F.G.36.180,FEXOFENADINA,Fexofenadina,1.0
E.F.G.36.182,DIPIRONA,Dipirona,1.0
E.F.G.36.204,IRBESARTAN,Irbesartan,1.0
E.F.G.36.207,GLIMEPIRIDA,Glimepirida,1.0
E.F.G.36.209,ACICLOVIR,Aciclovir,1.0
E.F.G.36.224,ACIDO FOLICO,Folico Acido,1.0
E.F.G.36.226,SERTRALINA,Sertralina,1.0
E.F.G.36.231,AZITROMICINA,Azitromicina,1.0
E.F.G.36.242,CLOBETASOL,Clobetasol,1.0
E.F.G.36.268,DESLORATADINA,Desloratadina,1.0
E.F.G.36.270,ACIDO ALENDRONICO,Alendronico Acido,1.0
E.F.G.36.271,BETAMETASONA,Betametasona,1.0
E.F.G.36.306,GENTAMICINA,Gentamicina,1.0
E.F.G.36.307,FLUCONAZOL,Fluconazol,1.0
E.F.G.36.321,CARVEDILOL,Carvedilol,1.0
E.F.G.36.353,GLIBENCLAMIDA,Glibenclamida,1.0
E.F.G.36.355,KETOROLACO,Ketorolaco,1.0
E.F.G.36.359,DESLORATADINA,Desloratadina,1.0
E.F.G.36.391,METOCLOPRAMIDA,Metoclopramida,1.0
E.F.G.36.396,VALSARTAN,Valsartan,1.0
E.F.G.36.406,PROPOFOL,Propofol,1.0
E.F.G.36.420,DIOSMINA,Diosmina,1.0
E.F.G.36.420,HESPERIDINA,Hesperidina,1.0
E.F.G.36.421,ACETAMINOFEN,Acetaminofen,1.0
E.F.G.36.429,MONTELUKAST,Montelukast,1.0
E.F.G.36.433,LOSARTAN POTASICO,Losartan,1.0
E.F.G.36.433,HIDROCLOROTIAZIDA,Hidroclorotiazida,1.0
E.F.G.36.434,LORATADINA,Loratadina,1.0
E.F.G.36.434,PSEUDOEFEDRINA,Pseudoefedrina,1.0
E.F.G.36.444,ATORVASTATINA,Atorvastatina,1.0
E.F.G.36.483,CINNARIZINA,Cinnarizina,1.0
E.F.G.36.486,MOXIFLOXACINO CLORHIDRATO,Moxifloxacino,1.0
E.F.G.36.488,CAFEINA,Cafeina,1.0
E.F.G.36.488,ACETAMINOFEN,Acetaminofen,1.0
E.F.G.36.492,NITROGLICERINA,Nitroglicerina,1.0
E.F.G.36.495,GENTAMICINA,Gentamicina,1.0
E.F.G.36.497,ACETAMINOFEN,Acetaminofen,1.0
E.F.G.36.523,SIMVASTATINA,Simvastatina,1.0
E.F.G.36.526,KETOPROFENO,Ketoprofeno,1.0
E.F.G.36.529,AMIODARONA,Amiodarona,1.0
E.F.G.36.533,CLOPIDOGREL,Clopidogrel,1.0
E.F.G.36.538,SEVOFLURANO,Sevoflurano,1.0
E.F.G.36.553,DIPIRONA,Dipirona,1.0
E.F.G.36.555,GLICINA,Glicina,1.0
E.F.G.36.574,TOBRAMICINA SULFATO,Tobramicina,1.0
E.F.G.36.586,ATORVASTATINA,Atorvastatina,1.0
E.F.G.36.589,LOSARTAN POTASICO,Losartan,1.0
E.F.G.36.590,LOSARTAN POTASICO,Losartan,1.0
E.F.G.36.591,MONTELUKAST,Montelukast,1.0
E.F.G.36.608,CETIRIZINA,Cetirizina,1.0
E.F.G.36.617,SIMVASTATINA,Simvastatina,1.0
E.F.G.36.618,DESLORATADINA,Desloratadina,1.0
E.F.G.36.623,IRBESARTAN,Irbesartan,1.0
E.F.G.36.623,HIDROCLOROTIAZIDA,Hidroclorotiazida,1.0
E.F.G.36.625,GABAPENTINA,Gabapentina,1.0
E.F.G.36.662,LOSARTAN POTASICO,Losartan,1.0
E.F.G.36.663,MONTELUKAST,Montelukast,1.0
E.F.G.36.664,CARVEDILOL,Carvedilol,1.0
E.F.G.36.670,CEFUROXIMA,Cefuroxima,1.0
E.F.G.36.676,TAMSULOSINA,Tamsulosina,1.0
E.F.G.36.687,FUROSEMIDA,Furosemida,1.0
E.F.G.36.688,DOXAZOSINA,Doxazosina,1.0
E.F.G.36.689,AZITROMICINA,Azitromicina,1.0
E.F.G.36.703,ACIDO ASCORBICO,Ascorbico Acido,1.0
E.F.G.36.710,IFOSFAMIDA,Ifosfamida,1.0
E.F.G.36.711,METOTREXATO,Metotrexato,1.0
E.F.G.36.717,PACLITAXEL,Paclitaxel,1.0
E.F.G.36.718,PACLITAXEL,Paclitaxel,1.0
E.F.G.36.719,PACLITAXEL,Paclitaxel,1.0
E.F.G.36.720,PACLITAXEL,Paclitaxel,1.0
E.F.G.36.724,OXALIPLATINO,Oxaliplatino,1.0
E.F.G.36.728,AMBROXOL CLORHIDRATO,Ambroxol,1.0
E.F.G.36.729,BACITRACINA,Bacitracina,1.0
E.F.G.36.730,DICLOFENAC SODICO,Diclofenaco,0.909
E.F.G.36.731,ACETAMINOFEN,Acetaminofen,1.0
E.F.G.36.732,ACIDO ASCORBICO,Ascorbico Acido,1.0
E.F.G.36.734,MEPIVACAINA,Mepivacaina,1.0
E.F.G.36.739,DOCETAXEL,Docetaxel,1.0
E.F.G.36.740,DOCETAXEL,Docetaxel,1.0
E.F.G.36.748,ACICLOVIR,Aciclovir,1.0
E.F.G.36.761,LISINOPRIL,Lisinopril,1.0
E.F.G.36.796,AMIKACINA,Amikacina,1.0
E.F.G.36.799,CEFALEXINA,Cefalexina,1.0
E.F.G.36.800,AMOXICILINA,Amoxicilina,1.0
E.F.G.36.801,CEFTRIAXONA,Ceftriaxona,1.0
E.F.G.36.803,DICLOFENAC SODICO,Diclofenaco,0.909
E.F.G.36.804,LISINOPRIL,Lisinopril,1.0
E.F.G.36.805,CARVEDILOL,Carvedilol,1.0
E.F.G.36.808,ACIDO ALENDRONICO,Alendronico Acido,1.0
E.F.G.36.809,ACIDO ALENDRONICO,Alendronico Acido,1.0
E.F.G.36.810,GLIBENCLAMIDA,Glibenclamida,1.0
E.F.G.36.811,METOCLOPRAMIDA,Metoclopramida,1.0
E.F.G.36.812,MELOXICAM,Meloxicam,1.0
E.F.G.36.813,MELOXICAM,Meloxicam,1.0
E.F.G.36.814,ENALAPRIL,Enalapril,1.0
E.F.G.36.817,ATORVASTATINA,Atorvastatina,1.0
E.F.G.36.818,GABAPENTINA,Gabapentina,1.0
E.F.G.36.820,SERTRALINA,Sertralina,1.0
E.F.G.36.821,SERTRALINA,Sertralina,1.0
E.F.G.36.838,CARBAMAZEPINA,Carbamazepina,1.0
E.F.G.36.849,ACICLOVIR,Aciclovir,1.0
E.F.G.36.880,METOCLOPRAMIDA,Metoclopramida,1.0
E.F.G.36.881,CLOTRIMAZOL,Clotrimazol,1.0
E.F.G.36.882,CLOTRIMAZOL,Clotrimazol,1.0
E.F.G.36.883,ESOMEPRAZOL MAGNESICO TRIHIDRATO,Esomeprazol Magnesico,1.0
E.F.G.36.884,FEXOFENADINA,Fexofenadina,1.0
E.F.G.36.885,CLOPIDOGREL,Clopidogrel,1.0
E.F.G.36.887,ACIDO FOLICO,Folico Acido,1.0
E.F.G.36.891,HIDROCLOROTIAZIDA,Hidroclorotiazida,1.0
E.F.G.36.891,BISOPROLOL FUMARATO,Bisoprolol,1.0
E.F.G.36.892,CARVEDILOL,Carvedilol,1.0
E.F.G.36.893,CEFALEXINA,Cefalexina,1.0
E.F.G.36.894,CARBAMAZEPINA,Carbamazepina,1.0
E.F.G.36.896,FEXOFENADINA,Fexofenadina,1.0
E.F.G.36.931,OLANZAPINA,Olanzapina,1.0
E.F.G.36.944,VANCOMICINA,Vancomicina,1.0
E.F.G.36.978,METRONIDAZOL,Metronidazol,1.0
E.F.G.36.981,DIGOXINA,Digoxina,1.0
E.F.G.36.982,DICLOFENACO POTASICO,Diclofenaco,1.0
E.F.G.36.983,DICLOFENACO POTASICO,Diclofenaco,1.0
E.F.G.36.987,ACETAMINOFEN,Acetaminofen,1.0
E.F.G.36.996,LOSARTAN POTASICO,Losartan,1.0
E.F.G.36.996,HIDROCLOROTIAZIDA,Hidroclorotiazida,1.0
E.F.G.36.997,CEFTAZIDIMA,Ceftazidima,1.0
E.F.G.36.998,DESLORATADINA,Desloratadina,1.0
E.F.G.36.999,ACIDO ACETILSALICILICO,Acetilsalicilico Acido,1.0
E.F.G.37.000,ERITROMICINA,Eritromicina,1.0
E.F.G.37.004,FUROSEMIDA,Furosemida,1.0
E.F.G.37.014,CLOPIDOGREL,Clopidogrel,1.0
E.F.G.37.047,TERBINAFINA,Terbinafina,1.0
E.F.G.37.048,DESLORATADINA,Desloratadina,1.0
E.F.G.37.049,DOMPERIDONA,Domperidona,1.0
E.F.G.37.051,RANITIDINA,Ranitidina,1.0
E.F.G.37.054,LORATADINA,Loratadina,1.0
E.F.G.37.055,CLORURO DE POTASIO,Calcio Cloruro,1.0
E.F.G.37.056,ACIDO ACETILSALICILICO,Acetilsalicilico Acido,1.0
E.F.G.37.057,MOMETASONA FUROATO,Mometasona Furoato,1.0
E.F.G.37.058,RAMIPRIL,Ramipril,1.0
E.F.G.37.059,RAMIPRIL,Ramipril,1.0
E.F.G.37.060,ACIDO ACETILSALICILICO,Acetilsalicilico Acido,1.0
E.F.G.37.061,SECNIDAZOL,Secnidazol Anhidro,1.0
E.F.G.37.062,METRONIDAZOL,Metronidazol,1.0
E.F.G.37.063,MONTELUKAST,Montelukast,1.0
E.F.G.37.064,CEFEPIMA,Cefepima,1.0
E.F.G.37.079,SIMVASTATINA,Simvastatina,1.0
E.F.G.37.080,SIMVASTATINA,Simvastatina,1.0
E.F.G.37.082,AMOXICILINA,Amoxicilina,1.0
E.F.G.37.086,TIOCOLCHICOSIDO,Tiocolchicosido,1.0
E.F.G.37.091,CLORURO DE SODIO,Calcio Cloruro,1.0
E.F.G.37.094,AMBROXOL CLORHIDRATO,Ambroxol,1.0
E.F.G.37.095,ACETAMINOFEN,Acetaminofen,1.0
E.F.G.37.099,SIMVASTATINA,Simvastatina,1.0
E.F.G.37.100,PIROXICAM,Piroxicam,1.0
E.F.G.37.104,TIAMINA,Tiamina,1.0
E.F.G.37.148,MOXIFLOXACINO CLORHIDRATO,Moxifloxacino,1.0
E.F.G.37.149,ACIDO FOLICO,Folico Acido,1.0
E.F.G.37.150,BROMURO DE IPRATROPIO,Bromuro De Ipratropio Monohidratado,1.0
E.F.G.37.151,SALBUTAMOL,Salbutamol,1.0
E.F.G.37.152,BECLOMETASONA DIPROPIONATO,Beclometasona Dipropionato,1.0
E.F.G.37.153,BECLOMETASONA DIPROPIONATO,Beclometasona Dipropionato,1.0
E.F.G.37.154,TETRACICLINA,Tetraciclina,1.0
E.F.G.37.172,DOXAZOSINA,Doxazosina,1.0
E.F.G.37.173,DOXAZOSINA,Doxazosina,1.0
E.F.G.37.174,CLOTRIMAZOL,Clotrimazol,1.0
E.F.G.37.177,ENALAPRIL,Enalapril,1.0
E.F.G.37.181,MEROPENEM,Meropenem,1.0
E.F.G.37.182,MEROPENEM,Meropenem,1.0
E.F.G.37.184,DICLOFENACO POTASICO,Diclofenaco,1.0
E.F.G.37.186,MONTELUKAST,Montelukast,1.0
E.F.G.37.203,BECLOMETASONA,Beclometasona,1.0
E.F.G.37.204,HALOPERIDOL,Haloperidol,1.0
E.F.G.37.234,CLORURO DE POTASIO,Calcio Cloruro,1.0
E.F.G.37.234,CLORURO DE SODIO,Calcio Cloruro,1.0
E.F.G.37.237,CLOPIDOGREL,Clopidogrel,1.0
E.F.G.37.238,SIMVASTATINA,Simvastatina,1.0
E.F.G.37.239,SIMVASTATINA,Simvastatina,1.0
E.F.G.37.255,DEFLAZACORT,Deflazacort,1.0
E.F.G.37.261,GLICERINA,Glicerina,1.0
E.F.G.37.263,ROSUVASTATINA,Rosuvastatina,1.0
E.F.G.37.264,ROSUVASTATINA,Rosuvastatina,1.0
E.F.G.37.265,ROSUVASTATINA,Rosuvastatina,1.0
E.F.G.37.267,CLORURO DE SODIO,Calcio Cloruro,1.0
E.F.G.37.269,AMOXICILINA,Amoxicilina,1.0
E.F.G.37.270,GENTAMICINA,Gentamicina,1.0
E.F.G.37.272,DICLOFENAC SODICO,Diclofenaco,0.909
E.F.G.37.273,PANTOPRAZOL,Pantoprazol,1.0
E.F.G.37.274,PANTOPRAZOL,Pantoprazol,1.0
E.F.G.37.299,LOSARTAN POTASICO,Losartan,1.0
E.F.G.37.300,ACETAMINOFEN,Acetaminofen,1.0
E.F.G.37.301,DICLOFENAC SODICO,Diclofenaco,0.909
E.F.G.37.302,MOXIFLOXACINO CLORHIDRATO,Moxifloxacino,1.0
E.F.G.37.304,FEXOFENADINA CLORHIDRATO,Fexofenadina,1.0
E.F.G.37.306,DEFLAZACORT,Deflazacort,1.0
E.F.G.37.307,HIDROCLOROTIAZIDA,Hidroclorotiazida,1.0
E.F.G.37.307,VALSARTAN,Valsartan,1.0
E.F.G.37.308,MIRTAZAPINA,Mirtazapina,1.0
E.F.G.37.310,VALSARTAN,Valsartan,1.0
E.F.G.37.311,VALSARTAN,Valsartan,1.0
E.F.G.37.312,VALSARTAN,Valsartan,1.0
E.F.G.37.315,VALSARTAN,Valsartan,1.0
E.F.G.37.335,HIDROCORTISONA,Hidrocortisona,1.0
E.F.G.37.338,HIERRO,Fumarato Hierro,1.0
E.F.G.37.339,VALSARTAN,Valsartan,1.0
E.F.G.37.342,CANDESARTAN,Candesartan,1.0
E.F.G.37.353,LOSARTAN POTASICO,Losartan,1.0
E.F.G.37.354,CEFTRIAXONA,Ceftriaxona,1.0
E.F.G.37.359,CARVEDILOL,Carvedilol,1.0
E.F.G.37.360,DIPIRONA,Dipirona,1.0
E.F.G.37.364,DICLOFENAC SODICO,Diclofenaco,0.909
E.F.G.37.368,AMIKACINA,Amikacina,1.0
E.F.G.37.412,TOBRAMICINA SULFATO,Tobramicina,1.0
E.F.G.37.413,HIDROCORTISONA,Hidrocortisona,1.0
E.F.G.37.417,VENLAFAXINA,Venlafaxina,1.0
E.F.G.37.418,VENLAFAXINA,Venlafaxina,1.0
E.F.G.37.420,SECNIDAZOL,Secnidazol Anhidro,1.0
E.F.G.37.421,GLICERINA,Glicerina,1.0
E.F.G.37.422,GLICERINA,Glicerina,1.0
E.F.G.37.429,OXALIPLATINO,Oxaliplatino,1.0
E.F.G.37.433,RISEDRONATO SODICO,Risedronato Sodio,1.0
E.F.G.37.447,ATORVASTATINA CALCICA,Atorvastatina,1.0
E.F.G.37.449,LEVOFLOXACINA,Levofloxacino,0.923
E.F.G.37.456,IBUPROFENO,Ibuprofeno,1.0
E.F.G.37.458,ESOMEPRAZOL MAGNESICO TRIHIDRATO,Esomeprazol Magnesico,1.0
E.F.G.37.459,QUINAPRIL,Quinapril,1.0
E.F.G.37.460,QUINAPRIL,Quinapril,1.0
E.F.G.37.462,QUINAPRIL,Quinapril,1.0
E.F.G.37.474,PRAVASTATINA,Pravastatina,1.0
E.F.G.37.475,LANSOPRAZOL,Lansoprazol,1.0
E.F.G.37.492,METFORMINA,Metformina,1.0
E.F.G.37.494,VITAMINA E,Vitamina A,1.0
E.F.G.37.496,GABAPENTINA,Gabapentina,1.0
E.F.G.37.521,GABAPENTINA,Gabapentina,1.0
E.F.G.37.526,SIMVASTATINA,Simvastatina,1.0
E.F.G.37.528,ACETAMINOFEN,Acetaminofen,1.0
E.F.G.37.535,LEVOFLOXACINA,Levofloxacino,0.923
E.F.G.37.538,METFORMINA,Metformina,1.0
E.F.G.37.540,DICLOFENAC SODICO,Diclofenaco,0.909
E.F.G.37.542,LOSARTAN POTASICO,Losartan,1.0
E.F.G.37.542,HIDROCLOROTIAZIDA,Hidroclorotiazida,1.0
E.F.G.37.543,DICLOFENACO POTASICO,Diclofenaco,1.0
E.F.G.37.545,ISOTRETINOINA,Isotretinoina,1.0
E.F.G.37.553,ACETAMINOFEN,Acetaminofen,1.0
E.F.G.37.555,PREDNISONA,Prednisona,1.0
E.F.G.37.565,HIERRO,Fumarato Hierro,1.0
E.F.G.37.571,ACETAMINOFEN,Acetaminofen,1.0
E.F.G.37.572,IBUPROFENO,Ibuprofeno,1.0
E.F.G.37.573,ENALAPRIL,Enalapril,1.0
E.F.G.37.575,ENALAPRIL,Enalapril,1.0
E.F.G.37.579,CAPTOPRIL,Captopril,1.0
E.F.G.37.580,DESLORATADINA,Desloratadina,1.0
E.F.G.37.582,ATENOLOL,Atenolol,1.0
E.F.G.37.583,METFORMINA,Metformina,1.0
E.F.G.37.585,CAPTOPRIL,Captopril,1.0
E.F.G.37.587,LORATADINA,Loratadina,1.0
E.F.G.37.587,AMBROXOL,Ambroxol,1.0
E.F.G.37.593,AMOXICILINA,Amoxicilina,1.0
E.F.G.37.597,METRONIDAZOL,Metronidazol,1.0
E.F.G.37.603,SECNIDAZOL,Secnidazol Anhidro,1.0
E.F.G.37.617,SECNIDAZOL,Secnidazol Anhidro,1.0
E.F.G.37.619,AMOXICILINA,Amoxicilina,1.0
E.F.G.37.622,CLOPIDOGREL,Clopidogrel,1.0
E.F.G.37.636,GLIBENCLAMIDA,Glibenclamida,1.0
E.F.G.37.637,CEFADROXILO,Cefadroxilo,1.0
E.F.G.37.638,AMLODIPINA,Amlodipino,0.9
E.F.G.37.640,NEVIRAPINA,Nevirapina,1.0
E.F.G.37.641,AMOXICILINA,Amoxicilina,1.0
E.F.G.37.642,IBUPROFENO,Ibuprofeno,1.0
E.F.G.37.643,CARVEDILOL,Carvedilol,1.0
E.F.G.37.644,VALSARTAN,Valsartan,1.0
E.F.G.37.653,METOTREXATO,Metotrexato,1.0
E.F.G.37.659,GENTAMICINA,Gentamicina,1.0
E.F.G.37.665,DEFLAZACORT,Deflazacort,1.0
E.F.G.37.666,MELOXICAM,Meloxicam,1.0
E.F.G.37.667,MITOXANTRONA,Mitoxantrona,1.0
E.F.G.37.671,MELOXICAM,Meloxicam,1.0
E.F.G.37.673,DICLOFENAC SODICO,Diclofenaco,0.909
E.F.G.37.677,SECNIDAZOL,Secnidazol Anhidro,1.0
E.F.G.37.677,ITRACONAZOL,Itraconazol,1.0
E.F.G.37.696,SULFATO DE MAGNESIO,Citrato Magnesio,1.0
E.F.G.37.699,ACIDO ZOLEDRONICO,Acido Zoledronico,1.0
E.F.G.37.718,LISINOPRIL,Lisinopril,1.0
E.F.G.37.719,LISINOPRIL,Lisinopril,1.0
E.F.G.37.720,LISINOPRIL,Lisinopril,1.0
E.F.G.37.728,RISEDRONATO SODICO,Risedronato Sodio,1.0
E.F.G.37.735,METFORMINA CLORHIDRATO,Metformina,1.0
E.F.G.37.738,MONTELUKAST SODICO,Montelukast,1.0
E.F.G.37.746,HIDROCLOROTIAZIDA,Hidroclorotiazida,1.0
E.F.G.37.746,VALSARTAN,Valsartan,1.0
E.F.G.37.747,HIDROCLOROTIAZIDA,Hidroclorotiazida,1.0
E.F.G.37.747,VALSARTAN,Valsartan,1.0
E.F.G.37.749,HIDROCLOROTIAZIDA,Hidroclorotiazida,1.0
E.F.G.37.749,VALSARTAN,Valsartan,1.0
E.F.G.37.751,MONTELUKAST,Montelukast,1.0
E.F.G.37.758,CARVEDILOL,Carvedilol,1.0
E.F.G.37.789,GLIMEPIRIDA,Glimepirida,1.0
E.F.G.37.824,DESLORATADINA,Desloratadina,1.0
E.F.G.37.839,TERBINAFINA,Terbinafina,1.0
E.F.G.37.840,CLONIDINA,Clonidina,1.0
E.F.G.37.842,LEVOCETIRIZINA DICLORHIDRATO,Levocetirizina,1.0
E.F.G.37.850,PAROXETINA,Paroxetina,1.0
E.F.G.37.852,SECNIDAZOL,Secnidazol Anhidro,1.0
E.F.G.37.864,AMIODARONA,Amiodarona,1.0
E.F.G.37.869,ACETAMINOFEN,Acetaminofen,1.0
E.F.G.37.900,CLOTRIMAZOL,Clotrimazol,1.0
E.F.G.37.902,CEFEPIMA,Cefepima,1.0
E.F.G.37.915,TIOCOLCHICOSIDO,Tiocolchicosido,1.0
E.F.G.37.922,IRBESARTAN,Irbesartan,1.0
E.F.G.37.941,ISOTRETINOINA,Isotretinoina,1.0
E.F.G.37.966,GLICLAZIDA,Gliclazida,1.0
E.F.G.37.992,GABAPENTINA,Gabapentina,1.0
E.F.G.37.993,DESLORATADINA,Desloratadina,1.0
E.F.G.37.994,CISPLATINO,Cisplatino,1.0
E.F.G.37.996,DESLORATADINA,Desloratadina,1.0
E.F.G.38.000,PAROXETINA,Paroxetina,1.0
E.F.G.38.013,ZIDOVUDINA,Zidovudina,1.0
E.F.G.38.028,CLARITROMICINA,Claritromicina,1.0
E.F.G.38.032,CLARITROMICINA,Claritromicina,1.0
E.F.G.38.038,CLORURO DE SODIO,Calcio Cloruro,1.0
E.F.G.38.059,AZITROMICINA DIHIDRATO,Azitromicina,1.0
E.F.G.38.062,ORLISTAT,Orlistat,1.0
E.F.G.38.073,CEFEPIMA,Cefepima,1.0
E.F.G.38.084,CLOPIDOGREL,Clopidogrel,1.0
E.F.G.38.110,MOMETASONA FUROATO,Mometasona Furoato,1.0
E.F.G.38.113,ACICLOVIR,Aciclovir,1.0
E.F.G.38.115,AMOXICILINA TRIHIDRATO,Amoxicilina,1.0
E.F.G.38.116,TIOCOLCHICOSIDO,Tiocolchicosido,1.0
E.F.G.38.138,CILASTATINA,Cilastatina,1.0
E.F.G.38.138,IMIPENEM,Imipenem,1.0
E.F.G.38.145,AMLODIPINA,Amlodipino,0.9
E.F.G.38.177,DIOSMINA,Diosmina,1.0
E.F.G.38.180,RISPERIDONA,Risperidona,1.0
E.F.G.38.213,SIMVASTATINA,Simvastatina,1.0
E.F.G.38.226,IRBESARTAN,Irbesartan,1.0
E.F.G.38.279,BETAHISTINA DICLORHIDRATO,Betahistina,1.0
E.F.G.38.280,BETAHISTINA CLORHIDRATO,Betahistina,1.0
E.F.G.38.297,ACIDO FOLICO,Folico Acido,1.0
E.F.G.38.298,ACIDO FOLICO,Folico Acido,1.0
E.F.G.38.302,AMLODIPINA,Amlodipino,0.9
E.F.G.38.303,AMLODIPINA,Amlodipino,0.9
E.F.G.38.318,TIOCOLCHICOSIDO,Tiocolchicosido,1.0
E.F.G.38.318,IBUPROFENO,Ibuprofeno,1.0
E.F.G.38.322,IBUPROFENO,Ibuprofeno,1.0
E.F.G.38.330,DICLOFENACO POTASICO,Diclofenaco,1.0
E.F.G.38.341,SEVOFLURANO,Sevoflurano,1.0
E.F.G.38.387,TIAMINA,Tiamina,1.0
E.F.G.38.387,PIRIDOXINA,Piridoxina,1.0
E.F.G.38.387,CIANOCOBALAMINA,Cianocobalamina,1.0
E.F.G.38.396,DESLORATADINA,Desloratadina,1.0
E.F.G.38.404,LEVOFLOXACINA,Levofloxacino,0.923
E.F.G.38.405,IBUPROFENO,Ibuprofeno,1.0
E.F.G.38.424,CIANOCOBALAMINA,Cianocobalamina,1.0
E.F.G.38.431,RISPERIDONA,Risperidona,1.0
E.F.G.38.489,LEVOFLOXACINA,Levofloxacino,0.923
E.F.G.38.493,TADALAFILO,Tadalafilo,1.0
E.F.G.38.517,PENTOXIFILINA,Pentoxifilina,1.0
E.F.G.38.535,IBUPROFENO,Ibuprofeno,1.0
E.F.G.38.559,HIDROCLOROTIAZIDA,Hidroclorotiazida,1.0
E.F.G.38.559,VALSARTAN,Valsartan,1.0
E.F.G.38.568,VALSARTAN,Valsartan,1.0
E.F.G.38.569,VALSARTAN,Valsartan,1.0
E.F.G.38.584,CLONAZEPAM,Clonazepam,1.0
E.F.G.38.585,CLONAZEPAM,Clonazepam,1.0
E.F.G.38.597,SIMVASTATINA,Simvastatina,1.0
E.F.G.38.607,VALSARTAN,Valsartan,1.0
E.F.G.38.613,HIDROCLOROTIAZIDA,Hidroclorotiazida,1.0
E.F.G.38.613,VALSARTAN,Valsartan,1.0
E.F.G.38.624,BISOPROLOL FUMARATO,Bisoprolol,1.0
E.F.G.38.652,BROMURO DE PINAVERIO,Pinaverio Bromuro,1.0
E.F.G.38.695,TELMISARTAN,Telmisartan,1.0
E.F.G.38.708,DEXAMETASONA FOSFATO SÓDICO,Dexametasona,1.0
E.F.G.38.708,CLOTRIMAZOL,Clotrimazol,1.0
E.F.G.38.729,ACETAMINOFEN,Acetaminofen,1.0
E.F.G.38.821,MOXIFLOXACINO CLORHIDRATO,Moxifloxacino,1.0
E.F.G.38.847,LIDOCAINA,Lidocaina,1.0
E.F.G.38.881,HIDROCLOROTIAZIDA,Hidroclorotiazida,1.0
E.F.G.38.881,LOSARTAN POTASICO,Losartan,1.0
E.F.G.38.883,ALCOHOL ISOPROPILICO,Isopropilico Alcohol,1.0
E.F.G.38.909,CARVEDILOL,Carvedilol,1.0
E.F.G.38.916,CARVEDILOL,Carvedilol,1.0
E.F.G.38.925,LEVOFLOXACINA,Levofloxacino,0.923
E.F.G.38.926,LEVOFLOXACINA,Levofloxacino,0.923
E.F.G.38.931,HESPERIDINA,Hesperidina,1.0
E.F.G.38.931,DIOSMINA,Diosmina,1.0
E.F.G.38.959,LEVOCETIRIZINA DICLORHIDRATO,Levocetirizina,1.0
E.F.G.38.985,TAZOBACTAM,Tazobactam,1.0
E.F.G.38.985,PIPERACILINA,Piperacilina,1.0
E.F.G.39.008,ATORVASTATINA CALCICA,Atorvastatina,1.0
E.F.G.39.020,ACETAMINOFEN,Acetaminofen,1.0
E.F.G.39.022,ACETAMINOFEN,Acetaminofen,1.0
E.F.G.39.040,ALBENDAZOL,Albendazol,1.0
E.F.G.39.041,ALBENDAZOL,Albendazol,1.0
E.F.G.39.043,FLUCONAZOL,Fluconazol,1.0
E.F.G.39.048,ALBENDAZOL,Albendazol,1.0
E.F.G.39.062,CLOTRIMAZOL,Clotrimazol,1.0
E.F.G.39.079,TIOCOLCHICOSIDO,Tiocolchicosido,1.0
E.F.G.39.079,IBUPROFENO,Ibuprofeno,1.0
E.F.G.39.106,LOSARTAN POTASICO,Losartan,1.0
E.F.G.39.130,AMOXICILINA TRIHIDRATO,Amoxicilina,1.0
E.F.G.39.139,BISOPROLOL FUMARATO,Bisoprolol,1.0
E.F.G.39.140,BISOPROLOL FUMARATO,Bisoprolol,1.0
E.F.G.39.141,BISOPROLOL FUMARATO,Bisoprolol,1.0
E.F.G.39.192,ACETAMINOFEN,Acetaminofen,1.0
E.F.G.39.212,SULFAMETOXAZOL,Sulfametoxazol,1.0
E.F.G.39.212,TRIMETOPRIM,Trimetoprima,0.917
E.F.G.39.230,ALPRAZOLAM,Alprazolam,1.0
E.F.G.39.231,ALPRAZOLAM,Alprazolam,1.0
E.F.G.39.240,ALPRAZOLAM,Alprazolam,1.0
E.F.G.39.257,LORATADINA,Loratadina,1.0
E.F.G.39.259,LEVOCETIRIZINA DICLORHIDRATO,Levocetirizina,1.0
E.F.G.39.282,ACETAMINOFEN,Acetaminofen,1.0
E.F.G.39.334,ESOMEPRAZOL MAGNESICO TRIHIDRATO,Esomeprazol Magnesico,1.0
E.F.G.39.355,DICLOFENACO POTASICO,Diclofenaco,1.0
E.F.G.39.491,AMOXICILINA TRIHIDRATO,Amoxicilina,1.0
E.F.G.39.518,DICLOFENACO POTASICO,Diclofenaco,1.0
E.F.G.39.586,KETOPROFENO,Ketoprofeno,1.0
E.F.G.39.599,SULBACTAM,Sulbactam,1.0
E.F.G.39.599,AMPICILINA,Ampicilina,1.0
E.F.G.39.705,TELMISARTAN,Telmisartan,1.0
E.F.G.39.706,TELMISARTAN,Telmisartan,1.0
E.F.G.39.722,DIGOXINA,Digoxina,1.0
E.F.G.39.725,HIDROCLOROTIAZIDA,Hidroclorotiazida,1.0
E.F.G.39.725,LOSARTAN POTASICO,Losartan,1.0
E.F.G.39.785,OXALIPLATINO,Oxaliplatino,1.0
E.F.G.39.787,ACETAZOLAMIDA,Acetazolamida,1.0
E.F.G.39.791,SULFAMETOXAZOL,Sulfametoxazol,1.0
E.F.G.39.791,TRIMETOPRIM,Trimetoprima,0.917
E.F.G.39.821,MEROPENEM,Meropenem,1.0
E.F.G.39.843,GLIBENCLAMIDA,Glibenclamida,1.0
E.F.G.39.879,BROMURO DE ROCURONIO,Rocuronio Bromuro,1.0
E.F.G.39.898,RIFAXIMINA,Rifaximina,1.0
E.F.G.39.902,SITAGLIPTINA,Sitagliptina,1.0
E.F.G.39.913,ACIDO FOLICO,Folico Acido,1.0
E.F.G.39.935,SITAGLIPTINA,Sitagliptina,1.0
E.F.G.4.629,ACIDO FOLICO,Folico Acido,1.0
E.F.G.4.630,ACIDO FOLICO,Folico Acido,1.0
E.F.G.4.631,ACIDO FOLICO,Folico Acido,1.0
E.F.G.40.011,FLAVOXATO CLORHIDRATO,Flavoxato,1.0
E.F.G.40.034,CLONAZEPAM,Clonazepam,1.0
E.F.G.40.035,CLONAZEPAM,Clonazepam,1.0
E.F.G.40.037,AMIKACINA,Amikacina,1.0
E.F.G.40.038,VALSARTAN,Valsartan,1.0
E.F.G.40.038,AMLODIPINA,Amlodipino,0.9
E.F.G.40.042,VALSARTAN,Valsartan,1.0
E.F.G.40.042,AMLODIPINA,Amlodipino,0.9
E.F.G.40.045,DEXAMETASONA FOSFATO SÓDICO,Dexametasona,1.0
E.F.G.40.062,ATORVASTATINA,Atorvastatina,1.0
E.F.G.40.063,CEFIXIMA,Cefixima,1.0
E.F.G.40.067,CITICOLINA,Citicolina,1.0
E.F.G.40.083,ACETAMINOFEN,Acetaminofen,1.0
E.F.G.40.084,ACETAMINOFEN,Acetaminofen,1.0
E.F.G.40.152,NALOXONA,Naloxona,1.0
E.F.G.40.188,KETOPROFENO,Ketoprofeno,1.0
E.F.G.40.215,NITROGLICERINA,Nitroglicerina,1.0
E.F.G.40.262,CLARITROMICINA,Claritromicina,1.0
E.F.G.40.264,LORATADINA,Loratadina,1.0
E.F.G.40.269,CEFALEXINA,Cefalexina,1.0
E.F.G.40.293,ACETAMINOFEN,Acetaminofen,1.0
E.F.G.40.303,SULFATO DE MAGNESIO,Citrato Magnesio,1.0
E.F.G.40.311,NAPROXENO,Naproxeno,1.0
E.F.G.40.369,CARVEDILOL,Carvedilol,1.0
E.F.G.40.370,ACIDO FOLICO,Folico Acido,1.0
E.F.G.40.376,ATENOLOL,Atenolol,1.0
E.F.G.40.389,TRIMEBUTINA,Trimebutina,1.0
E.F.G.40.396,LIDOCAINA,Lidocaina,1.0
E.F.G.40.397,DOMPERIDONA,Domperidona,1.0
E.F.G.40.423,LOSARTAN POTASICO,Losartan,1.0
E.F.G.40.426,ESOMEPRAZOL MAGNESICO TRIHIDRATO,Esomeprazol Magnesico,1.0
E.F.G.40.439,HIDROCLOROTIAZIDA,Hidroclorotiazida,1.0
E.F.G.40.439,LOSARTAN POTASICO,Losartan,1.0
E.F.G.40.440,AMBROXOL CLORHIDRATO,Ambroxol,1.0
E.F.G.40.440,LORATADINA,Loratadina,1.0
E.F.G.40.468,LETROZOL,Letrozol,1.0
E.F.G.40.509,HIDROCLOROTIAZIDA,Hidroclorotiazida,1.0
E.F.G.40.510,HIDROCLOROTIAZIDA,Hidroclorotiazida,1.0
E.F.G.40.533,CEFIXIMA TRIHIDRATO,Cefixima,1.0
E.F.G.40.552,TADALAFILO,Tadalafilo,1.0
E.F.G.40.581,ACICLOVIR,Aciclovir,1.0
E.F.G.40.599,ACIDO FOLICO,Folico Acido,1.0
E.F.G.40.603,SULFATO DE MAGNESIO,Citrato Magnesio,1.0
E.F.G.40.605,ALBENDAZOL,Albendazol,1.0
E.F.G.40.629,ACIDO FOLICO,Folico Acido,1.0
E.F.G.40.630,ACIDO FOLICO,Folico Acido,1.0
E.F.G.40.741,ONDANSETRON,Ondansetron,1.0
E.F.G.40.781,RANITIDINA,Ranitidina,1.0
E.F.G.40.789,TIROFIBAN,Tirofiban,1.0
E.F.G.40.806,MANITOL,Manitol,1.0
E.F.G.40.835,ESCITALOPRAM,Escitalopram,1.0
E.F.G.40.840,FLUCONAZOL,Fluconazol,1.0
E.F.G.40.877,IBUPROFENO,Ibuprofeno,1.0
E.F.G.40.886,KETOROLACO,Ketorolaco,1.0
E.F.G.40.887,LOPERAMIDA,Loperamida,1.0
E.F.G.40.945,DEXAMETASONA FOSFATO SÓDICO,Dexametasona,1.0
E.F.G.40.945,TOBRAMICINA SULFATO,Tobramicina,1.0
E.F.G.40.946,TOBRAMICINA SULFATO,Tobramicina,1.0
E.F.G.40.959,ESCITALOPRAM,Escitalopram,1.0
E.F.G.40.960,ESCITALOPRAM,Escitalopram,1.0
E.F.G.40.982,NAPROXENO,Naproxeno,1.0
E.F.G.41.009,CIANOCOBALAMINA,Cianocobalamina,1.0
E.F.G.41.009,TIAMINA,Tiamina,1.0
E.F.G.41.009,PIRIDOXINA,Piridoxina,1.0
E.F.G.41.021,METOCLOPRAMIDA,Metoclopramida,1.0
E.F.G.41.029,FLAVOXATO CLORHIDRATO,Flavoxato,1.0
E.F.G.41.074,CANDESARTAN,Candesartan,1.0
E.F.G.41.075,CANDESARTAN,Candesartan,1.0
E.F.G.41.076,CANDESARTAN,Candesartan,1.0
E.F.G.41.125,PRASUGREL,Prasugrel,1.0
E.F.G.41.145,HIDROCLOROTIAZIDA,Hidroclorotiazida,1.0
E.F.G.41.145,CANDESARTAN,Candesartan,1.0
E.F.G.41.149,PALONOSETRON,Palonosetron,1.0
E.F.G.41.166,PRASUGREL,Prasugrel,1.0
E.F.G.41.182,DICLOFENAC SODICO,Diclofenaco,0.909
E.F.G.41.193,TADALAFILO,Tadalafilo,1.0
E.F.G.41.221,LOSARTAN POTASICO,Losartan,1.0
E.F.G.41.222,LOSARTAN POTASICO,Losartan,1.0
E.F.G.41.267,PANTOPRAZOL,Pantoprazol,1.0
E.F.G.41.274,ACETAMINOFEN,Acetaminofen,1.0
E.F.G.41.306,ETORICOXIB,Etoricoxib,1.0
E.F.G.41.333,ETORICOXIB,Etoricoxib,1.0
E.F.G.41.341,BETAMETASONA,Betametasona,1.0
E.F.G.41.385,ACIDO ASCORBICO,Ascorbico Acido,1.0
E.F.G.41.406,MIDAZOLAM,Midazolam,1.0
E.F.G.41.407,MIDAZOLAM,Midazolam,1.0
E.F.G.41.409,FENITOINA SODICA,Fenitoina,1.0
E.F.G.41.565,CITICOLINA,Citicolina,1.0
E.F.G.41.570,IRBESARTAN,Irbesartan,1.0
E.F.G.41.574,KETOPROFENO,Ketoprofeno,1.0
E.F.G.41.586,CELECOXIB,Celecoxib,1.0
E.F.G.41.592,TIGECICLINA,Tigeciclina,1.0
E.F.G.41.607,LIDOCAINA,Lidocaina,1.0
E.F.G.41.623,BORTEZOMIB,Bortezomib,1.0
E.F.G.41.641,LOSARTAN POTASICO,Losartan,1.0
E.F.G.41.642,ACIDO CLAVULANICO,Clavulanico Acido,1.0
E.F.G.41.642,AMOXICILINA,Amoxicilina,1.0
E.F.G.41.663,ACETAMINOFEN,Acetaminofen,1.0
E.F.G.41.682,KETOPROFENO,Ketoprofeno,1.0
E.F.G.41.684,SIMVASTATINA,Simvastatina,1.0
E.F.G.41.684,EZETIMIBA,Ezetimiba,1.0
E.F.G.41.692,HIDROCLOROTIAZIDA,Hidroclorotiazida,1.0
E.F.G.41.695,HIDROCLOROTIAZIDA,Hidroclorotiazida,1.0
E.F.G.41.695,IRBESARTAN,Irbesartan,1.0
E.F.G.41.696,DICLOFENACO POTASICO,Diclofenaco,1.0
E.F.G.41.755,PANTOPRAZOL,Pantoprazol,1.0
E.F.G.41.770,PANTOPRAZOL,Pantoprazol,1.0
E.F.G.41.771,ESCITALOPRAM,Escitalopram,1.0
E.F.G.41.772,LEVOCETIRIZINA,Levocetirizina,1.0
E.F.G.41.785,DEXKETOPROFENO,Dexketoprofeno,1.0
E.F.G.41.816,PEMETREXED,Pemetrexed,1.0
E.F.G.41.917,CLORURO DE POTASIO,Calcio Cloruro,1.0
E.F.G.41.917,CLORURO DE SODIO,Calcio Cloruro,1.0
E.F.G.41.919,LEVETIRACETAM,Levetiracetam,1.0
E.F.G.41.932,HIDROCLOROTIAZIDA,Hidroclorotiazida,1.0
E.F.G.41.943,CLORURO DE SODIO,Calcio Cloruro,1.0
E.F.G.41.944,CLORURO DE SODIO,Calcio Cloruro,1.0
E.F.G.41.945,CLORURO DE SODIO,Calcio Cloruro,1.0
E.F.G.41.945,CLORURO DE POTASIO,Calcio Cloruro,1.0
E.F.G.41.968,METRONIDAZOL,Metronidazol,1.0
E.F.G.41.986,LOSARTAN POTASICO,Losartan,1.0
E.F.G.41.986,HIDROCLOROTIAZIDA,Hidroclorotiazida,1.0
E.F.G.41.998,TIOCOLCHICOSIDO,Tiocolchicosido,1.0
E.F.G.42.007,VALSARTAN,Valsartan,1.0
E.F.G.42.018,LORATADINA,Loratadina,1.0
E.F.G.42.019,ALPRAZOLAM,Alprazolam,1.0
E.F.G.42.038,CANDESARTAN,Candesartan,1.0
E.F.G.42.054,CLORURO DE SODIO,Calcio Cloruro,1.0
E.F.G.42.059,GLICINA,Glicina,1.0
E.F.G.42.060,CANDESARTAN,Candesartan,1.0
E.F.G.42.061,ISOFLURANO,Isoflurano,1.0
E.F.G.42.062,SEVOFLURANO,Sevoflurano,1.0
E.F.G.42.063,AMOXICILINA,Amoxicilina,1.0
E.F.G.42.063,ACIDO CLAVULANICO,Clavulanico Acido,1.0
E.F.G.42.119,ACIDO ZOLEDRONICO MONOHIDRATO,Acido Zoledronico,1.0
E.F.G.42.122,FUROSEMIDA,Furosemida,1.0
E.F.G.42.123,CLINDAMICINA,Clindamicina,1.0
E.F.G.42.125,TADALAFILO,Tadalafilo,1.0
E.F.G.42.143,PREDNISONA,Prednisona,1.0
E.F.G.42.152,AMPICILINA SODICA,Ampicilina,1.0
E.F.G.42.153,CEFTRIAXONA SODICA,Ceftriaxona,1.0
E.F.G.42.197,ONDANSETRON,Ondansetron,1.0
E.F.G.42.200,CAPTOPRIL,Captopril,1.0
E.F.G.42.210,BROMURO DE VECURONIO,Rocuronio Bromuro,0.889
E.F.G.42.211,VANCOMICINA,Vancomicina,1.0
E.F.G.42.227,FINASTERIDA,Finasterida,1.0
E.F.G.42.227,DOXAZOSINA,Doxazosina,1.0
E.F.G.42.230,CLORURO DE SODIO,Calcio Cloruro,1.0
E.F.G.42.230,GLUCOSA,Glucosa,1.0
E.F.G.42.239,BROMURO DE ROCURONIO,Rocuronio Bromuro,1.0
E.F.G.42.240,BROMURO DE VECURONIO,Rocuronio Bromuro,0.889
E.F.G.42.251,VALSARTAN,Valsartan,1.0
E.F.G.42.260,METFORMINA,Metformina,1.0
E.F.G.42.270,EMTRICITABINA,Emtricitabina,1.0
E.F.G.42.270,TENOFOVIR,Tenofovir,1.0
E.F.G.42.270,EFAVIRENZ,Efavirenz,1.0
E.F.G.42.271,TENOFOVIR,Tenofovir,1.0
E.F.G.42.271,EMTRICITABINA,Emtricitabina,1.0
E.F.G.42.273,VALSARTAN,Valsartan,1.0
E.F.G.42.274,CEFTRIAXONA,Ceftriaxona,1.0
E.F.G.42.279,HIDROCORTISONA,Hidrocortisona,1.0
E.F.G.42.287,FITOMENADIONA,Fitomenadiona,1.0
E.F.G.42.292,NEBIVOLOL CLORHIDRATO,Nebivolol,1.0
E.F.G.42.296,ATENOLOL,Atenolol,1.0
E.F.G.42.297,ATENOLOL,Atenolol,1.0
E.F.G.42.301,SITAGLIPTINA,Sitagliptina,1.0
E.F.G.42.303,TIOCOLCHICOSIDO,Tiocolchicosido,1.0
E.F.G.42.307,ESOMEPRAZOL MAGNESICO TRIHIDRATO,Esomeprazol Magnesico,1.0
E.F.G.42.321,AMIKACINA,Amikacina,1.0
E.F.G.42.322,LEVETIRACETAM,Levetiracetam,1.0
E.F.G.42.323,LEVETIRACETAM,Levetiracetam,1.0
E.F.G.42.350,CLOPIDOGREL,Clopidogrel,1.0
E.F.G.42.351,OXITOCINA,Oxitocina,1.0
E.F.G.42.361,PAROXETINA,Paroxetina,1.0
E.F.G.42.374,CARVEDILOL,Carvedilol,1.0
E.F.G.42.375,CARVEDILOL,Carvedilol,1.0
E.F.G.42.376,CLORURO DE POTASIO,Calcio Cloruro,1.0
E.F.G.42.377,CLORURO DE POTASIO,Calcio Cloruro,1.0
E.F.G.42.382,DICLOFENAC SODICO,Diclofenaco,0.909
E.F.G.42.383,HALOPERIDOL,Haloperidol,1.0
E.F.G.42.385,KETOPROFENO,Ketoprofeno,1.0
E.F.G.42.386,CIPROFLOXACINO,Ciprofloxacino,1.0
E.F.G.42.387,RANITIDINA,Ranitidina,1.0
E.F.G.42.388,RANITIDINA,Ranitidina,1.0
E.F.G.42.389,FEXOFENADINA CLORHIDRATO,Fexofenadina,1.0
E.F.G.42.392,LOSARTAN POTASICO,Losartan,1.0
E.F.G.42.395,TADALAFILO,Tadalafilo,1.0
E.F.G.42.396,ATORVASTATINA,Atorvastatina,1.0
E.F.G.42.397,HIDROCORTISONA,Hidrocortisona,1.0
E.F.G.42.398,METAMIZOL SODICO,Metamizol,1.0
E.F.G.42.402,TIOCOLCHICOSIDO,Tiocolchicosido,1.0
E.F.G.42.402,IBUPROFENO,Ibuprofeno,1.0
E.F.G.42.403,CLINDAMICINA,Clindamicina,1.0
E.F.G.42.405,SALBUTAMOL,Salbutamol,1.0
E.F.G.42.406,LETROZOL,Letrozol,1.0
E.F.G.42.407,VALSARTAN,Valsartan,1.0
E.F.G.42.408,VALSARTAN,Valsartan,1.0
E.F.G.42.409,HIDROCLOROTIAZIDA,Hidroclorotiazida,1.0
E.F.G.42.410,METFORMINA,Metformina,1.0
E.F.G.42.412,SIMVASTATINA,Simvastatina,1.0
E.F.G.42.413,GLIMEPIRIDA,Glimepirida,1.0
E.F.G.42.418,BISOPROLOL FUMARATO,Bisoprolol,1.0
E.F.G.42.419,BISOPROLOL FUMARATO,Bisoprolol,1.0
E.F.G.42.420,BISOPROLOL FUMARATO,Bisoprolol,1.0
E.F.G.42.421,BISOPROLOL FUMARATO,Bisoprolol,1.0
E.F.G.42.422,CIPROFLOXACINO,Ciprofloxacino,1.0
E.F.G.42.423,ESOMEPRAZOL MAGNESICO TRIHIDRATO,Esomeprazol Magnesico,1.0
E.F.G.42.424,ACIDO ASCORBICO,Ascorbico Acido,1.0
E.F.G.42.429,HIDROCLOROTIAZIDA,Hidroclorotiazida,1.0
E.F.G.42.430,HIDROCLOROTIAZIDA,Hidroclorotiazida,1.0
E.F.G.42.437,CANDESARTAN,Candesartan,1.0
E.F.G.42.438,CANDESARTAN,Candesartan,1.0
E.F.G.42.439,LOSARTAN POTASICO,Losartan,1.0
E.F.G.42.440,LORATADINA,Loratadina,1.0
E.F.G.42.448,ALPRAZOLAM,Alprazolam,1.0
E.F.G.42.449,ALPRAZOLAM,Alprazolam,1.0
E.F.G.42.451,VALSARTAN,Valsartan,1.0
E.F.G.42.454,ATORVASTATINA,Atorvastatina,1.0
E.F.G.42.455,ATORVASTATINA,Atorvastatina,1.0
E.F.G.42.456,IRBESARTAN,Irbesartan,1.0
E.F.G.42.458,CLOTRIMAZOL,Clotrimazol,1.0
E.F.G.42.459,METFORMINA,Metformina,1.0
E.F.G.42.460,HIDROCLOROTIAZIDA,Hidroclorotiazida,1.0
E.F.G.42.464,LOSARTAN POTASICO,Losartan,1.0
E.F.G.42.466,AMOXICILINA,Amoxicilina,1.0
E.F.G.42.471,SALBUTAMOL,Salbutamol,1.0
E.F.G.42.472,BUDESONIDA,Budesonida,1.0
E.F.G.42.474,ACIDO ASCORBICO,Ascorbico Acido,1.0
E.F.G.42.478,RANITIDINA,Ranitidina,1.0
E.F.G.42.480,DICLOFENAC SODICO,Diclofenaco,0.909
E.F.G.42.482,ACETAMINOFEN,Acetaminofen,1.0
E.F.G.42.485,HIDROCLOROTIAZIDA,Hidroclorotiazida,1.0
E.F.G.42.485,BISOPROLOL FUMARATO,Bisoprolol,1.0
E.F.G.42.486,VILDAGLIPTINA,Vildagliptina,1.0
E.F.G.42.487,DOBUTAMINA,Dobutamina,1.0
E.F.G.42.488,ACETAMINOFEN,Acetaminofen,1.0
E.F.G.42.490,BETAMETASONA,Betametasona,1.0
E.F.G.42.490,LORATADINA,Loratadina,1.0
E.F.G.42.492,DEXAMETASONA FOSFATO SÓDICO,Dexametasona,1.0
E.F.G.42.493,PREDNISONA,Prednisona,1.0
E.F.G.42.500,LOSARTAN POTASICO,Losartan,1.0
E.F.G.42.501,IVERMECTINA,Ivermectina,1.0
E.F.G.42.503,IRBESARTAN,Irbesartan,1.0
E.F.G.42.504,ACETAMINOFEN,Acetaminofen,1.0
E.F.G.42.505,ACICLOVIR,Aciclovir,1.0
E.F.G.42.506,ALBENDAZOL,Albendazol,1.0
E.F.G.42.509,AZITROMICINA,Azitromicina,1.0
E.F.G.42.511,LOSARTAN POTASICO,Losartan,1.0
E.F.G.42.512,LOSARTAN POTASICO,Losartan,1.0
E.F.G.42.517,SERTRALINA,Sertralina,1.0
E.F.G.42.518,SERTRALINA,Sertralina,1.0
E.F.G.42.519,DICLOFENAC SODICO,Diclofenaco,0.909
E.F.G.42.520,METRONIDAZOL,Metronidazol,1.0
E.F.G.42.524,DESLORATADINA,Desloratadina,1.0
E.F.G.42.525,BISOPROLOL FUMARATO,Bisoprolol,1.0
E.F.G.42.526,QUETIAPINA,Quetiapina,1.0
E.F.G.42.527,QUETIAPINA,Quetiapina,1.0
E.F.G.42.528,SILDENAFIL,Sildenafilo,0.909
E.F.G.42.530,METRONIDAZOL,Metronidazol,1.0
E.F.G.42.534,AMOXICILINA,Amoxicilina,1.0
E.F.G.42.534,ACIDO CLAVULANICO,Clavulanico Acido,1.0
E.F.G.42.535,DESLORATADINA,Desloratadina,1.0
E.F.G.42.536,ALBENDAZOL,Albendazol,1.0
E.F.G.42.538,ACETAMINOFEN,Acetaminofen,1.0
E.F.G.42.539,GUAIFENESINA,Guaifenesina,1.0
E.F.G.42.540,DESLORATADINA,Desloratadina,1.0
E.F.G.42.547,RIVAROXABAN,Rivaroxaban,1.0
E.F.G.42.550,CEFOTAXIMA,Cefotaxima,1.0
E.F.G.42.555,CLINDAMICINA,Clindamicina,1.0
E.F.G.42.556,SITAGLIPTINA,Sitagliptina,1.0
E.F.G.42.557,CLINDAMICINA,Clindamicina,1.0
E.F.G.42.558,DICLOFENACO POTASICO,Diclofenaco,1.0
E.F.G.42.559,IBUPROFENO,Ibuprofeno,1.0
E.F.G.42.560,AZITROMICINA,Azitromicina,1.0
E.F.G.42.563,IBUPROFENO,Ibuprofeno,1.0
E.F.G.42.564,HIDROCLOROTIAZIDA,Hidroclorotiazida,1.0
E.F.G.42.568,ACIDO ASCORBICO,Ascorbico Acido,1.0
E.F.G.42.570,PREGABALINA,Pregabalina,1.0
E.F.G.42.571,PREGABALINA,Pregabalina,1.0
E.F.G.42.572,FLUOXETINA,Fluoxetina,1.0
E.F.G.42.574,FLUCONAZOL,Fluconazol,1.0
E.F.G.42.575,FENTANILO,Fentanilo,1.0
E.F.G.42.576,LEVOTIROXINA SODICA,Levotiroxina,1.0
E.F.G.42.585,CLORURO DE SODIO,Calcio Cloruro,1.0
E.F.G.42.585,CLORURO DE POTASIO,Calcio Cloruro,1.0
E.F.G.42.586,CLORURO DE SODIO,Calcio Cloruro,1.0
E.F.G.42.586,CLORURO DE POTASIO,Calcio Cloruro,1.0
E.F.G.42.587,CLORURO DE POTASIO,Calcio Cloruro,1.0
E.F.G.42.587,CLORURO DE SODIO,Calcio Cloruro,1.0
E.F.G.42.588,CLORURO DE POTASIO,Calcio Cloruro,1.0
E.F.G.42.588,CLORURO DE SODIO,Calcio Cloruro,1.0
E.F.G.42.589,TAMSULOSINA,Tamsulosina,1.0
E.F.G.42.590,HIDROCLOROTIAZIDA,Hidroclorotiazida,1.0
E.F.G.42.591,DEXAMETASONA FOSFATO,Dexametasona,1.0
E.F.G.42.592,LANSOPRAZOL,Lansoprazol,1.0
E.F.G.42.593,PEROXIDO DE BENZOILO,Benzoilo Peroxido,1.0
E.F.G.42.594,PEROXIDO DE BENZOILO,Benzoilo Peroxido,1.0
E.F.G.42.595,DEFLAZACORT,Deflazacort,1.0
E.F.G.42.598,VALSARTAN,Valsartan,1.0
E.F.G.42.599,LORATADINA,Loratadina,1.0
E.F.G.42.601,DEXAMETASONA FOSFATO SÓDICO,Dexametasona,1.0
E.F.G.42.603,BROMHEXINA,Bromhexina,1.0
E.F.G.42.604,QUETIAPINA HEMIFUMARATO,Quetiapina Hemifumarato,1.0
E.F.G.42.605,QUETIAPINA,Quetiapina,1.0
E.F.G.42.608,TAMOXIFENO,Tamoxifeno,1.0
E.F.G.42.609,ANASTROZOL,Anastrozol,1.0
E.F.G.42.610,METFORMINA,Metformina,1.0
E.F.G.42.610,SITAGLIPTINA,Sitagliptina,1.0
E.F.G.42.614,TINIDAZOL,Tinidazol,1.0
E.F.G.42.615,ACIDO CLAVULANICO,Clavulanico Acido,1.0
E.F.G.42.615,AMOXICILINA,Amoxicilina,1.0
E.F.G.42.616,FEXOFENADINA CLORHIDRATO,Fexofenadina,1.0
E.F.G.42.618,VALERATO DE ESTRADIOL,Estradiol Valerato,1.0
E.F.G.42.621,IBUPROFENO,Ibuprofeno,1.0
E.F.G.42.623,IBUPROFENO,Ibuprofeno,1.0
E.F.G.42.624,ATORVASTATINA,Atorvastatina,1.0
E.F.G.42.627,LOSARTAN POTASICO,Losartan,1.0
E.F.G.42.628,GLIMEPIRIDA,Glimepirida,1.0
E.F.G.42.63,DOMPERIDONA,Domperidona,1.0
E.F.G.42.630,LORATADINA,Loratadina,1.0
E.F.G.42.631,CLOTRIMAZOL,Clotrimazol,1.0
E.F.G.42.631,BETAMETASONA DIPROPIONATO,Betametasona Dipropionato,1.0
E.F.G.42.631,SULFATO DE GENTAMICINA,Gentamicina,1.0
E.F.G.42.632,ROSUVASTATINA,Rosuvastatina,1.0
E.F.G.42.633,CLINDAMICINA,Clindamicina,1.0
E.F.G.42.635,CIPROFLOXACINO,Ciprofloxacino,1.0
E.F.G.42.636,BESILATO DE AMLODIPINA,Amlodipino,0.9
E.F.G.42.639,DOMPERIDONA,Domperidona,1.0
E.F.G.42.642,CLOTRIMAZOL,Clotrimazol,1.0
E.F.G.42.643,TELMISARTAN,Telmisartan,1.0
E.F.G.42.644,TELMISARTAN,Telmisartan,1.0
E.F.G.42.645,CELECOXIB,Celecoxib,1.0
E.F.G.42.646,SULFAMETOXAZOL,Sulfametoxazol,1.0
E.F.G.42.646,TRIMETOPRIM,Trimetoprima,0.917
E.F.G.42.647,CLOTRIMAZOL,Clotrimazol,1.0
E.F.G.42.651,LOSARTAN POTASICO,Losartan,1.0
E.F.G.42.651,HIDROCLOROTIAZIDA,Hidroclorotiazida,1.0
E.F.G.42.656,ACIDO ASCORBICO,Ascorbico Acido,1.0
E.F.G.42.658,DOMPERIDONA,Domperidona,1.0
E.F.G.42.660,CEFADROXILO MONOHIDRATO,Cefadroxilo,1.0
E.F.G.42.663,ALOPURINOL,Alopurinol,1.0
E.F.G.42.664,ALOPURINOL,Alopurinol,1.0
E.F.G.42.665,ACECLOFENACO,Aceclofenaco,1.0
E.F.G.42.666,LEVOCETIRIZINA DICLORHIDRATO,Levocetirizina,1.0
E.F.G.42.667,METFORMINA CLORHIDRATO,Metformina,1.0
E.F.G.42.667,SITAGLIPTINA CLORHIDRATO MONOHIDRATO,Sitagliptina,1.0
E.F.G.42.668,KETOROLACO,Ketorolaco,1.0
E.F.G.42.669,TIOCOLCHICOSIDO,Tiocolchicosido,1.0
E.F.G.42.669,IBUPROFENO,Ibuprofeno,1.0
E.F.G.42.673,CLORURO DE SODIO,Calcio Cloruro,1.0
E.F.G.42.674,CLORURO DE SODIO,Calcio Cloruro,1.0
E.F.G.42.675,CLORURO DE SODIO,Calcio Cloruro,1.0
E.F.G.42.675,CLORURO DE POTASIO,Calcio Cloruro,1.0
E.F.G.42.676,ROSUVASTATINA,Rosuvastatina,1.0
E.F.G.42.677,ROSUVASTATINA,Rosuvastatina,1.0
E.F.G.42.678,CABERGOLINA,Cabergolina,1.0
E.F.G.42.679,CLORURO DE SODIO,Calcio Cloruro,1.0
E.F.G.42.680,METRONIDAZOL,Metronidazol,1.0
E.F.G.42.681,PACLITAXEL,Paclitaxel,1.0
E.F.G.42.682,CLINDAMICINA,Clindamicina,1.0
E.F.G.42.683,SULFATO DE ATROPINA,Atropina,1.0
E.F.G.42.684,LORATADINA,Loratadina,1.0
E.F.G.42.685,DESLORATADINA,Desloratadina,1.0
E.F.G.42.688,TIOCOLCHICOSIDO,Tiocolchicosido,1.0
E.F.G.42.689,LAMOTRIGINA,Lamotrigina,1.0
E.F.G.42.690,LAMOTRIGINA,Lamotrigina,1.0
E.F.G.42.692,FEXOFENADINA CLORHIDRATO,Fexofenadina,1.0
E.F.G.42.694,METOTREXATO,Metotrexato,1.0
E.F.G.42.697,ONDANSETRON,Ondansetron,1.0
E.F.G.42.698,ONDANSETRON,Ondansetron,1.0
E.F.G.42.699,ACIDO FOLICO,Folico Acido,1.0
E.F.G.42.700,FINASTERIDA,Finasterida,1.0
E.F.G.42.701,NIMODIPINO,Nimodipino,1.0
E.F.G.42.705,CLORURO DE SODIO,Calcio Cloruro,1.0
E.F.G.42.705,CLORURO DE POTASIO,Calcio Cloruro,1.0
E.F.G.42.706,FINASTERIDA,Finasterida,1.0
E.F.G.42.707,HIDROCLOROTIAZIDA,Hidroclorotiazida,1.0
E.F.G.42.708,HIDROCLOROTIAZIDA,Hidroclorotiazida,1.0
E.F.G.42.709,FLUCONAZOL,Fluconazol,1.0
E.F.G.42.710,HIDROCLOROTIAZIDA,Hidroclorotiazida,1.0
E.F.G.42.711,TRETINOINA,Tretinoina,1.0
E.F.G.42.711,HIDROQUINONA,Hidroquinona,1.0
E.F.G.42.712,QUETIAPINA,Quetiapina,1.0
E.F.G.42.713,ACICLOVIR,Aciclovir,1.0
E.F.G.42.717,CETIRIZINA CLORHIDRATO,Cetirizina,1.0
E.F.G.42.718,KETOCONAZOL,Ketoconazol,1.0
E.F.G.42.720,MONTELUKAST,Montelukast,1.0
E.F.G.42.722,GLIMEPIRIDA,Glimepirida,1.0
E.F.G.42.727,IBUPROFENO,Ibuprofeno,1.0
E.F.G.42.728,AZTREONAM,Aztreonam,1.0
E.F.G.42.729,METRONIDAZOL,Metronidazol,1.0
E.F.G.42.730,CLOPIDOGREL,Clopidogrel,1.0
E.F.G.42.731,DOMPERIDONA,Domperidona,1.0
E.F.G.42.734,KETOROLACO,Ketorolaco,1.0
E.F.G.42.735,HIDROCLOROTIAZIDA,Hidroclorotiazida,1.0
E.F.G.42.741,SECNIDAZOL,Secnidazol Anhidro,1.0
E.F.G.42.748,IVERMECTINA,Ivermectina,1.0
E.F.G.42.749,DULOXETINA,Duloxetina,1.0
E.F.G.42.750,CANDESARTAN,Candesartan,1.0
E.F.G.42.751,OLMESARTAN MEDOXOMILO,Olmesartan Medoxomilo,1.0
E.F.G.42.752,OLMESARTAN MEDOXOMILO,Olmesartan Medoxomilo,1.0
E.F.G.42.755,ACICLOVIR,Aciclovir,1.0
E.F.G.42.757,GENTAMICINA,Gentamicina,1.0
E.F.G.42.761,METFORMINA,Metformina,1.0
E.F.G.42.762,CANDESARTAN,Candesartan,1.0
E.F.G.42.763,RANITIDINA,Ranitidina,1.0
E.F.G.42.764,BROMHEXINA,Bromhexina,1.0
E.F.G.42.765,LORATADINA,Loratadina,1.0
E.F.G.42.766,LORATADINA,Loratadina,1.0
E.F.G.42.766,AMBROXOL CLORHIDRATO,Ambroxol,1.0
E.F.G.42.769,LACTULOSA,Lactulosa,1.0
E.F.G.42.771,LOSARTAN POTASICO,Losartan,1.0
E.F.G.42.772,IBUPROFENO,Ibuprofeno,1.0
E.F.G.42.773,FLUCONAZOL,Fluconazol,1.0
E.F.G.42.775,CARVEDILOL,Carvedilol,1.0
E.F.G.42.776,CARVEDILOL,Carvedilol,1.0
E.F.G.42.777,DEFLAZACORT,Deflazacort,1.0
E.F.G.42.778,IVERMECTINA,Ivermectina,1.0
E.F.G.42.779,AMIKACINA,Amikacina,1.0
E.F.G.42.780,CEFALEXINA,Cefalexina,1.0
E.F.G.42.782,ENALAPRIL,Enalapril,1.0
E.F.G.42.783,ENALAPRIL,Enalapril,1.0
E.F.G.42.784,MELOXICAM,Meloxicam,1.0
E.F.G.42.785,DEFLAZACORT,Deflazacort,1.0
E.F.G.42.786,MEROPENEM,Meropenem,1.0
E.F.G.42.788,CLORURO DE SODIO,Calcio Cloruro,1.0
E.F.G.42.794,ENALAPRIL,Enalapril,1.0
E.F.G.42.798,QUETIAPINA,Quetiapina,1.0
E.F.G.42.799,DEFLAZACORT,Deflazacort,1.0
E.F.G.42.800,ETORICOXIB,Etoricoxib,1.0
E.F.G.42.801,CIPROFLOXACINO,Ciprofloxacino,1.0
E.F.G.42.801,DEXAMETASONA FOSFATO SÓDICO,Dexametasona,1.0
E.F.G.42.804,RISPERIDONA,Risperidona,1.0
E.F.G.42.805,AMOXICILINA TRIHIDRATO,Amoxicilina,1.0
E.F.G.42.808,CEFADROXILO,Cefadroxilo,1.0
E.F.G.42.809,CIPROFLOXACINO,Ciprofloxacino,1.0
E.F.G.42.810,TOBRAMICINA SULFATO,Tobramicina,1.0
E.F.G.42.810,DEXAMETASONA FOSFATO SÓDICO,Dexametasona,1.0
E.F.G.42.812,CARBIDOPA,Carbidopa,1.0
E.F.G.42.812,LEVODOPA,Levodopa,1.0
E.F.G.42.816,DIAZEPAM,Diazepam,1.0
E.F.G.42.817,MEROPENEM,Meropenem,1.0
E.F.G.42.818,MEROPENEM,Meropenem,1.0
E.F.G.42.819,MELOXICAM,Meloxicam,1.0
E.F.G.42.825,AMIKACINA,Amikacina,1.0
E.F.G.42.828,PEMETREXED,Pemetrexed,1.0
E.F.G.42.830,KETOPROFENO,Ketoprofeno,1.0
E.F.G.42.832,SULBACTAM,Sulbactam,1.0
E.F.G.42.832,AMPICILINA,Ampicilina,1.0
E.F.G.42.834,AZACITIDINA,Azacitidina,1.0
E.F.G.42.835,DOXORUBICINA,Doxorubicina,1.0
E.F.G.42.836,RAMIPRIL,Ramipril,1.0
E.F.G.42.838,AZITROMICINA,Azitromicina,1.0
E.F.G.42.840,LOSARTAN POTASICO,Losartan,1.0
E.F.G.42.841,IRINOTECAN,Irinotecan,1.0
E.F.G.42.842,CARBONATO DE LITIO,Litio,1.0
E.F.G.42.843,ALBENDAZOL,Albendazol,1.0
E.F.G.42.845,CARVEDILOL,Carvedilol,1.0
E.F.G.42.846,CARVEDILOL,Carvedilol,1.0
E.F.G.42.847,CARVEDILOL,Carvedilol,1.0
E.F.G.42.848,ACIDO AZELAICO,Azelaico Acido,1.0
E.F.G.42.849,PERMETRINA,Permetrina,1.0
E.F.G.42.850,AMBROXOL,Ambroxol,1.0
E.F.G.42.851,DESLORATADINA,Desloratadina,1.0
E.F.G.42.852,LEVOCETIRIZINA,Levocetirizina,1.0
E.F.G.42.853,CEFIXIMA,Cefixima,1.0
E.F.G.42.855,CEFEPIMA,Cefepima,1.0
E.F.G.42.857,CEFADROXILO,Cefadroxilo,1.0
E.F.G.42.858,ESOMEPRAZOL MAGNESICO TRIHIDRATO,Esomeprazol Magnesico,1.0
E.F.G.42.862,TIOCOLCHICOSIDO,Tiocolchicosido,1.0
E.F.G.42.862,IBUPROFENO,Ibuprofeno,1.0
E.F.G.42.865,METFORMINA,Metformina,1.0
E.F.G.42.866,PREDNISOLONA,Prednisolona,1.0
E.F.G.42.867,GLIMEPIRIDA,Glimepirida,1.0
E.F.G.42.868,DEXAMETASONA FOSFATO SÓDICO,Dexametasona,1.0
E.F.G.42.869,CEFTRIAXONA,Ceftriaxona,1.0
E.F.G.42.870,GLICERINA,Glicerina,1.0
E.F.G.42.871,MELOXICAM,Meloxicam,1.0
E.F.G.42.874,TERBINAFINA,Terbinafina,1.0
E.F.G.42.877,CEFOTAXIMA,Cefotaxima,1.0
E.F.G.42.878,ATENOLOL,Atenolol,1.0
E.F.G.42.879,LOSARTAN POTASICO,Losartan,1.0
E.F.G.42.880,DOMPERIDONA,Domperidona,1.0
E.F.G.42.881,CIPROFLOXACINO,Ciprofloxacino,1.0
E.F.G.42.883,CIPROFLOXACINO,Ciprofloxacino,1.0
E.F.G.42.885,BETAMETASONA,Betametasona,1.0
E.F.G.42.886,PACLITAXEL,Paclitaxel,1.0
E.F.G.42.887,PACLITAXEL,Paclitaxel,1.0
E.F.G.42.888,PACLITAXEL,Paclitaxel,1.0
E.F.G.42.889,SITAGLIPTINA,Sitagliptina,1.0
E.F.G.42.890,CARVEDILOL,Carvedilol,1.0
E.F.G.42.891,ATORVASTATINA,Atorvastatina,1.0
E.F.G.42.894,MONTELUKAST,Montelukast,1.0
E.F.G.42.895,CEFTRIAXONA,Ceftriaxona,1.0
E.F.G.42.896,LOSARTAN POTASICO,Losartan,1.0
E.F.G.42.896,HIDROCLOROTIAZIDA,Hidroclorotiazida,1.0
E.F.G.42.899,ATENOLOL,Atenolol,1.0
E.F.G.42.902,CLOPIDOGREL,Clopidogrel,1.0
E.F.G.42.904,LAMIVUDINA,Lamivudina,1.0
E.F.G.42.904,TENOFOVIR DISOPROXIL FUMARATO,Tenofovir Disoproxilo,0.955
E.F.G.42.909,FINASTERIDA,Finasterida,1.0
E.F.G.42.915,VALSARTAN,Valsartan,1.0
E.F.G.42.918,GLICERINA,Glicerina,1.0
E.F.G.42.921,NIMODIPINO,Nimodipino,1.0
E.F.G.42.922,RIVAROXABAN,Rivaroxaban,1.0
E.F.G.42.923,RIVAROXABAN,Rivaroxaban,1.0
E.F.G.42.929,VANCOMICINA,Vancomicina,1.0
E.F.G.42.930,OXALIPLATINO,Oxaliplatino,1.0
E.F.G.42.931,OXALIPLATINO,Oxaliplatino,1.0
E.F.G.42.932,ACIDO ASCORBICO,Ascorbico Acido,1.0
E.F.G.42.932,ZINC,Zinc,1.0
E.F.G.42.934,MICONAZOL,Miconazol,1.0
E.F.G.42.935,SULBACTAM,Sulbactam,1.0
E.F.G.42.935,AMPICILINA,Ampicilina,1.0
E.F.G.42.940,HIDROCLOROTIAZIDA,Hidroclorotiazida,1.0
E.F.G.42.940,VALSARTAN,Valsartan,1.0
E.F.G.42.941,TAMSULOSINA,Tamsulosina,1.0
E.F.G.42.942,CETIRIZINA,Cetirizina,1.0
E.F.G.42.945,LOSARTAN POTASICO,Losartan,1.0
E.F.G.42.952,CEFOTAXIMA,Cefotaxima,1.0
E.F.G.42.953,NEPAFENACO,Nepafenaco,1.0
E.F.G.42.954,PEROXIDO DE HIDROGENO,Peroxido De Hidrogeno,1.0
E.F.G.42.956,CLOMIFENO,Clomifeno,1.0
E.F.G.42.958,DOXORUBICINA,Doxorubicina,1.0
E.F.G.42.959,TIMOLOL MALEATO,Timolol,1.0
E.F.G.42.960,CARVEDILOL,Carvedilol,1.0
E.F.G.42.963,ACIDO ASCORBICO,Ascorbico Acido,1.0
E.F.G.42.964,OLANZAPINA,Olanzapina,1.0
E.F.G.42.965,OLANZAPINA,Olanzapina,1.0
E.F.G.42.967,CILOSTAZOL,Cilostazol,1.0
E.F.G.42.969,CLORURO DE SODIO,Calcio Cloruro,1.0
E.F.G.42.969,CLORURO DE POTASIO,Calcio Cloruro,1.0
E.F.G.42.970,CLORURO DE SODIO,Calcio Cloruro,1.0
E.F.G.42.970,CLORURO DE POTASIO,Calcio Cloruro,1.0
E.F.G.42.971,DEXAMETASONA FOSFATO SÓDICO,Dexametasona,1.0
E.F.G.42.973,TOPIRAMATO,Topiramato,1.0
E.F.G.42.981,BRIMONIDINA TARTRATO,Brimonidina,1.0
E.F.G.42.987,VALSARTAN,Valsartan,1.0
E.F.G.42.988,VALSARTAN,Valsartan,1.0
E.F.G.42.989,AMITRIPTILINA,Amitriptilina,1.0
E.F.G.42.995,BISOPROLOL FUMARATO,Bisoprolol,1.0
E.F.G.42.997,VILDAGLIPTINA,Vildagliptina,1.0
E.F.G.42.997,METFORMINA,Metformina,1.0
E.F.G.42.998,PANTOPRAZOL,Pantoprazol,1.0
E.F.G.42.999,ESOMEPRAZOL MAGNESICO TRIHIDRATO,Esomeprazol Magnesico,1.0
E.F.G.43.001,ACIDO FOLICO,Folico Acido,1.0
E.F.G.43.003,CLARITROMICINA,Claritromicina,1.0
E.F.G.43.004,VALSARTAN,Valsartan,1.0
E.F.G.43.006,IBUPROFENO,Ibuprofeno,1.0
E.F.G.43.007,IBUPROFENO,Ibuprofeno,1.0
E.F.G.43.008,IBUPROFENO,Ibuprofeno,1.0
E.F.G.43.009,CANDESARTAN,Candesartan,1.0
E.F.G.43.010,DESLORATADINA,Desloratadina,1.0
E.F.G.43.010,MONTELUKAST,Montelukast,1.0
E.F.G.43.012,DEXAMETASONA FOSFATO SÓDICO,Dexametasona,1.0
E.F.G.43.015,PROPRANOLOL,Propranolol,1.0
E.F.G.43.016,TAMSULOSINA,Tamsulosina,1.0
E.F.G.43.017,MEMANTINA,Memantina,1.0
E.F.G.43.018,VALSARTAN,Valsartan,1.0
E.F.G.43.020,CLOTRIMAZOL,Clotrimazol,1.0
E.F.G.43.021,CANDESARTAN,Candesartan,1.0
E.F.G.43.021,HIDROCLOROTIAZIDA,Hidroclorotiazida,1.0
E.F.G.43.022,IBUPROFENO,Ibuprofeno,1.0
E.F.G.43.023,VALSARTAN,Valsartan,1.0
E.F.G.43.024,FLUNARIZINA,Flunarizina,1.0
E.F.G.43.027,ACIDO RISEDRONICO,Risedronico Acido,1.0
E.F.G.43.028,KETOROLACO,Ketorolaco,1.0
E.F.G.43.029,MONTELUKAST,Montelukast,1.0
E.F.G.43.030,VALSARTAN,Valsartan,1.0
E.F.G.43.031,HIDROCLOROTIAZIDA,Hidroclorotiazida,1.0
E.F.G.43.031,VALSARTAN,Valsartan,1.0
E.F.G.43.032,MONTELUKAST,Montelukast,1.0
E.F.G.43.033,SIMVASTATINA,Simvastatina,1.0
E.F.G.43.034,BETAHISTINA CLORHIDRATO,Betahistina,1.0
E.F.G.43.036,CIPROFLOXACINO,Ciprofloxacino,1.0
E.F.G.43.038,METRONIDAZOL,Metronidazol,1.0
E.F.G.43.045,DICLOFENAC POTASICO,Diclofenaco,0.909
E.F.G.43.046,BESILATO DE AMLODIPINA,Amlodipino,0.9
E.F.G.43.047,METRONIDAZOL,Metronidazol,1.0
E.F.G.43.048,CLONAZEPAM,Clonazepam,1.0
E.F.G.43.051,NITROFURANTOINA,Nitrofurantoina,1.0
E.F.G.43.052,UNDECANOATO DE TESTOSTERONA,Testosterona Undecanoato,1.0
E.F.G.43.052,TESTOSTERONA PROPIONATO,Testosterona Propionato,1.0
E.F.G.43.053,AMIKACINA SULFATO,Amikacina,1.0
E.F.G.43.056,METFORMINA,Metformina,1.0
E.F.G.43.057,METFORMINA,Metformina,1.0
E.F.G.43.058,METFORMINA,Metformina,1.0
E.F.G.43.059,CLORHIDRATO DE PIRIDOXINA,Piridoxina,1.0
E.F.G.43.060,HICLATO DE DOXICICLINA,Doxiciclina Hiclato,1.0
E.F.G.43.062,ALOPURINOL,Alopurinol,1.0
E.F.G.43.064,ROSUVASTATINA,Rosuvastatina,1.0
E.F.G.43.067,DORZOLAMIDA,Dorzolamida,1.0
E.F.G.43.067,TIMOL,Timol,1.0
E.F.G.43.068,BESILATO DE AMLODIPINA,Amlodipino,0.9
E.F.G.43.071,ACETAMINOFEN,Acetaminofen,1.0
E.F.G.43.075,PIROXICAM,Piroxicam,1.0
E.F.G.43.077,CARBOPLATINO,Carboplatino,1.0
E.F.G.43.078,CARBOPLATINO,Carboplatino,1.0
E.F.G.43.079,CISPLATINO,Cisplatino,1.0
E.F.G.43.081,LOSARTAN POTASICO,Losartan,1.0
E.F.G.43.082,LOSARTAN POTASICO,Losartan,1.0
E.F.G.43.083,PROPRANOLOL,Propranolol,1.0
E.F.G.43.084,CISPLATINO,Cisplatino,1.0
E.F.G.43.085,FLUOXETINA,Fluoxetina,1.0
E.F.G.43.087,GEMCITABINA,Gemcitabina,1.0
E.F.G.43.088,GEMCITABINA,Gemcitabina,1.0
E.F.G.43.091,DESLORATADINA,Desloratadina,1.0
E.F.G.43.092,DESLORATADINA,Desloratadina,1.0
E.F.G.43.093,HIDROCLOROTIAZIDA,Hidroclorotiazida,1.0
E.F.G.43.094,ACIDO IBANDRONICO,Acido Ibandronico Sodio Monohidrato,1.0
E.F.G.43.095,CITICOLINA,Citicolina,1.0
E.F.G.43.097,AMOXICILINA,Amoxicilina,1.0
E.F.G.43.101,CLORTALIDONA,Clortalidona,1.0
E.F.G.43.102,TERBINAFINA,Terbinafina,1.0
E.F.G.43.103,OXALIPLATINO,Oxaliplatino,1.0
E.F.G.43.104,OXALIPLATINO,Oxaliplatino,1.0
E.F.G.43.105,PEMETREXED,Pemetrexed,1.0
E.F.G.43.106,PEMETREXED,Pemetrexed,1.0
E.F.G.43.107,BORTEZOMIB,Bortezomib,1.0
E.F.G.43.108,ETOPOSIDO,Etoposido,1.0
E.F.G.43.109,LOPERAMIDA,Loperamida,1.0
E.F.G.43.110,ALPRAZOLAM,Alprazolam,1.0
E.F.G.43.111,BETAHISTINA CLORHIDRATO,Betahistina,1.0
E.F.G.43.113,CLORURO DE SODIO,Calcio Cloruro,1.0
E.F.G.43.115,LEVOSULPIRIDA,Levosulpirida,1.0
E.F.G.43.118,PACLITAXEL,Paclitaxel,1.0
E.F.G.43.119,TERBINAFINA,Terbinafina,1.0
E.F.G.43.121,DOCETAXEL,Docetaxel,1.0
E.F.G.43.123,ALPRAZOLAM,Alprazolam,1.0
E.F.G.43.124,MIRTAZAPINA,Mirtazapina,1.0
E.F.G.43.126,ATORVASTATINA,Atorvastatina,1.0
E.F.G.43.127,FLUOROURACILO,Fluorouracilo,1.0
E.F.G.43.129,CLOPIDOGREL,Clopidogrel,1.0
E.F.G.43.130,ROSUVASTATINA,Rosuvastatina,1.0
E.F.G.43.131,ROSUVASTATINA,Rosuvastatina,1.0
E.F.G.43.135,SALBUTAMOL,Salbutamol,1.0
E.F.G.43.137,AZITROMICINA,Azitromicina,1.0
E.F.G.43.138,DEXAMETASONA FOSFATO SÓDICO,Dexametasona,1.0
E.F.G.43.138,TOBRAMICINA SULFATO,Tobramicina,1.0
E.F.G.43.139,BROMURO DE IPRATROPIO,Bromuro De Ipratropio Monohidratado,1.0
E.F.G.43.140,LEVOTIROXINA SODICA,Levotiroxina,1.0
E.F.G.43.141,LEVOTIROXINA SODICA,Levotiroxina,1.0
E.F.G.43.142,VENLAFAXINA,Venlafaxina,1.0
E.F.G.43.143,BROMURO DE VECURONIO,Rocuronio Bromuro,0.889
E.F.G.43.144,DOXORUBICINA,Doxorubicina,1.0
E.F.G.43.145,DOXORUBICINA,Doxorubicina,1.0
E.F.G.43.147,HIDROCLOROTIAZIDA,Hidroclorotiazida,1.0
E.F.G.43.148,HIDROCLOROTIAZIDA,Hidroclorotiazida,1.0
E.F.G.43.149,AMOXICILINA,Amoxicilina,1.0
E.F.G.43.151,PROPOFOL,Propofol,1.0
E.F.G.43.152,BENDAMUSTINA,Bendamustina,1.0
E.F.G.43.153,AZACITIDINA,Azacitidina,1.0
E.F.G.43.154,DOXORUBICINA,Doxorubicina,1.0
E.F.G.43.161,KETOPROFENO,Ketoprofeno,1.0
E.F.G.43.162,METFORMINA,Metformina,1.0
E.F.G.43.163,ESCITALOPRAM,Escitalopram,1.0
E.F.G.43.170,KETOPROFENO,Ketoprofeno,1.0
E.F.G.43.171,SULBACTAM,Sulbactam,1.0
E.F.G.43.172,ROSUVASTATINA,Rosuvastatina,1.0
E.F.G.43.173,CLINDAMICINA,Clindamicina,1.0
E.F.G.43.174,CEFADROXILO,Cefadroxilo,1.0
E.F.G.43.176,TADALAFILO,Tadalafilo,1.0
E.F.G.43.177,PREDNISOLONA,Prednisolona,1.0
E.F.G.43.178,ETANOL,Etanol,1.0
E.F.G.43.179,LATANOPROST,Latanoprost,1.0
E.F.G.43.180,PACLITAXEL,Paclitaxel,1.0
E.F.G.43.182,DORZOLAMIDA CLORHIDRATO,Dorzolamida,1.0
E.F.G.43.183,GANCICLOVIR,Ganciclovir,1.0
E.F.G.43.184,HIDROXIUREA,Hidroxiurea,1.0
E.F.G.43.185,PREGABALINA,Pregabalina,1.0
E.F.G.43.186,PREGABALINA,Pregabalina,1.0
E.F.G.43.188,LOSARTAN POTASICO,Losartan,1.0
E.F.G.43.191,SALBUTAMOL,Salbutamol,1.0
E.F.G.43.193,MELOXICAM,Meloxicam,1.0
E.F.G.43.194,MOMETASONA,Mometasona,1.0
E.F.G.43.196,CARBAMAZEPINA,Carbamazepina,1.0
E.F.G.43.197,BROMURO DE ROCURONIO,Rocuronio Bromuro,1.0
E.F.G.43.200,DOCETAXEL,Docetaxel,1.0
E.F.G.43.201,DOCETAXEL,Docetaxel,1.0
E.F.G.43.202,DEXTROMETORFANO,Dextrometorfano,1.0
E.F.G.43.203,OXITOCINA,Oxitocina,1.0
E.F.G.43.207,ZOPICLONA,Zopiclona,1.0
E.F.G.43.208,ENALAPRIL,Enalapril,1.0
E.F.G.43.209,ENALAPRIL,Enalapril,1.0
E.F.G.43.212,METRONIDAZOL,Metronidazol,1.0
E.F.G.43.216,EPIRUBICINA CLORHIDRATO,Epirubicina,1.0
E.F.G.43.217,EPIRUBICINA CLORHIDRATO,Epirubicina,1.0
E.F.G.43.231,CAPECITABINA,Capecitabina,1.0
E.F.G.43.232,ERLOTINIB,Erlotinib,1.0
E.F.G.43.238,BETAHISTINA CLORHIDRATO,Betahistina,1.0
E.F.G.43.240,DOCETAXEL,Docetaxel,1.0
E.F.G.43.241,SALBUTAMOL,Salbutamol,1.0
E.F.G.43.242,PACLITAXEL,Paclitaxel,1.0
E.F.G.43.245,LETROZOL,Letrozol,1.0
E.F.G.43.246,ACIDO FOLICO,Folico Acido,1.0
E.F.G.43.247,IBUPROFENO,Ibuprofeno,1.0
E.F.G.43.248,MONTELUKAST,Montelukast,1.0
E.F.G.43.249,IBUPROFENO,Ibuprofeno,1.0
E.F.G.43.253,LORATADINA,Loratadina,1.0
E.F.G.43.254,AZITROMICINA,Azitromicina,1.0
E.F.G.43.255,LORATADINA,Loratadina,1.0
E.F.G.43.256,ALBENDAZOL,Albendazol,1.0
E.F.G.43.257,CANDESARTAN,Candesartan,1.0
E.F.G.43.259,METFORMINA,Metformina,1.0
E.F.G.43.259,SITAGLIPTINA,Sitagliptina,1.0
E.F.G.43.260,HIDROCLOROTIAZIDA,Hidroclorotiazida,1.0
E.F.G.43.260,VALSARTAN,Valsartan,1.0
E.F.G.43.261,SALMETEROL,Salmeterol,1.0
E.F.G.43.264,LOSARTAN POTASICO,Losartan,1.0
E.F.G.43.265,MELOXICAM,Meloxicam,1.0
E.F.G.43.266,CIPROFLOXACINO,Ciprofloxacino,1.0
E.F.G.43.269,TIOCOLCHICOSIDO,Tiocolchicosido,1.0
E.F.G.43.271,DESLORATADINA,Desloratadina,1.0
E.F.G.43.274,KETOCONAZOL,Ketoconazol,1.0
E.F.G.43.275,ALPRAZOLAM,Alprazolam,1.0
E.F.G.43.276,LORATADINA,Loratadina,1.0
E.F.G.43.277,LENALIDOMIDA,Lenalidomida,1.0
E.F.G.43.280,LENALIDOMIDA,Lenalidomida,1.0
E.F.G.43.281,LENALIDOMIDA,Lenalidomida,1.0
E.F.G.43.286,IBUPROFENO,Ibuprofeno,1.0
E.F.G.43.288,ALBENDAZOL,Albendazol,1.0
E.F.G.43.289,IBUPROFENO,Ibuprofeno,1.0
E.F.G.43.290,CLOTRIMAZOL,Clotrimazol,1.0
E.F.G.43.292,CLOTRIMAZOL,Clotrimazol,1.0
E.F.G.43.294,METRONIDAZOL,Metronidazol,1.0
E.F.G.43.295,DESLORATADINA,Desloratadina,1.0
E.F.G.43.296,CLONAZEPAM,Clonazepam,1.0
E.F.G.43.297,LEVONORGESTREL,Levonorgestrel,1.0
E.F.G.43.302,CLORURO DE SODIO,Calcio Cloruro,1.0
E.F.G.43.310,ACIDO TRANEXAMICO,Tranexamico Acido,1.0
E.F.G.43.314,VALSARTAN,Valsartan,1.0
E.F.G.43.315,METRONIDAZOL,Metronidazol,1.0
E.F.G.43.328,ALPRAZOLAM,Alprazolam,1.0
E.F.G.43.329,ACETAMINOFEN,Acetaminofen,1.0
E.F.G.43.330,TADALAFILO,Tadalafilo,1.0
E.F.G.43.331,TADALAFILO,Tadalafilo,1.0
E.F.G.43.334,ADAPALENO,Adapaleno,1.0
E.F.G.43.339,CLORURO DE SODIO,Calcio Cloruro,1.0
E.F.G.43.348,HESPERIDINA,Hesperidina,1.0
E.F.G.43.349,HIDROCLOROTIAZIDA,Hidroclorotiazida,1.0
E.F.G.43.351,TRAVOPROST,Travoprost,1.0
E.F.G.43.355,LORATADINA,Loratadina,1.0
E.F.G.43.358,LOSARTAN POTASICO,Losartan,1.0
E.F.G.43.362,FLUCONAZOL,Fluconazol,1.0
E.F.G.43.368,CETIRIZINA CLORHIDRATO,Cetirizina,1.0
E.F.G.43.375,CLOPIDOGREL,Clopidogrel,1.0
E.F.G.43.376,LOSARTAN POTASICO,Losartan,1.0
E.F.G.43.380,CARBAMAZEPINA,Carbamazepina,1.0
E.F.G.43.383,AMBROXOL CLORHIDRATO,Ambroxol,1.0
E.F.G.43.383,LORATADINA,Loratadina,1.0
E.F.G.43.384,CLOTRIMAZOL,Clotrimazol,1.0
E.F.G.43.385,CLOTRIMAZOL,Clotrimazol,1.0
E.F.G.43.391,CILOSTAZOL,Cilostazol,1.0
E.F.G.43.392,LOSARTAN POTASICO,Losartan,1.0
E.F.G.43.393,METRONIDAZOL,Metronidazol,1.0
E.F.G.43.395,CLONAZEPAM,Clonazepam,1.0
E.F.G.43.400,CARBOCISTEINA,Carbocisteina,1.0
E.F.G.43.402,RIFAXIMINA,Rifaximina,1.0
E.F.G.43.407,DESLORATADINA,Desloratadina,1.0
E.F.G.43.417,PROPOFOL,Propofol,1.0
E.F.G.43.418,PROPOFOL,Propofol,1.0
E.F.G.43.420,CIPROFLOXACINO,Ciprofloxacino,1.0
E.F.G.43.423,GLIMEPIRIDA,Glimepirida,1.0
E.F.G.43.427,ACETAMINOFEN,Acetaminofen,1.0
E.F.G.43.429,FLUCONAZOL,Fluconazol,1.0
E.F.G.43.433,CARVEDILOL,Carvedilol,1.0
E.F.G.43.438,AZELASTINA CLORHIDRATO,Azelastina,1.0
E.F.G.43.443,PREGABALINA,Pregabalina,1.0
E.F.G.43.444,PREGABALINA,Pregabalina,1.0
E.F.G.43.448,TOLNAFTATO,Tolnaftato,1.0
E.F.G.43.450,TADALAFILO,Tadalafilo,1.0
E.F.G.43.456,GLICLAZIDA,Gliclazida,1.0
E.F.G.43.463,SIMETICONA,Simeticona,1.0
E.F.G.43.495,DICLOFENACO POTASICO,Diclofenaco,1.0
E.F.G.43.497,IRBESARTAN,Irbesartan,1.0
E.F.G.43.498,FUMARATO DE BISOPROLOL,Bisoprolol,1.0
E.F.G.43.510,MELOXICAM,Meloxicam,1.0
E.F.G.43.512,ACICLOVIR,Aciclovir,1.0
E.F.G.43.512,FOSFATO DE HIDROGENO DISODICO ANHIDRO,Sodio Hidrogeno Carbonato,1.0
E.F.G.43.512,PARAFINA BLANDA BLANCA,Parafina Blanda,0.944
E.F.G.43.524,ACICLOVIR,Aciclovir,1.0
E.F.G.43.525,CLOPIDOGREL BISULFATO,Clopidogrel,1.0
E.F.G.43.526,ACIDO FOLICO,Folico Acido,1.0
E.F.G.43.527,FUMARATO DE BISOPROLOL,Bisoprolol,1.0
E.F.G.43.528,FLUOXETINA,Fluoxetina,1.0
E.F.G.43.529,CARVEDILOL,Carvedilol,1.0
E.F.G.43.530,BESILATO DE AMLODIPINA,Amlodipino,0.9
E.F.G.43.531,LEVOFLOXACINA HEMIHIDRATO,Levofloxacino,0.923
E.F.G.43.534,ACETAMINOFEN,Acetaminofen,1.0
E.F.G.43.535,AZITROMICINA,Azitromicina,1.0
E.F.G.43.536,TRIAMCINOLONA ACETONIDO,Triamcinolona Acetonido,1.0
E.F.G.43.537,MEDROXIPROGESTERONA ACETATO,Medroxiprogesterona,1.0
E.F.G.43.539,IRBESARTAN,Irbesartan,1.0
E.F.G.43.540,PARACETAMOL,Paracetamol,1.0
E.F.G.43.542,ACIDO MEFENAMICO,Mefenamico Acido,1.0
E.F.G.43.543,MONTELUKAST SÓDICO,Montelukast,1.0
E.F.G.43.543,DESLORATADINA,Desloratadina,1.0
E.F.G.43.544,MONTELUKAST,Montelukast,1.0
E.F.G.43.546,CIPROFLOXACINO CLORHIDRATO,Ciprofloxacino,1.0
E.F.G.43.550,ATORVASTATINA CALCICA,Atorvastatina,1.0
E.F.G.43.552,MESILATO DE IMATINIB,Imatinib Mesilato,1.0
E.F.G.43.555,GLIBENCLAMIDA MICRONIZADA,Glibenclamida,1.0
E.F.G.43.557,ETORICOXIB,Etoricoxib,1.0
E.F.G.43.558,CIPROFLOXACINO CLORHIDRATO,Ciprofloxacino,1.0
E.F.G.43.559,LORATADINA,Loratadina,1.0
E.F.G.43.562,ATORVASTATINA CALCICA,Atorvastatina,1.0
E.F.G.43.565,LORATADINA,Loratadina,1.0
E.F.G.43.567,FUMARATO DE BISOPROLOL,Bisoprolol,1.0
E.F.G.43.570,DESLORATADINA,Desloratadina,1.0
E.F.G.43.570,MONTELUKAST,Montelukast,1.0
E.F.G.43.582,METILDIGOXINA,Metildigoxina,1.0
E.F.G.43.584,DIACEREINA,Diacereina,1.0
E.F.G.43.591,DOXORUBICINA CLORHIDRATO,Doxorubicina,1.0
E.F.G.43.595,FUMARATO DE BISOPROLOL,Bisoprolol,1.0
E.F.G.43.596,MONTELUKAST,Montelukast,1.0
E.F.G.43.596,DESLORATADINA,Desloratadina,1.0
E.F.G.43.599,METRONIDAZOL,Metronidazol,1.0
E.F.G.43.601,MINOXIDIL,Minoxidil,1.0
E.F.G.43.604,LOSARTAN POTASICO,Losartan,1.0
E.F.G.43.605,FUMARATO DE BISOPROLOL,Bisoprolol,1.0
E.F.G.43.606,IRBESARTAN,Irbesartan,1.0
E.F.G.43.607,IRBESARTAN,Irbesartan,1.0
E.F.G.43.619,CLORHIDRATO DE LERCANIDIPINO,Lercanidipino,1.0
E.F.G.43.619,MALEATO DE ENALAPRIL,Enalapril,1.0
E.F.G.43.620,CLORHIDRATO DE LERCANIDIPINO,Lercanidipino,1.0
E.F.G.43.620,MALEATO DE ENALAPRIL,Enalapril,1.0
E.F.G.43.621,RIVAROXABAN,Rivaroxaban,1.0
E.F.G.43.623,MANITOL,Manitol,1.0
E.F.G.43.624,RIVAROXABAN,Rivaroxaban,1.0
E.F.G.43.625,METRONIDAZOL,Metronidazol,1.0
E.F.G.43.626,BISACODILO,Bisacodilo,1.0
E.F.G.43.628,ATENOLOL,Atenolol,1.0
E.F.G.43.629,TIZANIDINA,Tizanidina,1.0
E.F.G.43.633,BIMATOPROST,Bimatoprost,1.0
E.F.G.43.636,IBUPROFENO,Ibuprofeno,1.0
E.F.G.43.639,ACETAMINOFEN,Acetaminofen,1.0
E.F.G.43.640,CLORHIDRATO DE AMBROXOL,Ambroxol,1.0
E.F.G.43.644,CLORURO DE SODIO,Calcio Cloruro,1.0
E.F.G.43.648,FUMARATO DE BISOPROLOL,Bisoprolol,1.0
E.F.G.43.651,ACIDO ASCORBICO,Ascorbico Acido,1.0
E.F.G.43.651,ASCORBATO DE SODIO,Ascorbato Sodio,1.0
E.F.G.43.654,METRONIDAZOL,Metronidazol,1.0
E.F.G.43.655,CLOTRIMAZOL,Clotrimazol,1.0
E.F.G.43.660,LEVODOPA,Levodopa,1.0
E.F.G.43.660,CARBIDOPA,Carbidopa,1.0
E.F.G.43.663,SULFATO DE POLIMIXINA B,Polimixina B,1.0
E.F.G.43.663,SULFATO DE NEOMICINA,Neomicina,1.0
E.F.G.43.663,DEXAMETASONA FOSFATO SÓDICO,Dexametasona,1.0
E.F.G.43.664,ACETAMINOFEN,Acetaminofen,1.0
E.F.G.43.665,NAPROXENO,Naproxeno,1.0
E.F.G.43.667,GLIMEPIRIDA,Glimepirida,1.0
E.F.G.43.668,RIVAROXABAN,Rivaroxaban,1.0
E.F.G.43.671,CLORURO DE SODIO,Calcio Cloruro,1.0
E.F.G.43.673,FUMARATO DE BISOPROLOL,Bisoprolol,1.0
E.F.G.43.675,OMEPRAZOL PELLET 7.5%,(+)-tetrabenazina,nan
E.F.G.43.675,OMEPRAZOL,Omeprazol,1.0
E.F.G.43.678,IBUPROFENO,Ibuprofeno,1.0
E.F.G.43.681,CETIRIZINA DICLORHIDRATO,Cetirizina,1.0
E.F.G.43.685,TADALAFILO,Tadalafilo,1.0
E.F.G.43.687,TADALAFILO,Tadalafilo,1.0
E.F.G.43.690,CITRATO DE SILDENAFIL,Sildenafilo,0.909
E.F.G.43.691,ATORVASTATINA CALCICA,Atorvastatina,1.0
E.F.G.43.702,MELOXICAM,Meloxicam,1.0
E.F.G.43.703,OXITOCINA,Oxitocina,1.0
E.F.G.43.704,TEMOZOLOMIDA,Temozolomida,1.0
E.F.G.43.705,LEVOFLOXACINA HEMIHIDRATO,Levofloxacino,0.923
E.F.G.43.706,IBUPROFENO,Ibuprofeno,1.0
E.F.G.43.706,TIOCOLCHICOSIDO,Tiocolchicosido,1.0
E.F.G.43.707,ACETAMINOFEN,Acetaminofen,1.0
E.F.G.43.708,MALEATO DE ENALAPRIL,Enalapril,1.0
E.F.G.43.709,CLORHIDRATO DE LOPERAMIDA,Loperamida,1.0
E.F.G.43.709,LOPERAMIDA,Loperamida,1.0
E.F.G.43.719,DICLOFENACO POTASICO,Diclofenaco,1.0
E.F.G.43.724,LOSARTAN POTASICO,Losartan,1.0
E.F.G.43.727,BACITRACINA,Bacitracina,1.0
E.F.G.43.729,LEVETIRACETAM,Levetiracetam,1.0
E.F.G.43.730,TIOCOLCHICOSIDO,Tiocolchicosido,1.0
E.F.G.43.731,MUPIROCINA,Mupirocina,1.0
E.F.G.43.732,CLORURO DE SODIO,Calcio Cloruro,1.0
E.F.G.43.733,GELATINA,Gelatina,1.0
E.F.G.43.733,FLUCONAZOL,Fluconazol,1.0
E.F.G.43.734,ARIPIPRAZOL,Aripiprazol,1.0
E.F.G.43.735,CLORHIDRATO DE DEXMEDETOMIDINA,Dexmedetomidina,1.0
E.F.G.43.736,CLORHIDRATO DE REMIFENTANILO,Remifentanilo,1.0
E.F.G.43.737,METFORMINA CLORHIDRATO,Metformina,1.0
E.F.G.43.739,ATORVASTATINA,Atorvastatina,1.0
E.F.G.43.740,ITRACONAZOL,Itraconazol,1.0
E.F.G.43.745,FUMARATO DE BISOPROLOL,Bisoprolol,1.0
E.F.G.43.747,CLORHIDRATO DE BROMHEXINA,Bromhexina,1.0
E.F.G.43.749,AMOXICILINA TRIHIDRATO,Amoxicilina,1.0
E.F.G.43.749,ACIDO CLAVULANICO,Clavulanico Acido,1.0
E.F.G.43.750,METRONIDAZOL,Metronidazol,1.0
E.F.G.43.751,CLOTRIMAZOL,Clotrimazol,1.0
E.F.G.43.759,LEVOFLOXACINA HEMIHIDRATO,Levofloxacino,0.923
E.F.G.43.760,LEVOFLOXACINA HEMIHIDRATO,Levofloxacino,0.923
E.F.G.43.760,LEVOFLOXACINA,Levofloxacino,0.923
E.F.G.43.761,DESLORATADINA,Desloratadina,1.0
E.F.G.43.762,FINASTERIDA,Finasterida,1.0
E.F.G.43.768,MELOXICAM,Meloxicam,1.0
E.F.G.43.772,METFORMINA CLORHIDRATO,Metformina,1.0
E.F.G.43.774,MUPIROCINA,Mupirocina,1.0
E.F.G.43.774,CETIRIZINA,Cetirizina,1.0
E.F.G.43.774,CETIRIZINA,Cetirizina,1.0
E.F.G.43.782,MESILATO DE IMATINIB,Imatinib Mesilato,1.0
E.F.G.43.783,CARBAMAZEPINA,Carbamazepina,1.0
E.F.G.43.784,MONTELUKAST SODICO,Montelukast,1.0
E.F.G.43.787,ESOMEPRAZOL MAGNESIO TRIHIDRATO,Esomeprazol Magnesio Trihidrato,1.0
E.F.G.43.789,DEXTROSA ANHIDRA,Dextrosa,1.0
E.F.G.43.789,CLORURO DE SODIO,Calcio Cloruro,1.0
E.F.G.43.790,GLICERINA,Glicerina,1.0
E.F.G.43.798,DICLOFENACO POTASICO,Diclofenaco,1.0
E.F.G.43.799,AMIODARONA CLORHIDRATO,Amiodarona,1.0
E.F.G.43.801,FUMARATO DE BISOPROLOL,Bisoprolol,1.0
E.F.G.43.804,BESILATO DE AMLODIPINA,Amlodipino,0.9
E.F.G.43.805,BESILATO DE AMLODIPINA,Amlodipino,0.9
E.F.G.43.808,METFORMINA CLORHIDRATO,Metformina,1.0
E.F.G.43.816,HIDROCLOROTIAZIDA,Hidroclorotiazida,1.0
E.F.G.43.817,LEVOFLOXACINA,Levofloxacino,0.923
E.F.G.43.818,AMOXICILINA TRIHIDRATO,Amoxicilina,1.0
E.F.G.43.818,CLAVULANATO DE POTASIO,Clavulanato Potasio,1.0
E.F.G.43.819,AMOXICILINA TRIHIDRATO,Amoxicilina,1.0
E.F.G.43.819,CLAVULANATO DE POTASIO,Clavulanato Potasio,1.0
E.F.G.43.820,RIVAROXABAN,Rivaroxaban,1.0
E.F.G.43.820,RIVAROXABAN,Rivaroxaban,1.0
E.F.G.43.821,OLOPATADINA,Olopatadina,1.0
E.F.G.43.825,ESCITALOPRAM,Escitalopram,1.0
E.F.G.43.830,CETIRIZINA CLORHIDRATO,Cetirizina,1.0
E.F.G.43.831,LEVODROPROPIZINA,Levodropropizina,1.0
E.F.G.43.836,ACIDO FOLICO,Folico Acido,1.0
E.F.G.43.837,ACIDO FOLICO,Folico Acido,1.0
E.F.G.43.838,AZITROMICINA DIHIDRATO,Azitromicina,1.0
E.F.G.43.840,METFORMINA CLORHIDRATO,Metformina,1.0
E.F.G.43.841,GLUCOSA,Glucosa,1.0
E.F.G.43.841,CLORURO DE SODIO,Calcio Cloruro,1.0
E.F.G.43.842,CLORHIDRATO DE SERTRALINA,Sertralina,1.0
E.F.G.43.842,SERTRALINA,Sertralina,1.0
E.F.G.43.846,ALBENDAZOL,Albendazol,1.0
E.F.G.43.849,GLUCOSA,Glucosa,1.0
E.F.G.43.849,CLORURO DE SODIO,Calcio Cloruro,1.0
E.F.G.43.852,HIDROCLOROTIAZIDA,Hidroclorotiazida,1.0
E.F.G.43.856,FEXOFENADINA CLORHIDRATO,Fexofenadina,1.0
E.F.G.43.856,FEXOFENADINA CLORHIDRATO,Fexofenadina,1.0
E.F.G.43.857,FEXOFENADINA CLORHIDRATO,Fexofenadina,1.0
E.F.G.43.860,GLICERINA,Glicerina,1.0
E.F.G.43.862,OXCARBAZEPINA,Oxcarbazepina,1.0
E.F.G.43.868,HIDROCLOROTIAZIDA,Hidroclorotiazida,1.0
E.F.G.43.870,KETOPROFENO,Ketoprofeno,1.0
E.F.G.43.873,FUMARATO DE BISOPROLOL,Bisoprolol,1.0
E.F.G.43.873,FUMARATO DE BISOPROLOL,Bisoprolol,1.0
E.F.G.43.874,PENTOXIFILINA,Pentoxifilina,1.0
E.F.G.43.875,CETIRIZINA CLORHIDRATO,Cetirizina,1.0
E.F.G.43.877,GLICERINA,Glicerina,1.0
E.F.G.43.882,IBUPROFENO,Ibuprofeno,1.0
E.F.G.43.886,FLUCONAZOL,Fluconazol,1.0
E.F.G.43.890,LEVOSULPIRIDA,Levosulpirida,1.0
E.F.G.43.891,ATENOLOL,Atenolol,1.0
E.F.G.43.892,ATENOLOL,Atenolol,1.0
E.F.G.43.893,LOSARTAN POTASICO,Losartan,1.0
E.F.G.43.894,CLORHIDRATO DE SERTRALINA,Sertralina,1.0
E.F.G.43.898,MONOHIDRATO DE CEFALEZINA,Cefalexina,0.9
E.F.G.43.901,AMLODIPINA,Amlodipino,0.9
E.F.G.43.902,AMLODIPINA,Amlodipino,0.9
E.F.G.43.903,DICLOFENAC SODICO,Diclofenaco,0.909
E.F.G.43.904,FLUCONAZOL,Fluconazol,1.0
E.F.G.43.907,CLOTRIMAZOL,Clotrimazol,1.0
E.F.G.43.908,CLORHIDRATO DE BUPIVACAINA,Bupivacaina,1.0
E.F.G.43.909,ESCITALOPRAM,Escitalopram,1.0
E.F.G.43.915,TOPIRAMATO,Topiramato,1.0
E.F.G.43.916,CLORHIDRATO DE LIDOCAINA,Lidocaina,1.0
E.F.G.43.916,ADRENALINA,Adrenalina,1.0
E.F.G.43.918,KETOPROFENO,Ketoprofeno,1.0
E.F.G.43.919,CLOTRIMAZOL,Clotrimazol,1.0
E.F.G.43.920,CLOTRIMAZOL,Clotrimazol,1.0
E.F.G.43.921,CLINDAMICINA,Clindamicina,1.0
E.F.G.43.921,KETOCONAZOL,Ketoconazol,1.0
E.F.G.43.925,CLORHIDRATO DE METFORMINA CD 95%,(+)-tetrabenazina,nan
E.F.G.43.925,METFORMINA CLORHIDRATO,Metformina,1.0
E.F.G.43.927,METRONIDAZOL,Metronidazol,1.0
E.F.G.43.927,MICONAZOL,Miconazol,1.0
E.F.G.43.928,BACITRACINA ZINC,Bacitracina-zinc,1.0
E.F.G.43.929,GLUCOSA MONOHIDRATO,Glucosa,1.0
E.F.G.43.930,CARVEDILOL,Carvedilol,1.0
E.F.G.43.931,CARVEDILOL,Carvedilol,1.0
E.F.G.43.931,CARVEDILOL,Carvedilol,1.0
E.F.G.43.932,CARVEDILOL,Carvedilol,1.0
E.F.G.43.935,PREDNISONA,Prednisona,1.0
E.F.G.43.936,DESLORATADINA,Desloratadina,1.0
E.F.G.43.936,MONTELUKAST,Montelukast,1.0
E.F.G.43.937,PREDNISONA,Prednisona,1.0
E.F.G.43.938,MEBENDAZOL,Mebendazol,1.0
E.F.G.43.942,DORZOLAMIDA CLORHIDRATO,Dorzolamida,1.0
E.F.G.43.942,TIMOLOL MALEATO,Timolol,1.0
E.F.G.43.950,CLOPIDOGREL BISULFATO,Clopidogrel,1.0
E.F.G.43.951,DICLOFENACO POTASICO,Diclofenaco,1.0
E.F.G.43.952,ATORVASTATINA CALCICA,Atorvastatina,1.0
E.F.G.43.953,ACETAMINOFEN,Acetaminofen,1.0
E.F.G.43.954,AMOXICILINA TRIHIDRATO,Amoxicilina,1.0
E.F.G.43.954,CLAVULANATO DE POTASIO,Clavulanato Potasio,1.0
E.F.G.43.956,NITRATO DE MICONAZOL,Miconazol,1.0
E.F.G.43.956,METRONIDAZOL,Metronidazol,1.0
E.F.G.43.957,ACETAMINOFEN,Acetaminofen,1.0
E.F.G.43.962,DICLOFENACO POTASICO,Diclofenaco,1.0
E.F.G.43.963,GLICERINA,Glicerina,1.0
E.F.G.43.966,CLORHIDRATO DE LERCANIDIPINO,Lercanidipino,1.0
E.F.G.43.966,ACETAMINOFEN,Acetaminofen,1.0
E.F.G.43.967,GLICERINA,Glicerina,1.0
E.F.G.43.968,ACETAMINOFEN,Acetaminofen,1.0
E.F.G.43.968,ACETAMINOFEN,Acetaminofen,1.0
E.F.G.43.969,DIOSMINA,Diosmina,1.0
E.F.G.43.970,ACETAMINOFEN,Acetaminofen,1.0
E.F.G.43.971,CANDESARTAN CILEXETILO,Candesartan Cilexetilo,1.0
E.F.G.43.976,IBUPROFENO,Ibuprofeno,1.0
E.F.G.43.981,EZETIMIBA,Ezetimiba,1.0
E.F.G.43.981,ATORVASTATINA,Atorvastatina,1.0
E.F.G.43.982,EZETIMIBA,Ezetimiba,1.0
E.F.G.43.982,ATORVASTATINA,Atorvastatina,1.0
E.F.G.43.983,OMEPRAZOL,Omeprazol,1.0
E.F.G.43.984,IBUPROFENO,Ibuprofeno,1.0
E.F.G.43.985,DEXAMETASONA FOSFATO SODICO,Dexametasona,1.0
E.F.G.43.986,ACIDO CLAVULANICO,Clavulanico Acido,1.0
E.F.G.43.986,AMOXICILINA TRIHIDRATO,Amoxicilina,1.0
E.F.G.43.987,DEFLAZACORT,Deflazacort,1.0
E.F.G.43.988,ACIDO TRANEXAMICO,Tranexamico Acido,1.0
E.F.G.43.989,MALEATO DE ENALAPRIL,Enalapril,1.0
E.F.G.43.990,NIFEDIPINA,Nifedipino,0.9
E.F.G.43.991,CLORHIDRATO DE LERCANIDIPINO,Lercanidipino,1.0
E.F.G.43.992,ACIDO TRANEXAMICO,Tranexamico Acido,1.0
E.F.G.43.993,MOXIFLOXACINO CLORHIDRATO,Moxifloxacino,1.0
E.F.G.43.993,MOXIFLOXACINO CLORHIDRATO,Moxifloxacino,1.0
E.F.G.43.998,CARBAMAZEPINA,Carbamazepina,1.0
E.F.G.43.999,LOSARTAN POTASICO,Losartan,1.0
E.F.G.44.002,OLMESARTAN MEDOXOMILO,Olmesartan Medoxomilo,1.0
E.F.G.44.003,CLORHIDRATO DE BROMHEXINA,Bromhexina,1.0
E.F.G.44.004,ALLOPURINOL,Alopurinol,0.909
E.F.G.44.005,ACICLOVIR,Aciclovir,1.0
E.F.G.44.006,ATENOLOL,Atenolol,1.0
E.F.G.44.007,ALBENDAZOL,Albendazol,1.0
E.F.G.44.009,CETIRIZINA CLORHIDRATO,Cetirizina,1.0
E.F.G.44.010,CLORURO DE SODIO,Calcio Cloruro,1.0
E.F.G.44.010,TERLIPRESINA,Terlipresina,1.0
E.F.G.44.011,SORAFENIB TOSILATO (EQUIVALENTE A 200 MG DE SORAFENIB),(+)-tetrabenazina,nan
E.F.G.44.012,IRBESARTAN,Irbesartan,1.0
E.F.G.44.014,QUETIAPINA FUMARATO,Quetiapina,1.0
E.F.G.44.014,QUETIAPINA FUMARATO,Quetiapina,1.0
E.F.G.44.017,BESILATO DE AMLODIPINA,Amlodipino,0.9
E.F.G.44.018,CLORHIDRATO DE RANITIDINA,Ranitidina,1.0
E.F.G.44.020,OLMESARTAN MEDOXOMILO,Olmesartan Medoxomilo,1.0
E.F.G.44.021,CARBAMAZEPINA,Carbamazepina,1.0
E.F.G.44.022,MINOXIDIL,Minoxidil,1.0
E.F.G.44.022,MINOXIDIL,Minoxidil,1.0
E.F.G.44.023,ARTICAINA,Articaina,1.0
E.F.G.44.023,CLORHIDRATO DE EPINEFRINA,Epinefrina,1.0
E.F.G.44.023,ARTICAINA,Articaina,1.0
E.F.G.44.023,CLORHIDRATO DE EPINEFRINA,Epinefrina,1.0
E.F.G.44.024,ETOFENAMATO,Etofenamato,1.0
E.F.G.44.026,BESILATO DE AMLODIPINA,Amlodipino,0.9
E.F.G.44.027,CLORHIDRATO DE NAFAZOLIN,Nafazolina,0.9
E.F.G.44.028,BESILATO DE AMLODIPINA,Amlodipino,0.9
E.F.G.44.029,ACETAMINOFEN,Acetaminofen,1.0
E.F.G.44.030,VALPROATO DE SODIO,Valproato Sodio,1.0
E.F.G.44.031,CLORURO DE SODIO,Calcio Cloruro,1.0
E.F.G.44.032,MINOXIDIL,Minoxidil,1.0
E.F.G.44.033,CIPROFLOXACINO CLORHIDRATO,Ciprofloxacino,1.0
E.F.G.44.041,CLORHIDRATO DE LERCANIDIPINO,Lercanidipino,1.0
E.F.G.44.045,EMPAGLIFLOZINA,Empagliflozina,1.0
E.F.G.44.045,LINAGLIPTINA,Linagliptina,1.0
E.F.G.44.046,EMPAGLIFLOZINA,Empagliflozina,1.0
E.F.G.44.046,LINAGLIPTINA,Linagliptina,1.0
E.F.G.44.050,ACETATO DE CASPOFUNGINA,Caspofungina,1.0
E.F.G.44.051,CLORURO DE SODIO,Calcio Cloruro,1.0
E.F.G.44.052,DICLOFENAC SODICO,Diclofenaco,0.909
E.F.G.44.058,ENZALUTAMIDA,Enzalutamida,1.0
E.F.G.44.063,OMEPRAZOL PELLET 7.5%,(+)-tetrabenazina,nan
E.F.G.44.064,ACICLOVIR,Aciclovir,1.0
E.F.G.44.065,CLORFENIRAMINA MALEATO,Clorfeniramina,1.0
E.F.G.44.066,DEXKETOPROFENO TROMETAMOL,Dexketoprofeno Trometamol,1.0
E.F.G.44.068,ALBENDAZOL,Albendazol,1.0
E.F.G.44.078,DESLORATADINA,Desloratadina,1.0
E.F.G.44.079,AMBROXOL,Ambroxol,1.0
E.F.G.44.080,ACETAMINOFEN DC 90%,(+)-tetrabenazina,nan
E.F.G.44.081,CLORURO DE SODIO,Calcio Cloruro,1.0
E.F.G.44.081,GLUCOSA,Glucosa,1.0
E.F.G.44.082,CLORURO DE SODIO,Calcio Cloruro,1.0
E.F.G.44.085,BROMURO DE IPRATROPIO,Bromuro De Ipratropio Monohidratado,1.0
E.F.G.44.086,BESILATO DE AMLODIPINA,Amlodipino,0.9
E.F.G.44.087,CLORURO DE SODIO,Calcio Cloruro,1.0
E.F.G.44.088,FLAVOXATO CLORHIDRATO,Flavoxato,1.0
E.F.G.44.094,BISACODILO,Bisacodilo,1.0
E.F.G.44.097,CIPROFLOXACINO LACTATO,Ciprofloxacino,1.0
E.F.G.44.099,VITAMINA C,Vitamina C,1.0
E.F.G.44.099,VITAMINA C,Vitamina C,1.0
E.F.G.44.100,CIPROFLOXACINO LACTATO,Ciprofloxacino,1.0
E.F.G.44.101,DEXTROSA ANHIDRA,Dextrosa,1.0
E.F.G.44.103,BUDESONIDA,Budesonida,1.0
E.F.G.44.103,BROMURO DE IPRATROPIO,Bromuro De Ipratropio Monohidratado,1.0
E.F.G.44.109,LOSARTAN POTASICO,Losartan,1.0
E.F.G.44.110,QUETIAPINA FUMARATO,Quetiapina,1.0
E.F.G.44.113,MALEATO DE ENALAPRIL,Enalapril,1.0
E.F.G.44.116,PARACETAMOL,Paracetamol,1.0
E.F.G.44.119,TIOCOLCHICOSIDO,Tiocolchicosido,1.0
E.F.G.44.120,AZITROMICINA,Azitromicina,1.0
E.F.G.44.121,SECNIDAZOL,Secnidazol Anhidro,1.0
E.F.G.44.122,CANDESARTAN CILEXETILO,Candesartan Cilexetilo,1.0
E.F.G.44.123,CLORURO DE SODIO,Calcio Cloruro,1.0
E.F.G.44.123,CLORURO DE POTASIO,Calcio Cloruro,1.0
E.F.G.44.124,IBUPROFENO,Ibuprofeno,1.0
E.F.G.44.129,CEFIXIMA TRIHIDRATO,Cefixima,1.0
E.F.G.44.132,DESLORATADINA,Desloratadina,1.0
E.F.G.44.138,CIPROFLOXACINO LACTATO,Ciprofloxacino,1.0
E.F.G.44.140,TRAMADOL CLORHIDRATO,Tramadol,1.0
E.F.G.44.140,TRAMADOL CLORHIDRATO,Tramadol,1.0
E.F.G.44.142,ALBENDAZOL,Albendazol,1.0
E.F.G.44.143,CLORURO DE SODIO,Calcio Cloruro,1.0
E.F.G.44.146,MIDAZOLAM,Midazolam,1.0
E.F.G.44.146,MIDAZOLAM,Midazolam,1.0
E.F.G.44.147,MIDAZOLAM,Midazolam,1.0
E.F.G.44.147,MIDAZOLAM,Midazolam,1.0
E.F.G.44.148,CITRATO DE FENTANILO,Fentanilo,1.0
E.F.G.44.149,CITRATO DE FENTANILO,Fentanilo,1.0
E.F.G.44.153,CLORHIDRATO DE CLONIDINA,Clonidina,1.0
E.F.G.44.155,AMBROXOL CLORHIDRATO,Ambroxol,1.0
E.F.G.44.156,EMPAGLIFLOZINA,Empagliflozina,1.0
E.F.G.44.157,SECNIDAZOL,Secnidazol Anhidro,1.0
E.F.G.44.158,CEFUROXIMA SODICA,Cefuroxima,1.0
E.F.G.44.159,CLORURO DE SODIO,Calcio Cloruro,1.0
E.F.G.44.160,KETOCONAZOL,Ketoconazol,1.0
E.F.G.44.162,LORATADINA,Loratadina,1.0
E.F.G.44.164,ACIDO ASCORBICO,Ascorbico Acido,1.0
E.F.G.44.167,AMOXICILINA TRIHIDRATO,Amoxicilina,1.0
E.F.G.44.167,ACIDO CLAVULANICO,Clavulanico Acido,1.0
E.F.G.44.169,CIPROFLOXACINO CLORHIDRATO,Ciprofloxacino,1.0
E.F.G.44.172,GLIBENCLAMIDA,Glibenclamida,1.0
E.F.G.44.175,LOSARTAN POTASICO,Losartan,1.0
E.F.G.44.182,HIDROCLOROTIAZIDA,Hidroclorotiazida,1.0
E.F.G.44.182,LOSARTAN POTASICO,Losartan,1.0
E.F.G.44.185,HIDROCLOROTIAZIDA,Hidroclorotiazida,1.0
E.F.G.44.185,LOSARTAN POTASICO,Losartan,1.0
E.F.G.44.187,DESLORATADINA,Desloratadina,1.0
E.F.G.44.192,KETOPROFENO,Ketoprofeno,1.0
E.F.G.44.193,AMOXICILINA TRIHIDRATO,Amoxicilina,1.0
E.F.G.44.198,PROPIONATO DE CLOBETASOL,Clobetasol Propionato,1.0
E.F.G.44.207,METOCLOPRAMIDA,Metoclopramida,1.0
E.F.G.44.208,VALSARTAN,Valsartan,1.0
E.F.G.44.211,DICLORHIDRATO DE PRAMIPEXOL,Pramipexol,1.0
E.F.G.44.211,MANITOL,Manitol,1.0
E.F.G.44.211,POVIDONA,Povidona,1.0
E.F.G.44.211,ESTEARATO DE MAGNESIO,Citrato Magnesio,1.0
E.F.G.44.213,CLORHIDRATO DE PROPRANOLOL,Propranolol,1.0
E.F.G.44.213,CLORHIDRATO DE PROPRANOLOL,Propranolol,1.0
E.F.G.44.217,KETOPROFENO,Ketoprofeno,1.0
E.F.G.44.218,LEVONORGESTREL,Levonorgestrel,1.0
E.F.G.44.219,LEVODROPROPIZINA,Levodropropizina,1.0
E.F.G.44.221,ACETAMINOFEN,Acetaminofen,1.0
E.F.G.44.222,MEROPENEM,Meropenem,1.0
E.F.G.44.224,LOSARTAN POTASICO,Losartan,1.0
E.F.G.44.225,ZOPICLONA,Zopiclona,1.0
E.F.G.44.225,CICLOBENZAPRINA,Ciclobenzaprina,1.0
E.F.G.44.226,CABERGOLINA,Cabergolina,1.0
E.F.G.44.227,EMPAGLIFLOZINA,Empagliflozina,1.0
E.F.G.44.228,EMPAGLIFLOZINA,Empagliflozina,1.0
E.F.G.44.231,RIVAROXABAN,Rivaroxaban,1.0
E.F.G.44.232,RIVAROXABAN,Rivaroxaban,1.0
E.F.G.44.235,CICLOBENZAPRINA,Ciclobenzaprina,1.0
E.F.G.44.244,RIVAROXABAN,Rivaroxaban,1.0
E.F.G.44.246,CLORHIDRATO DE VERAPAMIL,Verapamilo,0.9
E.F.G.44.249,ATORVASTATINA CALCICA,Atorvastatina,1.0
E.F.G.44.250,DICLOFENAC SODICO,Diclofenaco,0.909
E.F.G.44.252,ATORVASTATINA CALCICA,Atorvastatina,1.0
E.F.G.44.261,NISTATINA,Nistatina,1.0
E.F.G.44.262,FUMARATO DE BISOPROLOL,Bisoprolol,1.0
E.F.G.44.262,AMLODIPINA,Amlodipino,0.9
E.F.G.44.263,FUMARATO DE BISOPROLOL,Bisoprolol,1.0
E.F.G.44.263,AMLODIPINA,Amlodipino,0.9
E.F.G.44.267,CLORHIDRATO DE LOPERAMIDA,Loperamida,1.0
E.F.G.44.271,ETORICOXIB,Etoricoxib,1.0
E.F.G.44.272,ETORICOXIB,Etoricoxib,1.0
E.F.G.44.274,CEFIXIMA TRIHIDRATO,Cefixima,1.0
E.F.G.44.278,SULBACTAM SODICA,Sulbactam,1.0
E.F.G.44.279,GLUCOSA MONOHIDRATO,Glucosa,1.0
E.F.G.44.279,GLUCOSA,Glucosa,1.0
E.F.G.44.281,DICLOFENACO POTASICO,Diclofenaco,1.0
E.F.G.44.286,IBUPROFENO,Ibuprofeno,1.0
E.F.G.44.288,CLOTRIMAZOL,Clotrimazol,1.0
E.F.G.44.290,ACICLOVIR,Aciclovir,1.0
E.F.G.44.292,PREGABALINA,Pregabalina,1.0
E.F.G.44.295,CEFIXIMA TRIHIDRATO,Cefixima,1.0
E.F.G.44.296,ACIDO IBANDRONICO,Acido Ibandronico Sodio Monohidrato,1.0
E.F.G.44.299,COLISTIMETATO SODICO,Colistimetato Sodio,1.0
E.F.G.44.300,IBUPROFENO,Ibuprofeno,1.0
E.F.G.44.301,MALEATO DE ENALAPRIL,Enalapril,1.0
E.F.G.44.306,CLOTRIMAZOL,Clotrimazol,1.0
E.F.G.44.310,CLORHIDRATO DE LERCANIDIPINO,Lercanidipino,1.0
E.F.G.44.311,CLORHIDRATO DE LERCANIDIPINO,Lercanidipino,1.0
E.F.G.44.312,PARACETAMOL,Paracetamol,1.0
E.F.G.44.318,CLORURO DE SODIO,Calcio Cloruro,1.0
E.F.G.44.321,DEXTROSA ANHIDRA,Dextrosa,1.0
E.F.G.44.322,CLORURO DE SODIO,Calcio Cloruro,1.0
E.F.G.44.322,CLORURO DE POTASIO,Calcio Cloruro,1.0
E.F.G.44.323,CLOPIDOGREL,Clopidogrel,1.0
E.F.G.44.325,VITAMINA C,Vitamina C,1.0
E.F.G.44.328,FUMARATO DE BISOPROLOL,Bisoprolol,1.0
E.F.G.44.329,CEFIXIMA TRIHIDRATO,Cefixima,1.0
E.F.G.44.331,METRONIDAZOL,Metronidazol,1.0
E.F.G.44.332,ACETAMINOFEN,Acetaminofen,1.0
E.F.G.44.336,FUMARATO DE BISOPROLOL,Bisoprolol,1.0
E.F.G.44.344,CITICOLINA SODICA,Citicolina,1.0
E.F.G.44.346,LEVOFLOXACINA LACTATO,Levofloxacino,0.923
E.F.G.44.348,CLORURO DE SODIO,Calcio Cloruro,1.0
E.F.G.44.349,CLORURO DE SODIO,Calcio Cloruro,1.0
E.F.G.44.350,CLORURO DE SODIO,Calcio Cloruro,1.0
E.F.G.44.350,CLORURO DE SODIO,Calcio Cloruro,1.0
E.F.G.44.350,GLUCOSA,Glucosa,1.0
E.F.G.44.351,TIZANIDINA,Tizanidina,1.0
E.F.G.44.354,ATORVASTATINA CALCICA,Atorvastatina,1.0
E.F.G.44.356,AMOXICILINA TRIHIDRATO,Amoxicilina,1.0
E.F.G.44.358,MOMETASONA FUROATO,Mometasona Furoato,1.0
E.F.G.44.363,CLORHIDRATO DE DEXMEDETOMIDINA,Dexmedetomidina,1.0
E.F.G.44.364,NITROFURANTOINA,Nitrofurantoina,1.0
E.F.G.44.366,BETAHISTINA DICLORHIDRATO,Betahistina,1.0
E.F.G.44.367,METFORMINA CLORHIDRATO,Metformina,1.0
E.F.G.44.367,SITAGLIPTINA FOSFATO MONOHIDRATADO,Sitagliptina,1.0
E.F.G.44.368,RIVAROXABAN,Rivaroxaban,1.0
E.F.G.44.368,RIVAROXABAN,Rivaroxaban,1.0
E.F.G.44.369,RIVAROXABAN,Rivaroxaban,1.0
E.F.G.44.369,RIVAROXABAN,Rivaroxaban,1.0
E.F.G.44.378,KETOTIFENO FUMARATO,Ketotifeno,1.0
E.F.G.44.381,METRONIDAZOL,Metronidazol,1.0
E.F.G.44.382,BACITRACINA,Bacitracina,1.0
E.F.G.44.383,MIRTAZAPINA,Mirtazapina,1.0
E.F.G.44.390,RANITIDINA,Ranitidina,1.0
E.F.G.44.391,ATORVASTATINA CALCICA,Atorvastatina,1.0
E.F.G.44.394,TADALAFILO,Tadalafilo,1.0
E.F.G.44.405,BILASTINA,Bilastina,1.0
E.F.G.44.409,ATORVASTATINA CALCICA,Atorvastatina,1.0
E.F.G.44.422,LAMOTRIGINA,Lamotrigina,1.0
E.F.G.44.429,KETOPROFENO,Ketoprofeno,1.0
E.F.G.44.432,PIPERACILINA,Piperacilina,1.0
E.F.G.44.432,TAZOBACTAM SODICO,Tazobactam,1.0
E.F.G.44.434,ATENOLOL,Atenolol,1.0
E.F.G.44.435,CEFAZOLINA SODICA,Cefazolina,1.0
E.F.G.44.443,AMOXICILINA TRIHIDRATO,Amoxicilina,1.0
E.F.G.44.444,OMEPRAZOL SODICO,Omeprazol,1.0
E.F.G.44.446,BUDESONIDA,Budesonida,1.0
E.F.G.44.449,METRONIDAZOL,Metronidazol,1.0
E.F.G.44.453,CANDESARTAN CILEXETILO,Candesartan Cilexetilo,1.0
E.F.G.44.461,LATANOPROST,Latanoprost,1.0
E.F.G.44.464,ACIDO ASCORBICO,Ascorbico Acido,1.0
E.F.G.44.465,VALSARTAN,Valsartan,1.0
E.F.G.44.467,CLORHIDRATO DE MEMANTINA,Memantina,1.0
E.F.G.44.467,BROMAZEPAM,Bromazepam,1.0
E.F.G.44.468,CIPROFLOXACINO CLORHIDRATO,Ciprofloxacino,1.0
E.F.G.44.469,METRONIDAZOL,Metronidazol,1.0
E.F.G.44.474,PAMOATO DE PIRANTEL,Pirantel,1.0
E.F.G.44.483,OXITOCINA,Oxitocina,1.0
E.F.G.44.485,CEFTRIAXONA SODICA,Ceftriaxona,1.0
E.F.G.44.487,CLORURO DE SODIO,Calcio Cloruro,1.0
E.F.G.44.487,CLORURO DE SODIO,Calcio Cloruro,1.0
E.F.G.44.488,CLORURO DE SODIO,Calcio Cloruro,1.0
E.F.G.44.492,IBUPROFENO,Ibuprofeno,1.0
E.F.G.44.495,MIRTAZAPINA,Mirtazapina,1.0
E.F.G.44.499,METFORMINA CLORHIDRATO,Metformina,1.0
E.F.G.44.500,MONTELUKAST,Montelukast,1.0
E.F.G.44.503,CLORHIDRATO DE VANCOMICINA,Vancomicina,1.0
E.F.G.44.505,ATENOLOL,Atenolol,1.0
E.F.G.44.510,AMOXICILINA TRIHIDRATO,Amoxicilina,1.0
E.F.G.44.512,METFORMINA CLORHIDRATO,Metformina,1.0
E.F.G.44.512,SITAGLIPTINA FOSFATO MONOHIDRATADO,Sitagliptina,1.0
E.F.G.44.513,PREDNISONA,Prednisona,1.0
E.F.G.44.516,BESILATO DE AMLODIPINA,Amlodipino,0.9
E.F.G.44.517,BESILATO DE AMLODIPINA,Amlodipino,0.9
E.F.G.44.517,BESILATO DE AMLODIPINA,Amlodipino,0.9
E.F.G.44.518,CITRATO DE SILDENAFIL,Sildenafilo,0.909
E.F.G.44.524,CLORHIDRATO DE IVABRADINA,Ivabradina,1.0
E.F.G.44.525,PROPIONATO DE CLOBETASOL,Clobetasol Propionato,1.0
E.F.G.44.526,CLOTRIMAZOL,Clotrimazol,1.0
E.F.G.44.534,TACROLIMUS MONOHIDRATO,Tacrolimus,1.0
E.F.G.44.535,TRAMADOL CLORHIDRATO,Tramadol,1.0
E.F.G.44.540,PROPIONATO DE CLOBETASOL,Clobetasol Propionato,1.0
E.F.G.44.542,CETIRIZINA CLORHIDRATO,Cetirizina,1.0
E.F.G.44.543,ALOPURINOL,Alopurinol,1.0
E.F.G.44.545,PREGABALINA,Pregabalina,1.0
E.F.G.44.546,PREGABALINA,Pregabalina,1.0
E.F.G.44.549,PREDNISONA,Prednisona,1.0
E.F.G.44.553,CEFADROXILO MONOHIDRATO,Cefadroxilo,1.0
E.F.G.44.554,CLORURO DE SODIO,Calcio Cloruro,1.0
E.F.G.44.556,FLUCONAZOL,Fluconazol,1.0
E.F.G.44.557,ATORVASTATINA CALCICA,Atorvastatina,1.0
E.F.G.44.558,ACICLOVIR,Aciclovir,1.0
E.F.G.44.559,HIDROCLOROTIAZIDA,Hidroclorotiazida,1.0
E.F.G.44.562,CLORHIDRATO DE PROPRANOLOL,Propranolol,1.0
E.F.G.44.563,FUMARATO DE BISOPROLOL,Bisoprolol,1.0
E.F.G.44.564,MONTELUKAST,Montelukast,1.0
E.F.G.44.571,VALSARTAN,Valsartan,1.0
E.F.G.44.575,PREGABALINA,Pregabalina,1.0
E.F.G.44.580,MOXIFLOXACINO CLORHIDRATO,Moxifloxacino,1.0
E.F.G.44.581,DOMPERIDONA,Domperidona,1.0
E.F.G.44.599,RIFAXIMINA,Rifaximina,1.0
E.F.G.44.601,KETOPROFENO,Ketoprofeno,1.0
E.F.G.44.603,CETIRIZINA,Cetirizina,1.0
E.F.G.44.604,CLOPIDOGREL BISULFATO,Clopidogrel,1.0
E.F.G.44.607,BRIMONIDINA TARTRATO,Brimonidina,1.0
E.F.G.44.607,DORZOLAMIDA CLORHIDRATO,Dorzolamida,1.0
E.F.G.44.607,TIMOLOL MALEATO,Timolol,1.0
E.F.G.44.610,DIOSMINA,Diosmina,1.0
E.F.G.44.612,ACIDO ACETILSALICILICO,Acetilsalicilico Acido,1.0
E.F.G.44.613,MALEATO DE ENALAPRIL,Enalapril,1.0
E.F.G.44.613,HIDROCLOROTIAZIDA,Hidroclorotiazida,1.0
E.F.G.44.616,FLUCONAZOL,Fluconazol,1.0
E.F.G.44.617,DICLOFENACO POTASICO,Diclofenaco,1.0
E.F.G.44.618,ACETAMINOFEN,Acetaminofen,1.0
E.F.G.44.619,METFORMINA CLORHIDRATO,Metformina,1.0
E.F.G.44.620,DICLOFENACO POTASICO,Diclofenaco,1.0
E.F.G.44.621,FLUTICASONA PROPIONATO,Fluticasona Propionato,1.0
E.F.G.44.623,METAMIZOL SODICO,Metamizol,1.0
E.F.G.44.627,BILASTINA,Bilastina,1.0
E.F.G.44.631,CIPROFLOXACINO,Ciprofloxacino,1.0
E.F.G.44.633,CARVEDILOL,Carvedilol,1.0
E.F.G.44.647,LAMOTRIGINA,Lamotrigina,1.0
E.F.G.44.654,CLORHIDRATO DE CLINDAMICINA,Clindamicina,1.0
E.F.G.44.655,SECNIDAZOL,Secnidazol Anhidro,1.0
E.F.G.44.656,ROSUVASTATINA CALCICA,Rosuvastatina,1.0
E.F.G.44.657,FEXOFENADINA CLORHIDRATO,Fexofenadina,1.0
E.F.G.44.661,BETAHISTINA DICLORHIDRATO,Betahistina,1.0
E.F.G.44.662,BETAHISTINA DICLORHIDRATO,Betahistina,1.0
E.F.G.44.667,PREGABALINA,Pregabalina,1.0
E.F.G.44.668,PREGABALINA,Pregabalina,1.0
E.F.G.44.679,CIPROFLOXACINO,Ciprofloxacino,1.0
E.F.G.44.684,CLORHIDRATO DE METOCLOPRAMIDA,Metoclopramida,1.0
E.F.G.44.685,METILSULFATO DE NEOSTIGMINA,Neostigmina Metilsulfato,1.0
E.F.G.44.686,FUROSEMIDA,Furosemida,1.0
E.F.G.44.688,BROMAZEPAM,Bromazepam,1.0
E.F.G.44.690,DEXAMETASONA FOSFATO SODICO,Dexametasona,1.0
E.F.G.44.691,SULBACTAM SODICA,Sulbactam,1.0
E.F.G.44.691,AMPICILINA SODICA,Ampicilina,1.0
E.F.G.44.693,CLORURO DE SODIO,Calcio Cloruro,1.0
E.F.G.44.694,AZITROMICINA,Azitromicina,1.0
E.F.G.44.700,MOMETASONA FUROATO,Mometasona Furoato,1.0
E.F.G.44.703,TIMOLOL MALEATO,Timolol,1.0
E.F.G.44.703,DORZOLAMIDA CLORHIDRATO,Dorzolamida,1.0
E.F.G.44.710,DEFLAZACORT,Deflazacort,1.0
E.F.G.44.726,PERINDOPRIL,Perindopril,1.0
E.F.G.44.726,FUMARATO DE BISOPROLOL,Bisoprolol,1.0
E.F.G.44.742,BROMURO DE IPRATROPIO,Bromuro De Ipratropio Monohidratado,1.0
E.F.G.44.750,RIFAXIMINA,Rifaximina,1.0
E.F.G.44.757,ABIRATERONA ACETATO,Abiraterona,1.0
E.F.G.44.764,CLAVULANATO DE POTASIO CON DIOXIDO DE SILICIO (1:1),(+)-tetrabenazina,nan
E.F.G.44.764,AMOXICILINA TRIHIDRATO,Amoxicilina,1.0
E.F.G.7.098,CIANOCOBALAMINA,Cianocobalamina,1.0
P.B.1.000,INMUNOGLOBULINA HUMANA ANTI D,Inmunoglobulina Humana Anti-d,1.0
P.B.1.001,ETANERCEPT,Etanercept,1.0
P.B.1.003,SIROLIMUS,Sirolimus,1.0
P.B.1.026,ADALIMUMAB,Adalimumab,1.0
P.B.1.033,LUTROPINA ALFA,Lutropina Alfa,1.0
P.B.1.041,TRASTUZUMAB,Trastuzumab,1.0
P.B.1.045,BASILIXIMAB,Basiliximab,1.0
P.B.1.054,TERIPARATIDA,Teriparatida,1.0
P.B.1.055,INSULINA HUMANA,Insulina Humana,1.0
P.B.1.056,GLUCAGON,Glucagon,1.0
P.B.1.059,SOMATROPINA,Somatropina,1.0
P.B.1.060,EPOETINA BETA,Epoetina Beta,1.0
P.B.1.063,BASILIXIMAB,Basiliximab,1.0
P.B.1.064,BEVACIZUMAB,Bevacizumab,1.0
P.B.1.067,EPOETINA BETA,Epoetina Beta,1.0
P.B.1.069,INSULINA HUMANA,Insulina Humana,1.0
P.B.1.070,INSULINA HUMANA,Insulina Humana,1.0
P.B.1.072,EPOETINA ALFA,Epoetina Alfa,1.0
P.B.1.075,SIROLIMUS,Sirolimus,1.0
P.B.1.080,FOLITROPINA ALFA,Folitropina Alfa,1.0
P.B.1.081,FOLITROPINA ALFA,Folitropina Alfa,1.0
P.B.1.082,FOLITROPINA ALFA,Folitropina Alfa,1.0
P.B.1.084,CORIOGONADOTROPINA ALFA,Coriogonadotropina Alfa,1.0
P.B.1.086,INSULINA LISPRO,Insulina Lispro,1.0
P.B.1.090,FILGRASTIM,Filgrastim,1.0
P.B.1.091,ESTREPTOQUINASA,Estreptoquinasa,1.0
P.B.1.092,FILGRASTIM,Filgrastim,1.0
P.B.1.097,CETUXIMAB,Cetuximab,1.0
P.B.1.121,INTERFERON BETA 1A,Interferon Beta-1a,1.0
P.B.1.123,BEMIPARINA SODICA,Bemiparina,1.0
P.B.1.125,EPOETINA ALFA,Epoetina Alfa,1.0
P.B.1.130,DALTEPARINA SODICA,Dalteparina,1.0
P.B.1.139,EPOETINA ALFA,Epoetina Alfa,1.0
P.B.1.156,RANIBIZUMAB,Ranibizumab,1.0
P.B.1.157,INSULINA DETEMIR,Insulina Detemir,1.0
P.B.1.164,TRASTUZUMAB,Trastuzumab,1.0
P.B.1.185,EPOETINA BETA,Epoetina Beta,1.0
P.B.1.197,CETUXIMAB,Cetuximab,1.0
P.B.1.227,INSULINA HUMANA,Insulina Humana,1.0
P.B.1.231,TOCILIZUMAB,Tocilizumab,1.0
P.B.1.241,ETANERCEPT,Etanercept,1.0
P.B.1.251,INTERFERON BETA 1A,Interferon Beta-1a,1.0
P.B.1.271,FILGRASTIM,Filgrastim,1.0
P.B.1.272,FILGRASTIM,Filgrastim,1.0
P.B.1.278,INMUNOGLOBULINA DE CONEJO ANTITIMOCITOS HUMANOS,Inmunoglobulina Conejo Antitimocitos Humanos,1.0
P.B.1.290,INSULINA GLARGINA,Insulina Glargina,1.0
P.B.1.299,EPOETINA ALFA,Epoetina Alfa,1.0
P.B.1.307,USTEKINUMAB,Ustekinumab,1.0
P.B.1.308,INTERFERON BETA 1B,Interferon Beta-1b,1.0
P.B.1.309,SIMETICONA,Simeticona,1.0
P.B.1.309,PANCREATINA,Pancreatina,1.0
P.B.1.331,PERTUZUMAB,Pertuzumab,1.0
P.B.1.336,EPOETINA ALFA,Epoetina Alfa,1.0
P.B.1.359,CORIOGONADOTROPINA ALFA,Coriogonadotropina Alfa,1.0
P.B.1.370,EPOETINA ALFA,Epoetina Alfa,1.0
P.B.1.375,FILGRASTIM,Filgrastim,1.0
P.B.1.376,TOCILIZUMAB,Tocilizumab,1.0
P.B.1.381,TRASTUZUMAB,Trastuzumab,1.0
P.B.1.395,RITUXIMAB,Rituximab,1.0
P.B.1.403,SECUKINUMAB,Secukinumab,1.0
P.B.1.405,SULODEXIDA,Sulodexida,1.0
P.B.1.409,RITUXIMAB,Rituximab,1.0
P.B.1.420,SIMOCTOCOG ALFA,Simoctocog Alfa,1.0
P.B.1.421,SIMOCTOCOG ALFA,Simoctocog Alfa,1.0
P.B.1.422,SIMOCTOCOG ALFA,Simoctocog Alfa,1.0
P.B.1.423,SIMOCTOCOG ALFA,Simoctocog Alfa,1.0
P.B.1.424,EPOETINA ALFA,Epoetina Alfa,1.0
P.B.1.425,RANIBIZUMAB,Ranibizumab,1.0
P.B.1.428,ADALIMUMAB,Adalimumab,1.0
P.B.1.437,TUROCTOCOG ALFA,Turoctocog Alfa,1.0
P.B.1.438,TUROCTOCOG ALFA,Turoctocog Alfa,1.0
P.B.1.439,TUROCTOCOG ALFA,Turoctocog Alfa,1.0
P.B.1.441,TUROCTOCOG ALFA,Turoctocog Alfa,1.0
P.B.1.442,TUROCTOCOG ALFA,Turoctocog Alfa,1.0
P.B.1.445,EPOETINA ALFA,Epoetina Alfa,1.0
P.B.1.447,INSULINA GLARGINA,Insulina Glargina,1.0
P.B.1.453,INSULINA LISPRO,Insulina Lispro,1.0
P.B.1.454,EPOETINA ALFA,Epoetina Alfa,1.0
P.B.1.455,EPOETINA ALFA,Epoetina Alfa,1.0
P.B.1.457,ACIDO HIALURONICO,Hialuronico Acido,1.0
P.B.1.458,ACIDO HIALURONICO,Hialuronico Acido,1.0
P.B.1.459,BEVACIZUMAB,Bevacizumab,1.0
P.B.1.460,TRASTUZUMAB,Trastuzumab,1.0
P.B.1.461,TRASTUZUMAB,Trastuzumab,1.0
P.B.1.463,EPOETINA ALFA,Epoetina Alfa,1.0
P.B.1.464,EPOETINA ALFA,Epoetina Alfa,1.0
P.B.1.465,INSULINA GLARGINA,Insulina Glargina,1.0
P.B.1.466,INSULINA GLARGINA,Insulina Glargina,1.0
P.B.1.469,INSULINA ISOFANA,Insulina Isofana,1.0
P.B.1.470,ATEZOLIZUMAB,Atezolizumab,1.0
P.B.1.471,OCRELIZUMAB,Ocrelizumab,1.0
P.B.1.472,ETANERCEPT,Etanercept,1.0
P.B.1.473,ETANERCEPT,Etanercept,1.0
P.B.1.474,INSULINA ASPARTA,Insulina Asparta,1.0
P.B.1.477,INSULINA HUMANA,Insulina Humana,1.0
P.B.1.478,LACTOBACILLUS RHAMNOSUS,Lactobacillus Rhamnosus,1.0
P.B.1.479,IMIGLUCERASA,Imiglucerasa,1.0
P.B.1.480,IMIGLUCERASA,Imiglucerasa,1.0
P.B.1.481,TERIPARATIDA,Teriparatida,1.0
P.B.1.482,SULODEXIDA,Sulodexida,1.0
P.B.1.483,FILGRASTIM,Filgrastim,1.0
P.B.1.484,LIRAGLUTIDA,Liraglutida,1.0
P.B.1.485,TRASTUZUMAB,Trastuzumab,1.0
P.B.1.490,LACTOBACILLUS PLANTARUM,Lactobacillus Plantarum,1.0
P.B.1.493,PEMBROLIZUMAB,Pembrolizumab,1.0
P.B.1.494,SOMATROPINA,Somatropina,1.0
P.B.1.495,SOMATROPINA,Somatropina,1.0
P.B.1.499,FARICIMAB,Faricimab,1.0
P.B.1.502,EPOETINA ALFA,Epoetina Alfa,1.0
P.B.1.503,TRASTUZUMAB,Trastuzumab,1.0
P.B.1.503,PERTUZUMAB,Pertuzumab,1.0
P.B.1.504,TRASTUZUMAB,Trastuzumab,1.0
P.B.1.504,PERTUZUMAB,Pertuzumab,1.0
P.B.1.509,TENECTEPLASA,Tenecteplasa,1.0
P.B.1.510,PANCREATINA,Pancreatina,1.0
P.B.1.511,FILGRASTIM,Filgrastim,1.0
P.B.1.512,FILGRASTIM,Filgrastim,1.0
P.B.1.515,POLATUZUMAB VEDOTINA,Polatuzumab Vedotina,1.0
P.B.1402,SECUKINUMAB,Secukinumab,1.0
P.B.64,ALBUMINA HUMANA,Albumina Humana,1.0
P.B.643,GONADOTROFINA CORIONICA,Gonadotropina Corionica,0.962
P.B.645,ALBUMINA HUMANA,Albumina Humana,1.0
P.B.655,FACTOR IX,Factor Ix,1.0
P.B.720,FACTOR VIII,Factor Viii,1.0
P.B.736,GONADOTROFINA CORIONICA,Gonadotropina Corionica,0.962
P.B.739,ALBUMINA HUMANA,Albumina Humana,1.0
P.B.766,INSULINA HUMANA,Insulina Humana,1.0
P.B.770,ALBUMINA HUMANA,Albumina Humana,1.0
P.B.820,FACTOR VIII,Factor Viii,1.0
P.B.821,SOMATOSTATINA,Somatostatina,1.0
P.B.838,SOMATROPINA,Somatropina,1.0
P.B.851,FACTOR VIII,Factor Viii,1.0
P.B.860,GONADOTROFINA CORIONICA,Gonadotropina Corionica,0.962
P.B.876,ALBUMINA,Albumina,1.0
P.B.883,FACTOR VIII,Factor Viii,1.0
P.B.888,ALBUMINA HUMANA,Albumina Humana,1.0
P.B.889,ALBUMINA HUMANA,Albumina Humana,1.0
P.B.898,FACTOR VIII,Factor Viii,1.0
P.B.899,FACTOR VIII,Factor Viii,1.0
P.B.902,ALBUMINA,Albumina,1.0
P.B.906,ALBUMINA,Albumina,1.0
P.B.912,ALBUMINA HUMANA,Albumina Humana,1.0
P.B.924,ALBUMINA,Albumina,1.0
P.B.929,ALBUMINA,Albumina,1.0
P.B.931,RITUXIMAB,Rituximab,1.0
P.B.933,ALBUMINA HUMANA,Albumina Humana,1.0
P.B.949,INSULINA ASPARTA,Insulina Asparta,1.0
P.B.967,SOMATROPINA,Somatropina,1.0
P.B.969,FACTOR VIII,Factor Viii,1.0
P.B.973,INSULINA GLARGINA,Insulina Glargina,1.0
P.B.976,ALBUMINA HUMANA,Albumina Humana,1.0
P.F.1.042,ACIDO ASCORBICO,Ascorbico Acido,1.0
P.F.1.077,ACIDO ASCORBICO,Ascorbico Acido,1.0
P.F.1.102,IODO,Iodo,1.0
P.F.1.137,CLORURO DE SODIO,Calcio Cloruro,1.0
P.F.1.167,ACIDO ASCORBICO,Ascorbico Acido,1.0
P.F.1.207,ACIDO ASCORBICO,Ascorbico Acido,1.0
P.F.1.232,ACIDO ASCORBICO,Ascorbico Acido,1.0
P.F.1.303,ACIDO ASCORBICO,Ascorbico Acido,1.0
P.F.1.305,FENOBARBITAL,Fenobarbital,1.0
P.F.1.316,ACIDO ASCORBICO,Ascorbico Acido,1.0
P.F.1.345,MENTOL,Mentol,1.0
P.F.1.381,TIAMINA,Tiamina,1.0
P.F.1.388,ACIDO ASCORBICO,Ascorbico Acido,1.0
P.F.1.390,ACIDO ASCORBICO,Ascorbico Acido,1.0
P.F.1.411,ACIDO ACETILSALICILICO,Acetilsalicilico Acido,1.0
P.F.1.422,TIAMINA,Tiamina,1.0
P.F.1.525,PEROXIDO DE HIDROGENO,Peroxido De Hidrogeno,1.0
P.F.1.543,FENOBARBITAL,Fenobarbital,1.0
P.F.1.544,FENOBARBITAL,Fenobarbital,1.0
P.F.1.545,FENOBARBITAL,Fenobarbital,1.0
P.F.1.641,ACIDO ACETILSALICILICO,Acetilsalicilico Acido,1.0
P.F.1.672,CLORURO DE SODIO,Calcio Cloruro,1.0
P.F.1.692,ACIDO ACETILSALICILICO,Acetilsalicilico Acido,1.0
P.F.1.693,ACIDO ACETILSALICILICO,Acetilsalicilico Acido,1.0
P.F.1.715,CLORURO DE SODIO,Calcio Cloruro,1.0
P.F.1.735,ALCOHOL ETILICO,Alcohol Etilico,1.0
P.F.327,ACIDO ASCORBICO,Ascorbico Acido,1.0
P.F.352,HIDROXIDO DE MAGNESIO,Magnesio Hidroxido,1.0
P.F.685,FENOBARBITAL,Fenobarbital,1.0
P.F.762,HIDROXIDO DE MAGNESIO,Magnesio Hidroxido,1.0
P.F.887,TIAMINA,Tiamina,1.0
P.F.990,CLORURO DE SODIO,Calcio Cloruro,1.0
P.F.998,ACIDO ASCORBICO,Ascorbico Acido,1.0
P.F.G.1.176,CODEINA,Codeina,1.0
P.F.G.1.258,ACIDO ASCORBICO,Ascorbico Acido,1.0
P.F.G.1.279,ACIDO ASCORBICO,Ascorbico Acido,1.0
P.F.G.1.406,ACIDO ASCORBICO,Ascorbico Acido,1.0
P.F.G.1.564,ACIDO ASCORBICO,Ascorbico Acido,1.0
P.F.G.1.642,CARBONATO DE LITIO,Litio,1.0
