id,nombre,precio_bs,imagen,url,categoria_id,categoria_slug
237822,AGUA OXIGENADA AL 3% x120ML ALVA MMQ (E),"Bs. 576,26",https://pccentro.net.ve/img/s/8/2/3/3/1/82331-large_default.webp,/producto/belleza/belleza-y-apariencia/237822/agua-oxigenada-3porc-x-120-ml-alve,4363,belleza/belleza-y-apariencia
243062,AGUA OXIGENADA 3% x500ML ALNA MMQ (E),"Bs. 1.033,88",https://pccentro.net.ve/img/s/8/2/3/3/0/82330-large_default.webp,/producto/belleza/belleza-y-apariencia/243062/agua-oxigenada-500-ml-alna,4363,belleza/belleza-y-apariencia
238050,BETAPIROX PIROCTONA OLAMINA CHAMPU ANTICASPA  X 120 ML MEGALABS,"Bs. 16.974,22",https://pccentro.net.ve/img/s/2/3/7/7/1/23771-large_default.webp,/producto/belleza/belleza-y-apariencia/238050/betapirox-ch-a-caspa-120ml,4363,belleza/belleza-y-apariencia
320784,SHAMPOO EVERY NIGHT CON BIONUTRIENTES CACAO FRUTOS ROJOS 365ML FISA,"Bs. 5.042,27",https://pccentro.net.ve/img/s/8/2/3/3/5/82335-large_default.webp,/producto/belleza/belleza-y-apariencia/320784/every-night-shampoo-bio-nutrientes-cacao-frut-rojos-x-365ml-1,4363,belleza/belleza-y-apariencia
320783,SHAMPOO EVERY NIGHT COCO X365ML FISA,"Bs. 5.499,89",https://pccentro.net.ve/img/s/8/2/6/4/7/82647-large_default.webp,/producto/belleza/belleza-y-apariencia/320783/every-night-shampoo-bio-nutrientes-coco-x-365ml-1,4363,belleza/belleza-y-apariencia
265605,TINTE 8.0 RUBIO CLARO C/A X 60 GR AMERICAN COLORS,"Bs. 3.864,33",https://pccentro.net.ve/img/s/8/2/3/3/7/82337-large_default.webp,/producto/belleza/belleza-y-apariencia/265605/tint-amcol8-0-ru-cla-c-a,4363,belleza/belleza-y-apariencia
305759,ALNA AGUA OXIGENADA 3% (10 VOLUMENES) x100ML MMQ (E),"Bs. 355,92",https://pccentro.net.ve/img/s/1/9/4/0/7/19407-large_default.webp,/producto/belleza/belleza-y-apariencia/305759/agua-oxig-alna-100-ml,4363,belleza/belleza-y-apariencia
309974,AGUA OXIGENADA  AMERICAN 20VOL X 60ML,"Bs. 720,32",https://pccentro.net.ve/img/s/1/9/1/1/6/19116-large_default.webp,/producto/belleza/belleza-y-apariencia/309974/agua-oxig-american-vol-20-x-60-ml,4363,belleza/belleza-y-apariencia
306010,AGUA OXIGENADA 3% (10 VOLUMENES) X 240ML ALNA MMQ (E),"Bs. 686,43",https://pccentro.net.ve/img/s/6/7/7/7/4/67774-large_default.webp,/producto/belleza/belleza-y-apariencia/306010/agua-oxig-alna-240-ml,4363,belleza/belleza-y-apariencia
307880,"AGUA OXIGENADA (3%, VOL 10) X 120ML PASARELA","Bs. 1.076,25",https://pccentro.net.ve/img/s/8/1/7/2/1/81721-large_default.webp,/producto/belleza/belleza-y-apariencia/307880/agua-oxigenada-pasarela-vol-10-3porc-120-ml,4363,belleza/belleza-y-apariencia
675189,TINTE IGORA VITAL 5-0 CASTAÑO CLARO X 50 ML,"Bs. 5.533,78",https://pccentro.net.ve/img/s/5/7/8/4/0/57840-large_default.webp,/producto/belleza/belleza-y-apariencia/675189/tinte-igora-vital-5-0-castano-claro-x-50-ml,4363,belleza/belleza-y-apariencia
708788,PROTECTOR LABIAL BLACKBERRY SHINE,"Bs. 3.482,98",https://pccentro.net.ve/img/s/7/9/8/7/0/79870-large_default.webp,/producto/belleza/belleza-y-apariencia/708788/nivea-lip-bb-shine-48g,4363,belleza/belleza-y-apariencia
322596,LABIAL PROTECTOR EN BARRA SABOR A FRESA X 45GR NEVADA,"Bs. 1.983,01",https://pccentro.net.ve/img/s/8/2/3/2/2/82322-large_default.webp,/producto/belleza/belleza-y-apariencia/322596/prot-lab-fresa-nevada-4gr,4363,belleza/belleza-y-apariencia
307226,ACONDICIONADOR HEAD & SHOULDERS PROTECCION CAIDA X 300ML P&G POLAR,"Bs. 8.482,87",https://pccentro.net.ve/img/s/2/8/8/6/0/28860-large_default.webp,/producto/belleza/belleza-y-apariencia/307226/acon-hs-pro-ca-300ml,4363,belleza/belleza-y-apariencia
306647,TINTE HABANA 5.15 C/A AMERICAN COLORS,"Bs. 3.669,42",https://pccentro.net.ve/img/s/7/3/3/0/6/73306-large_default.webp,/producto/belleza/belleza-y-apariencia/306647/tinte-american-colors-habana-5-15,4363,belleza/belleza-y-apariencia
670420,TINTE PALETTE KIT 4-88 CASTAÑO COBRIZO,"Bs. 4.906,68",https://pccentro.net.ve/img/s/8/6/1/5/3/86153-large_default.webp,/producto/belleza/belleza-y-apariencia/670420/tinte-palette-kit-4-88-castano-cobrizo,4363,belleza/belleza-y-apariencia
704945,POLVO COMPACTO ANA MARIA SPF 25 TONO ARENA,"Bs. 19.101,30",https://pccentro.net.ve/img/s/9/0/0/7/9/90079-large_default.webp,/producto/belleza/belleza-y-apariencia/704945/polvo-compacto-ana-maria-spf-25-tono-arena,4363,belleza/belleza-y-apariencia
704946,POLVO COMPACTO ANA MARIA SPF 25 TONO PERLA,"Bs. 19.101,30",https://pccentro.net.ve/img/s/9/0/0/6/1/90061-large_default.webp,/producto/belleza/belleza-y-apariencia/704946/polvo-compacto-ana-maria-spf-25-tono-perla,4363,belleza/belleza-y-apariencia
704947,POLVO COMPACTO ANA MARIA SPF 25 TONO NATURAL,"Bs. 19.101,30",https://pccentro.net.ve/img/s/9/0/0/6/2/90062-large_default.webp,/producto/belleza/belleza-y-apariencia/704947/polvo-compacto-ana-maria-spf-25-tono-natural,4363,belleza/belleza-y-apariencia
704948,POLVO COMPACTO ANA MARIA SPF 25 TONO AVELLANA,"Bs. 19.101,30",https://pccentro.net.ve/img/s/9/0/0/6/3/90063-large_default.webp,/producto/belleza/belleza-y-apariencia/704948/polvo-compacto-ana-maria-spf-25-tono-avellana,4363,belleza/belleza-y-apariencia
704949,POLVO COMPACTO ANA MARIA SPF 25 TONO SANDALO,"Bs. 19.101,30",https://pccentro.net.ve/img/s/9/3/1/6/5/93165-large_default.webp,/producto/belleza/belleza-y-apariencia/704949/polvo-compacto-ana-maria-spf-25-tono-sandalo,4363,belleza/belleza-y-apariencia
704950,POLVO COMPACTO ANA MARIA SPF 25 TONO CANELA,"Bs. 19.101,30",https://pccentro.net.ve/img/s/9/0/0/4/9/90049-large_default.webp,/producto/belleza/belleza-y-apariencia/704950/polvo-compacto-ana-maria-spf-25-tono-canela,4363,belleza/belleza-y-apariencia
704951,POLVO COMPACTO ACLARANTE ANA MARIA SPF 25 TONO AVELLANA,"Bs. 21.626,67",https://pccentro.net.ve/img/s/9/3/1/6/8/93168-large_default.webp,/producto/belleza/belleza-y-apariencia/704951/polvo-compacto-aclarante-ana-maria-spf-25-tono-avellana,4363,belleza/belleza-y-apariencia
704953,POLVO COMPACTO ACLARANTE ANA MARIA SPF 25 TONO SANDALO,"Bs. 21.626,67",https://pccentro.net.ve/img/s/9/0/0/3/6/90036-large_default.webp,/producto/belleza/belleza-y-apariencia/704953/polvo-compacto-aclarante-ana-maria-spf-25-tono-sandalo,4363,belleza/belleza-y-apariencia
704954,POLVO COMPACTO ACLARANTE ANA MARIA SPF 25 TONO MOCA,"Bs. 21.626,67",https://pccentro.net.ve/img/s/9/0/0/4/0/90040-large_default.webp,/producto/belleza/belleza-y-apariencia/704954/polvo-compacto-aclarante-ana-maria-spf-25-tono-moca,4363,belleza/belleza-y-apariencia
704955,POLVO COMPACTO ACLARANTE ANA MARIA SPF 25 TONO CANELA,"Bs. 21.626,67",https://pccentro.net.ve/img/s/9/0/0/3/4/90034-large_default.webp,/producto/belleza/belleza-y-apariencia/704955/polvo-compacto-aclarante-ana-maria-spf-25-tono-canela,4363,belleza/belleza-y-apariencia
704952,CREMA FACIAL ANA MARIA BB CREAM HUMECTANTE CON COLOR CLARO 30GR,"Bs. 22.889,35",https://pccentro.net.ve/img/s/9/3/1/6/7/93167-large_default.webp,/producto/belleza/belleza-y-apariencia/704952/crema-facial-ana-maria-bb-cream-humectante-con-color-claro-30gr,4363,belleza/belleza-y-apariencia
305561,TINTE 2.0 NEGRO PURISSIMO C/A,"Bs. 3.728,74",https://pccentro.net.ve/img/s/2/5/9/7/8/25978-large_default.webp,/producto/belleza/belleza-y-apariencia/305561/tinte-american-colors-negro-purisimo-2-0,4363,belleza/belleza-y-apariencia
305636,AGUA OXIGENADA STEPHANIE VOL 20 6% X 120 ML VARGAS,"Bs. 2.550,79",https://pccentro.net.ve/img/s/5/7/3/2/3/57323-large_default.webp,/producto/belleza/belleza-y-apariencia/305636/agua-oxig-stephanie-vol-20-6porc-x-120-ml,4363,belleza/belleza-y-apariencia
305549,TINTE AMERICAN COLORS LIGHT HABANA 5.15,"Bs. 3.788,06",https://pccentro.net.ve/img/s/6/9/0/9/0/69090-large_default.webp,/producto/belleza/belleza-y-apariencia/305549/tinte-american-colors-light-habana-5-15,4363,belleza/belleza-y-apariencia
305563,TINTE 6.0 RUBIO OSCURO CON AMONIACO X50ML AMERICAN COLORS,"Bs. 3.771,11",https://pccentro.net.ve/img/s/2/5/9/9/1/25991-large_default.webp,/producto/belleza/belleza-y-apariencia/305563/tinte-american-colors-rubio-oscuro-6-0,4363,belleza/belleza-y-apariencia
305839,TINTE COVERAGE 6.4 COLOR RUBIO OSCURO ROJO,"Bs. 2.542,32",https://pccentro.net.ve/img/s/6/9/1/5/7/69157-large_default.webp,/producto/belleza/belleza-y-apariencia/305839/tinte-coverage-6-4-color-rub-oscuro-roj,4363,belleza/belleza-y-apariencia
306035,TINTE COVERAGE 9.0 COLOR RUBIO MUY CLARO,"Bs. 2.542,32",https://pccentro.net.ve/img/s/6/9/2/0/4/69204-large_default.webp,/producto/belleza/belleza-y-apariencia/306035/tinte-coverage-9-0-color-rub-muy-claro,4363,belleza/belleza-y-apariencia
304913,TINTE DRENECOLOR RUBIO AVELLANA 7.3,"Bs. 4.042,29",https://pccentro.net.ve/img/s/3/0/3/0/6/30306-large_default.webp,/producto/belleza/belleza-y-apariencia/304913/tinte-drene-color-tubo-rubio-avellan-7-3,4363,belleza/belleza-y-apariencia
309898,ACONDICIONADOR PANTENE RESTAURACION  X 200ML P&G POLAR,"Bs. 4.906,68",https://pccentro.net.ve/img/s/2/7/7/9/5/27795-large_default.webp,/producto/belleza/belleza-y-apariencia/309898/acon-pantene-restauracion-x-200ml,4363,belleza/belleza-y-apariencia
317096,TINTE REVLON # 48 BORGOÑA,"Bs. 11.279,43",https://pccentro.net.ve/img/s/2/2/6/2/8/22628-large_default.webp,/producto/belleza/belleza-y-apariencia/317096/tinte-revlon-colorsilk-borgona-48,4363,belleza/belleza-y-apariencia
304716,TINTE DRENE COLOR 7.53 RUBIO MEDIO CHOCOLATE X 50GR TUBO FISA,"Bs. 3.838,90",https://pccentro.net.ve/img/s/3/0/8/6/2/30862-large_default.webp,/producto/belleza/belleza-y-apariencia/304716/tinte-drene-color-tubo-rub-med-choc-7-53,4363,belleza/belleza-y-apariencia
307883,AGUA OXIGENADA (VOL40 12%) 120ML PASARELA,"Bs. 1.118,62",https://pccentro.net.ve/img/s/2/6/5/7/8/26578-large_default.webp,/producto/belleza/belleza-y-apariencia/307883/agua-oxigenada-pasarela-vol-40-12porc-120-ml,4363,belleza/belleza-y-apariencia
671274,TINTE REVLON # 12 COLORSILK NEGRO AZULADO,"Bs. 11.279,43",https://pccentro.net.ve/img/s/5/8/7/8/5/58785-large_default.webp,/producto/belleza/belleza-y-apariencia/671274/tinte-revlon-12-colorsilk-negro-azulado,4363,belleza/belleza-y-apariencia
671278,TINTE REVLON COLORSILK BORGOÑA OSCURO 34,"Bs. 12.601,43",https://pccentro.net.ve/img/s/5/7/2/7/6/57276-large_default.webp,/producto/belleza/belleza-y-apariencia/671278/tinte-revlon-colorsilk-borgona-osc-34,4363,belleza/belleza-y-apariencia
671279,TINTE REVLON COLORSILK CASTAÑO MEDIO CEN 40,"Bs. 12.694,65",https://pccentro.net.ve/img/s/8/6/1/6/6/86166-large_default.webp,/producto/belleza/belleza-y-apariencia/671279/tinte-revlon-colorsilk-cast-medio-cen-40,4363,belleza/belleza-y-apariencia
671280,TINTE REVLON COLORSILK CASTAÑO MEDIO CALIDO 47,"Bs. 11.652,30",https://pccentro.net.ve/img/s/5/7/9/1/9/57919-large_default.webp,/producto/belleza/belleza-y-apariencia/671280/tinte-revlon-colorsilk-cast-med-calid-47,4363,belleza/belleza-y-apariencia
673799,TINTE REVLON COLORSILK NEGRO 10,"Bs. 12.533,64",https://pccentro.net.ve/img/s/5/8/7/8/4/58784-large_default.webp,/producto/belleza/belleza-y-apariencia/673799/tinte-revlon-colorsilk-negro-10,4363,belleza/belleza-y-apariencia
673800,TINTE REVLON # 20 CASTAÑO NEGRO,"Bs. 7.415,10",https://pccentro.net.ve/img/s/5/4/9/7/0/54970-large_default.webp,/producto/belleza/belleza-y-apariencia/673800/tinte-revlon-20-brown-black,4363,belleza/belleza-y-apariencia
695294,LACA SPRAY AMALFI FIJADOR FUERTE,"Bs. 8.194,74",https://pccentro.net.ve/img/s/9/6/2/3/0/96230-large_default.webp,/producto/belleza/belleza-y-apariencia/695294/laca-amalfi-fij-fuerte-200-ml,4363,belleza/belleza-y-apariencia
699753,TINTE IGORA VITAL 3-0 CASTAÑO OSCURO X 50 ML,"Bs. 5.533,78",https://pccentro.net.ve/img/s/8/8/0/3/3/88033-large_default.webp,/producto/belleza/belleza-y-apariencia/699753/tinte-igora-vital-3-0-castano-oscuro-x-50-ml,4363,belleza/belleza-y-apariencia
699777,TINTE IGORA VITAL 8-77 COBRIZO CLARO X 50 ML,"Bs. 3.288,07",https://pccentro.net.ve/img/s/8/8/0/3/4/88034-large_default.webp,/producto/belleza/belleza-y-apariencia/699777/tinte-igora-vital-8-77-cobrizo-claro-x-50-ml,4363,belleza/belleza-y-apariencia
699812,TINTE IGORA VITAL 3-65 CAFE MOCA OSCURO X 50 ML,"Bs. 5.559,21",https://pccentro.net.ve/img/s/5/7/8/3/4/57834-large_default.webp,/producto/belleza/belleza-y-apariencia/699812/tinte-igora-vital-3-65-cafe-moca-oscuro-x-50-ml,4363,belleza/belleza-y-apariencia
700019,GEL FIJADOR XTREME TITAN 260GR,"Bs. 3.533,82",https://pccentro.net.ve/img/s/8/8/0/3/7/88037-large_default.webp,/producto/belleza/belleza-y-apariencia/700019/gel-fijador-xtreme-titan-260gr,4363,belleza/belleza-y-apariencia
700021,SPRAY SCHWARZKOPF ROOT RETOUCH RETOCADOR DE RAIZ RUBIO OSCURO 120ML,"Bs. 9.152,35",https://pccentro.net.ve/img/s/8/8/0/7/5/88075-large_default.webp,/producto/belleza/belleza-y-apariencia/700021/spray-schwarzkopf-root-retouch-retocador-de-raiz-rubio-oscuro-120ml,4363,belleza/belleza-y-apariencia
701466,TINTE DRENE COLOR KIT 1.0 NEGRO INTENSO FISA,"Bs. 5.542,26",https://pccentro.net.ve/img/s/8/6/9/0/5/86905-large_default.webp,/producto/belleza/belleza-y-apariencia/701466/tinte-drene-color-kit-1-0-negro-intenso-fisa,4363,belleza/belleza-y-apariencia
701503,TINTE 7.0 RUBIO MEDIO C/A,"Bs. 3.762,63",https://pccentro.net.ve/img/s/5/5/9/6/6/55966-large_default.webp,/producto/belleza/belleza-y-apariencia/701503/tinte-american-colors-7-0-rubio-medio-c-a,4363,belleza/belleza-y-apariencia
704956,POLVO COMPACTO ACLARANTE ANA MARIA SPF 25 TONO NATURAL,"Bs. 21.626,67",https://pccentro.net.ve/img/s/9/0/0/3/3/90033-large_default.webp,/producto/belleza/belleza-y-apariencia/704956/polvo-compacto-aclarante-ana-maria-spf-25-tono-natural,4363,belleza/belleza-y-apariencia
754543,TINTE AMERICAN COLORS RUBIO AVELLANA 7.30,"Bs. 3.762,63",https://pccentro.net.ve/img/s/9/6/2/3/1/96231-large_default.webp,/producto/belleza/belleza-y-apariencia/754543/tinte-american-colors-rubio-avellan-7-30,4363,belleza/belleza-y-apariencia
754611,DRENE TINTE TUBO NEGRO INTENSO FISA,"Bs. 4.042,29",https://pccentro.net.ve/img/s/5/4/6/1/9/54619-large_default.webp,/producto/belleza/belleza-y-apariencia/754611/tinte-drene-color-1-0-negro-intenso-tubo-fisa,4363,belleza/belleza-y-apariencia
305996,TINTE ALFAPARF # 4.65 CASTAÑO MEDIO ROJO CAOBA,"Bs. 6.898,16",https://pccentro.net.ve/img/s/5/7/9/0/7/57907-large_default.webp,/producto/belleza/belleza-y-apariencia/305996/tinte-alfaparf-4-65-castano-medio-r-caob,4363,belleza/belleza-y-apariencia
306002,TINTE ALFAPARF # 6.3 RUBIO OSCURO,"Bs. 7.143,92",https://pccentro.net.ve/img/s/5/7/9/0/4/57904-large_default.webp,/producto/belleza/belleza-y-apariencia/306002/tinte-alfaparf-6-3-rubio-oscuro,4363,belleza/belleza-y-apariencia
307688,LABIAL PROTECTOR EN BARRA SABOR A MANZANA X 4 GR NEVADA,"Bs. 2.152,50",https://pccentro.net.ve/img/s/2/3/8/0/3/23803-large_default.webp,/producto/belleza/belleza-y-apariencia/307688/prot-lab-mnzana-nevada4gr,4363,belleza/belleza-y-apariencia
306643,TINTE COVERAGE 13.0 COLOR BLANCO CALIFORNIA,"Bs. 2.567,74",https://pccentro.net.ve/img/s/6/9/4/0/3/69403-large_default.webp,/producto/belleza/belleza-y-apariencia/306643/tinte-coverage-13-0-color-blanc-californi,4363,belleza/belleza-y-apariencia
307881,"AGUA OXIGENADA (6%, VOL 20) X 120ML PASARELA","Bs. 1.110,15",https://pccentro.net.ve/img/s/8/1/7/2/3/81723-large_default.webp,/producto/belleza/belleza-y-apariencia/307881/agua-oxigenada-pasarela-vol-20-6porc-120-ml,4363,belleza/belleza-y-apariencia
317094,TINTE REVLON # 54 CASTAÑO DORADO CLARO,"Bs. 12.270,93",https://pccentro.net.ve/img/s/2/2/6/2/9/22629-large_default.webp,/producto/belleza/belleza-y-apariencia/317094/tinte-revlon-colorsilk-castano-c-dora-54,4363,belleza/belleza-y-apariencia
305164,CREMA CAPILAR CABELLO SECO,"Bs. 5.152,44",https://pccentro.net.ve/img/s/3/3/8/8/3/33883-large_default.webp,/producto/belleza/belleza-y-apariencia/305164/crem-drene-trat-cap-proh-complex-350g,4363,belleza/belleza-y-apariencia
309983,TRATAMIENTO CAPILAR PIRITON ANTI CASPA (E),"Bs. 6.389,70",https://pccentro.net.ve/img/s/6/9/5/5/7/69557-large_default.webp,/producto/belleza/belleza-y-apariencia/309983/trat-capi-piriton-anti-caspa-230-ml,4363,belleza/belleza-y-apariencia
305369,TÓNICO CAPILAR BIOS ANTICAIDA,"Bs. 10.974,35",https://pccentro.net.ve/img/s/7/0/4/3/0/70430-large_default.webp,/producto/belleza/belleza-y-apariencia/305369/tonic-capi-bios-anticaida-120-ml,4363,belleza/belleza-y-apariencia
335868,POST TRATAMIENTO ALFAPARF LISS EXTREME COLOR PROTECTION X 300 ML,"Bs. 6.220,21",https://pccentro.net.ve/img/s/6/9/3/5/4/69354-large_default.webp,/producto/belleza/belleza-y-apariencia/335868/post-trat-alfapart-liss-extreme-300-ml,4363,belleza/belleza-y-apariencia
306962,SHAMPOO PRE TRATAMIENTO HYDRA NUTRI,"Bs. 5.601,58",https://pccentro.net.ve/img/s/3/7/5/9/7/37597-large_default.webp,/producto/belleza/belleza-y-apariencia/306962/pre-trat-alfapart-hydra-nutri-300-ml,4363,belleza/belleza-y-apariencia
306836,LOCION LOP CEROPIOJOS VARGAS,"Bs. 6.940,53",https://pccentro.net.ve/img/s/5/8/1/8/5/58185-large_default.webp,/producto/belleza/belleza-y-apariencia/306836/loc-lop-ceropiojos-240-ml,4363,belleza/belleza-y-apariencia
671275,TINTE RUBIO OSCURO,"Bs. 11.855,69",https://pccentro.net.ve/img/s/3/9/6/9/7/39697-large_default.webp,/producto/belleza/belleza-y-apariencia/671275/tinte-revlon-colorsilk-rubio-oscuro-61,4363,belleza/belleza-y-apariencia
671276,TINTE REVLON COLORSILK CHOCOLATE 37,"Bs. 7.499,84",https://pccentro.net.ve/img/s/5/8/7/8/3/58783-large_default.webp,/producto/belleza/belleza-y-apariencia/671276/tinte-revlon-colorsilk-chocolate-37,4363,belleza/belleza-y-apariencia
695929,TINTE REVLON COLORSILK CASTAÑO ROJIZO CLARO 55,"Bs. 13.431,92",https://pccentro.net.ve/img/s/5/7/8/8/9/57889-large_default.webp,/producto/belleza/belleza-y-apariencia/695929/tinte-revlon-colorsilk-cast-roji-clar-55,4363,belleza/belleza-y-apariencia
698354,GEL FIJADOR ROLDA AZUL ANTICASPA 120GR,"Bs. 1.983,01",https://pccentro.net.ve/img/s/8/7/7/7/1/87771-large_default.webp,/producto/belleza/belleza-y-apariencia/698354/gel-fijador-rolda-azul-anticaspa-120gr,4363,belleza/belleza-y-apariencia
699811,TINTE COVERAGE 5.44 COLOR CASTAÑO CLARO COBRE,"Bs. 2.364,36",https://pccentro.net.ve/img/s/8/8/0/3/5/88035-large_default.webp,/producto/belleza/belleza-y-apariencia/699811/tinte-coverage-5-44-color-castano-claro-cobre,4363,belleza/belleza-y-apariencia
700020,GEL FIJADOR XTREME TITAN 500GR,"Bs. 4.584,65",https://pccentro.net.ve/img/s/9/3/1/6/9/93169-large_default.webp,/producto/belleza/belleza-y-apariencia/700020/gel-fijador-xtreme-titan-500gr,4363,belleza/belleza-y-apariencia
701504,TINTE AMERICAN COLORS CHOCOLATE 6.7,"Bs. 3.771,11",https://pccentro.net.ve/img/s/9/0/5/2/0/90520-large_default.webp,/producto/belleza/belleza-y-apariencia/701504/tinte-american-colors-chocolate-6-7,4363,belleza/belleza-y-apariencia
702388,TINTE IGORA VITAL KIT 1.1 NEGRO AZUL,"Bs. 5.711,75",https://pccentro.net.ve/img/s/8/9/1/0/3/89103-large_default.webp,/producto/belleza/belleza-y-apariencia/702388/tinte-igora-vital-kit-1-1-negro-azul,4363,belleza/belleza-y-apariencia
702722,BASE EN CREMA SENSILIS TONO BEIGE 01 EFECTO LIFTING 30ML,"Bs. 40.558,48",https://pccentro.net.ve/img/s/8/9/1/1/6/89116-large_default.webp,/producto/belleza/belleza-y-apariencia/702722/base-en-crema-sensilis-tono-beige-01-efecto-lifting-30ml,4363,belleza/belleza-y-apariencia
708916,TINTE PALETTE KIT 9-1 RUBIO EXTRA CLARO CENIZO,"Bs. 4.762,61",https://pccentro.net.ve/img/s/9/0/5/1/9/90519-large_default.webp,/producto/belleza/belleza-y-apariencia/708916/tinte-palette-kit-9-1-rubio-extra-claro-cenizo,4363,belleza/belleza-y-apariencia
732789,TINTE SALERM 7.6 RUBIO ROJIZO X 2.1 OZ,"Bs. 5.542,26",https://pccentro.net.ve/img/s/9/2/5/9/3/92593-large_default.webp,/producto/belleza/belleza-y-apariencia/732789/tinte-salerm-7-6-rubio-rojizo-x-2-1-oz,4363,belleza/belleza-y-apariencia
240218,LABIAL PROTECTOR EN BARRA SABOR A CEREZA X 4 GR NEVADA,"Bs. 2.160,97",https://pccentro.net.ve/img/s/3/8/8/1/6/38816-large_default.webp,/producto/belleza/belleza-y-apariencia/240218/barra-labial-nevada-cereza-x-45gr-1,4363,belleza/belleza-y-apariencia
240200,LABIAL PROTECTOR EN BARRA NATURAL X 45GR NEVADA,"Bs. 2.483,00",https://pccentro.net.ve/img/s/8/2/3/1/2/82312-large_default.webp,/producto/belleza/belleza-y-apariencia/240200/barra-labial-nevada-natural-x-45gr-1,4363,belleza/belleza-y-apariencia
715591,LABIAL LABELLO NATURAL NIVEA,"Bs. 4.101,61",https://pccentro.net.ve/img/s/9/2/2/9/4/92294-large_default.webp,/producto/belleza/belleza-y-apariencia/715591/labial-labello-natural-nivea,4363,belleza/belleza-y-apariencia
748573,BARRA LABIAL ESTIC LIP CHERRY X 1 UNID VASALAINE,"Bs. 703,38",https://pccentro.net.ve/images/sananselmo/0-home_default.webp,/producto/belleza/belleza-y-apariencia/748573/barra-labial-estic-lip-cherry-x-1-unid-vasalaine-1,4363,belleza/belleza-y-apariencia
242117,LABIAL PROTECTOR EN BARRA SABOR A COCO X 4 GR NEVADA,"Bs. 2.160,97",https://pccentro.net.ve/img/s/8/2/3/2/6/82326-large_default.webp,/producto/belleza/belleza-y-apariencia/242117/barra-labial-nevada-coco-x-45gr-1,4363,belleza/belleza-y-apariencia
266676,ACONDICIONADOR SEDAL CERAMIDAS ROSADO X 340ML UNILEVER,"Bs. 6.169,36",https://pccentro.net.ve/img/s/8/5/2/7/8/85278-large_default.webp,/producto/belleza/belleza-y-apariencia/266676/sedal-acondicionador-ceramidas-x-340ml,4363,belleza/belleza-y-apariencia
282227,ACONDICIONADOR SEDAL PARA RIZOS DEFINIDOS X 340ML UNILEVER,"Bs. 6.465,97",https://pccentro.net.ve/img/s/7/3/2/3/1/73231-large_default.webp,/producto/belleza/belleza-y-apariencia/282227/sedal-acondicionador-rizos-definidos-x-340ml,4363,belleza/belleza-y-apariencia
674357,LIP THERAPY COCOA BUTTER BARRA LABIAL x4.8GR VASELINE UNILEVER,"Bs. 3.406,71",https://pccentro.net.ve/img/s/7/5/9/7/9/75979-large_default.webp,/producto/belleza/belleza-y-apariencia/674357/barra-labial-vaselina-cocoa-butter-x-4-8gr-lip-therapy,4363,belleza/belleza-y-apariencia
470690,LABIAL LIP STRAWBERRY/MORANGO 48GR NIVEA,"Bs. 3.245,70",https://pccentro.net.ve/img/s/8/2/3/2/1/82321-large_default.webp,/producto/belleza/belleza-y-apariencia/470690/nivea-lip-labial-fresa-x-48gr,4363,belleza/belleza-y-apariencia
470691,"LABIAL LIP CHERRY (CEREZA) X 4,8GR NIVEA","Bs. 3.491,45",https://pccentro.net.ve/img/s/2/5/2/2/2/25222-large_default.webp,/producto/belleza/belleza-y-apariencia/470691/nivea-lip-labial-cereza-x-48gr,4363,belleza/belleza-y-apariencia
470692,LABIAL LIP ORIGINAL CARE 4.8GR NIVEA,"Bs. 3.449,08",https://pccentro.net.ve/img/s/2/9/6/1/5/29615-large_default.webp,/producto/belleza/belleza-y-apariencia/470692/nivea-lip-labial-original-care-x-4-8gr,4363,belleza/belleza-y-apariencia
709052,POLVO COMPACTO ANA MARIA SPF 25 TONO MARRON,"Bs. 19.101,38",https://pccentro.net.ve/img/s/9/0/0/4/8/90048-large_default.webp,/producto/belleza/belleza-y-apariencia/709052/polvo-compacto-ana-maria-spf-25-tono-marron,4363,belleza/belleza-y-apariencia
730264,POLVO COMPACTO ACLARANTE ANA MARIA SPF 25 TONO COCOA,"Bs. 21.626,75",https://pccentro.net.ve/img/s/9/0/0/3/5/90035-large_default.webp,/producto/belleza/belleza-y-apariencia/730264/polvo-compacto-aclarante-ana-maria-spf-25-tono-cocoa,4363,belleza/belleza-y-apariencia
708734,"PROTECTOR DE LABIOS SABOR A FRESA LABELLO 4,8 G","Bs. 4.245,67",https://pccentro.net.ve/img/s/7/0/5/1/4/70514-large_default.webp,/producto/belleza/belleza-y-apariencia/708734/labial-labello-fresa-nivea,4363,belleza/belleza-y-apariencia
470686,CREMA BETUN PARA ZAPATOS COLOR NEGRO 4 EN 1 CHERRY 37.5mL/30g,"Bs. 4.372,79",https://pccentro.net.ve/img/s/7/0/7/4/0/70740-large_default.webp,/producto/belleza/belleza-y-apariencia/470686/cherry-betun-negro-30gr,4363,belleza/belleza-y-apariencia
705911,TINTE COVERAGE 7.73 COLOR RUB/MA/DORADO,"Bs. 2.627,06",https://pccentro.net.ve/img/s/6/9/2/0/6/69206-large_default.webp,/producto/belleza/belleza-y-apariencia/705911/tinte-coverage-7-73-color-rub-ma-dorado,4363,belleza/belleza-y-apariencia
705914,GEL FIJADOR FRESH,"Bs. 1.745,73",https://pccentro.net.ve/img/s/2/8/3/2/7/28327-large_default.webp,/producto/belleza/belleza-y-apariencia/705914/gel-fijador-every-night-fresh-100gr-fisa,4363,belleza/belleza-y-apariencia
705917,TINTE AMERICAN COLORS LIGHT ROJO AMOR 8.54,"Bs. 2.432,15",https://pccentro.net.ve/img/s/5/7/8/9/2/57892-large_default.webp,/producto/belleza/belleza-y-apariencia/705917/tinte-american-colors-light-roj-amor8-54,4363,belleza/belleza-y-apariencia
705918,TINTE RUBIO CLARO COBRIZO CAOBA 8.45,"Bs. 3.279,59",https://pccentro.net.ve/img/s/2/9/6/0/0/29600-large_default.webp,/producto/belleza/belleza-y-apariencia/705918/tinte-mystic-tubo-rubio-claro-caoba-8-45,4363,belleza/belleza-y-apariencia
705919,TINTE MYSTIC 8.6 TUBO RUBIO CLARO ROJIZO,"Bs. 152,54",https://pccentro.net.ve/img/s/9/6/2/3/2/96232-large_default.webp,/producto/belleza/belleza-y-apariencia/705919/tinte-mystic-8-6-tubo-rubio-claro-rojizo,4363,belleza/belleza-y-apariencia
705920,TINTE MYSTIC TUBO ILUSION RED 66.46,"Bs. 3.262,64",https://pccentro.net.ve/img/s/9/1/3/3/4/91334-large_default.webp,/producto/belleza/belleza-y-apariencia/705920/tinte-mystic-tubo-ilusion-red-66-46,4363,belleza/belleza-y-apariencia
627595,GLIZIGEN PROTECTOR LABIAL 5 ML AV PHARMA,"Bs. 12.626,94",https://pccentro.net.ve/img/s/8/2/3/2/7/82327-large_default.webp,/producto/belleza/belleza-y-apariencia/627595/glizigen-labial-5-ml-av-pharma,4363,belleza/belleza-y-apariencia
705922,ROLDA CREMA DE PEINAR ACEITE DE RICINO CON CASTIGADO X 300ML,"Bs. 4.398,21",https://pccentro.net.ve/img/s/8/2/0/1/3/82013-large_default.webp,/producto/belleza/belleza-y-apariencia/705922/crema-de-peinar-rolda-aceite-de-ricino-300ml,4363,belleza/belleza-y-apariencia
705936,TINTE ALFAPARF # 6.66 RUBIO OSCURO ROJO INTENSO,"Bs. 5.491,41",https://pccentro.net.ve/img/s/9/3/1/7/1/93171-large_default.webp,/producto/belleza/belleza-y-apariencia/705936/tinte-alfaparf-6-66-rubio-oscur-rojo-int,4363,belleza/belleza-y-apariencia
705938,TINTE SALERM RUBIO CLARO ROJIZO COBRIZO 8.6,"Bs. 6.457,49",https://pccentro.net.ve/img/s/5/7/8/6/6/57866-large_default.webp,/producto/belleza/belleza-y-apariencia/705938/tinte-salerm-rubio-claro-rojizo-cobr-8-6,4363,belleza/belleza-y-apariencia
715482,TINTE ALFAPARF # 7.35 RUBIO MEDIO DORADO CAOBA,"Bs. 7.126,97",https://pccentro.net.ve/img/s/5/7/8/9/4/57894-large_default.webp,/producto/belleza/belleza-y-apariencia/715482/tinte-alfaparf-7-35-rubio-med-dor-caoba,4363,belleza/belleza-y-apariencia
715483,TINTE ALFAPARF ANTIAMARILLO,"Bs. 5.940,55",https://pccentro.net.ve/img/s/5/7/8/9/6/57896-large_default.webp,/producto/belleza/belleza-y-apariencia/715483/tinte-alfaparf-antiamarillo-150gr,4363,belleza/belleza-y-apariencia
715484,TINTE ALFAPARF # 7.32 RUBIO MED/DOR IRISAD,"Bs. 7.313,41",https://pccentro.net.ve/img/s/9/0/4/0/2/90402-large_default.webp,/producto/belleza/belleza-y-apariencia/715484/tinte-alfaparf-7-32-rubio-med-dor-irisad,4363,belleza/belleza-y-apariencia
740789,APLICADOR SOMBRA,"Bs. 2.338,93",https://pccentro.net.ve/img/s/4/0/1/9/7/40197-large_default.webp,/producto/belleza/belleza-y-apariencia/740789/aplicador-sombra-x12-cala,4363,belleza/belleza-y-apariencia
308684,TOMI TIPI RASCA ENCIAS MARAQUITA 0+ MESES,"Bs. 4.084,66",https://pccentro.net.ve/img/s/9/4/6/9/1/94691-large_default.webp,/producto/bebe-1/juguetes-1/308684/tomi-t-mordedor-maraquita,3511,bebe-1/juguetes-1
372068,CHUPON DE SILICON SUAVE 2 MESES,"Bs. 5.949,03",https://pccentro.net.ve/img/s/5/6/4/8/8/56488-large_default.webp,/producto/bebe-1/accesorios-del-bebe/372068/chupon-silicona-ortodontica-2-meses-suave-genial,4355,bebe-1/accesorios-del-bebe
396696,SET DE GOTEROS Y CUCHARAS PARA BEBE 0 MESES GENIAL,"Bs. 32.016,28",https://pccentro.net.ve/img/s/5/5/8/2/5/55825-large_default.webp,/producto/bebe-1/accesorios-del-bebe/396696/kit-de-cuidados-para-bebe-genial-4-piezas,4355,bebe-1/accesorios-del-bebe
702719,TETERO GENIAL 9OZ/150ML 4M+,"Bs. 4.643,97",https://pccentro.net.ve/img/s/5/6/7/5/9/56759-large_default.webp,/producto/bebe-1/accesorios-del-bebe/702719/genial-tetero-reduce-colicos-9oz-270ml,4355,bebe-1/accesorios-del-bebe
645463,TERMOMETRO FIGURAS DIGITAL PUNTA FLEXIBLE,"Bs. 11.448,91",https://pccentro.net.ve/img/s/7/0/7/8/2/70782-large_default.webp,/producto/bebe-1/accesorios-del-bebe/645463/genial-termometro-figuras-digital-punta-flexible-x1-unid,4355,bebe-1/accesorios-del-bebe
646003,MORDEDOR DE SILICONA MULTI TEXTURA 6 MESES,"Bs. 5.482,94",https://pccentro.net.ve/img/s/7/0/6/8/7/70687-large_default.webp,/producto/bebe-1/accesorios-del-bebe/646003/genial-mordedor-de-silicona-multitextura-6m-x1-unid,4355,bebe-1/accesorios-del-bebe
646008,TETERO 60 OZ,"Bs. 9.237,10",https://pccentro.net.ve/img/s/6/1/0/7/7/61077-large_default.webp,/producto/bebe-1/accesorios-del-bebe/646008/genial-boca-ancha-6-oz-3m-x-180ml,4355,bebe-1/accesorios-del-bebe
649870,VASO DE ENTRETENIMIENTO 12M+,"Bs. 9.838,78",https://pccentro.net.ve/img/s/7/0/7/2/8/70728-large_default.webp,/producto/bebe-1/accesorios-del-bebe/649870/genial-vaso-de-entretenimiento-12m-x-270ml,4355,bebe-1/accesorios-del-bebe
653239,ASPIRADOR NASAL CON VALVULA ANTI RETORNO x1 UNDAD GENIAL,"Bs. 7.059,18",https://pccentro.net.ve/img/s/6/1/0/7/6/61076-large_default.webp,/producto/bebe-1/accesorios-del-bebe/653239/genial-aspirador-nasal-con-valvula-anti-retorno-x1-und,4355,bebe-1/accesorios-del-bebe
661564,TETERO BOCA ANCHA ANTICOLICO OM+ 4OZ 120ML,"Bs. 7.482,90",https://pccentro.net.ve/img/s/8/1/9/4/5/81945-large_default.webp,/producto/bebe-1/accesorios-del-bebe/661564/genial-tetero-boca-ancha-anticolico-om-4oz-120ml,4355,bebe-1/accesorios-del-bebe
663940,TETERO  8OZ 3M+,"Bs. 6.025,30",https://pccentro.net.ve/img/s/7/0/7/3/0/70730-large_default.webp,/producto/bebe-1/accesorios-del-bebe/663940/genial-tetero-8oz-3m-x-240ml,4355,bebe-1/accesorios-del-bebe
669843,CHUPON ORTODONTICO SAFE 3M+,"Bs. 7.550,69",https://pccentro.net.ve/img/s/7/0/7/8/0/70780-large_default.webp,/producto/bebe-1/accesorios-del-bebe/669843/genial-chupon-safe-ultra-suave-3m-x2-und,4355,bebe-1/accesorios-del-bebe
669845,GENIAL TETERO CON SONAJERO 5OZ 3M+ X 150ML,"Bs. 8.550,67",https://pccentro.net.ve/img/s/8/5/0/5/8/85058-large_default.webp,/producto/bebe-1/accesorios-del-bebe/669845/genial-tetero-con-sonajero-5oz-3m-x-150ml,4355,bebe-1/accesorios-del-bebe
699662,PROTECTOR SOLAR SENSILIS LOTION SPRAY KIDS +50 VERY HIGH PROTECTION 200ML,"Bs. 40.117,81",https://pccentro.net.ve/img/s/8/8/0/3/0/88030-large_default.webp,/producto/bebe-1/accesorios-del-bebe/699662/protector-solar-sensilis-lotion-spray-kids-50-very-high-protection-200ml,4355,bebe-1/accesorios-del-bebe
700375,GENIAL TETERO BOCA ANCHA 6M+ 9OZ 260ML,"Bs. 8.381,18",https://pccentro.net.ve/img/s/8/8/1/4/9/88149-large_default.webp,/producto/bebe-1/accesorios-del-bebe/700375/genial-tetero-boca-ancha-6m-9oz-260ml,4355,bebe-1/accesorios-del-bebe
700903,GENIAL CEPILLO Y MORDEDOR 2 EN1 SUAVE 3M+,"Bs. 2.398,26",https://pccentro.net.ve/img/s/8/9/1/1/3/89113-large_default.webp,/producto/bebe-1/accesorios-del-bebe/700903/genial-cepillo-y-mordedor-2-en1-suave-3m,4355,bebe-1/accesorios-del-bebe
700904,GENIAL VASO DE ENTRETENIMIENTO 6M+ 240ML,"Bs. 12.253,98",https://pccentro.net.ve/img/s/8/8/4/7/6/88476-large_default.webp,/producto/bebe-1/accesorios-del-bebe/700904/genial-vaso-de-entretenimiento-6m-240ml,4355,bebe-1/accesorios-del-bebe
704277,CENTRO DE CAMBIO PARA BEBE X 10 UNIDAD PIMPO,"Bs. 2.838,92",https://pccentro.net.ve/img/s/9/2/2/1/8/92218-large_default.webp,/producto/bebe-1/accesorios-del-bebe/704277/centro-de-cambio-para-bebe-x-10-unid-pimpo,4355,bebe-1/accesorios-del-bebe
715815,GENIAL TETERO BOCA ANCHA CON ASAS 4M+ 250ML,"Bs. 7.923,56",https://pccentro.net.ve/images/sananselmo/0-home_default.webp,/producto/bebe-1/accesorios-del-bebe/715815/genial-tetero-boca-ancha-con-asas-4m-250ml,4355,bebe-1/accesorios-del-bebe
733910,GENIAL TETINA SILICON BOCA ESTANDAR  X2  L,"Bs. 4.347,37",https://pccentro.net.ve/images/sananselmo/0-home_default.webp,/producto/bebe-1/accesorios-del-bebe/733910/genial-tetina-silicon-boca-estandar-x2-l,4355,bebe-1/accesorios-del-bebe
645351,BABERO IMPERMEABLE,"Bs. 4.364,32",https://pccentro.net.ve/img/s/7/0/6/9/5/70695-large_default.webp,/producto/bebe-1/accesorios-del-bebe/645351/babero-impermeable-genial,4355,bebe-1/accesorios-del-bebe
732280,TALCO BABY SKIN,"Bs. 2.838,92",https://pccentro.net.ve/img/s/8/5/3/4/0/85340-large_default.webp,/producto/bebe-1/accesorios-del-bebe/732280/chicco-talco-100gr,4355,bebe-1/accesorios-del-bebe
367751,TIRA LECHE SUAVE,"Bs. 5.262,60",https://pccentro.net.ve/img/s/7/2/3/0/8/72308-large_default.webp,/producto/bebe-1/accesorios-del-bebe/367751/tira-leche-genial-suave-1,4355,bebe-1/accesorios-del-bebe
372941,PAÑAL HUGGIES ACTIVE SEC TALLA XG X25 UNIDADES,"Bs. 12.135,34",https://pccentro.net.ve/img/s/8/6/6/7/1/86671-large_default.webp,/producto/bebe-1/accesorios-del-bebe/372941/panal-huggies-a-sec-talla-xg-x-25,4355,bebe-1/accesorios-del-bebe
388578,"SET CEPILLO, PEINE Y CORTAUÑAS + 1MES","Bs. 8.355,76",https://pccentro.net.ve/img/s/7/2/9/1/3/72913-large_default.webp,/producto/bebe-1/accesorios-del-bebe/388578/set-cepillo-peine-corta-una-genial,4355,bebe-1/accesorios-del-bebe
645347,JUGUETE SONAJERO,"Bs. 5.576,16",https://pccentro.net.ve/img/s/7/1/8/1/9/71819-large_default.webp,/producto/bebe-1/accesorios-del-bebe/645347/juguete-sonajero-genial,4355,bebe-1/accesorios-del-bebe
645348,RODILLERA GATEO ANTI - DESLIZANTE,"Bs. 813,54",https://pccentro.net.ve/img/s/7/1/8/1/8/71818-large_default.webp,/producto/bebe-1/accesorios-del-bebe/645348/rodillera-gateo-anti-deslizante-genial,4355,bebe-1/accesorios-del-bebe
646318,ALIMENTO DE FRUTAS PARA BEBÉ,"Bs. 5.788,02",https://pccentro.net.ve/img/s/7/4/7/1/3/74713-large_default.webp,/producto/bebe-1/accesorios-del-bebe/646318/alimento-de-frutas-genial,4355,bebe-1/accesorios-del-bebe
672482,TIRA LECHE PLASTICO INTIMATE,"Bs. 6.152,41",https://pccentro.net.ve/img/s/7/2/9/1/7/72917-large_default.webp,/producto/bebe-1/accesorios-del-bebe/672482/tira-leche-plastico-intimate,4355,bebe-1/accesorios-del-bebe
715859,REPELENTE GENIAL DE MOSQUITOS NATURAL 72HRS X36 UNIDADES,"Bs. 4.499,91",https://pccentro.net.ve/img/s/9/1/3/3/0/91330-large_default.webp,/producto/bebe-1/accesorios-del-bebe/715859/repelente-genial-de-mosquitos-natural-72hrs-x36-und,4355,bebe-1/accesorios-del-bebe
469885,TOMI TIPI RASCA ENCIAS MARAQUITA 0+ MESES,"Bs. 5.804,96",https://pccentro.net.ve/img/s/9/4/6/9/1/94691-large_default.webp,/producto/bebe-1/accesorios-del-bebe/469885/tomi-tipi-rasca-encias-maraquita-0-m,4355,bebe-1/accesorios-del-bebe
469899,CORTAUÑAS BEBE FIGURA PIE,"Bs. 3.110,10",https://pccentro.net.ve/img/s/7/0/4/5/8/70458-large_default.webp,/producto/bebe-1/accesorios-del-bebe/469899/genial-corta-unas-figura-de-pies-bebe-x1-unid,4355,bebe-1/accesorios-del-bebe
469921,GENIAL CORTA UÑAS NAIL CLIPPER BEBE X1 UNIDAD,"Bs. 4.872,78",https://pccentro.net.ve/img/s/9/4/6/9/6/94696-large_default.webp,/producto/bebe-1/accesorios-del-bebe/469921/genial-corta-unas-nail-clipper-bebe-x1-unid,4355,bebe-1/accesorios-del-bebe
705675,CORTA UÑAS BEBE X1 UNIDAD KOKIBEBE,"Bs. 2.093,18",https://pccentro.net.ve/images/sananselmo/0-home_default.webp,/producto/bebe-1/accesorios-del-bebe/705675/corta-unas-bebe-x1-und-kokibebe,4355,bebe-1/accesorios-del-bebe
705680,COLONIA BABY TOMI TIPI RECIÉN NACIDO AZUL 200ML,"Bs. 2.728,76",https://pccentro.net.ve/img/s/8/7/3/9/3/87393-large_default.webp,/producto/bebe-1/accesorios-del-bebe/705680/colonia-baby-tomi-tipi-recien-nacido-azul-200ml,4355,bebe-1/accesorios-del-bebe
469918,Chupon Silicone  Orthodontico+0m,"Bs. 3.627,04",https://pccentro.net.ve/img/s/2/2/9/1/3/22913-large_default.webp,/producto/bebe-1/accesorios-del-bebe/469918/tomi-tipi-chupon-0-m,4355,bebe-1/accesorios-del-bebe
469922,CHUPON CON BROCHE  0 M+,"Bs. 7.381,20",https://pccentro.net.ve/img/s/7/0/7/7/0/70770-large_default.webp,/producto/bebe-1/accesorios-del-bebe/469922/genial-chupon-con-broche-0-m-x1-unid,4355,bebe-1/accesorios-del-bebe
469940,PROTECTORES DE SENO,"Bs. 4.643,97",https://pccentro.net.ve/img/s/7/0/7/8/5/70785-large_default.webp,/producto/bebe-1/accesorios-del-bebe/469940/genial-protectores-de-seno-x12-unid,4355,bebe-1/accesorios-del-bebe
469976,GENIAL VASO DE TRANSICIÓN CON ASA 6M+ X 280ML,"Bs. 6.787,99",https://pccentro.net.ve/img/s/9/2/2/8/3/92283-large_default.webp,/producto/bebe-1/accesorios-del-bebe/469976/genial-vaso-de-transicion-con-asa-6m-x-280ml,4355,bebe-1/accesorios-del-bebe
469977,VASO DE TRANSICIÓN  6M+,"Bs. 6.999,85",https://pccentro.net.ve/img/s/7/5/3/6/0/75360-large_default.webp,/producto/bebe-1/accesorios-del-bebe/469977/genial-vaso-de-transicion-6m-x-270ml,4355,bebe-1/accesorios-del-bebe
469982,TETERO CON SONAJERO  10 OZ 3M+,"Bs. 15.177,74",https://pccentro.net.ve/img/s/7/0/6/8/9/70689-large_default.webp,/producto/bebe-1/accesorios-del-bebe/469982/genial-tetero-con-sonajero-10-oz-3m-x-300ml,4355,bebe-1/accesorios-del-bebe
705677,GENIAL TETINA SILICON REDUCE COLICOS S X2 UNIDADES,"Bs. 4.245,67",https://pccentro.net.ve/img/s/9/2/2/8/2/92282-large_default.webp,/producto/bebe-1/accesorios-del-bebe/705677/genial-tetina-silicon-reduce-colicos-s-x2-und,4355,bebe-1/accesorios-del-bebe
705679,LIMA DE UÑAS CURVAS,"Bs. 2.016,91",https://pccentro.net.ve/img/s/7/0/4/6/4/70464-large_default.webp,/producto/bebe-1/accesorios-del-bebe/705679/genial-lima-d-unas-curvas-0m-x3-und,4355,bebe-1/accesorios-del-bebe
705682,CONTENEDOR TOMI TIPI PARA LECHE,"Bs. 9.304,98",https://pccentro.net.ve/img/s/8/6/1/0/9/86109-large_default.webp,/producto/bebe-1/accesorios-del-bebe/705682/contenedor-tomi-tipi-p-leche,4355,bebe-1/accesorios-del-bebe
709046,GENIAL CORTA UÑAS Y LIMA 0M+,"Bs. 2.830,45",https://pccentro.net.ve/img/s/8/5/0/6/8/85068-large_default.webp,/producto/bebe-1/accesorios-del-bebe/709046/genial-corta-unas-y-lima-0m,4355,bebe-1/accesorios-del-bebe
239560,PAÑAL ADULTO SECUREZZA CLASSIC TALLA L (GRANDE) X6 UNIDADES PHARSANA,"Bs. 7.254,09",https://pccentro.net.ve/img/s/8/3/4/2/2/83422-large_default.webp,/producto/bebe-1/higiene-del-bebe/239560/securezza-pa¥al-clas-gde-x-6,4387,bebe-1/higiene-del-bebe
239619,PAÑAL ADULTO SIEMPRESECO TALLA G X6 UNIDADES PHARSANA,"Bs. 5.965,98",https://pccentro.net.ve/img/s/8/2/2/7/1/82271-large_default.webp,/producto/bebe-1/higiene-del-bebe/239619/siempre-seco-basico-talla-g,4387,bebe-1/higiene-del-bebe
258969,PAÑALES PARA ADULTOS TIPO PANTS TALLA M X9 UNDADES MIMLOT,"Bs. 9.093,03",https://pccentro.net.ve/img/s/3/9/7/1/9/39719-large_default.webp,/producto/bebe-1/higiene-del-bebe/258969/panal-tipo-pants-mimlot-talla-m-x-9-uni-sillaca,4387,bebe-1/higiene-del-bebe
239418,PAÑAL SIEMPRE SECO MILI ULTRA SECO TALLA M,"Bs. 5.118,54",https://pccentro.net.ve/img/s/8/2/2/5/8/82258-large_default.webp,/producto/bebe-1/higiene-del-bebe/239418/siempre-seco-panal-adulto-talla-m-x-6uni,4387,bebe-1/higiene-del-bebe
245756,PAÑAL ADULTO TIPO PANTS TALLA G X8 UNIDADES MIMLOT,"Bs. 13.965,81",https://pccentro.net.ve/img/s/8/2/2/5/9/82259-large_default.webp,/producto/bebe-1/higiene-del-bebe/245756/panal-para-adultos-tipo-pants-mimlot-g-x-8uni-sillaca,4387,bebe-1/higiene-del-bebe
239681,TOALLITAS HUMEDAS MANZANILLA AMY X72 UNIDADES PHARSANA,"Bs. 1.525,39",https://pccentro.net.ve/img/s/8/2/2/6/9/82269-large_default.webp,/producto/bebe-1/higiene-del-bebe/239681/toa-amy-sec-hum-c-manzanilla-x-72,4387,bebe-1/higiene-del-bebe
301126,PAÑALES DESECHABLES TALLA XXG (+16KG) X18 UNDADES MIMLOT,"Bs. 5.669,37",https://pccentro.net.ve/img/s/8/2/2/6/7/82267-large_default.webp,/producto/bebe-1/higiene-del-bebe/301126/panales-mimlot-p-bebe-xxg-x-18,4387,bebe-1/higiene-del-bebe
248976,ACEITE DE COCO SOLUCION x60CC RECETTE MARK,"Bs. 3.610,09",https://pccentro.net.ve/img/s/8/2/2/3/2/82232-large_default.webp,/producto/bebe-1/higiene-del-bebe/248976/aceite-recett-coco-60-ml,4387,bebe-1/higiene-del-bebe
237912,CREMA ADEMINA 3E OXIDO DE ZINC PANTENOL ALOE MANZANILLA X 60GR  DERMO PROTECTORA,"Bs. 4.559,23",https://pccentro.net.ve/img/s/1/8/6/6/4/18664-large_default.webp,/producto/bebe-1/higiene-del-bebe/237912/ademina-3e-crm-dermo-protectora-60gr-1,4387,bebe-1/higiene-del-bebe
258968,PAÑALES PARA ADULTOS TIPO PANTS TALLA XG (CINTURA 120-170 CM) X7 UNIDADES MIMLOT,"Bs. 9.211,67",https://pccentro.net.ve/img/s/3/9/7/1/8/39718-large_default.webp,/producto/bebe-1/higiene-del-bebe/258968/panal-para-adultos-tipo-pants-mimlot-xg-x-7uni-sillaca,4387,bebe-1/higiene-del-bebe
303411,"SOLUHEX JABON BABY CLORHEXIDINA 0,2% LIQUIDO LIMPIADOR x240ML INTRA","Bs. 4.652,45",https://pccentro.net.ve/img/s/8/2/2/7/4/82274-large_default.webp,/producto/bebe-1/higiene-del-bebe/303411/solu-hex-baby-x-240-ml,4387,bebe-1/higiene-del-bebe
238332,COLONIA PARA BEBÉ SUAVE Y DURAERA X 200ML MIMADITO,"Bs. 4.618,55",https://pccentro.net.ve/img/s/2/7/5/9/2/27592-large_default.webp,/producto/bebe-1/higiene-del-bebe/238332/col-mimadito-x-200ml-1,4387,bebe-1/higiene-del-bebe
239707,TOALLAS HUMEDAS CON EXTRATO DE MANZANILLA X48 UNIDADES MIMADITO,"Bs. 1.305,06",https://pccentro.net.ve/img/s/2/8/7/4/5/28745-large_default.webp,/producto/bebe-1/higiene-del-bebe/239707/toallas-hum-mimadito-48u,4387,bebe-1/higiene-del-bebe
262025,CREMA CERO ANTI-PAÑALITIS ALOE VERA X 50 GR CERO,"Bs. 4.338,89",https://pccentro.net.ve/img/s/8/2/2/7/7/82277-large_default.webp,/producto/bebe-1/higiene-del-bebe/262025/crema-cero-c-aloe-vera-50-gr,4387,bebe-1/higiene-del-bebe
238363,CREMA LIQUIDA CON ALOE VERA PARA BEBÉS X 200 ML MIMADITO,"Bs. 3.245,70",https://pccentro.net.ve/img/s/2/8/8/2/5/28825-large_default.webp,/producto/bebe-1/higiene-del-bebe/238363/crem-mimadito-200-ml,4387,bebe-1/higiene-del-bebe
280756,COLONIA AMARILLA P/NIÑOS,"Bs. 3.135,53",https://pccentro.net.ve/img/s/4/0/1/3/7/40137-large_default.webp,/producto/bebe-1/higiene-del-bebe/280756/melody-col-amarilla-200cc,4387,bebe-1/higiene-del-bebe
238049,BABYSKIN CREMA PARA IRRITACIÓN EN LA PIEL X 60 GR MEDIHEALTH,"Bs. 6.745,62",https://pccentro.net.ve/img/s/8/2/3/0/8/82308-large_default.webp,/producto/bebe-1/higiene-del-bebe/238049/babyskin-cr-60gr,4387,bebe-1/higiene-del-bebe
238131,BRUCETIN KIDS CREMA ACCION ANTIPAÑALITIS DERMO PROTECTORA x50GR BRUCEN,"Bs. 7.915,09",https://pccentro.net.ve/img/s/8/2/2/8/4/82284-large_default.webp,/producto/bebe-1/higiene-del-bebe/238131/brucetin-kids-cr-dermprot,4387,bebe-1/higiene-del-bebe
316951,CREMA CERO ANTI-PAÑALITIS X 30GR CERO,"Bs. 4.152,46",https://pccentro.net.ve/img/s/2/4/4/5/3/24453-large_default.webp,/producto/bebe-1/higiene-del-bebe/316951/crema-cero-x-30-grs-1,4387,bebe-1/higiene-del-bebe
320497,CREMA BABY ANTI-PAÑALITIS X 50GR DERNIER,"Bs. 3.466,03",https://pccentro.net.ve/img/s/2/4/6/2/1/24621-large_default.webp,/producto/bebe-1/higiene-del-bebe/320497/dernier-crema-anti-panalitis-x50gr-1,4387,bebe-1/higiene-del-bebe
239477,PAÑALES PARA BEBÉ TALLA P (3-6 KG) X24 UNIDADES MIMLOT,"Bs. 5.694,80",https://pccentro.net.ve/img/s/7/3/5/9/7/73597-large_default.webp,/producto/bebe-1/higiene-del-bebe/239477/paal-bebe-mimlot-p-x24,4387,bebe-1/higiene-del-bebe
258870,TOALLAS HUMEDAS ALOE,"Bs. 677,95",https://pccentro.net.ve/img/s/2/8/6/9/1/28691-large_default.webp,/producto/bebe-1/higiene-del-bebe/258870/toallas-humedas-mimlot-aloe-vera-25-uni-sillaca,4387,bebe-1/higiene-del-bebe
736416,GEL DE BAÑO LUVENE NUTRIGEL KIDS 120ML,"Bs. 7.355,78",https://pccentro.net.ve/img/s/9/3/8/5/7/93857-large_default.webp,/producto/bebe-1/higiene-del-bebe/736416/gel-de-bano-luvene-nutrigel-kids-120ml,4387,bebe-1/higiene-del-bebe
320137,COLONIA PARA NIÑOS ROSA X 100CC MELODY,"Bs. 2.271,14",https://pccentro.net.ve/img/s/3/6/8/0/5/36805-large_default.webp,/producto/bebe-1/higiene-del-bebe/320137/colonia-melody-rosado-x-100ml-1,4387,bebe-1/higiene-del-bebe
320140,VASELINA 100% PURA ENRIQUECIDA CON SABILA Y VITAMINA E PARA NIÑOS x75GR MELODY,"Bs. 3.372,81",https://pccentro.net.ve/img/s/8/2/2/8/2/82282-large_default.webp,/producto/bebe-1/higiene-del-bebe/320140/melody-vaselina-sab-75gr-1,4387,bebe-1/higiene-del-bebe
242564,HISOPOS FLEXIBLES CON DOBLE PUNTA DE ALGODÓN X100 UNIDADES DE BASTONCITOS MIMADITOS,"Bs. 1.457,60",https://pccentro.net.ve/img/s/8/2/2/6/6/82266-large_default.webp,/producto/bebe-1/higiene-del-bebe/242564/hisopos-mimadito-bastoncitos-x100-2,4387,bebe-1/higiene-del-bebe
324994,PAÑAL TIPO PANTY ADULTO TALLA M X6 UNIDADES CLINICAS,"Bs. 9.542,17",https://pccentro.net.ve/img/s/8/2/2/0/9/82209-large_default.webp,/producto/bebe-1/higiene-del-bebe/324994/panal-clinicas-ad-talla-m-x6-1,4387,bebe-1/higiene-del-bebe
695028,TOALLAS DESMAQUILLANTES AZUL 25 UNID SILLACA,"Bs. 796,59",https://pccentro.net.ve/img/s/2/5/0/6/4/25064-large_default.webp,/producto/bebe-1/higiene-del-bebe/695028/toallas-humedas-mimlot-desmaquillantes-x25-und-azul,4387,bebe-1/higiene-del-bebe
317144,TOALLAS HUMEDAS ALOE VERA X72 UNDADES MIMLOT,"Bs. 1.262,69",https://pccentro.net.ve/img/s/2/2/6/6/5/22665-large_default.webp,/producto/bebe-1/higiene-del-bebe/317144/toa-hum-mimlot-aloe-vera-72-uds,4387,bebe-1/higiene-del-bebe
667986,COTONCITOS HISOPOS DE ALGODON PARA BEBES,"Bs. 1.025,40",https://pccentro.net.ve/img/s/7/1/3/6/2/71362-large_default.webp,/producto/bebe-1/higiene-del-bebe/667986/chicco-cotoncitos-baby-skin-x60-und,4387,bebe-1/higiene-del-bebe
673804,TOALLA HUMEDA MI BB X20 UNIDADES,"Bs. 644,05",https://pccentro.net.ve/img/s/8/6/2/5/1/86251-large_default.webp,/producto/bebe-1/higiene-del-bebe/673804/toalla-hum-mi-bb-x20-und,4387,bebe-1/higiene-del-bebe
667985,HISOPOS,"Bs. 1.110,15",https://pccentro.net.ve/img/s/5/2/1/4/4/52144-large_default.webp,/producto/bebe-1/higiene-del-bebe/667985/chicco-cotoncitos-x-100-pharsana,4387,bebe-1/higiene-del-bebe
672782,PAÑAL MI BB GRANDE X 40,"Bs. 8.940,49",https://pccentro.net.ve/img/s/8/5/2/6/0/85260-large_default.webp,/producto/bebe-1/higiene-del-bebe/672782/panal-mi-bb-grande-x-40,4387,bebe-1/higiene-del-bebe
672783,PAÑAL MI BB EXTRA GRANDE X 40 UNIDADES,"Bs. 9.355,74",https://pccentro.net.ve/img/s/8/9/5/4/6/89546-large_default.webp,/producto/bebe-1/higiene-del-bebe/672783/panal-mi-bb-extra-grande-x-40,4387,bebe-1/higiene-del-bebe
673037,TOALLAS HUMEDAS MIMLOT ALOE VERA X72 UNIDADES (TRIPACK),"Bs. 3.474,50",https://pccentro.net.ve/img/s/9/0/6/9/0/90690-large_default.webp,/producto/bebe-1/higiene-del-bebe/673037/toallas-humedas-mimlot-aloe-vera-x72-und-tripack,4387,bebe-1/higiene-del-bebe
306587,TOALLAS HUMEDAS WET BABY TOWELS PARA BEBE X 40 UNIDADES FRESH'N SOFT,"Bs. 711,85",https://pccentro.net.ve/img/s/8/2/2/4/3/82243-large_default.webp,/producto/bebe-1/higiene-del-bebe/306587/toa-hum-fresh-soft-classic-wetbaby-x-40,4387,bebe-1/higiene-del-bebe
645577,COLONIA PARA NIÑOS X 220ML CHICCO PHARSANA,"Bs. 4.305,00",https://pccentro.net.ve/img/s/6/1/4/6/6/61466-large_default.webp,/producto/bebe-1/higiene-del-bebe/645577/chicco-colonia-para-ninos-x-220ml-pharsana,4387,bebe-1/higiene-del-bebe
673034,SHAMPOO CHICCO CABELLO CLARO 200ML PHARSANA,"Bs. 3.694,84",https://pccentro.net.ve/img/s/8/2/7/6/3/82763-large_default.webp,/producto/bebe-1/higiene-del-bebe/673034/shampoo-chicco-cabello-claro-200ml-pharsana,4387,bebe-1/higiene-del-bebe
697999,PAÑAL HUGGIES ACTIVE SEC COMFORT TALLA XXG X25 UNIDADES,"Bs. 13.109,90",https://pccentro.net.ve/img/s/8/7/7/7/6/87776-large_default.webp,/producto/bebe-1/higiene-del-bebe/697999/panal-huggies-active-sec-comfort-talla-xxg-x25-und,4387,bebe-1/higiene-del-bebe
708942,DERMOX TOALLITAS HÚMEDAS CON MANZANILLA X72 UND FISA,"Bs. 1.194,89",https://pccentro.net.ve/img/s/8/5/5/3/9/85539-large_default.webp,/producto/bebe-1/higiene-del-bebe/708942/toallas-humedas-dermox-manzanilla-x72-und-fisa,4387,bebe-1/higiene-del-bebe
708943,DERMOX TOALLITAS HÚMEDAS CON ALOE VERA X72 UNIDADES FISA,"Bs. 1.423,70",https://pccentro.net.ve/img/s/8/5/5/3/8/85538-large_default.webp,/producto/bebe-1/higiene-del-bebe/708943/toallas-humedas-dermox-aloe-vera-x72-und-fisa,4387,bebe-1/higiene-del-bebe
754548,TOALLA HUMEDA PREMIUM EXTRA SUAVE MANZANILLA,"Bs. 728,80",https://pccentro.net.ve/img/s/6/7/4/3/0/67430-large_default.webp,/producto/bebe-1/higiene-del-bebe/754548/toallas-humedas-oki-baby-manzanilla-x20-und,4387,bebe-1/higiene-del-bebe
310114,PAÑALES PARA BEBÉ TALLA XG MIMLOT (11-25 KG) X18 UNIDADES MIMLOT,"Bs. 5.415,14",https://pccentro.net.ve/img/s/8/2/2/7/0/82270-large_default.webp,/producto/bebe-1/higiene-del-bebe/310114/pan-mimlot-talla-xg-x-18,4387,bebe-1/higiene-del-bebe
646058,SHAMPOO CHICCO CABELLO NORMAL X 200ML PHARSANA,"Bs. 3.610,09",https://pccentro.net.ve/img/s/7/2/6/9/8/72698-large_default.webp,/producto/bebe-1/higiene-del-bebe/646058/shampoo-chicco-cabello-normal-200ml-pharsana,4387,bebe-1/higiene-del-bebe
649315,AMY COLONIA PARA BEBE x220ML PHARSANA,"Bs. 3.677,89",https://pccentro.net.ve/img/s/7/1/4/4/3/71443-large_default.webp,/producto/bebe-1/higiene-del-bebe/649315/amy-colonia-x-220ml-pharsana,4387,bebe-1/higiene-del-bebe
660816,CEPILLO DE SILICONA PARA BEBES X1 ICEBERG,"Bs. 1.338,96",https://pccentro.net.ve/img/s/7/0/1/7/6/70176-large_default.webp,/producto/bebe-1/higiene-del-bebe/660816/cepillo-de-silicona-para-bebes-x-1-iceberg,4387,bebe-1/higiene-del-bebe
660959,CHICCO TOALLAS HUMEDAS ORIGINAL X 24 UNIDADES PHARSANA,"Bs. 728,80",https://pccentro.net.ve/img/s/7/5/1/4/5/75145-large_default.webp,/producto/bebe-1/higiene-del-bebe/660959/chicco-toallas-humedas-original-x-24-uni-pharsana,4387,bebe-1/higiene-del-bebe
695029,AMY SEC TOALLA HUMEDAS MANZANILLA x48 UNIDADES PHARSANA,"Bs. 1.194,89",https://pccentro.net.ve/img/s/8/1/5/9/2/81592-large_default.webp,/producto/bebe-1/higiene-del-bebe/695029/toallas-humedas-amy-sec-manzanilla-x48-und,4387,bebe-1/higiene-del-bebe
670638,JABON TOCADOR NEUTRO BALANCE BABY,"Bs. 2.067,75",https://pccentro.net.ve/img/s/5/8/7/2/4/58724-large_default.webp,/producto/bebe-1/higiene-del-bebe/670638/jabon-palmolive-barra-neutro-baby-90gr-x1-und-colgate,4387,bebe-1/higiene-del-bebe
673035,TOALLA HUMEDAS MI BB MANZANILLA + VITAMINA E X72 UNIDADES,"Bs. 1.305,06",https://pccentro.net.ve/img/s/8/6/6/8/1/86681-large_default.webp,/producto/bebe-1/higiene-del-bebe/673035/toalla-humedas-mi-bb-manzanilla-vit-e-x72-und,4387,bebe-1/higiene-del-bebe
700028,PAÑAL HUGGIES LITTLE SWIMMERS TALLA P X11 UNIDADES,"Bs. 11.296,38",https://pccentro.net.ve/img/s/8/8/0/7/4/88074-large_default.webp,/producto/bebe-1/higiene-del-bebe/700028/panal-huggies-little-swimmers-talla-p-x11-und,4387,bebe-1/higiene-del-bebe
705427,HISOPOS BABY SHEEN X100 UNIDADES,"Bs. 1.050,83",https://pccentro.net.ve/images/sananselmo/0-home_default.webp,/producto/bebe-1/higiene-del-bebe/705427/hisopos-baby-sheen-x100-und,4387,bebe-1/higiene-del-bebe
727838,TOALLAS HUMEDAS AMY SEC MANZANILLA X24 UNIDADES,"Bs. 796,59",https://pccentro.net.ve/img/s/9/2/2/8/1/92281-large_default.webp,/producto/bebe-1/higiene-del-bebe/727838/toallas-humedas-amy-sec-manzanilla-x24-und,4387,bebe-1/higiene-del-bebe
754613,TOALLAS HUMEDAS PLUP-PLUS X25 UND,"Bs. 1.466,07",https://pccentro.net.ve/images/sananselmo/0-home_default.webp,/producto/bebe-1/higiene-del-bebe/754613/toallas-humedas-plup-plus-x25-und,4387,bebe-1/higiene-del-bebe
310106,PAÑAL TALLA G (8-19KG) X20 UNIDADES MIMLOT,"Bs. 7.186,29",https://pccentro.net.ve/img/s/1/9/0/2/5/19025-large_default.webp,/producto/bebe-1/higiene-del-bebe/310106/pan-mimlot-talla-g-x-20,4387,bebe-1/higiene-del-bebe
645467,PAÑALES 5-10 KG TALLA M X20 UNIDADES MI BB,"Bs. 4.923,63",https://pccentro.net.ve/img/s/8/2/2/4/6/82246-large_default.webp,/producto/bebe-1/higiene-del-bebe/645467/panal-mi-bb-5-10-kg-talla-m-x-20,4387,bebe-1/higiene-del-bebe
660960,JABON EN BARRA CON ACEITE DE ALMENDRAS X 90G CHICCO,"Bs. 1.677,93",https://pccentro.net.ve/img/s/7/5/1/4/3/75143-large_default.webp,/producto/bebe-1/higiene-del-bebe/660960/chicco-barra-x-90-g,4387,bebe-1/higiene-del-bebe
661331,CREMA PARA PEINAR  HIDRATACION INTENSA X 200ML JOHNSONS,"Bs. 6.169,36",https://pccentro.net.ve/img/s/8/2/2/5/1/82251-large_default.webp,/producto/bebe-1/higiene-del-bebe/661331/crema-para-peinar-200ml-johnsons,4387,bebe-1/higiene-del-bebe
242160,OVERSKIN OXIDO DE ZINC+ACEITE DE HIGADO DE BACALAO CREMA 40% x50GR PONCE & BENZO,"Bs. 4.344,49",https://pccentro.net.ve/img/s/8/2/2/1/6/82216-large_default.webp,/producto/bebe-1/higiene-del-bebe/242160/overskin-crema-40porc-50gr-1,4387,bebe-1/higiene-del-bebe
303139,CREMA CERO ANTI-PAÑALITIS CON ALOE VERA X 30GR CERO,"Bs. 5.838,86",https://pccentro.net.ve/img/s/2/4/4/5/2/24452-large_default.webp,/producto/bebe-1/higiene-del-bebe/303139/crema-cero-c-aloe-vera-x-30-gr-1,4387,bebe-1/higiene-del-bebe
250110,LANOL ZINC OXIDO DE ZINC+PANTENOL  POMADA x60GR VALMORCA (E),"Bs. 6.449,02",https://pccentro.net.ve/img/s/3/5/8/0/2/35802-large_default.webp,/producto/bebe-1/higiene-del-bebe/250110/lanol-zinc-pda-x-60-gr-1,4387,bebe-1/higiene-del-bebe
673941,HISOPOS XPERIAN MEDICAL X 100 UNIDADES,"Bs. 1.745,73",https://pccentro.net.ve/img/s/9/3/1/7/3/93173-large_default.webp,/producto/bebe-1/higiene-del-bebe/673941/hisopos-xperian-medical-x-100,4387,bebe-1/higiene-del-bebe
248769,CREMA ANTIPAÑALITIS PARA BEBES,"Bs. 6.033,77",https://pccentro.net.ve/img/s/8/2/2/3/9/82239-large_default.webp,/producto/bebe-1/higiene-del-bebe/248769/ademina-kids-x-60gr-1,4387,bebe-1/higiene-del-bebe
674885,REPELENTE DERNIER LOCION BABY,"Bs. 2.483,00",https://pccentro.net.ve/img/s/7/5/9/1/1/75911-large_default.webp,/producto/bebe-1/higiene-del-bebe/674885/repelente-dernier-baby-locion-200ml,4387,bebe-1/higiene-del-bebe
249344,PAÑALES PARA NIÑOS CON + 13KG TALLA XG X10 UNDADES MI BB,"Bs. 2.855,87",https://pccentro.net.ve/img/s/8/2/2/1/9/82219-large_default.webp,/producto/bebe-1/higiene-del-bebe/249344/panal-mi-bb-13-kg-talla-xg-x-10,4387,bebe-1/higiene-del-bebe
303357,PAÑALES + 13KG TALLA XG X20 UNDADES PAÑAL MI BB,"Bs. 5.499,89",https://pccentro.net.ve/img/s/5/4/9/9/1/54991-large_default.webp,/producto/bebe-1/higiene-del-bebe/303357/panal-mi-bb-13-kg-talla-xg-x-20,4387,bebe-1/higiene-del-bebe
259338,CREMA CERO ANTI-PAÑALITIS X 50GR CERO,"Bs. 3.961,70",https://pccentro.net.ve/img/s/7/3/7/2/1/73721-large_default.webp,/producto/bebe-1/higiene-del-bebe/259338/crema-cero-50-gr,4387,bebe-1/higiene-del-bebe
674207,DESITIN UNGUENTO DIVAR C.A,"Bs. 8.101,53",https://pccentro.net.ve/img/s/7/5/0/5/4/75054-large_default.webp,/producto/bebe-1/higiene-del-bebe/674207/desitin-unguento-morado-57gr-johnson,4387,bebe-1/higiene-del-bebe
674208,CREMA JOHNS BABY LIQUIDA HIDRATANTE,"Bs. 5.949,03",https://pccentro.net.ve/img/s/5/8/6/6/1/58661-large_default.webp,/producto/bebe-1/higiene-del-bebe/674208/crema-johnson-baby-liquida-200ml,4387,bebe-1/higiene-del-bebe
695208,LAMINA DE ALGODÓN,"Bs. 1.084,72",https://pccentro.net.ve/img/s/2/9/2/2/3/29223-large_default.webp,/producto/bebe-1/higiene-del-bebe/695208/almohadillas-de-algodon-mimadito-x40-und-mmq,4387,bebe-1/higiene-del-bebe
705045,TOALLAS HUMEDAS DERMOX MANZANILLA X48 UNIDADES FISA,"Bs. 1.144,04",https://pccentro.net.ve/img/s/9/0/1/1/2/90112-large_default.webp,/producto/bebe-1/higiene-del-bebe/705045/toallas-humedas-dermox-manzanilla-x48-und-fisa,4387,bebe-1/higiene-del-bebe
705046,TOALLAS HUMEDAS DERMOX ALOE VERA X48 UNIDADES FISA,"Bs. 1.237,26",https://pccentro.net.ve/img/s/9/0/1/1/1/90111-large_default.webp,/producto/bebe-1/higiene-del-bebe/705046/toallas-humedas-dermox-aloe-vera-x48-und-fisa,4387,bebe-1/higiene-del-bebe
399890,SHAMPOO EVERY NIGHT NIÑOS CON PROTEINAS X 365ML FISA,"Bs. 4.127,03",https://pccentro.net.ve/img/s/8/2/3/3/3/82333-large_default.webp,/producto/bebe-1/higiene-del-bebe/399890/every-night-shampoo-ninos-c-proteina-x-350ml-fisa,4387,bebe-1/higiene-del-bebe
240010,INTIMATE EQUIPO MEDICO ASPIRADOR NASAL x1 UNIDAD MODERPLAST,"Bs. 4.288,05",https://pccentro.net.ve/img/s/8/2/0/3/8/82038-large_default.webp,/producto/bebe-1/higiene-del-bebe/240010/aspirador-nasal-intimate-1,4387,bebe-1/higiene-del-bebe
241434,PAÑALES CONFORT INCONTINENCIA MUY SEVERA TALLA M ADULTO X6UNIDADES CLINICAS,"Bs. 9.211,67",https://pccentro.net.ve/img/s/7/2/9/7/1/72971-large_default.webp,/producto/bebe-1/higiene-del-bebe/241434/panal-clinicas-ad-confort-incont-talla-m-x-6,4387,bebe-1/higiene-del-bebe
241470,PAÑALES 10-13 KG TALLA G X20 UNIDADES PAÑAL MI BB,"Bs. 5.203,28",https://pccentro.net.ve/img/s/8/2/2/3/3/82233-large_default.webp,/producto/bebe-1/higiene-del-bebe/241470/panal-mi-bb-10-13-kg-talla-g-x-20-1,4387,bebe-1/higiene-del-bebe
241415,PAÑAL TALLA M (5-9 KG) X22 UNIDADES MIMLOT,"Bs. 6.567,66",https://pccentro.net.ve/img/s/8/2/2/4/2/82242-large_default.webp,/producto/bebe-1/higiene-del-bebe/241415/panal-mimlot-talla-m-5-9-kg-x22,4387,bebe-1/higiene-del-bebe
265303,CREMA PARA NIÑOS X 200ML MELODY,"Bs. 3.245,70",https://pccentro.net.ve/img/s/8/2/2/8/0/82280-large_default.webp,/producto/bebe-1/higiene-del-bebe/265303/melody-crema-para-ninos-x-200ml-1,4387,bebe-1/higiene-del-bebe
259339,CREMA CERO ANTI-PAÑALITIS CON CALENDULA-VITAMINA E 30GR CERO,"Bs. 5.838,86",https://pccentro.net.ve/img/s/8/1/2/2/5/81225-large_default.webp,/producto/bebe-1/higiene-del-bebe/259339/crema-cero-c-calendula-vit-e-x-30-gr,4387,bebe-1/higiene-del-bebe
240094,REVITALIZANTE CAPILAR CON EXTRACTOS NATURALES,"Bs. 3.033,84",https://pccentro.net.ve/img/s/3/1/9/8/7/31987-large_default.webp,/producto/bebe-1/higiene-del-bebe/240094/ademina-kids-rev-capil-200ml-1,4387,bebe-1/higiene-del-bebe
259089,SOLUCION LIMPIADORA PARA CABELLO,"Bs. 3.228,75",https://pccentro.net.ve/img/s/2/4/6/2/2/24622-large_default.webp,/producto/bebe-1/higiene-del-bebe/259089/dernier-sol-limpiadora-p-cabello-200ml,4387,bebe-1/higiene-del-bebe
674206,JOHNSONS CREMA HIDRATANTE A/DORMIR,"Bs. 5.406,67",https://pccentro.net.ve/img/s/9/5/3/9/1/95391-large_default.webp,/producto/bebe-1/higiene-del-bebe/674206/crema-hidratante-antes-de-dormir-200ml-jhonsons,4387,bebe-1/higiene-del-bebe
674209,CREMA JOHNS BABY LIQUIDA CON AVENA,"Bs. 5.906,66",https://pccentro.net.ve/img/s/5/8/7/5/1/58751-large_default.webp,/producto/bebe-1/higiene-del-bebe/674209/crema-johnson-baby-liquida-con-avena-200ml,4387,bebe-1/higiene-del-bebe
702566,JABON PEDI GLICERINA NEUTRO Y CON FRAGANCIA 100G,"Bs. 2.338,93",https://pccentro.net.ve/img/s/8/7/4/7/2/87472-large_default.webp,/producto/bebe-1/higiene-del-bebe/702566/jabon-pedi-glicerina-neutro-y-con-fragancia-100g,4387,bebe-1/higiene-del-bebe
400231,CREMA CERO  CALENDULA 50 GR,"Bs. 9.296,42",https://pccentro.net.ve/img/s/3/2/2/2/4/32224-large_default.webp,/producto/bebe-1/higiene-del-bebe/400231/crema-cero-calendula-50-gr,4387,bebe-1/higiene-del-bebe
243470,PAÑALES PARA ADULTOS CONFORT TALLA G X6 UNDADES CLINICAS,"Bs. 9.533,70",https://pccentro.net.ve/img/s/8/2/1/6/2/82162-large_default.webp,/producto/bebe-1/higiene-del-bebe/243470/panal-cliniicas-ad-confort-incont-talla-g-x-6,4387,bebe-1/higiene-del-bebe
240079,GEL ADEMINA LIMPIEZA DE MANOS x100GR ETIFAR,"Bs. 3.033,84",https://pccentro.net.ve/img/s/1/9/1/3/1/19131-large_default.webp,/producto/bebe-1/higiene-del-bebe/240079/ademina-gel-li-manos-100-1,4387,bebe-1/higiene-del-bebe
240082,LOCIÓN HIDRATANTE BLANCA PARA BEBES 170 ML ADEMINA KIDS,"Bs. 2.313,51",https://pccentro.net.ve/img/s/3/0/1/1/2/30112-large_default.webp,/producto/bebe-1/higiene-del-bebe/240082/ademina-kids-l-hi-blan170-1,4387,bebe-1/higiene-del-bebe
240083,LOCIÓN HIDRATANTE ROSADA KIDS GR ETIFAR ADEMINA KIDS,"Bs. 3.033,84",https://pccentro.net.ve/img/s/2/3/8/9/7/23897-large_default.webp,/producto/bebe-1/higiene-del-bebe/240083/ademina-kids-l-hi-rosa170-3,4387,bebe-1/higiene-del-bebe
240231,PANTALLA SOLAR KIDS WATERPROOF X 80GR BRUCETIN,"Bs. 14.711,56",https://pccentro.net.ve/img/s/8/2/2/4/1/82241-large_default.webp,/producto/bebe-1/higiene-del-bebe/240231/brucetin-kids-pantalla-solar-50-fpf-x-80gr,4387,bebe-1/higiene-del-bebe
282146,PAÑAL TIPO PANTY ADULTO TALLA G X6 UNIDADES CLINICAS,"Bs. 11.364,17",https://pccentro.net.ve/img/s/8/2/2/3/5/82235-large_default.webp,/producto/bebe-1/higiene-del-bebe/282146/panal-clinicas-ad-talla-g-x6,4387,bebe-1/higiene-del-bebe
243482,TOALLA HUMEDA 80 UNIDADES MI BB,"Bs. 1.542,34",https://pccentro.net.ve/img/s/8/2/2/1/2/82212-large_default.webp,/producto/bebe-1/higiene-del-bebe/243482/toalla-hum-mi-bb-x80-uds,4387,bebe-1/higiene-del-bebe
259722,TOALLA HUMEDAS CON CREMA X 25UNDS MIMLOT,"Bs. 669,48",https://pccentro.net.ve/img/s/2/8/6/9/3/28693-large_default.webp,/producto/bebe-1/higiene-del-bebe/259722/toalla-h-mimlot-crema-x25-und,4387,bebe-1/higiene-del-bebe
265298,COLONIA AZUL PARA NIÑOS  X 200ML MELODY,"Bs. 4.957,52",https://pccentro.net.ve/img/s/5/2/2/6/3/52263-large_default.webp,/producto/bebe-1/higiene-del-bebe/265298/melody-colonia-azul-p-ninos-x-200ml,4387,bebe-1/higiene-del-bebe
282286,COLONIA EVERY NIGHT PARA NIÑOS SUAVE CARICIA X 200ML FISA,"Bs. 4.550,75",https://pccentro.net.ve/img/s/8/2/2/6/4/82264-large_default.webp,/producto/bebe-1/higiene-del-bebe/282286/every-night-colonia-suave-y-delic-x240ml,4387,bebe-1/higiene-del-bebe
674886,BABY REPELENTE DE INSECTOS SPRAY PARA BEBES x200ML DERNIER COSMETICS,"Bs. 4.940,58",https://pccentro.net.ve/img/s/5/7/3/1/1/57311-large_default.webp,/producto/bebe-1/higiene-del-bebe/674886/repelente-dernier-baby-spray-200ml,4387,bebe-1/higiene-del-bebe
472613,HISOPOS DE ALGODON X 150 UNDADES MMQ KX MEDICAL,"Bs. 1.025,40",https://pccentro.net.ve/img/s/8/2/3/0/9/82309-large_default.webp,/producto/bebe-1/higiene-del-bebe/472613/hisopos-de-algodon-kx-medical-150-und,4387,bebe-1/higiene-del-bebe
706416,TOALLAS HUMEDAS PARA BEBE,"Bs. 2.050,80",https://pccentro.net.ve/img/s/6/7/4/2/7/67427-large_default.webp,/producto/bebe-1/higiene-del-bebe/706416/toallas-humedas-huggies-limpieza-efectiva-x48-und,4387,bebe-1/higiene-del-bebe
715984,TOALLAS HUMEDAS,"Bs. 2.762,65",https://pccentro.net.ve/img/s/6/7/4/2/8/67428-large_default.webp,/producto/bebe-1/higiene-del-bebe/715984/toallas-humedas-huggies-fibras-naturales-manitos-y-cara-x80-und,4387,bebe-1/higiene-del-bebe
597624,TOALLAS HUMEDAS MANITOS Y CARA X48 UNIDADES HUGGIES,"Bs. 2.016,91",https://pccentro.net.ve/img/s/7/3/7/2/0/73720-large_default.webp,/producto/bebe-1/higiene-del-bebe/597624/toallas-hum-huggies-manitos-y-cara-x48-u,4387,bebe-1/higiene-del-bebe
726061,PAÑAL HUGGIES TRIPLE PROTECCION TALLA XXG X20 UNIDADES,"Bs. 6.474,44",https://pccentro.net.ve/img/s/8/9/5/3/8/89538-large_default.webp,/producto/bebe-1/higiene-del-bebe/726061/panal-huggies-triple-proteccion-talla-xxg-x20-unds,4387,bebe-1/higiene-del-bebe
472669,PAÑAL PARA NIÑOS DE 10-13 KG TALLA G X10 PAÑALES MI BB,"Bs. 2.745,71",https://pccentro.net.ve/img/s/8/2/2/3/8/82238-large_default.webp,/producto/bebe-1/higiene-del-bebe/472669/panal-mi-bb-10-13-kg-talla-g-x-10,4387,bebe-1/higiene-del-bebe
472722,VASELINA PETROLATUM BLANCO 100% EN TARRO x30GR EBEN,"Bs. 2.254,19",https://pccentro.net.ve/img/s/8/2/2/9/5/82295-large_default.webp,/producto/bebe-1/higiene-del-bebe/472722/vaselina-30gr-eben,4387,bebe-1/higiene-del-bebe
706408,PAÑAL HUGGIES TRIPLE PROTECCION TALLA G X 20 UNIDADES,"Bs. 5.279,55",https://pccentro.net.ve/img/s/9/4/5/8/4/94584-large_default.webp,/producto/bebe-1/higiene-del-bebe/706408/panal-huggies-triple-proteccion-talla-g-x-20-unds,4387,bebe-1/higiene-del-bebe
708674,TOALLA HÚMEDA FRESH,"Bs. 669,48",https://pccentro.net.ve/img/s/7/4/9/4/5/74945-large_default.webp,/producto/bebe-1/higiene-del-bebe/708674/toallas-humedas-mimlot-fresh-x25-und,4387,bebe-1/higiene-del-bebe
708747,TOALLITA HUMEDA MI BB,"Bs. 957,61",https://pccentro.net.ve/img/s/5/8/5/9/1/58591-large_default.webp,/producto/bebe-1/higiene-del-bebe/708747/toallas-humedas-mi-bb-x40-und,4387,bebe-1/higiene-del-bebe
472583,PASTA AL AGUA OXIDO DE ZINC+TALCO+GLICERINA+AGUA DESTILADA x100GR RECETTE MARK,"Bs. 7.949,07",https://pccentro.net.ve/img/s/8/2/3/0/1/82301-large_default.webp,/producto/bebe-1/higiene-del-bebe/472583/pasta-al-agua-x-100-gr-recette,4387,bebe-1/higiene-del-bebe
726098,SHAMPOO JOHNSON BABY ORIGINAL GOLD X 100 ML,"Bs. 3.211,80",https://pccentro.net.ve/img/s/9/2/8/3/2/92832-large_default.webp,/producto/bebe-1/higiene-del-bebe/726098/shampoo-johnson-baby-original-gold-x-100-ml,4387,bebe-1/higiene-del-bebe
472638,TALCO PARA BEBES CHICCO BABY SKIN X 200GR PHARSANA,"Bs. 5.169,38",https://pccentro.net.ve/img/s/8/2/2/3/7/82237-large_default.webp,/producto/bebe-1/higiene-del-bebe/472638/chicco-talco-baby-skin-x-200gr,4387,bebe-1/higiene-del-bebe
472648,BIOS BARRA DE JABON NEUTRO PARA BEBE  DERMO LIMPIADORA x90GR PHARMACEUTIC,"Bs. 2.406,73",https://pccentro.net.ve/img/s/8/2/2/9/7/82297-large_default.webp,/producto/bebe-1/higiene-del-bebe/472648/jab-bios-p-piel-neutro-bebe-90-gr,4387,bebe-1/higiene-del-bebe
472652,PAÑAL HUGGIES NATURAL CARE TALLA RECIÉN NACIDO X 20 UNIDADES UNILEVER,"Bs. 6.643,93",https://pccentro.net.ve/img/s/8/2/3/0/5/82305-large_default.webp,/producto/bebe-1/higiene-del-bebe/472652/panal-huggies-natural-care-rn-x-20-unid,4387,bebe-1/higiene-del-bebe
706394,AMY HISOPOS PARA BEBE x60 UNIDADES SANIFARMA GRUPO MISTRAL,"Bs. 1.059,30",https://pccentro.net.ve/img/s/8/4/8/6/9/84869-large_default.webp,/producto/bebe-1/higiene-del-bebe/706394/hisopos-amy-p-bebes-x-60,4387,bebe-1/higiene-del-bebe
472614,SHAMPOO PARA NIÑOS DE MANZANILLA,"Bs. 4.966,00",https://pccentro.net.ve/img/s/2/7/4/4/7/27447-large_default.webp,/producto/bebe-1/higiene-del-bebe/472614/every-night-shampoo-ninos-mznilla-x-350ml-fisa,4387,bebe-1/higiene-del-bebe
472657,OVERSKIN CREMA 13% 50GR PONCE & BENZO,"Bs. 2.466,05",https://pccentro.net.ve/img/s/5/5/0/6/0/55060-large_default.webp,/producto/bebe-1/higiene-del-bebe/472657/overskin-crema-13porc-cebada-50gr,4387,bebe-1/higiene-del-bebe
472689,TOALLAS HUMEDAS,"Bs. 2.796,55",https://pccentro.net.ve/img/s/7/3/7/1/8/73718-large_default.webp,/producto/bebe-1/higiene-del-bebe/472689/toallas-hum-huggies-limp-cotidiana-x-80,4387,bebe-1/higiene-del-bebe
706397,TOALLA HÚMEDA CON EXTRACTO DE AVENA,"Bs. 1.567,76",https://pccentro.net.ve/img/s/7/8/4/6/4/78464-large_default.webp,/producto/bebe-1/higiene-del-bebe/706397/toallas-humedas-mimadito-extracto-avena-x72-und,4387,bebe-1/higiene-del-bebe
706404,PAPEL HIGIÉNICO MIMLOT 250 HOJAS,"Bs. 2.406,73",https://pccentro.net.ve/img/s/6/5/0/1/3/65013-large_default.webp,/producto/bebe-1/higiene-del-bebe/706404/papel-higienico-mimlot-triple-hoja-250h-x4-rollos,4387,bebe-1/higiene-del-bebe
472599,TALCO PARA NIÑOS EN POLVO x100GR MELODY,"Bs. 3.406,71",https://pccentro.net.ve/img/s/5/2/3/9/2/52392-large_default.webp,/producto/bebe-1/higiene-del-bebe/472599/melody-polvo-para-ninos-x-100gr,4387,bebe-1/higiene-del-bebe
472628,PASTA AL AGUA OXIDO DE ZINC+TALCO+GLICERINA x100 G BIOFARCO (E),"Bs. 3.821,95",https://pccentro.net.ve/img/s/8/2/2/9/8/82298-large_default.webp,/producto/bebe-1/higiene-del-bebe/472628/pasta-al-agua-x-100-gr-biofarco,4387,bebe-1/higiene-del-bebe
472635,ACEITE CREMOSO PARA BEBE  X 200ML MIMADITO,"Bs. 2.966,04",https://pccentro.net.ve/img/s/1/9/1/0/7/19107-large_default.webp,/producto/bebe-1/higiene-del-bebe/472635/mimadito-aceite-cremoso-x-200ml,4387,bebe-1/higiene-del-bebe
472643,AMY TALCO BEBE x200 GR PHARSANA,"Bs. 4.855,83",https://pccentro.net.ve/img/s/3/1/9/6/8/31968-large_default.webp,/producto/bebe-1/higiene-del-bebe/472643/amy-talco-200gr,4387,bebe-1/higiene-del-bebe
472650,"PAÑAL CHICCO BABY SKIN TALLA G BEBE DE 9-12,5 KG  X20 UNDADES PHARSANA","Bs. 6.042,25",https://pccentro.net.ve/img/s/8/2/2/3/1/82231-large_default.webp,/producto/bebe-1/higiene-del-bebe/472650/panal-chicco-baby-skin-talla-g-x-20-unid,4387,bebe-1/higiene-del-bebe
472651,"PAÑAL CHICCO BABY SKIN (DE 5,5-9,5 KG) TALLA M X20 UNIDADES PHARSANA","Bs. 5.635,48",https://pccentro.net.ve/img/s/5/9/2/1/2/59212-large_default.webp,/producto/bebe-1/higiene-del-bebe/472651/panal-chicco-baby-skin-talla-m-x-20-unid,4387,bebe-1/higiene-del-bebe
472655,BRUCETIN KIDS CREMA NUTRIENTE CON PANTENOL UNGUENTO CORPORAL REPARADOR SKIN CARE  x80GR BRUCE,"Bs. 8.923,63",https://pccentro.net.ve/img/s/5/7/5/0/0/57500-large_default.webp,/producto/bebe-1/higiene-del-bebe/472655/brucetin-kids-unguento-reparador-c-panthenol-x-80gr-brupharm,4387,bebe-1/higiene-del-bebe
472660,VASELINA PETROLATUM EN TARRO DE X 50GR EBEN,"Bs. 3.050,78",https://pccentro.net.ve/img/s/8/2/3/1/1/82311-large_default.webp,/producto/bebe-1/higiene-del-bebe/472660/vaselina-50gr-eben,4387,bebe-1/higiene-del-bebe
472698,EVERY NIGHT CREMA DE PEINAR CON PROTEINAS PARA NIÑOS X 240ML FISA,"Bs. 3.779,58",https://pccentro.net.ve/img/s/7/3/5/9/9/73599-large_default.webp,/producto/bebe-1/higiene-del-bebe/472698/every-night-crem-peinar-nino-prote-x-240ml-fisa,4387,bebe-1/higiene-del-bebe
472699,SHAMPOO PARA NIÑOS CON PROTEÍNA EVERY NIGHT X 200ML FISA,"Bs. 2.779,60",https://pccentro.net.ve/img/s/8/2/3/1/0/82310-large_default.webp,/producto/bebe-1/higiene-del-bebe/472699/every-night-shampoo-ninos-protei-x-200ml-fisa,4387,bebe-1/higiene-del-bebe
472658,COLONIA PARA BEBE,"Bs. 2.483,00",https://pccentro.net.ve/img/s/5/8/6/1/0/58610-large_default.webp,/producto/bebe-1/higiene-del-bebe/472658/mimadito-colonia-x-90ml,4387,bebe-1/higiene-del-bebe
472721,CREMA PARA PEINAR,"Bs. 2.932,14",https://pccentro.net.ve/img/s/2/8/8/1/2/28812-large_default.webp,/producto/bebe-1/higiene-del-bebe/472721/mimadito-crema-para-peinar-x-200ml,4387,bebe-1/higiene-del-bebe
706388,TOALLAS HUMEDAS UPPY SENSITIVE,"Bs. 1.177,94",https://pccentro.net.ve/img/s/8/9/3/1/0/89310-large_default.webp,/producto/bebe-1/higiene-del-bebe/706388/toallas-humedas-uppy-baby-sensitive-x60-und,4387,bebe-1/higiene-del-bebe
706389,PROTECTOR SENO TOMI T,"Bs. 3.152,48",https://pccentro.net.ve/img/s/6/9/0/3/8/69038-large_default.webp,/producto/bebe-1/higiene-del-bebe/706389/protectores-de-lactancia-tomi-tipi-x12-und,4387,bebe-1/higiene-del-bebe
706392,COLONIA  FRESCA Y DELICADA PARA NIÑOS,"Bs. 4.550,75",https://pccentro.net.ve/img/s/2/7/8/7/4/27874-large_default.webp,/producto/bebe-1/higiene-del-bebe/706392/colonia-every-night-fresca-ternura-200ml-fisa,4387,bebe-1/higiene-del-bebe
706393,SHAMPOO PARA BEBE,"Bs. 3.466,03",https://pccentro.net.ve/img/s/4/2/9/2/2/42922-large_default.webp,/producto/bebe-1/higiene-del-bebe/706393/shampoo-amy-bebe-200ml,4387,bebe-1/higiene-del-bebe
706396,TOALLITAS HUMEDA MIMADITOS,"Bs. 1.660,98",https://pccentro.net.ve/img/s/6/3/6/2/0/63620-large_default.webp,/producto/bebe-1/higiene-del-bebe/706396/toallas-humedas-mimadito-premium-manzanila-x72-und,4387,bebe-1/higiene-del-bebe
706400,TIRA LECHE PLASTICO INTIMATE,"Bs. 4.143,98",https://pccentro.net.ve/img/s/7/2/9/1/7/72917-large_default.webp,/producto/bebe-1/higiene-del-bebe/706400/tira-leche-plastico-intimate-1,4387,bebe-1/higiene-del-bebe
706405,DESITIN ORIGINAL UNGUENTO X 57G,"Bs. 8.406,69",https://pccentro.net.ve/img/s/5/6/2/8/1/56281-large_default.webp,/producto/bebe-1/higiene-del-bebe/706405/desitin-unguento-azul-original-57gr-johnson,4387,bebe-1/higiene-del-bebe
706407,PAÑAL HUGGIES BEBE ACTIVE SEC TALLA G X 25 UNIDADES,"Bs. 8.482,96",https://pccentro.net.ve/img/s/5/7/9/9/4/57994-large_default.webp,/producto/bebe-1/higiene-del-bebe/706407/panal-huggies-active-sec-soft-comfort-talla-g-x25-und,4387,bebe-1/higiene-del-bebe
706411,PAÑAL HUGGIES NATURAL CARE TALLA M X25,"Bs. 10.271,06",https://pccentro.net.ve/img/s/9/3/7/8/4/93784-large_default.webp,/producto/bebe-1/higiene-del-bebe/706411/panal-huggies-natural-care-talla-m-x25,4387,bebe-1/higiene-del-bebe
706413,PAÑAL HUGGIES NATURAL CARE TALLA P,"Bs. 9.237,18",https://pccentro.net.ve/img/s/5/8/0/0/0/58000-large_default.webp,/producto/bebe-1/higiene-del-bebe/706413/panal-huggies-natural-care-talla-p-x30-und,4387,bebe-1/higiene-del-bebe
706414,PAÑAL HUGGIES ACTIVE SEC TALLA XG X25 UNIDADES,"Bs. 11.804,92",https://pccentro.net.ve/img/s/8/6/6/7/1/86671-large_default.webp,/producto/bebe-1/higiene-del-bebe/706414/panal-huggies-active-sec-talla-xg-x25-und,4387,bebe-1/higiene-del-bebe
726060,SHAMPOO JOHNSONS BABY CABELLO OSCURO,"Bs. 3.711,79",https://pccentro.net.ve/img/s/7/3/7/1/5/73715-large_default.webp,/producto/bebe-1/higiene-del-bebe/726060/shampoo-johnson-baby-cabello-oscuro-100ml,4387,bebe-1/higiene-del-bebe
733230,CREMA JOHNSONS LIQUIDO 400ML,"Bs. 9.084,64",https://pccentro.net.ve/img/s/9/2/8/6/8/92868-large_default.webp,/producto/bebe-1/higiene-del-bebe/733230/crema-johnsons-liquido-400ml,4387,bebe-1/higiene-del-bebe
741667,TOALLA HÚMEDA PARA BEBE,"Bs. 1.203,36",https://pccentro.net.ve/img/s/7/0/9/1/8/70918-large_default.webp,/producto/bebe-1/higiene-del-bebe/741667/toallas-humedas-mimlot-crema-x72-und,4387,bebe-1/higiene-del-bebe
754756,GEL DE BAÑO SIN JABON BEBE X 500 ML INSTITUTO ESPAÑOL,"Bs. 12.940,49",https://pccentro.net.ve/img/s/9/4/7/0/4/94704-large_default.webp,/producto/bebe-1/higiene-del-bebe/754756/jabon-instituto-espanol-bebe-liquido-500ml,4387,bebe-1/higiene-del-bebe
472636,VASELINA ROLDA SABILA Y VITAMINA E x100GR ROLDA,"Bs. 3.762,63",https://pccentro.net.ve/img/s/8/2/2/5/7/82257-large_default.webp,/producto/bebe-1/higiene-del-bebe/472636/rolda-vaselina-sabila-y-vit-e-x-100gr,4387,bebe-1/higiene-del-bebe
472646,VASELINA PETROLEUM JELLY x50GR CERO,"Bs. 4.762,61",https://pccentro.net.ve/img/s/6/9/0/7/6/69076-large_default.webp,/producto/bebe-1/higiene-del-bebe/472646/vaselina-50gr-cero,4387,bebe-1/higiene-del-bebe
472670,PAÑAL 5-10 KG TALLA M X10 UNIDADES MI BB,"Bs. 2.440,63",https://pccentro.net.ve/img/s/8/2/2/4/5/82245-large_default.webp,/producto/bebe-1/higiene-del-bebe/472670/panal-mi-bb-5-10-kg-talla-m-x-10,4387,bebe-1/higiene-del-bebe
472671,BRUCETIN KIDS BODY LOCION CORPORAL X 200ML BRUCEN,"Bs. 8.143,90",https://pccentro.net.ve/img/s/9/4/6/1/1/94611-large_default.webp,/producto/bebe-1/higiene-del-bebe/472671/brucetin-kids-locion-corporal-intesive-care-x-200ml,4387,bebe-1/higiene-del-bebe
472723,CREMA ANTIPAÑALITIS PARA BEBE CON MANZANILLA Y ALOE VERA X 200ML BIOS PHARMACEUTIC,"Bs. 9.321,92",https://pccentro.net.ve/img/s/5/2/6/2/5/52625-large_default.webp,/producto/bebe-1/higiene-del-bebe/472723/bios-bebe-crema-antipanalitis-200-ml,4387,bebe-1/higiene-del-bebe
526110,HISOPOS FLEXIBLES CON PUNTA 100% ALGODON BASTONCITOS X 50 UNIDADES MIMADITO,"Bs. 1.008,45",https://pccentro.net.ve/img/s/2/7/6/0/3/27603-large_default.webp,/producto/bebe-1/higiene-del-bebe/526110/mimadito-hisopos-bastoncitos-x50-unid,4387,bebe-1/higiene-del-bebe
724705,PAÑAL HUGGIES TRIPLE PROTECCION TALLA XG X20 UNIDADES,"Bs. 7.474,42",https://pccentro.net.ve/img/s/8/9/5/4/0/89540-large_default.webp,/producto/bebe-1/higiene-del-bebe/724705/panal-huggies-triple-proteccion-talla-xg-x20-unds,4387,bebe-1/higiene-del-bebe
526141,TOALLAS HUMEDAS,"Bs. 1.144,04",https://pccentro.net.ve/img/s/7/3/6/0/2/73602-large_default.webp,/producto/bebe-1/higiene-del-bebe/526141/mimadito-toallitas-extrato-manzanilla-x24-unid,4387,bebe-1/higiene-del-bebe
526139,DIADEX CREMA ANTIPAÑALITIS OXIDO DE ZINC 7% CON ALOE VERA x50GR POLINAC,"Bs. 4.211,78",https://pccentro.net.ve/img/s/5/6/2/8/0/56280-large_default.webp,/producto/bebe-1/higiene-del-bebe/526139/diadex-crema-antipanalitis-aloe-vera-x-50gr-polinac,4387,bebe-1/higiene-del-bebe
724697,CALENDULA CREMA VIHOM (E),"Bs. 8.033,73",https://pccentro.net.ve/img/s/7/4/8/0/6/74806-large_default.webp,/producto/bebe-1/higiene-del-bebe/724697/crema-calendula-40gr-vihom,4387,bebe-1/higiene-del-bebe
724706,PAÑAL PANTS ACTIVE SEC TALLA XG,"Bs. 17.525,06",https://pccentro.net.ve/img/s/5/8/0/0/1/58001-large_default.webp,/producto/bebe-1/higiene-del-bebe/724706/panal-huggies-active-sec-pants-talla-xg-x25-und,4387,bebe-1/higiene-del-bebe
526076,VASELINA PETROLATUM 100% x75GR MELODY,"Bs. 3.177,90",https://pccentro.net.ve/img/s/8/2/3/0/3/82303-large_default.webp,/producto/bebe-1/higiene-del-bebe/526076/melody-vaselina-x-75gr,4387,bebe-1/higiene-del-bebe
526117,MOTAS DE ALGODON TRIPLE A 100 PIEZAS x1 PAQUETE DE 45GR MMQ CHICCO,"Bs. 4.999,90",https://pccentro.net.ve/img/s/2/3/8/7/6/23876-large_default.webp,/producto/bebe-1/higiene-del-bebe/526117/chicco-motas-de-algodon-x100-und,4387,bebe-1/higiene-del-bebe
526129,PAÑAL CHICCO BABY SKIN TALLA XG (12-15 KG) X20 UNDIDADES PHARSANA,"Bs. 7.720,18",https://pccentro.net.ve/img/s/8/2/2/6/1/82261-large_default.webp,/producto/bebe-1/higiene-del-bebe/526129/panal-chicco-baby-skin-talla-xg-x-20-unid,4387,bebe-1/higiene-del-bebe
724708,TOALLAS HUMEDAS FRESH SOFT BABY X 64 UNIDADES,"Bs. 2.016,91",https://pccentro.net.ve/img/s/9/4/2/2/2/94222-large_default.webp,/producto/bebe-1/higiene-del-bebe/724708/toallas-humedas-fresh-soft-classic-x64-und,4387,bebe-1/higiene-del-bebe
526070,ACEITE PARA NIÑOS x200ML MELODY,"Bs. 4.762,61",https://pccentro.net.ve/img/s/3/4/4/4/1/34441-large_default.webp,/producto/bebe-1/higiene-del-bebe/526070/aceite-melody-x-200ml,4387,bebe-1/higiene-del-bebe
526077,CHAMPÚ (SHAMPOO) PARA NIÑOS X 100ML MELODY,"Bs. 2.627,06",https://pccentro.net.ve/img/s/2/5/5/1/8/25518-large_default.webp,/producto/bebe-1/higiene-del-bebe/526077/melody-champu-para-ninos-x-100ml,4387,bebe-1/higiene-del-bebe
526106,TOALLAS HUMEDAS CLASICAS X24 UNIDADES FRESH'N SOFT,"Bs. 906,76",https://pccentro.net.ve/img/s/8/2/3/0/4/82304-large_default.webp,/producto/bebe-1/higiene-del-bebe/526106/toallas-hum-freshn-soft-x-24,4387,bebe-1/higiene-del-bebe
652296,EDULCORANTES SPLENDA LIQUIDO X50ML HEARTLAND FOOD PRODUCTS GROUP,"Bs. 9.313,37",https://pccentro.net.ve/img/s/7/8/2/2/2/78222-large_default.webp,/producto/alimentos/azucares-y-edulcorantes/652296/splenda-liq-x-50-ml,4361,alimentos/azucares-y-edulcorantes
652297,EDULCORANTES SPLENDA STEVIA LIQUIDA X 50 ML HEALTHLAND FOOD PRODUCTS GROUP,"Bs. 9.313,37",https://pccentro.net.ve/img/s/7/8/2/2/0/78220-large_default.webp,/producto/alimentos/azucares-y-edulcorantes/652297/splenda-stevia-liq-x-50-ml,4361,alimentos/azucares-y-edulcorantes
651076,EQUAL SUCRALOSA 80 GR X 100 SOBRES FISA,"Bs. 6.177,84",https://pccentro.net.ve/img/s/6/8/9/3/4/68934-large_default.webp,/producto/alimentos/azucares-y-edulcorantes/651076/equal-sucralosa-80-gr-x-100-sobres-fisa,4361,alimentos/azucares-y-edulcorantes
320184,ENDULZANTE 0 CALORIAS,"Bs. 7.372,73",https://pccentro.net.ve/img/s/9/4/0/5/6/94056-large_default.webp,/producto/alimentos/azucares-y-edulcorantes/320184/edulz-0-cal-monatl-112s-2,4361,alimentos/azucares-y-edulcorantes
652298,SPLENDA SUGAR 50 GR X50 SOBRES HEARTLAND FOOD PRODUCTS GROUP,"Bs. 5.474,46",https://pccentro.net.ve/img/s/4/1/6/8/7/41687-large_default.webp,/producto/alimentos/azucares-y-edulcorantes/652298/splenda-sugar-50gr-x-50-sobres,4361,alimentos/azucares-y-edulcorantes
652365,SUCARYL SUCRALOSA 40 GR X 50 SOBRES SUCARYL,"Bs. 3.906,70",https://pccentro.net.ve/img/s/9/4/2/1/3/94213-large_default.webp,/producto/alimentos/azucares-y-edulcorantes/652365/sucaryl-sucralosa-40-gr-x-50-sobres,4361,alimentos/azucares-y-edulcorantes
383941,EQUAL SUCRALOSA 40 GR X 50 SOBRES FISA,"Bs. 4.279,57",https://pccentro.net.ve/img/s/5/8/9/6/2/58962-large_default.webp,/producto/alimentos/azucares-y-edulcorantes/383941/equal-endulzante-x-50-sobres-sweetline-fisa,4361,alimentos/azucares-y-edulcorantes
361322,SWEETEST ENDULZANTE SOBRE,"Bs. 2.686,38",https://pccentro.net.ve/img/s/5/5/1/4/3/55143-large_default.webp,/producto/alimentos/azucares-y-edulcorantes/361322/sweetest-endulzante-sbre-x-50,4361,alimentos/azucares-y-edulcorantes
705896,TE DULCE SUEÑOS NATURAL,"Bs. 2.025,38",https://pccentro.net.ve/img/s/7/9/6/7/5/79675-large_default.webp,/producto/alimentos/azucares-y-edulcorantes/705896/te-mccormick-dulces-suenos-caja-x10-sobres,4361,alimentos/azucares-y-edulcorantes
705888,FLORES DE MANZANILLA,"Bs. 1.813,52",https://pccentro.net.ve/img/s/6/3/7/3/1/63731-large_default.webp,/producto/alimentos/azucares-y-edulcorantes/705888/te-mccormick-manzanilla-caja-x10-sobres,4361,alimentos/azucares-y-edulcorantes
705889,TE MCCORMICK MANZANILLA LIMON Y MIEL CAJA X20 SOBRES,"Bs. 3.652,47",https://pccentro.net.ve/img/s/7/9/6/7/6/79676-large_default.webp,/producto/alimentos/azucares-y-edulcorantes/705889/te-mccormick-manzanilla-limon-y-miel-caja-x20-sobres,4361,alimentos/azucares-y-edulcorantes
705893,FUSION DE MANZANILLA MCCORMICK,"Bs. 3.372,81",https://pccentro.net.ve/img/s/6/8/3/0/5/68305-large_default.webp,/producto/alimentos/azucares-y-edulcorantes/705893/te-mccormick-manzanilla-caja-x20-sobres,4361,alimentos/azucares-y-edulcorantes
705882,FUSIÓN DE MANZANILLA Y CANELA MC CORMICK,"Bs. 3.466,03",https://pccentro.net.ve/img/s/1/7/4/6/6/17466-large_default.webp,/producto/alimentos/azucares-y-edulcorantes/705882/te-mccormick-manzanilla-manzana-y-canela-caja-x20-sobres,4361,alimentos/azucares-y-edulcorantes
705884,TE MCCORMICK NEGRO CAJA X10 SOBRES,"Bs. 2.042,33",https://pccentro.net.ve/img/s/3/7/8/2/0/37820-large_default.webp,/producto/alimentos/azucares-y-edulcorantes/705884/te-mccormick-negro-caja-x10-sobres,4361,alimentos/azucares-y-edulcorantes
705886,INFUSION HERBAL BUEN PROVECHO MCCORMICK,"Bs. 3.966,02",https://pccentro.net.ve/img/s/5/4/4/0/3/54403-large_default.webp,/producto/alimentos/azucares-y-edulcorantes/705886/te-mccormick-buen-provecho-caja-x20-sobres,4361,alimentos/azucares-y-edulcorantes
705883,TÉ VERDE CON SABOR A LIMÓN Y MIEL CAJA X20 SOBRES MCCORMICK,"Bs. 3.457,56",https://pccentro.net.ve/img/s/7/9/6/7/0/79670-large_default.webp,/producto/alimentos/azucares-y-edulcorantes/705883/te-mccormick-verde-limon-miel-caja-x20-sobres,4361,alimentos/azucares-y-edulcorantes
705891,ESENCIA DE VAINILLA,"Bs. 3.423,66",https://pccentro.net.ve/img/s/8/9/1/5/0/89150-large_default.webp,/producto/alimentos/azucares-y-edulcorantes/705891/esencia-vainilla-mccormick-150ml,4361,alimentos/azucares-y-edulcorantes
705897,INFUSIÓN TÉ VERDE,"Bs. 1.855,89",https://pccentro.net.ve/img/s/7/9/6/6/3/79663-large_default.webp,/producto/alimentos/azucares-y-edulcorantes/705897/te-mccormick-te-verde-caja-x10-sobres,4361,alimentos/azucares-y-edulcorantes
705899,INFUSIÓN ROSA JAMAICA,"Bs. 1.923,69",https://pccentro.net.ve/img/s/6/3/7/2/6/63726-large_default.webp,/producto/alimentos/azucares-y-edulcorantes/705899/te-mccormick-rosa-jamaica-caja-x10-sobres,4361,alimentos/azucares-y-edulcorantes
705900,INFUSION DE CURCUMA,"Bs. 3.889,75",https://pccentro.net.ve/img/s/7/9/6/6/9/79669-large_default.webp,/producto/alimentos/azucares-y-edulcorantes/705900/te-mccormick-curcuma-caja-x20-sobres,4361,alimentos/azucares-y-edulcorantes
728009,TÉ DELICIA DE DURAZNO,"Bs. 3.372,81",https://pccentro.net.ve/img/s/7/9/6/6/5/79665-large_default.webp,/producto/alimentos/azucares-y-edulcorantes/728009/te-mccormick-negro-delicia-de-durazno-caja-x20-sobres,4361,alimentos/azucares-y-edulcorantes
716004,INFUSIÓN FRUTOS ROJOS PARA TE 2GR CAJA x20 SOBRES MCCORMICK,"Bs. 3.406,71",https://pccentro.net.ve/img/s/7/9/6/7/3/79673-large_default.webp,/producto/alimentos/azucares-y-edulcorantes/716004/te-mccormick-frutos-rojos-caja-x20-sobres,4361,alimentos/azucares-y-edulcorantes
705880,FLOR DE JAMAICA INFUSION,"Bs. 3.491,45",https://pccentro.net.ve/img/s/6/3/7/2/9/63729-large_default.webp,/producto/alimentos/azucares-y-edulcorantes/705880/te-mccormick-rosa-jamaica-caja-x20-sobres,4361,alimentos/azucares-y-edulcorantes
705885,INFUSIÓN DULCES SUEÑOS,"Bs. 3.915,17",https://pccentro.net.ve/img/s/1/6/8/9/0/16890-large_default.webp,/producto/alimentos/azucares-y-edulcorantes/705885/te-mccormick-dulces-suenos-caja-x20-sobres,4361,alimentos/azucares-y-edulcorantes
705887,TÉ DE HOJAS DE TORONJIL,"Bs. 3.677,89",https://pccentro.net.ve/img/s/6/7/5/2/0/67520-large_default.webp,/producto/alimentos/azucares-y-edulcorantes/705887/te-mccormick-hojas-de-toronjil-caja-x20-sobre,4361,alimentos/azucares-y-edulcorantes
705890,TE DE FLORES Y HOJA DE TILO,"Bs. 1.788,10",https://pccentro.net.ve/img/s/7/9/6/6/4/79664-large_default.webp,/producto/alimentos/azucares-y-edulcorantes/705890/te-mccormick-tilo-caja-x10-sobres,4361,alimentos/azucares-y-edulcorantes
705892,TE NEGRO MASTER BLEND MCCORMICK,"Bs. 3.686,36",https://pccentro.net.ve/img/s/6/3/7/2/7/63727-large_default.webp,/producto/alimentos/azucares-y-edulcorantes/705892/te-mccormick-negro-caja-x20-sobres,4361,alimentos/azucares-y-edulcorantes
705894,INFUSION FRUTOS ROJOS DEL BOSQUE,"Bs. 3.593,15",https://pccentro.net.ve/img/s/7/9/6/6/1/79661-large_default.webp,/producto/alimentos/azucares-y-edulcorantes/705894/te-mccormick-frutos-del-bosque-caja-x20-sobres,4361,alimentos/azucares-y-edulcorantes
705898,INFUSIÓN DE HIERBAS MOMENTO DE RELAX,"Bs. 1.983,01",https://pccentro.net.ve/img/s/7/9/6/7/7/79677-large_default.webp,/producto/alimentos/azucares-y-edulcorantes/705898/te-mccormick-relax-caja-x10-sobres,4361,alimentos/azucares-y-edulcorantes
705895,TÉ VERDE CAJA X20 SOBRES MCCORMICK,"Bs. 3.999,92",https://pccentro.net.ve/img/s/7/9/6/7/4/79674-large_default.webp,/producto/alimentos/azucares-y-edulcorantes/705895/te-mccormick-te-verde-caja-x20-sobres,4361,alimentos/azucares-y-edulcorantes
716002,ENDULZANTE SPLENDA STEVIA,"Bs. 5.482,94",https://pccentro.net.ve/img/s/6/7/4/9/2/67492-large_default.webp,/producto/alimentos/azucares-y-edulcorantes/716002/splenda-endulzante-stevia-sobre-x-40-unds,4361,alimentos/azucares-y-edulcorantes
716003,TE DE MALOJILLO,"Bs. 3.754,16",https://pccentro.net.ve/img/s/4/7/1/9/3/47193-large_default.webp,/producto/alimentos/azucares-y-edulcorantes/716003/te-mccormick-malojillo-caja-x20-sobre,4361,alimentos/azucares-y-edulcorantes
716005,INFUSION FRUTOS ROJOS,"Bs. 1.805,05",https://pccentro.net.ve/img/s/7/9/6/7/8/79678-large_default.webp,/producto/alimentos/azucares-y-edulcorantes/716005/te-mccormick-frutos-rojos-caja-x10-sobres,4361,alimentos/azucares-y-edulcorantes
728008,INFUSIÓN CANELA CITRICA,"Bs. 3.347,39",https://pccentro.net.ve/img/s/7/9/6/6/8/79668-large_default.webp,/producto/alimentos/azucares-y-edulcorantes/728008/te-mccormick-canela-citrica-caja-x20-sobres,4361,alimentos/azucares-y-edulcorantes
728010,INFUSION RELAX,"Bs. 3.771,11",https://pccentro.net.ve/img/s/7/9/6/6/0/79660-large_default.webp,/producto/alimentos/azucares-y-edulcorantes/728010/te-mccormick-relax-caja-x20-sobres,4361,alimentos/azucares-y-edulcorantes
724344,TE NEGRO LIMON Y MIEL,"Bs. 3.932,12",https://pccentro.net.ve/img/s/6/7/5/1/9/67519-large_default.webp,/producto/alimentos/azucares-y-edulcorantes/724344/te-mccormick-negro-limon-y-miel-caja-x20-sobres,4361,alimentos/azucares-y-edulcorantes
736431,XYLITOL POLVO 450GR NOW (E),"Bs. 14.381,06",https://pccentro.net.ve/img/s/9/3/3/2/9/93329-large_default.webp,/producto/alimentos/azucares-y-edulcorantes/736431/xylitol-polvo-450gr-now,4361,alimentos/azucares-y-edulcorantes
239277,NESTEA SOBRE EN POLVO SABOR A LIMON X450GR NESTLE,"Bs. 4.550,75",https://pccentro.net.ve/img/s/7/3/1/4/5/73145-large_default.webp,/producto/alimentos/bebidas-en-polvo/239277/nestea-limon-bolsa-450gr,4362,alimentos/bebidas-en-polvo
308024,RICA CHICHA FORTIFICADA SOBRE X 400GR NESTLE,"Bs. 4.321,94",https://pccentro.net.ve/img/s/8/4/7/4/6/84746-large_default.webp,/producto/alimentos/bebidas-en-polvo/308024/rica-chicha-fortificada-sobre-400-gr-2,4362,alimentos/bebidas-en-polvo
396813,BEBIDA INSTANTANEA CHOCO RICO POLVO X400GR SAN SIMON,"Bs. 3.296,54",https://pccentro.net.ve/img/s/6/8/0/0/5/68005-large_default.webp,/producto/alimentos/bebidas-en-polvo/396813/choco-rico-san-simon-polvo-400gr,4362,alimentos/bebidas-en-polvo
392187,NESTEA SOBRE EN POLVO SABOR A LIMON X240GR NESTLE,"Bs. 3.330,44",https://pccentro.net.ve/img/s/7/3/1/4/4/73144-large_default.webp,/producto/alimentos/bebidas-en-polvo/392187/nestea-te-frio-limon-x-240gr-nestle,4362,alimentos/bebidas-en-polvo
652583,BEBIDA EN POLVO NESQUIK FRESA X532 GR NESTLE,"Bs. 8.491,35",https://pccentro.net.ve/img/s/6/8/4/6/4/68464-large_default.webp,/producto/alimentos/bebidas-en-polvo/652583/bebida-pvo-nesquik-fresa-532-g-nestle,4362,alimentos/bebidas-en-polvo
306641,TODDY BEBIDA ACHOCOLATADA EN POLVO EN BOLSA X 100GR POLAR,"Bs. 1.406,75",https://pccentro.net.ve/img/s/8/4/7/4/5/84745-large_default.webp,/producto/alimentos/bebidas-en-polvo/306641/toddy-bolsa-100-g-polar-1,4362,alimentos/bebidas-en-polvo
304902,TODDY BEBIDA EN POLVO CHOCOLATADA ENVASE TARRO X 400GR POLAR,"Bs. 4.923,63",https://pccentro.net.ve/img/s/1/7/4/8/0/17480-large_default.webp,/producto/alimentos/bebidas-en-polvo/304902/toddy-pote-x-400gr-polar-2,4362,alimentos/bebidas-en-polvo
305864,TODDY ALIMENTO ACHOCOLATADO BOLSA,"Bs. 4.957,52",https://pccentro.net.ve/img/s/8/4/7/4/4/84744-large_default.webp,/producto/alimentos/bebidas-en-polvo/305864/toddy-bolsa-400g-polar,4362,alimentos/bebidas-en-polvo
399905,NESTEA DURAZNO SOBRE X 90GR NESTLE,"Bs. 1.296,58",https://pccentro.net.ve/img/s/2/9/3/2/2/29322-large_default.webp,/producto/alimentos/bebidas-en-polvo/399905/nestea-durazno-sobre-90gr-nestle,4362,alimentos/bebidas-en-polvo
400959,NESTEA SOBRE EN POLVO SABOR A LIMON X90GR NESTLE,"Bs. 1.576,24",https://pccentro.net.ve/img/s/7/3/1/4/6/73146-large_default.webp,/producto/alimentos/bebidas-en-polvo/400959/nestea-limon-sobre-90gr-nestle,4362,alimentos/bebidas-en-polvo
705903,BEBIDA EN POLVO CHOCOLATADA,"Bs. 3.957,54",https://pccentro.net.ve/img/s/4/2/0/8/9/42089-large_default.webp,/producto/alimentos/bebidas-en-polvo/705903/chocolisto-tarro-300-g,4362,alimentos/bebidas-en-polvo
705901,NESQUIK SABOR A CHOCOLATE X570 GR NESTLE,"Bs. 9.398,19",https://pccentro.net.ve/img/s/8/7/4/8/8/87488-large_default.webp,/producto/alimentos/bebidas-en-polvo/705901/nesquik-s-chocolate-x570-gr-nestle,4362,alimentos/bebidas-en-polvo
749601,CAFE NESCAFE VASO X1 UND NESTLE,"Bs. 1.694,88",https://pccentro.net.ve/images/sananselmo/0-home_default.webp,/producto/alimentos/cafe/749601/cafe-nescafe-latte-vaso-x1-und-nestle,4364,alimentos/cafe
651211,FLORES DE MANZANILLA EN SOBRE DE 10GR x1 RECETTEMARK (E),"Bs. 1.635,56",https://pccentro.net.ve/img/s/8/3/8/6/7/83867-large_default.webp,/producto/alimentos/cafe/651211/manzanilla-sobre-10gr-x1-recette,4364,alimentos/cafe
386345,TÉ VERDE CAJA X20 SOBRES MCCORMICK,"Bs. 3.186,37",https://pccentro.net.ve/img/s/7/9/6/7/4/79674-large_default.webp,/producto/alimentos/cafe/386345/te-verde-x-20-sobre-mccormick,4364,alimentos/cafe
254632,TECAPS EXTRACTO DE TÉ VERDE EPIGALOCATEQUINA GALATO 150MG x30 CÁPSULAS OFTALMI (E),"Bs. 13.703,10",https://pccentro.net.ve/img/s/3/9/7/5/4/39754-large_default.webp,/producto/alimentos/cafe/254632/tecaps,4364,alimentos/cafe
652259,CAFE MOLIDO GOURMET X 500GR SANTO DOMINGO,"Bs. 8.711,68",https://pccentro.net.ve/img/s/8/4/7/4/7/84747-large_default.webp,/producto/alimentos/cafe/652259/cafe-santo-domingo-500gr,4364,alimentos/cafe
744732,CAFE NESCAFE VASO X1 UND NESTLE,"Bs. 1.694,88",https://pccentro.net.ve/images/sananselmo/0-home_default.webp,/producto/alimentos/cafe/744732/cafe-nescafe-latte-vaso-x1-und-nestle,4364,alimentos/cafe
732790,CAFE MOLIDO (E),"Bs. 2.847,40",https://pccentro.net.ve/img/s/8/1/6/9/5/81695-large_default.webp,/producto/alimentos/cafe/732790/cafe-san-domingo-x-200gr,4364,alimentos/cafe
670524,CAFE TOSTADO Y MOLIDO GOURMET LA PROTECTORA,"Bs. 7.457,47",https://pccentro.net.ve/img/s/2/7/1/8/1/27181-large_default.webp,/producto/alimentos/cafe/670524/cafe-la-protectora-gourmet-500gr,4364,alimentos/cafe
708714,CAFE NESCAFE EDICION LIMITADA 170GR NESTLE,"Bs. 14.287,84",https://pccentro.net.ve/img/s/9/3/8/1/5/93815-large_default.webp,/producto/alimentos/cafe/708714/cafe-nescafe-edicion-limitada-170gr-nestle,4364,alimentos/cafe
394066,CAFE OSOLE GOURMET X200 GR OSOLE,"Bs. 2.618,59",https://pccentro.net.ve/img/s/8/1/6/9/2/81692-large_default.webp,/producto/alimentos/cafe/394066/cafe-osole-gourmet-x200-gr-a2j,4364,alimentos/cafe
705939,CAFE MOLIDO GOURMET A2J,"Bs. 6.525,29",https://pccentro.net.ve/img/s/6/8/6/5/2/68652-large_default.webp,/producto/alimentos/cafe/705939/cafe-osole-500gr,4364,alimentos/cafe
470699,NESCAFE CAFE TRADICCION INSTANTANEO X170 GR,"Bs. 12.160,85",https://pccentro.net.ve/img/s/2/3/1/6/9/23169-large_default.webp,/producto/alimentos/cafe/470699/nescafe-tradicional-instantaneo-x-170gr-nestle,4364,alimentos/cafe
524178,NESCAFE TRADICION CAFE INSTANTANEO X 85GR NESTLE,"Bs. 7.008,33",https://pccentro.net.ve/img/s/1/6/8/7/7/16877-large_default.webp,/producto/alimentos/cafe/524178/nescafe-tradicional-instantaneo-x-85gr-nestle,4364,alimentos/cafe
705940,CUBITO DE CALDO DE POLLO,"Bs. 2.008,43",https://pccentro.net.ve/img/s/1/6/8/2/9/16829-large_default.webp,/producto/alimentos/condimentos/705940/iberia-cubito-de-pollo-96gr-x-8-unid,4365,alimentos/condimentos
303294,PEPITONA MARGARITA PICANTE X140 GR POLAR,"Bs. 1.660,98",https://pccentro.net.ve/img/s/7/3/5/0/1/73501-large_default.webp,/producto/alimentos/enlatados/303294/margarita-pepitona-picante-140gr-polar,4381,alimentos/enlatados
303307,SARDINA MARGARITA TOMATE X 170GR POLAR (E),"Bs. 1.016,93",https://pccentro.net.ve/img/s/7/3/5/0/3/73503-large_default.webp,/producto/alimentos/enlatados/303307/margarita-sardina-tomate-170gr-polar,4381,alimentos/enlatados
307496,ATUN MARGARITA EN ACEITE X140GR POLAR,"Bs. 2.483,00",https://pccentro.net.ve/img/s/7/3/5/0/6/73506-large_default.webp,/producto/alimentos/enlatados/307496/atun-margarita-en-aceite-x-140gr-polar-2,4381,alimentos/enlatados
525494,SARDINAS EN SALSA PICANTE (E),"Bs. 1.025,40",https://pccentro.net.ve/img/s/7/3/5/0/4/73504-large_default.webp,/producto/alimentos/enlatados/525494/sardina-margarita-picante-x-60gr-polar,4381,alimentos/enlatados
643023,HARINA PAN MAIZ BLANCO X 1KG POLAR (E),"Bs. 1.228,79",https://pccentro.net.ve/img/s/6/9/3/7/1/69371-large_default.webp,/producto/alimentos/harinas/643023/harina-pan-maiz-1-kg-polar-1,4385,alimentos/harinas
627922,MAIZINA AMERICANA POLVO X90GR ALFONZO RIVAS,"Bs. 694,90",https://pccentro.net.ve/img/s/8/4/8/4/0/84840-large_default.webp,/producto/alimentos/harinas/627922/maizina-americana-pvo-x-90gr,4385,alimentos/harinas
706384,NATILLA MAIZINA AMERICANA,"Bs. 3.593,15",https://pccentro.net.ve/img/s/5/8/1/4/1/58141-large_default.webp,/producto/alimentos/harinas/706384/natilla-maizina-americana-pvo-x-250gr,4385,alimentos/harinas
715518,FIDEOS INSTANTÁNEOS EXPRESS LAMEN SABOR GALLINA,"Bs. 923,71",https://pccentro.net.ve/img/s/3/3/5/3/8/33538-large_default.webp,/producto/alimentos/harinas/715518/fideo-renata-express-gallina,4385,alimentos/harinas
724685,MAIZINA AMERICANA,"Bs. 3.101,63",https://pccentro.net.ve/img/s/8/0/7/8/6/80786-large_default.webp,/producto/alimentos/harinas/724685/maizina-americana-400-g,4385,alimentos/harinas
303000,LECHE SEMIDESCREMADA EN POLVO (E),"Bs. 8.287,96",https://pccentro.net.ve/img/s/8/7/8/4/9/87849-large_default.webp,/producto/alimentos/leches-y-alimentos/303000/leche-svelty-semidescremada-x400g-1,4389,alimentos/leches-y-alimentos
396853,LECHE LÍQUIDA COMPLETA UHT X1 LITRO SAN SIMON (E),"Bs. 2.389,78",https://pccentro.net.ve/img/s/7/3/7/5/7/73757-large_default.webp,/producto/alimentos/leches-y-alimentos/396853/leche-san-simon-entera-uht-1-lt,4389,alimentos/leches-y-alimentos
651052,LECHE LACTOVIGOR SABOR VAINILLA ALIMENTO X900GR SAN SIMON,"Bs. 6.737,15",https://pccentro.net.ve/img/s/4/5/9/1/6/45916-large_default.webp,/producto/alimentos/leches-y-alimentos/651052/alimento-san-simon-lactovigor-vainilla-x-900gr,4389,alimentos/leches-y-alimentos
358118,LECHE EN POLVO COMPLETA LA CAMPESINA X 800GR NESTLE (E),"Bs. 11.965,85",https://pccentro.net.ve/img/s/8/4/9/8/2/84982-large_default.webp,/producto/alimentos/leches-y-alimentos/358118/leche-la-campesina-comp-hierro-vit-800-gr,4389,alimentos/leches-y-alimentos
251923,LECHE COMPLETA EN BOLSA X400GR SAN SIMON (E),"Bs. 5.660,90",https://pccentro.net.ve/img/s/3/2/1/8/1/32181-large_default.webp,/producto/alimentos/leches-y-alimentos/251923/leche-san-simon-pvo-completa-400gr,4389,alimentos/leches-y-alimentos
652293,YOGURT GERBER PERA- BANANA x92 ML NESTLE,"Bs. 2.305,04",https://pccentro.net.ve/img/s/6/8/2/7/4/68274-large_default.webp,/producto/alimentos/leches-y-alimentos/652293/yogurt-gerber-pera-banana-x-92-ml-nestle,4389,alimentos/leches-y-alimentos
652294,PURE MANZANA/CAMBUR/ARÁNDANO YOGURT X92 ML NESTLE GERBER,"Bs. 2.440,63",https://pccentro.net.ve/img/s/6/8/2/7/9/68279-large_default.webp,/producto/alimentos/leches-y-alimentos/652294/yogurt-gerber-berry-manzana-banana-92-ml-nestle,4389,alimentos/leches-y-alimentos
652901,LECHE NIDO FORTICRECE (E),"Bs. 7.059,18",https://pccentro.net.ve/img/s/7/0/5/2/3/70523-large_default.webp,/producto/alimentos/leches-y-alimentos/652901/leche-nido-forticrece-400gr-nestle,4389,alimentos/leches-y-alimentos
309638,LECHE EN POLVO SEMIDESCREMADA X400 GR SAN SIMON (E),"Bs. 7.237,14",https://pccentro.net.ve/img/s/7/3/7/4/9/73749-large_default.webp,/producto/alimentos/leches-y-alimentos/309638/leche-san-simon-semides-400-g-1,4389,alimentos/leches-y-alimentos
755236,LECHE INFACARE EXPERT 1 400GR (E),"Bs. 8.448,98",https://pccentro.net.ve/img/s/9/6/4/7/0/96470-large_default.webp,/producto/alimentos/leches-y-alimentos/755236/leche-infacare-expert-1-400gr,4389,alimentos/leches-y-alimentos
386175,LECHE EN POLVO DESCREMADA X400 GR SAN SIMON (E),"Bs. 5.508,36",https://pccentro.net.ve/img/s/7/3/7/5/5/73755-large_default.webp,/producto/alimentos/leches-y-alimentos/386175/leche-san-simon-descrem-400g,4389,alimentos/leches-y-alimentos
308920,SOPA DE POLLO CON FIDEOS MAGGI X 62GR NESTLE,"Bs. 1.305,06",https://pccentro.net.ve/img/s/7/3/1/4/9/73149-large_default.webp,/producto/alimentos/leches-y-alimentos/308920/maggi-disp-pollo-fideo-62-g-1,4389,alimentos/leches-y-alimentos
307656,BICARBONATO DE SODIO 100% EN POLVO x20GR F.S.I (E),"Bs. 999,98",https://pccentro.net.ve/img/s/7/3/4/6/3/73463-large_default.webp,/producto/alimentos/leches-y-alimentos/307656/bicarbonato-sodico-sobre-x-20gr-fsi,4389,alimentos/leches-y-alimentos
306428,MAVESA VINAGRE X 1LITRO POLAR (E),"Bs. 1.796,57",https://pccentro.net.ve/img/s/1/6/8/5/0/16850-large_default.webp,/producto/alimentos/leches-y-alimentos/306428/vinagre-mavesa-1lt-polar,4389,alimentos/leches-y-alimentos
306118,SERVILLETAS ZZZ TIPO PEQUEÑA X160 UNIDADES PAVECA,"Bs. 762,70",https://pccentro.net.ve/img/s/7/3/7/2/5/73725-large_default.webp,/producto/alimentos/leches-y-alimentos/306118/servilletas-z-poly-pequenas-160-uds,4389,alimentos/leches-y-alimentos
670290,ENTEREX TOTAL POLVO FRESA 400GR MEGALABS,"Bs. 25.338,46",https://pccentro.net.ve/img/s/8/6/5/7/0/86570-large_default.webp,/producto/alimentos/leches-y-alimentos/670290/enterex-total-polvo-fresa-400gr-megalabs-1,4389,alimentos/leches-y-alimentos
669355,MI GURT CON PULPA AUTENTICA DE FRUTA SABOR A FRESA X750 GR POLAR,"Bs. 6.262,58",https://pccentro.net.ve/img/s/1/7/4/8/8/17488-large_default.webp,/producto/alimentos/leches-y-alimentos/669355/yogurt-migurt-fresa-750gr-polar,4389,alimentos/leches-y-alimentos
327967,PASTA TORTIGLIONE,"Bs. 1.042,35",https://pccentro.net.ve/img/s/2/8/1/9/1/28191-large_default.webp,/producto/alimentos/leches-y-alimentos/327967/pasta-galo-tortiglione-500-g,4389,alimentos/leches-y-alimentos
310086,MAYONESA PREMIUN (E),"Bs. 1.788,10",https://pccentro.net.ve/img/s/4/1/6/2/3/41623-large_default.webp,/producto/alimentos/leches-y-alimentos/310086/mayonesa-kraft-175-g,4389,alimentos/leches-y-alimentos
305486,RICA CHICHA FORTIFICADA SOBRE X 400GR NESTLE,"Bs. 4.398,21",https://pccentro.net.ve/img/s/8/4/7/4/6/84746-large_default.webp,/producto/alimentos/leches-y-alimentos/305486/rica-chicha-400-g,4389,alimentos/leches-y-alimentos
670065,MONTAÑA FRESCA BEBIDA LÁCTEA (E),"Bs. 1.220,31",https://pccentro.net.ve/img/s/7/0/3/1/1/70311-large_default.webp,/producto/alimentos/leches-y-alimentos/670065/bebida-lactea-pvo-montana-fresca-125g,4389,alimentos/leches-y-alimentos
671383,FIDEOS INSTANTÁNEOS EXPRESS LAMEN SABOR CARNE,"Bs. 677,95",https://pccentro.net.ve/img/s/3/3/5/4/0/33540-large_default.webp,/producto/alimentos/leches-y-alimentos/671383/fideo-renata-express-carne,4389,alimentos/leches-y-alimentos
306230,MAIZINA AMERICANA POLVO X90GR ALFONZO RIVAS,"Bs. 745,75",https://pccentro.net.ve/img/s/8/4/8/4/0/84840-large_default.webp,/producto/alimentos/leches-y-alimentos/306230/maizina-americana-90-g,4389,alimentos/leches-y-alimentos
672408,NAN EXPERT PRO SOYA 800GR NESTLE (E),"Bs. 35.694,17",https://pccentro.net.ve/img/s/8/4/0/6/8/84068-large_default.webp,/producto/alimentos/leches-y-alimentos/672408/nan-expert-pro-soya-800gr-nestle,4389,alimentos/leches-y-alimentos
304925,LECHE CONDESADA AZUCARADA X395GR NESTLE (E),"Bs. 3.169,43",https://pccentro.net.ve/img/s/7/3/0/1/1/73011-large_default.webp,/producto/alimentos/leches-y-alimentos/304925/leche-condesada-nestle-azucarada-395-gr,4389,alimentos/leches-y-alimentos
660818,CAFE OSOLE GOURMET X200 GR OSOLE,"Bs. 2.338,93",https://pccentro.net.ve/img/s/8/1/6/9/2/81692-large_default.webp,/producto/alimentos/leches-y-alimentos/660818/cafe-osole-200gr,4389,alimentos/leches-y-alimentos
321678,SALSA INGLESA VINO BLANCO,"Bs. 1.686,41",https://pccentro.net.ve/img/s/6/3/3/3/9/63339-large_default.webp,/producto/alimentos/leches-y-alimentos/321678/salsa-mc-cormick-inglesa-vino-blanc-150g,4389,alimentos/leches-y-alimentos
306936,SALSA INGLESA CON VINO TINTO,"Bs. 1.466,07",https://pccentro.net.ve/img/s/2/3/2/7/2/23272-large_default.webp,/producto/alimentos/leches-y-alimentos/306936/salsa-mc-cormick-inglesa-vino-tinto-164g,4389,alimentos/leches-y-alimentos
306229,MAIZINA AMERICANA,"Bs. 3.042,31",https://pccentro.net.ve/img/s/8/0/7/8/6/80786-large_default.webp,/producto/alimentos/leches-y-alimentos/306229/maizina-americana-400-g-1,4389,alimentos/leches-y-alimentos
304866,ALIMENTO EN POLVO PARA REGIMENES ESPECIALES PARA ADULTOS MAYORES CON FIBRA SOYA x400GR GAMMA,"Bs. 45.253,30",https://pccentro.net.ve/img/s/8/4/8/4/3/84843-large_default.webp,/producto/alimentos/leches-y-alimentos/304866/alimento-pvo-adu-mayores-c-fibra-400-g,4389,alimentos/leches-y-alimentos
310134,MAIZINA AMERICANA,"Bs. 5.076,17",https://pccentro.net.ve/img/s/1/6/8/7/3/16873-large_default.webp,/producto/alimentos/leches-y-alimentos/310134/maizina-americana-disp-800-g,4389,alimentos/leches-y-alimentos
306244,MOSTAZA PICANTE McCORMICK 270GR,"Bs. 2.525,37",https://pccentro.net.ve/img/s/9/3/4/1/2/93412-large_default.webp,/producto/alimentos/leches-y-alimentos/306244/mostaza-mc-cormick-picante-278-g,4389,alimentos/leches-y-alimentos
306187,ESENCIA DE VAINILLA,"Bs. 3.347,39",https://pccentro.net.ve/img/s/8/9/1/5/0/89150-large_default.webp,/producto/alimentos/leches-y-alimentos/306187/esencia-d-vainilla-mc-cormick-150-g,4389,alimentos/leches-y-alimentos
304864,AUTIRICE ALIMENTO EN POLVO DE ARROZ VAINILLA SIN GLUTEN X300GR AUTIRICE,"Bs. 8.796,43",https://pccentro.net.ve/img/s/8/4/8/4/4/84844-large_default.webp,/producto/alimentos/leches-y-alimentos/304864/autirice-pvo-x-300-gr,4389,alimentos/leches-y-alimentos
304429,SUPLEMENTO ALIMENTICIO CON L-CARNITINA FRESA,"Bs. 46.575,30",https://pccentro.net.ve/img/s/3/7/5/0/9/37509-large_default.webp,/producto/alimentos/leches-y-alimentos/304429/alimento-prokal-c-l-carnitina-fresa-400g,4389,alimentos/leches-y-alimentos
654942,LECHE LA CAMPIÑA DESCREMADA X 400KG (E),"Bs. 7.660,86",https://pccentro.net.ve/img/s/9/1/3/3/6/91336-large_default.webp,/producto/alimentos/leches-y-alimentos/654942/leche-la-campina-descremada-x-400kg,4389,alimentos/leches-y-alimentos
670079,CAFE TOSTADO Y MOLIDO LA PROTECTORA,"Bs. 2.584,69",https://pccentro.net.ve/img/s/2/7/1/7/8/27178-large_default.webp,/producto/alimentos/leches-y-alimentos/670079/cafe-la-protectora-gourmet-200gr,4389,alimentos/leches-y-alimentos
672406,NESTOGENO 1 DE 0-6 MESES 400GR NESTLE (E),"Bs. 12.965,83",https://pccentro.net.ve/img/s/8/5/2/3/8/85238-large_default.webp,/producto/alimentos/leches-y-alimentos/672406/nestogeno-1-de-0-6-meses-400gr-nestle,4389,alimentos/leches-y-alimentos
672407,NESTOGENO 2 DE 6-24 MESES 400GR NESTLE (E),"Bs. 12.101,44",https://pccentro.net.ve/img/s/8/5/2/3/7/85237-large_default.webp,/producto/alimentos/leches-y-alimentos/672407/nestogeno-2-de-6-24-meses-400gr-nestle,4389,alimentos/leches-y-alimentos
755084,LECHE INFACARE EXPERT 2 400GR (E),"Bs. 8.864,22",https://pccentro.net.ve/img/s/9/6/4/6/9/96469-large_default.webp,/producto/alimentos/leches-y-alimentos/755084/leche-infacare-expert-2-400gr,4389,alimentos/leches-y-alimentos
755085,LECHE INFACARE EXPERT 3 400GR (E),"Bs. 12.135,34",https://pccentro.net.ve/img/s/9/6/4/6/8/96468-large_default.webp,/producto/alimentos/leches-y-alimentos/755085/leche-infacare-expert-3-400gr,4389,alimentos/leches-y-alimentos
673948,ENTEREX PROTICAL POLVO VAINILLA 420 GR MEGALABS,"Bs. 39.516,13",https://pccentro.net.ve/img/s/8/0/9/5/5/80955-large_default.webp,/producto/alimentos/leches-y-alimentos/673948/enterex-protical-polvo-vainilla-420gr-megalabs,4389,alimentos/leches-y-alimentos
674861,ENTEREX DIABETIC POLVO VAINILLA 400GR MEGALABS,"Bs. 18.084,37",https://pccentro.net.ve/img/s/8/6/8/1/7/86817-large_default.webp,/producto/alimentos/leches-y-alimentos/674861/enterex-diabetic-polvo-vainilla-400gr-megalabs,4389,alimentos/leches-y-alimentos
323814,LECHE LIQUIDA DESCREMADA UHT 1 LITRO SAN SIMON (E),"Bs. 2.313,51",https://pccentro.net.ve/img/s/7/9/1/2/3/79123-large_default.webp,/producto/alimentos/leches-y-alimentos/323814/leche-san-simon-descremada-uht-1-lt-3,4389,alimentos/leches-y-alimentos
399848,LECHE EN POLVO COMPLETA X 900GR SAN SIMON (E),"Bs. 12.660,75",https://pccentro.net.ve/img/s/8/4/9/9/2/84992-large_default.webp,/producto/alimentos/leches-y-alimentos/399848/leche-san-simon-completa-x-900gr,4389,alimentos/leches-y-alimentos
670878,ENTEREX HEPATIC POLVO VAINILLA 110GR,"Bs. 23.372,40",https://pccentro.net.ve/img/s/5/4/0/1/7/54017-large_default.webp,/producto/alimentos/leches-y-alimentos/670878/enterex-hepatic-polvo-vainilla-110gr-megalabs,4389,alimentos/leches-y-alimentos
673248,DC POWER PROTEINAS VAINILLA 450GR,"Bs. 12.948,88",https://pccentro.net.ve/img/s/8/9/0/5/7/89057-large_default.webp,/producto/alimentos/leches-y-alimentos/673248/dc-power-proteinas-vainilla-450gr,4389,alimentos/leches-y-alimentos
674620,NAN OPTI PRO 3 5HMO + 2AÑOS X 800 G NESTLE (E),"Bs. 23.169,01",https://pccentro.net.ve/img/s/8/6/5/0/9/86509-large_default.webp,/producto/alimentos/leches-y-alimentos/674620/nan-opti-pro-3-5hmo-2anos-x-800-g-nestle,4389,alimentos/leches-y-alimentos
240071,MAIZORITOS HOJUELAS DE MAIZ AZUCARADAS,"Bs. 2.627,06",https://pccentro.net.ve/img/s/9/3/8/9/6/93896-large_default.webp,/producto/alimentos/leches-y-alimentos/240071/maizoritos-azucaradas-x-240gr-1,4389,alimentos/leches-y-alimentos
350520,NIDO FORTICRECE ALIMENTO LACTEO EN POLVO x800GR NESTLE (E),"Bs. 13.533,62",https://pccentro.net.ve/img/s/7/3/8/6/0/73860-large_default.webp,/producto/alimentos/leches-y-alimentos/350520/nido-forticrece-nestle-x-800-gr,4389,alimentos/leches-y-alimentos
673954,PROKAL CHOCO GAMMAFOOD,"Bs. 46.566,83",https://pccentro.net.ve/img/s/9/6/0/8/7/96087-large_default.webp,/producto/alimentos/leches-y-alimentos/673954/prokal-proteina-con-l-carnitina-chocolate-400gr-gamma-food,4389,alimentos/leches-y-alimentos
366363,LECHE EN POLVO NUTRIRINDE LA CAMPESINA X 400GR NESTLE (E),"Bs. 4.898,20",https://pccentro.net.ve/img/s/7/3/7/8/4/73784-large_default.webp,/producto/alimentos/leches-y-alimentos/366363/leche-la-campesina-nutririnde-400-gr-nestle-1,4389,alimentos/leches-y-alimentos
673955,CREMA DE LECHE,"Bs. 4.059,24",https://pccentro.net.ve/img/s/7/3/7/9/3/73793-large_default.webp,/producto/alimentos/leches-y-alimentos/673955/crema-de-leche-300gr-nestle,4389,alimentos/leches-y-alimentos
282408,PASTA AL AGUA OXIDO DE ZINC+TALCO+GLICERINA x100 G BIOFARCO (E),"Bs. 3.788,06",https://pccentro.net.ve/img/s/8/2/2/9/8/82298-large_default.webp,/producto/alimentos/leches-y-alimentos/282408/pasta-al-agua-antiescaras-x-100gr,4389,alimentos/leches-y-alimentos
695699,BEBIDA INSTANTANEA CHOCO RICO POLVO X400GR SAN SIMON,"Bs. 3.847,38",https://pccentro.net.ve/img/s/6/8/0/0/5/68005-large_default.webp,/producto/alimentos/leches-y-alimentos/695699/choco-rico-san-simon-polvo-400gr,4389,alimentos/leches-y-alimentos
472855,GLUTAPAK-10 SOBRE X 10GR,"Bs. 5.813,44",https://pccentro.net.ve/img/s/7/3/7/8/9/73789-large_default.webp,/producto/alimentos/leches-y-alimentos/472855/glutapak-10-sobre-x-10gr-megalabs,4389,alimentos/leches-y-alimentos
472837,GLUTAPAK-R SOBRE X 15GR,"Bs. 3.754,16",https://pccentro.net.ve/img/s/2/3/6/6/7/23667-large_default.webp,/producto/alimentos/leches-y-alimentos/472837/glutapak-r-sobre-x-15gr-megalabs,4389,alimentos/leches-y-alimentos
472878,LECHE EN POLVO COMPLETA X125GR SAN SIMON (E),"Bs. 1.838,94",https://pccentro.net.ve/img/s/7/3/7/5/3/73753-large_default.webp,/producto/alimentos/leches-y-alimentos/472878/leche-san-simon-completa-x-125-gr,4389,alimentos/leches-y-alimentos
706522,CREMA DE LECHE,"Bs. 8.813,46",https://pccentro.net.ve/img/s/8/8/8/1/6/88816-large_default.webp,/producto/alimentos/leches-y-alimentos/706522/crema-de-leche-la-parisienne-carabobo-x-1-lt,4389,alimentos/leches-y-alimentos
472881,LECHE LIQUIDA DESLACTOSADA (E),"Bs. 2.415,20",https://pccentro.net.ve/img/s/7/3/7/5/4/73754-large_default.webp,/producto/alimentos/leches-y-alimentos/472881/leche-san-simon-deslactosada-uht-1-lt,4389,alimentos/leches-y-alimentos
472854,PROKAL L-CARNITINA SABOR MANTECADO 400GR,"Bs. 46.567,08",https://pccentro.net.ve/img/s/7/7/7/7/4/77774-large_default.webp,/producto/alimentos/leches-y-alimentos/472854/prokal-mantecado-400-gr,4389,alimentos/leches-y-alimentos
715494,CAFE TOSTADO Y MOLIDO GOURMET LA PROTECTORA,"Bs. 6.449,02",https://pccentro.net.ve/img/s/2/7/1/8/1/27181-large_default.webp,/producto/alimentos/leches-y-alimentos/715494/cafe-la-protectora-gourmet-500gr,4389,alimentos/leches-y-alimentos
628052,DC POWER SUPLEMENTO NUTRICIONAL PROTEINAS 20GR/SCOOP DE 32GR SABOR A VAINILLA x1.5KG DC POWER,"Bs. 26.050,39",https://pccentro.net.ve/img/s/5/2/7/8/3/52783-large_default.webp,/producto/alimentos/leches-y-alimentos/628052/dc-power-proteinas-vainilla-1-5-kg,4389,alimentos/leches-y-alimentos
472860,ENTEREX DIABETIC LIQUIDO VAINILLA 237ML MEGALABS,"Bs. 5.059,22",https://pccentro.net.ve/img/s/7/3/7/4/8/73748-large_default.webp,/producto/alimentos/leches-y-alimentos/472860/enterex-dbt-diabetic-vainilla-237ml,4389,alimentos/leches-y-alimentos
706511,ENTEREX TOTAL VAINILLA LÍQUIDO,"Bs. 4.737,19",https://pccentro.net.ve/img/s/7/3/7/4/6/73746-large_default.webp,/producto/alimentos/leches-y-alimentos/706511/enterex-total-liquido-vainilla-237ml-megalabs,4389,alimentos/leches-y-alimentos
472852,GAMMA SOY RENAL BASE DE PROTEINA DE SOYA Y L-CARNITINA 1% MANTECADO x410GR GAMMA FOOD,"Bs. 45.033,22",https://pccentro.net.ve/img/s/7/3/7/6/6/73766-large_default.webp,/producto/alimentos/leches-y-alimentos/472852/gamma-soy-renal-x-410-gr,4389,alimentos/leches-y-alimentos
706527,NAN PRENAN FORMULA INFANTIL PREMATURO (E),"Bs. 15.033,67",https://pccentro.net.ve/img/s/6/6/3/8/3/66383-large_default.webp,/producto/alimentos/leches-y-alimentos/706527/nan-prenan-desde-nacimiento-x-400gr-nestle,4389,alimentos/leches-y-alimentos
597870,DC POWER SUPLEMENTO NUTRICIONAL PROTEINAS 20GR/SCOOP DE 32GR SABOR A CHOCOLATE x450 GR DC POWER,"Bs. 14.025,22",https://pccentro.net.ve/img/s/8/4/8/3/8/84838-large_default.webp,/producto/alimentos/leches-y-alimentos/597870/dc-power-proteinas-chocolate450gr,4389,alimentos/leches-y-alimentos
754445,BEBIDA ENTEREX TOTAL FRESA,"Bs. 4.042,29",https://pccentro.net.ve/img/s/7/3/7/4/7/73747-large_default.webp,/producto/alimentos/leches-y-alimentos/754445/enterex-total-liquido-fresa-237ml-megalabs,4389,alimentos/leches-y-alimentos
472846,ENPLUS FOS POLVO VAINILLA,"Bs. 25.042,02",https://pccentro.net.ve/img/s/2/1/1/4/4/21144-large_default.webp,/producto/alimentos/leches-y-alimentos/472846/enplus-con-fos-pvo-x-400gr,4389,alimentos/leches-y-alimentos
472851,SUPLEMENTO NUTRICIONAL EN POLVO SABOR MANTECADO,"Bs. 44.228,15",https://pccentro.net.ve/img/s/3/6/8/0/9/36809-large_default.webp,/producto/alimentos/leches-y-alimentos/472851/carboprotein-mantecado350gr,4389,alimentos/leches-y-alimentos
472853,PROKAL-SE C/L-CARNIT EN POLVO,"Bs. 46.473,86",https://pccentro.net.ve/img/s/9/6/0/8/6/96086-large_default.webp,/producto/alimentos/leches-y-alimentos/472853/prokal-se-c-l-carnit-pvo-x-400gr,4389,alimentos/leches-y-alimentos
472838,PROTEINEX SUPLEMENTO PROTEICO EN POLVO x275 GR MEGALABS,"Bs. 50.346,66",https://pccentro.net.ve/img/s/8/5/0/1/7/85017-large_default.webp,/producto/alimentos/leches-y-alimentos/472838/proteinex-pvo-x-275-gr,4389,alimentos/leches-y-alimentos
472842,ONCOPLUS ALIMENTO ESPECIAL POLVO X 400GR GAMMA FOOD,"Bs. 44.228,15",https://pccentro.net.ve/img/s/5/5/0/8/1/55081-large_default.webp,/producto/alimentos/leches-y-alimentos/472842/oncoplus-pvo-x-300gr,4389,alimentos/leches-y-alimentos
472849,PROKAL ALIMENTO EN POLVO DIABÉTICO 56GR (x8 MEDIDAS) CON FIBRA L-CARNITINA x400GR GAMMA FOOD,"Bs. 46.567,08",https://pccentro.net.ve/img/s/7/7/6/3/4/77634-large_default.webp,/producto/alimentos/leches-y-alimentos/472849/prokal-diab-fibra-l-c-400gr,4389,alimentos/leches-y-alimentos
706518,LECHE NIDO CRECIMIENTO 1 AÑO+ (E),"Bs. 16.559,06",https://pccentro.net.ve/img/s/6/8/5/7/6/68576-large_default.webp,/producto/alimentos/leches-y-alimentos/706518/leche-nido-crecimiento-1-800-gr-nestle,4389,alimentos/leches-y-alimentos
472861,GLUCERNA ALIMENTO LIQUIDO SABOR A VAINILLA x237ML ABBOTT,"Bs. 9.279,47",https://pccentro.net.ve/img/s/2/3/4/0/4/23404-large_default.webp,/producto/alimentos/leches-y-alimentos/472861/glucerna-vainilla-liquida-237-ml-abbott,4389,alimentos/leches-y-alimentos
472862,GLUCERNA NUTRICION ESPECIALIZADA SABOR A VAINILLA EN POLVO 400xGR ABBOTT,"Bs. 55.177,07",https://pccentro.net.ve/img/s/6/8/1/4/7/68147-large_default.webp,/producto/alimentos/leches-y-alimentos/472862/glucerna-vainilla-pvo-400-gr-abbott,4389,alimentos/leches-y-alimentos
597839,LECHE EVAPORADA CARNATION X395GR NESTLE (E),"Bs. 2.788,08",https://pccentro.net.ve/img/s/6/7/3/2/0/67320-large_default.webp,/producto/alimentos/leches-y-alimentos/597839/leche-evaporada-carnation-395gr-nestle,4389,alimentos/leches-y-alimentos
597868,LECHE EN POLVO ALIMENTO X 400GR MONTAÑA FRESCA,"Bs. 5.423,62",https://pccentro.net.ve/img/s/4/8/1/1/3/48113-large_default.webp,/producto/alimentos/leches-y-alimentos/597868/alimento-montana-fresca-x-400gr,4389,alimentos/leches-y-alimentos
597869,DC POWER SUPLEMENTO NUTRICIONAL PROTEINAS 20GR/SCOOP DE 32GR SABOR A CHOCOLATE x1.5KG DC POWER,"Bs. 26.016,58",https://pccentro.net.ve/img/s/5/6/4/0/5/56405-large_default.webp,/producto/alimentos/leches-y-alimentos/597869/dc-power-proteinas-chocolate-1-5-kg,4389,alimentos/leches-y-alimentos
706526,BIOSURE ALIMENTO EN POLVO SABOR A FRESA x400 GR GAMMAFOOD,"Bs. 22.779,27",https://pccentro.net.ve/img/s/7/7/8/0/9/77809-large_default.webp,/producto/alimentos/leches-y-alimentos/706526/biosure-pvo-sabor-fresa-400-gr,4389,alimentos/leches-y-alimentos
742676,LECHE CONDENSADA AZUCARADA UNIDAD 25GR NESTLE (E),"Bs. 296,60",https://pccentro.net.ve/img/s/8/5/8/5/4/85854-large_default.webp,/producto/alimentos/leches-y-alimentos/742676/leche-condensada-azucarada-25gr-nestle,4389,alimentos/leches-y-alimentos
730490,ENTEREX TOTAL POLVO VAINILLA 400 GR MEGALABS,"Bs. 19.397,90",https://pccentro.net.ve/img/s/9/2/2/2/6/92226-large_default.webp,/producto/alimentos/leches-y-alimentos/730490/enterex-total-polvo-vainilla-400-gr-megalabs-1,4389,alimentos/leches-y-alimentos
734513,NAN OPTI PRO 2 6 -12 MESES 400GR NESTLE (E),"Bs. 13.609,89",https://pccentro.net.ve/img/s/8/5/5/2/8/85528-large_default.webp,/producto/alimentos/leches-y-alimentos/734513/nan-opti-pro-2-6-12-meses-400gr-nestle,4389,alimentos/leches-y-alimentos
724795,PEDIASURE POLVO VAINILLA,"Bs. 43.151,64",https://pccentro.net.ve/img/s/7/3/7/9/8/73798-large_default.webp,/producto/alimentos/leches-y-alimentos/724795/pediasure-polvo-vainilla-400gr-abbott,4389,alimentos/leches-y-alimentos
526343,ENSURE NUTRICION ESPECIALIZADA EN POLVO VAINILLA x400GR ABBOTT,"Bs. 35.736,54",https://pccentro.net.ve/img/s/7/7/6/3/2/77632-large_default.webp,/producto/alimentos/leches-y-alimentos/526343/ensure-vanilla-pvo-400gr-abbott,4389,alimentos/leches-y-alimentos
526330,CARBO NEUTRO 450GR GAMMAFOOD,"Bs. 36.389,07",https://pccentro.net.ve/img/s/6/3/8/5/2/63852-large_default.webp,/producto/alimentos/leches-y-alimentos/526330/carbo-modulo-neutro-450gr,4389,alimentos/leches-y-alimentos
724793,LECHE NIDO FORTI CRECE  DESLACTOSADA,"Bs. 25.889,29",https://pccentro.net.ve/img/s/6/2/7/0/9/62709-large_default.webp,/producto/alimentos/leches-y-alimentos/724793/leche-nido-forti-crece-deslactosada-x-800-gr-nestle,4389,alimentos/leches-y-alimentos
526338,LACTOVAC LACTOBACILLUS ACIDOPHILUS ADULTO SOLUCION x12 ML PROBIOTICA,"Bs. 5.601,58",https://pccentro.net.ve/img/s/9/5/9/6/5/95965-large_default.webp,/producto/alimentos/leches-y-alimentos/526338/lactovac-adulto-sol-x-12-ml,4389,alimentos/leches-y-alimentos
734514,NESTUM INFANTIL 3 CEREALES BOLSA,"Bs. 8.440,50",https://pccentro.net.ve/img/s/5/3/5/3/6/53536-large_default.webp,/producto/alimentos/leches-y-alimentos/734514/cereal-nestum-3-cereales-desde-7-meses-500gr-nestle,4389,alimentos/leches-y-alimentos
526337,LACTOVAC LACTOBACILLUS ACIDOPHILUS 2 BILLONES DE BACTERIAS VIVAS/2ML PEDIATRICO SOLUCION SUSPENSION,"Bs. 5.601,58",https://pccentro.net.ve/img/s/8/6/9/2/8/86928-large_default.webp,/producto/alimentos/leches-y-alimentos/526337/lactovac-pediatrico-sol-x-12-ml,4389,alimentos/leches-y-alimentos
238825,GATORADE BEBIDA ENERGIZANTE SABOR A MANDARINA,"Bs. 1.830,47",https://pccentro.net.ve/img/s/1/6/7/3/6/16736-large_default.webp,/producto/alimentos/refrescos-y-jugos/238825/gatorade-mandarina-pepsi,4401,alimentos/refrescos-y-jugos
238824,GATORADE BEBIDA ENERGIZANTE TROPICAL,"Bs. 1.830,47",https://pccentro.net.ve/img/s/1/7/7/6/4/17764-large_default.webp,/producto/alimentos/refrescos-y-jugos/238824/gatorade-tropical-pepsi,4401,alimentos/refrescos-y-jugos
239209,AGUA MINERAL,"Bs. 864,39",https://pccentro.net.ve/img/s/8/8/1/9/8/88198-large_default.webp,/producto/alimentos/refrescos-y-jugos/239209/minalba-pet-600ml-pepsi,4401,alimentos/refrescos-y-jugos
372903,MALTIN POLAR RETORNABLE LATA,"Bs. 889,81",https://pccentro.net.ve/img/s/6/1/2/8/3/61283-large_default.webp,/producto/alimentos/refrescos-y-jugos/372903/malta-polar-lata-355ml,4401,alimentos/refrescos-y-jugos
369240,REFRESCO CHINOTTO,"Bs. 576,26",https://pccentro.net.ve/img/s/8/7/8/4/0/87840-large_default.webp,/producto/alimentos/refrescos-y-jugos/369240/chinotto-355ml-pet-femsa,4401,alimentos/refrescos-y-jugos
239210,AGUA MINERAL,"Bs. 1.550,82",https://pccentro.net.ve/img/s/6/7/2/2/1/67221-large_default.webp,/producto/alimentos/refrescos-y-jugos/239210/minalba-pet-15l-pepsi,4401,alimentos/refrescos-y-jugos
387905,JUGO YUKERY MANZANA PET,"Bs. 1.525,39",https://pccentro.net.ve/img/s/6/1/5/8/7/61587-large_default.webp,/producto/alimentos/refrescos-y-jugos/387905/yuk-manzana-500ml-pepsi,4401,alimentos/refrescos-y-jugos
267194,REFRESCO COLA NEGRO ORIGINAL,"Bs. 1.118,62",https://pccentro.net.ve/img/s/6/7/8/9/3/67893-large_default.webp,/producto/alimentos/refrescos-y-jugos/267194/coca-cola-pet-1-5lt-femsa,4401,alimentos/refrescos-y-jugos
239442,REFRESCO COLA,"Bs. 1.245,74",https://pccentro.net.ve/img/s/6/8/2/9/4/68294-large_default.webp,/producto/alimentos/refrescos-y-jugos/239442/pepsi-pet2l,4401,alimentos/refrescos-y-jugos
239469,REFRESCO COLA LATA,"Bs. 915,24",https://pccentro.net.ve/img/s/1/6/4/8/2/16482-large_default.webp,/producto/alimentos/refrescos-y-jugos/239469/pepsi-lata-355-ml,4401,alimentos/refrescos-y-jugos
309407,REFRESCO CHINOTTO SIN CALORIAS,"Bs. 855,91",https://pccentro.net.ve/img/s/2/9/4/6/0/29460-large_default.webp,/producto/alimentos/refrescos-y-jugos/309407/chinotto-pet-1lt-femsa,4401,alimentos/refrescos-y-jugos
649492,JUGO DE DURAZNO YUKERY,"Bs. 3.737,21",https://pccentro.net.ve/img/s/2/8/9/5/0/28950-large_default.webp,/producto/alimentos/refrescos-y-jugos/649492/yuk-durazno-pet-1-5lt-pepsi,4401,alimentos/refrescos-y-jugos
239850,JUGO DE NARANJA YUKERY,"Bs. 4.084,66",https://pccentro.net.ve/img/s/2/9/4/5/6/29456-large_default.webp,/producto/alimentos/refrescos-y-jugos/239850/yuk-nara-pet-15-pepsi,4401,alimentos/refrescos-y-jugos
239443,REFRESCO COLA NEGRA,"Bs. 999,98",https://pccentro.net.ve/img/s/2/3/1/9/9/23199-large_default.webp,/producto/alimentos/refrescos-y-jugos/239443/pepsi-pet-15l,4401,alimentos/refrescos-y-jugos
302078,REFRESCO CHINOTTO,"Bs. 1.279,63",https://pccentro.net.ve/img/s/6/3/1/3/4/63134-large_default.webp,/producto/alimentos/refrescos-y-jugos/302078/chinotto-1-5lt,4401,alimentos/refrescos-y-jugos
302541,REFRESCO FRESCOLITA,"Bs. 601,68",https://pccentro.net.ve/img/s/8/8/8/8/7/88887-large_default.webp,/producto/alimentos/refrescos-y-jugos/302541/frescolita-355ml-femsa,4401,alimentos/refrescos-y-jugos
369271,REFRESCO MANZANITA GOLDEN,"Bs. 864,39",https://pccentro.net.ve/img/s/4/6/2/1/1/46211-large_default.webp,/producto/alimentos/refrescos-y-jugos/369271/golden-manzana-1-lts-pepsi,4401,alimentos/refrescos-y-jugos
267187,REFRESCO COLA NEGRO ORIGINAL,"Bs. 864,39",https://pccentro.net.ve/img/s/1/7/7/6/2/17762-large_default.webp,/producto/alimentos/refrescos-y-jugos/267187/coca-cola-original-pet-1lt-femsa,4401,alimentos/refrescos-y-jugos
245884,TÉ CON LIMON,"Bs. 4.127,03",https://pccentro.net.ve/img/s/4/0/1/5/5/40155-large_default.webp,/producto/alimentos/refrescos-y-jugos/245884/lipton-te-limon-1-5ml-pepsi,4401,alimentos/refrescos-y-jugos
369868,REFRESCO 7UP,"Bs. 830,49",https://pccentro.net.ve/img/s/7/2/2/5/2/72252-large_default.webp,/producto/alimentos/refrescos-y-jugos/369868/7up-pet-1lt-pepsi,4401,alimentos/refrescos-y-jugos
646581,REFRESCO RETORNABLE,"Bs. 677,95",https://pccentro.net.ve/img/s/3/4/1/8/7/34187-large_default.webp,/producto/alimentos/refrescos-y-jugos/646581/pepsi-retornable-1-25lt-pepsi,4401,alimentos/refrescos-y-jugos
650740,GOLDEN PINA,"Bs. 1.033,88",https://pccentro.net.ve/img/s/1/6/7/3/7/16737-large_default.webp,/producto/alimentos/refrescos-y-jugos/650740/refresco-golden-pina-1-5lt-pepsi-cola,4401,alimentos/refrescos-y-jugos
650743,REFRESCO GOLDEN SABOR A PIÑA,"Bs. 1.330,48",https://pccentro.net.ve/img/s/7/0/7/5/3/70753-large_default.webp,/producto/alimentos/refrescos-y-jugos/650743/refresco-golden-pina-2lt-pepsi-cola,4401,alimentos/refrescos-y-jugos
652862,REFRESCO FANTA UVA 1.5LT COCA-COLA,"Bs. 1.067,77",https://pccentro.net.ve/img/s/8/3/8/1/0/83810-large_default.webp,/producto/alimentos/refrescos-y-jugos/652862/refresco-fanta-uva-1-5lt-coca-cola,4401,alimentos/refrescos-y-jugos
267185,REFRESCO NEGRO ORIGINAL,"Bs. 584,73",https://pccentro.net.ve/img/s/2/7/5/2/0/27520-large_default.webp,/producto/alimentos/refrescos-y-jugos/267185/coca-cola-355ml-pet-femsa,4401,alimentos/refrescos-y-jugos
259768,LIPTON  TE CON DURAZNO,"Bs. 1.703,35",https://pccentro.net.ve/img/s/4/3/4/6/9/43469-large_default.webp,/producto/alimentos/refrescos-y-jugos/259768/te-lipton-durazno-500ml-pepsi-1,4401,alimentos/refrescos-y-jugos
261921,TEA CON LIMÓN LIPTON,"Bs. 1.703,35",https://pccentro.net.ve/img/s/4/3/4/6/8/43468-large_default.webp,/producto/alimentos/refrescos-y-jugos/261921/lipton-limon-500ml-pepsi,4401,alimentos/refrescos-y-jugos
302544,BEBIDA ENERGÉTICA SABOR A MANDARINA,"Bs. 1.466,07",https://pccentro.net.ve/img/s/2/7/2/7/9/27279-large_default.webp,/producto/alimentos/refrescos-y-jugos/302544/powerade-mandarina-500ml-femsa,4401,alimentos/refrescos-y-jugos
646588,REFRESCO FANTA NARANJA 1LT COCA-COLA,"Bs. 855,91",https://pccentro.net.ve/img/s/9/3/4/0/8/93408-large_default.webp,/producto/alimentos/refrescos-y-jugos/646588/fanta-naranja-1lt-femsa,4401,alimentos/refrescos-y-jugos
371465,AGUA MINERAL,"Bs. 423,72",https://pccentro.net.ve/img/s/3/8/7/5/5/38755-large_default.webp,/producto/alimentos/refrescos-y-jugos/371465/agua-mineral-eva-350ml-1,4401,alimentos/refrescos-y-jugos
267190,AGUA POTABLE,"Bs. 3.813,48",https://pccentro.net.ve/img/s/8/1/2/3/4/81234-large_default.webp,/producto/alimentos/refrescos-y-jugos/267190/agua-nevada-5lt-femsa,4401,alimentos/refrescos-y-jugos
369480,REFRESCO FRESCOLITA,"Bs. 1.118,62",https://pccentro.net.ve/img/s/3/3/9/6/2/33962-large_default.webp,/producto/alimentos/refrescos-y-jugos/369480/frescolita-pet-1-5lt-femsa-3,4401,alimentos/refrescos-y-jugos
242860,TÉ FRIO SABOR A DURAZNO,"Bs. 4.127,03",https://pccentro.net.ve/img/s/4/0/1/5/2/40152-large_default.webp,/producto/alimentos/refrescos-y-jugos/242860/lipton-te-durazno-15ml-pepsi,4401,alimentos/refrescos-y-jugos
322251,REFRESCO FRESCOLITA,"Bs. 1.313,53",https://pccentro.net.ve/img/s/1/6/6/9/3/16693-large_default.webp,/producto/alimentos/refrescos-y-jugos/322251/frescolita-pet-2lt-femsa-1,4401,alimentos/refrescos-y-jugos
651649,REFRESCO FANTA NARANJA 2LT COCA-COLA,"Bs. 1.364,38",https://pccentro.net.ve/img/s/9/3/4/0/9/93409-large_default.webp,/producto/alimentos/refrescos-y-jugos/651649/refresco-fanta-naranja-2lt-coca-cola,4401,alimentos/refrescos-y-jugos
304942,JUGO DE FRUTAS CITRICAS,"Bs. 559,31",https://pccentro.net.ve/img/s/4/8/9/1/9/48919-large_default.webp,/producto/alimentos/refrescos-y-jugos/304942/del-valle-fresh-fru-citricas-500ml,4401,alimentos/refrescos-y-jugos
317069,COCA COLA SIN CALORIAS,"Bs. 1.169,47",https://pccentro.net.ve/img/s/1/7/5/2/6/17526-large_default.webp,/producto/alimentos/refrescos-y-jugos/317069/refres-coca-cola-s-azucar-2lt,4401,alimentos/refrescos-y-jugos
656260,AGUA GASIFICADA NEVADA MANZANA,"Bs. 966,08",https://pccentro.net.ve/img/s/7/8/5/7/3/78573-large_default.webp,/producto/alimentos/refrescos-y-jugos/656260/agua-gasificada-nevada-manzana-1-5lt-coca-cola,4401,alimentos/refrescos-y-jugos
304537,NECTAR DE DURAZNO,"Bs. 898,29",https://pccentro.net.ve/img/s/2/9/3/4/7/29347-large_default.webp,/producto/alimentos/refrescos-y-jugos/304537/jugo-yuky-pak-durazno-250ml,4401,alimentos/refrescos-y-jugos
653226,REFRESCO NEGRO SABOR LIGERO,"Bs. 525,41",https://pccentro.net.ve/img/s/3/8/5/9/8/38598-large_default.webp,/producto/alimentos/refrescos-y-jugos/653226/refresco-coca-cola-light-355ml-coca-cola,4401,alimentos/refrescos-y-jugos
304481,REFRESCO COCA COLA LIGHT,"Bs. 1.169,47",https://pccentro.net.ve/img/s/7/2/2/4/8/72248-large_default.webp,/producto/alimentos/refrescos-y-jugos/304481/refres-coca-cola-light-2lt,4401,alimentos/refrescos-y-jugos
309963,REFRESCO CHINOTTO LIGHT,"Bs. 1.169,47",https://pccentro.net.ve/img/s/2/7/4/2/0/27420-large_default.webp,/producto/alimentos/refrescos-y-jugos/309963/refres-chinotto-s-calorias-pet-2lt,4401,alimentos/refrescos-y-jugos
656261,AGUA GASIFICADA NEVADA MANZANA 355ML,"Bs. 525,41",https://pccentro.net.ve/img/s/8/1/2/3/0/81230-large_default.webp,/producto/alimentos/refrescos-y-jugos/656261/agua-gasificada-nevada-manzana-355ml-coca-cola,4401,alimentos/refrescos-y-jugos
304482,AGUA POTABLE,"Bs. 1.135,57",https://pccentro.net.ve/img/s/8/1/2/3/5/81235-large_default.webp,/producto/alimentos/refrescos-y-jugos/304482/agua-nevada-mineral-15lt,4401,alimentos/refrescos-y-jugos
305984,REFRESCO COCA COLA ORIGINAL,"Bs. 1.186,42",https://pccentro.net.ve/img/s/6/7/8/9/2/67892-large_default.webp,/producto/alimentos/refrescos-y-jugos/305984/refres-coca-cola-orig-2lt,4401,alimentos/refrescos-y-jugos
304905,LIPTON TE VERDE CON SABOR A LIMON,"Bs. 1.627,08",https://pccentro.net.ve/img/s/4/0/1/5/3/40153-large_default.webp,/producto/alimentos/refrescos-y-jugos/304905/te-lipton-te-verde-500ml,4401,alimentos/refrescos-y-jugos
304519,AGUA MINALBA MINERAL 5LT,"Bs. 4.542,28",https://pccentro.net.ve/img/s/6/7/2/2/2/67222-large_default.webp,/producto/alimentos/refrescos-y-jugos/304519/agua-minalba-mineral-5lt,4401,alimentos/refrescos-y-jugos
656259,AGUA GASIFICADA NEVADA PARCHITA FEMSA,"Bs. 533,89",https://pccentro.net.ve/img/s/8/8/8/8/2/88882-large_default.webp,/producto/alimentos/refrescos-y-jugos/656259/agua-gasificada-nevada-parchita-355ml-coca-cola,4401,alimentos/refrescos-y-jugos
304613,JUGO DE DURAZNO YUKERY,"Bs. 1.449,12",https://pccentro.net.ve/img/s/2/7/9/7/9/27979-large_default.webp,/producto/alimentos/refrescos-y-jugos/304613/jugo-yukery-durazno-500-ml,4401,alimentos/refrescos-y-jugos
305258,BEBIDA ENERGETICA SABOR FRUTAS TROPICALES,"Bs. 1.338,96",https://pccentro.net.ve/img/s/1/7/2/6/7/17267-large_default.webp,/producto/alimentos/refrescos-y-jugos/305258/powerade-ion-4-frutas-tropical-pet-500ml,4401,alimentos/refrescos-y-jugos
744937,Jugo de Manzana,"Bs. 864,39",https://pccentro.net.ve/img/s/2/8/5/2/0/28520-large_default.webp,/producto/alimentos/refrescos-y-jugos/744937/jugo-yukery-manzana-250ml-pepsi-cola,4401,alimentos/refrescos-y-jugos
304535,AGUA POTABLE,"Bs. 610,16",https://pccentro.net.ve/img/s/8/1/2/3/6/81236-large_default.webp,/producto/alimentos/refrescos-y-jugos/304535/agua-nevada-600ml,4401,alimentos/refrescos-y-jugos
309897,AGUA POTABLE,"Bs. 499,99",https://pccentro.net.ve/img/s/8/4/4/3/2/84432-large_default.webp,/producto/alimentos/refrescos-y-jugos/309897/agua-nevada-mineral-pet-355ml,4401,alimentos/refrescos-y-jugos
705643,JUGO YUKERY PERA 500ML PEPSI-COLA,"Bs. 1.457,60",https://pccentro.net.ve/img/s/9/0/2/3/7/90237-large_default.webp,/producto/alimentos/refrescos-y-jugos/705643/jugo-yukery-pera-500ml-pepsi-cola,4401,alimentos/refrescos-y-jugos
662045,REFRESCO KOLITA EN LATA,"Bs. 754,22",https://pccentro.net.ve/img/s/6/7/2/2/9/67229-large_default.webp,/producto/alimentos/refrescos-y-jugos/662045/refresco-golden-kolita-lata-355ml-pepsi-cola,4401,alimentos/refrescos-y-jugos
306131,TE VERDE CON LIMÓN,"Bs. 3.982,97",https://pccentro.net.ve/img/s/2/9/4/4/6/29446-large_default.webp,/producto/alimentos/refrescos-y-jugos/306131/te-lipton-verde-bot-15lt,4401,alimentos/refrescos-y-jugos
700501,AGUA GASIFICADA,"Bs. 533,89",https://pccentro.net.ve/img/s/8/2/8/3/9/82839-large_default.webp,/producto/alimentos/refrescos-y-jugos/700501/agua-gasificada-nevada-original-355ml-coca-cola,4401,alimentos/refrescos-y-jugos
304538,YUKI-PAK NECTAR DE MANZANA,"Bs. 898,29",https://pccentro.net.ve/img/s/4/0/1/5/0/40150-large_default.webp,/producto/alimentos/refrescos-y-jugos/304538/jugo-yuky-pak-manzana-250ml,4401,alimentos/refrescos-y-jugos
645717,REFRESCO FANTA TORONJA,"Bs. 1.169,47",https://pccentro.net.ve/img/s/7/2/2/4/3/72243-large_default.webp,/producto/alimentos/refrescos-y-jugos/645717/refresco-fanta-toronja-2lt-coca-cola,4401,alimentos/refrescos-y-jugos
705432,AGUA EVIAN SPARKLING ORIGINAL 500ML,"Bs. 7.660,86",https://pccentro.net.ve/img/s/9/0/6/7/1/90671-large_default.webp,/producto/alimentos/refrescos-y-jugos/705432/agua-evian-sparkling-original-500ml,4401,alimentos/refrescos-y-jugos
336387,TE DULCE SUEÑOS NATURAL,"Bs. 1.966,06",https://pccentro.net.ve/img/s/7/9/6/7/5/79675-large_default.webp,/producto/alimentos/refrescos-y-jugos/336387/te-mc-dulces-suenos-x10-unidades,4401,alimentos/refrescos-y-jugos
304504,REFRESCO PEPSI LIGHT,"Bs. 1.499,97",https://pccentro.net.ve/img/s/6/7/2/3/0/67230-large_default.webp,/producto/alimentos/refrescos-y-jugos/304504/refres-pepsi-light-2lt,4401,alimentos/refrescos-y-jugos
646299,NECTAR DE PERA UHT,"Bs. 2.194,87",https://pccentro.net.ve/img/s/6/7/2/5/2/67252-large_default.webp,/producto/alimentos/refrescos-y-jugos/646299/jugo-san-simon-pera-1lt,4401,alimentos/refrescos-y-jugos
698593,BEBIDA GASIFICADA SABOR A NARANJA,"Bs. 1.110,15",https://pccentro.net.ve/img/s/4/7/4/2/7/47427-large_default.webp,/producto/alimentos/refrescos-y-jugos/698593/agua-minalba-sparkling-naranja-500ml-pepsi-cola,4401,alimentos/refrescos-y-jugos
309978,REFRESCO COCA COLA SIN AZUCAR,"Bs. 525,41",https://pccentro.net.ve/img/s/2/9/0/6/4/29064-large_default.webp,/producto/alimentos/refrescos-y-jugos/309978/refres-coca-cola-pet-s-azucar-355ml,4401,alimentos/refrescos-y-jugos
646298,NECTAR DE MANZANA UHT,"Bs. 2.305,04",https://pccentro.net.ve/img/s/6/7/2/7/0/67270-large_default.webp,/producto/alimentos/refrescos-y-jugos/646298/jugo-san-simon-manzana-1lt,4401,alimentos/refrescos-y-jugos
698458,REFRESCO PEPSI ZERO AZÚCAR 2LT PEPSI-COLA,"Bs. 1.491,49",https://pccentro.net.ve/img/s/8/8/4/7/3/88473-large_default.webp,/producto/alimentos/refrescos-y-jugos/698458/refresco-pepsi-zero-azucar-2lt-pepsi-cola,4401,alimentos/refrescos-y-jugos
306324,LECHE DE MAGNESIA ORIGINAL SUSPENSIÓN ORAL 8.5 % (E),"Bs. 4.491,43",https://pccentro.net.ve/img/s/3/0/8/6/3/30863-large_default.webp,/producto/alimentos/refrescos-y-jugos/306324/leche-magnesia-biofarco-120-ml,4401,alimentos/refrescos-y-jugos
646300,JUGO DURAZNO,"Bs. 2.516,90",https://pccentro.net.ve/img/s/7/2/3/5/3/72353-large_default.webp,/producto/alimentos/refrescos-y-jugos/646300/jugo-san-simon-durazno-1lt,4401,alimentos/refrescos-y-jugos
305757,REFRESCO FRESCOLITA,"Bs. 754,22",https://pccentro.net.ve/img/s/2/8/2/0/7/28207-large_default.webp,/producto/alimentos/refrescos-y-jugos/305757/refres-frescolita-s-calorias-pet-1lt,4401,alimentos/refrescos-y-jugos
321637,INFUSIÓN CANELA CITRICA,"Bs. 3.686,36",https://pccentro.net.ve/img/s/7/9/6/6/8/79668-large_default.webp,/producto/alimentos/refrescos-y-jugos/321637/te-mc-canela-citrica-x-20,4401,alimentos/refrescos-y-jugos
310126,TÉ DELICIA DE DURAZNO,"Bs. 3.440,61",https://pccentro.net.ve/img/s/7/9/6/6/5/79665-large_default.webp,/producto/alimentos/refrescos-y-jugos/310126/te-mc-delicia-de-durazno-x-20,4401,alimentos/refrescos-y-jugos
327965,INFUSIÓN DULCES SUEÑOS,"Bs. 3.694,84",https://pccentro.net.ve/img/s/1/6/8/9/0/16890-large_default.webp,/producto/alimentos/refrescos-y-jugos/327965/te-mc-dulce-sueno-x-20,4401,alimentos/refrescos-y-jugos
322004,INFUSIÓN FRUTOS ROJOS PARA TE 2GR CAJA x20 SOBRES MCCORMICK,"Bs. 3.627,04",https://pccentro.net.ve/img/s/7/9/6/7/3/79673-large_default.webp,/producto/alimentos/refrescos-y-jugos/322004/te-mc-frutos-rojos-x-20,4401,alimentos/refrescos-y-jugos
325985,INFUSION RELAX,"Bs. 3.889,75",https://pccentro.net.ve/img/s/7/9/6/6/0/79660-large_default.webp,/producto/alimentos/refrescos-y-jugos/325985/te-mc-relax-20,4401,alimentos/refrescos-y-jugos
646263,REFRESCO FANTA NARANJA,"Bs. 957,61",https://pccentro.net.ve/img/s/6/5/0/8/3/65083-large_default.webp,/producto/alimentos/refrescos-y-jugos/646263/refresco-fanta-naranja-1-5lt-coca-cola,4401,alimentos/refrescos-y-jugos
715182,REFRESCO COLA SIN AZUCAR,"Bs. 754,22",https://pccentro.net.ve/img/s/2/9/0/6/1/29061-large_default.webp,/producto/alimentos/refrescos-y-jugos/715182/refresco-coca-cola-sin-azucar-1lt-coca-cola,4401,alimentos/refrescos-y-jugos
336374,TE DE MALOJILLO,"Bs. 3.533,82",https://pccentro.net.ve/img/s/4/7/1/9/3/47193-large_default.webp,/producto/alimentos/refrescos-y-jugos/336374/te-mc-malojillo-x-20,4401,alimentos/refrescos-y-jugos
322611,TE NEGRO MASTER BLEND MCCORMICK,"Bs. 3.516,88",https://pccentro.net.ve/img/s/6/3/7/2/7/63727-large_default.webp,/producto/alimentos/refrescos-y-jugos/322611/te-mc-negro-x-20,4401,alimentos/refrescos-y-jugos
317150,LECHE EN POLVO SEMIDESCREMADA X400 GR SAN SIMON (E),"Bs. 6.304,95",https://pccentro.net.ve/img/s/7/3/7/4/9/73749-large_default.webp,/producto/alimentos/refrescos-y-jugos/317150/leche-san-simon-semidescremada-400-g,4401,alimentos/refrescos-y-jugos
304955,BEBIDA FRUTAS CITRICA,"Bs. 999,98",https://pccentro.net.ve/img/s/4/8/9/2/0/48920-large_default.webp,/producto/alimentos/refrescos-y-jugos/304955/del-valle-fresh-fru-citricas-15lt,4401,alimentos/refrescos-y-jugos
695448,JUGO DE NARANJA,"Bs. 1.703,35",https://pccentro.net.ve/img/s/3/3/3/0/7/33307-large_default.webp,/producto/alimentos/refrescos-y-jugos/695448/jugo-frica-naranja-pet-500-ml,4401,alimentos/refrescos-y-jugos
240104,AGUA POTABLE,"Bs. 652,53",https://pccentro.net.ve/img/s/6/7/2/1/2/67212-large_default.webp,/producto/alimentos/refrescos-y-jugos/240104/agua-mineral-minalba-355ml-pepsi,4401,alimentos/refrescos-y-jugos
303443,GATORADE FIERCE,"Bs. 1.762,68",https://pccentro.net.ve/img/s/8/1/7/5/5/81755-large_default.webp,/producto/alimentos/refrescos-y-jugos/303443/gatorade-mora-500-ml-pepsi,4401,alimentos/refrescos-y-jugos
241530,Refresco 7Up,"Bs. 991,50",https://pccentro.net.ve/img/s/4/0/1/4/4/40144-large_default.webp,/producto/alimentos/refrescos-y-jugos/241530/refresco-7up-1-5lt-pepsi,4401,alimentos/refrescos-y-jugos
303446,REFRESCO 7UP,"Bs. 1.237,26",https://pccentro.net.ve/img/s/9/3/4/3/8/93438-large_default.webp,/producto/alimentos/refrescos-y-jugos/303446/refresco-7up-2lt-pepsi,4401,alimentos/refrescos-y-jugos
249672,REFRESCO GOLDEN KOLITA,"Bs. 1.245,74",https://pccentro.net.ve/img/s/2/3/1/9/8/23198-large_default.webp,/producto/alimentos/refrescos-y-jugos/249672/refresco-golden-kolita-2lt-pepsi,4401,alimentos/refrescos-y-jugos
302519,REFRESCO SABOR A MANZANA,"Bs. 999,98",https://pccentro.net.ve/img/s/6/7/2/2/6/67226-large_default.webp,/producto/alimentos/refrescos-y-jugos/302519/refresco-golden-manzanita-1-5-lt-pepsi,4401,alimentos/refrescos-y-jugos
241519,REFRESCO SABOR KOLITA,"Bs. 999,98",https://pccentro.net.ve/img/s/6/7/2/2/8/67228-large_default.webp,/producto/alimentos/refrescos-y-jugos/241519/refresco-golden-kolita-1-5lt-pepsi,4401,alimentos/refrescos-y-jugos
302520,REFRESCO SABOR A KOLITA,"Bs. 822,02",https://pccentro.net.ve/img/s/6/7/2/2/7/67227-large_default.webp,/producto/alimentos/refrescos-y-jugos/302520/refresco-golden-kolita-1-lt-pepsi,4401,alimentos/refrescos-y-jugos
335800,REFRESCO GOLDEN MANZANITA,"Bs. 1.245,74",https://pccentro.net.ve/img/s/6/7/2/2/5/67225-large_default.webp,/producto/alimentos/refrescos-y-jugos/335800/refresco-golden-manzanita-2-lt-pepsi,4401,alimentos/refrescos-y-jugos
241814,JUGO DE MANZANA,"Bs. 3.610,09",https://pccentro.net.ve/img/s/2/8/9/7/3/28973-large_default.webp,/producto/alimentos/refrescos-y-jugos/241814/yukery-nectar-manzana1-5lt-pepsi,4401,alimentos/refrescos-y-jugos
261592,REFRESCO COLA NEGRO,"Bs. 830,49",https://pccentro.net.ve/img/s/6/8/2/9/3/68293-large_default.webp,/producto/alimentos/refrescos-y-jugos/261592/refresco-pepsi-cola-1lt,4401,alimentos/refrescos-y-jugos
241806,NECTAR DE PERA,"Bs. 898,29",https://pccentro.net.ve/img/s/4/3/4/6/7/43467-large_default.webp,/producto/alimentos/refrescos-y-jugos/241806/yuky-pak-nectar-pera-250ml-pepsi,4401,alimentos/refrescos-y-jugos
241684,TODDY EN POLVO BEBIDA ACHOCOLATADA,"Bs. 2.627,06",https://pccentro.net.ve/img/s/7/4/4/6/3/74463-large_default.webp,/producto/alimentos/refrescos-y-jugos/241684/toddy-pote-x200-gr-polar,4401,alimentos/refrescos-y-jugos
241679,TODDY BEBIDA EN POLVO CHOCOLATADA ENVASE TARRO X 400GR POLAR,"Bs. 5.423,62",https://pccentro.net.ve/img/s/1/7/4/8/0/17480-large_default.webp,/producto/alimentos/refrescos-y-jugos/241679/toddy-pote-x400-gr-polar,4401,alimentos/refrescos-y-jugos
733214,REFRESCO SABOR NARANJA,"Bs. 999,98",https://pccentro.net.ve/img/s/1/7/8/5/5/17855-large_default.webp,/producto/alimentos/refrescos-y-jugos/733214/refresco-golden-naranja-1-5lt-pepsi-cola,4401,alimentos/refrescos-y-jugos
706690,GATORADE MANZANA PET,"Bs. 1.762,68",https://pccentro.net.ve/img/s/9/3/4/4/3/93443-large_default.webp,/producto/alimentos/refrescos-y-jugos/706690/gatorade-manzana-500ml-pepsi-cola,4401,alimentos/refrescos-y-jugos
598108,AGUA SPARKLING SABOR A LIMON,"Bs. 1.110,15",https://pccentro.net.ve/img/s/8/8/8/8/0/88880-large_default.webp,/producto/alimentos/refrescos-y-jugos/598108/agua-mineral-minalba-sparkling-limon-500,4401,alimentos/refrescos-y-jugos
706689,CLUB SODA SPARKLING 355 CM MINALBA PEPSI,"Bs. 1.076,25",https://pccentro.net.ve/img/s/5/7/1/5/2/57152-large_default.webp,/producto/alimentos/refrescos-y-jugos/706689/soda-minalba-sparkling-lata-355ml-pepsi-cola,4401,alimentos/refrescos-y-jugos
706692,AGUA MINERAL GASIFICADA,"Bs. 1.084,72",https://pccentro.net.ve/img/s/4/0/1/8/4/40184-large_default.webp,/producto/alimentos/refrescos-y-jugos/706692/agua-minalba-sparkling-original-500ml-pepsi-cola,4401,alimentos/refrescos-y-jugos
715813,PEPSI ZERO LATA,"Bs. 949,13",https://pccentro.net.ve/img/s/6/0/0/8/1/60081-large_default.webp,/producto/alimentos/refrescos-y-jugos/715813/refresco-pepsi-zero-lata-355ml-pepsi-cola,4401,alimentos/refrescos-y-jugos
598098,AGUA SPARKLING TORONJA,"Bs. 1.110,15",https://pccentro.net.ve/img/s/8/8/8/8/1/88881-large_default.webp,/producto/alimentos/refrescos-y-jugos/598098/agua-mineral-minalba-sparkling-tooronja,4401,alimentos/refrescos-y-jugos
706694,BEBIDA GASIFICADA PARCHITA,"Bs. 1.076,25",https://pccentro.net.ve/img/s/8/2/8/4/0/82840-large_default.webp,/producto/alimentos/refrescos-y-jugos/706694/agua-gasificada-nevada-parchita-1-5lt-coca-cola,4401,alimentos/refrescos-y-jugos
473632,REFRESCO PEPSI-COLA ZERO AZUCAR,"Bs. 830,49",https://pccentro.net.ve/img/s/6/0/0/7/9/60079-large_default.webp,/producto/alimentos/refrescos-y-jugos/473632/refresco-pepsi-cola-zero-azucar-1-lt,4401,alimentos/refrescos-y-jugos
473643,REFRESCO FRESCOLITA EN LATA,"Bs. 830,49",https://pccentro.net.ve/img/s/1/7/2/6/2/17262-large_default.webp,/producto/alimentos/refrescos-y-jugos/473643/refresco-frescolita-lata-355-ml-coca-cola,4401,alimentos/refrescos-y-jugos
706700,REFRESCO LIGERO LATA,"Bs. 864,39",https://pccentro.net.ve/img/s/6/3/1/2/7/63127-large_default.webp,/producto/alimentos/refrescos-y-jugos/706700/refresco-coca-cola-light-lata-355ml-coca-cola,4401,alimentos/refrescos-y-jugos
473635,REFRESCO COLA LATA,"Bs. 830,49",https://pccentro.net.ve/img/s/1/6/4/7/2/16472-large_default.webp,/producto/alimentos/refrescos-y-jugos/473635/refresco-coca-cola-lata-355-ml,4401,alimentos/refrescos-y-jugos
706685,JUGO DE PERA LIGHT,"Bs. 1.923,69",https://pccentro.net.ve/img/s/3/3/9/6/5/33965-large_default.webp,/producto/alimentos/refrescos-y-jugos/706685/jugo-santal-light-pera-500ml,4401,alimentos/refrescos-y-jugos
706702,SODA SCHWEPPES BOTELLA 355ML COCA-COLA,"Bs. 720,32",https://pccentro.net.ve/img/s/6/2/6/4/3/62643-large_default.webp,/producto/alimentos/refrescos-y-jugos/706702/soda-schweppes-botella-355ml-coca-cola,4401,alimentos/refrescos-y-jugos
706703,TRIPARK NECTAR DE PERA,"Bs. 661,00",https://pccentro.net.ve/img/s/4/7/3/3/4/47334-large_default.webp,/producto/alimentos/refrescos-y-jugos/706703/jugo-el-tunal-pera-200-ml,4401,alimentos/refrescos-y-jugos
754146,REFRESCO GOLDEN UVA 2LT PEPSI -COLA,"Bs. 898,29",https://pccentro.net.ve/img/s/9/1/2/6/1/91261-large_default.webp,/producto/alimentos/refrescos-y-jugos/754146/refresco-golden-uva-2lt-pepsi-cola,4401,alimentos/refrescos-y-jugos
706704,TRIPARK NECTAR DURAZNO,"Bs. 661,00",https://pccentro.net.ve/img/s/4/7/3/3/6/47336-large_default.webp,/producto/alimentos/refrescos-y-jugos/706704/jugo-el-tunal-durazno-200ml,4401,alimentos/refrescos-y-jugos
473576,MALTEADA CHOCOLOTADA,"Bs. 3.796,53",https://pccentro.net.ve/img/s/1/7/4/5/8/17458-large_default.webp,/producto/alimentos/refrescos-y-jugos/473576/riko-malt-1lt-parmalat,4401,alimentos/refrescos-y-jugos
473577,CHICHA EL CHICHERO,"Bs. 3.635,52",https://pccentro.net.ve/img/s/1/7/4/5/6/17456-large_default.webp,/producto/alimentos/refrescos-y-jugos/473577/el-chichero-chicha-1ml-parmalat,4401,alimentos/refrescos-y-jugos
473579,JUGO NARANJADA,"Bs. 4.728,72",https://pccentro.net.ve/img/s/2/9/9/4/6/29946-large_default.webp,/producto/alimentos/refrescos-y-jugos/473579/frica-naranja-1-5lt,4401,alimentos/refrescos-y-jugos
628235,JUGO DE NARANJA/ZANAHORIA,"Bs. 1.923,69",https://pccentro.net.ve/img/s/3/0/3/8/2/30382-large_default.webp,/producto/alimentos/refrescos-y-jugos/628235/santal-active-naran-zanah-x-500-ml,4401,alimentos/refrescos-y-jugos
706682,Bebida energizante,"Bs. 3.245,70",https://pccentro.net.ve/img/s/2/0/3/7/1/20371-large_default.webp,/producto/alimentos/refrescos-y-jugos/706682/redbull-x-250-ml,4401,alimentos/refrescos-y-jugos
706683,NECTAR DE DURAZNO LIGHT,"Bs. 1.677,93",https://pccentro.net.ve/img/s/6/7/2/7/4/67274-large_default.webp,/producto/alimentos/refrescos-y-jugos/706683/santal-light-nectar-durazno-x-500ml-parmalat,4401,alimentos/refrescos-y-jugos
751349,TÉ SABOR A DURAZNO LIGHT,"Bs. 3.211,80",https://pccentro.net.ve/img/s/8/7/4/3/2/87432-large_default.webp,/producto/alimentos/refrescos-y-jugos/751349/te-durazno-1-5-lt-parmalat,4401,alimentos/refrescos-y-jugos
754927,TE CON LIMON UHT,"Bs. 1.813,52",https://pccentro.net.ve/img/s/4/8/1/1/2/48112-large_default.webp,/producto/alimentos/refrescos-y-jugos/754927/te-limon-1-lt-parmalat,4401,alimentos/refrescos-y-jugos
731786,GOMITAS GUANDY SOUR GAJOS CITRICOS 71GR,"Bs. 830,49",https://pccentro.net.ve/img/s/9/1/1/1/2/91112-large_default.webp,/producto/alimentos/refrescos-y-jugos/731786/gomitas-guandy-sour-gajos-citricos-71gr,4401,alimentos/refrescos-y-jugos
751348,TE DURAZNO,"Bs. 1.516,92",https://pccentro.net.ve/img/s/2/8/9/8/8/28988-large_default.webp,/producto/alimentos/refrescos-y-jugos/751348/te-durazno-500ml-parmalat,4401,alimentos/refrescos-y-jugos
754928,TE DURAZNO LIGHT,"Bs. 1.516,92",https://pccentro.net.ve/img/s/8/7/4/3/1/87431-large_default.webp,/producto/alimentos/refrescos-y-jugos/754928/te-durazno-sin-azucar-500ml-parmalat,4401,alimentos/refrescos-y-jugos
527072,jugo de NARANJA,"Bs. 983,03",https://pccentro.net.ve/img/s/1/7/2/6/5/17265-large_default.webp,/producto/alimentos/refrescos-y-jugos/527072/yukery-nectar-naranja-250-ml-pepsi-cola,4401,alimentos/refrescos-y-jugos
527099,Jugo DE DURAZNO,"Bs. 872,86",https://pccentro.net.ve/img/s/2/9/9/9/4/29994-large_default.webp,/producto/alimentos/refrescos-y-jugos/527099/yukery-nectar-durazno-250-ml-pepsi-cola,4401,alimentos/refrescos-y-jugos
724960,REFRESCO COCA-COLA RETORNABLE,"Bs. 661,00",https://pccentro.net.ve/img/s/4/0/8/2/9/40829-large_default.webp,/producto/alimentos/refrescos-y-jugos/724960/refresco-coca-cola-vidrio-125lt-coca-cola,4401,alimentos/refrescos-y-jugos
527096,jugo de PERA,"Bs. 872,86",https://pccentro.net.ve/img/s/3/0/0/0/0/30000-large_default.webp,/producto/alimentos/refrescos-y-jugos/527096/yukery-nectar-pera-250-ml-pepsi-cola,4401,alimentos/refrescos-y-jugos
527110,REFRESCO GOLDEN PIÑA 1LT PEPSI -COLA,"Bs. 813,54",https://pccentro.net.ve/img/s/9/3/4/1/0/93410-large_default.webp,/producto/alimentos/refrescos-y-jugos/527110/refresco-golden-pina-1-lt-pepsi-cola,4401,alimentos/refrescos-y-jugos
601474,MALTA,"Bs. 661,00",https://pccentro.net.ve/img/s/4/0/1/4/5/40145-large_default.webp,/producto/alimentos/refrescos-y-jugos/601474/maltin-polar-nr-250-ml,4401,alimentos/refrescos-y-jugos
749835,SALSA TOMATE,"Bs. 2.025,38",https://pccentro.net.ve/img/s/1/6/7/0/1/16701-large_default.webp,/producto/alimentos/salsas-y-untables/749835/salsa-de-tomate-pampero-x-397gr-polar,4402,alimentos/salsas-y-untables
303009,MAYONESA KRAFT X445 GR KRAFT (E),"Bs. 3.889,75",https://pccentro.net.ve/img/s/1/6/8/8/5/16885-large_default.webp,/producto/alimentos/salsas-y-untables/303009/mayonesa-kraft-445-g,4402,alimentos/salsas-y-untables
753021,MARGARINA MAVESA (E),"Bs. 1.491,49",https://pccentro.net.ve/img/s/6/8/4/9/3/68493-large_default.webp,/producto/alimentos/salsas-y-untables/753021/margarina-mavesa-250-gr-polar,4402,alimentos/salsas-y-untables
744944,MAYONESA (E),"Bs. 1.932,16",https://pccentro.net.ve/img/s/8/0/8/9/2/80892-large_default.webp,/producto/alimentos/salsas-y-untables/744944/mavesa-mayonesa-175-gr-polar,4402,alimentos/salsas-y-untables
645029,MAVESA MAYONESA 445 GR POLAR (E),"Bs. 3.847,38",https://pccentro.net.ve/img/s/8/4/6/1/9/84619-large_default.webp,/producto/alimentos/salsas-y-untables/645029/mavesa-mayonesa-445-gr-polar,4402,alimentos/salsas-y-untables
744941,SALSA DE TOMATE,"Bs. 1.398,28",https://pccentro.net.ve/img/s/1/6/7/3/5/16735-large_default.webp,/producto/alimentos/salsas-y-untables/744941/salsa-de-tomate-pampero-x-198gr-polar,4402,alimentos/salsas-y-untables
645030,MAVESA MAYONESA 910 GR POLAR (E),"Bs. 7.321,88",https://pccentro.net.ve/img/s/1/6/8/8/7/16887-large_default.webp,/producto/alimentos/salsas-y-untables/645030/mavesa-mayonesa-910-gr-polar,4402,alimentos/salsas-y-untables
744945,MARGARINA (E),"Bs. 1.279,63",https://pccentro.net.ve/img/s/2/3/2/8/0/23280-large_default.webp,/producto/alimentos/salsas-y-untables/744945/margarina-nelly-x-250gr-polar,4402,alimentos/salsas-y-untables
667564,MARGARINA NELLY X 500GR POLAR (E),"Bs. 2.483,00",https://pccentro.net.ve/img/s/2/7/6/5/7/27657-large_default.webp,/producto/alimentos/salsas-y-untables/667564/margarina-nelly-x-500gr-polar,4402,alimentos/salsas-y-untables
704283,SALSA PARA PASTA BOLOGNESA,"Bs. 1.906,74",https://pccentro.net.ve/img/s/3/1/4/5/7/31457-large_default.webp,/producto/alimentos/salsas-y-untables/704283/osole-bolonesa-salsa-para-pasta-340gr,4402,alimentos/salsas-y-untables
708716,SALSA PARA PASTA NAPOLITANA,"Bs. 1.601,66",https://pccentro.net.ve/img/s/3/2/0/2/6/32026-large_default.webp,/producto/alimentos/salsas-y-untables/708716/osole-napolitana-salsa-para-pasta-x-340-g,4402,alimentos/salsas-y-untables
734075,VINAGRE BLANCO,"Bs. 1.127,10",https://pccentro.net.ve/img/s/2/6/9/5/3/26953-large_default.webp,/producto/alimentos/salsas-y-untables/734075/vinagre-heinz-500ml,4402,alimentos/salsas-y-untables
305313,RIKESA QUESO ORIGINAL X300GR POLAR,"Bs. 4.982,95",https://pccentro.net.ve/img/s/8/4/7/4/3/84743-large_default.webp,/producto/alimentos/salsas-y-untables/305313/rikesa-queso-original-enriq-x-300gr-polar,4402,alimentos/salsas-y-untables
645899,ACEITE CARBONELL OLIVA EXTRA VIRGEN 750ML,"Bs. 21.855,48",https://pccentro.net.ve/img/s/5/8/7/6/2/58762-large_default.webp,/producto/alimentos/salsas-y-untables/645899/aceite-carbonell-oliva extra-virgen-750ml,4402,alimentos/salsas-y-untables
670362,ACEITE DE OLIVA CARBONELL,"Bs. 8.025,26",https://pccentro.net.ve/img/s/7/6/0/6/0/76060-large_default.webp,/producto/alimentos/salsas-y-untables/670362/aceite-de-oliva-carbonell-extra-virgen-250ml,4402,alimentos/salsas-y-untables
675060,ACEITE DE OLIVA CARBONELL PURO SPRAY 200ML,"Bs. 6.567,66",https://pccentro.net.ve/img/s/6/7/1/9/3/67193-large_default.webp,/producto/alimentos/salsas-y-untables/675060/aceite-de-oliva-carbonell-puro-spray-200ml,4402,alimentos/salsas-y-untables
653079,RIKESA QUESO TOCINETA X300GR POLAR (E),"Bs. 4.288,05",https://pccentro.net.ve/img/s/6/7/7/9/8/67798-large_default.webp,/producto/alimentos/salsas-y-untables/653079/rikesa-queso-tocineta-300gr-polar,4402,alimentos/salsas-y-untables
744940,RIKESA QUESO PICANTE 200GR POLAR*,"Bs. 2.669,44",https://pccentro.net.ve/images/sananselmo/0-home_default.webp,/producto/alimentos/salsas-y-untables/744940/rikesa-queso-picante-200gr-polar,4402,alimentos/salsas-y-untables
744942,RIKESA CHEDDAR,"Bs. 5.203,28",https://pccentro.net.ve/img/s/8/1/8/0/7/81807-large_default.webp,/producto/alimentos/salsas-y-untables/744942/rikesa-queso-original-330gr-polar,4402,alimentos/salsas-y-untables
744943,QUESO FUNDIDO PARMESANO,"Bs. 3.050,78",https://pccentro.net.ve/img/s/2/9/9/7/3/29973-large_default.webp,/producto/alimentos/salsas-y-untables/744943/rikesa-queso-parmesano-200gr-polar,4402,alimentos/salsas-y-untables
674649,SALSA DE AJO,"Bs. 1.398,28",https://pccentro.net.ve/img/s/3/4/6/7/7/34677-large_default.webp,/producto/alimentos/salsas-y-untables/674649/salsa-mccormick-ajo-156gr,4402,alimentos/salsas-y-untables
699795,MERMELADA DE FRUTOS ROJOS,"Bs. 1.847,42",https://pccentro.net.ve/img/s/3/9/8/7/5/39875-large_default.webp,/producto/alimentos/salsas-y-untables/699795/mermelada-frutos-rojos-osole-x-200-gr,4402,alimentos/salsas-y-untables
702734,SALSA DE TOMATE HEINZ KETCHUP SIN AZUCAR 367GR,"Bs. 2.144,02",https://pccentro.net.ve/img/s/8/9/1/0/4/89104-large_default.webp,/producto/alimentos/salsas-y-untables/702734/salsa-de-tomate-heinz-ketchup-sin-azucar-367gr,4402,alimentos/salsas-y-untables
703092,SALSA PARA LA PIZZA,"Bs. 1.576,24",https://pccentro.net.ve/img/s/3/1/0/3/6/31036-large_default.webp,/producto/alimentos/salsas-y-untables/703092/osole-salsa-para-pizza-340gr,4402,alimentos/salsas-y-untables
727843,ACEITE DE OLIVA EXTRA VIRGEN CARBONELL,"Bs. 7.533,74",https://pccentro.net.ve/img/s/6/6/1/5/9/66159-large_default.webp,/producto/alimentos/salsas-y-untables/727843/aceite-de-oliva-carbonell-extra-virgen-spray-200ml,4402,alimentos/salsas-y-untables
748798,RIKESA QUESO CHEDDAR,"Bs. 3.923,65",https://pccentro.net.ve/img/s/6/7/7/8/8/67788-large_default.webp,/producto/alimentos/salsas-y-untables/748798/rikesa-queso-original-200gr-polar,4402,alimentos/salsas-y-untables
708635,GALLETA OREO FUDGE AMERICANA 6S,"Bs. 2.542,32",https://pccentro.net.ve/img/s/6/1/1/5/7/61157-large_default.webp,/producto/alimentos/salsas-y-untables/708635/galletas-oreo-chocolate-fudge-156gr-x6-und-paquete,4402,alimentos/salsas-y-untables
598151,SALSA BBQ ORIGINAL,"Bs. 2.855,87",https://pccentro.net.ve/img/s/6/7/5/1/4/67514-large_default.webp,/producto/alimentos/salsas-y-untables/598151/salsa-bbq-honey-original-mc-cormick-x-23,4402,alimentos/salsas-y-untables
706708,EXTRACTO DE TOMATE,"Bs. 1.898,27",https://pccentro.net.ve/img/s/1/7/3/7/2/17372-large_default.webp,/producto/alimentos/salsas-y-untables/706708/extracto-d-tomate-ole-340-g,4402,alimentos/salsas-y-untables
706710,ACEITE DE OLIVA CARBONELL EXTRA VIRGEN,"Bs. 16.533,64",https://pccentro.net.ve/img/s/5/7/3/4/8/57348-large_default.webp,/producto/alimentos/salsas-y-untables/706710/aceite-de-oliva-carbonell-extra-virgen-500ml,4402,alimentos/salsas-y-untables
733138,MERMELADA DE GUAYABA,"Bs. 1.372,85",https://pccentro.net.ve/img/s/6/7/8/0/3/67803-large_default.webp,/producto/alimentos/salsas-y-untables/733138/mermelada-osole-guayaba-x-200-g,4402,alimentos/salsas-y-untables
755549,MAYONESA PREMIUN (E),"Bs. 1.525,39",https://pccentro.net.ve/img/s/4/1/6/2/3/41623-large_default.webp,/producto/alimentos/salsas-y-untables/755549/mayonesa-175gr-kraft,4402,alimentos/salsas-y-untables
752710,CAFE NESCAFE VASO X1 UND NESTLE *GRATIS*,"Bs. 0,00",https://pccentro.net.ve/images/sananselmo/0-home_default.webp,/producto/alimentos/snack-y-dulces/752710/cafe-nescafe-vaso-x1-und-nestle-gratis,4409,alimentos/snack-y-dulces
259727,GALLETAS SUSY MAXI X50GR NESTLE SAVOY,"Bs. 720,32",https://pccentro.net.ve/img/s/8/4/6/3/2/84632-large_default.webp,/producto/alimentos/snack-y-dulces/259727/gall-susy-disp-choco-maxi-50-g-x-18,4409,alimentos/snack-y-dulces
749882,CARAMELOS HALLS CEREZA X1 UND,"Bs. 42,37",https://pccentro.net.ve/images/sananselmo/0-home_default.webp,/producto/alimentos/snack-y-dulces/749882/caramelos-halls-cereza-x1-und,4409,alimentos/snack-y-dulces
737647,CHOCOLATE SAVOY PING PONG 30GR NESTLE,"Bs. 1.067,77",https://pccentro.net.ve/img/s/9/1/2/3/5/91235-large_default.webp,/producto/alimentos/snack-y-dulces/737647/chocolate-savoy-ping-pong-30gr-nestle,4409,alimentos/snack-y-dulces
281578,GALLETAS BELVITA KRAKER X1 UNIDAD DETALLADA NABISCO,"Bs. 262,71",https://pccentro.net.ve/img/s/8/4/4/2/7/84427-large_default.webp,/producto/alimentos/snack-y-dulces/281578/galleta-belvita-kraker-234-g-x-1,4409,alimentos/snack-y-dulces
322267,DORITOS MEGA QUESO X45GR PEPSICO,"Bs. 923,71",https://pccentro.net.ve/img/s/4/0/4/3/1/40431-large_default.webp,/producto/alimentos/snack-y-dulces/322267/doritos-mega-queso45-gramos,4409,alimentos/snack-y-dulces
384553,CHOCOLATE SAVOY CARRE AVELLANA X 100GR NESTLE,"Bs. 3.847,38",https://pccentro.net.ve/img/s/3/0/0/5/6/30056-large_default.webp,/producto/alimentos/snack-y-dulces/384553/chocolate-savoycarre-con-leche-y-avellana-100gr-nestle,4409,alimentos/snack-y-dulces
653993,CHEESE TRIS X50GR PEPSICO,"Bs. 754,22",https://pccentro.net.ve/img/s/7/9/2/1/9/79219-large_default.webp,/producto/alimentos/snack-y-dulces/653993/cheese-tris-50gr-pepsico,4409,alimentos/snack-y-dulces
381755,Pepito original,"Bs. 533,89",https://pccentro.net.ve/img/s/7/4/4/0/4/74404-large_default.webp,/producto/alimentos/snack-y-dulces/381755/pepito-25-gramos,4409,alimentos/snack-y-dulces
386459,OREO CHOCOLATE AMERICANO,"Bs. 1.203,36",https://pccentro.net.ve/img/s/5/4/2/4/3/54243-large_default.webp,/producto/alimentos/snack-y-dulces/386459/oreo-americana-tubo-x-96g,4409,alimentos/snack-y-dulces
652919,TOSTON SALSERITOS,"Bs. 2.864,35",https://pccentro.net.ve/img/s/8/5/3/1/4/85314-large_default.webp,/producto/alimentos/snack-y-dulces/652919/salseritos-tostones-salados-x-270-gr-iselitas,4409,alimentos/snack-y-dulces
238838,SAMBA CHOCOLATE X 32GR NESTLE,"Bs. 737,27",https://pccentro.net.ve/img/s/1/7/3/8/8/17388-large_default.webp,/producto/alimentos/snack-y-dulces/238838/gall-samba-disp-chocolate-32-g-x-20,4409,alimentos/snack-y-dulces
302996,CHEESE TRIS X150GR PEPSICO,"Bs. 1.669,46",https://pccentro.net.ve/img/s/8/4/6/3/4/84634-large_default.webp,/producto/alimentos/snack-y-dulces/302996/cheese-tris-150gr-3,4409,alimentos/snack-y-dulces
383368,NATUCHIPS PLATANITOS NATURAL X80GR PEPSICO,"Bs. 1.627,08",https://pccentro.net.ve/img/s/1/7/3/1/6/17316-large_default.webp,/producto/alimentos/snack-y-dulces/383368/natuchips-platanitos-x-80gr,4409,alimentos/snack-y-dulces
242415,DORITOS MEGA QUESO X150GR PEPSICO,"Bs. 2.262,66",https://pccentro.net.ve/img/s/7/4/4/2/0/74420-large_default.webp,/producto/alimentos/snack-y-dulces/242415/doritos-mega-queso-150gr,4409,alimentos/snack-y-dulces
385276,RAQUETY PICANTE X36GR PEPSICO,"Bs. 788,12",https://pccentro.net.ve/img/s/8/4/6/3/7/84637-large_default.webp,/producto/alimentos/snack-y-dulces/385276/raquety-picante-36gr-pepsico-1,4409,alimentos/snack-y-dulces
652436,GALLETA OREO AMERICANO OW DISP 192 G,"Bs. 2.016,91",https://pccentro.net.ve/img/s/5/8/6/4/0/58640-large_default.webp,/producto/alimentos/snack-y-dulces/652436/galletas-oreo-chocolate-americano-192gr-x6-und-paquete,4409,alimentos/snack-y-dulces
243970,GALLETAS DE CHOCOLATE,"Bs. 1.745,73",https://pccentro.net.ve/img/s/2/7/1/8/9/27189-large_default.webp,/producto/alimentos/snack-y-dulces/243970/galletas-marilu-chocolate-tubo-216g-maxy-sweet,4409,alimentos/snack-y-dulces
384426,RAQUETY QUESO X36GR PEPSICO,"Bs. 788,12",https://pccentro.net.ve/img/s/8/4/6/3/6/84636-large_default.webp,/producto/alimentos/snack-y-dulces/384426/raquety-queso-x-36g-pepsico,4409,alimentos/snack-y-dulces
646444,PLATANOS CHIPS LIMON,"Bs. 1.745,73",https://pccentro.net.ve/img/s/6/7/9/9/7/67997-large_default.webp,/producto/alimentos/snack-y-dulces/646444/isabelitas-platano-chips-con-limon-x-85g,4409,alimentos/snack-y-dulces
386463,GALLETAS SORBETICOS WAFER CHOCOLATE X105GR FAMILIAR,"Bs. 1.110,15",https://pccentro.net.ve/img/s/8/9/3/2/2/89322-large_default.webp,/producto/alimentos/snack-y-dulces/386463/galleta-sorbeticos-wafer-chocolate-familiar-x-105g,4409,alimentos/snack-y-dulces
646445,YUCA CHIPS CREMA CEBOLLA X 70 GR ISELITAS,"Bs. 1.474,55",https://pccentro.net.ve/img/s/9/3/4/3/7/93437-large_default.webp,/producto/alimentos/snack-y-dulces/646445/isabelitas-yuka-chips-con-crema-de-cebolla-x-70g,4409,alimentos/snack-y-dulces
646473,YUCA CHIPS CON SAL,"Bs. 1.389,80",https://pccentro.net.ve/img/s/4/0/7/3/9/40739-large_default.webp,/producto/alimentos/snack-y-dulces/646473/isabelitas-yuka-chips-con-sal-x-70g,4409,alimentos/snack-y-dulces
652184,GALLETA PIRULIN LATA MAXY SWEET,"Bs. 4.788,04",https://pccentro.net.ve/img/s/7/4/3/8/9/74389-large_default.webp,/producto/alimentos/snack-y-dulces/652184/pirulin-lata-155gr,4409,alimentos/snack-y-dulces
652918,SNACK DE YUCA CHIPS CON LIMÓN,"Bs. 3.440,61",https://pccentro.net.ve/img/s/8/9/1/6/9/89169-large_default.webp,/producto/alimentos/snack-y-dulces/652918/yuca-chips-limon-x-180-gr-iselitas,4409,alimentos/snack-y-dulces
256038,RUFFLES QUESO ONDULADAS,"Bs. 2.762,65",https://pccentro.net.ve/img/s/7/4/4/0/8/74408-large_default.webp,/producto/alimentos/snack-y-dulces/256038/ruffles-queso-125gr-x18,4409,alimentos/snack-y-dulces
249789,GALLETA DE CHOCOLATE,"Bs. 822,02",https://pccentro.net.ve/img/s/7/4/4/3/5/74435-large_default.webp,/producto/alimentos/snack-y-dulces/249789/gall-elite-chocolate-tubo-100gr-maxy-sweet,4409,alimentos/snack-y-dulces
303018,PEPITO ORIGINAL X 80GR PEPSICO,"Bs. 1.135,57",https://pccentro.net.ve/img/s/9/3/5/6/5/93565-large_default.webp,/producto/alimentos/snack-y-dulces/303018/pepito-80-gramos,4409,alimentos/snack-y-dulces
749884,BON O BON BOMBOM CON CREMA+MANI+OBLEA 15GR x1UNIDAD ARCOR,"Bs. 355,92",https://pccentro.net.ve/img/s/9/5/7/6/9/95769-large_default.webp,/producto/alimentos/snack-y-dulces/749884/bombom-bon-o-bon-crema-mani-y-oblea-15gr,4409,alimentos/snack-y-dulces
303427,GALLETAS ELITE DE VAINILLA,"Bs. 923,71",https://pccentro.net.ve/img/s/2/7/4/6/1/27461-large_default.webp,/producto/alimentos/snack-y-dulces/303427/galletas-elite-vainilla-tubular-100-g,4409,alimentos/snack-y-dulces
357690,GALLETAS CHOCOLATE COOKY CHIPS,"Bs. 3.093,16",https://pccentro.net.ve/img/s/7/4/4/3/2/74432-large_default.webp,/producto/alimentos/snack-y-dulces/357690/galletas-cooky-chips-chocolate-200gr-puig,4409,alimentos/snack-y-dulces
397026,GALLETA MARIA SELECTA SIN AZUCAR,"Bs. 2.254,19",https://pccentro.net.ve/img/s/7/4/4/2/8/74428-large_default.webp,/producto/alimentos/snack-y-dulces/397026/galletas-maria-selecta-sin-azucar-250gr-puig,4409,alimentos/snack-y-dulces
646559,CHOCOLATE CRI CRI SAVOY,"Bs. 1.508,44",https://pccentro.net.ve/img/s/6/8/4/8/3/68483-large_default.webp,/producto/alimentos/snack-y-dulces/646559/chocolate-cri-cri-savoy-60gr-nestle,4409,alimentos/snack-y-dulces
652279,GALLETA PIRULIN LATA COCO,"Bs. 4.898,20",https://pccentro.net.ve/img/s/7/4/4/0/0/74400-large_default.webp,/producto/alimentos/snack-y-dulces/652279/pirulin-lata-coco-155gr,4409,alimentos/snack-y-dulces
652322,OVOMALTINA TUBO TRI PACK X 35 GR MAXY SWEET,"Bs. 3.432,13",https://pccentro.net.ve/img/s/6/0/9/8/0/60980-large_default.webp,/producto/alimentos/snack-y-dulces/652322/ovomaltina-tubo-tri-pack-x-35-gr,4409,alimentos/snack-y-dulces
243549,GALLETA SALTINES 10 PAQUETES,"Bs. 1.788,10",https://pccentro.net.ve/img/s/7/4/4/3/8/74438-large_default.webp,/producto/alimentos/snack-y-dulces/243549/galleta-saltines-250-g,4409,alimentos/snack-y-dulces
308716,NATUCHIPS PLATANITOS NATURAL X150GR PEPSICO,"Bs. 3.025,36",https://pccentro.net.ve/img/s/7/4/4/1/4/74414-large_default.webp,/producto/alimentos/snack-y-dulces/308716/natuchips-platan-natural-150-g,4409,alimentos/snack-y-dulces
744986,CAFE NESCAFE VASO X1 UND NESTLE *GRATIS*,"Bs. 0,00",https://pccentro.net.ve/images/sananselmo/0-home_default.webp,/producto/alimentos/snack-y-dulces/744986/bebida-nescafe-nestle-gratis,4409,alimentos/snack-y-dulces
744984,CARAMELOS HALLS SURTIDOS 3GR X1 UND,"Bs. 42,37",https://pccentro.net.ve/images/sananselmo/0-home_default.webp,/producto/alimentos/snack-y-dulces/744984/caramelos-halls-surtidos-3gr-x1-und,4409,alimentos/snack-y-dulces
744981,TORONTO SAVOY DETALLADO 9GR X1 UNIDAD SAVOY NESTLE,"Bs. 474,57",https://pccentro.net.ve/img/s/9/5/5/9/3/95593-large_default.webp,/producto/alimentos/snack-y-dulces/744981/toronto-savoy-detallado-9gr-x1-und-savoy-nestle,4409,alimentos/snack-y-dulces
744983,CARAMELO MENTA HELADA X X1 UND 3.8 GR,"Bs. 33,90",https://pccentro.net.ve/images/sananselmo/0-home_default.webp,/producto/alimentos/snack-y-dulces/744983/caramelo-menta-helada-x-x1-und-3-8-gr,4409,alimentos/snack-y-dulces
744982,CHICLES ADAMS SABOR MENTA 2.8GR X2 UND,"Bs. 144,06",https://pccentro.net.ve/images/sananselmo/0-home_default.webp,/producto/alimentos/snack-y-dulces/744982/chicles-adams-sabor-menta-2-8gr-x2-und,4409,alimentos/snack-y-dulces
305532,CHOCOLATE SAVOY LECHE X 30GR NESTLE,"Bs. 999,98",https://pccentro.net.ve/img/s/7/4/4/5/1/74451-large_default.webp,/producto/alimentos/snack-y-dulces/305532/chocolate-savoy-c-leche-disp-30-g,4409,alimentos/snack-y-dulces
700038,CHOCOLATE BON BON,"Bs. 550,84",https://pccentro.net.ve/img/s/5/3/5/6/8/53568-large_default.webp,/producto/alimentos/snack-y-dulces/700038/bombom-bon-o-bon-cookies-cream-15gr,4409,alimentos/snack-y-dulces
306994,GALLETAS KRAKER BRAND,"Bs. 2.864,35",https://pccentro.net.ve/img/s/1/7/0/4/7/17047-large_default.webp,/producto/alimentos/snack-y-dulces/306994/gall-belvita-disp-kraker-bran-234-g-x-9,4409,alimentos/snack-y-dulces
310140,COCOSETTE GALLETA RELLENA MAXI 50GR X1UNIDAD NESTLE,"Bs. 686,43",https://pccentro.net.ve/img/s/2/3/3/1/9/23319-large_default.webp,/producto/alimentos/snack-y-dulces/310140/gall-cocosette-maxi-disp-50-g,4409,alimentos/snack-y-dulces
304526,CHOCOLATE CRI-CRI,"Bs. 1.008,45",https://pccentro.net.ve/img/s/8/5/3/1/6/85316-large_default.webp,/producto/alimentos/snack-y-dulces/304526/chocolate-cri-cri-27g,4409,alimentos/snack-y-dulces
650034,DE TODITO RESUELTO RACION INDIVIDUAL X 40GR PEPSICO,"Bs. 822,02",https://pccentro.net.ve/img/s/8/4/5/0/8/84508-large_default.webp,/producto/alimentos/snack-y-dulces/650034/de-todito-resuelto-pequeno-40gr-pepsico,4409,alimentos/snack-y-dulces
306929,GALLETAS MARIA SELECTA PAQUETE X250GR PUIG,"Bs. 1.542,34",https://pccentro.net.ve/img/s/8/4/5/0/6/84506-large_default.webp,/producto/alimentos/snack-y-dulces/306929/gall-maria-selecta-250-gr,4409,alimentos/snack-y-dulces
307018,CARAMELOS/ CHOCOLATES SABORES SURTIDOS X 1UNIDAD DE 25GR SPARKIES BUBBALOO,"Bs. 381,35",https://pccentro.net.ve/img/s/3/2/2/3/1/32231-large_default.webp,/producto/alimentos/snack-y-dulces/307018/chicle-sparkies-mix-sillaca,4409,alimentos/snack-y-dulces
744980,BOMBONES ESPECIALIDADES SURTIDOS X1 UND DETALLADO NESTLE,"Bs. 423,72",https://pccentro.net.ve/images/sananselmo/0-home_default.webp,/producto/alimentos/snack-y-dulces/744980/bombones-especialidades-surtidos-x1-und-detallado-nestle,4409,alimentos/snack-y-dulces
306903,GALLETAS LIMON TV TUBULAR 90GR PUIG,"Bs. 771,17",https://pccentro.net.ve/img/s/8/4/5/1/3/84513-large_default.webp,/producto/alimentos/snack-y-dulces/306903/gall-puig-tubular-limon-tv-90-g,4409,alimentos/snack-y-dulces
306926,FLIPS CHOCOLATE CAJA X220GR ALFONZO RIVAS & CIA,"Bs. 2.423,68",https://pccentro.net.ve/img/s/8/4/5/2/5/84525-large_default.webp,/producto/alimentos/snack-y-dulces/306926/flips-chocolate-220-g-maxy-sweet,4409,alimentos/snack-y-dulces
305793,CHOCOLATE KITKAT ORIGINAL BARRA X 42GR NESTLE,"Bs. 1.084,72",https://pccentro.net.ve/img/s/7/4/3/5/9/74359-large_default.webp,/producto/alimentos/snack-y-dulces/305793/chocolate-kit-kat-415g-nestle,4409,alimentos/snack-y-dulces
306617,CHOCOLATE SAVOY LECHE X 70GR NESTLE,"Bs. 2.050,80",https://pccentro.net.ve/img/s/2/2/7/3/4/22734-large_default.webp,/producto/alimentos/snack-y-dulces/306617/chocolate-savoy-c-leche-disp-70-g,4409,alimentos/snack-y-dulces
309883,CHOCOLATE RIKITI CHOCO MANI X130GR NESTLE SAVOY,"Bs. 3.677,89",https://pccentro.net.ve/img/s/8/4/5/6/0/84560-large_default.webp,/producto/alimentos/snack-y-dulces/309883/chocolate-rikiti-130g,4409,alimentos/snack-y-dulces
317219,CHISKESITOS ORIGINAL X 145GR MUNCHY,"Bs. 1.296,58",https://pccentro.net.ve/img/s/7/4/3/8/1/74381-large_default.webp,/producto/alimentos/snack-y-dulces/317219/chis-kesitos-queso-munchy-145g,4409,alimentos/snack-y-dulces
306254,TORONTO SAVOY BOLSA X125GR SAVOY NESTLE,"Bs. 6.398,17",https://pccentro.net.ve/img/s/7/4/4/4/8/74448-large_default.webp,/producto/alimentos/snack-y-dulces/306254/toronto-savoy-bolsa-125-g-1,4409,alimentos/snack-y-dulces
306618,CHOCOLATE SAVOY LECHE X 130GR NESTLE,"Bs. 3.338,91",https://pccentro.net.ve/img/s/7/4/4/5/8/74458-large_default.webp,/producto/alimentos/snack-y-dulces/306618/chocolate-savoy-c-leche-disp-130-gr,4409,alimentos/snack-y-dulces
310008,CHOCOLATE SAVOY POSTRE OSCURO 55% X200GR NESTLE,"Bs. 5.474,46",https://pccentro.net.ve/img/s/7/4/4/8/4/74484-large_default.webp,/producto/alimentos/snack-y-dulces/310008/chocolate-savoy-post-disp-osc-55porc-200g,4409,alimentos/snack-y-dulces
645846,CARAMOS BIN BIN 100G,"Bs. 1.576,24",https://pccentro.net.ve/img/s/8/6/8/4/5/86845-large_default.webp,/producto/alimentos/snack-y-dulces/645846/caramos-bin-bin-100g,4409,alimentos/snack-y-dulces
654668,CHOCOLATE SAVOY LECHE X 15GR NESTLE,"Bs. 550,84",https://pccentro.net.ve/img/s/9/0/5/0/1/90501-large_default.webp,/producto/alimentos/snack-y-dulces/654668/chocolate-savoy-leche-x-15gr-nestle,4409,alimentos/snack-y-dulces
662064,GOMITAS OSITOS SCOUT BEARS X71GR GUANDY,"Bs. 754,22",https://pccentro.net.ve/img/s/5/2/8/3/8/52838-large_default.webp,/producto/alimentos/snack-y-dulces/662064/gomitas-guandy-ositos-scout-bears-71g,4409,alimentos/snack-y-dulces
306059,CHOCOLATE OSCURO SAVOY 40% CACAO PARA POSTRESX 200GR NESTLE,"Bs. 4.804,98",https://pccentro.net.ve/img/s/7/4/4/8/1/74481-large_default.webp,/producto/alimentos/snack-y-dulces/306059/chocolate-savoy-post-disp-osc-40porc-200g,4409,alimentos/snack-y-dulces
306338,KESITOS ORIGINAL X85GR MUNCHY,"Bs. 957,61",https://pccentro.net.ve/img/s/7/4/3/7/5/74375-large_default.webp,/producto/alimentos/snack-y-dulces/306338/kesitos-munchy-85g,4409,alimentos/snack-y-dulces
306223,PEPITO XXL ORIGINAL X180GR PEPSICO,"Bs. 2.330,46",https://pccentro.net.ve/img/s/8/4/5/0/9/84509-large_default.webp,/producto/alimentos/snack-y-dulces/306223/pepito-180-g-pepsico,4409,alimentos/snack-y-dulces
306902,GALLETAS NIC-NAC X200GR PUIG,"Bs. 1.593,19",https://pccentro.net.ve/img/s/7/4/4/3/7/74437-large_default.webp,/producto/alimentos/snack-y-dulces/306902/gall-nic-nac-200-g,4409,alimentos/snack-y-dulces
662062,GOMITAS CULEBRITAS SOUR SNAKES X71GR GUANDY,"Bs. 754,22",https://pccentro.net.ve/img/s/8/4/5/4/8/84548-large_default.webp,/producto/alimentos/snack-y-dulces/662062/gomitas-guandy-culebritas-sour-snakes-x-71-gr,4409,alimentos/snack-y-dulces
714050,GALLETAS CHIPS AHOY 168GR,"Bs. 2.296,56",https://pccentro.net.ve/img/s/9/3/5/6/4/93564-large_default.webp,/producto/alimentos/snack-y-dulces/714050/galletas-chips-ahoy-168gr,4409,alimentos/snack-y-dulces
645847,CHICHARRON SON CRIOLLO,"Bs. 2.644,01",https://pccentro.net.ve/img/s/6/7/6/6/8/67668-large_default.webp,/producto/alimentos/snack-y-dulces/645847/chicharron-son-criollo-90gr-munchy,4409,alimentos/snack-y-dulces
306744,CEREAL CRONCH FLAKES HOJUELAS DE MAIZ X300GR MAIZORITOS,"Bs. 2.330,46",https://pccentro.net.ve/img/s/7/3/0/8/5/73085-large_default.webp,/producto/alimentos/snack-y-dulces/306744/cronch-flakes-300-g,4409,alimentos/snack-y-dulces
305731,GALLETAS CHIQUILIN X200GR PUIG,"Bs. 1.822,00",https://pccentro.net.ve/img/s/8/4/5/5/5/84555-large_default.webp,/producto/alimentos/snack-y-dulces/305731/gall-chiquilin-cinnamon-canela-200-g,4409,alimentos/snack-y-dulces
671028,"CHOCOLATE MILKY WAY 52,2GR","Bs. 1.771,15",https://pccentro.net.ve/img/s/8/7/7/8/0/87780-large_default.webp,/producto/alimentos/snack-y-dulces/671028/chocolate-milky-way-522gr,4409,alimentos/snack-y-dulces
698246,MANI SALADO,"Bs. 2.211,82",https://pccentro.net.ve/img/s/3/8/2/6/3/38263-large_default.webp,/producto/alimentos/snack-y-dulces/698246/mani-salado-bokas-170-gr-munchy,4409,alimentos/snack-y-dulces
645980,HELADO MAGNUM CAPPUCCINO X90ML TIO RICO,"Bs. 3.118,58",https://pccentro.net.ve/img/s/8/4/4/3/5/84435-large_default.webp,/producto/alimentos/snack-y-dulces/645980/helado-magnum-cappuccino-90ml-x1-tio-rico,4409,alimentos/snack-y-dulces
645458,CHESITOS QUESO SNACK X 70GR MUNCHY,"Bs. 601,68",https://pccentro.net.ve/img/s/7/2/8/6/2/72862-large_default.webp,/producto/alimentos/snack-y-dulces/645458/chesitos-queso-x-70gr,4409,alimentos/snack-y-dulces
701653,GALLETA DE SODA EL SOL,"Bs. 1.389,80",https://pccentro.net.ve/img/s/2/7/4/8/6/27486-large_default.webp,/producto/alimentos/snack-y-dulces/701653/galletas-soda-el-sol-240gr-puig,4409,alimentos/snack-y-dulces
732791,GULI GOMITAS ACIDITAS 90G,"Bs. 1.296,58",https://pccentro.net.ve/img/s/8/9/5/1/8/89518-large_default.webp,/producto/alimentos/snack-y-dulces/732791/guli-gomitas-aciditas-90g,4409,alimentos/snack-y-dulces
733048,GOMITAS TROLLI PEACH RINGS 100GR,"Bs. 2.305,04",https://pccentro.net.ve/img/s/9/1/7/1/8/91718-large_default.webp,/producto/alimentos/snack-y-dulces/733048/gomitas-trolli-peach-rings-100gr,4409,alimentos/snack-y-dulces
733976,PAPA PUNCH ON CEBOLLA Y PEREJIL,"Bs. 2.932,14",https://pccentro.net.ve/img/s/5/8/0/3/8/58038-large_default.webp,/producto/alimentos/snack-y-dulces/733976/papas-punch-cebolla-y-perejil-150gr-munchy,4409,alimentos/snack-y-dulces
736767,CHOCOLATE CHOCO TRIO MANI X 90 GR NESTLE,"Bs. 2.186,40",https://pccentro.net.ve/img/s/9/3/8/5/4/93854-large_default.webp,/producto/alimentos/snack-y-dulces/736767/chocolate-choco-trio-mani-x-90-gr-nestle,4409,alimentos/snack-y-dulces
304549,GALLETA BELVITA HONY BRAN 9 UND,"Bs. 2.364,36",https://pccentro.net.ve/img/s/7/1/9/6/3/71963-large_default.webp,/producto/alimentos/snack-y-dulces/304549/gall-belvita-hony-bran-252g,4409,alimentos/snack-y-dulces
321657,CHOCOLATE SAVOY OSCURO 75AÑOS X 100GR NESTLE,"Bs. 2.728,76",https://pccentro.net.ve/img/s/7/4/4/8/5/74485-large_default.webp,/producto/alimentos/snack-y-dulces/321657/chocolate-savoy-disp-oscu-75-aniv,4409,alimentos/snack-y-dulces
662068,SNACHOS QUESO NACHO 145GR MUNCHY,"Bs. 2.042,33",https://pccentro.net.ve/img/s/8/2/7/4/4/82744-large_default.webp,/producto/alimentos/snack-y-dulces/662068/snachos-queso-nacho-x-145-gr-munchy,4409,alimentos/snack-y-dulces
670067,BARRA DE CHOCOLATE,"Bs. 2.050,80",https://pccentro.net.ve/img/s/4/0/5/7/9/40579-large_default.webp,/producto/alimentos/snack-y-dulces/670067/chocolate-snickers-original-52-7gr,4409,alimentos/snack-y-dulces
670399,SALSERITO CHICHARRONES  PICANTICOS CON LIMON,"Bs. 2.008,43",https://pccentro.net.ve/img/s/8/4/4/8/9/84489-large_default.webp,/producto/alimentos/snack-y-dulces/670399/salseritos-chicharron-picante-con-limon-60gr-iselitas,4409,alimentos/snack-y-dulces
310248,FLAQUITO AVELLANAS NEVADO 60GR X2 UNIDADES ST. MORITZ,"Bs. 1.152,52",https://pccentro.net.ve/img/s/8/4/5/5/1/84551-large_default.webp,/producto/alimentos/snack-y-dulces/310248/flaquito-nevado-30g-2-unidades,4409,alimentos/snack-y-dulces
699503,BOMBONES DE CHOCOLATE,"Bs. 3.347,39",https://pccentro.net.ve/img/s/3/4/4/2/8/34428-large_default.webp,/producto/alimentos/snack-y-dulces/699503/bombones-chocolate-sabores-surtidos-120gr-st-moritz,4409,alimentos/snack-y-dulces
699725,CARAMELOS COOL FRESH CON MIEL MASTICABLES PHARMACORP (E),"Bs. 661,00",https://pccentro.net.ve/img/s/5/8/1/0/2/58102-large_default.webp,/producto/alimentos/snack-y-dulces/699725/caramelos-cool-fresh-c-miel-x-4-unds-mast-pharmacorp,4409,alimentos/snack-y-dulces
700040,PIRULIN MAX CHOCOLATE 68GR X2 UNIDADES SINDONI,"Bs. 1.991,48",https://pccentro.net.ve/img/s/8/6/8/6/1/86861-large_default.webp,/producto/alimentos/snack-y-dulces/700040/pirulin-max-chocolate-68gr-x2-und-sindoni,4409,alimentos/snack-y-dulces
656227,MIX OCUMO-BATATA-REMOLACHA CON SAL X 180GR ISELITAS,"Bs. 4.186,35",https://pccentro.net.ve/img/s/7/6/5/1/9/76519-large_default.webp,/producto/alimentos/snack-y-dulces/656227/iselitas-mix-ocumo-batata-y-remolacha-con-sal-x-180gr,4409,alimentos/snack-y-dulces
733047,GOMITAS TROLLI APPLE RINGS 100GR,"Bs. 1.754,20",https://pccentro.net.ve/img/s/3/8/2/9/7/38297-large_default.webp,/producto/alimentos/snack-y-dulces/733047/gomitas-trolli-apple-rings-100gr,4409,alimentos/snack-y-dulces
305909,GALLETAS MARIA MINI X200GR PUIG,"Bs. 1.355,90",https://pccentro.net.ve/img/s/7/4/4/4/3/74443-large_default.webp,/producto/alimentos/snack-y-dulces/305909/gall-maria-mini-200-g-maxy-sweet,4409,alimentos/snack-y-dulces
304826,FLAQUITO ORIGINAL AVELLANAS X60GR X2 UNIDADES ST. MORITZ,"Bs. 1.110,15",https://pccentro.net.ve/img/s/8/4/5/5/8/84558-large_default.webp,/producto/alimentos/snack-y-dulces/304826/flaquito-duo-30g,4409,alimentos/snack-y-dulces
671635,GOMITAS LIFE SAVERS 5 FLAVOR 91.3GR,"Bs. 3.686,36",https://pccentro.net.ve/img/s/8/3/5/3/9/83539-large_default.webp,/producto/alimentos/snack-y-dulces/671635/gomitas-life-savers-5-flavor-91-3gr,4409,alimentos/snack-y-dulces
645461,GALLETAS SORBETICOS WAFER VAINILLA X105GR FAMILIAR NABISCO,"Bs. 1.016,93",https://pccentro.net.ve/img/s/6/1/2/4/2/61242-large_default.webp,/producto/alimentos/snack-y-dulces/645461/gall-sorbeticos-wafer-vainilla-x-105-gr,4409,alimentos/snack-y-dulces
662063,GOMITAS CORAZONES SWEET HEARTS X71GR GUANDY,"Bs. 754,22",https://pccentro.net.ve/img/s/8/4/6/2/9/84629-large_default.webp,/producto/alimentos/snack-y-dulces/662063/gomitas-guandy-corazones-sweet-hearts-x-71-gr,4409,alimentos/snack-y-dulces
742267,TE CON LIMON,"Bs. 3.160,95",https://pccentro.net.ve/img/s/6/7/2/3/5/67235-large_default.webp,/producto/alimentos/snack-y-dulces/742267/te-limon-1-5-lt-parmalat,4409,alimentos/snack-y-dulces
754790,NATUCHIPS YUCA SAL MARINA 170GR,"Bs. 2.889,77",https://pccentro.net.ve/images/sananselmo/0-home_default.webp,/producto/alimentos/snack-y-dulces/754790/natuchips-yuca-sal-marina-170gr,4409,alimentos/snack-y-dulces
306646,Palitos de maíz con queso,"Bs. 2.067,75",https://pccentro.net.ve/img/s/7/4/3/7/1/74371-large_default.webp,/producto/alimentos/snack-y-dulces/306646/kesitos-munchy-xxl-180g,4409,alimentos/snack-y-dulces
306923,TOSTITOS TORTILLAS REDONDAS SABOR ORIGINAL X400GR PEPSICO,"Bs. 2.644,01",https://pccentro.net.ve/img/s/1/7/3/9/2/17392-large_default.webp,/producto/alimentos/snack-y-dulces/306923/tostitos-grande-400-g-pepsico,4409,alimentos/snack-y-dulces
310053,CHEESE TRIS XXL X450GR PEPSICO,"Bs. 4.296,52",https://pccentro.net.ve/img/s/8/4/5/4/9/84549-large_default.webp,/producto/alimentos/snack-y-dulces/310053/cheese-tris-450-g-pepsico,4409,alimentos/snack-y-dulces
310249,FLAQUITO RELLENO DE AVELLANA NEVADO 30GR,"Bs. 2.491,47",https://pccentro.net.ve/img/s/3/0/0/4/7/30047-large_default.webp,/producto/alimentos/snack-y-dulces/310249/flaquito-nevado-estuche-x4-maxy-sweet,4409,alimentos/snack-y-dulces
646164,WAFER RELLENA DE FRESA SORBETICO,"Bs. 1.245,74",https://pccentro.net.ve/img/s/6/7/5/8/6/67586-large_default.webp,/producto/alimentos/snack-y-dulces/646164/galletas-sorbeticos-wafer-fresa-lonchera-100gr,4409,alimentos/snack-y-dulces
653277,APOSITO COVAWOUND CON ALMOHADILLA SIN ADHESIVO 5CM X 5CM MMQ,"Bs. 11.059,09",https://pccentro.net.ve/img/s/9/2/2/6/5/92265-large_default.webp,/producto/alimentos/snack-y-dulces/653277/aposito-covawound-con-almohadilla-sin-adhesivo-5cm-x-5cm-mmq,4409,alimentos/snack-y-dulces
653756,MARIA MINI LONCHERA PAQUETE,"Bs. 1.474,55",https://pccentro.net.ve/img/s/7/9/0/5/0/79050-large_default.webp,/producto/alimentos/snack-y-dulces/653756/maria-mini-lonchera-6-und-paquete,4409,alimentos/snack-y-dulces
306649,GALLETAS Q-KISS BOLSA X200GR PUIG,"Bs. 2.525,37",https://pccentro.net.ve/img/s/2/9/8/1/4/29814-large_default.webp,/producto/alimentos/snack-y-dulces/306649/gall-q-kiss-200-g,4409,alimentos/snack-y-dulces
321650,CHEETOS MEGA PUFFS X110GR PEPSICO FRITO LAY,"Bs. 1.686,41",https://pccentro.net.ve/img/s/8/4/5/9/6/84596-large_default.webp,/producto/alimentos/snack-y-dulces/321650/cheetos-mega-puff-110-g-pepsico,4409,alimentos/snack-y-dulces
335819,CHEETOS HORNEADOS MEGA PUFFS X28GR PEPSICO,"Bs. 728,80",https://pccentro.net.ve/img/s/8/4/5/1/1/84511-large_default.webp,/producto/alimentos/snack-y-dulces/335819/cheetos-mega-puff-disp-28-g,4409,alimentos/snack-y-dulces
700039,CROSTATINA DE CHOCOLATE ONCE ONCE,"Bs. 1.449,12",https://pccentro.net.ve/img/s/5/8/5/9/9/58599-large_default.webp,/producto/alimentos/snack-y-dulces/700039/crostatina-chocolate-once-once-50gr,4409,alimentos/snack-y-dulces
701510,SNACK MIX YUCA/PLÁTANO/MADURITO,"Bs. 4.254,15",https://pccentro.net.ve/img/s/8/0/2/5/8/80258-large_default.webp,/producto/alimentos/snack-y-dulces/701510/yuca-platano-madurito-chips-c-sal-x-220-gr-iselitas,4409,alimentos/snack-y-dulces
701511,SALSERITO CHICHARRONES PICANTICOS CON LIMÓN,"Bs. 694,90",https://pccentro.net.ve/img/s/7/8/5/8/6/78586-large_default.webp,/producto/alimentos/snack-y-dulces/701511/salseritos-chicharron-picante-con-limon-20gr-iselitas,4409,alimentos/snack-y-dulces
701760,CHOCOLATE DE LECHE JET 25GR,"Bs. 957,61",https://pccentro.net.ve/img/s/8/9/1/1/4/89114-large_default.webp,/producto/alimentos/snack-y-dulces/701760/chocolate-de-leche-jet-25gr,4409,alimentos/snack-y-dulces
705225,TORONTO FRESA BOLSA 125GR SAVOY NESTLE,"Bs. 6.762,57",https://pccentro.net.ve/img/s/9/0/2/8/5/90285-large_default.webp,/producto/alimentos/snack-y-dulces/705225/toronto-fresa-bolsa-125gr-savoy-nestle,4409,alimentos/snack-y-dulces
704426,TORONTO DE CHOCOLATE CON AVELLANA,"Bs. 499,99",https://pccentro.net.ve/img/s/4/2/5/2/0/42520-large_default.webp,/producto/alimentos/snack-y-dulces/704426/toronto-savoy-caja-324gr-savoy-nestle,4409,alimentos/snack-y-dulces
748836,CARAMELOS HALLS MENTOL/EUCALYTO X1 UND,"Bs. 59,32",https://pccentro.net.ve/images/sananselmo/0-home_default.webp,/producto/alimentos/snack-y-dulces/748836/caramelos-halls-mentol-eucalyto-x1-und,4409,alimentos/snack-y-dulces
301833,HELADO BATI BATI VASITO X115ML TIO RICO,"Bs. 1.169,47",https://pccentro.net.ve/img/s/2/9/9/9/9/29999-large_default.webp,/producto/alimentos/snack-y-dulces/301833/helados-bati-bati-vasito-uva-x-83gr-tio-rico,4409,alimentos/snack-y-dulces
286927,HELADO JAZZ CORNETTO,"Bs. 1.788,10",https://pccentro.net.ve/img/s/7/3/5/4/1/73541-large_default.webp,/producto/alimentos/snack-y-dulces/286927/helados-cornetos-vasito-jazz-x99-gr-tio-rico,4409,alimentos/snack-y-dulces
286928,HELADO MERENGADA VASITO 150ML TIO RICO,"Bs. 1.296,58",https://pccentro.net.ve/img/s/3/0/9/2/7/30927-large_default.webp,/producto/alimentos/snack-y-dulces/286928/helados-merengada-mantecado-vasito-x-150gr-tio-rico,4409,alimentos/snack-y-dulces
301874,HELADO SANDWICH VAINILLA,"Bs. 2.542,32",https://pccentro.net.ve/img/s/2/5/2/6/8/25268-large_default.webp,/producto/alimentos/snack-y-dulces/301874/helados-super-sandwich-mante-gall-choco-x-1-unidad-tio-rico,4409,alimentos/snack-y-dulces
308826,CHOCOLATE RIKITI,"Bs. 1.008,45",https://pccentro.net.ve/img/s/1/6/9/5/1/16951-large_default.webp,/producto/alimentos/snack-y-dulces/308826/rikiti-choco-mani-30gr-2,4409,alimentos/snack-y-dulces
754490,CEREAL FLIPS DE CHOCOFUDGE,"Bs. 1.144,04",https://pccentro.net.ve/img/s/2/2/7/7/6/22776-large_default.webp,/producto/alimentos/snack-y-dulces/754490/flips-chocofudge-chocolate-x1-detallado-50gr,4409,alimentos/snack-y-dulces
674796,PIRULIN CHOCOLATE,"Bs. 2.067,75",https://pccentro.net.ve/img/s/8/8/3/4/0/88340-large_default.webp,/producto/alimentos/snack-y-dulces/674796/pirulin-chocolate-avellanas-60gr,4409,alimentos/snack-y-dulces
739869,GALLETA OREO CHOCOLATE UNIDAD,"Bs. 355,92",https://pccentro.net.ve/img/s/5/8/7/1/2/58712-large_default.webp,/producto/alimentos/snack-y-dulces/739869/galletas-oreo-chocolate-36gr-x1-und-detallada,4409,alimentos/snack-y-dulces
674793,YUCA CHIPS CON LIMON,"Bs. 1.362,09",https://pccentro.net.ve/img/s/6/7/9/9/8/67998-large_default.webp,/producto/alimentos/snack-y-dulces/674793/yuca-chips-limon-x-70-gr-iselitas,4409,alimentos/snack-y-dulces
265169,BARRA DE CHOCOLATE CRI-CRI,"Bs. 3.355,86",https://pccentro.net.ve/img/s/6/2/6/4/2/62642-large_default.webp,/producto/alimentos/snack-y-dulces/265169/cri-cri-choc-123gr-x-1-unid-1,4409,alimentos/snack-y-dulces
376110,COMPOTA DE MANZANA,"Bs. 525,41",https://pccentro.net.ve/img/s/7/3/8/5/6/73856-large_default.webp,/producto/alimentos/snack-y-dulces/376110/compotas-osole-baby-manzana-gluten-x100gr,4409,alimentos/snack-y-dulces
674964,GALLETAS MARIA DE CHOCOLATE,"Bs. 728,80",https://pccentro.net.ve/img/s/2/2/0/9/5/22095-large_default.webp,/producto/alimentos/snack-y-dulces/674964/galletas-maria-delicias-chocolate-34gr,4409,alimentos/snack-y-dulces
240469,CHOCOLATE GALAK BLANCO X 130GR NESTLE,"Bs. 3.355,86",https://pccentro.net.ve/img/s/8/4/5/3/6/84536-large_default.webp,/producto/alimentos/snack-y-dulces/240469/chocolate-galak-blanco-disp-130-gr,4409,alimentos/snack-y-dulces
240838,CEREAL FLIPS DULCE DE LECHE,"Bs. 2.628,67",https://pccentro.net.ve/img/s/7/3/1/0/9/73109-large_default.webp,/producto/alimentos/snack-y-dulces/240838/flips-dulce-de-leche-caja-x-220-gr-1,4409,alimentos/snack-y-dulces
308846,CEREAL CHOCO SAFARI,"Bs. 2.686,38",https://pccentro.net.ve/img/s/7/3/1/6/0/73160-large_default.webp,/producto/alimentos/snack-y-dulces/308846/maizoritos-choco-safari-x-240gr-2,4409,alimentos/snack-y-dulces
240836,CEREAL FLIPS DULCE DE LECHE,"Bs. 1.593,19",https://pccentro.net.ve/img/s/7/3/1/5/8/73158-large_default.webp,/producto/alimentos/snack-y-dulces/240836/flips-dulce-de-leche-x-120gr-1,4409,alimentos/snack-y-dulces
240899,CHOCOLATE BLANCO GALAK,"Bs. 999,98",https://pccentro.net.ve/img/s/4/6/3/6/8/46368-large_default.webp,/producto/alimentos/snack-y-dulces/240899/galak-chocolate-blanco-30gr-1,4409,alimentos/snack-y-dulces
674040,OCUMO CHIPS CON SAL X 180 GR ISELITAS,"Bs. 3.338,91",https://pccentro.net.ve/img/s/8/1/8/2/8/81828-large_default.webp,/producto/alimentos/snack-y-dulces/674040/ocumo-chips-c-sal-x-180-gr-iselitas,4409,alimentos/snack-y-dulces
674869,PIRULIN ESTUCHE DE LUJO,"Bs. 3.593,15",https://pccentro.net.ve/img/s/7/4/3/9/1/74391-large_default.webp,/producto/alimentos/snack-y-dulces/674869/pirulin-bandeja-120gr,4409,alimentos/snack-y-dulces
301391,HELADO DE CHOCOLATE,"Bs. 6.771,05",https://pccentro.net.ve/img/s/7/3/5/4/7/73547-large_default.webp,/producto/alimentos/snack-y-dulces/301391/helados-chocolate-pote-x-850gr-tio-rico,4409,alimentos/snack-y-dulces
301392,HELADO DE MANTECADO DE POTE,"Bs. 6.771,05",https://pccentro.net.ve/img/s/7/5/8/7/4/75874-large_default.webp,/producto/alimentos/snack-y-dulces/301392/helados-mantecadon-pote-x-850gr-tio-rico,4409,alimentos/snack-y-dulces
324235,Helado trisabor,"Bs. 4.618,55",https://pccentro.net.ve/img/s/2/1/3/7/6/21376-large_default.webp,/producto/alimentos/snack-y-dulces/324235/helado-trisabor-850ml-tio-rico-1,4409,alimentos/snack-y-dulces
308839,GALLETA MARIA DE CHOCOLATE,"Bs. 4.813,46",https://pccentro.net.ve/img/s/7/4/4/3/0/74430-large_default.webp,/producto/alimentos/snack-y-dulces/308839/gall-maria-delicias-chocolate-x-136gr-2,4409,alimentos/snack-y-dulces
244806,GALLETA KATY VAINILLA,"Bs. 2.076,23",https://pccentro.net.ve/img/s/7/4/4/3/3/74433-large_default.webp,/producto/alimentos/snack-y-dulces/244806/gall-katy-vainilla-pqte-x4-128gr,4409,alimentos/snack-y-dulces
240896,GALLETAS DE VAINILLA,"Bs. 1.932,16",https://pccentro.net.ve/img/s/6/7/5/6/7/67567-large_default.webp,/producto/alimentos/snack-y-dulces/240896/gall-marilu-vainilla-x-216gr-1,4409,alimentos/snack-y-dulces
674035,YUCA CHIPS CON CREMA DE CEBOLLA,"Bs. 3.466,03",https://pccentro.net.ve/img/s/5/3/7/5/2/53752-large_default.webp,/producto/alimentos/snack-y-dulces/674035/yuca-chips-crema-cebolla-x-180-gr-iselitas,4409,alimentos/snack-y-dulces
674936,GALLETA MARIA DELICIAS & CHOCOLATE,"Bs. 12.533,64",https://pccentro.net.ve/img/s/7/4/4/2/9/74429-large_default.webp,/producto/alimentos/snack-y-dulces/674936/galletas-maria-delicias-chocolate-x18-paq-puig,4409,alimentos/snack-y-dulces
308902,GALLETA DE SODA INTEGRAL,"Bs. 1.822,00",https://pccentro.net.ve/img/s/7/4/4/4/0/74440-large_default.webp,/producto/alimentos/snack-y-dulces/308902/gall-puig-soda-integral-x290-gr,4409,alimentos/snack-y-dulces
340833,GALLETAS MARILU CHOCOLATE VAINILLA,"Bs. 2.110,13",https://pccentro.net.ve/img/s/2/7/1/9/6/27196-large_default.webp,/producto/alimentos/snack-y-dulces/340833/gall-marilu-choco-vainilla-x-216gr-2,4409,alimentos/snack-y-dulces
399971,GALLETAS DE FRESA MARILU,"Bs. 1.754,20",https://pccentro.net.ve/img/s/2/7/2/6/6/27266-large_default.webp,/producto/alimentos/snack-y-dulces/399971/gall-marilu-fresa-x-216gr,4409,alimentos/snack-y-dulces
301390,HELADO NUCITA VASITO,"Bs. 1.406,75",https://pccentro.net.ve/img/s/7/3/5/4/4/73544-large_default.webp,/producto/alimentos/snack-y-dulces/301390/helados-nucita-vasito-x-78gr-tio-rico,4409,alimentos/snack-y-dulces
301398,HELADO DE POTE SABOR A OREO,"Bs. 6.957,48",https://pccentro.net.ve/img/s/2/8/8/8/0/28880-large_default.webp,/producto/alimentos/snack-y-dulces/301398/helados-oreo-pote-x-700gr-tio-rico,4409,alimentos/snack-y-dulces
301395,HELADO DE RON CON PASAS,"Bs. 6.830,37",https://pccentro.net.ve/img/s/7/3/5/5/1/73551-large_default.webp,/producto/alimentos/snack-y-dulces/301395/helados-ron-con-pasas-pote-x-850gr-tio-rico,4409,alimentos/snack-y-dulces
301401,HELADO TRISABOR CAPRICHO,"Bs. 12.431,94",https://pccentro.net.ve/img/s/7/3/5/5/4/73554-large_default.webp,/producto/alimentos/snack-y-dulces/301401/helados-trisabor-capricho-x-100ml-tasa-tio-rico,4409,alimentos/snack-y-dulces
243997,CEREAL FRUTY AROS,"Bs. 2.830,45",https://pccentro.net.ve/img/s/7/3/1/0/7/73107-large_default.webp,/producto/alimentos/snack-y-dulces/243997/fruty-aros-cereal-x-240gr,4409,alimentos/snack-y-dulces
246369,CEREAL POP CRONCH DE CHOCOLATE,"Bs. 2.440,63",https://pccentro.net.ve/img/s/8/9/1/6/0/89160-large_default.webp,/producto/alimentos/snack-y-dulces/246369/maizoritos-pop-cronch-chocolate-x-240gr,4409,alimentos/snack-y-dulces
241254,Galletas Mini Chips Vainilla,"Bs. 1.703,35",https://pccentro.net.ve/img/s/7/4/4/4/5/74445-large_default.webp,/producto/alimentos/snack-y-dulces/241254/mini-chips-vainilla-180-gr,4409,alimentos/snack-y-dulces
303252,GALLETAS REX BOLSA,"Bs. 1.449,12",https://pccentro.net.ve/img/s/2/9/2/5/7/29257-large_default.webp,/producto/alimentos/snack-y-dulces/303252/gall-puig-rex-x-200-gr,4409,alimentos/snack-y-dulces
240939,SORBETICOS VAINILLA,"Bs. 338,98",https://pccentro.net.ve/img/s/2/8/6/5/5/28655-large_default.webp,/producto/alimentos/snack-y-dulces/240939/gall-sorbeticos-wafer-vainilla-x-25-gr-1,4409,alimentos/snack-y-dulces
674037,PLATANOS CHIPS ISELITAS NATURAL,"Bs. 2.093,18",https://pccentro.net.ve/img/s/5/3/7/5/1/53751-large_default.webp,/producto/alimentos/snack-y-dulces/674037/platano-chips-c-sal-x-140-gr-iselitas,4409,alimentos/snack-y-dulces
698039,LOCION DERMOX HYDRA PLUS REAFIRMANTE COLAGENO 24H,"Bs. 3.474,50",https://pccentro.net.ve/img/s/7/8/0/5/2/78052-large_default.webp,/producto/alimentos/snack-y-dulces/698039/crema-corporal-dermox-reafirmante-con-colageno-200ml-fisa,4409,alimentos/snack-y-dulces
693686,PURE MANZANA/CAMBUR/ARÁNDANO YOGURT X92 ML NESTLE GERBER,"Bs. 2.169,45",https://pccentro.net.ve/img/s/6/8/2/7/9/68279-large_default.webp,/producto/alimentos/snack-y-dulces/693686/yogurt-gerber-berry-manzana-banana-92-ml-nestle,4409,alimentos/snack-y-dulces
698203,MINI BROWNIES GALLETAS,"Bs. 1.652,51",https://pccentro.net.ve/img/s/5/2/2/1/9/52219-large_default.webp,/producto/alimentos/snack-y-dulces/698203/galletas-mini-brownie-175gr-puig,4409,alimentos/snack-y-dulces
699836,SALSERITOS TOSTONES SALADOS,"Bs. 364,40",https://pccentro.net.ve/img/s/5/9/1/3/9/59139-large_default.webp,/producto/alimentos/snack-y-dulces/699836/salseritos-tostones-salados-28gr-iselitas,4409,alimentos/snack-y-dulces
701728,GALLETAS FAMILY CLUB 10UND,"Bs. 2.067,75",https://pccentro.net.ve/img/s/2/9/2/5/0/29250-large_default.webp,/producto/alimentos/snack-y-dulces/701728/galletas-family-club-puig-300gr-paquete,4409,alimentos/snack-y-dulces
714088,PAPAS LAYS CON SAL 80GR,"Bs. 2.144,02",https://pccentro.net.ve/img/s/9/2/3/7/0/92370-large_default.webp,/producto/alimentos/snack-y-dulces/714088/papas-lays-con-sal-80gr,4409,alimentos/snack-y-dulces
715390,GALLETAS MAH CLAS PURE LOVE 100GR,"Bs. 3.186,37",https://pccentro.net.ve/img/s/8/6/1/1/0/86110-large_default.webp,/producto/alimentos/snack-y-dulces/715390/galletas-mah-clas-pure-love-100gr,4409,alimentos/snack-y-dulces
599342,MENTOS TUTTI FRUTTI,"Bs. 483,04",https://pccentro.net.ve/img/s/6/1/1/4/5/61145-large_default.webp,/producto/alimentos/snack-y-dulces/599342/caram-mentos-tutti-frutti-29-5gr-x1,4409,alimentos/snack-y-dulces
728080,CHICLES TRIDENT YERBABUENA 1.5GR X1 UNIDAD TRIDENT,"Bs. 84,74",https://pccentro.net.ve/img/s/8/4/4/0/9/84409-large_default.webp,/producto/alimentos/snack-y-dulces/728080/chicles-trident-yerbabuena-1-5gr-x1-und,4409,alimentos/snack-y-dulces
476467,SAMBA FRESA X 32 GR NESTLE,"Bs. 737,27",https://pccentro.net.ve/img/s/8/4/4/1/1/84411-large_default.webp,/producto/alimentos/snack-y-dulces/476467/samba-fresa-x-32-gr-nestle,4409,alimentos/snack-y-dulces
746884,CARAMELOS HALLS MENTOL/EUCALYTO X1 UND,"Bs. 25,42",https://pccentro.net.ve/images/sananselmo/0-home_default.webp,/producto/alimentos/snack-y-dulces/746884/caramelos-halls-mentol-eucalyto-x1-und-1,4409,alimentos/snack-y-dulces
599159,CHOCOLATE SAVOY ANIVERSARIO 75AÑOS X 100GR NESTLE,"Bs. 3.050,78",https://pccentro.net.ve/img/s/8/4/5/0/7/84507-large_default.webp,/producto/alimentos/snack-y-dulces/599159/chocolate-savoy-aniversario-75anos-x-100,4409,alimentos/snack-y-dulces
714505,GALLETA MINI SAMBA DE FRESA,"Bs. 440,67",https://pccentro.net.ve/img/s/7/4/4/7/6/74476-large_default.webp,/producto/alimentos/snack-y-dulces/714505/samba-fresa-mini-x-16gr-nestle-1,4409,alimentos/snack-y-dulces
715524,BARRA DE GRANOLA FRUTAS Y NUECES,"Bs. 1.525,39",https://pccentro.net.ve/img/s/3/1/2/2/0/31220-large_default.webp,/producto/alimentos/snack-y-dulces/715524/barra-nature-valley-fruit-nut-trail-mix-34gr,4409,alimentos/snack-y-dulces
629059,FLAQUITO ORIGINAL AVELLANAS 30GR  ST. MORITZ,"Bs. 576,26",https://pccentro.net.ve/img/s/8/4/4/0/8/84408-large_default.webp,/producto/alimentos/snack-y-dulces/629059/flaquito-original-avellanas-x-30gr,4409,alimentos/snack-y-dulces
707000,Barra De Maní Dulce Y Salado,"Bs. 1.457,60",https://pccentro.net.ve/img/s/4/1/5/8/5/41585-large_default.webp,/producto/alimentos/snack-y-dulces/707000/barra-nature-valley-sweet-salty-nut-peanut-34gr,4409,alimentos/snack-y-dulces
599257,BARQUILLA RELLENA DE CHOCOLATE,"Bs. 440,67",https://pccentro.net.ve/img/s/4/2/5/4/0/42540-large_default.webp,/producto/alimentos/snack-y-dulces/599257/pirulin-chocolate-x16-gr,4409,alimentos/snack-y-dulces
599361,"CARAMELOS HALLS REFRESCANTES SABOR CEREZA X25,2GR BARRA X9 UNIDADES MONDELEZ INTERNATIONAL","Bs. 398,30",https://pccentro.net.ve/img/s/4/0/4/6/4/40464-large_default.webp,/producto/alimentos/snack-y-dulces/599361/caramelos-halls-cereza-x9-und,4409,alimentos/snack-y-dulces
746881,BOMBONES ESPECIALIDADES SURTIDOS X1 UND DETALLADO NESTLE,"Bs. 432,19",https://pccentro.net.ve/images/sananselmo/0-home_default.webp,/producto/alimentos/snack-y-dulces/746881/bombones-especialidades-surtidos-x1-und-detallado-nestle,4409,alimentos/snack-y-dulces
707016,TOSTON MADURITOS SALSERITOS,"Bs. 1.169,47",https://pccentro.net.ve/img/s/8/1/6/6/2/81662-large_default.webp,/producto/alimentos/snack-y-dulces/707016/salseritos-tostones-maduritos-80gr-iselitas,4409,alimentos/snack-y-dulces
599193,CHOCOLATE CARRE MINI AVELLANA X 25GR NESTLE SAVOY,"Bs. 1.110,15",https://pccentro.net.ve/img/s/8/4/4/8/8/84488-large_default.webp,/producto/alimentos/snack-y-dulces/599193/chocolate-savoy-carre-mini-avellana-x-25,4409,alimentos/snack-y-dulces
707010,TOSTON SALSERITOS,"Bs. 796,59",https://pccentro.net.ve/img/s/5/3/7/5/0/53750-large_default.webp,/producto/alimentos/snack-y-dulces/707010/salseritos-tostones-salados-80gr-iselitas,4409,alimentos/snack-y-dulces
476421,MANI SALADO JACKS,"Bs. 813,54",https://pccentro.net.ve/img/s/4/0/0/5/5/40055-large_default.webp,/producto/alimentos/snack-y-dulces/476421/mani-salado-jack-x-25gr-pepsico,4409,alimentos/snack-y-dulces
629001,CARAMELOS FREEGELLS EUCALIPTO X 1,"Bs. 262,71",https://pccentro.net.ve/img/s/7/4/3/5/6/74356-large_default.webp,/producto/alimentos/snack-y-dulces/629001/caram-freegells-eucalipto-x-1,4409,alimentos/snack-y-dulces
476420,CHICHARRON PICANTE JACK'S,"Bs. 906,76",https://pccentro.net.ve/img/s/7/4/4/2/6/74426-large_default.webp,/producto/alimentos/snack-y-dulces/476420/chicharron-jacks-x-20gr-pepsico,4409,alimentos/snack-y-dulces
707036,GELATINA FUSIÓN CITRICA,"Bs. 1.084,72",https://pccentro.net.ve/img/s/3/0/1/2/7/30127-large_default.webp,/producto/alimentos/snack-y-dulces/707036/gelatina-yelight-fusion-citrica-12gr,4409,alimentos/snack-y-dulces
476426,RAQUETY PICANTE X18GR PEPSICO,"Bs. 423,72",https://pccentro.net.ve/img/s/8/4/4/3/4/84434-large_default.webp,/producto/alimentos/snack-y-dulces/476426/raquety-picante-x-18gr-frito-lay-pepsico,4409,alimentos/snack-y-dulces
476464,CEREAL FLIPS CHOCOLATE X1 DETALLADO 28GR,"Bs. 491,52",https://pccentro.net.ve/img/s/1/8/1/2/2/18122-large_default.webp,/producto/alimentos/snack-y-dulces/476464/flips-chocolate-x-28gr,4409,alimentos/snack-y-dulces
734034,CARAMELO HALLS YERBABUENA,"Bs. 406,77",https://pccentro.net.ve/img/s/4/5/5/1/5/45515-large_default.webp,/producto/alimentos/snack-y-dulces/734034/caramelos-halls-yerbabuena-252gr-x9-und,4409,alimentos/snack-y-dulces
752727,CHEETOS BOLIQUESO 25GR PEPSICO,"Bs. 542,36",https://pccentro.net.ve/images/sananselmo/0-home_default.webp,/producto/alimentos/snack-y-dulces/752727/cheetos-boliqueso-25gr-pepsico,4409,alimentos/snack-y-dulces
707033,GELATINA SABOR A MORA,"Bs. 1.084,72",https://pccentro.net.ve/img/s/7/4/4/7/3/74473-large_default.webp,/producto/alimentos/snack-y-dulces/707033/gelatina-yelight-mora-12gr,4409,alimentos/snack-y-dulces
476428,SNACK RAQUETY QUESO,"Bs. 440,67",https://pccentro.net.ve/img/s/7/4/4/2/3/74423-large_default.webp,/producto/alimentos/snack-y-dulces/476428/raquety-queso-x-18gr-frito-lay-pepsico,4409,alimentos/snack-y-dulces
629060,FLAQUITO NEVADO AVELLANAS,"Bs. 576,26",https://pccentro.net.ve/img/s/2/4/6/5/9/24659-large_default.webp,/producto/alimentos/snack-y-dulces/629060/flaquito-nevado-avellanas-x-30gr,4409,alimentos/snack-y-dulces
755134,NATUCHIPS YUCA CREMA Y CEBOLLA 38GR PEPSICO (E),"Bs. 737,27",https://pccentro.net.ve/images/sananselmo/0-home_default.webp,/producto/alimentos/snack-y-dulces/755134/natuchips-yuca-crema-y-cebolla-38gr-pepsico,4409,alimentos/snack-y-dulces
755135,DORITOS COOL RANCH 42GR PEPSICO (E),"Bs. 788,12",https://pccentro.net.ve/images/sananselmo/0-home_default.webp,/producto/alimentos/snack-y-dulces/755135/doritos-cool-ranch-42gr-pepsico,4409,alimentos/snack-y-dulces
476444,PEPITO MUNDO MARINO X25GR PEPSICO,"Bs. 567,78",https://pccentro.net.ve/img/s/8/4/5/1/2/84512-large_default.webp,/producto/alimentos/snack-y-dulces/476444/pepito-mundo-marino-x-25gr-frito-lay-pepsico,4409,alimentos/snack-y-dulces
707018,SALSERITOS PALITOS DE QUESO 75GR ISELITAS,"Bs. 686,43",https://pccentro.net.ve/img/s/8/9/1/0/6/89106-large_default.webp,/producto/alimentos/snack-y-dulces/707018/salseritos-palitos-de-queso-75gr-iselitas,4409,alimentos/snack-y-dulces
707040,MINI GALLETA MARILU CHOCOLATE,"Bs. 906,76",https://pccentro.net.ve/img/s/6/7/5/8/0/67580-large_default.webp,/producto/alimentos/snack-y-dulces/707040/galletas-marilu-mini-chocolate-100gr-paquete,4409,alimentos/snack-y-dulces
715180,CHICLES FREEGELLS CANELA 8GR X5 UNIDADES,"Bs. 305,08",https://pccentro.net.ve/img/s/9/3/5/5/9/93559-large_default.webp,/producto/alimentos/snack-y-dulces/715180/chicles-freegells-canela-8gr-x5-und,4409,alimentos/snack-y-dulces
476412,OREO CHOCOLATE,"Bs. 1.228,79",https://pccentro.net.ve/img/s/8/1/8/1/0/81810-large_default.webp,/producto/alimentos/snack-y-dulces/476412/gall-oreo-chocolate-tubo-96gr,4409,alimentos/snack-y-dulces
476457,MINI GALLETA MARILU SABOR A VAINILLA,"Bs. 1.160,99",https://pccentro.net.ve/img/s/9/6/3/5/7/96357-large_default.webp,/producto/alimentos/snack-y-dulces/476457/gall-marilu-mini-vainilla-x-100gr,4409,alimentos/snack-y-dulces
599268,OVOMALTINA MAXI TUBO 100GR X1 UNIDAD,"Bs. 3.220,27",https://pccentro.net.ve/img/s/2/2/1/0/4/22104-large_default.webp,/producto/alimentos/snack-y-dulces/599268/ovomaltina-maxi-tubo-100gr-x1,4409,alimentos/snack-y-dulces
707034,GELATINA DE FRESA,"Bs. 1.084,72",https://pccentro.net.ve/img/s/7/4/4/4/1/74441-large_default.webp,/producto/alimentos/snack-y-dulces/707034/gelatina-yelight-fresa-12gr,4409,alimentos/snack-y-dulces
714506,CHOCOLATE DELIGHT 0% AZUCAR SAVOY,"Bs. 1.322,01",https://pccentro.net.ve/img/s/9/3/5/5/8/93558-large_default.webp,/producto/alimentos/snack-y-dulces/714506/chocolate-delight-0porc-azucar-27gr-savoy-nestle,4409,alimentos/snack-y-dulces
476443,NATUCHIPS PLATANITOS NATURAL X42GR PEPSICO,"Bs. 957,61",https://pccentro.net.ve/img/s/8/0/7/7/1/80771-large_default.webp,/producto/alimentos/snack-y-dulces/476443/natuchips-platan-natural-42gr,4409,alimentos/snack-y-dulces
599250,PIRULIN CHOCOLATE CON AVELLANAS EN LATA X 300GR SINDONI,"Bs. 8.415,08",https://pccentro.net.ve/img/s/7/4/3/8/6/74386-large_default.webp,/producto/alimentos/snack-y-dulces/599250/pirulin-chocolate-avellanas-lata-x-300gr,4409,alimentos/snack-y-dulces
707024,PLATANO CHIPS CON SAL,"Bs. 1.677,93",https://pccentro.net.ve/img/s/4/0/7/9/9/40799-large_default.webp,/producto/alimentos/snack-y-dulces/707024/platano-chips-c-sal-x-85-gr-iselitas,4409,alimentos/snack-y-dulces
707048,NUCITA DOBLE SABOR VASO,"Bs. 2.152,50",https://pccentro.net.ve/img/s/4/6/9/3/0/46930-large_default.webp,/producto/alimentos/snack-y-dulces/707048/nucita-doble-sabor-vaso-85gr,4409,alimentos/snack-y-dulces
707060,GALLETAS CLUB SOCIAL ORIGINAL 156GR PAQUETE DE X6 UNIDADES,"Bs. 1.398,28",https://pccentro.net.ve/img/s/8/4/3/9/9/84399-large_default.webp,/producto/alimentos/snack-y-dulces/707060/galletas-club-social-original-x6-und-paquete,4409,alimentos/snack-y-dulces
714331,YUCA CHIPS CON SAL X 180 GR ISELITAS,"Bs. 3.466,03",https://pccentro.net.ve/img/s/6/9/7/8/4/69784-large_default.webp,/producto/alimentos/snack-y-dulces/714331/yuca-chips-c-sal-x-180-gr-iselitas,4409,alimentos/snack-y-dulces
714508,CHOCOLATE CHOCO TRIO COOKIES & CREAM X 90 GR NESTLE,"Bs. 2.186,40",https://pccentro.net.ve/img/s/9/0/7/0/5/90705-large_default.webp,/producto/alimentos/snack-y-dulces/714508/chocolate-choco-trio-cookies-cream-x-90-gr-nestle,4409,alimentos/snack-y-dulces
741951,NATUCHIPS PLATANITOS NATURAL,"Bs. 4.669,39",https://pccentro.net.ve/img/s/7/2/9/8/6/72986-large_default.webp,/producto/alimentos/snack-y-dulces/741951/natuchips-platanitos-natural-250gr-pepsico,4409,alimentos/snack-y-dulces
476435,CHEETOS BOLIQUESO,"Bs. 1.059,30",https://pccentro.net.ve/img/s/7/5/8/7/5/75875-large_default.webp,/producto/alimentos/snack-y-dulces/476435/cheetos-boligueso-horneados-x-80gr-frito-lay-pepsico,4409,alimentos/snack-y-dulces
599171,GALLETA SODA,"Bs. 1.550,82",https://pccentro.net.ve/img/s/7/4/4/4/4/74444-large_default.webp,/producto/alimentos/snack-y-dulces/599171/galletas-soda-x-240gr-puig,4409,alimentos/snack-y-dulces
707014,BATATA CHIPS CON SAL,"Bs. 4.152,46",https://pccentro.net.ve/img/s/8/1/8/1/6/81816-large_default.webp,/producto/alimentos/snack-y-dulces/707014/batata-chips-c-sal-x-160-gr-iselitas,4409,alimentos/snack-y-dulces
714337,COCOSETE PACK,"Bs. 2.779,60",https://pccentro.net.ve/img/s/6/2/6/3/4/62634-large_default.webp,/producto/alimentos/snack-y-dulces/714337/galletas-cocosette-maxi-x4-uni-x50gr-nestle,4409,alimentos/snack-y-dulces
714341,DE TODITO RESUELTO X 110GR PEPSICO,"Bs. 2.110,13",https://pccentro.net.ve/img/s/7/5/3/0/0/75300-large_default.webp,/producto/alimentos/snack-y-dulces/714341/de-todito-resuelto-110gr-pepsico,4409,alimentos/snack-y-dulces
725853,GALLETA PIRULIN LATA LIMON,"Bs. 4.508,38",https://pccentro.net.ve/img/s/7/4/3/8/8/74388-large_default.webp,/producto/alimentos/snack-y-dulces/725853/pirulin-lata-limon-155gr,4409,alimentos/snack-y-dulces
741926,NATUCHIPS YUCA CREMA Y CEBOLLA 170GR PEPSICO,"Bs. 3.160,95",https://pccentro.net.ve/images/sananselmo/0-home_default.webp,/producto/alimentos/snack-y-dulces/741926/natuchips-yuca-crema-y-cebolla-170gr-pepsico,4409,alimentos/snack-y-dulces
476419,CHICHAROON PICANTE,"Bs. 2.305,04",https://pccentro.net.ve/img/s/7/4/4/2/2/74422-large_default.webp,/producto/alimentos/snack-y-dulces/476419/chicharron-jacks-picante-x-60gr-frito-lay-pepsico,4409,alimentos/snack-y-dulces
476450,DORITOS MEGA QUESO XXL X420GR PEPSICO,"Bs. 6.237,16",https://pccentro.net.ve/img/s/9/4/3/6/4/94364-large_default.webp,/producto/alimentos/snack-y-dulces/476450/doritos-mega-queso-xxl-x-420gr-pepsico,4409,alimentos/snack-y-dulces
629076,PAPAS RUFLES ORIGINAL,"Bs. 6.432,07",https://pccentro.net.ve/img/s/1/8/1/4/0/18140-large_default.webp,/producto/alimentos/snack-y-dulces/629076/ruffles-original-x-300gr,4409,alimentos/snack-y-dulces
599443,GALLETAS MARIA SELECTA INTEGRAL X250GR PUIG,"Bs. 1.847,42",https://pccentro.net.ve/img/s/3/4/6/1/5/34615-large_default.webp,/producto/alimentos/snack-y-dulces/599443/galletas-maria-selecta-integral-pqte-x2,4409,alimentos/snack-y-dulces
629070,RUFFLES QUESO X300GR PEPSICO FRITO LAY,"Bs. 6.432,07",https://pccentro.net.ve/img/s/1/7/4/2/6/17426-large_default.webp,/producto/alimentos/snack-y-dulces/629070/ruffles-queso-x-300gr,4409,alimentos/snack-y-dulces
629107,BEBIDA EN POLVO CHOCOLATADA,"Bs. 2.567,74",https://pccentro.net.ve/img/s/6/8/0/0/7/68007-large_default.webp,/producto/alimentos/snack-y-dulces/629107/choco-listo-x-200gr,4409,alimentos/snack-y-dulces
707022,GOMITAS GUANDY CULEBRITAS SOUR WORMS,"Bs. 788,12",https://pccentro.net.ve/img/s/8/6/5/4/3/86543-large_default.webp,/producto/alimentos/snack-y-dulces/707022/gomitas-guandy-culebritas-sour-worms-71gr,4409,alimentos/snack-y-dulces
707029,GALLETA WAFER MULTI PACK,"Bs. 2.779,60",https://pccentro.net.ve/img/s/6/2/6/3/3/62633-large_default.webp,/producto/alimentos/snack-y-dulces/707029/galletas-susy-maxi-x4-und-200gr-nestle,4409,alimentos/snack-y-dulces
707038,GALLETA DE FRESA MORDISQUITOS,"Bs. 1.652,51",https://pccentro.net.ve/img/s/5/3/0/8/7/53087-large_default.webp,/producto/alimentos/snack-y-dulces/707038/obleas-mordisquitos-fresa-150-g,4409,alimentos/snack-y-dulces
714338,TORONTO NEVADO BOLSA,"Bs. 6.398,17",https://pccentro.net.ve/img/s/6/3/8/7/3/63873-large_default.webp,/producto/alimentos/snack-y-dulces/714338/toronto-nevado-bolsa-125gr-savoy-nestle,4409,alimentos/snack-y-dulces
715179,GALLETAS OREO CHOCOLATE 192GR EN 6 UNIDADES DE PAQUETES NABISCO,"Bs. 2.194,87",https://pccentro.net.ve/img/s/2/9/1/1/2/29112-large_default.webp,/producto/alimentos/snack-y-dulces/715179/galletas-oreo-chocolate-192gr-x6-und-paquete,4409,alimentos/snack-y-dulces
472192,HELADO PALETA CHOCOLITO MAX X80ML TIO RICO,"Bs. 1.296,58",https://pccentro.net.ve/img/s/7/3/5/4/8/73548-large_default.webp,/producto/alimentos/snack-y-dulces/472192/helado-paleta-chocolito-max-80ml-x1-tio-rico,4409,alimentos/snack-y-dulces
476437,PLATANITOS MADURITOS,"Bs. 3.449,08",https://pccentro.net.ve/img/s/7/4/4/1/5/74415-large_default.webp,/producto/alimentos/snack-y-dulces/476437/natuchips-platan-madurito-150gr,4409,alimentos/snack-y-dulces
476439,NATUCHIPS ONDULADOS,"Bs. 3.033,84",https://pccentro.net.ve/img/s/1/7/6/2/1/17621-large_default.webp,/producto/alimentos/snack-y-dulces/476439/natuchips-platanitos-ondulados-x-145gr,4409,alimentos/snack-y-dulces
476434,CHEETOS HORNEADOS FLAMIN HOT X120GR PEPSICO,"Bs. 1.728,78",https://pccentro.net.ve/img/s/4/1/5/8/4/41584-large_default.webp,/producto/alimentos/snack-y-dulces/476434/cheetos-horneados-flamin-hot-x-120gr-frito-lay-pepsico,4409,alimentos/snack-y-dulces
476463,CEREAL FLIPS DULCE DE LECHE,"Bs. 483,04",https://pccentro.net.ve/img/s/1/7/9/2/8/17928-large_default.webp,/producto/alimentos/snack-y-dulces/476463/flips-dulce-de-leche-x-28gr,4409,alimentos/snack-y-dulces
599225,RENATA GALLETA WAFER LIMON,"Bs. 949,13",https://pccentro.net.ve/img/s/5/7/3/9/2/57392-large_default.webp,/producto/alimentos/snack-y-dulces/599225/gall-renata-wafer-limon-115-gr,4409,alimentos/snack-y-dulces
599227,GALLETAS RENATA WAFER FRESA,"Bs. 940,66",https://pccentro.net.ve/img/s/8/5/4/9/8/85498-large_default.webp,/producto/alimentos/snack-y-dulces/599227/gall-renata-wafer-fresa-115gr,4409,alimentos/snack-y-dulces
629069,CHEETOS HORNEADOS MEGA PUFS,"Bs. 3.915,17",https://pccentro.net.ve/img/s/1/7/3/3/3/17333-large_default.webp,/producto/alimentos/snack-y-dulces/629069/cheetos-mega-puffs-x-270gr,4409,alimentos/snack-y-dulces
599427,CHOCOLATE SAVOY DUO X 130GR NESTLE,"Bs. 3.728,74",https://pccentro.net.ve/img/s/7/4/4/7/9/74479-large_default.webp,/producto/alimentos/snack-y-dulces/599427/chocolate-savoy-duo-x-130gr-nestle,4409,alimentos/snack-y-dulces
629134,MANI JAPONES,"Bs. 2.381,31",https://pccentro.net.ve/img/s/4/0/4/0/9/40409-large_default.webp,/producto/alimentos/snack-y-dulces/629134/mani-japones-bokas-170gr-x1-munchy,4409,alimentos/snack-y-dulces
629147,TOCINETIKAS ORIGINAL,"Bs. 2.864,35",https://pccentro.net.ve/img/s/5/7/8/7/3/57873-large_default.webp,/producto/alimentos/snack-y-dulces/629147/tocinetikas-original-xxl-x-160gr-munchy,4409,alimentos/snack-y-dulces
707037,GALLETAS MARIA EXTRA FINA,"Bs. 1.855,89",https://pccentro.net.ve/img/s/3/4/5/8/8/34588-large_default.webp,/producto/alimentos/snack-y-dulces/707037/galletas-puig-maria-extrafina-240gr,4409,alimentos/snack-y-dulces
707051,GOMITAS GOMBY ROCO ESPACIAL 100GR,"Bs. 1.025,40",https://pccentro.net.ve/img/s/8/7/3/9/5/87395-large_default.webp,/producto/alimentos/snack-y-dulces/707051/gomitas-gomby-roco-espacial-100gr,4409,alimentos/snack-y-dulces
707062,GALLETAS SODA PREMIUM X6 UNIDADES 156GR NABISCO,"Bs. 1.584,71",https://pccentro.net.ve/img/s/8/4/5/5/9/84559-large_default.webp,/producto/alimentos/snack-y-dulces/707062/galletas-soda-premium-disp-x6-und-156gr,4409,alimentos/snack-y-dulces
707071,GOMITAS DE COLORES,"Bs. 1.728,78",https://pccentro.net.ve/img/s/4/0/2/5/9/40259-large_default.webp,/producto/alimentos/snack-y-dulces/707071/gom-trolli-neon-squiggles-100g,4409,alimentos/snack-y-dulces
736075,GOMITAS TIBUROLOCOS GUANDY,"Bs. 957,61",https://pccentro.net.ve/img/s/5/6/5/2/7/56527-large_default.webp,/producto/alimentos/snack-y-dulces/736075/gomitas-guandy-tiburonlocos,4409,alimentos/snack-y-dulces
741952,NATUCHIPS PLATANITOS AJO Y PEREJIL 140GR PEPSICO,"Bs. 2.906,72",https://pccentro.net.ve/img/s/8/6/0/3/9/86039-large_default.webp,/producto/alimentos/snack-y-dulces/741952/natuchips-platanitos-ajo-y-perejil-140gr-pepsico,4409,alimentos/snack-y-dulces
754762,FLIPS FRESA FUDGE 6 BOLSITAS,"Bs. 6.872,74",https://pccentro.net.ve/img/s/5/8/9/8/3/58983-large_default.webp,/producto/alimentos/snack-y-dulces/754762/flips-chocofudge-fresa-bolsa-x6-und-300gr,4409,alimentos/snack-y-dulces
602129,HALLS STRONG CARAMELO MENTOL/EUCALIPTO 3GR x1 UNIDAD HALLS,"Bs. 25,42",https://pccentro.net.ve/img/s/5/8/1/3/3/58133-large_default.webp,/producto/alimentos/snack-y-dulces/602129/caramelos-halls-strong-mentol-eucalipto,4409,alimentos/snack-y-dulces
742220,CHOCOLATE GALAK TUBITO X 16GR NESTLE,"Bs. 398,30",https://pccentro.net.ve/img/s/9/5/3/4/8/95348-large_default.webp,/producto/alimentos/snack-y-dulces/742220/chocolate-galak-tubito-x-16gr-nestle-1,4409,alimentos/snack-y-dulces
755552,CHICLE TRIDENT MENTA X 1.5 GR,"Bs. 84,74",https://pccentro.net.ve/img/s/5/8/1/3/8/58138-large_default.webp,/producto/alimentos/snack-y-dulces/755552/chicle-trident-menta-x-1-5-gr,4409,alimentos/snack-y-dulces
725330,BOMBONES ESPECIALIDADES UNIDAD,"Bs. 432,19",https://pccentro.net.ve/img/s/6/8/8/2/9/68829-large_default.webp,/producto/alimentos/snack-y-dulces/725330/bombones-especialidades-surtidos-251gr-caja-nestle,4409,alimentos/snack-y-dulces
755310,GALLETA MARILU CHOCO VAINILLA X 18GR,"Bs. 203,39",https://pccentro.net.ve/img/s/9/4/2/4/0/94240-large_default.webp,/producto/alimentos/snack-y-dulces/755310/gall-marilu-choco-vainilla-x-18gr,4409,alimentos/snack-y-dulces
755598,CHOCO M&M PEANUT BUTTER INDIV 46.20G,"Bs. 1.966,06",https://pccentro.net.ve/img/s/8/6/8/2/3/86823-large_default.webp,/producto/alimentos/snack-y-dulces/755598/choco-mm-peanut-butter-indiv-46-20g,4409,alimentos/snack-y-dulces
748040,CARAMELOS HALLS MENTOL/EUCALYTO X1 UND,"Bs. 33,90",https://pccentro.net.ve/images/sananselmo/0-home_default.webp,/producto/alimentos/snack-y-dulces/748040/caramelos-halls-mentol-eucalyto-x1-und-1,4409,alimentos/snack-y-dulces
755550,BOMBONES BON O BON CREMA DE MANI X 15 GR ARCOR (E),"Bs. 491,52",https://pccentro.net.ve/images/sananselmo/0-home_default.webp,/producto/alimentos/snack-y-dulces/755550/bombones-bon-o-bon-crema-de-mani-x-15-gr-arcor,4409,alimentos/snack-y-dulces
601930,CARAMELOS MENTA Y EUCALIPTO,"Bs. 466,09",https://pccentro.net.ve/img/s/3/6/0/3/7/36037-large_default.webp,/producto/alimentos/snack-y-dulces/601930/caramelos-halls-mentol-y-eucalipto-x9-un,4409,alimentos/snack-y-dulces
602044,"CARAMELOS HALLS MENTOL CRISTALINO+ACEITE DE EUCALIPTO 19,0MG+9,4 MG MENTA EXTRA FUERTE BARRA x9 CARA","Bs. 466,09",https://pccentro.net.ve/img/s/7/2/9/8/7/72987-large_default.webp,/producto/alimentos/snack-y-dulces/602044/caramelos-halls-mentol-extra-fuerte-x9,4409,alimentos/snack-y-dulces
525684,HELADO MAGNUM CHOCOLATE BLANCO CON ALMENDRAS X90ML TIO RICO,"Bs. 3.347,39",https://pccentro.net.ve/img/s/8/1/7/7/2/81772-large_default.webp,/producto/alimentos/snack-y-dulces/525684/helado-magnum-white-almendras-90ml-x1-tio-rico,4409,alimentos/snack-y-dulces
601833,GALLETAS KATY VAINILLA 32GR X1 GALLETA PUIG,"Bs. 508,46",https://pccentro.net.ve/img/s/8/4/4/0/6/84406-large_default.webp,/producto/alimentos/snack-y-dulces/601833/galletas-katy-vainilla-32gr-x1,4409,alimentos/snack-y-dulces
733717,PAPAS LAYS CLÁSICA 30GR,"Bs. 957,61",https://pccentro.net.ve/img/s/9/2/9/3/8/92938-large_default.webp,/producto/alimentos/snack-y-dulces/733717/papas-lays-clasica-30gr,4409,alimentos/snack-y-dulces
525655,HELADO DE FRESA POTE,"Bs. 7.643,91",https://pccentro.net.ve/img/s/7/3/5/4/5/73545-large_default.webp,/producto/alimentos/snack-y-dulces/525655/helado-fresa-pote-850ml-x1-tio-rico,4409,alimentos/snack-y-dulces
529894,GALLETA OREO VAINILLA TUBO,"Bs. 1.271,16",https://pccentro.net.ve/img/s/6/7/5/6/6/67566-large_default.webp,/producto/alimentos/snack-y-dulces/529894/gall-oreo-vainilla-tubo-96gr,4409,alimentos/snack-y-dulces
602138,GALLETA SORBETICOS FRESA FAMILIAR,"Bs. 889,81",https://pccentro.net.ve/img/s/6/8/7/2/6/68726-large_default.webp,/producto/alimentos/snack-y-dulces/602138/gall-sorbeticos-wafer-fresa-x-105-gr,4409,alimentos/snack-y-dulces
634686,PEPITO MUNDO MARINO X 80 GR PEPSICO ///,"Bs. 1.135,57",https://pccentro.net.ve/img/s/6/9/3/4/2/69342-large_default.webp,/producto/alimentos/snack-y-dulces/634686/pepito-mundo-marino-x-80gr-frito-lay-pep,4409,alimentos/snack-y-dulces
725323,GALLETAS MARILU VAINILLA 36GR X1 UND DETALLADA,"Bs. 423,72",https://pccentro.net.ve/images/sananselmo/0-home_default.webp,/producto/alimentos/snack-y-dulces/725323/galletas-marilu-vainilla-36gr-x1-und-detallada,4409,alimentos/snack-y-dulces
742484,NATUCHIPS YUCA CREMA Y CEBOLLA 170GR PEPSICO,"Bs. 3.194,85",https://pccentro.net.ve/images/sananselmo/0-home_default.webp,/producto/alimentos/snack-y-dulces/742484/natuchips-yuca-crema-y-cebolla-170gr-pepsico,4409,alimentos/snack-y-dulces
755551,GALL CHOCO VAINILLA 90GR TIGO (E),"Bs. 728,80",https://pccentro.net.ve/images/sananselmo/0-home_default.webp,/producto/alimentos/snack-y-dulces/755551/gall-choco-vainilla-90gr-tigo,4409,alimentos/snack-y-dulces
525663,HELADO DE PIRULIN POTE,"Bs. 7.194,77",https://pccentro.net.ve/img/s/7/3/5/4/6/73546-large_default.webp,/producto/alimentos/snack-y-dulces/525663/helado-pirulin-pote-700ml-x1-tio-rico,4409,alimentos/snack-y-dulces
529905,TORTILLITAS JACKS PICANTE X190GR PEPSICO,"Bs. 2.338,93",https://pccentro.net.ve/img/s/1/7/3/1/8/17318-large_default.webp,/producto/alimentos/snack-y-dulces/529905/tortillitas-jacks-picante-190-gr,4409,alimentos/snack-y-dulces
753634,DORITOS COOL RANCH,"Bs. 2.160,97",https://pccentro.net.ve/img/s/9/5/8/8/6/95886-large_default.webp,/producto/alimentos/snack-y-dulces/753634/doritos-cool-ranch-140gr-pepsico,4409,alimentos/snack-y-dulces
306128,ALIMENTO PARA PERROS ADULTOS SABOR CARNE A LA PARRILA,"Bs. 16.084,41",https://pccentro.net.ve/img/s/8/8/2/2/3/88223-large_default.webp,/producto/hogar/mascotas-3/306128/dogourmet-carne-a-la-parrilla-4kg-polar,3640,hogar/mascotas-3
306067,ALIMENTO PARA PERROS SABOR CARNE,"Bs. 12.296,35",https://pccentro.net.ve/img/s/8/8/2/2/4/88224-large_default.webp,/producto/hogar/mascotas-3/306067/super-can-carne-hueso-4kg-polar,3640,hogar/mascotas-3
238651,ESPONJA SALVA UÑAS,"Bs. 1.169,47",https://pccentro.net.ve/img/s/7/3/7/2/7/73727-large_default.webp,/producto/hogar/accesorios-para-el-hogar/238651/esponja-salva-ua-izy,4356,hogar/accesorios-para-el-hogar
321168,Pilas alcalinas AAA,"Bs. 2.889,77",https://pccentro.net.ve/img/s/3/9/7/3/0/39730-large_default.webp,/producto/hogar/accesorios-para-el-hogar/321168/pilas-energizer-aaa-x-4,4356,hogar/accesorios-para-el-hogar
700014,YESQUERO BIC GOLDEN BRUSH X1 UNIDAD,"Bs. 1.432,17",https://pccentro.net.ve/img/s/9/0/6/8/6/90686-large_default.webp,/producto/hogar/accesorios-para-el-hogar/700014/yesquero-bic-golden-brush-x1-und,4356,hogar/accesorios-para-el-hogar
704278,WIKI-WIKI COLOR AZUL MARINO,"Bs. 576,26",https://pccentro.net.ve/img/s/3/1/7/3/7/31737-large_default.webp,/producto/hogar/accesorios-para-el-hogar/704278/wiki-wiki-azul-marino-sobre-x1-und,4356,hogar/accesorios-para-el-hogar
652463,PILAS ENERGIZER MAX ALKALINA  AAA X2,"Bs. 1.872,84",https://pccentro.net.ve/img/s/7/5/0/5/7/75057-large_default.webp,/producto/hogar/accesorios-para-el-hogar/652463/pilas-energizer-max-alkalina-aaa-x2-2,4356,hogar/accesorios-para-el-hogar
660563,FAJA POST OPERATORIA TALLA S ANCHO 30CM GAVENTEX MMQ,"Bs. 20.669,06",https://pccentro.net.ve/img/s/7/5/5/3/2/75532-large_default.webp,/producto/hogar/accesorios-para-el-hogar/660563/faja-post-operatoria-talla-s-ancho-30cm-gaventex-mmq,4356,hogar/accesorios-para-el-hogar
661327,PILA ALCALINA AAA LR03,"Bs. 2.940,62",https://pccentro.net.ve/img/s/2/8/1/3/8/28138-large_default.webp,/producto/hogar/accesorios-para-el-hogar/661327/pilas-toshiba-aaa-x-2-uds,4356,hogar/accesorios-para-el-hogar
704718,GLADE AMBIENTADOR AUTO SPORT KIT ACQUA 7ML,"Bs. 8.525,25",https://pccentro.net.ve/img/s/8/9/7/4/9/89749-large_default.webp,/producto/hogar/accesorios-para-el-hogar/704718/glade-ambientador-auto-sport-kit-acqua-7ml,4356,hogar/accesorios-para-el-hogar
704880,VELA SANDIA REFRES VASO,"Bs. 8.016,78",https://pccentro.net.ve/img/s/8/7/7/3/2/87732-large_default.webp,/producto/hogar/accesorios-para-el-hogar/704880/glade-ambientador-vela-mora-y-sandia-96gr,4356,hogar/accesorios-para-el-hogar
705418,GLADE REPUESTO AUTO SPORT KIT CARRO NUEVO 7ML,"Bs. 4.677,87",https://pccentro.net.ve/img/s/9/0/1/6/1/90161-large_default.webp,/producto/hogar/accesorios-para-el-hogar/705418/glade-repuesto-auto-sport-kit-carro-nuevo-7ml,4356,hogar/accesorios-para-el-hogar
240760,ESPONJA JABONOSA,"Bs. 2.177,92",https://pccentro.net.ve/img/s/7/3/7/2/6/73726-large_default.webp,/producto/hogar/accesorios-para-el-hogar/240760/esponja-lana-jabonosa-x-5-1,4356,hogar/accesorios-para-el-hogar
753068,PILAS AAA POWER ALKALINE AAA,"Bs. 1.923,69",https://pccentro.net.ve/img/s/7/2/9/3/5/72935-large_default.webp,/producto/hogar/accesorios-para-el-hogar/753068/pilas-philips-power-alcalina-aaa-x2-und-1,4356,hogar/accesorios-para-el-hogar
310394,PORTA PASTILLA X 7 COMPARTIMIENTO SEM,"Bs. 3.389,76",https://pccentro.net.ve/img/s/5/8/8/7/6/58876-large_default.webp,/producto/hogar/accesorios-para-el-hogar/310394/porta-pastilla-semanal-xperian-medicalx1-1,4356,hogar/accesorios-para-el-hogar
705683,PILAS MAXELL AAA ALCALINA X 6 UNIDADES,"Bs. 4.491,43",https://pccentro.net.ve/img/s/9/4/2/2/1/94221-large_default.webp,/producto/hogar/accesorios-para-el-hogar/705683/pilas-maxell-aaa-alcalina-x6-und,4356,hogar/accesorios-para-el-hogar
469993,PILA ENERGIZER AA ALCALINA,"Bs. 1.915,21",https://pccentro.net.ve/img/s/4/4/8/3/4/44834-large_default.webp,/producto/hogar/accesorios-para-el-hogar/469993/pilas-energizer-max-alkalina-aa-x2,4356,hogar/accesorios-para-el-hogar
470022,PILA ALCALINA 23A 12V,"Bs. 2.872,82",https://pccentro.net.ve/img/s/2/8/1/4/0/28140-large_default.webp,/producto/hogar/accesorios-para-el-hogar/470022/pilas-toshiba-23a-x1-unid,4356,hogar/accesorios-para-el-hogar
705686,YESQUERO MAXI,"Bs. 1.364,38",https://pccentro.net.ve/img/s/8/8/2/2/2/88222-large_default.webp,/producto/hogar/accesorios-para-el-hogar/705686/yesquero-bic-maxi-j6-x-1-und,4356,hogar/accesorios-para-el-hogar
705684,Bateria Maxell Alkalina AAA-4BP 4 pack (MAX-723865),"Bs. 3.618,57",https://pccentro.net.ve/img/s/5/5/4/4/8/55448-large_default.webp,/producto/hogar/accesorios-para-el-hogar/705684/pilas-maxell-aaa-alcalina-x4-und,4356,hogar/accesorios-para-el-hogar
470005,BATERIA MAXELL ALKALINA AAA (AAA-2BP),"Bs. 2.127,07",https://pccentro.net.ve/img/s/7/2/9/2/0/72920-large_default.webp,/producto/hogar/accesorios-para-el-hogar/470005/pilas-maxell-alcalinas-aaa-x2-und,4356,hogar/accesorios-para-el-hogar
469992,PILA AA ENERGIZER ALCALINA,"Bs. 2.881,30",https://pccentro.net.ve/img/s/5/2/5/4/8/52548-large_default.webp,/producto/hogar/accesorios-para-el-hogar/469992/pilas-energizer-alkalina-aa-x4-unid,4356,hogar/accesorios-para-el-hogar
470006,BATERIA MAXELL ALKALINA AA (AA-2BP),"Bs. 2.160,97",https://pccentro.net.ve/img/s/7/2/9/1/8/72918-large_default.webp,/producto/hogar/accesorios-para-el-hogar/470006/pilas-maxel-alcalinas-aa-x2-und,4356,hogar/accesorios-para-el-hogar
705691,PAPEL ALUMINIO MAX HOGAR 7MTS,"Bs. 2.855,87",https://pccentro.net.ve/img/s/9/1/3/1/8/91318-large_default.webp,/producto/hogar/accesorios-para-el-hogar/705691/papel-aluminio-max-hogar-7mts,4356,hogar/accesorios-para-el-hogar
715860,PILA AAA ALKALINE KINGCBOY,"Bs. 627,11",https://pccentro.net.ve/img/s/2/5/7/7/1/25771-large_default.webp,/producto/hogar/accesorios-para-el-hogar/715860/pilas-kingboy-alkalina-aa-x2-und,4356,hogar/accesorios-para-el-hogar
470002,PILA AA TOSHIBA X2,"Bs. 2.864,35",https://pccentro.net.ve/img/s/2/7/7/0/2/27702-large_default.webp,/producto/hogar/accesorios-para-el-hogar/470002/pilas-toshiba-aa-x-2-uds,4356,hogar/accesorios-para-el-hogar
470026,PILA PHILIPS POWER ALCALINA AA  X2,"Bs. 1.525,39",https://pccentro.net.ve/img/s/5/6/4/1/2/56412-large_default.webp,/producto/hogar/accesorios-para-el-hogar/470026/pilas-philips-power-alcalina-aa-x2,4356,hogar/accesorios-para-el-hogar
705687,PITILLO SELVA X 200 UNIDADES,"Bs. 4.177,88",https://pccentro.net.ve/img/s/9/1/3/4/2/91342-large_default.webp,/producto/hogar/accesorios-para-el-hogar/705687/pitillo-selva-x-200und,4356,hogar/accesorios-para-el-hogar
705689,GLADE AUTOMATICO MANZANA Y CANELA,"Bs. 20.881,01",https://pccentro.net.ve/img/s/6/0/8/7/5/60875-large_default.webp,/producto/hogar/accesorios-para-el-hogar/705689/glade-automatico-kit-manzana-y-canela-175gr,4356,hogar/accesorios-para-el-hogar
746668,PILAS MAXELL AA ALCALINA X 4 UNIDADES,"Bs. 3.821,95",https://pccentro.net.ve/img/s/9/6/2/3/3/96233-large_default.webp,/producto/hogar/accesorios-para-el-hogar/746668/pilas-maxell-aa-alcalina-x-4-und,4356,hogar/accesorios-para-el-hogar
754749,AROMATIZANTE GLADE AUTOMATICO PARAISO AZUL,"Bs. 6.160,89",https://pccentro.net.ve/img/s/8/8/2/2/8/88228-large_default.webp,/producto/hogar/accesorios-para-el-hogar/754749/glade-automatico-repuesto-paraiso-azul-175gr,4356,hogar/accesorios-para-el-hogar
523475,PILAS PHILIPS LITIUM 3V/ CR2016,"Bs. 898,29",https://pccentro.net.ve/img/s/7/0/6/5/2/70652-large_default.webp,/producto/hogar/accesorios-para-el-hogar/523475/pilas-philips-litium-3v-cr2016-x-1-unid,4356,hogar/accesorios-para-el-hogar
238923,INSECTICIDAS EN AEROSOL HOGAR,"Bs. 6.059,20",https://pccentro.net.ve/img/s/2/9/4/2/1/29421-large_default.webp,/producto/hogar/higiene-y-limpieza/238923/insect-raid-hogar-360-ml,4388,hogar/higiene-y-limpieza
238778,"GERDEX BROMURO DE DODECIL DIMETIL BENCIL AMONIO 0,15% SOLUCION DESINFECTANTE EN SPRAY x240ML RODENEZ","Bs. 5.127,01",https://pccentro.net.ve/img/s/3/3/9/1/4/33914-large_default.webp,/producto/hogar/higiene-y-limpieza/238778/gerdex-spray-x-240-ml,4388,hogar/higiene-y-limpieza
238924,MATA INSECTOS MAX RASTREROS AEROSOL,"Bs. 5.127,01",https://pccentro.net.ve/img/s/2/3/0/6/7/23067-large_default.webp,/producto/hogar/higiene-y-limpieza/238924/insect-raid-max-rastreros-aer-235-ml,4388,hogar/higiene-y-limpieza
239510,MATA ZANCUDO Y MOSCA SIN OLOR,"Bs. 5.923,61",https://pccentro.net.ve/img/s/7/3/6/4/2/73642-large_default.webp,/producto/hogar/higiene-y-limpieza/239510/raid-zancu-mosca-s-olor-360-ml,4388,hogar/higiene-y-limpieza
320113,DETERGENTE ROSITA PARA ROPA DELICADA,"Bs. 11.355,70",https://pccentro.net.ve/img/s/7/3/6/3/9/73639-large_default.webp,/producto/hogar/higiene-y-limpieza/320113/jab-vel-rosa-liq-x-1-lt-3,4388,hogar/higiene-y-limpieza
254600,LAVAPLATOS MULTIUSO EN CREMA,"Bs. 4.677,87",https://pccentro.net.ve/img/s/2/8/0/0/4/28004-large_default.webp,/producto/hogar/higiene-y-limpieza/254600/lavaplat-axion-multiuso-crem-x-500gr,4388,hogar/higiene-y-limpieza
262117,DESENGRASANTE MULTISUPERFICIE,"Bs. 5.516,83",https://pccentro.net.ve/img/s/2/3/9/1/4/23914-large_default.webp,/producto/hogar/higiene-y-limpieza/262117/limpiador-ajax-liquido-x-1lt-sillaca,4388,hogar/higiene-y-limpieza
238925,INSECTICIDAS CONTRA INSECTOS VOLADORES AZUL,"Bs. 4.186,35",https://pccentro.net.ve/img/s/8/9/2/8/2/89282-large_default.webp,/producto/hogar/higiene-y-limpieza/238925/insect-baygon-azul-voladores-235ml,4388,hogar/higiene-y-limpieza
309805,BAYGON INSECTICIDAS AEROSOL VOL AZUL,"Bs. 5.415,14",https://pccentro.net.ve/img/s/8/9/2/8/1/89281-large_default.webp,/producto/hogar/higiene-y-limpieza/309805/baygon-aer-vol-azul-x-360cc,4388,hogar/higiene-y-limpieza
309808,BAYGON AEROSOL MATA RASTREROS,"Bs. 5.296,50",https://pccentro.net.ve/img/s/2/3/8/1/7/23817-large_default.webp,/producto/hogar/higiene-y-limpieza/309808/baygon-aer-mata-rastreros-x-360cm-x-12,4388,hogar/higiene-y-limpieza
242301,INSECTICIDAS ESPIRALES VOLADORES,"Bs. 2.788,08",https://pccentro.net.ve/img/s/2/3/8/2/2/23822-large_default.webp,/producto/hogar/higiene-y-limpieza/242301/baygon-espirales-voladores-x12-unid,4388,hogar/higiene-y-limpieza
303422,SUAVIZANTE FRESCA PRIMAVERA,"Bs. 2.271,14",https://pccentro.net.ve/img/s/1/7/1/1/1/17111-large_default.webp,/producto/hogar/higiene-y-limpieza/303422/suav-suavitel-fabric-soft-500-ml,4388,hogar/higiene-y-limpieza
254520,BAYGON AER VOLADORES DOBLE ACCION,"Bs. 6.067,67",https://pccentro.net.ve/img/s/8/9/2/8/3/89283-large_default.webp,/producto/hogar/higiene-y-limpieza/254520/baygon-aer-voladores-dob-acc-x-360cc-1,4388,hogar/higiene-y-limpieza
239615,SUAVIZANTE FRESCA PRIMAVERA,"Bs. 5.449,04",https://pccentro.net.ve/img/s/7/3/7/2/9/73729-large_default.webp,/producto/hogar/higiene-y-limpieza/239615/suavizante-suavitel-fresc-prim-x1000ml-sillaca,4388,hogar/higiene-y-limpieza
238921,insecticida AERosol ZANCUDO Y MOSCA,"Bs. 4.686,34",https://pccentro.net.ve/img/s/2/5/9/0/2/25902-large_default.webp,/producto/hogar/higiene-y-limpieza/238921/insect-raid-elimina-voladores-235ml,4388,hogar/higiene-y-limpieza
239468,BATERIA MAXELL ALKALINA AAA (AAA-2BP),"Bs. 1.949,11",https://pccentro.net.ve/img/s/7/2/9/2/0/72920-large_default.webp,/producto/hogar/higiene-y-limpieza/239468/pila-alcali-maxell-aaa-x2-sillaca,4388,hogar/higiene-y-limpieza
238922,INSECTOS GOLD RASTREROS,"Bs. 2.313,51",https://pccentro.net.ve/img/s/2/3/0/6/6/23066-large_default.webp,/producto/hogar/higiene-y-limpieza/238922/insect-raid-gold-rastreros-235ml,4388,hogar/higiene-y-limpieza
749808,JABON FRAGANCIA FLORAL,"Bs. 1.042,35",https://pccentro.net.ve/img/s/1/7/1/0/1/17101-large_default.webp,/producto/hogar/higiene-y-limpieza/749808/jabon-las-llaves-panela-azul-200gr-polar,4388,hogar/higiene-y-limpieza
744917,FRESCA FRAGANCIA,"Bs. 830,49",https://pccentro.net.ve/img/s/1/7/1/0/0/17100-large_default.webp,/producto/hogar/higiene-y-limpieza/744917/jabon-las-llaves-panela-bebe-160gr-polar,4388,hogar/higiene-y-limpieza
744916,VIKI-VIKI AZUL MARINO SOBRE 15GR (E),"Bs. 499,99",https://pccentro.net.ve/img/s/9/6/4/6/2/96462-large_default.webp,/producto/hogar/higiene-y-limpieza/744916/viki-viki-azul-marino-sobre-15gr-1,4388,hogar/higiene-y-limpieza
646161,JABON EN POLVO FLORAL,"Bs. 3.025,36",https://pccentro.net.ve/img/s/8/2/4/0/6/82406-large_default.webp,/producto/hogar/higiene-y-limpieza/646161/jabon-las-llaves-polvo-floral-900gr-pg-polar,4388,hogar/higiene-y-limpieza
709314,GLADE AMBIENTADOR ACEITES REPUESTO VAINILLA X3 UNIDADES 21ML,"Bs. 12.135,34",https://pccentro.net.ve/img/s/9/0/4/7/0/90470-large_default.webp,/producto/hogar/higiene-y-limpieza/709314/glade-ambientador-aceites-repuesto-vainilla-x3-und-21ml,4388,hogar/higiene-y-limpieza
695088,SERVILLETAS HOUSEHOLD,"Bs. 1.838,94",https://pccentro.net.ve/img/s/1/7/8/1/3/17813-large_default.webp,/producto/hogar/higiene-y-limpieza/695088/servilletas-household-napkins-x120-und,4388,hogar/higiene-y-limpieza
702732,LIMPIADOR AJAX BICLORO X 1L COLGATE,"Bs. 4.923,63",https://pccentro.net.ve/img/s/8/7/5/4/6/87546-large_default.webp,/producto/hogar/higiene-y-limpieza/702732/limp-ajax-bicloro-x-1l-colgate,4388,hogar/higiene-y-limpieza
705579,SUAVITEL FRESCURA DE MANZANA,"Bs. 9.135,40",https://pccentro.net.ve/img/s/6/7/5/1/1/67511-large_default.webp,/producto/hogar/higiene-y-limpieza/705579/suavizante-suavitel-frescura-manzana-970ml-colgate,4388,hogar/higiene-y-limpieza
310041,DETERGENTE JABON EN POLVO,"Bs. 1.381,33",https://pccentro.net.ve/img/s/8/2/4/0/2/82402-large_default.webp,/producto/hogar/higiene-y-limpieza/310041/jab-las-llaves-floral-400-g-polar,4388,hogar/higiene-y-limpieza
305574,LIMPIADOR DE COCINA CITRUS,"Bs. 3.152,48",https://pccentro.net.ve/img/s/8/5/2/8/6/85286-large_default.webp,/producto/hogar/higiene-y-limpieza/305574/limp-mr-musculo-cocina-citrus-500-ml,4388,hogar/higiene-y-limpieza
325994,LIMPIADOR DESINFECTANTE BOSQUE SERENO,"Bs. 4.398,21",https://pccentro.net.ve/img/s/3/6/5/1/2/36512-large_default.webp,/producto/hogar/higiene-y-limpieza/325994/limp-las-llaves-bosque-sereno-x-1-lt-polar,4388,hogar/higiene-y-limpieza
307003,LIMPIADOR DE SUPERFICIES MAREA CRISTALINA,"Bs. 4.398,21",https://pccentro.net.ve/img/s/7/3/6/1/7/73617-large_default.webp,/producto/hogar/higiene-y-limpieza/307003/limp-las-llaves-marea-cristalina-1-lt-polar,4388,hogar/higiene-y-limpieza
309910,AROMATIZANTE MANZANA Y CANELA 5 EN 1,"Bs. 4.110,08",https://pccentro.net.ve/img/s/2/6/9/5/6/26956-large_default.webp,/producto/hogar/higiene-y-limpieza/309910/glade-aer-manzana-y-canela-360-ml,4388,hogar/higiene-y-limpieza
646268,DON TOALLIN TOALLA INTERCALADA 180 HOJAS PAVECA,"Bs. 2.677,91",https://pccentro.net.ve/img/s/8/2/1/5/7/82157-large_default.webp,/producto/hogar/higiene-y-limpieza/646268/don-toallin-x-180-unid-paveca,4388,hogar/higiene-y-limpieza
646411,DOWNY SUAVIZANTE EXOTICO,"Bs. 4.067,71",https://pccentro.net.ve/img/s/7/4/6/7/4/74674-large_default.webp,/producto/hogar/higiene-y-limpieza/646411/downy-suavizante-exotico-x-700ml-polar,4388,hogar/higiene-y-limpieza
667556,SERVILLETAS CUADRADA HOUSEHOLD NAPKINS PAQUETE DE 170 UND,"Bs. 3.016,89",https://pccentro.net.ve/img/s/1/6/3/9/5/16395-large_default.webp,/producto/hogar/higiene-y-limpieza/667556/servilletas-household-x170-und,4388,hogar/higiene-y-limpieza
672607,LIMPIADOR DE COCINA LIMPIEZA PROFUNDA,"Bs. 3.118,58",https://pccentro.net.ve/img/s/3/6/2/8/8/36288-large_default.webp,/producto/hogar/higiene-y-limpieza/672607/desengras-mr-musculo-verd-repu-x-500-ml,4388,hogar/higiene-y-limpieza
675190,BRISOL LAVAPLATOS 825ML,"Bs. 6.762,57",https://pccentro.net.ve/img/s/5/9/8/5/4/59854-large_default.webp,/producto/hogar/higiene-y-limpieza/675190/lavaplatos-brisol-multiaccion-825ml-colgate,4388,hogar/higiene-y-limpieza
702731,JABÓN ABC POLVO LIMPIO BRILLANTE LIMPIEZA PROFUNDA 800GR,"Bs. 2.474,52",https://pccentro.net.ve/img/s/8/9/1/0/9/89109-large_default.webp,/producto/hogar/higiene-y-limpieza/702731/jabon-abc-polvo-limpio-brillante-limpieza-profunda-800gr,4388,hogar/higiene-y-limpieza
704281,DESTAPA CAÑERIA DRANO MAX GEL,"Bs. 12.821,77",https://pccentro.net.ve/img/s/5/4/4/0/5/54405-large_default.webp,/producto/hogar/higiene-y-limpieza/704281/drano-max-gel-destapa-canerias-x-946ml-johnsons,4388,hogar/higiene-y-limpieza
705428,Limpieza AVANZADA CARICIAS de bebe,"Bs. 9.703,19",https://pccentro.net.ve/img/s/3/0/5/6/7/30567-large_default.webp,/producto/hogar/higiene-y-limpieza/705428/desinfectante-mr-musculo-glade-bebe-3785ml,4388,hogar/higiene-y-limpieza
705430,LAVAPLATOS EN CREMA LIMÓN,"Bs. 5.881,23",https://pccentro.net.ve/img/s/4/2/7/0/2/42702-large_default.webp,/producto/hogar/higiene-y-limpieza/705430/lavaplatos-axion-multiuso-crem-limon-x-850g,4388,hogar/higiene-y-limpieza
744915,VANISH ROPA COLOR POLVO X 850 GR,"Bs. 31.219,69",https://pccentro.net.ve/img/s/9/6/4/6/3/96463-large_default.webp,/producto/hogar/higiene-y-limpieza/744915/vanish-ropa-color-polvo-x-850-gr,4388,hogar/higiene-y-limpieza
326012,Insecticida Unidad Electrica + 4 Pastillas,"Bs. 8.915,07",https://pccentro.net.ve/img/s/3/8/7/1/0/38710-large_default.webp,/producto/hogar/higiene-y-limpieza/326012/raid-repelente-unid-electrico-pastillas,4388,hogar/higiene-y-limpieza
306564,FORMULA ANTIPOLVO NATURAL,"Bs. 5.762,59",https://pccentro.net.ve/img/s/1/7/0/8/3/17083-large_default.webp,/producto/hogar/higiene-y-limpieza/306564/limp-pride-natural-360-ml,4388,hogar/higiene-y-limpieza
646410,SUAVIZANTE FLORAL,"Bs. 4.635,50",https://pccentro.net.ve/img/s/6/7/5/0/7/67507-large_default.webp,/producto/hogar/higiene-y-limpieza/646410/downy-suavizante-frag-aroma-floral-x-700ml-polar,4388,hogar/higiene-y-limpieza
651617,GLADE AUTO + AROMA VAINILLA,"Bs. 18.296,23",https://pccentro.net.ve/img/s/6/7/5/4/8/67548-large_default.webp,/producto/hogar/higiene-y-limpieza/651617/glade-automatico-kit-abrazos-de-vainlla-x175-gr,4388,hogar/higiene-y-limpieza
670064,AMBIENTADOR GLADE VARITAS FRUTOS ROJOS X6 UNIDADES,"Bs. 7.974,41",https://pccentro.net.ve/img/s/8/3/5/1/8/83518-large_default.webp,/producto/hogar/higiene-y-limpieza/670064/ambientador-glade-varitas-frutos-rojos-x6-unid,4388,hogar/higiene-y-limpieza
672402,QUITAMANCHAS VANISH ROSA,"Bs. 9.025,24",https://pccentro.net.ve/img/s/5/4/8/0/9/54809-large_default.webp,/producto/hogar/higiene-y-limpieza/672402/quitamanchas-vanish-rosa-liq-x-900-ml-fisa,4388,hogar/higiene-y-limpieza
672403,QUITAMANCHAS VANISH POLVO ROSADO FISA,"Bs. 17.457,26",https://pccentro.net.ve/img/s/5/5/3/0/6/55306-large_default.webp,/producto/hogar/higiene-y-limpieza/672403/quitamanchas-vanish-rosa-oxi-action-polvo-x-450-gr-fisa,4388,hogar/higiene-y-limpieza
672405,QUITAMANCHAS VANISH BLANCO TOTAL 450ML,"Bs. 4.610,07",https://pccentro.net.ve/img/s/8/1/9/6/5/81965-large_default.webp,/producto/hogar/higiene-y-limpieza/672405/quitamanchas-vanish-blanco-total-450ml,4388,hogar/higiene-y-limpieza
672785,BOLSAS PLASTICAS 28.8 X 24.1 X 6.6 CM,"Bs. 4.550,75",https://pccentro.net.ve/img/s/6/0/5/5/0/60550-large_default.webp,/producto/hogar/higiene-y-limpieza/672785/ziploc-guardar-grandes-10-unid,4388,hogar/higiene-y-limpieza
696145,SUAVIZANTE DOWNY PERLAS DE PERFUME FRESH 345GR P&G POLAR,"Bs. 17.499,64",https://pccentro.net.ve/img/s/8/7/7/6/9/87769-large_default.webp,/producto/hogar/higiene-y-limpieza/696145/suavizante-downy-perlas-de-perfume-fresh-345gr-pg-polar,4388,hogar/higiene-y-limpieza
702394,GEL ANTIBACTERIAL PULP PLUS ACTIVE  90 ML,"Bs. 2.677,91",https://pccentro.net.ve/img/s/8/9/0/2/4/89024-large_default.webp,/producto/hogar/higiene-y-limpieza/702394/gel-antibacterial-pulp-plus-active-90-ml,4388,hogar/higiene-y-limpieza
705429,MR MUSCULO BAÑO LIMPIEZA PODER REP X500ML,"Bs. 3.152,48",https://pccentro.net.ve/img/s/9/0/1/4/9/90149-large_default.webp,/producto/hogar/higiene-y-limpieza/705429/limp-mr-musculo-bano-limp-poder-rep-x500ml,4388,hogar/higiene-y-limpieza
240224,AEROSOL DOBLE ACCION VOLADORES,"Bs. 4.355,84",https://pccentro.net.ve/img/s/8/9/2/8/4/89284-large_default.webp,/producto/hogar/higiene-y-limpieza/240224/baygon-aer-doble-accion-voladores-x-235ml-1,4388,hogar/higiene-y-limpieza
725928,PILA ENERGIZER AA ALCALINA,"Bs. 1.872,84",https://pccentro.net.ve/img/s/4/4/8/3/4/44834-large_default.webp,/producto/hogar/higiene-y-limpieza/725928/pilas-energizer-max-alkalina-aa-x2-und,4388,hogar/higiene-y-limpieza
244889,LAVAPLATOS MULTIUSO EN CREMA,"Bs. 2.474,52",https://pccentro.net.ve/img/s/7/3/6/1/9/73619-large_default.webp,/producto/hogar/higiene-y-limpieza/244889/las-llaves-multiuso-crema-x250-gr-polar,4388,hogar/higiene-y-limpieza
248823,PAÑO TODO USO,"Bs. 1.262,69",https://pccentro.net.ve/img/s/2/3/3/4/0/23340-large_default.webp,/producto/hogar/higiene-y-limpieza/248823/pano-limp-amarillo-izy-x2-und,4388,hogar/higiene-y-limpieza
241466,pilas 23A 12V,"Bs. 1.406,75",https://pccentro.net.ve/img/s/2/7/6/5/4/27654-large_default.webp,/producto/hogar/higiene-y-limpieza/241466/pila-12v-23a-tianqui-x1,4388,hogar/higiene-y-limpieza
321241,FORMULA ANTIPOLVO AROMA NARANJA,"Bs. 5.762,59",https://pccentro.net.ve/img/s/7/3/6/1/4/73614-large_default.webp,/producto/hogar/higiene-y-limpieza/321241/limp-pride-aerosol-naranja-x-360ml,4388,hogar/higiene-y-limpieza
259977,LAVAPLATOS 2x LIMÓN,"Bs. 5.059,22",https://pccentro.net.ve/img/s/7/5/9/8/1/75981-large_default.webp,/producto/hogar/higiene-y-limpieza/259977/axion-lavaplatos-liquido-x400-ml,4388,hogar/higiene-y-limpieza
259968,LIQUIDO MULTIUSO,"Bs. 2.906,72",https://pccentro.net.ve/img/s/1/7/0/7/7/17077-large_default.webp,/producto/hogar/higiene-y-limpieza/259968/ajax-desengrasante-multisuperficie-x-500ml,4388,hogar/higiene-y-limpieza
308807,PAÑO EXTRA ABSORBENTE,"Bs. 2.805,03",https://pccentro.net.ve/img/s/7/3/7/2/3/73723-large_default.webp,/producto/hogar/higiene-y-limpieza/308807/izyclean-pano-absorvente-x2-und-1,4388,hogar/higiene-y-limpieza
241136,LIMPIADOR ANTIBACTERIAL GLADE BEBE,"Bs. 3.720,26",https://pccentro.net.ve/img/s/7/3/7/3/8/73738-large_default.webp,/producto/hogar/higiene-y-limpieza/241136/limp-mr-musculo-antib-bebe-900-ml-1,4388,hogar/higiene-y-limpieza
286400,LIMPIADOR MULTIUSO CLORO,"Bs. 5.525,31",https://pccentro.net.ve/img/s/2/9/3/5/1/29351-large_default.webp,/producto/hogar/higiene-y-limpieza/286400/fabuloso-al-cloroantibacteria-liquido-x1-lt,4388,hogar/higiene-y-limpieza
239876,DESINFECTANTE FLORES PERFECTION,"Bs. 2.728,76",https://pccentro.net.ve/img/s/2/9/3/4/0/29340-large_default.webp,/producto/hogar/higiene-y-limpieza/239876/limp-mr-musculo-floral-perf-900-ml-1,4388,hogar/higiene-y-limpieza
702814,GEL ANTIBACTERIAL NEVADA VAINILLA 60ML,"Bs. 1.262,69",https://pccentro.net.ve/img/s/8/2/7/7/8/82778-large_default.webp,/producto/hogar/higiene-y-limpieza/702814/gel-antibacterial-nevada-vainilla-60ml,4388,hogar/higiene-y-limpieza
704323,JABÓN PEDI AZUFRADO X 100GR,"Bs. 2.466,05",https://pccentro.net.ve/img/s/8/9/7/4/8/89748-large_default.webp,/producto/hogar/higiene-y-limpieza/704323/jabon-pedi-azufrado-x-100gr,4388,hogar/higiene-y-limpieza
740504,DETERGENTE ARIEL PODER Y CUIDADO,"Bs. 1.881,32",https://pccentro.net.ve/img/s/6/9/3/8/8/69388-large_default.webp,/producto/hogar/higiene-y-limpieza/740504/detergente-ariel-poder-y-cuidado-400gr-pg-polar,4388,hogar/higiene-y-limpieza
627976,ESPONJA SALVA UÑAS,"Bs. 1.211,84",https://pccentro.net.ve/img/s/7/3/7/2/7/73727-large_default.webp,/producto/hogar/higiene-y-limpieza/627976/esponja-salva-unas-izy-x1,4388,hogar/higiene-y-limpieza
472789,PAPEL HIGIENICO ROSAL PLUS 400 HOJAS,"Bs. 1.983,01",https://pccentro.net.ve/img/s/6/1/4/6/1/61461-large_default.webp,/producto/hogar/higiene-y-limpieza/472789/papel-hig-rosal-plus-naranja-400h-x-4-paveca,4388,hogar/higiene-y-limpieza
706489,PILAS ENERGIZER MAX ALKALINA  AAA X2,"Bs. 1.898,27",https://pccentro.net.ve/img/s/7/5/0/5/7/75057-large_default.webp,/producto/hogar/higiene-y-limpieza/706489/pilas-energizer-max-alkalina-aaa-x2-und,4388,hogar/higiene-y-limpieza
715175,TOALLIN MEGA ABSORBENTE,"Bs. 1.711,83",https://pccentro.net.ve/img/s/4/6/4/4/9/46449-large_default.webp,/producto/hogar/higiene-y-limpieza/715175/toallin-mega-absorbente-scott-x-45-hojas,4388,hogar/higiene-y-limpieza
597769,PASTILLAS TANQUE JHONSOM,"Bs. 6.465,97",https://pccentro.net.ve/img/s/7/3/6/3/6/73636-large_default.webp,/producto/hogar/higiene-y-limpieza/597769/pato-pastillas-40gr-x4-unid,4388,hogar/higiene-y-limpieza
472788,ROSAL PLUS 600 HOJAS,"Bs. 2.745,71",https://pccentro.net.ve/img/s/7/8/6/3/6/78636-large_default.webp,/producto/hogar/higiene-y-limpieza/472788/papel-hig-rosal-plus-amarillo-600-h-x-4-paveca,4388,hogar/higiene-y-limpieza
472826,ESPONJA JABONOSA,"Bs. 2.152,50",https://pccentro.net.ve/img/s/7/3/7/2/6/73726-large_default.webp,/producto/hogar/higiene-y-limpieza/472826/esponja-lana-jabonosa-x-5,4388,hogar/higiene-y-limpieza
706491,PAPEL HIGIENICO BLOOM AZUL 410 HOJAS DOBLE,"Bs. 3.898,22",https://pccentro.net.ve/img/s/5/8/0/0/8/58008-large_default.webp,/producto/hogar/higiene-y-limpieza/706491/papel-higienico-bloom-azul-410-h-doble-x-4,4388,hogar/higiene-y-limpieza
706496,LAVAPLATO LIQUIDO AXION LIMON,"Bs. 7.194,77",https://pccentro.net.ve/img/s/8/8/1/0/7/88107-large_default.webp,/producto/hogar/higiene-y-limpieza/706496/lavaplatos-axion-liquido-limon-750ml-colgate,4388,hogar/higiene-y-limpieza
706497,ACONDICIONADOR DE TELAS BABY,"Bs. 6.584,61",https://pccentro.net.ve/img/s/4/7/6/9/8/47698-large_default.webp,/producto/hogar/higiene-y-limpieza/706497/suave-suavitel-baby-1-lt-colgate,4388,hogar/higiene-y-limpieza
706500,PAPEL HIGIENICO ROSAL PLUS AZUL 420 HOJAS X4 UNIDAD PAVECA,"Bs. 2.762,65",https://pccentro.net.ve/img/s/9/0/3/1/9/90319-large_default.webp,/producto/hogar/higiene-y-limpieza/706500/papel-higienico-rosal-plus-azul-420h-x4-und-paveca,4388,hogar/higiene-y-limpieza
706504,PAPEL HIGIENICO RINDEMAX,"Bs. 2.262,66",https://pccentro.net.ve/img/s/5/1/3/2/7/51327-large_default.webp,/producto/hogar/higiene-y-limpieza/706504/papel-higienico-scott-rindemax-x-4-rollos,4388,hogar/higiene-y-limpieza
472730,PAPEL ROSAL HIGIENICO PLUS 300 HOJAS,"Bs. 1.245,74",https://pccentro.net.ve/img/s/8/5/2/8/5/85285-large_default.webp,/producto/hogar/higiene-y-limpieza/472730/papel-hig-rosal-plus-vinotinto-300h-x-4-paveca,4388,hogar/higiene-y-limpieza
472737,AMBIENTADOR CAMPOS DE LAVANDA,"Bs. 3.737,21",https://pccentro.net.ve/img/s/6/7/3/0/8/67308-large_default.webp,/producto/hogar/higiene-y-limpieza/472737/ambientador-glade-aer-5-en-1-campos-de-lavanda-x-360ml,4388,hogar/higiene-y-limpieza
472744,REPELENTE DE INSECTOS CREMA,"Bs. 4.474,48",https://pccentro.net.ve/img/s/7/3/7/2/4/73724-large_default.webp,/producto/hogar/higiene-y-limpieza/472744/avispa-repelente-crema-tubo-x-100-gr,4388,hogar/higiene-y-limpieza
472746,DISCO ACTIVO REPUESTO LIMON FRESCO,"Bs. 4.669,39",https://pccentro.net.ve/img/s/5/5/5/1/9/55519-large_default.webp,/producto/hogar/higiene-y-limpieza/472746/pato-repuesto-disco-activos-lima-fresca-38gr-x-6-unid,4388,hogar/higiene-y-limpieza
472748,PATO PURIFICADOR DISCO ACTIVO BRISA DEL MAR,"Bs. 4.999,90",https://pccentro.net.ve/img/s/7/3/6/3/4/73634-large_default.webp,/producto/hogar/higiene-y-limpieza/472748/pato-disco-activos-brisa-de-mar-38gr-x-6-unid,4388,hogar/higiene-y-limpieza
472752,GOLD MATA CUCARACHAS,"Bs. 6.372,75",https://pccentro.net.ve/img/s/2/9/3/6/3/29363-large_default.webp,/producto/hogar/higiene-y-limpieza/472752/raid-aer-gold-rastreros-x-360-ml,4388,hogar/higiene-y-limpieza
472762,AMBIENTADOR GLADE AER MANZANA Y CANELA REPUESTO,"Bs. 6.160,89",https://pccentro.net.ve/img/s/7/7/1/5/0/77150-large_default.webp,/producto/hogar/higiene-y-limpieza/472762/ambientador-glade-aer-manzana-y-canela-repuesto-x-175gr,4388,hogar/higiene-y-limpieza
472770,AEROSOL AROMA VAINILLA,"Bs. 4.466,01",https://pccentro.net.ve/img/s/7/3/7/3/7/73737-large_default.webp,/producto/hogar/higiene-y-limpieza/472770/ambientador-glade-aer-5-en-1-abrazos-de-vainilla-x-360ml,4388,hogar/higiene-y-limpieza
472771,AMBIENTADOR AEROSOL FRESH LIMON 5 EN 1,"Bs. 3.728,74",https://pccentro.net.ve/img/s/7/3/7/3/0/73730-large_default.webp,/producto/hogar/higiene-y-limpieza/472771/ambientador-glade-aer-5-en-1-fresh-lemon-x-360ml,4388,hogar/higiene-y-limpieza
472776,BAYGON VERDE CUCARACHA-INSECTO,"Bs. 3.499,93",https://pccentro.net.ve/img/s/2/9/3/6/2/29362-large_default.webp,/producto/hogar/higiene-y-limpieza/472776/baygon-aer-verde-rastreros-x-235ml,4388,hogar/higiene-y-limpieza
472785,PAPEL HIGIENICO SUAVE GOLD MORADO 270HOJAS X4 ROLLOS SOFT CARE,"Bs. 3.245,70",https://pccentro.net.ve/img/s/2/5/8/1/6/25816-large_default.webp,/producto/hogar/higiene-y-limpieza/472785/papel-hig-suave-gold-morado-270h-x4-rollos,4388,hogar/higiene-y-limpieza
472787,PAPEL HIGIÉNICO PLUS ROSAL VERDE 215 HOJAS X 4 ROLLOS PAVECA,"Bs. 762,70",https://pccentro.net.ve/img/s/2/2/0/8/9/22089-large_default.webp,/producto/hogar/higiene-y-limpieza/472787/papel-hig-rosal-plus-verde-215-h-x-4-paveca,4388,hogar/higiene-y-limpieza
472803,LAVAPLATOS EN CREMA,"Bs. 2.372,83",https://pccentro.net.ve/img/s/1/7/0/5/2/17052-large_default.webp,/producto/hogar/higiene-y-limpieza/472803/lavaplatos-axion-contra-la-grasa-x-235gr-colgate,4388,hogar/higiene-y-limpieza
472804,LAVAPLATOS PASTA LIMON,"Bs. 3.618,57",https://pccentro.net.ve/img/s/7/3/7/4/0/73740-large_default.webp,/producto/hogar/higiene-y-limpieza/472804/lavaplatos-axion-pasta-limon-x450-gr-colgate,4388,hogar/higiene-y-limpieza
472828,SERVILLETAS ZZZ TIPO PEQUEÑA X160 UNIDADES PAVECA,"Bs. 881,34",https://pccentro.net.ve/img/s/7/3/7/2/5/73725-large_default.webp,/producto/hogar/higiene-y-limpieza/472828/servilletas-zzz-tipo-pequena-x-160-unds-paveca,4388,hogar/higiene-y-limpieza
627971,SPRAY MATA-INSECTOS RASTREROS,"Bs. 5.169,38",https://pccentro.net.ve/img/s/3/4/1/8/4/34184-large_default.webp,/producto/hogar/higiene-y-limpieza/627971/raid-aer-max-rastreros-x360-ml,4388,hogar/higiene-y-limpieza
628033,GLADE ACEITE REP MANZANA CANELA 21ML,"Bs. 11.220,19",https://pccentro.net.ve/img/s/7/3/6/3/7/73637-large_default.webp,/producto/hogar/higiene-y-limpieza/628033/ambientador-glade-aceites-manzana-y-cane,4388,hogar/higiene-y-limpieza
706494,GEL LIMPIADOR ACCION PROFUNDA BRISAS DEL MAR,"Bs. 4.474,48",https://pccentro.net.ve/img/s/2/9/7/3/0/29730-large_default.webp,/producto/hogar/higiene-y-limpieza/706494/pato-gel-accion-profunda-marine-500-ml,4388,hogar/higiene-y-limpieza
706495,GEL LIMPIADOR DE ACCION PROFUNDA PINO,"Bs. 4.474,48",https://pccentro.net.ve/img/s/2/9/7/2/8/29728-large_default.webp,/producto/hogar/higiene-y-limpieza/706495/pato-gel-accion-profunda-pine-500-ml,4388,hogar/higiene-y-limpieza
706503,AROMATIZANTE ANTIBACTERIAL ROCIO,"Bs. 1.440,65",https://pccentro.net.ve/img/s/8/6/4/4/7/86447-large_default.webp,/producto/hogar/higiene-y-limpieza/706503/aromatizante-calidex-gtas-d-rocio-1-lt,4388,hogar/higiene-y-limpieza
706505,QUITAMANCHAS VANISH R/BLANCA LIQUIDO FISA,"Bs. 8.889,73",https://pccentro.net.ve/img/s/5/4/8/0/6/54806-large_default.webp,/producto/hogar/higiene-y-limpieza/706505/vanish-quitamancha-blanco-total-liquido-900ml,4388,hogar/higiene-y-limpieza
706506,VANISH OXI MULTIPOWER OXIPOT,"Bs. 10.025,30",https://pccentro.net.ve/img/s/5/3/9/6/1/53961-large_default.webp,/producto/hogar/higiene-y-limpieza/706506/vanish-quitamanchas-rosa-240gr,4388,hogar/higiene-y-limpieza
709064,VELA MANZANA/CANELA VASO,"Bs. 7.364,25",https://pccentro.net.ve/img/s/8/7/7/3/0/87730-large_default.webp,/producto/hogar/higiene-y-limpieza/709064/glade-ambientador-vela-manzana-y-canela-96gr,4388,hogar/higiene-y-limpieza
715891,COCINA ANTIGRASA NARANJA PISTOLA,"Bs. 3.288,07",https://pccentro.net.ve/img/s/3/4/8/5/4/34854-large_default.webp,/producto/hogar/higiene-y-limpieza/715891/limpiador-mr-musculo-cocina-accion-naranja-500ml,4388,hogar/higiene-y-limpieza
715986,Limpia Inodoros Naturaleza,"Bs. 2.593,17",https://pccentro.net.ve/img/s/2/7/4/1/2/27412-large_default.webp,/producto/hogar/higiene-y-limpieza/715986/limp-mr-musculo-5-en-1-natural-500-ml,4388,hogar/higiene-y-limpieza
731383,DESENGRASANTE DE COCINA,"Bs. 4.347,37",https://pccentro.net.ve/img/s/3/5/6/1/4/35614-large_default.webp,/producto/hogar/higiene-y-limpieza/731383/desengrasante-mr-musculo-verde-fu-x-500ml,4388,hogar/higiene-y-limpieza
733094,DESINFECTANTE AEROSOL FAMILY GUARD,"Bs. 8.271,10",https://pccentro.net.ve/img/s/6/4/9/3/2/64932-large_default.webp,/producto/hogar/higiene-y-limpieza/733094/ambientador-family-guard-frescura-campestre-360-ml,4388,hogar/higiene-y-limpieza
737115,PASTILLAS CLOROX PARA INODORO X6 UNIDADES,"Bs. 17.050,58",https://pccentro.net.ve/img/s/9/3/8/4/3/93843-large_default.webp,/producto/hogar/higiene-y-limpieza/737115/pastillas-clorox-para-inodoro-x6-und,4388,hogar/higiene-y-limpieza
754758,PATO GEL DESTRUCTOR SARRO Y MUGRE X 710 ML,"Bs. 5.118,54",https://pccentro.net.ve/img/s/6/0/1/1/3/60113-large_default.webp,/producto/hogar/higiene-y-limpieza/754758/pato-gel-destructor-sarro-y-mugre-x-710-ml,4388,hogar/higiene-y-limpieza
601288,JABON EN PANELA,"Bs. 745,75",https://pccentro.net.ve/img/s/3/0/8/4/5/30845-large_default.webp,/producto/hogar/higiene-y-limpieza/601288/jab-las-llaves-panela-azul-x250gr-polar,4388,hogar/higiene-y-limpieza
526275,DESINFECTANTE ANTIBACTERIAL FRESCA LAVANDA,"Bs. 5.016,84",https://pccentro.net.ve/img/s/9/4/4/1/4/94414-large_default.webp,/producto/hogar/higiene-y-limpieza/526275/fabuloso-fresco-lavanda-x-1-lt-colgate,4388,hogar/higiene-y-limpieza
526221,SOLUCIÓN DESINFECTANTE EN SPRAY,"Bs. 5.771,07",https://pccentro.net.ve/img/s/3/2/4/2/8/32428-large_default.webp,/producto/hogar/higiene-y-limpieza/526221/somtex-solucion-desinf-spray-x-240ml,4388,hogar/higiene-y-limpieza
526261,TOALLIN MULTIUSO TOWELS 80 HOJAS,"Bs. 1.372,85",https://pccentro.net.ve/img/s/9/4/7/5/8/94758-large_default.webp,/producto/hogar/higiene-y-limpieza/526261/toallin-rosal-blanco-80-h-paveca,4388,hogar/higiene-y-limpieza
724778,Pastillas repelentes para zancudos,"Bs. 3.669,42",https://pccentro.net.ve/img/s/3/9/7/7/9/39779-large_default.webp,/producto/hogar/higiene-y-limpieza/724778/insect-raid-pastillas-lam-x-12-repuesto,4388,hogar/higiene-y-limpieza
733016,LIMPIADOR CON BICARBONATO NARANJA/LIMOM,"Bs. 4.991,42",https://pccentro.net.ve/img/s/4/6/9/2/6/46926-large_default.webp,/producto/hogar/higiene-y-limpieza/733016/limp-ajax-bicarbonato-x-1l-colgate,4388,hogar/higiene-y-limpieza
526247,GLADE AUTO CAR AQUA EN GEL,"Bs. 3.389,76",https://pccentro.net.ve/img/s/7/3/6/3/5/73635-large_default.webp,/producto/hogar/higiene-y-limpieza/526247/ambientador-glade-gel-carro-cacqua-x-70gr,4388,hogar/higiene-y-limpieza
601291,Lavaplatos Liquido,"Bs. 5.432,09",https://pccentro.net.ve/img/s/1/7/1/4/1/17141-large_default.webp,/producto/hogar/higiene-y-limpieza/601291/las-llaves-lavaplatos-liq-x-500ml-polar,4388,hogar/higiene-y-limpieza
633755,DESINFECTANTE CON VINAGRE ACTIVO MAREA CRISTALINA,"Bs. 2.432,15",https://pccentro.net.ve/img/s/2/8/0/7/2/28072-large_default.webp,/producto/hogar/higiene-y-limpieza/633755/las-llaves-liq-marea-cristalina-500ml-po,4388,hogar/higiene-y-limpieza
724774,JABON ACE LIMPIEZA INCREIBLE X 400 GR P&G POLAR,"Bs. 1.559,29",https://pccentro.net.ve/img/s/6/8/9/9/4/68994-large_default.webp,/producto/hogar/higiene-y-limpieza/724774/jabon-ace-polvo-limpieza-increible-400gr-pg-polar,4388,hogar/higiene-y-limpieza
724781,TOALLIN DURAMAX REUTILIZABLE,"Bs. 3.711,79",https://pccentro.net.ve/img/s/6/3/3/3/8/63338-large_default.webp,/producto/hogar/higiene-y-limpieza/724781/toallin-duramax-reutilizable-scott-x-52-unds,4388,hogar/higiene-y-limpieza
733015,LIMPIADOR LIQUIDO MULTIUSOS,"Bs. 9.660,82",https://pccentro.net.ve/img/s/5/0/7/2/2/50722-large_default.webp,/producto/hogar/higiene-y-limpieza/733015/desinfectante-ajax-multisuperficie-x-2-lt-colgate,4388,hogar/higiene-y-limpieza
740915,DETERGENTE EN POLVO ACE 2KG POLAR,"Bs. 7.364,25",https://pccentro.net.ve/img/s/9/6/4/6/7/96467-large_default.webp,/producto/hogar/higiene-y-limpieza/740915/detergente-ace-2kg-polar,4388,hogar/higiene-y-limpieza
741340,DETERGENTE EN POLVO CARICIA CÍTRICA,"Bs. 2.237,24",https://pccentro.net.ve/img/s/9/2/9/9/3/92993-large_default.webp,/producto/hogar/higiene-y-limpieza/741340/jabon-las-llaves-suave-cuidado-caricia-citrica-900gr-polar,4388,hogar/higiene-y-limpieza
