producto_id,nombre_comercial,foto_url,score,desc_cobeca
38471,"METREN 500 mg X 10 CAPSULAS BLANDAS VAGINALES","https://mav.farmaciasaas.com/api/images/articulos/DISTRIBUCION/6011.jpg",0.637,"METREN CAP BLD VAG 500MG X10 MEY"
37597,"BLOCAX PLUS 16 mg - 12,5 mg X 30 TABLETAS","https://mav.farmaciasaas.com/api/images/articulos/DISTRIBUCION/19969.jpg",0.730,"BLOCAX PLUS TAB 16MG/12,5MG X30 BIOTECH"
38477,"METRONIDAZOL 500 mg X 10 OVULOS VAGINALES","https://mav.farmaciasaas.com/api/images/articulos/DISTRIBUCION/21032.jpg",0.732,"METRONIDAZOL OVU 500MG X10 ALESS"
38438,"MELOXICAM 15 mg X 10 TABLETAS","https://mav.farmaciasaas.com/api/images/articulos/DISTRIBUCION/23028.jpg",0.875,"MELOXICAM TAB 15MG X10 CR LATT"
38357,"LIOLACTIL (Lactobacilos rhamnosus) 1,5g X 6 POLVO PARA SUSPENSION ORAL SOBRES","https://mav.farmaciasaas.com/api/images/articulos/DISTRIBUCION/2161.jpg",0.696,"LIOLACTIL SOB 1,5G X6 ELM"
37324,"ACETAMINOFEN 500 mg X 20 TABLETAS","https://mav.farmaciasaas.com/api/images/articulos/DISTRIBUCION/7537.jpg",0.917,"ACETAMINOFEN TAB 500MG X20 PHARME"
38318,"LEPRIT 25 mg X 30 TABLETAS","https://mav.farmaciasaas.com/api/images/articulos/DISTRIBUCION/11553.jpg",0.829,"LEPRIT TAB 25MG X30 PHARME"
37984,"DOXICICLINA 100 mg X 10 CAPSULAS","https://mav.farmaciasaas.com/api/images/articulos/DISTRIBUCION/27620.jpg",0.928,"DOXICICLINA CAP 100MG X10 CR MT"
37300,"ACIDO FOLICO 10 mg X 30 TABLETAS","https://mav.farmaciasaas.com/api/images/articulos/DISTRIBUCION/92857.jpg",0.942,"ACIDO FOLICO TAB 10MG X30 PLX"
38227,"IBUTAN 200 mg / 5 mL SUSPENSION","https://mav.farmaciasaas.com/api/images/articulos/DISTRIBUCION/94585.jpg",0.653,"IBUTAN SUSP 200MG/5ML 60ML MEY"
37396,"ALGOREN 10 mg X 20 TABLETAS","https://mav.farmaciasaas.com/api/images/articulos/DISTRIBUCION/104.jpg",0.829,"ALGOREN TAB 10MG X20 RNV"
38127,"FLUOXETINA 20 mg X 14 CAPSULAS","https://mav.farmaciasaas.com/api/images/articulos/DISTRIBUCION/3221.jpg",0.913,"FLUOXETINA CAP 20MG X14 BIOTECH"
38774,"SELENE 400 UI - 70 mcg X 30 CAPSULAS BLANDAS","https://mav.farmaciasaas.com/api/images/articulos/DISTRIBUCION/4898.jpg",0.837,"SELENE CAP BLD 400UI/70MCG X30 VIV"
38956,"FARMAD 1000 UI X 100 TABLETAS RECUBIERTAS","https://mav.farmaciasaas.com/api/images/articulos/DISTRIBUCION/5310.jpg",0.788,"VIT C TAB 1000MG X100 NOW"
37683,"CARBATIL 6,25 mg X 30 TABLETAS","https://mav.farmaciasaas.com/api/images/articulos/DISTRIBUCION/6142.jpg",0.750,"CARBATIL TAB 6,25MG X30 BIOTECH"
38491,"MILAX 50% X 20 SOLUCION ORAL","https://mav.farmaciasaas.com/api/images/articulos/DISTRIBUCION/94281.jpg",0.672,"MILAX PVO SOL ORAL 120G RNV"
37390,"ALBICAR 200 mg X 6 TABLETAS","https://mav.farmaciasaas.com/api/images/articulos/DISTRIBUCION/9782.jpg",0.769,"ALBICAR TAB 200MG X6 ELM"
37428,"AMLODIPINA 10 mg X 30 TABLETAS","https://mav.farmaciasaas.com/api/images/articulos/DISTRIBUCION/12054.jpg",0.887,"AMLODIPINA TAB 10MG X30 CLX"
37651,"CANDER 32 mg X 30 TABLETAS","https://mav.farmaciasaas.com/api/images/articulos/DISTRIBUCION/14972.jpg",0.783,"CANDER TAB 32MG X 30"
38420,"MADECASSOL 1% UNGUENTO","https://mav.farmaciasaas.com/api/images/articulos/DISTRIBUCION/16764.jpg",0.625,"MADECASSOL UNG 1% 10G PLN"
38377,"LOPERAM 2 mg X 10 TABLETAS","https://mav.farmaciasaas.com/api/images/articulos/DISTRIBUCION/18988.jpg",1.000,"LOPERAM TAB X10 VARG"
37494,"ARUDIL 15 mg X 30 TABLETAS RECUBIERTAS","https://mav.farmaciasaas.com/api/images/articulos/DISTRIBUCION/19966.jpg",0.693,"ARUDIL TAB 15MG X30 FAR"
39513,"GABICTAL 300 mg X 30 COMPRIMIDOS RECUBIERTOS","https://mav.farmaciasaas.com/api/images/articulos/DISTRIBUCION/20432.jpg",0.681,"GABAPENTINA TAB 300MG X30 ANG/H"
37677,"CARBAMAZEPINA 200 mg X 20 COMPRIMIDOS","https://mav.farmaciasaas.com/api/images/articulos/DISTRIBUCION/20947.jpg",0.892,"CARBAMAZEPINA TAB 200MG X20 CR DAC"
37658,"CANDESARTAN 8 mg X 30 COMPRIMIDOS","https://mav.farmaciasaas.com/api/images/articulos/DISTRIBUCION/14216.jpg",0.942,"CANDESARTAN COMP 8MG X30 LETI"
37699,"CARVEDILOL 6,25 mg X 30 TABLETAS RECUBIERTAS","https://mav.farmaciasaas.com/api/images/articulos/DISTRIBUCION/98456.jpg",0.880,"CARVEDILOL COM 6.25 MG X 30"
38445,"MENTOL DAVIS UNGUENTO","https://mav.farmaciasaas.com/api/images/articulos/DISTRIBUCION/27014.jpg",0.786,"MENTOL DAVIS UNG 28,35 X12 GCP"
38714,"QUETIVAL 25 mg X 30 TABLETAS RECUBIERTAS","https://mav.farmaciasaas.com/api/images/articulos/DISTRIBUCION/27421.jpg",0.779,"QUETIVAL TAB REC 25MG X30 VLM"
38411,"LOSARTAN POTASICO 100 mg X 30 COMPRIMIDOS RECUBIERTOS","https://mav.farmaciasaas.com/api/images/articulos/DISTRIBUCION/52471.jpg",0.814,"LOSARTAN POTASICO TAB 100MG X30 PLX"
38940,"VECTUS 20 mg X 1 TABLETAS RECUBIERTAS","https://mav.farmaciasaas.com/api/images/articulos/DISTRIBUCION/29011.jpg",0.630,"VECTUS TAB/REC 20MG X 1"
38683,"PREDNISOLONA ACETATO 1 % SUSPENSION OFTALMICA","https://mav.farmaciasaas.com/api/images/articulos/DISTRIBUCION/28303.jpg",0.696,"PREDNISOLONA SUSP OFT 1% 5ML CR DIST"
37501,"ASARAP 20 mg X 30 COMPRIMIDOS RECUBIERTOS","https://mav.farmaciasaas.com/api/images/articulos/DISTRIBUCION/50067.jpg",0.706,"ASARAP COMP/REC 20 MG X 30"
37656,"CANDESARTAN CILEXETILO 16 mg X 10 COMPRIMIDOS","https://mav.farmaciasaas.com/api/images/articulos/DISTRIBUCION/53047.jpg",0.917,"CANDESARTAN CILEXTILO COMP 16MG X10 LETI"
38046,"ESPIRONOLACTONA 25 mg X 30 TABLETAS","https://mav.farmaciasaas.com/api/images/articulos/DISTRIBUCION/51325.jpg",0.913,"ESPIRONOLACTONA TAB 25MG X30 SIEG"
37606,"BRESIS 600 mg X 20 COMPRIMIDOS RECUBIERTOS","https://mav.farmaciasaas.com/api/images/articulos/DISTRIBUCION/54187.jpg",0.729,"BRESIS COMP REC 600MG X20 MEG"
37876,"DENCOFEN 1,16 % CREMA EN BASE GEL","https://mav.farmaciasaas.com/api/images/articulos/DISTRIBUCION/90093.jpg",1.000,"DENCOFEN CREM-GEL X20GR"
38548,"NEURIXA 75 mg X 14 CAPSULAS","https://mav.farmaciasaas.com/api/images/articulos/DISTRIBUCION/93668.jpg",0.718,"NEURIXA CAP 75MG X14 FAR"
38882,"TONUM 10 mg X 30 TABLETAS","https://mav.farmaciasaas.com/api/images/articulos/DISTRIBUCION/95057.jpg",0.669,"TONUM TAB 10MG X30 BIOTECH"
37829,"COLFENE 600 mg - 4 mg X 15 COMPRIMIDOS RECUBIERTOS","https://mav.farmaciasaas.com/api/images/articulos/DISTRIBUCION/97446.jpg",0.781,"COLFENE COMP REC 600MG/4MG X15 ELM"
38146,"GABAPANTINA 300 mg X 20 CAPSULAS","https://mav.farmaciasaas.com/api/images/articulos/DISTRIBUCION/97483.jpg",0.915,"GABAPENTINA CAP 300MG X20 CLX"
38594,"OLMESARTAN MEDOXOMILO 40 mg X 30 TABLETAS RECUBIERTAS","https://mav.farmaciasaas.com/api/images/articulos/DISTRIBUCION/99045.jpg",0.928,"OLMESARTAN MEDOXOMIL COMP/REC 40MG X 30"
38095,"FITEX 20 mg X 1 TABLETAS","https://mav.farmaciasaas.com/api/images/articulos/DISTRIBUCION/99114.jpg",0.671,"FITEX TAB 20MG X1 FAR"
38096,"FITEX 20 mg X 2 TABLETAS","https://mav.farmaciasaas.com/api/images/articulos/DISTRIBUCION/99115.jpg",0.671,"FITEX TAB 20MG X2 FAR"
37649,"CANDER HCT 16 mg - 12,5 mg X 30 TABLETAS","https://mav.farmaciasaas.com/api/images/articulos/DISTRIBUCION/99153.jpg",0.974,"CANDER HCT TAB 16MG/12,5MG X30 VLM"
39112,"BONAMES 150 mg X 1 TABLETAS RECUBIERTAS","https://mav.farmaciasaas.com/api/images/articulos/DISTRIBUCION/99210.jpg",0.673,"BONAMES TAB REC 150MG FAR"
38327,"LETISAN 500 mg X 30 COMPRIMIDOS RECUBIERTOS DE ACCION PROLONGADA","https://mav.farmaciasaas.com/api/images/articulos/DISTRIBUCION/99231.jpg",0.752,"LETISAN CAP 500MG X30 LETI"
38649,"PEGYT 75 mg X 20 CAPSULAS","https://mav.farmaciasaas.com/api/images/articulos/DISTRIBUCION/99406.jpg",0.718,"PEGYT CAP 75MG X20 LETI"
38101,"FLAVOXATO 200 mG X 10 COMPRIMIDOS RECUBIERTOS","https://mav.farmaciasaas.com/api/images/articulos/DISTRIBUCION/99485.jpg",0.892,"FLAVOXATO TAB 200MG X10 CLX"
38604,"OMEPRAZOL 20 mg X 20 CAPSULAS GASTRORRESISTENTES","https://mav.farmaciasaas.com/api/images/articulos/DISTRIBUCION/20938.jpg",0.875,"OMEPRAZOL CAP 20MG X20 CR DAC"
38815,"SULTAMICILINA 750 mg X 10 TABLETAS RECUBIERTAS","https://mav.farmaciasaas.com/api/images/articulos/DISTRIBUCION/20939.jpg",0.853,"SULTAMICILINA TAB 750MG X10 CR DAC"
37755,"CIPROFLOXACINA 500 mg X 10 TABLETAS RECUBIERTAS","https://mav.farmaciasaas.com/api/images/articulos/DISTRIBUCION/20945.jpg",0.853,"CIPROFLOXACINA TAB 500MG X10 CR DAC"
37932,"DICLOFENAC SODICO 50 mg X 20 TABLETAS CON RECUBRIMIENTO ENTERICO","https://mav.farmaciasaas.com/api/images/articulos/DISTRIBUCION/20513.jpg",0.813,"DICLOFENAC SOD TAB 50MG X20 ALESS"
39253,"IBUPROFENO - TIOCOLCHICOSIDO 600 mg - 4 mg COMPRIMIDOS RECUBIERTOS","https://mav.farmaciasaas.com/api/images/articulos/DISTRIBUCION/23146.jpg",0.870,"IBUPROFENO/TIOCOL TAB 600/4MG X10 CR DAC"
38565,"NITROFURANTOINA 50 mg X 30 TABLETAS RECUBIERTAS","https://mav.farmaciasaas.com/api/images/articulos/DISTRIBUCION/29107.jpg",0.882,"NITROFURANTOINA TAB/REC 50MG X 30 CLX"
38436,"MELIF 50 mg - 500 mg X 30 COMPRIMIDOS RECUBIERTOS","https://mav.farmaciasaas.com/api/images/articulos/DISTRIBUCION/52755.jpg",0.763,"MELIF COMP REC 50MG/500MG X30 ELM"
37950,"DIOSMINA 600 mg X 30 COMPRIMIDOS RECUBIERTOS","https://mav.farmaciasaas.com/api/images/articulos/DISTRIBUCION/53053.jpg",0.931,"DIOSMINA COMP REC 600MG X30 VARG"
37335,"ACICLOVIR CREMA 5 %","https://mav.farmaciasaas.com/api/images/articulos/DISTRIBUCION/54105.jpg",0.674,"ACICLOVIR CREM 5% 20G CR DAC"
37544,"AZITROMICINA 500mg X 5 COMPRIMIDOS RECUBIERTOS","https://mav.farmaciasaas.com/api/images/articulos/DISTRIBUCION/6090.jpg",0.962,"AZITROMICINA COMP 500MG X5 LETI"
39054,"ANTAAR 2,5 mg X 30 TABLETAS RECUBIERTAS","https://mav.farmaciasaas.com/api/images/articulos/DISTRIBUCION/15626.jpg",0.654,"ANTAAR TAB REC 2,5MG X30 CLX"
39011,"ACETAMINOFEN 500 mg X 10 TABLETAS","https://mav.farmaciasaas.com/api/images/articulos/DISTRIBUCION/22931.jpg",0.914,"ACETAMINOFEN COMP 500MG X10 LETI"
38538,"NEFROTAL 100 mg X 30 COMPRIMIDOS RECUBIERTOS","https://mav.farmaciasaas.com/api/images/articulos/DISTRIBUCION/25248.jpg",0.729,"NEFROTAL COMP 100MG X30 MEG"
39183,"DICLOFENAC POTASICO 50 mg X 10 TABLETAS RECUBIERTAS","https://mav.farmaciasaas.com/api/images/articulos/DISTRIBUCION/8409.jpg",0.746,"DICLOFENAC POTA COMP 50MG X10 LETI"
37426,"AMLODIPINA 5 mg X 30 COMPRIMIDOS","https://mav.farmaciasaas.com/api/images/articulos/DISTRIBUCION/9206.jpg",0.915,"AMLODIPINA COMP 5MG X30 LETI"
37384,"ALBENDAZOL 200 mg X 6 COMPRIMIDOS","https://mav.farmaciasaas.com/api/images/articulos/DISTRIBUCION/1526.jpg",0.917,"ALBENDAZOL TAB 200MG X6 PHARME"
39363,"SILDENAFIL 50 mg X 2 TABLETAS RECUBIERTAS","https://mav.farmaciasaas.com/api/images/articulos/DISTRIBUCION/8404.jpg",0.875,"SILDENAFIL TAB 50MG X2 MEY"
38504,"MONTELUKAST 10 mg X 10 TABLETAS RECUBIERTAS","https://mav.farmaciasaas.com/api/images/articulos/DISTRIBUCION/18804.jpg",0.875,"MONTELUKAST TAB REC 10MG X10 PHARME"
38870,"TIOCOLCHICOSIDO 4 mg / 2 mL X 2 AMPOLLAS","https://mav.farmaciasaas.com/api/images/articulos/DISTRIBUCION/20405.jpg",0.691,"TIOCOLCHICOSIDO AMP IMP 4MG/2ML X2 ALESS"
38860,"TIDOR 2 % - 0,5 % SOLUCION OFTALMICA","https://mav.farmaciasaas.com/api/images/articulos/DISTRIBUCION/25402.jpg",0.602,"TIDOR SOL OFT 2%/0,5% 5ML PHARME"
38122,"FLUDIL 10 mg X 20 TABLETAS","https://mav.farmaciasaas.com/api/images/articulos/DISTRIBUCION/1790.jpg",0.704,"FLUDIL TAB 10MG X20 PHARME"
39095,"BETADERM CON GENTAMICINA 0,1 % - 0,1 % X 1 CREMA","https://mav.farmaciasaas.com/api/images/articulos/DISTRIBUCION/7662.jpg",0.739,"GENTAMICINA CREM 1% 15G PHARME"
38614,"OMMUNAL (LISADO BACTERIANO) 7 mg X 10 CAPSULAS","https://mav.farmaciasaas.com/api/images/articulos/DISTRIBUCION/6053.jpg",0.868,"OMMUNAL CAP 7MG X10 LETI"
37569,"BETAGEN 12 mg / 3 mL X 1 AMPOLLAS","https://mav.farmaciasaas.com/api/images/articulos/DISTRIBUCION/13138.jpg",0.769,"BETAGEN SOL INY 12MG/3ML X1 BIOTECH"
37834,"COLYPAN 200 mg X 10 TABLETAS","https://mav.farmaciasaas.com/api/images/articulos/DISTRIBUCION/16762.jpg",0.905,"COLYPAN TAB 200MG X10 FAR"
39184,"DICLOFENAC POTASICO 50 mg X 30 TABLETAS RECUBIERTAS","https://mav.farmaciasaas.com/api/images/articulos/DISTRIBUCION/13815.jpg",0.746,"DICLOFENAC POTA COMP 50MG X30 LETI"
39563,"PEPSADEL 262 mg X 12 TABLETAS MASTICABLES","https://mav.farmaciasaas.com/api/images/articulos/DISTRIBUCION/26892.jpg",0.853,"PEPSADEL TAB MAST 262MG X12 DISK"
38450,"DIPIRONA 1 g / 2 mL X 3 AMPOLLAS","https://mav.farmaciasaas.com/api/images/articulos/DISTRIBUCION/29164.jpg",0.799,"METAMIZOL/DIPIRONA AMP 1G/2ML X 3"
37712,"CEFIXIMA 400 mg X 5 CAPSULAS","https://mav.farmaciasaas.com/api/images/articulos/DISTRIBUCION/29896.jpg",0.931,"CEFIXIMA CAP 400MG X5 LETI"
38868,"TIOCOLCHICOSIDO 4 mg / 2 mL X 1 AMPOLLAS","https://mav.farmaciasaas.com/api/images/articulos/DISTRIBUCION/51472.jpg",0.885,"TIOCOLCHICOSIDO AMP 4MG/2ML X1 CR GM"
39168,"CURPINOL 25 mg COMPRIMIDOS","https://mav.farmaciasaas.com/api/images/articulos/DISTRIBUCION/92398.jpg",0.750,"CURPINOL COMP 25MG X30 MEG"
39316,"NEFROTAL H 100 mg - 12,5 mg COMPRIMIDOS RECUBIERTOS","https://mav.farmaciasaas.com/api/images/articulos/DISTRIBUCION/25632.jpg",0.737,"NEFROTAL H COMP 100/12,5MG X10 MEG"
37520,"ATORVASTATINA 40 mg X 30 COMPRIMIDOS RECUBIERTOS","https://mav.farmaciasaas.com/api/images/articulos/DISTRIBUCION/98292.jpg",0.913,"ATORVASTATINA COMP 40MG X30 LETI"
38005,"ENALAPRIL 20 mg X 30 TABLETAS","https://mav.farmaciasaas.com/api/images/articulos/DISTRIBUCION/99636.jpg",0.913,"ENALAPRIL TAB 20MG X30 CLX"
38247,"INIBIL 40 mg X 14 COMPRIMIDOS CON CUBIERTA ENTERICA","https://mav.farmaciasaas.com/api/images/articulos/DISTRIBUCION/13661.jpg",0.655,"INIBIL COMP 40MG X14 DLR"
38780,"SERTRALINA 50 mg X 30 TABLETAS","https://mav.farmaciasaas.com/api/images/articulos/DISTRIBUCION/25669.jpg",0.875,"SERTRALINA TAB 50MG X30 CLEO"
37875,"DEFLAZACORT 6 mg X 30 COMPRIMIDOS","https://mav.farmaciasaas.com/api/images/articulos/DISTRIBUCION/52860.jpg",0.904,"DEFLAZACORT TAB 6MG X30 CR BEL"
38028,"ESOCOF 10 mg X 30 TABLETAS RECUBIERTAS","https://mav.farmaciasaas.com/api/images/articulos/DISTRIBUCION/54292.jpg",0.712,"ESOCOF TAB REC 10MG X30 COFA"
37959,"DIPLOZ 1 mg X 30 TABLETAS RECUBIERTAS","https://mav.farmaciasaas.com/api/images/articulos/DISTRIBUCION/22057.jpg",0.868,"DIPLOZ TAB 1MG X30 CLX"
37504,"ASPRINIL 81 mg X 40 TABLETAS CON RECUBRIMIENTO ENTERICO","https://mav.farmaciasaas.com/api/images/articulos/DISTRIBUCION/53383.jpg",0.882,"ASPRINIL TAB REC 81MG X40 BIOT"
37565,"BEPRODERM 0,05 % - 0,1 % CREMA","https://mav.farmaciasaas.com/api/images/articulos/DISTRIBUCION/94044.jpg",0.706,"BEPRODERM CREM 0,05%/0,1% 15G BIOTECH"
38574,"NORSINA 500 mg - 10 mg X 12 TABLETAS","https://mav.farmaciasaas.com/api/images/articulos/DISTRIBUCION/97499.jpg",0.745,"NORSINA TAB 500MG/10MG X12 BIOT"
37640,"VITAMINA C - ZINC 500 mg - 15 mg X 10 TABLETAS MASTICABLES SABOR A MANDARINA","https://mav.farmaciasaas.com/api/images/articulos/DISTRIBUCION/52152.jpg",0.781,"VIT C/ZINC TAB MAST 500/15MG X10 PHARME"
39324,"OLMESARTAN MEDOXOMIL 20 mg COMPRIMIDOS RECUBIERTOS","https://mav.farmaciasaas.com/api/images/articulos/DISTRIBUCION/25976.jpg",0.824,"OLMESARTAN MEDOXOM COMP REC 20MGX14 LETI"
38003,"ENALAPRIL MALEATO 10 mg X 30 TABLETAS","https://mav.farmaciasaas.com/api/images/articulos/DISTRIBUCION/26952.jpg",0.882,"ENALAPRIL TAB 10MG X30 PLX"
37691,"CARVEDILOL 12,5 mg X 30 COMPRIMIDOS","https://mav.farmaciasaas.com/api/images/articulos/DISTRIBUCION/24421.jpg",0.846,"CARVEDILOL TAB 12,5MG X30 CR DIST"
38976,"VIZERUL 75 mg X 10 COMPRIMIDOS RECUBIERTOS","https://mav.farmaciasaas.com/api/images/articulos/DISTRIBUCION/111.jpg",0.829,"VIZERUL COMP 75MG X10 DLR"
38537,"NEFROTAL H 50 mg - 12,5 mg X 14 COMPRIMIDOS RECUBIERTOS","https://mav.farmaciasaas.com/api/images/articulos/DISTRIBUCION/1511.jpg",0.712,"NEFROTAL H COMP 50MG/12,5 X14 MEG"
39256,"IMAZOL 1 % SOLUCION","https://mav.farmaciasaas.com/api/images/articulos/DISTRIBUCION/1852.jpg",0.674,"IMAZOL CREM 20G MEY"
37318,"ACETAMINOFEN 500 mg X 10 TABLETAS","https://mav.farmaciasaas.com/api/images/articulos/DISTRIBUCION/2337.jpg",0.931,"ACETAMINOFEN TAB 500MG X10 CLX"
37989,"DUROVAL 50 mg X 1 TABLETAS RECUBIERTAS","https://mav.farmaciasaas.com/api/images/articulos/DISTRIBUCION/2798.jpg",0.882,"DUROVAL TAB 50MG X1 VLM"
38100,"FLAVOL 300 mg X 20 CAPSULAS","https://mav.farmaciasaas.com/api/images/articulos/DISTRIBUCION/4190.jpg",0.853,"FLAVOL CAP 300MG X20 RNV"
38140,"FUROSEMIDA 20 mg X 12 TABLETAS","https://mav.farmaciasaas.com/api/images/articulos/DISTRIBUCION/5054.jpg",0.875,"FUROSEMIDA TAB 20MG X12 MEY"
38383,"LORATADINA 10 mg X 10 TABLETAS","https://mav.farmaciasaas.com/api/images/articulos/DISTRIBUCION/9653.jpg",0.913,"LORATADINA TAB 10MG X10 CLX"
37545,"AZITROMICINA 500mg X 3 COMPRIMIDOS RECUBIERTOS","https://mav.farmaciasaas.com/api/images/articulos/DISTRIBUCION/11009.jpg",0.962,"AZITROMICINA TAB 500MG X3 CLX"
37342,"ACICLOVIR 200 mg X 25 TABLETAS","https://mav.farmaciasaas.com/api/images/articulos/DISTRIBUCION/11560.jpg",0.931,"ACICLOVIR TAB 200MG X25 CLX"
38290,"KETOPROFENO 100 mg X 10 CAPSULAS","https://mav.farmaciasaas.com/api/images/articulos/DISTRIBUCION/21061.jpg",0.931,"KETOPROFENO CAP 100MG X10 CLX"
37805,"CLOPIDOGREL 75 mg X 30 TABLETAS RECUBIERTAS","https://mav.farmaciasaas.com/api/images/articulos/DISTRIBUCION/22848.jpg",0.833,"CLOPIDOGREL TAB 75MG X30 ALESS"
38378,"LOPERAMIDA 2 mg X 10 TABLETAS","https://mav.farmaciasaas.com/api/images/articulos/DISTRIBUCION/53152.jpg",0.904,"LOPERAMIDA TAB 2MG X10 BIOQ"
38696,"PREGALIS 75MG X 30 CAPSULAS","https://mav.farmaciasaas.com/api/images/articulos/DISTRIBUCION/51773.jpg",0.899,"PREGABALINA CAP 75MG X30 FMED"
37879,"DEPOFEM 150mgmL X 1 AMPOLLAS","https://mav.farmaciasaas.com/api/images/articulos/DISTRIBUCION/28729.jpg",0.648,"DEPOFEM SOL/INY 150MG X 1"
38208,"IBUCOLVAL 600 mg - 4 mg X 10 TABLETAS RECUBIERTAS","https://mav.farmaciasaas.com/api/images/articulos/DISTRIBUCION/50513.jpg",0.800,"IBUCOLVAL TAB 600MG/4MG X 10"
38499,"MIRTAZAPINA 30 mg X 30 TABLETAS RECUBIERTAS","https://mav.farmaciasaas.com/api/images/articulos/DISTRIBUCION/51322.jpg",0.875,"MIRTAZAPINA TAB 30MG X30 CLX"
38347,"LEVOSULPIRIDA 25 mg X 30 TABLETAS","https://mav.farmaciasaas.com/api/images/articulos/DISTRIBUCION/53039.jpg",0.913,"LEVOSULPIRIDA TAB 25MG X30 CLX"
39162,"COROPRES 16 mg COMPRIMIDOS","https://mav.farmaciasaas.com/api/images/articulos/DISTRIBUCION/98453.jpg",0.653,"COROPRES COMP 16MG X30 MEG"
38048,"ESQUIDONE 1 mg/mL X 30 SOLUCIÓN ORAL","https://mav.farmaciasaas.com/api/images/articulos/DISTRIBUCION/98679.jpg",0.677,"ESQUIDONE TAB REC 1MG X30 VLM"
38615,"ONDANSETRON 4 mg X 10 COMPRIMIDOS","https://mav.farmaciasaas.com/api/images/articulos/DISTRIBUCION/1107.jpg",0.942,"ONDANSETRON COMP 4MG X10 MEG"
38900,"ULCENOL 20 mg X 10 TABLETAS","https://mav.farmaciasaas.com/api/images/articulos/DISTRIBUCION/2298.jpg",0.630,"ULCENOL TAB 20MG X10"
38679,"PRAXONA 150 mg X 10 COMPRIMIDOS","https://mav.farmaciasaas.com/api/images/articulos/DISTRIBUCION/2991.jpg",0.818,"PRAXONA TAB X10 MEG"
38492,"MIOVIT COMPOSITUM CON LIDOCAINA X 3 AMPOLLAS","https://mav.farmaciasaas.com/api/images/articulos/DISTRIBUCION/5514.jpg",0.737,"MIOVIT AMP 3ML X3 COFA"
38279,"KETAZOL 2 % CHAMPU","https://mav.farmaciasaas.com/api/images/articulos/DISTRIBUCION/7281.jpg",0.639,"KETAZOL CHAMPU 60ML VARG"
37309,"ACETAMINOFEN 650mg X 10 TABLETAS","https://mav.farmaciasaas.com/api/images/articulos/DISTRIBUCION/11552.jpg",0.962,"ACETAMINOFEN TAB 650MG X10 PHARME"
38246,"INIBIL 20 mg X 14 COMPRIMIDOS CON CUBIERTA ENTERICA","https://mav.farmaciasaas.com/api/images/articulos/DISTRIBUCION/13662.jpg",0.655,"INIBIL COMP 20MG X14 DLR"
39290,"LOSARTAN POTASICO 100 mg X 10 TABLETAS RECUBIERTAS","https://mav.farmaciasaas.com/api/images/articulos/DISTRIBUCION/23432.jpg",0.796,"LOSARTAN POTA COMP REC 100MG X10 VARG"
38813,"SULIXTRA DUO 0,4 mg - 0,5 mg X 30 CAPSULAS DE LIBERACION PROLONGADA","https://mav.farmaciasaas.com/api/images/articulos/DISTRIBUCION/21024.jpg",0.825,"SULIXTRA DUO CAP LP 0,4MG/0,5MG X30 FC"
38811,"SULIXTRA 0,4 mg X 30 CAPSULAS DE LIBERACION PROLONGADA","https://mav.farmaciasaas.com/api/images/articulos/DISTRIBUCION/21026.jpg",0.714,"SULIXTRA CAP LP 0,4MG X30 FC"
37902,"DEXAMETASONA FOSFATO SODICO 8 mg / 2 mL SOLUCION INYECTABLE","https://mav.farmaciasaas.com/api/images/articulos/DISTRIBUCION/53308.jpg",0.783,"DEXAMETASONA FOSF SOL INY 8MG/2ML X1 VLM"
38844,"TAMSULOSINA CLORHIDRATO 0,4 mg X 30 CAPSULAS DE LIBERACION PROLONGADA","https://mav.farmaciasaas.com/api/images/articulos/DISTRIBUCION/23537.jpg",0.623,"TAMSULOSINA CLORH TAB 0,4MG X30 BLUE/M"
37674,"CARBAMAZEPINA 200 mg X 30 COMPRIMIDOS","https://mav.farmaciasaas.com/api/images/articulos/DISTRIBUCION/99338.jpg",0.931,"CARBAMAZEPINA COMP 200MG X30 LETI"
39405,"VALSARTAN 80 mg COMPRIMIDOS RECUBIERTOS","https://mav.farmaciasaas.com/api/images/articulos/DISTRIBUCION/29789.jpg",0.902,"VALSARTAN COMP/REC 80MG X 30 VARGAS"
39164,"COVENTROL 12,5 mg COMPRIMIDOS","https://mav.farmaciasaas.com/api/images/articulos/DISTRIBUCION/25529.jpg",0.772,"CARVEDILOL COMP 12,5MG X15 LETI"
38334,"LEVOFLOXACINA 500 mg X 10 COMPRIMIDOS RECUBIERTOS","https://mav.farmaciasaas.com/api/images/articulos/DISTRIBUCION/26132.jpg",0.872,"LEVOFLOXACINA TAB REC 500MG X10 BIU"
38864,"TINIDAZOL 500 mg X 4 TABLETAS RECUBIERTAS","https://mav.farmaciasaas.com/api/images/articulos/DISTRIBUCION/29067.jpg",0.931,"TINIDAZOL TAB/REC 500MG X 4 PLX"
38105,"FLEMIBAR 20 mg - 2500 mg / 5 mL X 3 AMPOLLAS","https://mav.farmaciasaas.com/api/images/articulos/DISTRIBUCION/29271.jpg",0.931,"FLEMIBAR AMP 20MG/2500MG/5ML X 3"
37359,"ACIDO FOLICO 10 mg X 30 TABLETAS","https://mav.farmaciasaas.com/api/images/articulos/DISTRIBUCION/29544.jpg",0.942,"ACIDO FOLICO TAB 10MG X 30 CLX"
37661,"CANDESARTAN CILEXETIL 16 mg X 30 TABLETAS","https://mav.farmaciasaas.com/api/images/articulos/DISTRIBUCION/51918.jpg",0.875,"CANDESARTAN TAB REC 16MG X30 DAC"
37943,"DIGLET 200 UI SOLUCION ORAL","https://mav.farmaciasaas.com/api/images/articulos/DISTRIBUCION/52147.jpg",0.768,"DIGLET SOL ORAL GTAS 200UI 20ML LETI"
38648,"PEGYT 25 mg X 30 CAPSULAS","https://mav.farmaciasaas.com/api/images/articulos/DISTRIBUCION/52624.jpg",0.718,"PEGYT CAP 25MG X30 LETI"
38215,"IBUPROFENO 800 mg X 10 COMPRIMIDOS","https://mav.farmaciasaas.com/api/images/articulos/DISTRIBUCION/50176.jpg",0.931,"IBUPROFENO COMP 800MG X 10 LETI"
39245,"HIDROCLOROTIAZIDA 12,5 mg COMPRIMIDOS","https://mav.farmaciasaas.com/api/images/articulos/DISTRIBUCION/53195.jpg",0.826,"HIDROCLOROTIAZIDA TAB 12,5MG X30 PHARME"
38642,"PASIM 10 mg / mL SOLUCION ORAL","https://mav.farmaciasaas.com/api/images/articulos/DISTRIBUCION/17394.jpg",0.859,"PASIM SOL GTS 10MG/ML 15ML MEG"
38874,"TIOCOLFEN 600 mg - 4 mg X 10 TABLETAS RECUBIERTAS","https://mav.farmaciasaas.com/api/images/articulos/DISTRIBUCION/90592.jpg",0.654,"TIOCOLFEN TAB REC 600MG/4MG X15 PHARME"
38901,"ULCENOL 40 mg X 20 TABLETAS","https://mav.farmaciasaas.com/api/images/articulos/DISTRIBUCION/92083.jpg",0.644,"ULCENOL TAB 40MG X20 ELM"
38384,"LORATADINA 10 mg X 20 TABLETAS","https://mav.farmaciasaas.com/api/images/articulos/DISTRIBUCION/99082.jpg",0.875,"LORATADINA TAB 10MG X20 PHARME"
38362,"LISILET 10 mg X 30 COMPRIMIDOS","https://mav.farmaciasaas.com/api/images/articulos/DISTRIBUCION/99130.jpg",0.752,"LISILET COMP 10MG X30 LETI"
37672,"CAPTOPRIL 25 mg X 30 TABLETAS","https://mav.farmaciasaas.com/api/images/articulos/DISTRIBUCION/99739.jpg",0.913,"CAPTOPRIL TAB 25MG X30 CLX"
38626,"ORLIDIET 60 mg X 30 CAPSULAS","https://mav.farmaciasaas.com/api/images/articulos/DISTRIBUCION/99789.jpg",0.813,"ORLIDIET CAP 60MG X30 MEG"
38195,"LOSARTAN POTASICO - HIDROCLOROTIAZIDA 100 mg - 25 mg X 10 COMPRIMIDOS RECUB","https://mav.farmaciasaas.com/api/images/articulos/DISTRIBUCION/22228.jpg",0.811,"LOSARTAN/HCT TAB REC 100/25MG X10 PHARME"
38087,"FESTAL (PANCREATINA DE ORIGEN PORCINO) X 20 GRAGEAS","https://mav.farmaciasaas.com/api/images/articulos/DISTRIBUCION/1515.jpg",0.966,"FESTAL GRAG X20 CLX"
38948,"VIAJESAN 50 mg X 10 TABLETAS RECUBIERTAS","https://mav.farmaciasaas.com/api/images/articulos/DISTRIBUCION/3034.jpg",0.683,"VIAJESAN TAB 50MG X10 CLX"
38899,"TRITTICO 50 mg X 30 TABLETAS","https://mav.farmaciasaas.com/api/images/articulos/DISTRIBUCION/4227.jpg",0.704,"TRITTICO TAB 50MG X30 ELM"
38116,"FLUCONAZOL 150 mg X 2 CAPSULAS","https://mav.farmaciasaas.com/api/images/articulos/DISTRIBUCION/4546.jpg",0.931,"FLUCONAZOL CAP 150MG X2 LETI"
38602,"OMEPRAZOL 20 mg X 8 CAPSULAS CON MICROGRANULOS CON CUBIERTA ENTERICA","https://mav.farmaciasaas.com/api/images/articulos/DISTRIBUCION/6497.jpg",0.882,"OMEPRAZOL CAP 20MG X8 LETI"
38157,"GENURIN 200 mg X 10 COMPRIMIDOS RECUBIERTOS","https://mav.farmaciasaas.com/api/images/articulos/DISTRIBUCION/7420.jpg",0.733,"GENURIN GRAG 200MG X10 ELM"
37511,"ATENOLOL 100 mg X 30 COMPRIMIDOS","https://mav.farmaciasaas.com/api/images/articulos/DISTRIBUCION/25093.jpg",0.931,"ATENOLOL TAB 100MG X30 BLUE/M"
37895,"DESLORATADINA 5 mg X 10 COMPRIMIDOS RECUBIERTOS","https://mav.farmaciasaas.com/api/images/articulos/DISTRIBUCION/8560.jpg",0.942,"DESLORATADINA COMP REC 5MG X10 LETI"
38769,"SECNIDAZOL 1 g X 2 TABLETAS RECUBIERTAS","https://mav.farmaciasaas.com/api/images/articulos/DISTRIBUCION/8585.jpg",0.875,"SECNIDAZOL TAB 1G X2 VIV"
38114,"FLUCONAZOL 150 mg X 2 CAPSULAS","https://mav.farmaciasaas.com/api/images/articulos/DISTRIBUCION/9668.jpg",0.931,"FLUCONAZOL CAP 150MG X2 CLX"
38968,"VITAMINA E 400 UI X 30 CAPSULAS BLANDAS","https://mav.farmaciasaas.com/api/images/articulos/DISTRIBUCION/9750.jpg",0.784,"VIT E CAP BLD 400MG X30 VIV"
37845,"CORENTEL 5 mg X 30 COMPRIMIDOS RECUBIERTOS","https://mav.farmaciasaas.com/api/images/articulos/DISTRIBUCION/10042.jpg",0.921,"CORENTEL COMP REC 5MG X30 MEG"
37728,"CETIRIZINA 10 mg X 10 COMPRIMIDOS RECUBIERTOS","https://mav.farmaciasaas.com/api/images/articulos/DISTRIBUCION/11497.jpg",0.913,"CETIRIZINA COMP 10MG X10 LETI"
39098,"BIOCOR 20 mg X 30 TABLETAS RECUBIERTAS","https://mav.farmaciasaas.com/api/images/articulos/DISTRIBUCION/15627.jpg",0.698,"BIOCOR TAB REC 20MG X30 CLX"
39056,"ANTAAR 5 mg X 30 TABLETAS RECUBIERTAS","https://mav.farmaciasaas.com/api/images/articulos/DISTRIBUCION/16094.jpg",0.700,"ANTAAR TAB REC 5MG X30 CLX"
38611,"OMEPRAZOL 40 mg X 10 CAPSULAS GASTRORRESISTENTES","https://mav.farmaciasaas.com/api/images/articulos/DISTRIBUCION/16765.jpg",0.803,"OMEPRAZOL CAP GAST 40MG X10 LETI"
37577,"BIOCOR AMLO 20 mg - 5 mg X 30 TABLETAS RECUBIERTAS","https://mav.farmaciasaas.com/api/images/articulos/DISTRIBUCION/17705.jpg",0.921,"BIOCOR AMLO TAB REC 20MG/5MG X30 CLX"
38458,"METFORMINA 500 mg X 30 TABLETAS RECUBIERTAS","https://mav.farmaciasaas.com/api/images/articulos/DISTRIBUCION/20704.jpg",0.850,"METFORMINA TAB 500MG X30 ALESS"
38402,"LOSARTAN POTASICO - HIDROCLOROTIAZIDA 50 mg - 12,5 mg X 30 COMPRIMIDOS RECU","https://mav.farmaciasaas.com/api/images/articulos/DISTRIBUCION/20434.jpg",0.816,"LOSARTAN/HCT TAB 50MG/12,5MG X30 ANG/H"
38166,"GLIMEPIRIDA 2 mg X 30 COMPRIMIDOS","https://mav.farmaciasaas.com/api/images/articulos/DISTRIBUCION/52337.jpg",0.942,"GLIMEPIRIDA COMP 2MG X30 LETI"
38749,"ROSUVASTATINA 20 mg X 30 COMPRIMIDOS RECUBIERTOS","https://mav.farmaciasaas.com/api/images/articulos/DISTRIBUCION/21364.jpg",0.742,"ROSUVASTATINA TAB 20MG X30 ANG/H"
38129,"FLUOXETINA 20 mg X 30 TABLETAS RECUBIERTAS","https://mav.farmaciasaas.com/api/images/articulos/DISTRIBUCION/21365.jpg",0.734,"FLUOXETINA TAB 20MG X30 ANG/H"
38685,"PREDNISOLONA 5 mg X 30 TABLETAS","https://mav.farmaciasaas.com/api/images/articulos/DISTRIBUCION/21369.jpg",0.833,"PREDNISOLONA TAB 5MG X30 ANG/H"
38482,"METRONIDAZOL 500 mg X 30 TABLETAS","https://mav.farmaciasaas.com/api/images/articulos/DISTRIBUCION/20526.jpg",0.892,"METRONIDAZOL TAB 500MG X30 CR CCM"
38913,"VALSARTÁN 160mg X 10 COMPRIMIDOS RECUBIERTOS","https://mav.farmaciasaas.com/api/images/articulos/DISTRIBUCION/51784.jpg",0.962,"VALSARTAN 10 TAB 160MG X10 FMED"
37621,"BRUGESIC 400 mg X 10 COMPRIMIDOS","https://mav.farmaciasaas.com/api/images/articulos/DISTRIBUCION/22102.jpg",0.715,"BRUGESIC COMP 400MG X10 ELM"
38103,"FLAVOXATO 200 mg X 30 TABLETAS RECUBIERTAS","https://mav.farmaciasaas.com/api/images/articulos/DISTRIBUCION/23673.jpg",0.748,"FLAVOXATO TAB 200MG X30 ANG/H"
38465,"SITAGLIPTINA -METFORMINA CLORHIDRATO 50 mg-500 mg X 30 COMPRIMIDOS","https://mav.farmaciasaas.com/api/images/articulos/DISTRIBUCION/23675.jpg",0.835,"SITAGLIPTINA METF TAB 50/500MG X30 ANG/H"
38032,"ESOMEPRAZOL 40mg X 14 TABLETAS RECUBIERTAS","https://mav.farmaciasaas.com/api/images/articulos/DISTRIBUCION/24174.jpg",0.962,"ESOMEPRAZOL TAB REC 40MG X14 PHARME"
37900,"DEXAMETASONA 4 mg X 100 COMPRIMIDOS","https://mav.farmaciasaas.com/api/images/articulos/DISTRIBUCION/25079.jpg",0.733,"DEXAMETASONA TAB 4MG X100 PORTU"
37571,"BETAHISTINA 16 mg X 20 TABLETAS RECUBIERTAS","https://mav.farmaciasaas.com/api/images/articulos/DISTRIBUCION/51762.jpg",0.875,"BETAHISTINA TAB 16MG X20 FMED"
38563,"NITROFURANTOINA 100 mg X 10 TABLETAS RECUBIERTAS","https://mav.farmaciasaas.com/api/images/articulos/DISTRIBUCION/25663.jpg",0.892,"NITROFURANTOINA TAB 100MG X10 CLEO"
38017,"ESCITALOPRAM 10 mg X 30 COMPRIMIDOS RECUBIERTOS","https://mav.farmaciasaas.com/api/images/articulos/DISTRIBUCION/25666.jpg",0.875,"ESCITALOPRAM TAB 10MG X30 CLEO"
38498,"MIRTAZAPINA 15 mg X 30 TABLETAS RECUBIERTAS","https://mav.farmaciasaas.com/api/images/articulos/DISTRIBUCION/25667.jpg",0.875,"MIRTAZAPINA TAB 15MG X30 CLEO"
38616,"ONDANSETRON 8 mg X 10 COMPRIMIDOS","https://mav.farmaciasaas.com/api/images/articulos/DISTRIBUCION/1108.jpg",0.942,"ONDANSETRON COMP 8MG X10 MEG"
37448,"AMOXICILINA - ACIDO CLAVULANICO 875 mg - 125 mg COMPRIMIDOS","https://mav.farmaciasaas.com/api/images/articulos/DISTRIBUCION/51479.jpg",0.739,"AMOXICI/AC CLAVUL TAB 875/125MG X14 GEAG"
37443,"AMOXICILINA 500 mg X 12 CAPSULAS","https://mav.farmaciasaas.com/api/images/articulos/DISTRIBUCION/25978.jpg",0.931,"AMOXICILINA CAP 500MG X12 LETI"
38908,"ULTAMYN 750 mg X 10 TABLETAS RECUBIERTAS","https://mav.farmaciasaas.com/api/images/articulos/DISTRIBUCION/27001.jpg",0.822,"ULTAMYN TAB 750MG X10 ANG/H"
38712,"QUETIVAL 100 mg X 30 TABLETAS RECUBIERTAS","https://mav.farmaciasaas.com/api/images/articulos/DISTRIBUCION/27422.jpg",0.796,"QUETIVAL TAB REC 100MG X30 VLM"
38505,"MONTELUKAST 10 mg X 30 TABLETAS RECUBIERTAS","https://mav.farmaciasaas.com/api/images/articulos/DISTRIBUCION/27584.jpg",0.875,"MONTELUKAST TAB 10MG X30 PLX"
38052,"ETORICOXIB 90 mg X 10 TABLETAS RECUBIERTAS","https://mav.farmaciasaas.com/api/images/articulos/DISTRIBUCION/18572.jpg",0.913,"ETORICOXIB TAB REC 90MG X10 CLX"
37362,"ACIDO MEFENAMICO 500 mg X 10 TABLETAS","https://mav.farmaciasaas.com/api/images/articulos/DISTRIBUCION/28706.jpg",0.915,"ACIDO MEFENAMICO TAB 500MG X 10 FM"
37982,"DORIXINA FLEX 125 mg - 5 mg X 5 COMPRIMIDOS RECUBIERTOS","https://mav.farmaciasaas.com/api/images/articulos/DISTRIBUCION/29269.jpg",0.811,"DORIXINA FLEX COM/REC 125MG/5MG X 5"
38609,"OMEPRAZOL 40 mg X 7 CAPSULAS CON MICROGRANULOS GASTRORRESISTENTES","https://mav.farmaciasaas.com/api/images/articulos/DISTRIBUCION/29583.jpg",0.788,"OMEPRAZOL CAP 40MG X 7 OFTALMI"
39305,"MIGRADORIXINA 125 mg - 1 mg COMPRIMIDOS RECUBIERTOS","https://mav.farmaciasaas.com/api/images/articulos/DISTRIBUCION/30067.jpg",0.768,"MIGRADORIXINA COM/REC 125MG/1MG X 5"
37688,"CARNISIN 1 g / 10 mL SOLUCION ORAL LIBRE DE AZUCAR","https://mav.farmaciasaas.com/api/images/articulos/DISTRIBUCION/50337.jpg",0.624,"CARNISIN SOL ORAL 1G/10ML UVA 120ML LETI"
37475,"APIRET FORTE 650 mg X 10 TABLETAS","https://mav.farmaciasaas.com/api/images/articulos/DISTRIBUCION/50410.jpg",0.730,"APIRET FORTE TAB 650MG X 10"
38054,"EUKENE HCT 40 mg - 12,5 mg X 30 COMPRIMIDOS RECUBIERTOS","https://mav.farmaciasaas.com/api/images/articulos/DISTRIBUCION/26422.jpg",0.749,"EUKENE HCT COMP 40/12,5MG X30 MEG"
37363,"VALPRON 500 mg X 10 TABLETAS","https://mav.farmaciasaas.com/api/images/articulos/DISTRIBUCION/22413.jpg",0.826,"ACIDO VALPROICO TAB 500MG X10 MED/SUP"
37315,"ACETAMINOFEN 180 mg / 5 mL SOLUCION ORAL","https://mav.farmaciasaas.com/api/images/articulos/DISTRIBUCION/51788.jpg",0.870,"ACETAMINOFEN SOL 180MG/5ML 120ML LETI"
39140,"CIPROFLOXACINA 500 mg COMPRIMIDOS RECUBIERTOS DE LIBERACION PROGRAMADA","https://mav.farmaciasaas.com/api/images/articulos/DISTRIBUCION/51885.jpg",1.000,"CIPROFLOXACINA COMP REC 500 X14 LETI"
38031,"ESOMEPRAZOL 40mg X 16 TABLETAS RECUBIERTAS","https://mav.farmaciasaas.com/api/images/articulos/DISTRIBUCION/52333.jpg",0.778,"ESOMEPRAZOL CAP LE 40MG X16 LETI"
37801,"CLOPIDOGREL 75 mg X 14 COMPRIMIDOS RECUBIERTOS","https://mav.farmaciasaas.com/api/images/articulos/DISTRIBUCION/52340.jpg",0.913,"CLOPIDOGREL COMP REC 75MG X14 LETI"
38033,"ESOMEPRAZOL 20 mg X 16 CAPSULAS CON MICROGRANULOS DE LIBERACION ENTERICA","https://mav.farmaciasaas.com/api/images/articulos/DISTRIBUCION/52348.jpg",0.765,"ESOMEPRAZOL CAP LE 20MG X16 LETI"
38768,"SECNIDAZOL 1 g COMPRIMIDOS RECUBIERTOS","https://mav.farmaciasaas.com/api/images/articulos/DISTRIBUCION/52517.jpg",0.695,"SECNIDAZOL COMP REC 1G X2 GENVEN"
37856,"CURPINOL 6,25 mg X 30 COMPRIMIDOS","https://mav.farmaciasaas.com/api/images/articulos/DISTRIBUCION/92400.jpg",0.750,"CURPINOL COMP 6,25MG X30 MEG"
39161,"CORENTEL H 5 mg - 6,25 mg COMPRIMIDOS RECUBIERTOS","https://mav.farmaciasaas.com/api/images/articulos/DISTRIBUCION/94358.jpg",0.735,"CORENTEL H COMP REC 5/6,25MG X30 MEG"
38042,"ESOZ 40 mg X 28 TABLETAS RECUBIERTAS DE LIBERACION RETARDADA","https://mav.farmaciasaas.com/api/images/articulos/DISTRIBUCION/97588/97588.jpg",0.704,"ESOZ CAP 40MG X28 PHARME"
38395,"LOSARTAN POTASICO 50 mg X 30 COMPRIMIDOS RECUBIERTOS","https://mav.farmaciasaas.com/api/images/articulos/DISTRIBUCION/97621.jpg",0.800,"LOSARTAN POTA COMP REC 50MG X30 LETI"
37849,"COROPRES 8 mg X 30 COMPRIMIDOS","https://mav.farmaciasaas.com/api/images/articulos/DISTRIBUCION/98452.jpg",0.722,"COROPRES COMP 8MG X30 MEG"
37357,"ACIDO FOLICO 10 mg X 30 COMPRIMIDOS","https://mav.farmaciasaas.com/api/images/articulos/DISTRIBUCION/98454.jpg",0.942,"ACIDO FOLICO COMP 10MG X30 LETI"
38634,"PANTOPRAZOL 40 mg X 10 COMPRIMIDOS CON CUBIERTA DE LIBERACION ENTERICA","https://mav.farmaciasaas.com/api/images/articulos/DISTRIBUCION/98455.jpg",0.913,"PANTOPRAZOL COMP 40MG X10 LETI"
38001,"LERCANIDIPINA CLORHIDRATO – ENALAPRIL MALEATO 10 mg – 20 mg X 30 COMPRIMIDOS RECUBIERTOS","https://mav.farmaciasaas.com/api/images/articulos/DISTRIBUCION/53052.jpg",0.878,"LERCANIDIPINA COMP REC 20MG X30 VARG"
38591,"OLMESARTAN MEDOXOMILO 20 mg X 30 TABLETAS RECUBIERTAS","https://mav.farmaciasaas.com/api/images/articulos/DISTRIBUCION/99097.jpg",0.928,"OLMESARTAN MEDOXOMIL COM/REC 20MG X 30"
38398,"LOSARTAN POTASICO - HIDROCLOROTIAZIDA 50 mg - 12,5 mg COMPRIMIDOS RECU","https://mav.farmaciasaas.com/api/images/articulos/DISTRIBUCION/99300.jpg",0.801,"LOSARTAN POT/HIDROC COM/REC 50/12.5MGX30"
38920,"VALSARTAN 80 mg X 14 CAPSULAS","https://mav.farmaciasaas.com/api/images/articulos/DISTRIBUCION/22949.jpg",0.913,"VALSARTAN CAP 80MG X14 LETI"
37803,"CLOPIDOGREL 75 mg X 30 COMPRIMIDOS RECUBIERTOS","https://mav.farmaciasaas.com/api/images/articulos/DISTRIBUCION/99858.jpg",0.875,"CLOPIDOGREL TAB REC 75MG X30 PHARME"
38898,"TRITTICO 100 mg X 30 TABLETAS","https://mav.farmaciasaas.com/api/images/articulos/DISTRIBUCION/4228.jpg",0.721,"TRITTICO TAB 100MG X30 ELM"
38540,"NEFROTAL 100 mg X 14 COMPRIMIDOS RECUBIERTOS","https://mav.farmaciasaas.com/api/images/articulos/DISTRIBUCION/8487.jpg",0.729,"NEFROTAL COMP REC 100MG X14 MEG"
38367,"LODESTAR HCT 50 mg - 12,5 mg X 30 TABLETAS RECUBIERTAS","https://mav.farmaciasaas.com/api/images/articulos/DISTRIBUCION/17318.jpg",0.803,"LODESTAR TAB REC HCT 50MG/12,5MG X30 VLM"
37592,"BISOPROLOL FUMARATO 10 mg X 30 COMPRIMIDOS RECUBIERTOS","https://mav.farmaciasaas.com/api/images/articulos/DISTRIBUCION/21371.jpg",0.720,"BISOPROLOL TAB 10MG X30 ANG/H"
38639,"PAROXETINA 20 mg X 30 COMPRIMIDOS RECUBIERTAS","https://mav.farmaciasaas.com/api/images/articulos/DISTRIBUCION/25668.jpg",0.875,"PAROXETINA TAB 20MG X30 CLEO"
37646,"CALOXPIRINA 81 mg X 100 TABLETAS ENTERICAS","https://mav.farmaciasaas.com/api/images/articulos/DISTRIBUCION/29545.jpg",0.917,"CALOXPIRINA TAB ENTERICAS 81MG X100"
37953,"DIOSMINA 600 mg X 28 TABLETAS RECUBIERTAS","https://mav.farmaciasaas.com/api/images/articulos/DISTRIBUCION/29796.jpg",0.931,"DIOSMINA TAB 600MG X 28 CLX"
38529,"NACLODIN 0,150 mg X 30 TABLETAS","https://mav.farmaciasaas.com/api/images/articulos/DISTRIBUCION/30060.jpg",0.857,"NACLODIN TAB 0.150MG X 30"
39053,"ANGRIP FORTE NOCHE 650 mg - 4 mg COMPRIMIDOS RECUBIERTOS","https://mav.farmaciasaas.com/api/images/articulos/DISTRIBUCION/30054.jpg",0.749,"ANGRIP FORTE COM/REC 650MG/4MG NOCHE X 5"
37745,"CILOSTAZOL 100 mg X 30 TABLETAS","https://mav.farmaciasaas.com/api/images/articulos/DISTRIBUCION/52907.jpg",0.892,"CILOSTAZOL TAB REC 100MG X30 CLEO"
39306,"MISELLIM 10 mg COMPRIMIDOS RECUBIERTOS","https://mav.farmaciasaas.com/api/images/articulos/DISTRIBUCION/91349.jpg",0.625,"MISELLIM COMP REC 10MG X20 MEG"
38036,"ESOMEPRAZOL 20 mg X 20 TABLETAS RECUBIERTAS","https://mav.farmaciasaas.com/api/images/articulos/DISTRIBUCION/96831.jpg",0.875,"ESOMEPRAZOL TAB 20MG X20 VIV"
38825,"TADAFOX 20 mg X 2 TABLETAS RECUBIERTAS","https://mav.farmaciasaas.com/api/images/articulos/DISTRIBUCION/99316.jpg",0.779,"TADAFOX TAB REC 20MG X2 VLM"
38319,"LEPTAZINE 10 mg X 24 COMPRIMIDOS","https://mav.farmaciasaas.com/api/images/articulos/DISTRIBUCION/5079.jpg",0.882,"LEPTAZINE COMP 10MG X24 MEG"
38822,"TACHIPIRIN 125 mg X 6 SUPOSITORIOS","https://mav.farmaciasaas.com/api/images/articulos/DISTRIBUCION/5253.jpg",0.626,"TACHIPIRIN SUP PED 125MG X6 ELM"
37551,"BACTEVAL 250 mg - 50 mg X 24 CAPSULAS","https://mav.farmaciasaas.com/api/images/articulos/DISTRIBUCION/8557.jpg",0.750,"BACTEVAL CAP 50MG/250MG X24 VLM"
39503,"EVIGAX 125 mg X 20 CAPSULAS BLANDAS","https://mav.farmaciasaas.com/api/images/articulos/DISTRIBUCION/8614.jpg",0.677,"EVIGAX CAP BLD 125MG X20 VIV"
37291,"ABRETIA 10 mg X 10 CAPSULAS","https://mav.farmaciasaas.com/api/images/articulos/DISTRIBUCION/17769.jpg",0.767,"ABRETIA CAP 10MG X10 MEG"
37546,"AZITROMICINA 200 mg / 5 mL SUSPENSION ORAL","https://mav.farmaciasaas.com/api/images/articulos/DISTRIBUCION/21793.jpg",0.836,"AZITROMICINA SUSP 200MG/5ML 15ML CR DIST"
38196,"LOSARTAN POTASICO - HIDROCLOROTIAZIDA 100 mg - 25 mg X 30 COMPRIMIDOS RECUB","https://mav.farmaciasaas.com/api/images/articulos/DISTRIBUCION/22234.jpg",0.811,"LOSARTAN/HCT COMP 100MG/25MG X30 DORO"
38331,"LEVETIRACETAM 500 mg X 30 TABLETAS RECUBIERTAS","https://mav.farmaciasaas.com/api/images/articulos/DISTRIBUCION/25661.jpg",0.892,"LEVETIRACETAM TAB REC 500MG X30 CLEO"
37744,"CILOSTAZOL 50 mg X 30 TABLETAS RECUBIERTAS","https://mav.farmaciasaas.com/api/images/articulos/DISTRIBUCION/25678.jpg",0.875,"CILOSTAZOL TAB 50MG X30 CLEO"
38461,"METFORMINA CLORHIDRATO 850 mg X 30 TABLETAS","https://mav.farmaciasaas.com/api/images/articulos/DISTRIBUCION/28530.jpg",0.829,"METFORMINA TAB 850MG X 30 ANGELUS"
38875,"TIZANIDINA 2 MG X 10 TABLETAS","https://mav.farmaciasaas.com/api/images/articulos/DISTRIBUCION/28534.jpg",0.773,"TIZANIDINA TAB 2MG X 10 ANGELUS"
39052,"ANGRIP FORTE DIA 650 mg - 2 mg - 20 mg COMPRIMIDOS RECUBIERTOS","https://mav.farmaciasaas.com/api/images/articulos/DISTRIBUCION/30055.jpg",0.709,"ANGRIP FORTE COM/REC 650MG/20MG DIA X 10"
38344,"LEVONORGESTREL 1,5 mg X 1 TABLETAS RECUBIERTAS","https://mav.farmaciasaas.com/api/images/articulos/DISTRIBUCION/26404.jpg",0.858,"LEVONORGESTREL TAB 1,5MG X1 TIAR"
38526,"MUVETT 300 mg X 20 TABLETAS RECUBIERTAS DE LIBERACION PROLONGADA","https://mav.farmaciasaas.com/api/images/articulos/DISTRIBUCION/50344.jpg",0.746,"MUVETT TAB LP 300MG X20 VIV"
38915,"VALSARTÁN 160mg X 30 COMPRIMIDOS RECUBIERTOS","https://mav.farmaciasaas.com/api/images/articulos/DISTRIBUCION/24321.jpg",0.962,"VALSARTAN TAB REC 160MG X30 CR DIST"
38328,"LETROZOL 2,5 mg X 30 TABLETAS RECUBIERTAS","https://mav.farmaciasaas.com/api/images/articulos/DISTRIBUCION/53401.jpg",0.892,"LETROZOL TAB REC 2,5MG X30 CR MT"
38209,"IBUCOLVAL 600 mg - 4 mg X 20 TABLETAS RECUBIERTAS","https://mav.farmaciasaas.com/api/images/articulos/DISTRIBUCION/94906.jpg",0.808,"IBUCOLVAL TAB REC 600MG/4MG X20 VLM"
37421,"AMIODARONA CLORHIDRATO 200 mg X 10 COMPRIMIDOS","https://mav.farmaciasaas.com/api/images/articulos/DISTRIBUCION/3505.jpg",0.931,"AMIODARONA COMP 200MG X10 VLM"
37579,"BIOCOR 40 mg X 30 TABLETAS RECUBIERTAS","https://mav.farmaciasaas.com/api/images/articulos/DISTRIBUCION/15628.jpg",0.882,"BIOCOR TAB REC 40MG X30 CLX"
38110,"FLOMED 0,15% - 0,25% SOLUCION TOPICA BUCAL ATOMIZADORA","https://mav.farmaciasaas.com/api/images/articulos/DISTRIBUCION/16421.jpg",0.650,"FLOMED SOL TOP BUC 0,15ML/0,25%145ML ELM"
37578,"BIOCOR AMLO 40 mg - 5 mg X 30 TABLETAS RECUBIERTAS","https://mav.farmaciasaas.com/api/images/articulos/DISTRIBUCION/17706.jpg",0.921,"BIOCOR AMLO TAB REC 40MG/5MG X30 CLX"
38335,"LEVOFLOXACINA 750 mg X 5 TABLETAS RECUBIERTAS","https://mav.farmaciasaas.com/api/images/articulos/DISTRIBUCION/19718.jpg",0.872,"LEVOFLOXACINA TAB 750MG X5 CLX"
38556,"NIMODIPINA 30 mg X 30 COMPRIMIDOS","https://mav.farmaciasaas.com/api/images/articulos/DISTRIBUCION/23674.jpg",0.806,"NIMODIPINA TAB 30MG X30 ANG/H"
37513,"ATENOLOL 50 mg X 30 TABLETAS","https://mav.farmaciasaas.com/api/images/articulos/DISTRIBUCION/23700.jpg",0.875,"ATENOLOL TAB 50MG X30 BUKA"
38629,"OXCARBAZEPINA 300 mg X 30 TABLETAS RECUBIERTAS","https://mav.farmaciasaas.com/api/images/articulos/DISTRIBUCION/25662.jpg",0.892,"OXCARBAZEPINA TAB 300MG X30 CLEO"
38808,"SUCRALFATO 1 g X 10 TABLETAS","https://mav.farmaciasaas.com/api/images/articulos/DISTRIBUCION/25675.jpg",0.829,"SUCRALFATO TAB 1G X10 CLEO"
37463,"ANASTROZOL 1 mg X 30 TABLETAS RECUBIERTAS","https://mav.farmaciasaas.com/api/images/articulos/DISTRIBUCION/26476.jpg",0.940,"ANASTROZOL TAB 1MG X30 CR MT"
39554,"NIFEDIPINA 30 mg X 30 CAPSULAS DE LIBERACION PROLONGADA","https://mav.farmaciasaas.com/api/images/articulos/DISTRIBUCION/52857.jpg",0.637,"NIFEDIPINA TAB 30MG X10 CR BEL"
38403,"LOSARTAN POTASICO - HIDROCLOROTIAZIDA 50 mg - 12,5 mg X 15 COMPRIMIDOS RECU","https://mav.farmaciasaas.com/api/images/articulos/DISTRIBUCION/90067.jpg",0.803,"LOSARTAN/HCT TAB 50/12,5MG X15 PHARME"
38013,"ERILON 0,05 % CREMA","https://mav.farmaciasaas.com/api/images/articulos/DISTRIBUCION/5842.jpg",0.664,"ERILON CREM 0,1% 15G BIOTECH"
37806,"CLOPIDOGREL 75 mg X 30 TABLETAS RECUBIERTAS","https://mav.farmaciasaas.com/api/images/articulos/DISTRIBUCION/20426.jpg",0.913,"CLOPIDOGREL TAB 75MG X30 ANG"
38759,"ROWELUK 4 mg X 10 COMPRIMIDOS MASTICABLES","https://mav.farmaciasaas.com/api/images/articulos/DISTRIBUCION/25403.jpg",0.656,"ROWELUK-4 COMP MAST PED 4MG X10 MEG"
38586,"OLANZAPINA 5 mg X 30 TABLETAS ORODISPERSABLES","https://mav.farmaciasaas.com/api/images/articulos/DISTRIBUCION/25670.jpg",0.904,"OLANZAPINA TAB 5MG X30 CLEO"
38051,"ETORICOXIB 60 mg X 10 TABLETAS RECUBIERTAS","https://mav.farmaciasaas.com/api/images/articulos/DISTRIBUCION/18990.jpg",0.913,"ETORICOXIB TAB 60MG X10 CLX"
38662,"PIMADOL 10 mg X 10 TABLETAS RECUBIERTAS","https://mav.farmaciasaas.com/api/images/articulos/DISTRIBUCION/28531.jpg",0.875,"PIMADOL TAB 10MG X 10"
38417,"LUMBAX 600 mg X 10 TABLETAS","https://mav.farmaciasaas.com/api/images/articulos/DISTRIBUCION/20720.jpg",0.688,"LUMBAX TAB 600MG X10 VARG"
37473,"ANTIFOM 160 mg X 10 COMPRIMIDOS RECUBIERTOS","https://mav.farmaciasaas.com/api/images/articulos/DISTRIBUCION/23430.jpg",0.644,"ANTIFOM FORTE COMP REC 160MG X10 VARG"
37529,"ATROVERAN 10mg/mL X 10 SOLUCION GOTAS","https://mav.farmaciasaas.com/api/images/articulos/DISTRIBUCION/25310.jpg",0.930,"ATROVERAN SOL 10MG/ML 15ML VARG"
38170,"GLIPTIN 500 mg - 50 mg X 10 COMPRIMIDOS RECUBIERTOS","https://mav.farmaciasaas.com/api/images/articulos/DISTRIBUCION/26771.jpg",0.931,"GLIPTIN-M COMP REC 500/50MG X10 ZUO"
38171,"GLIPTIN 500 mg - 50 mg X 30 COMPRIMIDOS RECUBIERTOS","https://mav.farmaciasaas.com/api/images/articulos/DISTRIBUCION/28336.jpg",0.931,"GLIPTIN-M COMP REC 500/50MG X30 ZUO"
38281,"KETAZOL 400 mg X 3 OVULOS","https://mav.farmaciasaas.com/api/images/articulos/DISTRIBUCION/7624.jpg",0.706,"KETAZOL OVU VAG 400MG X3 VARG"
37533,"AUPREL 90 mg X 20 COMPRIMIDOS RECUBIERTOS","https://mav.farmaciasaas.com/api/images/articulos/DISTRIBUCION/28697.jpg",0.714,"AUPREL COMP/REC 90MG X 20"
38076,"FERGANIC 40 mg X 24 CAPSULAS","https://mav.farmaciasaas.com/api/images/articulos/DISTRIBUCION/8790.jpg",0.882,"FERGANIC CAP 40MG X24 MEG"
37716,"CEFONAX 500 mg X 16 CAPSULAS","https://mav.farmaciasaas.com/api/images/articulos/DISTRIBUCION/11648.jpg",0.721,"CEFONAX CAP 500MG X16 ELM"
37889,"DESLER 5 mg X 10 TABLETAS RECUBIERTAS","https://mav.farmaciasaas.com/api/images/articulos/DISTRIBUCION/18806.jpg",0.738,"DESLER TAB 5MG X10 PHARME"
38010,"EPITRAL 100 mg X 30 TABLETAS","https://mav.farmaciasaas.com/api/images/articulos/DISTRIBUCION/20035.jpg",0.710,"EPITRAL TAB REC 100MG X30 VLM"
37770,"CLARITROMICINA 500 mg X 10 TABLETAS RECUBIERTAS","https://mav.farmaciasaas.com/api/images/articulos/DISTRIBUCION/1501.jpg",0.931,"CLARITROMICINA TAB 500MG X 10 CALOX"
38710,"QUETIAPINA 25 mg X 30 TABLETAS RECUBIERTAS","https://mav.farmaciasaas.com/api/images/articulos/DISTRIBUCION/27606.jpg",0.783,"QUETIAPINA TAB 25MG X30 PHARMA"
37629,"BUMELEX 1 mg X 30 COMPRIMIDOS","https://mav.farmaciasaas.com/api/images/articulos/DISTRIBUCION/50048.jpg",0.772,"BUMELEX COM 1 MG X 30"
38917,"VALSARTAN 160 mg X 7 CAPSULAS","https://mav.farmaciasaas.com/api/images/articulos/DISTRIBUCION/2620.jpg",0.931,"VALSARTAN CAP 160MG X7 LETI"
38524,"MULTIVIRAL X 30 CAPSULAS","https://mav.farmaciasaas.com/api/images/articulos/DISTRIBUCION/2470.jpg",0.941,"MULTIVIRAL CAP X30 MEY"
38263,"IVERMECTINA 6 mg X 4 TABLETAS","https://mav.farmaciasaas.com/api/images/articulos/DISTRIBUCION/38094.jpg",0.904,"IVERMECTINA TAB 6MG X4 CLX"
38008,"ENTEROGERMINA (ESPORAS DE BACILLUS CLAUSII) 2 MILLARDOS / 5 mL X 10 SUSPENSION ORAL","https://mav.farmaciasaas.com/api/images/articulos/DISTRIBUCION/52162.jpg",0.921,"ENTEROGERMINA SUSP ORAL 2000/5ML X10 CLX"
37731,"CETRAL D 5 mg - 60 mg / 5 mL SOLUCION ORAL","https://mav.farmaciasaas.com/api/images/articulos/DISTRIBUCION/3876.jpg",0.773,"CETRAL SOL ORAL 5MG/5ML 60ML MEY"
38788,"SIDAZOL 100 mg X 30 TABLETAS","https://mav.farmaciasaas.com/api/images/articulos/DISTRIBUCION/53221.jpg",0.796,"SIDAZOL TAB 100MG X30 COFA"
39502,"EVIGAX 125 mg X 10 CAPSULAS BLANDAS","https://mav.farmaciasaas.com/api/images/articulos/DISTRIBUCION/96795.jpg",0.677,"EVIGAX CAP BLD 125MG X10 VIV"
37626,"BUDECORT 1 mg / mL SUSPENSION PARA INHALAR","https://mav.farmaciasaas.com/api/images/articulos/DISTRIBUCION/30268.jpg",0.606,"BUDECORT SUSP P/INH 1 MG/ML X 15ML"
37975,"Domperidona 10mg X 15 Tabletas","https://mav.farmaciasaas.com/api/images/articulos/DISTRIBUCION/11636.jpg",0.962,"DOMPERIDONA TAB 10MG X15 CLX"
37871,"DEFLAZACORT 30 mg X 10 TABLETAS","https://mav.farmaciasaas.com/api/images/articulos/DISTRIBUCION/22262.jpg",0.913,"DEFLAZACORT TAB 30MG X10 CLX"
38608,"OMEPRAZOL 40 mg X 30 CAPSULAS CON MICROGRANULOS GASTRORRESISTENTES","https://mav.farmaciasaas.com/api/images/articulos/DISTRIBUCION/23870.jpg",0.829,"OMEPRAZOL CAP 40MG X30 PHARME"
38739,"RISPERID 1 mg X 20 COMPRIMIDOS RECUBIERTOS","https://mav.farmaciasaas.com/api/images/articulos/DISTRIBUCION/50986.jpg",0.857,"RISPERIDONA TAB 1MG X20 FMED"
38740,"RISPERIDONA 2 mg X 20 TABLETAS RECUBIERTAS","https://mav.farmaciasaas.com/api/images/articulos/DISTRIBUCION/97451.jpg",0.942,"RISPERIDONA TAB REC 2MG X20 CLX"
38029,"ESOMEPRAZOL 40mg X 10 TABLETAS RECUBIERTAS","https://mav.farmaciasaas.com/api/images/articulos/DISTRIBUCION/53297.jpg",0.962,"ESOMEPRAZOL CAP 40MG X10 FMED"
37412,"ALURON 100 mg X 30 TABLETAS","https://mav.farmaciasaas.com/api/images/articulos/DISTRIBUCION/119.jpg",0.758,"ALURON TAB 100MG X30 RNV"
38130,"FOLIFER B-12 X 30 TABLETAS","https://mav.farmaciasaas.com/api/images/articulos/DISTRIBUCION/5344.jpg",0.697,"FOLIFER B12 TAB X30 RNV"
37868,"DECOBEL 0,5 mg X 30 TABLETAS","https://mav.farmaciasaas.com/api/images/articulos/DISTRIBUCION/22694.jpg",0.656,"DECOBEL TAB 0,5MG X30 RNV"
38709,"QUETIAPINA 100 mg X 30 TABLETAS RECUBIERTAS","https://mav.farmaciasaas.com/api/images/articulos/DISTRIBUCION/27607.jpg",0.800,"QUETIAPINA TAB 100MG X30 PHARMA"
37481,"APIBLOTAN 5mg X 60 TABLETAS RECUBIERTAS","https://mav.farmaciasaas.com/api/images/articulos/DISTRIBUCION/51774.jpg",0.800,"APIXABAN TAB REC 5MG X30 CR MT"
38747,"RONARES 500 mg - 4 mg X 10 COMPRIMIDOS","https://mav.farmaciasaas.com/api/images/articulos/DISTRIBUCION/53742.jpg",0.719,"RONARES COMP 500MG/4MG X10 RNV"
38508,"MONTRAX 10 mg X 30 TABLETAS","https://mav.farmaciasaas.com/api/images/articulos/DISTRIBUCION/96585.jpg",0.882,"MONTRAX TAB 10MG X30 BIOTECH"
38965,"VITAMINA C 500 mg X 10 TABLETAS MASTICABLES SABOR A NARANJA","https://mav.farmaciasaas.com/api/images/articulos/DISTRIBUCION/20327.jpg",0.612,"VIT C TAB MAST 500MG NAR BLIS X10 PHARME"
39539,"MANTIXA 2,5 mg X 30 COMPRIMIDOS RECUBIERTOS","https://mav.farmaciasaas.com/api/images/articulos/DISTRIBUCION/27090.jpg",0.679,"MANTIXA COMP REC 2,5MG X30 MEG"
38055,"EUKENE HCT 40 mg - 25 mg X 30 COMPRIMIDOS RECUBIERTOS","https://mav.farmaciasaas.com/api/images/articulos/DISTRIBUCION/26420.jpg",0.735,"EUKENE HCT COMP 40/25MG X30 MEG"
37981,"DORIXINA FLEX 125 mg - 5 mg X 20 COMPRIMIDOS RECUBIERTOS","https://mav.farmaciasaas.com/api/images/articulos/DISTRIBUCION/50180.jpg",0.811,"DORIXINA FLEX COM/REC 125MG/5MG X 20"
38671,"PLIDAN COMPUESTO 10 mg / 125 mg X 10 COMPRIMIDOS RECUBIERTOS","https://mav.farmaciasaas.com/api/images/articulos/DISTRIBUCION/54271.jpg",0.758,"PLIDAN COMPUESTO COM REC 10/125MGX20 MEG"
38728,"RIDAL 1 mg / mL SOLUCION ORAL","https://mav.farmaciasaas.com/api/images/articulos/DISTRIBUCION/96311.jpg",0.656,"RIDAL GTS 1MG/ML 20ML MEG"
37968,"DOLAK 10 mg X 20 COMPRIMIDOS","https://mav.farmaciasaas.com/api/images/articulos/DISTRIBUCION/2586.jpg",0.829,"DOLAK COMP 10MG X20 DLR"
38280,"KETAZOL 2 % CREMA","https://mav.farmaciasaas.com/api/images/articulos/DISTRIBUCION/6552.jpg",0.607,"KETAZOL CREM 15G VARG"
37940,"DIFENAC 1 % GEL","https://mav.farmaciasaas.com/api/images/articulos/DISTRIBUCION/8417.jpg",0.602,"DIFENAC GEL 30ML DLR"
37978,"DOMPESIN 1 mg / mL SUSPENSION","https://mav.farmaciasaas.com/api/images/articulos/DISTRIBUCION/94774.jpg",0.672,"DOMPESIN SUSP 1MG/ML 120ML DLR"
37736,"CIALIS 20 mg X 1 COMPRIMIDOS RECUBIERTOS","https://mav.farmaciasaas.com/api/images/articulos/DISTRIBUCION/3344.jpg",0.687,"CIALIS TAB 20MG X1 CR CCM"
37641,"CALCITREX D3 950 mg - 200 UI X 30 TABLETAS","https://mav.farmaciasaas.com/api/images/articulos/DISTRIBUCION/5529.jpg",0.727,"CALCITREX D3 TAB 950MG/200UI X30 L.O"
38203,"HISTIVERT 24 mg X 30 COMPRIMIDOS","https://mav.farmaciasaas.com/api/images/articulos/DISTRIBUCION/16044.jpg",0.706,"HISTIVERT COM 24MG X 30"
37435,"AMOXICILINA - ACIDO CLAVULANICO 250 mg - 62,5 mg / 5 mL POLVO PARA SUSPENSION ORAL","https://mav.farmaciasaas.com/api/images/articulos/DISTRIBUCION/21786.jpg",0.711,"AMOXICILINA SUSP 250MG/5ML 60ML CR DIST"
38061,"EXOVIS DUO 875 mg - 125 mg X 14 TABLETAS RECUBIERTAS","https://mav.farmaciasaas.com/api/images/articulos/DISTRIBUCION/22553.jpg",0.734,"EXOVIS DUO TAB 875MG/125MG X14 FC"
39104,"BIPROLIL 2,5 mg COMPRIMIDOS RECUBIERTOS","https://mav.farmaciasaas.com/api/images/articulos/DISTRIBUCION/27780.jpg",0.831,"BIPROLIL COMP REC 2,5MG X30 VARG"
37484,"APLEXIL 550 mg X 10 TABLETAS RECUBIERTAS","https://mav.farmaciasaas.com/api/images/articulos/DISTRIBUCION/53335.jpg",0.751,"APLEXIL TAB REC 550MG X10 COFA"
38992,"REDOXON ZINC X 100 COMPRIMIDOS EFERVESCENTES","https://mav.farmaciasaas.com/api/images/articulos/DISTRIBUCION/90704.jpg",0.958,"ZINC TAB X100 NOW"
38188,"HEPROX 0,4 mg X 30 CAPSULAS DE LIBERACION PROLONGADA","https://mav.farmaciasaas.com/api/images/articulos/DISTRIBUCION/91510.jpg",0.613,"HEPROX CAP 0,4MG X30 DLR"
38361,"LIPONTAL 900 mg X 10 TABLETAS","https://mav.farmaciasaas.com/api/images/articulos/DISTRIBUCION/10400.jpg",0.668,"LIPONTAL TAB 900MG X10 MEY"
37839,"CORBIS 10 mg X 30 COMPRIMIDOS RECUBIERTOS","https://mav.farmaciasaas.com/api/images/articulos/DISTRIBUCION/23009.jpg",0.660,"CORBIS COMP 10MG X30 MEY"
38315,"LECHE DE MAGNESIA 8,5 % SUSPENSION SABOR ORIGINAL","https://mav.farmaciasaas.com/api/images/articulos/DISTRIBUCION/23784.jpg",0.613,"LECHE MAGNESIA SUSP ORAL MENTA120ML BIOF"
38345,"LEVOPRIDE 25 MG X 30 COMPRIMIDOS","https://mav.farmaciasaas.com/api/images/articulos/DISTRIBUCION/29747.jpg",0.802,"LEVOPRIDE COMP 25MG X 30"
38711,"QUETIAZIC 300 mg X 30 COMPRIMIDOS RECUBIERTOS","https://mav.farmaciasaas.com/api/images/articulos/DISTRIBUCION/51310.jpg",0.874,"QUETIAPINA TAB 300MG X30 CR MT"
39261,"IRGEM 300 mg X 10 TABLETAS","https://mav.farmaciasaas.com/api/images/articulos/DISTRIBUCION/52652.jpg",0.709,"IRGEM TAB 300MG X30 GEMA"
37349,"RESTYLANE PERLANE LIDOCAINA (ACIDO HIALURONICO - LIDOCAINA CLORHIDRATO) 20mg / mL - 3 mg/mL GEL INYECTABLE","https://mav.farmaciasaas.com/api/images/articulos/DISTRIBUCION/94715.jpg",0.605,"ACIDO BORICO SOB 20G BIOF"
37894,"DESLORATADINA 5 mg X 10 TABLETAS RECUBIERTAS","https://mav.farmaciasaas.com/api/images/articulos/DISTRIBUCION/97003.jpg",0.942,"DESLORATADINA TAB 5MG X10 CLX"
37733,"CETRAL 10 mg X 10 TABLETAS","https://mav.farmaciasaas.com/api/images/articulos/DISTRIBUCION/626.jpg",0.713,"CETRAL TAB 10MG X10 MEY"
38478,"METRONIDAZOL 500 mg / 100 mL SOLUCION PARA INFUSION INTRAVENOSA","https://mav.farmaciasaas.com/api/images/articulos/DISTRIBUCION/21360.jpg",0.852,"METRONIDAZOL SOL INY 500MG/100ML IPS"
38651,"PENTOXIFILINA 400 mg X 30 COMPRIMIDOS RECUBIERTOS DE ACCION PROLONGADA","https://mav.farmaciasaas.com/api/images/articulos/DISTRIBUCION/21851.jpg",0.892,"PENTOXIFILINA TAB 400MG X30 CR CCM"
38443,"MEMANTINA CLORHIDRATO 10 mg X 28 TABLETAS RECUBIERTAS","https://mav.farmaciasaas.com/api/images/articulos/DISTRIBUCION/22396.jpg",0.875,"MEMANTINA TAB 10MG X28 CR CCM"
37608,"BREXIN 100 mg / mL SOLUCION ORAL","https://mav.farmaciasaas.com/api/images/articulos/DISTRIBUCION/4861.jpg",0.624,"BREXIN GTS 100MG/ML FRESA 15ML COFA"
38041,"ESOZ 40 mg X 14 TABLETAS RECUBIERTAS DE LIBERACION RETARDADA","https://mav.farmaciasaas.com/api/images/articulos/DISTRIBUCION/97637/97637.jpg",0.704,"ESOZ CAP 40MG X14 PHARME"
37990,"DUROVAL 50 mg X 3 TABLETAS RECUBIERTAS","https://mav.farmaciasaas.com/api/images/articulos/DISTRIBUCION/2821.jpg",0.882,"DUROVAL TAB 50MG X3 VLM"
38474,"METREN 500 mg X 10 TABLETAS","https://mav.farmaciasaas.com/api/images/articulos/DISTRIBUCION/6005.jpg",0.735,"METREN TAB 500MG X10 MEY"
38368,"LODIPIN 10 mg X 10 COMPRIMIDOS","https://mav.farmaciasaas.com/api/images/articulos/DISTRIBUCION/16508.jpg",0.882,"LODIPIN COMP 10MG X10 MEG"
38437,"MELIGEN 10 mg X 30 TABLETAS RECUBIERTAS","https://mav.farmaciasaas.com/api/images/articulos/DISTRIBUCION/22554.jpg",0.763,"MELIGEN/MEMANTINA TAB 10MG X30 FC"
38593,"OLMESARTAN MEDOXOMILO 40 mg X 10 TABLETAS RECUBIERTAS","https://mav.farmaciasaas.com/api/images/articulos/DISTRIBUCION/18584.jpg",0.835,"OLMESARTAN MEDO TAB 40MG X10 PHARME"
38469,"METOCLOPRAMIDA 10 mg X 10 TABLETAS","https://mav.farmaciasaas.com/api/images/articulos/DISTRIBUCION/26729.jpg",0.875,"METOCLOPRAMIDA TAB 10MG X10 VIN"
39243,"HEXANTFLEM 100 mg - 5 mL SOLUCIÓN ORAL","https://mav.farmaciasaas.com/api/images/articulos/DISTRIBUCION/53269.jpg",0.626,"HEXANTFLEM SOL ORAL 100MG/5ML 120ML MEG"
38086,"FESTAL (PANCREATINA DE ORIGEN PORCINO) X 10 GRAGEAS","https://mav.farmaciasaas.com/api/images/articulos/DISTRIBUCION/90997.jpg",0.966,"FESTAL GRAG X10 CLX"
37645,"CALOXPIRINA 81 mg X 30 TABLETAS ENTERICAS","https://mav.farmaciasaas.com/api/images/articulos/DISTRIBUCION/92195.jpg",0.882,"CALOXPIRINA TAB 81MG X30 CLX"
37530,"ATROVERAN FEM 10mg-200mg X 10 COMPRIMIDOS RECUBIERTOS","https://mav.farmaciasaas.com/api/images/articulos/DISTRIBUCION/54524.jpg",0.823,"ATROVERAN FEM COMP REC 10/200MG X10 VARG"
37669,"CAPTOPRIL 25 mg X 30 COMPRIMIDOS","https://mav.farmaciasaas.com/api/images/articulos/DISTRIBUCION/97972.jpg",0.913,"CAPTOPRIL COMP 25MG X30 LETI"
38971,"VITADYN C 500 mg TABLETAS MASTICABLES SABOR A FRUTAS TROPICALES X 10 TABLETAS","https://mav.farmaciasaas.com/api/images/articulos/DISTRIBUCION/54484.jpg",0.730,"VITADYN TAB/MAST FRESA 500MG BLI 10X10"
38161,"GLICAZET 500 mg / 5 mg TABLETAS RECUBIERTAS","https://mav.farmaciasaas.com/api/images/articulos/DISTRIBUCION/26018.jpg",0.656,"GLICAZET TAB 500MG/5MG X40 GFARM"
37398,"AMITAFEN FORTE 650 mg X 10 TABLETAS","https://mav.farmaciasaas.com/api/images/articulos/DISTRIBUCION/94308.jpg",0.619,"IVAGAN FORTE TAB 650MG X10 BIOTECH"
39106,"BISOPROLOL FUMARATO 2,5 mg X 30 TABLETAS RECUBIERTAS","https://mav.farmaciasaas.com/api/images/articulos/DISTRIBUCION/97002.jpg",0.896,"BISOPROLOL TAB 2,5MG X 30 CALOX"
39269,"KETOPROFENO 100 mg COMPRIMIDOS ENTERICOS","https://mav.farmaciasaas.com/api/images/articulos/DISTRIBUCION/94888.jpg",0.878,"KETOPROFENO TAB REC 100MG X20 PLX"
38782,"SERTRALINA 50 mg X 10 TABLETAS","https://mav.farmaciasaas.com/api/images/articulos/DISTRIBUCION/2960.jpg",0.875,"SERTRALINA TAB 50MG X10 PHARME"
38447,"MEROPENEM 1 g X 10 AMPOLLAS","https://mav.farmaciasaas.com/api/images/articulos/DISTRIBUCION/26005.jpg",0.875,"MEROPENEM AMP 1G X10 CR DIST"
38155,"GENTAMICINA 160mg / 2mL X 5 AMPOLLAS","https://mav.farmaciasaas.com/api/images/articulos/DISTRIBUCION/52502.jpg",0.962,"GENTAMICINA SOL INY 160MG/2ML X5 DIST"
37617,"BROMHEXINA CLORHIDRATO 8 mg/5ml JARABE","https://mav.farmaciasaas.com/api/images/articulos/DISTRIBUCION/11549.jpg",0.759,"BROMHEXINA JBE PED4MG/5ML 120ML PHARME"
38820,"TACHIFORTE 1 g X 20 TABLETAS","https://mav.farmaciasaas.com/api/images/articulos/DISTRIBUCION/13061.jpg",0.712,"TACHIFORTE TAB 1G X20 ELM"
38659,"PERTEN 1 % SOLUCION ATOMIZADORA PARA USO TOPICO","https://mav.farmaciasaas.com/api/images/articulos/DISTRIBUCION/20023.jpg",0.625,"PERTEN GEL TOPICO 1% 20G MEY"
37706,"CEFADROXILO 500 mg X 10 CAPSULAS","https://mav.farmaciasaas.com/api/images/articulos/DISTRIBUCION/22822.jpg",0.931,"CEFADROXILO CAP 500MG X10 LETI"
37465,"ANGRIP X 4 COMPRIMIDOS","https://mav.farmaciasaas.com/api/images/articulos/DISTRIBUCION/23940.jpg",0.620,"ANGRIP COMP NOCH 500MG X4 MEG"
37623,"BRUGESIC FORTE 800 mg X 10 COMPRIMIDOS","https://mav.farmaciasaas.com/api/images/articulos/DISTRIBUCION/27805.jpg",0.738,"BRUGESIC FORTE COMP 800MG X10 ELM"
39569,"RANITIDINA 150 mg / 10 mL X 10 SOLUCION ORAL","https://mav.farmaciasaas.com/api/images/articulos/DISTRIBUCION/53151.jpg",0.839,"RANITIDINA SOL ORAL 150MG/10ML BIOQ"
38066,"FEBRATIC 15 mg/mL SUSPENSION ORAL","https://mav.farmaciasaas.com/api/images/articulos/DISTRIBUCION/26062.jpg",0.643,"FEBRATIC GTS 15MG/ML 15ML MEG"
38887,"TRACTIL 4 mg X 12 COMPRIMIDOS","https://mav.farmaciasaas.com/api/images/articulos/DISTRIBUCION/4638.jpg",0.688,"TRACTIL TAB 4MG X12 RNV"
37496,"ARUDIL 20 mg X 30 TABLETAS RECUBIERTAS","https://mav.farmaciasaas.com/api/images/articulos/DISTRIBUCION/19059.jpg",0.693,"ARUDIL TAB REC 20MG X30 FAR"
37519,"ATORVASTATINA 20 mg X 30 COMPRIMIDOS RECUBIERTOS","https://mav.farmaciasaas.com/api/images/articulos/DISTRIBUCION/97977.jpg",0.913,"ATORVASTATINA COMP REC 20MG X30 LETI"
38909,"URODUTAN 200 mg X 10 TABLETAS RECUBIERTAS","https://mav.farmaciasaas.com/api/images/articulos/DISTRIBUCION/22852.jpg",0.653,"URODUTAN TAB 200MG X10 FC"
38867,"TIOCOL 8 mg X 10 TABLETAS RECUBIERTAS","https://mav.farmaciasaas.com/api/images/articulos/DISTRIBUCION/26009.jpg",0.904,"TIOCOL TAB REC 8MG X10 PHARME"
38360,"LIPEND 20 mg X 30 COMPRIMIDOS RECUBIERTOS","https://mav.farmaciasaas.com/api/images/articulos/DISTRIBUCION/52072.jpg",0.689,"LIPEND COMP 20MG X30 FC"
37518,"ATORVASTATINA 20 mg X 14 COMPRIMIDOS RECUBIERTOS","https://mav.farmaciasaas.com/api/images/articulos/DISTRIBUCION/11565.jpg",0.875,"ATORVASTATINA TAB 20MG X14 PHARME"
38857,"TIALIN 100 mg X 10 COMPRIMIDOS","https://mav.farmaciasaas.com/api/images/articulos/DISTRIBUCION/13811.jpg",0.796,"TIALIN COMP 100MG X10 MEG"
39166,"CRISOMET 50 mg - 850 mg X 30 TABLETAS RECUBIERTAS","https://mav.farmaciasaas.com/api/images/articulos/DISTRIBUCION/19233.jpg",0.737,"CRISOMET TAB REC 50MG/850MG X30 FAR"
39109,"BISOPROLOL FUMARATO - HIDROCLOROTIZIDA 2,5 mg - 6,25 mg COMPRIMIDOS RECUBIERTOS","https://mav.farmaciasaas.com/api/images/articulos/DISTRIBUCION/20507.jpg",0.732,"BISOPROLOL/HCT TAB 2,5/6,25MG X15 ALESS"
38476,"METRONIDAZOL 500 mg / 100 mL SOLUCIÓN PARA INFUSIÓN.","https://mav.farmaciasaas.com/api/images/articulos/DISTRIBUCION/21336.jpg",0.737,"METRONIDAZOL INF INY 500MG/100ML CR DIST"
38351,"LEVOTIROXINA SODICA 50 mcg X 50 TABLETAS","https://mav.farmaciasaas.com/api/images/articulos/DISTRIBUCION/21408.jpg",0.703,"LEVOTIROXINA SOD TAB 50MCG X50 ALESS"
39066,"APLACAL 750 mg X 10 TABLETAS MASTICABLES SABOR A MENTA","https://mav.farmaciasaas.com/api/images/articulos/DISTRIBUCION/21600.jpg",0.884,"APLACAL TAB MAST MENTA 750MG X10 MEY"
38842,"TAMSULOSINA HCL 0,4 mg CAPSULAS DE LIBERACION PROGRAMADA X 30 CAPSULAS","https://mav.farmaciasaas.com/api/images/articulos/DISTRIBUCION/24279.jpg",0.739,"TAMSULOSINA CAP 0,4MG X30 ALESS"
37510,"ATAPEC 100 mg X 30 TABLETAS RECUBIERTAS","https://mav.farmaciasaas.com/api/images/articulos/DISTRIBUCION/25050.jpg",0.853,"ATAPEC TAB 100MG X30 FC"
38539,"NEFROTAL 100 mg X 10 COMPRIMIDOS RECUBIERTOS","https://mav.farmaciasaas.com/api/images/articulos/DISTRIBUCION/25320.jpg",0.729,"NEFROTAL COMP REC 100MG X10 MEG"
38502,"MISULVAN 30 mg / 5 mL JARABE","https://mav.farmaciasaas.com/api/images/articulos/DISTRIBUCION/26235.jpg",0.663,"MISULVAN FORTE JBE 30MG/5MG/ML 120ML PLX"
38931,"VALSARTAN 160 MG X 30 TABLETAS RECUBIERTAS","https://mav.farmaciasaas.com/api/images/articulos/DISTRIBUCION/54468.jpg",0.892,"VALSARTAN CAP 160MG X30 VLM"
38288,"KETOPROFENO 100 mg X 10 CAPSULAS","https://mav.farmaciasaas.com/api/images/articulos/DISTRIBUCION/51778.jpg",0.892,"KETOPROFENO CAP 100MG X10 MEDV"
38189,"HEXANTFLEM 250 mg / 5 mL SOLUCION ORAL","https://mav.farmaciasaas.com/api/images/articulos/DISTRIBUCION/53268.jpg",0.813,"HEXANTFLEM SOL ORAL 250MG/5ML 120ML MEG"
37708,"CEFADROXILO 500 mg X 10 TABLETAS","https://mav.farmaciasaas.com/api/images/articulos/DISTRIBUCION/53295.jpg",0.892,"CEFADROXILO TAB 500MG X10 FMED"
37686,"CARDIPIRINA 80 mg X 30 CAPSULAS CON MICROGRANULOS CON CUBIERTA ENTERICA","https://mav.farmaciasaas.com/api/images/articulos/DISTRIBUCION/4758.jpg",0.673,"CARDIPIRINA CAP 80MG X30 ZUO"
38871,"TIOCOLCHICOSIDO 4 mg X 10 COMPRIMIDOS","https://mav.farmaciasaas.com/api/images/articulos/DISTRIBUCION/26050.jpg",0.942,"TIOCOLCHICOSIDO COMP 4MG X10 LETI"
38011,"EPITRAL 50 mg X 30 TABLETAS","https://mav.farmaciasaas.com/api/images/articulos/DISTRIBUCION/20036.jpg",0.693,"EPITRAL TAB REC 50MG X30 VLM"
37417,"AMBROXOL CLORHIDRATO - LORATADINA 30 mg - 5 mg / 5 mL JARABE","https://mav.farmaciasaas.com/api/images/articulos/DISTRIBUCION/26230.jpg",0.896,"AMBROXOL/LORATAD JBE 30MG/5MG 120ML BIOQ"
38713,"QUETIVAL 200 mg X 30 TABLETAS RECUBIERTAS","https://mav.farmaciasaas.com/api/images/articulos/DISTRIBUCION/52493.jpg",0.796,"QUETIVAL TAB REC 200MG X30 VLM"
38230,"IBUTAN 400 mg X 20 TABLETAS","https://mav.farmaciasaas.com/api/images/articulos/DISTRIBUCION/92332.jpg",0.731,"IBUTAN TAB 400MG X20 MEY"
37983,"DORIXINA FLEX 125 mg - 5 mg X 10 COMPRIMIDOS RECUBIERTOS","https://mav.farmaciasaas.com/api/images/articulos/DISTRIBUCION/4769.jpg",0.735,"MIGRA DORIXINA COMP 125/1MG X10 MEG"
38507,"MONTRAX 10 mg X 10 TABLETAS","https://mav.farmaciasaas.com/api/images/articulos/DISTRIBUCION/27191.jpg",0.882,"MONTRAX TAB 10MG X10 BIOTECH"
38159,"GLIBENCLAMIDA 5 mg X 30 TABLETAS","https://mav.farmaciasaas.com/api/images/articulos/DISTRIBUCION/50984.jpg",0.904,"GLIBENCLAMIDA TAB 5MG X30 FMED"
37636,"CABERTRIX 0,5 mg X 4 COMPRIMIDOS","https://mav.farmaciasaas.com/api/images/articulos/DISTRIBUCION/29371.jpg",0.765,"CABERTRIX COM 0.5MG X 4"
38343,"LEVOFLOXACINO 750 mg X 5 TABLETAS RECUBIERTAS","https://mav.farmaciasaas.com/api/images/articulos/DISTRIBUCION/53251.jpg",0.892,"LEVOFLOXACINO TAB REC 750MG X5 ADN"
38342,"LEVOFLOXACINO 500 mg X 5 TABLETAS RECUBIERTAS","https://mav.farmaciasaas.com/api/images/articulos/DISTRIBUCION/53252.jpg",0.892,"LEVOFLOXACINO TAB REC 500MG X5 ADN"
38429,"MARTESIA 75 mg X 14 CAPSULAS","https://mav.farmaciasaas.com/api/images/articulos/DISTRIBUCION/95844.jpg",0.693,"MARTESIA CAP 75MG X14 MEG"
37381,"ALBENDAZOL 400 mg X 10 TABLETAS MASTICABLES","https://mav.farmaciasaas.com/api/images/articulos/DISTRIBUCION/52550.jpg",0.892,"ALBENDAZOL 400MG TAB MAST X10 ZUZU"
38560,"NITAX 500 mg X 6 TABLETAS RECUBIERTAS","https://mav.farmaciasaas.com/api/images/articulos/DISTRIBUCION/24328.jpg",0.853,"NITAX TAB REC 500MG X6 PHARME"
37666,"CANTIP 16 mg X 30 COMPRIMIDOS","https://mav.farmaciasaas.com/api/images/articulos/DISTRIBUCION/29751.jpg",0.732,"CANTIP COMP 16MG X 30"
38702,"PROPRANOLOL 40mg X 20 TABLETAS","https://mav.farmaciasaas.com/api/images/articulos/DISTRIBUCION/13203.jpg",0.947,"PROPRANOLOL COMP 40MG X20 PLX"
38817,"SUPRAMYCINA FORTE 200 mg X 10 TABLETAS","https://mav.farmaciasaas.com/api/images/articulos/DISTRIBUCION/52474.jpg",0.695,"SUPRAMYCINA FORTE TAB 200MG X10 CR CCM"
38737,"RISPERID 3 mg X 30 COMPRIMIDOS RECUBIERTOS","https://mav.farmaciasaas.com/api/images/articulos/DISTRIBUCION/94359.jpg",0.942,"RISPERID COMP 3MG X30 MEG"
38428,"MARTESIA 300 mg X 14 CAPSULAS","https://mav.farmaciasaas.com/api/images/articulos/DISTRIBUCION/95724.jpg",0.710,"MARTESIA CAP 300MG X14 MEG"
38392,"LORAVAL 10 mg X 10 TABLETAS","https://mav.farmaciasaas.com/api/images/articulos/DISTRIBUCION/9147.jpg",0.779,"LORAVAL TAB 10MG X10 VLM"
39515,"GESTAGENO 200 mg CAPSULAS DE GELATINA BLANDA X 10 CAPSULAS","https://mav.farmaciasaas.com/api/images/articulos/DISTRIBUCION/21413.jpg",0.620,"GESTAGENO CAP BLD 200MG X30 CR CCM"
37726,"CETIRIZINA DICLORHIDRATO 10 mg X 10 TABLETAS RECUBIERTAS","https://mav.farmaciasaas.com/api/images/articulos/DISTRIBUCION/1505.jpg",0.913,"CETIRIZINA TAB REC 10MG X10 CLX"
39477,"DESLER M 5 mg - 10 mg X 10 TABLETAS RECUBIERTAS","https://mav.farmaciasaas.com/api/images/articulos/DISTRIBUCION/18361.jpg",0.777,"DESLER M TAB 5MG/10MG X10 PHARME"
38147,"GABAPENTINA 300 mg X 14 CAPSULAS","https://mav.farmaciasaas.com/api/images/articulos/DISTRIBUCION/23487.jpg",0.796,"GABAPENTINA TAB 300MG X14 CR LATT"
39476,"DESLER M 5 mg - 10 mg X 30 TABLETAS RECUBIERTAS","https://mav.farmaciasaas.com/api/images/articulos/DISTRIBUCION/96524/96524.jpg",0.777,"DESLER M TAB REC 5MG/10MG X30 PHARME"
38125,"FLUNARIZINA 10 mg X 30 TABLETAS RECUBIERTAS","https://mav.farmaciasaas.com/api/images/articulos/DISTRIBUCION/53116.jpg",0.875,"FLUNARIZINA TAB 10MG X30 CCM"
38118,"FLUCONAZOL 200 mg TABLETAS RECUBIERTAS","https://mav.farmaciasaas.com/api/images/articulos/DISTRIBUCION/50070.jpg",0.691,"FLUCONAZOL CAP 200MG X 4 GENFAR"
38109,"FLODONT 0,15 % ENJUAGUE BUCAL","https://mav.farmaciasaas.com/api/images/articulos/DISTRIBUCION/6926.jpg",0.610,"FLODONT UNG TOPICO BUCAL 15G MEG"
38481,"METRONIDAZOL 500 mg X 10 TABLETAS","https://mav.farmaciasaas.com/api/images/articulos/DISTRIBUCION/51052.jpg",0.892,"METRONIDAZOL TAB 500MG X10 CR DIST"
39509,"FLEVOMAX - D 600 mg X 15 COMPRIMIDOS RECUBIERTOS","https://mav.farmaciasaas.com/api/images/articulos/DISTRIBUCION/54226.jpg",0.623,"FLEVOMAX-D COMP REC 600MG X15 FAHD"
39508,"FLATVIN 125 mg X 10 CAPSULAS BLANDAS","https://mav.farmaciasaas.com/api/images/articulos/DISTRIBUCION/24281.jpg",0.677,"FLATVIN CAP BLD 125MG X10 VIN"
39089,"ATROVERAN FORTE 20mg TABLETAS RECUBIERTAS","https://mav.farmaciasaas.com/api/images/articulos/DISTRIBUCION/53249.jpg",0.653,"VITAMIX FORTE TAB X10 ADN"
38077,"FERGANIC 40 mg X 30 CAPSULAS","https://mav.farmaciasaas.com/api/images/articulos/DISTRIBUCION/53159.jpg",0.882,"FERGANIC CAP 40MG X30 MEG"
38073,"FENITOINA SODICA 250 mg / 5 mL X 30 AMPOLLAS","https://mav.farmaciasaas.com/api/images/articulos/DISTRIBUCION/53246.jpg",0.675,"FENITOINA SOD SOL INY 250MG/5MLX1 ADN"
38068,"FEBRILIX 500 mg X 20 TABLETAS","https://mav.farmaciasaas.com/api/images/articulos/DISTRIBUCION/7037.jpg",0.629,"FEBRILIX TAB 500MG X20 KIMIC"
38045,"ESPIRONOLACTONA 25 mg X 10 TABLETAS","https://mav.farmaciasaas.com/api/images/articulos/DISTRIBUCION/50567.jpg",0.676,"ESPIRONOLACTONA COM 25MG X 20 GENFAR"
38014,"ERITROMICINA 500 mg X 10 TABLETAS RECUBIERTAS","https://mav.farmaciasaas.com/api/images/articulos/DISTRIBUCION/52542.jpg",0.892,"ERITROMICINA TAB 500MG X10 ZUZU"
38059,"EVABOLIN 25 mg X 30 TABLETAS RECUBIERTAS","https://mav.farmaciasaas.com/api/images/articulos/DISTRIBUCION/52003.jpg",0.764,"EMPAGLIFLOZINA TAB 25MG X30 DIST"
38849,"TENSOMAX 30 mg X 30 CAPSULAS DE LIBERACION PROLONGADA","https://mav.farmaciasaas.com/api/images/articulos/DISTRIBUCION/30143.jpg",0.633,"TENSOMAX LP CAP 30 MG X 30"
37972,"DOLKIDS 160 mg X 20 TABLETAS MASTICABLES","https://mav.farmaciasaas.com/api/images/articulos/DISTRIBUCION/5370.jpg",0.684,"DOLKIDS TAB 160MG X20 CLX"
37976,"Domperidona 10mg X 30 Tabletas","https://mav.farmaciasaas.com/api/images/articulos/DISTRIBUCION/99579/99579.jpg",0.962,"DOMPERIDONA TAB 10MG X30 PHARME"
37862,"DALTAZEN 60 mg X 10 COMPRIMIDOS","https://mav.farmaciasaas.com/api/images/articulos/DISTRIBUCION/28478.jpg",0.817,"DALTAZEN COM 60 MG X 10"
38839,"TAMOSTIN 0,4 mg X 30 CAPSULAS DE LIBERACION PROLONGADA","https://mav.farmaciasaas.com/api/images/articulos/DISTRIBUCION/54206.jpg",0.646,"TAMOSTIN CAP LP 0,4MG X30 LETI"
38265,"IZABAN DPP 25 mg - 5 mg X 30 COMPRIMIDOS RECUBIERTOS","https://mav.farmaciasaas.com/api/images/articulos/DISTRIBUCION/54207.jpg",0.756,"IZABAN DPP COMP REC 25MG/5MG X30 LETI"
38350,"LEVOTIROXINA SODICA 100 mcg X 50 TABLETAS","https://mav.farmaciasaas.com/api/images/articulos/DISTRIBUCION/54490.jpg",0.723,"LEVOTIROXINA SOD TAB 100MCG X50 CR DIST"
39102,"BIOTALOL HCT 2,5 mg - 6,25 mg COMPRIMIDOS RECUBIERTOS","https://mav.farmaciasaas.com/api/images/articulos/DISTRIBUCION/53196.jpg",0.779,"BIOTALOL HCT COMP REC 2,5/6,25MGX30 LETI"
38789,"SIDAZOL 50 mg X 30 TABLETAS","https://mav.farmaciasaas.com/api/images/articulos/DISTRIBUCION/53222.jpg",0.779,"SIDAZOL TAB 50MG X30 COFA"
37439,"AMOXICILINA - ACIDO CLAVULANICO 500 mg - 125 mg X 10 TABLETAS RECUBIERTAS","https://mav.farmaciasaas.com/api/images/articulos/DISTRIBUCION/53232.jpg",0.770,"AMOXICILINA/AC CLAV TAB 500/125MGX10 ADN"
37899,"DEXAMETASONA 4 mg X 10 COMPRIMIDOS","https://mav.farmaciasaas.com/api/images/articulos/DISTRIBUCION/53504.jpg",0.904,"DEXAMETASONA TAB 4MG X10 KMP"
38617,"ONDANSETRON 8 mg / 4 mL X 1 AMPOLLAS","https://mav.farmaciasaas.com/api/images/articulos/DISTRIBUCION/53239.jpg",0.707,"ONDANSETRON SOL INY IM/IV 8MG/4ML X1 ADN"
38453,"Metformina Clorhidrato 850mg X 30 Tabletas Recubiertas","https://mav.farmaciasaas.com/api/images/articulos/DISTRIBUCION/51389.jpg",0.962,"METFORMINA TAB 850MG X30 CR DIST"
38214,"IBUPROFENO 600 mg X 10 COMPRIMIDOS RECUBIERTOS","https://mav.farmaciasaas.com/api/images/articulos/DISTRIBUCION/3823.jpg",0.931,"IBUPROFENO COMP 600MG X10 LETI"
38603,"OMEPRAZOL 20 mg X 10 CAPSULAS GASTRORRESISTENTES","https://mav.farmaciasaas.com/api/images/articulos/DISTRIBUCION/53303.jpg",0.875,"OMEPRAZOL CAP 20MG X10 FMED"
38895,"TRIMEBUTINA 300 mg X 10 COMPRIMIDOS RECUBIERTOS DE LIBERACION PROLONGADA","https://mav.farmaciasaas.com/api/images/articulos/DISTRIBUCION/53502.jpg",0.892,"TRIMEBUTINA TAB 300MG X10 KMP"
37367,"ACTUMIR DUO 12,5mg-850mg X 30 TABLETAS RECUBIERTAS","https://mav.farmaciasaas.com/api/images/articulos/DISTRIBUCION/53556.jpg",0.603,"IZABAN DUO COMP REC 12,5/1000MG X30 LETI"
37521,"ATORVASTATINA 20 mg X 30 TABLETAS RECUBIERTAS","https://mav.farmaciasaas.com/api/images/articulos/DISTRIBUCION/51293.jpg",0.913,"ATORVASTATINA TAB REC 20MG X30 VLM"
37737,"CIATAL 500 mg / 2 mL X 1 AMPOLLAS","https://mav.farmaciasaas.com/api/images/articulos/DISTRIBUCION/51327.jpg",0.688,"CIATAL SOL INY 500MG/2ML X1 SIEG"
37675,"CARBAMAZEPINA 200 mg X 30 COMPRIMIDOS","https://mav.farmaciasaas.com/api/images/articulos/DISTRIBUCION/51392.jpg",0.931,"CARBAMAZEPINA COMP 200MG X30 VLM"
38553,"NIFEDIPINA 10 mg X 30 COMPRIMIDOS DISPERSABLES","https://mav.farmaciasaas.com/api/images/articulos/DISTRIBUCION/51432.jpg",0.887,"NIFEDIPINA COMP 10MG X30 LETI"
38299,"KETOROLAC TROMETAMINA 20 mg X 10 COMPRIMIDOS","https://mav.farmaciasaas.com/api/images/articulos/DISTRIBUCION/51770.jpg",0.853,"KETOROLACO TROMETAMINA TAB 20MG X10 FMED"
38452,"CLORHIDRATO DE METFORMINA 500 mg X 30 TABLETAS RECUBIERTAS","https://mav.farmaciasaas.com/api/images/articulos/DISTRIBUCION/51771.jpg",0.892,"METFORMINA TAB 500MG X30 FMED"
37832,"COLOZIN® (LACTOBACILLUS PLANTARUM - PEDIOCOCCUS ACIDILACTICI) 150 mg (3,0 x 10⁹ ufc) X 30 CAPSULAS","https://mav.farmaciasaas.com/api/images/articulos/DISTRIBUCION/51786.jpg",0.695,"COLOZIN CAP 150MG X30 LETI"
37657,"CANDESARTAN 8 mg X 10 COMPRIMIDOS","https://mav.farmaciasaas.com/api/images/articulos/DISTRIBUCION/51789.jpg",0.942,"CANDESARTAN COMP 8MG X10 LETI"
39443,"BIOTALOL HCT 10 mg - 6,25 mg COMPRIMIDOS RECUBIERTOS ","https://mav.farmaciasaas.com/api/images/articulos/DISTRIBUCION/51791.jpg",0.792,"BIOTALOL HCT COMP 10MG/6,25MG X30 LETI"
38785,"SERTRALINA 50 mg X 30 COMPRIMIDOS RECUBIERTOS","https://mav.farmaciasaas.com/api/images/articulos/DISTRIBUCION/51984.jpg",0.913,"SERTRALINA COMP REC 50MG X30 LETI"
37780,"CLENOSAN 90 mg X 30 COMPRIMIDOS RECUBIERTOS","https://mav.farmaciasaas.com/api/images/articulos/DISTRIBUCION/52057.jpg",0.671,"CLENOSAN COMP REC 90MG X30 LETI"
38034,"ESOMEPRAZOL 20 mg X 28 CAPSULAS CON MICROGRANULOS DE LIBERACION ENTERICA","https://mav.farmaciasaas.com/api/images/articulos/DISTRIBUCION/52332.jpg",0.765,"ESOMEPRAZOL CAP LE 20MG X28 LETI"
38167,"GLIMEPIRIDA 4 mg X 15 COMPRIMIDOS","https://mav.farmaciasaas.com/api/images/articulos/DISTRIBUCION/52338.jpg",0.942,"GLIMEPIRIDA COMP 4MG X15 LETI"
39314,"NAPROXENO SODICO 275 mg COMPRIMIDOS RECUBIERTOS","https://mav.farmaciasaas.com/api/images/articulos/DISTRIBUCION/52339.jpg",0.747,"NAPROXENO SOD COMP REC 275MG X10 LETI"
37482,"APLACAL 750 mg X 80 TABLETAS MASTICABLES SABOR A BANANA","https://mav.farmaciasaas.com/api/images/articulos/DISTRIBUCION/53180.jpg",0.811,"APLACAL TAB MAST 750MG SURT X80 SIEG"
39338,"PEGYT 50 mg X 30 CAPSULAS","https://mav.farmaciasaas.com/api/images/articulos/DISTRIBUCION/52625.jpg",0.718,"PEGYT CAP 50MG X30 LETI"
37942,"DIGLET 5000 U.I. X 10 COMPRIMIDOS RECUBIERTOS","https://mav.farmaciasaas.com/api/images/articulos/DISTRIBUCION/52638.jpg",0.816,"DIGLET COMP REC 5000UI X10 LETI"
38306,"LACTBET 3000 U X 10 CAPSULAS","https://mav.farmaciasaas.com/api/images/articulos/DISTRIBUCION/52649.jpg",0.947,"LACTBET CAP 3000U X10 BIOT"
39578,"SIMULTAN DUO 50 mg - 850 mg X 30 COMPRIMIDOS RECUBIERTOS","https://mav.farmaciasaas.com/api/images/articulos/DISTRIBUCION/52757.jpg",0.756,"SIMULTAN COMP REC 50MG/850MG X30 DLR"
38623,"  SUEROLITO ZINC 75 mEq/L SOLUCION ELECTROLITICA USO ORAL SABOR A FRUTAS TROPICALES","https://mav.farmaciasaas.com/api/images/articulos/DISTRIBUCION/52758.jpg",0.618,"ORALZINC PVO SOL ORAL FRUTAS TROP VARG"
38694,"PREGABALINA 150 mg X 30 CAPSULAS","https://mav.farmaciasaas.com/api/images/articulos/DISTRIBUCION/27605.jpg",0.763,"PREGABALINA CAP 150MG X30 PHARMA"
37633,"BUTAL 8 mg X 20 TABLETAS RECUBIERTAS","https://mav.farmaciasaas.com/api/images/articulos/DISTRIBUCION/52802.jpg",0.747,"BUTAL TAB REC 8MG X20 SIEG"
38957,"FARMAD 1000 UI X 30 TABLETAS RECUBIERTAS","https://mav.farmaciasaas.com/api/images/articulos/DISTRIBUCION/52843.jpg",0.788,"VIT C TAB 1000MG X30 SAAS"
38184,"GYNOMET 750 mg - 200 mg X 7 OVULOS","https://mav.farmaciasaas.com/api/images/articulos/DISTRIBUCION/53056.jpg",0.676,"GYNOMET OVUL VAG 750MG/200MG X7 LETI"
38213,"IBUN 800 mg X 10 TABLETAS RECUBIERTAS","https://mav.farmaciasaas.com/api/images/articulos/DISTRIBUCION/53061.jpg",0.769,"IBUN TAB REC 800MG X10 COFA"
37589,"BISOPROLOL FUMARATO 5 mg X 30 TABLETAS RECUBIERTAS","https://mav.farmaciasaas.com/api/images/articulos/DISTRIBUCION/98668.jpg",0.895,"BISOPROLOL FUMARATO COMP 5MG X30 LETI"
38804,"SOMAZINA 500 mg X 30 COMPRIMIDOS RECUBIERTOS","https://mav.farmaciasaas.com/api/images/articulos/DISTRIBUCION/1568.jpg",0.732,"SOMAZINA COM 500 MG X 30"
38363,"LISILETIC 20 mg -12,5 mg X 30 COMPRIMIDOS","https://mav.farmaciasaas.com/api/images/articulos/DISTRIBUCION/1677.jpg",0.817,"LISILETIC COMP 20MG/12,5MG X30 LETI"
38949,"VIASEk 50 mg X 2 COMPRIMIDOS RECUBIERTOS","https://mav.farmaciasaas.com/api/images/articulos/DISTRIBUCION/2929.jpg",0.693,"VIASEK COMP 50MG X2 LETI"
37333,"ACICLOR 1 g X 10 COMPRIMIDOS A.P.","https://mav.farmaciasaas.com/api/images/articulos/DISTRIBUCION/3203.jpg",0.735,"ACICLOR AP COMP 1G X10 LETI"
38396,"LOSARTAN POTASICO 50 mg X 10 COMPRIMIDOS RECUBIERTOS","https://mav.farmaciasaas.com/api/images/articulos/DISTRIBUCION/54209.jpg",0.803,"LOSARTAN POTASICO TAB 50MG X10 KMP"
38381,"LORATADINA 10 mg X 10 COMPRIMIDOS","https://mav.farmaciasaas.com/api/images/articulos/DISTRIBUCION/3401.jpg",0.913,"LORATADINA COMP 10MG X10 LETI"
37517,"ATORVASTATINA 20 mg X 10 COMPRIMIDOS RECUBIERTOS","https://mav.farmaciasaas.com/api/images/articulos/DISTRIBUCION/4070.jpg",0.913,"ATORVASTATINA COMP 20MG X10 LETI"
37600,"BLOKIUM 100 mg X 30 COMPRIMIDOS","https://mav.farmaciasaas.com/api/images/articulos/DISTRIBUCION/4312.jpg",0.662,"BLOKIUM COMP 100MG X30 LETI"
38285,"KETOPROFENO 100mg / 2 mL X 2 AMPOLLAS","https://mav.farmaciasaas.com/api/images/articulos/DISTRIBUCION/5201.jpg",0.923,"KETOPROFENO AMP 100MG/2ML X2 LETI"
38950,"VIASEk 50 mg X 1 COMPRIMIDOS RECUBIERTOS","https://mav.farmaciasaas.com/api/images/articulos/DISTRIBUCION/5327.jpg",0.693,"VIASEK COMP REC 50MG X1 LETI"
37782,"CLINDAMICINA 600 mg / 4 mL X 1 AMPOLLAS","https://mav.farmaciasaas.com/api/images/articulos/DISTRIBUCION/5821.jpg",0.915,"CLINDAMICINA AMP 600MG/4ML X1 LETI"
38851,"TENSOPIN 20 mg / mL SOLUCION ORAL","https://mav.farmaciasaas.com/api/images/articulos/DISTRIBUCION/6991.jpg",0.689,"TENSOPIN GTS 20ML LETI"
38440,"MELOXICAM 15 mg X 10 COMPRIMIDOS","https://mav.farmaciasaas.com/api/images/articulos/DISTRIBUCION/7370.jpg",0.913,"MELOXICAM COMP 15MG X10 LETI"
38706,"PROXIME 750 mg X 5 COMPRIMIDOS RECUBIERTOS","https://mav.farmaciasaas.com/api/images/articulos/DISTRIBUCION/8044.jpg",0.724,"PROXIME COMP REC 750MG X5 LETI"
37880,"DERAIN 15 % CREMA","https://mav.farmaciasaas.com/api/images/articulos/DISTRIBUCION/8277.jpg",0.781,"DERAIN CREM 15G LETI"
38183,"GYNODERAIN 0,6 g X 6 OVULOS","https://mav.farmaciasaas.com/api/images/articulos/DISTRIBUCION/8278.jpg",0.770,"GYNODERAIN OVU 0,6G X6 LETI"
37334,"ACICLOR 5 % CREMA","https://mav.farmaciasaas.com/api/images/articulos/DISTRIBUCION/8876.jpg",0.650,"ACICLOR CREM 5% 10G LETI"
37497,"ASAPROL 81 mg X 100 COMPRIMIDOS ENTERICOS","https://mav.farmaciasaas.com/api/images/articulos/DISTRIBUCION/9092.jpg",0.882,"ASAPROL COMP 81MG X100 LETI"
39000,"ZONTRICON 100mg/5mL POLVO PARA SUSPENSION","https://mav.farmaciasaas.com/api/images/articulos/DISTRIBUCION/9316.jpg",0.730,"ZONTRICON SUSP PED 100MG/5ML 30ML LETI"
38153,"GENESA 3mg-20 mcg X 21 COMPRIMIDOS RECUBIERTOS","https://mav.farmaciasaas.com/api/images/articulos/DISTRIBUCION/11639.jpg",0.917,"GENESA COMP 3MG/30 MCG X21 LETI"
38907,"ULGARIN 40 mg X 32 CAPSULAS","https://mav.farmaciasaas.com/api/images/articulos/DISTRIBUCION/13323.jpg",0.704,"ULGARIN CAP 40MG X32 LETI"
37311,"ACETAMINOFEN 650mg X 30 TABLETAS","https://mav.farmaciasaas.com/api/images/articulos/DISTRIBUCION/15591.jpg",0.962,"ACETAMINOFEN COMP 650MG X30 LETI"
37962,"DOBRACID 300 mg X 30 COMPRIMIDOS RECUBIERTOS DE LIBERACION PROLONGADA","https://mav.farmaciasaas.com/api/images/articulos/DISTRIBUCION/16483.jpg",0.795,"DOBRACID COMP LP 300MG X30 LETI"
38587,"OLMECAR 20 mg X 30 COMPRIMIDOS RECUBIERTOS","https://mav.farmaciasaas.com/api/images/articulos/DISTRIBUCION/18030.jpg",0.806,"OLMECAR COMP REC 20MG X30 LETI"
38588,"OLMECAR 40 mg X 30 COMPRIMIDOS RECUBIERTOS","https://mav.farmaciasaas.com/api/images/articulos/DISTRIBUCION/20723.jpg",0.882,"OLMECAR TAB 40MG X30 LETI"
38904,"ULGARIN 20 mg X 16 CAPSULAS","https://mav.farmaciasaas.com/api/images/articulos/DISTRIBUCION/23023.jpg",0.704,"ULGARIN CAP 20MG X16 LETI"
39318,"NEUROMIX COMPRIMIDOS RECUBIERTOS","https://mav.farmaciasaas.com/api/images/articulos/DISTRIBUCION/23206.jpg",0.733,"NEUROMIX COMP REC X30 LETI"
38906,"ULGARIN 40 mg X 16 CAPSULAS","https://mav.farmaciasaas.com/api/images/articulos/DISTRIBUCION/23886.jpg",0.704,"ULGARIN CAP 40MG X16 LETI"
38295,"KETOREL 30 mg X 4 COMPRIMIDOS ORODISPERSABLE","https://mav.farmaciasaas.com/api/images/articulos/DISTRIBUCION/29434.jpg",0.833,"KETOREL COM/ORODISP 30MG X 4"
37499,"ASARAP 10 mg X 30 COMPRIMIDOS RECUBIERTOS","https://mav.farmaciasaas.com/api/images/articulos/DISTRIBUCION/30076.jpg",0.706,"ASARAP COM 10MG X 30"
37580,"BIOTALOL 2,5 mg X 10 COMPRIMIDOS RECUBIERTOS","https://mav.farmaciasaas.com/api/images/articulos/DISTRIBUCION/30302.jpg",0.850,"BIOTALOL COM/REC 2.5MG X 10"
37500,"ASARAP 15 mg X 30 COMPRIMIDOS RECUBIERTOS","https://mav.farmaciasaas.com/api/images/articulos/DISTRIBUCION/30307.jpg",0.706,"ASARAP COMP/REC 15 MG X 30"
37945,"DIKLASON BI 150 mg X 10 COMPRIMIDOS DE LIBERACION CONTROLADA","https://mav.farmaciasaas.com/api/images/articulos/DISTRIBUCION/50303.jpg",0.853,"DIKLASON B1 COM 150MG X 10"
37655,"CANDESARTAN CILETEXILO – HIDROCLOROTIAZIDA 8 mg – 12,5 mg TABLETAS RECUBIERTAS","https://mav.farmaciasaas.com/api/images/articulos/DISTRIBUCION/94869.jpg",0.796,"CANDESARTAN CILEXETIL TAB 8MG X10 GENCER"
37316,"ACETAMINOFEN 500 mg X 10 COMPRIMIDOS","https://mav.farmaciasaas.com/api/images/articulos/DISTRIBUCION/53478.jpg",0.892,"ACETAMINOFEN TAB 500MG X10 KMP"
39382,"TADALAFILO 5 mg COMPRIMIDOS RECUBIERTOS","https://mav.farmaciasaas.com/api/images/articulos/DISTRIBUCION/50485.jpg",0.935,"TADALAFILO COM/REC 5MG X 30 LETI"
37963,"DOBRACID 300 mg X 10 COMPRIMIDOS RECUBIERTOS DE LIBERACION PROLONGADA","https://mav.farmaciasaas.com/api/images/articulos/DISTRIBUCION/50498.jpg",0.853,"DOBRACID LP COM 300MG X 10"
39171,"DAYZOL 600 mg - 4 mg COMPRIMIDOS RECUBIERTOS","https://mav.farmaciasaas.com/api/images/articulos/DISTRIBUCION/50522.jpg",0.701,"DAYZOL COMP REC 600MG/4MG X10 LETI"
38326,"LETISAN 500 mg X 10 COMPRIMIDOS RECUBIERTOS DE ACCION PROLONGADA","https://mav.farmaciasaas.com/api/images/articulos/DISTRIBUCION/50523.jpg",0.853,"LETISAN TAB/MAST 500MG UVA X 10"
38934,"VASPITOR 20 mg X 30 COMPRIMIDOS RECUBIERTOS","https://mav.farmaciasaas.com/api/images/articulos/DISTRIBUCION/50578.jpg",0.716,"VASPITOR COM/REC 20MG X 30"
37723,"CELESTREN 0,075 mg X 28 TABLETAS RECUBIERTAS","https://mav.farmaciasaas.com/api/images/articulos/DISTRIBUCION/50668.jpg",0.740,"CELESTREN TAB 0.075MG X28 TIAR"
39294,"MAXOTEN 50 mg COMPRIMIDOS RECUBIERTOS","https://mav.farmaciasaas.com/api/images/articulos/DISTRIBUCION/50705.jpg",0.643,"MAXOTEN COM/REC 50MG X 30"
37898,"DESTREL 75 mcg X 28 COMPRIMIDOS RECUBIERTOS","https://mav.farmaciasaas.com/api/images/articulos/DISTRIBUCION/50861.jpg",0.833,"DESTREL COM 75MCG X 28 EURO"
37916,"DIAGESIC 75 mg / 3 mL X 1 AMPOLLAS","https://mav.farmaciasaas.com/api/images/articulos/DISTRIBUCION/51210.jpg",0.733,"DIAGESIC AMP 75MG/3ML X1 BIOT"
39087,"ATORVASTATINA 40 mg X 30 TABLETAS RECUBIERTAS","https://mav.farmaciasaas.com/api/images/articulos/DISTRIBUCION/51294.jpg",0.882,"ATORVASTATINA TAB REC 40MG X30 VLM"
37536,"AXOKINE 400 mg X 5 COMPRIMIDOS RECUBIERTOS","https://mav.farmaciasaas.com/api/images/articulos/DISTRIBUCION/90556.jpg",0.770,"AXOKINE COMP REC 400G X5 LETI"
38707,"PULMOLET 1 mg / mL SUSPENSION PARA NEBULIZAR","https://mav.farmaciasaas.com/api/images/articulos/DISTRIBUCION/91027.jpg",0.609,"PULMOLET SUSP P/NEB 1MG/ML 15ML LETI"
38630,"OXIDREN 150 mg X 1 COMPRIMIDOS RECUBIERTOS","https://mav.farmaciasaas.com/api/images/articulos/DISTRIBUCION/94330.jpg",0.735,"OXIDREN COMP 150MG X1 LETI"
38374,"LONGACEF 400 mg X 5 CAPSULAS","https://mav.farmaciasaas.com/api/images/articulos/DISTRIBUCION/98377.jpg",0.662,"LONGACEF CAP 400MG X5 LETI"
37590,"BISOPROLOL FUMARATO 2,5 mg X 30 COMPRIMIDOS RECUBIERTOS","https://mav.farmaciasaas.com/api/images/articulos/DISTRIBUCION/98667.jpg",0.823,"BISOPROLOL FUMARATO COMP 2,5MG X30 LETI"
38217,"IBUPROFENO 100 mg / 5 mL SUSPENSION ORAL","https://mav.farmaciasaas.com/api/images/articulos/DISTRIBUCION/99047.jpg",0.879,"IBUPROFENO SUSP 100MG/5ML 90ML LETI"
38729,"RIFAMIX 200 mg X 12 COMPRIMIDOS RECUBIERTOS","https://mav.farmaciasaas.com/api/images/articulos/DISTRIBUCION/99098.jpg",0.823,"RIFAMIX COMP REC 200MG X12 LETI"
37851,"COVENTROL 6,25 mg X 30 COMPRIMIDOS","https://mav.farmaciasaas.com/api/images/articulos/DISTRIBUCION/99167.jpg",0.750,"COVENTROL COMP 6,25MG X30 LETI"
38152,"GENESA 3mg-20 mcg X 28 COMPRIMIDOS RECUBIERTOS","https://mav.farmaciasaas.com/api/images/articulos/DISTRIBUCION/13744.jpg",0.993,"GENESA COM/REC 3MG/20MCG X 28"
37684,"CARBONATO DE LITIO 300 mg X 20 CAPSULAS","https://mav.farmaciasaas.com/api/images/articulos/DISTRIBUCION/4553.jpg",0.834,"CARBONATO D/LITIO CAP 300MG X20 BIOTECH"
38256,"IRBESARTAN 300 mg X 28 TABLETAS","https://mav.farmaciasaas.com/api/images/articulos/DISTRIBUCION/28779.jpg",0.931,"IRBESARTAN TAB 300 MG X 28 CLX"
39257,"IRBESARTAN 150 mg X 28 TABLETAS","https://mav.farmaciasaas.com/api/images/articulos/DISTRIBUCION/28781.jpg",0.931,"IRBESARTAN TAB 150 MG X 28 CLX"
38139,"FUROSEMIDA 20 mg / 2 mL X 3 AMPOLLAS","https://mav.farmaciasaas.com/api/images/articulos/DISTRIBUCION/28787.jpg",0.743,"FUROSEMIDA AMP 20MG/2ML X 3 DISTRILAB"
39273,"KLINCOSAL 262 mg - 100 mg X 30 TABLETAS MASTICABLES SABOR A UVA","https://mav.farmaciasaas.com/api/images/articulos/DISTRIBUCION/28870.jpg",0.864,"KLINCOSAL TAB/MAST 262MG/100MG FRESA X30"
37550,"BACITRACINA 500 UI - g UNGUENTO","https://mav.farmaciasaas.com/api/images/articulos/DISTRIBUCION/26065.jpg",0.817,"BACITRACINA UNG 500UI 20G CR DAC"
38238,"IDOXEN 75 mg X 30 CAPSULAS DE LIBERACION PROLONGADA","https://mav.farmaciasaas.com/api/images/articulos/DISTRIBUCION/29527.jpg",0.758,"IDOXEN CAP LIB/PRO 75MG X 30"
37470,"ANTAAR 1,25 mg X 30 TABLETAS RECUBIERTAS","https://mav.farmaciasaas.com/api/images/articulos/DISTRIBUCION/29562.jpg",0.833,"ANTAAR TAB/REC 1.25MG X 30"
38219,"IBUPROFENO 600 mg X 10 TABLETAS","https://mav.farmaciasaas.com/api/images/articulos/DISTRIBUCION/29649.jpg",0.931,"IBUPROFENO TAB 600MG X 10 VARG"
38601,"OMEPRAZOL 20 mg X 30 CAPSULAS CON MICROGRANULOS CON CUBIERTA ENTERICA","https://mav.farmaciasaas.com/api/images/articulos/DISTRIBUCION/11680.jpg",0.792,"OMEPRAZOL CAP 20 MG X 30 LA SANTE"
38264,"IZABAN 10 mg X 30 COMPRIMIDOS RECUBIERTOS","https://mav.farmaciasaas.com/api/images/articulos/DISTRIBUCION/29953.jpg",0.706,"IZABAN COM 10MG X 30"
39376,"SULTAMICILINA 750 mg COMPRIMIDOS RECUBIERTOS","https://mav.farmaciasaas.com/api/images/articulos/DISTRIBUCION/50175.jpg",0.825,"SULTAMICILINA TAB REC 750MG X12 LETI"
37668,"OXIGENO MEDICINAL","https://mav.farmaciasaas.com/api/images/articulos/DISTRIBUCION/21775.jpg",0.778,"CANULA D/OXIGENO PLUSMEDIC NASAL PED"
37582,"BIOTALOL 1,25 mg X 30 COMPRIMIDOS RECUBIERTOS","https://mav.farmaciasaas.com/api/images/articulos/DISTRIBUCION/26929.jpg",0.842,"BIOTALOL COMP REC 1,25MG X30 LETI"
38803,"SITAGLIS MET 50 mg-1000 mg X 28 COMPRIMIDOS RECUBIERTOS","https://mav.farmaciasaas.com/api/images/articulos/DISTRIBUCION/26930.jpg",0.974,"SITAGLIS MET COMP REC 50/1000MG X28 LETI"
38206,"IBECAR 300 mg X 30 TABLETAS RECUBIERTAS","https://mav.farmaciasaas.com/api/images/articulos/DISTRIBUCION/27010.jpg",0.796,"IBECAR TAB REC 300MG X30 VLM"
38964,"VITAMINA C 500 mg X 30 TABLETAS MASTICABLES SABOR A NARANJA","https://mav.farmaciasaas.com/api/images/articulos/DISTRIBUCION/27114.jpg",0.784,"VIT C TAB 500MG X30 BIOQ"
38404,"LOSARTAN POTASICO 50 mg X 30 TABLETAS RECUBIERTAS","https://mav.farmaciasaas.com/api/images/articulos/DISTRIBUCION/27329.jpg",0.800,"LOSARTAN POTA TAB 50MG X30 BIOTECH"
39239,"GLUTAPTIN MET 50 mg - 500 mg X 30 TABLETAS RECUBIERTAS","https://mav.farmaciasaas.com/api/images/articulos/DISTRIBUCION/27355.jpg",0.820,"GLUTAPTIN MET TAB 500/50MG X30 CLX"
38272,"KELAC 30 mg / mL X 4 AMPOLLAS","https://mav.farmaciasaas.com/api/images/articulos/DISTRIBUCION/27471.jpg",0.674,"KELAC TAB SL 30MG X4 MEG"
38070,"FEBRIP 180 mg / 5 mL SOLUCION ORAL","https://mav.farmaciasaas.com/api/images/articulos/DISTRIBUCION/27532.jpg",0.616,"FEBRIP SOL 180MG/5ML 120ML MEG"
38724,"REUMAQUINE 200 mg X 20 TABLETAS RECUBIERTAS","https://mav.farmaciasaas.com/api/images/articulos/DISTRIBUCION/27621.jpg",0.801,"HIDROXICLOROQUINA TAB 200MG X20 CR MT"
37822,"CLOTRIMAZOL 10 % CREMA VAGINAL","https://mav.farmaciasaas.com/api/images/articulos/DISTRIBUCION/27973.jpg",0.739,"CLOTRIMAZOL CREM 1% 20G CLX"
37843,"CORENTEL 1,25 mg X 10 COMPRIMIDOS RECUBIERTOS","https://mav.farmaciasaas.com/api/images/articulos/DISTRIBUCION/28209.jpg",0.842,"CORENTEL COMP REC 1,25MG X10 MEG"
37455,"AMPLIDER 50 mg X 10 CAPSULAS BLANDAS","https://mav.farmaciasaas.com/api/images/articulos/DISTRIBUCION/28394.jpg",0.829,"AMPLIDER CAP 50MG X10 VIV"
37704,"CEFADROXILO 500 mg X 10 CAPSULAS","https://mav.farmaciasaas.com/api/images/articulos/DISTRIBUCION/28517.jpg",0.829,"CEFADROXILO CAP 500MG X 10 ANGELUS"
38106,"FLEMIBAR 10 mg - 250 mg X 10 COMPRIMIDOS RECUBIERTOS","https://mav.farmaciasaas.com/api/images/articulos/DISTRIBUCION/28552.jpg",0.732,"FLEMIBAR COM 10MG/250MG X 10"
39058,"ANTIFOM 125 mg X 10 TABLETAS MASTICABLES","https://mav.farmaciasaas.com/api/images/articulos/DISTRIBUCION/28592.jpg",0.627,"SIMETICONA SALUDX CAP 125MG X 10 RJR"
37941,"DIGLET 1000 U.I. X 30 COMPRIMIDOS ORODISPERSABLES","https://mav.farmaciasaas.com/api/images/articulos/DISTRIBUCION/28637.jpg",0.764,"DIGLET COM 2000 UI X 30"
37557,"BENCIDAMINA CLORHIDRATO 0,15 % SOLUCION TOPICA BUCAL","https://mav.farmaciasaas.com/api/images/articulos/DISTRIBUCION/13344.jpg",0.725,"BENCIDAMINA SOL BUCAL 240ML COFA"
38829,"TADIFIL 5 mg X 30 COMPRIMIDOS RECUBIERTOS","https://mav.farmaciasaas.com/api/images/articulos/DISTRIBUCION/16883.jpg",0.835,"TADIFIL COMP 5MG X30 MEG"
38427,"MARTESIA 25 mg X 30 CAPSULAS","https://mav.farmaciasaas.com/api/images/articulos/DISTRIBUCION/17771.jpg",0.693,"MARTESIA CAP 25MG X30 MEG"
38655,"PERIDONT 0,12 % SOLUCION TOPICA BUCAL","https://mav.farmaciasaas.com/api/images/articulos/DISTRIBUCION/18615.jpg",0.671,"PERIDONT SOL TOPICA BUCAL 240ML L.O"
38480,"METRONIDAZOL BENZOIL 250 mg/ 5 mL SUSPENSION ORAL","https://mav.farmaciasaas.com/api/images/articulos/DISTRIBUCION/21794.jpg",0.841,"METRONIDAZOL SUSP 250G/5ML 100ML CR DIST"
38719,"RANITIDINA 50 mg/2 mL X 10 AMPOLLAS","https://mav.farmaciasaas.com/api/images/articulos/DISTRIBUCION/23534.jpg",0.865,"RANITIDINA AMP 50MG/2ML X10 BLUE/M"
38337,"LEVOFLOXACINA 750 mg X 10 TABLETAS RECUBIERTAS","https://mav.farmaciasaas.com/api/images/articulos/DISTRIBUCION/24415.jpg",0.872,"LEVOFLOXACINA TAB REC 750MG X10 CR DIST"
39131,"CARVEDILOL 6,25 mg COMPRIMIDOS","https://mav.farmaciasaas.com/api/images/articulos/DISTRIBUCION/25528.jpg",0.870,"CARVEDILOL COMP 6,25MG X15 LETI"
38212,"IBUN 600 mg X 10 TABLETAS RECUBIERTAS","https://mav.farmaciasaas.com/api/images/articulos/DISTRIBUCION/26152.jpg",0.905,"IBUN TAB 600MG X10 COFA"
37707,"CEFADROXILO 250 mg / 5 mL POLVO PARA SUSPENSION ORAL","https://mav.farmaciasaas.com/api/images/articulos/DISTRIBUCION/10096.jpg",0.711,"CEFADROXILO SUSP 250MG/5ML 60ML CLX"
37824,"CLOTRIMAZOL 500 mg X 1 OVULOS VAGINALES","https://mav.farmaciasaas.com/api/images/articulos/DISTRIBUCION/26410.jpg",0.892,"CLOTRIMAZOL OVUL 500MG X1 TIAR"
38865,"TIOCHAX PLUS 400 mg - 4 mg X 10 TABLETAS RECUBIERTAS","https://mav.farmaciasaas.com/api/images/articulos/DISTRIBUCION/26615.jpg",0.790,"TIOCHAX PLUS TAB REC 400/4MG X10 PLX"
38896,"FLUTIXAIR 250 mcg -25 mcg / DOSIS X 120 SUSPENSION PARA INHALACION ORAL","https://mav.farmaciasaas.com/api/images/articulos/DISTRIBUCION/98383.jpg",0.649,"FLUTIXAIR SUSP INH 250/25MCG X120 MEG"
37583,"BIOTALOL 10 mg X 30 COMPRIMIDOS RECUBIERTOS","https://mav.farmaciasaas.com/api/images/articulos/DISTRIBUCION/98614.jpg",0.882,"BIOTALOL COMP REC 10MG X30 LETI"
37498,"ASAPROL 81 mg X 40 COMPRIMIDOS ENTERICOS","https://mav.farmaciasaas.com/api/images/articulos/DISTRIBUCION/99232.jpg",0.882,"ASAPROL COMP 81MG X40 LETI"
37937,"DIECAPS 60 mg X 30 CAPSULAS","https://mav.farmaciasaas.com/api/images/articulos/DISTRIBUCION/17245.jpg",0.678,"DIECAPS CAP 60MG X30 MEG"
38597,"OMEPRAZOL 20 mg X 14 CAPSULAS CON MICROGRANULOS ENTERICOS","https://mav.farmaciasaas.com/api/images/articulos/DISTRIBUCION/21060.jpg",0.882,"OMEPRAZOL CAP 20MG X14 CLX"
39064,"APLACAL 750 mg TABLETAS MASTICABLES SABOR A FRAMBUESA X 10 TABLETAS","https://mav.farmaciasaas.com/api/images/articulos/DISTRIBUCION/21596.jpg",0.814,"APLACAL TAB MAST FRAMB 750MG X10 MEY"
38646,"PEGYT 150 mg X 20 CAPSULAS","https://mav.farmaciasaas.com/api/images/articulos/DISTRIBUCION/21676.jpg",0.735,"PEGYT CAP 150MG X20 LETI"
38022,"ESCITALOPRAM 10 mg X 28 TABLETAS RECUBIERTAS","https://mav.farmaciasaas.com/api/images/articulos/DISTRIBUCION/22208.jpg",0.882,"ESCITALOPRAM TAB REC 10MG X28 CLX"
38784,"SERTRALINA 50 mg X 14 COMPRIMIDOS RECUBIERTOS","https://mav.farmaciasaas.com/api/images/articulos/DISTRIBUCION/22393.jpg",0.875,"SERTRALINA TAB 50MG X14 CR CCM"
37765,"CITICOLINA 500 mg X 30 TABLETAS RECUBIERTAS","https://mav.farmaciasaas.com/api/images/articulos/DISTRIBUCION/22770.jpg",0.931,"CITICOLINA TAB 500MG X30 CLX"
38567,"NONAFOL 10 mg X 10 TABLETAS","https://mav.farmaciasaas.com/api/images/articulos/DISTRIBUCION/23015.jpg",0.683,"NONAFOL TAB 10MG X10 MEY"
38794,"SILDEX 100 mg X 1 TABLETAS RECUBIERTAS","https://mav.farmaciasaas.com/api/images/articulos/DISTRIBUCION/23468.jpg",0.905,"SILDEX TAB 100MG X1 PLX"
38795,"SILDEX 100 mg X 2 TABLETAS RECUBIERTAS","https://mav.farmaciasaas.com/api/images/articulos/DISTRIBUCION/23469.jpg",0.905,"SILDEX TAB 100MG X2 PLX"
38697,"PREGALIS 75MG X 14 CAPSULAS","https://mav.farmaciasaas.com/api/images/articulos/DISTRIBUCION/23488.jpg",0.802,"PREGABALINA TAB 75MG X14 CR LATT"
37705,"CEFADROXILO 500 mg X 10 CAPSULAS","https://mav.farmaciasaas.com/api/images/articulos/DISTRIBUCION/23703.jpg",0.892,"CEFADROXILO CAP 500MG X10 BUKA"
38684,"PREDNISOLONA 5 mg X 10 TABLETAS","https://mav.farmaciasaas.com/api/images/articulos/23776.jpg",0.819,"PREDNISOLONA TAB 5 MG X 10 KMPLUS"
37360,"ACIDO FOLICO 5 mg X 30 TABLETAS","https://mav.farmaciasaas.com/api/images/articulos/DISTRIBUCION/23782.jpg",0.962,"ACIDO FOLICO TAB 5MG X30 PLX"
37522,"ATORVASTATINA 20 mg X 30 TABLETAS RECUBIERTAS","https://mav.farmaciasaas.com/api/images/articulos/DISTRIBUCION/23795.jpg",0.833,"ATORVASTATINA TAB 20MG X30 ALESS"
39449,"HIOSCINA N-BUTILBROMURO 10 mg X 10 TABLETAS RECUBIERTAS","https://mav.farmaciasaas.com/api/images/articulos/DISTRIBUCION/52175.jpg",0.829,"BUTILBROM D/HIOSCINA TAB 10MG X10 DIST"
38687,"PREDNISOLONA 5 mg X 30 TABLETAS","https://mav.farmaciasaas.com/api/images/articulos/DISTRIBUCION/23882.jpg",0.904,"PREDNISOLONA TAB 5MG X30 BLUE/M"
38207,"IBLUFEN 800 mg X 10 TABLETAS","https://mav.farmaciasaas.com/api/images/articulos/DISTRIBUCION/23883.jpg",0.758,"IBLUFEN TAB 800MG X10 BLUE/M"
38160,"METFORMINA CLORHIDRATO - GLIBENCLAMIDA 500 mg - 5 mg TABLETAS RECUBIERTAS","https://mav.farmaciasaas.com/api/images/articulos/DISTRIBUCION/23902.jpg",0.764,"GLIBENCLAMIDA/METFOR TAB 5/500MGX30 BUKA"
38963,"VITAMINA C 500 mg X 15 TABLETAS MASTICABLES SABOR A NARANJA","https://mav.farmaciasaas.com/api/images/articulos/DISTRIBUCION/17146.jpg",0.669,"VIT C CAP BLD 500MG X15 FC"
38977,"VIZERUL 75 mg X 20 COMPRIMIDOS RECUBIERTOS","https://mav.farmaciasaas.com/api/images/articulos/DISTRIBUCION/24115.jpg",0.829,"VIZERUL COMP 75MG X20 DLR"
38993,"VITADYN C ZINC 500mg - 7,5mg X 30 CÁPSULAS","https://mav.farmaciasaas.com/api/images/articulos/DISTRIBUCION/24313.jpg",0.686,"CEVAX ZINC CAP BLD 500/7,5MG X15 VIV"
38744,"RIVAROXABAN 15 mg X 30 TABLETAS RECUBIERTAS","https://mav.farmaciasaas.com/api/images/articulos/DISTRIBUCION/24319.jpg",0.875,"RIVAROXABAN TAB 15MG X30 CR DIST"
37643,"CALMOX 15 mg X 20 TABLETAS","https://mav.farmaciasaas.com/api/images/articulos/DISTRIBUCION/24411.jpg",0.666,"CALMOX TAB 15MG X20 MEY"
37956,"DIOSMINA - HESPERIDINA 450 mg - 50 mg X 30 TABLETAS RECUBIERTAS","https://mav.farmaciasaas.com/api/images/articulos/DISTRIBUCION/24807.jpg",0.901,"DIOSMINA/HESPER TAB 450/50MG X30 CR DIST"
38382,"LORATADINA 1 mg / mL JARABE","https://mav.farmaciasaas.com/api/images/articulos/DISTRIBUCION/24810.jpg",0.675,"LORATADINA JBE 1MG/MG 60ML KIMIC"
38260,"ISBELA 2 mg - 0,035 mg X 21 TABLETAS RECUBIERTAS","https://mav.farmaciasaas.com/api/images/articulos/DISTRIBUCION/25187.jpg",0.747,"ISBELA TAB 2MG/0,035MG X21 VIV"
39599,"VAXIDUO 100 mg - 400 mg X 7 OVULOS VAGINALES","https://mav.farmaciasaas.com/api/images/articulos/DISTRIBUCION/25190.jpg",0.706,"VAXIDUO OVU 100MG/400MG X7 CLX"
38575,"NORTRICOL 200 mg X 20 CÁPSULAS","https://mav.farmaciasaas.com/api/images/articulos/DISTRIBUCION/25240.jpg",0.697,"NORTRICOL CAP 200MG X20 MEY"
38568,"NONAFOL 10 mg X 20 TABLETAS","https://mav.farmaciasaas.com/api/images/articulos/DISTRIBUCION/25245.jpg",0.683,"NONAFOL TAB 10MG X20 MEY"
39421,"ALILUB 1,4 % SOLUCION OFTALMICA","https://mav.farmaciasaas.com/api/images/articulos/DISTRIBUCION/25509.jpg",0.602,"ALILUB SOL OFT 1,4 % 15ML PHARME"
37886,"DEROVIT 1000 UI X 30 CAPSULAS BLANDAS","https://mav.farmaciasaas.com/api/images/articulos/DISTRIBUCION/25518.jpg",0.868,"DEROVIT CAP BLD 1000UI X30 VIV"
37741,"CICLOKAN 500 mg X 21 COMPRIMIDOS RECUBIERTOS","https://mav.farmaciasaas.com/api/images/articulos/DISTRIBUCION/16882.jpg",0.729,"CICLOKAN COMP REC 500MG X21 MEG"
38645,"PEDIACORT 3 mg / mL SOLUCION ORAL","https://mav.farmaciasaas.com/api/images/articulos/DISTRIBUCION/53054.jpg",0.678,"PREDNISOLONA SOL ORAL 3MG/ML 60ML DAC"
37292,"ABRETIA 18 mg X 10 CAPSULAS","https://mav.farmaciasaas.com/api/images/articulos/DISTRIBUCION/17770.jpg",0.728,"ABRETIA CAP 18MG X10 MEG"
39246,"HIDROCLOROTIAZIDA 12,5 mg COMPRIMIDOS","https://mav.farmaciasaas.com/api/images/articulos/DISTRIBUCION/17795.jpg",0.870,"HIDROCLOROTIAZIDA COMP 12,5MG X30 LETI"
38136,"FULGRAM 875 mg - 125 mg X 16 COMPRIMIDOS RECUBIERTOS","https://mav.farmaciasaas.com/api/images/articulos/DISTRIBUCION/17884.jpg",0.958,"FULGRAM COMP REC 875MG/125MG X16 LETI"
37385,"ALBENDAZOL 200 mg X 2 TABLETAS","https://mav.farmaciasaas.com/api/images/articulos/DISTRIBUCION/17968.jpg",0.931,"ALBENDAZOL TAB 200MG X2 PLX"
38717,"RAMIPRES 5 mg X 30 COMPRIMIDOS","https://mav.farmaciasaas.com/api/images/articulos/DISTRIBUCION/18617.jpg",0.875,"RAMIPRES COMP 5MG X30 MEG"
37585,"BIPROLIL HCT 5 mg - 6,25 mg X 30 COMPRIMIDOS RECUBIERTOS","https://mav.farmaciasaas.com/api/images/articulos/DISTRIBUCION/54525.jpg",0.849,"BIPROLIL HCT COMP REC 5/6,25MG X30 VARG"
38490,"MIGRAVAL 100 mg X 8 COMPRIMIDOS RECUBIERTOS","https://mav.farmaciasaas.com/api/images/articulos/DISTRIBUCION/19847.jpg",0.735,"MIGRAVAL COMP 100MG X8 MEG"
37386,"ALBENDAZOL 200 mg X 6 TABLETAS","https://mav.farmaciasaas.com/api/images/articulos/DISTRIBUCION/20302.jpg",0.931,"ALBENDAZOL TAB 200MG X6 PLX"
37410,"ALSART 80 mg X 30 CAPSULAS","https://mav.farmaciasaas.com/api/images/articulos/DISTRIBUCION/20333.jpg",0.875,"ALSART CAP 80MG X30 MEY"
38329,"LEVAMOX 750 mg X 10 TABLETAS RECUBIERTAS","https://mav.farmaciasaas.com/api/images/articulos/DISTRIBUCION/20350.jpg",0.853,"LEVAMOX TAB 750MG X10 FC"
37547,"AZITROMICINA 500 mg X 5 TABLETAS RECUBIERTAS","https://mav.farmaciasaas.com/api/images/articulos/DISTRIBUCION/20504.jpg",0.850,"AZITROMICINA TAB 500MG X5 ALESS"
37752,"CIPROFLOXACINA 500 mg X 6 TABLETAS RECUBIERTAS","https://mav.farmaciasaas.com/api/images/articulos/DISTRIBUCION/24680.jpg",0.853,"CIPROFLOXACINA TAB 500MG X6 ADN"
38592,"OLMESARTAN MEDOXOMIL 20 mg X 30 TABLETAS RECUBIERTAS","https://mav.farmaciasaas.com/api/images/articulos/DISTRIBUCION/20514.jpg",0.806,"OLMESARTAN MEDO TAB 20MG X30 ALESS"
38636,"PANTOPRAZOL 40 mg X 7 TABLETAS DE LIBERACION RETARDADA","https://mav.farmaciasaas.com/api/images/articulos/DISTRIBUCION/20517.jpg",0.833,"PANTOPRAZOL TAB 40MG X7 ALESS"
38418,"LUMBAX 800 mg X 6 COMPRIMIDOS RECUBIERTOS","https://mav.farmaciasaas.com/api/images/articulos/DISTRIBUCION/20721.jpg",0.688,"LUMBAX TAB 800MG X6 VARG"
38606,"OMEPRAZOL 20 mg X 7 CAPSULAS GASTRORRESISTENTES","https://mav.farmaciasaas.com/api/images/articulos/DISTRIBUCION/20777.jpg",0.875,"OMEPRAZOL CAP 20MG X7 VARG"
38812,"SULIXTRA DUO 0,4 mg - 0,5 mg X 10 CAPSULAS DE LIBERACION PROLONGADA","https://mav.farmaciasaas.com/api/images/articulos/DISTRIBUCION/21023.jpg",0.825,"SULIXTRA DUO CAP LP 0,4MG/0,5MG X10 FC"
38638,"PARACETAMOL 1 g / 100 mL SOLUCION PARA INFUSION","https://mav.farmaciasaas.com/api/images/articulos/DISTRIBUCION/21339.jpg",0.655,"PARACETAMOL INF INY 1G/100ML CR DIST"
37713,"CEFIXIMA 100 mg / 5 mL POLVO PARA SUSPENSION ORAL","https://mav.farmaciasaas.com/api/images/articulos/DISTRIBUCION/21785.jpg",0.711,"CEFIXIMA PVO SUSP 100MG/5ML 60ML CR DIST"
37490,"ARESAN 20 mg X 30 TABLETAS RECUBIERTAS","https://mav.farmaciasaas.com/api/images/articulos/DISTRIBUCION/22093.jpg",0.882,"ARESAN TAB REC 20MG X30 BIOTECH"
38699,"PRELIVAL 75 mg X 20 CAPSULAS","https://mav.farmaciasaas.com/api/images/articulos/DISTRIBUCION/22389.jpg",0.767,"PRELIVAL CAP 75MG X20 VLM"
38546,"NEULEVAL 750 mg X 5 TABLETAS RECUBIERTAS","https://mav.farmaciasaas.com/api/images/articulos/DISTRIBUCION/22860.jpg",0.905,"NEULEVAL TAB REC 750MG X5 VLM"
37944,"DIKLASON 100 mg X 20 COMPRIMIDOS DE ACCION PROLONGADA","https://mav.farmaciasaas.com/api/images/articulos/DISTRIBUCION/13042.jpg",0.805,"DIKLASON AP COMP 100MG X20 LETI"
37387,"ALBENDAZOL 200 mg X 6 TABLETAS MASTICABLES","https://mav.farmaciasaas.com/api/images/articulos/DISTRIBUCION/94917.jpg",0.931,"ALBENDAZOL TAB MAST 200MG X6 CLX"
38905,"ULGARIN 20 mg X 28 CAPSULAS","https://mav.farmaciasaas.com/api/images/articulos/DISTRIBUCION/13252.jpg",0.704,"ULGARIN CAP 20MG X28 LETI"
38006,"ENALAPRIL MALEATO 20 mg X 30 TABLETAS","https://mav.farmaciasaas.com/api/images/articulos/DISTRIBUCION/13265.jpg",0.913,"ENALAPRIL TAB 20MG X30 PLX"
38665,"PINAVIX 100 mg X 30 COMPRIMIDOS RECUBIERTOS","https://mav.farmaciasaas.com/api/images/articulos/DISTRIBUCION/13663.jpg",0.841,"PINAVIX 100 COMP REC 100MG X30 MEG"
38883,"TORIVAS 50 mg X 30 TABLETAS RECUBIERTAS","https://mav.farmaciasaas.com/api/images/articulos/DISTRIBUCION/15607.jpg",0.674,"TORIVAS TAB REC 50MG X30 CLX"
39182,"DICLOFENAC DIETILAMINO 1,16 % GEL","https://mav.farmaciasaas.com/api/images/articulos/DISTRIBUCION/51997.jpg",0.616,"DICLOFENAC DIETILAM GEL 1,16% 30G ALESS"
39207,"EVABOLIN 10 mg X 30 TABLETAS RECUBIERTAS","https://mav.farmaciasaas.com/api/images/articulos/DISTRIBUCION/52002.jpg",0.764,"EMPAGLIFLOZINA TAB 10MG X30 DIST"
37489,"ARCOVAL 90 mg X 10 TABLETAS RECUBIERTAS","https://mav.farmaciasaas.com/api/images/articulos/DISTRIBUCION/52032.jpg",0.725,"ARCOVAL TAB 90MG X10 VLM"
37986,"DOXIUM 500 mg X 30 CAPSULAS","https://mav.farmaciasaas.com/api/images/articulos/DISTRIBUCION/52056.jpg",0.742,"DOXIUM CAP 500MG X30 LETI"
38796,"SILDEX 50 mg X 1 TABLETAS RECUBIERTAS","https://mav.farmaciasaas.com/api/images/articulos/DISTRIBUCION/90912.jpg",0.767,"SILDEX TAB 50MG X1 PLX"
37923,"DICLODEX 50 mg X 20 TABLETAS RECUBIERTAS","https://mav.farmaciasaas.com/api/images/articulos/DISTRIBUCION/90913.jpg",0.791,"DICLODEX TAB 50MG X20 PLX"
37555,"BARGONIL 2 % UNGUENTO","https://mav.farmaciasaas.com/api/images/articulos/DISTRIBUCION/90926.jpg",0.629,"BARGONIL UNG 2% 30G MEG"
38848,"TEKRON 200 mg X 30 COMPRIMIDOS RECUBIERTOS","https://mav.farmaciasaas.com/api/images/articulos/DISTRIBUCION/90990.jpg",0.706,"TEKRON COMP REC 200MG X30 LETI"
39537,"LESTECOL 40 mg X 30 TABLETAS RECUBIERTAS","https://mav.farmaciasaas.com/api/images/articulos/DISTRIBUCION/91315.jpg",0.686,"LESTECOL TAB REC 40MG X30 BIOTECH"
38065,"FARBICIL 1 % CREMA","https://mav.farmaciasaas.com/api/images/articulos/DISTRIBUCION/91417.jpg",0.688,"FARBICIL CREM 1% 15G MEG"
37873,"DEFLAZACORT 6 mg X 10 TABLETAS","https://mav.farmaciasaas.com/api/images/articulos/DISTRIBUCION/91527.jpg",0.942,"DEFLAZACORT TAB 6MG X10 CLX"
38089,"FEXOFENADINA CLORHIDRATO 120 mg X 10 TABLETAS RECUBIERTAS","https://mav.farmaciasaas.com/api/images/articulos/DISTRIBUCION/92005.jpg",0.931,"FEXOFENADINA TAB 120MG X10 CLX"
39167,"CURPINOL 12,5 mg COMPRIMIDOS","https://mav.farmaciasaas.com/api/images/articulos/DISTRIBUCION/92399.jpg",0.717,"CURPINOL COMP 12,5MG X30 MEG"
39468,"CYNT 40 mg COMPRIMIDOS RECIBIERTOS X 10 COMPRIMIDOS","https://mav.farmaciasaas.com/api/images/articulos/DISTRIBUCION/92664.jpg",0.628,"CYNT COMP REC 40MG X10 DLR"
38380,"LORADEX 10 mg X 10 TABLETAS","https://mav.farmaciasaas.com/api/images/articulos/DISTRIBUCION/92795.jpg",0.779,"LORADEX TAB 10MG X10 PLX"
38224,"IBUPROFENO 400 mg X 10 TABLETAS RECUBIERTAS ENTERICAS","https://mav.farmaciasaas.com/api/images/articulos/DISTRIBUCION/92855.jpg",0.931,"IBUPROFENO TAB REC 400MG X10 PLX"
37299,"ACIDO FOLICO 10 mg X 20 TABLETAS","https://mav.farmaciasaas.com/api/images/articulos/DISTRIBUCION/92858.jpg",0.942,"ACIDO FOLICO TAB 10MG X20 PLX"
38821,"TACHIFORTE 650 mg X 10 TABLETAS","https://mav.farmaciasaas.com/api/images/articulos/DISTRIBUCION/93366.jpg",0.729,"TACHIFORTE TAB 650MG X10 ELM"
38062,"EZOLIUM 20 mg X 30 CAPSULAS","https://mav.farmaciasaas.com/api/images/articulos/DISTRIBUCION/93948.jpg",0.829,"EZOLIUM CAP 20MG X30 VIV"
38063,"EZOLIUM 40 mg X 30 CAPSULAS","https://mav.farmaciasaas.com/api/images/articulos/DISTRIBUCION/93949.jpg",0.829,"EZOLIUM CAP 40MG X30 VIV"
37938,"DIFEN X 10 TABLETAS RECUBIERTAS","https://mav.farmaciasaas.com/api/images/articulos/DISTRIBUCION/93951.jpg",0.792,"DIFEN PLUS TAB X10 MEY"
38625,"ORLIDIET 120 mg X 30 CAPSULAS","https://mav.farmaciasaas.com/api/images/articulos/DISTRIBUCION/94356.jpg",0.830,"ORLIDIET CAP 120MG X30 MEG"
39160,"CORENTEL H 10 mg - 6,25 mg COMPRIMIDOS RECUBIERTOS","https://mav.farmaciasaas.com/api/images/articulos/DISTRIBUCION/94357.jpg",0.702,"CORENTEL H COMP REC 10/6,25MG X30 MEG"
39489,"DOLAK 30 mg X 4 COMPRIMIDOS SUBLINGUALES","https://mav.farmaciasaas.com/api/images/articulos/DISTRIBUCION/94457.jpg",0.742,"DOLAK SL COMP 30MG X4 DLR"
38754,"ROVARTAL 40 mg X 30 COMPRIMIDOS RECUBIERTOS","https://mav.farmaciasaas.com/api/images/articulos/DISTRIBUCION/94461.jpg",0.882,"ROVARTAL COMP REC 40MG X30 MEG"
37830,"COLGESIC 400 mg - 40 mg X 15 COMPRIMIDOS RECUBIERTOS","https://mav.farmaciasaas.com/api/images/articulos/DISTRIBUCION/94735.jpg",0.751,"COLGESIC COMP 400MG/4MG X15 BIOTECH"
37936,"DIECAPS 120 mg X 30 CAPSULAS","https://mav.farmaciasaas.com/api/images/articulos/DISTRIBUCION/94852.jpg",0.695,"DIECAPS CAP 120MG X30 MEG"
38797,"SILDEX 50 mg X 2 TABLETAS RECUBIERTAS","https://mav.farmaciasaas.com/api/images/articulos/DISTRIBUCION/94885.jpg",0.767,"SILDEX TAB REC 50MG X2 PLX"
38271,"KELAC 30 mg / mL X 3 AMPOLLAS","https://mav.farmaciasaas.com/api/images/articulos/DISTRIBUCION/95398.jpg",0.921,"KELAC SOL INY 30MG/ML X3 MEG"
38234,"IBUTANCOL 600 mg - 4 mg X 10 TABLETAS","https://mav.farmaciasaas.com/api/images/articulos/DISTRIBUCION/95589.jpg",0.742,"IBUTANCOL TAB 600MG/4MG X10 MEY"
38235,"IBUTANCOL 600 mg - 4 mg X 20 TABLETAS","https://mav.farmaciasaas.com/api/images/articulos/DISTRIBUCION/95590.jpg",0.742,"IBUTANCOL TAB 600MG/4MG X20 MEY"
39383,"TAMOA 250 mg COMPRIMIDOS MASTICABLES","https://mav.farmaciasaas.com/api/images/articulos/DISTRIBUCION/95723.jpg",0.655,"TAMOA TAB MAST 250MG X6 BIOTECH"
37721,"CELAY 5 mg / 5 mL SOLUCION ORAL","https://mav.farmaciasaas.com/api/images/articulos/DISTRIBUCION/96253.jpg",0.633,"CELAY SOL 5MG/5ML 100ML COFA"
38919,"VALSARTAN - HIDROCLOROTIAZIDA 160 mg - 12,5 mg X 14 TABLETAS RECUBIERTAS","https://mav.farmaciasaas.com/api/images/articulos/DISTRIBUCION/96316.jpg",0.749,"VALSARTAN/HCT TAB REC 160MG/12,5 X14 VLM"
38511,"MONTRAX 5 mg X 30 TABLETAS MASTICABLES","https://mav.farmaciasaas.com/api/images/articulos/DISTRIBUCION/96583.jpg",0.921,"MONTRAX TAB MAST 5MG X30 BIOTECH"
37438,"AMOXICILINA 500 mg X 10 CAPSULAS","https://mav.farmaciasaas.com/api/images/articulos/DISTRIBUCION/53253.jpg",0.812,"AMOXICILINA AMOXIPRA CAP 500MG X10 ADN"
39494,"DROPIL 100 mg X 40 COMPRIMIDOS RECUBIERTOS","https://mav.farmaciasaas.com/api/images/articulos/DISTRIBUCION/96830.jpg",0.677,"DROPIL COMP REC 100MG X40 DLR"
39105,"BISOPROLOL FUMARATO 1,25 mg COMPRIMIDOS RECUBIERTOS","https://mav.farmaciasaas.com/api/images/articulos/DISTRIBUCION/97000.jpg",0.826,"BISOPROLOL TAB 1,25MG X 30 CALOX"
37594,"BISOPROLOL FUMARATO 5MG X 30 TABLETAS RECUBIERTAS","https://mav.farmaciasaas.com/api/images/articulos/DISTRIBUCION/97001.jpg",0.962,"BISOPROLOL TAB 5MG X 30 CALOX"
38056,"EUSILEN 4 mg X 15 COMPRIMIDOS","https://mav.farmaciasaas.com/api/images/articulos/DISTRIBUCION/97144.jpg",0.691,"EUSILEN COMP 4MG X15 COFA"
37811,"CLORACE 500 mg - 4 mg X 20 TABLETAS","https://mav.farmaciasaas.com/api/images/articulos/DISTRIBUCION/97306.jpg",0.958,"CLORACE TAB 500 MG/4MG X20 COFA"
37423,"AMLODIPINA 10 mg X 30 COMPRIMIDOS","https://mav.farmaciasaas.com/api/images/articulos/DISTRIBUCION/97973.jpg",0.887,"AMLODIPINA COMP 10MG X30 LETI"
37515,"ATORVACOF 20 mg X 14 TABLETAS RECUBIERTAS","https://mav.farmaciasaas.com/api/images/articulos/DISTRIBUCION/98600.jpg",0.768,"ATORVACOF TAB 20MG X14 COFA"
37581,"BIOTALOL 2,5 mg X 30 COMPRIMIDOS RECUBIERTOS","https://mav.farmaciasaas.com/api/images/articulos/DISTRIBUCION/98616.jpg",0.858,"BIOTALOL COMP REC 2,5MG X30 LETI"
37611,"BROLAT 5 mg - 30 mg X 10 TABLETAS","https://mav.farmaciasaas.com/api/images/articulos/DISTRIBUCION/98629.jpg",0.774,"BROLAT TAB 5MG/30MG X10 MEY"
38605,"OMEPRAZOL 20 mg X 30 CAPSULAS GASTRORRESISTENTES","https://mav.farmaciasaas.com/api/images/articulos/DISTRIBUCION/98882.jpg",0.875,"OMEPRAZOL CAP 20MG X30 VARG"
38830,"TADIFIL 20 mg X 1 COMPRIMIDOS RECUBIERTOS","https://mav.farmaciasaas.com/api/images/articulos/DISTRIBUCION/99201.jpg",0.806,"TADIFIL COMP REC 20MG X1 MEG"
37883,"DERMAZOL 0,05 % LOCION CAPILAR","https://mav.farmaciasaas.com/api/images/articulos/DISTRIBUCION/15933.jpg",0.709,"DERMAZOL LOC CAPIL 0,05% 25ML MEG"
37307,"ACETAB 250 mg X 20 TABLETAS","https://mav.farmaciasaas.com/api/images/articulos/DISTRIBUCION/90118.jpg",0.617,"ACETAB TAB 250MG X20 L.O"
39459,"CLOBETASOL PROPIONATO 0,05 % CREMA","https://mav.farmaciasaas.com/api/images/articulos/DISTRIBUCION/90441.jpg",0.778,"CLOBETASOL PROPIONAT CREM 0,05% 20G CLX"
38240,"ILANA 600 mg X 1 CAPSULA BLANDA VAGINAL","https://mav.farmaciasaas.com/api/images/articulos/DISTRIBUCION/90470.jpg",0.721,"ILANA OVU 600MG X1 VIV"
38738,"RISPERID 1 mg/ mL X 30 SOLUCION ORAL","https://mav.farmaciasaas.com/api/images/articulos/DISTRIBUCION/90686.jpg",0.725,"RISPERID GTS 1MG/ML 20ML MEG"
37794,"CLONIDINA CLORHIDRATO 0,150 mg / mL X 2 AMPOLLAS","https://mav.farmaciasaas.com/api/images/articulos/DISTRIBUCION/2086.jpg",0.889,"CLONIDINA CLORHID AMP 0,150MG/ML X2 VLM"
37509,"ATAMEL 500 mg X 20 TABLETAS","https://mav.farmaciasaas.com/api/images/articulos/DISTRIBUCION/3692.jpg",0.774,"ATAMEL TAB 500MG X20 CLX"
37703,"CEBION 1 g X 10 TABLETAS EFERVESCENTES SABOR A NARANJA","https://mav.farmaciasaas.com/api/images/articulos/DISTRIBUCION/5017.jpg",0.731,"CEBION TAB EFERV NAR TUBO 1G X10 FAR"
37450,"AMOXIVAL 500 mg X 12 CAPSULAS","https://mav.farmaciasaas.com/api/images/articulos/DISTRIBUCION/5739.jpg",0.808,"AMOXIVAL CAP 500MG X12 VLM"
38473,"METREN 250 mg / 5 mL SUSPENSION","https://mav.farmaciasaas.com/api/images/articulos/DISTRIBUCION/6010.jpg",0.649,"METREN SUSP 250MG/5ML 120ML MEY"
37828,"COLFENE 400 mg - 4 mg X 10 COMPRIMIDOS RECUBIERTOS","https://mav.farmaciasaas.com/api/images/articulos/DISTRIBUCION/6165.jpg",0.781,"COLFENE COMP 400MG/4MG X10 ELM"
38304,"KLAS 100 mg X 20 CAPSULAS","https://mav.farmaciasaas.com/api/images/articulos/DISTRIBUCION/6615.jpg",0.905,"KLAS CAP 100MG X20 ELM"
38689,"PREDNISONA 50 mg X 10 TABLETAS.","https://mav.farmaciasaas.com/api/images/articulos/DISTRIBUCION/7835.jpg",0.913,"PREDNISONA TAB 50MG X10 VLM"
38832,"TALERC 10 mg X 10 COMPRIMIDOS","https://mav.farmaciasaas.com/api/images/articulos/DISTRIBUCION/8473.jpg",0.633,"TALERC COMP 10MG X10 DLR"
37735,"VITAMINA C 500 mg X 30 TABLETAS MASTICABLES SABOR A PIÑA","https://mav.farmaciasaas.com/api/images/articulos/DISTRIBUCION/9158.jpg",0.707,"VIT C/ZINC TAB 500MG X30 VAL"
38176,"GLYMAR 2 mg X 20 TABLETAS","https://mav.farmaciasaas.com/api/images/articulos/DISTRIBUCION/9455.jpg",0.733,"GLYMAR TAB 2MG X20 MEY"
38111,"FLUCON 150 mg X 2 CAPSULAS","https://mav.farmaciasaas.com/api/images/articulos/DISTRIBUCION/9690.jpg",0.931,"FLUCON CAP 150MG X2 MEG"
38925,"VALSARTAN - HIDROCLOROTIAZIDA 80 mg - 12,5 mg X 14 TABLETAS RECUBIERTAS","https://mav.farmaciasaas.com/api/images/articulos/DISTRIBUCION/9838.jpg",0.844,"VALSARTAN/HCT TAB REC 80/12,5MG X14 CLX"
38753,"ROVARTAL 10 mg X 30 COMPRIMIDOS RECUBIERTOS","https://mav.farmaciasaas.com/api/images/articulos/DISTRIBUCION/9989.jpg",0.768,"ROVARTAL COMP REC 10MG X30 MEG"
38225,"IBUPROFENO 600 mg X 10 TABLETAS RECUBIERTAS","https://mav.farmaciasaas.com/api/images/articulos/DISTRIBUCION/10263.jpg",0.931,"IBUPROFENO TAB REC 600MG X10 CLX"
38115,"FLUCONAZOL 150 mg X 2 CAPSULAS","https://mav.farmaciasaas.com/api/images/articulos/DISTRIBUCION/10287.jpg",0.734,"FLUCONAZOL CAP 150MG X2 KIMIC"
38835,"TALZIC 10 mg X 10 COMPRIMIDOS RECUBIERTOS","https://mav.farmaciasaas.com/api/images/articulos/DISTRIBUCION/10310.jpg",0.725,"TALZIC COMP 10MG X10 ELM"
38692,"PREDNISONA 5 mg X 30 TABLETAS","https://mav.farmaciasaas.com/api/images/articulos/DISTRIBUCION/10460.jpg",0.942,"PREDNISONA TAB 5MG X30 CLX"
37294,"ACIDO FOLICO 5 mg X 20 COMPRIMIDOS","https://mav.farmaciasaas.com/api/images/articulos/DISTRIBUCION/10751.jpg",0.923,"ACIDO FOLICO TAB 5MG X20 MEY"
37970,"DOLAK 20 mg X 10 COMPRIMIDOS RECUBIERTOS","https://mav.farmaciasaas.com/api/images/articulos/DISTRIBUCION/10812.jpg",0.829,"DOLAK COMP 20MG X10 DLR"
38688,"PREDNISONA 50 mg X 10 TABLETAS","https://mav.farmaciasaas.com/api/images/articulos/DISTRIBUCION/10937.jpg",0.913,"PREDNISONA TAB 50MG X10 CLX"
37432,"AMLODIPINA 5 mg X 30 TABLETAS","https://mav.farmaciasaas.com/api/images/articulos/DISTRIBUCION/10982.jpg",0.915,"AMLODIPINA TAB 5MG X30 CLX"
37859,"CYPRAL 750 mg X 6 TABLETAS RECUBIERTAS","https://mav.farmaciasaas.com/api/images/articulos/DISTRIBUCION/11353.jpg",0.700,"CYPRAL TAB 750MG X6 MEY"
37977,"DOMPESIN 10 mg X 30 COMPRIMIDOS","https://mav.farmaciasaas.com/api/images/articulos/DISTRIBUCION/11584.jpg",0.777,"DOMPESIN COMP 10MG X30 DLR"
38091,"FINASTERIDE 5 mg X 30 TABLETAS RECUBIERTAS","https://mav.farmaciasaas.com/api/images/articulos/DISTRIBUCION/12033.jpg",0.921,"FINASTERIDE TAB 5MG X30 CLX"
37757,"CIPROFLOXACINA 500 mg X 14 TABLETAS RECUBIERTAS","https://mav.farmaciasaas.com/api/images/articulos/DISTRIBUCION/12057.jpg",0.905,"CIPROFLOXACINA TAB 500MG X14 CLX"
37313,"ACETAMINOFEN 120 mg/5mL SOLUCION ORAL","https://mav.farmaciasaas.com/api/images/articulos/DISTRIBUCION/53087.jpg",0.878,"ACETAMINOFEN SOL 120MG/5ML 120ML BIOQ"
37702,"CARVEDILOL 25 mg X 28 TABLETAS RECUBIERTAS","https://mav.farmaciasaas.com/api/images/articulos/DISTRIBUCION/30061.jpg",0.913,"CARVEDILOL TAB/REC 25MG X 28 CLX"
38522,"MUCOXOL 30 mg / 5 mL JARABE","https://mav.farmaciasaas.com/api/images/articulos/DISTRIBUCION/30075.jpg",0.734,"MUCOXOL JBE 30MG/5ML X 120ML"
38942,"VECTUS 5 mg X 10 TABLETAS RECUBIERTAS","https://mav.farmaciasaas.com/api/images/articulos/DISTRIBUCION/30204.jpg",0.660,"VECTUS TAB/REC 5MG X 10"
39015,"ACIDO ASCORBICO 10 % SOLUCION ORAL EN GOTAS","https://mav.farmaciasaas.com/api/images/articulos/DISTRIBUCION/25.jpg",0.622,"ACIDO FOLICO GTS 15ML MEG"
37934,"DICLOFENACO POTASICO 50 mg X 20 TABLETAS CON RECUBRIMIENTO ENTERICO","https://mav.farmaciasaas.com/api/images/articulos/DISTRIBUCION/55.jpg",0.781,"DICLOFENACO POTA TAB 50MG X20 KIMIC"
37994,"DUVADILAN 10 mg X 30 COMPRIMIDOS","https://mav.farmaciasaas.com/api/images/articulos/DISTRIBUCION/1300.jpg",0.829,"DUVADILAN COMP 10MG X30 ZUO"
37863,"DALTAZEN 60 mg X 20 COMPRIMIDOS","https://mav.farmaciasaas.com/api/images/articulos/DISTRIBUCION/1303.jpg",0.824,"DALTAZEN COMP 60MG X20 MEG"
38309,"VITAMINA C 500 mg X 16 TABLETAS MASTICABLES SABOR A TUTTI FRUTTI","https://mav.farmaciasaas.com/api/images/articulos/DISTRIBUCION/1397.jpg",0.670,"LAFARCAINA TAB TUTTI FRUTTI X 16"
38187,"HEPAFOL B12 X 30 TABLETAS RECUBIERTAS","https://mav.farmaciasaas.com/api/images/articulos/DISTRIBUCION/1766.jpg",0.708,"HEPAFOL TAB X30 MEY"
38244,"IMAZOL 1 % SOLUCION TOPICA ATOMIZADOR","https://mav.farmaciasaas.com/api/images/articulos/DISTRIBUCION/1853.jpg",0.707,"IMAZOL SOL 20ML MEY"
38245,"IMAZOL 100 mg X 6 TABLETAS VAGINALES","https://mav.farmaciasaas.com/api/images/articulos/DISTRIBUCION/1854.jpg",0.634,"IMAZOL TAB VAG X6 MEY"
38735,"RINOMAX 0,25 % - 0,125 % - 0,25 % SOLUCION NASAL","https://mav.farmaciasaas.com/api/images/articulos/DISTRIBUCION/2250.jpg",0.626,"RINOMAX SOL NASAL 15ML L.O"
37969,"DOLAK 10 mg X 10 COMPRIMIDOS","https://mav.farmaciasaas.com/api/images/articulos/DISTRIBUCION/2349.jpg",0.742,"DOLAK SL COMP 10MG X10 DLR"
38291,"KETOPROFENO 100 mg X 20 CAPSULAS","https://mav.farmaciasaas.com/api/images/articulos/DISTRIBUCION/2408.jpg",0.931,"KETOPROFENO CAP 100MG X20 CLX"
37358,"ACIDO FOLICO 10 mg / mL SOLUCION ORAL","https://mav.farmaciasaas.com/api/images/articulos/DISTRIBUCION/2643.jpg",0.859,"ACIDO FOLICO GTS 10MG 15ML MEY"
38690,"PREDNISONA 5 mg X 10 TABLETAS","https://mav.farmaciasaas.com/api/images/articulos/DISTRIBUCION/2998.jpg",0.942,"PREDNISONA TAB 5MG X10 CLX"
38771,"SECNIDAZOL 500 mg X 4 COMPRIMIDOS","https://mav.farmaciasaas.com/api/images/articulos/DISTRIBUCION/3004.jpg",0.745,"SECNIDAZOL TAB 500MG X4 KIMIC"
37670,"CAPTOPRIL 25 mg X 20 COMPRIMIDOS","https://mav.farmaciasaas.com/api/images/articulos/DISTRIBUCION/2719.jpg",0.875,"CAPTOPRIL TAB 25MG X20 PHARME"
37857,"CYPRAL 500 mg X 14 TABLETAS RECUBIERTAS","https://mav.farmaciasaas.com/api/images/articulos/DISTRIBUCION/3660.jpg",0.700,"CYPRAL TAB 500MG X14 MEY"
37507,"ATAMEL FORTE 650 mg X 10 TABLETAS","https://mav.farmaciasaas.com/api/images/articulos/DISTRIBUCION/3689.jpg",0.763,"ATAMEL FORTE TAB 650MG X10 CLX"
38079,"FERGANIC FOLIC 40 mg - 360 mcg / 15 mL X 20 JARABE","https://mav.farmaciasaas.com/api/images/articulos/DISTRIBUCION/52465.jpg",0.852,"FERGANIC FOLIC JBE 40MG/360MCG 180ML MEG"
37559,"BENDAMEN 100 mg X 6 TABLETAS","https://mav.farmaciasaas.com/api/images/articulos/DISTRIBUCION/4845.jpg",0.758,"BENDAMEN TAB 100MG X6 MEY"
37835,"COMPLEJO DE VITAMINA B X 3 AMPOLLAS","https://mav.farmaciasaas.com/api/images/articulos/DISTRIBUCION/5118.jpg",0.664,"COMPLEJO B AMP 2 ML X3 VIV"
38144,"FUROSEMIDA 40 mg X 24 TABLETAS","https://mav.farmaciasaas.com/api/images/articulos/DISTRIBUCION/5296.jpg",0.875,"FUROSEMIDA TAB 40MG X24 MEY"
38047,"ESPIRONOLACTONA 25 mg X 20 TABLETAS","https://mav.farmaciasaas.com/api/images/articulos/DISTRIBUCION/5474.jpg",0.875,"ESPIRONOLACTONA TAB 25MG X20 MEY"
38457,"METFORMINA CLORHIDRATO 500 mg X 28 TABLETAS","https://mav.farmaciasaas.com/api/images/articulos/DISTRIBUCION/5582.jpg",0.905,"METFORMINA TAB 500MG X28 CLX"
39282,"LASIX 20 mg COMPRIMIDOS","https://mav.farmaciasaas.com/api/images/articulos/DISTRIBUCION/6018.jpg",0.659,"LASIX COMP 20MG X24 CLX"
37917,"DIAGESIC 75 mg / 3 mL X 2 AMPOLLAS","https://mav.farmaciasaas.com/api/images/articulos/DISTRIBUCION/6136.jpg",0.733,"DIAGESIC SOL INY 75MG/3ML X2 BIOTECH"
37861,"DALPAS 5 mg X 30 TABLETAS","https://mav.farmaciasaas.com/api/images/articulos/DISTRIBUCION/6617.jpg",0.921,"DALPAS TAB 5MG X30 BIOTECH"
38872,"TIOCOLCHICOSIDO 4 mg X 12 TABLETAS","https://mav.farmaciasaas.com/api/images/articulos/DISTRIBUCION/6808.jpg",0.942,"TIOCOLCHICOSIDO TAB 4MG X12 BIOTECH"
38495,"MIOVIT X 10 COMPRIMIDOS RECUBIERTOS","https://mav.farmaciasaas.com/api/images/articulos/DISTRIBUCION/6960.jpg",0.807,"MIOVIT GRAG X10 COFA"
37890,"DESLORAT 5 mg X 10 TABLETAS RECUBIERTAS","https://mav.farmaciasaas.com/api/images/articulos/DISTRIBUCION/7176.jpg",0.672,"DESLORAT TAB 5MG X10 L.O"
37920,"DIARONA 200 mg X 10 TABLETAS","https://mav.farmaciasaas.com/api/images/articulos/DISTRIBUCION/7335.jpg",0.785,"DIARONA TAB 200MG X10 VIN"
38266,"KAPET 75 mg X 14 TABLETAS RECUBIERTAS","https://mav.farmaciasaas.com/api/images/articulos/DISTRIBUCION/7826.jpg",0.655,"KAPET TAB REC 75MG X14 MEY"
37891,"DESLORAT 5 mg X 20 TABLETAS RECUBIERTAS","https://mav.farmaciasaas.com/api/images/articulos/DISTRIBUCION/8041.jpg",0.672,"DESLORAT TAB 5MG X20 L.O"
38598,"OMEPRAZOL 20 mg X 28 CAPSULAS CON MICROGRANULOS ENTERICOS","https://mav.farmaciasaas.com/api/images/articulos/DISTRIBUCION/8254.jpg",0.882,"OMEPRAZOL CAP 20MG X28 CLX"
38270,"KELAC 30 mg / mL X 1 AMPOLLAS","https://mav.farmaciasaas.com/api/images/articulos/DISTRIBUCION/8261.jpg",0.829,"KELAC SOL INY 30MG/ML X1"
37966,"DOL X 20 TABLETAS RECUBIERTAS","https://mav.farmaciasaas.com/api/images/articulos/DISTRIBUCION/8355.jpg",0.733,"DOL TAB X20 CLX"
38117,"FLUCONAZOL 150 mg X 2 CAPSULAS","https://mav.farmaciasaas.com/api/images/articulos/DISTRIBUCION/8645.jpg",0.931,"FLUCONAZOL CAP 150MG X2 VLM"
38231,"IBUTAN 600 mg X 10 TABLETAS","https://mav.farmaciasaas.com/api/images/articulos/DISTRIBUCION/127.jpg",0.731,"IBUTAN TAB 600MG X10 MEY"
37630,"BUMELEX 1 mg X 16 COMPRIMIDOS","https://mav.farmaciasaas.com/api/images/articulos/DISTRIBUCION/1999.jpg",0.781,"BUMELEX COMP 1MG X16 MEG"
38578,"NOVARONA 200 mg X 10 COMPRIMIDOS","https://mav.farmaciasaas.com/api/images/articulos/DISTRIBUCION/8426.jpg",0.785,"NOVARONA COMP 200MG X10 DLR"
37808,"CLOPIVAL 75 mg X 30 TABLETAS RECUBIERTAS","https://mav.farmaciasaas.com/api/images/articulos/DISTRIBUCION/11595.jpg",0.791,"CLOPIVAL TAB REC 75MG X30 VLM"
37297,"ACIDO FOLICO 10 mg X 10 TABLETAS","https://mav.farmaciasaas.com/api/images/articulos/DISTRIBUCION/20330.jpg",0.904,"ACIDO FOLICO TAB 10MG X10 MEY"
38589,"OLMESARTAN MEDOXOMIL 40 mg - HIDROLOCOTIAZIDA 12,5 mg X 30 TABLETAS RECUBIERTAS","https://mav.farmaciasaas.com/api/images/articulos/DISTRIBUCION/20515.jpg",0.806,"OLMESARTAN MEDO TAB 40MG X30 ALESS"
37407,"ALSART 160 mg X 10 CAPSULAS","https://mav.farmaciasaas.com/api/images/articulos/DISTRIBUCION/20787.jpg",0.892,"ALSART CAP 160MG X10 MEY"
39524,"Biocortin 500mg X 1 AMPOLLAS","https://mav.farmaciasaas.com/api/images/articulos/DISTRIBUCION/23085.jpg",0.656,"HIDROCORTISONA SOD PVO INY 500MG CR DIST"
38388,"LORATADINA 10 mg X 10 TABLETAS","https://mav.farmaciasaas.com/api/images/articulos/DISTRIBUCION/53261.jpg",0.789,"LORATADINA LORAFIT TAB 10MG X10 ADN"
38519,"MUCLAR 30mg - 5mg X 10 COMPRIMIDOS","https://mav.farmaciasaas.com/api/images/articulos/DISTRIBUCION/98656.jpg",1.000,"MUCLAR COMP 30MG/5MG X10 DLR"
37642,"CALMOX 15 mg X 10 TABLETAS","https://mav.farmaciasaas.com/api/images/articulos/DISTRIBUCION/644.jpg",0.666,"CALMOX TAB 15MG X10 MEY"
37796,"CLONIPRES 0,150 mg X 20 COMPRIMIDOS","https://mav.farmaciasaas.com/api/images/articulos/DISTRIBUCION/8267.jpg",0.870,"CLONIPRES COMP X20 MEG"
37700,"CARVEDILOL 6,25 mg X 20 TABLETAS RECUBIERTAS","https://mav.farmaciasaas.com/api/images/articulos/DISTRIBUCION/9486.jpg",0.698,"CARVEDILOL TAB REC 6,25MG X20 KIMIC"
38676,"POSTINOR 2 0,75 mg X 2 COMPRIMIDOS","https://mav.farmaciasaas.com/api/images/articulos/DISTRIBUCION/11368.jpg",0.640,"POSTINOR COMP 0,75MG X2"
37351,"ACIDO FOLICO 10 mg / mL X 3 AMPOLLAS","https://mav.farmaciasaas.com/api/images/articulos/DISTRIBUCION/20.jpg",0.882,"ACIDO FOLICO AMP 10MG/ML X3 MEG"
37514,"ATENOLOL 50 mg X 30 COMPRIMIDOS","https://mav.farmaciasaas.com/api/images/articulos/DISTRIBUCION/3028.jpg",0.713,"ATENOLOL TAB 50MG X30 KIMIC"
38667,"PIPERAZINA 500mg / 5mL JARABE","https://mav.farmaciasaas.com/api/images/articulos/DISTRIBUCION/22406.jpg",0.867,"PIPERAZINA HEX JBE 500MG/5ML 120ML BIOQ"
38599,"OMEPRAZOL 20 mg X 30 CAPSULAS CON MICROGRANULOS ENTERICOS","https://mav.farmaciasaas.com/api/images/articulos/DISTRIBUCION/24329.jpg",0.806,"OMEPRAZOL CAP 20MG X30 L.O"
39088,"ATROVERAN 10 mg X 10 TABLETAS RECUBIERTAS","https://mav.farmaciasaas.com/api/images/articulos/DISTRIBUCION/25527.jpg",0.882,"ATROVERAN TAB REC 10MG X10 VARG"
37800,"CLOPIDEX 75 mg X 30 TABLETAS RECUBIERTAS","https://mav.farmaciasaas.com/api/images/articulos/DISTRIBUCION/94886.jpg",0.777,"CLOPIDEX TAB REC 75MG X30 PLX"
38656,"PEROXIDO DE BENZOILO 2,5 % GEL","https://mav.farmaciasaas.com/api/images/articulos/DISTRIBUCION/21563.jpg",0.739,"PEROXIDO D/BENZOILO GEL 5% 30G SGG"
37480,"APITENA 2,5 mg X 30 COMPRIMIDOS RECUBIERTOS","https://mav.farmaciasaas.com/api/images/articulos/DISTRIBUCION/30329.jpg",0.802,"APIXABAN TAB/REC 2.5MG X 30 MT"
38741,"RISTONEL 100 mg X 30 COMPRIMIDOS RECUBIERTOS","https://mav.farmaciasaas.com/api/images/articulos/DISTRIBUCION/53559.jpg",0.691,"RISTONEL COMP 100MG X30 CLX"
38975,"VITENOL CREMA","https://mav.farmaciasaas.com/api/images/articulos/DISTRIBUCION/3832.jpg",0.610,"VITENOL CREM 15G PONCE"
39067,"APLACAL 750 mg X 120 TABLETAS MASTICABLES SABOR A MENTA","https://mav.farmaciasaas.com/api/images/articulos/DISTRIBUCION/21601.jpg",0.765,"APLACAL TAB MAST MENT 750MG DISPX120 MEY"
39068,"APLACAL 750 mg X 80 TABLETAS MASTICABLES SABOR A MENTA","https://mav.farmaciasaas.com/api/images/articulos/DISTRIBUCION/52503.jpg",0.856,"APLACAL TAB MAST 750MG MENTA X80 TARRO"
39065,"APLACAL 750 mg TABLETAS MASTICABLES SABOR A FRAMBUESA X 80 TABLETAS","https://mav.farmaciasaas.com/api/images/articulos/DISTRIBUCION/52827.jpg",0.801,"APLACAL TAB MAST 750MG FRAMB X80 TARRO"
38969,"VITAMINA E 400 UI X 50 CAPSULAS BLANDAS","https://mav.farmaciasaas.com/api/images/articulos/DISTRIBUCION/53029.jpg",0.784,"VIT E-400 CAP BLD 400UI X50 NOW"
37483,"APLACAL 750 mg X 10 TABLETAS MASTICABLES SABOR A BANANA","https://mav.farmaciasaas.com/api/images/articulos/DISTRIBUCION/21594.jpg",0.805,"APLACAL TAB MAST BAN 750MG X10 MEY"
39429,"APRIX 125 mg X 10 CAPSULAS BLANDAS","https://mav.farmaciasaas.com/api/images/articulos/DISTRIBUCION/50995.jpg",0.650,"APRIX CAP BLD 125MG X10 PLN"
38180,"GULAPER 250 mg / 5 mL SOLUCION ORAL","https://mav.farmaciasaas.com/api/images/articulos/DISTRIBUCION/53409.jpg",0.813,"GULAPER SOL ORAL 250MG/5ML 200ML MEG"
37615,"BROMEXINA CLORHIDRATO 4 mg / 5 mL JARABE","https://mav.farmaciasaas.com/api/images/articulos/DISTRIBUCION/14190.jpg",0.759,"BROMEXINA JBE 4MG/5ML 120ML BIOQ"
38216,"IBUPROFENO 100 mg / 5 mL SUSPENSION","https://mav.farmaciasaas.com/api/images/articulos/DISTRIBUCION/24123.jpg",0.864,"IBUPROFENO SUSP 100MG/5ML 60ML PHARME"
37909,"DEXTROMETORFANO 15 mg / 5 mL JARABE","https://mav.farmaciasaas.com/api/images/articulos/DISTRIBUCION/26399.jpg",0.798,"DEXTROMETORFANO JBE 15MG/5ML 120ML BIOQ"
37378,"AIRFEN 0,05 % SOLUCION NASAL","https://mav.farmaciasaas.com/api/images/articulos/DISTRIBUCION/27095.jpg",0.637,"AIREX SOL NASAL 0,05% 15ML PHARME"
37614,"CLORHIDRATO DE BROMEXINA 8 mg / 5 mL JARABE.","https://mav.farmaciasaas.com/api/images/articulos/DISTRIBUCION/27452.jpg",0.802,"BROMEXINA JBE 8MG/5ML 120ML ADN"
39579,"SINMEGAS 125 mg X 20 CÁPSULAS BLANDAS","https://mav.farmaciasaas.com/api/images/articulos/DISTRIBUCION/53113.jpg",0.704,"SINMEGAS CAP BLD 125MG X20 SIEG"
39580,"SINMEGAS 125 mg X 30 CÁPSULAS BLANDAS","https://mav.farmaciasaas.com/api/images/articulos/DISTRIBUCION/53114.jpg",0.704,"SINMEGAS CAP BLD 125MG X30 SIEG"
37974,"Domperidona 10mg X 10 Tabletas","https://mav.farmaciasaas.com/api/images/articulos/DISTRIBUCION/53481.jpg",0.962,"DOMPERIDONA TAB 10MG X10 KMP"
37303,"ACIDO TRANEXAMICO 500 mg X 10 TABLETAS RECUBIERTAS","https://mav.farmaciasaas.com/api/images/articulos/DISTRIBUCION/53498.jpg",0.846,"AC TRANEXAMICO TAB 500MG X10 KMP"
37561,"BENZODIAZOL 0,25 mg - 5 mg X 16 PASTILLAS SABOR A LIMON - MIEL","https://mav.farmaciasaas.com/api/images/articulos/DISTRIBUCION/97347.jpg",0.637,"BENZODIAZOL TAB MAST NAR 0,25/5MGX16 MEY"
38631,"OXOLAMINA JARABE","https://mav.farmaciasaas.com/api/images/articulos/DISTRIBUCION/9549.jpg",0.609,"OXOLAMINA JBE AD 120ML VLM"
37625,"BUCOXOLGAR 3 mg - 1 mg X 12 TABLETAS MASTICABLES SABOR A MIEL LIMON","https://mav.farmaciasaas.com/api/images/articulos/DISTRIBUCION/19868.jpg",0.601,"BUCOXOLGAR TAB MAST 3/1MG MENTX10 PHARME"
37415,"CLORHIDRATO DE AMBROXOL 15mg /5mL.SOLUCION ORAL","https://mav.farmaciasaas.com/api/images/articulos/DISTRIBUCION/4050.jpg",0.731,"AMBROXOL JBE PED 15MG/120ML PHARME"
38228,"IBUTAN 200 mg X 10 TABLETAS","https://mav.farmaciasaas.com/api/images/articulos/DISTRIBUCION/4835.jpg",0.731,"IBUTAN TAB 200MG X10 MEY"
37560,"BENFLUX 30 mg X 20 TABLETAS","https://mav.farmaciasaas.com/api/images/articulos/DISTRIBUCION/7033.jpg",0.667,"BENFLUX TAB X20 PLN"
38226,"IBUTAN 100 mg / 5 mL SUSPENSION","https://mav.farmaciasaas.com/api/images/articulos/DISTRIBUCION/8970.jpg",0.653,"IBUTAN SUSP 100MG/5ML 60ML MEY"
37314,"ACETAMINOFEN 180 mg/5 mL SOLUCION ORAL","https://mav.farmaciasaas.com/api/images/articulos/DISTRIBUCION/14455.jpg",0.826,"ACETAMINOFEN SOL 180MG/5ML 120ML BIOQ"
38798,"SINUTIL 80 mg - 0,5 mg / mL SOLUCION ORAL","https://mav.farmaciasaas.com/api/images/articulos/DISTRIBUCION/19538.jpg",0.712,"SINUTIL GTS 80/0,5 MG/ML 30ML VIN"
38579,"NOXPIRIN GRIP X 12 TABLETAS","https://mav.farmaciasaas.com/api/images/articulos/DISTRIBUCION/20329.jpg",0.703,"NOXPIRIN GRIP TAB X12 MEY"
37321,"ACETAMINOFEN 500 mg X 24 TABLETAS","https://mav.farmaciasaas.com/api/images/articulos/DISTRIBUCION/22401.jpg",0.892,"ACETAMINOFEN TAB 500MG X24 BIOQ"
37464,"ANGRIP X 8 COMPRIMIDOS","https://mav.farmaciasaas.com/api/images/articulos/DISTRIBUCION/22591.jpg",0.620,"ANGRIP COMP DIA 500MG X8 MEG"
37308,"ACETAMINOFEN 500 X 10 COMPRIMIDOS","https://mav.farmaciasaas.com/api/images/articulos/DISTRIBUCION/23926.jpg",0.781,"ACETAMINOFEN COMP 750MG X10 BIOQ"
39321,"NOXPIRIN 125 mg - 0,5 mg / 5 mL SOLUCION ORAL","https://mav.farmaciasaas.com/api/images/articulos/DISTRIBUCION/24256.jpg",0.626,"NOXPIRIN SOL ORAL125/0,5MG/5ML 120ML MEY"
39322,"NOXPIRIN 325 mg - 1,25 mg / 5 mL SOLUCION ORAL","https://mav.farmaciasaas.com/api/images/articulos/DISTRIBUCION/24257.jpg",0.626,"NOXPIRIN SOL ORAL325/1,25MG/5ML120ML MEY"
38415,"LUMBAX 200 mg X 10 TABLETAS","https://mav.farmaciasaas.com/api/images/articulos/DISTRIBUCION/29648.jpg",0.676,"LUMBAX TAB 200MG X 10"
38211,"IBUMAX 100 mg / 5 mL SUSPENSION ORAL","https://mav.farmaciasaas.com/api/images/articulos/DISTRIBUCION/50304.jpg",0.651,"IBUMAX SUSP/ORAL 100MG/5ML X 60ML"
37375,"AGUA DESTILADA ESTERIL SOLUCION INYECTABLE","https://mav.farmaciasaas.com/api/images/articulos/DISTRIBUCION/51147.jpg",0.652,"AGUA ESTERIL PISA INY 500ML"
38372,"LOGANIL 100 mg / 5 mL JARABE","https://mav.farmaciasaas.com/api/images/articulos/DISTRIBUCION/51207.jpg",0.627,"LOGANIL JBE PED 100MG/5ML 60ML BIOT"
38531,"NAPROXENO 250 mg X 10 TABLETAS","https://mav.farmaciasaas.com/api/images/articulos/DISTRIBUCION/53117.jpg",0.892,"NAPROXENO COMP 250MG X10 CCM"
37397,"ALIPAL FORTE DIA 650 mg - 32 mg - 4 mg X 12 CAPSULAS","https://mav.farmaciasaas.com/api/images/articulos/DISTRIBUCION/53530.jpg",0.788,"ALIPAL FORTE CAP 650/4/32MG D/N X12 BIOT"
38069,"FEBRIP 500 mg X 20 COMPRIMIDOS","https://mav.farmaciasaas.com/api/images/articulos/DISTRIBUCION/54399.jpg",0.706,"FEBRIP COMP 500MG X20 MEG"
37502,"ASCAFYL PLUS X 10 TABLETAS RECUBIERTAS","https://mav.farmaciasaas.com/api/images/articulos/DISTRIBUCION/588.jpg",0.740,"ASCAFYL PLUS TAB X10 MEY"
37331,"ACEVAL 650 mg X 10 TABLETAS","https://mav.farmaciasaas.com/api/images/articulos/DISTRIBUCION/646.jpg",0.751,"ACEVAL TAB 650MG X10 VLM"
37329,"ACEVAL 100 mg/mL SOLUCION ORAL EN GOTAS","https://mav.farmaciasaas.com/api/images/articulos/DISTRIBUCION/4669.jpg",0.671,"ACEVAL GTS SOL 100MG/ML 30ML VLM"
37374,"AGUA BIDESTILADA INYECTABLE","https://mav.farmaciasaas.com/api/images/articulos/DISTRIBUCION/8346.jpg",0.628,"AGUA DESTILADA INY NUM49 500ML BHR"
38067,"FEBRILIX 120mg / 5mL SOLUCION ORAL","https://mav.farmaciasaas.com/api/images/articulos/DISTRIBUCION/8453.jpg",0.657,"FEBRILIX SOL 120MG/5ML 120ML KIMIC"
39431,"ULTRAFEN FORTE 650 mg X 10 CAPSULAS BLANDAS","https://mav.farmaciasaas.com/api/images/articulos/DISTRIBUCION/8703.jpg",0.609,"ALIVAX FORTE CAP BLD 650MG X10 VIV"
38947,"VESTAX 650 mg X 10 TABLETAS","https://mav.farmaciasaas.com/api/images/articulos/DISTRIBUCION/9373.jpg",0.706,"VESTAX TAB 650MG X10 VARG"
38332,"LEVOFLOXACINA 500 mg/100mL SOLUCION PARA INFUSION INTRAVENOSA","https://mav.farmaciasaas.com/api/images/articulos/DISTRIBUCION/26369.jpg",0.716,"LEVOFLOXACINA INF INY 500MG/100ML BLUE/M"
37320,"ACETAMINOFEN 500 mg X 12 TABLETAS","https://mav.farmaciasaas.com/api/images/articulos/DISTRIBUCION/22400.jpg",0.892,"ACETAMINOFEN TAB 500MG X12 BIOQ"
37310,"ACETAMINOFEN 650mg X 20 TABLETAS","https://mav.farmaciasaas.com/api/images/articulos/DISTRIBUCION/22403.jpg",0.962,"ACETAMINOFEN COMP 650MG X20 BIOQ"
37347,"ACIDO ASCORBICO 500 mg / 5 mL SOLUCIÓN INYECTABLE","https://mav.farmaciasaas.com/api/images/articulos/DISTRIBUCION/23088.jpg",0.852,"ACIDO ASCORBICO AMP 500MG/5MLX10 CR DIST"
37325,"ACETAMINOFEN - CLORFENIRAMINA 125 mg - 1mg / 5ml JARABE","https://mav.farmaciasaas.com/api/images/articulos/DISTRIBUCION/23925.jpg",0.804,"ACETAMINOFEN/CLORF JBE 125/1MG/5ML BIOQ"
37332,"ACEVAL 650 mg X 50 TABLETAS","https://mav.farmaciasaas.com/api/images/articulos/DISTRIBUCION/24308.jpg",0.751,"ACEVAL TAB 650MG X50 VLM"
38911,"VALACICLOVIR 500 mg X 10 TABLETAS RECUBIERTAS","https://mav.farmaciasaas.com/api/images/articulos/DISTRIBUCION/24670.jpg",0.853,"VALACICLOVIR TAB 500MG X10 ADN"
38981,"VORCUM 200 mg POLVO LIOFILIZADO PARA SOLUCION PARA INFUSION","https://mav.farmaciasaas.com/api/images/articulos/DISTRIBUCION/27731.jpg",0.754,"VORICONAZOL AMP 200MG X1 GLOB/C"
38132,"FOSFATO DE POTASIO MONOBASICO 1 mEq / mL SOLUCION INYECTABLE I.V.","https://mav.farmaciasaas.com/api/images/articulos/DISTRIBUCION/28881.jpg",0.719,"FOSFATO D/POTASIO SOL INY 1MEQ X 10ML"
38960,"VITAMINA C 500 mg / 5 mL X 10 AMPOLLAS","https://mav.farmaciasaas.com/api/images/articulos/DISTRIBUCION/30120.jpg",0.665,"VIT C AMP IM/IV 500MG/5ML X 10 BLUE/M"
37719,"CEFTRIAXONA 1 g X 1 AMPOLLAS","https://mav.farmaciasaas.com/api/images/articulos/DISTRIBUCION/51473.jpg",0.677,"CEFTRIAXONA AMP IM/IV 1G X1 CR GM"
38124,"FLUMAZENIL 0,5 mg / 5 mL X 1 AMPOLLAS","https://mav.farmaciasaas.com/api/images/articulos/DISTRIBUCION/53237.jpg",0.829,"FLUMAZENIL SOL INY 0,5MG/5ML 5ML X1 ADN"
37312,"ACETAMINOFEN 150 mg / 5 mL JARABE","https://mav.farmaciasaas.com/api/images/articulos/DISTRIBUCION/95342.jpg",0.687,"ACETAMINOFEN JBE PED 150MG/120ML PHARME"
38823,"TACROLIMUS 0,03% UNGÜENTO","https://mav.farmaciasaas.com/api/images/articulos/DISTRIBUCION/53403.jpg",0.786,"TACROLIMUS UNG 0,03% 20G CR MT"
38426,"MANITOL AL 18 % SOLUCION INYECTABLE INTRAVENOSA","https://mav.farmaciasaas.com/api/images/articulos/DISTRIBUCION/5408.jpg",0.713,"MANITOL SOL INY #38 18% 500ML BHR"
37826,"CODEBROMIL PLUS 15 mg - 3 mg / 15 mL JARABE","https://mav.farmaciasaas.com/api/images/articulos/DISTRIBUCION/19724.jpg",0.772,"CODEBROMIL PLUS JBE 15MG/3MG 90ML VIN"
37979,"DONEPEZILO CLORHIDRATO 10 mg X 56 CÁPSULAS","https://mav.farmaciasaas.com/api/images/articulos/DISTRIBUCION/25141.jpg",0.737,"DONEPEZILO COMP REC 10MG X56 DORO"
38389,"LORATADINA - AMBROXOL CLORHIDRATO 5 mg - 30 mg X 10 TABLETAS","https://mav.farmaciasaas.com/api/images/articulos/DISTRIBUCION/29397.jpg",1.000,"LORATADINA/AMBROXOL TAB 5/30MG X 10 KIMI"
38776,"SERETIDE 25 mcg - 50 mcg DOSIS X 120 SUSPENSION PARA INHALACION ORAL","https://mav.farmaciasaas.com/api/images/articulos/DISTRIBUCION/50864.jpg",0.720,"SERETIDE SUSP INH 25MG/50MCG X120 DOSIS"
37964,"DOBUTAMINA 250 mg / 5 mL X 5 AMPOLLAS","https://mav.farmaciasaas.com/api/images/articulos/DISTRIBUCION/51161.jpg",0.877,"DOBUTAMINA AMP 250MG/5ML X5 MEDV"
37528,"ATROPINA SULFATO 1 mg / mL X 10 AMPOLLAS","https://mav.farmaciasaas.com/api/images/articulos/DISTRIBUCION/51937.jpg",0.895,"ATROPINA SOL INY AMP 1MG/ML X10 CR DIST"
38852,"NUELIN 80 mg / 15 mL JARABE","https://mav.farmaciasaas.com/api/images/articulos/DISTRIBUCION/53266.jpg",0.735,"TEOFILINA SOL ORAL 80MG/15ML 100ML AND"
37911,"DEXTROSA 50 % SOLUCION INYECTABLE IV","https://mav.farmaciasaas.com/api/images/articulos/DISTRIBUCION/53793.jpg",0.800,"DEXTROSA SOL INY IV 5% 500NL BLUE/M"
39138,"CIFARCAINA HIPERBARA AL 5 % X 2 AMPOLLAS","https://mav.farmaciasaas.com/api/images/articulos/DISTRIBUCION/53832.jpg",0.737,"CIFARCAINA HIPERBARA AMP 5% 2ML X2 BHR"
37612,"BROMAZEPAM 3 mg X 30 COMPRIMIDOS","https://mav.farmaciasaas.com/api/images/articulos/DISTRIBUCION/1301.jpg",0.942,"BROMAZEPAM COM 3 MG X 30 MEGALABS"
37613,"BROMAZEPAM 6 mg X 30 COMPRIMIDOS","https://mav.farmaciasaas.com/api/images/articulos/DISTRIBUCION/1302.jpg",0.942,"BROMAZEPAM COMP 6MG X30 MEG"
37605,"BREINOX 800 mg X 30 TABLETAS","https://mav.farmaciasaas.com/api/images/articulos/DISTRIBUCION/50808.jpg",0.808,"PIRACETAM TAB 800MG X30 CR MT"
38996,"ZOLPIDEX 10 mg X 10 COMPRIMIDOS RECUBIERTOS","https://mav.farmaciasaas.com/api/images/articulos/DISTRIBUCION/6549.jpg",0.882,"ZOLPIDEX COMP 10MG X10 MEG"
37838,"CORAZEM 60 mg X 20 TABLETAS RECUBIERTAS","https://mav.farmaciasaas.com/api/images/articulos/DISTRIBUCION/10134.jpg",0.882,"CORAZEM TAB 60MG X20 FAR"
37619,"BRUDOL 200 mg - 65 mg X 20 COMPRIMIDOS RECUBIERTOS","https://mav.farmaciasaas.com/api/images/articulos/DISTRIBUCION/16419.jpg",0.754,"BRUDOL COMP REC 200MG/65MG X20 ELM"
38133,"FOSFOLIT 21,6 g - 8,1 g / 45 mL SOLUCION ORAL","https://mav.farmaciasaas.com/api/images/articulos/DISTRIBUCION/17761.jpg",0.894,"FOSFOLIT SOL ORAL 21,6/8,1G 45ML VARG"
37293,"ABRETIA 25 mg X 20 CAPSULAS","https://mav.farmaciasaas.com/api/images/articulos/DISTRIBUCION/17768.jpg",0.767,"ABRETIA CAP 25MG X20 MEG"
38513,"MOPERID 10 mg X 20 TABLETAS","https://mav.farmaciasaas.com/api/images/articulos/DISTRIBUCION/20367.jpg",0.753,"MOPERID TAB 10MG X20 MEY"
37648,"CAMPAL 50 mg X 20 TABLETAS ENTERICAS","https://mav.farmaciasaas.com/api/images/articulos/DISTRIBUCION/6581.jpg",0.794,"CAMPAL GRAG X20 MEY"
37738,"CIATAL 500 mg / 2 mL X 9 AMPOLLAS","https://mav.farmaciasaas.com/api/images/articulos/DISTRIBUCION/25233.jpg",0.688,"CIATAL SOL INY 500MG/2ML X9 MEY"
39604,"ZOCLONAX 7,5 mg X 10 TABLETAS RECUBIERTAS","https://mav.farmaciasaas.com/api/images/articulos/DISTRIBUCION/28792.jpg",0.651,"ZOCLONAX TAB/REC 7.5MG X 10 LA SANTE"
38432,"MAXIFUR 50 mg X 30 CAPSULAS","https://mav.farmaciasaas.com/api/images/articulos/DISTRIBUCION/30340.jpg",0.875,"MAXIFUR CAP 50MG X 30"
37392,"ALENTIK 70 mg X 4 TABLETAS","https://mav.farmaciasaas.com/api/images/articulos/DISTRIBUCION/50731.jpg",0.757,"ALENTIK TAB 70MG X 4"
38562,"NITROFURANTOINA 100 mg X 300 TABLETAS RECUBIERTAS","https://mav.farmaciasaas.com/api/images/articulos/DISTRIBUCION/51871.jpg",0.744,"NITROFURANTOINA CAP 100MG X300 LAPROFF"
38640,"PASIM PLUS 10 mg - 500 mg X 10 COMPRIMIDOS RECUBIERTOS","https://mav.farmaciasaas.com/api/images/articulos/DISTRIBUCION/53745.jpg",0.728,"PASIM PLUS COMP REC 10MG/500MG X10 MEG"
38641,"PASIM PLUS 2 mg - 100 mg / mL SOLUCION ORAL","https://mav.farmaciasaas.com/api/images/articulos/DISTRIBUCION/53746.jpg",0.734,"PASIM PLUS SOL ORAL 2/100MG/ML 15ML MEG"
38199,"PASIM FEM 20 mg - 400 mg X 10 COMPRIMIDOS RECUBIERTOS","https://mav.farmaciasaas.com/api/images/articulos/DISTRIBUCION/54299.jpg",0.752,"PASIM FEM COMP REC 20MG/400MG X10 MEG"
37960,"PENTASA 500 mg X 30 COMPRIMIDOS DE LIBERACION PROLONGADA","https://mav.farmaciasaas.com/api/images/articulos/DISTRIBUCION/54489.jpg",0.670,"DIZACOL MESALAZINA TAB 500MG X30"
38987,"XEROGRAX 120 mg X 60 CAPSULAS","https://mav.farmaciasaas.com/api/images/articulos/DISTRIBUCION/91024.jpg",0.657,"XEROGRAX CAP 120MG X60 PHARME"
38412,"LOTEMICIN 0,5 % - 0,3 % SUSPENSION OFTALMICA","https://mav.farmaciasaas.com/api/images/articulos/DISTRIBUCION/93654.jpg",0.611,"LOTEMICIN SUSP OFT 0.5%/0.3% X 5 ML"
37740,"CICLOKAN 500 mg / 5 mL X 1 AMPOLLAS","https://mav.farmaciasaas.com/api/images/articulos/DISTRIBUCION/94107.jpg",0.702,"CICLOKAN AMP 500MG/5ML X1"
38488,"MIGRAVAL 100 mg X 2 COMPRIMIDOS RECUBIERTOS","https://mav.farmaciasaas.com/api/images/articulos/DISTRIBUCION/1945.jpg",0.735,"MIGRAVAL COMP 100MG X2 MEG"
39073,"ARBIXIL 7,5 mg - 5 mcg / 5 mL JARABE","https://mav.farmaciasaas.com/api/images/articulos/DISTRIBUCION/3798.jpg",0.611,"ARBIXIL SOL GTS PED 7,5MG/5MCG 15ML MEY"
37773,"CLENBUNAL 0,020 mg X 20 COMPRIMIDOS","https://mav.farmaciasaas.com/api/images/articulos/DISTRIBUCION/5981.jpg",1.000,"CLENBUNAL COMP X20 MEG"
37772,"CLENBUNAL 0,020 mg X 10 COMPRIMIDOS","https://mav.farmaciasaas.com/api/images/articulos/DISTRIBUCION/7942.jpg",0.865,"CLENBUNAL COMP 0,020MG X10 MEG"
37764,"CITICOLINA 500 mg X 10 TABLETAS RECUBIERTAS","https://mav.farmaciasaas.com/api/images/articulos/DISTRIBUCION/9109.jpg",0.931,"CITICOLINA TAB 500MG X10 CLX"
39605,"TRAMAL 100 mg / mL SOLUCION ORAL","https://mav.farmaciasaas.com/api/images/articulos/DISTRIBUCION/10327.jpg",0.686,"TRAMAL LONG TAB 100MG X10 CR CCM"
38373,"LOKARIN 5 mg - 60 mg / 5 mL JARABE","https://mav.farmaciasaas.com/api/images/articulos/DISTRIBUCION/11306.jpg",0.826,"LOKARIN JBE 5MG/60MG/5ML 60ML BIOTECH"
38701,"PREVERAL  CON CODEINA  JARABE","https://mav.farmaciasaas.com/api/images/articulos/DISTRIBUCION/12092.jpg",0.688,"PREVERAL C/CODEINA JBE 3/10/5 120ML VARG"
37400,"ALOPURINOL 100 mg X 30 TABLETAS","https://mav.farmaciasaas.com/api/images/articulos/DISTRIBUCION/21363.jpg",0.760,"ALOPURINOL TAB 100MG X30 ANG/H"
39514,"GESTAGENO 100 mg CAPSULAS DE GELATINA BLANDA X 10 CAPSULAS","https://mav.farmaciasaas.com/api/images/articulos/DISTRIBUCION/21412.jpg",0.620,"GESTAGENO CAP BLD 100MG X30 CR CCM"
37777,"AMBROXOL-CLENBUTEROL 7,5 mg-0,005 mg/5 mL SOLUCION ORAL","https://mav.farmaciasaas.com/api/images/articulos/DISTRIBUCION/22404.jpg",0.605,"CLENBUTEROL SOL 0,005MG/5ML 120ML BIOQ"
38390,"LORATADINA - BETAMETASONA 5 mg - 0,25 mg COMPRIMIDOS","https://mav.farmaciasaas.com/api/images/articulos/DISTRIBUCION/24984.jpg",0.839,"LORATADINA/BETAMET TAB 5/0,25MG X10 GEAG"
38354,"Lidocaina 2% con Adrenalina 1: 80.000 Solución Inyectable","https://mav.farmaciasaas.com/api/images/articulos/DISTRIBUCION/26417.jpg",0.783,"LIDOCAINA C/ADRENALINA AMP 1,8MLX50 TIAR"
37854,"CRISPLUS 120 mg X 30 CAPSULAS","https://mav.farmaciasaas.com/api/images/articulos/DISTRIBUCION/28167.jpg",0.690,"CRISPLUS CAP 120MG X30 ZUO"
39001,"ZOPICLONA 7,5 mg X 10 TABLETAS RECUBIERTAS","https://mav.farmaciasaas.com/api/images/articulos/DISTRIBUCION/28451.jpg",0.698,"ZOPICLONA TAB 7.5MG X 10 LA SANTE"
37815,"DOPALEN 200 mg X 10 CÁPSULAS DE LIBERACIÓN PROLONGADA","https://mav.farmaciasaas.com/api/images/articulos/DISTRIBUCION/28633.jpg",0.606,"DOPALEN CAP LIB/PROL 200MG X 10"
37837,"CONTRADOL 100 mg / mL SOLUCION ORAL","https://mav.farmaciasaas.com/api/images/articulos/DISTRIBUCION/50553.jpg",0.670,"CONTRADOL SOL/GTA 100MG 15ML"
38885,"TRACEVAL 325 mg - 37,5 mg X 20 TABLETAS RECUBIERTAS","https://mav.farmaciasaas.com/api/images/articulos/DISTRIBUCION/99313.jpg",0.958,"TRACEVAL TAB REC 325MG/37,5MG X20 VLM"
38027,"ESMIRTAL 20 mg X 30 COMPRIMIDOS RECUBIERTOS","https://mav.farmaciasaas.com/api/images/articulos/DISTRIBUCION/54449.jpg",0.861,"ESMIRTAL COMP 20MG X30 MEG"
39060,"ANTILAX 2 mg X 10 TABLETAS","https://mav.farmaciasaas.com/api/images/articulos/DISTRIBUCION/93277.jpg",0.700,"ANTILAX TAB 2MG X10 FAR"
37939,"DIFEN X 20 TABLETAS RECUBIERTAS","https://mav.farmaciasaas.com/api/images/articulos/DISTRIBUCION/93952.jpg",0.792,"DIFEN PLUS TAB X20 MEY"
37878,"DENUAL 150 mg X 1 COMPRIMIDOS RECUBIERTOS","https://mav.farmaciasaas.com/api/images/articulos/DISTRIBUCION/94853.jpg",0.905,"DENUAL COMP 150MG X1 MEG"
38419,"MACRODANTINA 50 mg X 30 CAPSULAS","https://mav.farmaciasaas.com/api/images/articulos/DISTRIBUCION/2247.jpg",0.788,"MACRODANTINA CAP 50MG X30 FAR"
37305,"ACALIX 60 mg X 30 TABLETAS","https://mav.farmaciasaas.com/api/images/articulos/DISTRIBUCION/4986.jpg",0.882,"ACALIX TAB 60MG X30 VARG"
38376,"LOPERAM 2 mg X 4 TABLETAS","https://mav.farmaciasaas.com/api/images/articulos/DISTRIBUCION/5224.jpg",1.000,"LOPERAM TAB DISP 50 X4 VARG"
38997,"ZOLPIDEX 10 mg X 20 COMPRIMIDOS RECUBIERTOS","https://mav.farmaciasaas.com/api/images/articulos/DISTRIBUCION/6547.jpg",0.882,"ZOLPIDEX COMP 10MG X20 MEG"
37341,"ACICLOVIR 200 mg X 24 TABLETAS","https://mav.farmaciasaas.com/api/images/articulos/DISTRIBUCION/7859.jpg",0.892,"ACICLOVIR TAB 200MG X24 PHARME"
38881,"TONUM 1 mg / mL  SUSPENSION ORAL","https://mav.farmaciasaas.com/api/images/articulos/DISTRIBUCION/9640.jpg",0.632,"TONUM SUSP ORAL 1MG/ML 100ML BIOTECH"
39355,"RINARIS 5 mg - 60 mg X 10 TABLETAS RECUBIERTAS","https://mav.farmaciasaas.com/api/images/articulos/DISTRIBUCION/16753.jpg",0.792,"RINARIS TAB REC 5MG/60MG X10 FAR"
38236,"IBUTANFEM 400 mg - 20 mg X 20 TABLETAS RECUBIERTAS","https://mav.farmaciasaas.com/api/images/articulos/DISTRIBUCION/25251.jpg",0.796,"IBUTANFEM TAB 400MG/20MG X20 MEY"
38379,"LOPERAMIDA 2 mg X 100 COMPRIMIDOS","https://mav.farmaciasaas.com/api/images/articulos/DISTRIBUCION/25013.jpg",0.752,"LOPERAMIDA TAB 2MG X100 PORTU"
38237,"IBUTANFEM 400 mg - 20 mg X 30 TABLETAS RECUBIERTAS","https://mav.farmaciasaas.com/api/images/articulos/DISTRIBUCION/25252.jpg",0.796,"IBUTANFEM TAB 400MG/20MG X30 MEY"
38444,"MEMANTINA CLORHIDRATO 10 mg X 14 TABLETAS RECUBIERTAS","https://mav.farmaciasaas.com/api/images/articulos/DISTRIBUCION/26136.jpg",0.875,"MEMANTINA TAB REC 10MG X14 BIU"
37864,"DALTAZEN 60 mg X 30 COMPRIMIDOS","https://mav.farmaciasaas.com/api/images/articulos/DISTRIBUCION/52575.jpg",0.817,"DILTIAZEM TAB 60MG X30 ZUZU"
39562,"PENTOXIFILINA 400 mg X 30 TABLETAS RECUBIERTAS DE LIBERACION PROLONGADA","https://mav.farmaciasaas.com/api/images/articulos/DISTRIBUCION/28576.jpg",0.759,"PENTOXIFILINA TAB/REC 400MG X 30 ANGELUS"
37339,"ACICLOVIR 200 mg X 20 TABLETAS","https://mav.farmaciasaas.com/api/images/articulos/DISTRIBUCION/29551.jpg",0.738,"ACICLOVIR TAB 200MG X 20 POLINAC"
38666,"PINAVIX 100 mg X 20 COMPRIMIDOS RECUBIERTOS","https://mav.farmaciasaas.com/api/images/articulos/DISTRIBUCION/50990.jpg",0.841,"PINAVIX COMP REC 100MG X20 MEG"
37336,"ACICLOVIR 250 mg POLVO LIOFILIZADO PARA SOLUCION INYECTABLE PARA INFUSION INTRAVENOSA","https://mav.farmaciasaas.com/api/images/articulos/DISTRIBUCION/51935.jpg",0.685,"ACICLOVIR PVO SOL INY 250MG VIAL X1 DIST"
37338,"ACICLOR 200 mg / 5 mL POLVO PARA SUSPENSION","https://mav.farmaciasaas.com/api/images/articulos/DISTRIBUCION/51989.jpg",0.679,"ACICLOVIR PVO SUSP 200MG/5ML 100ML DIST"
38984,"XAROX 10 mg X 30 TABLETAS RECUBIERTAS.","https://mav.farmaciasaas.com/api/images/articulos/DISTRIBUCION/52153.jpg",0.704,"XAROX TAB 10MG X30 PHARME"
37958,"DIPIDOL 500 mg / mL X 3 AMPOLLAS","https://mav.farmaciasaas.com/api/images/articulos/DISTRIBUCION/52497.jpg",0.704,"DIPIDOL SOL INY 500MG/ML 2ML X3 BHR"
38985,"XAROX 15 mg X 30 TABLETAS RECUBIERTAS","https://mav.farmaciasaas.com/api/images/articulos/DISTRIBUCION/52924.jpg",0.704,"XAROX TAB 15MG X30 PHARME"
38991,"ZILDON 10 mg X 30 TABLETAS RECUBIERTAS","https://mav.farmaciasaas.com/api/images/articulos/DISTRIBUCION/53121.jpg",0.829,"ZILDON TAB REC 10MG X30 PHARME"
39444,"BLOKXA 20 mg X 28 TABLETAS RECUBIERTAS","https://mav.farmaciasaas.com/api/images/articulos/DISTRIBUCION/54280.jpg",0.655,"BLOKXA TAB REC 20MG X28 CLX"
39507,"DOLOGINEX 125 mg - 10 mg X 10 COMPRIMIDOS RECUBIERTOS","https://mav.farmaciasaas.com/api/images/articulos/DISTRIBUCION/54561.jpg",0.790,"DOLOGINEX COMP REC 125/10MG X10 MEG"
37748,"CINNARIZINA 75 mg X 10 CAPSULAS","https://mav.farmaciasaas.com/api/images/articulos/DISTRIBUCION/90809.jpg",0.913,"CINNARIZINA CAP 75MG X10 CLX"
37495,"ARUDIL 20 mg X 10 TABLETAS RECUBIERTAS","https://mav.farmaciasaas.com/api/images/articulos/DISTRIBUCION/19058.jpg",0.693,"ARUDIL TAB REC 20MG X10 FAR"
37493,"ARUDIL 15 mg X 10 TABLETAS RECUBIERTAS","https://mav.farmaciasaas.com/api/images/articulos/DISTRIBUCION/19965.jpg",0.693,"ARUDIL TAB 15MG X10 FAR"
38745,"RIVAROXABAN 20 mg X 10 TABLETAS RECUBIERTAS","https://mav.farmaciasaas.com/api/images/articulos/DISTRIBUCION/26738.jpg",0.875,"RIVAROXABAN TAB 20MG X10 VIN"
39293,"ROWELUK PLUS 5 mg - 2,5 mg X 10 COMPRIMIDOS MASTICABLES","https://mav.farmaciasaas.com/api/images/articulos/DISTRIBUCION/28868.jpg",0.827,"ROWELUK COM/MAST 5MG/2,5MG X 10"
38986,"XAROX 20 mg X 30 TABLETAS RECUBIERTAS","https://mav.farmaciasaas.com/api/images/articulos/DISTRIBUCION/52925.jpg",0.704,"XAROX TAB 20MG X30 PHARME"
37462,"ANASMOL 5 mg X 30 COMPRIMIDOS","https://mav.farmaciasaas.com/api/images/articulos/DISTRIBUCION/95473.jpg",0.733,"ANASMOL COMP 5MG X30 MEG"
39051,"ANASMOL 2,5 mg COMPRIMIDOS","https://mav.farmaciasaas.com/api/images/articulos/DISTRIBUCION/1878.jpg",0.646,"ANASMOL COMP 2,5MG X10 MEG"
38320,"LEPTAZINE 5 mg X 30 COMPRIMIDOS","https://mav.farmaciasaas.com/api/images/articulos/DISTRIBUCION/5080.jpg",0.921,"LEPTAZINE COMP 5MG X30 MEG"
37791,"CLONATRIL 2 mg X 30 COMPRIMIDOS","https://mav.farmaciasaas.com/api/images/articulos/DISTRIBUCION/6642.jpg",0.808,"CLONATRIL COMP 2MG X30 MEG"
37798,"CLONZEP 0,5 mg X 30 TABLETAS","https://mav.farmaciasaas.com/api/images/articulos/DISTRIBUCION/13114.jpg",0.815,"CLONZEP TAB 0,5MG X30 VLM"
37799,"CLONZEP 2 mg X 30 TABLETAS","https://mav.farmaciasaas.com/api/images/articulos/DISTRIBUCION/13115.jpg",0.862,"CLONZEP TAB 2MG X30 VLM"
37790,"CLONATRIL 1 mg X 30 COMPRIMIDOS","https://mav.farmaciasaas.com/api/images/articulos/DISTRIBUCION/20153.jpg",0.808,"CLONATRIL COMP 1MG X30 MEG"
38349,"LEVOTIROXINA SODICA 100 mcg X 10 TABLETAS","https://mav.farmaciasaas.com/api/images/articulos/DISTRIBUCION/22840.jpg",0.723,"LEVOTIROXINA SOD TAB 100MCG X10 CR DIST"
38131,"TIMOLOL - DORZOLAMIDA 0,5% - 2% X 28 SOLUCIÓN OFTALMICA","https://mav.farmaciasaas.com/api/images/articulos/DISTRIBUCION/22841.jpg",0.723,"TIMOLOL SOL OFT 0,5% 10ML CR DIST"
38620,"ONDANSETRON 4 mg / 5 mL SOLUCION ORAL","https://mav.farmaciasaas.com/api/images/articulos/DISTRIBUCION/23942.jpg",0.886,"ONDANSETRON SOL ORAL 4MG/5ML 50ML MEG"
38755,"ROWELUK 5 mg X 10 COMPRIMIDOS MASTICABLES","https://mav.farmaciasaas.com/api/images/articulos/DISTRIBUCION/26093.jpg",0.795,"ROWELUK COMP MAST 5MG X10 MEG"
38510,"MONTRAX 5 mg X 10 TABLETAS MASTICABLES","https://mav.farmaciasaas.com/api/images/articulos/DISTRIBUCION/27038.jpg",0.921,"MONTRAX TAB MAST 5MG X10 BIOTECH"
38512,"MONUKAST 5 mg X 30 TABLETAS MASTICABLES","https://mav.farmaciasaas.com/api/images/articulos/DISTRIBUCION/50733.jpg",0.864,"MONUKAST TAB/MAST 5MG X 30"
38980,"VONAU FLASH 4mg TABLETAS DE DESINTEGRACION ORAL X 10 TABLETAS","https://mav.farmaciasaas.com/api/images/articulos/DISTRIBUCION/52415.jpg",0.947,"VONAU FLASH TAB 4MG X10 FARMA"
38618,"ONDANSETRON 8 mg / 4 mL X 5 AMPOLLAS","https://mav.farmaciasaas.com/api/images/articulos/DISTRIBUCION/52480.jpg",0.707,"ONDANSETRON INY IV/IM 8MG/4ML X5 DIST"
38843,"TAMSULOSINA HCL 0,4 mg CAPSULAS DE LIBERACION PROGRAMADA X 10 CAPSULAS","https://mav.farmaciasaas.com/api/images/articulos/DISTRIBUCION/53254.jpg",0.756,"TAMSULOSINA TAMSUHEM CAP 0,4MG X10 ADN"
37995,"EDAGAN 200 mg X 30 COMPRIMIDOS RECUBIERTOS","https://mav.farmaciasaas.com/api/images/articulos/DISTRIBUCION/90689.jpg",0.728,"EDAGAN 200 COMP 200MG X30 MEG"
38756,"ROWELUK 5 mg X 30 COMPRIMIDOS MASTICABLES","https://mav.farmaciasaas.com/api/images/articulos/DISTRIBUCION/92735.jpg",0.841,"ROWELUK-5 COMP MAST X30 MEG"
38123,"FLUDIL 10 mg X 40 TABLETAS","https://mav.farmaciasaas.com/api/images/articulos/DISTRIBUCION/95624.jpg",0.704,"FLUDIL TAB 10MG X40 PHARME"
38879,"TOLNAFTAN 1 % SOLUCION","https://mav.farmaciasaas.com/api/images/articulos/DISTRIBUCION/3540.jpg",0.705,"TOLNAFTAN LOC 15ML MEG"
38468,"METOCLOPRAMIDA 10 mg / 2 mL X 6 AMPOLLAS","https://mav.farmaciasaas.com/api/images/articulos/DISTRIBUCION/7763.jpg",0.904,"METOCLOPRAMIDA AMP 10MG/2ML X6 VLM"
38243,"IMAZOL 1 % POLVO","https://mav.farmaciasaas.com/api/images/articulos/DISTRIBUCION/11072.jpg",0.674,"IMAZOL PVO 1% 20G MEY"
38778,"SERLINE 50 mg X 10 COMPRIMIDOS","https://mav.farmaciasaas.com/api/images/articulos/DISTRIBUCION/11400.jpg",0.806,"SERLINE COMP 50MG X10 MEG"
38678,"PRALINA 75 mg X 14 CAPSULAS","https://mav.farmaciasaas.com/api/images/articulos/DISTRIBUCION/17014.jpg",0.816,"PRALINA CAP 75MG X14 BIOTECH"
38657,"PERTEN 1% SOLUCION TOPICA","https://mav.farmaciasaas.com/api/images/articulos/DISTRIBUCION/20022.jpg",0.625,"PERTEN AER SOL TOPICA 1% 30ML MEY"
38698,"PRELIVAL 150 mg X 20 CAPSULAS","https://mav.farmaciasaas.com/api/images/articulos/DISTRIBUCION/22390.jpg",0.784,"PRELIVAL CAP 150MG X20 VLM"
38661,"PIGRAL 75 mg X 14 COMPRIMIDOS RECUBIERTOS","https://mav.farmaciasaas.com/api/images/articulos/DISTRIBUCION/24140.jpg",0.767,"PIGRAL COMP 75MG X14 MEG"
38414,"LUDROX 75 mg X 30 TABLETAS RECUBIERTAS","https://mav.farmaciasaas.com/api/images/articulos/DISTRIBUCION/26078.jpg",0.718,"LUDROX TAB REC 75MG X30 BIOTECH"
38810,"SULFATO DE MAGNESIO 10 % SOLUCION INYECTABLE","https://mav.farmaciasaas.com/api/images/articulos/DISTRIBUCION/28880.jpg",0.717,"SULFATO D/MAGNESIO SOL INY 1MEQ X 10ML"
37413,"AMANIRIS 81 mg X 30 COMPRIMIDOS CON CUBIERTA ENTERICA","https://mav.farmaciasaas.com/api/images/articulos/DISTRIBUCION/29745.jpg",0.673,"AMANIRIS COMP C/ENT 81MG X 30"
38024,"ESCITALOPRAM 20 mg X 14 TABLETAS RECUBIERTAS","https://mav.farmaciasaas.com/api/images/articulos/DISTRIBUCION/29792.jpg",0.875,"ESCITALOPRAM TAB/REC 20MG X 14 CLX"
38023,"ESCITALOPRAM 20 mg X 30 TABLETAS RECUBIERTAS","https://mav.farmaciasaas.com/api/images/articulos/DISTRIBUCION/50533.jpg",0.733,"ESCITALOPRAM TAB 20MG X 30 LA SANTE"
38888,"TRALIX 50 mg X 30 TABLETAS","https://mav.farmaciasaas.com/api/images/articulos/DISTRIBUCION/50749.jpg",0.770,"TRALIX TAB 50MG X 30"
37505,"ASPRINIL 81 mg X 100 TABLETAS CON RECUBRIMIENTO ENTERICO","https://mav.farmaciasaas.com/api/images/articulos/DISTRIBUCION/51425.jpg",0.822,"ASPRINIL TAB REC ENT 81MG X100 BIOT"
39434,"ATAPEC 25 mg X 30 COMPRIMIDOS RECUBIERTOS","https://mav.farmaciasaas.com/api/images/articulos/DISTRIBUCION/53750.jpg",0.687,"ATAPEC COMP REC 25MG X30 FC"
38761,"SADOXOL 50 mg X 30 TABLETAS","https://mav.farmaciasaas.com/api/images/articulos/DISTRIBUCION/54369.jpg",0.725,"SADOXOL TAB 50MG X30 SIEG"
38772,"SECNIDAZOL 1 g X 2 TABLETAS RECUBIERTAS","https://mav.farmaciasaas.com/api/images/articulos/DISTRIBUCION/92494.jpg",0.913,"SECNIDAZOL TAB REC 1G X2 VLM"
38547,"NEURIXA 150 mg X 14 CAPSULAS","https://mav.farmaciasaas.com/api/images/articulos/DISTRIBUCION/93669.jpg",0.735,"NEURIXA CAP 150MG X14 FAR"
38049,"ESQUIDONE 2 mg X 30 TABLETAS RECUBIERTAS","https://mav.farmaciasaas.com/api/images/articulos/DISTRIBUCION/98680.jpg",0.795,"ESQUIDONE TAB REC 2MG X30 VLM"
38050,"ESQUIDONE 3 mg X 30 TABLETAS RECUBIERTAS","https://mav.farmaciasaas.com/api/images/articulos/DISTRIBUCION/98681.jpg",0.795,"ESQUIDONE TAB REC 3MG X30 VLM"
38777,"SERLINE 100 mg X 10 COMPRIMIDOS","https://mav.farmaciasaas.com/api/images/articulos/DISTRIBUCION/3699.jpg",0.823,"SERLINE COMP 100MG X10 MEG"
37401,"ALPRAM 0,5 mg X 30 TABLETAS","https://mav.farmaciasaas.com/api/images/articulos/DISTRIBUCION/5177.jpg",0.788,"ALPRAM TAB 0,5 MG X30 VLM"
37402,"ALPRAM 1 mg X 30 TABLETAS","https://mav.farmaciasaas.com/api/images/articulos/DISTRIBUCION/5184.jpg",0.835,"ALPRAM TAB 1MG X30 VLM"
37403,"ALPRAM 2 mg X 30 TABLETAS","https://mav.farmaciasaas.com/api/images/articulos/DISTRIBUCION/5185.jpg",0.835,"ALPRAM TAB 2MG X30 VLM"
38242,"IMAZOL DUAL 500 mg CAPSULA BLANDA VAGINAL + 1 % X 1 CREMA VAGINAL","https://mav.farmaciasaas.com/api/images/articulos/DISTRIBUCION/8397.jpg",0.698,"IMAZOL DUAL OVU 500MG X1 + CREM 10G MEY"
37383,"ALBENDAZOL 200 mg X 2 COMPRIMIDOS","https://mav.farmaciasaas.com/api/images/articulos/DISTRIBUCION/9575.jpg",0.917,"ALBENDAZOL TAB 200MG X2 PHARME"
37404,"ALPRAZOLAM 0,5 mg X 30 TABLETAS","https://mav.farmaciasaas.com/api/images/articulos/DISTRIBUCION/10378.jpg",0.896,"ALPRAZOLAM TAB 0,5MG X30 CLX"
38858,"TIALIN 50 mg X 10 COMPRIMIDOS","https://mav.farmaciasaas.com/api/images/articulos/DISTRIBUCION/10964.jpg",0.882,"TIALIN COMP 50MG X10 MEG"
38725,"RIDAL 2 mg X 20 COMPRIMIDOS RECUBIERTOS","https://mav.farmaciasaas.com/api/images/articulos/DISTRIBUCION/11398.jpg",0.747,"RIDAL COMP 2MG X20 MEG"
38233,"IBUTANCOL 400 mg - 4 mg X 20 TABLETAS","https://mav.farmaciasaas.com/api/images/articulos/DISTRIBUCION/14205.jpg",0.742,"IBUTANCOL TAB 400MG/4MG X20 MEY"
38138,"FUNTRAZOL 100 mg X 10 CAPSULAS","https://mav.farmaciasaas.com/api/images/articulos/DISTRIBUCION/21367.jpg",0.668,"FUNTRAZOL CAP 100MG X10 ANG/H"
38893,"TRIMEBUTINA MALEATO 200 mg X 10 TABLETAS","https://mav.farmaciasaas.com/api/images/articulos/DISTRIBUCION/25677.jpg",0.853,"TRIMEBUTINA TAB 200MG X10 CLEO"
38221,"IBUPROFENO - TIOCOLCHICOSIDO 400 mg - 4 mg X 10 TABLETAS RECUBIERTAS","https://mav.farmaciasaas.com/api/images/articulos/DISTRIBUCION/94963.jpg",0.923,"IBUPROFENO/TIOCOL TAB 400/4MG X10 CLX"
38126,"FLUOXETINA 20 mg X 14 CAPSULAS","https://mav.farmaciasaas.com/api/images/articulos/DISTRIBUCION/29459.jpg",0.800,"FLUOXETINA CAP 20MG X 14 PHARMETIQ"
38113,"EXOMAX 200mg/100mL X 1 AMPOLLAS","https://mav.farmaciasaas.com/api/images/articulos/DISTRIBUCION/29940.jpg",0.852,"FLUCONAZOL SOL INY 200MG/100ML BLUE"
38021,"ESCITALOPRAM 10 mg X 30 TABLETAS RECUBIERTAS","https://mav.farmaciasaas.com/api/images/articulos/DISTRIBUCION/50532.jpg",0.792,"ESCITALOPRAM TAB 10MG X 30 LA SANTE"
38128,"FLUOXETINA 20 mg X 28 CAPSULAS","https://mav.farmaciasaas.com/api/images/articulos/DISTRIBUCION/50927.jpg",0.875,"FLUOXETINA CAP 20MG X28 PHARME"
38937,"VASPITOR 40 mg X 10 COMPRIMIDOS RECUBIERTOS","https://mav.farmaciasaas.com/api/images/articulos/DISTRIBUCION/52642.jpg",0.882,"VASPITOR COMP REC 40MG X10 MEG"
37957,"DIOSMINA-HESPERIDINA 450 mg-50 mg COMPRIMIDOS RECUBIERTOS","https://mav.farmaciasaas.com/api/images/articulos/DISTRIBUCION/52910.jpg",0.838,"DIOSMINA/HESPER TAB 450MG/50MG X30 ANG/H"
38781,"SERTRALINA 50 mg X 56 TABLETAS","https://mav.farmaciasaas.com/api/images/articulos/DISTRIBUCION/53165.jpg",0.875,"SERTRALINA COMP REC 50MG X56 DORO"
37607,"BRESIS 600 mg X 30 COMPRIMIDOS RECUBIERTOS","https://mav.farmaciasaas.com/api/images/articulos/DISTRIBUCION/53310.jpg",0.729,"BRESIS COMP REC 600MG X30 MEG"
38019,"ESCITALOPRAM 20 mg X 28 COMPRIMIDOS RECUBIERTOS","https://mav.farmaciasaas.com/api/images/articulos/DISTRIBUCION/53635.jpg",0.875,"ESCITALOPRAM TAB 20MG X28 CLX"
39505,"EZENTIUS 20 mg X 20 COMPRIMIDOS RECUBIERTOS","https://mav.farmaciasaas.com/api/images/articulos/DISTRIBUCION/53836.jpg",0.674,"EZENTIUS COMP REC 20MG X20 MEG"
38302,"KEYDOL 600 mg - 4 mg X 10 COMPRIMIDOS RECUBIERTOS","https://mav.farmaciasaas.com/api/images/articulos/DISTRIBUCION/54360.jpg",0.736,"KEYDOL COMP REC 600MG/4MG X10 MEG"
38303,"KEYDOL 600 mg - 4 mg X 20 COMPRIMIDOS RECUBIERTOS","https://mav.farmaciasaas.com/api/images/articulos/DISTRIBUCION/54361.jpg",0.736,"KEYDOL COMP REC 600MG/4MG X20 MEG"
38325,"LESTECOL 20 mg X 30 TABLETAS RECUBIERTAS","https://mav.farmaciasaas.com/api/images/articulos/DISTRIBUCION/91318.jpg",0.686,"LESTECOL TAB REC 20MG X30 BIOTECH"
37524,"ATORVASTATINA 40 mg X 14 TABLETAS RECUBIERTAS","https://mav.farmaciasaas.com/api/images/articulos/DISTRIBUCION/91726.jpg",0.875,"ATORVASTATINA TAB REC 40MG X14 PHARME"
37792,"CLONAZEPAM 0,5 mg X 30 TABLETAS","https://mav.farmaciasaas.com/api/images/articulos/DISTRIBUCION/98445.jpg",0.892,"CLONAZEPAM TAB 0.5 MG X 30"
37467,"ANSILAN 0,5 mg X 30 COMPRIMIDOS RECUBIERTOS","https://mav.farmaciasaas.com/api/images/articulos/DISTRIBUCION/1297.jpg",0.708,"ANSILAN COMP 0,5MG X30 MEG"
37468,"ANSILAN 1 mg X 30 COMPRIMIDOS RECUBIERTOS","https://mav.farmaciasaas.com/api/images/articulos/DISTRIBUCION/1298.jpg",0.754,"ANSILAN COMP 1MG X30 MEG"
37364,"VALPRON 500 mg X 30 TABLETAS","https://mav.farmaciasaas.com/api/images/articulos/DISTRIBUCION/5235.jpg",0.841,"VALPRON TAB 500MG X30 FAR"
39552,"NEUROALFA X 1 AMPOLLAS","https://mav.farmaciasaas.com/api/images/articulos/DISTRIBUCION/7986.jpg",0.606,"VIT B12 AMP 2ML X1 PLN"
37631,"BUMETIN RETARD 300 mg X 20 TABLETAS DE LIBERACION PROLONGADA","https://mav.farmaciasaas.com/api/images/articulos/DISTRIBUCION/8304.jpg",0.744,"BUMETIN RETARD TAB 300MG X20 PHARME"
37405,"ALPRAZOLAM 1 mg X 30 TABLETAS","https://mav.farmaciasaas.com/api/images/articulos/DISTRIBUCION/10377.jpg",0.942,"ALPRAZOLAM TAB 1MG X30 CLX"
37469,"ANSILAN 2 mg X 30 COMPRIMIDOS RECUBIERTOS","https://mav.farmaciasaas.com/api/images/articulos/DISTRIBUCION/16881.jpg",0.754,"ANSILAN COMP 2MG X30 MEG"
38015,"ESCITALOPRAM 10 mg X 56 COMPRIMIDOS RECUBIERTOS","https://mav.farmaciasaas.com/api/images/articulos/DISTRIBUCION/22243.jpg",0.875,"ESCITALOPRAM COMP 10MG X56 DORO"
38348,"LEVOSULPIRIDE 25 mg X 30 TABLETAS","https://mav.farmaciasaas.com/api/images/articulos/DISTRIBUCION/23223.jpg",0.829,"LEVOSULPIRIDE TAB 25MG X30 PHARME"
38016,"ESCITALOPRAM 10 mg X 14 COMPRIMIDOS RECUBIERTOS","https://mav.farmaciasaas.com/api/images/articulos/DISTRIBUCION/23490.jpg",0.875,"ESCITALOPRAM TAB 10MG X14 CR LATT"
38894,"TRIMEBUTINA MALEATO 200 mg X 30 TABLETAS","https://mav.farmaciasaas.com/api/images/articulos/DISTRIBUCION/26921.jpg",0.853,"TRIMEBUTINA TAB 200MG X30 PHARME"
38752,"ROSUVASTATINA 10 mg X 30 TABLETAS RECUBIERTAS","https://mav.farmaciasaas.com/api/images/articulos/DISTRIBUCION/29584.jpg",0.875,"ROSUVASTATINA TAB/REC 10MG X 30 LA SANT"
38814,"SULPIR 25mg X 30 COMPRIMIDOS","https://mav.farmaciasaas.com/api/images/articulos/DISTRIBUCION/52407.jpg",0.962,"SULPIR COMP 25MG X30 ZUO"
38892,"TRIMBUTOP 200 MG X 10 COMPRIMIDOS","https://mav.farmaciasaas.com/api/images/articulos/DISTRIBUCION/54049.jpg",0.794,"TRIMBUTOP COMP 200MG X10 DISK"
38301,"KEYDOL 400 mg - 4 mg X 20 COMPRIMIDOS RECUBIERTOS","https://mav.farmaciasaas.com/api/images/articulos/DISTRIBUCION/54358.jpg",0.736,"KEYDOL COMP REC 400MG/4MG X20 MEG"
38300,"KEYDOL 400 mg - 4 mg X 10 COMPRIMIDOS RECUBIERTOS","https://mav.farmaciasaas.com/api/images/articulos/DISTRIBUCION/54359.jpg",0.736,"KEYDOL COMP REC 400MG/4MG X10 MEG"
38722,"REGULIP 20 mg X 30 TABLETAS","https://mav.farmaciasaas.com/api/images/articulos/DISTRIBUCION/95311.jpg",0.706,"REGULIP TAB 20MG X30 FAR"
38197,"HIDROTEN 12,5 mg X 30 TABLETAS","https://mav.farmaciasaas.com/api/images/articulos/DISTRIBUCION/96218.jpg",0.660,"HIDROTEN TAB 12,5MG X30 FAR"
37406,"ALPRAZOLAM 2 mg X 30 TABLETAS","https://mav.farmaciasaas.com/api/images/articulos/DISTRIBUCION/97351.jpg",0.940,"ALPRAZOLAM TAB 2MG X30"
38819,"SURIDE 25 mg X 30 COMPRIMIDOS RECUBIERTOS","https://mav.farmaciasaas.com/api/images/articulos/DISTRIBUCION/98364.jpg",0.748,"SURIDE COM 25MG X30 BIOTECH"
38151,"GARDENAL 100 mg X 30 COMPRIMIDOS","https://mav.farmaciasaas.com/api/images/articulos/DISTRIBUCION/1477.jpg",0.751,"GARDENAL TAB 100MG X30 CLX"
38186,"HELAL 200 mg X 2 COMPRIMIDOS","https://mav.farmaciasaas.com/api/images/articulos/DISTRIBUCION/6546.jpg",0.742,"HELAL COMP 200MG X2 MEG"
39535,"LAMICTAL 100 mg X 30 TABLETAS DISPERSABLES-MASTICABLES","https://mav.farmaciasaas.com/api/images/articulos/DISTRIBUCION/11117.jpg",0.721,"LAMICTAL TAB MAST 100 MG X30 FARMA"
39536,"LAMICTAL 50 mg X 30 TABLETAS DISPERSABLES - MASTICABLES","https://mav.farmaciasaas.com/api/images/articulos/DISTRIBUCION/11118.jpg",0.732,"LAMICTAL TAB/MAST 50MG X 30"
39165,"CRISOMET 50 mg - 850 mg X 10 TABLETAS RECUBIERTAS","https://mav.farmaciasaas.com/api/images/articulos/DISTRIBUCION/17016.jpg",0.737,"CRISOMET TAB REC 50MG/850MG X10 FAR"
38571,"NONAFOL 5 mg X 20 TABLETAS","https://mav.farmaciasaas.com/api/images/articulos/DISTRIBUCION/21982.jpg",0.712,"NONAFOL TAB 5MG X20 MEY"
38311,"LAMOTRIGINA 100 mg X 30 TABLETAS RECUBIERTAS","https://mav.farmaciasaas.com/api/images/articulos/DISTRIBUCION/23029.jpg",0.892,"LAMOTRIGINA TAB 100MG X30 CR LATT"
38750,"ROSUVASTATINA 20 mg X 10 TABLETAS RECUBIERTAS","https://mav.farmaciasaas.com/api/images/articulos/DISTRIBUCION/24316.jpg",0.875,"ROSUVASTATINA TAB REC 20MG X10 PHARME"
37552,"BACTRON FORTE 160 mg - 800 mg X 10 TABLETAS","https://mav.farmaciasaas.com/api/images/articulos/DISTRIBUCION/9770.jpg",0.733,"BACTRON FORTE TAB 160/800MG X10 RNV"
37680,"CARBAMAZEPINA 400 mg X 30 TABLETAS","https://mav.farmaciasaas.com/api/images/articulos/DISTRIBUCION/28515.jpg",0.759,"CARBAMAZEPINA TAB 400MG X 30 ANGELUS"
38277,"KEPPRA 500 mg X 30 TABLETAS RECUBIERTAS","https://mav.farmaciasaas.com/api/images/articulos/DISTRIBUCION/28897.jpg",0.713,"KEPPRA TAB 500MG X 30"
38276,"KEPPRA 1000 mg X 30 TABLETAS RECUBIERTAS","https://mav.farmaciasaas.com/api/images/articulos/DISTRIBUCION/28898.jpg",0.725,"KEPPRA TAB 1000MG X 30"
38141,"FUROSEMIDA 20 mg X 24 TABLETAS","https://mav.farmaciasaas.com/api/images/articulos/DISTRIBUCION/54373.jpg",0.913,"FUROSEMIDA TAB 20MG X24 SIEG"
38313,"LAMPRAL 4 mg / 2 mL X 2 AMPOLLAS","https://mav.farmaciasaas.com/api/images/articulos/DISTRIBUCION/54482.jpg",0.672,"LAMPRAL SOL/INY 4MG/2ML X2 AMP BIOTECH"
37750,"CIPROFLOX 500 mg X 12 TABLETAS RECUBIERTAS","https://mav.farmaciasaas.com/api/images/articulos/DISTRIBUCION/91927.jpg",0.905,"CIPROFLOX TAB 500MG X12 ELM"
37914,"DIAFORMINA 1000 mg X 30 COMPRIMIDOS RECUBIERTOS","https://mav.farmaciasaas.com/api/images/articulos/DISTRIBUCION/95456.jpg",0.921,"DIAFORMINA COMP REC 1000MG X30 MEG"
37793,"CLONAZEPAM 2 mg X 30 TABLETAS","https://mav.farmaciasaas.com/api/images/articulos/DISTRIBUCION/98444.jpg",0.940,"CLONAZEPAM TAB 2MG X30"
37354,"ACIDO FOLICO 10 mg X 20 COMPRIMIDOS","https://mav.farmaciasaas.com/api/images/articulos/DISTRIBUCION/24.jpg",0.942,"ACIDO FOLICO COMP 10MG X20 MEG"
38734,"RINOLAST 120 mg X 10 TABLETAS RECUBIERTAS","https://mav.farmaciasaas.com/api/images/articulos/DISTRIBUCION/6448.jpg",0.706,"RINOLAST TAB 120MG X10 FAR"
38423,"MAILEN 5 mg X 10 COMPRIMIDOS RECUBIERTOS","https://mav.farmaciasaas.com/api/images/articulos/DISTRIBUCION/7557.jpg",0.700,"MAILEN COMP 5MG X10 MEG"
38425,"MAILEN 2,5 mg / 5 mL JARABE","https://mav.farmaciasaas.com/api/images/articulos/DISTRIBUCION/7559.jpg",0.612,"MAILEN JBE 2,5MG/5ML 50ML MEG"
37833,"COLVAL 4 mg X 12 COMPRIMIDOS","https://mav.farmaciasaas.com/api/images/articulos/DISTRIBUCION/8062.jpg",0.727,"COLVAL COMP 4MG X12 VLM"
38310,"LAMICTAL 25 mg X 30 TABLETAS DISPERSABLES-MASTICABLES","https://mav.farmaciasaas.com/api/images/articulos/DISTRIBUCION/11119.jpg",0.704,"LAMICTAL COMP 25MG X30 FAR"
37296,"ACIDO FOLICO 5 mg X 10 COMPRIMIDOS","https://mav.farmaciasaas.com/api/images/articulos/DISTRIBUCION/20331.jpg",0.923,"ACIDO FOLICO TAB 5MG X10 MEY"
38330,"LEVETIRACETAM 1000 mg X 10 COMPRIMIDOS RECUBIERTOS","https://mav.farmaciasaas.com/api/images/articulos/22410.jpg",0.940,"LEVETIRACETAM TAB 1000MG X10 MED/SUP"
37304,"ACIDO VALPROICO 250 mg / 5 mL JARABE","https://mav.farmaciasaas.com/api/images/articulos/DISTRIBUCION/22412.jpg",0.683,"AC VALPROICO JBE 250MG/5ML 180ML MED/SUP"
39300,"METFORMINA CLORHIDRATO 500 mg X 30 TABLETAS","https://mav.farmaciasaas.com/api/images/articulos/DISTRIBUCION/27232.jpg",0.783,"METFORMINA CLORH TAB 500MG X30 BIOTECH"
38352,"LIBERDUX 5 mg X 10 TABLETAS RECUBIERTAS","https://mav.farmaciasaas.com/api/images/articulos/DISTRIBUCION/28647.jpg",0.636,"LIBERDUX TAB 5MG X 10 MEYER"
39442,"BIRGIT PLUS 50 mg - 850 mg X 30 COMPRIMIDOS RECUBIERTOS","https://mav.farmaciasaas.com/api/images/articulos/DISTRIBUCION/52040.jpg",0.734,"BIRGIT PLUS COMP REC 50MG/850MG X30 MEG"
38009,"EPITRAL 25 MG X 30 TABLETAS","https://mav.farmaciasaas.com/api/images/articulos/DISTRIBUCION/52494.jpg",0.693,"EPITRAL TAB 25MG X30 VLM"
38464,"METFORMINA CLORHIDRATO 1000 mg X 30 TABLETAS RECUBIERTAS","https://mav.farmaciasaas.com/api/images/articulos/DISTRIBUCION/52951.jpg",0.757,"METFORMINA TAB LP 1000MG X30 CR LATT"
38802,"METFORMINA CLORHIDRATO - SITAGLIPTINA 850 mg - 50 mg X 28 TABLETAS RECUBIERTAS","https://mav.farmaciasaas.com/api/images/articulos/DISTRIBUCION/53244.jpg",0.842,"SITAGLIPTINA/METFOR TAB 50/850MG X28 ADN"
37727,"CETIRIZINA CLORHIDRATO 10 mg X 10 TABLETAS RECUBIERTAS","https://mav.farmaciasaas.com/api/images/articulos/DISTRIBUCION/53255.jpg",0.688,"CETIRIZINA ALERBLOC TAB 10MG X10 ADN"
39139,"CIPROFLOXACINA 500 mg COMPRIMIDOS RECUBIERTOS","https://mav.farmaciasaas.com/api/images/articulos/DISTRIBUCION/53267.jpg",0.888,"CIPROFLOXACINA COMP REC 500MG X14 VARG"
38175,"GLUCOVAL 25 mg X 30 TABLETAS RECUBIERTAS","https://mav.farmaciasaas.com/api/images/articulos/DISTRIBUCION/53624.jpg",0.702,"GLUCOVAL TAB REC 25MG X30 VLM"
38516,"MOXIFLOXACINA 400 mg X 7 TABLETAS RECUBIERTAS","https://mav.farmaciasaas.com/api/images/articulos/DISTRIBUCION/90066.jpg",0.872,"MOXIFLOXACINA TAB REC 400MG X7 PHARME"
38424,"MAILEN 5 mg X 30 COMPRIMIDOS RECUBIERTOS","https://mav.farmaciasaas.com/api/images/articulos/DISTRIBUCION/95984.jpg",0.700,"MAILEN COMP 5MG X30 MEG"
37372,"AFOKLIN 5 mg X 20 COMPRIMIDOS","https://mav.farmaciasaas.com/api/images/articulos/DISTRIBUCION/778.jpg",0.788,"AFOKLIN COMP 5MG X20 MEG"
37373,"AFOKLIN 10 mg / mL SOLUCION ORAL","https://mav.farmaciasaas.com/api/images/articulos/DISTRIBUCION/779.jpg",0.696,"AFOKLIN GTS 10MG 15ML MEG"
39018,"ACIDO FOLICO 10 mg X 20 TABLETAS","https://mav.farmaciasaas.com/api/images/articulos/DISTRIBUCION/4100.jpg",0.900,"ACIDO FOLICO COMP 10MG 20G VARG"
37553,"BACTRIZOL 5 mg / mL SOLUCION INYECTABLE PARA INFUSION INTRAVENOSA","https://mav.farmaciasaas.com/api/images/articulos/DISTRIBUCION/7496.jpg",0.650,"BACTRIZOL SOL INY 5MG/ML 100ML BHR"
38177,"GLYMAR 4 mg X 20 TABLETAS","https://mav.farmaciasaas.com/api/images/articulos/DISTRIBUCION/9456.jpg",0.771,"GLYMAR TAB 4MG X20 MEY"
37852,"CRISOMET 50 mg - 500 mg X 10 TABLETAS RECUBIERTAS","https://mav.farmaciasaas.com/api/images/articulos/DISTRIBUCION/16905.jpg",0.737,"CRISOMET TAB REC 50MG/500MG X10 FAR"
38040,"ESOZ 20 mg X 7 TABLETAS RECUBIERTAS","https://mav.farmaciasaas.com/api/images/articulos/DISTRIBUCION/18359.jpg",0.704,"ESOZ CAP 20MG X7 MMF"
37853,"CRISOMET 50 mg - 500 mg X 30 TABLETAS RECUBIERTAS","https://mav.farmaciasaas.com/api/images/articulos/DISTRIBUCION/19232.jpg",0.737,"CRISOMET TAB REC 50MG/500MG X30 FAR"
38572,"NONAFOL 5 mg X 30 TABLETAS","https://mav.farmaciasaas.com/api/images/articulos/DISTRIBUCION/21983.jpg",0.712,"NONAFOL TAB 5MG X30 MEY"
38164,"GLIFORMIN 1000 mg X 30 TABLETAS RECUBIERTAS","https://mav.farmaciasaas.com/api/images/articulos/DISTRIBUCION/22351.jpg",0.796,"GLIFORMIN TAB 1000MG X30 MEY"
38545,"NEULEVAL 500 mg X 10 TABLETAS RECUBIERTAS","https://mav.farmaciasaas.com/api/images/articulos/DISTRIBUCION/22859.jpg",0.905,"NEULEVAL TAB REC 500MG X10 VLM"
37897,"DESONIDA 0,1% CREMA ","https://mav.farmaciasaas.com/api/images/articulos/DISTRIBUCION/23011.jpg",0.602,"DESONIDA CREM 0,1% 15G MEY"
38570,"NONAFOL 5 mg X 10 TABLETAS","https://mav.farmaciasaas.com/api/images/articulos/DISTRIBUCION/23099.jpg",0.712,"NONAFOL TAB 5MG X10 MEY"
38037,"ESOMEPRAZOL 20 mg X 14 TABLETAS RECUBIERTAS","https://mav.farmaciasaas.com/api/images/articulos/DISTRIBUCION/24141.jpg",0.875,"ESOMEPRAZOL TAB REC 20MG X14 PHARME"
38339,"LEVOFLOXACINA 500 mg X 7 TABLETAS RECUBIERTAS","https://mav.farmaciasaas.com/api/images/articulos/DISTRIBUCION/24405.jpg",0.872,"LEVOFLOXACINA TAB REC 500MG X7 PHARME"
38517,"MOXIFLOXACINA 400 mg X 10 COMPRIMIDOS RECUBIERTOS","https://mav.farmaciasaas.com/api/images/articulos/DISTRIBUCION/25226.jpg",0.872,"MOXIFLOXACINA TAB 400MG X10 CR BEL"
38943,"VECTUS 5 mg X 20 TABLETAS RECUBIERTAS","https://mav.farmaciasaas.com/api/images/articulos/DISTRIBUCION/30212.jpg",0.660,"VECTUS TAB/REC 5MG X 20"
38201,"HISTALER 5 mg X 10 TABLETAS RECUBIERTAS","https://mav.farmaciasaas.com/api/images/articulos/DISTRIBUCION/30267.jpg",0.725,"HISTALER TAB/REC 5MG X 10"
37761,"CIPROFLOXACINO 500 mg X 10 TABLETAS RECUBIERTAS","https://mav.farmaciasaas.com/api/images/articulos/DISTRIBUCION/50785.jpg",0.892,"CIPROFLOXACINO TAB REC 500MG X10 BLUE"
38566,"NITROFURAZONA 0,2 % CREMA","https://mav.farmaciasaas.com/api/images/articulos/DISTRIBUCION/52434.jpg",0.696,"NITROFURAZONA UNG 0,2MG 30G HM"
38612,"JUVILOC 20 mg X 20 TABLETAS GASTRORRESISTENTE","https://mav.farmaciasaas.com/api/images/articulos/DISTRIBUCION/53250.jpg",0.682,"OMEPRAZOL JUVILOC TAB 20MG X20 ADN"
37301,"ACIDO FOLICO 5 mg X 10 TABLETAS","https://mav.farmaciasaas.com/api/images/articulos/DISTRIBUCION/53280.jpg",0.892,"AC FOLICO TAB 5MG X10 BIOQ"
37762,"CIPROFLOXACINO 500 mg X 14 TABLETAS RECUBIERTAS","https://mav.farmaciasaas.com/api/images/articulos/DISTRIBUCION/54467.jpg",0.905,"CIPROFLOXACINO TAB 500MG X14 VLM"
37355,"ACIDO FOLICO 10 mg X 30 COMPRIMIDOS","https://mav.farmaciasaas.com/api/images/articulos/DISTRIBUCION/90738.jpg",0.942,"ACIDO FOLICO COMP 10MG X30 MEG"
37295,"ACIDO FOLICO 5 mg X 30 COMPRIMIDOS","https://mav.farmaciasaas.com/api/images/articulos/DISTRIBUCION/92955.jpg",0.962,"ACIDO FOLICO COMP 5MG X30 MEG"
38038,"ESOZ 20 mg X 14 TABLETAS RECUBIERTAS","https://mav.farmaciasaas.com/api/images/articulos/DISTRIBUCION/98439/98439.jpg",0.704,"ESOZ CAP 20MG X14 PHARME"
37453,"AMOXIVAL 875 mg X 20 TABLETAS RECUBIERTAS","https://mav.farmaciasaas.com/api/images/articulos/DISTRIBUCION/98747.jpg",0.808,"AMOXIVAL TAB REC 875MG X20 VLM"
37732,"CETRAL 10 mg / mL SOLUCION ORAL","https://mav.farmaciasaas.com/api/images/articulos/DISTRIBUCION/645.jpg",0.643,"CETRAL SOL GTS 10MG 10ML MEY"
37730,"CETIRIZINA 5 mg/ 5ml   Solucion Oral    ","https://mav.farmaciasaas.com/api/images/articulos/DISTRIBUCION/2328.jpg",0.875,"CETIRIZINA SOL ORAL 5MG/5ML 60ML PHARME"
38693,"PREDNISONA 5 mg X 10 TABLETAS","https://mav.farmaciasaas.com/api/images/articulos/DISTRIBUCION/3927.jpg",0.942,"PREDNISONA TAB 5MG X10 VLM"
38607,"OMEPRAZOL 20 mg X 8 CAPSULAS GASTRORRESISTENTES","https://mav.farmaciasaas.com/api/images/articulos/DISTRIBUCION/10856.jpg",0.875,"OMEPRAZOL CAP 20MG X8 PHARME"
38836,"TALZIC 10 mg / mL SOLUCION ORAL","https://mav.farmaciasaas.com/api/images/articulos/DISTRIBUCION/10891.jpg",0.643,"TALZIC SOL GTS 10MG/ML 20ML ELM"
38902,"ULCON 1 g X 20 TABLETAS","https://mav.farmaciasaas.com/api/images/articulos/DISTRIBUCION/16823.jpg",0.882,"ULCON TAB 1G X20 FAR"
38043,"ESOZ 40 mg X 7 TABLETAS RECUBIERTAS DE LIBERACION RETARDADA","https://mav.farmaciasaas.com/api/images/articulos/DISTRIBUCION/18360.jpg",0.704,"ESOZ CAP 40MG X7 PHARME"
38340,"LEVOFLOXACINO 500 mg X 7 TABLETAS RECUBIERTAS","https://mav.farmaciasaas.com/api/images/articulos/DISTRIBUCION/20100.jpg",0.892,"LEVOFLOXACINO TAB 500MG X7 CR CCM"
38097,"FITEX 5 mg X 10 TABLETAS","https://mav.farmaciasaas.com/api/images/articulos/DISTRIBUCION/20284.jpg",0.700,"FITEX TAB REC 5MG X10 FAR"
39364,"SILDENAFIL 50 mg X 4 TABLETAS RECUBIERTAS","https://mav.farmaciasaas.com/api/images/articulos/DISTRIBUCION/20786.jpg",0.875,"SILDENAFIL TAB REC 50MG X4 MEY"
38387,"LORATADINA 10 mg X 10 TABLETAS","https://mav.farmaciasaas.com/api/images/articulos/DISTRIBUCION/24536.jpg",0.913,"LORATADINA TAB 10MG X10 BIOQ"
38060,"EXOM 20 MG X 14 CAPSULAS CON MICROGRANULOS GASTRORRESISTENTES","https://mav.farmaciasaas.com/api/images/articulos/DISTRIBUCION/24978.jpg",0.679,"EXOM CAP 20MG X14 DISK"
37892,"DESLORATADINA 2.5mg/5ml X 10 JARABE","https://mav.farmaciasaas.com/api/images/articulos/DISTRIBUCION/27626.jpg",0.768,"DESLORATADINA SOL PED 2,5MG/5ML 60ML MEY"
39568,"PROFLOX 1g / 5 ml suspensión oral ","https://mav.farmaciasaas.com/api/images/articulos/DISTRIBUCION/27740.jpg",0.700,"PROFLOX SUSP PED1G/5ML MENTA 200ML ANG/H"
37885,"DERMOVATE 0,05 % CREMA","https://mav.farmaciasaas.com/api/images/articulos/DISTRIBUCION/28893.jpg",0.687,"DERMOVATE CREM 0,05% X 30G"
39006,"ZYRTEC 10 mg X 20 COMPRIMIDOS RECUBIERTOS","https://mav.farmaciasaas.com/api/images/articulos/DISTRIBUCION/28894.jpg",0.658,"ZYRTEC TAB 10MG X 20"
38743,"RITROMI 500 mg X 10 TABLETAS RECUBIERTAS","https://mav.farmaciasaas.com/api/images/articulos/DISTRIBUCION/29497.jpg",0.928,"RITROMI TAB/REC 500MG X 10"
38944,"VECTUS 5 mg X 30 TABLETAS RECUBIERTAS","https://mav.farmaciasaas.com/api/images/articulos/DISTRIBUCION/30213.jpg",0.660,"VECTUS TAB/REC 5MG X 30"
38903,"ULCRAF 1 g / 5 mL SUSPENSIÓN ORAL","https://mav.farmaciasaas.com/api/images/articulos/DISTRIBUCION/50165.jpg",0.768,"ULCRAF SUSP ORAL 1G/5ML S/NARANJA X200ML"
39589,"TALYSTOR 20 mg X 1 TABLETAS MASTICABLES","https://mav.farmaciasaas.com/api/images/articulos/DISTRIBUCION/50928.jpg",0.687,"TALYSTOR TAB MAST 20MG X1 PHARME"
39094,"BETADERM 0,05 % CREMA","https://mav.farmaciasaas.com/api/images/articulos/DISTRIBUCION/52431.jpg",0.638,"BETAMETASONA CREM 0,05% 20G HM"
37905,"DEXAMETASONA 0,5 mg X 30 TABLETAS","https://mav.farmaciasaas.com/api/images/articulos/DISTRIBUCION/54029.jpg",0.896,"DEXAMETASONA TAB 0,5MG X30 VARG"
38039,"ESOZ 20 mg X 28 TABLETAS RECUBIERTAS","https://mav.farmaciasaas.com/api/images/articulos/DISTRIBUCION/98438/98438.jpg",0.704,"ESOZ CAP 20MG X28 PHARME"
37870,"DEFLARIN 6 mg X 10 COMPRIMIDOS","https://mav.farmaciasaas.com/api/images/articulos/DISTRIBUCION/21048.jpg",0.757,"DEFLARIN COMP 6MG X10 CCM"
38998,"ZONIUM 20 mg X 14 CAPSULAS CON MICROGRANULOS ENTERICOS","https://mav.farmaciasaas.com/api/images/articulos/DISTRIBUCION/22055.jpg",0.704,"ZONIUM CAP 20MG X14 BIOTECH"
38691,"PREDNISONA 5 mg X 100 TABLETAS","https://mav.farmaciasaas.com/api/images/articulos/DISTRIBUCION/22275.jpg",0.904,"PREDNISONA TAB 5MG X100 CR DIST"
37904,"DEXAMETASONA 8 mg / 2 mL X 10 AMPOLLAS","https://mav.farmaciasaas.com/api/images/articulos/DISTRIBUCION/23875.jpg",0.885,"DEXAMETASONA SOL INY 8MG/2ML X10 BLUE/M"
38466,"METILPREDNISOLONA 125 mg X 1 AMPOLLAS","https://mav.farmaciasaas.com/api/images/articulos/DISTRIBUCION/27445.jpg",0.746,"METILPREDNISOLONA SOD AMP 125MG X1 ADN"
37419,"AMIKACINA 500 mg/2mL X 1 AMPOLLAS","https://mav.farmaciasaas.com/api/images/articulos/DISTRIBUCION/27450.jpg",0.915,"AMIKACINA AMP 500MG/2ML X1 ADN"
38154,"GENTAMICINA 160mg / 2mL X 10 AMPOLLAS","https://mav.farmaciasaas.com/api/images/articulos/DISTRIBUCION/30124.jpg",0.962,"GENTAMICINA AMP 160MG/2ML X 10 BLUE/M"
38317,"LENTOCILIN 6.3.3 X 1 AMPOLLAS","https://mav.farmaciasaas.com/api/images/articulos/DISTRIBUCION/51060.jpg",0.941,"LENTOCILIN AMP 6.3.3 X1 DORO"
37710,"CEFALOTINA 1 g X 10 AMPOLLAS","https://mav.farmaciasaas.com/api/images/articulos/DISTRIBUCION/51987.jpg",0.829,"CEFALOTINA PVO SOL INY 1G X10 CR DIST"
37711,"CEFAZOLINA 1g X 10 AMPOLLAS","https://mav.farmaciasaas.com/api/images/articulos/DISTRIBUCION/51988.jpg",0.739,"CEFAZOLINA SOD PVO SOL INY 1G X10 DIST"
38818,"SUPRAMYCINA 100 mg X 10 TABLETAS","https://mav.farmaciasaas.com/api/images/articulos/DISTRIBUCION/52475.jpg",0.697,"SUPRAMYCINA TAB 100MG X10 CR CCM"
37556,"BEHKACIN 500 mg / 2 mL X 1 AMPOLLAS","https://mav.farmaciasaas.com/api/images/articulos/DISTRIBUCION/52498.jpg",0.757,"BEHKACIN SOL INY 500MG/2ML X1 BHR."
37541,"AZIMAKROL 1 g X 5 COMPRIMIDOS RECUBIERTOS","https://mav.farmaciasaas.com/api/images/articulos/DISTRIBUCION/54042.jpg",0.806,"AZIMAKROL COMP REC 500 X5 MEG"
38686,"PREDNISOLONA 5 mg X 10 TABLETAS","https://mav.farmaciasaas.com/api/images/articulos/DISTRIBUCION/54512.jpg",0.904,"PREDNISOLONA TAB 5MG X10 BLUE/M"
37540,"AZIMAKROL 1 g X 2 COMPRIMIDOS RECUBIERTOS","https://mav.farmaciasaas.com/api/images/articulos/DISTRIBUCION/91098.jpg",0.734,"AZIMAKROL COMP 1G X2 MEG"
37872,"DEFLAZACORT 30 mg X 30 TABLETAS","https://mav.farmaciasaas.com/api/images/articulos/DISTRIBUCION/91498.jpg",0.913,"DEFLAZACORT TAB 30MG X30 CLX"
37532,"AUGMENTIN BID 875 mg - 125 mg TABLETAS RECUBIERTAS","https://mav.farmaciasaas.com/api/images/articulos/DISTRIBUCION/92934.jpg",0.700,"AUGMENTIN TAB 875MG/125MG X 14 GSK"
37446,"AMOXICILINA 125 mg / 5 mL SUSPENSION","https://mav.farmaciasaas.com/api/images/articulos/DISTRIBUCION/26127.jpg",0.800,"AMOXICILINA SUSP 125MG/5ML BIU"
37722,"CELECOXIB 200 mg X 10 CAPSULAS","https://mav.farmaciasaas.com/api/images/articulos/DISTRIBUCION/26739.jpg",0.892,"CELECOXIB CAP 200MG X10 VIN"
38979,"VOLCOFEN 75 mg / 3 mL X 1 AMPOLLAS","https://mav.farmaciasaas.com/api/images/articulos/DISTRIBUCION/28883.jpg",0.861,"VOLCOFEN AMP 75MG/3ML X 1"
37906,"DEXKETOPROFENO 25 mg / 10 mL X 20 SOLUCION ORAL","https://mav.farmaciasaas.com/api/images/articulos/DISTRIBUCION/52496.jpg",0.766,"DEXKETOPROFENO SOB 25MG/10ML X20 CLX"
37647,"CAMPAL 1 % GEL","https://mav.farmaciasaas.com/api/images/articulos/DISTRIBUCION/53178.jpg",0.650,"CAMPAL GEL 1,16 % 25G SIEG"
38582,"OFAFLAN 50 mg X 10 COMPRIMIDOS CON CUBIERTA ENTERICA","https://mav.farmaciasaas.com/api/images/articulos/DISTRIBUCION/95750.jpg",0.655,"OFAFLAN COMP 50MG X10 OFA"
38766,"SAVER 500 mg X 5 COMPRIMIDOS RECUBIERTOS","https://mav.farmaciasaas.com/api/images/articulos/DISTRIBUCION/207.jpg",0.684,"SAVER COMP 500MG X5 ELM"
37644,"CALMOX 7,5 mg X 10 TABLETAS","https://mav.farmaciasaas.com/api/images/articulos/DISTRIBUCION/643.jpg",0.648,"CALMOX TAB 7,5MG X10 MEY"
37442,"AMOXICILINA 500 mg X 6 CAPSULAS","https://mav.farmaciasaas.com/api/images/articulos/DISTRIBUCION/5265.jpg",0.892,"AMOXICILINA CAP 500MG X6 PHARME"
37531,"AUGMENTIN 500 mg - 125 mg TABLETAS RECUBIERTAS","https://mav.farmaciasaas.com/api/images/articulos/DISTRIBUCION/9781.jpg",0.700,"AUGMENTIN TAB 500MG/125MG X 10 GSK"
38218,"IBUPROFENO 400 mg X 20 TABLETAS","https://mav.farmaciasaas.com/api/images/articulos/DISTRIBUCION/24334.jpg",0.931,"IBUPROFENO TAB 400MG X20 BIOQ"
38298,"KETOROLACO TROMETAMINA 30 mg / mL X 3 AMPOLLAS","https://mav.farmaciasaas.com/api/images/articulos/DISTRIBUCION/27131.jpg",0.868,"KETOROLACO SOL INY 30MG/ML X3 CR CCM"
38268,"KATRIN 30 mg / mL X 1 AMPOLLAS","https://mav.farmaciasaas.com/api/images/articulos/DISTRIBUCION/50006.jpg",0.829,"KATRIN AMP 30MG/ML X 1"
38891,"TRICOX 60 mg X 14 TABLETAS RECUBIERTAS","https://mav.farmaciasaas.com/api/images/articulos/DISTRIBUCION/50716.jpg",0.798,"TRICOX TAB/REC 60MG X 14"
37928,"DICLOFENACO SODICO 75mg/3ml X 10 AMPOLLAS","https://mav.farmaciasaas.com/api/images/articulos/DISTRIBUCION/53115.jpg",0.796,"DICLOFENACO SOD SOL INY 75MG/3ML X10 CCM"
37659,"CANDESARTAN CILEXETIL 16 mg X 28 TABLETAS","https://mav.farmaciasaas.com/api/images/articulos/DISTRIBUCION/53248.jpg",0.875,"CANDESARTAN COMP REC 16MG X28 ADN"
37929,"DICLOFENACO POTASICO 50 mg X 10 TABLETAS RECUBIERTAS","https://mav.farmaciasaas.com/api/images/articulos/DISTRIBUCION/54424.jpg",0.709,"DICLOFENACO POT TAB REC 50MG X10 BLUE/M"
37429,"AMLODIPINA 10 mg X 20 TABLETAS","https://mav.farmaciasaas.com/api/images/articulos/DISTRIBUCION/92638.jpg",0.783,"AMLODIPINA TAB 10MG X20 KIMIC"
38921,"VALSARTAN 80 mg X 30 CAPSULAS","https://mav.farmaciasaas.com/api/images/articulos/DISTRIBUCION/99610.jpg",0.704,"VALSARTAN CAP 80MG X30 KIMIC"
38584,"OFAFLAN 2 mg / mL SUSPENSION ORAL","https://mav.farmaciasaas.com/api/images/articulos/DISTRIBUCION/99845.jpg",0.869,"OFAFLAN SUSP ORAL 2MG/ML 120ML ELM"
38222,"IBUPROFENO 400 mg X 10 TABLETAS RECUBIERTAS","https://mav.farmaciasaas.com/api/images/articulos/DISTRIBUCION/10070.jpg",0.931,"IBUPROFENO TAB REC 400MG X10 CLX"
38742,"RISTONEL 50 mg X 30 COMPRIMIDOS RECUBIERTOS","https://mav.farmaciasaas.com/api/images/articulos/DISTRIBUCION/53558.jpg",0.674,"RISTONEL COMP 50MG X30 CLX"
37697,"CARVEDILOL 25 mg X 30 COMPRIMIDOS","https://mav.farmaciasaas.com/api/images/articulos/DISTRIBUCION/53573.jpg",0.875,"CARVEDILOL COMP 25MG X30 CCM"
38274,"KELFEN 50 mg X 10 CAPSULAS","https://mav.farmaciasaas.com/api/images/articulos/DISTRIBUCION/1518.jpg",0.767,"KELFEN CAP 50MG X10 MEG"
38576,"NOTOLAC 20 mg X 10 TABLETAS","https://mav.farmaciasaas.com/api/images/articulos/DISTRIBUCION/1531.jpg",0.882,"NOTOLAC TAB 20MG X10 FAR"
38441,"MELOXICAM 7,5 mg X 10 TABLETAS","https://mav.farmaciasaas.com/api/images/articulos/DISTRIBUCION/1986.jpg",0.858,"MELOXICAM TAB 7,5MG X10 PHARME"
38289,"KETOPROFENO 100 mg X 20 CAPSULAS","https://mav.farmaciasaas.com/api/images/articulos/DISTRIBUCION/4040.jpg",0.892,"KETOPROFENO CAP 100MG X20 PHARME"
38669,"PIROXICAM 20 mg X 10 CAPSULAS","https://mav.farmaciasaas.com/api/images/articulos/DISTRIBUCION/10007.jpg",0.875,"PIROXICAM CAP 20MG X10 PHARME"
38314,"LANSOPRAZOL 30 mg X 28 CAPSULAS","https://mav.farmaciasaas.com/api/images/articulos/DISTRIBUCION/10462.jpg",0.913,"LANSOPRAZOL CAP 30MG X28 CLX"
38275,"KELFEN 100 mg X 20 COMPRIMIDOS CON CUBIERTA ENTERICA","https://mav.farmaciasaas.com/api/images/articulos/DISTRIBUCION/11061.jpg",0.784,"KELFEN COMP 100MG X20 MEG"
38416,"LUMBAX 400 mg X 10 TABLETAS","https://mav.farmaciasaas.com/api/images/articulos/DISTRIBUCION/20349.jpg",0.688,"LUMBAX TAB 400MG X10 VARG"
38938,"VASSLUTEN HCT 300 mg - 12,5 mg TABLETAS","https://mav.farmaciasaas.com/api/images/articulos/DISTRIBUCION/24263.jpg",0.794,"IRBESARTAN/HCT COMP 300/12,5MG X28 DORO"
37664,"CANDETIQUE 16 mg X 30 TABLETAS","https://mav.farmaciasaas.com/api/images/articulos/DISTRIBUCION/27011.jpg",0.728,"CANDETIQUE TAB 16MG X30 PHARME"
38552,"NIFEDIPINA 10 mg X 14 CAPSULAS","https://mav.farmaciasaas.com/api/images/articulos/DISTRIBUCION/27546.jpg",0.848,"NIFEDIPINA CAP 10MG X14 PHARME"
37491,"ARESAN 20 mg X 10 TABLETAS RECUBIERTAS","https://mav.farmaciasaas.com/api/images/articulos/DISTRIBUCION/51009.jpg",0.882,"ARESAN TAB REC 20MG X10 BIOT"
38401,"LOSARTAN POTASICO 50 mg X 30 TABLETAS RECUBIERTAS","https://mav.farmaciasaas.com/api/images/articulos/DISTRIBUCION/20271.jpg",0.800,"LOSARTAN POTA TAB REC 50MG X30 VLM"
39079,"ASTRIMOL 5 mg X 30 TABLETAS RECUBIERTAS","https://mav.farmaciasaas.com/api/images/articulos/DISTRIBUCION/53175.jpg",0.781,"ASTRIMOL TAB REC 5MG X30 BIOT"
37430,"AMLODIPINA 10 mg X 30 TABLETAS","https://mav.farmaciasaas.com/api/images/articulos/DISTRIBUCION/53795.jpg",0.783,"AMLODIPINA TAB 10MG X30 KIMIC"
39574,"SACUMIC 50 mg X 30 COMPRIMIDOS RECUBIERTOS","https://mav.farmaciasaas.com/api/images/articulos/DISTRIBUCION/54298.jpg",0.728,"SACUMIC COMP REC 50MG X30 MEG"
38397,"LOSARTAN POTASICO 50 mg X 20 COMPRIMIDOS RECUBIERTOS","https://mav.farmaciasaas.com/api/images/articulos/DISTRIBUCION/92637.jpg",0.693,"LOSARTAN POTA TAB REC 50MG X20 KIMIC"
38254,"IRBESARTAN 150 mg X 10 TABLETAS","https://mav.farmaciasaas.com/api/images/articulos/DISTRIBUCION/94012.jpg",0.917,"IRBESARTAN TAB 150MG X10 PHARME"
37689,"CARVEDIL 12,5 mg X 30 TABLETAS RECUBIERTAS","https://mav.farmaciasaas.com/api/images/articulos/DISTRIBUCION/94090.jpg",0.846,"CARVEDIL TAB 12,5MG X30 BHR"
38928,"VASATEN HCT 80 mg - 12,5 mg X 14 COMPRIMIDOS RECUBIERTOS","https://mav.farmaciasaas.com/api/images/articulos/DISTRIBUCION/95917.jpg",0.793,"VALSARTAN/HCT TAB REC 80/12,5MG X14 VLM"
37673,"CAPTOPRIL 50 mg X 30 TABLETAS","https://mav.farmaciasaas.com/api/images/articulos/DISTRIBUCION/99741.jpg",0.913,"CAPTOPRIL TAB 50MG X30 CLX"
37449,"AMOXIDUO 875 mg X 14 COMPRIMIDOS RECUBIERTOS","https://mav.farmaciasaas.com/api/images/articulos/DISTRIBUCION/1481.jpg",0.745,"AMOXIDUO COMP 875MG X14 MEG"
37760,"CIPROFLOXACINA 500 mg X 6 COMPRIMIDOS RECUBIERTOS","https://mav.farmaciasaas.com/api/images/articulos/DISTRIBUCION/1615.jpg",0.812,"CIPROFLOXACINA TAB 500MG X6 KIMIC"
38455,"Metformina Clorhidrato 850mg X 28 Tabletas Recubiertas","https://mav.farmaciasaas.com/api/images/articulos/DISTRIBUCION/3913.jpg",0.962,"METFORMINA TAB 850MG X28 CLX"
38293,"KETOPROFENO 100 mg X 20 CAPSULAS","https://mav.farmaciasaas.com/api/images/articulos/DISTRIBUCION/8408.jpg",0.931,"KETOPROFENO CAP 100MG X20 LETI"
37598,"BLOCAX 8 mg X 10 TABLETAS","https://mav.farmaciasaas.com/api/images/articulos/DISTRIBUCION/13408.jpg",0.688,"BLOCAX TAB 8MG X 10"
38929,"VALSARTAN - HIDROCLOROTIAZIDA 80 mg - 12,5 mg X 10 TABLETAS RECUBIERTAS","https://mav.farmaciasaas.com/api/images/articulos/DISTRIBUCION/21545.jpg",0.699,"VALSARTAN/AMLO TAB REC 80/5MG X10 PHARME"
38000,"ENALAPRIL MALEATO 10 mg X 20 COMPRIMIDOS RECUBIERTOS","https://mav.farmaciasaas.com/api/images/articulos/DISTRIBUCION/23682.jpg",0.875,"ENALAPRIL COMP 10MG X20 PHARME"
38595,"OLMETIQUE 20 mg X 30 TABLETAS RECUBIERTAS","https://mav.farmaciasaas.com/api/images/articulos/DISTRIBUCION/27013.jpg",0.713,"OLMETIQUE TAB 20MG X30 PHARME"
38923,"VALSARTAN - HIDROCLOROTIAZIDA 80 mg - 12,5 mg X 30 TABLETAS RECUBIERTAS","https://mav.farmaciasaas.com/api/images/articulos/DISTRIBUCION/28723.jpg",0.760,"VALSARTAN/AMLO TAB 80MG/5MG X30 LA SANTE"
37506,"ASTRIMOL 2,5 mg X 30 TABLETAS RECUBIERTAS","https://mav.farmaciasaas.com/api/images/articulos/DISTRIBUCION/53167.jpg",0.735,"ASTRIMOL TAB REC 2,5MG X30 BIOT"
38914,"VALSARTÁN 160mg X 28 COMPRIMIDOS RECUBIERTOS","https://mav.farmaciasaas.com/api/images/articulos/DISTRIBUCION/54193.jpg",1.000,"VALSARTAN COMP REC 160MG X28 VARG"
38619,"ONDANSETRON 2 mg / mL X 1 AMPOLLAS","https://mav.farmaciasaas.com/api/images/articulos/DISTRIBUCION/1111.jpg",0.808,"ONDANSETRON INY 2 MG/ML 4MG X1 MEG"
37425,"AMLODIPINA 10 mg X 10 COMPRIMIDOS","https://mav.farmaciasaas.com/api/images/articulos/DISTRIBUCION/2419.jpg",0.848,"AMLODIPINA TAB 10MG X10 PHARME"
38680,"PRAXONA 150 mg X 24 COMPRIMIDOS","https://mav.farmaciasaas.com/api/images/articulos/DISTRIBUCION/2992.jpg",0.818,"PRAXONA TAB X24 MEG"
38530,"NAFINA 1 % CREMA","https://mav.farmaciasaas.com/api/images/articulos/DISTRIBUCION/4092.jpg",0.688,"NAFINA CREM 1% 15G MEG"
38951,"VIGRASOL 50 mg X 1 COMPRIMIDOS RECUBIERTOS","https://mav.farmaciasaas.com/api/images/articulos/DISTRIBUCION/7331.jpg",0.718,"VIGRASOL COMP 50MG X1 MEG"
37965,"DOL X 10 TABLETAS RECUBIERTAS","https://mav.farmaciasaas.com/api/images/articulos/DISTRIBUCION/8354.jpg",0.733,"DOL TAB X10 CLX"
38787,"SESAREN XR 150 mg X 15 CAPSULAS CON MICROGRANULOS DE LIBERACION PROLONGADA","https://mav.farmaciasaas.com/api/images/articulos/DISTRIBUCION/8574.jpg",0.695,"SESAREN XR CAP 150MG X15 MEG"
39057,"ANTAAR HCT 2,5 mg - 6,25 mg X 30 TABLETAS","https://mav.farmaciasaas.com/api/images/articulos/DISTRIBUCION/19527.jpg",0.697,"ANTAAR TAB 2,5MG/6,25MG X30 CLX"
39128,"CARVEDILOL 12,5 mg X 20 TABLETAS RECUBIERTAS","https://mav.farmaciasaas.com/api/images/articulos/DISTRIBUCION/24657.jpg",0.846,"CARVEDILOL TAB 12,5MG X20 ADN"
38413,"LOWPRES 150 mcg / mL X 5 AMPOLLAS","https://mav.farmaciasaas.com/api/images/articulos/DISTRIBUCION/25380.jpg",0.868,"LOWPRES SOL INY 150MCG/ML X5 BHR"
37485,"ARANDA 2,5 mg - 50 mg X 10 CAPSULAS","https://mav.farmaciasaas.com/api/images/articulos/DISTRIBUCION/27227.jpg",0.733,"ARANDA CAP 2,5MG/50MG X10 FAR"
37662,"CANDESARTAN CILEXETIL 8 mg X 28 TABLETAS","https://mav.farmaciasaas.com/api/images/articulos/DISTRIBUCION/27454.jpg",0.904,"CANDESARTAN COMP REC 8MG X28 ADN"
37434,"AMLODIPINA - VALSARTAN 5 mg - 160 mg X 30 COMPRIMIDOS RECUBIERTOS","https://mav.farmaciasaas.com/api/images/articulos/DISTRIBUCION/27732.jpg",0.825,"AMLODIPINA/VALSART TAB 5/160MG X30 ANG/H"
38927,"VASATEN HCT 80 mg - 12,5 mg X 10 COMPRIMIDOS RECUBIERTOS","https://mav.farmaciasaas.com/api/images/articulos/DISTRIBUCION/50173.jpg",0.816,"VALSARTAN HCT TAB/REC 80/12.5MG X10 VARG"
38257,"IRBESARTAN 300 mg X 10 TABLETAS","https://mav.farmaciasaas.com/api/images/articulos/DISTRIBUCION/50766.jpg",0.892,"IRBESARTAN TAB 300MG X10 PHARME"
37652,"CANDER 32 mg X 15 TABLETAS","https://mav.farmaciasaas.com/api/images/articulos/DISTRIBUCION/51481.jpg",0.791,"CANDER TAB 32MG X15 VLM"
37593,"BISOPROLOL FUMARATO 10 mg X 30 TABLETAS RECUBIERTAS","https://mav.farmaciasaas.com/api/images/articulos/DISTRIBUCION/53140.jpg",0.913,"BISOPROLOL TAB 10MG X30 CLX"
38590,"OLMESARTAN MEDOXOMILO 20 mg X 10 TABLETAS RECUBIERTAS","https://mav.farmaciasaas.com/api/images/articulos/DISTRIBUCION/18568.jpg",0.835,"OLMESARTAN MEDO TAB 20MG X10 PHARME"
37424,"AMLODIPINA 10 mg X 60 COMPRIMIDOS","https://mav.farmaciasaas.com/api/images/articulos/DISTRIBUCION/20112.jpg",0.848,"AMLODIPINA COMP 10MG X60 DORO"
37409,"ALSART 80 mg X 10 CAPSULAS","https://mav.farmaciasaas.com/api/images/articulos/DISTRIBUCION/20332.jpg",0.875,"ALSART CAP 80MG X10 MEY"
38253,"IRBESARTAN 150 mg X 28 TABLETAS","https://mav.farmaciasaas.com/api/images/articulos/DISTRIBUCION/24260.jpg",0.892,"IRBESARTAN COMP REC 150MG X28 DORO"
38193,"LOSARTAN POTASICO - HIDROCLOROTIAZIDA 50 mg -12,5 mg X 30 TABLETAS RECUBIERTAS","https://mav.farmaciasaas.com/api/images/articulos/DISTRIBUCION/25140.jpg",0.902,"LOSARTAN/HTC COMP REC 50/12,5MGX60BLUE/M"
38541,"NEFROTAL H 100 mg - 25 mg X 10 COMPRIMIDOS RECUBIERTOS","https://mav.farmaciasaas.com/api/images/articulos/DISTRIBUCION/25321.jpg",0.763,"NEFROTAL H COMP 100/25MG X10 MEG"
37855,"CURPINOL 6,25 mg X 10 COMPRIMIDOS","https://mav.farmaciasaas.com/api/images/articulos/DISTRIBUCION/26063.jpg",0.750,"CURPINOL COMP 6,25MG X10 MEG"
37847,"COROPRES HCT 16 mg - 12,5 mg X 10 COMPRIMIDOS","https://mav.farmaciasaas.com/api/images/articulos/DISTRIBUCION/28208.jpg",0.746,"COROPRES H COMP 16MG/12,5MG X10 MEG"
37663,"CANDESARTAN 8 mg X 30 TABLETAS","https://mav.farmaciasaas.com/api/images/articulos/DISTRIBUCION/28516.jpg",0.840,"CANDESARTAN TAB 8MG X 30 ANGELUS"
38359,"LIPEND 10 mg X 30 COMPRIMIDOS RECUBIERTOS","https://mav.farmaciasaas.com/api/images/articulos/DISTRIBUCION/52071.jpg",0.689,"LIPEND COMP 10MG X30 FC"
38859,"TIALIN 50 mg X 30 COMPRIMIDOS","https://mav.farmaciasaas.com/api/images/articulos/DISTRIBUCION/1374.jpg",0.882,"TIALIN COMP 50MG X30 MEG"
37431,"AMLODIPINA 5 mg X 10 TABLETAS","https://mav.farmaciasaas.com/api/images/articulos/DISTRIBUCION/2417.jpg",0.877,"AMLODIPINA TAB 5MG X10 PHARME"
39412,"VITAMINA B12 250 mcg X 20 CAPSULAS","https://mav.farmaciasaas.com/api/images/articulos/DISTRIBUCION/3790.jpg",0.675,"VIT B12 CAP 250MG X20 MEG"
38672,"PLIDAN COMPUESTO 15 mg / 2 mL - 100 mg / 2 mL X 1 AMPOLLAS","https://mav.farmaciasaas.com/api/images/articulos/DISTRIBUCION/4114.jpg",0.742,"PLIDAN COMPUESTO INY 100MG/2ML X1 MEG"
38004,"ENALAPRIL 20 mg X 20 TABLETAS","https://mav.farmaciasaas.com/api/images/articulos/DISTRIBUCION/7965.jpg",0.875,"ENALAPRIL TAB 20MG X20 PHARME"
37620,"BRUDOL 400 mg - 65 mg X 20 COMPRIMIDOS RECUBIERTOS","https://mav.farmaciasaas.com/api/images/articulos/DISTRIBUCION/16420.jpg",0.754,"BRUDOL COMP REC 400MG/65MG X20 ELM"
37601,"BRASARTAN 80 mg X 30 TABLETAS RECUBIERTAS","https://mav.farmaciasaas.com/api/images/articulos/DISTRIBUCION/19231.jpg",0.824,"BRASARTAN CAP 80MG X30 FAR"
38533,"NEFROTAL AMLO 50 mg - 5 mg X 30 COMPRIMIDOS","https://mav.farmaciasaas.com/api/images/articulos/DISTRIBUCION/20154.jpg",0.724,"NEFROTAL AMLO COMP 50MG/5MG X30 MEG"
39055,"ANTAAR 2,5 mg X 10 TABLETAS RECUBIERTAS","https://mav.farmaciasaas.com/api/images/articulos/DISTRIBUCION/21066.jpg",0.654,"ANTAAR TAB REC 2,5MG X10 CLX"
37603,"BRASARTAN CTDN 80 mg - 12,5 mg X 30 TABLETAS RECUBIERTAS","https://mav.farmaciasaas.com/api/images/articulos/DISTRIBUCION/22884.jpg",0.846,"BRASARTAN CTDN TAB REC 80/12,5MG X30 FAR"
37558,"BENDAMEN 100 mg / 5 mL SUSPENSION","https://mav.farmaciasaas.com/api/images/articulos/DISTRIBUCION/4846.jpg",0.684,"BENDAMEN SUSP 100MG/5ML 30ML MEY"
38703,"PROPRANOLOL 10 mg X 20 TABLETAS","https://mav.farmaciasaas.com/api/images/articulos/DISTRIBUCION/7637.jpg",0.913,"PROPRANOLOL TAB 10MG X20 BIOTECH"
37389,"ALBICAR 200 mg X 2 TABLETAS","https://mav.farmaciasaas.com/api/images/articulos/DISTRIBUCION/9807.jpg",0.769,"ALBICAR TAB 200MG X2 ELM"
37584,"BIPRIN 300 mg X 10 CAPSULAS BLANDAS","https://mav.farmaciasaas.com/api/images/articulos/DISTRIBUCION/9940.jpg",0.853,"BIPRIN CAP BLD 300MG X10 VIV"
37846,"CORENTEL 5 mg X 10 COMPRIMIDOS RECUBIERTOS","https://mav.farmaciasaas.com/api/images/articulos/DISTRIBUCION/10024.jpg",0.921,"CORENTEL COMP REC 5MG X10 MEG"
38726,"RIDAL 3 mg X 20 COMPRIMIDOS RECUBIERTOS","https://mav.farmaciasaas.com/api/images/articulos/DISTRIBUCION/11399.jpg",0.747,"RIDAL COMP 3MG X20 MEG"
37433,"AMLODIPINA 5 mg X 30 TABLETAS","https://mav.farmaciasaas.com/api/images/articulos/DISTRIBUCION/12027.jpg",0.811,"AMLODIPINA TAB 5MG X30 KIMIC"
38430,"MATERNAVIT X 30 CAPSULAS BLANDAS","https://mav.farmaciasaas.com/api/images/articulos/DISTRIBUCION/13652.jpg",0.941,"MATERNAVIT CAP BLD X30 MDF"
38232,"IBUTANCOL 400 mg - 4 mg X 10 TABLETAS","https://mav.farmaciasaas.com/api/images/articulos/DISTRIBUCION/14204.jpg",0.742,"IBUTANCOL TAB 400MG/4MG X10 MEY"
39204,"EUKENE 20 mg COMPRIMIDOS RECUBIERTOS","https://mav.farmaciasaas.com/api/images/articulos/DISTRIBUCION/15025.jpg",0.628,"EUKENE COMP 20MG X30 MEG"
37599,"BLOCAX 8 mg X 30 TABLETAS","https://mav.farmaciasaas.com/api/images/articulos/DISTRIBUCION/15065.jpg",0.700,"BLOCAX TAB 8MG X30 BIOTECH"
38939,"VASSLUTEN HCT 150 mg - 12,5 mg TABLETAS","https://mav.farmaciasaas.com/api/images/articulos/DISTRIBUCION/15696.jpg",0.857,"VASSLUTEN TAB HCT 150MG/12,5MG X30 GFARM"
38489,"MIGRAVAL 100 mg X 4 COMPRIMIDOS RECUBIERTOS","https://mav.farmaciasaas.com/api/images/articulos/DISTRIBUCION/19846.jpg",0.735,"MIGRAVAL COMP 100MG X4 MEG"
38020,"ESCITALOPRAM 1 mg/mL SOLUCION ORAL","https://mav.farmaciasaas.com/api/images/articulos/DISTRIBUCION/19850.jpg",0.769,"ESCITALOPRAM SOL ORAL 1MG/ML 120ML MEG"
37681,"CARBATIL 12,5 mg X 30 TABLETAS","https://mav.farmaciasaas.com/api/images/articulos/DISTRIBUCION/6143.jpg",0.750,"CARBATIL TAB 12,5MG X30 BIOTECH"
38229,"IBUTAN 400 mg X 10 TABLETAS","https://mav.farmaciasaas.com/api/images/articulos/DISTRIBUCION/8969.jpg",0.731,"IBUTAN TAB 400MG X10 MEY"
38670,"PLAVIX 75 mg X 14 COMPRIMIDOS RECUBIERTOS","https://mav.farmaciasaas.com/api/images/articulos/DISTRIBUCION/11151.jpg",0.655,"PLAVIX TAB 75MG X14 CLX"
38700,"PRESIDERM 2 % UNGUENTO","https://mav.farmaciasaas.com/api/images/articulos/DISTRIBUCION/11580.jpg",0.629,"PRESIDERM UNG 2% 15G MEG"
37472,"ANTAAR 10 mg X 30 TABLETAS RECUBIERTAS","https://mav.farmaciasaas.com/api/images/articulos/DISTRIBUCION/17094.jpg",0.671,"ANTAAR TAB REC 10MG X30 CLX"
39319,"NONAFOL 10 mg / mL X 10 SOLUCION ORAL","https://mav.farmaciasaas.com/api/images/articulos/DISTRIBUCION/18358.jpg",0.623,"NONAFOL SOL GTS 10MG/ML 15ML MEY"
38163,"GLIDAN 80 mg X 20 TABLETAS","https://mav.farmaciasaas.com/api/images/articulos/DISTRIBUCION/9706.jpg",0.882,"GLIDAN TAB 80MG X20 MEG"
38312,"LAMOTRIGINA 100 mg X 28 TABLETAS DE LIBERACION PROLONGADA","https://mav.farmaciasaas.com/api/images/articulos/DISTRIBUCION/20096.jpg",0.701,"LAMOTRIGINA TAB AD 100MG X28 CR CCM"
37720,"CEFTRIAXONA 1 g POLVO PARA SOLUCION INYECTABLE","https://mav.farmaciasaas.com/api/images/articulos/DISTRIBUCION/22842.jpg",0.859,"CEFTRIAXONA PVO SOL INY 1G CR DIST"
39081,"ATAMEL PLUS 500 mg - 32 mg X 10 TABLETAS","https://mav.farmaciasaas.com/api/images/articulos/DISTRIBUCION/15413.jpg",0.812,"ATAMEL PLUS TAB 500MG/32MG X10 CLX"
38660,"PERTEN 250 mg X 20 TABLETAS","https://mav.farmaciasaas.com/api/images/articulos/DISTRIBUCION/18905.jpg",0.697,"PERTEN TAB 250MG X20 MEY"
39534,"KATIVIL 1 g / 10 mL X 60 SOLUCION ORAL","https://mav.farmaciasaas.com/api/images/articulos/DISTRIBUCION/20545.jpg",0.735,"L-CARNITINA SOL ORAL 1G/10ML 120ML FC"
38999,"ZONIUM 40 mg X 14 CAPSULAS CON MICROGRANULOS ENTERICOS","https://mav.farmaciasaas.com/api/images/articulos/DISTRIBUCION/22056.jpg",0.704,"ZONIUM CAP 40MG X14 BIOTECH"
37988,"DUROVAL 50 mg X 2 TABLETAS RECUBIERTAS","https://mav.farmaciasaas.com/api/images/articulos/DISTRIBUCION/22796.jpg",0.882,"DUROVAL TAB REC 50MG X2 VLM"
38156,"GENTAMICINA  0,3 % SOLUCION OFTALMICA","https://mav.farmaciasaas.com/api/images/articulos/DISTRIBUCION/22844.jpg",0.723,"GENTAMICINA GTS 0,3% 10ML CR DIST"
37840,"CORBIS 5 mg X 30 COMPRIMIDOS RECUBIERTOS","https://mav.farmaciasaas.com/api/images/articulos/DISTRIBUCION/23008.jpg",0.688,"CORBIS COMP 5MG X30 MEY"
38569,"NONAFOL 10 mg X 30 TABLETAS","https://mav.farmaciasaas.com/api/images/articulos/DISTRIBUCION/23016.jpg",0.683,"NONAFOL TAB 10MG X30 MEY"
38165,"GLIFORMIN 850 mg X 30 TABLETAS RECUBIERTAS","https://mav.farmaciasaas.com/api/images/articulos/DISTRIBUCION/23014.jpg",0.853,"GLIFORMIN TAB 850MG X30 MEY"
38185,"HALOPERIDOL 5 mg / mL X 30 AMPOLLAS","https://mav.farmaciasaas.com/api/images/articulos/DISTRIBUCION/25673.jpg",0.781,"HALOPERIDOL TAB 5MG X30 CLEO"
38484,"METRONIDAZOL - MICONAZOL 750 mg - 200 mg X 6 ÓVULOS","https://mav.farmaciasaas.com/api/images/articulos/DISTRIBUCION/26405.jpg",0.903,"METRONIDAZOL/MICON OVU 750/200MG X6 TIAR"
39130,"CARVEDILOL 25 mg X 20 TABLETAS RECUBIERTAS","https://mav.farmaciasaas.com/api/images/articulos/DISTRIBUCION/24436.jpg",0.718,"CARVEDILOL TAB REC 25MG X20 KIMIC"
38025,"ESCITALOPRAM 5 mg X 30 TABLETAS RECUBIERTAS","https://mav.farmaciasaas.com/api/images/articulos/DISTRIBUCION/25665.jpg",0.868,"ESCITALOPRAM TAB 5MG X30 CLEO"
38677,"POTAX 10 mEq X 100 TABLETAS DE LIBERACION PROLONGADA","https://mav.farmaciasaas.com/api/images/articulos/DISTRIBUCION/26061.jpg",0.678,"POTAX TAB LP 10MG X100 MEG"
39470,"DAVINTEX 60 mg X 10 COMPRIMIDOS RECUBIERTOS","https://mav.farmaciasaas.com/api/images/articulos/DISTRIBUCION/27618.jpg",0.633,"DAVINTEX COMP REC 60MG X10 MEG"
39259,"IRBETIAZID 300 mg - 12,5 mg X 28 TABLETAS","https://mav.farmaciasaas.com/api/images/articulos/DISTRIBUCION/25237.jpg",0.788,"IRBETIAZID TAB 300/12,5MG X28 MEY"
37823,"CLOTRIMAZOL 100 mg X 6 ÓVULOS VAGINALES","https://mav.farmaciasaas.com/api/images/articulos/DISTRIBUCION/26419.jpg",0.892,"CLOTRIMAZOL OVUL 100MG X6 TIAR"
38053,"EUKENE 40 mg X 30 COMPRIMIDOS RECUBIERTOS","https://mav.farmaciasaas.com/api/images/articulos/DISTRIBUCION/27093.jpg",0.882,"EUKENE COMP 40MG X30 MEG"
37747,"CINAREN 25 mg X 30 COMPRIMIDOS","https://mav.farmaciasaas.com/api/images/articulos/DISTRIBUCION/28507.jpg",0.783,"CINAREN COM 25 MG X 30"
38205,"IBECAR 150 mg X 30 TABLETAS RECUBIERTAS","https://mav.farmaciasaas.com/api/images/articulos/DISTRIBUCION/27009.jpg",0.796,"IBECAR TAB REC 150MG X30 VLM"
38941,"VECTUS 20 mg X 2 TABLETAS RECUBIERTAS","https://mav.farmaciasaas.com/api/images/articulos/DISTRIBUCION/29012.jpg",0.630,"VECTUS TAB/REC 20MG X 2"
37653,"CANDER 8 mg X 10 TABLETAS","https://mav.farmaciasaas.com/api/images/articulos/DISTRIBUCION/50515.jpg",0.813,"CANDER TAB 8MG X 10"
39163,"COROPRES HCT 32 mg - 12,5 mg COMPRIMIDOS","https://mav.farmaciasaas.com/api/images/articulos/DISTRIBUCION/28480.jpg",0.669,"COROPRES HCT COM 32/12,5 MG X 10"
38467,"METOCLOPRAMIDA 10 mg / 2 mL X 3 AMPOLLAS","https://mav.farmaciasaas.com/api/images/articulos/DISTRIBUCION/28789.jpg",0.735,"METOCLOPRAMIDA AMP 10MG/2ML X3 DISTRILAB"
38936,"VASPITOR 40 mg X 30 COMPRIMIDOS RECUBIERTOS","https://mav.farmaciasaas.com/api/images/articulos/DISTRIBUCION/50530.jpg",0.875,"VASPITOR COM/REC 40MG X 30"
37444,"AMOXICILINA 250 mg / 5 ml POLVO PARA SUSPENSION ORAL","https://mav.farmaciasaas.com/api/images/articulos/DISTRIBUCION/51378.jpg",0.740,"AMOXICILINA PVO PED 250MG/5ML 60ML CLX"
37915,"DIAFORMINA 500 mg X 30 COMPRIMIDOS RECUBIERTOS","https://mav.farmaciasaas.com/api/images/articulos/DISTRIBUCION/50991.jpg",0.885,"DIAFORMINA COMP REC 500MG X30 MEG"
38322,"LERCANIDIPINO 20 mg X 30 COMPRIMIDOS RECUBIERTOS","https://mav.farmaciasaas.com/api/images/articulos/DISTRIBUCION/51324.jpg",0.875,"LERCANIDIPINO TAB REC 20MG X30 CLX"
38143,"FUROSEMIDA 40 mg X 12 TABLETAS","https://mav.farmaciasaas.com/api/images/articulos/DISTRIBUCION/51326.jpg",0.913,"FUROSEMIDA TAB 40MG X12 SIEG"
38613,"OMEPRAZOL 40 mg X 1 AMPOLLAS","https://mav.farmaciasaas.com/api/images/articulos/DISTRIBUCION/51351.jpg",0.875,"OMEPRAZOL PVO P/SOL INY 40MG X1 CR DIST"
37488,"ARCOVAL 60 mg X 10 TABLETAS RECUBIERTAS","https://mav.farmaciasaas.com/api/images/articulos/DISTRIBUCION/52031.jpg",0.725,"ARCOVAL TAB 60MG X10 VLM"
37323,"ACETAMINOFEN - HIOSCINA N BUTIL BROMURO 500 mg-10mg X 10 TABLETAS RE","https://mav.farmaciasaas.com/api/images/articulos/DISTRIBUCION/52423.jpg",0.860,"HIOSCINA/PARACETAM TAB 10MG/325MG X10 HM"
38500,"MIRTAZAVAL 15 mg X 30 TABLETAS RECUBIERTAS","https://mav.farmaciasaas.com/api/images/articulos/DISTRIBUCION/52793.jpg",0.816,"MIRTAZAVAL TAB REC 15MG X30 VLM"
38366,"LODESTAR 100 mg X 30 TABLETAS RECUBIERTAS","https://mav.farmaciasaas.com/api/images/articulos/DISTRIBUCION/52796.jpg",0.796,"LODESTAR TAB REC 100MG X30 VLM"
37369,"ADRENALINA 1 mg / mL X 5 AMPOLLAS","https://mav.farmaciasaas.com/api/images/articulos/DISTRIBUCION/52500.jpg",0.802,"ADRENALINA SOL INY 1MG/ML X5 DIST"
38083,"FERGANIC 100 mg / 5 mL X 1 AMPOLLAS","https://mav.farmaciasaas.com/api/images/articulos/DISTRIBUCION/52639.jpg",0.884,"FERGANIC SOL INY 100MG/5ML X1 MEG"
38704,"PROTOSULFIL 1 % CREMA","https://mav.farmaciasaas.com/api/images/articulos/DISTRIBUCION/52761.jpg",0.688,"PROTOSULFIL CREM 1% 15G MEG"
37996,"EDAGAN 25 mg X 30 COMPRIMIDOS RECUBIERTOS","https://mav.farmaciasaas.com/api/images/articulos/DISTRIBUCION/90687.jpg",0.710,"EDAGAN 25 COMP 25MG X30 MEG"
38356,"LIOLACTIL X 20 SOBRES","https://mav.farmaciasaas.com/api/images/articulos/DISTRIBUCION/94249.jpg",1.000,"LIOLACTIL CAP X20 ELM"
38935,"VASPITOR 20 mg X 10 COMPRIMIDOS RECUBIERTOS","https://mav.farmaciasaas.com/api/images/articulos/DISTRIBUCION/52641.jpg",0.727,"VASPITOR COMP REC 20MG X10 MEG"
38736,"RISPERID 2 mg X 30 COMPRIMIDOS RECUBIERTOS","https://mav.farmaciasaas.com/api/images/articulos/DISTRIBUCION/94360.jpg",0.942,"RISPERID COMP 2MG X30 MEG"
37848,"COROPRES HCT 16 mg - 12,5 mg X 30 COMPRIMIDOS","https://mav.farmaciasaas.com/api/images/articulos/DISTRIBUCION/96010.jpg",0.746,"COROPRES H COMP 16MG/12,5MG X30 MEG"
38856,"TERBINAFINA CLORHIDRATO 1 % CREMA TOPICA","https://mav.farmaciasaas.com/api/images/articulos/DISTRIBUCION/96827.jpg",0.600,"TERBINAFINA CREM 1% 15G KIMIC"
38523,"MULTIDERM 2 % UNGUENTO","https://mav.farmaciasaas.com/api/images/articulos/DISTRIBUCION/98294.jpg",0.629,"MULTIDERM UNG 2% 15G BIOTECH"
38824,"TADAFOX 20 mg X 1 TABLETAS RECUBIERTAS","https://mav.farmaciasaas.com/api/images/articulos/DISTRIBUCION/99317.jpg",0.779,"TADAFOX TAB REC 20MG X1 VLM"
38924,"VALSARTAN - HIDROCLOROTIAZIDA 80 mg - 12,5 mg X 28 TABLETAS RECUBIERTAS","https://mav.farmaciasaas.com/api/images/articulos/DISTRIBUCION/54281.jpg",0.844,"VALSARTAN HCT TAB REC 80/12,5MG X28 CLX"
38727,"RIDAL 1 mg X 20 COMPRIMIDOS RECUBIERTOS","https://mav.farmaciasaas.com/api/images/articulos/DISTRIBUCION/90076.jpg",0.747,"RIDAL COMP REC 1MG X20 MEG"
38174,"GLUCOVAL 10 mg X 30 TABLETAS RECUBIERTAS","https://mav.farmaciasaas.com/api/images/articulos/DISTRIBUCION/53623.jpg",0.702,"GLUCOVAL TAB REC 10MG X30 VLM"
38292,"KETOPROFENO 100 mg X 10 CAPSULAS","https://mav.farmaciasaas.com/api/images/articulos/DISTRIBUCION/54274.jpg",0.931,"KETOPROFENO CAP 100MG X10 LETI"
38681,"PREDNA 15 mg / 5 mL SOLUCION ORAL","https://mav.farmaciasaas.com/api/images/articulos/DISTRIBUCION/90974.jpg",0.717,"PREDNA SOL ORAL 15MG/5ML 60ML VARG"
38518,"MOXIFLOXACINA 400 mg X 5 TABLETAS RECUBIERTAS","https://mav.farmaciasaas.com/api/images/articulos/DISTRIBUCION/92489.jpg",0.910,"MOXIFLOXACINA TAB REC 400MG X5 CLX"
38831,"TADIFIL 20 mg X 2 COMPRIMIDOS RECUBIERTOS","https://mav.farmaciasaas.com/api/images/articulos/DISTRIBUCION/99199.jpg",0.806,"TADIFIL COMP REC 20MG X2 MEG"
37596,"BLOCAX PLUS 16 mg - 12,5 mg X 10 TABLETAS","https://mav.farmaciasaas.com/api/images/articulos/DISTRIBUCION/99775.jpg",0.730,"BLOCAX PLUS TAB 16MG/12,5MG X10 BIOT"
37858,"CYPRAL 500 mg X 20 TABLETAS RECUBIERTAS","https://mav.farmaciasaas.com/api/images/articulos/DISTRIBUCION/92798.jpg",0.700,"CYPRAL TAB REC 500MG X20 PLX"
37954,"DIOSMINA 600 mg X 14 TABLETAS RECUBIERTAS","https://mav.farmaciasaas.com/api/images/articulos/DISTRIBUCION/97147.jpg",0.931,"DIOSMINA TAB 600MG X14 CLX"
38204,"IBANDROMET 150 mg X 1 TABLETAS RECUBIERTAS","https://mav.farmaciasaas.com/api/images/articulos/DISTRIBUCION/97785.jpg",0.794,"IBANDROMET TAB REC 150MG X1 MEY"
38410,"LOSARTAN POTASICO 50 mg X 30 TABLETAS RECUBIERTAS","https://mav.farmaciasaas.com/api/images/articulos/DISTRIBUCION/99640.jpg",0.800,"LOSARTAN POTA TAB REC 50MG X30 CLX"
38007,"ENALAPRIL MALEATO - HIDROCLOROTIAZIDA 20 mg - 12,5 mg TABLETAS","https://mav.farmaciasaas.com/api/images/articulos/DISTRIBUCION/54045.jpg",0.897,"ENALAPRIL/HIDROCL TAB 20MG/12,5MG CR MT"
38746,"RIVAROXABAN 20 mg X 14 TABLETAS RECUBIERTAS","https://mav.farmaciasaas.com/api/images/articulos/DISTRIBUCION/54217.jpg",0.875,"RIVAROXABAN TAB REC 20MG X14 KMP"
37814,"DOPALEN 200 mg X 30 CÁPSULAS DE LIBERACIÓN PROLONGADA","https://mav.farmaciasaas.com/api/images/articulos/DISTRIBUCION/54229.jpg",0.658,"CLORHID D/MEBEVERINA CAP 200MG X30 CR MT"
38760,"RUBIZON 20 mg X 35 TABLETAS RECUBIERTAS","https://mav.farmaciasaas.com/api/images/articulos/DISTRIBUCION/54290.jpg",0.706,"RUBIZON TAB REC 20MG X35 COFA"
39125,"CARBETAL 16 mg X 30 TABLETAS","https://mav.farmaciasaas.com/api/images/articulos/DISTRIBUCION/54310.jpg",0.757,"CARBETAL TAB 16MG X30"
39311,"OTOCORT 1 mg - 5 mg - 5000 UI / mL SUSPENSIÓN ÓTICA","https://mav.farmaciasaas.com/api/images/articulos/DISTRIBUCION/52903.jpg",0.694,"OTOCORT SOL OTICA 1MG/5MG/5000UI 5ML L.O"
39572,"RIVAREX 10 mg X 30 COMPRIMIDOS RECUBIERTOS","https://mav.farmaciasaas.com/api/images/articulos/DISTRIBUCION/52904.jpg",0.753,"RIVAREX COMP REC 10MG  X30 DLR"
37763,"CITALOPRAM 40 mg X 10 TABLETAS RECUBIERTAS","https://mav.farmaciasaas.com/api/images/articulos/DISTRIBUCION/53032.jpg",0.910,"CITALOPRAM TAB  40MG X10 CR MT"
39469,"DUNIXI 10 mg X 30 COMPRIMIDOS RECUBIERTOS","https://mav.farmaciasaas.com/api/images/articulos/DISTRIBUCION/53037.jpg",0.769,"DAPAGLIFLOZINA TAB 10MG X30 CR MT"
37377,"AIRCOF 10 mg X 30 TABLETAS MASTICABLES","https://mav.farmaciasaas.com/api/images/articulos/DISTRIBUCION/53060.jpg",0.644,"AIRCOF TAB MAST 10MG X30 COFA"
37813,"CLORACOLD 30 mg - 5 mg / 5 mL SOLUCIÓN ORAL","https://mav.farmaciasaas.com/api/images/articulos/DISTRIBUCION/53063.jpg",0.743,"CLORACOLD SOL ORAL 30MG/5MG 120ML COFA"
37887,"DESKEFLAS 50 mg / 2 mL X 3 AMPOLLAS","https://mav.farmaciasaas.com/api/images/articulos/DISTRIBUCION/53176.jpg",0.720,"DESKEFLAS SOL INY 50MG/2ML X3 CR MT"
37328,"ACETAZOLAMIDA 250 mg X 10 TABLETAS","https://mav.farmaciasaas.com/api/images/articulos/DISTRIBUCION/53177.jpg",0.928,"ACETAZOLAMIDA TAB 250MG X10 CR MT"
38493,"MIOVIT COMPOSITUM CON LIDOCAINA X 1 AMPOLLAS","https://mav.farmaciasaas.com/api/images/articulos/DISTRIBUCION/3015.jpg",0.688,"MIOVIT INY C/LIDOCAINA 3ML C/JER X1 COFA"
37376,"AIRCOF PLUS 5 mg - 2,5 mg X 30 TABLETAS MASTICABLES","https://mav.farmaciasaas.com/api/images/articulos/DISTRIBUCION/53225.jpg",0.732,"AIRCOF PLUS TAB MAST 5MG/2,5MG X30 COFA"
39588,"TALFIDEX 20 mg X 2 Tabletas Recubiertas","https://mav.farmaciasaas.com/api/images/articulos/DISTRIBUCION/53285.jpg",0.752,"TALFIDEX TAB REC 20MG X2 PLX"
37368,"ADAPALENO - CLINDAMICINA 0,1 % - 1 % GEL","https://mav.farmaciasaas.com/api/images/articulos/DISTRIBUCION/53398.jpg",0.723,"ADAPALENO GEL TOP 0,1% 15G CR MT"
37306,"ACECLOFENACO 100 mg X 10 TABLETAS RECUBIERTAS","https://mav.farmaciasaas.com/api/images/articulos/DISTRIBUCION/53399.jpg",0.928,"ACECLOFENACO TAB DISP 100MG X10 CR MT"
38434,"Medroxiprogesterona 10mg X 10 Tabletas","https://mav.farmaciasaas.com/api/images/articulos/DISTRIBUCION/53471.jpg",0.962,"MEDROXIPROGESTERONA TAB 10MG X10 KMP"
37451,"AMOXIVAL 750 ml / 5 mL POLVO PARA SUSPENSION ORAL","https://mav.farmaciasaas.com/api/images/articulos/DISTRIBUCION/53483.jpg",0.636,"AMOXICILINA SUS PED 250/5ML 100ML KMP"
38564,"NITROFURANTOINA 50 mg X 10 TABLETAS RECUBIERTAS","https://mav.farmaciasaas.com/api/images/articulos/DISTRIBUCION/53552.jpg",0.829,"NITROFURANTOINA TAB 50MG X10 KMP"
38955,"FARMAD 1000 UI X 60 TABLETAS RECUBIERTAS","https://mav.farmaciasaas.com/api/images/articulos/DISTRIBUCION/52137.jpg",0.788,"VIT C TAB 1000MG X60 PREV"
39526,"IMOL 20 mg X 30 COMPRIMIDOS RECUBIERTOS","https://mav.farmaciasaas.com/api/images/articulos/DISTRIBUCION/52408.jpg",0.660,"IMOL COMP REC 20MG X30 DLR"
37888,"DESKEFLAS 25 mg X 10 TABLETAS RECUBIERTAS","https://mav.farmaciasaas.com/api/images/articulos/DISTRIBUCION/52476.jpg",0.730,"DESKEFLAS TAB 25MG X10 CR MT"
39277,"LAGEMIN 50 mg X 30 TABLETAS DISPERSABLES","https://mav.farmaciasaas.com/api/images/articulos/DISTRIBUCION/52656.jpg",0.634,"LAGEMIN TAB DISPER 50MG X30 GEMA"
39398,"VALGEM PLUS 160 mg-12,5 mg X 10 TABLETAS RECUBIERTAS","https://mav.farmaciasaas.com/api/images/articulos/DISTRIBUCION/52665.jpg",0.762,"VALGEM PLUS TAB REC 160/12,5MG X10 GEMA"
37440,"AMOXICILINA 500 mg X 10 CAPSULAS","https://mav.farmaciasaas.com/api/images/articulos/DISTRIBUCION/52727.jpg",0.892,"AMOXICILINA CAP 500MG X10 FMED"
38767,"SECNIDAZOL 500 mg X 4 TABLETAS RECUBIERTAS","https://mav.farmaciasaas.com/api/images/articulos/DISTRIBUCION/52731.jpg",0.892,"SECNIDAZOL  TAB 500MG X4 FMED"
38030,"ESOMEPRAZOL 40mg X 20 TABLETAS RECUBIERTAS","https://mav.farmaciasaas.com/api/images/articulos/DISTRIBUCION/52764.jpg",0.962,"ESOMEPRAZOL CAP 40MG X20 ZUZU"
37973,"DOLNIX 150 mg X 20 CAPSULAS","https://mav.farmaciasaas.com/api/images/articulos/DISTRIBUCION/51126.jpg",0.648,"DOLNIX CAP 150MG X20 DLR"
37980,"DONEPEZILO CLORHIDRATO 10 mg X 10 CÁPSULAS","https://mav.farmaciasaas.com/api/images/articulos/DISTRIBUCION/51311.jpg",0.810,"DONEPEZILO TAB 10MG X10 CR MT"
37802,"CLOPIDOGREL 75 mg X 20 COMPRIMIDOS RECUBIERTOS","https://mav.farmaciasaas.com/api/images/articulos/DISTRIBUCION/51767.jpg",0.875,"CLOPIDOGREL TAB 75MG X20 FMED"
38952,"VILDAGLIPTINA 50 mg X 30 COMPRIMIDOS","https://mav.farmaciasaas.com/api/images/articulos/DISTRIBUCION/30332.jpg",0.910,"VILDAGLIPTINA TAB 50MG X 30 MT"
37951,"DIOSMINA 600 mg X 10 COMPRIMIDOS RECUBIERTOS","https://mav.farmaciasaas.com/api/images/articulos/DISTRIBUCION/50161.jpg",0.714,"DIOSMINA TAB 600MG X 10 FARMAMED"
38708,"QUETIAPINA 100 mg X 10 TABLETAS RECUBIERTAS","https://mav.farmaciasaas.com/api/images/articulos/DISTRIBUCION/50162.jpg",0.788,"QUETIAPINA TAB 100MG X 10 FARMAMED"
37913,"DIACEREINA 50 mg X 10 CAPSULAS","https://mav.farmaciasaas.com/api/images/articulos/DISTRIBUCION/50231.jpg",0.910,"DIACEREINA CAP 50MG X 10 MT"
37947,"DILOTEX 5 mg X 30 COMPRIMIDOS","https://mav.farmaciasaas.com/api/images/articulos/DISTRIBUCION/50518.jpg",0.917,"DILOTEX COM 5MG X 30"
38668,"BREINOX 400 mg X 30 TABLETAS","https://mav.farmaciasaas.com/api/images/articulos/DISTRIBUCION/50807.jpg",0.808,"PIRACETAM TAB 400MG X30 CR MT"
39460,"CLORDITAN 12,5 mg X 30 Tabletas","https://mav.farmaciasaas.com/api/images/articulos/DISTRIBUCION/50972.jpg",0.790,"CLORTALIDONA TAB 12,5MG X30 CR MT"
38442,"MEMANTINA CLORHIDRATO 10 mg X 10 TABLETAS RECUBIERTAS","https://mav.farmaciasaas.com/api/images/articulos/DISTRIBUCION/50985.jpg",0.875,"MEMANTINA TAB 10MG X10 FMED"
37459,"ANANTY 650 mg X 10 TABLETAS","https://mav.farmaciasaas.com/api/images/articulos/DISTRIBUCION/6868.jpg",0.718,"ANANTY TAB 650MG X 10"
37534,"AVELOX 400 mg X 5 COMPRIMIDOS RECUBIERTOS","https://mav.farmaciasaas.com/api/images/articulos/DISTRIBUCION/11301.jpg",0.900,"AVELOX COM 400 MG X 5"
39463,"COMENTER 30 mg X 30 COMPRIMIDOS RECUBIERTOS","https://mav.farmaciasaas.com/api/images/articulos/DISTRIBUCION/29372.jpg",0.630,"COMENTER COM/REC 30MG X 30"
37836,"CONEXINE 50 mg X 30 COMPRIMIDOS RECUBIERTOS","https://mav.farmaciasaas.com/api/images/articulos/DISTRIBUCION/29374.jpg",0.686,"CONEXINE COM 50MG X 30"
38064,"FAMULCER 40 mg X 10 TABLETAS","https://mav.farmaciasaas.com/api/images/articulos/DISTRIBUCION/6884.jpg",0.725,"FAMULCER TAB 40MG X10 PLX"
37411,"ALURON 300 mg X 20 COMPRIMIDOS","https://mav.farmaciasaas.com/api/images/articulos/DISTRIBUCION/13540.jpg",0.758,"ALURON COMP 300MG X20 RNV"
38316,"ARAVA 20 mg X 30 TABLETAS RECUBIERTAS","https://mav.farmaciasaas.com/api/images/articulos/DISTRIBUCION/27622.jpg",0.763,"LEFLUNOMIDA TAB 20MG X30 CR MT"
38058,"EUTEBROL 20 mg X 30 COMPRIMIDOS","https://mav.farmaciasaas.com/api/images/articulos/DISTRIBUCION/28314.jpg",0.765,"EUTEBROL COMP 20MG X30 ADIUM"
39591,"TAXUS 20 mg X 30 COMPRIMIDOS","https://mav.farmaciasaas.com/api/images/articulos/DISTRIBUCION/28335.jpg",0.634,"TAXUS COMP 20MG X30 ADIUM"
38283,"KETODEX 100 mg X 10 TABLETAS CON RECUBRIMIENTO ENTERICO","https://mav.farmaciasaas.com/api/images/articulos/DISTRIBUCION/28361.jpg",0.698,"KETODEX TAB ENT 100MG X10 PLX"
38886,"TRACTIL FORTE 8 mg X 10 COMPRIMIDOS","https://mav.farmaciasaas.com/api/images/articulos/DISTRIBUCION/28504.jpg",0.717,"TRACTIL FORTE COM 8 MG X 10"
37860,"DALCITRIN 2 % UNGUENTO","https://mav.farmaciasaas.com/api/images/articulos/DISTRIBUCION/28692.jpg",0.604,"DALCITRIN UNG 2% X 15G"
37587,"BISACODILO 5 mg X 10 TABLETAS GASTRORRESISTENTES","https://mav.farmaciasaas.com/api/images/articulos/DISTRIBUCION/28708.jpg",0.904,"BISACODILO TAB 5MG X 10 FM"
37788,"CLOMIFENO CITRATO 50 mg X 30 TABLETAS","https://mav.farmaciasaas.com/api/images/articulos/DISTRIBUCION/28709.jpg",0.875,"CLOMIFENO TAB 50MG X 30 FM"
37478,"APIRET 500 mg X 10 TABLETAS","https://mav.farmaciasaas.com/api/images/articulos/DISTRIBUCION/28791.jpg",0.718,"APIRET TAB 500 MG X 10"
38241,"ILTUX 20 mg X 28 COMPRIMIDOS RECUBIERTOS","https://mav.farmaciasaas.com/api/images/articulos/DISTRIBUCION/93907.jpg",0.783,"ILTUX COMP 20MG X28 ADIUM"
38486,"MICONAX 15 % - 4 % CREMA VAGINAL","https://mav.farmaciasaas.com/api/images/articulos/DISTRIBUCION/26478.jpg",0.773,"MICONAZOL CREM 2% 15G CR MT"
37458,"ANANTY 120 mg / 5 mL SUSPENSION","https://mav.farmaciasaas.com/api/images/articulos/DISTRIBUCION/6865.jpg",0.661,"ANANTY SUSP 120MG/5ML 120ML PLX"
38120,"FLUCONAZOL 150 mg X 2 TABLETAS","https://mav.farmaciasaas.com/api/images/articulos/DISTRIBUCION/23767.jpg",0.892,"FLUCONAZOL TAB 150MG X2 KMP"
39004,"ZOST 50 mg X 4 COMPRIMIDOS","https://mav.farmaciasaas.com/api/images/articulos/DISTRIBUCION/91228.jpg",0.829,"ZOST COMP 50MG X4 DLR"
39043,"AMOVIN 500 mg X 6 TABLETAS RECUBIERTAS","https://mav.farmaciasaas.com/api/images/articulos/DISTRIBUCION/92490.jpg",0.751,"AMOVIN TAB 500MG X6 COFA"
38494,"MIOVIT COMPOSITUM CON LIDOCAINA X 6 AMPOLLAS","https://mav.farmaciasaas.com/api/images/articulos/DISTRIBUCION/97516.jpg",0.788,"MIOVIT SOL INY/IM X6 COFA"
37809,"CLOPTAN 75 mg X 30 TABLETAS RECUBIERTAS","https://mav.farmaciasaas.com/api/images/articulos/DISTRIBUCION/20161.jpg",0.651,"CLOPTAN TAB 75MG X30 ZORIAK"
38449,"MESPEN 500 mg X 1 AMPOLLAS","https://mav.farmaciasaas.com/api/images/articulos/DISTRIBUCION/20400.jpg",0.690,"MESPEN AMP 500MG X1 ALESS"
38198,"BUTILBROMURO DE HIOSCINA 20 mg / ml SOLUCION INYECTABLE","https://mav.farmaciasaas.com/api/images/articulos/DISTRIBUCION/22851.jpg",0.727,"HIOSCINA/BUTILBROM AMP IV/IM 20MGX5ALESS"
37766,"CITRATO DE CALCIO 1190 mg X 60 TABLETAS MASTICABLES SABOR A MANDARINA","https://mav.farmaciasaas.com/api/images/articulos/DISTRIBUCION/23439.jpg",0.653,"CITRATO D/CA + VIT D3 TAB X30 G PHAR"
38959,"VITAMINA B12 500 mcg X 20 CAPSULAS","https://mav.farmaciasaas.com/api/images/articulos/DISTRIBUCION/24643.jpg",0.690,"RONAVIT VIT B12/B1/B6 CAP X20 RNV"
38790,"SIGLUTAN 50 mg-500 mg X 30 TABLETAS RECUBIERTAS","https://mav.farmaciasaas.com/api/images/articulos/DISTRIBUCION/22555.jpg",0.714,"SIGLUTAN TAB 50MG/500MG X30 ZORIAK"
38142,"FUROSEMIDA 40 mg X 12 COMPRIMIDOS","https://mav.farmaciasaas.com/api/images/articulos/DISTRIBUCION/23177.jpg",0.913,"FUROSEMIDA TAB 40MG X12 PLX"
38093,"MONOSULPA X 260 SOLUCION NASAL","https://mav.farmaciasaas.com/api/images/articulos/DISTRIBUCION/23647.jpg",0.601,"FISIOLIN SOL NASAL DOSIS 26ML X260 L.O"
37395,"ALGIOL 5 mg X 30 COMPRIMIDOS RECUBIERTOS","https://mav.farmaciasaas.com/api/images/articulos/DISTRIBUCION/23948.jpg",0.868,"ALGIOL COMP 5MG X30 DLR"
37865,"DECA LENTERMINA COMPLEX SOLUCION INYECTABLE","https://mav.farmaciasaas.com/api/images/articulos/DISTRIBUCION/24816.jpg",0.652,"DECA LENTER COMPLEX AMP KIT 2MLX3 BIOTEC"
38869,"TIOCOLCHICOSIDO 4 mg / 2 mL X 50 AMPOLLAS","https://mav.farmaciasaas.com/api/images/articulos/DISTRIBUCION/20404.jpg",0.762,"TIOCOLCHICOSIDO AMP 4MG/2ML X50 ALESS"
37678,"CARBAMAZEPINA 200 mg X 30 TABLETAS","https://mav.farmaciasaas.com/api/images/articulos/DISTRIBUCION/20705.jpg",0.774,"CARBAMAZEPINA TAB 200MG X30 ALESS"
37527,"ATROBEL 10 mg / mL SOLUCION GOTAS REFORMULADO","https://mav.farmaciasaas.com/api/images/articulos/DISTRIBUCION/22695.jpg",0.797,"ATROBEL SOL GTS 10MG/ML 15ML RNV"
37542,"AZITRODEX 500 mg X 3 TABLETAS RECUBIERTAS","https://mav.farmaciasaas.com/api/images/articulos/DISTRIBUCION/92796.jpg",0.796,"AZITRODEX TAB REC 500MG X3 PLX"
38773,"SECNIDEX 500 mg X 4 TABLETAS RECUBIERTAS","https://mav.farmaciasaas.com/api/images/articulos/DISTRIBUCION/92854.jpg",0.823,"SECNIDEX TAB REC 500MG X4 PLX"
37543,"AZITRODEX 500 mg X 5 TABLETAS RECUBIERTAS","https://mav.farmaciasaas.com/api/images/articulos/DISTRIBUCION/94416.jpg",0.796,"AZITRODEX TAB REC 500MG X5 PLX"
37869,"DECOBEL 8 mg / 2 mL SOLUCION INYECTABLE","https://mav.farmaciasaas.com/api/images/articulos/DISTRIBUCION/94637.jpg",0.797,"DECOBEL SOL INY 8MG/2ML 2ML RNV"
37422,"AMIODARONA CLORHIDRATO 200 mg X 10 TABLETAS","https://mav.farmaciasaas.com/api/images/articulos/DISTRIBUCION/4602.jpg",0.931,"AMIODARONA TAB 200MG X10 BIOTECH"
38496,"MIOVIT X 30 COMPRIMIDOS RECUBIERTOS","https://mav.farmaciasaas.com/api/images/articulos/DISTRIBUCION/5087.jpg",0.807,"MIOVIT GRAG X30 COFA"
39467,"CYNT 20 mg X 20 COMPRIMIDOS RECUBIERTOS","https://mav.farmaciasaas.com/api/images/articulos/DISTRIBUCION/5489.jpg",0.628,"CYNT COMP REC 20MG X20 DLR"
38239,"IDOXEN 150 mg X 10 CAPSULAS DE LIBERACION PROLONGADA","https://mav.farmaciasaas.com/api/images/articulos/DISTRIBUCION/5699.jpg",0.746,"IDOXEN CAP LP 150MG X10 DLR"
37345,"ACIDO ACETILSALICILICO 81 mg X 24 TABLETAS CON CUBIERTA ENTERICA","https://mav.farmaciasaas.com/api/images/articulos/DISTRIBUCION/7271.jpg",0.815,"ACIDO ACETILSALIC TAB 81MG X24 L.O"
37746,"CINAREN 75 mg X 20 CAPSULAS","https://mav.farmaciasaas.com/api/images/articulos/DISTRIBUCION/7434.jpg",0.753,"CINAREN CAP 75MG X20 DLR"
39601,"VIZERUL 300 mg X 10 COMPRIMIDOS","https://mav.farmaciasaas.com/api/images/articulos/DISTRIBUCION/8428.jpg",0.650,"VIZERUL COMP REC 300MG X10 DLR"
38057,"EUSILEN 4 mg X 8 COMPRIMIDOS","https://mav.farmaciasaas.com/api/images/articulos/DISTRIBUCION/8831.jpg",0.691,"EUSILEN COMP 4MG X8 COFA"
37812,"CLORACE 500 mg - 4 mg X 10 TABLETAS","https://mav.farmaciasaas.com/api/images/articulos/DISTRIBUCION/9598.jpg",0.958,"CLORACE TAB 500MG/4MG X10 COFA"
38600,"OMEPRAZOL 20 mg X 7 CAPSULAS CON MICROGRANULOS ENTERICOS","https://mav.farmaciasaas.com/api/images/articulos/DISTRIBUCION/9745.jpg",0.806,"OMEPRAZOL CAP 20MG X7 L.O"
38514,"MOVIMEX 15 mg X 10 TABLETAS","https://mav.farmaciasaas.com/api/images/articulos/DISTRIBUCION/90529.jpg",0.619,"MOVIMEX TAB 15MG X10 L.O"
38866,"TIOCHAX 4 mg X 12 COMPRIMIDOS","https://mav.farmaciasaas.com/api/images/articulos/DISTRIBUCION/91151.jpg",0.763,"TIOCHAX TAB 4MG X12 PLX"
38251,"IPROXIN 500 mg X 12 TABLETAS RECUBIERTAS","https://mav.farmaciasaas.com/api/images/articulos/DISTRIBUCION/91152.jpg",0.905,"IPROXIN TAB 500MG X12 PLX"
39003,"ZOST 50 mg X 2 COMPRIMIDOS","https://mav.farmaciasaas.com/api/images/articulos/DISTRIBUCION/91227.jpg",0.829,"ZOST COMP 50MG X2 DLR"
39002,"ZOST 50 mg X 1 COMPRIMIDOS","https://mav.farmaciasaas.com/api/images/articulos/DISTRIBUCION/91511.jpg",0.829,"ZOST COMP 50MG X1 DLR"
37786,"CLOFEN 100 mg X 10 CAPSULAS DE ACCION PROLONGADA","https://mav.farmaciasaas.com/api/images/articulos/DISTRIBUCION/433.jpg",0.645,"CLOFEN CAP AP 100MG X10 DLR"
37538,"AZACARD 81 mg X 60 TABLETAS CON CUBIERTA ENTERICA","https://mav.farmaciasaas.com/api/images/articulos/DISTRIBUCION/4694.jpg",0.806,"AZACARD TAB 81MG X60 L.O"
37537,"AZACARD 81 mg X 30 TABLETAS CON CUBIERTA ENTERICA","https://mav.farmaciasaas.com/api/images/articulos/DISTRIBUCION/4756.jpg",0.806,"AZACARD TAB 81MG X30 L.O"
38988,"PRAMIPEXOL 1 mg X 28 TABLETAS","https://mav.farmaciasaas.com/api/images/articulos/DISTRIBUCION/50233.jpg",0.820,"PRAMIPEXOL TAB 1MG X 10 MT"
37317,"ACETAMINOFEN 500 mg X 30 COMPRIMIDOS","https://mav.farmaciasaas.com/api/images/articulos/DISTRIBUCION/30141.jpg",0.812,"ACETAMINOFEN TAB 500MG X 30 OFT"
38720,"RANITIDINA 150 mg X 10 COMPRIMIDOS RECUBIERTOS","https://mav.farmaciasaas.com/api/images/articulos/DISTRIBUCION/54366.jpg",0.892,"RANITIDINA TAB 150MG X10 MT GLOB"
39518,"Glidex 500 mg X 30 Tabletas Recubiertas","https://mav.farmaciasaas.com/api/images/articulos/DISTRIBUCION/52469.jpg",0.682,"GLIDEX TAB REC 500MG X30 PLX"
38035,"ESOMEPRAZOL 20 mg X 20 TABLETAS CON CUBIERTA ENTERICA","https://mav.farmaciasaas.com/api/images/articulos/DISTRIBUCION/52580.jpg",0.730,"ESOMEPRAZOL CAP LP 20MG X20 ZUZU"
39432,"ASPIANDEX 81 mg X 30 TABLETAS CON RECUBRIMIENTO ENTERICO","https://mav.farmaciasaas.com/api/images/articulos/DISTRIBUCION/52971.jpg",0.734,"ASPIANDEX TAB REC 81MG X30 PLX"
38261,"Itraconazol 100 mg X 10 Cápsulas","https://mav.farmaciasaas.com/api/images/articulos/DISTRIBUCION/53012.jpg",0.735,"ITRACONAZOL CAP 100MG X10 ALESS"
39438,"BEDEX 0,15 % SOLUCION TOPICA BUCAL","https://mav.farmaciasaas.com/api/images/articulos/DISTRIBUCION/28364.jpg",0.613,"BEDEX SOL BUCAL 0,15% 120ML PLX"
38149,"GABOX 200 mg X 20 COMPRIMIDOS","https://mav.farmaciasaas.com/api/images/articulos/DISTRIBUCION/6134.jpg",0.664,"GABOX TAB 200MG X20 RNV"
39495,"DROPIL 200 mg X 40 COMPRIMIDOS RECUBIERTOS","https://mav.farmaciasaas.com/api/images/articulos/DISTRIBUCION/97140.jpg",0.677,"DROPIL COMP REC 200MG X40 DLR"
39597,"UDOX 75 mg X 10 CAPSULAS","https://mav.farmaciasaas.com/api/images/articulos/DISTRIBUCION/97141.jpg",0.829,"UDOX CAP 75MG X10 DLR"
39483,"DIFENAC 100 mg X 10 COMPRIMIDOS RECUBIERTOS","https://mav.farmaciasaas.com/api/images/articulos/DISTRIBUCION/8420.jpg",0.650,"DIFENAC FORTE COMP REC 100MG X10 DLR"
39075,"ARESAN HCT 20 mg - 12,5 mg X 10 TABLETAS RECUBIERTAS","https://mav.farmaciasaas.com/api/images/articulos/DISTRIBUCION/50500.jpg",0.647,"OLMESARTAN MED/HCT COM 20/12.5MG X30 LET"
37420,"AMIKACINA 100 mg / 2 mL X 10 AMPOLLAS","https://mav.farmaciasaas.com/api/images/articulos/DISTRIBUCION/53493.jpg",0.711,"AMIKACINA INY IM/IV 100MG/2ML X10 KMP"
38801,"SITAGLIPTINA - METFORMINA CLORHIDRATO 50 mg - 500 mg X 10 TABLETAS RECUBIERTAS","https://mav.farmaciasaas.com/api/images/articulos/DISTRIBUCION/54216.jpg",0.842,"SITAGLIPTINA/METFOR TAB 50/500MG X10 KMP"
38252,"IPROXIN 750 mg X 10 TABLETAS RECUBIERTAS","https://mav.farmaciasaas.com/api/images/articulos/DISTRIBUCION/54333.jpg",0.796,"IPROXIN TAB/REC 750MG X10 PLX"
38485,"METSIGLIN 500 mg - 50 mg X 30 COMPRIMIDOS RECUBIERTOS","https://mav.farmaciasaas.com/api/images/articulos/DISTRIBUCION/30362.jpg",0.763,"METSIGLIN TAB 50/500MG X 30"
37492,"ARTENOLOL 100 mg X 30 TABLETAS","https://mav.farmaciasaas.com/api/images/articulos/DISTRIBUCION/19753.jpg",0.862,"ARTENOLOL TAB 100MG X30 RNV"
37753,"CIPROFLOXACINA 200 MG/100 ML SOLUCION INYECTABLE","https://mav.farmaciasaas.com/api/images/articulos/DISTRIBUCION/21354.jpg",0.787,"CIPROFLOXACINA SOL INY 200MG/100ML GKV"
38178,"GRATIO 500 mg X 10 TABLETAS RECUBIERTAS","https://mav.farmaciasaas.com/api/images/articulos/DISTRIBUCION/93745.jpg",0.853,"GRATIO TAB REC 500MG X10 RNV"
38972,"VITADYN C 500 mg TABLETAS MASTICABLES SABOR A FRUTAS TROPICALES X 30 TABLETAS","https://mav.farmaciasaas.com/api/images/articulos/DISTRIBUCION/30132.jpg",0.822,"VITADYN C TAB S/AZUCAR 500MG X 30"
38807,"SUCRALFATO 1 g X 20 TABLETAS","https://mav.farmaciasaas.com/api/images/articulos/DISTRIBUCION/54219.jpg",0.829,"SUCRALFATO TAB 1G X20 KMP"
37327,"ACETAZOLAMIDA 250 mg X 20 TABLETAS","https://mav.farmaciasaas.com/api/images/articulos/DISTRIBUCION/53492.jpg",0.892,"ACETAZOLAMIDA TAB 250MG X20 KMP"
39229,"GEMKAST 4 mg X 10 TABLETAS MASTICABLES","https://mav.farmaciasaas.com/api/images/articulos/DISTRIBUCION/53002.jpg",0.769,"GEMKAST TAB MAST 4MG X10 GEMA"
39231,"GEMKAST 5 mg X 30 TABLETAS MASTICABLES","https://mav.farmaciasaas.com/api/images/articulos/DISTRIBUCION/53004.jpg",0.769,"GEMKAST TAB MAST 5MG X10 GEMA"
39276,"LAGEMIN 25 mg X 30 TABLETAS DISPERSABLES","https://mav.farmaciasaas.com/api/images/articulos/DISTRIBUCION/52653.jpg",0.634,"LAGEMIN TAB DISPER 25MG X10 GEMA"
39279,"LAGEMIN 100 mg X 10 TABLETAS DISPERSABLES","https://mav.farmaciasaas.com/api/images/articulos/DISTRIBUCION/52657.jpg",0.647,"LAGEMIN TAB DISPER 100MG X10 GEMA"
39263,"IRGEM PLUS 300 mg - 12,5 mg X 30 TABLETAS","https://mav.farmaciasaas.com/api/images/articulos/DISTRIBUCION/52661.jpg",0.752,"IRGEM PLUS TAB 300MG/12,5MGg X10 GEMA"
37725,"CETIDEX 5 mg / 5 mL SOLUCIÓN ORAL","https://mav.farmaciasaas.com/api/images/articulos/DISTRIBUCION/54330.jpg",0.693,"CETIDEX SOL ORAL 5MG/5ML 120ML PLX"
37776,"CLENBUTEROL CLORHIDRATO 10 mcg / 5 mL JARABE","https://mav.farmaciasaas.com/api/images/articulos/DISTRIBUCION/54332.jpg",0.813,"CLENBUTEROL JBE 10MCG/5ML 120ML PLX"
39519,"Glidex 850 mg X 30 Tabletas Recubiertas","https://mav.farmaciasaas.com/api/images/articulos/DISTRIBUCION/52970.jpg",0.682,"GLIDEX TAB REC 850MG X30 PLX"
37457,"ANANTY FORTE 160 mg / 5 mL SUSPENSION","https://mav.farmaciasaas.com/api/images/articulos/DISTRIBUCION/24237.jpg",0.663,"ANANTY FORTE SUSP 160MG/5ML 60ML PLX"
37948,"DILOTEX 10 mg X 10 COMPRIMIDOS","https://mav.farmaciasaas.com/api/images/articulos/DISTRIBUCION/9889.jpg",0.829,"DILOTEX COMP 10MG X10 DLR"
37539,"AZACARD 81 mg X 100 TABLETAS CON CUBIERTA ENTERICA","https://mav.farmaciasaas.com/api/images/articulos/DISTRIBUCION/53427.jpg",0.776,"AZACARD TAB ENT 81MG X100 L.O"
37676,"CARBAMAZEPINA 200 mg X 10 COMPRIMIDOS","https://mav.farmaciasaas.com/api/images/articulos/DISTRIBUCION/52560.jpg",0.892,"CARBAMAZEPINA TAB 200MG X10 ZUZU"
37391,"ALENDRONATO SODICO 70 mg X 4 COMPRIMIDOS","https://mav.farmaciasaas.com/api/images/articulos/DISTRIBUCION/50383.jpg",0.714,"ALENDRONATO SOD TAB 70MG X 4 ZUZU"
38210,"IBUFENAC 400 mg X 20 CAPSULAS","https://mav.farmaciasaas.com/api/images/articulos/DISTRIBUCION/23089.jpg",0.758,"IBUFENAC CAP 400MG X20 RNV"
39525,"IBUFEN 800 mg X 6 COMPRIMIDOS RECUBIERTOS","https://mav.farmaciasaas.com/api/images/articulos/DISTRIBUCION/54227.jpg",0.785,"IBUFEN COMP REC 800MG X6 FAHD"
37298,"ACIDO FOLICO 10 mg X 10 TABLETAS","https://mav.farmaciasaas.com/api/images/articulos/DISTRIBUCION/53779.jpg",0.873,"AC FOLICO TAB 10MG X10 PLX"
37526,"ATRIMON 10 mg X 10 COMPRIMIDOS","https://mav.farmaciasaas.com/api/images/articulos/DISTRIBUCION/527.jpg",0.798,"ATRIMON COMP 10MG X10 ADIUM"
37575,"BEXILON 4 mg /  5 mL JARABE","https://mav.farmaciasaas.com/api/images/articulos/DISTRIBUCION/6874.jpg",0.655,"BEXILON JAB 4MG/5ML 120ML PLX"
38094,"FISIOLIN 0,65 % SOLUCION NASAL","https://mav.farmaciasaas.com/api/images/articulos/DISTRIBUCION/22217.jpg",0.615,"FISIOLIN SOL NASAL 3ML X10 L.O"
38121,"FLUCONAZOL 150 mg X 4 TABLETAS","https://mav.farmaciasaas.com/api/images/articulos/DISTRIBUCION/52581.jpg",0.892,"FLUCONAZOL TAB 150MG X4 ZUZU"
38088,"FEXOFENADINA CLORHIDRATO 180 mg X 10 TABLETAS RECUBIERTAS","https://mav.farmaciasaas.com/api/images/articulos/DISTRIBUCION/28713.jpg",0.761,"FEXOFENADINA CLORHID TAB 180MG X 10 FMED"
38721,"RANITIDINA 300mg X 10 TABLETAS","https://mav.farmaciasaas.com/api/images/articulos/DISTRIBUCION/54367.jpg",0.962,"RANITIDINA TAB 300MG X10 MT GLOB"
37302,"ACIDO IBANDRONICO 150 mg X 1 TABLETAS RECUBIERTAS","https://mav.farmaciasaas.com/api/images/articulos/DISTRIBUCION/52763.jpg",0.846,"AC IBANDRONICO TAB 150MG X1 ZUZU"