id_a,nombre_a,id_b,nombre_b,score,motivo,atc_a,atc_b,canon_a,canon_b
2,Abacavir,3,Abacavir Clorhidrato,1,canonico_igual,J05AF06,J05AF06,abacavir,abacavir
2,Abacavir,4,Abacavir Sulfato,1,canonico_igual,J05AF06,J05AF06,abacavir,abacavir
3,Abacavir Clorhidrato,4,Abacavir Sulfato,1,canonico_igual,J05AF06,J05AF06,abacavir,abacavir
10,Abiraterona,11,Abiraterona Acetato,1,canonico_igual,L02BX03,L02BX03,abiraterona,abiraterona
13,Acalabrutinib,14,Acalabrutinib Maleato,1,canonico_igual,L01EL02,L01EL02,acalabrutinib,acalabrutinib
43,Acetilcolina,44,Acetilcolina Cloruro,1,canonico_igual,S01EB09,S01EB09,acetilcolina,acetilcolina
56,Aciclovir,57,Aciclovir Sodico,1,canonico_igual,D06BB03,D06BB03,aciclovir,aciclovir
60,Acido Fusidico Hemihidrato,1568,Fusidico Acido,1,canonico_igual,D06AX01,,fusidico,fusidico
61,Acido Ibandronico Sodio Monohidrato,1807,Ibandronico Acido,1,canonico_igual,M05BA06,,ibandronico,ibandronico
65,Acido Zoledronico,66,Acido Zoledronico Monohidrato,1,canonico_igual,M05BA08,M05BA08,zoledronico,zoledronico
70,Aclidinio,71,Aclidinio Bromuro,1,canonico_igual,R03AL05,,aclidinio,aclidinio
72,Acoramidis,73,Acoramidis Hidrocloruro,1,canonico_igual,C01EB25,C01EB25,acoramidis,acoramidis
116,Alcohol Etilico,1354,Etilico Alcohol,1,canonico_igual,,,alcohol etilico,alcohol etilico
120,Alectinib,121,Alectinib Hidrocloruro,1,canonico_igual,L01ED03,L01ED03,alectinib,alectinib
123,Alendronato Sodio,124,Alendronato Sodio Monohidrato,1,canonico_igual,,,alendronato,alendronato
123,Alendronato Sodio,125,Alendronato Sodio Trihidrato,1,canonico_igual,,,alendronato,alendronato
124,Alendronato Sodio Monohidrato,125,Alendronato Sodio Trihidrato,1,canonico_igual,,,alendronato,alendronato
132,Alfentanilo,133,Alfentanilo Hidrocloruro,1,canonico_igual,N01AH02,N01AH01,alfentanilo,alfentanilo
134,Alfuzosina,135,Alfuzosina Hidrocloruro,1,canonico_igual,G04CA01,G04CA01,alfuzosina,alfuzosina
141,Alimemazina,142,Alimemazina Tartrato,1,canonico_igual,R06AD01,R06AD01,alimemazina,alimemazina
170,Aluminio,172,Aluminio Fosfato,1,canonico_igual,A02AB91,,aluminio,aluminio
170,Aluminio,176,Aluminio Potasio Sulfato,1,canonico_igual,A02AB91,,aluminio,aluminio
172,Aluminio Fosfato,176,Aluminio Potasio Sulfato,1,canonico_igual,,,aluminio,aluminio
173,Aluminio Hidroxido,1761,Hidroxido De Aluminio Hidratado,1,canonico_igual,A02AA91,A02AB01,aluminio hidroxido,aluminio hidroxido
175,"Aluminio Hidroxido-magnesio Carbonato,coprecipitado",2160,"Magnesio Carbonato-aluminio Hidroxido,coprecipitado",1,canonico_igual,A06AD01,A06AD01,aluminio coprecipitado hidroxido magnesio,aluminio coprecipitado hidroxido magnesio
177,Amantadina,178,Amantadina Hidrocloruro,1,canonico_igual,J05AC91,J05AC91,amantadina,amantadina
181,Ambroxol,182,Ambroxol Hidrocloruro,1,canonico_igual,R02AD05,R02AD05,ambroxol,ambroxol
188,Amidotrizoato Calcio,190,Amidotrizoato Sodio,1,canonico_igual,,,amidotrizoato,amidotrizoato
194,Amikacina,195,Amikacina Sulfato,1,canonico_igual,D06AX12,D06AX12,amikacina,amikacina
198,Amilorida,199,Amilorida Hidrocloruro,1,canonico_igual,C03DB01,C03DB01,amilorida,amilorida
203,Aminolevulinico Acido,204,Aminolevulinico Hidrocloruro,1,canonico_igual,,,aminolevulinico,aminolevulinico
206,Amiodarona,207,Amiodarona Hidrocloruro,1,canonico_igual,C01BD01,C01BD01,amiodarona,amiodarona
209,Amitriptilina,210,Amitriptilina Hidrocloruro,1,canonico_igual,N06AA09,N06AA09,amitriptilina,amitriptilina
212,Amlodipino,213,Amlodipino Besilato,1,canonico_igual,C08CA01,C08CA01,amlodipino,amlodipino
212,Amlodipino,214,Amlodipino Maleato,1,canonico_igual,C08CA01,C08CA01,amlodipino,amlodipino
213,Amlodipino Besilato,214,Amlodipino Maleato,1,canonico_igual,C08CA01,C08CA01,amlodipino,amlodipino
219,Amorolfina,220,Amorolfina Hidrocloruro,1,canonico_igual,D01AE16,D01AE16,amorolfina,amorolfina
221,Amoxicilina,222,Amoxicilina Sodica,1,canonico_igual,J01CA04,J01CA04,amoxicilina,amoxicilina
221,Amoxicilina,223,Amoxicilina Trihidrato,1,canonico_igual,J01CA04,J01CA04,amoxicilina,amoxicilina
222,Amoxicilina Sodica,223,Amoxicilina Trihidrato,1,canonico_igual,J01CA04,J01CA04,amoxicilina,amoxicilina
224,Ampicilina,225,Ampicilina Sodica,1,canonico_igual,J01CA01,J01CA01,ampicilina,ampicilina
224,Ampicilina,226,Ampicilina Trihidrato,1,canonico_igual,J01CA01,J01CA01,ampicilina,ampicilina
225,Ampicilina Sodica,226,Ampicilina Trihidrato,1,canonico_igual,J01CA01,J01CA01,ampicilina,ampicilina
229,Anagrelida,230,Anagrelida Hidrocloruro,1,canonico_igual,B01AC14,B01AC14,anagrelida,anagrelida
229,Anagrelida,231,Anagrelida Hidrocloruro Monohidrato,1,canonico_igual,B01AC14,B01AC14,anagrelida,anagrelida
230,Anagrelida Hidrocloruro,231,Anagrelida Hidrocloruro Monohidrato,1,canonico_igual,B01AC14,B01AC14,anagrelida,anagrelida
239,Angiotensina Ii,240,Angiotensina Ii Acetato,1,canonico_igual,C01CX09,C01CX09,angiotensina ii,angiotensina ii
245,Antazolina,246,Antazolina Fosfato,1,canonico_igual,R01AC04,R01AC04,antazolina,antazolina
252,Antigeno Oligosacarido Meningococo Grupo A,255,Antigeno Oligosacarido Meningococo Grupo Y,1,canonico_igual,,,antigeno grupo meningococo oligosacarido,antigeno grupo meningococo oligosacarido
272,Apomorfina,273,Apomorfina Hidrocloruro,1,canonico_igual,N04BC07,N02AA01,apomorfina,apomorfina
272,Apomorfina,274,Apomorfina Hidrocloruro Hemihidrato,1,canonico_igual,N04BC07,N02AA01,apomorfina,apomorfina
273,Apomorfina Hidrocloruro,274,Apomorfina Hidrocloruro Hemihidrato,1,canonico_igual,N02AA01,N02AA01,apomorfina,apomorfina
275,Apraclonidina,276,Apraclonidina Hidrocloruro,1,canonico_igual,S01EA03,S01EA03,apraclonidina,apraclonidina
281,Arabinosido Citosina,786,Citosina Arabinosido,1,canonico_igual,,,arabinosido citosina,arabinosido citosina
289,Aripiprazol,290,Aripiprazol Monohidrato,1,canonico_igual,N05AX12,N05AX12,aripiprazol,aripiprazol
303,Articaina,304,Articaina Hidrocloruro,1,canonico_igual,N01BB08,N01BB08,articaina,articaina
305,Asciminib,306,Asciminib Hidrocloruro,1,canonico_igual,L01EA06,L01EA06,asciminib,asciminib
309,Asenapina,310,Asenapina Maleato,1,canonico_igual,N05AH05,N05AH05,asenapina,asenapina
313,Asparagina,314,Asparagina Monohidrato,1,canonico_igual,L01XX02,,asparagina,asparagina
320,Atazanavir,321,Atazanavir Sulfato,1,canonico_igual,J05AE08,J05AE08,atazanavir,atazanavir
325,Atogepant,326,Atogepant Monohidrato,1,canonico_igual,N02CD07,N02CD07,atogepant,atogepant
327,Atomoxetina,328,Atomoxetina Hidrocloruro,1,canonico_igual,N06BA09,N06BA09,atomoxetina,atomoxetina
329,Atorvastatina,330,Atorvastatina Calcica,1,canonico_igual,C10AA05,C10AA05,atorvastatina,atorvastatina
329,Atorvastatina,331,Atorvastatina Calcica Trihidrato,1,canonico_igual,C10AA05,C10AA05,atorvastatina,atorvastatina
330,Atorvastatina Calcica,331,Atorvastatina Calcica Trihidrato,1,canonico_igual,C10AA05,C10AA05,atorvastatina,atorvastatina
332,Atosiban,333,Atosiban Acetato,1,canonico_igual,G02CX01,G02CX01,atosiban,atosiban
335,Atracurio,336,Atracurio Besilato,1,canonico_igual,M03AC11,M03AC04,atracurio,atracurio
339,Atropina,340,Atropina Sulfato,1,canonico_igual,A03BA01,A03BA01,atropina,atropina
339,Atropina,341,Atropina Sulfato Monohidrato,1,canonico_igual,A03BA01,A03BA01,atropina,atropina
340,Atropina Sulfato,341,Atropina Sulfato Monohidrato,1,canonico_igual,A03BA01,A03BA01,atropina,atropina
342,Aurotiosulfato,343,Aurotiosulfato Sodio,1,canonico_igual,M01CB02,V03AB06,aurotiosulfato,aurotiosulfato
348,Avatrombopag,349,Avatrombopag Maleato,1,canonico_igual,B02BX08,B02BX08,avatrombopag,avatrombopag
351,Avibactam,352,Avibactam Sodio,1,canonico_igual,,,avibactam,avibactam
362,Azelastina,363,Azelastina Hidrocloruro,1,canonico_igual,S01GX07,S01GX07,azelastina,azelastina
366,Azitromicina,367,Azitromicina Dihidrato,1,canonico_igual,J01FA10,J01FA10,azitromicina,azitromicina
366,Azitromicina,368,Azitromicina Monohidrato,1,canonico_igual,J01FA10,J01FA10,azitromicina,azitromicina
367,Azitromicina Dihidrato,368,Azitromicina Monohidrato,1,canonico_igual,J01FA10,J01FA10,azitromicina,azitromicina
386,Bambuterol,387,Bambuterol Hidrocloruro,1,canonico_igual,R03CC12,R03CC12,bambuterol,bambuterol
390,Bario,391,Bario Sulfato,1,canonico_igual,V08BA01,,bario,bario
392,Barnidipino,393,Barnidipino Hidrocloruro,1,canonico_igual,C08CA12,C08CA12,barnidipino,barnidipino
395,Bazedoxifeno,396,Bazedoxifeno Acetato,1,canonico_igual,G03XC02,G03XC02,bazedoxifeno,bazedoxifeno
401,Bedaquilina,402,Bedaquilina Fumarato,1,canonico_igual,J04AK05,J04AK05,bedaquilina,bedaquilina
407,Belumosudil Mesilato,3824,Belumosudil,1,canonico_igual,L04AA48,L04AA48,belumosudil,belumosudil
409,Bemiparina,410,Bemiparina Sodica,1,canonico_igual,B01AB12,B01AB12,bemiparina,bemiparina
412,Benazepril,413,Benazepril Hidrocloruro,1,canonico_igual,C09AA07,C09AA07,benazepril,benazepril
416,Bencidamina,417,Bencidamina Hidrocloruro,1,canonico_igual,A01AD02,A01AD02,bencidamina,bencidamina
420,Bencilpenicilina,421,Bencilpenicilina Potasica,1,canonico_igual,J01CE01,J01CE01,bencilpenicilina,bencilpenicilina
420,Bencilpenicilina,423,Bencilpenicilina Sodica,1,canonico_igual,J01CE01,J01CE01,bencilpenicilina,bencilpenicilina
421,Bencilpenicilina Potasica,423,Bencilpenicilina Sodica,1,canonico_igual,J01CE01,J01CE01,bencilpenicilina,bencilpenicilina
425,Bendamustina,426,Bendamustina Hidrocloruro,1,canonico_igual,L01AA09,L01AA09,bendamustina,bendamustina
425,Bendamustina,427,Bendamustina Hidrocloruro Monohidrato,1,canonico_igual,L01AA09,L01AA09,bendamustina,bendamustina
426,Bendamustina Hidrocloruro,427,Bendamustina Hidrocloruro Monohidrato,1,canonico_igual,L01AA09,L01AA09,bendamustina,bendamustina
433,Benserazida,434,Benserazida Hidrocloruro,1,canonico_igual,,,benserazida,benserazida
436,Benzalconio,437,Benzalconio Cloruro,1,canonico_igual,D08AJ01,D08AJ01,benzalconio,benzalconio
453,Betahistina,455,Betahistina Hidrocloruro,1,canonico_igual,N07CA01,N07CA01,betahistina,betahistina
456,Betaina,457,Betaina Anhidra,1,canonico_igual,A16AA06,A16AA06,betaina,betaina
458,Betametasona,459,Betametasona Acetato,1,canonico_igual,S01CB04,S01CB04,betametasona,betametasona
458,Betametasona,461,Betametasona Fosfato Sodio,1,canonico_igual,S01CB04,S01CB04,betametasona,betametasona
459,Betametasona Acetato,461,Betametasona Fosfato Sodio,1,canonico_igual,S01CB04,S01CB04,betametasona,betametasona
465,Betaxolol,466,Betaxolol Hidrocloruro,1,canonico_igual,C07AB05,C07AB05,betaxolol,betaxolol
478,Bictegravir,479,Bictegravir Sodio,1,canonico_igual,J05AR20,,bictegravir,bictegravir
481,Bilastina,482,Bilastina Monohidrato,1,canonico_igual,R06AX29,R06AX29,bilastina,bilastina
491,Bismuto Subcitrato,493,Bismuto Subcitrato Potasio,1,canonico_igual,,,bismuto subcitrato,bismuto subcitrato
494,Bisoprolol Fumarato,3830,Bisoprolol,1,canonico_igual,C07AB07,C07AB07,bisoprolol,bisoprolol
497,Bleomicina,498,Bleomicina Sulfato,1,canonico_igual,L01DC01,L01DC01,bleomicina,bleomicina
505,Bosentan,506,Bosentan Monohidrato,1,canonico_igual,C02KX01,C02KX01,bosentan,bosentan
507,Bosutinib Dihidrato,508,Bosutinib Monohidrato,1,canonico_igual,L01EA04,L01EA04,bosutinib,bosutinib
507,Bosutinib Dihidrato,3839,Bosutinib,1,canonico_igual,L01EA04,L01EA04,bosutinib,bosutinib
508,Bosutinib Monohidrato,3839,Bosutinib,1,canonico_igual,L01EA04,L01EA04,bosutinib,bosutinib
517,Brimonidina,518,Brimonidina Tartrato,1,canonico_igual,D11AX21,D11AX21,brimonidina,brimonidina
525,Bromfenaco,526,Bromfenaco Sodico,1,canonico_igual,S01BC11,S01BC11,bromfenaco,bromfenaco
528,Bromfeniramina,529,Bromfeniramina Maleato,1,canonico_igual,R06AB01,R06AB01,bromfeniramina,bromfeniramina
530,Bromhexina,531,Bromhexina Hidrocloruro,1,canonico_igual,R05CB02,R05CB02,bromhexina,bromhexina
532,Bromocriptina,533,Bromocriptina Mesilato,1,canonico_igual,G02CB01,G02CB01,bromocriptina,bromocriptina
537,Bromuro De Ipratropio Monohidratado,1908,Ipratropio,1,canonico_igual,N02AA02,N02AA02,ipratropio,ipratropio
537,Bromuro De Ipratropio Monohidratado,1909,Ipratropio Bromuro,1,canonico_igual,N02AA02,N02AA02,ipratropio,ipratropio
1908,Ipratropio,1909,Ipratropio Bromuro,1,canonico_igual,N02AA02,N02AA02,ipratropio,ipratropio
539,Brovanexina,540,Brovanexina Hidrocloruro,1,canonico_igual,,,brovanexina,brovanexina
542,Bulevirtida,543,Bulevirtida Acetato,1,canonico_igual,J05AX28,J05AX28,bulevirtida,bulevirtida
545,Bupivacaina,546,Bupivacaina Hidrocloruro,1,canonico_igual,N01BB01,N01BB01,bupivacaina,bupivacaina
547,Buprenorfina,548,Buprenorfina Hidrocloruro,1,canonico_igual,N02AE01,N02AE01,buprenorfina,buprenorfina
550,Buserelina,551,Buserelina Acetato,1,canonico_igual,L02AE01,L02AE01,buserelina,buserelina
558,Cabotegravir,559,Cabotegravir Sodio,1,canonico_igual,J05AJ04,J05AJ04,cabotegravir,cabotegravir
560,Cabozantinib,561,Cabozantinib Maleato,1,canonico_igual,L01EX07,L01EX07,cabozantinib,cabozantinib
564,Cafeina,565,Cafeina Anhidra,1,canonico_igual,N06BC01,N06BC01,cafeina,cafeina
564,Cafeina,566,Cafeina Citrato,1,canonico_igual,N06BC01,N06BC01,cafeina,cafeina
565,Cafeina Anhidra,566,Cafeina Citrato,1,canonico_igual,N06BC01,N06BC01,cafeina,cafeina
568,Calcifediol,569,Calcifediol Monohidrato,1,canonico_igual,A11CC06,A11CC06,calcifediol,calcifediol
577,Calcipotriol,578,Calcipotriol Monohidrato,1,canonico_igual,D05AX02,D05AX02,calcipotriol,calcipotriol
585,Canagliflozina,586,Canagliflozina Monohidrato,1,canonico_igual,A10BK02,A10BK02,canagliflozina,canagliflozina
599,Capreomicina,600,Capreomicina Sulfato,1,canonico_igual,J04AB30,J04AB30,capreomicina,capreomicina
610,Carbidopa,611,Carbidopa Monohidrato,1,canonico_igual,,,carbidopa,carbidopa
631,Cariprazina,632,Cariprazina Hidrocloruro,1,canonico_igual,N05AX15,N05AX15,cariprazina,cariprazina
633,Carmelosa,634,Carmelosa Sodica,1,canonico_igual,S01KA91,,carmelosa,carmelosa
637,Carnitina,638,Carnitina Hidrocloruro,1,canonico_igual,A16AA01,,carnitina,carnitina
642,Carteolol,643,Carteolol Hidrocloruro,1,canonico_igual,C07AA15,C07AA15,carteolol,carteolol
650,Caspofungina,651,Caspofungina Acetato,1,canonico_igual,J02AX04,J02AX04,caspofungina,caspofungina
664,Cefaclor,665,Cefaclor Monohidrato,1,canonico_igual,J01DC04,J01DC04,cefaclor,cefaclor
666,Cefadroxilo,667,Cefadroxilo Monohidrato,1,canonico_igual,J01DB05,J01DB05,cefadroxilo,cefadroxilo
668,Cefalexina,669,Cefalexina Monohidrato,1,canonico_igual,J01DB01,J01DB01,cefalexina,cefalexina
670,Cefazolina,671,Cefazolina Sodica,1,canonico_igual,J01DB04,J01DB04,cefazolina,cefazolina
675,Cefixima,676,Cefixima Trihidrato,1,canonico_igual,J01DD08,J01DD08,cefixima,cefixima
677,Cefotaxima,678,Cefotaxima Sodica,1,canonico_igual,J01DD01,J01DD01,cefotaxima,cefotaxima
679,Cefoxitina,680,Cefoxitina Sodica,1,canonico_igual,J01DC01,J01DC01,cefoxitina,cefoxitina
685,Ceftolozano,686,Ceftolozano Sulfato,1,canonico_igual,J01DI54,,ceftolozano,ceftolozano
687,Ceftriaxona,688,Ceftriaxona Sodica,1,canonico_igual,J01DD04,J01DD04,ceftriaxona,ceftriaxona
689,Cefuroxima,691,Cefuroxima Sodica,1,canonico_igual,J01DC02,J01DC02,cefuroxima,cefuroxima
705,Cerio Nitrato,3924,Cerio,1,canonico_igual,,A04AD02,cerio,cerio
710,Cetirizina,712,Cetirizina Hidrocloruro,1,canonico_igual,S01GX12,S01GX12,cetirizina,cetirizina
714,Ceto Isoleucina,715,Ceto Isoleucina Calcica,1,canonico_igual,,,ceto isoleucina,ceto isoleucina
716,Ceto Leucina,717,Ceto Leucina Calcica,1,canonico_igual,,,ceto leucina,ceto leucina
718,Ceto Valina,719,Ceto Valina Calcica,1,canonico_igual,,,ceto valina,ceto valina
726,Ciclobenzaprina,727,Ciclobenzaprina Hidrocloruro,1,canonico_igual,M03BX08,M03BX08,ciclobenzaprina,ciclobenzaprina
728,Ciclofosfamida,729,Ciclofosfamida Monohidrato,1,canonico_igual,L01AA01,L01AA01,ciclofosfamida,ciclofosfamida
732,Ciclopentolato,733,Ciclopentolato Hidrocloruro,1,canonico_igual,S01FA04,S01FA04,ciclopentolato,ciclopentolato
738,Cidofovir Dihidrato,3933,Cidofovir,1,canonico_igual,J05AB12,J05AB12,cidofovir,cidofovir
741,Cilastatina,742,Cilastatina Sodica,1,canonico_igual,J01DH51,,cilastatina,cilastatina
743,Cilazapril,744,Cilazapril Monohidrato,1,canonico_igual,C09AA08,C09AA08,cilazapril,cilazapril
751,Cinacalcet,752,Cinacalcet Hidrocloruro,1,canonico_igual,H05BX01,H05BX01,cinacalcet,cinacalcet
756,Cincocaina,757,Cincocaina Hidrocloruro,1,canonico_igual,C05AD04,C05AD04,cincocaina,cincocaina
758,Cinitaprida,760,Cinitaprida Tartrato Acido,1,canonico_igual,A03FA08,A03FA08,cinitaprida,cinitaprida
764,Ciprofloxacino,765,Ciprofloxacino Hidrocloruro,1,canonico_igual,S01AE03,S01AE01,ciprofloxacino,ciprofloxacino
766,Ciproheptadina,768,Ciproheptadina Hidrocloruro,1,canonico_igual,R06AX02,R06AX02,ciproheptadina,ciproheptadina
769,Ciproterona,770,Ciproterona Acetato,1,canonico_igual,G03HA01,G03HA01,ciproterona,ciproterona
771,Cisatracurio,772,Cisatracurio Besilato,1,canonico_igual,M03AC11,M03AC11,cisatracurio,cisatracurio
777,Citalopram,778,Citalopram Hidrobromuro,1,canonico_igual,N06AB04,N06AB04,citalopram,citalopram
780,Citicolina,781,Citicolina Sodica,1,canonico_igual,N06BX06,N06BX06,citicolina,citicolina
788,Citrato Magnesio,1965,Lactato Magnesio,1,canonico_igual,,,magnesio,magnesio
788,Citrato Magnesio,2157,Magnesio,1,canonico_igual,,A02AD91,magnesio,magnesio
788,Citrato Magnesio,2158,Magnesio Bromuro,1,canonico_igual,,,magnesio,magnesio
788,Citrato Magnesio,2159,Magnesio Carbonato,1,canonico_igual,,A06AD01,magnesio,magnesio
788,Citrato Magnesio,2161,Magnesio Cloruro,1,canonico_igual,,,magnesio,magnesio
788,Citrato Magnesio,2163,Magnesio Fluoruro,1,canonico_igual,,,magnesio,magnesio
788,Citrato Magnesio,2169,Magnesio Sulfato,1,canonico_igual,,A06AD04,magnesio,magnesio
1965,Lactato Magnesio,2157,Magnesio,1,canonico_igual,,A02AD91,magnesio,magnesio
1965,Lactato Magnesio,2158,Magnesio Bromuro,1,canonico_igual,,,magnesio,magnesio
1965,Lactato Magnesio,2159,Magnesio Carbonato,1,canonico_igual,,A06AD01,magnesio,magnesio
1965,Lactato Magnesio,2161,Magnesio Cloruro,1,canonico_igual,,,magnesio,magnesio
1965,Lactato Magnesio,2163,Magnesio Fluoruro,1,canonico_igual,,,magnesio,magnesio
1965,Lactato Magnesio,2169,Magnesio Sulfato,1,canonico_igual,,A06AD04,magnesio,magnesio
2157,Magnesio,2158,Magnesio Bromuro,1,canonico_igual,A02AD91,,magnesio,magnesio
2157,Magnesio,2159,Magnesio Carbonato,1,canonico_igual,A02AD91,A06AD01,magnesio,magnesio
2157,Magnesio,2161,Magnesio Cloruro,1,canonico_igual,A02AD91,,magnesio,magnesio
2157,Magnesio,2163,Magnesio Fluoruro,1,canonico_igual,A02AD91,,magnesio,magnesio
2157,Magnesio,2169,Magnesio Sulfato,1,canonico_igual,A02AD91,A06AD04,magnesio,magnesio
2158,Magnesio Bromuro,2159,Magnesio Carbonato,1,canonico_igual,,A06AD01,magnesio,magnesio
2158,Magnesio Bromuro,2161,Magnesio Cloruro,1,canonico_igual,,,magnesio,magnesio
2158,Magnesio Bromuro,2163,Magnesio Fluoruro,1,canonico_igual,,,magnesio,magnesio
2158,Magnesio Bromuro,2169,Magnesio Sulfato,1,canonico_igual,,A06AD04,magnesio,magnesio
2159,Magnesio Carbonato,2161,Magnesio Cloruro,1,canonico_igual,A06AD01,,magnesio,magnesio
2159,Magnesio Carbonato,2163,Magnesio Fluoruro,1,canonico_igual,A06AD01,,magnesio,magnesio
2159,Magnesio Carbonato,2169,Magnesio Sulfato,1,canonico_igual,A06AD01,A06AD04,magnesio,magnesio
2161,Magnesio Cloruro,2163,Magnesio Fluoruro,1,canonico_igual,,,magnesio,magnesio
2161,Magnesio Cloruro,2169,Magnesio Sulfato,1,canonico_igual,,A06AD04,magnesio,magnesio
2163,Magnesio Fluoruro,2169,Magnesio Sulfato,1,canonico_igual,,A06AD04,magnesio,magnesio
793,Citrico Acido,794,Citrico Acido Anhidro,1,canonico_igual,G04BC92,,citrico,citrico
793,Citrico Acido,795,Citrico Acido Monohidrato,1,canonico_igual,G04BC92,,citrico,citrico
794,Citrico Acido Anhidro,795,Citrico Acido Monohidrato,1,canonico_igual,,,citrico,citrico
801,Claritromicina,802,Claritromicina Citrato,1,canonico_igual,J01FA09,J01FA09,claritromicina,claritromicina
812,Clindamicina,813,Clindamicina Fosfato,1,canonico_igual,D10AF01,D10AF01,clindamicina,clindamicina
812,Clindamicina,814,Clindamicina Hidrocloruro,1,canonico_igual,D10AF01,D10AF01,clindamicina,clindamicina
813,Clindamicina Fosfato,814,Clindamicina Hidrocloruro,1,canonico_igual,D10AF01,D10AF01,clindamicina,clindamicina
825,Clomifeno Citrato,3938,Clomifeno,1,canonico_igual,G03GB02,G03GB02,clomifeno,clomifeno
826,Clomipramina,827,Clomipramina Hidrocloruro,1,canonico_igual,N06AA04,N06AA04,clomipramina,clomipramina
829,Clonidina,830,Clonidina Hidrocloruro,1,canonico_igual,S01EA04,S01EA04,clonidina,clonidina
832,Cloperastina,834,Cloperastina Hidrocloruro,1,canonico_igual,R05DB21,R05DB21,cloperastina,cloperastina
835,Clopidogrel Besilato,3940,Clopidogrel,1,canonico_igual,B01AC04,B01AC04,clopidogrel,clopidogrel
835,Clopidogrel Besilato,3941,Clopidogrel Hidrocloruro,1,canonico_igual,B01AC04,B01AC04,clopidogrel,clopidogrel
3940,Clopidogrel,3941,Clopidogrel Hidrocloruro,1,canonico_igual,B01AC04,B01AC04,clopidogrel,clopidogrel
842,Clordiazepoxido,843,Clordiazepoxido Hidrocloruro,1,canonico_igual,N05BA02,N05BA02,clordiazepoxido,clordiazepoxido
845,Clorfenamina,846,Clorfenamina Maleato,1,canonico_igual,R06AB04,R06AB04,clorfenamina,clorfenamina
848,Clorhexidina,849,Clorhexidina Acetato,1,canonico_igual,S02AA09,S02AA09,clorhexidina,clorhexidina
848,Clorhexidina,852,Clorhexidina Hidrocloruro,1,canonico_igual,S02AA09,S02AA09,clorhexidina,clorhexidina
849,Clorhexidina Acetato,852,Clorhexidina Hidrocloruro,1,canonico_igual,S02AA09,S02AA09,clorhexidina,clorhexidina
854,Clormadinona,855,Clormadinona Acetato,1,canonico_igual,G03DB06,G03DB06,clormadinona,clormadinona
857,Clorobutanol,858,Clorobutanol Hemihidrato,1,canonico_igual,A04AD04,A04AD04,clorobutanol,clorobutanol
859,Cloroprocaina,860,Cloroprocaina Hidrocloruro,1,canonico_igual,N01BA04,C05AD05,cloroprocaina,cloroprocaina
862,Cloroquina,863,Cloroquina Fosfato,1,canonico_igual,P01BA01,P01BA01,cloroquina,cloroquina
866,Clorpromazina,867,Clorpromazina Hidrocloruro,1,canonico_igual,N05AA01,N05AA01,clorpromazina,clorpromazina
870,Clortetraciclina,871,Clortetraciclina Hidrocloruro,1,canonico_igual,A01AB21,S02AA08,clortetraciclina,clortetraciclina
879,Cloxacilina,880,Cloxacilina Sodica,1,canonico_igual,J01CF02,J01CF02,cloxacilina,cloxacilina
883,Cobalto,884,Cobalto Cloruro,1,canonico_igual,V09XX01,,cobalto,cobalto
887,Cobre Carbonato,888,Cobre Cloruro Dihidrato,1,canonico_igual,,,cobre,cobre
887,Cobre Carbonato,3857,Cobre,1,canonico_igual,,V03AB20,cobre,cobre
888,Cobre Cloruro Dihidrato,3857,Cobre,1,canonico_igual,,V03AB20,cobre,cobre
893,Codeina,894,Codeina Fosfato,1,canonico_igual,R05DA04,R05DA04,codeina,codeina
893,Codeina,895,Codeina Fosfato Hemihidrato,1,canonico_igual,R05DA04,R05DA04,codeina,codeina
894,Codeina Fosfato,895,Codeina Fosfato Hemihidrato,1,canonico_igual,R05DA04,R05DA04,codeina,codeina
902,Colesevelam,903,Colesevelam Hidrocloruro,1,canonico_igual,C10AC04,C10AC04,colesevelam,colesevelam
916,Condroitina,917,Condroitina Sulfato Sodio,1,canonico_igual,,,condroitina,condroitina
932,Crecimiento Hormona,1797,Hormona Crecimiento,1,canonico_igual,,,crecimiento hormona,crecimiento hormona
937,Cromoglicato De Sodio,3196,Sodio Cromoglicato,1,canonico_igual,R03AK04,,cromoglicato,cromoglicato
946,Dabigatran Etexilato,947,Dabigatran Etexilato Mesilato,1,canonico_igual,B01AE07,B01AE07,dabigatran etexilato,dabigatran etexilato
948,Dabrafenib,949,Dabrafenib Mesilato,1,canonico_igual,L01EC02,L01EC02,dabrafenib,dabrafenib
951,Dacomitinib,952,Dacomitinib Monohidrato,1,canonico_igual,L01EB07,L01EB07,dacomitinib,dacomitinib
953,Dalbavancina,954,Dalbavancina Hidrocloruro,1,canonico_igual,J01XA04,J01XA04,dalbavancina,dalbavancina
956,Dalteparina,957,Dalteparina Sodica,1,canonico_igual,B01AB04,B01AB04,dalteparina,dalteparina
965,Dapagliflozina Propanodiol,966,Dapagliflozina Propanodiol Monohidrato,1,canonico_igual,A10BK01,A10BK01,dapagliflozina propanodiol,dapagliflozina propanodiol
972,Daridorexant,973,Daridorexant Hidrocloruro,1,canonico_igual,N05CJ03,N05CJ03,daridorexant,daridorexant
974,Darifenacina,975,Darifenacina Hidrobromuro,1,canonico_igual,G04BD10,G04BD10,darifenacina,darifenacina
982,Dasatinib,983,Dasatinib Monohidrato,1,canonico_igual,L01XE06,L01XE06,dasatinib,dasatinib
985,Daunorubicina,986,Daunorubicina Hidrocloruro,1,canonico_igual,L01DB02,L01DB02,daunorubicina,daunorubicina
994,Decualinio,995,Decualinio Cloruro,1,canonico_igual,D08AH01,D08AH01,decualinio,decualinio
998,Deferoxamina,999,Deferoxamina Mesilato,1,canonico_igual,V03AC01,V03AC01,deferoxamina,deferoxamina
1001,Degarelix,1002,Degarelix Acetato,1,canonico_igual,L02BX02,L02BX02,degarelix,degarelix
1007,Delapril,1008,Delapril Hidrocloruro,1,canonico_igual,C09AA12,C09AA12,delapril,delapril
1021,Desfesoterodina,1022,Desfesoterodina Succinato,1,canonico_igual,G04BD13,G04BD11,desfesoterodina,desfesoterodina
1026,Desmopresina,1027,Desmopresina Acetato,1,canonico_igual,H01BA02,H01BA02,desmopresina,desmopresina
1029,Desvenlafaxina,1031,Desvenlafaxina Succinato Monohidrato,1,canonico_igual,N06AX23,N06AX16,desvenlafaxina,desvenlafaxina
1034,Dexametasona,1035,Dexametasona Fosfato,1,canonico_igual,S01CB01,S01CB01,dexametasona,dexametasona
1034,Dexametasona,1036,Dexametasona Fosfato Disodio,1,canonico_igual,S01CB01,S01CB01,dexametasona,dexametasona
1034,Dexametasona,1037,Dexametasona Fosfato Sodio,1,canonico_igual,S01CB01,S01CB01,dexametasona,dexametasona
1035,Dexametasona Fosfato,1036,Dexametasona Fosfato Disodio,1,canonico_igual,S01CB01,S01CB01,dexametasona,dexametasona
1035,Dexametasona Fosfato,1037,Dexametasona Fosfato Sodio,1,canonico_igual,S01CB01,S01CB01,dexametasona,dexametasona
1036,Dexametasona Fosfato Disodio,1037,Dexametasona Fosfato Sodio,1,canonico_igual,S01CB01,S01CB01,dexametasona,dexametasona
1038,Dexametasona Metasulfobenzoato,1039,Dexametasona Metasulfobenzoato Sodico,1,canonico_igual,S01CB01,S01CB01,dexametasona metasulfobenzoato,dexametasona metasulfobenzoato
1041,Dexanfetamina,1042,Dexanfetamina Sulfato,1,canonico_igual,N06BA02,N06BA01,dexanfetamina,dexanfetamina
1043,Dexclorfeniramina,1044,Dexclorfeniramina Maleato,1,canonico_igual,R06AB02,R06AB02,dexclorfeniramina,dexclorfeniramina
1046,Dexmedetomidina,1047,Dexmedetomidina Hidrocloruro,1,canonico_igual,N05CM18,N05CM18,dexmedetomidina,dexmedetomidina
1053,Dextrometorfano,1054,Dextrometorfano Hidrobromuro,1,canonico_igual,R05DA09,R05DA09,dextrometorfano,dextrometorfano
1071,Dicicloverina,1072,Dicicloverina Hidrocloruro,1,canonico_igual,A03AA07,A03AA07,dicicloverina,dicicloverina
1073,Diclofenaco,1076,Diclofenaco Sodico,1,canonico_igual,D11AX18,D11AX18,diclofenaco,diclofenaco
1081,Difelicefalina,1082,Difelicefalina Acetato,1,canonico_igual,V03AX04,V03AX04,difelicefalina,difelicefalina
1083,Difenhidramina,1084,Difenhidramina Hidrocloruro,1,canonico_igual,D04AA32,D04AA32,difenhidramina,difenhidramina
1087,Difenilmetoxi-8-isopropilnortropano,1088,Difenilmetoxi-8-isopropilnortropano Mesilato,1,canonico_igual,,,8 difenilmetoxi isopropilnortropano,8 difenilmetoxi isopropilnortropano
1100,Dihidroergocristina,1101,Dihidroergocristina Mesilato,1,canonico_igual,C04AE04,C04AE04,dihidroergocristina,dihidroergocristina
1102,Dihidroestreptomicina,1103,Dihidroestreptomicina Sulfato,1,canonico_igual,J01GA91,A07AA04,dihidroestreptomicina,dihidroestreptomicina
1104,Dihidrogenofosfato De Sodio Dihidrato,1105,Dihidrogenofosfato De Sodio Monohidrato,1,canonico_igual,A06AD17,A06AD17,dihidrogenofosfato,dihidrogenofosfato
1104,Dihidrogenofosfato De Sodio Dihidrato,2850,Potasio Dihidrogenofosfato,1,canonico_igual,A06AD17,,dihidrogenofosfato,dihidrogenofosfato
1104,Dihidrogenofosfato De Sodio Dihidrato,3197,Sodio Dihidrogenofosfato,1,canonico_igual,A06AD17,,dihidrogenofosfato,dihidrogenofosfato
1105,Dihidrogenofosfato De Sodio Monohidrato,2850,Potasio Dihidrogenofosfato,1,canonico_igual,A06AD17,,dihidrogenofosfato,dihidrogenofosfato
1105,Dihidrogenofosfato De Sodio Monohidrato,3197,Sodio Dihidrogenofosfato,1,canonico_igual,A06AD17,,dihidrogenofosfato,dihidrogenofosfato
2850,Potasio Dihidrogenofosfato,3197,Sodio Dihidrogenofosfato,1,canonico_igual,,,dihidrogenofosfato,dihidrogenofosfato
1111,Diltiazem,1112,Diltiazem Hidrocloruro,1,canonico_igual,C08DB01,C08DB01,diltiazem,diltiazem
1116,Dimetindeno Maleato,4023,Dimetindeno,1,canonico_igual,D04AA13,D04AA13,dimetindeno,dimetindeno
1128,Dobesilato De Calcio,1129,Dobesilato De Calcio Monohidrato,1,canonico_igual,C05BX01,C05BX01,dobesilato,dobesilato
1131,Dobutamina,1132,Dobutamina Hidrocloruro,1,canonico_igual,C01CA07,C01CA07,dobutamina,dobutamina
1133,Docetaxel,1134,Docetaxel Trihidrato,1,canonico_igual,L01CD02,L01CD02,docetaxel,docetaxel
1137,Dolutegravir,1138,Dolutegravir Sodio,1,canonico_igual,J05AJ03,J05AJ03,dolutegravir,dolutegravir
1139,Domperidona,1140,Domperidona Maleato,1,canonico_igual,A03FA03,A03FA03,domperidona,domperidona
1142,Donepezilo Hidrocloruro Monohidrato,3946,Donepezilo Hidrocloruro,1,canonico_igual,N06DA02,N06DA02,donepezilo,donepezilo
1142,Donepezilo Hidrocloruro Monohidrato,4026,Donepezilo,1,canonico_igual,N06DA02,N06DA02,donepezilo,donepezilo
3946,Donepezilo Hidrocloruro,4026,Donepezilo,1,canonico_igual,N06DA02,N06DA02,donepezilo,donepezilo
1143,Donidalorsen,1144,Donidalorsen Sodico,1,canonico_igual,B06AC09,B06AC09,donidalorsen,donidalorsen
1145,Dopamina,1146,Dopamina Hidrocloruro,1,canonico_igual,C01CA04,C01CA04,dopamina,dopamina
1149,Dorzolamida,1150,Dorzolamida Hidrocloruro,1,canonico_igual,S01EC03,S01EC03,dorzolamida,dorzolamida
1152,Doxazosina,1153,Doxazosina Mesilato,1,canonico_igual,C02CA04,C02CA04,doxazosina,doxazosina
1154,Doxepina,1155,Doxepina Hidrocloruro,1,canonico_igual,N06AA12,N06AA12,doxepina,doxepina
1156,Doxiciclina,1158,Doxiciclina Hidrocloruro,1,canonico_igual,A01AB22,A01AB22,doxiciclina,doxiciclina
1161,Doxorubicina,1162,Doxorubicina Hidrocloruro,1,canonico_igual,L01DB01,L01DB01,doxorubicina,doxorubicina
1165,Dronedarona,1166,Dronedarona Clorhidrato,1,canonico_igual,C01BD07,C01BD07,dronedarona,dronedarona
1173,Duloxetina,1174,Duloxetina Hidrocloruro,1,canonico_igual,N06AX21,N06AX21,duloxetina,duloxetina
1179,Eberconazol,1180,Eberconazol Nitrato,1,canonico_igual,D01AC17,D01AC17,eberconazol,eberconazol
1193,Edoxaban Tosilato,1194,Edoxaban Tosilato Monohidrato,1,canonico_igual,B01AF03,B01AF03,edoxaban tosilato,edoxaban tosilato
1198,Efedrina,1199,Efedrina Hidrocloruro,1,canonico_igual,C01CA26,C01CA26,efedrina,efedrina
1201,Eflornitina,1202,Eflornitina Hidrocloruro,1,canonico_igual,D11AX16,D11AX16,eflornitina,eflornitina
1211,Eletriptan,1212,Eletriptan Hidrobromuro,1,canonico_igual,N02CC06,N02CC06,eletriptan,eletriptan
1227,Enalapril,1228,Enalapril Maleato,1,canonico_igual,C09AA02,C09AA02,enalapril,enalapril
1233,Enoxaparina,1234,Enoxaparina Sodica,1,canonico_igual,B01AB05,B01AB05,enoxaparina,enoxaparina
1237,Entecavir,1238,Entecavir Monohidrato,1,canonico_igual,J05AF10,J05AF10,entecavir,entecavir
1242,Epinastina,1243,Epinastina Clorhidrato,1,canonico_igual,S01GX10,S01GX10,epinastina,epinastina
1244,Epinefrina,1246,Epinefrina Tartrato,1,canonico_igual,S01EA01,S01EA01,epinefrina,epinefrina
1247,Epirubicina,1248,Epirubicina Hidrocloruro,1,canonico_igual,L01DB03,L01DB03,epirubicina,epirubicina
1254,Eprosartan,1255,Eprosartan Mesilato Dihidrato,1,canonico_igual,C09CA02,C09CA02,eprosartan,eprosartan
1263,Erbio Er-169 Citrato,3864,Erbio Er-169,1,canonico_igual,,,169 er erbio,169 er erbio
1267,Ergotamina,1268,Ergotamina Tartrato,1,canonico_igual,N02CA02,N02CA02,ergotamina,ergotamina
1269,Eribulina,1270,Eribulina Mesilato,1,canonico_igual,L01XX41,L01XX41,eribulina,eribulina
1276,Ertapenem,1277,Ertapenem Sodio,1,canonico_igual,J01DH03,J01DH03,ertapenem,ertapenem
1284,Escopolamina,1285,Escopolamina Hidrobromuro,1,canonico_igual,A04AD01,A04AD01,escopolamina,escopolamina
1306,Esketamina,1307,Esketamina Hidrocloruro,1,canonico_igual,N01AX14,N01AX03,esketamina,esketamina
1308,Eslicarbazepina,1309,Eslicarbazepina Acetato,1,canonico_igual,N03AF04,N03AF04,eslicarbazepina,eslicarbazepina
1310,Esomeprazol,1314,Esomeprazol Sodico,1,canonico_igual,A02BC05,A02BC01,esomeprazol,esomeprazol
1311,Esomeprazol Magnesico,1312,Esomeprazol Magnesico Dihidrato,1,canonico_igual,A02BC01,A02BC01,esomeprazol magnesico,esomeprazol magnesico
1321,Estaño,1322,Estaño Cloruro Dihidrato,1,canonico_igual,A01AA04,,estano,estano
1325,Estetrol Monohidrato,4079,Estetrol,1,canonico_igual,G03CA10,G03CA10,estetrol,estetrol
1327,Estradiol,1328,Estradiol Hemihidrato,1,canonico_igual,G03CA03,G03CA03,estradiol,estradiol
1330,Estramustina,1331,Estramustina Fosfato Sodio,1,canonico_igual,L01XX11,L01XX11,estramustina,estramustina
1333,Estreptomicina,1334,Estreptomicina Sulfato,1,canonico_igual,A07AA04,A07AA04,estreptomicina,estreptomicina
1338,Etambutol,1339,Etambutol Hidrocloruro,1,canonico_igual,J04AK02,J04AK02,etambutol,etambutol
1345,Etelcalcetida,1346,Etelcalcetida Hidrocloruro,1,canonico_igual,H05BX04,H05BX04,etelcalcetida,etelcalcetida
1402,Febuxostat,1403,Febuxostat Hemihidrato,1,canonico_igual,M04AA03,M04AA03,febuxostat,febuxostat
1408,Fenazopiridina,1409,Fenazopiridina Hidrocloruro,1,canonico_igual,G04BX06,G04BX06,fenazopiridina,fenazopiridina
1410,Fenfluramina,1411,Fenfluramina Hidrocloruro,1,canonico_igual,A08AA02,A08AA02,fenfluramina,fenfluramina
1419,Fenilefrina,1421,Fenilefrina Hidrocloruro,1,canonico_igual,C01CA06,C01CA06,fenilefrina,fenilefrina
1426,Fenilpropanolamina,1427,Fenilpropanolamina Hidrocloruro,1,canonico_igual,R01BA01,D08AX03,fenilpropanolamina,fenilpropanolamina
1428,Fenitoina,1429,Fenitoina Sodica,1,canonico_igual,N03AB02,N03AB02,fenitoina,fenitoina
1431,Fenofibrato,1432,Fenofibrato Micronizado,1,canonico_igual,C10AB05,C10AB05,fenofibrato,fenofibrato
1433,Fenoximetilpenicilina,1434,Fenoximetilpenicilina Calcica,1,canonico_igual,J01CE02,J01CE02,fenoximetilpenicilina,fenoximetilpenicilina
1433,Fenoximetilpenicilina,1435,Fenoximetilpenicilina Potasica,1,canonico_igual,J01CE02,J01CE02,fenoximetilpenicilina,fenoximetilpenicilina
1434,Fenoximetilpenicilina Calcica,1435,Fenoximetilpenicilina Potasica,1,canonico_igual,J01CE02,J01CE02,fenoximetilpenicilina,fenoximetilpenicilina
1437,Fentanilo,1438,Fentanilo Citrato,1,canonico_igual,N01AH01,N01AH01,fentanilo,fentanilo
1439,Fenticonazol,1440,Fenticonazol Nitrato,1,canonico_igual,G01AF12,G01AF12,fenticonazol,fenticonazol
1444,Ferroglicina,1445,Ferroglicina Sulfato,1,canonico_igual,B05CX03,B05CX03,ferroglicina,ferroglicina
1446,Fesoterodina,1447,Fesoterodina Fumarato,1,canonico_igual,G04BD11,G04BD11,fesoterodina,fesoterodina
1448,Fexofenadina,1449,Fexofenadina Hidrocloruro,1,canonico_igual,R06AX26,R06AX26,fexofenadina,fexofenadina
1453,Filgotinib Maleato,3868,Filgotinib,1,canonico_igual,L04AA45,L04AA45,filgotinib,filgotinib
1461,Flavoxato,1462,Flavoxato Hidrocloruro,1,canonico_igual,G04BD02,G04BD02,flavoxato,flavoxato
1463,Flecainida,1464,Flecainida Acetato,1,canonico_igual,C01BC04,C01BC04,flecainida,flecainida
1469,Fludarabina,1470,Fludarabina Fosfato,1,canonico_igual,L01BB05,L01BB05,fludarabina,fludarabina
1472,Fludrocortisona,1473,Fludrocortisona Acetato,1,canonico_igual,H02AA02,H02AB10,fludrocortisona,fludrocortisona
1482,Fluoresceina,1483,Fluoresceina Sodica,1,canonico_igual,S01JA01,S01JA01,fluoresceina,fluoresceina
1490,Fluoxetina,1491,Fluoxetina Hidrocloruro,1,canonico_igual,N06AB03,N06AB03,fluoxetina,fluoxetina
1492,Flurazepam,1493,Flurazepam Hidrocloruro,1,canonico_igual,N05CD01,N05CD01,flurazepam,flurazepam
1500,Fluvastatina,1501,Fluvastatina Sodica,1,canonico_igual,C10AA04,C10AA04,fluvastatina,fluvastatina
1502,Fluvoxamina,1503,Fluvoxamina Maleato,1,canonico_igual,N06AB08,N06AB08,fluvoxamina,fluvoxamina
1506,Foliculo Estimulante Hormona,1798,Hormona Foliculo Estimulante,1,canonico_igual,,,estimulante foliculo hormona,estimulante foliculo hormona
1512,Fondaparinux,1513,Fondaparinux Sodico,1,canonico_igual,B01AX05,B01AX05,fondaparinux,fondaparinux
1522,Formoterol Fumarato,1523,Formoterol Fumarato Dihidrato,1,canonico_igual,R03AC13,R03AC13,formoterol,formoterol
1522,Formoterol Fumarato,4087,Formoterol,1,canonico_igual,R03AC13,R03AC13,formoterol,formoterol
1523,Formoterol Fumarato Dihidrato,4087,Formoterol,1,canonico_igual,R03AC13,R03AC13,formoterol,formoterol
1524,Fosamprenavir,1525,Fosamprenavir Calcico,1,canonico_igual,J05AE07,J05AE05,fosamprenavir,fosamprenavir
1537,Fosfomicina,1538,Fosfomicina Calcica,1,canonico_igual,J01XX01,J01XX01,fosfomicina,fosfomicina
1537,Fosfomicina,1539,Fosfomicina Sodica,1,canonico_igual,J01XX01,J01XX01,fosfomicina,fosfomicina
1538,Fosfomicina Calcica,1539,Fosfomicina Sodica,1,canonico_igual,J01XX01,J01XX01,fosfomicina,fosfomicina
1551,Framicetina,1552,Framicetina Sulfato,1,canonico_igual,D09AA01,D09AA01,framicetina,framicetina
1555,Frovatriptan,1556,Frovatriptan Succinato Monohidrato,1,canonico_igual,N02CC07,N02CC07,frovatriptan,frovatriptan
1562,Fumarato Hierro,1658,Gluconato Hierro,1,canonico_igual,,,hierro,hierro
1562,Fumarato Hierro,1964,Lactato Hierro,1,canonico_igual,,,hierro,hierro
1562,Fumarato Hierro,4092,Hierro,1,canonico_igual,,B03AC02,hierro,hierro
1658,Gluconato Hierro,1964,Lactato Hierro,1,canonico_igual,,,hierro,hierro
1658,Gluconato Hierro,4092,Hierro,1,canonico_igual,,B03AC02,hierro,hierro
1964,Lactato Hierro,4092,Hierro,1,canonico_igual,,B03AC02,hierro,hierro
1586,Galantamina,1587,Galantamina Hidrobromuro,1,canonico_igual,N06DA04,N06DA04,galantamina,galantamina
1589,Galio 67ga,1590,Galio 67ga Citrato,1,canonico_igual,V09HX01,V09HX01,67ga galio,67ga galio
1591,Galio 68ga,1592,Galio 68ga Cloruro,1,canonico_igual,V09IX09,,68ga galio,68ga galio
1600,Ganciclovir,1601,Ganciclovir Sodico,1,canonico_igual,J05AB06,J05AB06,ganciclovir,ganciclovir
1608,Gelatina,1609,Gelatina Succinato,1,canonico_igual,B02BC01,,gelatina,gelatina
1611,Gemcitabina,1612,Gemcitabina Hidrocloruro,1,canonico_igual,L01BC05,L01BC05,gemcitabina,gemcitabina
1614,Gentamicina,1615,Gentamicina Sulfato,1,canonico_igual,S02AA14,S02AA14,gentamicina,gentamicina
1619,Gilteritinib Fumarato,3874,Gilteritinib,1,canonico_igual,L01EX13,L01EX13,gilteritinib,gilteritinib
1625,Givinostat,1626,Givinostat Hidrocloruro Monohidrato,1,canonico_igual,M09AX14,M09AX14,givinostat,givinostat
1628,Glasdegib,1629,Glasdegib Maleato,1,canonico_igual,L01XX63,L01XX63,glasdegib,glasdegib
1630,Glatiramero,1631,Glatiramero Acetato,1,canonico_igual,P03AA05,P03AA05,glatiramero,glatiramero
1638,Glicerofosfato De Sodio Hidratado,1639,Glicerofosfato Sodio,1,canonico_igual,A06AD17,,glicerofosfato,glicerofosfato
1654,Glucagon,1655,Glucagon Hidrocloruro,1,canonico_igual,H04AA01,H04AA01,glucagon,glucagon
1661,Glucosa,1662,Glucosa Anhidra,1,canonico_igual,B05CX01,B05CX01,glucosa,glucosa
1661,Glucosa,1663,Glucosa Monohidrato,1,canonico_igual,B05CX01,B05CX01,glucosa,glucosa
1662,Glucosa Anhidra,1663,Glucosa Monohidrato,1,canonico_igual,B05CX01,B05CX01,glucosa,glucosa
1664,Glucosamina,1665,Glucosamina Hidrocloruro,1,canonico_igual,M01AX05,B05CX01,glucosamina,glucosamina
1664,Glucosamina,1666,Glucosamina Sulfato,1,canonico_igual,M01AX05,B05CX01,glucosamina,glucosamina
1664,Glucosamina,1667,Glucosamina Sulfato De-cloruro Sodio,1,canonico_igual,M01AX05,B05CX01,glucosamina,glucosamina
1665,Glucosamina Hidrocloruro,1666,Glucosamina Sulfato,1,canonico_igual,B05CX01,B05CX01,glucosamina,glucosamina
1665,Glucosamina Hidrocloruro,1667,Glucosamina Sulfato De-cloruro Sodio,1,canonico_igual,B05CX01,B05CX01,glucosamina,glucosamina
1666,Glucosamina Sulfato,1667,Glucosamina Sulfato De-cloruro Sodio,1,canonico_igual,B05CX01,B05CX01,glucosamina,glucosamina
1683,Goserelina,1684,Goserelina Acetato,1,canonico_igual,L02AE03,L02AE03,goserelina,goserelina
1688,Granisetron,1689,Granisetron Hidrocloruro,1,canonico_igual,A04AA02,A04AA02,granisetron,granisetron
1690,Grazoprevir,1691,Grazoprevir Monohidrato,1,canonico_igual,J05AP54,,grazoprevir,grazoprevir
1695,Guanfacina,1696,Guanfacina Hidrocloruro,1,canonico_igual,C02AC02,C02AC02,guanfacina,guanfacina
1719,Heparina,1723,Heparina Sodica,1,canonico_igual,B01AB01,B01AB01,heparina,heparina
1727,Heptaminol,1728,Heptaminol Hidrocloruro,1,canonico_igual,C01DX08,C01DX08,heptaminol,heptaminol
1734,Hidralazina,1735,Hidralazina Hidrocloruro,1,canonico_igual,C02DB02,C02DB02,hidralazina,hidralazina
1736,Hidrazida Del Acido Isonicotinico,1922,Isonicotinico Acido Hidrazida,1,canonico_igual,,,hidrazida isonicotinico,hidrazida isonicotinico
1740,Hidrocortisona,1742,Hidrocortisona Acetato,1,canonico_igual,H02AB09,H02AB09,hidrocortisona,hidrocortisona
1740,Hidrocortisona,1745,Hidrocortisona Fosfato Sodio,1,canonico_igual,H02AB09,H02AB09,hidrocortisona,hidrocortisona
1740,Hidrocortisona,1747,Hidrocortisona Succinato,1,canonico_igual,H02AB09,H02AB09,hidrocortisona,hidrocortisona
1740,Hidrocortisona,1748,Hidrocortisona Succinato Sodio,1,canonico_igual,H02AB09,H02AB09,hidrocortisona,hidrocortisona
1742,Hidrocortisona Acetato,1745,Hidrocortisona Fosfato Sodio,1,canonico_igual,H02AB09,H02AB09,hidrocortisona,hidrocortisona
1742,Hidrocortisona Acetato,1747,Hidrocortisona Succinato,1,canonico_igual,H02AB09,H02AB09,hidrocortisona,hidrocortisona
1742,Hidrocortisona Acetato,1748,Hidrocortisona Succinato Sodio,1,canonico_igual,H02AB09,H02AB09,hidrocortisona,hidrocortisona
1745,Hidrocortisona Fosfato Sodio,1747,Hidrocortisona Succinato,1,canonico_igual,H02AB09,H02AB09,hidrocortisona,hidrocortisona
1745,Hidrocortisona Fosfato Sodio,1748,Hidrocortisona Succinato Sodio,1,canonico_igual,H02AB09,H02AB09,hidrocortisona,hidrocortisona
1747,Hidrocortisona Succinato,1748,Hidrocortisona Succinato Sodio,1,canonico_igual,H02AB09,H02AB09,hidrocortisona,hidrocortisona
1750,Hidromorfona,1751,Hidromorfona Hidrocloruro,1,canonico_igual,N02AA03,N02AA03,hidromorfona,hidromorfona
1752,Hidroquinidina,1753,Hidroquinidina Hidrocloruro,1,canonico_igual,C01BA13,C01BA01,hidroquinidina,hidroquinidina
1758,Hidroxicloroquina,1759,Hidroxicloroquina Sulfato,1,canonico_igual,P01BA02,P01BA01,hidroxicloroquina,hidroxicloroquina
1763,Hidroximetionina,1764,Hidroximetionina Calcica,1,canonico_igual,V03AB26,V03AB26,hidroximetionina,hidroximetionina
1770,Hidroxizina,1772,Hidroxizina Hidrocloruro,1,canonico_igual,N05BB01,N05BB01,hidroxizina,hidroxizina
1773,Hidroxocobalamina,1774,Hidroxocobalamina Acetato,1,canonico_igual,B03BA03,B03BA03,hidroxocobalamina,hidroxocobalamina
1773,Hidroxocobalamina,1775,Hidroxocobalamina Hidrocloruro,1,canonico_igual,B03BA03,B03BA03,hidroxocobalamina,hidroxocobalamina
1773,Hidroxocobalamina,1776,Hidroxocobalamina Sulfato,1,canonico_igual,B03BA03,B03BA03,hidroxocobalamina,hidroxocobalamina
1774,Hidroxocobalamina Acetato,1775,Hidroxocobalamina Hidrocloruro,1,canonico_igual,B03BA03,B03BA03,hidroxocobalamina,hidroxocobalamina
1774,Hidroxocobalamina Acetato,1776,Hidroxocobalamina Sulfato,1,canonico_igual,B03BA03,B03BA03,hidroxocobalamina,hidroxocobalamina
1775,Hidroxocobalamina Hidrocloruro,1776,Hidroxocobalamina Sulfato,1,canonico_igual,B03BA03,B03BA03,hidroxocobalamina,hidroxocobalamina
1792,Histidina,1793,Histidina Hidrocloruro,1,canonico_igual,,,histidina,histidina
1792,Histidina,1794,"Histidina, Hidrocloruro De, Monohidrato",1,canonico_igual,,,histidina,histidina
1793,Histidina Hidrocloruro,1794,"Histidina, Hidrocloruro De, Monohidrato",1,canonico_igual,,,histidina,histidina
1812,Ibuprofeno Sodico Dihidrato,3877,Ibuprofeno,1,canonico_igual,M01AE01,M01AE01,ibuprofeno,ibuprofeno
1813,Icatibanto,1814,Icatibanto Acetato,1,canonico_igual,B06AC02,B06AC02,icatibanto,icatibanto
1818,Idarubicina,1819,Idarubicina Hidrocloruro,1,canonico_igual,L01DB06,L01DB06,idarubicina,idarubicina
1828,Imatinib,1829,Imatinib Mesilato,1,canonico_igual,L01XE01,L01XE01,imatinib,imatinib
1832,Imidapril,1833,Imidapril Hidrocloruro,1,canonico_igual,C09AA16,C09AA16,imidapril,imidapril
1835,Imipenem Monohidrato,4094,Imipenem,1,canonico_igual,,J01DH51,imipenem,imipenem
1836,Imipramina,1837,Imipramina Hidrocloruro,1,canonico_igual,N06AA02,N06AA02,imipramina,imipramina
1840,Inclisiran,1841,Inclisiran Sodio,1,canonico_igual,C10AX16,C10AX16,inclisiran,inclisiran
1842,Indacaterol,1843,Indacaterol Acetato,1,canonico_igual,R03AC18,R03AC18,indacaterol,indacaterol
1842,Indacaterol,1844,Indacaterol Maleato,1,canonico_igual,R03AC18,R03AC18,indacaterol,indacaterol
1843,Indacaterol Acetato,1844,Indacaterol Maleato,1,canonico_igual,R03AC18,R03AC18,indacaterol,indacaterol
1845,Indapamida,1846,Indapamida Hemihidrato,1,canonico_igual,C03BA11,C03BA11,indapamida,indapamida
1910,Iptacopan,1911,Iptacopan Hidrocloruro Monohidrato,1,canonico_igual,L04AJ08,L04AJ08,iptacopan,iptacopan
1913,Irinotecan,1914,Irinotecan Hidrocloruro Trihidrato,1,canonico_igual,L01CE02,L01CE02,irinotecan,irinotecan
1916,Isavuconazol,1917,Isavuconazol Sulfato,1,canonico_igual,J02AC05,J02AC05,isavuconazol,isavuconazol
1924,Isoprenalina,1925,Isoprenalina Hidrocloruro,1,canonico_igual,C01CA02,C01CA02,isoprenalina,isoprenalina
1924,Isoprenalina,1926,Isoprenalina Sulfato,1,canonico_igual,C01CA02,C01CA02,isoprenalina,isoprenalina
1925,Isoprenalina Hidrocloruro,1926,Isoprenalina Sulfato,1,canonico_igual,C01CA02,C01CA02,isoprenalina,isoprenalina
1936,Itoprida,1937,Itoprida Hidrocloruro,1,canonico_igual,A03FA07,A03FA07,itoprida,itoprida
1939,Ivabradina,1940,Ivabradina Hidrocloruro,1,canonico_igual,C01EB17,C01EB17,ivabradina,ivabradina
1944,Ixazomib,1945,Ixazomib Citrato,1,canonico_igual,L01XX50,L01XX50,ixazomib,ixazomib
1951,Ketamina,1952,Ketamina Hidrocloruro,1,canonico_igual,N01AX03,N01AX03,ketamina,ketamina
1958,Ketotifeno Fumarato,4102,Ketotifeno,1,canonico_igual,R06AX17,R06AX17,ketotifeno,ketotifeno
1959,Labetalol,1960,Labetalol Hidrocloruro,1,canonico_igual,C07AG01,C07AG01,labetalol,labetalol
1968,Lactitol,1969,Lactitol Monohidrato,1,canonico_igual,A06AD12,A06AD12,lactitol,lactitol
1993,Landiolol,1994,Landiolol Hidrocloruro,1,canonico_igual,C07AB14,C07AB14,landiolol,landiolol
1997,Lanreotida,1998,Lanreotida Acetato,1,canonico_igual,H01CB03,H01CB03,lanreotida,lanreotida
2000,Lantano,2001,Lantano Carbonato,1,canonico_igual,V03AE03,V03AE03,lantano,lantano
2006,Larotrectinib,2007,Larotrectinib Sulfato,1,canonico_igual,L01EX12,L01EX12,larotrectinib,larotrectinib
2009,Lasmiditan,2010,Lasmiditan Succinato,1,canonico_igual,N02CC08,N02CC08,lasmiditan,lasmiditan
2016,Laurilsulfato,2017,Laurilsulfato Sodio,1,canonico_igual,S02DA93,,laurilsulfato,laurilsulfato
2018,Laurilsulfoacetato,2019,Laurilsulfoacetato Sodio,1,canonico_igual,,,laurilsulfoacetato,laurilsulfoacetato
2033,Lenacapavir,2034,Lenacapavir Sodio,1,canonico_igual,J05AX31,J05AX31,lenacapavir,lenacapavir
2038,Lenvatinib,2039,Lenvatinib Besilato,1,canonico_igual,L01EX08,L01EX08,lenvatinib,lenvatinib
2038,Lenvatinib,2040,Lenvatinib Mesilato,1,canonico_igual,L01EX08,L01EX08,lenvatinib,lenvatinib
2039,Lenvatinib Besilato,2040,Lenvatinib Mesilato,1,canonico_igual,L01EX08,L01EX08,lenvatinib,lenvatinib
2044,Lercanidipino,2045,Lercanidipino Hidrocloruro,1,canonico_igual,C08CA13,C08CA13,lercanidipino,lercanidipino
2044,Lercanidipino,2046,Lercanidipino Hidrocloruro Hemihidrato,1,canonico_igual,C08CA13,C08CA13,lercanidipino,lercanidipino
2045,Lercanidipino Hidrocloruro,2046,Lercanidipino Hidrocloruro Hemihidrato,1,canonico_igual,C08CA13,C08CA13,lercanidipino,lercanidipino
2052,Leuprorelina,2053,Leuprorelina Acetato,1,canonico_igual,L02AE02,L02AE02,leuprorelina,leuprorelina
2052,Leuprorelina,2054,Leuprorelina Mesilato,1,canonico_igual,L02AE02,L02AE02,leuprorelina,leuprorelina
2053,Leuprorelina Acetato,2054,Leuprorelina Mesilato,1,canonico_igual,L02AE02,L02AE02,leuprorelina,leuprorelina
2058,Levobupivacaina,2059,Levobupivacaina Hidrocloruro,1,canonico_igual,N01BB10,N01BB01,levobupivacaina,levobupivacaina
2060,Levocabastina,2061,Levocabastina Hidrocloruro,1,canonico_igual,R01AC02,R01AC02,levocabastina,levocabastina
2067,Levofloxacino,2068,Levofloxacino Hemihidrato,1,canonico_igual,S01AE05,S01AE01,levofloxacino,levofloxacino
2070,Levomepromazina,2071,Levomepromazina Hidrocloruro,1,canonico_igual,N05AA02,N05AA02,levomepromazina,levomepromazina
2070,Levomepromazina,2072,Levomepromazina Maleato,1,canonico_igual,N05AA02,N05AA02,levomepromazina,levomepromazina
2071,Levomepromazina Hidrocloruro,2072,Levomepromazina Maleato,1,canonico_igual,N05AA02,N05AA02,levomepromazina,levomepromazina
2073,Levometadona,2074,Levometadona Hidrocloruro,1,canonico_igual,N07BC05,N07BC02,levometadona,levometadona
2078,Levotiroxina,2079,Levotiroxina Sodica,1,canonico_igual,H03AA01,H03AA01,levotiroxina,levotiroxina
2081,Lidocaina,2082,Lidocaina Hidrocloruro,1,canonico_igual,C01BB01,C01BB01,lidocaina,lidocaina
2081,Lidocaina,2083,Lidocaina Hidrocloruro Monohidrato,1,canonico_igual,C01BB01,C01BB01,lidocaina,lidocaina
2082,Lidocaina Hidrocloruro,2083,Lidocaina Hidrocloruro Monohidrato,1,canonico_igual,C01BB01,C01BB01,lidocaina,lidocaina
2087,Lincomicina,2088,Lincomicina Hidrocloruro,1,canonico_igual,J01FF02,J01FF02,lincomicina,lincomicina
2103,Lisina,2104,Lisina Acetato,1,canonico_igual,B05XB03,B05XB03,lisina,lisina
2103,Lisina,2105,Lisina Hidrocloruro,1,canonico_igual,B05XB03,B05XB03,lisina,lisina
2103,Lisina,2106,Lisina Monohidrato,1,canonico_igual,B05XB03,B05XB03,lisina,lisina
2104,Lisina Acetato,2105,Lisina Hidrocloruro,1,canonico_igual,B05XB03,B05XB03,lisina,lisina
2104,Lisina Acetato,2106,Lisina Monohidrato,1,canonico_igual,B05XB03,B05XB03,lisina,lisina
2105,Lisina Hidrocloruro,2106,Lisina Monohidrato,1,canonico_igual,B05XB03,B05XB03,lisina,lisina
2107,Lisinopril Dihidrato,4182,Lisinopril,1,canonico_igual,C09AA03,C09AA03,lisinopril,lisinopril
2109,Lisozima,2110,Lisozima Hidrocloruro,1,canonico_igual,D06BB07,D06BB07,lisozima,lisozima
2111,Litio Carbonato,3970,Litio Cloruro,1,canonico_igual,N05AN01,N05AN01,litio,litio
2111,Litio Carbonato,4183,Litio,1,canonico_igual,N05AN01,N05AN01,litio,litio
3970,Litio Cloruro,4183,Litio,1,canonico_igual,N05AN01,N05AN01,litio,litio
2116,Lomitapida,2117,Lomitapida Mesilato,1,canonico_igual,C10AX12,C10AX12,lomitapida,lomitapida
2121,Loperamida,2122,Loperamida Hidrocloruro,1,canonico_igual,A07DA03,A07DA03,loperamida,loperamida
2131,Losartan,2132,Losartan Potasico,1,canonico_igual,C09CA01,C09CA01,losartan,losartan
2139,Lumasiran,2140,Lumasiran Sodio,1,canonico_igual,A16AX18,A16AX18,lumasiran,lumasiran
2142,Lurasidona,2143,Lurasidona Hidrocloruro,1,canonico_igual,N05AE05,N05AE05,lurasidona,lurasidona
2151,Macimorelina,2152,Macimorelina Acetato,1,canonico_igual,V04CD06,V04CD06,macimorelina,macimorelina
2180,Manganeso,2181,Manganeso Carbonato,1,canonico_igual,,,manganeso,manganeso
2180,Manganeso,2182,Manganeso Cloruro,1,canonico_igual,,,manganeso,manganeso
2180,Manganeso,2184,Manganeso Sulfato Monohidrato,1,canonico_igual,,,manganeso,manganeso
2181,Manganeso Carbonato,2182,Manganeso Cloruro,1,canonico_igual,,,manganeso,manganeso
2181,Manganeso Carbonato,2184,Manganeso Sulfato Monohidrato,1,canonico_igual,,,manganeso,manganeso
2182,Manganeso Cloruro,2184,Manganeso Sulfato Monohidrato,1,canonico_igual,,,manganeso,manganeso
2185,Manidipino,2187,Manidipino Hidrocloruro,1,canonico_igual,C08CA11,C08CA11,manidipino,manidipino
2192,Maprotilina,2193,Maprotilina Hidrocloruro,1,canonico_igual,N06AA21,N06AA21,maprotilina,maprotilina
2194,Maralixibat,2195,Maralixibat Cloruro De,1,canonico_igual,A05AX04,,maralixibat,maralixibat
2204,Mebeverina,2205,Mebeverina Hidrocloruro,1,canonico_igual,A03AA04,A03AA04,mebeverina,mebeverina
2213,Medroxiprogesterona,2214,Medroxiprogesterona Acetato,1,canonico_igual,G03AC06,G03AC06,medroxiprogesterona,medroxiprogesterona
2216,Megestrol Acetato,4108,Megestrol,1,canonico_igual,G03AC05,G03AC05,megestrol,megestrol
2220,Melfalan,2223,Melfalan Hidrocloruro,1,canonico_igual,L01AA03,L01AA03,melfalan,melfalan
2221,Melfalan Flufenamida,2222,Melfalan Flufenamida Hidrocloruro,1,canonico_igual,L01AA10,L01AA03,flufenamida melfalan,flufenamida melfalan
2228,Melitraceno,2229,Melitraceno Hidrocloruro,1,canonico_igual,N06AA14,N06AA14,melitraceno,melitraceno
2231,Memantina,2232,Memantina Hidrocloruro,1,canonico_igual,N06DX01,N06DX01,memantina,memantina
2244,Mepivacaina,2245,Mepivacaina Hidrocloruro,1,canonico_igual,N01BB03,N01BB03,mepivacaina,mepivacaina
2250,Mercaptamina,2252,Mercaptamina Hidrocloruro,1,canonico_igual,A16AA04,A16AA04,mercaptamina,mercaptamina
2255,Mercaptopurina,2256,Mercaptopurina Monohidrato,1,canonico_igual,L01BB02,L01BB02,mercaptopurina,mercaptopurina
2259,Meropenem Anhidro,2260,Meropenem Trihidrato,1,canonico_igual,J01DH02,J01DH02,meropenem,meropenem
2259,Meropenem Anhidro,4112,Meropenem,1,canonico_igual,J01DH02,J01DH02,meropenem,meropenem
2260,Meropenem Trihidrato,4112,Meropenem,1,canonico_igual,J01DH02,J01DH02,meropenem,meropenem
2266,Metacolina,2267,Metacolina Hidrocloruro,1,canonico_igual,V04CX03,V04CX03,metacolina,metacolina
2268,Metadona,2269,Metadona Hidrocloruro,1,canonico_igual,N07BC02,N07BC02,metadona,metadona
2271,Metamizol,2274,Metamizol Sodico,1,canonico_igual,N02BB02,N02BB02,metamizol,metamizol
2271,Metamizol,2275,Metamizol Sodico Monohidrato,1,canonico_igual,N02BB02,N02BB02,metamizol,metamizol
2274,Metamizol Sodico,2275,Metamizol Sodico Monohidrato,1,canonico_igual,N02BB02,N02BB02,metamizol,metamizol
2280,Metformina,2281,Metformina Hidrocloruro,1,canonico_igual,A10BA02,A10BA02,metformina,metformina
2289,Metilergometrina,2290,Metilergometrina Maleato,1,canonico_igual,G02AB01,G02AB01,metilergometrina,metilergometrina
2292,Metilfenidato,2293,Metilfenidato Hidrocloruro,1,canonico_igual,N06BA04,N06BA04,metilfenidato,metilfenidato
2295,Metilnaltrexona,2296,Metilnaltrexona Bromuro,1,canonico_igual,A06AH01,N07BB04,metilnaltrexona,metilnaltrexona
2307,Metoclopramida,2308,Metoclopramida Hidrocloruro,1,canonico_igual,A03FA01,A03FA01,metoclopramida,metoclopramida
2307,Metoclopramida,2309,Metoclopramida Hidrocloruro Monohidrato,1,canonico_igual,A03FA01,A03FA01,metoclopramida,metoclopramida
2308,Metoclopramida Hidrocloruro,2309,Metoclopramida Hidrocloruro Monohidrato,1,canonico_igual,A03FA01,A03FA01,metoclopramida,metoclopramida
2310,Metoprolol Succinato,2311,Metoprolol Tartrato,1,canonico_igual,C07AB02,C07AB02,metoprolol,metoprolol
2310,Metoprolol Succinato,4114,Metoprolol,1,canonico_igual,C07AB02,C07AB02,metoprolol,metoprolol
2311,Metoprolol Tartrato,4114,Metoprolol,1,canonico_igual,C07AB02,C07AB02,metoprolol,metoprolol
2312,Metotrexato,2313,Metotrexato Disodio,1,canonico_igual,L01BA01,L01BA01,metotrexato,metotrexato
2312,Metotrexato,2314,Metotrexato Sodio,1,canonico_igual,L01BA01,L01BA01,metotrexato,metotrexato
2313,Metotrexato Disodio,2314,Metotrexato Sodio,1,canonico_igual,L01BA01,L01BA01,metotrexato,metotrexato
2322,Mexiletina,2323,Mexiletina Hidrocloruro,1,canonico_igual,C01BB02,C01BB02,mexiletina,mexiletina
2324,Mianserina,2325,Mianserina Hidrocloruro,1,canonico_igual,N06AX03,N06AX03,mianserina,mianserina
2326,Micafungina,2327,Micafungina Sodica,1,canonico_igual,J02AX05,J02AX05,micafungina,micafungina
2326,Micafungina,2328,Micafungina Sodica Dihidrato,1,canonico_igual,J02AX05,J02AX05,micafungina,micafungina
2327,Micafungina Sodica,2328,Micafungina Sodica Dihidrato,1,canonico_igual,J02AX05,J02AX05,micafungina,micafungina
2332,Miconazol,2333,Miconazol Nitrato,1,canonico_igual,A07AC01,A07AC01,miconazol,miconazol
2334,Midazolam,2335,Midazolam Hidrocloruro,1,canonico_igual,N05CD08,N05CD08,midazolam,midazolam
2337,Midodrina,2338,Midodrina Hidrocloruro,1,canonico_igual,C01CA17,C01CA17,midodrina,midodrina
2342,Migalastat,2343,Migalastat Hidrocloruro,1,canonico_igual,A16AX14,A16AX14,migalastat,migalastat
2346,Minociclina,2347,Minociclina Hidrocloruro,1,canonico_igual,A01AB23,A01AB23,minociclina,minociclina
2352,Mirtazapina,2353,Mirtazapina Hemihidrato,1,canonico_igual,N06AX11,N06AX11,mirtazapina,mirtazapina
2357,Mitapivat,2358,Mitapivat Sulfato,1,canonico_igual,B06AX04,B06AX04,mitapivat,mitapivat
2361,Mitoxantrona,2362,Mitoxantrona Hidrocloruro,1,canonico_igual,L01DB07,L01DB07,mitoxantrona,mitoxantrona
2371,Mometasona Furoato,2372,Mometasona Furoato Monohidrato,1,canonico_igual,D07AC13,D07AC13,furoato mometasona,furoato mometasona
2375,Montelukast,2376,Montelukast Sodico,1,canonico_igual,R03DC03,R03DC03,montelukast,montelukast
2377,Morfina,2378,Morfina Hidrocloruro,1,canonico_igual,N02AA01,N02AA01,morfina,morfina
2377,Morfina,2379,Morfina Hidrocloruro Trihidrato,1,canonico_igual,N02AA01,N02AA01,morfina,morfina
2377,Morfina,2380,Morfina Sulfato,1,canonico_igual,N02AA01,N02AA01,morfina,morfina
2378,Morfina Hidrocloruro,2379,Morfina Hidrocloruro Trihidrato,1,canonico_igual,N02AA01,N02AA01,morfina,morfina
2378,Morfina Hidrocloruro,2380,Morfina Sulfato,1,canonico_igual,N02AA01,N02AA01,morfina,morfina
2379,Morfina Hidrocloruro Trihidrato,2380,Morfina Sulfato,1,canonico_igual,N02AA01,N02AA01,morfina,morfina
2384,Moxifloxacino,2385,Moxifloxacino Hidrocloruro,1,canonico_igual,S01AE07,S01AE07,moxifloxacino,moxifloxacino
2388,Mupirocina,2389,Mupirocina Calcica,1,canonico_igual,R01AX06,R01AX06,mupirocina,mupirocina
2395,Nadroparina,2396,Nadroparina Calcica,1,canonico_igual,B01AB06,B01AB06,nadroparina,nadroparina
2397,Nafarelina,2398,Nafarelina Acetato,1,canonico_igual,H01CA02,H01CA02,nafarelina,nafarelina
2399,Nafazolina,2400,Nafazolina Hidrocloruro,1,canonico_igual,R01AA08,R01AA08,nafazolina,nafazolina
2412,Naloxona,2413,Naloxona Hidrocloruro,1,canonico_igual,V03AB15,V03AB15,naloxona,naloxona
2412,Naloxona,2414,Naloxona Hidrocloruro Dihidrato,1,canonico_igual,V03AB15,V03AB15,naloxona,naloxona
2413,Naloxona Hidrocloruro,2414,Naloxona Hidrocloruro Dihidrato,1,canonico_igual,V03AB15,V03AB15,naloxona,naloxona
2415,Naltrexona,2416,Naltrexona Hidrocloruro,1,canonico_igual,N07BB04,N07BB04,naltrexona,naltrexona
2418,Naproxeno,2419,Naproxeno Sodico,1,canonico_igual,G02CC02,G02CC02,naproxeno,naproxeno
2422,Naratriptan,2423,Naratriptan Hidrocloruro,1,canonico_igual,N02CC02,N02CC02,naratriptan,naratriptan
2429,Nefopam,2430,Nefopam Hidrocloruro,1,canonico_igual,N02BG06,N02BG06,nefopam,nefopam
2433,Neomicina,2435,Neomicina Sulfato,1,canonico_igual,B05CA09,B05CA09,neomicina,neomicina
2441,Neratinib,2442,Neratinib Maleato,1,canonico_igual,L01EH02,L01EH02,neratinib,neratinib
2443,Netarsudil,2444,Netarsudil Mesilato,1,canonico_igual,S01EX05,S01EX05,netarsudil,netarsudil
2445,Netilmicina,2446,Netilmicina Sulfato,1,canonico_igual,J01GB07,J01GB07,netilmicina,netilmicina
2483,Nevirapina,2484,"Nevirapina, Anhidra",1,canonico_igual,J05AG01,J05AG01,nevirapina,nevirapina
2487,Nicardipino,2488,Nicardipino Hidrocloruro,1,canonico_igual,C08CA04,C08CA04,nicardipino,nicardipino
2499,Nilotinib Hidrocloruro Dihidrato,2500,Nilotinib Hidrocloruro Monohidrato,1,canonico_igual,L01EA03,L01EA03,nilotinib,nilotinib
2499,Nilotinib Hidrocloruro Dihidrato,2501,Nilotinib Tartrato,1,canonico_igual,L01EA03,L01EA03,nilotinib,nilotinib
2499,Nilotinib Hidrocloruro Dihidrato,3887,Nilotinib,1,canonico_igual,L01EA03,L01EA03,nilotinib,nilotinib
2500,Nilotinib Hidrocloruro Monohidrato,2501,Nilotinib Tartrato,1,canonico_igual,L01EA03,L01EA03,nilotinib,nilotinib
2500,Nilotinib Hidrocloruro Monohidrato,3887,Nilotinib,1,canonico_igual,L01EA03,L01EA03,nilotinib,nilotinib
2501,Nilotinib Tartrato,3887,Nilotinib,1,canonico_igual,L01EA03,L01EA03,nilotinib,nilotinib
2506,Niquel Sulfato,4118,Niquel,1,canonico_igual,,,niquel,niquel
2511,Nirogacestat,2512,Nirogacestat Hidrobromuro,1,canonico_igual,L01XX81,L01XX81,nirogacestat,nirogacestat
2521,Nitroprusiato,2522,Nitroprusiato Sodio,1,canonico_igual,C02DD01,C02DD01,nitroprusiato,nitroprusiato
2529,Nomegestrol Acetato,4120,Nomegestrol,1,canonico_igual,G03AC05,G03DB04,nomegestrol,nomegestrol
2539,Norepinefrina,2541,Norepinefrina Tartrato,1,canonico_igual,C01CA03,S01EA01,norepinefrina,norepinefrina
2543,Noretisterona,2544,Noretisterona Acetato,1,canonico_igual,G03AC01,G03AC01,noretisterona,noretisterona
2547,Nortriptilina,2548,Nortriptilina Hidrocloruro,1,canonico_igual,N06AA10,N06AA10,nortriptilina,nortriptilina
2549,Noscapina,2550,Noscapina Hidrocloruro,1,canonico_igual,R05DA07,R05DA07,noscapina,noscapina
2561,Octreotida,2562,Octreotida Acetato,1,canonico_igual,H01CB02,H01CB02,octreotida,octreotida
2577,Olodaterol,2578,Olodaterol Hidrocloruro,1,canonico_igual,R03AC19,R03AC19,olodaterol,olodaterol
2579,Olopatadina,2580,Olopatadina Hidrocloruro,1,canonico_igual,S01GX09,S01GX09,olopatadina,olopatadina
2584,Omeprazol,2585,Omeprazol Sodico,1,canonico_igual,A02BC01,A02BC01,omeprazol,omeprazol
2587,Ondansetron,2588,Ondansetron Hidrocloruro Dihidrato,1,canonico_igual,A04AA01,A04AA01,ondansetron,ondansetron
2599,Ornitina,2600,Ornitina Hidrocloruro,1,canonico_igual,A05BA06,,ornitina,ornitina
2602,Oseltamivir,2603,Oseltamivir Fosfato,1,canonico_igual,J05AH02,J05AH02,oseltamivir,oseltamivir
2604,Osilodrostat,2605,Osilodrostat Fosfato,1,canonico_igual,H02CA02,H02CA02,osilodrostat,osilodrostat
2606,Osimertinib Mesilato,3889,Osimertinib,1,canonico_igual,L01EB04,L01EB04,osimertinib,osimertinib
2607,Oteracilo,2608,Oteracilo Potasico,1,canonico_igual,,,oteracilo,oteracilo
2613,Oxibuprocaina,2614,Oxibuprocaina Hidrocloruro,1,canonico_igual,D04AB03,C05AD05,oxibuprocaina,oxibuprocaina
2615,Oxibutinina,2616,Oxibutinina Hidrocloruro,1,canonico_igual,G04BD04,G04BD04,oxibutinina,oxibutinina
2617,Oxicodona,2618,Oxicodona Hidrocloruro,1,canonico_igual,N02AA05,N02AA05,oxicodona,oxicodona
2622,Oximetazolina,2623,Oximetazolina Hidrocloruro,1,canonico_igual,R01AA05,R01AA05,oximetazolina,oximetazolina
2626,Oxitetraciclina,2627,Oxitetraciclina Hidrocloruro,1,canonico_igual,D06AA03,S02AA08,oxitetraciclina,oxitetraciclina
2631,Ozanimod,2632,Ozanimod Hidrocloruro,1,canonico_igual,L04AA38,L04AA38,ozanimod,ozanimod
2641,Palonosetron,2642,Palonosetron Hidrocloruro,1,canonico_igual,A04AA05,A04AA05,palonosetron,palonosetron
2656,Pantoprazol,2657,Pantoprazol Sodico,1,canonico_igual,A02BC02,A02BC02,pantoprazol,pantoprazol
2659,Pantotenato Calcio,2660,Pantotenato Sodio,1,canonico_igual,,,pantotenato,pantotenato
2676,Paroxetina,2677,Paroxetina  Hidrocloruro,1,canonico_igual,N06AB05,N06AB05,paroxetina,paroxetina
2676,Paroxetina,2678,Paroxetina Hidrocloruro Hemihidrato,1,canonico_igual,N06AB05,N06AB05,paroxetina,paroxetina
2676,Paroxetina,2679,Paroxetina Mesilato,1,canonico_igual,N06AB05,N06AB05,paroxetina,paroxetina
2677,Paroxetina  Hidrocloruro,2678,Paroxetina Hidrocloruro Hemihidrato,1,canonico_igual,N06AB05,N06AB05,paroxetina,paroxetina
2677,Paroxetina  Hidrocloruro,2679,Paroxetina Mesilato,1,canonico_igual,N06AB05,N06AB05,paroxetina,paroxetina
2678,Paroxetina Hidrocloruro Hemihidrato,2679,Paroxetina Mesilato,1,canonico_igual,N06AB05,N06AB05,paroxetina,paroxetina
2682,Pasireotida,2683,Pasireotida Pamoato,1,canonico_igual,H01CB05,H01CB05,pasireotida,pasireotida
2692,Patisiran,2693,Patisiran Sodio,1,canonico_igual,N07XX12,N07XX12,patisiran,patisiran
2694,Pazopanib,2695,Pazopanib Hidrocloruro,1,canonico_igual,L01XE11,L01XE11,pazopanib,pazopanib
2712,Pemetrexed Ditrometamina,2713,Pemetrexed Ditrometamina Dihidrato,1,canonico_igual,L01BA04,L01BA04,ditrometamina pemetrexed,ditrometamina pemetrexed
2730,Pentoxiverina,2731,Pentoxiverina Citrato,1,canonico_igual,R05DB05,R05DB05,pentoxiverina,pentoxiverina
2743,Peroxido De Benzoilo Hidratado,3825,Benzoilo Peroxido,1,canonico_igual,D10AE01,,benzoilo peroxido,benzoilo peroxido
2747,Petidina,2748,Petidina Hidrocloruro,1,canonico_igual,N02AB02,N02AB02,petidina,petidina
2767,Pilocarpina,2768,Pilocarpina Hidrocloruro,1,canonico_igual,N07AX01,N07AX01,pilocarpina,pilocarpina
2772,Pinaverio,2773,Pinaverio Bromuro,1,canonico_igual,A03AX04,A03AX04,pinaverio,pinaverio
2775,Pioglitazona,2776,Pioglitazona Hidrocloruro,1,canonico_igual,A10BG03,A10BG03,pioglitazona,pioglitazona
2777,Piperacilina,2778,Piperacilina Sodica,1,canonico_igual,J01CA12,J01CA12,piperacilina,piperacilina
2787,Piridostigmina,2788,Piridostigmina Bromuro,1,canonico_igual,N07AA02,N07AA02,piridostigmina,piridostigmina
2789,Piridoxina,2791,Piridoxina Hidrocloruro,1,canonico_igual,A11HA02,,piridoxina,piridoxina
2795,Pirisudanol,2796,Pirisudanol Maleato,1,canonico_igual,N06BX08,N06BX08,pirisudanol,pirisudanol
2800,Pitavastatina,2801,Pitavastatina Calcio,1,canonico_igual,C10AA08,C10AA08,pitavastatina,pitavastatina
2802,Pitolisant,2803,Pitolisant Hidrocloruro,1,canonico_igual,N07XX11,N07XX11,pitolisant,pitolisant
2804,Pivmecilinam,2805,Pivmecilinam Hidrocloruro,1,canonico_igual,J01CA08,J01CA08,pivmecilinam,pivmecilinam
2807,Pizotifeno Maleato,4129,Pizotifeno,1,canonico_igual,N02CX01,N02CX01,pizotifeno,pizotifeno
2818,Plata,2819,Plata Nitrato,1,canonico_igual,D08AL30,D08AL30,plata,plata
2827,Poliestirenosulfonato,2828,Poliestirenosulfonato Calcio,1,canonico_igual,,,poliestirenosulfonato,poliestirenosulfonato
2827,Poliestirenosulfonato,2829,Poliestirenosulfonato Sodio,1,canonico_igual,,,poliestirenosulfonato,poliestirenosulfonato
2828,Poliestirenosulfonato Calcio,2829,Poliestirenosulfonato Sodio,1,canonico_igual,,,poliestirenosulfonato,poliestirenosulfonato
2832,Polimixina B,2833,Polimixina B Sulfato,1,canonico_igual,S02AA11,S02AA11,b polimixina,b polimixina
2852,Potasio Hidrogenofosfato,3200,Sodio Hidrogenofosfato,1,canonico_igual,,,hidrogenofosfato,hidrogenofosfato
2855,Potasio Sulfoguayacolato,3258,Sulfoguayacolato Potasio,1,canonico_igual,,,sulfoguayacolato,sulfoguayacolato
2864,Prasugrel,2865,Prasugrel Besilato,1,canonico_igual,B01AC22,B01AC22,prasugrel,prasugrel
2864,Prasugrel,2866,Prasugrel Hidrobromuro,1,canonico_igual,B01AC22,B01AC22,prasugrel,prasugrel
2864,Prasugrel,2867,Prasugrel Hidrocloruro,1,canonico_igual,B01AC22,B01AC22,prasugrel,prasugrel
2865,Prasugrel Besilato,2866,Prasugrel Hidrobromuro,1,canonico_igual,B01AC22,B01AC22,prasugrel,prasugrel
2865,Prasugrel Besilato,2867,Prasugrel Hidrocloruro,1,canonico_igual,B01AC22,B01AC22,prasugrel,prasugrel
2866,Prasugrel Hidrobromuro,2867,Prasugrel Hidrocloruro,1,canonico_igual,B01AC22,B01AC22,prasugrel,prasugrel
2868,Pravastatina,2869,Pravastatina Sodica,1,canonico_igual,C10AA03,C10AA03,pravastatina,pravastatina
2870,Prazosina,2871,Prazosina Hidrocloruro,1,canonico_igual,C02CA01,C02CA01,prazosina,prazosina
2873,Prednisolona,2874,Prednisolona Acetato,1,canonico_igual,H02AB06,H02AB06,prednisolona,prednisolona
2873,Prednisolona,2876,Prednisolona Fosfato Sodio,1,canonico_igual,H02AB06,H02AB06,prednisolona,prednisolona
2874,Prednisolona Acetato,2876,Prednisolona Fosfato Sodio,1,canonico_igual,H02AB06,H02AB06,prednisolona,prednisolona
2881,Pridinol Mesilato,4056,Pridinol,1,canonico_igual,M03BX03,M03BX03,pridinol,pridinol
2882,Prilocaina,2883,Prilocaina Hidrocloruro,1,canonico_igual,N01BB04,N01BB04,prilocaina,prilocaina
2886,Procaina,2887,Procaina Hidrocloruro,1,canonico_igual,C05AD05,C05AD05,procaina,procaina
2888,Procainamida,2889,Procainamida Hidrocloruro,1,canonico_igual,C01BA02,C05AD05,procainamida,procainamida
2890,Procarbazina,2891,Procarbazina Hidrocloruro,1,canonico_igual,L01XB01,L01XB01,procarbazina,procarbazina
2892,Prociclidina,2893,Prociclidina Hidrocloruro,1,canonico_igual,N04AA04,N04AA04,prociclidina,prociclidina
2896,Proguanil,2897,Proguanil Hidrocloruro,1,canonico_igual,P01BB01,P01BB01,proguanil,proguanil
2899,Prometazina,2900,Prometazina Hidrocloruro,1,canonico_igual,D04AA10,D04AA10,prometazina,prometazina
2901,Propafenona,2902,Propafenona Hidrocloruro,1,canonico_igual,C01BC03,C01BC03,propafenona,propafenona
2903,Propanocaina,2904,Propanocaina Hidrocloruro,1,canonico_igual,,,propanocaina,propanocaina
2910,Propiverina,2911,Propiverina Hidrocloruro,1,canonico_igual,G04BD06,G04BD06,propiverina,propiverina
2912,Propranolol,2913,Propranolol Hidrocloruro,1,canonico_igual,C07AA05,C07AA05,propranolol,propranolol
2915,Protamina,2916,Protamina Sulfato,1,canonico_igual,V03AB14,V03AB14,protamina,protamina
2933,Prucaloprida,2934,Prucaloprida Succinato,1,canonico_igual,A03AE04,A03AE04,prucaloprida,prucaloprida
2938,Pseudoefedrina,2939,Pseudoefedrina Hidrocloruro,1,canonico_igual,R01BA02,C01CA26,pseudoefedrina,pseudoefedrina
2938,Pseudoefedrina,2940,Pseudoefedrina Sulfato,1,canonico_igual,R01BA02,C01CA26,pseudoefedrina,pseudoefedrina
2939,Pseudoefedrina Hidrocloruro,2940,Pseudoefedrina Sulfato,1,canonico_igual,C01CA26,C01CA26,pseudoefedrina,pseudoefedrina
2948,Quetiapina,2949,Quetiapina Fumarato,1,canonico_igual,N05AH04,N05AH04,quetiapina,quetiapina
2951,Quinagolida,2952,Quinagolida Hidrocloruro,1,canonico_igual,G02CB04,G02CB04,quinagolida,quinagolida
2953,Quinapril,2954,Quinapril Hidrocloruro,1,canonico_igual,C09AA06,C09AA06,quinapril,quinapril
2957,Rabeprazol,2958,Rabeprazol Sodico,1,canonico_igual,A02BC04,A02BC04,rabeprazol,rabeprazol
2963,Raloxifeno,2964,Raloxifeno Hidrocloruro,1,canonico_igual,G03XC01,G03XC01,raloxifeno,raloxifeno
2965,Raltegravir,2966,Raltegravir Potasio,1,canonico_igual,J05AJ01,J05AJ01,raltegravir,raltegravir
2971,Ranitidina,2972,Ranitidina Hidrocloruro,1,canonico_igual,A02BA02,A02BA02,ranitidina,ranitidina
2975,Rasagilina,2976,Rasagilina Besilato,1,canonico_igual,N04BD02,N04BD02,rasagilina,rasagilina
2975,Rasagilina,2977,Rasagilina Mesilato,1,canonico_igual,N04BD02,N04BD02,rasagilina,rasagilina
2975,Rasagilina,2978,Rasagilina Tartrato,1,canonico_igual,N04BD02,N04BD02,rasagilina,rasagilina
2976,Rasagilina Besilato,2977,Rasagilina Mesilato,1,canonico_igual,N04BD02,N04BD02,rasagilina,rasagilina
2976,Rasagilina Besilato,2978,Rasagilina Tartrato,1,canonico_igual,N04BD02,N04BD02,rasagilina,rasagilina
2977,Rasagilina Mesilato,2978,Rasagilina Tartrato,1,canonico_igual,N04BD02,N04BD02,rasagilina,rasagilina
2991,Relebactam,2992,Relebactam Monohidrato,1,canonico_igual,J01DH56,,relebactam,relebactam
2993,Remifentanilo,2994,Remifentanilo Hidrocloruro,1,canonico_igual,N01AH06,N01AH01,remifentanilo,remifentanilo
3006,Retinol Acetato,4137,Retinol,1,canonico_igual,R01AX02,R01AX02,retinol,retinol
3008,Rezafungina,3009,"Rezafungina, Acetato De",1,canonico_igual,J02AX08,,rezafungina,rezafungina
3019,Riboflavina,3020,Riboflavina Fosfato Sodio,1,canonico_igual,A11HA04,,riboflavina,riboflavina
3023,Rifamicina,3024,Rifamicina Sodica,1,canonico_igual,A07AA13,A07AA13,rifamicina,rifamicina
3028,Rilpivirina,3029,Rilpivirina Hidrocloruro,1,canonico_igual,J05AG05,J05AG05,rilpivirina,rilpivirina
3032,Rimegepant,3033,Rimegepant Sulfato,1,canonico_igual,N02CD06,N02CD06,rimegepant,rimegepant
3042,Ritodrina,3043,Ritodrina Hidrocloruro,1,canonico_igual,G02CA01,G02CA01,ritodrina,ritodrina
3047,Rivastigmina,3050,Rivastigmina Tartrato,1,canonico_igual,N06DA03,N06DA03,rivastigmina,rivastigmina
3056,Ropivacaina,3057,Ropivacaina Hidrocloruro,1,canonico_igual,N01BB09,N01BB09,ropivacaina,ropivacaina
3056,Ropivacaina,3058,Ropivacaina Hidrocloruro Monohidrato,1,canonico_igual,N01BB09,N01BB09,ropivacaina,ropivacaina
3057,Ropivacaina Hidrocloruro,3058,Ropivacaina Hidrocloruro Monohidrato,1,canonico_igual,N01BB09,N01BB09,ropivacaina,ropivacaina
3060,Rosuvastatina,3061,Rosuvastatina  Calcica,1,canonico_igual,C10AA07,C10AA07,rosuvastatina,rosuvastatina
3074,Rubeola Virus,3714,Virus Rubeola,1,canonico_igual,J07BJ01,,rubeola virus,rubeola virus
3079,Rupatadina,3080,Rupatadina Fumarato,1,canonico_igual,R06AX28,R06AX28,rupatadina,rupatadina
3087,Ruxolitinib Fosfato,3901,Ruxolitinib,1,canonico_igual,D11AH09,D11AH09,ruxolitinib,ruxolitinib
3096,Sacubitrilo,3097,Sacubitrilo Sodio,1,canonico_igual,C09DX04,,sacubitrilo,sacubitrilo
3099,Safinamida,3100,Safinamida Mesilato,1,canonico_igual,N04BD03,N04BD03,safinamida,safinamida
3105,Salbutamol,3106,Salbutamol Sulfato,1,canonico_igual,R03AC02,R03AC02,salbutamol,salbutamol
3120,Sapropterina,3122,Sapropterina Hidrocloruro,1,canonico_igual,A16AX07,A16AX07,sapropterina,sapropterina
3127,Saxagliptina,3128,Saxagliptina Hidrocloruro,1,canonico_igual,A10BH03,A10BH03,saxagliptina,saxagliptina
3135,Selegilina,3136,Selegilina Hidrocloruro,1,canonico_igual,N04BD01,N04BD01,selegilina,selegilina
3141,Selumetinib Sulfato,3903,Selumetinib,1,canonico_igual,L01EE04,L01EE04,selumetinib,selumetinib
3154,Sertaconazol,3155,Sertaconazol Nitrato,1,canonico_igual,G01AF19,G01AF19,sertaconazol,sertaconazol
3156,Sertralina,3157,Sertralina Hidrocloruro,1,canonico_igual,N06AB06,N06AB06,sertralina,sertralina
3159,Sevelamero,3160,Sevelamero Carbonato,1,canonico_igual,V03AE02,V03AE02,sevelamero,sevelamero
3159,Sevelamero,3161,Sevelamero Hidrocloruro,1,canonico_igual,V03AE02,V03AE02,sevelamero,sevelamero
3160,Sevelamero Carbonato,3161,Sevelamero Hidrocloruro,1,canonico_igual,V03AE02,V03AE02,sevelamero,sevelamero
3165,Sildenafilo,3166,Sildenafilo Citrato,1,canonico_igual,G04BE03,G04BE03,sildenafilo,sildenafilo
3168,Silibinina,3169,Silibinina Succinato Sodio,1,canonico_igual,,,silibinina,silibinina
3184,Sitagliptina,3185,Sitagliptina Fosfato Monohidrato,1,canonico_igual,A10BH01,A10BH01,sitagliptina,sitagliptina
3184,Sitagliptina,3186,Sitagliptina Fumarato,1,canonico_igual,A10BH01,A10BH01,sitagliptina,sitagliptina
3184,Sitagliptina,3187,Sitagliptina Hidrocloruro,1,canonico_igual,A10BH01,A10BH01,sitagliptina,sitagliptina
3184,Sitagliptina,3188,Sitagliptina Hidrocloruro Monohidrato,1,canonico_igual,A10BH01,A10BH01,sitagliptina,sitagliptina
3184,Sitagliptina,3190,Sitagliptina Tartrato Hemihidrato,1,canonico_igual,A10BH01,A10BH01,sitagliptina,sitagliptina
3185,Sitagliptina Fosfato Monohidrato,3186,Sitagliptina Fumarato,1,canonico_igual,A10BH01,A10BH01,sitagliptina,sitagliptina
3185,Sitagliptina Fosfato Monohidrato,3187,Sitagliptina Hidrocloruro,1,canonico_igual,A10BH01,A10BH01,sitagliptina,sitagliptina
3185,Sitagliptina Fosfato Monohidrato,3188,Sitagliptina Hidrocloruro Monohidrato,1,canonico_igual,A10BH01,A10BH01,sitagliptina,sitagliptina
3185,Sitagliptina Fosfato Monohidrato,3190,Sitagliptina Tartrato Hemihidrato,1,canonico_igual,A10BH01,A10BH01,sitagliptina,sitagliptina
3186,Sitagliptina Fumarato,3187,Sitagliptina Hidrocloruro,1,canonico_igual,A10BH01,A10BH01,sitagliptina,sitagliptina
3186,Sitagliptina Fumarato,3188,Sitagliptina Hidrocloruro Monohidrato,1,canonico_igual,A10BH01,A10BH01,sitagliptina,sitagliptina
3186,Sitagliptina Fumarato,3190,Sitagliptina Tartrato Hemihidrato,1,canonico_igual,A10BH01,A10BH01,sitagliptina,sitagliptina
3187,Sitagliptina Hidrocloruro,3188,Sitagliptina Hidrocloruro Monohidrato,1,canonico_igual,A10BH01,A10BH01,sitagliptina,sitagliptina
3187,Sitagliptina Hidrocloruro,3190,Sitagliptina Tartrato Hemihidrato,1,canonico_igual,A10BH01,A10BH01,sitagliptina,sitagliptina
3188,Sitagliptina Hidrocloruro Monohidrato,3190,Sitagliptina Tartrato Hemihidrato,1,canonico_igual,A10BH01,A10BH01,sitagliptina,sitagliptina
3210,Solifenacina,3211,Solifenacina Succinato,1,canonico_igual,G04BD08,G04BD08,solifenacina,solifenacina
3212,Solriamfetol,3213,Solriamfetol Hidrocloruro,1,canonico_igual,N06BA14,N06BA14,solriamfetol,solriamfetol
3215,Somatorelina,3216,Somatorelina Acetato,1,canonico_igual,V04CD05,V04CD05,somatorelina,somatorelina
3217,Somatostatina,3218,Somatostatina Acetato Monohidrato,1,canonico_igual,H01CB01,H01CB01,somatostatina,somatostatina
3226,Sotalol,3227,Sotalol Hidrocloruro,1,canonico_igual,C07AA07,C07AA07,sotalol,sotalol
3236,Sufentanilo,3237,Sufentanilo Citrato,1,canonico_igual,N01AH03,N01AH01,sufentanilo,sufentanilo
3238,Sugammadex,3239,Sugammadex Sodio,1,canonico_igual,V03AB35,V03AB35,sugammadex,sugammadex
3241,Sulbactam,3242,Sulbactam Sodico,1,canonico_igual,J01CG01,J01CG01,sulbactam,sulbactam
3249,Sulfametoxazol,3250,Sulfametoxazol Sodico,1,canonico_igual,J01EC01,J01EC01,sulfametoxazol,sulfametoxazol
3262,Sumatriptan,3263,Sumatriptan Succinato,1,canonico_igual,N02CC01,N02CC01,sumatriptan,sumatriptan
3268,Suxametonio,3269,Suxametonio Cloruro,1,canonico_igual,M03AB01,M03AB01,suxametonio,suxametonio
3268,Suxametonio,3270,Suxametonio Cloruro Dihidrato,1,canonico_igual,M03AB01,,suxametonio,suxametonio
3269,Suxametonio Cloruro,3270,Suxametonio Cloruro Dihidrato,1,canonico_igual,M03AB01,,suxametonio,suxametonio
3272,Tacalcitol,3273,Tacalcitol Monohidrato,1,canonico_igual,D05AX04,D05AX04,tacalcitol,tacalcitol
3274,Tacrolimus,3275,Tacrolimus Monohidrato,1,canonico_igual,D11AH01,D11AH01,tacrolimus,tacrolimus
3288,Talio 201,3289,Talio 201 Cloruro,1,canonico_igual,V09GX01,,201 talio,201 talio
3291,Tamoxifeno,3292,Tamoxifeno Citrato,1,canonico_igual,L02BA01,L02BA01,tamoxifeno,tamoxifeno
3293,Tamsulosina,3294,Tamsulosina Hidrocloruro,1,canonico_igual,G04CA02,G04CA02,tamsulosina,tamsulosina
3297,Tapentadol,3298,Tapentadol Fosfato,1,canonico_igual,N02AX06,N02AX06,tapentadol,tapentadol
3297,Tapentadol,3299,Tapentadol Hidrocloruro,1,canonico_igual,N02AX06,N02AX06,tapentadol,tapentadol
3297,Tapentadol,3300,Tapentadol Maleato Hemihidrato,1,canonico_igual,N02AX06,N02AX06,tapentadol,tapentadol
3298,Tapentadol Fosfato,3299,Tapentadol Hidrocloruro,1,canonico_igual,N02AX06,N02AX06,tapentadol,tapentadol
3298,Tapentadol Fosfato,3300,Tapentadol Maleato Hemihidrato,1,canonico_igual,N02AX06,N02AX06,tapentadol,tapentadol
3299,Tapentadol Hidrocloruro,3300,Tapentadol Maleato Hemihidrato,1,canonico_igual,N02AX06,N02AX06,tapentadol,tapentadol
3312,Tazobactam,3313,Tazobactam Sodico,1,canonico_igual,J01CG02,J01CG02,tazobactam,tazobactam
3317,Tedizolid Fosfato,4066,Tedizolid,1,canonico_igual,J01XX11,J01XX11,tedizolid,tedizolid
3331,Tenofovir Alafenamida,3332,Tenofovir Alafenamida Fumarato,1,canonico_igual,J05AF13,J05AF13,alafenamida tenofovir,alafenamida tenofovir
3331,Tenofovir Alafenamida,3333,Tenofovir Alafenamida Succinato,1,canonico_igual,J05AF13,J05AF13,alafenamida tenofovir,alafenamida tenofovir
3332,Tenofovir Alafenamida Fumarato,3333,Tenofovir Alafenamida Succinato,1,canonico_igual,J05AF13,J05AF13,alafenamida tenofovir,alafenamida tenofovir
3334,Tenofovir Disoproxilo Fosfato,3335,Tenofovir Disoproxilo Fumarato,1,canonico_igual,J05AF07,J05AF07,disoproxilo tenofovir,disoproxilo tenofovir
3334,Tenofovir Disoproxilo Fosfato,3336,Tenofovir Disoproxilo Maleato,1,canonico_igual,J05AF07,J05AF07,disoproxilo tenofovir,disoproxilo tenofovir
3334,Tenofovir Disoproxilo Fosfato,3337,Tenofovir Disoproxilo Succinato,1,canonico_igual,J05AF07,J05AF07,disoproxilo tenofovir,disoproxilo tenofovir
3334,Tenofovir Disoproxilo Fosfato,4067,Tenofovir Disoproxilo,1,canonico_igual,J05AF07,J05AF07,disoproxilo tenofovir,disoproxilo tenofovir
3335,Tenofovir Disoproxilo Fumarato,3336,Tenofovir Disoproxilo Maleato,1,canonico_igual,J05AF07,J05AF07,disoproxilo tenofovir,disoproxilo tenofovir
3335,Tenofovir Disoproxilo Fumarato,3337,Tenofovir Disoproxilo Succinato,1,canonico_igual,J05AF07,J05AF07,disoproxilo tenofovir,disoproxilo tenofovir
3335,Tenofovir Disoproxilo Fumarato,4067,Tenofovir Disoproxilo,1,canonico_igual,J05AF07,J05AF07,disoproxilo tenofovir,disoproxilo tenofovir
3336,Tenofovir Disoproxilo Maleato,3337,Tenofovir Disoproxilo Succinato,1,canonico_igual,J05AF07,J05AF07,disoproxilo tenofovir,disoproxilo tenofovir
3336,Tenofovir Disoproxilo Maleato,4067,Tenofovir Disoproxilo,1,canonico_igual,J05AF07,J05AF07,disoproxilo tenofovir,disoproxilo tenofovir
3337,Tenofovir Disoproxilo Succinato,4067,Tenofovir Disoproxilo,1,canonico_igual,J05AF07,J05AF07,disoproxilo tenofovir,disoproxilo tenofovir
3340,Teofilina,3341,Teofilina Anhidra,1,canonico_igual,R03DA04,R03DA04,teofilina,teofilina
3343,Tepotinib Hidrocloruro Monohidrato,3909,Tepotinib,1,canonico_igual,L01EP02,L01EP02,tepotinib,tepotinib
3345,Terazosina,3346,Terazosina Hidrocloruro,1,canonico_igual,C02CA05,C02CA05,terazosina,terazosina
3345,Terazosina,3347,Terazosina Hidrocloruro Dihidrato,1,canonico_igual,C02CA05,C02CA05,terazosina,terazosina
3346,Terazosina Hidrocloruro,3347,Terazosina Hidrocloruro Dihidrato,1,canonico_igual,C02CA05,C02CA05,terazosina,terazosina
3348,Terbinafina,3349,Terbinafina Hidrocloruro,1,canonico_igual,D01AE15,D01AE15,terbinafina,terbinafina
3350,Terbutalina,3351,Terbutalina Sulfato,1,canonico_igual,R03AC03,R03AC03,terbutalina,terbutalina
3354,Terlipresina,3355,Terlipresina Acetato,1,canonico_igual,H01BA04,H01BA03,terlipresina,terlipresina
3360,(+)-tetrabenazina,3361,Tetrabenazina,1,canonico_igual,N05AK01,N05AK01,tetrabenazina,tetrabenazina
3362,Tetracaina,3363,Tetracaina Hidrocloruro,1,canonico_igual,C05AD02,C05AD02,tetracaina,tetracaina
3364,Tetraciclina,3365,Tetraciclina Hidrocloruro,1,canonico_igual,S02AA08,S02AA08,tetraciclina,tetraciclina
3372,Tetrizolina,3373,Tetrizolina Hidrocloruro,1,canonico_igual,R01AA06,R01AA06,tetrizolina,tetrizolina
3384,Tiamina,3385,Tiamina Hidrocloruro,1,canonico_igual,A11DA01,,tiamina,tiamina
3384,Tiamina,3386,Tiamina Nitrato,1,canonico_igual,A11DA01,,tiamina,tiamina
3385,Tiamina Hidrocloruro,3386,Tiamina Nitrato,1,canonico_igual,,,tiamina,tiamina
3388,Tianeptina,3389,Tianeptina Sodica,1,canonico_igual,N06AX14,N06AX14,tianeptina,tianeptina
3393,Ticlopidina,3394,Ticlopidina Hidrocloruro,1,canonico_igual,B01AC05,B01AC05,ticlopidina,ticlopidina
3403,Timolol Maleato,4196,Timolol,1,canonico_igual,C07AA06,C07AA06,timolol,timolol
3405,Tinzaparina,3406,Tinzaparina Sodica,1,canonico_igual,B01AB10,B01AB10,tinzaparina,tinzaparina
3412,Tiopental,3413,Tiopental Sodico,1,canonico_igual,N05CA19,N01AF03,tiopental,tiopental
3414,Tiosulfato,3415,Tiosulfato Sodio,1,canonico_igual,V03AB06,V03AB06,tiosulfato,tiosulfato
3417,"Tiotropio, Bromuro De, Monohidrato",3910,Tiotropio Bromuro,1,canonico_igual,N02AA02,N02AA02,tiotropio,tiotropio
3417,"Tiotropio, Bromuro De, Monohidrato",4197,Tiotropio,1,canonico_igual,N02AA02,N02AA02,tiotropio,tiotropio
3910,Tiotropio Bromuro,4197,Tiotropio,1,canonico_igual,N02AA02,N02AA02,tiotropio,tiotropio
3423,Tirofiban,3424,Tirofiban Hidrocloruro,1,canonico_igual,B01AC17,B01AC17,tirofiban,tirofiban
3436,Tivozanib,3437,Tivozanib Hidrocloruro Monohidrato,1,canonico_igual,L01EK03,L01EK03,tivozanib,tivozanib
3440,Tizanidina,3441,Tizanidina Hidrocloruro,1,canonico_igual,M03BX02,M03BX02,tizanidina,tizanidina
3442,Tobramicina,3443,Tobramicina Sulfato,1,canonico_igual,J01GB01,J01GB01,tobramicina,tobramicina
3450,Tofacitinib,3451,Tofacitinib Citrato,1,canonico_igual,L04AA29,L04AA29,tofacitinib,tofacitinib
3454,Tolterodina,3455,Tolterodina Tartrato,1,canonico_igual,G04BD07,G04BD07,tolterodina,tolterodina
3461,Topotecan,3462,Topotecan Hidrocloruro,1,canonico_igual,L01CE01,L01CE01,topotecan,topotecan
3464,Toremifeno Citrato,4151,Toremifeno,1,canonico_igual,L02BA02,L02BA02,toremifeno,toremifeno
3473,Tramadol,3474,Tramadol Hidrocloruro,1,canonico_igual,N02AX02,N02AX02,tramadol,tramadol
3475,Tramazolina,3476,Tramazolina Hidrocloruro,1,canonico_igual,R01AA09,R01AA09,tramazolina,tramazolina
3481,Tranilcipromina,3482,Tranilcipromina Sulfato,1,canonico_igual,N06AF04,N06AF04,tranilcipromina,tranilcipromina
3487,Trazodona,3488,Trazodona Hidrocloruro,1,canonico_igual,N06AX05,N06AX05,trazodona,trazodona
3514,Trimebutina,3515,Trimebutina Maleato,1,canonico_igual,A03AA05,A03AA05,trimebutina,trimebutina
3520,Trimipramina,3521,Trimipramina Maleato,1,canonico_igual,N06AA06,N06AA02,trimipramina,trimipramina
3525,Tripelenamina,3526,Tripelenamina Hidrocloruro,1,canonico_igual,D04AA04,D04AA04,tripelenamina,tripelenamina
3527,Triprolidina,3528,Triprolidina Hidrocloruro,1,canonico_igual,R06AX07,R06AX07,triprolidina,triprolidina
3530,Triptorelina,3531,Triptorelina Acetato,1,canonico_igual,L02AE04,L02AE04,triptorelina,triptorelina
3530,Triptorelina,3532,Triptorelina Pamoato,1,canonico_igual,L02AE04,L02AE04,triptorelina,triptorelina
3531,Triptorelina Acetato,3532,Triptorelina Pamoato,1,canonico_igual,L02AE04,L02AE04,triptorelina,triptorelina
3548,Ulipristal,3549,Ulipristal Acetato,1,canonico_igual,G03AD02,G03AD02,ulipristal,ulipristal
3550,Upadacitinib,3551,Upadacitinib Hemihidrato,1,canonico_igual,L04AA44,L04AA44,upadacitinib,upadacitinib
3582,Valaciclovir,3583,Valaciclovir  Hidrocloruro,1,canonico_igual,J05AB11,D06BB03,valaciclovir,valaciclovir
3590,Valganciclovir,3591,Valganciclovir Hidrocloruro,1,canonico_igual,J05AB14,J05AB06,valganciclovir,valganciclovir
3596,Valsartan,3597,Valsartan Disodio,1,canonico_igual,C09CA03,C09CA03,valsartan,valsartan
3600,Vancomicina,3601,Vancomicina Hidrocloruro,1,canonico_igual,A07AA09,A07AA09,vancomicina,vancomicina
3606,Vardenafilo,3607,Vardenafilo Hidrocloruro,1,canonico_igual,G04BE09,G04BE09,vardenafilo,vardenafilo
3606,Vardenafilo,3608,Vardenafilo Hidrocloruro Trihidrato,1,canonico_igual,G04BE09,G04BE09,vardenafilo,vardenafilo
3607,Vardenafilo Hidrocloruro,3608,Vardenafilo Hidrocloruro Trihidrato,1,canonico_igual,G04BE09,G04BE09,vardenafilo,vardenafilo
3609,Vareniclina,3610,Vareniclina Citrato,1,canonico_igual,N07BA03,N07BA03,vareniclina,vareniclina
3609,Vareniclina,3611,Vareniclina Tartrato,1,canonico_igual,N07BA03,N07BA03,vareniclina,vareniclina
3610,Vareniclina Citrato,3611,Vareniclina Tartrato,1,canonico_igual,N07BA03,N07BA03,vareniclina,vareniclina
3626,Venlafaxina,3627,Venlafaxina  Hidrocloruro,1,canonico_igual,N06AX16,N06AX16,venlafaxina,venlafaxina
3628,Verapamilo,3629,Verapamilo Hidrocloruro,1,canonico_igual,C08DA01,C08DA01,verapamilo,verapamilo
3630,Verde Indocianina,3631,Verde Indocianina Sodico,1,canonico_igual,,,indocianina verde,indocianina verde
3633,Vernakalant,3634,Vernakalant Hidrocloruro,1,canonico_igual,C01BG11,C01BG11,vernakalant,vernakalant
3645,Vimseltinib Dihidrato,3914,Vimseltinib,1,canonico_igual,L01EX29,L01EX29,vimseltinib,vimseltinib
3646,Vinblastina,3647,Vinblastina Sulfato,1,canonico_igual,L01CA01,L01CA01,vinblastina,vinblastina
3650,Vincristina,3651,Vincristina Sulfato,1,canonico_igual,L01CA02,L01CA02,vincristina,vincristina
3652,Vindesina,3653,Vindesina Sulfato,1,canonico_igual,L01CA03,L01CA03,vindesina,vindesina
3655,Vinorelbina,3656,Vinorelbina Tartrato,1,canonico_igual,L01CA04,L01CA04,vinorelbina,vinorelbina
3724,Vitamina A,3736,Vitamina E,1,canonico_igual,V04CB01,,vitamina,vitamina
3747,Volanesorsen,3748,Volanesorsen Sodio,1,canonico_igual,C10AX18,C10AX18,volanesorsen,volanesorsen
3753,Vortioxetina,3754,Vortioxetina Hidrobromuro,1,canonico_igual,N06AX26,N06AX26,vortioxetina,vortioxetina
3753,Vortioxetina,3755,Vortioxetina Lactato,1,canonico_igual,N06AX26,N06AX26,vortioxetina,vortioxetina
3754,Vortioxetina Hidrobromuro,3755,Vortioxetina Lactato,1,canonico_igual,N06AX26,N06AX26,vortioxetina,vortioxetina
3759,Warfarina,3760,Warfarina Sodica,1,canonico_igual,B01AA03,B01AA03,warfarina,warfarina
3763,Xilometazolina,3764,Xilometazolina Hidrocloruro,1,canonico_igual,R01AA07,R01AA07,xilometazolina,xilometazolina
3769,Ytrio Y-90 Citrato,4008,Ytrio Y-90 Cloruro,1,canonico_igual,,,90 ytrio,90 ytrio
3769,Ytrio Y-90 Citrato,4204,Ytrio Y-90,1,canonico_igual,,,90 ytrio,90 ytrio
4008,Ytrio Y-90 Cloruro,4204,Ytrio Y-90,1,canonico_igual,,,90 ytrio,90 ytrio
3777,Zinc Acetato,3778,Zinc Acetato Dihidrato,1,canonico_igual,,,zinc,zinc
3777,Zinc Acetato,4009,Zinc,1,canonico_igual,,A02BX91,zinc,zinc
3777,Zinc Acetato,4010,Zinc Cloruro,1,canonico_igual,,,zinc,zinc
3778,Zinc Acetato Dihidrato,4009,Zinc,1,canonico_igual,,A02BX91,zinc,zinc
3778,Zinc Acetato Dihidrato,4010,Zinc Cloruro,1,canonico_igual,,,zinc,zinc
4009,Zinc,4010,Zinc Cloruro,1,canonico_igual,A02BX91,,zinc,zinc
3784,Ziprasidona,3785,Ziprasidona Hidrocloruro,1,canonico_igual,N05AE04,N05AE04,ziprasidona,ziprasidona
3784,Ziprasidona,3787,Ziprasidona Mesilato,1,canonico_igual,N05AE04,N05AE04,ziprasidona,ziprasidona
3784,Ziprasidona,3788,Ziprasidona Monohidrato,1,canonico_igual,N05AE04,N05AE04,ziprasidona,ziprasidona
3785,Ziprasidona Hidrocloruro,3787,Ziprasidona Mesilato,1,canonico_igual,N05AE04,N05AE04,ziprasidona,ziprasidona
3785,Ziprasidona Hidrocloruro,3788,Ziprasidona Monohidrato,1,canonico_igual,N05AE04,N05AE04,ziprasidona,ziprasidona
3787,Ziprasidona Mesilato,3788,Ziprasidona Monohidrato,1,canonico_igual,N05AE04,N05AE04,ziprasidona,ziprasidona
3789,Zofenopril Calcico,4155,Zofenopril,1,canonico_igual,C09AA15,C09AA15,zofenopril,zofenopril
3793,Zolpidem Tartrato,4073,Zolpidem,1,canonico_igual,N05CF02,N05CF02,zolpidem,zolpidem
3796,Zuclopentixol Acetato,4012,Zuclopentixol,1,canonico_igual,N05AF02,N05AF05,zuclopentixol,zuclopentixol
3828,Biperideno,3829,Biperideno Hidrocloruro,1,canonico_igual,N04AA02,N04AA02,biperideno,biperideno
3845,Bupropion,3846,Bupropion Hidrocloruro,1,canonico_igual,N07BA02,N02AA02,bupropion,bupropion
3852,Cetilpiridinio Bromuro,3925,Cetilpiridinio,1,canonico_igual,,D08AJ91,cetilpiridinio,cetilpiridinio
3852,Cetilpiridinio Bromuro,3926,Cetilpiridinio Cloruro,1,canonico_igual,,B05CA01,cetilpiridinio,cetilpiridinio
3925,Cetilpiridinio,3926,Cetilpiridinio Cloruro,1,canonico_igual,D08AJ91,B05CA01,cetilpiridinio,cetilpiridinio
3862,Edrofonio Bromuro,4029,Edrofonio,1,canonico_igual,N07AA91,N07AA91,edrofonio,edrofonio
3865,Erlotinib,3866,Erlotinib Hidrocloruro,1,canonico_igual,L01EB02,L01EB02,erlotinib,erlotinib
3875,Glicopirronio Bromuro,3959,Glicopirronio,1,canonico_igual,R03BB06,D11AA01,glicopirronio,glicopirronio
3885,Nebivolol,3886,Nebivolol Hidrocloruro,1,canonico_igual,C07AB12,C07AB12,nebivolol,nebivolol
3890,Otilonio Bromuro,4186,Otilonio,1,canonico_igual,A03AB06,A03AB06,otilonio,otilonio
3900,Rocuronio Bromuro,3991,Rocuronio,1,canonico_igual,M03AC09,M03AC09,rocuronio,rocuronio
3907,Sunitinib,3908,Sunitinib Hidrocloruro,1,canonico_igual,L01EX01,L01EX01,sunitinib,sunitinib
3912,Umeclidinio Bromuro,4007,Umeclidinio,1,canonico_igual,R03BB07,R03AL03,umeclidinio,umeclidinio
3920,Cefminox,3921,Cefminox Sodico,1,canonico_igual,J01DC12,J01DC12,cefminox,cefminox
3922,Cefonicid,3923,Cefonicid Sodico,1,canonico_igual,J01DC06,,cefonicid,cefonicid
3942,Colestipol,3943,Colestipol Hidrocloruro,1,canonico_igual,C10AC02,C10AC02,colestipol,colestipol
3949,Epoprostenol Sodico,4075,Epoprostenol,1,canonico_igual,B01AC09,B01AC09,epoprostenol,epoprostenol
3950,Esmolol Hidrocloruro,4077,Esmolol,1,canonico_igual,C07AB09,C07AB09,esmolol,esmolol
3951,Estroncio,3952,Estroncio Cloruro,1,canonico_igual,M05BX03,,estroncio,estroncio
3953,Fingolimod Hidrocloruro,4034,Fingolimod,1,canonico_igual,L04AA27,L04AA27,fingolimod,fingolimod
3955,Fosinopril Sodico,4160,Fosinopril,1,canonico_igual,C09AA09,C09AA09,fosinopril,fosinopril
3967,Indio 111 Cloruro,4037,Indio 111,1,canonico_igual,,V09IB01,111 indio,111 indio
3974,Metiltioninio Cloruro,4113,Metiltioninio,1,canonico_igual,V04CG05,V03AB17,metiltioninio,metiltioninio
3975,Nedocromilo,3976,Nedocromilo Sodico,1,canonico_igual,R01AC07,R01AC07,nedocromilo,nedocromilo
3992,Ropinirol Hidrocloruro,4193,Ropinirol,1,canonico_igual,N04BC04,N04BC04,ropinirol,ropinirol
4004,Treprostinilo Sodico,4152,Treprostinilo,1,canonico_igual,B01AC21,B01AC21,treprostinilo,treprostinilo
4005,Trihexifenidil Hidrocloruro,4069,Trihexifenidil,1,canonico_igual,,N04AA01,trihexifenidil,trihexifenidil
4006,Trospio Cloruro,4199,Trospio,1,canonico_igual,A03DA06,A03DA06,trospio,trospio
4030,Eplontersen Sodio,4074,Eplontersen,1,canonico_igual,N07XX21,N07XX21,eplontersen,eplontersen
4038,Inotersen Sodio,4095,Inotersen,1,canonico_igual,N07XX15,N07XX15,inotersen,inotersen
4050,Pemetrexed,4051,Pemetrexed Disodio,1,canonico_igual,L01BA04,L01BA04,pemetrexed,pemetrexed
20,Aceite De Soja  Aceite De Oliva,26,Aceite Oliva,0.8,mismo_generico_en,A06AG06,A06AG06,aceite aceite oliva soja,aceite oliva
20,Aceite De Soja  Aceite De Oliva,29,Aceite Semilla Soja,0.821,mismo_generico_en,A06AG06,A06AG06,aceite aceite oliva soja,aceite semilla soja
20,Aceite De Soja  Aceite De Oliva,30,Aceite Soja Purificado,0.8,mismo_generico_en,A06AG06,A06AG06,aceite aceite oliva soja,aceite purificado soja
20,Aceite De Soja  Aceite De Oliva,2574,"Oliva, Aceite De, Refinado",0.8,mismo_generico_en,A06AG06,A06AG06,aceite aceite oliva soja,aceite oliva refinado
20,Aceite De Soja  Aceite De Oliva,3207,"Soja, Aceite De, Refinado",0.813,mismo_generico_en,A06AG06,A06AG06,aceite aceite oliva soja,aceite refinado soja
29,Aceite Semilla Soja,30,Aceite Soja Purificado,0.762,mismo_generico_en,A06AG06,A06AG06,aceite semilla soja,aceite purificado soja
29,Aceite Semilla Soja,3207,"Soja, Aceite De, Refinado",0.762,mismo_generico_en,A06AG06,A06AG06,aceite semilla soja,aceite refinado soja
30,Aceite Soja Purificado,3207,"Soja, Aceite De, Refinado",0.867,mismo_generico_en,A06AG06,A06AG06,aceite purificado soja,aceite refinado soja
2574,"Oliva, Aceite De, Refinado",3207,"Soja, Aceite De, Refinado",0.75,mismo_generico_en,A06AG06,A06AG06,aceite oliva refinado,aceite refinado soja
24,Aceite Lavandula Angustifolia Mill,2023,Lavandula Angustifolia Mill.,0.792,mismo_generico_en,A06AG06,,aceite angustifolia lavandula mill,angustifolia lavandula mill
1302,Esencia Rosmarinus Officinalis,3059,Rosmarinus Officinalis,0.758,mismo_generico_en,,,esencia officinalis rosmarinus,officinalis rosmarinus
2850,Potasio Dihidrogenofosfato,2852,Potasio Hidrogenofosfato,0.889,mismo_generico_en,,,dihidrogenofosfato,hidrogenofosfato
3781,Zinc Piritiona,3782,Zinc Piritionato,0.909,mismo_generico_en,,,piritiona zinc,piritionato zinc
67,Acidos Omega 3,3511,Trigliceridos Omega-3,0.795,mismo_generico_en,,C10AX06,3 acidos omega,3 omega trigliceridos
86,Aescina,1281,Escina,0.857,mismo_generico_en,C05CA94,C05CA94,aescina,escina
116,Alcohol Etilico,754,Cinamilico Alcohol,0.75,mismo_generico_en,,,alcohol etilico,alcohol cinamilico
754,Cinamilico Alcohol,1354,Etilico Alcohol,0.75,mismo_generico_en,,,alcohol cinamilico,alcohol etilico
2760,Picosulfato Sodio,3415,Tiosulfato Sodio,0.818,mismo_generico_en,,V03AB06,picosulfato,tiosulfato
3197,Sodio Dihidrogenofosfato,3200,Sodio Hidrogenofosfato,0.889,mismo_generico_en,,,dihidrogenofosfato,hidrogenofosfato
2756,P-hidroxibenzoato De Metilo,2858,P-oxibenzoato De Metilo,0.911,mismo_generico_en,,,hidroxibenzoato metilo p,metilo oxibenzoato p
2315,Metoxaleno,2318,Metoxisaleno,0.833,mismo_generico_en,,,metoxaleno,metoxisaleno
252,Antigeno Oligosacarido Meningococo Grupo A,258,Antigeno Polisacarido Meningococo Grupo A,0.942,mismo_generico_en,,,antigeno grupo meningococo oligosacarido,antigeno grupo meningococo polisacarido
253,Antigeno Oligosacarido Meningococo Grupo C,259,Antigeno Polisacarido Meningococo Grupo C,0.954,mismo_generico_en,,,antigeno c grupo meningococo oligosacarido,antigeno c grupo meningococo polisacarido
255,Antigeno Oligosacarido Meningococo Grupo Y,257,Antigeno Polisacarido Meningococo Gr Y,0.792,mismo_generico_en,,,antigeno grupo meningococo oligosacarido,antigeno gr meningococo polisacarido
313,Asparagina,315,Asparaginasa,0.833,mismo_generico_en,L01XX02,L01XX02,asparagina,asparaginasa
428,Bendrofluazida,429,Bendroflumetiazida,0.778,mismo_generico_en,,C03AA01,bendrofluazida,bendroflumetiazida
429,Bendroflumetiazida,440,Benzhidroflumetiazida,0.857,mismo_generico_en,C03AA01,C03AA02,bendroflumetiazida,benzhidroflumetiazida
438,Benzbromarona,442,Benzobromarona,0.929,mismo_generico_en,M04AB03,,benzbromarona,benzobromarona
528,Bromfeniramina,534,Bromofeniramina,0.933,mismo_generico_en,R06AB01,R06AB05,bromfeniramina,bromofeniramina
529,Bromfeniramina Maleato,534,Bromofeniramina,0.933,mismo_generico_en,R06AB01,R06AB05,bromfeniramina,bromofeniramina
1927,Isopropil Alcohol,1930,Isopropilico Alcohol,0.875,mismo_generico_en,,,alcohol isopropil,alcohol isopropilico
1365,Eucalipto,1366,Eucaliptol,0.9,mismo_generico_en,,,eucalipto,eucaliptol
721,Chelidonia Majus,722,Chelidonium Majus,0.909,mismo_generico_en,,,chelidonia majus,chelidonium majus
755,Cinarizina,762,Cinnarizina,0.909,mismo_generico_en,N07CA02,,cinarizina,cinnarizina
845,Clorfenamina,847,Clorfeniramina,0.857,mismo_generico_en,R06AB04,D04AA91,clorfenamina,clorfeniramina
846,Clorfenamina Maleato,847,Clorfeniramina,0.857,mismo_generico_en,R06AB04,D04AA91,clorfenamina,clorfeniramina
857,Clorobutanol,3854,Clorobutol,0.833,mismo_generico_en,A04AD04,,clorobutanol,clorobutol
864,Clorotetraciclina,870,Clortetraciclina,0.941,mismo_generico_en,S02AA08,A01AB21,clorotetraciclina,clortetraciclina
864,Clorotetraciclina,871,Clortetraciclina Hidrocloruro,0.941,mismo_generico_en,S02AA08,S02AA08,clorotetraciclina,clortetraciclina
955,Dalfampridina,1399,Fampridina,0.769,mismo_generico_en,N07XX07,N07XX07,dalfampridina,fampridina
1041,Dexanfetamina,1052,Dextroamfetamina,0.75,mismo_generico_en,N06BA02,,dexanfetamina,dextroamfetamina
1042,Dexanfetamina Sulfato,1052,Dextroamfetamina,0.75,mismo_generico_en,N06BA01,,dexanfetamina,dextroamfetamina
1070,Diciclomina,1071,Dicicloverina,0.769,mismo_generico_en,,A03AA07,diciclomina,dicicloverina
1070,Diciclomina,1072,Dicicloverina Hidrocloruro,0.769,mismo_generico_en,,A03AA07,diciclomina,dicicloverina
1107,Dihidroquinidina,1752,Hidroquinidina,0.875,mismo_generico_en,C01BA01,C01BA13,dihidroquinidina,hidroquinidina
1107,Dihidroquinidina,1753,Hidroquinidina Hidrocloruro,0.875,mismo_generico_en,C01BA01,C01BA01,dihidroquinidina,hidroquinidina
1187,Echinacea Purpurea Tintura Madre,1189,Echinacea Purpurea Tintura Raiz,0.813,mismo_generico_en,B05BC02,B05BC02,echinacea madre purpurea tintura,echinacea purpurea raiz tintura
1256,Eptacog Alfa Activado,1257,Eptacog Beta Activado,0.75,mismo_generico_en,,,activado alfa eptacog,activado beta eptacog
1290,Esencia Cedro,3491,Trementina Cedro,0.75,mismo_generico_en,,,cedro esencia,cedro trementina
1295,Esencia Hierba Luisa,1778,Hierba Luisa,0.762,mismo_generico_en,,,esencia hierba luisa,hierba luisa
1848,"Indio (i111), Oxinato De",1849,"Indio (i111), Pentetato De",0.81,mismo_generico_en,,,i111 indio oxinato,i111 indio pentetato
1472,Fludrocortisona,1484,Fluorhidrocortisona,0.789,mismo_generico_en,H02AA02,H02AB09,fludrocortisona,fluorhidrocortisona
1557,Frusemida,1564,Furosemida,0.8,mismo_generico_en,,C03CA01,frusemida,furosemida
1557,Frusemida,1566,Fursemida,0.778,mismo_generico_en,,,frusemida,fursemida
1564,Furosemida,1566,Fursemida,0.9,mismo_generico_en,C03CA01,,furosemida,fursemida
1779,Hierro Carboximaltosa,2831,Polimaltosa Hierro,0.821,mismo_generico_en,B03AC92,,carboximaltosa hierro,hierro polimaltosa
1782,Hierro Sacarosa,3092,Sacarato Hierro,0.813,mismo_generico_en,B03AC93,,hierro sacarosa,hierro sacarato
1783,Hierro Sulfato Desecado,1785,Hierro-dextrano,0.75,mismo_generico_en,,B05AA05,desecado hierro,dextrano hierro
1581,Gadoterico Acido,1582,Gadoteridol,0.818,mismo_generico_en,,V08CA04,gadoterico,gadoteridol
1989,L-alanil-l-glutamina,2080,L-glutamina,0.833,mismo_generico_en,,B05XB02,alanil glutamina l l,glutamina l
1679,Gonadotrofina Menopausica Humana,1681,Gonadotropina Corionica Humana,0.762,mismo_generico_en,,,gonadotrofina humana menopausica,corionica gonadotropina humana
1679,Gonadotrofina Menopausica Humana,1799,Hormona Gonadotrofina Menopausica Humana,0.75,mismo_generico_en,,,gonadotrofina humana menopausica,gonadotrofina hormona humana menopausica
1702,Haemophilus Influenzae,1718,Hemophilus Influenzae,0.955,mismo_generico_en,J07AG52,J07AG53,haemophilus influenzae,hemophilus influenzae
1714,"Hedera Helix L., Hoja, Extracto Seco (der 4–8:1) Disolvente De Extraccion: Etanol 30%(m/m)",1715,"Hedera Helix L., Hoja, Extracto Seco (der 5–7.5: 1) Disolvente De Extraccion: Etanol 30% (m/m)",0.824,mismo_generico_en,V03AB16,V03AB16,1 30 4 8 der disolvente etanol extraccion extracto hedera helix hoja l m m seco,1 30 5 5 7 der disolvente etanol extraccion extracto hedera helix hoja l m m seco
1760,Hidroxicobalamina,1773,Hidroxocobalamina,0.941,mismo_generico_en,,B03BA03,hidroxicobalamina,hidroxocobalamina
1760,Hidroxicobalamina,1775,Hidroxocobalamina Hidrocloruro,0.941,mismo_generico_en,,B03BA03,hidroxicobalamina,hidroxocobalamina
1760,Hidroxicobalamina,1776,Hidroxocobalamina Sulfato,0.941,mismo_generico_en,,B03BA03,hidroxicobalamina,hidroxocobalamina
1810,Ibuprofeno Arginina,1811,Ibuprofeno Lisina,0.75,mismo_generico_en,M01AE01,B05XB03,arginina ibuprofeno,ibuprofeno lisina
2647,P-aminobenzoato De Etilo,2755,P-hidroxibenzoato De Etilo,0.867,mismo_generico_en,,D01AE10,aminobenzoato etilo p,etilo hidroxibenzoato p
1855,Inmunoglobulina  Antihepatitis B,1865,Inmunoglobulina Humana Antihepatitis B,0.75,mismo_generico_en,J06BB04,,antihepatitis b inmunoglobulina,antihepatitis b humana inmunoglobulina
1858,Inmunoglobulina Antirrabica,1859,Inmunoglobulina Antitetanica,0.833,mismo_generico_en,J06BB05,J06BB02,antirrabica inmunoglobulina,antitetanica inmunoglobulina
1866,Inmunoglobulina Humana Antirrabica,1867,Inmunoglobulina Humana Antitetanica,0.889,mismo_generico_en,,,antirrabica humana inmunoglobulina,antitetanica humana inmunoglobulina
1866,Inmunoglobulina Humana Antirrabica,1869,Inmunoglobulina Humana Polivalente,0.756,mismo_generico_en,,,antirrabica humana inmunoglobulina,humana inmunoglobulina polivalente
1867,Inmunoglobulina Humana Antitetanica,1869,Inmunoglobulina Humana Polivalente,0.75,mismo_generico_en,,,antitetanica humana inmunoglobulina,humana inmunoglobulina polivalente
1880,Insulina Humana Isofana,1883,Insulina Isofana,0.81,mismo_generico_en,A10AB01,,humana insulina isofana,insulina isofana
3152,Seroalbumina Humana,3537,Trombina Humana,0.75,mismo_generico_en,B05AA01,B02BC06,humana seroalbumina,humana trombina
1901,Iodoclorohidroxiquina,1902,Iodoclorohidroxiquinoleina,0.808,mismo_generico_en,,,iodoclorohidroxiquina,iodoclorohidroxiquinoleina
1902,Iodoclorohidroxiquinoleina,1903,Iodoclorooxiquinoleina,0.846,mismo_generico_en,,,iodoclorohidroxiquinoleina,iodoclorooxiquinoleina
1902,Iodoclorohidroxiquinoleina,3767,Yodoclorhidroxiquinoleina,0.923,mismo_generico_en,,D08AG03,iodoclorohidroxiquinoleina,yodoclorhidroxiquinoleina
1903,Iodoclorooxiquinoleina,3767,Yodoclorhidroxiquinoleina,0.8,mismo_generico_en,,D08AG03,iodoclorooxiquinoleina,yodoclorhidroxiquinoleina
1929,Isopropilfenazona,2908,Propifenazona,0.765,mismo_generico_en,N02BB01,N02BB04,isopropilfenazona,propifenazona
2051,Leuprolida,2052,Leuprorelina,0.75,mismo_generico_en,,L02AE02,leuprolida,leuprorelina
2051,Leuprolida,2053,Leuprorelina Acetato,0.75,mismo_generico_en,,L02AE02,leuprolida,leuprorelina
2051,Leuprolida,2054,Leuprorelina Mesilato,0.75,mismo_generico_en,,L02AE02,leuprolida,leuprorelina
2070,Levomepromazina,2075,Levopromazina,0.867,mismo_generico_en,N05AA02,N05AA03,levomepromazina,levopromazina
2071,Levomepromazina Hidrocloruro,2075,Levopromazina,0.867,mismo_generico_en,N05AA02,N05AA03,levomepromazina,levopromazina
2072,Levomepromazina Maleato,2075,Levopromazina,0.867,mismo_generico_en,N05AA02,N05AA03,levomepromazina,levopromazina
2208,Meclicina,2209,Meclozina,0.778,mismo_generico_en,,R06AE05,meclicina,meclozina
2212,Medigoxina,2286,Metildigoxina,0.769,mismo_generico_en,C01AA05,C01AA08,medigoxina,metildigoxina
2782,Piranisamina,2792,Pirilamina,0.75,mismo_generico_en,,,piranisamina,pirilamina
2249,Merbromina,2257,Mercromina,0.9,mismo_generico_en,D08AK04,,merbromina,mercromina
3401,Timerosal,3410,Tiomersal,0.778,mismo_generico_en,,D08AK06,timerosal,tiomersal
3410,Tiomersal,3411,Tiomersalato,0.75,mismo_generico_en,D08AK06,D08AK06,tiomersal,tiomersalato
2288,Metilergobasina,2289,Metilergometrina,0.75,mismo_generico_en,,G02AB01,metilergobasina,metilergometrina
2288,Metilergobasina,2290,Metilergometrina Maleato,0.75,mismo_generico_en,,G02AB01,metilergobasina,metilergometrina
2288,Metilergobasina,2291,Metilergonovina,0.8,mismo_generico_en,,,metilergobasina,metilergonovina
2289,Metilergometrina,2291,Metilergonovina,0.75,mismo_generico_en,G02AB01,,metilergometrina,metilergonovina
2290,Metilergometrina Maleato,2291,Metilergonovina,0.75,mismo_generico_en,G02AB01,,metilergometrina,metilergonovina
2481,Neurotoxina De Clostridium Botulinum Tipo A 148.2 Kda,2482,Neurotoxina De Clostridium Botulinum Tipo E 150 Kda,0.762,mismo_generico_en,,,148 2 botulinum clostridium kda neurotoxina tipo,150 botulinum clostridium kda neurotoxina tipo
2486,Niacinamida,2495,Nicotinamida,0.75,mismo_generico_en,,A11HA01,niacinamida,nicotinamida
2490,Nicotamida,2491,Nicotilamida,0.833,mismo_generico_en,,,nicotamida,nicotilamida
2490,Nicotamida,2495,Nicotinamida,0.833,mismo_generico_en,,A11HA01,nicotamida,nicotinamida
2491,Nicotilamida,2495,Nicotinamida,0.917,mismo_generico_en,,A11HA01,nicotilamida,nicotinamida
2542,Noretindrona,2543,Noretisterona,0.769,mismo_generico_en,,G03AC01,noretindrona,noretisterona
2542,Noretindrona,2544,Noretisterona Acetato,0.769,mismo_generico_en,,G03AC01,noretindrona,noretisterona
2568,O-hidroxibenzamida,3888,O-hidroxibenzoico,0.75,mismo_generico_en,,,hidroxibenzamida,hidroxibenzoico
2689,Patiromer,2691,Patiromero Calcio,0.9,mismo_generico_en,V03AE09,,patiromer,patiromero
2725,Pentosan Polisulfato Acido,2726,Pentosano Polisulfato Sodio,0.944,mismo_generico_en,,,pentosan polisulfato,pentosano polisulfato
2734,Perbinafina,3348,Terbinafina,0.909,mismo_generico_en,,D01AE15,perbinafina,terbinafina
2734,Perbinafina,3349,Terbinafina Hidrocloruro,0.909,mismo_generico_en,,D01AE15,perbinafina,terbinafina
2736,Periciazina,2907,Propericiazina,0.786,mismo_generico_en,N05AC01,N05AC01,periciazina,propericiazina
2751,Peumus Boldus M. Hoja,3891,Peumus Boldus M.,0.792,mismo_generico_en,,,boldus hoja m peumus,boldus m peumus
2753,P-hidroxibenzoato De Bencilo,2754,P-hidroxibenzoato De Butilo,0.857,mismo_generico_en,P03AX01,,bencilo hidroxibenzoato p,butilo hidroxibenzoato p
2753,P-hidroxibenzoato De Bencilo,2757,P-hidroxibenzoato De Propilo,0.81,mismo_generico_en,P03AX01,,bencilo hidroxibenzoato p,hidroxibenzoato p propilo
2754,P-hidroxibenzoato De Butilo,2757,P-hidroxibenzoato De Propilo,0.81,mismo_generico_en,,,butilo hidroxibenzoato p,hidroxibenzoato p propilo
2812,Plantago Ovata Forskk.,2813,Plantago Ovata Forskk. Cascara,0.75,mismo_generico_en,,A06AB07,forskk ovata plantago,cascara forskk ovata plantago
2812,Plantago Ovata Forskk.,2814,Plantago Ovata Forskk. Semilla,0.75,mismo_generico_en,,,forskk ovata plantago,forskk ovata plantago semilla
2813,Plantago Ovata Forskk. Cascara,2814,Plantago Ovata Forskk. Semilla,0.821,mismo_generico_en,A06AB07,,cascara forskk ovata plantago,forskk ovata plantago semilla
2814,Plantago Ovata Forskk. Semilla,2815,Plantago Ovata Forskk. Semilla Cuticula,0.8,mismo_generico_en,,,forskk ovata plantago semilla,cuticula forskk ovata plantago semilla
2838,Polividona,2856,Povidona,0.8,mismo_generico_en,,D11AC06,polividona,povidona
4040,Ioduro (123i) Sodio,4041,Ioduro (131i) Sodio,0.75,mismo_generico_en,,,123i ioduro,131i ioduro
2905,Propanolol,2912,Propranolol,0.909,mismo_generico_en,D08AX03,C07AA05,propanolol,propranolol
2905,Propanolol,2913,Propranolol Hidrocloruro,0.909,mismo_generico_en,D08AX03,C07AA05,propanolol,propranolol
2917,Proteasa,2918,Proteasas,0.889,mismo_generico_en,M09AB91,M09AB91,proteasa,proteasas
3001,Resorcina,3989,Resorcinol,0.8,mismo_generico_en,,D10AX02,resorcina,resorcinol
3089,Sabal Serrulata Exto Blando,3090,Sabal Serrulata Exto Seco,0.792,mismo_generico_en,,,blando exto sabal serrulata,exto sabal seco serrulata
3104,Salazosulfapiridina,3111,Salicilazosulfapiridina,0.826,mismo_generico_en,J01EB04,J01EB04,salazosulfapiridina,salicilazosulfapiridina
3176,Silybum Marianum L.,3177,"Silybum Marianum L. ,  Flavolignanos",0.75,mismo_generico_en,,,l marianum silybum,flavolignanos l marianum silybum
3219,Somatotropina,3221,Somatropina,0.846,mismo_generico_en,,H01AC01,somatotropina,somatropina
3233,Succinilcolina,3234,Succinildicolina,0.875,mismo_generico_en,,,succinilcolina,succinildicolina
3357,Testosterona Cipionato,3358,Testosterona Propionato,0.85,mismo_generico_en,G03BA03,N02AA02,cipionato testosterona,propionato testosterona
3478,Trametinib Dimetil Sulfoxido,4022,Dimetil Sulfoxido,0.8,mismo_generico_en,L01EE01,M02AX03,dimetil sulfoxido trametinib,dimetil sulfoxido
3497,Triamcinolona Acetonido,3499,Triamcinolona Hexacetonido,0.875,mismo_generico_en,H02AB08,H02AB08,acetonido triamcinolona,hexacetonido triamcinolona
3504,Trientina Dihidrocloruro,3505,Trientina Tetrahidrocloruro,0.853,mismo_generico_en,A16AX12,A16AX12,dihidrocloruro trientina,tetrahidrocloruro trientina
3585,Valeriana Extracto Hidroalcoholico Seco,3586,Valeriana Extracto Seco,0.817,mismo_generico_en,,,extracto hidroalcoholico seco valeriana,extracto seco valeriana
3665,Virus Gripe A H1n1 Atenuado,3666,Virus Gripe A H1n1 Inactivado,0.85,mismo_generico_en,,,atenuado gripe h1n1 virus,gripe h1n1 inactivado virus
3666,Virus Gripe A H1n1 Inactivado,3667,Virus Gripe A H1n1 Inactivado Fraccionado,0.8,mismo_generico_en,,,gripe h1n1 inactivado virus,fraccionado gripe h1n1 inactivado virus
3666,Virus Gripe A H1n1 Inactivado,3668,Virus Gripe A H1n1 Inactivado Hemaglutinina,0.8,mismo_generico_en,,,gripe h1n1 inactivado virus,gripe h1n1 hemaglutinina inactivado virus
3667,Virus Gripe A H1n1 Inactivado Fraccionado,3668,Virus Gripe A H1n1 Inactivado Hemaglutinina,0.909,mismo_generico_en,,,fraccionado gripe h1n1 inactivado virus,gripe h1n1 hemaglutinina inactivado virus
3670,Virus Gripe A H3n2 Atenuado,3671,Virus Gripe A H3n2 Inactivado,0.85,mismo_generico_en,,,atenuado gripe h3n2 virus,gripe h3n2 inactivado virus
3671,Virus Gripe A H3n2 Inactivado,3672,Virus Gripe A H3n2 Inactivado Fraccionado,0.8,mismo_generico_en,,,gripe h3n2 inactivado virus,fraccionado gripe h3n2 inactivado virus
3671,Virus Gripe A H3n2 Inactivado,3673,Virus Gripe A H3n2 Inactivado Hemaglutinina,0.8,mismo_generico_en,,,gripe h3n2 inactivado virus,gripe h3n2 hemaglutinina inactivado virus
3672,Virus Gripe A H3n2 Inactivado Fraccionado,3673,Virus Gripe A H3n2 Inactivado Hemaglutinina,0.909,mismo_generico_en,,,fraccionado gripe h3n2 inactivado virus,gripe h3n2 hemaglutinina inactivado virus
3677,Virus Gripe B Inactivado,3678,Virus Gripe B Inactivado Fraccionado,0.8,mismo_generico_en,,,b gripe inactivado virus,b fraccionado gripe inactivado virus
3677,Virus Gripe B Inactivado,3679,Virus Gripe B Inactivado Hemaglutinina,0.8,mismo_generico_en,,,b gripe inactivado virus,b gripe hemaglutinina inactivado virus
3678,Virus Gripe B Inactivado Fraccionado,3679,Virus Gripe B Inactivado Hemaglutinina,0.909,mismo_generico_en,,,b fraccionado gripe inactivado virus,b gripe hemaglutinina inactivado virus
3960,Hiperico,3961,Hipericon,0.889,mismo_generico_en,,,hiperico,hipericon
4019,Dexnorgestrel,4107,Levonorgestrel,0.786,mismo_generico_en,,G03AC03,dexnorgestrel,levonorgestrel
4139,Selenio,4141,Selenium,0.75,mismo_generico_en,D01AE13,,selenio,selenium
1356,Etilparaben,2297,Metilparaben,0.917,nombre_similar,,,etilparaben,metilparaben
1721,Heparina De Bajo Peso Molecular Pm Medio 3600,1722,Heparina De Bajo Peso Molecular Pm Medio 4300,0.929,nombre_similar,B01AB01,B01AB01,3600 bajo heparina medio molecular peso pm,4300 bajo heparina medio molecular peso pm
3691,Virus Papiloma Humano Tipo 11 Proteina L1,3692,Virus Papiloma Humano Tipo 16 Proteina L1,0.929,nombre_similar,,,11 humano l1 papiloma proteina tipo virus,16 humano l1 papiloma proteina tipo virus
3691,Virus Papiloma Humano Tipo 11 Proteina L1,3693,Virus Papiloma Humano Tipo 18 Proteina L1,0.929,nombre_similar,,,11 humano l1 papiloma proteina tipo virus,18 humano l1 papiloma proteina tipo virus
3691,Virus Papiloma Humano Tipo 11 Proteina L1,3694,Virus Papiloma Humano Tipo 31 Proteina L1,0.929,nombre_similar,,,11 humano l1 papiloma proteina tipo virus,31 humano l1 papiloma proteina tipo virus
3691,Virus Papiloma Humano Tipo 11 Proteina L1,3695,Virus Papiloma Humano Tipo 33 Proteina L1,0.929,nombre_similar,,,11 humano l1 papiloma proteina tipo virus,33 humano l1 papiloma proteina tipo virus
3691,Virus Papiloma Humano Tipo 11 Proteina L1,3696,Virus Papiloma Humano Tipo 45 Proteina L1,0.929,nombre_similar,,,11 humano l1 papiloma proteina tipo virus,45 humano l1 papiloma proteina tipo virus
3691,Virus Papiloma Humano Tipo 11 Proteina L1,3697,Virus Papiloma Humano Tipo 52 Proteina L1,0.929,nombre_similar,,,11 humano l1 papiloma proteina tipo virus,52 humano l1 papiloma proteina tipo virus
3691,Virus Papiloma Humano Tipo 11 Proteina L1,3698,Virus Papiloma Humano Tipo 58 Proteina L1,0.929,nombre_similar,,,11 humano l1 papiloma proteina tipo virus,58 humano l1 papiloma proteina tipo virus
3691,Virus Papiloma Humano Tipo 11 Proteina L1,3699,Virus Papiloma Humano Tipo 6 Proteina L1,0.929,nombre_similar,,,11 humano l1 papiloma proteina tipo virus,6 humano l1 papiloma proteina tipo virus
3692,Virus Papiloma Humano Tipo 16 Proteina L1,3693,Virus Papiloma Humano Tipo 18 Proteina L1,0.929,nombre_similar,,,16 humano l1 papiloma proteina tipo virus,18 humano l1 papiloma proteina tipo virus
3692,Virus Papiloma Humano Tipo 16 Proteina L1,3699,Virus Papiloma Humano Tipo 6 Proteina L1,0.929,nombre_similar,,,16 humano l1 papiloma proteina tipo virus,6 humano l1 papiloma proteina tipo virus
3693,Virus Papiloma Humano Tipo 18 Proteina L1,3698,Virus Papiloma Humano Tipo 58 Proteina L1,0.929,nombre_similar,,,18 humano l1 papiloma proteina tipo virus,58 humano l1 papiloma proteina tipo virus
3694,Virus Papiloma Humano Tipo 31 Proteina L1,3695,Virus Papiloma Humano Tipo 33 Proteina L1,0.929,nombre_similar,,,31 humano l1 papiloma proteina tipo virus,33 humano l1 papiloma proteina tipo virus
3694,Virus Papiloma Humano Tipo 31 Proteina L1,3696,Virus Papiloma Humano Tipo 45 Proteina L1,0.929,nombre_similar,,,31 humano l1 papiloma proteina tipo virus,45 humano l1 papiloma proteina tipo virus
3694,Virus Papiloma Humano Tipo 31 Proteina L1,3697,Virus Papiloma Humano Tipo 52 Proteina L1,0.929,nombre_similar,,,31 humano l1 papiloma proteina tipo virus,52 humano l1 papiloma proteina tipo virus
3694,Virus Papiloma Humano Tipo 31 Proteina L1,3698,Virus Papiloma Humano Tipo 58 Proteina L1,0.929,nombre_similar,,,31 humano l1 papiloma proteina tipo virus,58 humano l1 papiloma proteina tipo virus
3694,Virus Papiloma Humano Tipo 31 Proteina L1,3699,Virus Papiloma Humano Tipo 6 Proteina L1,0.929,nombre_similar,,,31 humano l1 papiloma proteina tipo virus,6 humano l1 papiloma proteina tipo virus
3697,Virus Papiloma Humano Tipo 52 Proteina L1,3698,Virus Papiloma Humano Tipo 58 Proteina L1,0.929,nombre_similar,,,52 humano l1 papiloma proteina tipo virus,58 humano l1 papiloma proteina tipo virus
255,Antigeno Oligosacarido Meningococo Grupo Y,258,Antigeno Polisacarido Meningococo Grupo A,0.942,nombre_similar,,,antigeno grupo meningococo oligosacarido,antigeno grupo meningococo polisacarido
2097,Lipoproteina Recombinante Fhbp De Neisseria Meningitidis Del Serogrupo B (rlp2086; Subfamilia A),2098,Lipoproteina Recombinante Fhbp De Neisseria Meningitidis Del Serogrupo B (rlp2086; Subfamilia B),0.9,nombre_similar,,,b fhbp lipoproteina meningitidis neisseria recombinante rlp2086 serogrupo subfamilia,b b fhbp lipoproteina meningitidis neisseria recombinante rlp2086 serogrupo subfamilia
2449,Neumococo Antigeno Polisacarido Capsular Serotipo 1,2453,Neumococo Antigeno Polisacarido Capsular Serotipo 14,0.917,nombre_similar,,,1 antigeno capsular neumococo polisacarido serotipo,14 antigeno capsular neumococo polisacarido serotipo
2449,Neumococo Antigeno Polisacarido Capsular Serotipo 1,2470,Neumococo Antigeno Polisacarido Capsular Serotipo 31,0.917,nombre_similar,,,1 antigeno capsular neumococo polisacarido serotipo,31 antigeno capsular neumococo polisacarido serotipo
2450,Neumococo Antigeno Polisacarido Capsular Serotipo 10a,2451,Neumococo Antigeno Polisacarido Capsular Serotipo 11a,0.944,nombre_similar,,,10a antigeno capsular neumococo polisacarido serotipo,11a antigeno capsular neumococo polisacarido serotipo
2450,Neumococo Antigeno Polisacarido Capsular Serotipo 10a,2454,Neumococo Antigeno Polisacarido Capsular Serotipo 15a,0.944,nombre_similar,,,10a antigeno capsular neumococo polisacarido serotipo,15a antigeno capsular neumococo polisacarido serotipo
2450,Neumococo Antigeno Polisacarido Capsular Serotipo 10a,2459,Neumococo Antigeno Polisacarido Capsular Serotipo 19a,0.944,nombre_similar,,,10a antigeno capsular neumococo polisacarido serotipo,19a antigeno capsular neumococo polisacarido serotipo
2450,Neumococo Antigeno Polisacarido Capsular Serotipo 10a,2463,Neumococo Antigeno Polisacarido Capsular Serotipo 20a,0.944,nombre_similar,,,10a antigeno capsular neumococo polisacarido serotipo,20a antigeno capsular neumococo polisacarido serotipo
2451,Neumococo Antigeno Polisacarido Capsular Serotipo 11a,2454,Neumococo Antigeno Polisacarido Capsular Serotipo 15a,0.944,nombre_similar,,,11a antigeno capsular neumococo polisacarido serotipo,15a antigeno capsular neumococo polisacarido serotipo
2451,Neumococo Antigeno Polisacarido Capsular Serotipo 11a,2459,Neumococo Antigeno Polisacarido Capsular Serotipo 19a,0.944,nombre_similar,,,11a antigeno capsular neumococo polisacarido serotipo,19a antigeno capsular neumococo polisacarido serotipo
2452,Neumococo Antigeno Polisacarido Capsular Serotipo 12f,2456,Neumococo Antigeno Polisacarido Capsular Serotipo 16f,0.944,nombre_similar,,,12f antigeno capsular neumococo polisacarido serotipo,16f antigeno capsular neumococo polisacarido serotipo
2452,Neumococo Antigeno Polisacarido Capsular Serotipo 12f,2457,Neumococo Antigeno Polisacarido Capsular Serotipo 17f,0.944,nombre_similar,,,12f antigeno capsular neumococo polisacarido serotipo,17f antigeno capsular neumococo polisacarido serotipo
2452,Neumococo Antigeno Polisacarido Capsular Serotipo 12f,2460,Neumococo Antigeno Polisacarido Capsular Serotipo 19f,0.944,nombre_similar,,,12f antigeno capsular neumococo polisacarido serotipo,19f antigeno capsular neumococo polisacarido serotipo
2452,Neumococo Antigeno Polisacarido Capsular Serotipo 12f,2464,Neumococo Antigeno Polisacarido Capsular Serotipo 22f,0.944,nombre_similar,,,12f antigeno capsular neumococo polisacarido serotipo,22f antigeno capsular neumococo polisacarido serotipo
2453,Neumococo Antigeno Polisacarido Capsular Serotipo 14,2473,Neumococo Antigeno Polisacarido Capsular Serotipo 4,0.917,nombre_similar,,,14 antigeno capsular neumococo polisacarido serotipo,4 antigeno capsular neumococo polisacarido serotipo
2454,Neumococo Antigeno Polisacarido Capsular Serotipo 15a,2455,Neumococo Antigeno Polisacarido Capsular Serotipo 15b,0.944,nombre_similar,,,15a antigeno capsular neumococo polisacarido serotipo,15b antigeno capsular neumococo polisacarido serotipo
2454,Neumococo Antigeno Polisacarido Capsular Serotipo 15a,2459,Neumococo Antigeno Polisacarido Capsular Serotipo 19a,0.944,nombre_similar,,,15a antigeno capsular neumococo polisacarido serotipo,19a antigeno capsular neumococo polisacarido serotipo
2455,Neumococo Antigeno Polisacarido Capsular Serotipo 15b,2472,Neumococo Antigeno Polisacarido Capsular Serotipo 35b,0.944,nombre_similar,,,15b antigeno capsular neumococo polisacarido serotipo,35b antigeno capsular neumococo polisacarido serotipo
2456,Neumococo Antigeno Polisacarido Capsular Serotipo 16f,2457,Neumococo Antigeno Polisacarido Capsular Serotipo 17f,0.944,nombre_similar,,,16f antigeno capsular neumococo polisacarido serotipo,17f antigeno capsular neumococo polisacarido serotipo
2456,Neumococo Antigeno Polisacarido Capsular Serotipo 16f,2460,Neumococo Antigeno Polisacarido Capsular Serotipo 19f,0.944,nombre_similar,,,16f antigeno capsular neumococo polisacarido serotipo,19f antigeno capsular neumococo polisacarido serotipo
2457,Neumococo Antigeno Polisacarido Capsular Serotipo 17f,2460,Neumococo Antigeno Polisacarido Capsular Serotipo 19f,0.944,nombre_similar,,,17f antigeno capsular neumococo polisacarido serotipo,19f antigeno capsular neumococo polisacarido serotipo
2457,Neumococo Antigeno Polisacarido Capsular Serotipo 17f,2477,Neumococo Antigeno Polisacarido Capsular Serotipo 7f,0.944,nombre_similar,,,17f antigeno capsular neumococo polisacarido serotipo,7f antigeno capsular neumococo polisacarido serotipo
2459,Neumococo Antigeno Polisacarido Capsular Serotipo 19a,2460,Neumococo Antigeno Polisacarido Capsular Serotipo 19f,0.944,nombre_similar,,,19a antigeno capsular neumococo polisacarido serotipo,19f antigeno capsular neumococo polisacarido serotipo
2461,Neumococo Antigeno Polisacarido Capsular Serotipo 2,2462,Neumococo Antigeno Polisacarido Capsular Serotipo 20,0.917,nombre_similar,,,2 antigeno capsular neumococo polisacarido serotipo,20 antigeno capsular neumococo polisacarido serotipo
2462,Neumococo Antigeno Polisacarido Capsular Serotipo 20,2463,Neumococo Antigeno Polisacarido Capsular Serotipo 20a,0.944,nombre_similar,,,20 antigeno capsular neumococo polisacarido serotipo,20a antigeno capsular neumococo polisacarido serotipo
2463,Neumococo Antigeno Polisacarido Capsular Serotipo 20a,2465,Neumococo Antigeno Polisacarido Capsular Serotipo 23a,0.944,nombre_similar,,,20a antigeno capsular neumococo polisacarido serotipo,23a antigeno capsular neumococo polisacarido serotipo
2464,Neumococo Antigeno Polisacarido Capsular Serotipo 22f,2467,Neumococo Antigeno Polisacarido Capsular Serotipo 23f,0.944,nombre_similar,,,22f antigeno capsular neumococo polisacarido serotipo,23f antigeno capsular neumococo polisacarido serotipo
2464,Neumococo Antigeno Polisacarido Capsular Serotipo 22f,2468,Neumococo Antigeno Polisacarido Capsular Serotipo 24f,0.944,nombre_similar,,,22f antigeno capsular neumococo polisacarido serotipo,24f antigeno capsular neumococo polisacarido serotipo
2465,Neumococo Antigeno Polisacarido Capsular Serotipo 23a,2466,Neumococo Antigeno Polisacarido Capsular Serotipo 23b,0.944,nombre_similar,,,23a antigeno capsular neumococo polisacarido serotipo,23b antigeno capsular neumococo polisacarido serotipo
2465,Neumococo Antigeno Polisacarido Capsular Serotipo 23a,2467,Neumococo Antigeno Polisacarido Capsular Serotipo 23f,0.944,nombre_similar,,,23a antigeno capsular neumococo polisacarido serotipo,23f antigeno capsular neumococo polisacarido serotipo
2466,Neumococo Antigeno Polisacarido Capsular Serotipo 23b,2467,Neumococo Antigeno Polisacarido Capsular Serotipo 23f,0.944,nombre_similar,,,23b antigeno capsular neumococo polisacarido serotipo,23f antigeno capsular neumococo polisacarido serotipo
2467,Neumococo Antigeno Polisacarido Capsular Serotipo 23f,2468,Neumococo Antigeno Polisacarido Capsular Serotipo 24f,0.944,nombre_similar,,,23f antigeno capsular neumococo polisacarido serotipo,24f antigeno capsular neumococo polisacarido serotipo
2467,Neumococo Antigeno Polisacarido Capsular Serotipo 23f,2471,Neumococo Antigeno Polisacarido Capsular Serotipo 33f,0.944,nombre_similar,,,23f antigeno capsular neumococo polisacarido serotipo,33f antigeno capsular neumococo polisacarido serotipo
2469,Neumococo Antigeno Polisacarido Capsular Serotipo 3,2470,Neumococo Antigeno Polisacarido Capsular Serotipo 31,0.917,nombre_similar,,,3 antigeno capsular neumococo polisacarido serotipo,31 antigeno capsular neumococo polisacarido serotipo
2475,Neumococo Antigeno Polisacarido Capsular Serotipo 6a,2476,Neumococo Antigeno Polisacarido Capsular Serotipo 6b,0.917,nombre_similar,,,6a antigeno capsular neumococo polisacarido serotipo,6b antigeno capsular neumococo polisacarido serotipo
2479,Neumococo Antigeno Polisacarido Capsular Serotipo 9n,2480,Neumococo Antigeno Polisacarido Capsular Serotipo 9v,0.917,nombre_similar,,,9n antigeno capsular neumococo polisacarido serotipo,9v antigeno capsular neumococo polisacarido serotipo
2925,Proteina Recombinante De Fusion Fhbp De Neisseria Meningitidis Del Grupo B,2926,Proteina Recombinante De Fusion Nhba De Neisseria Meningitidis Del Grupo B,0.938,nombre_similar,,,b fhbp fusion grupo meningitidis neisseria proteina recombinante,b fusion grupo meningitidis neisseria nhba proteina recombinante
3448,Todo-rac-alfa-tocoferilo Acetato De,3449,Todo-rac-alfa-tocoferol,0.95,nombre_similar,,,alfa rac tocoferilo todo,alfa rac tocoferol todo
3568,Vacuna De Arnm Que Codifica La Proteina De La Espicula (s) Viral Del Sars-cov-2 (omicron Kp.2),3569,Vacuna De Arnm Que Codifica La Proteina De La Espicula (s) Viral Del Sars-cov-2 (omicron Lp.8.1),0.9,nombre_similar,,,2 2 arnm codifica cov espicula kp omicron proteina que s sars vacuna viral,1 2 8 arnm codifica cov espicula lp omicron proteina que s sars vacuna viral
3669,Virus Gripe A H1n1 Recombinante Hemaglutinina,3674,Virus Gripe A H3n2 Recombinante Hemaglutinina,0.9,nombre_similar,,,gripe h1n1 hemaglutinina recombinante virus,gripe h3n2 hemaglutinina recombinante virus
3779,Zinc Dibutilditiocarbamato,3780,Zinc Dietilditiocarbamato,0.952,nombre_similar,,,dibutilditiocarbamato zinc,dietilditiocarbamato zinc
1051,Dextran-hierro,1785,Hierro-dextrano,0.938,nombre_similar,B05AA05,B05AA05,dextran hierro,dextrano hierro
1311,Esomeprazol Magnesico,1313,Esomeprazol Magnesio Trihidrato,0.944,nombre_similar,A02BC01,A02BC01,esomeprazol magnesico,esomeprazol magnesio
1312,Esomeprazol Magnesico Dihidrato,1313,Esomeprazol Magnesio Trihidrato,0.944,nombre_similar,A02BC01,A02BC01,esomeprazol magnesico,esomeprazol magnesio
2162,Magnesio Cloruro Hexahidrato,2170,Magnesio Sulfato Heptahidrato,0.917,nombre_similar,,A06AD04,hexahidrato magnesio,heptahidrato magnesio
3667,Virus Gripe A H1n1 Inactivado Fraccionado,3672,Virus Gripe A H3n2 Inactivado Fraccionado,0.9,nombre_similar,,,fraccionado gripe h1n1 inactivado virus,fraccionado gripe h3n2 inactivado virus
1347,Eter Glicerico Del Guayacol,1698,Guayacol Gliceril Eter,0.926,nombre_similar,,,eter glicerico guayacol,eter gliceril guayacol
3666,Virus Gripe A H1n1 Inactivado,3675,Virus Gripe A H5n1 Inactivado,0.938,nombre_similar,,,gripe h1n1 inactivado virus,gripe h5n1 inactivado virus
3668,Virus Gripe A H1n1 Inactivado Hemaglutinina,3673,Virus Gripe A H3n2 Inactivado Hemaglutinina,0.9,nombre_similar,,,gripe h1n1 hemaglutinina inactivado virus,gripe h3n2 hemaglutinina inactivado virus
1114,Dimeticona,3179,Simeticona,0.9,nombre_similar,P03AX05,,dimeticona,simeticona
1252,Epoetina Dseta (epoetin Zeta),1253,Epoetina Zeta (epoetin Theta),0.9,nombre_similar,,,dseta epoetin epoetina zeta,epoetin epoetina theta zeta
1893,Interferon Beta-1a,2701,Peginterferon Beta-1a,0.923,nombre_similar,L03AB07,L03AB13,1a beta interferon,1a beta peginterferon
2755,P-hidroxibenzoato De Etilo,2756,P-hidroxibenzoato De Metilo,0.944,nombre_similar,D01AE10,,etilo hidroxibenzoato p,hidroxibenzoato metilo p
415,Bencidamida,416,Bencidamina,0.909,nombre_similar,,A01AD02,bencidamida,bencidamina
415,Bencidamida,417,Bencidamina Hidrocloruro,0.909,nombre_similar,,A01AD02,bencidamida,bencidamina
488,Bisbutiamina,489,Bisibutiamina,0.923,nombre_similar,,,bisbutiamina,bisibutiamina
1515,Formilsulfamidotiazol,1520,Formosulfamidotiazol,0.905,nombre_similar,,,formilsulfamidotiazol,formosulfamidotiazol
1516,Formilsulfanilamidotiazol,1519,Formolsulfanilamidotiazol,0.96,nombre_similar,,,formilsulfanilamidotiazol,formolsulfanilamidotiazol
1760,Hidroxicobalamina,1774,Hidroxocobalamina Acetato,0.941,nombre_similar,,B03BA03,hidroxicobalamina,hidroxocobalamina
3023,Rifamicina,3026,Rifampicina,0.909,nombre_similar,A07AA13,J04AB02,rifamicina,rifampicina
3024,Rifamicina Sodica,3026,Rifampicina,0.909,nombre_similar,A07AA13,J04AB02,rifamicina,rifampicina
1203,Efmoroctocog Alfa,2382,Moroctocog Alfa,0.917,nombre_similar,,,alfa efmoroctocog,alfa moroctocog
958,Damoctocog Alfa Pegol,3546,Turoctocog Alfa Pegol,0.9,nombre_similar,,,alfa damoctocog pegol,alfa pegol turoctocog
2399,Nafazolina,2402,Naftazolina,0.909,nombre_similar,R01AA08,,nafazolina,naftazolina
2400,Nafazolina Hidrocloruro,2402,Naftazolina,0.909,nombre_similar,R01AA08,,nafazolina,naftazolina
3081,Rurioctocog Alfa Pegol,3546,Turoctocog Alfa Pegol,0.939,nombre_similar,,,alfa pegol rurioctocog,alfa pegol turoctocog
3853,Clorbutol,3854,Clorobutol,0.9,nombre_similar,,,clorbutol,clorobutol
4201,Virus Polio Tipo Ii,4202,Virus Polio Tipo Iii,0.917,nombre_similar,,,ii polio tipo virus,iii polio tipo virus
1891,Interferon Alfa- 2b,2700,Peginterferon Alfa-2b,0.923,nombre_similar,S01AD05,L03AB10,2b alfa interferon,2b alfa peginterferon
2700,Peginterferon Alfa-2b,3055,Ropeginterferon Alfa-2b,0.956,nombre_similar,L03AB10,L03AB15,2b alfa peginterferon,2b alfa ropeginterferon
139,Alglucosidasa Alfa,345,Avalglucosidasa Alfa,0.933,nombre_similar,A16AB07,A16AB22,alfa alglucosidasa,alfa avalglucosidasa
165,Althaea Officinalis L.,168,Althea Officinalis L.,0.952,nombre_similar,,,althaea l officinalis,althea l officinalis
994,Decualinio,1020,Dequalinio,0.9,nombre_similar,D08AH01,,decualinio,dequalinio
995,Decualinio Cloruro,1020,Dequalinio,0.9,nombre_similar,D08AH01,,decualinio,dequalinio
1892,Interferon Alfa-2a,2699,Peginterferon Alfa- 2a,0.923,nombre_similar,L03AB04,S01AD05,2a alfa interferon,2a alfa peginterferon
2120,Lonoctocog Alfa,2382,Moroctocog Alfa,0.9,nombre_similar,,,alfa lonoctocog,alfa moroctocog
2382,Moroctocog Alfa,3545,Turoctocog Alfa,0.9,nombre_similar,,,alfa moroctocog,alfa turoctocog
3180,Simoctocog Alfa,3266,Susoctocog Alfa,0.9,nombre_similar,,B02BD14,alfa simoctocog,alfa susoctocog
3266,Susoctocog Alfa,3545,Turoctocog Alfa,0.9,nombre_similar,B02BD14,,alfa susoctocog,alfa turoctocog
1650,Glipentida,1652,Glisentida,0.9,nombre_similar,,A10BB91,glipentida,glisentida
