id,nombre,nombre_generico_en,sinonimos,estado,candidato_codigo,candidato_nombre,score,candidatos
8,Abedul Extracto Seco Corteza (5-10 : 1): Solvente De Extraccion: N-heptano 95% (p/p),Heptanoic Acid,,sin_candidato,,,,[]
31,Acelerador Serico De Conversion De Protombina,,,sin_candidato,,,,[]
33,Acetamidocaproico Acido,Iocetamic Acid,,revisar,B02AA01,Acido aminocaproico,0.853,"[{""codigo"":""B02AA01"",""nombre"":""Acido aminocaproico"",""score"":0.853},{""codigo"":""G04BX03"",""nombre"":""Acido acetohidroxamico"",""score"":0.794},{""codigo"":""V08AA07"",""nombre"":""Acido acetrizoico"",""score"":0.765}]"
34,Acetaminofen,Acetaminophen,,sin_candidato,,,,[]
35,Acetato Calcio,Calcium Acetate,,auto,V03AE07,Calcio acetato,1,"[{""codigo"":""V03AE07"",""nombre"":""Calcio acetato"",""score"":1}]"
36,Acetato Magnesio Tetrahidrato,Magnesium Acetate,,sin_candidato,,,,[]
37,Acetato Potasio,Potassium,,revisar,A12BA91,Potasio gluceptato,0.8,"[{""codigo"":""A12BA91"",""nombre"":""Potasio gluceptato"",""score"":0.8},{""codigo"":""A12BA92"",""nombre"":""Potasio ascorbato"",""score"":0.778}]"
38,Acetato Sodio,Sodium Acetate,,sin_candidato,,,,[]
39,Acetato Sodio Trihidrato,Sodium Acetate,,revisar,B05XA08,Acetato de sodio,0.767,"[{""codigo"":""B05XA08"",""nombre"":""Acetato de sodio"",""score"":0.767}]"
41,Acetico Acido,Acetic Acid,,revisar,G01AD02,Acido acetico,1,"[{""codigo"":""G01AD02"",""nombre"":""Acido acetico"",""score"":1},{""codigo"":""S02AA10"",""nombre"":""Acido acetico"",""score"":1},{""codigo"":""G01AD01"",""nombre"":""Acido lactico"",""score"":0.857}]"
45,Acetileno,Acetylene,,sin_candidato,,,,[]
48,Acetiltirosina,,,revisar,C01AA02,Acetildigoxina,0.786,"[{""codigo"":""C01AA02"",""nombre"":""Acetildigoxina"",""score"":0.786}]"
50,Acetohidroxamico Acido,Acetohydroxamic Acid,,auto,G04BX03,Acido acetohidroxamico,1,"[{""codigo"":""G04BX03"",""nombre"":""Acido acetohidroxamico"",""score"":1},{""codigo"":""D03AX92"",""nombre"":""Acexamico acido"",""score"":0.781},{""codigo"":""M05BA01"",""nombre"":""Acido etidronico"",""score"":0.781}]"
51,Acexamato Zinc,Zinc,,auto,A02BX91,Zinc acexamato,1,"[{""codigo"":""A02BX91"",""nombre"":""Zinc acexamato"",""score"":1}]"
53,Achillea Millefolium,Achillea Millefolium Extract,,sin_candidato,,,,[]
54,Acibar,,,sin_candidato,,,,[]
55,Acicloguanosina,Acyclovir,,sin_candidato,,,,[]
58,Acido Dimercaptosuccinico,Dimercaptosuccinate,,sin_candidato,,,,[]
63,Acido Oxoglurico,Iocetamic Acid,,revisar,J01MB05,Acido oxolinico,0.85,"[{""codigo"":""J01MB05"",""nombre"":""Acido oxolinico"",""score"":0.85},{""codigo"":""A16AA05"",""nombre"":""Acido carglumico"",""score"":0.8},{""codigo"":""V08AA06"",""nombre"":""Acido ioglicico"",""score"":0.8}]"
64,Acido Parahidroxibenzoico,Iocetamic Acid,,revisar,A11HA91,Aminobenzoico acido,0.789,"[{""codigo"":""A11HA91"",""nombre"":""Aminobenzoico acido"",""score"":0.789},{""codigo"":""D02BA01"",""nombre"":""Acido aminobenzoico"",""score"":0.789},{""codigo"":""M05BA03"",""nombre"":""Acido pamidronico"",""score"":0.763}]"
67,Acidos Omega 3,Omega-3 Fatty Acids,,sin_candidato,,,,[]
68,Acidos Omega 3 Esteres Etilicos,Omega-3 Acid Ethyl Esters (usp),,sin_candidato,,,,[]
71,Aclidinio Bromuro,Aclidinium,,revisar,R03BB07,Umeclidinio bromuro,0.864,"[{""codigo"":""R03BB07"",""nombre"":""Umeclidinio bromuro"",""score"":0.864}]"
74,Actaea Racemosa,Actaea Racemosa Whole Extract,,sin_candidato,,,,[]
79,Adenosilcobalamina,Cobamamide,,sin_candidato,,,,[]
80,Adenosilcobamida,,,sin_candidato,,,,[]
83,Adeps Lanae,,,sin_candidato,,,,[]
84,Adrenalina,Adrenalin,,revisar,A01AD06,Adrenalona,0.9,"[{""codigo"":""A01AD06"",""nombre"":""Adrenalona"",""score"":0.9},{""codigo"":""B02BC05"",""nombre"":""Adrenalona"",""score"":0.9},{""codigo"":""C01CA23"",""nombre"":""Teodrenalina"",""score"":0.75}]"
85,Adriamicina,Adriamycin,,sin_candidato,,,,[]
87,Aesculus Hippocastanum,,,sin_candidato,,,,[]
88,Aesculus Hippocastanum Tintura Madre,,,sin_candidato,,,,[]
95,Aglutinogeno De Fimbrias De Toxoide Pertussis,,,sin_candidato,,,,[]
96,Agni Casti Fruto Extracto Seco,Chaste Tree Preparation,,sin_candidato,,,,[]
97,Agnus Castus Exto Seco,Chaste Tree Preparation,,sin_candidato,,,,[]
101,Agropyrum Repens,Aspergillus Repens Allergenic Extract,,sin_candidato,,,,[]
102,Agropyrum Repens Exto Seco,Aspergillus Repens Allergenic Extract,,sin_candidato,,,,[]
103,Agua Oxigenada,Water,,sin_candidato,,,,[]
105,Aire Ambiental,Air,,sin_candidato,,,,[]
106,Alanina,Alanine,,revisar,D04AX91,Calamina,0.75,"[{""codigo"":""D04AX91"",""nombre"":""Calamina"",""score"":0.75},{""codigo"":""M03AC02"",""nombre"":""Galamina"",""score"":0.75}]"
107,Alantoina,Allantoin,,sin_candidato,,,,[]
112,Alcachofa,,,sin_candidato,,,,[]
114,Alcaravea,,,sin_candidato,,,,[]
116,Alcohol Etilico,Ethanol,,sin_candidato,,,,[]
117,Alcohol Pantotenilico,Ethanol,,revisar,S01XA98,Polivinilico alcohol,0.769,"[{""codigo"":""S01XA98"",""nombre"":""Polivinilico alcohol"",""score"":0.769},{""codigo"":""R02AA03"",""nombre"":""Alcohol diclorobencilico"",""score"":0.75}]"
118,Alcohol Tricloro Butilico Terciario,Ethanol,,sin_candidato,,,,[]
119,Aldesleucina,Aldesleukin,,auto,L03AC01,Aldesleukina,0.917,"[{""codigo"":""L03AC01"",""nombre"":""Aldesleukina"",""score"":0.917}]"
123,Alendronato Sodio,Ganciclovir Sodium,,sin_candidato,,,,[]
124,Alendronato Sodio Monohidrato,Ganciclovir Sodium,,sin_candidato,,,,[]
125,Alendronato Sodio Trihidrato,Ganciclovir Sodium,,sin_candidato,,,,[]
126,Alendronico Acido,Alendronic Acid,,auto,M05BA04,Acido alendronico,1,"[{""codigo"":""M05BA04"",""nombre"":""Acido alendronico"",""score"":1},{""codigo"":""M05BA02"",""nombre"":""Acido clodronico"",""score"":0.864},{""codigo"":""M05BA06"",""nombre"":""Acido ibandronico"",""score"":0.864}]"
127,Alfa Amilcinamaldehido,Alglucosidase Alfa,,sin_candidato,,,,[]
129,Alfa-cetoglutarico Acido,Alglucosidase Alfa,,sin_candidato,,,,[]
137,Alginato Sodio,Ganciclovir Sodium,,sin_candidato,,,,[]
138,Alginico Acido,Alginic Acid,,auto,A02BX13,Acido alginico,1,"[{""codigo"":""A02BX13"",""nombre"":""Acido alginico"",""score"":1},{""codigo"":""C03CC01"",""nombre"":""Acido etacrinico"",""score"":0.8},{""codigo"":""D01AE12"",""nombre"":""Acido salicilico"",""score"":0.8}]"
140,Alilguayacol,,,sin_candidato,,,,[]
149,Almendras Amargas,,,sin_candidato,,,,[]
150,Almidon Hidroxietil,,,auto,B05AA07,Hidroxietil almidon,1,"[{""codigo"":""B05AA07"",""nombre"":""Hidroxietil almidon"",""score"":1}]"
152,Aloe Capensis,,,sin_candidato,,,,[]
153,Aloe Ferox Mill.,Aloe Ferox Leaf Preparation,,sin_candidato,,,,[]
154,Aloe Ferox Polvo,Aloe Ferox Leaf Preparation,,sin_candidato,,,,[]
157,Aloysia Citriodora,Aloysia Citrodora Flower Oil,,sin_candidato,,,,[]
161,Alquilbencildimetilamonio,,,sin_candidato,,,,[]
162,Alquitran Hulla,,,sin_candidato,,,,[]
163,Alquitran Mineral,,,sin_candidato,,,,[]
165,Althaea Officinalis L.,Althaea Officinalis Root Extract,,sin_candidato,,,,[]
166,Althaea Officinalis L Exto Liquido,Althaea Officinalis Root Extract,,sin_candidato,,,,[]
167,Althaea Officinalis L. Extracto Seco,Althaea Officinalis Root Extract,,sin_candidato,,,,[]
168,Althea Officinalis L.,,,sin_candidato,,,,[]
171,Aluminio Aminoacetato Basico,Aluminum,,sin_candidato,,,,[]
172,Aluminio Fosfato,Aluminum,,sin_candidato,,,,[]
174,Aluminio Hidroxido Coloidal,Aluminum Hydroxide,,sin_candidato,,,,[]
176,Aluminio Potasio Sulfato,Potassium Sulfate,,sin_candidato,,,,[]
179,Amapola De California,Eschscholzia Californica Extract,,sin_candidato,,,,[]
183,Ametocaina,,,sin_candidato,,,,[]
184,Ametopterina,Aminopterin,,sin_candidato,,,,[]
188,Amidotrizoato Calcio,Calcium,,sin_candidato,,,,[]
189,Amidotrizoato Meglumina,Meglumine,,sin_candidato,,,,[]
190,Amidotrizoato Sodio,Ganciclovir Sodium,,sin_candidato,,,,[]
191,Amidotrizoico Acido,Iocetamic Acid,,revisar,A11HA91,Aminobenzoico acido,0.846,"[{""codigo"":""A11HA91"",""nombre"":""Aminobenzoico acido"",""score"":0.846},{""codigo"":""D02BA01"",""nombre"":""Acido aminobenzoico"",""score"":0.846},{""codigo"":""V08AA01"",""nombre"":""Acido diatrizoico"",""score"":0.846}]"
197,Amilmetacresol,Amylmetacresol,,sin_candidato,,,,[]
200,Aminoacetico Acido,Dihydroxyaluminum Aminoacetate,,revisar,B02AA01,Acido aminocaproico,0.846,"[{""codigo"":""B02AA01"",""nombre"":""Acido aminocaproico"",""score"":0.846},{""codigo"":""J04AA01"",""nombre"":""Acido aminosalicilico"",""score"":0.833},{""codigo"":""A11HA91"",""nombre"":""Aminobenzoico acido"",""score"":0.808}]"
202,Aminolevulinato Metilo,Methyl 5-aminolevulinate,,sin_candidato,,,,[]
203,Aminolevulinico Acido,Aminolevulinic Acid,,auto,L01XD04,Acido aminolevulinico,1,"[{""codigo"":""L01XD04"",""nombre"":""Acido aminolevulinico"",""score"":1},{""codigo"":""N03AG03"",""nombre"":""Acido aminobutirico"",""score"":0.833},{""codigo"":""B02AA03"",""nombre"":""Acido aminometilbenzoico"",""score"":0.806}]"
204,Aminolevulinico Hidrocloruro,Aminolevulinate,,sin_candidato,,,,[]
205,Aminosidina,Paromomycin,,revisar,R03DA05,Aminofilina,0.818,"[{""codigo"":""R03DA05"",""nombre"":""Aminofilina"",""score"":0.818},{""codigo"":""D08AA02"",""nombre"":""Aminoacridina"",""score"":0.769}]"
215,Ammoidina,Methoxsalen,,sin_candidato,,,,[]
218,Amonio Molibdato,Ammonium Molybdate,,sin_candidato,,,,[]
235,Andusomeran,"Sars-cov-2 (covid-19) Vaccine, Mrna-1273 Omicron (xbb.1.5)",,sin_candidato,,,,[]
236,Aneurina,Potentilla Anserina Whole Extract,,sin_candidato,,,,[]
237,Angelica Arcangelica,,,sin_candidato,,,,[]
238,Angelica Archangelica Raiz,Angelica Archangelica Root Extract,,sin_candidato,,,,[]
244,Ansamicina,Rifabutin,,revisar,A07AA08,Kanamicina,0.8,"[{""codigo"":""A07AA08"",""nombre"":""Kanamicina"",""score"":0.8},{""codigo"":""J01FA07"",""nombre"":""Josamicina"",""score"":0.8},{""codigo"":""J01GB04"",""nombre"":""Kanamicina"",""score"":0.8}]"
247,Anticuerpo Humanizado Frente Al Antigeno De Maduracion De Celulas B Conjugado Con Maleimidocaproil Monometil Auristatin F,,,sin_candidato,,,,[]
248,"Anticuerpo Monoclonal Biespecifico Contra Cd3 Y Bcma, De Isotipo Igg2k Humanizado Y Modificado En La Region Fc",,,sin_candidato,,,,[]
249,Antigeno De Una Cepa Similar A B  (linaje Victoria),Influenza B Virus B/victoria/705/2018 Antigen,,sin_candidato,,,,[]
250,Antigeno De Una Cepa Similar A B  (linaje Yamagata),,,sin_candidato,,,,[]
251,Antigeno Hepatitis A,,,sin_candidato,,,,[]
252,Antigeno Oligosacarido Meningococo Grupo A,Meningococcal Group A Polysaccharide,,sin_candidato,,,,[]
253,Antigeno Oligosacarido Meningococo Grupo C,Meningococcal Group C Polysaccharide,,sin_candidato,,,,[]
254,Antigeno Oligosacarido Meningococo Grupo W135,,,sin_candidato,,,,[]
255,Antigeno Oligosacarido Meningococo Grupo Y,Meningococcal Polysaccharide Vaccine Group Y,,sin_candidato,,,,[]
256,Antigeno Polisacarido Meningococo Gr W-135,Meningococcal Polysaccharide Vaccine Group W-135,,sin_candidato,,,,[]
257,Antigeno Polisacarido Meningococo Gr Y,Meningococcal Polysaccharide Vaccine Group Y,,sin_candidato,,,,[]
258,Antigeno Polisacarido Meningococo Grupo A,Meningococcal Group A Polysaccharide,,sin_candidato,,,,[]
259,Antigeno Polisacarido Meningococo Grupo C,Meningococcal Group C Polysaccharide,,sin_candidato,,,,[]
260,Antigeno Recombinante De La Glicoproteina E (ge) Del Virus De La Varicela Zoster (vvz),,,sin_candidato,,,,[]
261,Antigeno Salmonella Typhi Polisacarido Capsular Vi,,,sin_candidato,,,,[]
262,Antigeno Superficie Hepatitis B,Hepatitis B Surface Antigen Vaccine,,sin_candidato,,,,[]
263,Antigenos Superficie Virus Gripe,Influenza B Virus Antigen,,sin_candidato,,,,[]
266,Antraquinona,"9,10-anthraquinone",,sin_candidato,,,,[]
267,Antraquinona Glucosidos,,,sin_candidato,,,,[]
269,Apap,Acetaminophen,,sin_candidato,,,,[]
270,Apio De Montaña,Arnica Montana Extract,,sin_candidato,,,,[]
280,Aquocobalamina,,,sin_candidato,,,,[]
281,Arabinosido Citosina,Cytosine,,sin_candidato,,,,[]
282,Arandano Rojo,,,sin_candidato,,,,[]
283,Arandano Rojo Purificado Extracto Seco,"Coagulation Factor Ix, Human",,sin_candidato,,,,[]
284,Arctostaphylos Uva Ursi (gayuba) Extracto Seco 10 %,,,sin_candidato,,,,[]
285,Arctostaphylos Uva-ursi,,,sin_candidato,,,,[]
291,Arnica Montana,Arnica Montana Extract,,sin_candidato,,,,[]
292,Arnica Montana Extracto Liquido,Arnica Montana Extract,,sin_candidato,,,,[]
293,"Arnm Con Caperuza Que Codifica La Proteina Espiga Del Sars-cov-2, Variante Omicron Xfg",,,sin_candidato,,,,[]
294,Arnm Que Codifica El Dominio N-terminal Y El Dominio De Union Al Receptor De La Glicoproteina De La Espicula De Sars-cov 2 (xbb.1.5.),,,sin_candidato,,,,[]
295,"Arnm Que Codifica La Hemaglutinina Del Virus De La Gripe A, Subtipo H1n1, Cepa A/wisconsin/67/2022",,,sin_candidato,,,,[]
296,"Arnm Que Codifica La Hemaglutinina Del Virus De La Gripe A, Subtipo H3n2, Cepaa/darwin/6/2021",Influenza A Virus A/darwin/6/2021 (h3n2) Antigen,,sin_candidato,,,,[]
297,"Arnm Que Codifica La Hemaglutinina Del Virus De La Gripe B, Cepa B/austria/1359417/2021",Influenza B Virus B/austria/1359417/2021 Antigen,,sin_candidato,,,,[]
307,Ascorbato Sodio,Sodium Ascorbate,,revisar,A02AH91,Sodio bicarbonato,0.773,"[{""codigo"":""A02AH91"",""nombre"":""Sodio bicarbonato"",""score"":0.773}]"
308,Ascorbico Acido,Ascorbic Acid,,revisar,G01AD03,Acido ascorbico,1,"[{""codigo"":""G01AD03"",""nombre"":""Acido ascorbico"",""score"":1},{""codigo"":""S01XA15"",""nombre"":""Acido ascorbico"",""score"":1},{""codigo"":""A05AA03"",""nombre"":""Acido colico"",""score"":0.778}]"
312,Asiaticosido,Asiaticoside,,sin_candidato,,,,[]
314,Asparagina Monohidrato,,,sin_candidato,,,,[]
316,Asparragin Aminohidrolasa,Asparagine,,sin_candidato,,,,[]
317,Aspartato Arginina,Arginine,,sin_candidato,,,,[]
318,Aspartico Acido,Aspartic Acid,,revisar,G01AD03,Acido ascorbico,0.833,"[{""codigo"":""G01AD03"",""nombre"":""Acido ascorbico"",""score"":0.833},{""codigo"":""S01XA15"",""nombre"":""Acido ascorbico"",""score"":0.833},{""codigo"":""D05AX01"",""nombre"":""Acido fumarico"",""score"":0.778}]"
337,Atropa Belladonna,"Belladonna Extract, Usp",,sin_candidato,,,,[]
338,Atropa Belladonna Tintura Madre,"Belladonna Extract, Usp",,sin_candidato,,,,[]
351,Avibactam,Avibactam,,sin_candidato,,,,[]
352,Avibactam Sodio,Avibactam,,sin_candidato,,,,[]
353,Avxs-101,,,sin_candidato,,,,[]
354,Axeroftol,,,sin_candidato,,,,[]
358,Azahar,,,sin_candidato,,,,[]
360,Azd9291,,,sin_candidato,,,,[]
361,Azelaico Acido,Azelaic Acid,,auto,D10AX03,Acido azelaico,1,"[{""codigo"":""D10AX03"",""nombre"":""Acido azelaico"",""score"":1},{""codigo"":""D03AX92"",""nombre"":""Acexamico acido"",""score"":0.833},{""codigo"":""G01AD02"",""nombre"":""Acido acetico"",""score"":0.813}]"
364,Azidotimidina,Zidovudine,,sin_candidato,,,,[]
370,Azul De Metileno,Methylene Blue,,revisar,S01KX02,Azul de tripano,0.792,"[{""codigo"":""S01KX02"",""nombre"":""Azul de tripano"",""score"":0.792}]"
371,Azul Disperso,,,sin_candidato,,,,[]
374,A-84538,Pepsin A,,sin_candidato,,,,[]
375,Bacillus Pfeiffer,,,sin_candidato,,,,[]
376,Bacilo Calmette-guerin Subcepa Moscu,,,sin_candidato,,,,[]
377,"Bacilo Calmette-guerin,cepa Danesa 1331, Vivo Atenuado",,,sin_candidato,,,,[]
382,Balsamo Nicaragua,,,sin_candidato,,,,[]
383,Balsamo Peru,Peruvian Balsam,,sin_candidato,,,,[]
384,Balsamo Tolu,Tolu Balsam,,sin_candidato,,,,[]
385,Balsamo Tolu Exto Fluido,Tolu Balsam,,sin_candidato,,,,[]
388,Bardana,,,sin_candidato,,,,[]
391,Bario Sulfato,Barium Sulfate,,sin_candidato,,,,[]
397,Bcg Atenuado,,,sin_candidato,,,,[]
398,Bcg Cultivo Vivo Desecado,,,sin_candidato,,,,[]
406,Belladona Exto Blando,"Belladonna Extract, Usp",,sin_candidato,,,,[]
411,Bempedoico Acido,Bempedoic Acid,,auto,C10AX15,Acido bempedoico,1,"[{""codigo"":""C10AX15"",""nombre"":""Acido bempedoico"",""score"":1},{""codigo"":""N03AG01"",""nombre"":""Acido valproico"",""score"":0.75},{""codigo"":""V08AA02"",""nombre"":""Acido metrizoico"",""score"":0.75}]"
414,Bencenocarboxilico Acido,Iocetamic Acid,,sin_candidato,,,,[]
415,Bencidamida,,,revisar,A01AD02,Bencidamina,0.909,"[{""codigo"":""A01AD02"",""nombre"":""Bencidamina"",""score"":0.909},{""codigo"":""G02CC03"",""nombre"":""Bencidamina"",""score"":0.909},{""codigo"":""M01AX07"",""nombre"":""Bencidamina"",""score"":0.909}]"
419,Bencilparaben,Benzylparaben,,sin_candidato,,,,[]
428,Bendrofluazida,Bendroflumethiazide,,revisar,C03AA01,Bendroflumetiazida,0.778,"[{""codigo"":""C03AA01"",""nombre"":""Bendroflumetiazida"",""score"":0.778}]"
431,Benoxinato,Benoxinate,,revisar,N02BA10,Benorilato,0.8,"[{""codigo"":""N02BA10"",""nombre"":""Benorilato"",""score"":0.8}]"
433,Benserazida,Benserazide,,sin_candidato,,,,[]
434,Benserazida Hidrocloruro,Benserazide,,sin_candidato,,,,[]
439,Benzhidramina,,,revisar,A01AD02,Bencidamina,0.769,"[{""codigo"":""A01AD02"",""nombre"":""Bencidamina"",""score"":0.769},{""codigo"":""G02CC03"",""nombre"":""Bencidamina"",""score"":0.769},{""codigo"":""M01AX07"",""nombre"":""Bencidamina"",""score"":0.769}]"
441,Benzoato Sodio,Ganciclovir Sodium,,sin_candidato,,,,[]
442,Benzobromarona,Benzbromarone,,auto,M04AB03,Benzbromarona,0.929,"[{""codigo"":""M04AB03"",""nombre"":""Benzbromarona"",""score"":0.929}]"
446,Bergamota,Bergamot Orange Extract,,sin_candidato,,,,[]
449,Besilesomab,,,sin_candidato,,,,[]
450,Beta Glucuronidasa Humana Recombinante,Follitropin Beta,,sin_candidato,,,,[]
451,Beta-dimetilaminoetil Benzhidril Eter,Beta Carotene,,sin_candidato,,,,[]
452,"Beta-dimetilaminoetil Benzhidril Eter 1,3-dimetil-8-cloroxantina",,,sin_candidato,,,,[]
464,Beta-picolinico,Beta Carotene,,sin_candidato,,,,[]
468,Betula Alba,,,sin_candidato,,,,[]
469,Betula Pendula R.,Silver Birch Pollen Allergenic Extract,,sin_candidato,,,,[]
470,Betula Pendula R. Extracto Seco,Silver Birch Pollen Allergenic Extract,,sin_candidato,,,,[]
477,Bicisato Dihidrocloruro,Bicisate,,sin_candidato,,,,[]
479,Bictegravir Sodio,Bictegravir,,sin_candidato,,,,[]
488,Bisbutiamina,,,revisar,A08AA10,Sibutramina,0.75,"[{""codigo"":""A08AA10"",""nombre"":""Sibutramina"",""score"":0.75},{""codigo"":""A11DA02"",""nombre"":""Sulbutiamina"",""score"":0.75}]"
489,Bisibutiamina,,,revisar,A08AA10,Sibutramina,0.769,"[{""codigo"":""A08AA10"",""nombre"":""Sibutramina"",""score"":0.769}]"
490,Bismalva,,,sin_candidato,,,,[]
491,Bismuto Subcitrato,Bismuth Subcitrate,,sin_candidato,,,,[]
492,Bismuto Subcitrato Coloidal,Bismuth Subcitrate,,sin_candidato,,,,[]
493,Bismuto Subcitrato Potasio,Bismuth Subcitrate,,sin_candidato,,,,[]
500,Bordetella Pertussis Hemaglutinina Filamentosa,Bordetella Pertussis,,sin_candidato,,,,[]
501,Bordetella Pertussis Pertactina,Bordetella Pertussis,,sin_candidato,,,,[]
502,Bordetella Pertussis Pertactina (prot.memb.externa 69kd),"Bordetella Pertussis Pertactin Vaccine, Inactivated",,sin_candidato,,,,[]
503,Bordetella Pertussis Proteina Meb Externa 69kd,Pertussis Vaccine,,sin_candidato,,,,[]
504,Bordetella Pertussis Toxoide,"Bordetella Pertussis Toxoid Vaccine, Inactivated",,sin_candidato,,,,[]
509,B-piridin-carboxilico,Vitamin B12,,sin_candidato,,,,[]
510,Brea Hulla,,,sin_candidato,,,,[]
511,Brea Mineral,,,sin_candidato,,,,[]
513,Bretovameran,,,sin_candidato,,,,[]
535,Bromovinildesoxiuridina,,,sin_candidato,,,,[]
536,Bromprofenpiridamina,,,sin_candidato,,,,[]
539,Brovanexina,Brovanexine,,sin_candidato,,,,[]
540,Brovanexina Hidrocloruro,Brovanexine,,sin_candidato,,,,[]
554,Butilparaben,Butylparaben,,sin_candidato,,,,[]
562,Cacahuete,,,sin_candidato,,,,[]
563,"Cacahuete Polvo Desengrasado, Semillas",Bismuth Subsalicylate 262 Mg Powder For Oral Suspension [estomaquil],,sin_candidato,,,,[]
567,Cajeputol,Eucalyptol,,sin_candidato,,,,[]
573,Calcio Cloruro,Calcium Chloride,,sin_candidato,,,,[]
574,Calcio Cloruro Anhidro,Calcium Chloride,,revisar,A12AA07,Cloruro de calcio,0.762,"[{""codigo"":""A12AA07"",""nombre"":""Cloruro de calcio"",""score"":0.762},{""codigo"":""B05XA07"",""nombre"":""Cloruro de calcio"",""score"":0.762},{""codigo"":""G04BA03"",""nombre"":""Cloruro de calcio"",""score"":0.762}]"
575,Calcio Cloruro Dihidrato,Calcium Chloride,,sin_candidato,,,,[]
580,Calcitonina Salmon Sintetica,Salmon Calcitonin,,sin_candidato,,,,[]
582,Camelia Thea Link,,,sin_candidato,,,,[]
583,Camellia Sinensis,Camellia Sinensis Whole Extract,,sin_candidato,,,,[]
584,Camomila,Chamomile Extract,,sin_candidato,,,,[]
590,Canela,,,sin_candidato,,,,[]
602,Capsicum,Capsicum Extract,,sin_candidato,,,,[]
603,Capsicum Oleorresina,Capsicum Oleoresin,,sin_candidato,,,,[]
608,Carbetapentano,Carbetapentane,,sin_candidato,,,,[]
610,Carbidopa,Carbidopa,,sin_candidato,,,,[]
611,Carbidopa Monohidrato,Carbidopa,,sin_candidato,,,,[]
615,Carbolico Acido,Iocetamic Acid,,revisar,A05AA03,Acido colico,0.833,"[{""codigo"":""A05AA03"",""nombre"":""Acido colico"",""score"":0.833},{""codigo"":""A05AA06"",""nombre"":""Acido norucolico"",""score"":0.8},{""codigo"":""A16AA05"",""nombre"":""Acido carglumico"",""score"":0.8}]"
616,Carbomero,Carbomer,,sin_candidato,,,,[]
618,Carbon Adsorbente,Ammonium Carbonate,,sin_candidato,,,,[]
619,Carbon Cafe,Ammonium Carbonate,,sin_candidato,,,,[]
621,Carbon Ultraactivo,Ammonium Carbonate,,sin_candidato,,,,[]
622,Carbonildiamida,Urea,,sin_candidato,,,,[]
623,Carbono-99m Tc (aerosol),,,sin_candidato,,,,[]
625,Carbopol,Carbomer,,revisar,N07AB01,Carbacol,0.75,"[{""codigo"":""N07AB01"",""nombre"":""Carbacol"",""score"":0.75},{""codigo"":""S01EB02"",""nombre"":""Carbacol"",""score"":0.75}]"
627,Cardo Bendito,,,sin_candidato,,,,[]
628,Cardo Mariano,Picea Mariana Resin,,sin_candidato,,,,[]
630,Carglumico Acido,Carglumic Acid,,auto,A16AA05,Acido carglumico,1,"[{""codigo"":""A16AA05"",""nombre"":""Acido carglumico"",""score"":1},{""codigo"":""R01AC05"",""nombre"":""Acido espaglumico"",""score"":0.818},{""codigo"":""S01GX03"",""nombre"":""Acido espaglumico"",""score"":0.818}]"
634,Carmelosa Sodica,Carboxymethylcellulose,,sin_candidato,,,,[]
635,Carmin De Indigo,Indigo Carmine,,sin_candidato,,,,[]
638,Carnitina Hidrocloruro,Levocarnitine,,sin_candidato,,,,[]
639,Carnosina,Carnosine,,sin_candidato,,,,[]
640,Carragahen,Emepronium Carrageenate,,sin_candidato,,,,[]
641,Carragenano,Carrageenan,,sin_candidato,,,,[]
644,Carum Carvi L.,,,sin_candidato,,,,[]
645,Carum Carvi L. Fruto,,,sin_candidato,,,,[]
647,Cas 276,Calcium Ion,,sin_candidato,,,,[]
652,Cassia Angustifolia,,,sin_candidato,,,,[]
653,Cassia Angustifolia Exto,,,sin_candidato,,,,[]
654,Cassia Angustifolia Exto Liquido,,,sin_candidato,,,,[]
655,Cassia Angustifolia Frutos,,,sin_candidato,,,,[]
656,Cassia Angustifolia Frutos Extracto Seco,,,sin_candidato,,,,[]
657,Cassia Angustifolia Hoja O Foliola,,,sin_candidato,,,,[]
658,Cassia Angustifolia Polvo,,,sin_candidato,,,,[]
661,Cbdca,Carboplatin,,sin_candidato,,,,[]
662,Cdp-colina,Citicoline,,sin_candidato,,,,[]
663,Cedazuridina,Cedazuridine,,revisar,J01DB02,Cefaloridina,0.75,"[{""codigo"":""J01DB02"",""nombre"":""Cefaloridina"",""score"":0.75}]"
686,Ceftolozano Sulfato,Ceftolozane,,sin_candidato,,,,[]
692,Celidonia  Mayor,Burdock Root Extract,,sin_candidato,,,,[]
693,Celulas Cd3+ Autologas Transducidas Anti Cd19,,,sin_candidato,,,,[]
694,"Celulas Epiteliales Corneales Humanas Autologas, Expandidas Ex Vivo, Entre Las Que Se Encuentran Celulas Madre",,,sin_candidato,,,,[]
695,Celulas T Autologas Transducidas Con El Vector Lentiviral Que Contienen El Receptor Antigeno Quimerico Directo Anti-cd19,,,sin_candidato,,,,[]
696,"Celulas T Cd4+ Y Cd8+ Autologas Derivadas De Sangre Periferica Y Activadas Con Anticuerpos Especificos De Cd3 Y Cd28, Transducidas Con Un Vector Retroviral, Que Expresa El Receptor Quimerico Especifico De Cd19 Que Incluye Dominios De Cd28/cd3-zeta, Y Cult",,,sin_candidato,,,,[]
698,Cemivameran,,,sin_candidato,,,,[]
702,Centaurium Umbellatum,Centaurium Erythraea Preparation,,sin_candidato,,,,[]
704,Cepa Similar A A/astrakhan/3212/2020 (h5n8) (cber-rg8a),Influenza A Virus A/astrakhan/3212/2020 (h5n8) Antigen,,sin_candidato,,,,[]
705,Cerio Nitrato,Ceric Oxide,,sin_candidato,,,,[]
709,Cetiltrimetilamonio,,,sin_candidato,,,,[]
713,Ceto Fenilalanina Calcica,Phenylalanine,,sin_candidato,,,,[]
714,Ceto Isoleucina,Isoleucine,,sin_candidato,,,,[]
715,Ceto Isoleucina Calcica,Isoleucine,,sin_candidato,,,,[]
716,Ceto Leucina,Leucine,,sin_candidato,,,,[]
717,Ceto Leucina Calcica,Calcium Carbimide,,sin_candidato,,,,[]
718,Ceto Valina,Valine,,sin_candidato,,,,[]
719,Ceto Valina Calcica,Calcium Carbimide,,sin_candidato,,,,[]
721,Chelidonia Majus,Chelidonium Majus Extract,,sin_candidato,,,,[]
722,Chelidonium Majus,Chelidonium Majus Extract,,sin_candidato,,,,[]
723,Chumbera,,,sin_candidato,,,,[]
730,Ciclohexanohexilmexafosfato,,,sin_candidato,,,,[]
731,Ciclohexilbenzotiazil Sulfenamida,N-oxydiethylene-2-benzothiazole Sulfenamide,,sin_candidato,,,,[]
739,Cilantro,Cilantro Extract,,sin_candidato,,,,[]
740,Cilantro Exto Liquido,Cilantro Extract,,sin_candidato,,,,[]
742,Cilastatina Sodica,Cilastatin,,sin_candidato,,,,[]
748,Cimebrina,,,revisar,C01AC03,Cimarina,0.778,"[{""codigo"":""C01AC03"",""nombre"":""Cimarina"",""score"":0.778}]"
749,Cimicifuga Racemosa,Black Cohosh Extract,,sin_candidato,,,,[]
750,Cimicifuga Racemosa Exto Seco,Black Cohosh Extract,,sin_candidato,,,,[]
753,Cinamaldehido,Cinnamic Aldehyde,,sin_candidato,,,,[]
754,Cinamilico Alcohol,Ethanol,,revisar,S01XA98,Polivinilico alcohol,0.75,"[{""codigo"":""S01XA98"",""nombre"":""Polivinilico alcohol"",""score"":0.75}]"
761,Cinnamomum Zeylanicum Corteza,"Cinnamon Oil, Leaf",,sin_candidato,,,,[]
762,Cinnarizina,Cinnarizine,,auto,N07CA02,Cinarizina,0.909,"[{""codigo"":""N07CA02"",""nombre"":""Cinarizina"",""score"":0.909}]"
774,Cisteamina,Cysteamine,,sin_candidato,,,,[]
776,Cistina,Cystine,,revisar,A07AA10,Colistina,0.778,"[{""codigo"":""A07AA10"",""nombre"":""Colistina"",""score"":0.778},{""codigo"":""J01XB01"",""nombre"":""Colistina"",""score"":0.778}]"
783,Citidina-5-monofosfato Disodio,,,sin_candidato,,,,[]
784,Citisina,Cytisine,,sin_candidato,,,,[]
786,Citosina Arabinosido,Cytosine,,sin_candidato,,,,[]
787,Citrato Acido Sodio,Ganciclovir Sodium,,revisar,B05CB02,Citrato de sodio,0.762,"[{""codigo"":""B05CB02"",""nombre"":""Citrato de sodio"",""score"":0.762}]"
788,Citrato Magnesio,,,sin_candidato,,,,[]
789,Citrato Potasio,Potassium,,sin_candidato,,,,[]
790,Citrato Sodico Dihidrato,Mentha Aquatica Var. Citrata Leaf Extract,,revisar,B03AB01,Ferrico sodico citrato,0.852,"[{""codigo"":""B03AB01"",""nombre"":""Ferrico sodico citrato"",""score"":0.852},{""codigo"":""B05CB02"",""nombre"":""Citrato de sodio"",""score"":0.796}]"
791,Citrato Sodio,Ganciclovir Sodium,,sin_candidato,,,,[]
792,Citrato Trisodio,Trisodium Citrate,,sin_candidato,,,,[]
794,Citrico Acido Anhidro,Citric Acid,,revisar,A09AB04,Acido citrico,0.857,"[{""codigo"":""A09AB04"",""nombre"":""Acido citrico"",""score"":0.857}]"
795,Citrico Acido Monohidrato,Citric Acid,,revisar,A09AB04,Acido citrico,0.758,"[{""codigo"":""A09AB04"",""nombre"":""Acido citrico"",""score"":0.758}]"
796,Citrina,Callistemon Citrinus Pollen Extract,,revisar,C01AC03,Cimarina,0.75,"[{""codigo"":""C01AC03"",""nombre"":""Cimarina"",""score"":0.75}]"
797,Citrulina,Citrulline,,sin_candidato,,,,[]
798,Citrulina Malato,Citrulline Malate,,sin_candidato,,,,[]
799,Citrus Bergamia,Citrus Bergamia Leaf Oil,,sin_candidato,,,,[]
804,Clavo,,,sin_candidato,,,,[]
805,Clavulanato Potasio,Potassium,,sin_candidato,,,,[]
806,Clavulanato Potasio Diluido Con Celulosa Microcristalina,Ak-con,,sin_candidato,,,,[]
807,Clavulanato Potasio Diluido Con Silice Coloidal Hidratada,Ak-con,,sin_candidato,,,,[]
808,Clavulanico Acido,Clavulanic Acid,,revisar,A16AA05,Acido carglumico,0.773,"[{""codigo"":""A16AA05"",""nombre"":""Acido carglumico"",""score"":0.773},{""codigo"":""C05CA93"",""nombre"":""Flavodico acido"",""score"":0.773},{""codigo"":""D03AX05"",""nombre"":""Acido hialuronico"",""score"":0.773}]"
821,Clocinizina Dihidrocloruro,Clocinizine,,sin_candidato,,,,[]
839,Clorazepato Dipotasio,Clorazepate,,sin_candidato,,,,[]
840,Clorazepico Acido,Iocetamic Acid,,revisar,A09AB03,Acido clorhidrico,0.818,"[{""codigo"":""A09AB03"",""nombre"":""Acido clorhidrico"",""score"":0.818},{""codigo"":""B05XA13"",""nombre"":""Acido clorhidrico"",""score"":0.818},{""codigo"":""M05BA02"",""nombre"":""Acido clodronico"",""score"":0.773}]"
841,Clorcinazina,,,revisar,R06AE04,Clorciclizina,0.769,"[{""codigo"":""R06AE04"",""nombre"":""Clorciclizina"",""score"":0.769},{""codigo"":""R06AB04"",""nombre"":""Clorfenamina"",""score"":0.75},{""codigo"":""S01GX91"",""nombre"":""Clorfenamina"",""score"":0.75}]"
844,Cloretona,,,revisar,L01AA05,Clormetina,0.8,"[{""codigo"":""L01AA05"",""nombre"":""Clormetina"",""score"":0.8},{""codigo"":""M01AA05"",""nombre"":""Clofezona"",""score"":0.778},{""codigo"":""M02AA03"",""nombre"":""Clofezona"",""score"":0.778}]"
853,Clorhistapiridamina,,,sin_candidato,,,,[]
861,Cloroprofenpiridamida,,,sin_candidato,,,,[]
865,Clorpiprazina,Clospirazine,,revisar,D04AA09,Cloropiramina,0.769,"[{""codigo"":""D04AA09"",""nombre"":""Cloropiramina"",""score"":0.769},{""codigo"":""N05AA01"",""nombre"":""Clorpromazina"",""score"":0.769},{""codigo"":""N05AX15"",""nombre"":""Cariprazina"",""score"":0.769}]"
873,Cloruro De Hierro (iii) Hexahidrato,Methylene Blue,,sin_candidato,,,,[]
875,Clostridiopeptidasa,Collagenase Clostridium Histolyticum,,sin_candidato,,,,[]
876,"Clostridium Tetani, Toxoide","Tetanus Toxoid Vaccine, Inactivated",,sin_candidato,,,,[]
882,Coal Tar,Coal Tar,,sin_candidato,,,,[]
884,Cobalto Cloruro,Cobalt,,sin_candidato,,,,[]
887,Cobre Carbonato,Copper,,sin_candidato,,,,[]
888,Cobre Cloruro Dihidrato,Copper,,sin_candidato,,,,[]
889,Cobre Sulfato Pentahidrato,Copper,,revisar,V03AB20,Sulfato de cobre,0.75,"[{""codigo"":""V03AB20"",""nombre"":""Sulfato de cobre"",""score"":0.75}]"
890,Cocarbina,,,revisar,N01BC01,Cocaina,0.778,"[{""codigo"":""N01BC01"",""nombre"":""Cocaina"",""score"":0.778},{""codigo"":""R02AD03"",""nombre"":""Cocaina"",""score"":0.778},{""codigo"":""S01HA01"",""nombre"":""Cocaina"",""score"":0.778}]"
891,Cocarboxilasa,Thiamine Pyrophosphate,,sin_candidato,,,,[]
892,Cocarboxilasa Tetrahidrato,Thiamine Pyrophosphate,,sin_candidato,,,,[]
896,Coenzima B1,Thiamine,,sin_candidato,,,,[]
897,Coenzima B12,Cobamamide,,sin_candidato,,,,[]
898,Cola De Caballo,,,sin_candidato,,,,[]
899,Cola Raton,,,sin_candidato,,,,[]
905,Colico Acido,Iocetamic Acid,,revisar,A05AA03,Acido colico,1,"[{""codigo"":""A05AA03"",""nombre"":""Acido colico"",""score"":1},{""codigo"":""B03BB01"",""nombre"":""Acido folico"",""score"":0.917},{""codigo"":""S02AA03"",""nombre"":""Acido borico"",""score"":0.833}]"
906,Colina Citidin-5-difosfato,Citicoline,,sin_candidato,,,,[]
907,Colistimetato Sodio,Ganciclovir Sodium,,sin_candidato,,,,[]
908,Colleja,,,sin_candidato,,,,[]
909,Colofonia,Rosin,,sin_candidato,,,,[]
910,Complejo Coagulante Antiinhibidor,Anti-inhibitor Coagulant Complex,,sin_candidato,,,,[]
914,Concentrado De Protombina Activada,,,sin_candidato,,,,[]
916,Condroitina,,,sin_candidato,,,,[]
917,Condroitina Sulfato Sodio,Ganciclovir Sodium,,revisar,A06AD13,Sulfato de sodio,0.758,"[{""codigo"":""A06AD13"",""nombre"":""Sulfato de sodio"",""score"":0.758},{""codigo"":""A12CA02"",""nombre"":""Sulfato de sodio"",""score"":0.758}]"
919,Conjugado Haemophilus Influenzae Prp-neisseria Meningitidis Ompc,,,sin_candidato,,,,[]
920,Conjugado Prp-ompc,Haemophilus Capsular Oligosaccharide / Neisseria Meningitidis,,sin_candidato,,,,[]
921,Coriandro,Cilantro Extract,,sin_candidato,,,,[]
922,Coriandro Sativum,Coriandrum Sativum Whole Extract,,sin_candidato,,,,[]
926,Cosintropina,Cosyntropin,,sin_candidato,,,,[]
927,Cosmolina,,,sin_candidato,,,,[]
928,Crataegus Oxiacanta-crataegus Monogina,Crataegus Extract,,sin_candidato,,,,[]
929,Crataegus Oxyacantha,,,sin_candidato,,,,[]
930,Crataegus Oxyacantha Exto Seco,,,sin_candidato,,,,[]
932,Crecimiento Hormona,Parathyroid Hormone,,sin_candidato,,,,[]
933,Crisantaspasa,Asparaginase Erwinia Chrysanthemi,,sin_candidato,,,,[]
935,Cromato Cr-51  Sodio,Sodium Chromate Cr51,,sin_candidato,,,,[]
936,Cromo Cloruro Hexahidrato,Chromium,,sin_candidato,,,,[]
940,Curcuma,Turmeric Extract,,sin_candidato,,,,[]
941,Curcuma Exto Seco,Turmeric Extract,,sin_candidato,,,,[]
942,Cynara Scolymus L.,Cynara Scolymus Whole Extract,,sin_candidato,,,,[]
943,Cynara Scolymus L. Extracto Seco,Cynara Scolymus Whole Extract,,sin_candidato,,,,[]
944,Cynodon Dactylon,Cynodon Dactylon Extract,,sin_candidato,,,,[]
958,Damoctocog Alfa Pegol,Damoctocog Alfa Pegol,,sin_candidato,,,,[]
987,Davesomeran,,,sin_candidato,,,,[]
988,D-b-b-dimetilcisteina,,,sin_candidato,,,,[]
990,D-camfor,,,sin_candidato,,,,[]
992,Decicaina,,,revisar,L01BC08,Decitabina,0.8,"[{""codigo"":""L01BC08"",""nombre"":""Decitabina"",""score"":0.8}]"
1003,Dehidroepiandrosterona,Prasterone,,sin_candidato,,,,[]
1009,Delta 9 Tetrahidrocannabinol,Dronabinol,,sin_candidato,,,,[]
1014,"Dengue Virus, Vivo Atenuado Serotipo 1",,,sin_candidato,,,,[]
1015,"Dengue Virus, Vivo Atenuado Serotipo 2",,,sin_candidato,,,,[]
1016,"Dengue Virus, Vivo Atenuado Serotipo 3",,,sin_candidato,,,,[]
1017,"Dengue Virus, Vivo Atenuado Serotipo 4",,,sin_candidato,,,,[]
1020,Dequalinio,Dequalinium,,sin_candidato,,,,[]
1028,Desoxicolico Acido,Iocetamic Acid,,auto,D11AX24,Acido desoxicolico,1,"[{""codigo"":""D11AX24"",""nombre"":""Acido desoxicolico"",""score"":1},{""codigo"":""A05AA02"",""nombre"":""Acido ursodesoxicolico"",""score"":0.875},{""codigo"":""A05AA01"",""nombre"":""Acido quenodesoxicolico"",""score"":0.853}]"
1052,Dextroamfetamina,Dextroamphetamine,,revisar,N06BA02,Dexanfetamina,0.75,"[{""codigo"":""N06BA02"",""nombre"":""Dexanfetamina"",""score"":0.75}]"
1055,Dextrosa,Glucose,,sin_candidato,,,,[]
1056,Dha,Docosahexaenoic Acid,,sin_candidato,,,,[]
1060,Diacetoxi-difenil-piridilmetano,,,sin_candidato,,,,[]
1061,Diafenilsulfona,Dapsone,,sin_candidato,,,,[]
1062,Diatrizoico Acido,Diatrizoic Acid,,auto,V08AA01,Acido diatrizoico,1,"[{""codigo"":""V08AA01"",""nombre"":""Acido diatrizoico"",""score"":1},{""codigo"":""V08AA02"",""nombre"":""Acido metrizoico"",""score"":0.864},{""codigo"":""V08AA07"",""nombre"":""Acido acetrizoico"",""score"":0.864}]"
1064,Dibencocida,,,sin_candidato,,,,[]
1065,Dibencozamida,,,sin_candidato,,,,[]
1066,Dibenzotiazil Disulfida,"2,2'-dithiobisbenzothiazole",,sin_candidato,,,,[]
1067,Dibotermina Alfa,,,revisar,H01AB01,Tirotropina alfa,0.773,"[{""codigo"":""H01AB01"",""nombre"":""Tirotropina alfa"",""score"":0.773}]"
1069,Dibucaina,Dibucaine,,sin_candidato,,,,[]
1070,Diciclomina,Dicyclomine,,revisar,A03AA07,Dicicloverina,0.769,"[{""codigo"":""A03AA07"",""nombre"":""Dicicloverina"",""score"":0.769}]"
1077,Diclorobencilico Alcohol,Dichlorobenzyl Alcohol,,auto,R02AA03,Alcohol diclorobencilico,1,"[{""codigo"":""R02AA03"",""nombre"":""Alcohol diclorobencilico"",""score"":1}]"
1078,Dicloro-oxiquinaldina,Dicloran,,sin_candidato,,,,[]
1080,Difasin,,,sin_candidato,,,,[]
1085,Difenilguanidina,Diphenylguanidine,,sin_candidato,,,,[]
1087,Difenilmetoxi-8-isopropilnortropano,,,sin_candidato,,,,[]
1088,Difenilmetoxi-8-isopropilnortropano Mesilato,Doxazosin 8 Mg Oral Tablet,,sin_candidato,,,,[]
1089,Difilina,,,revisar,R03DA10,Bufilina,0.75,"[{""codigo"":""R03DA10"",""nombre"":""Bufilina"",""score"":0.75}]"
1106,Dihidrohidroxicodeinona,Oxycodone,,sin_candidato,,,,[]
1110,Dihidroxisuccinico Acido,Iocetamic Acid,,revisar,D03AX17,Acido diperoxoclorico,0.75,"[{""codigo"":""D03AX17"",""nombre"":""Acido diperoxoclorico"",""score"":0.75},{""codigo"":""L01XX85"",""nombre"":""Acido idroxioleico"",""score"":0.75}]"
1122,Dipentametilenetiuramio Disulfuro,Dipentamethylenethiuram Disulfide,,sin_candidato,,,,[]
1124,Dipirona,,,revisar,N06AX19,Gepirona,0.75,"[{""codigo"":""N06AX19"",""nombre"":""Gepirona"",""score"":0.75}]"
1130,Dobesilico Acido,Dobesilic Acid,,revisar,A05AA04,Acido obeticolico,0.818,"[{""codigo"":""A05AA04"",""nombre"":""Acido obeticolico"",""score"":0.818},{""codigo"":""C03CC02"",""nombre"":""Acido tienilico"",""score"":0.8},{""codigo"":""V08AC05"",""nombre"":""Acido iobenzamico"",""score"":0.773}]"
1136,Dodecilsulfato,Sodium Dodecyl Sulfate,,sin_candidato,,,,[]
1163,D-pantenol,Dexpanthenol,,sin_candidato,,,,[]
1167,Drosera,,,sin_candidato,,,,[]
1168,Drosera Rotundifolia,Drosera Rotundifolia Flowering Top Extract,,sin_candidato,,,,[]
1169,Drosera Tintura,,,sin_candidato,,,,[]
1170,Drosera Tintura Madre,,,sin_candidato,,,,[]
1181,Eburnamonina,,,sin_candidato,,,,[]
1182,Echinacea Angustifolia,Echinacea Angustifolia Extract,,sin_candidato,,,,[]
1183,Echinacea Angustifolia Exto Seco,Echinacea Angustifolia Extract,,sin_candidato,,,,[]
1184,Echinacea Angustifolia Tintura Madre,Echinacea Angustifolia Extract,,sin_candidato,,,,[]
1191,Edotreotida,Edotreotride,,sin_candidato,,,,[]
1195,Edtaciclina,,,revisar,J01AA05,Metaciclina,0.818,"[{""codigo"":""J01AA05"",""nombre"":""Metaciclina"",""score"":0.818},{""codigo"":""A01AB13"",""nombre"":""Tetraciclina"",""score"":0.75},{""codigo"":""D06AA04"",""nombre"":""Tetraciclina"",""score"":0.75}]"
1196,Efanesoctocog Alfa,"Antihemophilic Factor (recombinant), Fc-vwf-xten Fusion Protein",,revisar,B02BD14,Susoctocog alfa,0.808,"[{""codigo"":""B02BD14"",""nombre"":""Susoctocog alfa"",""score"":0.808}]"
1203,Efmoroctocog Alfa,Efmoroctocog Alfa,,revisar,B02BD14,Susoctocog alfa,0.792,"[{""codigo"":""B02BD14"",""nombre"":""Susoctocog alfa"",""score"":0.792}]"
1209,Elasomeran,"Sars-cov-2 (covid-19) Vaccine, Mrna-1273",,sin_candidato,,,,[]
1240,Enzima De Streptococcus Pyogenes (hmed-ides) Recombinante Que Degrada Igg,,,sin_candidato,,,,[]
1252,Epoetina Dseta (epoetin Zeta),,,revisar,B03XA03,Metoxi propilenglicol epoetina beta,0.806,"[{""codigo"":""B03XA03"",""nombre"":""Metoxi propilenglicol epoetina beta"",""score"":0.806}]"
1253,Epoetina Zeta (epoetin Theta),,,revisar,B03XA03,Metoxi propilenglicol epoetina beta,0.806,"[{""codigo"":""B03XA03"",""nombre"":""Metoxi propilenglicol epoetina beta"",""score"":0.806}]"
1256,Eptacog Alfa Activado,Eptacog Alfa Activated,,revisar,B01AD10,Drotrecogina alfa (activado),0.778,"[{""codigo"":""B01AD10"",""nombre"":""Drotrecogina alfa (activado)"",""score"":0.778}]"
1257,Eptacog Beta Activado,Eptacog Alfa Activated,,sin_candidato,,,,[]
1260,Equisetum Arvense,Equisetum Arvense Top Extract,,sin_candidato,,,,[]
1261,Equisetum Arvense Exto Seco,Equisetum Arvense Top Extract,,sin_candidato,,,,[]
1263,Erbio Er-169 Citrato,24 Hr Tofacitinib 22 Mg Extended Release Oral Tablet [xeljanz],,revisar,V10AX04,Erbio (169Er) citrato coloidal,0.75,"[{""codigo"":""V10AX04"",""nombre"":""Erbio (169Er) citrato coloidal"",""score"":0.75}]"
1280,Eschscholtzia Californica Cham.,Eschscholzia Californica Extract,,sin_candidato,,,,[]
1286,Esencia  Pimpinella Anisum,Pimpinella Anisum Extract,,sin_candidato,,,,[]
1287,Esencia Almendras Amargas,,,sin_candidato,,,,[]
1288,Esencia Bergamota,Bergamot Orange Extract,,sin_candidato,,,,[]
1289,Esencia Canela,,,sin_candidato,,,,[]
1290,Esencia Cedro,Cedrol,,sin_candidato,,,,[]
1291,Esencia Clavo,,,sin_candidato,,,,[]
1292,Esencia De Azahar,,,sin_candidato,,,,[]
1293,Esencia De Oregano,,,sin_candidato,,,,[]
1294,Esencia Eucalipto,Eucalyptol,,sin_candidato,,,,[]
1295,Esencia Hierba Luisa,St. John's Wort Extract,,sin_candidato,,,,[]
1296,Esencia Limon,Citrus Limon Fruit Oil,,sin_candidato,,,,[]
1297,Esencia Melaleuca Viridiflora,,,sin_candidato,,,,[]
1298,Esencia Melissa Oficinalis,Melissa Officinalis Extract,,sin_candidato,,,,[]
1299,Esencia Naranja,,,sin_candidato,,,,[]
1300,Esencia Niauli,Oil Of Niaouli,,sin_candidato,,,,[]
1301,Esencia Pino,,,sin_candidato,,,,[]
1302,Esencia Rosmarinus Officinalis,Rosmarinus Officinalis Preparation,,sin_candidato,,,,[]
1303,Esencia Tomillo,,,sin_candidato,,,,[]
1304,Esencia Trementina,,,sin_candidato,,,,[]
1305,Esencia Vainillla,Vanilla Bean Allergenic Extract,,sin_candidato,,,,[]
1315,Espaglumico Acido,Iocetamic Acid,,revisar,R01AC05,Acido espaglumico,1,"[{""codigo"":""R01AC05"",""nombre"":""Acido espaglumico"",""score"":1},{""codigo"":""S01GX03"",""nombre"":""Acido espaglumico"",""score"":1},{""codigo"":""A16AA05"",""nombre"":""Acido carglumico"",""score"":0.818}]"
1319,Espirolactona,,,revisar,C03DA01,Espironolactona,0.867,"[{""codigo"":""C03DA01"",""nombre"":""Espironolactona"",""score"":0.867}]"
1322,Estaño Cloruro Dihidrato,Calcium Chloride,,sin_candidato,,,,[]
1323,Esteatita,,,sin_candidato,,,,[]
1326,Estigmas De Maiz,,,sin_candidato,,,,[]
1347,Eter Glicerico Del Guayacol,Del-aqua,,sin_candidato,,,,[]
1348,Etidronato Disodio,Etidronate Disodium,,sin_candidato,,,,[]
1349,Etidronico Acido,Etidronic Acid,,auto,M05BA01,Acido etidronico,1,"[{""codigo"":""M05BA01"",""nombre"":""Acido etidronico"",""score"":1},{""codigo"":""M05BA03"",""nombre"":""Acido pamidronico"",""score"":0.864},{""codigo"":""M05BA05"",""nombre"":""Acido tiludronico"",""score"":0.864}]"
1350,Etilendiamina,Ethylenediamine,,sin_candidato,,,,[]
1351,Etilendiamina Dihidrocloruro,Ethylenediamine,,sin_candidato,,,,[]
1352,Etilfenil Barbiturico,,,sin_candidato,,,,[]
1354,Etilico Alcohol,Ethanol,,sin_candidato,,,,[]
1355,Etilmercuritiosalicilato Sodio,Ganciclovir Sodium,,sin_candidato,,,,[]
1356,Etilparaben,Ethyl-p-hydroxybenzoate,,sin_candidato,,,,[]
1358,Etocaina,,,revisar,N01BB07,Etidocaina,0.8,"[{""codigo"":""N01BB07"",""nombre"":""Etidocaina"",""score"":0.8},{""codigo"":""C05AD05"",""nombre"":""Procaina"",""score"":0.75},{""codigo"":""N01BA02"",""nombre"":""Procaina"",""score"":0.75}]"
1365,Eucalipto,Eucalyptol,,sin_candidato,,,,[]
1366,Eucaliptol,Eucalyptol,,sin_candidato,,,,[]
1367,Eucalyptus Globulus Hojas,Eucalyptus Globulus Leaf Extract,,sin_candidato,,,,[]
1368,Evernia Prunastri (l.) Ach.,Evernia Prunastri Extract,,sin_candidato,,,,[]
1375,Extracto Alergenico De Dermatophagoides Farinae,American House Dust Mite Allergenic Extract,,sin_candidato,,,,[]
1376,Extracto Alergenico De Dermatophagoides Pteronyssinus,,,sin_candidato,,,,[]
1378,Extracto Seco De Hiedra 10 %,Diethylstilbestrol,,sin_candidato,,,,[]
1380,Factor Antihemofilico B,Factor Ix,,sin_candidato,,,,[]
1381,Factor Antihemofilico Viii,Factor Viii,,sin_candidato,,,,[]
1382,Factor De Crecimiento Nervioso Humano Recombinante,"Antihemophilic Factor, Human Recombinant",,sin_candidato,,,,[]
1383,Factor Estabilizador De Fibrina,,,sin_candidato,,,,[]
1385,Factor Ii,Prothrombin,,sin_candidato,,,,[]
1386,Factor Inhibidor De Liberacion De Hormona Del Crecimiento,,,sin_candidato,,,,[]
1388,Factor P-p,,,sin_candidato,,,,[]
1389,Factor Stuart,Factor X,,sin_candidato,,,,[]
1392,Factor Viii Humano,Factor Viii,,sin_candidato,,,,[]
1400,Famtozinameran,"Sars-cov-2 (covid-19) Vaccine, Mrna-bnt162b2 Omicron (ba.4/ba.5)",,sin_candidato,,,,[]
1406,Feiba,Feiba,,sin_candidato,,,,[]
1412,Fenico Acido,Iocetamic Acid,,revisar,B03BB01,Acido folico,0.833,"[{""codigo"":""B03BB01"",""nombre"":""Acido folico"",""score"":0.833},{""codigo"":""M01AG01"",""nombre"":""Acido mefenamico"",""score"":0.8},{""codigo"":""G01AD02"",""nombre"":""Acido acetico"",""score"":0.786}]"
1413,Fenilalanina,Phenylalanine,,sin_candidato,,,,[]
1414,Fenilazodiaminopiridina,,,sin_candidato,,,,[]
1416,Fenilbutirato De Glicerilo,,,revisar,C01DA02,Trinitrato de glicerilo,0.821,"[{""codigo"":""C01DA02"",""nombre"":""Trinitrato de glicerilo"",""score"":0.821},{""codigo"":""C05AE01"",""nombre"":""Trinitrato de glicerilo"",""score"":0.821},{""codigo"":""D03AX07"",""nombre"":""Trinitrato de glicerilo"",""score"":0.821}]"
1417,Fenilbutirato Sodio,Ganciclovir Sodium,,sin_candidato,,,,[]
1418,Fenilbutirico Acido,Iocetamic Acid,,revisar,N03AG03,Acido aminobutirico,0.808,"[{""codigo"":""N03AG03"",""nombre"":""Acido aminobutirico"",""score"":0.808},{""codigo"":""C04AC01"",""nombre"":""Acido nicotinico"",""score"":0.769},{""codigo"":""C10AD02"",""nombre"":""Acido nicotinico"",""score"":0.769}]"
1422,Feniletilbarbiturico,,,sin_candidato,,,,[]
1423,Feniletilmalonilcarbamida,,,sin_candidato,,,,[]
1425,Fenilmetano,,,sin_candidato,,,,[]
1442,Ferrocolina Citrato,Citrate,,revisar,B03AB06,Ferrico citrato,0.773,"[{""codigo"":""B03AB06"",""nombre"":""Ferrico citrato"",""score"":0.773}]"
1457,Fitato Sodio,Ganciclovir Sodium,,sin_candidato,,,,[]
1458,Fitico Acido,Phytic Acid,,revisar,A09AB04,Acido citrico,0.857,"[{""codigo"":""A09AB04"",""nombre"":""Acido citrico"",""score"":0.857},{""codigo"":""B03BB01"",""nombre"":""Acido folico"",""score"":0.833},{""codigo"":""A16AX01"",""nombre"":""Acido tioctico"",""score"":0.813}]"
1460,Flavoglucosido,,,sin_candidato,,,,[]
1474,Flufenamico Acido,Flufenamic Acid,,auto,M01AG03,Acido flufenamico,1,"[{""codigo"":""M01AG03"",""nombre"":""Acido flufenamico"",""score"":1},{""codigo"":""M01AG01"",""nombre"":""Acido mefenamico"",""score"":0.864},{""codigo"":""M01AG02"",""nombre"":""Acido tolfenamico"",""score"":0.864}]"
1504,Foeniculum Vulgare,,,sin_candidato,,,,[]
1506,Foliculo Estimulante Hormona,Follicle Stimulating Hormone,,sin_candidato,,,,[]
1507,Folinato Calcio,Calcium,,sin_candidato,,,,[]
1508,Folinico Acido,Leucovorin,,revisar,J01MB05,Acido oxolinico,0.889,"[{""codigo"":""J01MB05"",""nombre"":""Acido oxolinico"",""score"":0.889},{""codigo"":""B03BB01"",""nombre"":""Acido folico"",""score"":0.875},{""codigo"":""V08AA06"",""nombre"":""Acido ioglicico"",""score"":0.833}]"
1514,Formil Paraminobencenosulfanilamidotiazol,Glycerol Formal,,sin_candidato,,,,[]
1515,Formilsulfamidotiazol,,,sin_candidato,,,,[]
1516,Formilsulfanilamidotiazol,,,sin_candidato,,,,[]
1518,Formolparaminobenceno Sulfanilamidotiazol,Sulfathiazole,,sin_candidato,,,,[]
1519,Formolsulfanilamidotiazol,,,sin_candidato,,,,[]
1520,Formosulfamidotiazol,,,sin_candidato,,,,[]
1528,Foscarbidopa,Foscarbidopa,,sin_candidato,,,,[]
1531,Fosfato Disodio,Calcium Phosphate,,sin_candidato,,,,[]
1532,Fosfato Disodio Anhidro,Calcium Phosphate,,sin_candidato,,,,[]
1533,Fosfato Disodio Dihidrato,Tyrosine Disodium Dihydrate,,sin_candidato,,,,[]
1534,Fosfato Disodio Dodecahidrato,,,sin_candidato,,,,[]
1535,Fosfato Monosodio Dihidrato,Calcium Phosphate,,sin_candidato,,,,[]
1536,Fosfato Potasico Dibasico,Calcium Phosphate,,sin_candidato,,,,[]
1541,Fosfonomicina,,,revisar,J01XX01,Fosfomicina,0.846,"[{""codigo"":""J01XX01"",""nombre"":""Fosfomicina"",""score"":0.846},{""codigo"":""S02AA17"",""nombre"":""Fosfomicina"",""score"":0.846}]"
1543,Fosnetupitant,Fosnetupitant,,sin_candidato,,,,[]
1549,Fragaria Vesca,Fragaria Vesca Fruit Juice,,sin_candidato,,,,[]
1550,Frambuesa,,,sin_candidato,,,,[]
1553,Frangula,Frangula Preparation,,sin_candidato,,,,[]
1557,Frusemida,Furosemide,,revisar,C03CA01,Furosemida,0.8,"[{""codigo"":""C03CA01"",""nombre"":""Furosemida"",""score"":0.8}]"
1558,Ftorafur,,,sin_candidato,,,,[]
1560,Fumarato De Dimetilo,,,revisar,P03BX02,Ftalato de dimetilo,0.875,"[{""codigo"":""P03BX02"",""nombre"":""Ftalato de dimetilo"",""score"":0.875},{""codigo"":""L04AX11"",""nombre"":""Fumarato de monometilo"",""score"":0.867},{""codigo"":""P03BX03"",""nombre"":""Ftalato de dibutilo"",""score"":0.792}]"
1562,Fumarato Hierro,Iron,,sin_candidato,,,,[]
1563,Fumarico Acido,Iocetamic Acid,,auto,D05AX01,Acido fumarico,1,"[{""codigo"":""D05AX01"",""nombre"":""Acido fumarico"",""score"":1},{""codigo"":""D06AX01"",""nombre"":""Acido fusidico"",""score"":0.813},{""codigo"":""D09AA02"",""nombre"":""Acido fusidico"",""score"":0.813}]"
1566,Fursemida,Furosemide,,auto,C03CA01,Furosemida,0.9,"[{""codigo"":""C03CA01"",""nombre"":""Furosemida"",""score"":0.9}]"
1567,Fusidato Sodio,Ganciclovir Sodium,,sin_candidato,,,,[]
1568,Fusidico Acido,Fusidic Acid,,revisar,D06AX01,Acido fusidico,1,"[{""codigo"":""D06AX01"",""nombre"":""Acido fusidico"",""score"":1},{""codigo"":""D09AA02"",""nombre"":""Acido fusidico"",""score"":1},{""codigo"":""J01XC01"",""nombre"":""Acido fusidico"",""score"":1}]"
1574,Gadobenato Dimeglumina,Gadobenate Dimeglumine,,sin_candidato,,,,[]
1575,Gadobenico Acido,,,revisar,V08CA08,Acido gadobenico,1,"[{""codigo"":""V08CA08"",""nombre"":""Acido gadobenico"",""score"":1},{""codigo"":""D11AX02"",""nombre"":""Acido gamolenico"",""score"":0.9},{""codigo"":""V08CA02"",""nombre"":""Acido gadoterico"",""score"":0.9}]"
1581,Gadoterico Acido,Gadoteridol,,revisar,V08CA02,Acido gadoterico,1,"[{""codigo"":""V08CA02"",""nombre"":""Acido gadoterico"",""score"":1},{""codigo"":""V08CA08"",""nombre"":""Acido gadobenico"",""score"":0.9},{""codigo"":""V08CA10"",""nombre"":""Acido gadoxetico"",""score"":0.9}]"
1584,Gadoxetato Disodio,Gadoxetate Disodium,,sin_candidato,,,,[]
1585,Gadoxetico Acido,Iocetamic Acid,,revisar,V08CA10,Acido gadoxetico,1,"[{""codigo"":""V08CA10"",""nombre"":""Acido gadoxetico"",""score"":1},{""codigo"":""V08CA02"",""nombre"":""Acido gadoterico"",""score"":0.9},{""codigo"":""V08CA08"",""nombre"":""Acido gadobenico"",""score"":0.9}]"
1592,Galio 68ga Cloruro,Calcium Chloride,,sin_candidato,,,,[]
1594,G-amino-b-hidroxibutirico Acido,,,sin_candidato,,,,[]
1595,G-aminobutirico Acido,,,sin_candidato,,,,[]
1596,Gammaglobulina Antihemofilica A,Factor Viii,,sin_candidato,,,,[]
1597,Gammaglobulina Antihemofilica B,Vitamin B12,,sin_candidato,,,,[]
1598,Gamma-hidroxibutirico,Gamma-octalactone,,sin_candidato,,,,[]
1604,Gaxilosa,,,sin_candidato,,,,[]
1605,Gayuba,,,sin_candidato,,,,[]
1606,Gayuba Exto,,,sin_candidato,,,,[]
1609,Gelatina Succinato,Gelatin,,sin_candidato,,,,[]
1610,Gelatina Tanato,Gelatin,,sin_candidato,,,,[]
1616,Geraniol,Geraniol,,sin_candidato,,,,[]
1617,Germanio 68ge,German Cockroach Allergenic Extract,,sin_candidato,,,,[]
1618,Germanio 68ge Cl,Chloride Ion,,sin_candidato,,,,[]
1620,Gimeracilo,,,sin_candidato,,,,[]
1621,Ginkgo Biloba,Ginkgo Biloba Extract,,sin_candidato,,,,[]
1622,Ginkgo Biloba Exto,Ginkgo Biloba Extract,,sin_candidato,,,,[]
1623,Ginkgo Biloba Extracto Seco,Ginkgo Biloba Extract,,sin_candidato,,,,[]
1624,Ginseng Siberiano,Siberian Ginseng Preparation,,sin_candidato,,,,[]
1634,Gliburida,Glyburide,,revisar,G02CB02,Lisurida,0.778,"[{""codigo"":""G02CB02"",""nombre"":""Lisurida"",""score"":0.778},{""codigo"":""N02CA07"",""nombre"":""Lisurida"",""score"":0.778},{""codigo"":""A10BB04"",""nombre"":""Glibornurida"",""score"":0.75}]"
1635,Glicerilguayacol Eter,,,sin_candidato,,,,[]
1636,"Glicerilo, Trinitrato De",,,revisar,C01DA02,Trinitrato de glicerilo,1,"[{""codigo"":""C01DA02"",""nombre"":""Trinitrato de glicerilo"",""score"":1},{""codigo"":""C05AE01"",""nombre"":""Trinitrato de glicerilo"",""score"":1},{""codigo"":""D03AX07"",""nombre"":""Trinitrato de glicerilo"",""score"":1}]"
1639,Glicerofosfato Sodio,Ganciclovir Sodium,,revisar,A02AH91,Sodio bicarbonato,0.75,"[{""codigo"":""A02AH91"",""nombre"":""Sodio bicarbonato"",""score"":0.75}]"
1640,Glicerofosforico Acido,Iocetamic Acid,,revisar,D03AX17,Acido diperoxoclorico,0.813,"[{""codigo"":""D03AX17"",""nombre"":""Acido diperoxoclorico"",""score"":0.813},{""codigo"":""A05BA08"",""nombre"":""Acido glicirricico"",""score"":0.75},{""codigo"":""L04AA06"",""nombre"":""Acido micofenolico"",""score"":0.75}]"
1646,Glicocola,Glycine,,sin_candidato,,,,[]
1647,"Glicoproteina F Del Virus Respiratorio Sincitial En Su Conformacion Prefusion, Arnm Monocatenario Protegido En El Extremo 5′ Que Codifica Para",Tamoxifen,,sin_candidato,,,,[]
1648,Glidiazinamida,,,sin_candidato,,,,[]
1650,Glipentida,,,revisar,A10BB91,Glisentida,0.9,"[{""codigo"":""A10BB91"",""nombre"":""Glisentida"",""score"":0.9}]"
1657,Gluconato Calcio Monohidrato,Calcium Gluconate,,revisar,A12AA03,Gluconato de calcio,0.758,"[{""codigo"":""A12AA03"",""nombre"":""Gluconato de calcio"",""score"":0.758},{""codigo"":""B05XA19"",""nombre"":""Gluconato de calcio"",""score"":0.758},{""codigo"":""D11AX03"",""nombre"":""Gluconato de calcio"",""score"":0.758}]"
1658,Gluconato Hierro,Iron,,revisar,B03AA91,Hierro lactato,0.778,"[{""codigo"":""B03AA91"",""nombre"":""Hierro lactato"",""score"":0.778}]"
1659,Gluconato Sodio,Ganciclovir Sodium,,sin_candidato,,,,[]
1660,Gluconico Acido,Iocetamic Acid,,revisar,D03AX05,Acido hialuronico,0.818,"[{""codigo"":""D03AX05"",""nombre"":""Acido hialuronico"",""score"":0.818},{""codigo"":""M05BA05"",""nombre"":""Acido tiludronico"",""score"":0.818},{""codigo"":""M09AX01"",""nombre"":""Acido hialuronico"",""score"":0.818}]"
1669,Glutamato Magnesio Hidrobromuro,Glutamate,,sin_candidato,,,,[]
1670,Glutamico Acido,Glutamic Acid,,revisar,M01AG03,Acido flufenamico,0.818,"[{""codigo"":""M01AG03"",""nombre"":""Acido flufenamico"",""score"":0.818},{""codigo"":""V08AC03"",""nombre"":""Acido ioglicamico"",""score"":0.818},{""codigo"":""V08AC07"",""nombre"":""Acido iocetamico"",""score"":0.8}]"
1673,Glycine Max (l.)merr,Glycine Propionyl-l-carnitine,,sin_candidato,,,,[]
1674,Glycine Max (l.)merr Exto Seco,Glycine Propionyl-l-carnitine,,sin_candidato,,,,[]
1675,Glycyrrhiza Glabra,Glycyrrhiza Glabra Extract,,sin_candidato,,,,[]
1676,Glycyrrhiza Glabra Raiz,Glycyrrhiza Glabra Extract,,sin_candidato,,,,[]
1679,Gonadotrofina Menopausica Humana,Human Chorionic Gonadotropin,,sin_candidato,,,,[]
1680,Gonadotropina Corionica,Human Chorionic Gonadotropin,,auto,G03GA01,Gonadotrofina corionica,0.962,"[{""codigo"":""G03GA01"",""nombre"":""Gonadotrofina corionica"",""score"":0.962}]"
1681,Gonadotropina Corionica Humana,Human Chorionic Gonadotropin,,sin_candidato,,,,[]
1682,Gonadotropina Serica,Human Chorionic Gonadotropin,,auto,G03GA03,Gonadotrofina serica,0.962,"[{""codigo"":""G03GA03"",""nombre"":""Gonadotrofina serica"",""score"":0.962}]"
1686,Grama,Grama Grass Pollen Extract,,sin_candidato,,,,[]
1691,Grazoprevir Monohidrato,Grazoprevir,,sin_candidato,,,,[]
1692,Grindelia,,,sin_candidato,,,,[]
1693,Grindelia Tintura,,,sin_candidato,,,,[]
1697,Guarana,Guarana Preparation,,sin_candidato,,,,[]
1698,Guayacol Gliceril Eter,Guaiacol,,sin_candidato,,,,[]
1699,Guayacolato De Glicerilo,,,revisar,C01DA02,Trinitrato de glicerilo,0.758,"[{""codigo"":""C01DA02"",""nombre"":""Trinitrato de glicerilo"",""score"":0.758},{""codigo"":""C05AE01"",""nombre"":""Trinitrato de glicerilo"",""score"":0.758},{""codigo"":""D03AX07"",""nombre"":""Trinitrato de glicerilo"",""score"":0.758}]"
1701,H Influenzae,,,sin_candidato,,,,[]
1703,Haemophilus Influenzae Tipo B,Haemophilus Influenzae Type B,,sin_candidato,,,,[]
1705,Hamamelis,Witch Hazel,,sin_candidato,,,,[]
1706,Hamamelis Agua,Witch Hazel,,sin_candidato,,,,[]
1707,Hamamelis Hojas,Witch Hazel,,sin_candidato,,,,[]
1708,Hamamelis Virginiana,Witch Hazel,,sin_candidato,,,,[]
1709,Harpagophytum Exto Seco,Devil's Claw Preparation,,sin_candidato,,,,[]
1710,Harpagophytum Procumbens,Devil's Claw Preparation,,sin_candidato,,,,[]
1712,Hedera Helix L.,Hedera Helix Leaf Extract,,sin_candidato,,,,[]
1713,Hedera Helix L. Extracto Seco,Hedera Helix Leaf Extract,,sin_candidato,,,,[]
1716,Hemina,Hemin,,revisar,B06AB01,Hematina,0.75,"[{""codigo"":""B06AB01"",""nombre"":""Hematina"",""score"":0.75}]"
1717,Hemitiamina,,,sin_candidato,,,,[]
1733,Hialuronico Acido,Iocetamic Acid,,revisar,D03AX05,Acido hialuronico,1,"[{""codigo"":""D03AX05"",""nombre"":""Acido hialuronico"",""score"":1},{""codigo"":""M09AX01"",""nombre"":""Acido hialuronico"",""score"":1},{""codigo"":""R01AX09"",""nombre"":""Acido hialuronico"",""score"":1}]"
1736,Hidrazida Del Acido Isonicotinico,Del-aqua,,sin_candidato,,,,[]
1737,Hidrazida Del Acido Piridin-4-carboxilico,Del-aqua,,sin_candidato,,,,[]
1738,Hidrazinoftalazina,Hydralazine,,sin_candidato,,,,[]
1757,Hidroxicitronelal,Hydroxycitronellal,,sin_candidato,,,,[]
1760,Hidroxicobalamina,Hydroxocobalamin,,revisar,B03BA03,Hidroxocobalamina,0.941,"[{""codigo"":""B03BA03"",""nombre"":""Hidroxocobalamina"",""score"":0.941},{""codigo"":""V03AB33"",""nombre"":""Hidroxocobalamina"",""score"":0.941}]"
1762,Hidroxietilalmidon,,,sin_candidato,,,,[]
1765,Hidroxipolietoxidodecano,,,sin_candidato,,,,[]
1768,Hidroxitricarbalilico Acido,Iocetamic Acid,,sin_candidato,,,,[]
1778,Hierba Luisa,St. John's Wort Extract,,sin_candidato,,,,[]
1780,Hierro Cloruro Tetrahidrato,Iron,,sin_candidato,,,,[]
1781,Hierro (ii) Sulfato,Angiotensin Ii,,sin_candidato,,,,[]
1783,Hierro Sulfato Desecado,Iron,,sin_candidato,,,,[]
1784,Hierro-citrato-colina (ferricitrato Colina),Citicoline,,sin_candidato,,,,[]
1786,H.influenzae Tipo B Polisacarido Conjugado Toxoide Tetanico,Haemophilus Influenzae Type B,,sin_candidato,,,,[]
1787,Hioscina,Scopolamine Hydrobromide,,revisar,C05CA03,Diosmina,0.75,"[{""codigo"":""C05CA03"",""nombre"":""Diosmina"",""score"":0.75}]"
1789,Hisopo Oficinal,Dandelion Extract,,sin_candidato,,,,[]
1792,Histidina,Histidine,,sin_candidato,,,,[]
1793,Histidina Hidrocloruro,Histidine,,sin_candidato,,,,[]
1794,"Histidina, Hidrocloruro De, Monohidrato",,,sin_candidato,,,,[]
1795,Hoja De Frambueso Exto Seco,,,sin_candidato,,,,[]
1796,Homomirteniloxitrietilamina,,,sin_candidato,,,,[]
1797,Hormona Crecimiento,Parathyroid Hormone,,sin_candidato,,,,[]
1798,Hormona Foliculo Estimulante,Follicle Stimulating Hormone,,sin_candidato,,,,[]
1799,Hormona Gonadotrofina Menopausica Humana,Human Chorionic Gonadotropin,,revisar,G03GA02,Gonadotrofina humana de menopausicas,0.872,"[{""codigo"":""G03GA02"",""nombre"":""Gonadotrofina humana de menopausicas"",""score"":0.872}]"
1800,Hormona Paratiroidea,Parathyroid Hormone,,revisar,H05AA03,Hormonas paratiroideas,0.899,"[{""codigo"":""H05AA03"",""nombre"":""Hormonas paratiroideas"",""score"":0.899}]"
1801,Humulus Lupulus Extracto Seco,Hops Extract,,sin_candidato,,,,[]
1802,Humulus Lupulus Tintura Madre,Hops Extract,,sin_candidato,,,,[]
1803,Hwa 486,,,sin_candidato,,,,[]
1804,Hypericum Perforatum,St. John's Wort Extract,,sin_candidato,,,,[]
1805,Hypericum Perforatum  Exto Seco,St. John's Wort Extract,,sin_candidato,,,,[]
1807,Ibandronico Acido,Ibandronic Acid,,auto,M05BA06,Acido ibandronico,1,"[{""codigo"":""M05BA06"",""nombre"":""Acido ibandronico"",""score"":1},{""codigo"":""M05BA04"",""nombre"":""Acido alendronico"",""score"":0.864},{""codigo"":""D03AX05"",""nombre"":""Acido hialuronico"",""score"":0.818}]"
1808,Iberis Amara,Iberis Amara Seed Extract,,sin_candidato,,,,[]
1816,Icosapento De Etilo,Ethyl Loflazepate,,revisar,B01AA08,Biscumacetato de etilo,0.821,"[{""codigo"":""B01AA08"",""nombre"":""Biscumacetato de etilo"",""score"":0.821},{""codigo"":""D01AE10"",""nombre"":""Hidroxibenzoato de etilo"",""score"":0.8},{""codigo"":""N05BA18"",""nombre"":""Loflazepato de etilo"",""score"":0.788}]"
1831,Imelasomeran,,,sin_candidato,,,,[]
1835,Imipenem Monohidrato,Imipenem Monohydrate,,sin_candidato,,,,[]
1848,"Indio (i111), Oxinato De",Diethylstilbestrol,,sin_candidato,,,,[]
1849,"Indio (i111), Pentetato De",Diethylstilbestrol,,sin_candidato,,,,[]
1853,Inhibidor De La Alfa-1 Proteinasa,"Alpha 1-proteinase Inhibitor, Human",,sin_candidato,,,,[]
1854,Inhibidor De La C1 Esterasa,,,sin_candidato,,,,[]
1860,Inmunoglobulina Conejo Anti-linfocitos T Humanos,,,sin_candidato,,,,[]
1861,Inmunoglobulina Conejo Antitimocitos Humanos,"Immunoglobulin A, Human",,sin_candidato,,,,[]
1862,Inmunoglobulina G Humana,"Immunoglobulin G, Human",,sin_candidato,,,,[]
1864,Inmunoglobulina Humana Anti-d,,,revisar,J06BB01,Inmunoglobulina anti-D (rh),0.8,"[{""codigo"":""J06BB01"",""nombre"":""Inmunoglobulina anti-D (rh)"",""score"":0.8}]"
1865,Inmunoglobulina Humana Antihepatitis B,Hepatitis B Immune Globulin,,revisar,J06BB04,Inmunoglobulina antihepatitis B,0.8,"[{""codigo"":""J06BB04"",""nombre"":""Inmunoglobulina antihepatitis B"",""score"":0.8}]"
1866,Inmunoglobulina Humana Antirrabica,"Immunoglobulin A, Human",,sin_candidato,,,,[]
1867,Inmunoglobulina Humana Antitetanica,"Immunoglobulin A, Human",,revisar,J06BB02,Inmunoglobulina antitetanica,0.75,"[{""codigo"":""J06BB02"",""nombre"":""Inmunoglobulina antitetanica"",""score"":0.75}]"
1868,Inmunoglobulina Humana Normal,Human Plasma Preparation,,sin_candidato,,,,[]
1869,Inmunoglobulina Humana Polivalente,"Immunoglobulin A, Human",,sin_candidato,,,,[]
1883,Insulina Isofana,"Insulin, Regular, Human",,revisar,A10AB01,Insulina (humana),0.75,"[{""codigo"":""A10AB01"",""nombre"":""Insulina (humana)"",""score"":0.75},{""codigo"":""A10AB02"",""nombre"":""Insulina (bovina)"",""score"":0.75},{""codigo"":""A10AB03"",""nombre"":""Insulina (porcina)"",""score"":0.75}]"
1884,Insulina Isofana Humana Prb,,,sin_candidato,,,,[]
1888,Insulina Soluble Neutra,,,sin_candidato,,,,[]
1889,Insulina Soluble Neutra Humana Prb,,,sin_candidato,,,,[]
1901,Iodoclorohidroxiquina,Clioquinol,,sin_candidato,,,,[]
1902,Iodoclorohidroxiquinoleina,Clioquinol,,revisar,G01AC01,Diiodohidroxiquinoleina,0.769,"[{""codigo"":""G01AC01"",""nombre"":""Diiodohidroxiquinoleina"",""score"":0.769}]"
1903,Iodoclorooxiquinoleina,Clioquinol,,sin_candidato,,,,[]
1904,Ioflupano 123i,Ioflupane I-123,,revisar,V09IX01,Iobenguano (123I),0.75,"[{""codigo"":""V09IX01"",""nombre"":""Iobenguano (123I)"",""score"":0.75}]"
1920,Isoleucina,Isoleucine,,sin_candidato,,,,[]
1922,Isonicotinico Acido Hidrazida,,,sin_candidato,,,,[]
1923,Isonicotinilhidrazina,Isoniazid,,sin_candidato,,,,[]
1927,Isopropil Alcohol,Isopropyl Alcohol,,sin_candidato,,,,[]
1928,Isopropilantipirina,Propyphenazone,,sin_candidato,,,,[]
1930,Isopropilico Alcohol,Isopropyl Alcohol,,revisar,R02AA03,Alcohol diclorobencilico,0.75,"[{""codigo"":""R02AA03"",""nombre"":""Alcohol diclorobencilico"",""score"":0.75}]"
1932,Isosorbida Dinitrato,Isosorbide Dinitrate,,sin_candidato,,,,[]
1933,Isosorbida Mononitrato,Isosorbide Mononitrate,,sin_candidato,,,,[]
1949,Juglans Regia,Juglans Regia Whole Extract,,sin_candidato,,,,[]
1950,Juglans Regia Tintura Madre,Juglans Regia Whole Extract,,sin_candidato,,,,[]
1963,Lactato Calcio,Calcium Lactate,,revisar,V03AE07,Calcio acetato,0.857,"[{""codigo"":""V03AE07"",""nombre"":""Calcio acetato"",""score"":0.857}]"
1964,Lactato Hierro,Iron,,auto,B03AA91,Hierro lactato,1,"[{""codigo"":""B03AA91"",""nombre"":""Hierro lactato"",""score"":1}]"
1965,Lactato Magnesio,,,sin_candidato,,,,[]
1966,Lactato Sodio,Calcium Lactate,,sin_candidato,,,,[]
1967,Lactico Acido,Lactic Acid,,auto,G01AD01,Acido lactico,1,"[{""codigo"":""G01AD01"",""nombre"":""Acido lactico"",""score"":1},{""codigo"":""G01AD02"",""nombre"":""Acido acetico"",""score"":0.857},{""codigo"":""S02AA10"",""nombre"":""Acido acetico"",""score"":0.857}]"
1970,Lactobacillus Acidophilus,Lactobacillus Acidophilus,,sin_candidato,,,,[]
1971,Lactobacillus Antibiotico Resistentes,,,sin_candidato,,,,[]
1972,Lactobacillus Biphidus,Lactobacillus Bifidus,,sin_candidato,,,,[]
1973,Lactobacillus Bulgaricus,Lactobacillus Delbrueckii Subsp. Bulgaricus,,sin_candidato,,,,[]
1974,Lactobacillus Gasseri,Lactobacillus Gasseri,,sin_candidato,,,,[]
1975,Lactobacillus Lactis,,,sin_candidato,,,,[]
1976,Lactobacillus Plantarum,Lactiplantibacillus Plantarum,,sin_candidato,,,,[]
1977,Lactobacillus Plantarum P 17630,Lactiplantibacillus Plantarum,,sin_candidato,,,,[]
1978,Lactobacillus Rhamnosus,Lacticaseibacillus Rhamnosus,,sin_candidato,,,,[]
1979,Lactobacilos Acidofilos,,,sin_candidato,,,,[]
1980,Lactobionico Acido,Lactobionate,,revisar,C04AC01,Acido nicotinico,0.792,"[{""codigo"":""C04AC01"",""nombre"":""Acido nicotinico"",""score"":0.792},{""codigo"":""C10AD02"",""nombre"":""Acido nicotinico"",""score"":0.792},{""codigo"":""G01AD01"",""nombre"":""Acido lactico"",""score"":0.792}]"
1981,Lactobiosa,Lactobionate,,sin_candidato,,,,[]
1982,Lactoflavina,Riboflavin,,sin_candidato,,,,[]
1983,Lactogluconato Calcio,Calcium,,sin_candidato,,,,[]
1984,Lactogluconico Acido,Iocetamic Acid,,revisar,A05AA06,Acido norucolico,0.75,"[{""codigo"":""A05AA06"",""nombre"":""Acido norucolico"",""score"":0.75},{""codigo"":""A07EB01"",""nombre"":""Acido cromoglicico"",""score"":0.75},{""codigo"":""A16AA05"",""nombre"":""Acido carglumico"",""score"":0.75}]"
1985,Lactona Del Acido Pilocarpinico,Del-aqua,,sin_candidato,,,,[]
1989,L-alanil-l-glutamina,Glutamine,,sin_candidato,,,,[]
1995,Lanolina,Lanolin,,sin_candidato,,,,[]
1996,"Lanolina, Alcoholes De",Lanolin Alcohols,,sin_candidato,,,,[]
2004,L-arginina Hidrocloruro,Arginine,,sin_candidato,,,,[]
2005,Laronidasa,Laronidase,,auto,A16AB05,Laronidase,0.9,"[{""codigo"":""A16AB05"",""nombre"":""Laronidase"",""score"":0.9}]"
2008,Las W-090,Linoleic Acid,,sin_candidato,,,,[]
2013,Latiazen,,,sin_candidato,,,,[]
2014,Laurel Cerezo,,,sin_candidato,,,,[]
2015,Laurel Cerezo Agua,Water,,sin_candidato,,,,[]
2017,Laurilsulfato Sodio,Ganciclovir Sodium,,auto,S02DA93,Laurilsulfato sodico,0.917,"[{""codigo"":""S02DA93"",""nombre"":""Laurilsulfato sodico"",""score"":0.917}]"
2018,Laurilsulfoacetato,,,sin_candidato,,,,[]
2019,Laurilsulfoacetato Sodio,Ganciclovir Sodium,,revisar,S02DA93,Laurilsulfato sodico,0.778,"[{""codigo"":""S02DA93"",""nombre"":""Laurilsulfato sodico"",""score"":0.778}]"
2021,Lavanda,Lavandula Angustifolia Whole Extract,,sin_candidato,,,,[]
2023,Lavandula Angustifolia Mill.,Lavandula Angustifolia Whole Extract,,sin_candidato,,,,[]
2024,Lavandula Officinalis Chaix,,,sin_candidato,,,,[]
2025,Lavandula Spica  L.,English Lavender Oil,,sin_candidato,,,,[]
2028,Lea29y,,,sin_candidato,,,,[]
2041,Leonorus Cardiaca L,Leonurus Cardiaca Extract,,sin_candidato,,,,[]
2042,Lepidium Latifolium L Sumidad Florida,Lepidium Meyenii Whole Extract,,sin_candidato,,,,[]
2043,Lepidium Latifolium L Sumidad Florida Polvo,Cestrum Latifolium Leaf Extract,,sin_candidato,,,,[]
2050,Leucomicina-a3,Josamycin,,sin_candidato,,,,[]
2051,Leuprolida,Leuprolide,,revisar,L02AE02,Leuprorelina,0.75,"[{""codigo"":""L02AE02"",""nombre"":""Leuprorelina"",""score"":0.75}]"
2055,Levarterenol,Norepinephrine Bitartrate,,sin_candidato,,,,[]
2057,Levisticum Officinale Koch.,Levisticum Officinale,,sin_candidato,,,,[]
2069,Levofolinico Acido,Levoleucovorin,,revisar,J01MB05,Acido oxolinico,0.833,"[{""codigo"":""J01MB05"",""nombre"":""Acido oxolinico"",""score"":0.833},{""codigo"":""A07EB01"",""nombre"":""Acido cromoglicico"",""score"":0.75},{""codigo"":""A16AX22"",""nombre"":""Acido tiomolibdico"",""score"":0.75}]"
2089,Lino Semilla,,,sin_candidato,,,,[]
2090,Linum Usitatissimum (semilla),Linum Usitatissimum Whole Extract,,sin_candidato,,,,[]
2097,Lipoproteina Recombinante Fhbp De Neisseria Meningitidis Del Serogrupo B (rlp2086; Subfamilia A),,,sin_candidato,,,,[]
2098,Lipoproteina Recombinante Fhbp De Neisseria Meningitidis Del Serogrupo B (rlp2086; Subfamilia B),,,sin_candidato,,,,[]
2099,Lippia Triphilla,Lippia Sidoides Leaf Oil,,sin_candidato,,,,[]
2113,Llanten Menor,Vinca Minor Extract,,sin_candidato,,,,[]
2114,Lobelia Inflata,Lobelia Inflata Preparation,,sin_candidato,,,,[]
2115,Lobelia Inflata Tintura,Lobelia Inflata Preparation,,sin_candidato,,,,[]
2120,Lonoctocog Alfa,Lonoctocog Alfa,,revisar,B02BD14,Susoctocog alfa,0.85,"[{""codigo"":""B02BD14"",""nombre"":""Susoctocog alfa"",""score"":0.85},{""codigo"":""B02BD09"",""nombre"":""Nonacog alfa"",""score"":0.75}]"
2136,L-tetraiodotironina,Hyoscyamine,,sin_candidato,,,,[]
2148,Lutecio (177lu) Psma-617,Lutetium Lu 177 Vipivotide Tetraxetan,,sin_candidato,,,,[]
2158,Magnesio Bromuro,Magnesium,,sin_candidato,,,,[]
2161,Magnesio Cloruro,Magnesium,,sin_candidato,,,,[]
2162,Magnesio Cloruro Hexahidrato,Magnesium,,sin_candidato,,,,[]
2163,Magnesio Fluoruro,Magnesium,,sin_candidato,,,,[]
2165,Magnesio Ioduro,Magnesium,,sin_candidato,,,,[]
2166,Magnesio Orotato Dihidrato,Magnesium Orotate Dihydrate,,revisar,A12CC09,Orotato de magnesio,0.778,"[{""codigo"":""A12CC09"",""nombre"":""Orotato de magnesio"",""score"":0.778}]"
2172,Maiz,Corn Allergenic Extract,,sin_candidato,,,,[]
2173,Maiz Exto Seco,Corn Allergenic Extract,,sin_candidato,,,,[]
2174,Malico Acido,Malic Acid,,revisar,A05AA03,Acido colico,0.833,"[{""codigo"":""A05AA03"",""nombre"":""Acido colico"",""score"":0.833},{""codigo"":""B03BB01"",""nombre"":""Acido folico"",""score"":0.833},{""codigo"":""B05CA06"",""nombre"":""Acido mandelico"",""score"":0.833}]"
2175,Maltodextrina,Maltodextrin,,sin_candidato,,,,[]
2177,Malva Officinalis,,,sin_candidato,,,,[]
2178,Malvavisco,,,sin_candidato,,,,[]
2179,M-amsa,Amsacrine,,sin_candidato,,,,[]
2180,Manganeso,Manganese,,sin_candidato,,,,[]
2181,Manganeso Carbonato,Manganese Carbonate,,revisar,A06AD01,Magnesio carbonato,0.833,"[{""codigo"":""A06AD01"",""nombre"":""Magnesio carbonato"",""score"":0.833}]"
2182,Manganeso Cloruro,Manganese,,sin_candidato,,,,[]
2183,Manganeso (cloruro De) Tetrahidrato,Methylene Blue,,sin_candidato,,,,[]
2184,Manganeso Sulfato Monohidrato,,,sin_candidato,,,,[]
2189,Manzana,Ethyl 2-methylpentanoate,,sin_candidato,,,,[]
2190,Manzana Exto Liquido,,,sin_candidato,,,,[]
2191,Manzanilla,Triprolidine Hydrochloride 0.938 Mg/ml Oral Solution,,sin_candidato,,,,[]
2195,Maralixibat Cloruro De,Methylene Blue,,auto,A05AX04,cloruro de maralixibat,1,"[{""codigo"":""A05AX04"",""nombre"":""cloruro de maralixibat"",""score"":1},{""codigo"":""V03AB17"",""nombre"":""Cloruro de metiltioninio"",""score"":0.769},{""codigo"":""A06AD19"",""nombre"":""Cloruro de magnesio"",""score"":0.758}]"
2199,Mateina,Caffeine,,sin_candidato,,,,[]
2200,Matricaria Chamomilla   L.rydb.,Matricaria Recutita Extract,,sin_candidato,,,,[]
2201,Matricaria Recutita L.rauschert,,,sin_candidato,,,,[]
2208,Meclicina,Meclizine,,revisar,R06AE05,Meclozina,0.778,"[{""codigo"":""R06AE05"",""nombre"":""Meclozina"",""score"":0.778},{""codigo"":""D10AF04"",""nombre"":""Meclociclina"",""score"":0.75}]"
2215,Mefenamico Acido,Mefenamic Acid,,auto,M01AG01,Acido mefenamico,1,"[{""codigo"":""M01AG01"",""nombre"":""Acido mefenamico"",""score"":1},{""codigo"":""M01AG04"",""nombre"":""Acido meclofenamico"",""score"":0.885},{""codigo"":""M02AA18"",""nombre"":""Acido meclofenamico"",""score"":0.885}]"
2225,Melissa Officinalis,Melissa Officinalis Extract,,sin_candidato,,,,[]
2226,Melissa Officinalis Extracto Seco,Melissa Officinalis Extract,,sin_candidato,,,,[]
2227,Melissa Officinalis Hojas,Melissa Officinalis Extract,,sin_candidato,,,,[]
2234,Menotropina,,,revisar,N04AC01,Benzatropina,0.75,"[{""codigo"":""N04AC01"",""nombre"":""Benzatropina"",""score"":0.75}]"
2238,Menta Piperita Hoja,Peppermint Oil,,sin_candidato,,,,[]
2239,Mentha Pulegium,Mentha Pulegium Extract,,sin_candidato,,,,[]
2240,Meperidina,Meperidine,,revisar,N01AH04,Fenoperidina,0.75,"[{""codigo"":""N01AH04"",""nombre"":""Fenoperidina"",""score"":0.75}]"
2241,Mepifilina,,,revisar,J01CA07,Epicilina,0.8,"[{""codigo"":""J01CA07"",""nombre"":""Epicilina"",""score"":0.8},{""codigo"":""J01CF03"",""nombre"":""Meticilina"",""score"":0.8}]"
2248,Meracovateina,,,sin_candidato,,,,[]
2253,Mercaptobenzotiazol,2-mercaptobenzothiazole,,sin_candidato,,,,[]
2254,Mercaptobenzotiazol Morfolinil,2-mercaptobenzothiazole,,sin_candidato,,,,[]
2257,Mercromina,Merbromin,,auto,D08AK04,Merbromina,0.9,"[{""codigo"":""D08AK04"",""nombre"":""Merbromina"",""score"":0.9}]"
2258,Mercuriotiolato,Thimerosal,,sin_candidato,,,,[]
2262,Mertiolato Sodio,Ganciclovir Sodium,,sin_candidato,,,,[]
2270,Metaminodiazepoxido,Chlordiazepoxide,,sin_candidato,,,,[]
2272,Metamizol Magnesico,Magnesium Oxide,,sin_candidato,,,,[]
2273,Metamizol Magnesico Hexahidrato,Magnesium Oxide,,sin_candidato,,,,[]
2276,Metano,,,sin_candidato,,,,[]
2282,Metilandrostenolona,Methandrostenolone,,sin_candidato,,,,[]
2284,Metilcloroisotiazolinona,5-chloro-2-methyl-4-isothiazolin-3-one,,sin_candidato,,,,[]
2285,Metildibromo-glutaronitrilo,Methyldibromo Glutaronitrile,,sin_candidato,,,,[]
2288,Metilergobasina,Methylergonovine,,revisar,G02AB01,Metilergometrina,0.75,"[{""codigo"":""G02AB01"",""nombre"":""Metilergometrina"",""score"":0.75}]"
2291,Metilergonovina,Methylergonovine,,revisar,G02AB01,Metilergometrina,0.75,"[{""codigo"":""G02AB01"",""nombre"":""Metilergometrina"",""score"":0.75}]"
2297,Metilparaben,Methylparaben,,sin_candidato,,,,[]
2298,Metilpolisiloxano,,,sin_candidato,,,,[]
2302,Metimazol,Methimazole,,sin_candidato,,,,[]
2303,Metionil G-csf Recombinante Humano,,,sin_candidato,,,,[]
2315,Metoxaleno,Methoxsalen,,revisar,D05AD02,Metoxsaleno,0.909,"[{""codigo"":""D05AD02"",""nombre"":""Metoxsaleno"",""score"":0.909},{""codigo"":""D05BA02"",""nombre"":""Metoxsaleno"",""score"":0.909}]"
2317,Metoxi-polietilenglicol-epoetina Beta,Epoetin Beta,,auto,B03XA03,Metoxi propilenglicol epoetina beta,0.922,"[{""codigo"":""B03XA03"",""nombre"":""Metoxi propilenglicol epoetina beta"",""score"":0.922}]"
2318,Metoxisaleno,Methoxsalen,,revisar,D05AD02,Metoxsaleno,0.917,"[{""codigo"":""D05AD02"",""nombre"":""Metoxsaleno"",""score"":0.917},{""codigo"":""D05BA02"",""nombre"":""Metoxsaleno"",""score"":0.917},{""codigo"":""D05AD01"",""nombre"":""Trioxisaleno"",""score"":0.75}]"
2354,Mirtecaina,Myrtecaine,,sin_candidato,,,,[]
2355,Mirtecaina Laurilsulfato,Myrtecaine,,sin_candidato,,,,[]
2367,Molibdato (99mo) De Sodio,Sodium Ironedetate,,sin_candidato,,,,[]
2373,Monacolina K Lactona,Effer-k,,sin_candidato,,,,[]
2382,Moroctocog Alfa,"Antihemophilic Factor, Human Recombinant Residues 743-1636 Deleted",,revisar,B02BD14,Susoctocog alfa,0.85,"[{""codigo"":""B02BD14"",""nombre"":""Susoctocog alfa"",""score"":0.85}]"
2387,Mpdl3280a,,,sin_candidato,,,,[]
2390,Muramidasa,Muramidase,,sin_candidato,,,,[]
2391,Musgo De Encina,,,sin_candidato,,,,[]
2392,Myristica Fragans Fruto,Nutmeg Allergenic Extract,,sin_candidato,,,,[]
2401,Nafronil,Nafronyl,,sin_candidato,,,,[]
2402,Naftazolina,,,revisar,R01AA08,Nafazolina,0.909,"[{""codigo"":""R01AA08"",""nombre"":""Nafazolina"",""score"":0.909},{""codigo"":""R01AB02"",""nombre"":""Nafazolina"",""score"":0.909},{""codigo"":""S01GA01"",""nombre"":""Nafazolina"",""score"":0.909}]"
2405,Naftionato T,,,sin_candidato,,,,[]
2406,Naftizina,Naftifine,,revisar,D01AE22,Naftifina,0.889,"[{""codigo"":""D01AE22"",""nombre"":""Naftifina"",""score"":0.889},{""codigo"":""C05CX02"",""nombre"":""Naftazona"",""score"":0.778},{""codigo"":""C05CX92"",""nombre"":""Naftazona"",""score"":0.778}]"
2420,Naranja,,,sin_candidato,,,,[]
2421,Naranjo Flor,,,sin_candidato,,,,[]
2424,Narcotina,,,revisar,N07BA01,Nicotina,0.778,"[{""codigo"":""N07BA01"",""nombre"":""Nicotina"",""score"":0.778}]"
2427,Navelbina,Navelbine,,sin_candidato,,,,[]
2447,Netupitant,Netupitant,,sin_candidato,,,,[]
2448,Neumococo Antigeno Polisacarido Capsular,,,sin_candidato,,,,[]
2449,Neumococo Antigeno Polisacarido Capsular Serotipo 1,Streptococcus Pneumoniae Type 1 Capsular Polysaccharide Antigen,,sin_candidato,,,,[]
2450,Neumococo Antigeno Polisacarido Capsular Serotipo 10a,Streptococcus Pneumoniae Type 10a Capsular Polysaccharide Antigen,,sin_candidato,,,,[]
2451,Neumococo Antigeno Polisacarido Capsular Serotipo 11a,Streptococcus Pneumoniae Type 11a Capsular Polysaccharide Antigen,,sin_candidato,,,,[]
2452,Neumococo Antigeno Polisacarido Capsular Serotipo 12f,Streptococcus Pneumoniae Type 12f Capsular Polysaccharide Antigen,,sin_candidato,,,,[]
2453,Neumococo Antigeno Polisacarido Capsular Serotipo 14,Streptococcus Pneumoniae Type 14 Capsular Polysaccharide Antigen,,sin_candidato,,,,[]
2454,Neumococo Antigeno Polisacarido Capsular Serotipo 15a,,,sin_candidato,,,,[]
2455,Neumococo Antigeno Polisacarido Capsular Serotipo 15b,Streptococcus Pneumoniae Type 15b Capsular Polysaccharide Antigen,,sin_candidato,,,,[]
2456,Neumococo Antigeno Polisacarido Capsular Serotipo 16f,,,sin_candidato,,,,[]
2457,Neumococo Antigeno Polisacarido Capsular Serotipo 17f,Streptococcus Pneumoniae Type 17f Capsular Polysaccharide Antigen,,sin_candidato,,,,[]
2458,Neumococo Antigeno Polisacarido Capsular Serotipo 18c,Streptococcus Pneumoniae Type 18c Capsular Polysaccharide Antigen,,sin_candidato,,,,[]
2459,Neumococo Antigeno Polisacarido Capsular Serotipo 19a,Streptococcus Pneumoniae Type 19a Capsular Polysaccharide Antigen,,sin_candidato,,,,[]
2460,Neumococo Antigeno Polisacarido Capsular Serotipo 19f,Streptococcus Pneumoniae Type 19f Capsular Polysaccharide Antigen,,sin_candidato,,,,[]
2461,Neumococo Antigeno Polisacarido Capsular Serotipo 2,Streptococcus Pneumoniae Type 2 Capsular Polysaccharide Antigen,,sin_candidato,,,,[]
2462,Neumococo Antigeno Polisacarido Capsular Serotipo 20,Streptococcus Pneumoniae Type 20 Capsular Polysaccharide Antigen,,sin_candidato,,,,[]
2463,Neumococo Antigeno Polisacarido Capsular Serotipo 20a,,,sin_candidato,,,,[]
2464,Neumococo Antigeno Polisacarido Capsular Serotipo 22f,Streptococcus Pneumoniae Type 22f Capsular Polysaccharide Antigen,,sin_candidato,,,,[]
2465,Neumococo Antigeno Polisacarido Capsular Serotipo 23a,,,sin_candidato,,,,[]
2466,Neumococo Antigeno Polisacarido Capsular Serotipo 23b,,,sin_candidato,,,,[]
2467,Neumococo Antigeno Polisacarido Capsular Serotipo 23f,Streptococcus Pneumoniae Type 23f Capsular Polysaccharide Antigen,,sin_candidato,,,,[]
2468,Neumococo Antigeno Polisacarido Capsular Serotipo 24f,,,sin_candidato,,,,[]
2469,Neumococo Antigeno Polisacarido Capsular Serotipo 3,Streptococcus Pneumoniae Type 3 Capsular Polysaccharide Antigen,,sin_candidato,,,,[]
2470,Neumococo Antigeno Polisacarido Capsular Serotipo 31,,,sin_candidato,,,,[]
2471,Neumococo Antigeno Polisacarido Capsular Serotipo 33f,Streptococcus Pneumoniae Type 33f Capsular Polysaccharide Antigen,,sin_candidato,,,,[]
2472,Neumococo Antigeno Polisacarido Capsular Serotipo 35b,,,sin_candidato,,,,[]
2473,Neumococo Antigeno Polisacarido Capsular Serotipo 4,Streptococcus Pneumoniae Type 4 Capsular Polysaccharide Antigen,,sin_candidato,,,,[]
2474,Neumococo Antigeno Polisacarido Capsular Serotipo 5,Streptococcus Pneumoniae Type 5 Capsular Polysaccharide Antigen,,sin_candidato,,,,[]
2475,Neumococo Antigeno Polisacarido Capsular Serotipo 6a,,,sin_candidato,,,,[]
2476,Neumococo Antigeno Polisacarido Capsular Serotipo 6b,Streptococcus Pneumoniae Type 6b Capsular Polysaccharide Antigen,,sin_candidato,,,,[]
2477,Neumococo Antigeno Polisacarido Capsular Serotipo 7f,Streptococcus Pneumoniae Type 7f Capsular Polysaccharide Antigen,,sin_candidato,,,,[]
2478,Neumococo Antigeno Polisacarido Capsular Serotipo 8,Streptococcus Pneumoniae Type 8 Capsular Polysaccharide Antigen,,sin_candidato,,,,[]
2479,Neumococo Antigeno Polisacarido Capsular Serotipo 9n,Streptococcus Pneumoniae Type 9n Capsular Polysaccharide Antigen,,sin_candidato,,,,[]
2480,Neumococo Antigeno Polisacarido Capsular Serotipo 9v,Streptococcus Pneumoniae Type 9v Capsular Polysaccharide Antigen,,sin_candidato,,,,[]
2481,Neurotoxina De Clostridium Botulinum Tipo A 148.2 Kda,Clostridium Botulinum,,sin_candidato,,,,[]
2482,Neurotoxina De Clostridium Botulinum Tipo E 150 Kda,Clostridium Botulinum,,sin_candidato,,,,[]
2485,Niacina,Niacin,,sin_candidato,,,,[]
2486,Niacinamida,Niacinamide,,revisar,A11HA01,Nicotinamida,0.75,"[{""codigo"":""A11HA01"",""nombre"":""Nicotinamida"",""score"":0.75},{""codigo"":""J04AK01"",""nombre"":""Pirazinamida"",""score"":0.75}]"
2490,Nicotamida,Niacinamide,,revisar,B01AC03,Picotamida,0.9,"[{""codigo"":""B01AC03"",""nombre"":""Picotamida"",""score"":0.9},{""codigo"":""A03AC04"",""nombre"":""Nicofetamida"",""score"":0.833},{""codigo"":""A11HA01"",""nombre"":""Nicotinamida"",""score"":0.833}]"
2491,Nicotilamida,Niacinamide,,auto,A11HA01,Nicotinamida,0.917,"[{""codigo"":""A11HA01"",""nombre"":""Nicotinamida"",""score"":0.917},{""codigo"":""A03AC04"",""nombre"":""Nicofetamida"",""score"":0.75},{""codigo"":""B01AC03"",""nombre"":""Picotamida"",""score"":0.75}]"
2498,Niflumico Acido,Niflumic Acid,,revisar,M01AX02,Acido niflumico,1,"[{""codigo"":""M01AX02"",""nombre"":""Acido niflumico"",""score"":1},{""codigo"":""M02AA17"",""nombre"":""Acido niflumico"",""score"":1},{""codigo"":""A16AA05"",""nombre"":""Acido carglumico"",""score"":0.8}]"
2504,Nipagin,,,sin_candidato,,,,[]
2506,Niquel Sulfato,Chondroitin Sulfates,,sin_candidato,,,,[]
2507,Niquel Sulfato Hexahidrato,Chloride Hexahydrate,,sin_candidato,,,,[]
2519,Nitrofurazona,Nitrofurazone,,revisar,J01XE01,Nitrofurantoina,0.8,"[{""codigo"":""J01XE01"",""nombre"":""Nitrofurantoina"",""score"":0.8}]"
2523,Nitroso Acido,Nitroso-dl-citrulline,,revisar,N01AX13,Oxido nitroso,0.8,"[{""codigo"":""N01AX13"",""nombre"":""Oxido nitroso"",""score"":0.8},{""codigo"":""A09AB04"",""nombre"":""Acido citrico"",""score"":0.786}]"
2525,N-metil-d-glucamina,,,sin_candidato,,,,[]
2526,N-metilglucamina,,,sin_candidato,,,,[]
2527,N-n-dimetilbiguanida,,,sin_candidato,,,,[]
2531,Nonacog Beta Pegol,"Coagulation Factor Ix (recombinant), Glycopegylated",,sin_candidato,,,,[]
2532,Nonacog Gamma,,,sin_candidato,,,,[]
2533,Nonaetilenglicol Monododecil Eter,Triethanolamine Monododecyl Ether,,sin_candidato,,,,[]
2534,Nopoxamina,Myrtecaine,,revisar,C01CA14,Dopexamina,0.8,"[{""codigo"":""C01CA14"",""nombre"":""Dopexamina"",""score"":0.8}]"
2535,Noradrenalina,Noradrenaline Hydrochloride,,sin_candidato,,,,[]
2536,Noramidopirina Metanosulfonico Acido,Iocetamic Acid,,sin_candidato,,,,[]
2542,Noretindrona,Norethindrone,,revisar,A14AA09,Noretandrolona,0.786,"[{""codigo"":""A14AA09"",""nombre"":""Noretandrolona"",""score"":0.786},{""codigo"":""G03AC01"",""nombre"":""Noretisterona"",""score"":0.769},{""codigo"":""G03DC02"",""nombre"":""Noretisterona"",""score"":0.769}]"
2551,Novaminsulfona,,,sin_candidato,,,,[]
2552,Novocaina,,,sin_candidato,,,,[]
2553,Nuez Moscada,Rosa Moschata Oil,,sin_candidato,,,,[]
2554,O-acetoxibenzoico,Padimate-o,,sin_candidato,,,,[]
2556,Occitocina,,,revisar,H01BB02,Oxitocina,0.8,"[{""codigo"":""H01BB02"",""nombre"":""Oxitocina"",""score"":0.8}]"
2559,Octafluoropropano,Perflutren,,sin_candidato,,,,[]
2568,O-hidroxibenzamida,Padimate-o,,sin_candidato,,,,[]
2571,Olea Europea,Olea Europaea Leaf Extract,,sin_candidato,,,,[]
2572,Olezarsen,Olezarsen,,sin_candidato,,,,[]
2590,Opuntia Ficus Indica,Opuntia Ficus-indica Extract,,sin_candidato,,,,[]
2591,Oregano,Oregano Allergenic Extract,,sin_candidato,,,,[]
2592,Oregano Tintura,,,sin_candidato,,,,[]
2593,Origanum,Origanum Oil,,sin_candidato,,,,[]
2594,Origanum Majorana,Origanum Majorana Extract,,sin_candidato,,,,[]
2595,Origanum Vulgare,,,sin_candidato,,,,[]
2600,Ornitina Hidrocloruro,Ornithine,,sin_candidato,,,,[]
2601,Orthosiphon Stamineus  Benth  Hoja,Clerodendranthus Spicatus Leaf Extract,,sin_candidato,,,,[]
2607,Oteracilo,,,sin_candidato,,,,[]
2608,Oteracilo Potasico,,,sin_candidato,,,,[]
2611,Oxibato Sodio,Ganciclovir Sodium,,sin_candidato,,,,[]
2612,Oxibico Acido,Iocetamic Acid,,revisar,J01MB05,Acido oxolinico,0.833,"[{""codigo"":""J01MB05"",""nombre"":""Acido oxolinico"",""score"":0.833},{""codigo"":""V08AA06"",""nombre"":""Acido ioglicico"",""score"":0.778},{""codigo"":""V08AB03"",""nombre"":""Acido ioxaglico"",""score"":0.778}]"
2620,Oxidronato Sodio,Oxidronate,,revisar,A02AH91,Sodio bicarbonato,0.773,"[{""codigo"":""A02AH91"",""nombre"":""Sodio bicarbonato"",""score"":0.773}]"
2621,Oxidronico Acido,Oxidronic Acid,,revisar,M05BA01,Acido etidronico,0.9,"[{""codigo"":""M05BA01"",""nombre"":""Acido etidronico"",""score"":0.9},{""codigo"":""M05BA03"",""nombre"":""Acido pamidronico"",""score"":0.864},{""codigo"":""M05BA08"",""nombre"":""Acido zoledronico"",""score"":0.864}]"
2625,Oxipolietoxidodecano,,,sin_candidato,,,,[]
2629,Oxoprolina,,,revisar,M01AE12,Oxaprozina,0.8,"[{""codigo"":""M01AE12"",""nombre"":""Oxaprozina"",""score"":0.8}]"
2630,Oxpentilfilina,,,revisar,C04AD01,Pentifilina,0.786,"[{""codigo"":""C04AD01"",""nombre"":""Pentifilina"",""score"":0.786}]"
2644,Pamidronico Acido,Pamidronic Acid,,auto,M05BA03,Acido pamidronico,1,"[{""codigo"":""M05BA03"",""nombre"":""Acido pamidronico"",""score"":1},{""codigo"":""M05BA01"",""nombre"":""Acido etidronico"",""score"":0.864},{""codigo"":""M05BA02"",""nombre"":""Acido clodronico"",""score"":0.818}]"
2645,P-amino Benzoato De 2-(dietilamino)etilo,Procainamide,,sin_candidato,,,,[]
2646,P-aminobencensulfonamida,,,sin_candidato,,,,[]
2647,P-aminobenzoato De Etilo,Ethyl Loflazepate,,sin_candidato,,,,[]
2649,Panax Ginseng,Korean Ginseng Preparation,,sin_candidato,,,,[]
2650,Pancreatina,Pancreatin,,sin_candidato,,,,[]
2651,Pancrin,,,sin_candidato,,,,[]
2652,P-anilinsulfonamida,,,sin_candidato,,,,[]
2659,Pantotenato Calcio,Calcium,,sin_candidato,,,,[]
2660,Pantotenato Sodio,Ganciclovir Sodium,,sin_candidato,,,,[]
2661,Pantotenico Acido,Pantothenic Acid,,revisar,D11AX02,Acido gamolenico,0.818,"[{""codigo"":""D11AX02"",""nombre"":""Acido gamolenico"",""score"":0.818},{""codigo"":""V08CA02"",""nombre"":""Acido gadoterico"",""score"":0.818},{""codigo"":""V08CA08"",""nombre"":""Acido gadobenico"",""score"":0.818}]"
2662,Pantotenol,Panthenol,,sin_candidato,,,,[]
2665,Parafenilendiamina,4-phenylenediamine,,sin_candidato,,,,[]
2666,Parafenilendiamina Difenil,4-phenylenediamine,,sin_candidato,,,,[]
2667,Parafenilendiamina Isopropilfenil,4-phenylenediamine,,sin_candidato,,,,[]
2670,Parathormona,Parathyroid Hormone,,sin_candidato,,,,[]
2675,Parotina,,,revisar,N06AB05,Paroxetina,0.8,"[{""codigo"":""N06AB05"",""nombre"":""Paroxetina"",""score"":0.8}]"
2680,Parpona,,,sin_candidato,,,,[]
2681,Partenolida,Parthenolide,,sin_candidato,,,,[]
2684,Passiflora Incarnata,Passiflora Incarnata Flowering Top Extract,,sin_candidato,,,,[]
2685,Passiflora Incarnata Exto Seco,Passiflora Incarnata Flowering Top Extract,,sin_candidato,,,,[]
2686,Passiflora Incarnata Parte Aerea Extracto Seco,Passiflora Incarnata Flowering Top Extract,,sin_candidato,,,,[]
2687,Passiflora Incarnata Sumidad,Passiflora Incarnata Flowering Top Extract,,sin_candidato,,,,[]
2688,Passiflora Incarnata Tintura Madre,Passiflora Incarnata Flowering Top Extract,,sin_candidato,,,,[]
2690,Patiromer Sorbitex Calcio,Patiromer Sorbitex Calcium,,sin_candidato,,,,[]
2691,Patiromero Calcio,Patiromer,,auto,V03AE09,Patiromero calcico,0.929,"[{""codigo"":""V03AE09"",""nombre"":""Patiromero calcico"",""score"":0.929}]"
2704,Pegvisomant,Pegvisomant,,auto,H01AX01,Pegvisomat,0.909,"[{""codigo"":""H01AX01"",""nombre"":""Pegvisomat"",""score"":0.909}]"
2706,Pelargonium Sidoides,,,sin_candidato,,,,[]
2707,Pelargonium Sidoides Extracto Liquido De Raiz,,,sin_candidato,,,,[]
2708,Pelargonium Sidoides Extracto Seco Raiz,,,sin_candidato,,,,[]
2716,Penicilina G,Penicillin G,,sin_candidato,,,,[]
2717,Penicilina V,Penicillin V,,sin_candidato,,,,[]
2718,Penicilina-benetamina,,,revisar,J01CE09,Penicilina procaina,0.75,"[{""codigo"":""J01CE09"",""nombre"":""Penicilina procaina"",""score"":0.75}]"
2721,Pentamidina Isetionato,Pentamidine,,sin_candidato,,,,[]
2722,Pentetato Calcio Trisodio,Pentetate Zinc Trisodium,,sin_candidato,,,,[]
2723,Pentetico Acido,Iocetamic Acid,,revisar,V08CA01,Acido gadopentetico,0.846,"[{""codigo"":""V08CA01"",""nombre"":""Acido gadopentetico"",""score"":0.846},{""codigo"":""B05CA06"",""nombre"":""Acido mandelico"",""score"":0.778},{""codigo"":""G01AD02"",""nombre"":""Acido acetico"",""score"":0.778}]"
2725,Pentosan Polisulfato Acido,Pentosan Polysulfate,,sin_candidato,,,,[]
2726,Pentosano Polisulfato Sodio,Pentosan Polysulfate,,sin_candidato,,,,[]
2734,Perbinafina,Terbinafine,,revisar,D01AE15,Terbinafina,0.909,"[{""codigo"":""D01AE15"",""nombre"":""Terbinafina"",""score"":0.909},{""codigo"":""D01BA02"",""nombre"":""Terbinafina"",""score"":0.909}]"
2744,Pertecnetato 99mtc  Sodio,Sodium Bicarbonate,,sin_candidato,,,,[]
2745,"Pertecnetato (99mtc) De Sodio Obtenido Por Fision, Disolucion Inyectable De",Sodium Ironedetate,,sin_candidato,,,,[]
2749,Petrolato,Petrolatum,,sin_candidato,,,,[]
2750,Peumus Boldus  M. Extracto Seco,Peumus Boldus Leaf Extract,,sin_candidato,,,,[]
2751,Peumus Boldus M. Hoja,Peumus Boldus Leaf Extract,,sin_candidato,,,,[]
2752,Pez Griega,,,sin_candidato,,,,[]
2754,P-hidroxibenzoato De Butilo,4-hydroxybenzoic Acid,,sin_candidato,,,,[]
2756,P-hidroxibenzoato De Metilo,Methyl 5-aminolevulinate,,sin_candidato,,,,[]
2757,P-hidroxibenzoato De Propilo,4-hydroxybenzoic Acid,,sin_candidato,,,,[]
2758,Phleum Pratense Extracto De Polen,Timothy Grass Pollen Extract,,sin_candidato,,,,[]
2760,Picosulfato Sodio,Ganciclovir Sodium,,sin_candidato,,,,[]
2761,Picosulfurico Acido,Picosulfuric Acid,,sin_candidato,,,,[]
2762,Pidolato Calcio,Calcium,,auto,A12AA91,Calcio pidolato,1,"[{""codigo"":""A12AA91"",""nombre"":""Calcio pidolato"",""score"":1}]"
2764,Pidolato Magnesio,Magnesium,,sin_candidato,,,,[]
2765,Pidolico Acido,Iocetamic Acid,,revisar,M05BA03,Acido pamidronico,0.818,"[{""codigo"":""M05BA03"",""nombre"":""Acido pamidronico"",""score"":0.818},{""codigo"":""A05AA03"",""nombre"":""Acido colico"",""score"":0.813},{""codigo"":""B03BB01"",""nombre"":""Acido folico"",""score"":0.813}]"
2770,Pimpinella Anisum,Pimpinella Anisum Extract,,sin_candidato,,,,[]
2771,Pimpinella Anisum Frutos,Pimpinella Anisum Extract,,sin_candidato,,,,[]
2780,Piperaquina Tetrafosfato Tetrahidrato,,,sin_candidato,,,,[]
2782,Piranisamina,Pyrilamine,,revisar,C01DX02,Prenilamina,0.75,"[{""codigo"":""C01DX02"",""nombre"":""Prenilamina"",""score"":0.75},{""codigo"":""J04AK01"",""nombre"":""Pirazinamida"",""score"":0.75}]"
2790,Piridoxina Alfa-cetoglutarato,Alglucosidase Alfa,,sin_candidato,,,,[]
2791,Piridoxina Hidrocloruro,Pyridoxine,,sin_candidato,,,,[]
2792,Pirilamina,Pyrilamine,,revisar,M01CC01,Penicilamina,0.75,"[{""codigo"":""M01CC01"",""nombre"":""Penicilamina"",""score"":0.75},{""codigo"":""P01BD01"",""nombre"":""Pirimetamina"",""score"":0.75}]"
2797,Piritiona Zincica,,,auto,D11AX12,Piritiona cincica,0.929,"[{""codigo"":""D11AX12"",""nombre"":""Piritiona cincica"",""score"":0.929}]"
2799,Pistocaina,,,sin_candidato,,,,[]
2808,Pizotilina,Pizotyline,,sin_candidato,,,,[]
2809,Plantago Lanceolata L.,English Plantain Pollen Extract,,sin_candidato,,,,[]
2810,Plantago Lanceolata L. Extracto Liquido Hojas,English Plantain Pollen Extract,,sin_candidato,,,,[]
2811,Plantago Lanceolata L. Extracto Seco,English Plantain Pollen Extract,,sin_candidato,,,,[]
2812,Plantago Ovata Forskk.,Plantago Ovata Seed Extract,,sin_candidato,,,,[]
2814,Plantago Ovata Forskk. Semilla,Plantago Ovata Seed Extract,,sin_candidato,,,,[]
2815,Plantago Ovata Forskk. Semilla Cuticula,Plantago Ovata Seed Extract,,sin_candidato,,,,[]
2816,Plantago Psyllium  L,Psyllium,,sin_candidato,,,,[]
2817,Plasminogeno Activador Tisular,Plasminogen,,sin_candidato,,,,[]
2821,Plozasiran,Plozasiran,,sin_candidato,,,,[]
2824,Polen Graminea Extracto Alergenico,,,sin_candidato,,,,[]
2825,Polidimetilsiloxano,,,sin_candidato,,,,[]
2827,Poliestirenosulfonato,,,sin_candidato,,,,[]
2828,Poliestirenosulfonato Calcio,Calcium,,sin_candidato,,,,[]
2829,Poliestirenosulfonato Sodio,Ganciclovir Sodium,,sin_candidato,,,,[]
2831,Polimaltosa Hierro,Iron,,revisar,B03AC92,Hierro carboximaltosa,0.821,"[{""codigo"":""B03AC92"",""nombre"":""Hierro carboximaltosa"",""score"":0.821}]"
2834,Poliovirus Inactivado Tipo 1 (mahoney) Producido En Celulas Vero,"Poliovirus Vaccine Inactivated, Type 1 (mahoney)",,sin_candidato,,,,[]
2835,Poliovirus Inactivado Tipo 2 (mef-1) Producido En Celulas Vero,"Poliovirus Vaccine Inactivated, Type 2 (mef-1)",,sin_candidato,,,,[]
2836,Poliovirus Inactivado Tipo 3  (saukett Producido En Celulas Vero,"Poliovirus Vaccine Inactivated, Type 3 (saukett)",,sin_candidato,,,,[]
2837,Polisacarido Capsular Haemophillus Influenzae Tipo B (prp),,,sin_candidato,,,,[]
2838,Polividona,Povidone,,sin_candidato,,,,[]
2839,Polivinil Pirrolidona,2-pyrrolidone,,sin_candidato,,,,[]
2840,Polixilano Sulfonico,,,sin_candidato,,,,[]
2841,Polypodium Leucotomos Extracto,Polypodium Leucotomos,,sin_candidato,,,,[]
2846,Potasio Bicarbonato,,,revisar,A12BA92,Potasio ascorbato,0.773,"[{""codigo"":""A12BA92"",""nombre"":""Potasio ascorbato"",""score"":0.773}]"
2847,Potasio Clorato,Potassium,,revisar,A12BA92,Potasio ascorbato,0.778,"[{""codigo"":""A12BA92"",""nombre"":""Potasio ascorbato"",""score"":0.778}]"
2848,Potasio Cloruro Anhidro,Potassium,,revisar,A12BA01,Cloruro de potasio,0.762,"[{""codigo"":""A12BA01"",""nombre"":""Cloruro de potasio"",""score"":0.762},{""codigo"":""B05XA01"",""nombre"":""Cloruro de potasio"",""score"":0.762}]"
2849,Potasio Dicromato,Dichromate Ion,,sin_candidato,,,,[]
2850,Potasio Dihidrogenofosfato,Potassium,,sin_candidato,,,,[]
2851,Potasio Fosfato,Potassium,,sin_candidato,,,,[]
2852,Potasio Hidrogenofosfato,Potassium,,sin_candidato,,,,[]
2855,Potasio Sulfoguayacolato,Potassium,,sin_candidato,,,,[]
2858,P-oxibenzoato De Metilo,Methyl 5-aminolevulinate,,sin_candidato,,,,[]
2859,"P,p-sulfodianilina",,,sin_candidato,,,,[]
2885,Primula,Primula Veris Extract,,sin_candidato,,,,[]
2894,Proconvertina,Factor Vii,,sin_candidato,,,,[]
2898,Prolina,Proline,,revisar,C05AD05,Procaina,0.75,"[{""codigo"":""C05AD05"",""nombre"":""Procaina"",""score"":0.75},{""codigo"":""N01BA02"",""nombre"":""Procaina"",""score"":0.75},{""codigo"":""N06BA05"",""nombre"":""Pemolina"",""score"":0.75}]"
2903,Propanocaina,Proparacaine,,revisar,A03AB05,Propantelina,0.75,"[{""codigo"":""A03AB05"",""nombre"":""Propantelina"",""score"":0.75},{""codigo"":""C05AD07"",""nombre"":""Pramocaina"",""score"":0.75},{""codigo"":""D04AB07"",""nombre"":""Pramocaina"",""score"":0.75}]"
2904,Propanocaina Hidrocloruro,Proparacaine,,sin_candidato,,,,[]
2906,Propanotriol,"1,2,3-propanetriol, 2-(4-aminobenzoate)",,sin_candidato,,,,[]
2909,Propilparaben,Propylparaben,,sin_candidato,,,,[]
2914,Prostaglandina E2,Dinoprostone,,sin_candidato,,,,[]
2922,Proteina De La Espicula Del Sars-cov-2 (omicron Jn.1),,,sin_candidato,,,,[]
2924,Proteina Plasmatica Humana,"Alpha 1-proteinase Inhibitor, Human Injection [glassia]",,revisar,B01AX91,Proteina C humana,0.767,"[{""codigo"":""B01AX91"",""nombre"":""Proteina C humana"",""score"":0.767}]"
2925,Proteina Recombinante De Fusion Fhbp De Neisseria Meningitidis Del Grupo B,Neisseria Meningitidis Serogroup B Recombinant Fhbp Fusion Protein Antigen,,sin_candidato,,,,[]
2926,Proteina Recombinante De Fusion Nhba De Neisseria Meningitidis Del Grupo B,Neisseria Meningitidis Serogroup B Recombinant Nhba Fusion Protein Antigen,,sin_candidato,,,,[]
2927,Proteina Recombinante Nada De Neisseria Meningitidis Del Grupo B,Neisseria Meningitidis Serogroup B Recombinant Nada Fusion Protein Antigen,,sin_candidato,,,,[]
2928,Proteina S,Protein S,,sin_candidato,,,,[]
2930,Proteinas Plasmaticas,,,sin_candidato,,,,[]
2931,Proteinsuccinilato Hierro,Iron,,sin_candidato,,,,[]
2936,Prunus Africana Exto,,,sin_candidato,,,,[]
2937,Prunus Amygdalus,Almond Oil,,sin_candidato,,,,[]
2941,Pseudomonico Acido,Pseudomonas Aeruginosa,,revisar,M05BA03,Acido pamidronico,0.792,"[{""codigo"":""M05BA03"",""nombre"":""Acido pamidronico"",""score"":0.792},{""codigo"":""M05BA04"",""nombre"":""Acido alendronico"",""score"":0.792},{""codigo"":""M05BA05"",""nombre"":""Acido tiludronico"",""score"":0.792}]"
2943,P-sulfamido Anilina,,,sin_candidato,,,,[]
2945,Quaternium-15,Quaternium-15,,sin_candidato,,,,[]
2947,Quenodesoxicolico Acido,Iocetamic Acid,,revisar,A05AA01,Acido quenodesoxicolico,1,"[{""codigo"":""A05AA01"",""nombre"":""Acido quenodesoxicolico"",""score"":1},{""codigo"":""A05AA02"",""nombre"":""Acido ursodesoxicolico"",""score"":0.912},{""codigo"":""D11AX24"",""nombre"":""Acido desoxicolico"",""score"":0.853}]"
2960,Radamts13,"Adamts13, Recombinant",,sin_candidato,,,,[]
2974,Rapamicina,Sirolimus,,revisar,A01AB10,Natamicina,0.8,"[{""codigo"":""A01AB10"",""nombre"":""Natamicina"",""score"":0.8},{""codigo"":""A07AA03"",""nombre"":""Natamicina"",""score"":0.8},{""codigo"":""A07AA08"",""nombre"":""Kanamicina"",""score"":0.8}]"
2981,Raxtozinameran,"Sars-cov-2 (covid-19) Vaccine, Mrna-bnt162b2 Omicron (xbb.1.5)",,sin_candidato,,,,[]
2983,Rdesat-6,,,sin_candidato,,,,[]
2987,Regaliz,Consolida Regalis Flower Extract,,sin_candidato,,,,[]
2992,Relebactam Monohidrato,Relebactam Monohydrate,,sin_candidato,,,,[]
2999,Resina Epoxi,,,sin_candidato,,,,[]
3001,Resorcina,Resorcinol,,revisar,D10AX02,Resorcinol,0.8,"[{""codigo"":""D10AX02"",""nombre"":""Resorcinol"",""score"":0.8},{""codigo"":""S01AX06"",""nombre"":""Resorcinol"",""score"":0.8},{""codigo"":""C02AA02"",""nombre"":""Reserpina"",""score"":0.778}]"
3002,Resorcinftaleina,,,sin_candidato,,,,[]
3005,Retinoico (trans) Acido,Iocetamic Acid,,sin_candidato,,,,[]
3009,"Rezafungina, Acetato De",Sodium Acetate,,auto,J02AX08,Acetato de rezafungina,1,"[{""codigo"":""J02AX08"",""nombre"":""Acetato de rezafungina"",""score"":1},{""codigo"":""A16AX05"",""nombre"":""Acetato de zinc"",""score"":0.758}]"
3010,Rh Dnasa,,,sin_candidato,,,,[]
3011,Rhamnus  Frangula L. Corteza,,,sin_candidato,,,,[]
3012,Rhamnus Frangula L. Extracto Seco,,,sin_candidato,,,,[]
3013,Rhamnus Frangula L. Polvo,,,sin_candidato,,,,[]
3014,Rhamnus Purshiana Dc. Corteza,Frangula Purshiana Bark Extract,,sin_candidato,,,,[]
3015,Rhamnus Purshiana Dc. Extracto Seco,Frangula Purshiana Bark Extract,,sin_candidato,,,,[]
3016,Rhodiola Rosea,Sedum Roseum Root Extract,,sin_candidato,,,,[]
3017,Rhodiola Rosea Raiz Extracto Seco,Sedum Roseum Root Extract,,sin_candidato,,,,[]
3020,Riboflavina Fosfato Sodio,Riboflavin,,sin_candidato,,,,[]
3021,Riboneurina,,,sin_candidato,,,,[]
3030,Riltozinameran,,,sin_candidato,,,,[]
3037,Risedronato Sodio,Ganciclovir Sodium,,revisar,A02AH91,Sodio bicarbonato,0.773,"[{""codigo"":""A02AH91"",""nombre"":""Sodio bicarbonato"",""score"":0.773}]"
3038,Risedronato Sodio Hemipentahidrato,Ganciclovir Sodium,,sin_candidato,,,,[]
3039,Risedronico Acido,Risedronic Acid,,auto,M05BA07,Acido risedronico,1,"[{""codigo"":""M05BA07"",""nombre"":""Acido risedronico"",""score"":1},{""codigo"":""M05BA05"",""nombre"":""Acido tiludronico"",""score"":0.864},{""codigo"":""M05BA08"",""nombre"":""Acido zoledronico"",""score"":0.864}]"
3059,Rosmarinus Officinalis,Rosmarinus Officinalis Preparation,,sin_candidato,,,,[]
3063,Rotavirus Humano,,,sin_candidato,,,,[]
3064,Rotavirus Humano Serotipo G1,,,sin_candidato,,,,[]
3065,Rotavirus Humano Serotipo G2,,,sin_candidato,,,,[]
3066,Rotavirus Humano Serotipo G3,,,sin_candidato,,,,[]
3067,Rotavirus Humano Serotipo G4,,,sin_candidato,,,,[]
3068,Rotavirus Humano Serotipo P1,,,sin_candidato,,,,[]
3073,Rt-pa,Alteplase,,sin_candidato,,,,[]
3075,Rubus Idaeus L.,Rubus Idaeus Leaf Extract,,sin_candidato,,,,[]
3081,Rurioctocog Alfa Pegol,,,sin_candidato,,,,[]
3084,Ruscus Aculeatus Exto,Ruscus Aculeatus Root Extract,,sin_candidato,,,,[]
3088,Sabal Serrulata,Saw Palmetto Extract,,sin_candidato,,,,[]
3089,Sabal Serrulata Exto Blando,Saw Palmetto Extract,,sin_candidato,,,,[]
3090,Sabal Serrulata Exto Seco,Saw Palmetto Extract,,sin_candidato,,,,[]
3091,Sacarato Calcio Tetrahidrato,Calcium Saccharate,,sin_candidato,,,,[]
3092,Sacarato Hierro,Iron,,revisar,B03AA91,Hierro lactato,0.813,"[{""codigo"":""B03AA91"",""nombre"":""Hierro lactato"",""score"":0.813},{""codigo"":""B03AC93"",""nombre"":""Hierro sacarosa"",""score"":0.813},{""codigo"":""B03AA92"",""nombre"":""Hierro polisacarido"",""score"":0.75}]"
3097,Sacubitrilo Sodio,Sacubitril,,sin_candidato,,,,[]
3098,Sacubitrilo Trometamina,Sacubitril,,sin_candidato,,,,[]
3102,"Sal Tetrasodica Ac 33 Difosfono-1,2 Propdicarbox",Salicylic Acid 120 Mg/ml Topical Solution,,sin_candidato,,,,[]
3103,Salazopirina,,,sin_candidato,,,,[]
3108,Salicilato Dietilamina,,,sin_candidato,,,,[]
3109,Salicilato Metilo,Methyl 5-aminolevulinate,,sin_candidato,,,,[]
3110,Salicil-azo-sulfanilamidopiridina,,,sin_candidato,,,,[]
3115,"Salmonella Typhi Cepa Ty-21a,germenes Vivos",,,sin_candidato,,,,[]
3116,Salmonella Typhi Polisacarido Capsular Vi,,,sin_candidato,,,,[]
3117,Salvia,Salvia Miltiorrhiza Root Extract,,sin_candidato,,,,[]
3118,Salvia Officinalis,Sage Leaf Allergenic Extract,,sin_candidato,,,,[]
3126,Sauzgatillo,,,sin_candidato,,,,[]
3129,S-carboximetilcisteina,,,sin_candidato,,,,[]
3137,Selenito Sodio Anhidro,Selenite,,revisar,A12CE02,Selenito de sodio,0.762,"[{""codigo"":""A12CE02"",""nombre"":""Selenito de sodio"",""score"":0.762}]"
3138,Selenito Sodio Pentahidrato,Selenite,,revisar,A12CE02,Selenito de sodio,0.778,"[{""codigo"":""A12CE02"",""nombre"":""Selenito de sodio"",""score"":0.778}]"
3142,Selvacovateina,,,sin_candidato,,,,[]
3144,Senosidos A-b,"Sennosides, Usp",,sin_candidato,,,,[]
3145,Senosidos A-b Calcicos,"Sennosides, Usp",,sin_candidato,,,,[]
3148,Serenoa Repens Extracto Lipido Esterolico,Serenoa Repens Whole Extract,,sin_candidato,,,,[]
3149,Serenoa Repens Tintura Madre,Serenoa Repens Whole Extract,,sin_candidato,,,,[]
3150,Serenoa Serrulata,Saw Palmetto Fruit Extract,,sin_candidato,,,,[]
3163,Sideritis Angustifolia,Echinacea Angustifolia Extract,,sin_candidato,,,,[]
3164,Sideritis Angustifolia Sumidad Florida,Palo Verde Pollen Extract,,sin_candidato,,,,[]
3167,Silibina,Silybin,,revisar,N02AX01,Tilidina,0.75,"[{""codigo"":""N02AX01"",""nombre"":""Tilidina"",""score"":0.75}]"
3168,Silibinina,,,sin_candidato,,,,[]
3169,Silibinina Succinato Sodio,,,sin_candidato,,,,[]
3171,Silicona Antiespumante,,,sin_candidato,,,,[]
3172,Silicona Antiespumante Activada,,,sin_candidato,,,,[]
3176,Silybum Marianum L.,Milk Thistle Extract,,sin_candidato,,,,[]
3177,"Silybum Marianum L. ,  Flavolignanos",Milk Thistle Extract,,sin_candidato,,,,[]
3178,Silybum Marianum L. Extracto Seco,Milk Thistle Extract,,sin_candidato,,,,[]
3179,Simeticona,Simethicone,,revisar,P03AX05,Dimeticona,0.9,"[{""codigo"":""P03AX05"",""nombre"":""Dimeticona"",""score"":0.9}]"
3180,Simoctocog Alfa,Simoctocog Alfa,,revisar,B02BD14,Susoctocog alfa,0.9,"[{""codigo"":""B02BD14"",""nombre"":""Susoctocog alfa"",""score"":0.9}]"
3191,S-lactato Sodio,,,sin_candidato,,,,[]
3192,S-lactico Acido,Lactic Acid,,sin_candidato,,,,[]
3194,Sodio Carbonato,Ganciclovir Sodium,,revisar,A02AH91,Sodio bicarbonato,0.909,"[{""codigo"":""A02AH91"",""nombre"":""Sodio bicarbonato"",""score"":0.909}]"
3195,Sodio Carbonato Anhidro,Ganciclovir Sodium,,sin_candidato,,,,[]
3196,Sodio Cromoglicato,Ganciclovir Sodium,,sin_candidato,,,,[]
3197,Sodio Dihidrogenofosfato,Ganciclovir Sodium,,sin_candidato,,,,[]
3198,Sodio Fosfato,Ganciclovir Sodium,,sin_candidato,,,,[]
3199,Sodio Hidrogeno Carbonato,Ganciclovir Sodium,,sin_candidato,,,,[]
3200,Sodio Hidrogenofosfato,Ganciclovir Sodium,,sin_candidato,,,,[]
3201,Sodio Molibdato,Ganciclovir Sodium,,sin_candidato,,,,[]
3202,Sodio Perborato,Ganciclovir Sodium,,revisar,A02AH91,Sodio bicarbonato,0.773,"[{""codigo"":""A02AH91"",""nombre"":""Sodio bicarbonato"",""score"":0.773}]"
3203,Sodio Pirofosfato,Ganciclovir Sodium,,sin_candidato,,,,[]
3204,Sodio Sulfato,Ganciclovir Sodium,,sin_candidato,,,,[]
3205,Sodio Sulfato Anhidro,Ganciclovir Sodium,,revisar,A06AD13,Sulfato de sodio,0.762,"[{""codigo"":""A06AD13"",""nombre"":""Sulfato de sodio"",""score"":0.762},{""codigo"":""A12CA02"",""nombre"":""Sulfato de sodio"",""score"":0.762}]"
3208,Solidago Gigantea,,,sin_candidato,,,,[]
3209,Solidago Gigantea Extracto Seco,,,sin_candidato,,,,[]
3219,Somatotropina,Somatropin,,revisar,H01AC01,Somatropina,0.846,"[{""codigo"":""H01AC01"",""nombre"":""Somatropina"",""score"":0.846},{""codigo"":""S01FA05"",""nombre"":""Homatropina"",""score"":0.769},{""codigo"":""V04CD05"",""nombre"":""Somatorelina"",""score"":0.769}]"
3223,Somatulina,Somatuline,,revisar,V04CD05,Somatorelina,0.75,"[{""codigo"":""V04CD05"",""nombre"":""Somatorelina"",""score"":0.75}]"
3231,Spergularia Rubra,,,sin_candidato,,,,[]
3232,Spergularia Rubra Parte Aerea,"Echinacea, Aerial Parts",,sin_candidato,,,,[]
3233,Succinilcolina,Succinylcholine,,sin_candidato,,,,[]
3234,Succinildicolina,Succinylcholine,,sin_candidato,,,,[]
3247,Sulfametiltiadiazol,Sulfamethizole,,sin_candidato,,,,[]
3252,Sulfanilamidodiazina,Sulfathiazole,,sin_candidato,,,,[]
3253,Sulfapirimidina,Sulfadiazine,,revisar,J01EB04,Sulfapiridina,0.867,"[{""codigo"":""J01EB04"",""nombre"":""Sulfapiridina"",""score"":0.867},{""codigo"":""J01EB03"",""nombre"":""Sulfadimidina"",""score"":0.8}]"
3255,Sulfazina,,,revisar,J01EC02,Sulfadiazina,0.75,"[{""codigo"":""J01EC02"",""nombre"":""Sulfadiazina"",""score"":0.75}]"
3256,Sulfobituminato Amonico,,,sin_candidato,,,,[]
3257,Sulfoguayacol,Potassium Guaiacolsulfonate,,sin_candidato,,,,[]
3258,Sulfoguayacolato Potasio,Potassium,,sin_candidato,,,,[]
3270,Suxametonio Cloruro Dihidrato,Calcium Chloride,,sin_candidato,,,,[]
3285,Talco,Talc,,sin_candidato,,,,[]
3289,Talio 201 Cloruro,Calcium Chloride,,sin_candidato,,,,[]
3295,Tanico Acido,Tannic Acid,,revisar,C03CC01,Acido etacrinico,0.8,"[{""codigo"":""C03CC01"",""nombre"":""Acido etacrinico"",""score"":0.8},{""codigo"":""G01AD01"",""nombre"":""Acido lactico"",""score"":0.786},{""codigo"":""B05CA06"",""nombre"":""Acido mandelico"",""score"":0.778}]"
3301,Taraxaco,Dandelion Extract,,sin_candidato,,,,[]
3302,Taraxacum Officinale F.h. Wigg,Dandelion Extract,,sin_candidato,,,,[]
3303,Taraxacum Officinale F.h. Wigg Extracto Seco,Taraxacum Officinale Leaf Extract,,sin_candidato,,,,[]
3304,Tardoak,,,sin_candidato,,,,[]
3306,Tartarico Acido,Tartaric Acid,,revisar,V08CA02,Acido gadoterico,0.8,"[{""codigo"":""V08CA02"",""nombre"":""Acido gadoterico"",""score"":0.8},{""codigo"":""A09AB04"",""nombre"":""Acido citrico"",""score"":0.778},{""codigo"":""D05AX01"",""nombre"":""Acido fumarico"",""score"":0.778}]"
3309,Taurocolico Acido,Iocetamic Acid,,revisar,A05AA06,Acido norucolico,0.818,"[{""codigo"":""A05AA06"",""nombre"":""Acido norucolico"",""score"":0.818},{""codigo"":""M01AE11"",""nombre"":""Acido tiaprofenico"",""score"":0.792},{""codigo"":""A05AA03"",""nombre"":""Acido colico"",""score"":0.773}]"
3316,Tecnecio 99 Mtc Tilmanocept,,,revisar,V09IA09,Tecnecio (99m Tc) tilmanocept,0.833,"[{""codigo"":""V09IA09"",""nombre"":""Tecnecio (99m Tc) tilmanocept"",""score"":0.833}]"
3320,"Tegomil, Fumarato De",,,auto,L04AX10,Fumarato de tegomil,1,"[{""codigo"":""L04AX10"",""nombre"":""Fumarato de tegomil"",""score"":1},{""codigo"":""L04AX11"",""nombre"":""Fumarato de monometilo"",""score"":0.8},{""codigo"":""L04AX09"",""nombre"":""Fumarato de diroximel"",""score"":0.778}]"
3339,Tensioactivo Pulmonar Porcino,,,revisar,R07AA92,Surfactante pulmonar porcino,0.778,"[{""codigo"":""R07AA92"",""nombre"":""Surfactante pulmonar porcino"",""score"":0.778}]"
3367,Tetradecil Sulfato Sodio,Ganciclovir Sodium,,sin_candidato,,,,[]
3368,Tetrahidrozolina,Tetrahydrozoline,,sin_candidato,,,,[]
3369,"[tetrakis (2-metoxi-2-metilpropil-1-isocianuro) Cobre (i)], Tetrafluoroborato De",Tetrakis(1-isocyano-2-methoxy-2-methyl-propane)-copper(i) Tetrafluoroborate,,sin_candidato,,,,[]
3370,Tetrametiltiuramo Monosulfuro,Monosulfiram,,sin_candidato,,,,[]
3371,Tetrametiluramo Disulfuro,Sodium Metabisulfite,,sin_candidato,,,,[]
3375,Tetrofosmina (bis)tetrafluoroborato,,,sin_candidato,,,,[]
3379,Thermobacterium Bulgaricus,Lactobacillus Delbrueckii Subsp. Bulgaricus,,sin_candidato,,,,[]
3380,Thymus Vulgaris,Thyme Oil,,sin_candidato,,,,[]
3381,Tiadipona,Tiadilon,,sin_candidato,,,,[]
3385,Tiamina Hidrocloruro,Thiamine,,sin_candidato,,,,[]
3386,Tiamina Nitrato,Thiamine,,sin_candidato,,,,[]
3387,Tiamina Pirofosfato,Thiamine,,sin_candidato,,,,[]
3397,Tila; Flor Tilo,,,sin_candidato,,,,[]
3399,"Tilia Cordata Miller, Tilia Platyphyllos Scop., Tilia X Vulgaris Heyne, Flor",Linden Pollen Extract,,sin_candidato,,,,[]
3400,"Tilia Tomentosa Moench, Flor",Tilia Tomentosa Whole Extract,,sin_candidato,,,,[]
3401,Timerosal,Thimerosal,,revisar,D08AK06,Tiomersal,0.778,"[{""codigo"":""D08AK06"",""nombre"":""Tiomersal"",""score"":0.778}]"
3402,Timico Acido,Iocetamic Acid,,revisar,A16AX01,Acido tioctico,0.813,"[{""codigo"":""A16AX01"",""nombre"":""Acido tioctico"",""score"":0.813},{""codigo"":""A09AB04"",""nombre"":""Acido citrico"",""score"":0.786},{""codigo"":""C03CC02"",""nombre"":""Acido tienilico"",""score"":0.778}]"
3408,Tioctico Acido,Thioctic Acid,,auto,A16AX01,Acido tioctico,1,"[{""codigo"":""A16AX01"",""nombre"":""Acido tioctico"",""score"":1},{""codigo"":""G01AD01"",""nombre"":""Acido lactico"",""score"":0.813},{""codigo"":""V08AC07"",""nombre"":""Acido iocetamico"",""score"":0.8}]"
3418,Tipiracilo,Tipiracil,,sin_candidato,,,,[]
3434,Titanio,Titanium,,sin_candidato,,,,[]
3435,Titanio Oxido,Titanium Dioxide,,sin_candidato,,,,[]
3446,Todo-alfa-tocoferol,Alglucosidase Alfa,,sin_candidato,,,,[]
3448,Todo-rac-alfa-tocoferilo Acetato De,Sodium Acetate,,sin_candidato,,,,[]
3449,Todo-rac-alfa-tocoferol,Dl-alpha Tocopheryl Acetate,,sin_candidato,,,,[]
3457,Tomillo Extracto Liquido,,,sin_candidato,,,,[]
3458,Tomillo Extracto Seco,Onion Extract,,sin_candidato,,,,[]
3466,Toxina Botulinica Tipo A,Botulinum Toxin Type A,,sin_candidato,,,,[]
3467,Toxina Botulinica Tipo B,Botulinum Toxin Type B,,sin_candidato,,,,[]
3468,Toxina Colera Recombinante Subunidad B,Botulinum Toxin Type B,,sin_candidato,,,,[]
3470,Tozinameran,"Sars-cov-2 (covid-19) Vaccine, Mrna-bnt162b2",,sin_candidato,,,,[]
3480,Tranexamico Acido,Tranexamic Acid,,auto,B02AA02,Acido tranexamico,1,"[{""codigo"":""B02AA02"",""nombre"":""Acido tranexamico"",""score"":1},{""codigo"":""D03AX92"",""nombre"":""Acexamico acido"",""score"":0.864},{""codigo"":""M01AG02"",""nombre"":""Acido tolfenamico"",""score"":0.818}]"
3490,Trementina Birectificada,,,sin_candidato,,,,[]
3491,Trementina Cedro,Cedrol,,sin_candidato,,,,[]
3492,Trementina De Venecia,,,sin_candidato,,,,[]
3493,Treonina,Threonine,,sin_candidato,,,,[]
3502,Triclorometildimetilcarbinol,,,sin_candidato,,,,[]
3510,Trigliceridos Cadena Media,Stellaria Media Extract,,sin_candidato,,,,[]
3512,Trihidroxietilrutina,,,sin_candidato,,,,[]
3513,Triiodotironina,Liothyronine,,sin_candidato,,,,[]
3516,Trimeprazina,Trimeprazine,,revisar,N06AA06,Trimipramina,0.833,"[{""codigo"":""N06AA06"",""nombre"":""Trimipramina"",""score"":0.833},{""codigo"":""N05BX91"",""nombre"":""Trimetozina"",""score"":0.75}]"
3522,Trinitrina,,,sin_candidato,,,,[]
3523,Trioxietilrutina,,,sin_candidato,,,,[]
3524,Trioxifenam,,,sin_candidato,,,,[]
3533,Trishidroximetilaminometano,,,sin_candidato,,,,[]
3538,Trometamina,Tromethamine,,revisar,D04AA10,Prometazina,0.818,"[{""codigo"":""D04AA10"",""nombre"":""Prometazina"",""score"":0.818},{""codigo"":""R06AD02"",""nombre"":""Prometazina"",""score"":0.818},{""codigo"":""D06BB02"",""nombre"":""Tromantadina"",""score"":0.75}]"
3545,Turoctocog Alfa,Turoctocog Alfa,,revisar,B02BD14,Susoctocog alfa,0.9,"[{""codigo"":""B02BD14"",""nombre"":""Susoctocog alfa"",""score"":0.9}]"
3546,Turoctocog Alfa Pegol,,,sin_candidato,,,,[]
3559,Ursodeoxicolico Acido,Ursodiol,,auto,A05AA02,Acido ursodesoxicolico,0.969,"[{""codigo"":""A05AA02"",""nombre"":""Acido ursodesoxicolico"",""score"":0.969},{""codigo"":""A05AA01"",""nombre"":""Acido quenodesoxicolico"",""score"":0.882},{""codigo"":""D11AX24"",""nombre"":""Acido desoxicolico"",""score"":0.833}]"
3560,Urtica Sp,Urtica Urens Extract,,sin_candidato,,,,[]
3561,Usnico Acido,Usnic Acid,,revisar,D06AX01,Acido fusidico,0.813,"[{""codigo"":""D06AX01"",""nombre"":""Acido fusidico"",""score"":0.813},{""codigo"":""D09AA02"",""nombre"":""Acido fusidico"",""score"":0.813},{""codigo"":""J01XC01"",""nombre"":""Acido fusidico"",""score"":0.813}]"
3563,Uva Ursi,Bearberry Preparation,,sin_candidato,,,,[]
3565,Vaccinium Macrocarpum,Vaccinium Macrocarpon Whole Extract,,sin_candidato,,,,[]
3566,Vacuna De Arnm Frente A Covid-19 (biontech/pfizer),"Sars-cov-2 (covid-19) Vaccine, Mrna-bnt162b2",,revisar,J07BN04,vacunas de subunidad proteica frente a COVID-19,0.757,"[{""codigo"":""J07BN04"",""nombre"":""vacunas de subunidad proteica frente a COVID-19"",""score"":0.757}]"
3567,Vacuna De Arnm Frente A Covid-19 (moderna),,,revisar,J07BN04,vacunas de subunidad proteica frente a COVID-19,0.821,"[{""codigo"":""J07BN04"",""nombre"":""vacunas de subunidad proteica frente a COVID-19"",""score"":0.821},{""codigo"":""J07BN03"",""nombre"":""vacunas de virus inactivado frente a COVID-19"",""score"":0.81},{""codigo"":""J07BN01"",""nombre"":""vacunas basadas en ARN frente a COVID-19"",""score"":0.757}]"
3568,Vacuna De Arnm Que Codifica La Proteina De La Espicula (s) Viral Del Sars-cov-2 (omicron Kp.2),"Sars-cov-2 (covid-19) Vaccine, Mrna-1273 Omicron (kp.2)",,sin_candidato,,,,[]
3569,Vacuna De Arnm Que Codifica La Proteina De La Espicula (s) Viral Del Sars-cov-2 (omicron Lp.8.1),"Sars-cov-2 (covid-19) Vaccine, Mrna-1273 Omicron (lp.8.1)",,sin_candidato,,,,[]
3570,Vacuna De Nanoparticulas De Proteina Recombinante De La Espicula De Sars-cov-2 Con Adyuvante Matrix-m1,,,sin_candidato,,,,[]
3571,"Vacuna De Proteina De Espicula Recombinante Prefusion, Delta Tm Frente A Covid-19 (sanofi Pasteur)",,,sin_candidato,,,,[]
3572,Vacuna De Proteina Recombinante De Heterodimeros Del Dominio De Union Al Receptor (rbd) Del Virus Sars-cov-2 Adyuvada (hipra),,,sin_candidato,,,,[]
3573,Vacuna De Proteina Recombinante De Homodimeros De Fusion Del Dominio De Union Al Receptor (rbd) De La Proteina De La Espicula (s) Del Virus Sars-cov-2 (cepa Omicron Xfg.1.1 – Xfg.1.1) Adyuvada,,,sin_candidato,,,,[]
3574,Vacuna De Proteina Recombinante De La Espicula De Sars-cov-2 (omicron Xbb.1.5)(novavax),"Sars-cov-2 (covid-19) Vaccine, Mrna-1273 Omicron (xbb.1.5)",,sin_candidato,,,,[]
3575,Vacuna De Proteina Recombinante De La Espicula Frente A Covid-19 (novavax),"Sars-cov-2 (covid-19) Vaccine, Protein Nvx-cov2373",,revisar,J07BN04,vacunas de subunidad proteica frente a COVID-19,0.758,"[{""codigo"":""J07BN04"",""nombre"":""vacunas de subunidad proteica frente a COVID-19"",""score"":0.758}]"
3576,"Vacuna De Vector Vaccinia Ankara Modificado, Multivalente, Viva, Recombinante, No Replicativo En Celulas Humanas, Que Expresa Las Glicoproteinas (gp) De Los Virus Del Ebola Mayinga, Sudan Gulu, Marburgo Y Musoke Y Nucloproteina Del Virus Tai Forest",,,sin_candidato,,,,[]
3577,Vacuna Recombinante (ad26) Frente A Covid-19 (j&j/janssen),"Sars-cov-2 (covid-19) Vaccine, Vector - Ad26",,sin_candidato,,,,[]
3578,Vacuna Recombinante (chadox1-s) Frente A Covid-19 (astrazeneca),,,sin_candidato,,,,[]
3579,Vacuna (rsvpref) De Subunidad F Estabilizada En Prefusion Frente Al Virus Respiratorio Sincitial.,,,sin_candidato,,,,[]
3580,Vadadustat,Vadadustat,,sin_candidato,,,,[]
3581,Vainilla,Vanilla Bean Allergenic Extract,,sin_candidato,,,,[]
3585,Valeriana Extracto Hidroalcoholico Seco,Valerian Root Extract,,sin_candidato,,,,[]
3586,Valeriana Extracto Seco,Valerian Root Extract,,sin_candidato,,,,[]
3587,Valeriana Officinalis Tintura Madre,,,sin_candidato,,,,[]
3588,Valeriana Raiz,Valerian Root Extract,,revisar,N05CM09,Valerianae radix,0.75,"[{""codigo"":""N05CM09"",""nombre"":""Valerianae radix"",""score"":0.75}]"
3589,Valeriana Rizoma,Valerian Root Extract,,sin_candidato,,,,[]
3592,Valina,Valine,,revisar,D02AC91,Vaselina,0.75,"[{""codigo"":""D02AC91"",""nombre"":""Vaselina"",""score"":0.75}]"
3594,Valproato Sodio,Ganciclovir Sodium,,sin_candidato,,,,[]
3595,Valproico Acido,Valproic Acid,,auto,N03AG01,Acido valproico,1,"[{""codigo"":""N03AG01"",""nombre"":""Acido valproico"",""score"":1},{""codigo"":""D03AX05"",""nombre"":""Acido hialuronico"",""score"":0.818},{""codigo"":""M09AX01"",""nombre"":""Acido hialuronico"",""score"":0.818}]"
3603,Vanilla Planifolia Fruto,Vanilla Planifolia Whole Extract,,sin_candidato,,,,[]
3604,Vanzacaftor Calcico Dihidrato,Vanzacaftor,,sin_candidato,,,,[]
3605,Vara De Oro Gigante,Oro Clense,,sin_candidato,,,,[]
3615,Vector Adenovirus De Tipo 26 (ad26) Que Codifica La Glucoproteina (gp) De La Variante Mayinga De Zaire Ebolavirus,,,sin_candidato,,,,[]
3621,Veneno De Abeja,Veneno De Abeja Aceite De Vibora,,sin_candidato,,,,[]
3622,Veneno De Apis Mellifera,Apis Mellifera Preparation,,sin_candidato,,,,[]
3623,Veneno De Avispa,Veneno De Abeja Aceite De Vibora,,sin_candidato,,,,[]
3624,Veneno De Vespula Spp,Veneno De Abeja Aceite De Vibora,,sin_candidato,,,,[]
3630,Verde Indocianina,Palo Verde Pollen Extract,,sin_candidato,,,,[]
3631,Verde Indocianina Sodico,Palo Verde Pollen Extract,,sin_candidato,,,,[]
3636,Vesiculas De La Membrana Externa (omv) De Neisseria Meningitidis Grupo B (cepa Nz98/254 Medidas Como La Cantidad Total De Proteina Que Contiene El Pora P1.4),,,sin_candidato,,,,[]
3638,Vibrio Cholerae  Cepa Cvd 103hgr,Vibrio Cholerae,,sin_candidato,,,,[]
3639,"Vibrio Cholerae O1 Inaba, Biotipo Clasico (inactivado Por Calor)",,,sin_candidato,,,,[]
3640,Vid Roja,,,sin_candidato,,,,[]
3643,Vilanterol Trifenatato,Vilanterol Trifenatate,,sin_candidato,,,,[]
3658,Virus Canaripox Recombinante De La Rabia (vcp65),,,sin_candidato,,,,[]
3659,Virus Chikungunya De Proteinas De Particulas Seudovirales,,,sin_candidato,,,,[]
3660,"Virus Chikungunya, Vivo Atenuado Cepa Chikv Lr2006-opy1","Chikungunya Virus Antigen, Live Attenuated Lr2006 Opy1 Strain",,sin_candidato,,,,[]
3661,"Virus Chikungunya, Vivo Atenuado Cepa Delta5nsp3",,,sin_candidato,,,,[]
3662,Virus Encefalitis Japonesa Cepa Sa 14-2 Inactivada,"Japanese Encephalitis Virus Vaccine Nakayama-nih Strain, Inactivated",,sin_candidato,,,,[]
3663,Virus Fiebre Amarilla Cepa 17d,Yellow Fever Virus Strain 17d-204 Live Antigen,,sin_candidato,,,,[]
3664,Virus Fiebre Chikunguya Vivo Atenuado,,,sin_candidato,,,,[]
3665,Virus Gripe A H1n1 Atenuado,Influenza A Virus (h1n1) Antigen,,sin_candidato,,,,[]
3666,Virus Gripe A H1n1 Inactivado,Influenza A Virus (h1n1) Antigen,,sin_candidato,,,,[]
3667,Virus Gripe A H1n1 Inactivado Fraccionado,Influenza A Virus (h1n1) Antigen,,sin_candidato,,,,[]
3668,Virus Gripe A H1n1 Inactivado Hemaglutinina,Influenza A Virus (h1n1) Antigen,,sin_candidato,,,,[]
3669,Virus Gripe A H1n1 Recombinante Hemaglutinina,,,sin_candidato,,,,[]
3670,Virus Gripe A H3n2 Atenuado,Influenza A Virus (h3n2) Antigen,,sin_candidato,,,,[]
3671,Virus Gripe A H3n2 Inactivado,Influenza A Virus (h3n2) Antigen,,sin_candidato,,,,[]
3672,Virus Gripe A H3n2 Inactivado Fraccionado,Influenza A Virus (h3n2) Antigen,,sin_candidato,,,,[]
3673,Virus Gripe A H3n2 Inactivado Hemaglutinina,Influenza A Virus (h3n2) Antigen,,sin_candidato,,,,[]
3674,Virus Gripe A H3n2 Recombinante Hemaglutinina,,,sin_candidato,,,,[]
3675,Virus Gripe A H5n1 Inactivado,Influenza A Virus (h5n1) Antigen,,sin_candidato,,,,[]
3676,Virus Gripe A H5n1 Vivo Atenuado,Influenza A Virus (h5n1) Antigen,,sin_candidato,,,,[]
3677,Virus Gripe B Inactivado,Hepatitis B Virus,,sin_candidato,,,,[]
3678,Virus Gripe B Inactivado Fraccionado,Hepatitis B Virus,,sin_candidato,,,,[]
3679,Virus Gripe B Inactivado Hemaglutinina,Hepatitis B Virus,,sin_candidato,,,,[]
3680,Virus Gripe B (victoria) Atenuado,,,sin_candidato,,,,[]
3681,Virus Gripe B (victoria) Recombinante,,,sin_candidato,,,,[]
3682,Virus Gripe B (yamagata) Atenuado,,,sin_candidato,,,,[]
3683,Virus Gripe B (yamagata) Recombinante,,,sin_candidato,,,,[]
3684,Virus Influenza Gripe A/thailand/8/2022 (h3n2) Ivr-237 Cepa Similar A (a/thailand/8/2022),Influenza A Virus A/thailand/8/2022 (h3n2) Antigen,,sin_candidato,,,,[]
3685,"Virus Influenza Gripe A/victoria/4897/2022 Ivr-238 (h1n1), Inactivado",Influenza A Virus A/victoria/4897/2022 (h1n1) Antigen,,sin_candidato,,,,[]
3686,"Virus Influenza Gripe Cepa Similar A B/austria/1359417/2021-(b/austria/1359417/2021, Bvr-26)",Influenza B Virus B/austria/1359417/2021 Antigen,,sin_candidato,,,,[]
3687,"Virus Influenza Gripe, Reasortante, Vivo Atenuado, Cepa Similar A A/ Missouri/11/2025 (h1n1) Pdm09",Influenza A Virus A/missouri/11/2025 (h1n1) Antigen,,sin_candidato,,,,[]
3688,"Virus Influenza Gripe, Reasortante, Vivo Atenuado Cepa Similar A A/darwin/1454/2025 (h3n2), (a/darwin/1369/2025, Medi 406666)",Influenza A Virus A/darwin/1369/2025 (h3n2) Antigen,,sin_candidato,,,,[]
3689,"Virus Influenza Gripe Reasortante,vivo, Atenuado, Cepa Similar A B/ Tokyo/eis13-175/2025",Influenza B Virus B/tokyo/eis13-175/2025 Antigen,,sin_candidato,,,,[]
3690,Virus Papiloma Humano,Rubella Virus,,sin_candidato,,,,[]
3691,Virus Papiloma Humano Tipo 11 Proteina L1,,,sin_candidato,,,,[]
3692,Virus Papiloma Humano Tipo 16 Proteina L1,"L1 Protein, Human Papillomavirus Type 16 Vaccine",,sin_candidato,,,,[]
3693,Virus Papiloma Humano Tipo 18 Proteina L1,"L1 Protein, Human Papillomavirus Type 18 Vaccine",,sin_candidato,,,,[]
3694,Virus Papiloma Humano Tipo 31 Proteina L1,,,sin_candidato,,,,[]
3695,Virus Papiloma Humano Tipo 33 Proteina L1,,,sin_candidato,,,,[]
3696,Virus Papiloma Humano Tipo 45 Proteina L1,,,sin_candidato,,,,[]
3697,Virus Papiloma Humano Tipo 52 Proteina L1,"L1 Protein, Human Papillomavirus Type 52 Vaccine",,sin_candidato,,,,[]
3698,Virus Papiloma Humano Tipo 58 Proteina L1,"L1 Protein, Human Papillomavirus Type 58 Vaccine",,sin_candidato,,,,[]
3699,Virus Papiloma Humano Tipo 6 Proteina L1,,,sin_candidato,,,,[]
3700,Virus Parotiditis,,,sin_candidato,,,,[]
3701,Virus Parotiditis Atenuado,,,sin_candidato,,,,[]
3702,Virus Rabia,Rubella Virus,,sin_candidato,,,,[]
3703,Virus Rabia Inactivado,Rubella Virus,,sin_candidato,,,,[]
3704,"Virus Rabia, Inactivado, Cepa Cvs",Allium Cepa Bulb Extract,,sin_candidato,,,,[]
3705,"Virus Rabia, Inactivado, Cepa Flury Lep",Rabies Virus Vaccine Flury-lep Strain,,sin_candidato,,,,[]
3706,"Virus Rabia Inactivado, Cepa G52",,,sin_candidato,,,,[]
3707,"Virus Rabia, Inactivado, Cepa Pasteur Riv",Allium Cepa Bulb Extract,,sin_candidato,,,,[]
3708,"Virus Rabia Inactivado, Cepa Pasteur Vp-13",,,sin_candidato,,,,[]
3709,"Virus Rabia Inactivado, Cepa Sad Vnukovo-32",,,sin_candidato,,,,[]
3710,"Virus Rabia, Inactivado, Cepa Vp12",,,sin_candidato,,,,[]
3711,"Virus Rabia, Inactivado, Cepa Wistar (pm/wi 38-1503-3m)",,,sin_candidato,,,,[]
3712,"Virus Rabia Vivo Atenuado, Cepa Sag2",,,sin_candidato,,,,[]
3713,"Virus Rabia, Vivo Atenuado, Cepa Spbn Gagas",Allium Cepa Bulb Extract,,sin_candidato,,,,[]
3714,Virus Rubeola,,,sin_candidato,,,,[]
3715,Virus Rubeola Hiperatenuado,,,sin_candidato,,,,[]
3716,Virus Sarampion,Rubella Virus,,sin_candidato,,,,[]
3717,Virus Sarampion (edmonston),"Measles Virus Vaccine Live, Enders' Attenuated Edmonston Strain",,sin_candidato,,,,[]
3718,Virus Sarampion Hiperatenuado,Rubella Virus,,sin_candidato,,,,[]
3719,"Virus Sincitial Respiratorio, Subgroupo A, Subunidad F Proteina 847a Estabilizada En Prefusion","Respiratory Syncytial Virus Pre-fusion F Protein, A, Recombinant, Stabilized",,sin_candidato,,,,[]
3720,"Virus Sincitial Respiratorio, Subgroupo B, Subunidad F Proteina 847b Estabilizada En Prefusion","Respiratory Syncytial Virus Pre-fusion F Protein, B, Recombinant, Stabilized",,sin_candidato,,,,[]
3721,Virus Varicela,"Herpesvirus 3, Human",,sin_candidato,,,,[]
3722,Virus Varicela-zoster Atenuados Cepa Oka,Varicella-zoster Virus Vaccine Live (oka-merck) Strain,,sin_candidato,,,,[]
3723,Virus Vivo Modificado De La Viruela Vacunoide Ankara,,,sin_candidato,,,,[]
3727,Vitamina B12a,Hydroxocobalamin,,sin_candidato,,,,[]
3728,Vitamina B2,Riboflavin,,sin_candidato,,,,[]
3729,Vitamina B3,Niacinamide,,sin_candidato,,,,[]
3731,Vitamina B9,Folic Acid,,sin_candidato,,,,[]
3732,Vitamina C,Ascorbic Acid,,sin_candidato,,,,[]
3733,Vitamina D,Vitamin D,,sin_candidato,,,,[]
3734,Vitamina D2,Ergocalciferol,,sin_candidato,,,,[]
3735,Vitamina D3,Vitamin D3,,sin_candidato,,,,[]
3736,Vitamina E,Vitamin E,,sin_candidato,,,,[]
3737,Vitamina H,Biotin,,sin_candidato,,,,[]
3738,Vitamina K,Vitamin K,,sin_candidato,,,,[]
3739,Vitamina K1,Vitamin K1,,sin_candidato,,,,[]
3740,Vitamina P,,,sin_candidato,,,,[]
3741,Vitamina Pp,,,sin_candidato,,,,[]
3742,Vitex Agnus-castus L.,,,revisar,G02CX03,Vitex agnus castus fruto,0.75,"[{""codigo"":""G02CX03"",""nombre"":""Vitex agnus castus fruto"",""score"":0.75}]"
3743,Vitis Vinifera,,,sin_candidato,,,,[]
3744,Vitis Vinifera Extracto Seco,,,sin_candidato,,,,[]
3745,Vitis Vinifera Hoja Extracto Seco,,,sin_candidato,,,,[]
3761,Xilano Polisulfurico,,,sin_candidato,,,,[]
3762,Xilocaina,Xylocaine,,revisar,N01BB04,Prilocaina,0.8,"[{""codigo"":""N01BB04"",""nombre"":""Prilocaina"",""score"":0.8},{""codigo"":""C01BB01"",""nombre"":""Lidocaina"",""score"":0.778},{""codigo"":""C05AD01"",""nombre"":""Lidocaina"",""score"":0.778}]"
3766,Yedra,,,sin_candidato,,,,[]
3769,Ytrio Y-90 Citrato,,,sin_candidato,,,,[]
3772,Zanzibarensis,Castor Oil,,sin_candidato,,,,[]
3773,Zea Mays,Corn Pollen Extract,,sin_candidato,,,,[]
3777,Zinc Acetato,Zinc Acetate,,revisar,A02BX91,Zinc acexamato,0.833,"[{""codigo"":""A02BX91"",""nombre"":""Zinc acexamato"",""score"":0.833}]"
3778,Zinc Acetato Dihidrato,Zinc Acetate,,revisar,A16AX05,Acetato de zinc,0.778,"[{""codigo"":""A16AX05"",""nombre"":""Acetato de zinc"",""score"":0.778}]"
3779,Zinc Dibutilditiocarbamato,Zinc Dibutyldithiocarbamate,,sin_candidato,,,,[]
3780,Zinc Dietilditiocarbamato,"Ditiocarb, Zinc Salt",,sin_candidato,,,,[]
3781,Zinc Piritiona,Zinc,,sin_candidato,,,,[]
3782,Zinc Piritionato,Zinc,,sin_candidato,,,,[]
3783,Zinc Sulfato Heptahidrato,"Zinc Sulfate, Heptahydrate",,revisar,A12CB01,Sulfato de zinc,0.75,"[{""codigo"":""A12CB01"",""nombre"":""Sulfato de zinc"",""score"":0.75}]"
3800,"1,2-diaminoetano",,,sin_candidato,,,,[]
3802,"13-cis-retinoico, Acido",Isotretinoin,,sin_candidato,,,,[]
3803,[177lu]-dota0-tyr3-octreotato,Lutetium Lu 177 Dotatate,,sin_candidato,,,,[]
3804,18-beta-glicirrinetico Acido,Glycyrrhizic Acid,,sin_candidato,,,,[]
3806,2-cda,Cladribine,,sin_candidato,,,,[]
3807,2-pirrolidonacetamida,,,sin_candidato,,,,[]
3808,2-sulfanilaminopirimidina,,,sin_candidato,,,,[]
3809,"2,5-diaminotolueno",,,sin_candidato,,,,[]
3811,"2,6-diamino-3-fenilazopiridina",Phenazopyridine,,sin_candidato,,,,[]
3812,3(carboximetil Tio) Alanina,Alanine,,sin_candidato,,,,[]
3813,"3,4 Diaminopiridina",Amifampridine,,sin_candidato,,,,[]
3814,4 Aminopiridina,Aminopterin,,sin_candidato,,,,[]
3815,4-epiadriamicina,Epirubicin,,sin_candidato,,,,[]
3817,5-asa,Mesalamine,,sin_candidato,,,,[]
3818,6-alfa Etilquenodesoxicolico Acido,,,sin_candidato,,,,[]
3823,Bcnu,Carmustine,,sin_candidato,,,,[]
3825,Benzoilo Peroxido,Benzoyl Peroxide,,sin_candidato,,,,[]
3826,Bim-23014,,,sin_candidato,,,,[]
3831,Bithiol,Unithiol,,sin_candidato,,,,[]
3832,Bituminol,,,sin_candidato,,,,[]
3833,"Bm 06,022",,,sin_candidato,,,,[]
3834,Bms-186295,,,sin_candidato,,,,[]
3835,Bms-224818,,,sin_candidato,,,,[]
3836,Bmy-28142,,,sin_candidato,,,,[]
3837,Boldo,Peumus Boldus Leaf Extract,,sin_candidato,,,,[]
3840,Brl 42810,,,sin_candidato,,,,[]
3841,Brl 43694,,,sin_candidato,,,,[]
3842,Bronopol,Bronopol,,sin_candidato,,,,[]
3843,Broxime,,,sin_candidato,,,,[]
3844,Brozime,,,sin_candidato,,,,[]
3847,Bythyol,,,sin_candidato,,,,[]
3848,Cb-154,,,sin_candidato,,,,[]
3852,Cetilpiridinio Bromuro,Ipratropium Bromide,,revisar,R03BB07,Umeclidinio bromuro,0.75,"[{""codigo"":""R03BB07"",""nombre"":""Umeclidinio bromuro"",""score"":0.75}]"
3853,Clorbutol,,,revisar,A04AD04,Clorobutanol,0.75,"[{""codigo"":""A04AD04"",""nombre"":""Clorobutanol"",""score"":0.75}]"
3854,Clorobutol,Chlorobutanol,,revisar,A04AD04,Clorobutanol,0.833,"[{""codigo"":""A04AD04"",""nombre"":""Clorobutanol"",""score"":0.833}]"
3855,Cnicus Benedictus C. Linneo,Centaurea Benedicta Extract,,sin_candidato,,,,[]
3859,Dehidrobenzoperidol,,,sin_candidato,,,,[]
3864,Erbio Er-169,,,sin_candidato,,,,[]
3873,G-hidroxibutirico,,,sin_candidato,,,,[]
3880,M-dihidroxibenceno,,,sin_candidato,,,,[]
3881,Metilbenceno,,,sin_candidato,,,,[]
3882,Molibdeno,Molybdenum,,sin_candidato,,,,[]
3884,Myrcludex B,,,sin_candidato,,,,[]
3888,O-hidroxibenzoico,Padimate-o,,sin_candidato,,,,[]
3891,Peumus Boldus M.,Peumus Boldus Leaf Extract,,sin_candidato,,,,[]
3892,Phmb,,,sin_candidato,,,,[]
3894,Quercus Robur,Quercus Robur Wood Extract,,sin_candidato,,,,[]
3899,Roble,,,sin_candidato,,,,[]
3916,Cedro,Cedrol,,sin_candidato,,,,[]
3923,Cefonicid Sodico,Cefonicid,,sin_candidato,,,,[]
3929,Ci 42051,Carbon Black,,sin_candidato,,,,[]
3930,Ci 906,Carbon Black,,sin_candidato,,,,[]
3931,Ci 912,Linoleic Acid,,sin_candidato,,,,[]
3935,Ci-981,Carbon Black,,sin_candidato,,,,[]
3939,Clonixino,Clonixin,,revisar,C02AC01,Clonidina,0.778,"[{""codigo"":""C02AC01"",""nombre"":""Clonidina"",""score"":0.778},{""codigo"":""N02CX02"",""nombre"":""Clonidina"",""score"":0.778},{""codigo"":""S01EA04"",""nombre"":""Clonidina"",""score"":0.778}]"
3944,Cp-690550,Captopril,,sin_candidato,,,,[]
3947,Dtic,Dacarbazine,,sin_candidato,,,,[]
3948,Eleutherococcus Senticosus,Eleutherococcus Senticosus Root Oil,,sin_candidato,,,,[]
3952,Estroncio Cloruro,Calcium Chloride,,sin_candidato,,,,[]
3956,Fucus Vesiculosus,Fucus Vesiculosus Extract,,sin_candidato,,,,[]
3957,Fucus Vesiculosus Exto Seco,Fucus Vesiculosus Extract,,sin_candidato,,,,[]
3960,Hiperico,Hypericin,,sin_candidato,,,,[]
3961,Hipericon,Hypericin,,sin_candidato,,,,[]
3962,Ici D1694,,,sin_candidato,,,,[]
3963,Ici-d1033,,,sin_candidato,,,,[]
3964,"Ici-176,334",,,sin_candidato,,,,[]
3965,"Ici-204,636",,,sin_candidato,,,,[]
3967,Indio 111 Cloruro,Indium,,sin_candidato,,,,[]
3968,Iodometilnorcolesterol,,,sin_candidato,,,,[]
3969,Levistico,Levisticum Officinale,,sin_candidato,,,,[]
3972,Lutecio (177) Cloruro,Calcium Chloride,,sin_candidato,,,,[]
3973,Mercurocromo,Merbromin,,sin_candidato,,,,[]
3977,Nitrico Oxido,Nitric Oxide,,revisar,R07AX01,Oxido nitrico,1,"[{""codigo"":""R07AX01"",""nombre"":""Oxido nitrico"",""score"":1},{""codigo"":""R07AX92"",""nombre"":""Oxido nitrico"",""score"":1},{""codigo"":""N01AX13"",""nombre"":""Oxido nitroso"",""score"":0.857}]"
3978,O-metoxifenil Gliceril Eter,Padimate-o,,sin_candidato,,,,[]
3982,Pkc-412,,,sin_candidato,,,,[]
3983,Polietilenglicol 4000,,,sin_candidato,,,,[]
3984,Polypodium Leucotomos,Polypodium Leucotomos,,sin_candidato,,,,[]
3985,Procetofeno,Fenofibrate,,sin_candidato,,,,[]
3986,Prp-crm 197,,,sin_candidato,,,,[]
3987,Pulmon Porcino,Secretin,,sin_candidato,,,,[]
3988,Rcfp-10,,,sin_candidato,,,,[]
3993,Rrr-α-tocoferol,Tocopherol,,sin_candidato,,,,[]
3994,Sch 29851,,,sin_candidato,,,,[]
3997,Thc,Dronabinol,,sin_candidato,,,,[]
3998,Thiocol,Thiocolchicoside,,sin_candidato,,,,[]
4001,Tiocolol,,,revisar,C07AA06,Timolol,0.75,"[{""codigo"":""C07AA06"",""nombre"":""Timolol"",""score"":0.75},{""codigo"":""S01ED01"",""nombre"":""Timolol"",""score"":0.75}]"
4005,Trihexifenidil Hidrocloruro,,,sin_candidato,,,,[]
4008,Ytrio Y-90 Cloruro,,,sin_candidato,,,,[]
4010,Zinc Cloruro,Zinc,,sin_candidato,,,,[]
4015,3tc,Lamivudine,,sin_candidato,,,,[]
4016,Dengue Virus,,,sin_candidato,,,,[]
4019,Dexnorgestrel,Levonorgestrel,,revisar,G03AC03,Levonorgestrel,0.786,"[{""codigo"":""G03AC03"",""nombre"":""Levonorgestrel"",""score"":0.786},{""codigo"":""G03AD01"",""nombre"":""Levonorgestrel"",""score"":0.786},{""codigo"":""G03AC09"",""nombre"":""Desogestrel"",""score"":0.769}]"
4021,Diente De Leon,,,sin_candidato,,,,[]
4024,Diosmetin 7 Rutinosido,Diosmin,,sin_candidato,,,,[]
4025,D-norgestrel,Levonorgestrel,,sin_candidato,,,,[]
4027,Dpt,,,sin_candidato,,,,[]
4031,Etiodol,,,revisar,G03DC06,Etinodiol,0.778,"[{""codigo"":""G03DC06"",""nombre"":""Etinodiol"",""score"":0.778}]"
4040,Ioduro (123i) Sodio,Potassium Iodide,,revisar,V09AB01,Iodo (123I) iofetamina,0.756,"[{""codigo"":""V09AB01"",""nombre"":""Iodo (123I) iofetamina"",""score"":0.756},{""codigo"":""V09AB02"",""nombre"":""Iodo (123I) ioloprida"",""score"":0.756},{""codigo"":""V09AB03"",""nombre"":""Iodo (123I) ioflupano"",""score"":0.756}]"
4041,Ioduro (131i) Sodio,Potassium Iodide,,revisar,V09XA01,Iodo (131I) norcolesterol,0.756,"[{""codigo"":""V09XA01"",""nombre"":""Iodo (131I) norcolesterol"",""score"":0.756},{""codigo"":""V10XA03"",""nombre"":""iodo (131I) omburtamab"",""score"":0.756},{""codigo"":""V10XA01"",""nombre"":""Ioduro de sodio (131I)"",""score"":0.75}]"
4042,Ldk378,,,sin_candidato,,,,[]
4048,Nitrito Sodio,Ganciclovir Sodium,,sin_candidato,,,,[]
4054,Piridoxol,Pyridoxal,,sin_candidato,,,,[]
4059,Selenio Oxido,Selenious Acid,,sin_candidato,,,,[]
4063,Sodio Fluoruro,Ganciclovir Sodium,,revisar,P02DX91,Sodio cloruro,0.875,"[{""codigo"":""P02DX91"",""nombre"":""Sodio cloruro"",""score"":0.875}]"
4064,Sodio Hidroxido,Sodium Hydroxide,,sin_candidato,,,,[]
4065,Te Verde,Palo Verde Pollen Extract,,sin_candidato,,,,[]
4068,Tomudex,,,sin_candidato,,,,[]
4072,Z-d1694,,,sin_candidato,,,,[]
4076,Equiseto Menor,Equisetum Hyemale Extract,,sin_candidato,,,,[]
4078,Espliego,,,sin_candidato,,,,[]
4083,Eugenol,Eugenol,,sin_candidato,,,,[]
4088,Ginseng,Ginseng Preparation,,sin_candidato,,,,[]
4089,Gomenol,,,sin_candidato,,,,[]
4093,Hoe 490,,,sin_candidato,,,,[]
4099,Isoeugenol,Isoeugenol,,sin_candidato,,,,[]
4100,Isoproterenol,Isoproterenol,,sin_candidato,,,,[]
4103,Lee-011,,,sin_candidato,,,,[]
4106,Levomentol,Levomenthol,,sin_candidato,,,,[]
4109,Mek-3475,,,sin_candidato,,,,[]
4110,Mentol,Menthol,,sin_candidato,,,,[]
4116,Me1207,,,sin_candidato,,,,[]
4117,Ne-58095,Neon,,sin_candidato,,,,[]
4118,Niquel,,,sin_candidato,,,,[]
4123,Oleogomenol,Oil Of Niaouli,,sin_candidato,,,,[]
4126,Perflutreno,Perflutren,,sin_candidato,,,,[]
4128,Pimiento,Bay Oil (pimenta Racemosa),,sin_candidato,,,,[]
4130,Poleo,,,sin_candidato,,,,[]
4133,Renio Re -186,,,sin_candidato,,,,[]
4134,Renio Re-186 Sulfuro,,,sin_candidato,,,,[]
4135,Renio Sulfuro,Sulfur,,sin_candidato,,,,[]
4140,Selenio Sulfuro,Selenious Acid,,sin_candidato,,,,[]
4141,Selenium,Selenium,,sin_candidato,,,,[]
4146,Tesit,,,sin_candidato,,,,[]
4147,Thesit,Isopropyl Alcohol 0.7 Ml/ml Medicated Pad,,sin_candidato,,,,[]
4149,Tolueno,Toluene,,sin_candidato,,,,[]
4150,Tomillo Exto,,,sin_candidato,,,,[]
4153,Tumenol,,,sin_candidato,,,,[]
4157,Fk-506,,,sin_candidato,,,,[]
4161,Fsh,Follicle Stimulating Hormone,,sin_candidato,,,,[]
4162,Fty720,,,sin_candidato,,,,[]
4164,Pf-07321332,,,sin_candidato,,,,[]
4166,Sk&f 108566,Phenylalanine,,sin_candidato,,,,[]
4167,Gp 47-680,,,sin_candidato,,,,[]
4168,Gp 48933,,,sin_candidato,,,,[]
4169,Gp-45840,,,sin_candidato,,,,[]
4170,Gr-43175,,,sin_candidato,,,,[]
4171,Gs 7977,,,sin_candidato,,,,[]
4172,Lgx-818,,,sin_candidato,,,,[]
4173,Org-32489,,,sin_candidato,,,,[]
4174,Org-9426,,,sin_candidato,,,,[]
4175,Hinojo,,,sin_candidato,,,,[]
4176,Hki-272,,,sin_candidato,,,,[]
4177,Humulus Lupulus,Hops Extract,,sin_candidato,,,,[]
4178,L-ohp,Oxaliplatin,,sin_candidato,,,,[]
4179,Phosphorus,Phosphorus,,sin_candidato,,,,[]
4181,Limon,Citrus Limon Fruit Oil,,sin_candidato,,,,[]
4185,Monuril,,,sin_candidato,,,,[]
4188,Psi 7977,,,sin_candidato,,,,[]
4189,Quinolinol,,,sin_candidato,,,,[]
4190,Quinolin-8-ol,,,sin_candidato,,,,[]
4198,Tomillo,,,sin_candidato,,,,[]
4200,Virus Polio Tipo I,,,sin_candidato,,,,[]
4201,Virus Polio Tipo Ii,,,sin_candidato,,,,[]
4202,Virus Polio Tipo Iii,,,sin_candidato,,,,[]
4203,Xilitol,Xylitol,,revisar,A10BF02,Miglitol,0.75,"[{""codigo"":""A10BF02"",""nombre"":""Miglitol"",""score"":0.75}]"
4204,Ytrio Y-90,,,sin_candidato,,,,[]
4205,Mk 787,,,sin_candidato,,,,[]
4206,Mk 791,,,sin_candidato,,,,[]
4207,Mk 906,,,sin_candidato,,,,[]
4208,Mk-383,,,sin_candidato,,,,[]
4209,Mk-507,,,sin_candidato,,,,[]
4210,"Uk-109,496",,,sin_candidato,,,,[]
4211,"Uk-116,044",,,sin_candidato,,,,[]
4212,"Uk-88,525",,,sin_candidato,,,,[]
4213,Lm-1158,,,sin_candidato,,,,[]
4214,Ly 146032,Lysine,,sin_candidato,,,,[]
4215,Ly-170053,Lysine,,sin_candidato,,,,[]
4216,Mln 9708,,,sin_candidato,,,,[]
4217,Sl 85-0324,85 Strontium,,sin_candidato,,,,[]
4219,Toluol,,,sin_candidato,,,,[]
4220,Pm01183,,,sin_candidato,,,,[]
4221,Ym730,,,sin_candidato,,,,[]
4222,Ro 15-1788,,,sin_candidato,,,,[]
4223,Ro 31-8959,,,sin_candidato,,,,[]
4224,Ro-14-4767,,,sin_candidato,,,,[]
4225,Ro-4-3780,,,sin_candidato,,,,[]
4226,Ro-4964913,,,sin_candidato,,,,[]
4227,Rp 56976,,,sin_candidato,,,,[]
4228,Vp 16,Etoposide 100 Mg Injection,,sin_candidato,,,,[]
4229,Rs-61443,Bupivacaine,,sin_candidato,,,,[]
4230,Sr 47436,,,sin_candidato,,,,[]
4231,S 808490,,,sin_candidato,,,,[]
4232,256u87,,,sin_candidato,,,,[]
