descripcion_cobeca,codigo,codigo_barras,costo_usd,motivo
ABECAB TAB 5/20MG X30 CAPSUV,27812,7598055000418,10.11,sin_candidato
ABINTRA PVO ALIM/GLUTAMINA NJA 27G MEG,19895,0612197152006,8.57,score_bajo
ACEMUK COM/EFERV 200MG X 10 MEYER,28654,7795380002333,26.21,sin_candidato
ACEMUK JBE 2G/100ML X 100ML,28646,7795380043091,32,sin_candidato
ACETAB TAB 250MG X20 L.O,90118,7591196004802,14.37,score_bajo
"ACETACLOR JBE 125MG/0,5MG/5ML 120ML BIOF",53562,7591616002418,3.25,score_bajo
ACETAFEN FORTE JBE 180MG/5ML 120ML BIOF,25688,7591616002142,3.19,score_bajo
ACETOBEN JBE 120ML RNV,11,7592806121018,5.6,score_bajo
ACEVAL SOL PED 180MG/5ML 120ML VLM,22391,7591020008839,4.36,score_bajo
ACICLOVIR CREM 5% X 10G DISTRI,50169,7598252101345,8.78,score_bajo
ACICLOVIR TAB AP 1000MG X10 CR LATT,52952,756029628397,11.69,score_bajo
ACIDO BORICO CAP VAG 400MG X10 LYA,25478,7599028000787,5.35,score_bajo
ACLER TAB REC 150MG X1 CLX,15604,7591519051865,3.97,score_bajo
ACLOVIRAX CREM 5% 20G PHARME,51377,7703763671908,10.45,score_bajo
ACRYLARM GEL OFT 10G MEG,4089,7795368002249,27.4,score_bajo
ACTICAR JBE 1G/10ML X 120ML,30118,7594001101895,7.94,sin_candidato
ACTIVITON EXT CAP BLD X30 G PHAR,25268,7597189000264,11.91,sin_candidato
"ACTUMIR DUO TAB REC 12,5MG/1000MG X30",54437,7591821290716,19.35,score_bajo
ACTUMIR TAB REC 25MG X30 FARMA,53757,7591821210950,47.32,score_bajo
"ADAPALENO GEL TOP 0,1% 15G HM",52420,0632627843458,1.95,score_bajo
ADEL UNG 50G PONCE,41,7591309003692,4.88,score_bajo
ADEMINA 3E CREM DERMO PROT 60G LEF,13329,7591844000590,5.19,sin_candidato
ADEMINA KIDS CREM A/PAÑALITIS 60G LEF,13330,7591844000583,5.19,score_bajo
ADUANTAS COMP REC 40MG X10 FC,52066,7593090003202,4.34,sin_candidato
ADUANTAS COMP/REC 20MG X30 FC PHARMA,54537,7593090003196,5.14,sin_candidato
ADUANTAS COMP/REC 40MG X30 FC PHARMA,54538,7593090003219,6.75,sin_candidato
ADUANTAS DUO COMP REC 20MG/10MG X30 FC,53447,7593090002588,23.38,score_bajo
AEROCHAMBER INH AER FLEXMED 1-5AÑOS T M,53819,7591120000047,11.25,sin_candidato
AEROFLAT GTS 80MG/ML 20ML COFA,95625,7591818210406,6.02,score_bajo
AEROFLOW BLESS FLOW-VU PED,50096,7597467002188,23.31,sin_candidato
AFLAMAX TAB REC 50MG X10 L.O,19583,7591196007186,2.86,score_bajo
AFLAMAX TAB REC 50MG X20 L.O,92341,7591196004451,4.36,score_bajo
AGUA D/MAR ZAFIRE ISOTONICA PED X 100ML,28744,8436567241785,15.85,score_bajo
AGURIN COMP 1G X20 ADIUM,53631,7841141005447,3.62,score_bajo
"AIRCOF PLUS TAB MAST 5MG/2,5MG X30 COFA",53225,7591818000700,5.66,score_bajo
AIRCOF PLUS TAB REC 10MG/5MG X30 COFA,53332,7591818000649,6.45,score_bajo
AIRCOF TAB MAST 10MG X30 COFA,53060,7591818000663,6.45,score_bajo
AIRCOF TAB MAST 5MG X30 COFA,15118,7591818210413,5.07,score_bajo
AIRFEN GTS AD 15ML COFA,4339,7591818111017,5.72,score_bajo
AIRFEN GTS PED 15ML COFA,4340,7591818111024,5.72,score_bajo
AIRON DUO TAB REC 10MG/5MG L.O.,52809,7591196006868,6.09,score_bajo
AIRON TAB MAST 4MG X10 L.O,6742,7591196002952,2.45,score_bajo
AIRON TAB MAST 4MG X30 L.O,6741,7591196002945,5.65,score_bajo
AIRON TAB MAST PED 5MG X30 L.O,5931,7591196002792,7.56,score_bajo
AIRON TAB REC 10MG X30 L.O,5930,7591196002808,10.37,score_bajo
ALBEDOX TAB 400MG X10 CR 2N,54402,8904464204986,1.25,sin_candidato
ALBEMER SUSP ORAL 400MG/10ML BOOZ,20167,75970529,1.65,sin_candidato
ALBENDAZOL SUSP 100MG/5ML 20ML PORTU,25009,7750215796634,2.73,score_bajo
ALBENDAZOL TAB MAST T/FRUTTI 200MGX2 CLX,13063,7591519007022,1.18,score_bajo
"ALBISEC CAP 666MG/133,33MG X12 VIV",6857,7703153037512,13.31,score_bajo
ALCACHOFA/CENT ASIAT CAP 350MG X60 HERB,99644,7592710000355,12.58,sin_candidato
ALERGOT SOL OFT 0.05% 5ML L.O,5332,7591196002693,13.21,score_bajo
ALESPIRINA TAB ENT 81MG X30 ALESS,53065,7597758001289,1.64,score_bajo
"ALFADYN SOL OFT 0,20% 5ML L.O",8457,7591196003430,16.73,score_bajo
ALIM P/PERRO DOG CHOW GRAN COM CACH 2KG,52462,7702521246518,18.41,sin_candidato
ALIMENTO PVO NIDO CRECIMIENTO 1+ 800G,52441,7506475120531,19.82,score_bajo
ALIVAX FORTE CAP BLD 650MG X10 VIV,8703,7592432010335,3.23,score_bajo
ALIVERIUM CAP BLD 100/300MG X10 VIN,24955,7598431000056,9.09,score_bajo
ALIVET COMP DIAX8/NOCHX4 LETI,90607,7591585116000,9.76,score_bajo
ALIVET FA COM/REC X 10,93943,7591585116604,8.81,score_bajo
"ALIVET JBE 125MG/0,5MG 120ML LETI",14320,7591585216755,8.72,score_bajo
ALIVET PLUS COMP 650/20/10/4MG X10 LETI,51787,7591585116581,7.61,score_bajo
ALIVET PLUS SOB 650/20/10/4MG X8 LETI,52495,7591585116086,11.97,score_bajo
ALIVET SOB GRANU LIMON 10G X1 LETI,25707,7591585116178,9.85,score_bajo
ALIVETNOC FORTE SOB GRANU X6 LETI,91845,7591585116673,9.76,score_bajo
ALL-DOVARI CREM 90G,52250,70497525886,5.5,sin_candidato
ALLERFEX TAB REC 120MG X10 PHARME,24973,7703763722686,7.1,sin_candidato
ALLIXON JBE NAR 240ML LETI,11208,7591585112439,6.92,sin_candidato
ALUMBRE PVO 25G X12 RECETT,14826,7594001452010,19.95,sin_candidato
ALUMBRE PVO 25G X25 FCH,16590,7592141000160,45.13,sin_candidato
ALUMBRE PVO SOB 20G BIOF,94708,7591616001480,1.29,sin_candidato
AMBROXOL JBE PED 15MG/120ML KIMIC,9120,7592616005010,3.17,score_bajo
AMEDIN TAB 100MG X30 FC,53450,7593090003486,20,sin_candidato
AMIKACIS CREM 5% 20G BOOZ,20711,7597072001262,3.61,sin_candidato
AMINOFUNI AMP 250MG/10ML X10 AMP UNIPH,51070,7598852000611,12.57,sin_candidato
AMOCLIN CAP 500MG X10 ZUZU,52553,7599608000459,1.62,sin_candidato
AMODET TAB 500MG/125MG X 14,30113,745687143304,11.52,sin_candidato
AMOKLAVIN-BID PVO SUSP 400/57MG 70ML PLN,22758,8699525282507,8.26,score_bajo
AMOXIC/AC CLAV COM/REC 875/125MGX14 LETI,29414,7591585173195,25.04,score_bajo
"AMOXIC/AC CLAV PVO/SUS 600MG/42,9MG DAC",28867,7598578000667,7.71,score_bajo
AMOXIC/CLAV PVO SUSP 400/57MG 70ML KIMIC,52095,7592616578026,7.69,score_bajo
AMOXICI/AC CLAV TAB 875/125MG X14 ADN,24653,8904097387148,11.73,score_bajo
AMOXICI/AC CLAV TAB 875/125MG X14 CLX,25805,7591519000627,17.13,score_bajo
AMOXIDUO PVO SUSP 750MG 70ML MEG,867,7795345010977,11.56,score_bajo
"AMOXIVAL AC PVO SUSP 250/62,5MG 60ML VLM",23224,7591020009003,10.21,score_bajo
AMOXIVAL AC PVO SUSP 400/57MG 60ML VLM,23225,7591020009010,11.43,score_bajo
AMOXTIN SUSP ORAL 400MG/57MG 60ML ALESS,52782,7597758001548,6.72,sin_candidato
AMP CAPIL BRIZNA MIEL 10ML X10,16243,7591485000898,14.88,sin_candidato
AMP CAPIL SOLANO SABI 10ML X10,16289,7591485001475,14.88,sin_candidato
AMP GELLY A/CAIDA 10ML X10,16292,7591485000034,14.88,sin_candidato
AMP NK REPARAC INTEN 15ML X3,54282,0788362506995,4.44,sin_candidato
AMP NK SECADO PERFECTO 15ML X3,54283,0788362507008,4.44,sin_candidato
AMP NK THERAPY CONTROL CAIDA 15ML X3,54284,0788362507015,4.44,sin_candidato
AMP NK THERAPY PRO 15ML X3,54285,0788362507022,4.44,sin_candidato
AMP PASARELA A/CAIDA 10ML X4,51219,17593723003620,5.41,sin_candidato
AMP PASARELA MATIZADORA 10ML X4,51221,17593723003606,5.41,sin_candidato
AMP SLIK ANTICAIDA 10ML X25,28144,7592943911763,17.74,sin_candidato
AMP SLIK PLAC/OVEJO 10ML X25,28143,7592943911756,17.74,sin_candidato
AMP SOLANO KERAT/L CABRA 10ML X10,16290,7591485001857,14.88,sin_candidato
"AMPIBLUX PVO LIOF 1G/0,5G X1 BLUE/M",53357,7598127000599,2.58,sin_candidato
AMSARTIQUE TAB REC 160MG/10MG X30 PHARME,27044,7592454003599,18.47,score_bajo
AMSARTIQUE TAB REC 80MG/5MG X30 PHARME,27012,7592454003582,13.16,score_bajo
ANAFLEX TAB 250MG X10 CAPSUV,23348,7598055000456,6.22,sin_candidato
ANALPER NAX CAP 250MG X10 PHARME,8152,7592454000789,3.87,score_bajo
ANALPER SOL ORAL 180MG/5ML 120ML PHARME,52507,7592454004251,3.45,score_bajo
ANANTY FORTE JBE PED 160MG/5ML 120ML PLX,13266,7594001101581,3.25,score_bajo
ANAPIR CAP BLD S/AZU 400MG X10 FC,17362,7593090001024,3.14,score_bajo
ANAPIR TAB 200MG X20 FC,22810,7593090001383,3.57,score_bajo
ANCITAM TAB 500MG X30 APF,26474,8906122851471,8.44,sin_candidato
ANGIOFLUX CAP BLD 250LSU X25 LETI,52055,7591585115980,69.22,score_bajo
ANGRIP FORTE COM/REC 650MG/20MG DIA X 10,30055,7591619001166,4.68,score_bajo
ANGRIP FORTE COM/REC 650MG/4MG NOCHE X 5,30054,7591619001159,3.9,score_bajo
ANTAAR TAB REC 10MG X30 CLX,17094,7591519051902,10.53,score_bajo
ANTIFOM FORTE COMP REC 160MG X10 VARG,23430,7592349001068,7.56,score_bajo
ANTIFOM SUSP/ORAL 80MF/ML X 20ML,28696,7592349001723,6.31,score_bajo
ANTIFON TAB/MAST 125MG X 10,20347,7592349001822,5.52,sin_candidato
ANTIP TAB REC 40MG X30 BEHR,51858,7592637000797,10.06,score_bajo
ANTITRANSP AER NIVEA INV B&W CLEAR 150ML,50921,4005900723173,6.84,sin_candidato
ANTITRANSP AER NIVEA PEARL&BEAUTY 150ML,38903,4005808837311,6.67,sin_candidato
ANTITRANSP NIVEA AER T/NAT C/TOUCHX150ML,30019,4005808829675,6.84,sin_candidato
ANTITRANSP NIVEA B&W AER MEN FRESHX150ML,30017,4005900036643,5.53,sin_candidato
ANTITRANSP NIVEA B&W AER MEN ORIG X150ML,30011,4005900036711,6.84,sin_candidato
ANTITRANSP NIVEA D/BLACK AER MEN X 150ML,30015,4005900495709,6.84,sin_candidato
ANTOVEN TAB 15MG X30 FC,53451,7593090003509,15.56,sin_candidato
"ANTUX SOL 0,6% CEREZA 120ML LETI",2700,7591585114709,11.53,score_bajo
APETININ JBE 240ML ARC IRIS,7066,7592946005742,10,sin_candidato
APIRETFLU SOB 8G DIA MIEL/LIMON X6 LO,51467,7591196006578,9.86,score_bajo
APIRETFLU SOB 8G NOCH MIEL/LIMON X6 LO,51431,7591196006363,10.14,score_bajo
APLACAL TAB MAST 750MG BAN X80 TARRO,52504,7592601000433,13.61,score_bajo
APLACAL TAB MAST 750MG FRAM DISPX120 MEY,21597,7592601000020,72.34,score_bajo
APLACAL TAB MAST 750MG FRAMB X80 TARRO,52827,7592601000440,13.61,score_bajo
APLACAL TAB MAST 750MG MAND DISPX120 MEY,21599,7592601000037,72.34,score_bajo
APLACAL TAB MAST 750MG MANDA X10 MEY,21598,7592601303169,9.36,score_bajo
APLACAL TAB MAST 750MG MANDA X80 TARRO,52828,7592601000457,13.61,score_bajo
APLACAL TAB MAST BAN 750MG DISP 30X4 MEY,21595,7592601000013,72.34,score_bajo
APLACAL TAB MAST BAN 750MG X10 MEY,21594,7592601303176,9.36,score_bajo
APLACAL TAB MAST MENT 750MG DISPX120 MEY,21601,7592601000044,72.34,score_bajo
APLEXIL TAB REC 550MG X10 COFA,53335,7591818716670,3.27,score_bajo
"APOSITO PHARMAP PED 5CM X 5,7CM X20",27157,7594001563891,22.31,score_bajo
APRIX CAP BLD 125MG X10 PLN,50995,7592348202510,5.97,score_bajo
APROVEL COMP REC 150MG X28 CLX,93574,7706263001657,40.26,score_bajo
APYRENE CAP BLD 650MG X10 FC,8363,7593090000034,3.43,sin_candidato
AQUATOP CREM REST INTENSIVA X 250G,29564,7703281002024,38.31,sin_candidato
ARBIXIL JBE AD 120ML MEY,10142,7592601100126,13.77,score_bajo
ARBIXIL JBE PED 120ML MEY,10141,7592601100638,12.52,score_bajo
"ARBIXIL SOL GTS PED 7,5MG/5MCG 15ML MEY",3798,7592601100683,7.36,score_bajo
ARESAN TAB REC 40MG X10 BIOT,13808,7591243802108,8.09,score_bajo
ARIPIPRAZOL TAB DESINT 10MGX10 CR MT,27119,8904278588258,5.88,score_bajo
ARMONYL TAB REC DIA X20 PLN,52078,7800004509225,6.01,score_bajo
ARMONYL TAB REC NOCH X20 PLN,52079,7800004000258,6.88,sin_candidato
ARNICA FC AER ORIGINAL X 75G,30198,7593090002731,7.26,sin_candidato
ARNICA FC FORTE GEL MANGO 250G FC,15024,7593090000799,5.44,score_bajo
ARNICA FC FORTE GEL ROLL ON MANGO 90G FC,14137,7593090000676,3.38,score_bajo
ARNICA FC GEL CORP PLUS 250G FC,16662,7593090000218,5.68,sin_candidato
ARNICA FC GEL ROLL ON 90G FC,98652,7593090000058,3.34,sin_candidato
ARNICA FC GEL ROLL ON TERMOACT 90G FC,16485,7593090000706,3.48,sin_candidato
ARNICA GEL 250G FC,15023,7593090000775,5.88,sin_candidato
ARNICA GEL 80G IND COR,15728,7591404002200,5.77,score_bajo
ARNICA GEL ROLL ON 60G IND COR,15732,7591404002545,4.95,score_bajo
ARNICA GEL ROLL ON MENTOL 45G RECETT,26375,7594001452072,2.74,score_bajo
ARNICA GTS 30ML RECETT,20893,7594001450757,2.54,sin_candidato
ARNICA GTS 60ML RECETT,20894,7594001450764,3.26,sin_candidato
ARTHROCURE PVO P/SOL SOB 10G X 30,29040,8436567242386,48.78,sin_candidato
ARTOZ TAB REC 10MG X30 ARVEST,53531,8906188190439,10.3,sin_candidato
ARTROSAN CAP X60 WALF,28366,7592710004629,11.99,sin_candidato
ARUDIL TAB REC 10MG X10 FAR,25506,7591821210424,4.7,score_bajo
ARUDIL TAB REC 10MG X30 FAR,25514,7591821210660,11.81,score_bajo
ARUDIL TAB REC 20MG X10 FAR,19058,7591821210028,8.25,score_bajo
ARUDIL TAB REC 20MG X30 FAR,19059,7591821210578,24.25,score_bajo
ASARAP COMP/REC 15 MG X 30,30307,7591585213334,33.84,score_bajo
ASARAP COMP/REC 20 MG X 30,50067,7591585213341,34.97,score_bajo
ASCAFYL GRAG X10 MEY,260,7592601100140,4.74,score_bajo
ASCAFYL-SC GTS 15ML MEY,13120,7592601301776,6.43,score_bajo
ASHWAGANDHA CAP 450MG X30 HERB,28308,7592710002892,10.66,sin_candidato
ASHWAGANDHA CAP 450MG X60 HERB,28307,7592710002885,14.06,sin_candidato
ASHWAGANDHA CAP 500MG X30 LINOF,53580,0799192573026,8.06,sin_candidato
ASPIANDEX TAB REC 81MG X30 PLX,52971,7594001102397,3.18,score_bajo
ASTEFOR COMP REC 500MG X10 MEG,26091,7591619000589,8.44,score_bajo
ATAMEL JBE PED 120MG/5ML 120ML CLX,50583,7591519001297,3.78,score_bajo
ATAMEL JBE PED 120MG/5ML 60ML CLX,51048,7591519001679,2.03,score_bajo
ATAPEC COMP REC 25MG X30 FC,53750,7593090003639,4.92,score_bajo
ATORVASTATINA COMP/REC 40MG X20 SPEFAR,54428,7590027002581,5.45,score_bajo
ATORVASTATINA COMP/REC 80MG X20 SPEFAR,54429,7590027002567,6.58,score_bajo
ATOVAROL CAP BLD 20MG X30 VIV,97993,7592432900148,6.87,score_bajo
ATOVAROL CAP BLD 40MG X30 VIV,97994,7592432900155,11.03,score_bajo
ATRIZINA COMP REC 500MG X5 RNV,52412,7592806137163,5.63,sin_candidato
ATROVERAN FEM COMP REC 10/200MG X10 VARG,54524,7592349003338,5.45,score_bajo
ATROVERAN PLUS COMP REC 10/500MGX10 VARG,51089,7592349002225,4.78,score_bajo
AUGMENTIN ES PVO/SUS 600MG X100ML GSK,29567,7861028101291,24.23,score_bajo
AUGMENTIN PVO/SUSP 400MG/5ML X 70ML GSK,29568,7861028101345,16.92,score_bajo
AUPREL COMP/REC 90MG X 20,28697,7592349001600,24.34,score_bajo
AVAFONTAN I SOL INY 1G/2ML X3 CR MT,51921,7502226297255,3.45,sin_candidato
AVAFONTAN TAB 500MG X10 CR MT,51922,7501384550646,3.14,sin_candidato
AVELOX IV SOL P/INF 400MG/250ML AVPH,2345,7702123409861,29.99,score_bajo
"AVOST SOL OFT 0,004% 3ML CAPSUV",23361,7598055000036,13.36,score_bajo
AXET-20 TAB 20MG X30 BUKA,53130,021281086231,7.79,sin_candidato
AXOKINE COMP REC 400G X5 LETI,90556,7591585114280,73.18,score_bajo
AXOPRAM TAB 20MG X30 TODO,51836,7410000101875,7.88,sin_candidato
AZAHAR GTS 30ML RECETT,20892,7594001450771,2.69,sin_candidato
AZITROMICINA TAB/REC 500MG X 3 LA SANTE,29496,7592454120852,2.27,score_bajo
AZUCARADAS LONCH DISP 25G X6,16111,7591039385365,1.88,sin_candidato
AZUFRE PVO 20G,29773,7591616001510,1.21,sin_candidato
AZUFRE PVO 25G X20 FCH,16592,7592141000269,27.01,sin_candidato
"BACTIN D SOL OFT 0,3%/0,1% 5ML CAPSUV",27854,7598055000302,10.58,sin_candidato
"BACTIN SOL/OFT 0,3% 5ML CAPSUV",23330,7598055000050,7.57,sin_candidato
BACTRIM TAB 400/80MG X20 MEY,26897,7707355055916,32.61,sin_candidato
BACTROCIS CREM 8MG 20G BOOZ,18939,7597072000227,3.06,sin_candidato
BACTRON SUSP 100ML RNV,344,7592806122015,5.04,score_bajo
"BACUMER CREM 2%/2,5%/1% 20G BOOZ",18942,7597072000258,4.05,sin_candidato
BANTINA TAB 100MG X 30 ANGELUS,28533,7598176000731,9.38,sin_candidato
BARRA DERMISA CARBON 85G,29448,766989000362,13.13,sin_candidato
BARRA DERMO BRUCEN CLEAN P/GRASA 90G,28872,7592090000556,4.88,sin_candidato
BARRA DERMO BRUCEN CLEAN P/MIXTA 90G,28873,7592090000563,4.88,sin_candidato
BARRA DERMO BRUCEN CLEAN P/SECA 90G,28871,7592090000570,5.8,sin_candidato
BARRA DERMO LIMP BRUCEN KIDS 90G,52007,7592090000587,5.8,sin_candidato
BARRA DERMOLIMP BIOS BEBE LAVANDA X90G,29660,7595481000470,3.13,sin_candidato
BARRA DERMOLIMP BIOS BEBE MANZANILLAX90G,29659,7595481000463,3.19,sin_candidato
BARRA DERMOLIMP BIOS BEBE NEUTRO X 90G,29658,7595481000364,2.9,score_bajo
BARRA DERMOLIMP BIOS BLU X 80G,29663,7595481000432,2.55,sin_candidato
BARRA DERMOLIMP BIOS LIMP/FAC X 90G,29661,7595481000456,2.93,sin_candidato
BARRA DERMOLIMP BIOS MAXPRO X 80G,29662,7595481000425,2.58,sin_candidato
BARRA LIMP BIODERMA ATODERM INTEN 150G,34100,3401399373527,24.3,sin_candidato
BARRA NATURE VALLEY TRAIL MIX 35G X48,52241,016000439894,72,sin_candidato
BARRA PRO BAR CARAM SALADO 70G DISP X12,53734,853152100414,73.65,sin_candidato
BARRA PRO BAR PEANUT/CHOCO 70G DISP X12,53735,853152100391,73.65,sin_candidato
BARROCUTINA GEL FAC INVISIBLE 20G FC,16884,7593090002199,8.64,sin_candidato
BARROCUTINA GEL LIMP FAC 120ML FC,20040,7593090002397,13.34,sin_candidato
BASE D/COLOSTOM PLUSMEDIC 57MM SOB X10,50099,7597467002232,79.86,score_bajo
BB CREM ZOAH A/EDAD CLARO 50ML,21586,7596211001071,5.38,sin_candidato
BB CREM ZOAH A/EDAD MEDIO 50ML,21587,7596211001088,5.38,sin_candidato
BEBIDA LACTEA PVO MONTAÑA FRESCA 125G,27331,7596914000395,1.81,score_bajo
BEBIDA LACTEA PVO MONTAÑA FRESCA 400G,25523,7596914000401,5.35,score_bajo
BEBIDA LACTEA PVO MONTAÑA FRESCA 900G,27330,7596914000418,11.68,score_bajo
BEBIDA PVO NESQUIK CHOCO 570G,52439,28000428433,10.4,sin_candidato
BEBIDA PVO NESQUIK FRESA 532G,52440,28000846794,6.91,score_bajo
"BECUTENPLUS CREM 0,05/1/0,5% 30G TIAR",53379,198715024036,3.77,sin_candidato
"BEDEX SOL BUCAL 0,15% 120ML PLX",28364,7594001101871,4.97,score_bajo
BENFLUX JBE 120ML PLN,7034,7592348203005,4.01,score_bajo
"BENZODIAZOL TAB MAST NAR 0,25/5MGX16 MEY",97347,7592601301509,4.56,score_bajo
BEPROSPEN SUSP INY 7MG/ML + JER X1 BIOT,6249,7591243803730,11.51,sin_candidato
BEPROSPEN SUSP/INY 7MG/ML X 1 AMP,50750,7591243803754,9.12,sin_candidato
BERBERINA CAP 500MG X60 HERB,54293,7592710006234,25.17,sin_candidato
BERRO JBE 120ML RECETT,20897,7594001452348,3.51,sin_candidato
BERRO JBE 240ML ARC IRIS,13658,7592946168560,10.65,sin_candidato
BERRO JBE X 180ML BIOF,50340,7591616002258,4.97,sin_candidato
BERRYDOPHILUS TAB/MAST 2BILLION X 60,50168,733739029362,22.86,sin_candidato
BETADAC SUSP INY 4MG/3MG/ML X1 CR DAC,52954,7598578001114,4.27,sin_candidato
"BETADEX CREM 15G 0,1% LIALI",24647,021281083261,1.81,sin_candidato
BETADINE JAB 180ML FAR,16973,7591821210820,14.3,score_bajo
"BETAGEMER CREM 0,1%/0,1% 20G BOOZ",18945,7597072000289,4.52,sin_candidato
"BETAME/GENTA/CLOTR CREM 0,5/1/10MG ALESS",51995,7597758000848,2.48,sin_candidato
"BETAMER CREM 0,1% 20G BOOZ",18944,7597072000265,4.31,sin_candidato
BETAMET/CLOTRIM/GENTAM CREM 30G KM,54317,6942189530272,3.97,sin_candidato
"BETAMETASONA/LORAT JBE 0,05/1MG 100ML HM",52422,0736372692269,1.04,score_bajo
"BETAPLUS CREM 0,05% 20G PORTU",50813,7750215001547,2.99,sin_candidato
"BETARRETIN CREM 0,025% 30G MEG",30764,7591619517841,11.95,score_bajo
"BETARRETIN CREM 0,05% 30G MEG",30766,7591619517858,14.42,score_bajo
"BETARRETIN GEL 0,025% 30G MEG",1848,7591619517834,13.38,score_bajo
BETARRETIN H CREM 5% 30G MEG,38981,7591619517865,16.1,score_bajo
BETARRETIN H LOC 5% 60ML MEG,38980,7703333007205,20.52,score_bajo
"BETARRETIN LOC 0,05% 60ML MEG",1847,7703333007007,19.35,score_bajo
"BETASALICIS CREM 0,1%/0,05% 20G BOOZ",20708,7597072001149,4.03,sin_candidato
"BETASKIN CREM TOP 0,05% 15G TIAR",53377,198715246605,2.51,sin_candidato
BETASOL UNG 30G SEF,50804,8906175450003,5.78,sin_candidato
BETAYODINE SOL 10% X100ML LYA,25497,7599028000275,8.45,sin_candidato
BETAYODINE SOL/JAB LYA 10% X 100 ML,28749,7599028000282,8.87,sin_candidato
BEUSAN JBE CEBOLLA MORAD 240ML HERB,16631,7592710001260,5.32,sin_candidato
BEUSAN JBE EXPECTORANTE 240ML HERB,16630,7592710001277,6.07,sin_candidato
BEUSAN JBE PLUS 240ML HERB,16632,7592710001253,6.07,sin_candidato
"BEXADERM CREM 1%/0,01%/0,05% 20G PORTU",50814,7750215015810,3.27,sin_candidato
BICARBONATO D/SOD SOL INY 5% 100ML BHR,4842,7592637000100,11.09,score_bajo
"BICOL COMP REC 160/12,5MG X14 MEY",25232,7592601303626,14.18,sin_candidato
"BICOL COMP REC 80MG/12,5MG X14 MEY",25253,7592601303602,7.45,sin_candidato
"BIOCOR/HTC TAB REC 40MG/12,5MG X30 CLX",17707,7591519316261,19.47,score_bajo
BIODERMA SEBIUM H2O SOL X 100 ML,93732,3401395376935,20.09,sin_candidato
BIOFENIT AMP IV/IM 250MG/5ML X10 CR BIO,51642,7598455000391,12.64,sin_candidato
BIOMYCIN SOL OFT 3MG/ML X5ML CR BIO,54458,7598455000742,3.4,score_bajo
BIOSONA PVO LIOFIZ VIAL 500MG X1 CR BIO,54454,7598455000032,12.53,score_bajo
"BIOTALOL HCT COMP REC 2,5/6,25MGX30 LETI",53196,7591585313300,11.5,score_bajo
BIOTIC HC SOL 1% X5ML CR BIO,54456,7598455000469,8.23,sin_candidato
"BIOTILOL SOL OFT 0,5% X10 ML CR BIO",54457,7598455000520,3.95,sin_candidato
BIOTINA CAP 5000MCG X30 VAL,23186,617748376306,11.75,sin_candidato
"BIPROLIL HCT COMP REC 2,5/6,25MGX30 VARG",51584,7592349002294,6.92,score_bajo
BIRGIT COMP REC 100MG X10 MEG,28299,7730969307676,4.42,score_bajo
BIRGIT COMP REC 100MG X30 MEG,28300,7730969307669,16.23,score_bajo
BIRGIT PLUS COM/REC 50MG/1000MG X 30,28731,7730969307706,28.18,score_bajo
BIRGIT PLUS COMP REC 50MG/500MG X30 MEG,28302,7730969307683,23.12,score_bajo
BIRGIT PLUS COMP REC 50MG/850MG X30 MEG,52040,7730969300004,28.57,score_bajo
"BISMUALIV SUSP/ORAL 87,33MG/5ML X 150ML",29167,7750215021927,5.38,sin_candidato
BISOBLOC TAB 10MG X30 GFARM,15693,7406076105404,13.97,score_bajo
"BISOBLOC/HCT TAB 10MG/6,25MG X30 GFARM",15694,7406076103998,16.48,score_bajo
BITRILVA TAB 100MG X30 ZORIAK,52150,7599112000433,25.74,sin_candidato
BITRILVA TAB 50MG X 30,30341,7599112000334,22.52,sin_candidato
BLOKXA TAB REC 10MG X14 CLX,22594,7591519000405,5.58,score_bajo
BLOKXA TAB REC 10MG X28 CLX,54278,7591519002942,9.53,score_bajo
BLOKXA TAB REC 15MG X28 CLX,54279,7591519002959,14.03,score_bajo
BLOKXA TAB REC 20MG X14 CLX,22837,7591519000429,10.36,score_bajo
BLOKXA TAB REC 20MG X28 CLX,54280,7591519002966,17.82,score_bajo
BLUDHES TAB REC 500MG X30 BLUE,50780,7598127002272,11.45,sin_candidato
BLUFEN PLUS TAB 800MG X10 BLUE/M,23885,7598127000988,0.61,sin_candidato
BLUXCEDRIN TAB/REC 250MG/250MG/65 X 10,50572,7598127002067,1.53,sin_candidato
BLUXIMA PVO SUSP 100MG/5ML 60ML BLUE/M,23525,7598127000773,3.9,sin_candidato
BOLARIA COMP REC 16MG X60 MEG,51002,7460536573639,19.87,score_bajo
BON O BON BLANCO/CREM MANI DISP 15G X 15,50436,0750220941427,9.26,sin_candidato
BON O BON BLANCO/CREM MANI DISP 15G X 30,50447,7502230942363,9.26,sin_candidato
BON O BON CHOCO CHOCO DISP 15G X 15,50442,75046910,5.26,sin_candidato
BON O BON CHOCO/CREM MANI DISP 15G X 15,50435,7502230942028,5.26,sin_candidato
BON O BON CHOCO/CREM MANI DISP 15G X 30,50446,7502230942356,9.26,sin_candidato
BONAC GEL 4% 30G MEG,9545,7703332003079,18.44,score_bajo
BONAMES TAB REC 150MG FAR,99210,7591821903326,4.36,score_bajo
BONITROP GRAG 100MG X20 COFA,7049,7591818213124,7.18,sin_candidato
BOOZ SPORT CREM 40G BOOZ,22658,7597072001187,2.17,sin_candidato
BORIFEM CAP/VAG X 30,28551,7597773000397,12.48,sin_candidato
BORIFEM CREM INTIMA 2% X 25G,28550,7597773000915,9.55,sin_candidato
BRAL TAB 500MG BLIS 25X4 BIOTECH,577,7591243807127,27.52,score_bajo
BRESIS COMP REC 600MG X20 MEG,54187,7591619001500,8.96,score_bajo
BRESIS COMP REC 600MG X30 MEG,53310,7591619001517,12.21,score_bajo
BRESIS PLUS COM/REC 500MG X 30,50579,7460536574025,18.31,score_bajo
BREXIN JBE 180MG/5ML 120ML COFA,27031,7591818213407,2.77,score_bajo
"BRIMOPRESS SOL OFT 0,2% 5ML MEG",13585,7795368001853,14.68,score_bajo
BRIXIA SOL/OFT X 6ML,1989,7795368001754,12.86,score_bajo
BRODILIN JBE PED 120ML VARG,253,7591651896805,5.77,score_bajo
BROFLEMA SOL ORAL 4MG/5ML PED 120ML BIOT,52164,7591243807332,3.78,score_bajo
BROLAT JBE 5MG/30MG 60ML MEY,98628,7592601301585,6.68,score_bajo
BROMECOR JBE 4MG/5ML 120ML BIOQ,22402,7594000850077,4.05,sin_candidato
BROXOL FLEM JBE AD 120ML PHARME,6826,7592454000437,8.01,score_bajo
BROXOL FLEM JBE PED 120ML PHARME,6828,7592454000444,6.79,score_bajo
BROXOL GRIP JBE PED 120ML PHARME,7595,7592454000734,6.77,score_bajo
BROXOL JBE PED 50/5ML S/AZU 120ML PHARME,94208,7592454002127,5.62,score_bajo
BROXOL TOS AD S/AZUC JBE X 120 ML,94207,7592454002110,6.83,score_bajo
BRUDOL COMP REC 200MG/65MG X20 ELM,16419,7591062901105,3.97,score_bajo
BRUDOL COMP REC 400MG/65MG X20 ELM,16420,7591062901082,4.58,score_bajo
BRUGESIC COMP REC 200MG X10 ELM,99048,7591062902379,1.71,score_bajo
BRUGESIC GRAG 600MG X10 ELM,10221,7591062902539,3.22,score_bajo
BRUGESINA COMP REC 300MG/10MG X10 ELM,24972,7591062010616,5.13,score_bajo
BUCOXOLGAR TAB MAST 3/1MG F/ROJX10PHARME,19870,7592454891363,3.77,score_bajo
BUCOXOLGAR TAB MAST 3/1MG MENTX10 PHARME,19868,7592454891370,4.18,score_bajo
BUDECORT AER INH 200MCG X100DOSIS L.O,4201,7591196002112,12.86,score_bajo
BUDECORT SUSP P/INH 1 MG/ML X 15ML,30268,7591196000668,13.5,score_bajo
BUDENAS SUSP ATO 1MG X200DOSIS L.O,7177,7591196000644,17.16,score_bajo
BUDESONIDA INH PED 50MCG X200DOSIS MDF,4804,7591096000898,21.27,score_bajo
BUDESONIDA/FORMOTEROL SUSP P/INH 120D KM,54319,8908010870267,19.14,score_bajo
BUSCOSYN TAB 10MG X20 DOLLY,27802,8908010763101,6.21,sin_candidato
BUTAL TAB REC 8MG X20 SIEG,52802,7592601000327,7.05,score_bajo
BUTAL TAB/REC 16MG X 10 MEYER,28648,7592601000372,7.56,score_bajo
BUTAL TAB/REC 16MG X 20 MEYER,28649,7592601000389,14.38,score_bajo
BUTILATT PLUS TAB 500MG/10MG X10 CR LATT,29997,756029628328,5.58,sin_candidato
BUTILATT TAB 10MG X10 CR LATT,29995,756029628304,5.19,sin_candidato
BUTILLAT SOL ORAL 5MG/5ML 20ML CR LATT,54438,756029628380,3.27,sin_candidato
BUTROPINA GTS PED 20ML VIN,2752,7592782000338,6.49,score_bajo
CAB-5 TAB 5MG X30 CAPSUV,23314,7598055000258,2.64,sin_candidato
CABEZALES CEPILLO DENT ICEBERG X2,51198,7597297001481,5.83,sin_candidato
CABOZERO CAP X60 HERB,52363,7592710005589,13.29,sin_candidato
CAFE VERDE CAP 450MG X60 HERB,52349,7592710003134,10.45,sin_candidato
CALAMICIS LOC 200ML BOOZ,20715,7597072001163,3.9,sin_candidato
CALAMINA LOC/TOPICA REFRESC X 110ML BIOF,50338,7591616002227,4.97,score_bajo
CALAMINA LOC/TOPICA REFRESC X 180ML BIOF,50339,7591616002234,7.06,score_bajo
CALCIBON D TAB REC 1500MG/800UI X30 FAR,51482,7591821210905,12.76,score_bajo
CALCIFOR PRENATAL TAB X 30,50725,7597189295202,16.42,sin_candidato
CALCIO C/VIT D TAB 600MG X30 NAT NUT,92654,669238000185,11.61,score_bajo
CALCIO/VIT D TAB 600MG/400UIX60 ARC IRIS,27174,7592946001508,9.29,score_bajo
CALDO D/POLLO MAGGY DISP 35G X12,20475,7591016205334,9.07,sin_candidato
CALEN/MANZ/ZAB GEL 60G RECETT,26378,7594001453376,4.4,sin_candidato
CAMOLYN PLUS SOL OFT 15ML,50811,7591196000651,5.02,score_bajo
CAMPAL CREM 20G MEY,7898,7592601100232,8.16,score_bajo
"CAMPAL GEL 1,16 % 25G SIEG",53178,7592601000624,5.01,score_bajo
"CANDEXIL PLUS TAB 16MG/12,5MG X28 DORO",21685,8699525014344,11.58,sin_candidato
"CANDEXIL PLUS TAB 32MG/12,5MG X28 DORO",21686,8699525014351,14,sin_candidato
CANDIDA SUPPORT CAP X 90,50663,733739033086,33.95,sin_candidato
CARAM GOMBY DOTZ ACIDITOS 30G DISP X16,53773,7593570000653,11.4,sin_candidato
"CARAM HALLS CHERRY LYPTUS 25,2G DISP X12",52753,7622210427045,5,sin_candidato
"CARAM HALLS EXTRASTRONG 24,75G DISP X12",52754,7622202015212,5,sin_candidato
CARAM HALLS MENTHOL LIPTUS DISP X12,64499,7622210426970,5,sin_candidato
CARBONATO D/LITIO TAB 300MG X 20 FM,28718,8906082151192,2.29,score_bajo
CARDIMAR CAP X90 ARC IRIS,28400,7592946000341,13.41,sin_candidato
CARDO LECHOSO CAP 370MG X60 HERB,99683,7592710000416,13.18,sin_candidato
CARLEUNI TAB 25MG/250MG X30 UNIPH,53761,7598852001816,11.21,sin_candidato
"CARVEDILOL TAB REC 12,5 MGS X30 PHARMA",52124,7593352000079,2.54,score_bajo
CARVEDILOL TAB REC 25MG X20 KIMIC,24436,7592616576657,6.03,score_bajo
CARVEDILOL TAB REC 25MG X30 KIMIC,54225,7592616576664,8.61,score_bajo
"CARVEDILOL TAB REC 6,25MG X20 KIMIC",9486,7592616576619,3.39,score_bajo
"CARVEDILOL TAB REC 6,25MG X30 KIMIC",54223,7592616576718,5.03,score_bajo
"CARVEDILOL TAB REC 6,25MG X30 PHARMA",52123,7593352000086,2.25,score_bajo
"CARVETOP COMP 12,5MG X 30",29749,7593090002519,6,sin_candidato
"CARVETOP COMP 6,25MG X 30",29748,7593090002502,5.44,sin_candidato
CARVIX CAP BLD X30 VIV,6861,7592432009728,8.83,score_bajo
CASCARA SAGRADA CAP 300MG X60 NAT PREM,13366,7592430000178,9.77,sin_candidato
CASCARA SAGRADA CAP 430MG X30 HERB,24090,7592710003790,7.79,sin_candidato
CASCARA SAGRADA CAP 430MG X60 HERB,99649,7592710000447,10.36,sin_candidato
CASCARA SAGRADA CAP 450MG X100 NOW,6778,733739100245,16.82,sin_candidato
CASTAÑA D/INDIA CAP 450MG X30 HERB,24091,7592710003806,10.66,sin_candidato
CASTAÑO D/INDIAS CAP 400MG X60 ARC IRIS,17787,7592946007104,12.86,sin_candidato
CASTAÑO D/INDIAS CAP 450MG X60 HERB,99650,7592710000454,13.18,sin_candidato
CASTAÑO D/INDIAS CAP 450MG X60 WALF,28373,7592710004520,11.25,sin_candidato
CASTAÑO D/INDIAS CAP 500MG X70 ABEJ,51006,7597134002121,9.75,sin_candidato
CEBION MINIS TAB MAST X45 X10SOB FAR,8444,7702418004658,68.96,score_bajo
CEBION TAB MAST TROPI 500MG DISP12X12FAR,3897,7702418004887,51.9,score_bajo
CEDROX CAP 500MG X 10 FC PHARMA,29406,7593090002137,6.42,sin_candidato
CEDROXYL TAB 500MG X10 ZUZU,52562,7599608000732,3.64,sin_candidato
CEFIPLUS CREM VAG 15%/4% 40G DLR,25427,7592803004086,12.19,score_bajo
CEFIXINA PVO SUS 100MG/5ML PED 60ML LETI,50330,7591585176202,29.98,sin_candidato
CEFONAX PVO SUSP ORAL 250MG/5ML 60ML ELM,8218,7591062012320,7.81,score_bajo
"CEFOPERAZONA SULB PVO/SOL 1,5G X 1 ZUZU",50388,7599608000770,0.97,score_bajo
CEFOTAS PVO/SUSP 250MG/5ML X 100ML,30069,7703281021353,8.31,score_bajo
CELAY SOL GTS PED 10MG 15ML COFA,2568,7591818111123,1.96,score_bajo
CELISTIA PVO SUSP ORAL 100/5ML 100ML FC,52067,7593090003080,18.84,score_bajo
CENTAB-BETA TAB VIT/MINERALES X30 G PHAR,21935,7597189000080,13.67,score_bajo
CENTELLA ASIATICA CAP 300MG X60 NAT PREM,13363,7592430000185,10.94,sin_candidato
CENTELLA ASIATICA CAP 450MG X30 HERB,24092,7592710003820,10.66,sin_candidato
CENTELLA ASIATICA CAP 450MG X60 HERB,99651,7592710000461,11.56,sin_candidato
CENTELLA ASIATICA CAP 500MG X60 WALF,28368,7592710004506,11.54,sin_candidato
CENTELLA ASIATICA PLUS TAB 500MG X30 VAL,51350,644197336148,13.69,sin_candidato
CENTELLA/ALCAC CAP 120/180MGX60 NAT PREM,13362,7592430000031,9.62,sin_candidato
CENTELLACIS CREM 1% 20G BOOZ,20713,7597072001170,6.42,sin_candidato
CENTELLALAB CAP 500MG X70 ABEJ,51007,7597134000691,9.77,sin_candidato
CENTELLASAN CAP 300MG X90 ARC IRIS,7065,7592946005704,13.51,sin_candidato
CENTRAVIT SILVER 50+ TAB HOMBR X60 ALESS,52813,7597758001173,16.75,sin_candidato
CENTRAVIT SILVER 50+ TAB MUJER X60 ALESS,52817,7597758001159,17,sin_candidato
CENTRAVIT TAB HOMBR X60 ALESS,52811,7597758001166,14.7,sin_candidato
CENTRAVIT TAB MUJER X60 ALESS,52815,7597758001142,15.08,sin_candidato
CEPILLO DENT COLGATE SLIM CARBON 2PACK,52916,7509546061689,5.91,sin_candidato
CEPILLO DENT ELECT ICEBERG KIDS GIRL,51199,7597297001634,22.65,score_bajo
CEPILLO DENT ELECT ICEBERG SONIC PRO,51196,7597297001474,30.17,sin_candidato
CEPILLO/DENT COLGATE 360 LUMIN/WH X2,27588,7509546055152,5.91,sin_candidato
CEPILLO/DENT COLGATE 360 TOTAL12 ADV X2,24404,7509546072531,5.91,sin_candidato
CEPILLO/DENT COLGATE 360° M,36930,7891024316160,3.62,sin_candidato
CEPILLO/DENT COLGATE ENCIAS THERAPY X2,26249,7509546667744,8.05,sin_candidato
CEPILLO/DENT COLGATE GUMMY SENSITIVE X2,51901,7509546686929,9.58,sin_candidato
CEPILLO/DENT COLGATE PREMIER CLEAN,20490,6910021007206,1.07,sin_candidato
CEPILLO/DENT COLGATE PRO CUIDADO SUAV X4,24541,7509546074313,5.05,sin_candidato
CEPILLO/DENT COLGATE PROCUID CARB 2PACK,54102,7509546694986,4.23,sin_candidato
CEPILLO/DENT COLGATE SLIMSOFT ADV X2,27041,7891024064313,9.52,sin_candidato
CEPILLO/DENT COLGATE SLIMSOFT17 CHARCOAL,18570,7891024073070,3.59,sin_candidato
CEPILLO/DENT COLGATE SMILES NIÑOS 2-5,35221,7591083011098,3.61,sin_candidato
CEPILLO/DENT COLGATE T/ACCION,97284,7702010631191,1.59,score_bajo
CEPILLO/DENT COLGATE T/ACCION X2,20486,7702010631207,2.71,score_bajo
CEPILLO/DENT COLGATE TANDY KIDS +5 X1,19602,7509546074122,1.16,sin_candidato
CEPILLO/DENT COLGATE TOTAL LIMP ESPUMOSA,53333,7509546693712,3.59,score_bajo
CEPILLO/DENT COLGATE TWISTER FRESH X2,50764,7702010130250,3.15,sin_candidato
CEPILLO/DENT COLGATE ZIG ZAG CARB 2PACK,54101,7509546673042,4.23,sin_candidato
CEPILLO/DENT COLGATE ZIG ZAG CHARCOAL X1,27424,7509546658223,1.6,sin_candidato
CEPILLO/DENT ICEBERG ACQUA P/AD,20083,7597297000460,0.69,sin_candidato
CEPILLO/DENT ICEBERG ADVAN PRO CERDA MED,21614,7597297000477,0.7,sin_candidato
CEPILLO/DENT ICEBERG ADVAN PRO MAN P/AD,20079,7597297000187,0.7,sin_candidato
CEPILLO/DENT ICEBERG ADVANCED PRO MED,51929,7597297001795,1.05,sin_candidato
CEPILLO/DENT ICEBERG CRI/CLEAN AD CE/MED,21616,7597297000491,0.65,sin_candidato
CEPILLO/DENT ICEBERG DASHER P/NIÑOS,20084,7597297000224,0.59,sin_candidato
CEPILLO/DENT ICEBERG INTERDENT X5,20090,7597297000439,1.93,sin_candidato
CEPILLO/DENT ICEBERG ORTODONCIA,20091,7597297000415,1.4,sin_candidato
CEPILLO/DENT ICEBERG PENGUIN P/NIÑOS +3,20086,7597297000248,0.62,sin_candidato
CEPILLO/DENT ICEBERG SMILE P/NIÑOS,20087,7597297000255,0.56,sin_candidato
CEPILLO/DENT ICEBERG TOTAL CLEAN MAN AD,20080,7597297000194,0.68,score_bajo
CEPILLO/DENT ICEBERG WAVE CERD/MEDIA AD,21617,7597297000507,0.43,score_bajo
CEPILLO/DENT VIAJERO ICEBERG,21618,7597297000514,0.76,sin_candidato
"CERCIORAT COMP 0,75MG X2 CCM",52221,7804656600095,5.94,score_bajo
CEREAL CHOCOSAFARI LONC DISP 25G X6,16112,7591039400112,1.88,sin_candidato
CEREAL FRUTY AROS LONC DISP 20G X6,16108,7591039894270,1.88,sin_candidato
CETERIX SOL ORAL PED 5MG/5ML 60ML MEG,53603,7591619001463,3.7,score_bajo
CETIDEX TAB/REC 10MG X10 PLX,54329,7594001102502,1.72,score_bajo
CETIRIVAX CAP BLD 10MG X10 VIV,1291,7592432001654,1.48,sin_candidato
CETIRIZINA JBE 1MG/ML 60ML KIMIC,7587,7592616083018,2.77,score_bajo
CETIRIZINA SOL PED 1M/ML 60ML LETI,1861,7591585174598,4.48,score_bajo
CETRIAXIN PVO LIOF INY 1G X1 BLUE/M,52482,7598127000612,3.14,sin_candidato
CEUMID COMP REC 1000MG X30 MEG,15746,7730699001257,36.36,score_bajo
CEUMID SOL ORAL 100MG/ML 150ML MEG,15748,7730698012469,32.86,score_bajo
CEVAX CAP BLD 500MG X15 VIV,20268,7592432901381,4.96,score_bajo
CEVAX CAP BLD VIT C 500MG X30 VIV,2041,7592432007649,8.08,score_bajo
CEVITMER CREM 10% 40G BOOZ,54069,7597072001255,11.04,sin_candidato
CHANCA PIEDRA CAP 400MG X30 HERB,24194,7592710003813,9.35,sin_candidato
CHANCA PIEDRA CAP 400MG X60 HERB,99652,7592710000478,13.18,sin_candidato
CHANCAPIEDRA CAP 500MG X70 ABEJ,51008,7597134002114,7.19,sin_candidato
CHEETOS BOLIQUESO DISP 25G X12,27468,7591206003856,7.05,sin_candidato
CHEETOS FLAMIN HOT DISP 38G X12,19095,7591206285160,9.08,sin_candidato
CHEETOS MEGA PUFF DISP 28G X12,18158,7591206114668,9.11,sin_candidato
CHICHA PVO SAN SIMON 250G,27444,7596914000548,2.06,score_bajo
CHICHA PVO SAN SIMON 500G,17900,7596914000050,4.2,score_bajo
CIALIS COMP REC 5MG X14 CR CCM,93842,7703991000112,116.94,score_bajo
CIBRALIP CAP 100MG X30 FC,52068,7593090003172,17.79,sin_candidato
CICLOFTAL SOL OFT 1% 15ML L.O,9675,7591196000064,39.63,sin_candidato
"CICLOGYNON TAB REC 0,15/0,03MG X21 TIAR",26413,8904250520900,9.43,score_bajo
CICLOKAN COMP REC 500MG X21 MEG,16882,7591619519227,21.56,score_bajo
CIFARCAINA SOL 1% 100ML BHR,836,7592637000155,9.86,score_bajo
CIFLOX COMP REC 500MG X14 MEG,26423,7591619000565,7.79,score_bajo
CIFLOX COMP REC 750MG X7 MEG,26424,7591619000572,6.1,score_bajo
CIPROFIBRATO TAB 100MG X30 PHARME,94217,7703763268863,17.25,sin_candidato
CIPROFLOXACINA TAB REC 500MG X6 VENEQ,21348,7597285000090,1.62,score_bajo
CIPROLYP TAB 100MG X30 D&N,51115,7410002011363,19.48,sin_candidato
CIPROQUIN SOL IV 2MG/ML 200MG 100ML BHR,7495,7592637000216,6.43,score_bajo
CIPROTAN TAB 500MG X20 ZORIAK,21970,8903489000252,6.04,sin_candidato
CIRGREL TAB REC 75MG X30 PHARME,22809,7592454003315,9.69,score_bajo
CIRUELAX FORTE COMP 125MG BLIS10X10 MEG,51044,7803510002549,33.43,score_bajo
CIRUELAX MINITAB COMP 75MG BLIS10X10 MEG,51045,7803510003430,28.36,sin_candidato
CISTAFLUX TAB 100MG X30 ZORIAK,53527,7599112000501,7.88,sin_candidato
CISTAFLUX TAB 50MG X30 ZORIAK,51312,7599112000341,5.13,sin_candidato
CITIC COMP REC 500MG X30 VARG,53594,7592349002485,20.78,sin_candidato
CITRATO D/MAGNESIO CAP 500MG X60 HERBAP,28488,7592710005558,11.7,score_bajo
CITRATO D/MAGNESIO CAP 500MG X70 ABEJ,53636,7597134001094,8.7,score_bajo
CITRATO D/MAGNESIO TAB 200MG X30 NOW,52093,733739110633,17.14,score_bajo
CITRATO D/POTA EDUL SOL 10% 1L BIOF,19533,7591616000704,10.19,score_bajo
CITRATO D/POTA JBE 10% 120ML RECETT,97085,7594001450894,2.66,score_bajo
CITRATO D/POTA SOL 240ML LYA,26073,7599028000107,4.94,score_bajo
CITRATO D/POTA SOL 500ML BIOF,20255,7591616002937,7.36,score_bajo
CITRATO D/POTA SOL 500ML LYA,26074,7599028000114,7.78,score_bajo
CITRATO D/POTASIO JBE 10% S/AZUC X 120ML,28837,7594001455837,2.47,score_bajo
CITRATO D/POTASIO JBE 10% S/AZUC X 500ML,28838,7594001455820,6.17,score_bajo
CITRATO D/POTASIO SOL 10% 1L ABEJ,53638,7597134001063,12.7,score_bajo
CITRATO D/POTASIO SOL X 1LT RECETT,28839,7594001455868,8.29,score_bajo
CITRATO D/POTASIO SOL X 500ML RECETT,28840,7594001455851,4.94,score_bajo
CITRATO MAGNESIO TAB 500MG X30 VAL,13151,714439705466,12.44,score_bajo
"CLAMOLIN SUSP 600MG/42,9MG 60ML ZUZU",52568,7599608003009,7.82,sin_candidato
CLAMOLIN TAB 875MG/125MG X10 ZUZU,52569,7599608000442,9.99,sin_candidato
CLARASOL SOL OFT 15ML L.O,5150,7591196000071,5.56,score_bajo
CLARITROMICINA SUSP 250MG/5ML 50ML PORTU,25012,7750215007167,12.39,score_bajo
CLARIX SOL NASAL PED 15ML L.O,9211,7591196000101,9.15,score_bajo
CLARIX SOL OFT 15ML L.O,7465,7591196000088,4.89,score_bajo
CLASOL SOL ORAL 15MG/5ML 120ML ANG/H,52908,7598176001158,2.86,sin_candidato
"CLAVOXILIN SUSP 250/62,5MG/5ML120ML DORO",20381,5600360011637,6.16,score_bajo
CLAVUMEDC TAB 500MG/125MG X10 IPS,23167,7597285000397,8.39,sin_candidato
CLAVUTAN TAB 875MG/125MG X10 ZORIAK,22557,8903489001747,9.81,sin_candidato
CLEANMED GEL TOP 1% 15G FMED,50983,8906188190217,1.99,sin_candidato
"CLENBUNAL JBE AD 0,010MG 120ML MEG",5980,7591955000120,7.14,score_bajo
"CLENBUXOL JBE 0,01MG/5ML 120ML MEG",5984,7591955000151,7.79,score_bajo
CLENBUXOL SOL GTS PED 20ML MEG,5985,7591955000175,5.58,score_bajo
CLENOSAN COMP REC 90MG X30 LETI,52057,7591585212566,53.5,score_bajo
CLIKET DUO OVU 100MG/400MG X5 TIAR,26415,8904187881303,10.01,score_bajo
"CLIMABEL COMP 2,5MG X30 CR CCM",20469,7401078900019,39.04,score_bajo
CLIMASOY CAP 100MG X30 FAR,97150,7591821802735,9.94,sin_candidato
CLINDAMER CREM 1%/5% 20G BOOZ,20709,7597072001156,5.69,sin_candidato
CLINDAMICINA FOSFAT GEL TOP 1% 15G CR MT,53400,8908000942622,8.29,score_bajo
CLINDAMICINA GEL TOP 1% 15G CR ZUK,23694,7590027000171,18.45,score_bajo
CLINDASKIN GEL 1% X 25G,50181,8906081308894,10.49,sin_candidato
CLINFAST OVU 100/200MG X3 TIAR,26416,8906081306876,13.55,sin_candidato
CLINFOL DUO CAP VAG 100MG/400MG X7 ADIUM,28312,7401069004351,8.36,score_bajo
"CLOBESKIN CREM TOP 0,05% 30G TIAR",53378,198715691771,4.81,sin_candidato
CLODOXIM COMP 10MG X20 PLX,6888,7594001100584,6.94,sin_candidato
CLODOXIM GTS 1MG/ML 30ML PLX,6887,7594001100560,3.9,sin_candidato
CLODOXIM JBE 5ML 120ML PLX,6886,7594001100577,5.73,sin_candidato
CLOFEN CAP AP 100MG X10 DLR,433,7592803001085,6.23,score_bajo
CLOMIFEM TAB/REC 50MG X 30,30325,18904187829326,9.6,sin_candidato
CLONEDAC CREM 20G CR DAC,22835,8906121690262,4.46,score_bajo
CLOPID TAB REC 75MG X30 BHR,92148,7592637006287,6.68,sin_candidato
CLORHID D/MEBEVERINA CAP 200MG X30 CR MT,54229,8904464206362,16.02,score_bajo
"CLORTIDEN TAB 12,5MG X30 ZORIAK",28190,7599112000235,3.54,sin_candidato
CLORURO D/MAGNE SOL COCO 240ML RECETT,52788,7594001456087,4.48,score_bajo
CLORURO D/MAGNE SOL FRAMB 240ML RECETT,52787,759001456124,4.48,score_bajo
CLORURO D/MAGNE SOL LIMON 240ML RECETT,52790,7594001456117,4.48,score_bajo
CLORURO D/MAGNE SOL NAR 240ML RECETT,52792,7594001456100,4.48,score_bajo
CLORURO D/MAGNE SOL PARCHI 240ML RECETT,52791,7594001456094,4.48,score_bajo
CLORURO D/MAGNES JBE 240ML ARC IRIS,13665,7592946168553,7.79,score_bajo
CLORURO D/MAGNES SOB 33G X12 RECETT,97087,7594001450474,33.35,score_bajo
CLORURO D/MAGNES SOL 1000L BIOF,20253,7591616002944,7.79,score_bajo
CLORURO D/MAGNES SOL 500ML BIOF,20254,7591616002951,5.83,score_bajo
CLORURO D/MAGNESIO ALPHA BMT SOB X 25G,29469,7597773000038,3.25,score_bajo
CLORURO D/MAGNESIO SOL S/FRAMBUES 20MLX5,29417,17594001455896,3.29,score_bajo
CLORURO D/MAGNESIO SOL S/LIMON 20ML X5,29416,17594001455889,3.29,score_bajo
"CLORURO D/POTA AMP 1,49G/5ML X100 MEDV",51159,7501125111303,122.43,score_bajo
"CLORURO D/POTA SOL INY 7,5% 100ML BHR",4521,7592637000339,10.53,score_bajo
"CLORURO D/SOD SOL 0,9% 500ML BLUE/M",23535,6972718560180,1.54,score_bajo
"CLORURO D/SOD SOL 0,9%100ML BLUE/M",23536,6972718560012,1.6,score_bajo
"CLORURO D/SOD SOL INY 0,9% 100ML IPS",21357,7597285000038,1.7,score_bajo
"CLORURO D/SOD SOL INY 0,9% 500ML GKV",21350,7595624200101,3.69,score_bajo
"CLORURO D/SOD SOL INY 0,9% 500ML IPS",21356,7597285000052,1.73,score_bajo
CLORURO D/SOD SOL INY 0.9% 100ML GKV,21351,7595624200118,2.95,score_bajo
"CLORURO SODIO SOL 0,45% 100ML ZUZU",52598,7599608002934,1.74,score_bajo
CLOTRIMAZOL CREM 1% 20G PORTU,23722,7750215136249,2.18,score_bajo
CLOTRIMAZOL CREM TOP 1% 20G ALESS,51996,7597758001050,2.63,score_bajo
CLOTRIMAZOL CREM VAG 2% 20G LETI,51265,7591585177490,7.81,score_bajo
CLOTRIMAZOL CREM VAG 2% X 30G TIAR,26411,8904250520764,4.69,score_bajo
CLOTRIMAZOL CREM VAG/CANULA 10% 5G KIMIC,15301,7592616584157,4.43,score_bajo
CLOTRIMAZOL CREM/VAG 1% X 40G CALOX,50166,7591519000702,8.16,score_bajo
CLOTRIMAZOL/NEOMIC/DEXAM CREM 20G PHARME,9315,7592454003704,6.5,score_bajo
CLOUSAN TAB 1000MG X30 CLEO,52829,7598677000537,13.71,sin_candidato
CLX OVUL CUMLAUDE LAB X10 MANCENT,51033,8428749884309,31.39,sin_candidato
"COAPROVEL COMP REC 150MG/12,5MG X28 CLX",93572,7706263001695,42.51,sin_candidato
COCHE ORTOPEDICO NEXT STEP PED,53646,7590175000125,535.86,sin_candidato
COENZIMA Q10 CAP 150MG X60 PREV,52136,7598953000176,30.08,sin_candidato
COENZIMA Q10 CAP 400MG X 60 ETERNAL,28990,0787790457855,23,sin_candidato
COFADOR T SOL OFT 5ML COFA,20803,7591818716786,8.99,sin_candidato
COFASTANE SOL OFT 15ML COFA,20807,7591818716878,12.24,sin_candidato
COFATIC CAP X30 COFA,52005,7591818000403,6.49,sin_candidato
"COFFE MATE PVO NESTLE 453,5G",51972,50000301621,8.06,sin_candidato
COLA D/CABALLO CAP 300MG X60 NAT PREM,13361,7592430000215,5.73,sin_candidato
COLA D/CABALLO CAP 500MG X30 HERB,24093,7592710003837,8.18,sin_candidato
COLA D/CABALLO CAP 500MG X60 HERB,99653,7592710000492,9.74,sin_candidato
COLAGENO CAP 550MG X60 WALF,28369,7592710004568,12.28,sin_candidato
COLAGENO CAP VIT C 400MG X60 ARC IRIS,18762,7592946169697,13.51,score_bajo
COLAGENO COMPLEX CAP 400MG X60 HERB,52350,7592710003127,13.18,score_bajo
COLAGENO HIDRO PVO MO4T 454G,54250,669936799381,62.83,sin_candidato
COLAGENO HIDROLIZ PVO VAIN 200G LINOF,25740,678358669479,21.6,sin_candidato
COLAGENO HIDROLIZADO PVO 10G SOB X25 FCH,53801,7592141001594,37.01,sin_candidato
COLAGENO HIDROLIZADO PVO 200G FCH,53802,7592141001600,14.01,sin_candidato
COLAGENO VIT C CAP 500MG X60 NAT PREM,26590,7592430000772,11.36,score_bajo
COLAGENO VIT C CAP BLD 450/50MGX30 LINOF,25749,685239846850,8.71,score_bajo
COLAGENO VIT C CAP BLD 450/50MGX60 LINOF,25747,0685239846843,11.35,score_bajo
COLAGENO ZAFIRE SOB INSTANT 10G X 30,28743,8436567240757,35.37,sin_candidato
COLAGENO ZAFIRE SOB OPTIMUM 11G X 30,28742,8436567241150,35.37,sin_candidato
COLAGENO/MAGNESIO CAP 420/80MG X30 LINOF,25748,685239846829,8.45,score_bajo
COLAGENO/MAGNESIO CAP 420/80MG X60 LINOF,25746,0685239846836,11.35,score_bajo
COLAGENO/VIT C/MAGNESIO CAP X30 VAL,17413,0714439705541,13.7,score_bajo
COLAGENOL LIFE CAP 550MG X60 WALF,28370,7592710005299,11.84,sin_candidato
COLCHICINA TAB 1G X 30 FM,28711,8906005118363,1.25,sin_candidato
COLCHICINA TAB 500MCG X 30 FM,28710,8906005118233,0.98,sin_candidato
COLEZE TAB 10MG X 30,30342,7599112000327,9.65,sin_candidato
COLFENE COMP REC 600MG/4MG X15 ELM,97446,7591062900900,6.94,score_bajo
COLLAGEN/VIT C CAP X60 ETER,23401,0787790468554,9.17,score_bajo
COLLOVAR SOL TOP 10ML VARG,11256,7592349947557,4.86,score_bajo
COLONVITAL LIFE CAP X60 WALF,28371,7592710005183,12.28,sin_candidato
COLVAL AMP SOL INY IM/IV 2ML X2 VLM,8563,7591020007818,6.23,score_bajo
COLYPAN TAB REC LIB/PRO 300MG X20 FAR,7042,7591821902534,11.7,score_bajo
COMENTER COM/REC 30MG X 30,29372,7401069003590,9.41,score_bajo
"CONCOR TAB REC 2,5MG X30 DOLLY",1844,7501298225531,15.21,score_bajo
CONCOR TAB REC 5MG X30 DOLLY,1845,7501298225548,18.63,score_bajo
CONTORNO D/OJOS/LABIOS GEODERM CREM 10ML,50890,8436568469843,24.65,sin_candidato
COQ10 CAP 60MG X60 NOW,28236,0733739031532,33.12,sin_candidato
CORATAB TAB REC 81MG FRASCO X100 COFA,53062,7591818000564,5.94,score_bajo
CORTIMED SOL INY IM 5MG/ML 1ML PHAR,53144,7598750000058,6.58,sin_candidato
"CORTYNASE REFORM SUSP 0,05%X140DOSIS L.O",93699,7591196004604,18.72,score_bajo
"CORTYNASE SUSP 0,05% 50MCG X80DOSIS L.O",5509,7591196006356,11.01,score_bajo
CRANBERRY CAP 500MG X60 HERB,26629,7592710000072,14.06,sin_candidato
CRANBERRY/VIT C CAP X30 VAL,23184,617748376283,12.58,score_bajo
CREATINA CAP 750MG X120 NOW,90705,733739108067,32.86,sin_candidato
CREM A/ARRUGAS GEODERM DIA/NOCHE 50ML,50885,8436568469829,56.57,score_bajo
CREM A/MANCHAS GEODERM HIDRAT NOCH 50ML,50889,8436568469836,62.38,sin_candidato
CREM ANTISEPTICA SANALO 55G,40069,7591138073309,5.05,score_bajo
CREM BALS AMALFI SUAV 1000 ML,24172,8414227050205,8.31,sin_candidato
CREM BEDUCIS C/GLICERINA 200ML,18948,7597072000319,5.21,score_bajo
CREM BETA GRANULOS 60G,30792,7703333007700,23.9,score_bajo
CREM BIODERMA CICABIO REP SUAV 40ML,92750,3401347869546,28.17,sin_candidato
CREM BIODERMA SEBIUM KERATO+ 30ML,52401,3701129805367,41.45,sin_candidato
CREM BODY EXPRESS HIDRAT 400ML,26428,4005808803033,8.62,sin_candidato
CREM BRUCEN NUTRI C/AC HIALUR 1% 80G,28285,7592090000518,16.73,score_bajo
CREM BRUCEN NUTRI/RESTAURADORA Q10 80G,15109,7592090000037,9.27,sin_candidato
CREM BRUCETIN C/PANTENOL 80G,28284,7592090000464,8.93,sin_candidato
CREM CELUOFF T/ACCION ANTICELULIT 200ML,30358,7599574000026,7.98,score_bajo
CREM CERO ALOE VERA 50G,41314,7702661353077,5.48,sin_candidato
CREM CHERRY NEGR 30G,33185,7702626202600,4.81,sin_candidato
CREM CHERRY NEGRO 12G,30354,7702626102696,1.84,sin_candidato
CREM CORAMODEL ANTIPAÑ/ALOE VERA X 80G,50359,7591404000961,9.09,sin_candidato
CREM CORP ADEMINA PLUS 30G,93682,7591844000439,3.25,sin_candidato
CREM CORP ADEMINA PLUS 60G,93683,7591844000446,4.55,sin_candidato
CREM CORP ARTRI FRESH 200G,52621,7593319000128,6.31,sin_candidato
CREM CORP BODY MILK AMALFI AL/VERA 500ML,19133,8414227689948,4.19,sin_candidato
CREM CORP BODY MILK AMALFI COCO 500ML,19134,8414227033093,6.01,sin_candidato
CREM CORP BODY MILK AMALFI OLIV 500ML,19135,8414227033086,4.19,sin_candidato
CREM CORP BODY MILK AMALFI RO/MOSQ 500ML,19136,8414227033079,4.19,sin_candidato
CREM CORP BODY MILK AMALFI VIT E 500ML,19137,8414227039576,6.01,score_bajo
CREM CORP CALIENTE HOT CREAM 200G,52622,7593319000036,8.26,sin_candidato
CREM CORP GEODERM HIDRAT/PROFU 200ML,50896,8436599450438,25.32,sin_candidato
CREM CORP HUMECT COHER 240ML,27574,7592512003868,11.69,sin_candidato
CREM CORP KANDU ALOE/TE VERD 200ML,97395,7591138043357,3.25,sin_candidato
CREM CORP KANDU VIT E/PANTENOL 200ML,97393,7591138043548,3.25,score_bajo
CREM CORP PSO SKIN EMOLIENTE 12% X250ML,19916,7592090001607,15.87,sin_candidato
CREM CORP PSO SKIN EX/HIDRAT 10% X400ML,19917,7592090001584,20.97,sin_candidato
CREM DENT COLGATE PRO ALIVI INM X 140G,28960,7509546653402,6.18,sin_candidato
CREM DENT COLGATE SENS/PRO A/ENC X 140G,50482,7509546672298,6.24,sin_candidato
CREM DENT COLGATE TOTAL 12 ENC/REF 75ML,50050,7509546052861,4.4,score_bajo
CREM DERMOPROT BRUCEN AD 100G,15108,7592090000020,10.09,sin_candidato
CREM DERMOPROT BRUCEN CENT AD 30G,15502,7592090000075,8.03,sin_candidato
CREM DERMOPROT BRUCETIN KIDS 50G,19131,7592090001362,9.21,sin_candidato
CREM DERNIER ANTIPAÑALITIS 50 G,16687,7596548000624,3.68,sin_candidato
CREM DHIABETINAT PODO REPARADORA 120ML,30339,7592512003929,9.42,sin_candidato
CREM FACIAL HIDRAT DERNIER 120G,25903,7598084000656,5.52,sin_candidato
CREM FACIAL PONDS DIA AGE MIRACLE 50G,52833,7506306252189,17.15,score_bajo
CREM FACIAL PONDS NOCH AGE MIRACLE 50G,52834,8999999060077,17.15,sin_candidato
CREM FULL ACTION 100G RECETT,26373,7594001455677,5.14,sin_candidato
CREM FULL ACTION ROLL ON 90G RECETT,26374,7594001452065,3.7,sin_candidato
CREM GEL BRUCEN A/ACNE 20G,27369,7592090000372,7.36,sin_candidato
CREM HIDRAMER C/VIT E 200ML,18949,7597072000326,5.58,score_bajo
CREM HIDRAT BIOS COLAG Q10 120ML,96013,7592512000966,10.64,sin_candidato
CREM HIDRAT BIOS GERMEN D/TRI 60G,96014,7592512000959,7.71,sin_candidato
CREM HIDRAT GEODERM DIA/NOCH 50ML,50886,8436568469805,46.43,score_bajo
CREM HIDRAT SEXYAMOURS C/AROMA 200ML,24185,7592512001734,9.01,sin_candidato
CREM HIDRAT UV DEFENDER FPS50 40G,25965,7899706181877,13.81,sin_candidato
CREM IE ALOE 400ML,26527,8411047143186,10.03,sin_candidato
CREM IE UREA 400ML,26526,8411047108642,10.76,sin_candidato
CREM IE UREA 50ML,26523,8411047108666,2.75,sin_candidato
CREM LIMP BIODERMA PIGMENTBIO FOAM 200ML,52399,3701129800546,35.64,sin_candidato
CREM LIMP FAC BIOMAS 120G,29134,7591885003321,6.46,sin_candidato
CREM LUBRIPIU CUMLAUDE LAB HIG INT 200ML,51030,8428749771005,31.76,sin_candidato
CREM LYA CICATRIMED 30G LYA,25452,7599028000404,5.67,sin_candidato
CREM MINERAL UVEBLOCK SPF 50+ 40ML,21472,3760269770270,26.62,sin_candidato
CREM NIVEA REGENERADORA INTEN 72H 400ML,50913,4005808680252,8.21,sin_candidato
CREM OFF FAMILY 196G,94575,7591005004924,6.38,sin_candidato
CREM ONC CORP ANTIOXID P/IRRADIADA 120ML,30338,7592512003974,9.58,sin_candidato
CREM OXIG NK OXY VOL10 120ML,19517,0745114332882,0.95,sin_candidato
CREM OXIG NK OXY VOL30 120ML,19519,0701197963238,0.95,sin_candidato
CREM OXIG NK OXY VOL40 120ML,19520,0745114358851,0.95,sin_candidato
CREM OZONEPIU MENTHOL EUB 30G,52614,7593319002283,2.62,sin_candidato
CREM OZONEPIU MENTHOL EUB 60G,52615,7593319002238,4.08,sin_candidato
CREM P/MANOS BRUCEN PROTEC/SOL COLAG 50G,27366,7592090000341,6.05,sin_candidato
CREM P/MANOS BRUCEN PROTEC/SOL VIT E 50G,27365,7592090000358,6.05,score_bajo
CREM P/MANOS CORAMODIO GUANTE SILIC 80 G,15729,7591404002750,5.37,sin_candidato
CREM P/MANOS GEODERM REPARADORA 75ML,50891,8436599450445,14.89,sin_candidato
CREM P/MANOS IE UREA20% 75ML,26542,8411047108710,5.51,sin_candidato
CREM P/OJOS PONDS AGE MIRACLE 15ML,52835,7506306252257,9.02,sin_candidato
CREM P/PEIN DRENE CAB SEC/MALT 240ML,24396,7590005008567,3.8,sin_candidato
CREM P/PEIN DRENE CAB/LISO 240ML,24395,7590005008550,3.8,sin_candidato
CREM P/PEIN ELVIVE CAIDA/RESIST X 300G,50691,7509552902082,8.05,sin_candidato
CREM P/PEIN EVERY NIGHT BIO CER 300ML,23824,7590005164737,3.86,sin_candidato
CREM P/PEIN EVERY NIGHT BIO TEVERD 300ML,23821,7590005164706,3.86,sin_candidato
CREM P/PEIN SEDAL RIZOS OBEDIENT 300ML,37631,7501056340131,6.54,sin_candidato
CREM P/PEINAR ELVIVE GLYCO GLOSS 300ML,52486,7509552928624,8.05,sin_candidato
CREM P/PIES URIFOOT UREA 10% 200ML,24187,7592512003561,8.06,sin_candidato
CREM PONDS CLARANT B3 PIEL NORM/GRAS 50G,33813,7501056330293,5.04,sin_candidato
CREM PROTECT ALEA 120G,54353,7599566000140,3.49,sin_candidato
CREM QUITACALLOS LYA AC SALICILICO 8G,25458,7599028000503,6.21,score_bajo
CREM REVITALIFT AC/HIALUR OJOS 15ML,21674,7509552840346,20.82,score_bajo
CREM SEDAL D/PEINAR CELULAS MADRES 300ML,50017,7702006301565,6.14,sin_candidato
CREM SOLAR AGRADO 50+ X 100ML,50246,8433295083328,6.65,sin_candidato
CREM SOLAR AGRADO KIDS 50+ VIT E X200ML,50245,8433295062231,17.11,score_bajo
CREM SUAVIZANTE AMALFI PROF T/ACCION 1L,19265,8414227037732,6.11,score_bajo
CREM URIBODY ULTRHIDRAT UREA 20%,24630,7592512003813,7.68,sin_candidato
CREM ZOAH MANOS/CODOS/PIES X 50ML,29656,7596211000142,3.31,sin_candidato
CREM/DENT COLGATE 90G,24403,7891024134702,1.43,sin_candidato
CREM/DENT COLGATE LUMIN/WH 75ML,20300,7509546054650,4.4,sin_candidato
CREM/DENT COLGATE LUMIN/WH CARB ACT 75ML,27113,7509546651019,4.4,sin_candidato
CREM/DENT COLGATE LUMIN/WH LOVERS 70G,50966,7509546667577,6.61,sin_candidato
CREM/DENT COLGATE LUMINOUS WHITE 61ML,52915,7509546692371,2.73,sin_candidato
CREM/DENT COLGATE MAX FRESH 90ML,53833,7509546687261,3.74,sin_candidato
CREM/DENT COLGATE MENTA S/ECON 100G,30447,7501035911031,2.93,score_bajo
CREM/DENT COLGATE MINIONS S/BUBBLE 75ML,24865,7509546066776,6.04,sin_candidato
CREM/DENT COLGATE NAT/EXTRAC PURIF 140G,27586,7509546660073,7.45,sin_candidato
CREM/DENT COLGATE SENSITIVE PRO 110G,53334,7891024124628,5.29,sin_candidato
CREM/DENT COLGATE T/ACCION 100G,31817,7509546000343,3.14,score_bajo
CREM/DENT COLGATE T/ACCION 60G,24705,7702010111501,1.64,score_bajo
CREM/DENT COLGATE T/ACCION 75ML,34932,7509546000985,2.42,score_bajo
CREM/DENT COLGATE T/ACCION BLANCURA 75G,20030,7509546056098,2.95,score_bajo
CREM/DENT COLGATE T/ACCION EX BLAN 150ML,53437,7509546690919,5,score_bajo
CREM/DENT COLGATE TOTAL MINT ORIG 150ML,36664,7501035911376,8.22,score_bajo
CREM/DENT COLGATE TOTAL MINT ORIG 75ML,20487,99176480310,4.4,score_bajo
CREM/DENT COLGATE TOTAL WHITENING 150ML,53436,7509546697970,8.22,score_bajo
CREM/DENT COLGATE TOTAL WHITENING 75ML,53435,7509546698007,4.4,score_bajo
CREM/DENT COLGATE TOTAL12 A/SARRO 75ML,24126,7509546653532,4.4,sin_candidato
CREM/DENT ICEBERG ADVANCED CRISTALS 120G,22897,7597297000446,0.97,sin_candidato
CREM/DESMAQU SOM FRIA A/EDAD 50G,16106,7596139000200,4.95,sin_candidato
CREMA CERO 30G,97304,7702661351264,2.99,sin_candidato
CREMA CERO C/ALOE VERA 30G,97303,7702661351271,2.99,sin_candidato
CREMA CERO CALEN/VIT E 30G,98780,7702661341265,2.99,score_bajo
CREMA CERO CONCENTRADO X 114G,29579,7702661391048,11.89,score_bajo
CREMA CERO CONCENTRADO X 30G,29578,7702661391017,3.66,score_bajo
CREMA CETOPIC VIT C 50G,53279,7703281002062,29.48,sin_candidato
CREMA CHANTILLY PVO TIGO 200G,51728,7598986002611,2.73,sin_candidato
CREMA CORP BRUCEN EX HIDRAT DIA-B 220ML,53173,7592090000624,15,score_bajo
CREMA CORP BRUCEN EX HIDRAT DIA-B 400ML,53172,7592090000631,21.72,score_bajo
CREMA CORP CLARESS DESPIGAMENTANTE 90G,50951,7596811000412,14.48,sin_candidato
CREMA CORP RECETT FULL ACTION FORTE 60G,53155,7594001456216,4.78,score_bajo
CREMA D/ARR POLLY ENRIQUECIDA BOLS 450G,19179,7591112004435,1.14,sin_candidato
CREMA D/ARR POLLY ENRIQUECIDA BOLS 900G,19180,7591112004039,2.29,sin_candidato
CREMA D/LECHE TIGO CULINARIA 1L,51725,7598986001737,6,score_bajo
CREMA FACIAL BIO+ HIDRAT 90CM3,52029,7591885003512,7.1,sin_candidato
CREMA HIDRAT DERMOX HYDR LECHE 365ML,51404,7590005184377,4.52,score_bajo
CREMA HIDRAT EVERY NIGHT COCO/AVEN 800ML,51483,7590005162153,7.8,score_bajo
CREMA HIDRAT JOHNSONS BABY 200ML,45421,7891010037185,4.88,sin_candidato
CREMA HIDRAT SPA LINE CHERRY BERRY 240ML,54052,7590041011262,4.8,sin_candidato
CREMA HUMEC DERMOX HYDR GLICERINA 200ML,51397,7590005184308,3.37,score_bajo
CREMA LOREAL GLYCOL BRIGHT DIA 50ML,54267,7509552935998,22.44,sin_candidato
CREMA LOREAL GLYCOL BRIGHT NOCHE 50ML,54268,7509552930665,22.44,score_bajo
CREMA PROTEC HUGGIES ALMEN 80G,53318,7896018704411,7.61,sin_candidato
CREMA REAFIRM DERMOX HYDR COLAG 200ML,51399,7590005184322,3.37,sin_candidato
CREMA REAFIRM DERMOX HYDR COLAG 365ML,51403,7590005184360,4.52,sin_candidato
CREMA RESTAURA BRUCEN DIA-B PIES 80G,53174,7592090000648,7.38,score_bajo
CRISOMET TAB REC 50MG/500MG X10 FAR,16905,7591821210332,7.49,score_bajo
CRISOMET TAB REC 50MG/500MG X30 FAR,19232,7591821210509,15.7,score_bajo
CRISOMET TAB REC 50MG/850MG X10 FAR,17016,7591821210349,7.73,score_bajo
CRISOMET TAB REC 50MG/850MG X30 FAR,19233,7591821210523,19.01,score_bajo
CROMOFTAL SOL OFT 4% 10ML L.O,6475,7591196000149,8.34,score_bajo
"CROMUS UNG DERMICO 0,1% 15G VIV",95016,7703153044596,43.04,score_bajo
"CUBITAN PLUS TAB REC 24,3/25,7MG X30 DAC",53744,7598578001039,22.2,sin_candidato
CUBITO MAGGI ARROZ C/POLLO 92G DISP X 8,29558,7591016206133,2.27,sin_candidato
CURCUMA CAP 400MG X60 SANAV,54164,7593533006548,9.23,sin_candidato
CURCUMA CAP 500MG X 60 HERB,29210,7592710000010,12.34,sin_candidato
CURCUMA/PIMIENTA NEGRA CAP X30 VAL,23185,617748376290,12.86,sin_candidato
CUTICLIN CAP BLD 10MG X30 VIV,5503,7592432005508,26.96,sin_candidato
CUTICLIN CAP BLD 20MG X30 VIV,5504,7592432005515,34.96,sin_candidato
"CUTIMER CREM 6%/6%/2,5% 20G BOOZ",53528,7597072001279,7.99,sin_candidato
CYNT COMP REC 20MG X20 DLR,5489,7592803001603,3.45,score_bajo
CYNT COMP REC 40MG X10 DLR,92664,7592803001610,3.45,score_bajo
CYPRAL TAB REC 500MG X20 PLX,92798,7592601201199,10.78,score_bajo
DACMINA PLUS TAB REC 450MG/50MG X30 DAC,53522,7598578001046,10.42,sin_candidato
DAGLITAN TAB 5MG/1000MG X30 ZORIAK,52148,7599112000464,22.2,sin_candidato
DAMENZOL SUSP 100MG/5ML 30ML ZUZU,51572,7599608003269,4.45,sin_candidato
DANI 35 TAB REC 35MCG X21 TIAR,26406,8904250520917,15.43,sin_candidato
DAPAXIT TAB 10MG X30 ZORIAK,28189,7599112000228,19.19,sin_candidato
DARLIDE CAP BLD 1000UI X30 FC,18222,7593090002311,6.17,score_bajo
DAVINTEX COMP REC 60MG X10 MEG,27618,7861148022179,5.06,score_bajo
DAVINTEX COMP REC 90MG X10 MEG,27619,7861148022186,6.88,score_bajo
DAYFLU CAP BLD 500/10/2MG DIA/NOCX15 VIV,15238,7592432900315,7.17,score_bajo
DAYFLU CAP BLD 500MG/10MG/2MG DIAX10 VIV,14502,7592432900292,5.78,sin_candidato
DAYFLU CAP BLD 500MG/2MG NOCH X10 VIV,14291,7592432900308,5.26,sin_candidato
DECOLORANTE PVO NK DICOLOR BLOND 180G,19511,0701197963252,7.21,sin_candidato
DEFLANUV TAB 6MG X10 NUV,50876,7581441131124,5.79,sin_candidato
DEKOR COMP 4MG X20 DORO,20122,8699525019752,3.7,sin_candidato
DENAF TAB REC 50MG X1 L.O,53621,7591196007063,1.03,score_bajo
DENAF TAB REC 50MG X2 L.O,53622,7591196007070,1.93,score_bajo
DENCOFEN GEL 1% 40G PONCE,7466,7591309002756,5.09,score_bajo
DENCORUB CREM 40G PONCE,3455,7591309010409,4.29,score_bajo
DENCORUB GEL 40G PONCE,6941,7591309010416,4.72,score_bajo
DENCORUB GEL ICE ARNICA 40G,52521,7591309002527,2.94,score_bajo
DENCORUB ICE GEL 40G PONCE,1288,7591309001049,2.66,score_bajo
"DENTALIV GEL TOP 7,5% 10G PLN",54276,7800004007189,13.94,sin_candidato
"DERMACORTINE CREM 0,1% 15G MEG",91421,7703281008415,10.52,score_bajo
DERMACORTINE EMUL 60ML MEG,93384,7703281008439,17.79,score_bajo
"DERMACORTINE LOC 0,1% 30ML MEG",91420,7703281008422,13.9,score_bajo
DERMAPIL CREM 0.1 % X 15G,29038,7591243811643,11.61,sin_candidato
DERMOSUPRIL EMUL TOPICA 120ML MEG,6130,7703332003147,23.64,score_bajo
DEROVIT CAP/BLD 2000UI X30 CALOX,54326,7591519002409,4.32,score_bajo
DES DOVE AER DAMA DERMOACLARANTE 150ML,29816,7506306241152,7.93,score_bajo
DES REXONA AER ACTIVE EMOTION 150ML,29835,7791293032443,7.08,score_bajo
DES REXONA AER ANTIB/INVISIB 150ML,29810,7506306244177,7.08,score_bajo
DES REXONA AER XTRA COOL 150ML,29868,7791293022581,7.08,score_bajo
DESAZONA TAB 4MG X10 PORTU,54232,7750215009321,1.57,sin_candidato
"DESLER JBE PED 0,5MG 60ML PHARME",18830,7592454891318,5.49,score_bajo
"DESLER M TAB MAST 2,5/5MG X30 PHARME",97589,7592454889278,9.84,score_bajo
DESLER M TAB REC 5MG/10MG X30 PHARME,96524,7592454002769,17.4,score_bajo
DESLORATAD/MONTELUK COM 2.5/5MG X 30 CRB,28603,7591940000463,2.65,sin_candidato
DESLORATADINA TAB REC 5MG X10 KIMIC,9951,7592616576558,2.13,score_bajo
"DESOLON TAB 0,15MG/0,03MG X21 CAPSUV",27850,7598055001392,12.66,sin_candidato
DESTAPA D/CAÑERIAS DRANO MAX GEL 946ML,51792,7501032970079,10.32,sin_candidato
DETFORGLIN TAB 500/50MGX30 CR DIST,26006,7598252000211,10.97,sin_candidato
DETOX CAP X60 ETER,25393,0787790465157,8.12,sin_candidato
DETOX COMPLEX CAP 300MG X60 ARC IRIS,51010,7592946001751,9.22,score_bajo
DEVOLEN TAB REC 10MG X30 ARVEST,52487,8906188190453,10.13,sin_candidato
DEXACORT SOL INY 4MG/ML 2L X1 BHR,52499,7592637000896,3.08,sin_candidato
DEXOPRAL CAP 30MG X 30 MEYER,28650,7795345121970,32.21,sin_candidato
"DEXTAMIN SOL ORAL PED 0,5MG/ML 60ML PLX",26233,7594001101680,3.86,score_bajo
DEXTONIL JBE 15MG/5ML 120ML PLX,6869,7594001100331,5.21,score_bajo
DEXTROMET JBE 15MG/5ML 120ML ZUZU,53072,7599608003702,3.23,sin_candidato
DEXTROMETLAT JBE 15MG/3MG 120ML ZUZU,52572,7599608003689,3.57,sin_candidato
"DEXTROSA SOL 0,30% N28 500ML BHR",15335,7592637005082,4.81,score_bajo
"DEXTROSA SOL 0,45% N29 500ML BHR",15334,7592637005099,5.49,score_bajo
DEXTROSA SOL 30% 500ML BHR,21920,7592637398436,11.43,score_bajo
DEXTROSA SOL 5% 500ML BIOVITAK,25685,7595624200705,4.58,score_bajo
"DEXTROSALINA SOL INY 0,45% 500ML GKV",21352,7595624200200,3.62,sin_candidato
DI BENZOL SOL 200MG/5ML PED FRESA X 10ML,29421,7598252001126,3.1,score_bajo
DIACERINA TAB 50MG X30 ANG/H,26999,7598176000533,15.32,sin_candidato
DIACORT SOL ORAL 3MG/ML 60ML CR DIST,26184,7598252000549,6.42,sin_candidato
DIADALTONE TAB 25MG X20 DIST,52478,7598252002000,7.7,sin_candidato
DIALPRON SUSP 250MG/5ML 120ML CR DIST,26623,7598252000440,11.52,sin_candidato
DIALPRON TAB 500MG X30 CR DIST,25504,7598252001904,6.84,sin_candidato
"DIANALPER GEL 1,16% 30G PHARME",23150,7592454003339,5.32,score_bajo
DIANIDIP TAB 10MG X10 CR DIST,25018,7598252000280,5.61,sin_candidato
DIANIDIP TAB 20MG X10 CR DIST,25019,7598252000297,6.68,sin_candidato
DIANITIN SOL 150MG/10ML X 120ML,29464,7598252001157,8.94,sin_candidato
DICEA COMP REC 3MG/0.02MG X28 MEG,28401,7730564825483,19.09,score_bajo
DICEA COMP REC 3MG/0.03MG X28 MEG,28402,7730564830487,14.55,score_bajo
DICIGEL SUSP 240ML PHARME,96655,7592454889216,12.76,score_bajo
"DICLOFENAC DIETILAM GEL 1,16% 30G ALESS",51997,7597758000862,2.38,score_bajo
DICLOFENAC SOD GEL 1% 50G SGG,24336,7596347793574,9.65,score_bajo
DICLOPRAM SUSP 5MG/5ML 100ML CR DIST,26182,7598252000518,5.4,sin_candidato
"DICLORET SUSP 1,8MG/ML 60ML L.O",97500,7591196004499,7.1,score_bajo
DICLOXACILINA PVO SUSP 250/5MLX80ML SANT,28721,7703763881789,7.96,score_bajo
DIDRAMINA TAB 50MG X10 CR DIST,53385,7598252002109,5.4,sin_candidato
DIEPILEP TAB 100MG X30 CR DIST,25505,7598252000365,13.55,sin_candidato
DIFENAC FORTE COMP REC 100MG X10 DLR,8420,7592803000316,4.42,score_bajo
DIFEPIN COMP LP 30MG X30 ZUZU,52574,7599608002057,4.13,sin_candidato
DIFLURYL TAB REC 10MG X30 CR DIST,25217,7598252000235,6.92,sin_candidato
DIFURAZ CREM 0.2% X 30G,29023,7598252001027,15.92,sin_candidato
DIGESAN CAP X90 ARC IRIS,19796,7592946168515,10,sin_candidato
DIGESTIL CAP X60 NAT PREM,27116,7592430000802,7.06,sin_candidato
DIGFLOXIN TAB 10MG X40 DIST,52501,7598252002017,18.14,sin_candidato
DIHIDROLIP COMP REC 10MG X10 VARG,23435,7592349001020,5.31,sin_candidato
DIHIDROLIP COMP REC 10MG X30 VARG,53049,7592349002300,15.4,sin_candidato
DIHIDROLIP COMP REC 20MG X10 VARG,23436,7410000101851,7.64,sin_candidato
DIHIDROLIP COMP REC 20MG X30 VARG,53050,7592349002317,21.55,sin_candidato
"DIISFLOR 1,3G SOB X15 CR DIST",28087,7598252000709,13.57,sin_candidato
"DIKLASON SUSP PED 1,8MG 120ML LETI",6748,7591585218254,14.07,score_bajo
DILFAMID CREM 1% X 50G,50476,7598252000990,12.42,sin_candidato
DILTIAZEM TAB LP 120MG X30 ANG/H,27736,7598176000618,23.62,score_bajo
DIMETIN TAB REC 200MG X20 CR DIST,25212,7598252000228,4.62,sin_candidato
DIMEVLOR COMP 2MG/1000MG X30 FC,52070,7593090003110,20.55,sin_candidato
DIMEVLOR COMP 2MG/500MG X30 FC,52069,7593090003134,24.08,sin_candidato
DIMIDON SUSP 40MG/ML 200ML CCM,51271,5671375,8.35,sin_candidato
DINAMONT PLUS TAB 10/5MG X20 CR DIST,27187,7598252000594,9.79,sin_candidato
DIOFLON TAB 450MG/50MG X10 CR 2N,51838,6977234270070,3.12,sin_candidato
DIOSMINA/HESPER TAB REC 450/50X10 PHARME,97285,7592454003193,8.99,score_bajo
DIOXOGEN GEL LIMP 280ML PONCE,13532,7591309901318,4.74,score_bajo
DIOXOGEN SOL ANTIBACT 115ML PONCE,97604,7591309900762,1.45,score_bajo
DIOXOGEN SOL ANTIBACT 460ML PONCE,97602,7591309900793,2.5,score_bajo
DISBAC TRIO CREM 10MG X 40G,29420,7598252001034,4.34,sin_candidato
DISBIOTIC 1G FRESA SOB X15 CR DIST,28288,7598252000679,17.49,score_bajo
DISBUFEN KIDS SUSP 100MG/5ML X 120ML,29021,7598252001119,3.21,sin_candidato
DISBUFEN MAXX CAP BLD 600MG X20 CR DIST,28232,7598252000693,6.87,sin_candidato
DISCAPINA COMPOS TAB 10/250MGX20 CR DIST,24741,7598252000068,8,sin_candidato
DISCAPINA KIDS SUSP 5MG/ML 20ML CR DIST,26622,7598252000457,4.87,score_bajo
"DISCARVEX TAB 12,5 X30 PLX",53781,7594001102434,5.18,sin_candidato
DISCETAM SUSP 100MG 150ML CR DIST,26181,7598252000396,39.82,sin_candidato
DISCETAM TAB 1000MG X30 CR DIST,26624,7598252000389,16.25,sin_candidato
DISCRALFAT SUSP 1G/5ML 150ML CR DIST,27785,7598252000754,18.45,sin_candidato
DISCRALFAT TAB 1G X20 CR DIST,27784,7598252000747,9.65,sin_candidato
DISCRODANTINA CAP 50MG X30 CR DIST,53555,7598252002147,7.32,sin_candidato
DISDERM CREM 20G X 1,50477,7598252001300,3.45,sin_candidato
DISFENAC AMP IV/IM 75MG/3ML X5 CR DIST,27568,7598252000686,16.35,sin_candidato
"DISFENAC GEL 1,16% 50G CR DIST",51388,7598252001393,6.74,sin_candidato
DISFENAC MAX TAB 100MG X 10,30149,7598252101482,2.22,sin_candidato
"DISFENAC SUSP 1,8MG/ML 120ML CR DIST",26626,7598252000501,4.1,sin_candidato
DISLEPTAL SUSP 300MG/5ML 100ML CR DIST,26621,7598252000525,13.4,sin_candidato
DISLEPTAL TAB 300MG X30 CR DIST,26620,7598252000532,9.45,sin_candidato
DISMEXINA JBE 8MG/5ML X 120ML,29015,7598252001102,5.16,sin_candidato
DISMEXINA KIDS JBE 4MG/5ML X 120ML,29016,7598252001096,3.3,sin_candidato
"DISMOVAT CREM 0,05% 50G CR DIST",54196,7598252002161,6.99,sin_candidato
DISOMEZ GRANU PED 10MG X20 CR DIST,27033,7598252000600,18.96,sin_candidato
DISPERID TAB 450MG/50MG X30 ZUZU,52577,7599608003726,11.34,sin_candidato
DISPROZIN SOL ORAL 6MG/ML 120ML CR DIST,54335,7598252002215,4.62,sin_candidato
DISTAFEN SOL KIDS 120MG/5ML X 120ML,29463,7598252001171,2.42,sin_candidato
DISTAFLU CAP 75MG X10 DIST,52522,7598252002031,53.05,sin_candidato
DISTAMIN B MULTIVIT JBE X 120ML,29025,7598252001201,13.17,sin_candidato
DISTAMIN C JBE 200MG/5ML X 120ML,29022,7598252001133,8.61,sin_candidato
DISTIAZEM TAB REC 60MG X30 CR DIST,25215,7598252000303,8,sin_candidato
"DISTRILAX PVO SOL ORAL 8,5MG 120G CRDIST",24417,7598252101826,8.03,sin_candidato
DISTROINMUNE L CAP 668MG/300MG X30 DIST,53619,7598252002062,61.65,sin_candidato
DISTROMAG CAP 1642MG X60 DIST,52343,7598252001676,20.45,sin_candidato
DISTRONAD+ CAP 400MG X30 CR DIST,53426,7598252002185,58.71,sin_candidato
DISTROSIL Q FORTE CAP X30 DIST,52472,7598252002055,31.38,score_bajo
DISTROSLEEP CAP 854MG/10MG X60 DIST,52344,7598252001683,19.95,sin_candidato
DISTROVIT FORTE GEL 120G DIST,52523,7598252002048,24.29,score_bajo
DISVENAL ANTIVARICOSO CAP 500MG X30 DIST,28656,7598252000877,15.53,sin_candidato
DITOSXIL JBE 250MG/5ML 120ML ADU,54488,7598252001898,5.18,sin_candidato
DITOSXIL SUSP 100MG/5ML 120ML CR DIST,26183,7598252000471,6.13,sin_candidato
DITRIL TAB REC 200MG X30 ARVEST,53356,8906188190651,28.71,score_bajo
DITRIL TAB REC 50MG X30 ARVEST,53355,8906188190675,17.73,score_bajo
DIVIDIVI GEL HEMORROIDAL 5% X30G CR GMA,26066,7598751000019,10.39,sin_candidato
DIXINATO RELAX TAB 125MG/5MG X 10,29020,7598252000884,10.86,sin_candidato
DIXTORFAN GTA/ORAL 2MG/ML PED X 30ML,50474,7598252001348,7.35,sin_candidato
DIXTORFAN SOL/ORAL 3MG/5ML X 120ML,30059,7598252001058,3.47,sin_candidato
DIZONIDE SUSP 100MG/5ML 60ML CR DIST,25502,7598252000174,13.48,sin_candidato
DIZONIDE TAB REC 500MG X10 CR DIST,25501,7598252000167,7.47,sin_candidato
DIZUCLOC GEL 1% 30G ZUZU,51560,7599608003191,2.83,sin_candidato
DLORACE TAB REC 500MG/4MG X20 CR DIST,25214,7598252000198,5.45,sin_candidato
DODOQUIN SUSP/ORAL 42MG/ML X 100ML,50391,7599608000152,9.72,sin_candidato
DODOQUIN TAB 650MG X10 ZUZU,54506,7599608004044,6.78,sin_candidato
DODOQUIN TAB 650MG X20 ZUZU,54508,7599608004051,12.04,sin_candidato
DOL DUO TAB/REC 500MG/10MG X 10,50363,7591519001013,4.48,score_bajo
DOL PLUS TAB 650MG X10 CLX,5475,7591519005134,2.43,score_bajo
DOL PLUS TAB 650MG X20 CLX,90444,7591519005141,3.6,score_bajo
DOL TAB 450/40/1MG BLIS 4 X20 CLX,94913,7591519005974,20.44,score_bajo
DOLAK SOL INY 30MG/ML X1 DLR,10116,7592803000484,4.98,score_bajo
DOLAK SOL INY 30MG/ML X2 DLR,52125,7592803004338,9.01,score_bajo
DOLGENAL COMP SL 30MG X8 ADIUM,28313,7841141004389,9.76,sin_candidato
DOLNIX CAP 75MG X20 DLR,23949,7592803004079,4.66,score_bajo
DOLO ICE LOC GEL MENTOLADA 120ML DAW,27430,7599104000038,3.17,sin_candidato
DOLO ICE LOC GEL MENTOLADA 250ML DAW,27431,7599104000045,4.36,sin_candidato
DOLO ICE LOC ROLL ON MENTOLADA 90ML DAW,27432,7599104000021,3.27,sin_candidato
DOLOGESICCAF CAP BLD 400/60MG X10 PLN,50993,7592348211604,5.32,score_bajo
DOLORUB GEL 5% 60G CCM,53443,17800004002549,8.58,sin_candidato
DOPALEN CAP LIB/PROL 200MG X 10,28633,7591243813340,10.88,score_bajo
DOPRIL SOL ORAL 3MG/ML X 60ML PED,28532,7598176000854,4.81,score_bajo
DORIXINA FLEX COM/REC 125MG/5MG X 20,50180,7591619001074,21.17,score_bajo
DORIXINA FLEX COM/REC 125MG/5MG X 5,29269,7591619001067,7.27,score_bajo
DORIXINAFLEX COMP 125MG/5MG X10 MEG,4116,7591619518671,12.99,sin_candidato
DOVALPRON JBE 250MG 120ML ZUZU,51565,7599608002965,8.56,sin_candidato
DOVIL TAB 50MG X30 ARVEST,53393,8906188190668,9.8,sin_candidato
DOVIL-MET TAB 50MG/850MG X30 ARVEST,52455,8906188190477,11.82,score_bajo
DRENE COLOR OXID CREM VOL30 100ML,27548,7590005114251,1.51,sin_candidato
DROPIL COMP REC 100MG X40 DLR,96830,7592803002532,11.34,score_bajo
DROPIL COMP REC 200MG X40 DLR,97140,7592803002549,14.76,score_bajo
DROPIL COMP REC 25MG X40 DLR,96829,7592803002525,7.15,score_bajo
"DROSPIR/ETINILEST TAB 3/0,03MGX21 BLUE/M",23876,6930169708360,6.51,sin_candidato
DULCOXUNI TAB 5MG X10 UNIPH,53764,7598852000819,1.88,sin_candidato
DUMS TAB MAST 750MG X20 CR DIST,53384,7598252002116,7.78,sin_candidato
DUO N EXPRESS SOL/LIMP+SOL/ACOND X 120ML,50209,7592321000072,19.29,score_bajo
DUOVENT SOL INH 15ML L.O,9199,7591196002204,24.48,score_bajo
"DURACAINA HIPERBAR SOL INY 0,5%3MLX5 BHR",20722,7592637397033,31.43,score_bajo
"DUTAPROS CAP 0,5MG X30 ZORIAK",51062,7599112000389,10.46,sin_candidato
"DUTASTERIDE/TAMSUL CAP 0,5/0,04MGX30 DAC",53055,7598578000971,14.31,sin_candidato
"DUTASTERIDE/TAMSUL CAP 0,5/0,4MG X10 KMP",54212,0730170649296,7.4,sin_candidato
DYGEFLAT FORTE TAB 300/100MG X20 CR DIST,28231,7598252000730,7.47,score_bajo
DYMACIN CREM/VAG 2% X 40G DISTR,50472,7598252000976,17.68,sin_candidato
DYMAZOL 3 OVUL 200MG X3 CR DIST,51051,7598252001263,4.44,sin_candidato
DYMAZOL CREM/VAG 2% X 50G DISTR,50473,7598252001287,4.69,sin_candidato
DYMAZOL DUAL OVUL/CREM 200MG/1% CR DIST,51049,7598252001324,6.05,score_bajo
DYNAZOL FORTE CREM X 40G,29422,7598252000969,17.22,score_bajo
ECHINACEA CAP 390MG X60 HERB,99657,7592710000546,9.09,sin_candidato
EFERCID SOB 5G X10 CR 2N,54404,6977234272029,4.55,sin_candidato
EKICAL SUSP 300MG 120ML BIOTECH,99723,7591242814348,8.81,sin_candidato
ELECTRODO DESECH PLUSMEDIC AD SOB X50,50831,7597467000856,10.1,sin_candidato
ELECTRODO DESECH PLUSMEDIC PED SOB X50,50830,7597467000863,9.5,sin_candidato
ELECTRODO ECG GIDAGUS PED X50,27687,7597478001699,9.94,sin_candidato
ELMETACIN SOL TOP 1% 30ML COMP,53799,7751940001659,9.35,score_bajo
ELOK CREM 20G LIALI,26362,21281084282,2.17,score_bajo
"EMCON TAB 1,5MG X1 CAPSUV",27851,7598055001309,2.33,sin_candidato
EMPAGLU COMP REC 10MG X30 ZUOZ,50997,7591651002015,18.01,score_bajo
EMPAGLU COMP REC 25MG X30 ZUOZ,50998,7591651002022,28.08,score_bajo
EMUL CETOPIC AMP 2ML X15,53838,7703281021247,19.22,sin_candidato
EMUL EMOLIENTE EMOLIN NEO 240G,98265,7703281009412,29.48,sin_candidato
ENEMA SALUDX SOL X 130ML,28590,7894164009626,6.68,sin_candidato
ENERGYPLANT CAP 450MG X30 HERB,24096,7592710003912,10.78,sin_candidato
ENERGYPLANT CAP 450MG X60 HERB,99658,7592710000553,12.86,sin_candidato
ENJ BUCAL DENT-OLSA MENTA 240ML,53566,7591616002401,3.3,score_bajo
ENJ BUCAL DENT-OLTOTAL CANELA 240ML,53565,7591616002395,3.25,score_bajo
ENTEREX DIABETIC PVO VAIN 400G DELM,19896,612197604505,21.56,sin_candidato
ENTEREX PROTEINEX PVO 275G MEG,30937,612197500005,50.13,sin_candidato
ENTEREX TOTAL PVO FRESA 400G MEG,25486,612197125208,26.1,score_bajo
ENTEREX TOTAL PVO VAIN 400G MEG,24438,612197125000,26.1,score_bajo
EPAX CAP BLD X30 VIV,5399,7592432004020,18.02,sin_candidato
EPITRAL TAB REC 100MG X30 VLM,20035,7591020081078,10.85,score_bajo
EPITRAL TAB REC 50MG X30 VLM,20036,7591020081092,7.25,score_bajo
EPLENON TAB 25MG X30 ZORIAK,52018,7599112000396,18.66,sin_candidato
EPLERUNI TAB 50MG X30 UNIPH,53767,7598852001854,31.91,sin_candidato
EQUALIV TAB 100MG/50MG DISP X30 MEY,98689,7592601301554,72.62,sin_candidato
EQUALIV TAB X30 MEY,599,7592601100805,8.52,sin_candidato
"ERILON CREM TUB 0,05% 15G BIOTECH",95605,7591243815757,9.22,score_bajo
ESOCOF TAB REC 10MG X30 COFA,54292,7591818000847,6.2,score_bajo
ESOGASTAN TAB REC 40MG X30 ZORIAK,24577,8906104081056,4.5,score_bajo
ESONUV CAP 20MG X 30,50003,7589144520306,6.14,sin_candidato
ESOZ HP TAB REC 40MG X14 PHARME,27046,7592454003698,60.05,score_bajo
ESOZHP TAB 40MG X10 PHARME,24945,7292454002462,48.06,score_bajo
ESPIRON TAB REC 100MG X20 DOLLY,53031,7598928000125,9,sin_candidato
ESPIRONOLACTONA COM 100MG X 20 GENFAR,50568,7705959013172,16.66,score_bajo
ESPUMA BLUE CAP X 100ML,50685,8437022765136,38.31,score_bajo
ESTIN JBE 240ML ARC IRIS,7063,7592946064244,11.43,sin_candidato
"ESTRASYN CREM VAG 0,01% 30G TIAR",26408,8904250515456,16.97,sin_candidato
"ESTROGIN CREM VAG 0,1% 15G TIAR",52747,199284332652,13.57,sin_candidato
EUSILEN DUAL TAB REC 600MG/4MG X15 COFA,50657,7591818000366,5.74,score_bajo
EUTIROX TAB 100MCG X50 DOLLY,7435,7501298225524,15.21,sin_candidato
EVABOLIN TAB REC 25MG X30 COFA,53346,7591818000793,23.9,score_bajo
EVENING PRIMROSE CAP BLD 500MG X100 NOW,28238,0733739017505,20.78,sin_candidato
EVIGAX CAP BLD 125MG X10 VIV,96795,7592432900032,7.04,score_bajo
EVIGAX CAP BLD 125MG X20 VIV,8614,7592432010212,10.31,score_bajo
"EXANIA EMUL 0,05% 60ML MEY",25235,7707355050553,26.3,sin_candidato
EXOM CAP 40MG X14 DISK,24979,0793869810360,4.06,score_bajo
EXOVIS DUO PVO SUSP PED 400MG 50ML FC,26257,7593090001840,8.4,score_bajo
EZENTIUS COMP REC 10MG X20 MEG,53835,7730969309496,7.79,score_bajo
EZENTIUS COMP REC 20MG X20 MEG,53836,7730969309502,10.52,score_bajo
FANTER COMP REC 10MG X30 ADIUM,52006,7841141004976,24,sin_candidato
FARBICIL SOL 1% 30ML MEG,91418,7591619520384,10,score_bajo
FARMA D TAB 1000UI X30 FAR,96976,7591821102101,3.56,sin_candidato
FARMA D TAB REC 2000UI X30 FAR,21872,7591821210639,4.36,sin_candidato
FARMA D TAB REC 5000UI X10 FAR,26048,7591821210837,3.45,sin_candidato
FARSENTAL TAB REC 10/125MG X10 DISK,24467,7410000701785,7.95,sin_candidato
FATSLIM CAP X60 WALF,28372,7592710004391,11.69,sin_candidato
FAZOL GRANU SUSP 500MG 15ML DRL,2001,7592803001290,5.05,score_bajo
FEBRILIX GRIP TAB X10 KIMIC,93783,7592616576046,2.3,score_bajo
FEBRILIX TAB 500MG X20 KIMIC,7037,7592616203010,1.31,score_bajo
FEDRILOX SOL ORAL GTS 20MG/ML 20ML PROV,52457,8906159253842,3.9,sin_candidato
FEMADONA COMP REC X20 LETI,11670,7591585212214,24.93,sin_candidato
FEMI-BALANCE MENOPAUSE CAP X60 PHARCORP,52456,850033508796,14.81,sin_candidato
FEMMEX ULTRA TAB REC 200/30MG X10 FAR,3838,7591821801004,3.32,score_bajo
FEMMEXTRA CAP 200MG/10MG X10 FAR,99481,7591821802773,5.21,score_bajo
FENITOINA SOD TAB 100MG X50 CR CCM,22395,7501384544225,13.84,score_bajo
FENITOINA SUSP 125MG/5ML VIN,51227,7599513000162,6.91,score_bajo
FENITOINA TAB 100MG X 30 ANGELUS,28523,7598176000557,7.66,score_bajo
FENOSSALIL  SOL 60ML BIOF,53567,7591616002388,5.4,sin_candidato
FERGANIC JBE 120ML MEG,8789,7591955001264,13.64,score_bajo
FERROCE GRAG X30 MEY,1504,7592601200161,16.73,score_bajo
FERROCE JBE 120ML MEY,8961,7592601200147,10,score_bajo
FERRUMIA SOL INY 500MG/10ML X1 ZORIAK,52020,7599112000426,83.64,sin_candidato
FERYFOL JBE 18MG AVELL 120ML,50768,7599558000110,5.4,sin_candidato
FESTAL GRAG 210MG/4G BLIS X25 CLX,20436,7591519317572,49.88,score_bajo
FESTASIM TAB MAST 125MG X12 CLX,52972,7591519001815,5.88,sin_candidato
FEXOMED SUSP 30MG/5ML 120ML PHAR,53146,7598750000232,4.09,sin_candidato
FEXORAT SUSP ORAL 30MG/5ML PED 120ML L.O,53627,7591196003218,9.18,score_bajo
FIBERFIT PLUS SOB 1G/3G X20 LETI,52491,7591585119865,27.15,sin_candidato
FISIOLIN SOL NASAL PED 15ML L.O,3323,7591196002198,5.69,score_bajo
FITEX TAB REC 5MG X10 FAR,20284,7591821904323,2.06,score_bajo
FITZERO CAP X60 HERB,52362,7592710005596,13.18,sin_candidato
FLAMEX TAB 400MG X30 CAPSUV,23374,7598055000586,4.09,sin_candidato
FLATORIL SUSP GTS 80MG/ML 20ML ELM,11570,7591062166191,9.34,score_bajo
FLATVIN CAP BLD 125MG X10 VIN,24281,7592782001854,8,score_bajo
FLEBOSMIN TAB REC 500MG X30 FAR,94209,7592229002543,17.96,score_bajo
"FLEMIBAR SOL 6,67MG/333,40MG/ML 20ML MEG",23988,7591619000541,6.62,score_bajo
FLENOX JBE AD 120ML BIOTECH,96586,7591243817829,4.39,score_bajo
FLENOX JBE PED 120ML BIOTECH,94736,7591243817782,4.3,score_bajo
FLENOX SOL ORAL PED 15MG/5ML 60ML BIOT,50900,7591243817805,1.99,score_bajo
FLESPAN COMP REC 10MG X20 CR FAHD,26848,7592349722536,4.52,score_bajo
FLEVOMAX-D COMP REC 600MG X15 FAHD,54226,7590279000014,3.76,score_bajo
FLEXAVIT CAP X30 CR 2N,54405,6977234271640,5.84,sin_candidato
FLEXIVAL TAB REC 125MG/5MG X10 VLM,54469,7591020009973,10.42,score_bajo
FLEXURAT TAB 500MG/400MG X30 BIOTECH,93479,7591241817968,14.25,sin_candidato
"FLINAS SUS P/NEB DOSIS 0,05%MCG X 140",91716,7591196004543,19.04,score_bajo
FLIPS CHOCO FUDGE DISP 50G X14,21383,0759103996615,17.63,sin_candidato
FLIPS CRUNCHY CREMA TRIPACK 27G,51979,7702807045033,2.03,sin_candidato
FLIPS DISP CHOCO 28G X6,18039,7591039504957,2.81,sin_candidato
FLIPS DULC D/LECHE DISP 28G X6,18040,7591039505947,2.81,score_bajo
FLIXOTIDE SUSP/INH 250MCG X 60 DOSIS,10083,7861028101116,31.03,score_bajo
FLOGAREX SUSP/ORAL 2000MM/5ML X10 BLUE/M,50588,7598127002210,12.44,sin_candidato
"FLOROMOX SOL OFT 0,5% 5ML CAPSUV",23347,7598055000111,4.66,sin_candidato
FLOXABID AC TAB REC 500MG X10 CAPSUV,23329,7598055000159,5.27,score_bajo
FLUCONAZOL SOL INF 200MG/100ML KMP,22735,6942189211355,2.2,score_bajo
FLUTIXAIR SUSP INH 125/25MCG X120 MEG,98384,7730698013442,45.31,score_bajo
FLUTIXAIR SUSP INH 250/25MCG X120 MEG,98383,7730698013459,53.35,score_bajo
FLUVIRIN JBE 120ML LETI,90009,7591585111166,12.36,sin_candidato
FOAMI CARTA CREMA X12,20617,7591018049097,2.63,sin_candidato
"FOMENE COM 2,5 MG X 28",93155,7591585519849,40.6,sin_candidato
FORMAGX CAP X30 CR 2N,54406,6977234271244,6.49,sin_candidato
FORTICRECE PVO NIDO 800G,26156,7591016205952,16.54,sin_candidato
FRAILEJON JBE 120ML CHEM/S,8995,7596139000040,4.6,sin_candidato
FRAILEJON JBE 120ML RECETT,20898,7594001450917,3.51,sin_candidato
FRONDOS CAP BLD VAG 400MG/100MG X7 FC,25053,7593090001413,11.39,score_bajo
FRUTACID TAB 500MG SAB/SURT X 60,1154,7591519002683,14.9,score_bajo
FUGOLIN CREM 20G VIN,19760,7592782000130,6.91,score_bajo
FUGOLIN CREM VAG 1%  50G X6 APLIC VIN,2986,7592782000307,8.97,score_bajo
FUGOLIN SOL 1G/100ML 30ML VIN,97493,7592782000680,5.35,score_bajo
"FULBARYL CAP INH 160MCG/4,5MCG X60 LETI",22973,7591585117182,67.39,score_bajo
FULGRAM SUSP 600MG 60ML LETI,8045,7591585113139,26.67,score_bajo
FUNGEX CREM 1% X 15G,29780,7592454003919,6.39,sin_candidato
FUNGOSIN CAP 100MG X14 DLR,91513,7592803002310,11.16,sin_candidato
FUNGOSIN CAP 100MG X28 DLR,91514,7592803002327,16.32,sin_candidato
FUNGOSIN CAP 100MG X6 DLR,11059,7592803000521,5.37,sin_candidato
FURADANTINA CAP 50MG X30 ALESS,53070,7597758001661,4.28,sin_candidato
"FUXAL UNG 0,2G/100G 30G CR ZUK",52803,7598658000136,9.91,score_bajo
"G-FRESH SOL OFT 0,5/0,9% 10ML CAPSUV",51469,7598055000357,8.02,sin_candidato
GABAPRA TAB 75MG X14 ADN,27455,8906112610569,2.83,sin_candidato
GABAROL CAP 150MG X20 CAPSUV,23377,7598055000715,13.52,sin_candidato
GABAROL CAP 25MG X30 CAPSUV,23379,7598055000692,8.47,sin_candidato
"GAMBI SOL OFT 0,03% 3ML L.O",53057,7591196006905,22.65,score_bajo
GAMERAL CAP 400MG X30 AV,21461,7596654000235,7.79,sin_candidato
"GAMPRESS SOL OFT 0,03/0,5% 3ML L.O",27096,7591196006325,23.64,score_bajo
GAPENT COMP REC 10MG X30 MEY,27233,7592601303756,8.58,score_bajo
GAPENT COMP REC 20MG X30 MEY,27234,7592601303787,10.05,score_bajo
GAPRIDOL CAP 400MG X15 CR MT,53033,7501384550622,7,sin_candidato
GAPTAN TAB 300MG X30 ZORIAK,20176,8906104081384,6.92,sin_candidato
GARABET SOL OFT 5ML L.O,7339,7591196000255,11.81,score_bajo
GASAS BRIUTCARE ESTER 2X2   SOB X20,53182,645748578185,3.9,score_bajo
GASAS BRIUTCARE ESTER 3X3   SOB X20,53183,645748578215,5.97,score_bajo
GASAS BRIUTCARE ESTER 4X4   SOB X20,53184,645748578246,8.57,score_bajo
GASAS BRIUTCARE ESTER 4X8   SOB X20,53185,645748578277,15.58,score_bajo
GASAS SOB ALGOBAP ESTERIL 2CMX2CM CAJX50,17248,7593255000398,4.12,score_bajo
GASAS SOB ALGOBAP ESTERIL 3CMX3CM CAJX50,17249,7593255000404,7.04,score_bajo
GASTRO ALIV SUSP 120ML PLN,51267,7800004003976,7,sin_candidato
GASTRO ALIV TAB MAST 262MG X10 PLN,51268,7800004004874,6.01,sin_candidato
GEL AKNFREE PUNTUAL IMPERFECCIONES 15ML,24629,7592512003745,5.39,sin_candidato
GEL ALNA ULTRASONIDO X 250ML,50470,7593255000381,2.14,sin_candidato
GEL ANTIBACT ESSENZA FAMILY CARE 480ML,20370,0745760025978,4.79,sin_candidato
GEL ANTIBACT ESSENZA FAMILY CARE 980ML,20369,0745760025985,8.3,sin_candidato
GEL ANTIBACT PULPLUS ACTIVE 90G,21910,7591251000138,2.73,sin_candidato
GEL ANTIBACT PUREZA TEENS UVA 80G,95506,7591404002286,4.44,score_bajo
GEL ANTIBACT SANOL 230ML,24071,7591138078076,3.25,sin_candidato
GEL AQUASONIC 100 CLEAR X 0.25L,29533,0855683006081,11.53,sin_candidato
GEL AQUASONIC 100 ULTRASONIDO X 0.25L,28659,0855683006043,11.7,sin_candidato
GEL AQUASONIC 100 ULTRASONIDO X 1L,28660,0855683006067,36.83,sin_candidato
GEL BRUCEN A/ACNE PIEL GRAS 120ML,27368,7592090000389,11.8,sin_candidato
GEL BRUCEN HYDRO MATT PIEL GRAS 120ML,27793,7592090000402,10.72,sin_candidato
GEL CALAMINOL PICALIV 16G VITA,99544,7591808525077,4.58,sin_candidato
GEL COLGATE KIDS FRUTILLA 50G,19586,7891024034095,1.77,score_bajo
GEL COLGATE PLAX REFRESC/BUCAL 100ML,16468,7591083018547,3.54,score_bajo
GEL CORP VIBRA NAT FRIO 200G,52623,7593319000043,5.4,sin_candidato
GEL CREM BIODERMA ATODERM INTEN 200ML,30275,3701129802663,32.6,sin_candidato
GEL CREM BIODERMA HYDRABIO 40ML,30277,3401329447809,31.88,sin_candidato
GEL D/BAÑO ALEA NIÑOS 350ML,54355,7599566000225,5.06,sin_candidato
GEL D/BANO IE GLICERINA 750ML,29057,8411047108079,9.38,score_bajo
GEL D/BAÑO SPA LINE CHERRY BERRY 200ML,54055,7590041011293,7.2,sin_candidato
GEL D/BAÑO SPA LINE MANDAR/COCO 200ML,54053,7590041011279,7.2,sin_candidato
GEL DERNIER AFTER SUN X 160G,28954,7598084000908,7.63,sin_candidato
GEL DERNIER ARNICA MONTANA GEL 200 ML,15661,7596049000277,2.38,sin_candidato
GEL DERNIER PURIFIC Y MINIM D/POROS X20G,28497,7598084000847,3.9,sin_candidato
GEL EXFOL CLARESS 75G,50933,7596811000047,7.1,sin_candidato
GEL FACIAL HIDRAT AKNFREE 50ML,24625,7592512003783,6.05,sin_candidato
GEL FACIAL HUMECT BIOS SCRUB 120ML,99211,7595481000043,16.49,sin_candidato
GEL FACIAL LIMP NIVEA AGUA D/ROSAS 150ML,51750,4005900645289,13.85,score_bajo
GEL FIJ EVERY NIGHT FOR MEN BLACK 250G,54301,7590005169114,2.74,sin_candidato
GEL FIJ EVERY NIGHT FOR MEN BLACK 500G,54302,7590005169121,3.56,sin_candidato
GEL FIJ EVERY NIGHT FRES 100G,19488,7590005168186,1.74,sin_candidato
GEL FIJ EVERY NIGHT FRES 250G,19492,7590005168223,2.74,sin_candidato
GEL FIJ EVERY NIGHT FRES 500G,19496,7590005168261,3.56,sin_candidato
GEL FIJ EVERY NIGHT POW 100G,19490,7590005168209,1.74,sin_candidato
GEL FIJ EVERY NIGHT POW 500G,19498,7590005168285,3.56,sin_candidato
GEL FIJ EVERY NIGHT STRONG 100G,19489,7590005168193,1.74,sin_candidato
GEL FIJ EVERY NIGHT STRONG 250G,19493,7590005168230,2.74,sin_candidato
GEL FIJ EVERY NIGHT STRONG 500G,19497,7590005168278,3.56,sin_candidato
GEL FIJ EVERY NIGHT WINNER 100G,19487,7590005168179,1.74,sin_candidato
GEL FIJ EVERY NIGHT WINNER 500G,19495,7590005168254,3.56,sin_candidato
GEL GLADE CAR ACQUA 70G,24748,7501032908690,3.21,sin_candidato
GEL GLADE CAR CITRUS 70G,24746,7501032908706,3.21,sin_candidato
GEL HIDRAT AG TATTOO AFTERCARE 60G,50956,7596811000368,10.87,sin_candidato
GEL HIDRAT CLARESS PIEL GRAS 75G,50931,7596811000115,7.7,sin_candidato
GEL HIDRAT DERNIER A/EDAD REPAR NOCH 50G,51299,7598084001226,13.1,sin_candidato
GEL HIDRAT ZOAH ACNE RESCUE 50ML,52749,7596211000456,4.35,sin_candidato
GEL INTIMO PHFEM DELICADO 280ML,53205,7591309002503,5.82,sin_candidato
GEL INTIMO PHFEM HIDRAT 280ML,53206,7591309002497,5.82,sin_candidato
GEL INTIMO SABILADERM LAVAND 200ML,14185,7592512001932,6.86,sin_candidato
GEL INTIMO SABILADERM MANZA 240ML,14187,7592512001949,6.86,sin_candidato
GEL LIMP BIODERMA SEBIUM MOUSSANT 200G,34847,3401578653709,38.16,sin_candidato
GEL LIMP BIODERMA SENSIBIO MOUSSAN 200ML,30298,3401381507565,30.77,sin_candidato
GEL LIMP CAPIL BRUCEN UREA12% 400ML,19914,7592090001577,19.4,sin_candidato
GEL LIMP CORP BRUCEN UREA12% 250ML,19915,7592090001591,13.8,sin_candidato
GEL LIMP FACIAL BEDUCEN PROB5 200ML,52036,7441003123069,18.39,sin_candidato
GEL LIMP PATO SARRO/MUGRE 710ML,51093,7501032923778,5.84,sin_candidato
GEL LIVING ALOE VERA REVITALIS 100ML,29290,7591570000161,2.75,sin_candidato
GEL LIVING LIMP D/POROS 120ML,29286,7591570000086,4.17,sin_candidato
GEL LUBRICANTE PRUDENCE FRESA DKT,29618,7502214986062,14.65,score_bajo
GEL LUBRICANTE PRUDENCE NATURAL DKT,29619,7502214986031,14.65,sin_candidato
GEL PATO ACC PROFU MARINE 500ML,20666,7501032902735,4.43,sin_candidato
GEL PATO ACC PROFU PINE 500ML,20665,7501032902742,4.43,sin_candidato
GEL RHELEN COOL ICE AZUL 250G INTERV,14284,7593434000508,6.49,sin_candidato
GEL ZOAH ALOE VERA ROSTRO/CUERPO 400G,54237,7596211000692,4.37,sin_candidato
GEL/BAÑ AMALFI AVENA 750ML,17257,8414227691880,4.48,sin_candidato
GEL/BAÑ AMALFI DERMOPROT 750ML,17267,8414227691910,7.9,sin_candidato
GEL/BAÑ AMALFI DUC/PA 750ML,22137,8414227032744,7.9,sin_candidato
GEL/BAÑ AMALFI DUCHA RELAX 750ML,22136,8414227691828,5.58,score_bajo
GEL/BAÑ EXFOL SPA LINE ORQ SALVAJE 250ML,19811,7590041014324,4.2,sin_candidato
GEL/BAÑ IE BEBE 500ML,26518,8411047101414,14.75,sin_candidato
GEL/BAÑ IE PIEL ATOPICA 500ML,26517,8411047108109,14.35,sin_candidato
GEL/BAÑ SPA LINE BLUEBE/ORANGE 250ML,18601,7590041015291,4.2,sin_candidato
GEL/BAÑ Y DUCHA AMALFI LOVE 750ML,17258,8414227043573,7.9,score_bajo
GELAFUNDIN SOL 4% 500ML MEDV,25773,7501125114960,52.25,sin_candidato
GELATINA SONRISSA CEREZA DISP 132G X12,28227,7591112000215,23.13,score_bajo
GELATINA SONRISSA FRAMBUESA DISP 132GX12,28226,7591112000222,23.13,score_bajo
GELATINA SONRISSA FRESA DISP 132G X12,28225,7591112000208,23.13,score_bajo
GENLET CAP 200MG X 10,50060,7591585210180,10,sin_candidato
"GENTAMICINA SOL OFT 0,3% 5ML L.O",5334,7591196002136,4.66,score_bajo
GENTAPLUS GTS OFT 0.3% KMP,20994,8904030802042,7.66,sin_candidato
GERIATECH CAP BLD VIT/MINERAL X30 G PHAR,21936,7597189000066,11.3,score_bajo
GESTAGENO CAP BLD 100MG X30 CR CCM,21412,7401078900156,31.86,score_bajo
GESTAGENO CAP BLD 200MG X30 CR CCM,21413,7401078900163,40.88,score_bajo
GESTASYN I CAP BLD 100MG X10 TIARES,52805,8906009239880,13.55,sin_candidato
GESTASYN II CAP BLD 200MG X10 TIARES,52806,8906009239903,16.29,sin_candidato
"GESTRELLA TAB REC 0,075MG X28 GCP",27016,7594001564140,20.35,score_bajo
GINACOL SOL VAG 135ML BIOTECH,7355,7591243820355,4.06,score_bajo
GINESAL SOL VAG 130ML AV,14801,7596654000020,6.49,score_bajo
GINIWA V CAP X 14,50202,8436587000188,28.23,sin_candidato
GINKGO BILOBA CAP 300MG X30 HERB,24098,7592710003974,10.66,sin_candidato
GINKGO BILOBA CAP 300MG X60 ARC IRIS,17786,7592946005988,12.86,sin_candidato
GINKGO BILOBA CAP 300MG X60 HERB,99663,7592710000621,11.56,sin_candidato
GINKGO BILOBA CAP 300MG X60 NAT PREM,13358,7592430000116,9.73,sin_candidato
GINKGO BILOBA CAP 60MG X60 NOW,2685,733739103062,19.99,sin_candidato
GINKGO SENG DH TAB X60 NAT PREM,13364,7592430000017,7.36,sin_candidato
GINKOLA CAP 500MG X30 HERB,24195,7592710003967,9.48,sin_candidato
GIVOTAN PVO SUSP 100MG 30ML MEG,91422,7861148020472,16.62,score_bajo
GIVOTAN PVO SUSP 100MG 60ML MEG,90627,7861148020434,19.61,score_bajo
GIVOTAN TAB REC 500MG X6 MEG,90626,7861148020441,15.19,score_bajo
GLADE AUTO GEL ODISEA AZUL 70G,30314,7501032913038,3.21,sin_candidato
"GLAMOR SOL OFT 0,2/0,2% 10ML CAPSUV",23331,7598055000210,8.55,sin_candidato
"GLAUCOPROST SOL OFT 0,004% 3ML MEG",90436,7795368055184,11.82,score_bajo
GLAUCOTENSIL D SOL OFT 5ML MEG,2263,7795368001686,13.9,score_bajo
GLAUCOTENSIL T SOL OFT 5ML MEG,2262,7795368001679,14.68,score_bajo
GLIBENCAMIDA TAB 5MG X10 VIN,26736,8904209411075,3.35,sin_candidato
GLICAZIDA TAB 80MG X20 MT GLOB,54364,8902399002004,9.53,sin_candidato
GLICERAMIN AMP 3%/500ML X 1,50702,0759263700315,40.42,score_bajo
GLICINATO D/MAGNESIO  TAB 300MG X30 SAAS,52841,7591940000616,11.32,score_bajo
GLICINATO D/MAGNESIO CAP 500MG X60 HERB,52351,7592710003097,11.04,score_bajo
GLICINATO D/MAGNESIO CAP 500MG X70 ABEJ,53637,7597134001100,8.88,score_bajo
GLICLAZ TAB REC 80MG X20 ALESS,53068,7597758001401,4.97,sin_candidato
GLIDEX TAB REC 500MG X30 PLX,52469,7594001102151,7.1,score_bajo
GLIDEX TAB REC 850MG X30 PLX,52970,7594001102236,9.3,score_bajo
GLIMAGX CAP 550MG X30 CR 2N,54407,6977234272166,6.49,sin_candidato
GLIMEPIRIDE TAB 2 MG X 30 LA SANTE,4700,7703763165117,8.17,score_bajo
GLIMEPIRIDE TAB 2MG X16 PHARME,4699,7703763165056,4.78,sin_candidato
GLIMEPIRIDE TAB 2MG X30 ZUZU,51563,8904324101516,3.16,sin_candidato
GLIMEPIRIDE TAB 4MG X16 PHARME,4701,7703763165063,5.43,sin_candidato
GLIMEPIRIDE TAB 4MG X30 PHARME,4702,7703763165124,10.12,sin_candidato
GLOMY XR TAB 1000MG X30 ARVEST,53395,8906188190705,7.6,sin_candidato
GLOMY XR TAB 500MG X30 ARVEST,53396,8906188190682,5.91,sin_candidato
GLOMY XR TAB 750MG X30 ARVEST,53394,8906188190699,6.76,sin_candidato
GLUCON PLUS PVO/SOLUBLE SOB LIMON X15,50686,7593090002489,19.55,score_bajo
GLUCONATO D/ZINC CAP 170MG X60 HERBAP,28486,7592710005527,11.56,score_bajo
GLUCOPHAGE XR TAB 1000MG X30 DOLLY,54520,7891721029189,19.4,sin_candidato
GLUCOPHAGE XR TAB 500MG X30 DOLLY,8526,7404000043280,14.44,sin_candidato
GLUCOSAM/CONDRO PLUS TAB 200MG X30 SAAS,52844,7591940000593,11.84,sin_candidato
GLUCOSAM/CONDRO TAB 1500/1200MG X30 NOW,52094,733739110626,17.14,sin_candidato
GLUCOSAMINA CAP 500MG X60 ARC IRIS,18763,7592946169758,12.86,sin_candidato
GLUCOSAMINA/CONDRO TAB 500/400MG X30 VAL,9137,714439705503,16.18,sin_candidato
GLUCOSAMINE CAP 2850MG X90 ETER,23404,0787790468653,15.03,sin_candidato
GLUCOSAMINE CAP 2865MG X90 PHARMAC,27075,0787790474753,16.49,sin_candidato
GLUCOSAMINE/CHONDRO TAB 1500/1200 X60NOW,28240,0733739032423,32.14,sin_candidato
GLUCOSAMINE/CONDRO SOB 1500/1200X15PHARM,28286,7703763968718,15.3,sin_candidato
GLUCOSAMINE/MSM CAP X60 NOW,28235,0733739032782,17.53,sin_candidato
GLUCOTRIN CAP X60,50724,7597189000288,11.24,sin_candidato
GLUCOVAL TAB REC 10MG X30 VLM,53623,7591020009850,23.18,score_bajo
GLUCOVAL TAB REC 25MG X30 VLM,53624,7591020009874,30.77,score_bajo
GLUCOZIN TAB 500 MG X 30,30363,7592806136067,4.53,sin_candidato
GLUSTAR TAB 20MG X30 PHARME,50765,7592454004039,9.26,score_bajo
GLUSTAR TAB REC 40MG X30 PHARME,53840,7592454004022,12.94,score_bajo
GLUTAMINA CAP BLD 500MG X30,25759,685239846959,8.92,score_bajo
GLUTAMINA CAP BLD 500MG X60,25758,0685239846942,12.48,score_bajo
GLUTAPAK-10 SOB X 15G,29378,0612197711104,10.47,sin_candidato
GLUTATHIONE CAP 500MG X 30,50454,733739001757,35.94,sin_candidato
GLYCEMPLUS TAB X 30,29913,791466994957,13.85,sin_candidato
GOM GOMBY ROCO ESPACIAL 30G DISP X12,15610,7593570000073,6.3,sin_candidato
"GOTAS ARTIF SOL OFT 0,3% X15ML CR BIO",54459,7598455000087,4.71,sin_candidato
GOTAS DEL CARMEN 60ML RECETT,14408,7594001450801,4.64,sin_candidato
GOTAS VALERIANA 30ML RECETT,20895,7594001450818,2.55,sin_candidato
GRATIO TAB REC 750MG X10 RNV,93744,7592806134094,4.99,score_bajo
GRAVIOLA CAP X60 NAT PREM,17119,7592430001564,5.73,sin_candidato
GREIT TAB REC 10MG X30 FC,25051,7593090001536,10.64,score_bajo
GRINATOS JBE 180ML NAT PREM,27118,7592430000796,6.21,sin_candidato
GULAPER JBE AD 250MG 120ML MEG,8705,7591955001288,7.79,score_bajo
GYNKOLA CAP 500MG X60 HERB,19504,7592710000607,11.82,sin_candidato
GYNO-ZUMETRONIN TAB VAG 500MG X10 ZUZU,52584,7599608003290,5.59,score_bajo
GYNOCARE TAB REC 150MCG/30MCG X21 BRIUT,54272,645748578109,4.75,sin_candidato
GYNODERAIN CREM VAG 20% 60G LETI,10235,7591585115911,58.18,score_bajo
GYNOMET CREM VAG 15/4% 40G LETI,15067,7591585119131,25.67,score_bajo
GYNOMET OVUL VAG 750MG/200MG X7 LETI,53056,7591585119179,19.76,score_bajo
GYNOTRAN CREM 15%/4% 40G CR CCM,25326,7401078990201,21.34,score_bajo
GYNOVIT SOL VAG 130ML VARG,1743,7592349844757,4.44,score_bajo
HALLS DISP CHERRY LYPTUS 3G X 100,50290,7702133445095,2.86,sin_candidato
HALLS DISP EXTRA STRONG 3G X 100,50293,7702133445118,2.86,sin_candidato
HALLS DISP MENTHOL LYPTUS 3G X 100,50292,7702133445101,2.86,sin_candidato
HALOPERIDOL TAB 2MG X 20 FARMAMED,50163,8908020242528,1.99,score_bajo
HALOPERIL SOL ORAL 2MG/ML 15ML CR MT,53397,7501384550981,8.58,sin_candidato
HATIAL TAB 50MG X30 GFARM,26023,7406076103530,14.25,score_bajo
HEDRALIV JBE 120ML PHARME,95008,7592454002301,9.47,sin_candidato
HEMORROIMED CREM 30G LYA,25455,7599028000459,6.16,sin_candidato
HEMOVAR CREM 10% 40G SANAV,54160,7593533000683,6.39,sin_candidato
HENOVI-C GTS 30ML VARG,1765,7592349722963,8.65,sin_candidato
HEPADESICOL CAP BLD 325MG X24 ELM,51983,7591062014508,16.05,sin_candidato
HEPAFOL FORTE JBE 120ML MEY,18904,7592601301851,19.39,score_bajo
HEPAFOL JBE 120ML MEY,13118,7592601301592,17.23,score_bajo
HEPAGRAS CAP 120MG X30 LETI,23962,7591585216892,56,sin_candidato
HEPAROID GEL 250G X 30G,30326,18904187884240,12.34,sin_candidato
"HEPTADEX TAB 4MG/0,25MG X30 CR 2N",54408,6977234271992,2.6,sin_candidato
HERBAHELIX JBE 240ML HERB,52361,7592710002915,5.03,sin_candidato
HERBAMIEL JBE 240ML HERB,28310,7592710002908,4.42,sin_candidato
HEXANT JBE ELIX 30MG/5ML 120ML MEG,16142,7591619519166,4.04,score_bajo
HEXOMEDINE COLUT AER 30G CLX,1782,7591044401463,8.25,score_bajo
HIDRALIT SOL COCO 500ML PROBI,24691,7596855000010,3.38,score_bajo
"HIDROCLOR TAB 12,5MG X30 UNIPH",53769,7598852001830,4.6,sin_candidato
HIDROCORTISONA CREM 1% 15G KMPLUS,54321,6942189304309,6.16,score_bajo
HIDROCORTISONA PVO P/SOL 100MG DISTRILAB,28788,7598252001249,3.34,score_bajo
HIDROCORTISONA SOL IM/IV 100MG X10 ADN,53233,8906112611320,19.58,score_bajo
HIDROCORTISONA SOL IM/IV 500MG X1 ADN,53234,8906112611580,6.36,score_bajo
HIERRO/AC FOLIC GTAS PED 30ML ZUZU,52545,7599608003573,5.27,score_bajo
HIOSCIL TAB REC 10G X10 FMED,51783,8906082152366,2.19,sin_candidato
HIRUDOID GEL 40G COM,9573,7751940001307,13.77,score_bajo
HIRUDOID PMDA 40G COM,6372,7751940001321,13.77,score_bajo
"HISTALER JBE PED 0,5MG/ML 60ML VLM",91996,7591020008112,3.51,score_bajo
HISTALER TAB/REC 5MG X 10,30267,7591020008518,1.7,score_bajo
IBAMES COMP REC 150MG X1 ALESS,52777,7597758001593,3.87,sin_candidato
IBUCOLVAL TAB REC 600MG/4MG X20 VLM,94906,7591020008648,10.81,score_bajo
IBUCOLVAL TAB/REC 400 MG/4 MG X 10,30197,7591020008044,4.17,score_bajo
IBUFEN COMP REC 800MG X6 FAHD,54227,7590279000045,4.29,score_bajo
IBUPROF/TIOCO COM/REC 600MG/4MG X10 VARG,29650,7592349001921,5.05,sin_candidato
IBUPROFEN SUSP 100MG X60ML KIMIC,5567,7592616221014,3.14,sin_candidato
IBUPROFEN TAB 400MG X10 KIMIC,10908,7592616220017,1.66,sin_candidato
IBUTANFEM TAB REC 400/20MG X10 MEY,24737,7592601303121,8.66,score_bajo
IBUTANMIGRA TAB 400MG/40MG X10 MEY,13472,7592601301622,5.34,score_bajo
IBUTANMIGRA TAB 400MG/40MG X20 MEY,13473,7592601301653,10.48,score_bajo
IBUTIL FORTE COM/REC 600MG/8MG X 10,29385,7592806134018,9.3,score_bajo
ILTUX COMP REC 40MG X28 ADIUM,93910,7841141002712,18.04,score_bajo
IMAZOL OVU VAG 500MG X1 MEY,3419,7592601100737,2.99,score_bajo
IMAZOL TAB VAG X6 MEY,1854,7592601100478,6.17,score_bajo
IMLASTIN PVO SOL INY 250MG/250MG ZUZU,51384,7599608003108,11.21,sin_candidato
IMLASTIN PVO SOL INY 500MG/500MG ZUZU,51385,7599608001531,16.3,sin_candidato
IMMUNE SUPPORT CAP X60 PREV,52139,7598953000169,19.83,sin_candidato
IMOL COMP REC 20MG X30 DLR,52408,7592803004222,7.32,score_bajo
IMOL COMP REC 40MG X30 DLR,52409,7592803004239,13.09,score_bajo
"IMOL HCT COMP REC 20MG/12,5MG X30 DLR",52488,7592803004246,11.11,score_bajo
INHILAC PVO INH CAP 100/50MCG X60 LETI,52053,7591585110282,48.57,score_bajo
INHILAC PVO INH CAP 250/50MCG X60 LETI,52054,7591585110299,54.15,score_bajo
INHILAC PVO INH CAP 500/50MCG X60 LETI,52464,7591585110367,60.55,score_bajo
INMUBIOTIC CAP 50 BILL X30 ARCO IRIS,54363,7592946001836,20.79,sin_candidato
INMUBIOTIC CAP 50B X60 ARC IRIS,51980,7592946001775,28.57,sin_candidato
INMUNEPLUS CAP X60 PREV,52130,7598953000015,33.5,sin_candidato
INOSITOL CAP 500MG X100 NOW,28234,0733739004758,22.75,sin_candidato
INSECT AER BAYGON VERD 235ML,15396,7591005004399,4.05,sin_candidato
INSECT AER BAYGON VERD 360ML,15382,7591005004405,5.37,sin_candidato
INSECT AER BAYGON VOLADORES AZUL 360ML,96644,7591005677777,5.46,sin_candidato
INSECT AER BAYGON VOLADORES DOB/AC 360ML,96643,7591005004221,6.16,sin_candidato
INSECT AER RAID GOLD RASTREROS 235ML,15392,7591005004160,4.93,sin_candidato
INSECT AER RAID GOLD RASTREROS 360ML,96645,7591005004153,6.6,sin_candidato
INSECT AER RAID HOGAR 360ML,15397,7591005677753,5.99,sin_candidato
INSECT AER RAID MAX 235ML,15393,7591005004375,4.84,sin_candidato
INSECT AER RAID ZANCUDO/MOSCA 235ML,15394,7591005677746,5.01,sin_candidato
INSECT AER RAID ZANCUDO/MOSCA 360ML,15372,7591005677739,6.34,sin_candidato
INSECTIC AER BAYGON AZUL 235ML,15395,7591005677784,4.23,sin_candidato
INTYPROB PROBIOTICOS/PREBIOTICOS CAP X60,54494,7599740000119,49.35,sin_candidato
IPALAT CREM 20G COFA,10960,7591818114001,5.66,score_bajo
IPORET SUSP 40MG/ML 60ML L.O,96800,7591196004253,5.53,score_bajo
IRBERSARTAN TAB 150MG X30 CR BEL,26610,7591940000173,4.64,sin_candidato
ISOR TAB 10MG X10 CR 2N,54409,6977234272104,2.08,sin_candidato
ISPERIN COM/REC 1MG X 30,50229,7706127003568,8.39,sin_candidato
ISPERIN COM/REC 2MG X 30,50230,7706127003582,9.65,sin_candidato
ITISONA CREM 30G PHARME,9412,7592454001182,8.79,score_bajo
IVAGAN FORTE TAB REC 650/1/40MGX25BIOTEC,21170,7591243826814,34.58,score_bajo
IVANOVA TAB 5MG X30 ZORIAK,52161,7599112000457,12.55,sin_candidato
IVARALAN TAB 5MG X30 UNIPH,53770,7598852001861,10.26,sin_candidato
IZABAN DPP COMP REC 25MG/5MG X30 LETI,54207,7591585112941,63.66,score_bajo
JAB ANTIBACT EVERY NIGHT AVENA 110G,23495,7590005162412,1.41,sin_candidato
JAB ANTIBACT EVERY NIGHT MANZ 110G,23496,7590005162429,1.41,sin_candidato
JAB ANTIBACT EVERY NIGHT TROPICAL 110G,23497,7590005162405,1.41,sin_candidato
JAB ANTISEP SANIDEX 120ML,51940,0658325157505,2.08,sin_candidato
JAB BARRA BABY DOVE HUMECT ENRIQ 75G,52701,7891150026025,2.04,sin_candidato
JAB BARRA BABY DOVE HUMECT SENSIB 75G,50205,7891150025998,2.04,sin_candidato
JAB BARRA DERMAX NEUTRO 90G,51550,0736372096944,3.38,score_bajo
JAB BARRA LUX ORQUIDEA NEGR 110G,52705,7702006208239,1.31,sin_candidato
JAB BARRA LUX ROSAS FRANCESAS 110G,52703,7702006208222,1.31,sin_candidato
JAB BARRA MIMLOT BABY SOFT BABY 90G,53307,7599963000187,0.8,sin_candidato
JAB BARRA MIMLOT BABY SWEET BABY 90G,53306,7599963000194,0.8,sin_candidato
JAB BARRA PALMOLIVE CAFE/ALMEN 110G X3,53834,7509546701721,4.83,sin_candidato
JAB BARRA PALMOLIVE MANDA/ROMERO 110G X3,52033,7509546690254,4.83,sin_candidato
JAB BARRA PALMOLIVE NEUTRO BALAN 100G X3,51039,7509546693347,5.56,score_bajo
JAB BARRA PEDI AZUFRADO 100G,27434,7596832000071,2.83,sin_candidato
JAB BARRA PEDI BORICADO 100G,27435,7596832000088,2.83,sin_candidato
JAB BARRA PEDI OXIDO D/ZINC 100G,27437,7596832000118,2.83,score_bajo
JAB BARRA PEDI YODADO 100G,27433,7596832000019,2.83,sin_candidato
JAB BARRA PROTEX FRESH 110G X3,24560,7702010920622,5.36,sin_candidato
JAB BARRA PROTEX NUTRI MACADAMIA 110G X3,51902,7702010921391,5.42,sin_candidato
JAB BARRA PROTEX NUTRI OMEGA 3 110G X3,51903,7702010921292,5.42,sin_candidato
JAB BIOS PIEL GRAS 90G,17098,7595481000234,2.91,sin_candidato
JAB BIOS PIEL SEC 90G,17099,7595481000241,3,sin_candidato
JAB CORP LIQ PALMOLIVE NEUTROBALAN 390ML,27486,7509546059563,6.92,sin_candidato
JAB CREM AMALFI CHERRY 500ML,22909,8414227057648,6.15,sin_candidato
JAB CREM AMALFI CREM FRUTOS D/BOSQ 500ML,22910,8414227057655,3.53,score_bajo
JAB CREM AMALFI SPA 500ML,22919,8414227057747,3.53,sin_candidato
JAB D/TOCADOR MIMLOT ALMEN TRIPACK 270G,52637,7599963000163,1.6,sin_candidato
JAB D/TOCADOR MIMLOT ALOE VERA 125G,19904,7599963000019,0.72,sin_candidato
JAB D/TOCADOR MIMLOT FRESA 90G,23201,7599963000040,0.54,score_bajo
JAB D/TOCADOR MIMLOT FRESA TRIPACK 270G,52636,7599963000156,1.6,score_bajo
JAB D/TOCADOR MIMLOT LIMON 125G,19906,7599963000033,0.72,score_bajo
JAB D/TOCADOR MIMLOT MANZ TRIPACK 375G,52635,7599963000149,2.13,sin_candidato
JAB D/TOCADOR MIMLOT PEP 90G,23199,7599963000064,0.54,sin_candidato
JAB DERMOLIMP BIOS NEUTRA 90G,25714,7595481000265,2.91,score_bajo
JAB DERMOLIMP PALMOLIVE NEUTROBALAN 100G,24863,7509546075013,1.96,sin_candidato
JAB DOVE BARRA KARITE 90G X 3,30001,7891150046528,5.61,sin_candidato
JAB DOVE BARRA KARITE/VAINILLA 90G,29842,7891150019560,2.5,sin_candidato
JAB DOVE BARRA LECHE D/COCO 90G,29860,7891150034075,2.5,score_bajo
JAB DOVE BLAN 90G,38061,7898422746759,2.04,sin_candidato
JAB DOVE LECHE D/COCO Y JAZMIN 90G X 3,50026,7702006201346,5.61,score_bajo
JAB DOVE ORIGINAL 90G X 3,50027,7891150046481,5.61,sin_candidato
JAB EVERY NIGHT BIO COCO 110G,27121,7590005162436,1.41,sin_candidato
JAB EVERY NIGHT BIO COLAG COCO 110G X3,53228,7590005162627,3.83,sin_candidato
JAB EVERY NIGHT BIO MANDARINA 110G,27122,7590005162443,1.41,score_bajo
JAB EVERY NIGHT BIOCOLAG AVENA 110G X3,27125,7590005162641,3.85,sin_candidato
JAB EVERY NIGHT BIOCOLAG E/TROPI 110G X3,27124,7590005162634,3.85,sin_candidato
JAB EVERY NIGHT BIOCOLAG MANZ 110G X3,27123,7590005162658,3.85,sin_candidato
JAB FACIAL BARRA DERMAX AZUFRE 45G,51553,0736372096975,2.46,sin_candidato
JAB FACIAL BARRA DERMAX NEUTRO 45G,51551,0736372096951,2.46,score_bajo
JAB FACIAL GLYCOLICO X 110ML,50360,7591404000497,8.91,sin_candidato
JAB GEL BIOLACT P/DAMAS 200ML,24355,7595651000422,3.75,sin_candidato
JAB INTIMO FRIENDS 240ML,28844,7591061640012,4.67,sin_candidato
JAB INTIMO NIVEA 250ML,50904,4005808538553,6.24,sin_candidato
JAB INTIMO NOSOTRAS AGUA D/ROSAS 200ML,27788,7702026184445,5.66,score_bajo
JAB LIQ ANTIBACT DIOXOGEN 240ML,35545,7591309902759,3.95,sin_candidato
JAB LIQ ANTIBACT PROTEX AVENA 221ML,23887,7702010420313,4.91,sin_candidato
JAB LIQ BACTERICIDA IODINEX 120ML,51942,7599971000025,6.22,sin_candidato
JAB LIQ CORP PALMOLIVE SANDIA/LYCH 390ML,53076,7509546676111,6.36,sin_candidato
JAB LIQ CORP PROTEX AVENA 250ML,51332,7891024114216,4.16,sin_candidato
JAB LIQ CORP PROTEX MEN 250ML,53438,7891024115862,4.08,sin_candidato
JAB LIQ NIVEA DIAMOND/ARGAN 500ML,51755,7501054526933,8.13,sin_candidato
JAB LIQ NIVEA MEN DEEP CLEAN 3EN1 500ML,51756,72140018023,8.16,sin_candidato
JAB LIQ PALMOLIVE NAT CEREZA/COCO 390ML,27592,7509546078885,6.36,score_bajo
JAB LIQ PROTEX ALOE 221ML,94322,7702010420320,4.91,sin_candidato
JAB LIQ SOMHEX 48H 240ML,27602,7596139000507,6.19,sin_candidato
JAB P/MANOS MIMLOT CRANBERRY 500ML,19908,1180201379330,1.73,sin_candidato
JAB P/MANOS MIMLOT PLUM 500ML,19910,1180201379323,1.73,sin_candidato
JAB P/TOCADOR PROTEX AVENA 110G,24076,7702010420337,1.98,sin_candidato
JAB PALMOLIVE ALOE/OLIVA 110G,28545,7509546676982,1.75,sin_candidato
JAB PALMOLIVE AVENA AZUCAR MORENA 110G,28544,7509546677019,1.75,score_bajo
JAB PALMOLIVE BARRA ALOE/OLIVA 110GX3,28855,7509546677026,4.83,sin_candidato
JAB PALMOLIVE BARRA NEUT/BALAN BABY X90G,50483,7509546655079,2.03,sin_candidato
JAB PALMOLIVE BARRA POMEGRANATE 110GX3,28856,7509546677057,4.83,sin_candidato
JAB PALMOLIVE NEUTRO BALANCE DERMO 221ML,27975,7509546059556,5.4,score_bajo
JAB PROTEX AVENA 100G X6,54377,7702010921681,9.56,sin_candidato
JAB PROTEX AVENA 110G X3,24442,99176922353,5.36,sin_candidato
JAB PROTEX BARRA ALOE 110G X 3,28853,099176922391,5.36,sin_candidato
JAB PROTEX CARBON 110G X3,50289,7509546680644,5.42,sin_candidato
JAB PROTEX F/MEN SPORT 110G X3,26029,099176922650,5.36,sin_candidato
JAB PROTEX FRES 110G,19119,7702010420344,1.98,sin_candidato
JAB PROTEX LIMP PROFU 110G X3,27223,7702010920820,5.36,sin_candidato
JAB REXONA ANTIBACT AVENA 110G,50022,7702006405669,1.66,sin_candidato
JAB REXONA ANTIBACT BAMBOO 100G,50025,7702006302081,1.66,sin_candidato
JAB REXONA ANTIBACT BAMBOO 110G X 3,50021,7702006405683,4.6,sin_candidato
JAB REXONA ANTIBACT FRESH 110G,50023,7702006405713,1.66,sin_candidato
JAB REXONA ANTIBACT LIMPIEZA 110G,50024,7702006405690,1.66,sin_candidato
JAB REXONA ANTIBACT LIMPIEZA 110G X 3,50020,7702006405706,4.6,sin_candidato
JAB REXONA BARRA ANTIB FRESH 110G X 3,30005,7702006405737,4.6,sin_candidato
JAB RINTI AZUFRADO 90G,21905,7591635000587,5.4,sin_candidato
JAB RINTI MEDICADO 90G,52218,7591635000938,6.38,sin_candidato
JAB/INTIMO AGRADO 500 ML,22138,8433295047115,5.61,sin_candidato
JALZER MET TAB 50MG/850MG X 30,50714,7841141005072,16.72,score_bajo
JARIT CAP BLD 100MG X30 VIV,26114,7703153035693,37.14,score_bajo
JENGIBRE JBE 120ML RECETT,16876,7594001450924,4.23,sin_candidato
JENGIBRE MIEL JBE 120ML ARC IRIS,90421,7592946056003,10,score_bajo
JENGIBRE MIEL JBE 120ML FC,16813,7593090001185,7.71,score_bajo
JENGIBRE/BERRO JBE S/AZUCAR X 120ML,28836,7594001455813,4.19,score_bajo
JENGIBRE/ZINC/VIT C JBE 180 BIOF,51338,7599558000158,7.55,score_bajo
JER PLUSMEDIC PED 3ML 22G 1 X100,50116,7597467000443,14.85,sin_candidato
JUGO VIVO BERRIES S/AZU SOB 7G X10,51598,7802200266193,0.4,sin_candidato
KADOLEX TAB 25MG X10 ANG/H,27735,7598176000526,6.55,sin_candidato
KAPET TAB REC 75MG X14 MEY,7826,7592601201137,4.66,score_bajo
KATIVIL SOL ORAL 1/10ML S/AZU 240ML COFA,51086,7591818000380,9.79,score_bajo
KATIVIL SOL ORAL 1G/10ML S/AZU 90ML COFA,23963,7591818000205,4.3,score_bajo
KATIVIL SOL ORAL 1G/10ML S/AZU120ML COFA,21580,7591818716694,5.99,score_bajo
KAZEPINA PVO PED100MG/5ML NAR 60ML ANG/H,27739,7598677000469,3.39,sin_candidato
KEPPRA SOL/ORAL 100MG/MG X 300ML,28896,7441026001979,101.18,score_bajo
KEPRORET JBE 1MG/ML 120ML L.O,26611,7591196006127,8.22,score_bajo
KERATIUM CAP 300MG X60 NAT PREM,24535,7592430000567,7.29,sin_candidato
KETOBLUX AMP 100MG/2ML X10 BLUE/M,50778,7598127002128,25.97,sin_candidato
KETOCONAZOL CREM 2% 15G KIMIC,8683,7592616584027,3.7,score_bajo
KETOCONAZOL CREM 2% 20G PORTU,23727,7750215003817,2.31,score_bajo
KETOCONAZOL CREM TOP 2% 30G TIAR,53376,198715206036,3.74,score_bajo
"KETOGEL GEL TOP 2,5% 30G TIAR",53372,198715871241,4.68,sin_candidato
KETOGESIC 10 CAP BLD 100MG X10 PLN,50994,7592348231107,5.79,score_bajo
KETOMED CHAMPU 100ML MEG,30800,7703332003031,26.62,score_bajo
KETOPROFENO AMP IV/IM 100MG X10 TIAR,26418,8904187861770,21.26,score_bajo
KETOROLAC SOL IM/IV 30MG/ML X10 ADN,24676,8904187828292,12.57,score_bajo
KETOROLAC/TROM TAB SUBL 30MGX4 PHARME,22593,7703763791569,4.51,score_bajo
KETOVEN CREM 2% 30G SGG,21560,7596347793581,8.26,sin_candidato
KEYDOL COMP REC 400MG/4MG X10 MEG,54359,7591619001524,3.92,score_bajo
KEYDOL COMP REC 400MG/4MG X20 MEG,54358,7591619001531,6.21,score_bajo
KEYDOL COMP REC 600MG/4MG X10 MEG,54360,7591619001548,5.06,score_bajo
KEYDOL COMP REC 600MG/4MG X20 MEG,54361,7591619001555,8.78,score_bajo
KIDCAL SUSP 300MG TUTTI FRUTTI 180ML FAR,5708,7591821102026,9.84,score_bajo
KINEX TAB 2MG X 30,29990,7501384550189,19.98,sin_candidato
KIT P/NEBULIZAR PLUSMEDIC PED,21779,7597467000177,2.41,score_bajo
"KIT TINTE DRENE COLOR CAS CLA CAO 5,5 X2",51412,7590005113711,8.89,score_bajo
KIT TINTE DRENE COLOR RUB/OSC CHOCO 6.53,29708,7590005113889,5.69,sin_candidato
KIT TINTE DRENE COLOR RUB/OSCURO 6.0,29707,7590005113841,5.69,sin_candidato
KLINCOSAL SUSP SAB/UVA X 180ML,50512,7591619000695,9.09,score_bajo
KLINCOSAL TAB MAST 202MG/100MG UVAX30MEG,14447,7591619519111,9.74,score_bajo
KOENZYM Q10 CAP 100MG X30 DOLLY,54375,7598928000293,15.21,sin_candidato
KOMENCY TAB/REC 10MG X 30,50227,7706127000598,10.65,score_bajo
KOMENCY TAB/REC 20MG X 30,50228,7706127000604,14.36,score_bajo
"KUARA SOL OFT 0,2% 3ML MEG",14973,7730969307553,9.61,score_bajo
KURD & CARE PVO SUSP ORAL 250ML,52163,7591616002371,2.83,sin_candidato
L-ARGININA/L-CITRULINA CAP X30 VAL,23183,617748376276,13.69,score_bajo
L-CARNITINA CAP 500MG X30 VAL,13149,714439705527,16.6,score_bajo
L-CARNITINA CAP BLD 500MG X30,25750,0685239846928,10.44,score_bajo
L-CARNITINA CAP BLD 500MG X60,25751,0685239846935,13.87,score_bajo
L-CARNITINA TAB X 60 ARC IRIS,27172,7592946001140,16.23,score_bajo
L-GLUTAMINA CAP 500MG X30 VAL,13150,714439705558,11.06,score_bajo
L-GLUTAMINA CAP X60 NAT PREM,17121,7592430001588,7.3,score_bajo
L-TAURINA CAP 500MG X100 NOW,90963,733739107961,16.75,sin_candidato
L-TREONATO D/MAGENSIO CAP 670MG X30 VAL,51348,644197336230,34.57,sin_candidato
LACRIDOS SOL OFT 15ML L.O,10944,7591196000286,9.6,score_bajo
LACRIFORT SOL OFT 15ML L.O,92498,7591196004208,11.01,score_bajo
"LACTIBON BARRA SYNDET PH3,5 120G",36639,7703281004325,14.29,sin_candidato
LACTOVIGOR SAN SIMON PVO 400G,27533,7596914000081,3.76,score_bajo
LACTOVIGOR SAN SIMON PVO 900G,17902,7591695002095,7.34,score_bajo
LAFARCAINA TAB NAR X16 ELM,28270,7591062901310,3.62,score_bajo
LAGRICOF SOL OFT 15ML COFA,20806,7591818716861,9.96,sin_candidato
LAGRIMAS ARTIFICIALES SOL OFT 15ML L.O,5330,7591196002624,8.48,sin_candidato
LAMEDOR C/ZABILA JBE ADU S/AZUCAR X120ML,28833,7594001455790,5.05,score_bajo
LAMEDOR C/ZABILA JBE PED 120ML RECETT,97086,7594001451044,4.05,sin_candidato
LAMEDOR C/ZABILA JBE PED S/AZUCAR X120ML,28834,7594001455806,3.55,score_bajo
LAMEDOR JBE 120ML CHEM/S,3111,7557956320933,5.82,sin_candidato
LAMEDOR JBE ADU S/AZUCAR X 120ML,28831,7594001455776,3.55,score_bajo
LAMEDOR JBE COMPU 120ML CHEM/S,45255,7557956320926,5.82,sin_candidato
LAMEDOR JBE PED S/AZUCAR X 120ML,28832,7594001455783,3.01,score_bajo
LAMICTAL TAB MAST 100 MG X30 FARMA,11117,5010706009295,30.86,score_bajo
LAMICTAL TAB/MAST 50MG X 30,11118,5010706008359,20.06,score_bajo
"LAMOFLOX SOL OFT 0,5% 5ML DIEMA",52799,7750778000711,13.12,score_bajo
LANCERAN SOL ORAL 5MG/5ML 120ML BIOQ,50196,7594000850237,4.91,sin_candidato
LASIX COMP 40MG X12 CLX,2064,7591519317619,5.4,score_bajo
"LATACOF DUO SOL OFT 2,5ML COFA",20801,7591818716809,13.32,score_bajo
"LATACOF SOL OFT 2,5ML COFA",20800,7591818716793,15.84,sin_candidato
LAVAP CREM AXION BICARBONATO 7EN1 450G,53440,7509546698748,3.86,score_bajo
LAVAP CREM AXION M/USO 450G,17773,7591083018608,3.56,sin_candidato
LAVAPLATOS AXION CREM LIMON X850G,28859,7702010382147,6.12,score_bajo
LAXALIX TAB LR 5MG X100 PORTU,27071,7750215022184,11.48,sin_candidato
LAXOPRO COMP REC 5MG X10 DISK,24980,0793869810407,2.03,score_bajo
LECHE DESCREM PVO SVELTY 400G,53803,7591016206508,9.69,score_bajo
LECHE LA CAMPESINA COMP HIERRO/VIT 400G,29419,7591016206157,8.24,score_bajo
LECHE LA CAMPESINA PVO NUTRIRINDE X 400G,50545,7591016205914,5.32,score_bajo
LECHE MAGNESIA SALUDX SUSP ORAL X 100ML,28594,7894164009664,3.74,score_bajo
LECHE PVO SAN SIMON COMPLE 125G,25522,7596914000364,2.65,score_bajo
LECHE PVO SAN SIMON COMPLE 400G,21499,7596914000371,7.69,score_bajo
LECHE PVO SAN SIMON COMPLE 900G,20355,7596914000388,15.5,score_bajo
LECHE PVO SAN SIMON SEMIDES DESLACT 400G,51905,7596914000920,8.88,score_bajo
LECHE PVO SAN SIMON SEMIDESCREM 900G,53452,7596914000982,18.19,score_bajo
LECITHIN CAP 1200MG X100 NOW,6790,733739100139,22,sin_candidato
LEOVAL TAB 500MG X30 FC PHARMA,54536,7593090003493,17.73,sin_candidato
LERCANIDIPINA CLORH COMP REC 10MGX30 GNV,14417,7591585272652,27.31,score_bajo
LERCANIDIPINA HCL COMP REC 20MG X10 LETI,97121,7591585172662,7.1,score_bajo
LERCANIDIPINA HCL COMP REC 20MG X30 LETI,52341,7591585272669,30.39,score_bajo
LESTECOL TAB REC 20MG X30 BIOTECH,91318,7591243830057,8.77,score_bajo
LESTECOL TAB REC 40MG X30 BIOTECH,91315,7591243830088,12.99,score_bajo
LETISAN COM/REC 1000MG X 30,50408,7591585114976,12.42,score_bajo
LETISAN GTS PED 20ML LETI,2121,7591585114884,13.16,score_bajo
LETISAN SOL ORAL 100MG/ML 120ML LEIT,1461,7591585214881,10.84,score_bajo
LETISAN TAB MAST 500MG FRUTAS X10 LETI,13533,7591585514875,4.74,score_bajo
LETISAN TAB/MAST 500MG UVA X 10,50523,7591585514851,10.59,score_bajo
LEVADURA D/CERVEZA CAP 500MGX60 ARC IRIS,20278,7592946169918,13.64,sin_candidato
LEVETIRACETAM JBE 100MG/ML 300ML DORO,25143,5383658,30.19,score_bajo
LEVOFERIN JBE 30MG/5ML 90ML VIN,16515,7592782000741,9.75,score_bajo
"LEVONORGESTREL TAB REC 1,5MG X1 BRIUT",54273,645748578116,3.12,score_bajo
LEVORAT TAB REC 5MG X10 L.O,99352,7591196004758,7.32,score_bajo
LEVOTEC SOL IV 5MG/ML 500MG 100ML BHR,8827,7592637008113,5.82,score_bajo
LEVOTEC SOL IV 750MG 150ML BHR,13385,7592637007901,11.58,score_bajo
LEXYN SOL ORAL 5/30MG/5ML CER 100ML LETI,52334,7591585217479,11.13,score_bajo
"LIBERDUX JBE 2,5MG/5ML 60ML MEY",24254,7592601000129,5.87,score_bajo
"LIBERDUX SOL ORAL 2,5MG/5ML 60ML MEY",26007,7592601000136,5.78,score_bajo
LIBERDUX TAB 5MG X 10 MEYER,28647,7592601000259,3.06,score_bajo
LIDOCAINA GEL TOP 2% 35G TIAR,53373,198715320800,6.78,score_bajo
LIDOCAINA SOL INY 2% 30ML X1 ALESS,20398,75971281,5.23,score_bajo
LIDOMED CREM 5% 30G PHAR,51079,7598750000331,10.09,sin_candidato
LIMIAR CAP BLD 150MG X30 EURO,51278,7891317020828,16.27,score_bajo
LIMP AER PRIDE NAR 360ML,15401,7591005005112,6.16,sin_candidato
LIMP AER PRIDE NAT 360ML,15621,7591005004023,6.16,sin_candidato
LIMPIADOR TAPA AMARILLA PVO X 450G,29690,7592632872023,2.63,sin_candidato
LINAZA CAP 500MG X30 HERB,24101,7592710004018,8.18,sin_candidato
LINAZA CAP 500MG X60 HERB,99667,7592710000713,8.44,sin_candidato
LINEZOLID/LINEPRA AMP 600MG/300ML X1 ADN,27456,8906112610545,13.86,score_bajo
LIPO2 FAT BURNER CAP X60 PHARMAC,54480,810174140071,22.08,sin_candidato
LISINORVA TAB 10MG X30 UNIPH,53768,7598852001823,8.55,sin_candidato
"LIT ENEMA 10,8/4,5G PED 67,5ML VARG",26547,7592349001150,11.23,score_bajo
LITONATE CREM 1% 15G BIOT,52490,7591243830705,10,sin_candidato
LITONATE PVO 2% 10G BIOT,9943,75902261,23.95,sin_candidato
LITONATE TAB 30 MG X30,10317,7591243830682,15.48,sin_candidato
LOC A/CASPA BIPROX BIOS PHAR 400ML,14120,7595481000074,28.51,sin_candidato
LOC ACELERA BRONC AUSTRALIAN GOLD 237ML,53326,54402250563,17.36,sin_candidato
LOC ANALGESICA SPRAY 60ML RECETT,26377,7594001452119,2.74,sin_candidato
LOC CAPIL MANDY SUAV TRI/LIN 2 200ML,24179,7592512004735,6.35,sin_candidato
LOC CAPIL MANDY TRIGO LINAZ PASO 1 200ML,24178,7592512004728,6.93,sin_candidato
LOC CORP AMALFI BODY MILK Q10 500ML,20307,8414227060549,4.19,sin_candidato
LOC CORP BEDUCEN PROB5 HIDRAT 400ML,52035,7441003123038,23.79,sin_candidato
LOC CORP BEDUCIS NEUTRA 200ML,53529,0721688103493,4.55,score_bajo
LOC CORP BRUCEN ADULTCARE 250ML,15503,7592090000334,13,sin_candidato
LOC CORP BRUCEN ADULTCARE 400ML,15107,7592090000167,18.36,sin_candidato
LOC CORP BRUCEN HYDRO BODY 250ML,27373,7592090000419,13.28,sin_candidato
LOC CORP BRUCEN HYDRO BODY 400ML,27372,7592090000433,15.03,sin_candidato
LOC CORP BRUCETIN BODY LOTION 200ML,27370,7592090001546,11.6,sin_candidato
LOC CORP COHER PIEL SENSI EXHUMECT 240ML,27576,7592512003882,8.09,sin_candidato
LOC CORP COHER REPARAC/INT 240ML,27575,7592512003875,8.34,sin_candidato
LOC CORP ROLL ON ARTRI FRESH 90G,98462,7593319000159,3,sin_candidato
LOC CORP ROSA DEL SUR AC/ROSA MO X 200ML,15734,7591404002064,7.7,score_bajo
LOC CORP ST IVES AVENA/KARIT 621ML,28216,0077043608050,16.21,sin_candidato
LOC CORP VASELINE ADVANCE STRENGTH 200ML,52686,8999999045579,4.54,sin_candidato
LOC CORP VASELINE ADVANCE STRENGTH 400ML,52688,8999999045586,9.02,sin_candidato
LOC CORP VASELINE ALOE SOOTHE 200ML,52687,8999999003098,4.54,sin_candidato
LOC COSMOLIVE MANOS/CUERPO BERRIES 100ML,52536,8682232508817,3.02,sin_candidato
LOC COSMOLIVE MANOS/CUERPO CITRUS 100ML,52537,8682232510865,6.85,sin_candidato
LOC COSMOLIVE MANOS/CUERPO COCO 100ML,52538,8682232508800,6.85,sin_candidato
LOC COSMOLIVE MANOS/CUERPO MANGOES 100ML,52539,8682232508824,6.85,sin_candidato
LOC DIADEX PHIS C/VALVULA 1L,26205,7592348112130,20.9,sin_candidato
LOC DIADEX PHIS C/VALVULA 500ML,26206,7592348112246,14.04,sin_candidato
LOC EVERY NIGHT HIDRAT SUAV MILK 200ML,23474,7590005162085,3.21,sin_candidato
LOC EVERY NIGHT HIDRAT SUAV MILK 365ML,23478,7590005162092,4.36,sin_candidato
LOC EVERY NIGHT HIDRATPROFU MIELTRI200ML,23471,7590005162047,3.21,sin_candidato
LOC FACIAL BEDUCEN PROB5 HIDRAT NOC 50ML,52038,7441003123052,18.39,sin_candidato
LOC HAWAIIAN TROPIC A/OXIDAN SPF50 50ML,52867,75486121259,15.49,sin_candidato
LOC HAWAIIAN TROPIC MATTE SPF30 50ML,52868,75486121358,15.49,sin_candidato
LOC HAWAIIAN TROPIC SENSITIVE SPF50 50ML,52866,75486121242,15.49,sin_candidato
LOC HAWAIIAN TROPIC SHEER SPF50 120ML,52869,75486088620,12.78,sin_candidato
LOC HAWAIIAN TROPIC SHEER SPF50 240ML,52861,75486088637,18.7,sin_candidato
LOC HAWAIIAN TROPIC SILK SPF50 180ML,52865,75486088835,19.12,sin_candidato
LOC HIDRAT ADEMINA ROSA KIDS 170G,16803,7591844000750,3.25,sin_candidato
LOC HIDRAT BEDUCEN PROB5 HIDRAT DIA 50ML,52037,7441003123045,18.39,sin_candidato
LOC HIDRAT HIDRIBET 125ML,98266,7703333007458,18.18,sin_candidato
LOC HIDRAT HIDRIBET 5% 125ML,30798,7703333007465,17.66,sin_candidato
LOC HIDRAT IE ALOE 500ML,26530,8411047143162,8.2,sin_candidato
LOC HIDRAT ST IVES VIT E/AGUACATE 621ML,28218,0077043608036,16.21,score_bajo
LOC HIDRATANTE ADEMINA BLAN KIDS 170G,16806,7591844000743,3.25,sin_candidato
"LOC LACTIBON FEM PH3,5 240ML",14448,7703281000365,21.95,score_bajo
LOC LIMP ANIBACT KORILI SUNFLOWER 500ML,96994,8690607080264,2.19,sin_candidato
LOC LIMP BRUCEN ROSTRO/CUERP DIA-B 250ML,53171,7592090000617,9.9,score_bajo
LOC LIMP FACIAL BRUCEN SYNDET 120ML,27367,7592090000396,10.49,sin_candidato
LOC LIMP INTIMA LACTIBON BIOLUBE 155G,54188,7730482001983,13.64,sin_candidato
LOC LOP CEROPIOJOS 240ML,20249,7593506001426,6.62,sin_candidato
LOC PEDIA BEDUCIS 200ML,53845,762497930504,6.17,sin_candidato
LOC ROLL ON MOSQUITAN DESP/PICADA 20ML,50792,8027808002168,4.12,sin_candidato
LOC ROLL ON VIBRA NAT PIERNAS CANSAD 90G,98475,7593319000173,3.51,sin_candidato
LOC ZUKADRYL 100ML,52052,7597446000129,11.1,sin_candidato
"LODESTAR TAB REC HCT 50MG/12,5MG X30 VLM",17318,7591020080972,7.35,score_bajo
LOGANIL JAB PED 120ML BIOTECH,5123,7591243831511,5.56,score_bajo
LONGACEF SUSP 100MG 60ML LETI,9281,7591585116208,43.67,score_bajo
LORACERT JBE PED CEREZA 60ML PHARME,2341,7592454153294,6.64,score_bajo
LORADEX JBE 1MG/ML 30ML PLX,22059,7594001101635,2.4,score_bajo
LORADEX JBE 1MG/ML 60ML PLX,92859,7594001101444,2.9,score_bajo
LORATADINA SOL ORAL PED 1MG/ML 60ML L.O,51011,7591196006691,4.58,score_bajo
LORTADEX TAB/REC 50MG X30 PLX,54334,7594001102564,3.57,score_bajo
"LOSAR POT HCT COMP REC 50/12,5MG X30 VAR",54523,7592349003406,6.08,score_bajo
LOSARTAN HCT TAB REC 100/25MGX30 PHARME,99859,7592454889728,11.14,score_bajo
LOSARTAN POT COMP/REC 100MG X30 SPEFAR,54427,7590027002888,5.95,score_bajo
LOSARTAN POT/HIDROC COM/REC 50/12.5MGX30,99300,7591585278739,12.39,score_bajo
LOSARTAN POTA TAB REC 100MG X10 KIMIC,93419,7592616576374,1.82,score_bajo
LOSARTAN POTA TAB REC 50MG X20 KIMIC,92637,7592616366043,1.3,score_bajo
LOSARTAN/HCT TAB REC 100/25MG X10 PHARME,22228,7592454003308,5.17,score_bajo
LOTESOFT SUSP OFT EST 5ML MEG,4891,7795368054101,12.6,score_bajo
LUBRICANTE GEL CUMLAUDE LAB MUCUS 30ML,51026,28428749535809,20.11,sin_candidato
LUBRICANTE INTIMO GEL TIME+ RETAR 60ML,54200,7595651000538,3.98,sin_candidato
LUBRIPIU OVUL CUMLAUDE LAB X10 MANCENT,51032,8428749878209,33.75,sin_candidato
LUDROX TAB REC 75MG X30 BIOTECH,26078,7591243832181,8.94,score_bajo
LYFLOX SOL OFT 3MG/ML 5ML CAPSUV,23341,7598055000128,3.42,sin_candidato
MABROXOL JBE 30MG/5ML 60ML ZUZU,52590,7599608000404,2.65,sin_candidato
MACA CAP 500MG X30 HERB,24102,7592710004025,9.74,sin_candidato
MADECASSOL PVO 2% 10G PLN,2088,7592348218122,19.9,score_bajo
MADECASSOL PVO 2% 5G PLN,2249,7592348218108,12.84,score_bajo
MADECASSOOL TAB 10MG X30 PLN,19964,7592348413848,13.19,sin_candidato
MAGALEX CAP MAGNES 100MG X30 FAR,17662,7591821210059,6,sin_candidato
MAGALEX CAP MAGNES 100MG X60 FAR,21873,7591821210622,14.27,sin_candidato
MAGNEFORTE CAP 500MG X60 HERB,52354,7592710005855,11.1,sin_candidato
MAGNEPLUS CAP X60 WALF,28374,7592710005350,12.27,sin_candidato
MAGNESIO AMINOQ CAP BLD 200MG X30 G PHAR,22813,7597189000011,12.41,score_bajo
MAGNESIO GLICINATO CAP X60 ARC IRIS,27004,7592946001362,11.82,score_bajo
MAGNESIO KIDS TAB MAST ARAN/FRAM X60 VAL,51359,644197336186,17.97,score_bajo
MAGNESIO KIDS TAB MAST UVA X60 VAL,51360,644197336209,17.97,score_bajo
MAGNESIO LIFE CAP 500MG X60 WALF,28375,7592710005008,10.34,score_bajo
MAGNESIO NATURISTIK CAP 400MG X30 LINOF,25744,678358669516,8.45,score_bajo
MAGNESIO NATURISTIK CAP 400MG X60 LINOF,25742,0678358669509,11.35,score_bajo
MAGNESIO PLUS LIFE CAP X60 WALF,28376,7592710005374,12.27,score_bajo
MAGNESIUM CAP 400MG X180 NOW,27066,0733739012838,34.42,sin_candidato
MAGNESIUM CITRATE TAB 200MG X100 NOW,28237,733739012906,31.82,sin_candidato
MAGNESIUM CITRATO CAP 350MG X 60 ETERNAL,28587,787790457756,16.6,score_bajo
MAGNESIUM THREE CAP 400MG X60 PHARMAC,27074,0787790474555,14.16,sin_candidato
MAGNETUNI PLUS TAB 500MG X60 UNIPH,53763,7598852001793,8.44,sin_candidato
MAGTEIN CAP X 90,50453,733739023902,72.96,sin_candidato
MAIT AMP 50MG/5MG X 1 TIARES,28589,0196852522460,12,sin_candidato
MAIZINA AMERICANA DISP 800G,18031,7591039601533,4.66,sin_candidato
"MANTIXA COMP REC 2,5MG X30 MEG",27090,7730969300103,21.69,score_bajo
MAPURITE CAP 300MG X90 ARC IRIS,7062,7592946016816,10,sin_candidato
MARADEX SUSP OFT 5ML L.O,4926,7591196000323,17.84,score_bajo
MARTESIA CAP 150MG X14 MEG,95845,7591619520490,11.17,score_bajo
"MATILOL SOL OFT 0,50% 6ML L.O",2972,7591196001603,12.88,score_bajo
MAX PIRULIN CHOCO DISP X12 34G,51243,7591675013110,12.75,sin_candidato
MAXIFUR FORTE CAP 100MG X30 TIAR,52448,198715103229,8.74,score_bajo
MAXOTEN COMP REC 25MG X30 LETI,50704,7591585213044,32,score_bajo
MAXTHIO AMP 4MG/2ML X6 DORO,20123,8699525755247,8.12,sin_candidato
MEDROXEL SOL INY 150MG/1ML JER X1 CCM,53445,7804656600859,11.99,sin_candidato
MEDROXIPROGESTER SOL INY 150MG/ML X1 VIN,26711,8904187811423,9.14,sin_candidato
MEDSEG INY USP 1G X1 MEDV,54191,8906150832022,10.45,sin_candidato
MEFEDOL TAB 500MG X10 CR 2N,54410,8904464205129,1.88,sin_candidato
MEGAMOX SOL IV 400MG/250ML BHR,23494,7592637397392,20.66,score_bajo
MELATONIN CAP 3MG X 60 NOW,28828,0733739032553,11.65,sin_candidato
MELATONIN CAP 5MG X 60 NOW,28829,733739035554,14.86,sin_candidato
MELATONINA CAP BLD 3MG X60 ARC IRIS,25764,7592946000198,13.41,sin_candidato
MELATONINA CAP BLD 5MG X30 BIOFAR,25709,7592253001840,7.79,sin_candidato
MELATONINA/ASHWAGAN CAP 5MG X30 NAT PREM,54254,7592430000949,7.11,sin_candidato
MELATONINA/VALERIAN/B6 CAP 10MG X60 HERB,52353,7592710005664,14.66,sin_candidato
MELIF COMP REC 50MG/500MG X30 ELM,52755,7591062000198,15.43,score_bajo
MELIVAR COMP REC 10MG X30 MEY,27614,7592601303848,18.96,score_bajo
MELOVAX CAP BLD 15MG X10 VIV,3189,7592432007427,5.66,score_bajo
MEMANTINE TAB 10MG X30 MED/SUP,22408,0731299120758,9.36,sin_candidato
MEMANTINE TAB 5MG X30 MED/SUP,22409,0731299120765,7.79,sin_candidato
MEN XTRA PERFORMANCE TAB X30 G PHAR,23964,7597189000035,14.69,sin_candidato
MENOPAUSE AVANCED CAP X 30 ETERNAL,50489,787790469759,11.6,sin_candidato
MENTHOL GEL 250ML DERNIER,15662,7596049000338,4.18,sin_candidato
MENTHOL ICE GEL 85 G,15727,7591404001944,4.95,sin_candidato
MENTHOL ICE GEL ROLL ON 60G IND COR,15731,7591404002484,4.95,score_bajo
MENTITAS GOMBY 18G DISP X14,53772,7593570000622,6.82,sin_candidato
MENTO SPR X 120ML BIOF,50342,7591616002241,4.79,sin_candidato
MENTOL CREM/ROLL ON X 80ML BIOF,50341,7591616002302,3.56,score_bajo
MENTORUB UNG CORP 30G FC,15287,7593090000959,4.57,sin_candidato
MENTORUB UNG CORP 60G FC,15286,7593090000966,8.66,sin_candidato
MENTORUB UNG MINI 10G X 12,50552,7593090002960,22.34,sin_candidato
METAMUCIL PVO NAR 425G FAR,53305,7500435129756,60.14,sin_candidato
METFORM ACI TAB 500MG X30 CAPSUV,23343,7598055000166,4.44,sin_candidato
METFORMINA HCL COMP REC 850MG X30 LETI,90122,7591585174956,8.29,score_bajo
METGLUTAN TAB 500MG X30 ZORIAK,21969,8903489000276,2.57,sin_candidato
METORMINA TAB LP 750MG X30 PHARMA,52111,7593352000024,3.94,sin_candidato
METREN CAP BLD VAG 500MG X10 MEY,6011,7592601200314,11.08,score_bajo
METREN SUSP PED 125MG/5ML 120ML MEY,6006,7592601200291,11.97,score_bajo
METROVAX CAP BLD 500MG X15 VIV,9732,7592432006123,8.82,sin_candidato
METSIGLIN COMP RECU 500MG/50MG X10 RNV,20304,7592806134131,6.58,score_bajo
MICONAX CREM VAG 40G MEY,99630,7592601301615,13.18,score_bajo
"MICOSMER CREM 2%/2,5% 20G BOOZ",18941,7597072000241,2.86,sin_candidato
MICOTRIN PVO 2% 60G TIAR,53382,198715989878,6.23,sin_candidato
MIGRADORIXINA COM/REC 125MG/1MG X 5,30067,7591619001081,4.56,score_bajo
MIGREN COMP 650/50/1MG X10 LETI,91700,7591585115737,5.67,score_bajo
MIGREN COMP 650MG/50MG/1G X20 LETI,98010,7591585415738,6.94,score_bajo
MILAX SOL ORAL 50% 120ML RNV,52413,7592806125016,6.99,score_bajo
MILAX SOL ORAL 50% 180ML RNV,52414,7592806125023,9.29,score_bajo
MINAR TAB 5MG X 20,29992,7502226296814,3.98,sin_candidato
MINI TORTA RENATA BRIGADEIRO DISP 40GX20,28278,7896022203771,11.57,sin_candidato
MINI TORTA RENATA CHOCO DISP 40G X20,28275,7896022203184,11.57,sin_candidato
MINI TORTA RENATA VAIN/FRESA DISP 40GX20,28277,7896022203191,11.57,score_bajo
MINOXIDIL SOL TOP 5% X 60 ML LA SANTE,28505,7592454003834,12.96,score_bajo
MIOVIT GTS ORAL 20ML COFA,5891,7591818251331,3.22,score_bajo
MIOVIT JBE S/AZU 90ML COFA,21581,7591818716687,3.78,score_bajo
MIOVIT JBE S/AZUCAR 180ML COFA,52190,7591818000236,8.12,score_bajo
MIOVIT SOL INY VI 3ML X1 COFA,53224,7591818000748,2.41,score_bajo
"MIRSOL CREM 0,05% 15G BIOT",53652,7591243833966,7.36,sin_candidato
MIRTAPAX COM 15MG X 10,29466,7730979095471,2.12,sin_candidato
MIRTAPAX COM 30MG X 10,29373,7861152102133,3.15,sin_candidato
MISELLIM COMP REC 10MG X20 MEG,91349,7594000491607,7.85,score_bajo
"MISULVAN COMP JBE AD 15/0,01MG 120ML PLX",94414,7594001101567,7.94,score_bajo
"MISULVAN COMP JBE PED7,5MG/5ML 120ML PLX",94415,7594001101550,8.64,score_bajo
MISULVAN FORTE JBE 30MG/5MG/ML 120ML PLX,26235,7594001101727,7.39,score_bajo
MISULVAN JBE 15MG/5ML 120ML PLX,6889,7594001100614,4.54,score_bajo
MISULVAN JBE AD 30MG/5ML 120ML PLX,7179,7594001100607,4.64,score_bajo
MITAR SOL P/INH NASAL X 50MCG,29013,7592601303916,10.74,score_bajo
MIXEL 2% PVO 60ML MEY,25133,7707355052526,21.91,sin_candidato
MIXEL TAB REC 500MG X6 MEY,25218,0770735505825,17.4,sin_candidato
MODERAN JBE 120ML VARG,2442,7592349527124,13.78,score_bajo
MOLNUPIRAVIR TAB 200MG X40 CR DIST,51883,7598252002024,84.42,sin_candidato
"MOMEQ CREM 0,1% 15G PHARME",21240,7592454889667,9.99,score_bajo
MONODOKS CAP 100MG X14 DORO,20124,8699525151469,11.69,sin_candidato
MONTDAC TAB/REC 10MG/5MG X 10,28582,7598578000643,3.34,sin_candidato
MONTELUKAST TAB MAST PED 5MG X30 L.O,92814,7591196003454,7.44,score_bajo
MONTELUKAST TAB REC 10MG X10 L.O,52391,7591196002495,4.08,score_bajo
MONTELUKAST TAB REC 10MG X30 L.O,23966,7591196003447,9.09,score_bajo
MONTELUKAST TAB/REC 10 MG X 30 LA SANTE,91146,7703763220144,8.23,score_bajo
MORDISQUITO VAIN DISP 25G X24,50758,7591082012201,5.73,sin_candidato
MORINGA CAP X60 NAT PREM,17117,7592430001557,5.73,sin_candidato
MOSQUITAN SPR 100ML,50790,8027808001123,4.23,sin_candidato
MOVIMEX TAB 15MG X10 L.O,90529,7591196004093,8.29,score_bajo
MOXVAL TAB REC 400MG X5 VLM,96819,7591020008709,13.66,score_bajo
MUCOFLEM JBE 240ML ARC IRIS,28399,7592946001539,7.79,sin_candidato
MUCOMAX JBE AD 30MG/5ML 120ML KIMIC,27741,7592616136585,3.27,score_bajo
MUCOMAX JBE PED 15MG/5ML 120ML KIMIC,14193,7592616583075,3.75,score_bajo
MUCOMAX PLUS SOL ORAL AD 30/5MG60ML KIMI,14343,7592616583068,4.25,score_bajo
MUCORAMA JBE 118ML VARG,5415,7592349722406,5.43,score_bajo
MULTI COLLAGEN PEPTIDES PVO 300G PHARMAC,53754,53754,28.75,sin_candidato
MULTIHEAT ETER CAP X30 ETER,25526,0787790465058,13.38,sin_candidato
MULTIVINOL PRENATAL CAP X60 FC,26927,7593090001888,12.08,sin_candidato
MULTIVINOL TAB X30 FC,24478,7593090001642,9.29,sin_candidato
MULTIVIT/GINSENG CAP X 60 HERBAPLANT,28487,7592710005541,13.18,sin_candidato
MULTIVITAMINICO CAP X30 LINOF,25762,0741754451808,9.25,sin_candidato
MULTIVITAMINICO CAP X60 PREV,52133,7598953000053,15.72,sin_candidato
MUPIROCIN UNG X 30G DAC,28580,7598578000582,6.95,score_bajo
MUPROBAN UNG 2% 15G MEY,8468,7592601101093,8.25,score_bajo
MUPROBAN UNG 2% 30G MEY,90778,7592601101116,13.12,score_bajo
MUPROSKIN UNG 2% 15G TIAR,53380,198715945935,5.38,sin_candidato
MUXER CAP 500MG X30 HERB,24103,7592710004049,10.78,sin_candidato
MUXER CAP 500MG X60 HERB,99669,7592710000898,12.86,sin_candidato
MYCOFENTIN CREM TOPICA 2% 20G ELM,7182,7591062010128,3.45,score_bajo
MYCOFENTIN CREM VAG 2% 40G ELM,7183,7591062010012,7.06,score_bajo
N-ACETILCISTEINA SOB 600MG NAR X10 GEAG,52886,8906120990004,18.34,sin_candidato
NAC CAP 600MG X100 NOW,27067,0733739000859,35.06,sin_candidato
ÑAME SALVAJE CAP 365MG X30 HERB,24104,7592710004063,9.35,sin_candidato
ÑAME SALVAJE CAP 365MG X60 HERB,99670,7592710000751,11.56,sin_candidato
NAN PVO EXPERT PRO COMFORT 0-12M 400G,25499,7613033734441,19.52,sin_candidato
NAN PVO NESTLE S/LACTOSA 400G,24475,7613034966650,19.43,sin_candidato
NANO CREAN CREM A/PAÑALITIS 50G CHEM/S,16103,7596139000293,5.14,sin_candidato
NAPROXENO SOD COMP REC 275MG X10 LETI,52339,7591585271303,3.72,score_bajo
"NARCAMED SOL INY 0,4MG/ML 1ML X5 PHAR",53148,7598750000621,4.29,sin_candidato
"NAS GTS SOL NASAL PED 0,05% 15ML L.O",7248,7591196003027,2.73,score_bajo
NATURALAX CAP X30 JRC,53369,7592430000864,10.78,sin_candidato
NEBIVOLATT TAB 5MG X 30,29998,0756029628342,9.09,sin_candidato
NEBLUM TAB REC 100MG X30 FARMA,53337,7591821210868,35.48,score_bajo
NEBLUM TAB REC 200MG X30 FARMA,53338,7591821210912,53.57,score_bajo
NEFROTAL COMP REC 100MG X10 MEG,25320,7591619000961,2.86,score_bajo
NEFROTAL COMP REC 100MG X14 MEG,8487,7591955558256,4.73,score_bajo
"NEFROTAL H COMP REC 100MG/12,5 X30 MEG",95710,7591955558287,11.88,score_bajo
NEFROTAL H COMP REC 100MG/25MG X30 MEG,96714,7591955558263,15.21,score_bajo
NEMAX SOL RECTAL 16%/6% AD 133ML CR FAHD,50867,0736372795687,5.5,score_bajo
NEMAX-P FCO SOL PED 16% 66.6ML CR FAHD,24925,0736372795731,5.5,score_bajo
NEMAZOL SUSP 400MG X 10ML,29375,7591616002166,2.16,sin_candidato
NEMODINE COMP REC 30MG X20 DLR,8423,7592803000798,11.48,score_bajo
NEMODINE COMP REC 40MG X20 DLR,8424,7592803001221,12.93,score_bajo
NEMODINE COMP REC 90MG X10 DLR,8425,7592803001313,13.23,score_bajo
NERSAN CAP 300MG X90 ARC IRIS,7060,7592946168287,10.65,sin_candidato
NESCAFE DOLCE GUSTO AU LAIT 110G CAP X10,51113,7891000155059,11.66,sin_candidato
NESCAFE DOLCE GUSTO CASEIRO 80G CAP X10,51112,7891000681565,11.66,sin_candidato
NESCAFE DOLCE GUSTO ESPRES 60G CAP X10,51114,7891000327746,11.66,sin_candidato
NESTEA LIGHT DISP 55G X10,19793,7591016204252,12.78,sin_candidato
NESTEA LIMON DISP 90G X12,14419,7591016005965,17.92,score_bajo
NESTEA PARCHITA DISP 90G X12,23093,7591016014554,17.92,sin_candidato
NESTEA TE VERDE C/LIMON DISP 48G X 10,28575,7591016205945,12.78,score_bajo
NETUNAL SUSP/ORAL X 200ML,29775,7791848270511,25.1,sin_candidato
NEURIBE CAP/BLD 100MG/100MG/5MG X30 VIV,11190,7592432005300,7.84,score_bajo
NEUROMIX AMP SOL INY 3ML X1 LETI,24081,7591585213389,5.03,score_bajo
NEUROMIX AMP SOL INY 3ML X3 LETI,23961,7591585113382,6.72,score_bajo
NEUROVITAL PVO FRUT ROJ 100G,52831,7599558000226,11.05,sin_candidato
NEUTEROL CAP X60 NAT PREM,27115,7592430000666,6.61,sin_candidato
"NEVAC SUSP OFT 0,1% 5ML L.O",25540,7591196007254,25.35,score_bajo
NIFED SOL COMP REC 30MG X30 CLX,53605,7796285299248,19.77,sin_candidato
NIFED SOL COMP REC LC 60MG X30 CLX,53561,7796285299255,24.65,sin_candidato
NIFEDIPINA LP TAB 30MG X30 CR DIST,53554,7598252002130,5.44,score_bajo
NIFEDIPINA SOL ORAL GTAS 20MG/ML CR LATT,53156,756029628373,5.19,score_bajo
NIFEDIPINA TAB REC LS 30MG X30 CR DAC,51314,7598578000797,4.17,score_bajo
NIMODIPINA SOL INY IV 10MG/50ML X1 ADN,53245,8906112611894,18.34,score_bajo
NINAZO GTS AD 15ML FAR,2594,7591821802957,2.83,score_bajo
NIPE GTS PED 15ML VARG,2599,7592349722451,3.74,score_bajo
NIPE PLUS GRANU FRUTAS TROPI SOB X6 VARG,8637,7592349718126,6.56,score_bajo
NISTATINA SUSP ORAL PED 100000UI UNIPH,51069,7598852001694,4.57,score_bajo
NITAZOXAMIDA SUSP 100MG/5ML 30ML ZUZU,52592,7599608002071,4.21,sin_candidato
NITRODET TAB 50MG X 30,30116,745687143250,4.68,sin_candidato
NOGINOX CREM VAG 40G PHARME,1597,7592454363754,6.91,score_bajo
NONNA JBE PREMIUM 180ML NAT PREM,27117,7592430000819,6.3,sin_candidato
"NOPUCID CHAMPU 2EN1 0,02% 120ML",51339,7592803004192,3.78,sin_candidato
NOR-GYNA AMP 50MG/5MG 1ML X1 CR 2N,51841,8908003460598,3.25,sin_candidato
NOTUSIN JBE PED 2MG/20MG/ML 120ML SIEG,52064,7707355058153,8.66,sin_candidato
NOVACODIN JBE REFORMUL 120ML VARG,93170,7592349723229,4.84,score_bajo
NOVE PAR JBE COMPLEJO B+CA 90ML VIN,17017,7592782000734,3.74,score_bajo
NOVHEPAR B12 JBE 180ML VIN,27056,7592782000673,6.71,score_bajo
NOXPIRIN DIA 15G SOB X6 MEY,27796,7707355053431,9.77,score_bajo
NOXPIRIN GRIP TAB BLIS 4X25 MEY,20328,7592601303237,42.18,score_bajo
NOXPIRIN GTS 15ML MEY,16337,7592601302100,5.69,score_bajo
NOXPIRIN NOCH 10G SOB DISP X12 MEY,27797,7707355056852,18.65,score_bajo
NOXPIRIN NOCH 10G SOB X24 MEY,27795,7707355054322,31.66,score_bajo
NOXPIRIN NOCH 10G SOB X6 MEY,27794,7707355054339,11.66,score_bajo
NOXPIRIN SOB DIA 15G DISP X12,29014,7707355056845,19.55,score_bajo
NOXPIRIN SOB DIA 15G X 24,28904,7707355053424,39.1,score_bajo
"NOXPIRIN SOL ORAL125/0,5MG/5ML 120ML MEY",24256,7592601000068,4.81,score_bajo
"NOXPIRIN SOL ORAL325/1,25MG/5ML120ML MEY",24257,7592601000051,8.95,score_bajo
NUCITA TUBITO CHOCO DISP X12 35G,51231,7591675010102,13.29,sin_candidato
NUCITA TUBITO DOBLE SABOR DISP X12 35G,51232,7591675014209,13.29,sin_candidato
NUTRA TRAINING PVO PRO SPORT 200MG,51991,7599558000080,17.13,sin_candidato
"NUTRAMINT SOL  8,5% 500ML X1 BHR",6417,7592637001220,47.45,sin_candidato
NUTRAPLANT PVO FITNESS 200G,51994,7599558000035,13.14,sin_candidato
NUTRAPLAT PVO SUPERFOOD 200G,51993,7599558000028,13.39,sin_candidato
NUTRIFARM CAP BLD HAIR/NAILS X30 G PHAR,22814,7597189000028,9.23,sin_candidato
NUTRIVIDA PRENATAL CAP X60 ETER,28363,787790469858,22.4,sin_candidato
"OBBIAT CAP 2MG/0,03MG X21 CR CCM",21976,7401078900118,15.01,score_bajo
OCUPRED SUSP OFT 1%  5ML L.O,5333,7591196002242,15.38,score_bajo
"OFAFLAN SUP PED 12,5MG X6 ELM",20071,7591062016458,5.01,score_bajo
OFAFLAN SUSP GTS 15MG/ML 30ML ELM,99815,7591062900894,2.17,score_bajo
OFTABRIM SOL OFT 0.20% X5ML CR 2N,54411,54411,4.6,sin_candidato
OFTAINE SOL OFT 15ML L.O,8730,7591196000392,36.27,score_bajo
OLMESART MEDO TAB REC 20MG X30 PHARME,22216,7592454003285,8.44,sin_candidato
OLMESART MEDOX/HC TAB 40/12.5MGX30 LA SA,28724,7592454003773,17.09,sin_candidato
"OLMESART/HCT TAB REC 40/12,5MGX10 PHARME",20773,7592454891431,6.1,score_bajo
"OLTANA H COMP REC 40MG/12,5MG X30 EURO",53273,7891317036607,15.83,score_bajo
OMEBLOC PVO LIOF 40MG X10 BHR,50763,7592637000773,20.79,sin_candidato
OMEGA 3 CAP 1000MG X100 NOW,11436,733739100092,19.03,sin_candidato
OMEGA 3 CAP 1000MG X45 NOW,91937,733739110411,12.53,sin_candidato
OMEGA 3 CAP 1000MG X60 ARC IRIS,18764,7592946169635,15.86,sin_candidato
OMEGA 3 CAP BLD 1000MG X30 NOW,28241,733739016492,10.39,sin_candidato
OMEGA 3 CAP BLD 1000MG X30 SAAS,52842,7591940000586,9.66,sin_candidato
OMEGA 3 CAP BLD 1000MG X30 VAL,9141,669238000499,12.17,sin_candidato
OMEGA 3 CAP BLD 1000MG X60 HERB,52355,7592710005671,14.81,sin_candidato
OMEGA 3 CAP BLD 1000MG X60 PREV,52134,7598953000114,15.72,sin_candidato
OMEGA 3 CAP BLD 1000MG X60 VAL,51346,198715202847,17.97,sin_candidato
OMEGA 3 CAP BLD 2000MG X60 PHARMAC,27970,787790474654,16.88,sin_candidato
OMEGA 3 PLUS CAP BLD 1250MG X60 PREV,52135,7598953000138,17.77,sin_candidato
OMEGA 3/6/9 CAP BLD 1000MG X60 HERB,53609,7592710005565,14.81,sin_candidato
OMEGA 3/6/9 CAP X60 ARC IRIS,18765,7592946169659,15.86,sin_candidato
OMEPRAZOL CAP 20MG/MCG DISP 10X7 VARG,25616,7592349001136,8.43,score_bajo
ONDAZIN AMP 8MG/4ML X 10 BLUE/M,50584,7598127002081,21.19,sin_candidato
"OPAT SOL OFT 0,1% 5ML L.O",91031,7591196003942,10.02,score_bajo
OPRANEX CAP 20MG X30 BLUE/M,23879,7598127001176,2.36,sin_candidato
OPRANEX PVO LIOF INY 40MG X1 BLUE/M,26370,7598127000629,1.58,sin_candidato
"ORALZINC PVO 23,21G COCO SOB X1 VARG",51830,7592349722291,5.27,score_bajo
ORALZINC SOB MANDA X1 ZUO,98501,7591651722302,5.27,score_bajo
OROZIM COMP REC 192MG X10 BIOT,50901,7591243839739,8.04,sin_candidato
OROZIM COMP REC X20 BIOTECH,484,7591243839753,14.09,sin_candidato
OSMIXACIN SOL INY 500MG/100ML ZUZU,52593,7599608001685,3.4,sin_candidato
OSTEOVIT CAP 500MG X60 HERB,52356,7592710005633,9.62,sin_candidato
"OTAN GTS 0,10/4MG 5ML VIN",97545,7592782000567,15.27,score_bajo
OTINUV SOL GTAS 5ML NUV,50875,7581441131582,6.27,sin_candidato
"OVOREST TAB 0,15/0,03/75MG X28 CAPSUV",27852,7598055001408,4.56,sin_candidato
OXIDO D/CINC UNG 20% 30G LYA,25451,7599028000398,4.42,score_bajo
OXINORM CAP X30,2234,7591096000393,18.86,sin_candidato
OXOLAM/CITRAT JBE 50 MG/5ML X120ML LETI,11513,7591585178114,7,score_bajo
OXOLAMINA JBE PED 120ML VLM,2771,7591020001526,4.1,score_bajo
PANTALLA SOL BIO+ 50FPS COLOR CLA 60CM3,52027,7591885003826,8.43,score_bajo
PANTALLA SOL FACIAL ZOAH RETOUCH 50+ 51G,54236,7596211000654,6.75,sin_candidato
PAPAYA TAB MAST X30 G PHAR,25269,7597189000202,10.43,sin_candidato
PARACETAMOL JBE 120MG/5ML 120ML PORTU,23734,7750215575819,3.77,score_bajo
PARAISO JBE 120ML RECETT,14405,7594001450948,3.86,sin_candidato
PARKEN TAB 25MG/250MG X30 MEY,25230,7707355056197,25.47,score_bajo
PARTY SMART CAP DISP X10,54486,8901138510824,26.65,sin_candidato
PASIFLORA JBE 120ML ARC IRIS,22828,7592946012788,5.71,sin_candidato
PASIFLORA JBE 120ML RECETT,14401,7594001450962,3.86,sin_candidato
PASIFLORA/VALERIANA JBE S/AZUCAR X 120ML,28835,7594001455844,4.19,score_bajo
PASIM FEM COMP REC 20MG/400MG X10 MEG,54299,7591619001494,7.21,score_bajo
PASOLAX PVO SOL ORAL 100G MEY,22870,7592601303138,6.95,score_bajo
"PATADINE PLUS SOL OFT 0,2% 5ML DIEMA",28202,7750778000773,13.08,sin_candidato
"PATALON SOL OFT 0,1% 5ML CAPSUV",23352,7598055000203,7.13,sin_candidato
PATFLUX PVO LIOF SOL INY 40MG X1 ALESS,53071,7597758001678,1.64,score_bajo
"PAXIL CR TAB/LIB PRO 12,5MGX 30",93875,5050278003666,26.86,score_bajo
PEGA BARRA 9G X2,26750,7453086116784,1.59,sin_candidato
PEGA BARRA SOLITA 15G,18854,7591147210153,1.59,sin_candidato
PEGA BARRA SOLITA 8G,99934,7591147210085,1.04,sin_candidato
PEKAGRA GEL ORAL 100MG CEREZ SOB X1 FC,53788,7593090003431,1.49,sin_candidato
PENASTIM AMP IV 500MG/500MG X1 ALESS,20703,75971199,10.6,score_bajo
PENTAMAG CAP X60 ARC IRIS,52077,7592946001768,11.43,sin_candidato
PENTOXIFILINA TAB/REC 400MG X 30 ANGELUS,28576,7598677000261,13.53,score_bajo
PEPITO DISP 25G X12,18157,7591206285252,7.08,sin_candidato
PEPITO MUNDO MARINO DISP 25G X12,18206,7591206016214,7.08,sin_candidato
PEREBRON JBE PED 120ML ELM,5257,7591062011200,4.08,score_bajo
PEREBRON JBE PED MIEL/LIMON 120ML ELM,5105,7591062011262,4.05,score_bajo
PERMADOL TAB REC 600MG/4MG X10 ANG/H,52909,7598176001103,4.7,sin_candidato
PERTEN CREM 1% 20G MEY,91059,7592601101154,10.13,score_bajo
PHARMAFET TAB LP 500MG X30 CR MT,53034,7502226297262,11.04,sin_candidato
PHARMAFET TAB LP 750MG X30 CR MT,53035,7502226297279,14.66,sin_candidato
PHARMORAT FORTE CAP BLD 100MG X20 LETI,93256,7591585114778,19.49,score_bajo
PIEMONTE COMP MAST 4MG X30 EURO,53520,7891317036430,5.69,sin_candidato
PIMATINA TAB/REC 200MG X30 CLEO,25672,7598677000049,7.81,sin_candidato
PING PONG 30G DISP X16,54288,7591016106709,17.76,sin_candidato
PINVEX SOL 10ML COFA,4385,7591818111055,7.19,score_bajo
PIRA GINKGO BILOBA CAP X60 HERB,99642,7592710000799,13.18,sin_candidato
PIRA/GINKGO BILOBA CAP X 30 HERB,29213,7592710004094,11.56,sin_candidato
PIRULIN CHOCO DISP 16G X25,51242,7591675012984,11.38,sin_candidato
PIRULIN CHOCOLATE DISP X12 60G,51246,7591675004781,23.88,score_bajo
"PLAN B TAB 0,75MG X2 UNIPH",53765,7598852000642,1.56,sin_candidato
"PLANIFERT COMP REC 2MG/0,03MG X21 CR CCM",21148,7401078900033,17.88,score_bajo
PLEXAMIN JBE 120ML MEY,2944,7592601200413,6.56,score_bajo
PLIDAN COMPUESTO COM REC 10/125MGX20 MEG,54271,7591619001142,22.86,score_bajo
PLIDAN COMPUESTO COM/REC 125MG/10MG X 5,29268,7591619001135,6.36,score_bajo
PLIDAN SOL GTS 10MG 20ML MEG,99453,7591619517940,10.93,score_bajo
POENBIOTIC SUS OFT 0.3/0.1% X 5 ML,9871,7795368055153,9.74,score_bajo
POENKERAT SOL OFT  0.5% 5ML MEG,4353,7795368001761,9.09,score_bajo
POENTOBRAL GEL 5G MEG,2464,7795368001846,19.91,score_bajo
POENTOBRAL PLUS SOL OFT 5ML MEG,1994,7795368001792,7.14,score_bajo
POENTOBRAL SOL OFT 5ML MEG,1992,7795368001785,6.99,score_bajo
POLIAMIN SOL INY 10% 500ML BHR,11096,7592637001367,48.36,score_bajo
POLIFIX ADH CREM PROTESIS DENT 40G,50996,7592348647113,8.39,sin_candidato
POTASSIUM CITRATE CAP X 180 NOW,50664,733739014481,22.44,sin_candidato
POWERZERO CAP X60 HERB,52364,7592710005602,13.29,sin_candidato
PREBIOTIC OVUL CUMLAUDE LAB X10 MANCENT,51031,8428749884408,33.59,sin_candidato
PREDCORT JBE 3MG/5ML 60ML ZUZU,52596,7599608003429,3.64,sin_candidato
PREDNISONA SUSP 5MG/5ML 60ML PORTU,25016,7750215007433,3.47,score_bajo
PREGATAN TAB 75MG X30 ZORIAK,21971,7599112000099,7.88,score_bajo
"PREVEGINAT COMP REC 0,075MG X28 CR CCM",21149,7401078900194,9.05,score_bajo
PREVERAL C/DEXTRO JBE REFORM 120ML VARG,99589,7592349001549,5.66,score_bajo
PREVIR-EM  TAB 300MG/200MG X 30,30344,7599112000310,32.17,sin_candidato
PRIDE AER CUIDADO D/MUEBLES LIMON 360ML,53461,7591005006928,6.16,score_bajo
PROBIOCONZINC PVO 2B UFC SOB 1G X10,52061,7599558000202,7.86,sin_candidato
PROBIOLITOS SOB 1G FRESA X10 BIOF,52151,7599558000219,7.74,score_bajo
PROBIOTICO-10 CAP 25 BILLONES X 50,50455,733739029263,43.77,sin_candidato
PROBIOTICS/PREM CAP 25B X60 PHARMAC,50715,0787790471158,21.17,sin_candidato
PROCILUS SOB 1G X10 MMF,23226,7709031877546,16.18,sin_candidato
PROCTOGEL CREM TOP C/APLIC 30G CCM,53444,7800004348008,19,sin_candidato
PROGEST CAP BLD 200MG X30 ZUO,26548,7591651001353,37.44,sin_candidato
"PROLARDII SOB 1,3G X10 MMF",21696,7709137132242,18.35,sin_candidato
PROMEDINA JBE 120ML VARG,12095,7592349723489,5.61,score_bajo
PROSILOD CAP 8MG X 30,29530,7599112000273,15.28,sin_candidato
PROSPAN JBE 100ML MEG,1385,4104480705113,10.78,sin_candidato
PROSTAPLANT CAP 500MG X30 HERB,24105,7592710004100,10.78,sin_candidato
PROSTAPLANT CAP 500MG X60 HERB,99672,7592710000805,12.86,sin_candidato
PROSTINAT CAP 300MG X60 NAT PREM,24532,7592430000680,9.69,sin_candidato
PROT SOL BIOS MAXPRO GEL T/CLAROX 50ML,29665,7595481000296,15.61,sin_candidato
PROT SOL BIOS MAXPRO GEL T/MED X 50ML,29664,7595481000319,15.01,sin_candidato
PROT SOL DERNIER SPRAY ADU 200ML,18305,7596548002000,8.03,sin_candidato
PROT SOL NIVEA SUN SWI/PLAY FPS50+ 150ML,29502,4005808944385,18.18,sin_candidato
PROT SOL SKIN FORLLED FPS 25 60 G,16267,7591485002809,8.58,sin_candidato
PROT SOL SKIN FORLLED FPS 40 60 G,16268,7591485002779,10.95,sin_candidato
PROT SOL UMBRELLA CREM SPORT ACTIV X170G,29560,7703281020332,42.73,sin_candidato
PROT SOL UMBRELLA MUY RESIST/AGUA 170G,50058,7703281021162,43.25,sin_candidato
PROT SOLAR DERNIER GEL 50+ X 50G,28948,7598084000922,7.24,sin_candidato
PROT/SOLAR DERNIER CREM SPF50 BABY X160G,50317,7598084001134,8.38,sin_candidato
PROT/SOLAR DERNIER CREM SPF50 BABY X50G,50316,7598084001189,5.06,sin_candidato
PROT/SOLAR DERNIER PVO SPF45 DARK 7G,50315,7598084001158,9.51,sin_candidato
PROT/SOLAR DERNIER PVO SPF45 LIGHT 7G,50313,7598084001141,9.51,sin_candidato
PROT/SOLAR DERNIER PVO SPF45 MEDIUM 7G,50314,7598084001165,9.51,sin_candidato
PROT/SOLAR DERNIER PVO SPF45 TRANSLUC 7G,50312,7598084001172,9.51,sin_candidato
PROTEC SOL DERMOX HYDR SPF50 90ML,51396,7590005185268,9.08,sin_candidato
PROTEC SOL FACIAL DERMOX HYDR SPF60 50ML,51395,7590005185251,9.08,sin_candidato
PROTEC SOL LOREAL UV DEF FLUID FPS50 40G,52874,7899706188340,29.51,sin_candidato
PROTECTOR/SOL AFELIUS EXPERT 50SPF 60G,53616,7707355056838,21,sin_candidato
PROTECTOR/SOL AFELUIS MEN 50SPF 60G,53617,7707355056821,17.58,sin_candidato
PROTECTOR/SOL BARRA AUSTRALIAN GOLD FP50,53329,54402330982,13.86,sin_candidato
PROTECTOR/SOL BRUCEN HYDRO AC HIALUR 50G,27371,7592090000426,30.98,score_bajo
PROTECTOR/SOL BRUCEN ROSTRO/CUELLO 50G,15110,7592090000143,13.27,sin_candidato
PROTECTOR/SOL CORP BRUCETIN 80G,19132,7592090001348,19.14,sin_candidato
PROTECTOR/SOL CREM BRUCEN 100G,16763,7592090000150,22.88,sin_candidato
PROTECTOR/SOL CREM UMBRELLA SPF50 60G,31043,7703281001461,22.6,sin_candidato
PROTECTOR/SOL FACIAL VERABELL 60ML,53091,7599561000121,10.36,sin_candidato
PROTECTOR/SOL FACIAL ZOAH A/EDAD 50ML,21588,7596211001118,6.24,sin_candidato
PROTECTOR/SOL GEL UMBRELLA 60G,30803,7703281001454,20.91,sin_candidato
PROTECTOR/SOL GEODERM SPF30 MINERAL 50ML,50893,8436010011484,31.89,sin_candidato
PROTECTOR/SOL GEODERM SPF50 MINERAL 50ML,50892,8436599450131,35.06,sin_candidato
PROTECTOR/SOL HIDRAT NIVEA SPF50+ 200ML,26453,4005900259615,17.73,sin_candidato
PROTECTOR/SOL NIVEA SUN KIDS FPS50 125ML,27974,4005808944200,13.09,score_bajo
PROTECTOR/SOL SPRAY UMBRELLA SPF50 120G,15642,7703281001447,35.71,sin_candidato
PROTOSULFIL CREM 30G MEG,5047,7591955001486,10.52,score_bajo
PROVIM GRAG X20 PLX,6879,7594001100164,6.73,sin_candidato
PROVUNI TAB 10MG X28 UNIPH,51065,7598852001076,3.71,sin_candidato
PROVUNI TAB 5MG X30 UNIPH,51064,7598852001069,2.55,sin_candidato
PROXIME COMP REC 750MG X5 LETI,8044,7591585119773,16.97,score_bajo
PROXON COMP/REC 10MG/125MG X5 FC PHARMA,54535,7593090003806,4.81,sin_candidato
PRUEBA D/OVUL NATALCARE X10,52060,723592773366,11.45,sin_candidato
PRULAX TAB REC 1MG X30 FC,50880,7593090002946,13.25,sin_candidato
PULMOLIX PVO 600MG NAR SOB X10 MMF,53758,7592454004282,20.97,sin_candidato
PURICOL SOB X4 CR 2N,54412,54412,14.18,sin_candidato
PVO RINTI A/PULGA 100G,21906,7591635000600,6.14,sin_candidato
PVO/BASE FIT ME FRESH TINT SPF 05,50672,6902395830542,13.84,score_bajo
QLAIRA COMP REC X28 AVPH,28271,7795320051261,27.76,score_bajo
QUANOX CREM 1% 30G SIEG,51331,7707355057873,8.68,sin_candidato
QUANOX SOL GTS 0.6% 5ML MEY,20422,7707355054995,15.13,sin_candidato
QUERCETOL TAB 500MG X10 MEY,26895,7707355052588,23.23,sin_candidato
QUINCHONCHO CAP 300MG X60 NAT PREM,13356,7592430000161,5.73,sin_candidato
QUINCHONCHO CAP 300MG X90 ARC IRIS,7043,7592946000099,10,sin_candidato
QUINOCORT SUSP OFT 5ML L.O,4594,7591196002273,20.17,score_bajo
QUINOFTAL SOL OFT 5ML L.O,9531,7591196000439,18.54,score_bajo
"QUINOMAX SOL OFT 0,50% 5ML L.O",8458,7591196003416,19.04,score_bajo
QUINOTIC HC SUSP OTICA 5ML L.O,1661,7591196000637,15.38,score_bajo
RABANO YODADO JBE 120ML ARC IRIS,92594,7592946012801,8.57,sin_candidato
RABANO YODADO JBE 120ML RECETT,20899,7594001451112,3.51,sin_candidato
RAID MAX AER 360ML,15373,7591005004382,5.99,sin_candidato
RANIFLUX COMP REC 150MG X10 ALESS,52775,7597758001692,2.94,sin_candidato
RANIFLUX COMP REC 150MG X30 ALESS,52776,7597758001708,7.47,sin_candidato
RASALIT TAB 1 MG X 30,30350,7599112000303,18.02,sin_candidato
RECOLECTOR D/ORINA BRIUT PED 100ML X100,24383,0723592772581,38.96,sin_candidato
REFLUXYL SUSP ORAL 120ML ZUO,13504,7591651722937,11.35,score_bajo
REFLUXYL SUSP ORAL 240ML VARG,51758,7592349001877,12.96,score_bajo
REGULADOR D/FLUJO PLUSMEDIC C/GOTAS X 25,50538,7597467002003,61.02,sin_candidato
RENALOF CAP X90 AVPH,52039,8470001536051,37.66,sin_candidato
RENANGIO TAB 80MG X10 ZORIAK,17860,8904159613673,6.43,sin_candidato
REPELENTE AER OFF FAMILY 170G,30028,7501032927202,6.9,sin_candidato
REPELENTE CREM AVISPA 100G,46928,7591635000198,3.38,sin_candidato
REPELENTE CREM AVISPA KIDS 100G,52193,7591635001027,4.88,sin_candidato
REPELENTE CREM OFF FAMILY 60G,23190,7591005996632,2.35,sin_candidato
REPELENTE DERNIER LOC SKINSEPT 200 G,16694,7596548000648,2.48,sin_candidato
REPELENTE OFF EXTRA DURACION AER 170G,28673,7501032911454,8.21,sin_candidato
RESECAL PVO 10MG SOB X10 DISK,54046,7840274608280,15.74,score_bajo
"RESEQUIL LOC/TOPICA 0,1% X 10ML",50509,7591196006592,11.68,score_bajo
RESVERAT/NAD CAP 400/200MG X60 NAT PREM,54491,7592430000888,15.58,sin_candidato
RESVERATROL COMPLEX CAP 500MGX30 PHARMAC,53755,53755,15,score_bajo
RESVERATROL NAD+VID CAP 125MG X60 HERB,53122,7592710005923,20.73,sin_candidato
RESVIDOX + NAD CAP BLD X30 ARCO IRIS,54362,7592946001799,26,sin_candidato
REVERSAIR TAB 4MG X10 CAPSUV,23344,7598055000500,2.81,sin_candidato
RHELEN GEL ARNICA PLUS TARRO 250G INTERV,90756,7593434000089,5.32,sin_candidato
RHELEN GEL ROLLON ARNICA PLUS 90G INTERV,90757,7593434000164,2.6,sin_candidato
RIBEX COMP REC 10MG X30 EURO,53088,7891317035259,21.57,sin_candidato
RIDAL COMP REC 1MG X20 MEG,90076,7594000491669,7.01,score_bajo
RIFAMICINA SOL ATOM 1% 25ML CR ZUK,23696,7840282039298,14.76,sin_candidato
RIFENDI COMP REC 200MG X10 ZUOZ,52798,7591651002237,12.96,sin_candidato
RIFENDI COMP REC 550MG X10 ZUOZ,52797,7591651002244,32.42,sin_candidato
RINGER LACTATO SOL #19 500ML BHR,15338,7592637005051,4.79,score_bajo
RINGER LACTATO SOL 500ML ZUZU,52597,7599608002903,2.41,score_bajo
RINGER LACTATO SOL INF 500ML BLUE/M,53794,7598127002456,1.99,score_bajo
"RINIFLU SOL ORAL 2,5MG/5ML 60ML BIOTECH",54314,7591243844702,6.15,score_bajo
RIÑOHEPATOL CAP X60 WALF,28377,7592710005206,11.84,sin_candidato
RISPERDON SUSP ORAL 1MG/ML 20ML PROV,52460,8904180217802,3.51,sin_candidato
RIVAPROF COMP REC 10MG X30 VLM,51137,7591020009621,12.78,score_bajo
RIVAPROF COMP REC 15MG X30 VLM,51138,7591020009638,15.52,score_bajo
RIVAREX COMP REC 10MG  X30 DLR,52904,7592803004284,10.93,score_bajo
RIVAREX COMP REC 15MG X30 DLR,52905,7592803004291,13.17,score_bajo
RIXIGAL PVO SUSP 100MG/5ML 100ML PHARME,24650,7703763638208,24.64,score_bajo
RIXIGAL TAB REC 400MG X10 PHARME,53842,7703763869756,21.52,score_bajo
ROCARNIN SOL 10% 120ML RNV,24130,7592806121063,3.88,sin_candidato
ROCARNIN SOL 10% 180ML RNV,98389,7592806121049,7.29,sin_candidato
RONAVIT AMP 2ML X1 RNV,51283,7592806114010,2.84,score_bajo
RONAVIT VIT B12/B1/B6 CAP X20 RNV,24643,7592806131116,5.2,score_bajo
RONIPRAZOL SOB 10G X10 RNV,53226,7592806132113,13.91,sin_candidato
RONIPRAZOL TAB 20MG X14 RNV,54043,7592806134179,5.63,sin_candidato
RONIPRAZOL TAB 40MG X14 RNV,54044,7592806134186,6.47,sin_candidato
ROSUVASTATINA TAB REC 10MG X30 PHARMA,52114,7593352000062,4.21,score_bajo
ROSUVASTATINA TAB REC 20MG X30 PHARMA,52113,7593352000123,6.92,score_bajo
ROVARTAL COMP REC 10MG X30 MEG,9989,7591619518190,14.03,score_bajo
ROVARTAL COMP REC 20MG X30 MEG,96276,7591619518930,19.87,score_bajo
"ROWELUK COM/MAST 5MG/2,5MG X 10",28868,7591619000848,5.19,score_bajo
"ROWELUK COM/MAST 5MG/2,5MG X 30",28869,7591619000855,11.69,score_bajo
ROWELUK ULTRA COM/REC 10MG/5MG X 10,28891,7591619000824,6.49,score_bajo
ROWETOS JBE 7MG/ML 200ML MEG,52514,7460536574414,13.9,sin_candidato
ROWETOS JBE 7MG/ML 80ML MEG,52745,7460536574407,6.23,sin_candidato
RUBIZON TAB REC 20MG X35 COFA,54290,7591818000526,9.48,score_bajo
RUBLOX TAB/REC 10MG X 30,50752,7591243845808,12.99,score_bajo
RUBLOX TAB/REC 20MG X 30,50753,7591243845860,20.66,score_bajo
RYNAMED FORTE TAB 250/400/65MG X10 FMED,50988,8906188190040,2.02,score_bajo
SABE MIEL JBE BERR EUCALIP 180ML BIOFAR,16674,7592710001031,4.55,score_bajo
SABE MIEL JBE CEBOLLA MORAD 180ML BIOFAR,16673,7592710001048,4.55,score_bajo
SABE MIEL JBE PLUS 180ML BIOFAR,16676,7592710001062,4.55,score_bajo
SABILA CAP X60 HERB,24259,7592710000997,10.26,sin_candidato
SABILA JBE 120ML CHEM/S,8986,7557956330048,5.82,sin_candidato
SABILADERM CREM BABY A/PAÑALITIS 65G COH,14184,7592512001925,5.63,sin_candidato
SABILAX CAP 400MG X60 WALF,28380,7592710005169,10.8,sin_candidato
SACUBITRILO/VAL TAB REC 100MG X30 ARVEST,50770,8908020242177,22.8,score_bajo
SACUBITRILO/VALSA TAB REC 50MGX30 CRDIST,53386,7598252002093,45.25,score_bajo
SACUMIC COMP REC 100MG X30 MEG,54296,7730969309359,33.77,score_bajo
SACUMIC COMP REC 50MG X30 MEG,54298,7730969309342,25.97,score_bajo
SACUTAN COMP REC 50MG X30 ZUOZ,51393,7591651002176,30.88,sin_candidato
SAL D/EPSOM SOB 20G BIOF,94713,7591616001619,1.35,sin_candidato
SAL D/FRUTA MAKENO PVO EFERV NAR X10 BIU,50809,8904255500136,3.9,sin_candidato
SAL D/HIGUERA SOB 20G BIOF,94714,7591616001633,1.35,sin_candidato
"SALBUROL SOL INH 0,5% X20 VLM",9854,7591020001625,8.94,score_bajo
"SALBUTAMOL SOL INH 0,5% 5MG/ML 20ML DIST",52481,7598252001829,10.08,score_bajo
SALBUTAMOL SOL INH 5MG/ML 15ML L.O,4326,7591196002303,9.87,score_bajo
"SALES D/REHIDRAT SOB 20,5G X10 KMP",53472,6921875011967,10.41,score_bajo
SALICIS CREM 1% 20G BOOZ,20710,7597072001194,4.6,sin_candidato
"SALINAX SOL NASAL 0,9% 50ML CLX",53798,7591519001846,6.9,score_bajo
SAVER COM PVO SUSP 200MG/5ML X 37.5ML,29638,7591062010227,5.95,score_bajo
SAW PALMETTO CAP 300MG X60 ARC IRIS,18761,7592946169673,13.51,sin_candidato
SAZONATODO MAGGY DISP 35G X15,20474,7591016204535,10.98,sin_candidato
SECNIDAZOL COMP REC 1G X2 GENVEN,52517,7591585175106,5.33,score_bajo
SEDACONS SOL IV 100MCG/2ML X 1,50706,7592637000131,10.9,score_bajo
SEDIVAL TAB X30 MEY,2473,7592601100836,8.99,sin_candidato
SELENIUM TAB 100MCG X100 NOW,28242,733739014801,13.19,sin_candidato
"SENOCOLAX TAB 8,6MG/50MG X10 TIAR",52454,198715553222,2.81,sin_candidato
"SENOKOT/DOCUSATO TAB REC 8,6/50MGX10 FAR",16659,7591821210295,3.74,sin_candidato
SENSIBIO H2O SOL 100ML,92752,3701129812075,24.1,sin_candidato
SERUM CLARESS CAP CERABLEND A/EDAD X30,50954,7596811000450,19.3,sin_candidato
SERUM CLARESS CAP CITRALICIOUS X30,50953,7596811000467,19.3,sin_candidato
SERUM CLARESS CAP RETINOL ADVANCE X30,50952,7596811000443,19.3,sin_candidato
SERUM PROTECTOR/SOL FACIAL VERABELL 30ML,52919,7599561000138,10.5,sin_candidato
SET INFUSION BRIUTCARE PED 60G,26586,0723592773076,1.45,score_bajo
SIGTIPHIN COMP REC 200MG X10 MEY,99430,7592601301639,8.78,score_bajo
SIGTIPHIN COMP REC 200MG X20 MEY,99429,7592601301646,15.99,score_bajo
SILICONA BARRA GRUESA 20CM X6,26756,7453086101797,4.03,sin_candidato
SILVEDERMA CREM 1% X 50G,28865,7591096000140,12.4,score_bajo
SILVEDERMA CREM TOPICA 500G MDF,11414,7591096000072,47.35,score_bajo
SIMETICONA SALUDX CAP 125MG X 10 RJR,28592,7894164009657,3.49,score_bajo
SIMULTAN COMP REC 50MG/850MG X30 DLR,52757,7592803004321,17.71,score_bajo
SINALER M TAB REC 5MG/10MG X30 ALESS,52533,7597758001340,7.58,sin_candidato
SINALER TAB 5MG X10 ALESS,52534,7597758001364,1.18,sin_candidato
SINGRASS CAP X60 NAT PREM,26589,7592430000765,6.75,sin_candidato
SINMEGAS CAP BLD 125MG X20 SIEG,53113,7592601000679,7.91,score_bajo
SINMEGAS CAP BLD 125MG X30 SIEG,53114,7592601000686,11.64,score_bajo
SINUTIL CAP BLD DIA 500MG/10MG/2MGX10 FC,9102,7593090000010,4.79,score_bajo
SINUTIL CAP BLD NOCH 500/2MG X5 FC,16377,7593090000744,2.82,score_bajo
SINUTIL JBE 90ML VIN,97498,7592782000895,5.79,score_bajo
SINUX TAB/REC 5MG/60MG X 10,29781,7592454003902,5.7,sin_candidato
SITAGLIP/METFOR TAB 50/1000MG X30 PHARMA,52115,7593352000055,9.09,sin_candidato
SITAMET TAB/REC 50MG/500MG X 10,28502,7591020009249,8.1,score_bajo
SITAMET TAB/REC 50MG/500MG X 30,28503,7591020009256,20.33,score_bajo
SITAMET TAB/REC 50MG/850MG X 30,28420,7591020009270,23.14,score_bajo
SITOMET TAB 50MG/500MG X10 CAPSUV,23370,7598055000845,9.19,sin_candidato
SOL BACTERICIDA IODINEX 120ML,51941,7599971000018,6.22,sin_candidato
"SOL CHLORHEXIDEX C/VALVULA 0,3% X250ML",50352,7591404003856,17.16,sin_candidato
SOL FISIOL GTS 15ML CHEM/S,1250,7557656321087,1.81,sin_candidato
SOL ISOT CLOR SOD 500ML #16 BHR,92362,7592637001121,3.06,sin_candidato
SOL JABONOSA ADEMINA 190ML,16802,7591844000606,2.6,sin_candidato
SOL LIMP DERNIER BABY P/CABELLO 200 ML,15665,7596049000109,2.81,sin_candidato
SOL LIMP DERNIER BABY P/LA PIEL 200 ML,15664,7596049000093,2.79,sin_candidato
SOL LIMP DERNIER FACIAL 200 ML,15660,7596049000192,3.31,sin_candidato
SOL LIMP DERNIER P/HIGIENE INTIMA 200 ML,15668,7598084001325,3.26,sin_candidato
SOL LIMP DERNIER P/MANOS Y CUERPO 200 ML,15659,7596049000222,2.45,sin_candidato
SOL OQ KERR FASTCLEAN 110ML,20682,7597906000027,3.31,sin_candidato
SOL OQ KERR FASTCLEAN 70ML,20681,7597906000010,2.6,sin_candidato
SOL P/LENTES SIMPLEX N EXPRESS X 120ML,50207,7592321000027,10.86,sin_candidato
SOL P/LENTES SIMPLEX N EXPRESS X 240ML,50208,7592321000034,14.65,sin_candidato
SOL P/LENTES SIMPLEX N EXPRESS X 60ML,50206,7592321000010,7.86,sin_candidato
SOLUHEX LOC JAB INTIMO 240ML INT,16759,7592306000295,5.82,sin_candidato
SOLUMAR SOL HIPERTONICA 30ML EMP,24297,7597641000023,8.49,score_bajo
SOLUMAR SOL HIPERTONICA 60ML EMP,19480,7597641900019,11.06,score_bajo
SOMERGAN LOC TOP 60ML INTERCOS,52219,7591635000853,4.43,sin_candidato
SOPA MAGGI DISP CASERA D/POLLO 62G X 12,28886,7591016205402,14.63,sin_candidato
SOPA MAGGI POLLO FIDEO DISP 62G X12,20293,7591016204894,14.63,sin_candidato
SOPA MAGGI POLLO/ARR 65G SOB X12,15105,7591016204900,14.63,sin_candidato
SPIRULINA CAP 500MG X60 ARC IRIS,25763,7592946001188,12.08,sin_candidato
SPLENDA ENDULZANTE SOB X100,41983,7227776020029,8.75,sin_candidato
SPLENDA ENDULZANTE SOB X50,33428,722776020012,5.22,sin_candidato
SPRAY BLUE CAP 50ML,91095,8437022765051,31.82,sin_candidato
STAMYL FORTE TAB REC 300MG/100MGX20 FAR,13272,7703454122993,10.66,score_bajo
STEVIA SPLENDA SOB X40,23959,722776002896,5.04,sin_candidato
"SUAVIZANTE SUAVITEL COMP FRESC PRIM 1,3L",53441,7509546072081,8.31,sin_candidato
SUCORIL TAB USP 1G X20 MEDV,28475,8906112612105,7.73,sin_candidato
SUCRALFATO TAB 1000MG X20 ADN,24681,8904187876484,10.44,score_bajo
SUERO ORAL SOB 30G LYA,25477,7599028000756,4.08,score_bajo
"SULBACZONA PVO/SOL INY 1,5G X 1",50587,7598127002173,3.74,sin_candidato
"SULBACZONA PVO/SOL INY 1,5G X 50",50586,7598127002180,129.52,sin_candidato
SULFADIAZINA D/PLATA CREM 1% 30G KIMIC,23082,7592616480015,5.52,score_bajo
SULFATO D/GLUCOSAM+ CHONDRO CAP X60 HERB,19506,7592710000881,11.56,score_bajo
SULFUROCIS CREM 10%/1% 40G BOOZ,18947,75970543,3.83,sin_candidato
SULTAMICILINA SUSP 250MG/5/100ML CRDIST,26185,7598252000563,18.3,score_bajo
SULTRIM SUSP ORAL 200/40/5ML 100ML ALESS,51999,7597758001555,4.05,score_bajo
"SULXIM AMP IV/IM 1G /0,5 G X1 ALESS",24280,7597758000428,1.7,score_bajo
SYNARTRON COMP REC 90MG X10 FC,52628,7593090003257,6.48,sin_candidato
SYNARTRON TAB REC 60MG X10 FC,22095,7593090001338,5.06,sin_candidato
TACHIGRIP FORTE SOB 650/2/30MG X6 ELM,51793,7591062000174,8.06,score_bajo
TACHIGRIP TAB REC 500MG/30MG/2MG X10 ELM,51354,7591062000167,1.94,score_bajo
TACHIPIRIN FORTE JBE PED 120ML ELM,11649,7591062017301,2.88,score_bajo
TACHIPIRIN GTS PED 30ML ELM,3414,7591062011330,4.19,score_bajo
TACHIPIRIN SUP PED 125MG X6 ELM,5253,7591062011361,3.95,score_bajo
TADAFOX TAB REC 5MG X30 VLM,99315,7591020080781,8.23,score_bajo
TADAFOX TAB/REC 5MG X 15,28813,7591020009379,4.09,score_bajo
TADALAFIL TAB 20MG X1 CLX,97341,7591519009279,0.94,sin_candidato
TADALAFIL TAB 20MG X2 CLX,97340,7591519009453,1.83,sin_candidato
TADALAFIL TAB REC 20MG X1 PLX,52467,7594001102243,1.07,sin_candidato
TALERC COMP 10MG X10 DLR,8473,7592803001832,1.95,score_bajo
TALERC SOL 1MG/ML 120ML DLR,8535,7592803001818,4.14,score_bajo
TALERC SOL GTS 10MG/ML 15ML DLR,8537,7592803001825,2.19,score_bajo
TALFIDEX TAB REC 20MG X2 PLX,53285,7594001102250,1.71,score_bajo
TALFIDEX TAB REC 5MG X30 PLX,53780,7594001102427,6.28,score_bajo
TALYSTOR TAB MAST 20MG X1 PHARME,50928,7592454004077,1.57,score_bajo
TALYSTOR TAB MAST 5MG X10 PHARME,51061,7592454004053,3.36,score_bajo
TALZIC SOL ORAL PED 1MG/ML 120ML ELM,3978,7591062016649,4.18,score_bajo
"TAMDURIDE CAP 0,4/0,5MG X30 ZORIAK",27064,7599112000181,17.69,sin_candidato
"TAMSULOSINA/DUTAS TAB 0,4/0,5MGX30 ANG/H",27737,7598176000755,18.12,score_bajo
"TAMSUPROS CAP 0,4MG X30 ZORIAK",20178,7599112000105,14.24,sin_candidato
TANG DISP PIÑA COLADA  20G X 15,50444,7622201721220,8.51,score_bajo
TANG LIMON DISP 20G X15,26649,7622210661357,8.51,score_bajo
TANG PARCHITA DISP 20G X15,26648,7622201676360,5,sin_candidato
"TANSUDEX PLUS CAP 0,4MG/0,5MG X30 PLX",53420,7594001102366,23.32,sin_candidato
"TANTUM VERDE PAST DENT 0,5% X 60G",29071,7591062014713,5.74,score_bajo
TAUCARON COMP 15MG X10 MEG,10975,7730698394183,3.9,score_bajo
TAXUS COMP 20MG X30 ADIUM,28335,7501871720217,13.54,score_bajo
TE PVO TANG DURAZ 13G DISP X12,53525,7622202008450,4.82,sin_candidato
TECAPS VERD CAP 150MG X30 L.O,94586,7591196003287,19.03,sin_candidato
"TEJANIA COMP REC 0,075MG X28",53576,5997001361887,9.29,sin_candidato
TEKRON COM/REC 200 MG X 10,30129,7591585318565,17.83,score_bajo
TEKRON COMP REC 200MG X30 LETI,90990,7591585218568,52.78,score_bajo
"TELMISARTAN/HTC COMP 40/12,5MG X28 DORO",25144,5573035,11.58,score_bajo
"TELMISARTAN/HTC COMP 80/12,5MG X28 DORO",25145,5573068,14.01,score_bajo
TENSOMAX LP CAP 30 MG X 30,30143,7591585118431,29.08,score_bajo
TENSOMED SUSP ORAL 20MG/ML 10ML PHAR,53150,7598750000423,7.55,sin_candidato
TERAGRIP FORTE TAB REC 650/4 NOCHX4 FAR,51036,7591821210899,2.04,score_bajo
TERAGRIP FORTE TAB REC 650MG X6,54313,7591821210967,3,score_bajo
TERAGRIP JBE PED 125MG/5ML UVA 120ML FAR,3472,7591821101692,8.35,score_bajo
TERAGRIP SUPRA TAB REC 650MG X10 FAR,96315,7591821802186,7.31,score_bajo
TERAGRIP TAB 24H 650MG X10+4 TAB FAR,92187,7591821802414,5.73,score_bajo
"TERATOSIL JBE 0,7% 120ML FAR",96977,7591821802551,7.21,sin_candidato
TERBICRYM CREM 1% 20G AV,9338,7596654000044,7.01,score_bajo
TERBICRYM LOC 1% 30ML AV,21458,7596654000075,7.79,score_bajo
TERBIFEET CREM TOP 1% 20G TIAR,53375,198715930504,2.92,sin_candidato
TERMOMETRO ORAL PLUSMEDIC MERCURIO X12,21780,7597467000580,48.82,sin_candidato
TERODINE CAP 2MG X 30,29786,7593090002120,31.12,sin_candidato
TEROVAN 100 COM/REC 49MG/51MG X 30,50709,7730766002453,34.35,score_bajo
TEROVAN 50 COM/REC 24MG/26MG X 30,50708,7730766002446,26.01,score_bajo
THYROX TAB 50MCG X30 CAPSUV,27853,7598055001316,3.42,sin_candidato
TIAMAZOL TAB 5MG BLIS 6X10 CR BEL,27473,7591940000289,4.91,score_bajo
TINTE ALFAPARF A/AMARIL,15935,7898468503811,7.38,sin_candidato
"TINTE ALFAPARF CAS MED ROJ CAO 4,65",15940,7898468503705,7.38,sin_candidato
TINTE ALFAPARF RUB CLARISIMO 9,15955,7898468503569,7.38,sin_candidato
"TINTE ALFAPARF RUB CLARISIMO CEN 9,1",15949,7898468503613,7.38,sin_candidato
"TINTE ALFAPARF RUB MED DOR 7,3",15950,7898468503767,7.38,sin_candidato
"TINTE ALFAPARF RUB MED DOR CAO 7,35",15952,7898468503651,7.38,sin_candidato
"TINTE ALFAPARF RUB MED DOR IRISADO 7,32",15951,7899884201428,7.38,sin_candidato
"TINTE ALFAPARF RUB OSC 6,3",15937,7898468503750,7.38,sin_candidato
"TINTE ALFAPARF RUB OSC CAO DOR 6,53",15939,7898468503682,7.38,sin_candidato
"TINTE ALFAPARF RUB OSC CEN 6,1",15936,7898468503583,7.38,sin_candidato
"TINTE AMERICAN COLORS CAC 8,7",15244,7592566000271,3.9,sin_candidato
"TINTE AMERICAN COLORS CHOCO 6,7",14425,7592566000257,3.9,sin_candidato
"TINTE AMERICAN COLORS CHOCO CHUAO 7,7",16642,7592566000264,3.9,sin_candidato
"TINTE AMERICAN COLORS LIGHT HABANA 5,15",15250,7592566002343,4.05,sin_candidato
"TINTE AMERICAN COLORS LIGHT ROJAMOR 8,54",15252,7592566002367,4.05,sin_candidato
"TINTE AMERICAN COLORS ROJAMOR 8,54",15248,7592566000424,3.9,sin_candidato
"TINTE AMERICAN COLORS RUB AVELL 7,30",16643,7592566000202,3.9,sin_candidato
"TINTE AMERICAN COLORS RUB CEN OSC 6,1",16641,7592566000127,3.9,sin_candidato
"TINTE AMERICAN COLORS RUB CLA 8,0",14426,7592566000097,3.9,sin_candidato
"TINTE AMERICAN LIGHT CAS CLA 5,0",14434,7592566002169,4.05,sin_candidato
"TINTE AMERICAN LIGHT CHOCO 6,7",14436,7592566002305,4.05,sin_candidato
"TINTE AMERICAN LIGHT RUB CEN CLA 8,1",14439,7592566002244,4.05,sin_candidato
"TINTE AMERICAN LIGHT RUB CLA 8,0",14438,7592566002190,4.05,sin_candidato
"TINTE COLOR EFECT TABACCO #4,7 60G",28107,7592943006889,3.6,sin_candidato
TINTE COVERAGE COL BLAN CALIFORNIA 13,20662,0745760025961,2.75,sin_candidato
"TINTE COVERAGE COL CAS 4,0",20629,0745114481924,2.75,sin_candidato
"TINTE COVERAGE COL CAS CLA ROJ 5,4",20636,0745114755049,2.75,score_bajo
"TINTE COVERAGE COL MARR CEN 7,71",20649,0745114754912,2.75,sin_candidato
"TINTE COVERAGE COL MARR CEN CLA 8,71",20650,0745114754905,2.75,sin_candidato
"TINTE COVERAGE COL MARR CEN OSC 6,71",20648,0745114754929,2.75,sin_candidato
"TINTE COVERAGE COL MARR CLA 8,7",20647,0745114754936,2.75,sin_candidato
"TINTE COVERAGE COL MARR DOR CAS 5,73",20651,0745114754899,2.75,sin_candidato
"TINTE COVERAGE COL MARR INTEN PERL 7,77",20663,0745114754851,2.75,sin_candidato
"TINTE COVERAGE COL MARR OSC 6,7",20645,0745114754950,2.75,sin_candidato
"TINTE COVERAGE COL MARR PROFU 7,7",20646,0745114754943,2.75,sin_candidato
"TINTE COVERAGE COL ROJ CLA CAO 8,45",20640,0745114755001,2.75,score_bajo
"TINTE COVERAGE COL ROJ INTEN 5,44",20641,0745114754998,2.75,sin_candidato
"TINTE COVERAGE COL ROJ MED 7,44",20642,0745114754791,2.75,sin_candidato
"TINTE COVERAGE COL ROJ OSC CAO 6,45",20638,0745114755025,2.75,sin_candidato
"TINTE COVERAGE COL ROJ VIO INTEN 3,66",20644,0745114754967,2.75,sin_candidato
"TINTE COVERAGE COL ROJO CAO 7,45",20639,0745114755018,2.75,sin_candidato
"TINTE COVERAGE COL RUB CEN CLA 12,6",20660,0745760025947,2.75,sin_candidato
"TINTE COVERAGE COL RUB CEN INTEN 12,2",20658,0745114754813,2.75,sin_candidato
"TINTE COVERAGE COL RUB CEN MARR 12,3",20659,0745114755094,2.75,sin_candidato
"TINTE COVERAGE COL RUB CEN PERL 12,8",20661,0745760025954,2.75,sin_candidato
"TINTE COVERAGE COL RUB CLA 8,0",20633,0745114755070,2.75,sin_candidato
"TINTE COVERAGE COL RUB CLA MARR DOR 8,73",20654,0745114794868,2.75,score_bajo
"TINTE COVERAGE COL RUB DOR 10,73",20655,0745114754844,2.75,sin_candidato
"TINTE COVERAGE COL RUB DOR CEN 12,1",20657,0745114755087,2.75,sin_candidato
TINTE COVERAGE COL RUB DOR TENUE 12,20656,0745114754837,2.75,sin_candidato
"TINTE COVERAGE COL RUB EXCLA 10,0",20635,0745114755056,2.75,sin_candidato
"TINTE COVERAGE COL RUB MARR DOR 7,73",20653,0745114754875,2.75,sin_candidato
"TINTE COVERAGE COL RUB MUY CLA 9,0",20634,0745114755063,2.75,sin_candidato
"TINTE COVERAGE COL RUB OSC 6,0",20631,0745114754806,2.75,sin_candidato
"TINTE COVERAGE COL RUB OSC MARR DOR 6,73",20652,0745114754882,2.75,sin_candidato
"TINTE COVERAGE COL RUB OSC ROJ 6,4",20637,0745114755032,2.75,sin_candidato
"TINTE COVERAGE COL RUB ROJ INTEN 6,46",20643,0745114754974,2.75,sin_candidato
TINTE COVERAGE COLOR RUBIO COB/INTE 7.44,50487,0745114754981,2.75,sin_candidato
"TINTE DRENE COLOR CAS MED 4,0",22981,7590005114008,4.15,sin_candidato
"TINTE DRENE COLOR CAS OSC 3,0",22980,7590005113995,4.15,sin_candidato
"TINTE DRENE COLOR RUB CLA 8,0",22991,7590005114145,4.15,sin_candidato
"TINTE DRENE COLOR RUB EXCLA 10,0",22995,7590005114190,4.15,sin_candidato
"TINTE DRENE COLOR RUB MED CHOCO 7,53",22990,7590005114138,4.15,sin_candidato
"TINTE DRENE COLOR RUB OSC 6,0",22986,7590005114060,4.15,sin_candidato
TINTE DRENE RUB MED/MARRON INT 7.77 50ML,50063,7590005114312,4.15,sin_candidato
TINTE DRENE RUB MEDIO VIOLETA 7.20 50ML,50062,7590005114305,4.15,sin_candidato
TINTE DRENE RUB OSC/ROJ INT 6.66 50ML,50061,7590005114091,4.15,sin_candidato
TINTE EXCELLENCE CAS #4,23241,7501027275042,10.15,sin_candidato
"TINTE EXCELLENCE CAS CLA CAO 5,5",34470,7501027275110,10.15,score_bajo
"TINTE EXCELLENCE RUB CEN MATTE 7,17",28092,7509552844474,10.23,sin_candidato
"TINTE EXCELLENCE RUB DOR N6,34",98583,7506078917491,10.15,sin_candidato
"TINTE EXCELLENCE RUB OSC CEN #6,1",91622,7501027275134,10.15,sin_candidato
TINTE REVLON COLORSILK BORGOÑA 48,13296,309976623481,8.01,sin_candidato
TINTE REVLON COLORSILK BORGOÑA OSC 034,29073,309978695349,8.01,sin_candidato
TINTE REVLON COLORSILK CAS C/DOR 54,13298,309978695547,8.01,sin_candidato
TINTE REVLON COLORSILK CAS COB PROFU 49,22255,0309976623498,8.01,sin_candidato
TINTE REVLON COLORSILK CAS MED CEN 40,13294,309978695400,12.69,sin_candidato
TINTE REVLON COLORSILK CAS MED COB #42,22387,0309978695424,8.01,sin_candidato
TINTE REVLON COLORSILK CAS OSC COB 31,21217,0309978695318,8.01,sin_candidato
TINTE REVLON COLORSILK CAS ROJ CLA 55,21218,0309978695554,8.01,sin_candidato
TINTE REVLON COLORSILK CHOCO 37,13289,309978456377,8.01,sin_candidato
TINTE REVLON COLORSILK NEGR AZUL 12,13291,309976623122,8.01,sin_candidato
TINTE REVLON COLORSILK NEGR SUAV 11,22256,0309978695110,8.01,sin_candidato
TINTE REVLON COLORSILK NEGRO NATURAL 020,29072,309978695202,8.01,sin_candidato
TINTE REVLON COLORSILK RUB COB 45,22258,0309978695455,8.01,sin_candidato
TINTE REVLON COLORSILK RUBIO PLATINAD 82,30304,0309970194208,8.01,sin_candidato
TIPOFREN TAB REC 400MG/4MG X10 ZUZU,52602,7599608001470,2.59,sin_candidato
TIPOFREN TAB REC 600MG/4MG X10 ZUZU,52603,7599608001487,2.11,sin_candidato
TIROXIN TAB 100MG X50 MEY,20026,7707355054186,17.17,sin_candidato
TIROXIN TAB 112MCG X 50,30127,7707355054193,20.87,sin_candidato
TIROXIN TAB 150MCG X 50,29468,7707355057958,16.82,sin_candidato
TIROXIN TAB 25MCG X50 MEY,20368,7707355054223,11.94,sin_candidato
TIROXIN TAB 50MG X50 MEY,20025,7707355054230,16.27,sin_candidato
TIRZOL TAB 5MG X60 DOLLY,53347,7598928000163,7.61,sin_candidato
"TOBRASOL SOL OFT 0,3% 5ML L.O",8684,7591196000491,9.62,score_bajo
"TOBRASOL UNG 7,5G L.O",2083,7591196000873,21.61,score_bajo
TODENAC SOL OFT 5ML L.O,5780,7591196002761,18.5,score_bajo
TODEX SUSP OFT 5ML L.O,10149,7591196000514,9.18,score_bajo
"TODEX UNG OFT 7,5G L.O",2760,7591196000897,24.35,score_bajo
"TOMYCIN SOL OFT 0,3% 5ML CAPSUV",23365,7598055000098,4.83,score_bajo
TONGKAT ALI W/MACA CAP X30 PHARMAC,54481,810174140255,19.48,sin_candidato
TOPISEPT CREM 2% 15G MEY,26900,7707355050829,25.31,score_bajo
TORIVAS TAB REC 100MG X30 CLX,15606,7591519000092,18.06,score_bajo
TORIVAS TAB REC 50MG X30 CLX,15607,7591519000221,11.71,score_bajo
TORONTO SAVOY DISP 324G,17028,7591016161111,17.56,sin_candidato
TOSBRON JBE 240ML WALF,28384,7592710004445,5.62,sin_candidato
TOSSIN SOL ORAL 15MG/5ML 120ML ALESS,53009,7597758001371,3.07,sin_candidato
TRACTIL AMP 4MG/2ML KITX1 RNV,54342,7592806114218,1.55,score_bajo
TRAMAL AMP INY IM/IV 50MG/1ML X5 CR CCM,95548,7592889000804,20.92,score_bajo
TRANGOLATT TAB/REC 200MG X 10,29999,0756029628359,5.19,sin_candidato
TRAT CAP NUTRIBELA BIOKERATINA 180ML,54540,7702354957162,3.66,sin_candidato
TRAZEL INY 10ML X6 BHR,5183,7592637005013,53.25,sin_candidato
TRAZTEL AMP 10ML ADN,26356,8906112610729,7.86,sin_candidato
"TRESITEN TAB 2,5MG X50 FC PHARMA",54534,7593090003721,23.78,sin_candidato
"TRETINOINA GEL TOP 0,05% 20G HM",52426,0632627843472,2.32,score_bajo
TRICUDERMA CREM 20G SGG,27807,0791466994377,7.22,sin_candidato
TRIDETARMON CREM 15G MEG,4889,7591955000762,8.57,score_bajo
TRILEPTAMEDC SUSP 6% 300MG/5ML 100ML IPS,53201,7597285000731,12.34,sin_candidato
TRIMETOP/SULFAM SUSP 40/200MG 60ML KIMIC,24814,7592616546018,2.86,sin_candidato
TRIMIC FORTE L OVUL 750/200/100MGX7 TIAR,26403,8906009238555,14.91,score_bajo
TRIMOLEP TAB ORODISP 25MG X28 CR MT,51920,7501384550639,5.06,sin_candidato
TRUSOMIDA SOL OFT 2% 5ML DIEMA,52801,7750778000391,12.45,score_bajo
TURMERIC/CURCUMA CAP 700MG X60 ETER,24338,0787790469551,24.27,sin_candidato
ULCENOL TAB 20MG X10,2298,7591062011965,2.18,score_bajo
ULCENOL TAB 40MG X20 ELM,92083,7591062018650,3.39,score_bajo
UNG CORP BRUCETIN REPARADOR 5% X 80G,28876,7592090000495,11.43,sin_candidato
URIGRON TAB LE 25MG X30 ZORIAK,52019,7599112000402,24.45,sin_candidato
UROFIDE TAB 0.5MG X 30 ANGELUS,28520,7598176001455,13.61,sin_candidato
UVEBLOCK SPF50+ SPR KIDS 200ML,21475,3760269770300,40.26,sin_candidato
VAGILEN R OVUL 750MG/200MG X7 FC,50878,7593090002977,13,sin_candidato
VALERIANA CAP 300MG X90 ARC IRIS,22826,7592946025788,10,sin_candidato
VALERIANA GTS 60ML RECETT,16872,7594001450825,3.25,sin_candidato
VALERIANA JBE 120ML CHEM/S,2830,7557956330031,7.06,sin_candidato
"VALGEM PLUS TAB REC 80MG/12,5MG X10 GEMA",52663,7598981001756,2.25,score_bajo
VALPIZOP TAB REC 10MG X20 VLM,17039,7591020080934,8.31,score_bajo
VALPRODAC TAB REC 500MG X30 DAC,52627,7598578000964,10.22,sin_candidato
VALPRON SOL 30ML FAR,6450,7591821901971,8.73,score_bajo
VALPROTAN TAB REC 500MG X30 ZORIAK,52021,7599112000419,13.13,sin_candidato
VALSARTAN/AMLO TAB REC 80/5MG X10 PHARME,21545,7592454891417,5.84,score_bajo
"VALSARTAN/HCT TAB REC 160MG/12,5 X14 VLM",96316,7591020008600,7.53,score_bajo
VALTAN TAB 160MG X30 ZORIAK,22556,8906104081360,10.46,sin_candidato
VANCOMEDC PVO P/INY X 0.5G,28414,7597285000649,3.32,sin_candidato
VAPROX JBE 120ML CR 2N,54414,6977234271275,5.01,sin_candidato
VARIFLON TAB 450MG/50MG X30 TIAR,54235,199284287013,11.57,sin_candidato
VARIPLANT CAP X30 JRC,54168,7592430000871,12.03,sin_candidato
VARISAN CAP 300MG X60 NAT PREM,24534,7592430000673,9.96,sin_candidato
VARITROL CAP X60 WALF,28381,7592710005046,11.84,sin_candidato
VASPITOR COM/REC 20MG X 30,50578,7591619001241,7.53,score_bajo
VASPITOR COMP REC 20MG X10 MEG,52641,7591619001258,2.73,score_bajo
VASTRON JBE 250MG/5ML X 180ML,28542,7598677000452,10.71,sin_candidato
VASTRON TAB REC 500MG X30 CLEO,25660,7598677000247,12.69,sin_candidato
VAXIDUO OVU 100MG/400MG X7 CLX,25190,7703153041205,10.84,score_bajo
VECTUS TAB/REC 20MG X 1,29011,7592601000495,1.36,score_bajo
VECTUS TAB/REC 20MG X 2,29012,7592601000501,2.7,score_bajo
VECTUS TAB/REC 5MG X 10,30204,7592601000518,2.66,score_bajo
VECTUS TAB/REC 5MG X 20,30212,7592601000525,5.32,score_bajo
VECTUS TAB/REC 5MG X 30,30213,7592601000532,7.99,score_bajo
VEDINOR COMP REC 600MG X15 VARG,24175,7592349723779,13.1,score_bajo
VENACARE CAP 460MG X30 HERB,24110,7592710004230,10.78,sin_candidato
VENACARE CAP 460MG X60,99677,7592710000935,14.66,sin_candidato
VENACTIN CAP BLD 450/50MG X10 VIV,27194,7592432000374,7.6,score_bajo
VENACTIN CAP BLD 450MG/50MG X30 CLX,52506,7592432000527,16.99,score_bajo
VENASPLANT CAP X30 CR JRC,16792,7592307001437,12.7,sin_candidato
VENAXEN CAP LP 150MG X10 FC PHARMA,54336,7593090003462,15.98,sin_candidato
"VERALEN GEL 1,16% 50G COFA",23383,7591818281338,6.72,score_bajo
VERATROL DUO CAP BLD 50MG/200UI X30 FC,52760,7593090002533,13,score_bajo
"VERONIQ TAB 3MG/0,03MG X21 VIV",26034,7703153040673,15.01,sin_candidato
VERTEX TAB 50MG X10 CR 2N,54415,8904464205136,1.08,sin_candidato
VIASEK COMP REC 50MG X1 LETI,5327,7591585311009,1.25,score_bajo
"VICK 44 JBE PED 100/7,5MG CER 120ML FAR",53339,7501001116200,9.62,score_bajo
VICK VAPORUB 12G DISP X12 FAR,26845,75916565,39.12,score_bajo
VICK VAPORUB UNG 100G,3225,7590002012475,21.51,score_bajo
VICZIN TAB MAST 500MG/15MG X30 FC,26928,7593090001871,10.64,sin_candidato
VILDAG/METF TAB REC 50M/500MG X30 ARVEST,50771,8908020242184,10.98,sin_candidato
VINAGRE SIDRA D/MANZ CAP 500MG X30 VAL,25409,617748376337,12.86,sin_candidato
VIOLETA GENCIANA SOL 1% 30ML BIOF,51264,7591616001282,2.4,sin_candidato
VIORESP PVO INH ORAL CAP 13MCG X30 LETI,53424,7591585111432,56.71,sin_candidato
VIT B12 SOL INY IM 1000MCG/ML X3 MEG,9868,7591955002995,8.7,score_bajo
VIT C CAP BLD S/AZU 500MG X30 FC,14290,7593090006692,10.13,score_bajo
VIT C JBE PED 120ML FC,18721,7593090001130,7.53,score_bajo
VIT C TAB MAST 500MG CHICL BLISX10 PHARM,50810,7592454003926,1.31,score_bajo
VIT C TAB MAST 500MG MANDA BLISX10 PHARM,21298,7592454003872,1.31,score_bajo
VIT C TAB MAST 500MG NAR BLIS X10 PHARME,20327,7592454003612,1.31,score_bajo
VIT C TAB MAST TUTTI 500MG BLISX10 PHARM,24327,7592454003629,1.31,score_bajo
VIT D3/K2 TAB 2000IU/150MCG X30 PHARCORP,52746,850033508758,12.99,score_bajo
VIT E C/SELENIO CAP BLD 50MG X30 G PHAR,25266,7597189000240,14.53,score_bajo
VIT E CAP BLD 400MG X30 VIV,9750,7592432005478,13.72,score_bajo
VIT E CAP BLD 400UI X60 ARC IRIS,19795,7592946169710,15.71,score_bajo
VIT E-400 CAP BLD 400UI X50 NOW,53029,733739008909,16.47,score_bajo
VITACELL CAP X60 NAT PREM,17120,7592430001540,7.43,sin_candidato
VITACON C SOL ORAL 100MG/ML 120ML BIOF,25690,7591616002135,3.38,sin_candidato
VITACON MINERALIS JBE PED 180ML NJA BIOF,54397,17599558000254,4.23,sin_candidato
"VITADOLL INOSITOL CAP 650/1,4MGX60 DOLLY",54275,7598928000248,16.3,sin_candidato
VITADOLL-C TAB EFERV 1000MG X20 DOLLY,53405,7598928000132,7.45,sin_candidato
VITADYN C JBE 200MG/5ML NAR 120ML L.O,2502,7591196000767,9.28,score_bajo
VITADYN C TAB EFERV GRAPEFRUIT X10 L.O,1982,7591196000705,13.29,score_bajo
VITADYN C TAB MAST FRUTAS TROP 10X10 L.O,53776,7591196002402,14.86,score_bajo
VITADYN TAB/MAST FRESA 500MG BLI 10X10,54484,7591196007131,15.6,score_bajo
VITALAC KIDS SOL ORAL 120ML B&M,53204,0762497542981,2.86,score_bajo
VITAMIN D3 TAB X60 ETER,23402,0787790467359,15.58,sin_candidato
VITAOVULO OVU 3G X4 VIT OZ,50817,01121508537,7.48,score_bajo
VITAPETIT JBE PED 180ML NJA BIOF,54396,17599558000247,4.91,sin_candidato
VITAVISION CAP X30 L.O,4437,7591196003201,18.23,sin_candidato
VITISIVAL JBE X 180ML,50188,7591020009508,9.68,score_bajo
VITISIVAL PLUS SOL ORAL PED 180ML VLM,52166,7591020009751,9.29,score_bajo
VITOMIT COMP REC ENT 10MG/10MG X30 CCM,53118,7800063312552,11.87,score_bajo
VITREXON JBE 50MG 5ML 120ML VARG,11556,7592349723588,4.23,score_bajo
VITRUM 50 TAB ADU X 100 MA NAT,29132,0311845159717,21.49,sin_candidato
VIUSID SOB 4G X9 AV,21978,8470000291425,24.03,sin_candidato
VIZERUL COMP REC 300MG X10 DLR,8428,7592803001023,10.21,score_bajo
VIZERUL JBE 150MG/10ML 120ML DLR,93730,7592803002389,10.15,score_bajo
"VOLTEN SOL OFT 0,1% 5ML L.O",3845,7591196000538,13.8,sin_candidato
VUSCOBRAS COM/REC 10MG/10MG X30,97613,7592349722192,7.49,score_bajo
WAMPOLE EMUL FRESA 200ML PONCE,27053,7591309262006,3.49,score_bajo
WAMPOLE EMUL FRESA 360ML PONCE,6999,7591309000547,5.34,score_bajo
WAMPOLE EMUL NAR 200ML PONCE,27052,7591309252007,3.49,score_bajo
WAMPOLE EMUL TUTI FRUTTI 200ML PONCE,27051,7591309222000,3.49,score_bajo
WAMPOLE EMUL TUTI FRUTTI 360ML PONCE,1076,7591309000974,5.34,score_bajo
WOMEN PROBIOTIC CAP 20BILLION X 50,50167,733739029065,49.35,sin_candidato
XANEXTRA COM 500MG X 21,29029,7597758001135,12,score_bajo
XARELTO COM/REC 20MG X 14,96610,7795320000481,20.94,score_bajo
XARELTO COMP REC 10MG X10 AVPH,91134,7591165840158,13.62,score_bajo
XARELTO COMP REC 15MG X14 AVPH,96611,7795320000467,19.68,score_bajo
XAROBAN COMP REC 15MG X15 ADIUM,28329,7841141004860,4.55,score_bajo
"XENDA SOL OFT 0,005% 3ML DIEMA",28205,7750778001503,21.82,score_bajo
XUMER COMP REC 60MG X14 ADIUM,28332,7730979097123,7.45,score_bajo
XUMER COMP REC 90MG X14 ADIUM,28333,7730979097116,9.08,score_bajo
XYLITOL PVO 454G,92937,0733739069832,18.27,sin_candidato
"YASMIN COMP REC 3MG/0,03MG X21 AVPH",3768,7896116866189,21.33,score_bajo
YAZ COMP 3 MG/0.02MG X28 AVPH,9337,7896116866417,23.49,score_bajo
YONAL JBE 120ML BIOTECH,3874,7591243856705,7.05,score_bajo
YONALAT JBE 15MG/3MG/5ML 120ML BIOTECH,25271,7591243856729,7.13,score_bajo
YONALIN SOL ORAL 4MG/ML PED 15ML BIOT,53336,7591243856743,4.65,score_bajo
ZABILA CAP 300MG X60 NAT PREM,13357,7592430000192,9.01,sin_candidato
ZABILA JBE AD 120ML RECETT,20900,7594001451013,3.08,sin_candidato
ZABILA JBE PED 120ML RECETT,20901,7594001451020,3,sin_candidato
ZABILA/LINAZA CAP 500MG X60,99678,7592710001000,10.26,sin_candidato
ZAF-200 TAB 200MG X30 CR MT,52832,7502226297224,17.04,sin_candidato
ZANAX CREM VAG 2% 20G BLUE/M,23874,7598127001091,4.09,sin_candidato
ZANAX500 OVUL 500MG X1 BLUE,50781,7598127002227,1.78,sin_candidato
ZARZAPARRILLA CAP 300MG X 90 ARC IRIS,17784,7592946168430,9.22,sin_candidato
ZENTIM SOL ORAL PED 10MG/ML 20ML,51344,7591585111135,13.61,score_bajo
ZIFAR CAP BLD 50MG X30 BIOFAR,53275,7599043000359,5.45,sin_candidato
ZIGABAL COMP 300MG X60 DORO,25148,2925196,32.29,sin_candidato
ZINCOSOL JBE 15MG UVA 120ML,50769,7599558000103,4.79,sin_candidato
ZOCLONAX TAB/REC 7.5MG X 10 LA SANTE,28792,7703763177479,6.84,score_bajo
ZOXAVAL PVO SUSP ORAL 100MG/5ML 30ML VLM,53777,7591020008211,8.12,sin_candidato
ZOXAVAL TAB REC 500MG X6 VLM,53778,7591020009782,7.71,sin_candidato
ZUCRAL TAB 1G X20 ZUZU,52607,7599608002392,6.36,sin_candidato
"ZUDENINA CREM TOPICA 0,1% 30G MEG",92429,7591619517797,10.52,score_bajo
"ZUDENINA FORTE GEL TOPICO 0,3% 30G MEG",95878,7591619517803,11.3,score_bajo
"ZUDENINA GEL TOPICO 0,1% 30G MEG",9694,7591619517810,10.91,score_bajo
"ZUDENINA PLUS GEL TOPICO 0,1/1,0%30G MEG",99865,7591619000978,11.82,score_bajo
ZUMETRONIN SOL INY 500MG/100ML ZUZU,52901,7599608001920,3.64,sin_candidato
ZUMETRONIN SUSP 250MG/5ML 120ML ZUZU,52608,7599608000190,4.08,sin_candidato