proveedor,descripcion,codigo,codigo_aux,costo_usd,producto_id_bd,nombre_producto_bd,precio_final_usd,estado,motivo
cobeca,ABECAB TAB 5/20MG X30 CAPSUV,27812,7598055000418,10.11,,,,sin_match,sin_candidato
cobeca,ABINTRA PVO ALIM/GLUTAMINA NJA 27G MEG,19895,0612197152006,8.57,,,,sin_match,score_bajo
cobeca,ABRETIA CAP 10MG X10 MEG,17769,7591619520889,20,3781,ABRETIA 10 mg CAPSULAS,33.33,matched,score=0.736
cobeca,ABRETIA CAP 18MG X10 MEG,17770,7591619520896,27.01,3826,ABRETIA 18 mg CAPSULAS,45.02,matched,score=0.693
cobeca,ABRETIA CAP 25MG X20 MEG,17768,7591619520902,45.71,3827,ABRETIA 25 mg CAPSULAS,76.18,matched,score=0.736
cobeca,AC FOLICO COMP 5MG X20 MEG,23,7591619501017,1.43,1653,ACIDO FOLICO 5 mg COMPRIMIDOS,2.38,matched,score=0.878
cobeca,AC FOLICO TAB 10MG X10 BIOQ,53282,7594000851753,2.65,6571,ACIDO FOLICO 10 mg TABLETAS,4.42,matched,score=0.857
cobeca,AC FOLICO TAB 10MG X10 PLX,53779,7594001101321,1.06,3760,ACIDO FOLICO 10 mg TABLETAS,1.77,matched,score=0.857
cobeca,AC FOLICO TAB 5MG X10 BIOQ,53280,7594000850992,1.66,1653,ACIDO FOLICO 5 mg COMPRIMIDOS,2.77,matched,score=0.835
cobeca,AC IBANDRONICO TAB 150MG X1 ZUZU,52763,7599608003641,3.64,5962,ACIDO IBANDRONICO 150 mg TABLETAS RECUBIERTAS,6.07,matched,score=0.826
cobeca,AC TRANEXAMICO TAB 500MG X10 KMP,53498,8906069872393,5.17,6709,ACIDO TRANEXAMICO 500 mg TABLETAS RECUBIERTAS,8.62,matched,score=0.826
cobeca,AC VALPROICO JBE 250MG/5ML 180ML MED/SUP,22412,0731299120796,12.86,6742,ACIDO VALPROICO 250 mg / 5 mL JARABE,21.43,matched,score=0.683
cobeca,AC VALPROICO TAB REC 500MG X30 GEAG,51480,8906120990059,17.94,1989,VALPRON 500 mg TABLETAS,29.9,matched,score=0.627
cobeca,ACALIX TAB 60MG X30 VARG,4986,7592349001662,10.26,2002,ACALIX 60 mg TABLETAS,17.1,matched,score=0.859
cobeca,ACECLOFENACO TAB DISP 100MG X10 CR MT,53399,8908000942158,2.87,5626,ACECLOFENACO 100 mg TABLETAS RECUBIERTAS,4.78,matched,score=0.769
cobeca,ACEITA MINERAL 30ML RECETT,53418,7594001450092,1.75,,,,sin_match,no farmaco
cobeca,ACEITE BRONCEADOR HAWAIIAN TROPIC 240ML,52863,75486030568,12,,,,sin_match,no farmaco
cobeca,ACEITE CARBONELL EXTRA VIRGEN 750ML,19743,8410010272588,22.04,,,,sin_match,no farmaco
cobeca,ACEITE CARBONELL PURO SPRAY X 200ML,50459,8410010262688,7.19,,,,sin_match,no farmaco
cobeca,ACEITE CARBONELL SPR EXT/VIRGEN X 200ML,50460,8410010264224,7.65,,,,sin_match,sin_candidato
cobeca,ACEITE CORP IE ARNICA 250ML,51495,818821001485,9.52,,,,sin_match,no farmaco
cobeca,ACEITE CORP IE HIDRAT COCO 400ML,26537,8411047144138,13.01,,,,sin_match,no farmaco
cobeca,ACEITE COTTAGE DUCHA COCO X 560ML,50247,3141389954953,7.79,,,,sin_match,no farmaco
cobeca,ACEITE CREMOSO FC ARNICA 250ML,51345,7593090001765,10.39,,,,sin_match,no farmaco
cobeca,ACEITE D/AGUACATE KALDINI EXT VIRG 250ML,53716,745604998505,12.24,,,,sin_match,no farmaco
cobeca,ACEITE D/ALMEN BIOF DULCE 30ML,91785,7591616000032,2.23,,,,sin_match,no farmaco
cobeca,ACEITE D/ALMEN RECETT AER 70ML,22222,7594001455363,8.96,,,,sin_match,sin_candidato
cobeca,ACEITE D/ALMENDRA ARTEZA 200ML,29572,7599094000391,8.39,,,,sin_match,no farmaco
cobeca,ACEITE D/ALMENDRA ARTEZA X 100ML,29571,7599094000384,5.06,,,,sin_match,no farmaco
cobeca,ACEITE D/CASTOR 30ML BIOF,51262,7591616002272,5.34,,,,sin_match,no farmaco
cobeca,ACEITE D/COCO ARTEZA 200ML,29574,7599094000377,8.39,,,,sin_match,no farmaco
cobeca,ACEITE D/COCO ARTEZA X 100ML,29573,7599094000360,5.06,,,,sin_match,no farmaco
cobeca,ACEITE D/COCO BIOF 30ML,91784,7591616000056,3.19,,,,sin_match,no farmaco
cobeca,ACEITE D/COCO RECETT 30ML,14398,7594001450054,2.06,,,,sin_match,no farmaco
cobeca,ACEITE D/COCO RECETT 60ML,14399,7594001450061,3.79,,,,sin_match,no farmaco
cobeca,ACEITE D/COCO RECETT AER 70ML,22221,7594001455356,7.31,,,,sin_match,score_bajo
cobeca,ACEITE D/DUCHA BIODERMA ATODERM 200ML,52393,3401528519895,36.79,,,,sin_match,no farmaco
cobeca,ACEITE D/DUCHA COTTAGE ARGAN 560ML,21190,3141389954915,10.1,,,,sin_match,no farmaco
cobeca,ACEITE D/DUCHA COTTAGE MONOI 560ML,21191,3141389952812,10.07,,,,sin_match,no farmaco
cobeca,ACEITE D/OLIVA PURO 500ML,25167,8410010811749,14.66,,,,sin_match,no farmaco
cobeca,ACEITE D/OREGANO GTS 30ML NAT PREM,51012,7592430002646,9.09,,,,sin_match,sin_candidato
cobeca,ACEITE D/PALO 30ML RECETT,20885,7594001450122,4.06,,,,sin_match,no farmaco
cobeca,ACEITE D/PESCADO CAP BLD 1000MGX30 LINOF,25745,678358669530,9.96,,,,sin_match,sin_candidato
cobeca,ACEITE D/PESCADO CAP BLD 1000MGX60 LINOF,25743,678358669585,14.04,,,,sin_match,sin_candidato
cobeca,ACEITE D/RICINO 30ML BIOF,94710,7591616000131,3.99,,,,sin_match,no farmaco
cobeca,ACEITE D/RICINO 30ML LYA,25429,7599028000053,4.22,,,,sin_match,no farmaco
cobeca,ACEITE D/RICINO ALPHA BMT GTA 30ML,29473,7597773000168,5.7,,,,sin_match,no farmaco
cobeca,ACEITE D/RICINO PLUS 30ML CHEM/S,31251,7596139000101,5.52,,,,sin_match,no farmaco
cobeca,ACEITE D/RICINO RECETT 30ML,16873,7594001450153,4.08,,,,sin_match,no farmaco
cobeca,ACEITE D/RICINO RECETT AER 70ML,22223,7594001455370,6.57,,,,sin_match,sin_candidato
cobeca,ACEITE D/RICINO REVLON ORGANICO 50ML,52207,7506110681731,16.69,,,,sin_match,no farmaco
cobeca,ACEITE DE ALMENDRAS RECETTEMARK X30ML,14411,7594001450030,3.77,,,,sin_match,no farmaco
cobeca,ACEITE DERMISA HIDRAT/CORP 125ML,29446,766989000201,22.5,,,,sin_match,no farmaco
cobeca,ACEITE DERNIER CREMOSO BABY 200 G,15666,7596049000123,1.94,,,,sin_match,no farmaco
cobeca,ACEITE EXTRA VIRGEN 500ML,25166,8410010813729,15.66,,,,sin_match,no farmaco
cobeca,ACEITE LIMP SUPERF PLEDGE CER 500ML,53814,7501032915261,8.4,,,,sin_match,no farmaco
cobeca,ACEITE MINERAL 30ML BIOF,91786,7591616000162,2.16,,,,sin_match,no farmaco
cobeca,ACEITE MINERAL X 100ML,28549,7597773000298,4.13,,,,sin_match,no farmaco
cobeca,ACEITE MOSQUETA ROSA DEL SUR X 15ML,50355,7591404000657,16.54,,,,sin_match,no farmaco
cobeca,ACEITE OGX ARGAN OIL MOROCCO 100ML,52721,22796916143,17.85,,,,sin_match,no farmaco
cobeca,ACEITE OGX MIST COCONUT OIL 118ML,52725,22796916471,17.85,,,,sin_match,no farmaco
cobeca,ACEITE OZONIZ OZONEPIU GIRASOL COCO 30ML,52610,7593319002313,6.79,,,,sin_match,no farmaco
cobeca,ACEITE OZONIZ OZONEPIU GIRASOL COCO 60ML,52611,7593319001958,13.1,,,,sin_match,no farmaco
cobeca,ACEMUK COM/EFERV 200MG X 10 MEYER,28654,7795380002333,26.21,,,,sin_match,sin_candidato
cobeca,ACEMUK JBE 2G/100ML X 100ML,28646,7795380043091,32,,,,sin_match,sin_candidato
cobeca,ACETAB TAB 250MG X20 L.O,90118,7591196004802,14.37,,,,sin_match,score_bajo
cobeca,"ACETACLOR JBE 125MG/0,5MG/5ML 120ML BIOF",53562,7591616002418,3.25,,,,sin_match,score_bajo
cobeca,ACETAFEN FORTE JBE 180MG/5ML 120ML BIOF,25688,7591616002142,3.19,,,,sin_match,score_bajo
cobeca,ACETAMINOFEN COMP 500MG X10 LETI,22931,7591585376657,2.12,3179,ACETAMINOFEN 500 COMPRIMIDOS,3.53,matched,score=0.922
cobeca,ACETAMINOFEN COMP 650MG X10 BIOQ,21621,7594000851258,2.19,6392,ACETAMINOFEN 650mg TABLETAS,3.65,matched,score=0.957
cobeca,ACETAMINOFEN COMP 650MG X10 LETI,21858,7591585279057,1.63,6392,ACETAMINOFEN 650mg TABLETAS,2.72,matched,score=0.957
cobeca,ACETAMINOFEN COMP 650MG X20 BIOQ,22403,7594000851265,3.14,6392,ACETAMINOFEN 650mg TABLETAS,5.23,matched,score=0.957
cobeca,ACETAMINOFEN COMP 650MG X30 LETI,15591,7591585179050,4.86,6392,ACETAMINOFEN 650mg TABLETAS,8.1,matched,score=0.957
cobeca,ACETAMINOFEN COMP 750MG X10 BIOQ,23926,7594000851289,3.88,6392,ACETAMINOFEN 650mg TABLETAS,6.47,matched,score=0.830
cobeca,ACETAMINOFEN JBE PED 150MG/120ML PHARME,95342,7592454003100,4.66,6455,ACETAMINOFEN 150 mg / 5 mL JARABE,7.77,matched,score=0.687
cobeca,ACETAMINOFEN SOL 120MG/5ML 100ML BIOQ,98401,7594000850855,4.44,4808,ACETAMINOFEN 120 mg/5mL SOLUCION ORAL,7.4,matched,score=0.859
cobeca,ACETAMINOFEN SOL 120MG/5ML 120ML BIOQ,53087,7594000850862,4.86,4808,ACETAMINOFEN 120 mg/5mL SOLUCION ORAL,8.1,matched,score=0.878
cobeca,ACETAMINOFEN SOL 180MG/5ML 120ML BIOQ,14455,7594000850824,4.7,4809,ACETAMINOFEN 180 mg/5 mL SOLUCION ORAL,7.83,matched,score=0.826
cobeca,ACETAMINOFEN SOL 180MG/5ML 120ML LETI,51788,7591585277787,4.53,5467,ACETAMINOFEN 180 mg / 5 mL SOLUCION ORAL,7.55,matched,score=0.870
cobeca,ACETAMINOFEN SOL ORAL 120MG/5ML X60ML OF,30027,7591196006486,2.18,4808,ACETAMINOFEN 120 mg/5mL SOLUCION ORAL,3.63,matched,score=0.792
cobeca,ACETAMINOFEN SUP 125MG X 6 ALESS,28641,7597758000770,2.51,,,,sin_match,no farmaco
cobeca,ACETAMINOFEN SUP 125MG X8 VARG,53592,7592349003031,3.38,,,,sin_match,no farmaco
cobeca,ACETAMINOFEN SUP 250MG X 6 ALESS,28642,7597758000787,2.92,,,,sin_match,no farmaco
cobeca,ACETAMINOFEN TAB 500MG X 10 OFT,50364,7591196006516,0.83,2140,ACETAMINOFEN 500 mg COMPRIMIDOS,1.38,matched,score=0.786
cobeca,ACETAMINOFEN TAB 500MG X 30 OFT,30141,7591196006523,2.81,2140,ACETAMINOFEN 500 mg COMPRIMIDOS,4.68,matched,score=0.786
cobeca,ACETAMINOFEN TAB 500MG X10 CLX,2337,7591519004144,0.43,2852,ACETAMINOFEN 500 mg TABLETAS,0.72,matched,score=0.922
cobeca,ACETAMINOFEN TAB 500MG X10 KMP,53478,6921875008530,0.82,1994,ACETAMINOFEN 500 mg TABLETAS,1.37,matched,score=0.878
cobeca,ACETAMINOFEN TAB 500MG X12 BIOQ,22400,7594000850626,1.55,1994,ACETAMINOFEN 500 mg TABLETAS,2.58,matched,score=0.878
cobeca,ACETAMINOFEN TAB 500MG X20 ALESS,20503,7597758000596,1.06,4036,ACETAMINOFEN - HIOSCINA N BUTIL BROMURO 500 mg-10mg TABLETAS RE,1.77,matched,score=0.820
cobeca,ACETAMINOFEN TAB 500MG X20 PHARME,7537,7592454000031,1.23,4033,ACETAMINOFEN 500 mg TABLETAS,2.05,matched,score=0.906
cobeca,ACETAMINOFEN TAB 500MG X24 BIOQ,22401,7594000850633,3.16,1994,ACETAMINOFEN 500 mg TABLETAS,5.27,matched,score=0.878
cobeca,ACETAMINOFEN TAB 650 MG X10 ZUZU,52548,7599608000022,0.49,4036,ACETAMINOFEN - HIOSCINA N BUTIL BROMURO 500 mg-10mg TABLETAS RE,0.82,matched,score=0.929
cobeca,ACETAMINOFEN TAB 650MG X10 CLX,6236,7591519005264,0.56,6392,ACETAMINOFEN 650mg TABLETAS,0.93,matched,score=0.957
cobeca,ACETAMINOFEN TAB 650MG X10 L.O,52390,7591196006912,0.75,6392,ACETAMINOFEN 650mg TABLETAS,1.25,matched,score=0.734
cobeca,ACETAMINOFEN TAB 650MG X10 PHARME,11552,7592454001243,0.7,6392,ACETAMINOFEN 650mg TABLETAS,1.17,matched,score=0.957
cobeca,ACETAMINOFEN TAB 650MG X10 PLX,15698,7594001101604,0.92,6392,ACETAMINOFEN 650mg TABLETAS,1.53,matched,score=0.957
cobeca,ACETAMINOFEN/CLORF JBE 125/1MG/5ML BIOQ,23925,7594000851234,6.19,4941,ACETAMINOFEN - CLORFENIRAMINA 125 mg - 1mg / 5ml JARABE,10.32,matched,score=0.847
cobeca,"ACETAMINOFEN/TRAM TAB 325/37,5 X10 CLX",99582,7591519008494,4.88,4632,"ACETAMINOFEN - TRAMADOL 325 mg - 37,5 mg COMPRIMIDOS",8.13,matched,score=0.768
cobeca,ACETAZOLAMIDA TAB 250MG X 20 ZUZU,50503,8906036366337,5.86,3275,ACETAZOLAMIDA 250 mg TABLETAS,9.77,matched,score=0.878
cobeca,ACETAZOLAMIDA TAB 250MG X10 CR MT,53177,8904464206386,5.59,3275,ACETAZOLAMIDA 250 mg TABLETAS,9.32,matched,score=0.918
cobeca,ACETAZOLAMIDA TAB 250MG X20 KMP,53492,0730170649494,14.74,3275,ACETAZOLAMIDA 250 mg TABLETAS,24.57,matched,score=0.878
cobeca,ACETOBEN JBE 120ML RNV,11,7592806121018,5.6,,,,sin_match,score_bajo
cobeca,ACEVAL GTS SOL 100MG/ML 30ML VLM,4669,7591020006156,4.19,2100,ACEVAL 100 mg/mL SOLUCION ORAL EN GOTAS,6.98,matched,score=0.671
cobeca,ACEVAL SOL PED 180MG/5ML 120ML VLM,22391,7591020008839,4.36,,,,sin_match,score_bajo
cobeca,ACEVAL TAB 650MG X10 VLM,646,7591020000611,1.97,2708,ACEVAL 650 mg TABLETAS,3.28,matched,score=0.719
cobeca,ACEVAL TAB 650MG X50 VLM,24308,7591020008471,7.86,2708,ACEVAL 650 mg TABLETAS,13.1,matched,score=0.719
cobeca,ACIBATH-S DERMOLIMP 120G MEY,25229,7707355050034,15.56,,,,sin_match,no farmaco
cobeca,ACICLOR AP COMP 1G X10 LETI,3203,7591585111838,58.61,2811,ACICLOR 1 g COMPRIMIDOS A.P.,97.68,matched,score=0.700
cobeca,ACICLOR CREM 5% 10G LETI,8876,7591585311634,16.32,2051,ACICLOR 5 % CREMA,27.2,matched,score=0.650
cobeca,ACICLOVIR CREM 5% 20G CR DAC,54105,7598578001015,4.46,2208,ACICLOVIR 200 mg TABLETAS,7.43,matched,score=0.761
cobeca,ACICLOVIR CREM 5% 20G SGG,23148,7596347802993,10.35,2208,ACICLOVIR 200 mg TABLETAS,17.25,matched,score=0.761
cobeca,ACICLOVIR CREM 5% 5G KMPLUS,23762,6942189211324,2.96,3911,ACICLOVIR 5 % CREMA USO TOPICO,4.93,matched,score=0.677
cobeca,ACICLOVIR CREM 5% 5G PORTU,24245,7750215001905,2.73,6272,ACICLOVIR CREMA 5 %,4.55,matched,score=0.691
cobeca,ACICLOVIR CREM 5% X 10G DISTRI,50169,7598252101345,8.78,,,,sin_match,score_bajo
cobeca,ACICLOVIR CREM 50MG/20G PLN,98573,7592348201117,9.81,1026,ACICLOVIR 250 mg POLVO LIOFILIZADO PARA SOLUCION INYECTABLE PARA INFUSION INTRAVENOSA,16.35,matched,score=0.665
cobeca,ACICLOVIR PVO SOL INY 250MG VIAL X1 DIST,51935,7598252001430,9.12,192,MONARC- M 250 u. 1 vial POLVO LIOFILIZADO PARA SOLUCION INYECTABLE,15.2,matched,score=0.717
cobeca,ACICLOVIR PVO SUSP 200MG/5ML 100ML DIST,51989,7598252001416,15.52,2461,ACICLOR 200 mg / 5 mL POLVO PARA SUSPENSION,25.87,matched,score=0.679
cobeca,ACICLOVIR TAB 200MG X 20 POLINAC,29551,7592348020114,6.01,2208,ACICLOVIR 200 mg TABLETAS,10.02,matched,score=0.702
cobeca,ACICLOVIR TAB 200MG X10 CR LATT,24324,0720524031174,1.95,2208,ACICLOVIR 200 mg TABLETAS,3.25,matched,score=0.878
cobeca,ACICLOVIR TAB 200MG X24 PHARME,7859,7592454102001,6.61,2208,ACICLOVIR 200 mg TABLETAS,11.02,matched,score=0.878
cobeca,ACICLOVIR TAB 200MG X25 CLX,11560,7591519005639,6.65,2815,ACICLOVIR 200 mg TABLETAS,11.08,matched,score=0.922
cobeca,ACICLOVIR TAB 400G X100 CR FAHD,20740,7468999185147,18.24,5482,ACICLOVIR 400 mg TABLETAS,30.4,matched,score=0.908
cobeca,ACICLOVIR TAB AP 1000MG X10 CR LATT,52952,756029628397,11.69,,,,sin_match,score_bajo
cobeca,"ACICLOVIR UNG OFT 3% 4,5G DIST",51990,7598252001423,11.81,6773,ACICLOVIR 5% CREMA TOPICA,19.68,matched,score=0.731
cobeca,ACIDO ACETILSALIC TAB 81MG X24 L.O,7271,7591196003195,4.02,3341,ACIDO ACETILSALICILICO 81 mg TABLETAS CON CUBIERTA ENTERICA,6.7,matched,score=0.763
cobeca,ACIDO ASCORBICO AMP 500MG/5MLX10 CR DIST,23088,17598252101540,20.32,1432,ACIDO ASCORBICO 500 mg / 5 mL SOLUCIÓN INYECTABLE,33.87,matched,score=0.852
cobeca,ACIDO ASCORBICO SOL GTS 100MG 30ML BIOQ,14296,7594000850282,6,5857,ACIDO ASCORBICO 100 mg / mL SOLUCION ORAL,10,matched,score=0.912
cobeca,ACIDO BORICO 20G LYA,25466,7599028000572,1.74,,,,sin_match,no farmaco
cobeca,ACIDO BORICO 20G X20 FCH,16587,7592141000016,26.23,,,,sin_match,no farmaco
cobeca,ACIDO BORICO 25G X12 RECETT,14822,7594001451983,26.49,,,,sin_match,no farmaco
cobeca,ACIDO BORICO CAP VAG 400MG X10 LYA,25478,7599028000787,5.35,,,,sin_match,score_bajo
cobeca,ACIDO BORICO SOB 20G BIOF,94715,7591616001466,1.47,1622,RESTYLANE PERLANE LIDOCAINA (ACIDO HIALURONICO - LIDOCAINA CLORHIDRATO) 20mg / mL - 3 mg/mL GEL INYECTABLE,2.45,matched,score=0.605
cobeca,ACIDO FOLICO AMP 10MG/2ML X10 CR DIST,22846,17598252101571,34.74,384,ACIDO FOLICO 10 mg / mL SOLUCION INYECTABLE,57.9,matched,score=0.875
cobeca,ACIDO FOLICO AMP 10MG/ML X3 MEG,20,7591619501048,10.78,384,ACIDO FOLICO 10 mg / mL SOLUCION INYECTABLE,17.97,matched,score=0.867
cobeca,ACIDO FOLICO COMP 10MG 20G VARG,4100,7592349926194,1.61,3154,ACIDO FOLICO 10 mg COMPRIMIDOS,2.68,matched,score=0.886
cobeca,ACIDO FOLICO COMP 10MG X20 MEG,24,7591619501024,2.21,1654,ACIDO FOLICO 10 mg COMPRIMIDOS,3.68,matched,score=0.935
cobeca,ACIDO FOLICO COMP 10MG X30 LETI,98454,7591585271495,3.68,4441,ACIDO FOLICO 10 mg COMPRIMIDOS,6.13,matched,score=0.935
cobeca,ACIDO FOLICO COMP 10MG X30 MEG,90738,7591619000220,3.12,1654,ACIDO FOLICO 10 mg COMPRIMIDOS,5.2,matched,score=0.935
cobeca,ACIDO FOLICO COMP 5MG X30 MEG,92955,7591619000213,2.21,1653,ACIDO FOLICO 5 mg COMPRIMIDOS,3.68,matched,score=0.957
cobeca,ACIDO FOLICO GTS 10MG 15ML MEY,2643,7592601300779,8.75,1655,ACIDO FOLICO 10 mg / mL SOLUCION ORAL,14.58,matched,score=0.859
cobeca,ACIDO FOLICO GTS 10MG/ML 30ML BIOQ,24815,7594000851333,6.7,1655,ACIDO FOLICO 10 mg / mL SOLUCION ORAL,11.17,matched,score=0.794
cobeca,ACIDO FOLICO GTS 15ML MEG,25,7591619501031,8.57,1655,ACIDO FOLICO 10 mg / mL SOLUCION ORAL,14.28,matched,score=0.848
cobeca,ACIDO FOLICO TAB 10MG X 30 CLX,29544,7591519001112,1.69,3181,ACIDO FOLICO 10 mg TABLETAS,2.82,matched,score=0.935
cobeca,ACIDO FOLICO TAB 10MG X10 MEY,20330,7592601303206,1.29,1654,ACIDO FOLICO 10 mg COMPRIMIDOS,2.15,matched,score=0.891
cobeca,ACIDO FOLICO TAB 10MG X20 MEY,10752,7592601300021,2.45,1654,ACIDO FOLICO 10 mg COMPRIMIDOS,4.08,matched,score=0.891
cobeca,ACIDO FOLICO TAB 10MG X20 PLX,92858,7594001101338,1.89,3760,ACIDO FOLICO 10 mg TABLETAS,3.15,matched,score=0.935
cobeca,ACIDO FOLICO TAB 10MG X30 MEY,91658,7592601301486,3.32,1654,ACIDO FOLICO 10 mg COMPRIMIDOS,5.53,matched,score=0.891
cobeca,ACIDO FOLICO TAB 10MG X30 PLX,92857,7594001101345,2.5,3760,ACIDO FOLICO 10 mg TABLETAS,4.17,matched,score=0.935
cobeca,ACIDO FOLICO TAB 5MG X10 MEY,20331,7592601303190,1.17,1653,ACIDO FOLICO 5 mg COMPRIMIDOS,1.95,matched,score=0.913
cobeca,ACIDO FOLICO TAB 5MG X20 MEY,10751,7592601300014,2.09,1653,ACIDO FOLICO 5 mg COMPRIMIDOS,3.48,matched,score=0.913
cobeca,ACIDO FOLICO TAB 5MG X30 MEY,21981,7592601301479,3.32,1653,ACIDO FOLICO 5 mg COMPRIMIDOS,5.53,matched,score=0.913
cobeca,ACIDO FOLICO TAB 5MG X30 PLX,23782,7594001101314,2.44,3721,ACIDO FOLICO 5 mg TABLETAS,4.07,matched,score=0.957
cobeca,ACIDO FUSIDICO CREM 2% 15G CR MT,53402,8908000942387,11.32,4190,FUCIDIN H 20 mg - 10 mg/g CREMA.,18.87,matched,score=0.689
cobeca,ACIDO FUSIDICO CREM 2% X 15G VINC,50507,7599513000087,17.75,4190,FUCIDIN H 20 mg - 10 mg/g CREMA.,29.58,matched,score=0.659
cobeca,ACIDO MEFENAMICO TAB 500MG X 10 FM,28706,8906005118370,1.83,6300,ACIDO MEFENAMICO 500 mg TABLETAS,3.05,matched,score=0.904
cobeca,ACIDO VALPROICO TAB 500MG X10 MED/SUP,22413,0731299120802,8.04,1989,VALPRON 500 mg TABLETAS,13.4,matched,score=0.803
cobeca,ACLER TAB REC 150MG X1 CLX,15604,7591519051865,3.97,,,,sin_match,score_bajo
cobeca,ACLOVIRAX CREM 5% 20G PHARME,51377,7703763671908,10.45,,,,sin_match,score_bajo
cobeca,ACON DRENE COMPLEX 3 MINUTOS 200ML,24394,7590005008468,3.24,,,,sin_match,no farmaco
cobeca,ACON DRENE COMPLEX CAB/LISO 200ML,24389,7590005008406,3.09,,,,sin_match,no farmaco
cobeca,ACON DRENE COMPLEX CAB/QUEBRAD 370ML,25962,7590005008444,5.01,,,,sin_match,no farmaco
cobeca,ACON DRENE PROH QUEBRADIZO 200ML,29944,7590005008499,3.06,,,,sin_match,no farmaco
cobeca,ACON ELVIVE CAIDA/RESIST X 370ML,50689,7509552889574,8.58,,,,sin_match,no farmaco
cobeca,ACON EVERY NIGHT BIO CER M/ACT 365ML,23820,7590005164553,4.93,,,,sin_match,no farmaco
cobeca,ACON EVERY NIGHT BIO COCO 365ML,23818,7590005164539,4.97,,,,sin_match,no farmaco
cobeca,ACON EVERY NIGHT BIO T/VERD/ALOE 365ML,23817,7590005164522,4.97,,,,sin_match,no farmaco
cobeca,ACOND DOVE RECONST COMPLETA 370ML,29840,7702006208611,8.73,,,,sin_match,no farmaco
cobeca,ACOND DOVE REGEN EXTREMA 370ML,29863,7702006208642,9.41,,,,sin_match,no farmaco
cobeca,ACOND ELVIVE DREAM LISO 370ML,53429,7509552961515,8.58,,,,sin_match,no farmaco
cobeca,ACOND EVERY NIGHT BIO COCO 210 ML,29435,7590005164560,3.03,,,,sin_match,no farmaco
cobeca,ACOND NUTRIBELA BIOKERATINA 370ML,54542,7702354958121,6.06,,,,sin_match,no farmaco
cobeca,ACOND NUTRIBELA CELULAS MADRES 370ML,53082,7702354956271,6.37,,,,sin_match,no farmaco
cobeca,ACOND NUTRIBELA ENZIMOTERAPIA 370ML,53085,7702354956264,6.43,,,,sin_match,no farmaco
cobeca,ACOND NUTRIBELA PROHIALUR 370ML,53083,7702354956288,6.12,,,,sin_match,no farmaco
cobeca,ACOND NUTRIBELA REPARA INTEN 370ML,53084,7702354956257,6.12,,,,sin_match,no farmaco
cobeca,ACOND NUTRIBELA REPARACION INT 200ML,54395,7702354959043,3.95,,,,sin_match,no farmaco
cobeca,ACOND OGX ARGAN OIL MOROCCO 385ML,52714,22796916129,16.55,,,,sin_match,no farmaco
cobeca,ACOND OGX BIOTIN COLLAGEN 385ML,52716,22796916716,16.55,,,,sin_match,no farmaco
cobeca,ACOND OGX COCONUT CURLS 385ML,52720,22796900920,16.55,,,,sin_match,no farmaco
cobeca,ACOND OGX COCONUT MIRACLE OIL 385ML,52723,22796901217,18.54,,,,sin_match,no farmaco
cobeca,ACOND REVLON ARGAN/MACAD 700ML,52198,7506110681625,15.54,,,,sin_match,no farmaco
cobeca,ACOND REVLON COCO/VIT E 700ML,52202,7506110681649,15.54,,,,sin_match,no farmaco
cobeca,ACOND REVLON KERATI/ALMEN 700ML,52200,7506110681632,15.54,,,,sin_match,no farmaco
cobeca,ACOND SAVITAL ARGAN/SABILA 490ML,52672,7702006208574,7.29,,,,sin_match,no farmaco
cobeca,ACOND SAVITAL M/OLEOS 490ML,52670,7702006208505,7.29,,,,sin_match,no farmaco
cobeca,ACOND SAVITAL M/VITAMINAS 490ML,52674,7702006208369,7.29,,,,sin_match,no farmaco
cobeca,ACOND SEDAL CELULAS MADRES 340ML,50016,7702006301572,6.09,,,,sin_match,no farmaco
cobeca,ACOND SEDAL CERAMIDAS 340ML,29880,7506306237902,6.09,,,,sin_match,no farmaco
cobeca,ACOND SEDAL LISO PERFECT 340ML,52706,7506306237100,6.09,,,,sin_match,no farmaco
cobeca,ACOND SEDAL LUMINOSO UV 340ML,54390,7702006654203,6.09,,,,sin_match,no farmaco
cobeca,ACRYLARM GEL OFT 10G MEG,4089,7795368002249,27.4,,,,sin_match,score_bajo
cobeca,ACTICAR JBE 1G/10ML X 120ML,30118,7594001101895,7.94,,,,sin_match,sin_candidato
cobeca,ACTIVITON EXT CAP BLD X30 G PHAR,25268,7597189000264,11.91,,,,sin_match,sin_candidato
cobeca,"ACTUMIR DUO TAB REC 12,5MG/1000MG X30",54437,7591821290716,19.35,,,,sin_match,score_bajo
cobeca,"ACTUMIR DUO TAB REC 12,5MG/850MG X30",54436,7591821290723,19.35,7072,"ACTUMIR DUO 12,5mg-850mg  TABLETAS RECUBIERTAS",32.25,matched,score=0.622
cobeca,ACTUMIR TAB REC 25MG X30 FARMA,53757,7591821210950,47.32,,,,sin_match,score_bajo
cobeca,"ADAPALENO GEL TOP 0,1% 15G CR MT",53398,8904464206379,6.38,6141,"ADAPALENO - CLINDAMICINA 0,1 % - 1 % GEL",10.63,matched,score=0.739
cobeca,"ADAPALENO GEL TOP 0,1% 15G HM",52420,0632627843458,1.95,,,,sin_match,score_bajo
cobeca,"ADAPALENO/CLINDAMIC GEL 0,1%/1X15G CR MT",27623,8904278587510,7.73,6141,"ADAPALENO - CLINDAMICINA 0,1 % - 1 % GEL",12.88,matched,score=0.698
cobeca,ADEL UNG 50G PONCE,41,7591309003692,4.88,,,,sin_match,score_bajo
cobeca,ADEMINA 3E CREM DERMO PROT 60G LEF,13329,7591844000590,5.19,,,,sin_match,sin_candidato
cobeca,ADEMINA KIDS CREM A/PAÑALITIS 60G LEF,13330,7591844000583,5.19,,,,sin_match,score_bajo
cobeca,"ADH D/PAPEL BLAN 2,54CM X 4,57M",23632,0796029455258,2.1,,,,sin_match,no farmaco
cobeca,"ADH D/PAPEL PIEL 2,54 CM X 4,57M",23631,0796029455234,2.1,,,,sin_match,no farmaco
cobeca,"ADH D/PLASTICO TRANSP 2,54CM X 4,57M",23629,0796029455296,2.42,,,,sin_match,no farmaco
cobeca,ADH D/TELA BLAN 2.54CM X 4.57M,24557,0723592772666,3.64,,,,sin_match,no farmaco
cobeca,ADH D/TELA BLAN 5.08CM X 9.15M,24558,0723592772697,11.23,,,,sin_match,no farmaco
cobeca,ADH ITN PAPEL BLAN 3  X5YDS X6 ROLLO,52367,2584563215678,10.53,,,,sin_match,no farmaco
cobeca,ADH PHARMAFIX 10CM X 10M,27140,6224000549862,18.22,,,,sin_match,no farmaco
cobeca,"ADH PROMEINT DURAPORE 1"" X 10 YDS X 12",29351,7597467001587,63.81,,,,sin_match,no farmaco
cobeca,"ADH PROMEINT DURAPORE 1"" X 5 YDS X 12",29321,7597467000658,25.65,,,,sin_match,no farmaco
cobeca,ADH PROMEINT DURAPORE 2  X5 YDS X6,29322,7597467000641,25.65,,,,sin_match,no farmaco
cobeca,"ADH PROMEINT DURAPORE 2"" X 10 YDS X 6",29352,7597467001570,42.6,,,,sin_match,no farmaco
cobeca,"ADH PROMEINT MICROPORE 1"" X 10 X 12",29354,7597467001594,31.55,,,,sin_match,no farmaco
cobeca,"ADH PROMEINT MICROPORE 1"" X 5 YDS X 12",29314,7597467000665,17.08,,,,sin_match,no farmaco
cobeca,"ADH PROMEINT MICROPORE 1/2"" X 10 YDS X24",29353,7597467001600,57.66,,,,sin_match,no farmaco
cobeca,"ADH PROMEINT MICROPORE 1/2"" X 5 YDS X 24",29315,7597467000689,16.91,,,,sin_match,no farmaco
cobeca,"ADH PROMEINT MICROPORE 2"" X 10 YDS X 6",29355,7597467001617,26.66,,,,sin_match,no farmaco
cobeca,"ADH PROMEINT MICROPORE 2"" X 5 YDS X 6",29316,7597467000672,17.18,,,,sin_match,no farmaco
cobeca,"ADH PROMEINT MICROPORE 3"" X 5 YDS X 6",29317,7597467000849,17.01,,,,sin_match,no farmaco
cobeca,ADH PROMEINT MICROPORE PIEL 1/2X5YDS X24,50092,7597467001976,16.2,,,,sin_match,no farmaco
cobeca,ADH PROMEINT MICROPORE PIEL 1X5YDS X12,50093,7597467001969,16.2,,,,sin_match,no farmaco
cobeca,ADH PROMEINT MICROPORE PIEL 2X5YDS X6,50094,7597467001983,16.2,,,,sin_match,no farmaco
cobeca,ADH PROMEINT TRANSP PLUS 1  X5YDS X12,52976,7597467002737,19.24,,,,sin_match,no farmaco
cobeca,ADH PROMEINT TRANSP PLUS 1/2  X10YDS X24,52995,7597467002713,53.99,,,,sin_match,no farmaco
cobeca,ADH PROMEINT TRANSP PLUS 1/2  X5YDS X24,52994,7597467002706,16.16,,,,sin_match,no farmaco
cobeca,ADH PROMEINT TRANSP PLUS 2  X10YDS X6,52973,7597467002690,23.19,,,,sin_match,no farmaco
cobeca,ADH PROMEINT TRANSP PLUS 2  X5YDS X6,52996,7597467002744,23.35,,,,sin_match,no farmaco
cobeca,"ADH PROMEINT TRANSPORE 1"" X 10 X 12",29357,7597467001631,23.75,,,,sin_match,no farmaco
cobeca,"ADH ZUVISS PE TRANSP 1,25CM X 9.10M",21613,7597297000323,1.76,,,,sin_match,no farmaco
cobeca,ADH ZUVISS PE TRANSP 5CM X 9.10M,21611,7597297000347,3.64,,,,sin_match,no farmaco
cobeca,"ADH ZUVISS TELA 1,25CM X 9.10M",21610,7597297000354,2.25,,,,sin_match,no farmaco
cobeca,ADOBO MAGGI BOTELLA X 200G,30266,7591016204498,3.78,,,,sin_match,no farmaco
cobeca,ADOBO MC CORMICK COMPLET 124G,18137,7591141990396,2.16,,,,sin_match,no farmaco
cobeca,ADRENALINA SOL INY 1MG/ML X5 DIST,52500,7598252001935,5.03,720,ADRENALINA 1 mg / mL SOLUCION INYECTABLE,8.38,matched,score=0.776
cobeca,ADUANTAS COMP REC 40MG X10 FC,52066,7593090003202,4.34,,,,sin_match,sin_candidato
cobeca,ADUANTAS COMP/REC 20MG X30 FC PHARMA,54537,7593090003196,5.14,,,,sin_match,sin_candidato
cobeca,ADUANTAS COMP/REC 40MG X30 FC PHARMA,54538,7593090003219,6.75,,,,sin_match,sin_candidato
cobeca,ADUANTAS DUO COMP REC 20MG/10MG X30 FC,53447,7593090002588,23.38,,,,sin_match,score_bajo
cobeca,AEROCAMARA BOTELL MASK,734,7591096000119,22.47,,,,sin_match,no farmaco
cobeca,AEROCHAMBER INH AER FLEXMED 1-5AÑOS T M,53819,7591120000047,11.25,,,,sin_match,sin_candidato
cobeca,AEROFLAT GTS 80MG/ML 20ML COFA,95625,7591818210406,6.02,,,,sin_match,score_bajo
cobeca,AEROFLOW BLESS FLOW-VU ADU,50095,7597467002171,23.31,,,,sin_match,no farmaco
cobeca,AEROFLOW BLESS FLOW-VU PED,50096,7597467002188,23.31,,,,sin_match,sin_candidato
cobeca,AFEIT PERSONNA MATRIX 3 HOMBRE X3,98738,7502214736292,5.36,,,,sin_match,no farmaco
cobeca,AFLAMAX SUP 12.5MG X 6,50528,7591196006424,6.08,,,,sin_match,no farmaco
cobeca,AFLAMAX SUP 50MG X 6,50529,7591196006417,5.72,,,,sin_match,no farmaco
cobeca,AFLAMAX TAB REC 50MG X10 L.O,19583,7591196007186,2.86,,,,sin_match,score_bajo
cobeca,AFLAMAX TAB REC 50MG X20 L.O,92341,7591196004451,4.36,,,,sin_match,score_bajo
cobeca,AFOKLIN COMP 5MG X20 MEG,778,7591619163017,1.56,2339,AFOKLIN 5 mg COMPRIMIDOS,2.6,matched,score=0.761
cobeca,AFOKLIN GTS 10MG 15ML MEG,779,7591619163031,8.57,2307,AFOKLIN 10 mg / mL SOLUCION ORAL,14.28,matched,score=0.696
cobeca,AG ESPINAL GIDAGUS 23G/3 1/2 X50,27648,7597478001477,50.54,,,,sin_match,no farmaco
cobeca,AG ESPINAL GIDAGUS 25G/3 1/2 X50,27649,7597478001484,53.14,,,,sin_match,no farmaco
cobeca,AG HIPODERMICA PLUSMEDIC 23G 1  X100,50854,7597467001686,4.62,,,,sin_match,no farmaco
cobeca,AG HIPODERMICA PLUSMEDIC 23G 1 1/2  X100,50855,7597467001693,5,,,,sin_match,no farmaco
cobeca,AG HIPODERMICA PLUSMEDIC 30G 1/2  X100,50856,7597467001709,6.67,,,,sin_match,no farmaco
cobeca,AG PLUSMEDIC ESPINAL 25G X50,25339,7597467000771,52.19,,,,sin_match,no farmaco
cobeca,AG PLUSMEDIC ESPINAL 26G X50,25340,7597467000788,52.19,,,,sin_match,no farmaco
cobeca,AG PLUSMEDIC ESPINAL 27G X50,25341,7597467000795,52.19,,,,sin_match,no farmaco
cobeca,AGUA D/ALIBOUR 120ML RECETT,14396,7594001450252,1.99,,,,sin_match,no farmaco
cobeca,AGUA D/COLONIA AGRADO FRESCA 750ML,22133,8433295036324,8.22,,,,sin_match,no farmaco
cobeca,AGUA D/COLONIA JEAN NATE X 443ML,28631,0309979843992,13.51,,,,sin_match,no farmaco
cobeca,AGUA D/MAR HIPERTON MARIMER 100ML,53387,3518646672293,17.73,,,,sin_match,no farmaco
cobeca,AGUA D/MAR HIPERTON MARIMER BABY 100ML,53388,3518646672316,17.73,,,,sin_match,no farmaco
cobeca,AGUA D/MAR ISOTON MARIMER 100ML,53390,3518646672309,17.73,,,,sin_match,no farmaco
cobeca,AGUA D/MAR ISOTON MARIMER BABY 100ML,53389,3518646672323,17.73,,,,sin_match,no farmaco
cobeca,AGUA D/MAR ZAFIRE HIPERTON FORTE X 100ML,28746,8436567241808,15.85,,,,sin_match,no farmaco
cobeca,AGUA D/MAR ZAFIRE ISOTONICA DALY X 100ML,28745,8436567241792,15.85,,,,sin_match,no farmaco
cobeca,AGUA D/MAR ZAFIRE ISOTONICA PED X 100ML,28744,8436567241785,15.85,,,,sin_match,score_bajo
cobeca,AGUA D/ROSAS MICELAR CLARESS 180CM3,50937,7596811000177,9.1,,,,sin_match,no farmaco
cobeca,AGUA D/ROSAS RECETT 120ML,14395,7594001450283,3.57,,,,sin_match,no farmaco
cobeca,AGUA DESTILADA 1L RECETT,14397,7594001452430,4.34,,,,sin_match,no farmaco
cobeca,AGUA DESTILADA 500ML RECETT,20886,7594001452447,2.55,,,,sin_match,no farmaco
cobeca,AGUA DESTILADA INY NUM49 500ML BHR,8346,7592637000391,5.57,632,AGUA BIDESTILADA INYECTABLE,9.28,matched,score=0.628
cobeca,AGUA ESTERIL PISA INY 500ML,51147,7501125110764,7.97,381,AGUA DESTILADA ESTERIL SOLUCION INYECTABLE,13.28,matched,score=0.652
cobeca,AGUA MICELAR CLARESS ALOE VERA 180CM3,50936,7596811001235,8.41,,,,sin_match,no farmaco
cobeca,AGUA MICELAR DERNIER PIEL NORM 200ML,25900,7596548003359,4.39,,,,sin_match,no farmaco
cobeca,AGUA MICELAR DERNIER PIEL SENSI 200ML,25899,7596548003366,2.81,,,,sin_match,no farmaco
cobeca,AGUA MICELAR L OREAL C/AC HIALUR 200ML,24118,7509552843705,11.14,,,,sin_match,no farmaco
cobeca,AGUA MICELAR NIVEA AGUA D/ROSAS 100ML,50908,4005900915795,5.39,,,,sin_match,no farmaco
cobeca,AGUA MICELAR NIVEA AGUA D/ROSAS 400ML,50907,4005900645265,10.39,,,,sin_match,no farmaco
cobeca,AGUA MICELAR NIVEA PIEL MIX/GRAS,26451,4005900629746,10.39,,,,sin_match,no farmaco
cobeca,AGUA MICELAR SENSIBIO H2O 250ML,31302,3401575390447,28.48,,,,sin_match,no farmaco
cobeca,AGUA MICELAR VERABELL AC HIALUR 200ML,52017,7599561000107,8.35,,,,sin_match,no farmaco
cobeca,AGUA MICELAR ZOAH A/EDAD 250ML,21589,7596211001156,3.64,,,,sin_match,no farmaco
cobeca,AGUA OXIG 120ML LAFARQ,18015,7591956110217,0.46,,,,sin_match,no farmaco
cobeca,AGUA OXIG 240ML LAFARQ,18016,7591956110224,0.68,,,,sin_match,no farmaco
cobeca,AGUA OXIG 500ML ALNA,17065,7593255000114,1.64,,,,sin_match,no farmaco
cobeca,AGUA OXIG 500ML LAFARQ,18017,7591956110231,1.15,,,,sin_match,no farmaco
cobeca,AGUA OXIG ALFAPARF 30VOL 450ML,16826,7899884203897,4.37,,,,sin_match,no farmaco
cobeca,AGUA OXIG ALFAPARF 30VOL 90ML,17303,7898035559647,1.5,,,,sin_match,no farmaco
cobeca,AGUA OXIG ALVA 3% 120ML,37681,7591487000063,0.71,,,,sin_match,no farmaco
cobeca,AGUA OXIG ALVA 3% 240ML,37680,7591487000070,1.08,,,,sin_match,no farmaco
cobeca,AGUA OXIG ALVA 3% 500ML,37679,7591487000087,1.68,,,,sin_match,no farmaco
cobeca,AGUA OXIG ALVA AL 3% 1L,28584,7591487000094,3.36,,,,sin_match,no farmaco
cobeca,AGUA OXIG AMERICAN VOL20 60ML,14440,7592566000585,0.81,,,,sin_match,no farmaco
cobeca,AGUA OXIG AMERICAN VOL30 60ML,14441,7592566000592,0.81,,,,sin_match,no farmaco
cobeca,AGUA OXIG LAFARQUIM 1L,90013,7591956110248,1.98,,,,sin_match,no farmaco
cobeca,"AGUA OXIG LAFARQUIM 3% VOL10 3,79L",37409,7591956110255,6.63,,,,sin_match,no farmaco
cobeca,AGUA OXIG STEPHANIE 6% VOL20 120ML,16769,7593506000139,2.6,,,,sin_match,no farmaco
cobeca,AGUA OXIG STEPHANIE 9% VOL30 120ML,16770,7593506000146,2.6,,,,sin_match,no farmaco
cobeca,AGUA OZONIZ OZONEPIU 120ML,52612,7593319002245,5.25,,,,sin_match,no farmaco
cobeca,AGUA OZONIZ OZONEPIU 400ML,52613,7593319002252,10.54,,,,sin_match,no farmaco
cobeca,AGUAS TERMALES DERNIER MOISES X195ML,28499,7598084000823,9.8,,,,sin_match,no farmaco
cobeca,AGUAS TERMALES DERNIER MUSUI X195ML,28500,7598084000830,9.8,,,,sin_match,no farmaco
cobeca,AGURIN COMP 1G X20 ADIUM,53631,7841141005447,3.62,,,,sin_match,score_bajo
cobeca,"AIRCOF PLUS TAB MAST 5MG/2,5MG X30 COFA",53225,7591818000700,5.66,,,,sin_match,score_bajo
cobeca,AIRCOF PLUS TAB REC 10MG/5MG X30 COFA,53332,7591818000649,6.45,,,,sin_match,score_bajo
cobeca,AIRCOF TAB MAST 10MG X30 COFA,53060,7591818000663,6.45,,,,sin_match,score_bajo
cobeca,AIRCOF TAB MAST 5MG X30 COFA,15118,7591818210413,5.07,,,,sin_match,score_bajo
cobeca,"AIREX SOL NASAL 0,05% 15ML PHARME",27095,7703763169405,5.62,1900,"AIRFEN 0,05 % SOLUCION NASAL",9.37,matched,score=0.609
cobeca,AIRFEN GTS AD 15ML COFA,4339,7591818111017,5.72,,,,sin_match,score_bajo
cobeca,AIRFEN GTS PED 15ML COFA,4340,7591818111024,5.72,,,,sin_match,score_bajo
cobeca,AIRON DUO TAB REC 10MG/5MG L.O.,52809,7591196006868,6.09,,,,sin_match,score_bajo
cobeca,AIRON TAB MAST 4MG X10 L.O,6742,7591196002952,2.45,,,,sin_match,score_bajo
cobeca,AIRON TAB MAST 4MG X30 L.O,6741,7591196002945,5.65,,,,sin_match,score_bajo
cobeca,AIRON TAB MAST PED 5MG X30 L.O,5931,7591196002792,7.56,,,,sin_match,score_bajo
cobeca,AIRON TAB REC 10MG X30 L.O,5930,7591196002808,10.37,,,,sin_match,score_bajo
cobeca,AJAX BICLORO 1L,52034,7702010320200,5.25,,,,sin_match,no farmaco
cobeca,AJO MCCORMICK HIERBAS 94G,18256,7591141100627,3.66,,,,sin_match,no farmaco
cobeca,AJO MCCORMICK MOLIDO 70G,18248,7591141120700,3.66,,,,sin_match,no farmaco
cobeca,AJO MCCORMICK PICADO 73G,18255,7591141120502,3.66,,,,sin_match,no farmaco
cobeca,AJO MCCORMICK ROSTIZADO 110G,18082,7591141990129,3.66,,,,sin_match,no farmaco
cobeca,AJOMIX MCCORMICK 90G,18249,7591141000453,3.53,,,,sin_match,no farmaco
cobeca,ALANTAMIDA PMDA 20G MEY,1761,7592601100645,8.69,,,,sin_match,no farmaco
cobeca,ALBAHACA MCCORMICK HOJAS 25G,18246,7591141100207,2.73,,,,sin_match,no farmaco
cobeca,ALBEDOX TAB 400MG X10 CR 2N,54402,8904464204986,1.25,,,,sin_match,sin_candidato
cobeca,ALBEMER SUSP ORAL 400MG/10ML BOOZ,20167,75970529,1.65,,,,sin_match,sin_candidato
cobeca,ALBENDAZOL 400MG TAB MAST X10 ZUZU,52550,7599608000350,1.7,6103,ALBENDAZOL 400 mg TABLETAS MASTICABLES,2.83,matched,score=0.739
cobeca,ALBENDAZOL SUSP 100MG/5ML 20ML PORTU,25009,7750215796634,2.73,,,,sin_match,score_bajo
cobeca,ALBENDAZOL SUSP 10ML CR FAHD,20742,7468999193128,2.27,2280,ALBENDAZOL 400 mg / 10 mL SUSPENSION,3.78,matched,score=0.859
cobeca,ALBENDAZOL SUSP 400MG 20ML PHARME,9574,7592454120364,5.9,2280,ALBENDAZOL 400 mg / 10 mL SUSPENSION,9.83,matched,score=0.839
cobeca,ALBENDAZOL SUSP 400MG/ML 10ML PLX,17969,7594001100294,3.9,2280,ALBENDAZOL 400 mg / 10 mL SUSPENSION,6.5,matched,score=0.732
cobeca,ALBENDAZOL TAB 200MG X2 PHARME,9575,7592454003261,1.38,4921,ALBENDAZOL 200 mg COMPRIMIDOS,2.3,matched,score=0.906
cobeca,ALBENDAZOL TAB 200MG X2 PLX,17968,7594001100263,1.64,3272,ALBENDAZOL 200 mg TABLETAS,2.73,matched,score=0.922
cobeca,ALBENDAZOL TAB 200MG X6 PHARME,1526,7592454120371,2.62,4921,ALBENDAZOL 200 mg COMPRIMIDOS,4.37,matched,score=0.906
cobeca,ALBENDAZOL TAB 200MG X6 PLX,20302,7594001100256,3.68,3272,ALBENDAZOL 200 mg TABLETAS,6.13,matched,score=0.922
cobeca,ALBENDAZOL TAB MAST 200MG X6 CLX,94917,7591519007039,2.36,3673,ALBENDAZOL 200 mg TABLETAS MASTICABLES,3.93,matched,score=0.783
cobeca,ALBENDAZOL TAB MAST T/FRUTTI 200MGX2 CLX,13063,7591519007022,1.18,,,,sin_match,score_bajo
cobeca,ALBICAR SUSP 400MG 10ML ELM,9806,7591062010029,3.9,2481,ALBICAR 400 mg / 10 mL SUSPENSION,6.5,matched,score=0.700
cobeca,ALBICAR TAB 200MG X2 ELM,9807,7591062010036,1.1,2311,ALBICAR 200 mg TABLETAS,1.83,matched,score=0.739
cobeca,ALBICAR TAB 200MG X6 ELM,9782,7591062010173,3.3,2311,ALBICAR 200 mg TABLETAS,5.5,matched,score=0.739
cobeca,"ALBISEC CAP 666MG/133,33MG X12 VIV",6857,7703153037512,13.31,,,,sin_match,score_bajo
cobeca,ALCACHOFA/CENT ASIAT CAP 350MG X60 HERB,99644,7592710000355,12.58,,,,sin_match,sin_candidato
cobeca,ALCANFOR 10G LYA,25467,7599028000589,1.73,,,,sin_match,no farmaco
cobeca,ALCOHOL 70% 120ML LAFARQ,18018,7591956110118,0.58,,,,sin_match,no farmaco
cobeca,ALCOHOL 70% 1L LAFARQ,18021,7592044000113,3.46,,,,sin_match,no farmaco
cobeca,ALCOHOL 70% 240ML LAFARQ,18019,7591956110125,1.03,,,,sin_match,no farmaco
cobeca,"ALCOHOL 70% 3,79L LAFARQUIM",21155,7592044000120,12.66,,,,sin_match,no farmaco
cobeca,ALCOHOL 70% 500ML LAFARQ,18020,7591956110132,1.81,,,,sin_match,no farmaco
cobeca,ALCOHOL ABSOLUTO 120ML ALNA,17070,7593255000312,1.21,,,,sin_match,no farmaco
cobeca,ALCOHOL ABSOLUTO 120ML BIOF,91790,7591616000261,3,,,,sin_match,no farmaco
cobeca,ALCOHOL ABSOLUTO 120ML RECETT,20887,7594001450337,2.96,,,,sin_match,no farmaco
cobeca,ALCOHOL ABSOLUTO 240ML RECETT,16877,7594001450344,4.69,,,,sin_match,no farmaco
cobeca,ALCOHOL ABSOLUTO 500ML RECETT,20888,7594001452409,7.18,,,,sin_match,no farmaco
cobeca,ALCOHOL ABSOLUTO 96% 30ML LYA,25440,7599028000039,1.84,,,,sin_match,no farmaco
cobeca,ALCOHOL ABSOLUTO BIOF 240ML,98283,7591616000285,4.73,,,,sin_match,no farmaco
cobeca,ALCOHOL ABSOLUTO FRAMBUESA 60ML RECETT,27078,7594001455707,3.03,,,,sin_match,no farmaco
cobeca,ALCOHOL ABSOLUTO LIMON 60ML RECETT,27076,7594001455714,3.03,,,,sin_match,no farmaco
cobeca,ALCOHOL ABSOLUTO MANDA 60ML RECETT,27079,7594001455721,3.03,,,,sin_match,no farmaco
cobeca,ALCOHOL ANTISEPTICO ALNA 100ML,17062,7593255000244,0.86,,,,sin_match,no farmaco
cobeca,ALCOHOL ANTISEPTICO ALNA 120ML,17066,7593255000299,0.99,,,,sin_match,no farmaco
cobeca,ALCOHOL ANTISEPTICO ALNA 240ML,17067,7593255000251,1.69,,,,sin_match,no farmaco
cobeca,ALCOHOL ANTISEPTICO ALNA 500ML,17068,7593255000268,2.9,,,,sin_match,no farmaco
cobeca,ALCOHOL ANTISEPTICO ALNA 70% V/V 950ML,23407,7593255000275,5.49,,,,sin_match,no farmaco
cobeca,ALCOHOL ANTISEPTICO ALVA 70% 240ML,90331,7591487000162,1.66,,,,sin_match,no farmaco
cobeca,ALCOHOL ANTISEPTICO ALVA 70% 500ML,90330,7591487000179,2.96,,,,sin_match,no farmaco
cobeca,ALCOHOL BIOF ANTISEPTICO 70% V/V X 120ML,50466,7591616002111,2.62,,,,sin_match,no farmaco
cobeca,ALCOHOL ESSENZA FAMILY CARE 980ML F/COSM,20371,0705632216521,6.73,,,,sin_match,no farmaco
cobeca,ALCOHOL ISOPROPILICO ALVA 70% 120ML,37685,7591487000018,0.99,,,,sin_match,no farmaco
cobeca,ALCOHOL ISOPROPILICO ALVA 70% 1L,37682,7591487000049,6.14,,,,sin_match,no farmaco
cobeca,ALCOHOL ISOPROPILICO ALVA 70% 500ML,37683,7591487000032,3.01,,,,sin_match,no farmaco
cobeca,ALCOHOL SANOL 70% V/V X120ML,31693,7592349881462,1.04,,,,sin_match,no farmaco
cobeca,"ALCOHOL SANOL 70% X3,785L",21515,7592349881042,20,,,,sin_match,no farmaco
cobeca,ALCOHOL SPRAY 70 % 240ML CHEM/S,22667,7596139004277,5.94,,,,sin_match,no farmaco
cobeca,ALCOHOL SPRAY 70% 60ML VIN,24294,7592782000901,4.19,,,,sin_match,no farmaco
cobeca,ALCOHOL YODADO SPRAY BIOFARCO 120ML,98367,7591616000322,4.66,,,,sin_match,no farmaco
cobeca,ALCOHOL YODADO SPRAY BIOFARCO 60ML,51486,7591616000346,3.86,,,,sin_match,no farmaco
cobeca,ALENDRONATO SOD TAB 70MG X 4 ZUZU,50383,8906159251961,4.21,3004,ALENDRONATO SODICO 70 mg COMPRIMIDOS,7.02,matched,score=0.677
cobeca,ALENTIK TAB 70MG X 4,50731,7703763786343,7.17,6122,ALENTIK 70 mg TABLETAS,11.95,matched,score=0.724
cobeca,ALERGOT SOL OFT 0.05% 5ML L.O,5332,7591196002693,13.21,,,,sin_match,score_bajo
cobeca,ALESPIRINA TAB ENT 81MG X30 ALESS,53065,7597758001289,1.64,,,,sin_match,score_bajo
cobeca,"ALFADYN SOL OFT 0,20% 5ML L.O",8457,7591196003430,16.73,,,,sin_match,score_bajo
cobeca,ALFOMBRA ABSORB BRUNI P/PERROS X10,17391,7596937000167,6.91,,,,sin_match,no farmaco
cobeca,"ALGIOL COMP 2,5MG X30 DLR",23945,7592803003959,4.97,5819,ALGIOL 5 mg COMPRIMIDOS RECUBIERTOS,8.28,matched,score=0.844
cobeca,ALGIOL COMP 5MG X30 DLR,23948,7592803003973,6.49,5819,ALGIOL 5 mg COMPRIMIDOS RECUBIERTOS,10.82,matched,score=0.844
cobeca,ALGIOL HCT COMP 5MG/6.25MG X 30,28693,7592803004147,12.16,5819,ALGIOL 5 mg COMPRIMIDOS RECUBIERTOS,20.27,matched,score=0.781
cobeca,ALGODON ASEPTICO PLUSMEDIC 100G,53137,7597467002966,4.24,,,,sin_match,no farmaco
cobeca,ALGODON ASEPTICO PLUSMEDIC 10G,53134,7597467002935,0.8,,,,sin_match,no farmaco
cobeca,ALGODON ASEPTICO PLUSMEDIC 25G,53135,7597467002942,1.44,,,,sin_match,no farmaco
cobeca,ALGODON ASEPTICO PLUSMEDIC 50G,53136,7597467002959,2.05,,,,sin_match,no farmaco
cobeca,ALGODON GROSSMED NO ESTERIL ROLLO 500G,51423,7597830003989,5.51,,,,sin_match,no farmaco
cobeca,ALGODON GROSSMED ROLLO NO ESTERIL 50G,53102,7597830008243,0.72,,,,sin_match,no farmaco
cobeca,ALGODON HIDROF PLUSMEDICF ASEPTICO 500G,25350,7597467000733,7.01,,,,sin_match,no farmaco
cobeca,ALGODON HIDROFILO ALGOBAP 10G,25256,7593255000145,0.58,,,,sin_match,no farmaco
cobeca,ALGODON HIDROFILO ALGOBAP 25G,17246,7593255000152,0.86,,,,sin_match,no farmaco
cobeca,ALGOREN TAB 10MG X20 RNV,104,7592806133011,3.94,1810,ALGOREN 10 mg TABLETAS,6.57,matched,score=0.797
cobeca,ALGOREN TAB 40MG X20 RNV,102,7592806133028,4.16,1810,ALGOREN 10 mg TABLETAS,6.93,matched,score=0.672
cobeca,"ALILUB SOL OFT 1,4 % 15ML PHARME",25509,7703763001002,7.12,6132,"ALILUB 1,4 % SOLUCION OFTALMICA",11.87,matched,score=0.602
cobeca,ALIM LACTEO NIDO FORTICRECE 400G,52461,7591016206386,8.62,,,,sin_match,no farmaco
cobeca,"ALIM P/GATO CAT CHOW CAR AD 1,5KG",14989,7702521104849,16.71,,,,sin_match,no farmaco
cobeca,"ALIM P/GATO CAT CHOW ESTER PESCADO 1,5KG",52463,7702521288075,17.54,,,,sin_match,no farmaco
cobeca,"ALIM P/GATO CAT CHOW HOGAR PREB 1,5KG",26154,7702521104825,19.23,,,,sin_match,no farmaco
cobeca,"ALIM P/GATO CAT CHOW PESC AD 1,5KG",14991,7702521104801,16.71,,,,sin_match,no farmaco
cobeca,ALIM P/GATO GATSY PESC/ARR/ESPIN 3KG,14996,7591016605813,20.78,,,,sin_match,no farmaco
cobeca,ALIM P/GATO GATSY POLLO/ZANAH/ESPIN 3KG,27429,7591016605684,20.78,,,,sin_match,no farmaco
cobeca,ALIM P/PERRO DOG CHOW ALT PROT AD 2KG,51976,7702521166120,17.15,,,,sin_match,no farmaco
cobeca,ALIM P/PERRO DOG CHOW CONTROL D/PESO 2KG,24575,7702521105020,17.67,,,,sin_match,no farmaco
cobeca,ALIM P/PERRO DOG CHOW GRAN COM CACH 2KG,52462,7702521246518,18.41,,,,sin_match,sin_candidato
cobeca,ALIM P/PERRO DOG CHOW GRAN COMIENZO 4KG,52106,7702521102562,31.25,,,,sin_match,no farmaco
cobeca,ALIM P/PERRO DOG CHOW TRIP PROT 2KG,51977,7702521565770,17.15,,,,sin_match,no farmaco
cobeca,ALIM P/PERRO KNINA CAR/CER/ARR AD 4KG,24570,7591016605196,17.29,,,,sin_match,no farmaco
cobeca,ALIM P/PERRO KNINA CAR/CER/ARR CACH 4KG,25186,7591016605462,18.92,,,,sin_match,no farmaco
cobeca,ALIM P/PERRO KNINA POLLO/VEG AD 4KG,24568,7591016605202,17.29,,,,sin_match,no farmaco
cobeca,ALIMENTO LACTEO MAH +24M 400G,28690,854688003842,13.94,,,,sin_match,no farmaco
cobeca,ALIMENTO PVO NIDO CRECIMIENTO 1+ 800G,52441,7506475120531,19.82,,,,sin_match,score_bajo
cobeca,ALIPAL FORTE CAP 650/4/32MG D/N X12 BIOT,53530,7591243801606,5.1,3371,ALIPAL FORTE DIA 650 mg - 32 mg - 4 mg CAPSULAS,8.5,matched,score=0.625
cobeca,ALIVAX FORTE CAP BLD 650MG X10 VIV,8703,7592432010335,3.23,,,,sin_match,score_bajo
cobeca,ALIVERIUM CAP BLD 100/300MG X10 VIN,24955,7598431000056,9.09,,,,sin_match,score_bajo
cobeca,ALIVET COMP DIAX8/NOCHX4 LETI,90607,7591585116000,9.76,,,,sin_match,score_bajo
cobeca,ALIVET FA COM/REC X 10,93943,7591585116604,8.81,,,,sin_match,score_bajo
cobeca,"ALIVET JBE 125MG/0,5MG 120ML LETI",14320,7591585216755,8.72,,,,sin_match,score_bajo
cobeca,ALIVET PLUS COMP 650/20/10/4MG X10 LETI,51787,7591585116581,7.61,,,,sin_match,score_bajo
cobeca,ALIVET PLUS SOB 650/20/10/4MG X8 LETI,52495,7591585116086,11.97,,,,sin_match,score_bajo
cobeca,ALIVET SOB GRANU LIMON 10G X1 LETI,25707,7591585116178,9.85,,,,sin_match,score_bajo
cobeca,ALIVETNOC FORTE SOB GRANU X6 LETI,91845,7591585116673,9.76,,,,sin_match,score_bajo
cobeca,ALL-DOVARI CREM 90G,52250,70497525886,5.5,,,,sin_match,sin_candidato
cobeca,ALLERFEX TAB REC 120MG X10 PHARME,24973,7703763722686,7.1,,,,sin_match,sin_candidato
cobeca,ALLIXON JBE NAR 240ML LETI,11208,7591585112439,6.92,,,,sin_match,sin_candidato
cobeca,ALMOHADILLA ALGOBAP X 100,50469,7599408000031,1.81,,,,sin_match,no farmaco
cobeca,ALMOHADILLA ALGOBAP X 60,50467,7599408000017,1.09,,,,sin_match,no farmaco
cobeca,ALMOHADILLA ALGOBAP X 80,50468,7599408000024,1.49,,,,sin_match,no farmaco
cobeca,ALOPURINOL TAB 100MG X30 ANG/H,21363,7598176000137,4.68,6720,ALOPURINOL 100 mg TABLETAS,7.8,matched,score=0.922
cobeca,"ALPRAM TAB 0,5 MG X30 VLM",5177,7591020005296,4.53,3130,"ALPRAM 0,5 mg TABLETAS",7.55,matched,score=0.783
cobeca,ALPRAM TAB 1MG X30 VLM,5184,7591020005302,6.35,3136,ALPRAM 1 mg TABLETAS,10.58,matched,score=0.813
cobeca,ALPRAM TAB 2MG X30 VLM,5185,7591020005319,8.56,3131,ALPRAM 2 mg TABLETAS,14.27,matched,score=0.813
cobeca,"ALPRAZOLAM TAB 0,5MG X30 CLX",10378,7591519000467,3.69,2487,"ALPRAZOLAM 0,5 mg TABLETAS",6.15,matched,score=0.935
cobeca,ALPRAZOLAM TAB 0.5MG X30,97352,7591020008662,3.77,2487,"ALPRAZOLAM 0,5 mg TABLETAS",6.28,matched,score=0.932
cobeca,ALPRAZOLAM TAB 1MG X30,97349,7591020008679,5.19,2488,ALPRAZOLAM 1 mg TABLETAS,8.65,matched,score=0.932
cobeca,ALPRAZOLAM TAB 1MG X30 CLX,10377,7591519001495,5.1,2488,ALPRAZOLAM 1 mg TABLETAS,8.5,matched,score=0.935
cobeca,ALPRAZOLAM TAB 2MG X30,97351,7591020008686,7.08,4652,ALPRAZOLAM 2 mg TABLETAS,11.8,matched,score=0.932
cobeca,ALSART CAP 160MG X10 MEY,20787,7592601201045,4,3126,ALSART 160 mg CAPSULAS,6.67,matched,score=0.878
cobeca,ALSART CAP 160MG X30 MEY,20788,7592601201052,9.65,3126,ALSART 160 mg CAPSULAS,16.08,matched,score=0.878
cobeca,ALSART CAP 80MG X10 MEY,20332,7592601201021,3.7,3125,ALSART 80 mg CAPSULAS,6.17,matched,score=0.859
cobeca,ALSART CAP 80MG X30 MEY,20333,7592601201038,7.39,3125,ALSART 80 mg CAPSULAS,12.32,matched,score=0.859
cobeca,ALUMBRE 20G LYA,25468,7599028000596,1.64,,,,sin_match,no farmaco
cobeca,ALUMBRE EN PIEDRA 20G X15 FCH,16589,7592141000115,22.6,,,,sin_match,no farmaco
cobeca,ALUMBRE EN PIEDRA 25G X12 RECETT,14825,7594001452003,19.95,,,,sin_match,no farmaco
cobeca,ALUMBRE PVO 25G X12 RECETT,14826,7594001452010,19.95,,,,sin_match,sin_candidato
cobeca,ALUMBRE PVO 25G X25 FCH,16590,7592141000160,45.13,,,,sin_match,sin_candidato
cobeca,ALUMBRE PVO SOB 20G BIOF,94708,7591616001480,1.29,,,,sin_match,sin_candidato
cobeca,ALURON COMP 300MG X20 RNV,13540,7592806133097,7.07,5051,ALURON 300 mg COMPRIMIDOS,11.78,matched,score=0.726
cobeca,ALURON TAB 100MG X30 RNV,119,7592806133042,5.09,1793,ALURON 100 mg TABLETAS,8.48,matched,score=0.726
cobeca,AMANIRIS COMP C/ENT 81MG X 30,29745,7593090002649,3.64,6968,AMANIRIS 81 mg COMPRIMIDOS CON CUBIERTA ENTERICA,6.07,matched,score=0.630
cobeca,AMBIENT AER GLADE ABRAZOS D/VAIN 175G,20551,7503038992826,20.64,,,,sin_match,sin_candidato
cobeca,AMBIENT AER GLADE ABRAZOS D/VAIN 360ML,23131,7591005999749,3.96,,,,sin_match,sin_candidato
cobeca,AMBIENT AER GLADE FRES LEMON 360ML,23130,7591005999732,3.96,,,,sin_match,sin_candidato
cobeca,AMBIENT AER GLADE LAVAND 235ML,23464,7591005003903,3.44,,,,sin_match,sin_candidato
cobeca,AMBIENT AER GLADE LAVANDA 360ML,37984,7591005529830,3.96,,,,sin_match,sin_candidato
cobeca,AMBIENT AER GLADE MANZ/CANE 235ML,23463,7591005003699,3.44,,,,sin_match,sin_candidato
cobeca,AMBIENT AER GLADE MANZ/CANE 360ML,23129,7591005999725,3.96,,,,sin_match,sin_candidato
cobeca,AMBIENT AER GLADE PARAISO AZUL 360ML,96623,7591005577657,3.96,,,,sin_match,sin_candidato
cobeca,AMBIENT GLADE ABRAZOS D/VAIN AP/REP 21ML,52128,7501032913625,8.28,,,,sin_match,no farmaco
cobeca,AMBIENT GLADE AUTO SPORT ACQUA 7CM3,52518,7591005001107,8.44,,,,sin_match,no farmaco
cobeca,AMBROXOL JBE 30MG/5ML 120ML VIV,8588,7703153020071,5.92,2438,AMBROXOL CLORHIDRATO 30 mg / 5 mL JARABE,9.87,matched,score=0.816
cobeca,AMBROXOL JBE PED 15MG/120ML KIMIC,9120,7592616005010,3.17,,,,sin_match,score_bajo
cobeca,AMBROXOL JBE PED 15MG/120ML PHARME,4050,7592454120203,4.22,2531,CLORHIDRATO DE AMBROXOL 15mg /5mL.SOLUCION ORAL,7.03,matched,score=0.731
cobeca,AMBROXOL SOL ORAL 30MG/5ML 120ML BIOQ,98395,7594000850923,4.88,2530,CLORHIDRATO DE AMBROXOL 30mg/5mL SOLUCION ORAL,8.13,matched,score=0.898
cobeca,AMBROXOL/LORATAD JBE 30MG/5MG 120ML BIOQ,26230,7594000851593,5.68,4239,AMBROXOL CLORHIDRATO - LORATADINA 30 mg - 5 mg / 5 mL JARABE,9.47,matched,score=0.821
cobeca,AMBROXOL/LORATAD JBE 30MG/5MG 60ML BIOQ,26231,7594000850305,5.36,4239,AMBROXOL CLORHIDRATO - LORATADINA 30 mg - 5 mg / 5 mL JARABE,8.93,matched,score=0.829
cobeca,AMEDIN TAB 100MG X30 FC,53450,7593090003486,20,,,,sin_match,sin_candidato
cobeca,AMIKACINA AMP 500MG X1 RNV,10090,7592806112030,4.71,445,AMIKACINA 500 mg / 2 mL SOLUCION INYECTABLE,7.85,matched,score=0.878
cobeca,AMIKACINA AMP 500MG/2ML TAO,23744,7501125105135,3.18,466,AMIKACINA 500 mg/2mL SOLUCION INYECTABLE,5.3,matched,score=0.904
cobeca,AMIKACINA AMP 500MG/2ML X1 ADN,27450,8906112611290,3,466,AMIKACINA 500 mg/2mL SOLUCION INYECTABLE,5,matched,score=0.904
cobeca,AMIKACINA INY IM/IV 100MG/2ML X10 KMP,53493,8908003460512,14.66,484,AMIKACINA 100 mg / 2 mL SOLUCION INYECTABLE,24.43,matched,score=0.658
cobeca,AMIKACIS CREM 5% 20G BOOZ,20711,7597072001262,3.61,,,,sin_match,sin_candidato
cobeca,AMINOFUNI AMP 250MG/10ML X10 AMP UNIPH,51070,7598852000611,12.57,,,,sin_match,sin_candidato
cobeca,AMIODARONA COMP 200MG X10 VLM,3505,7591020003131,6.22,2890,AMIODARONA CLORHIDRATO 200 mg COMPRIMIDOS,10.37,matched,score=0.922
cobeca,AMIODARONA TAB 200MG X10 BIOTECH,4602,7591243801750,10.03,3033,AMIODARONA CLORHIDRATO 200 mg TABLETAS,16.72,matched,score=0.922
cobeca,AMIODARONA TAB 200MG X10 KMP,53503,7590211000089,3.9,2890,AMIODARONA CLORHIDRATO 200 mg COMPRIMIDOS,6.5,matched,score=0.878
cobeca,AMIODARONATAB 200MG X10 FMED,51761,8908020242276,1.3,,,,sin_match,no farmaco
cobeca,AMLODIPINA COMP 10MG X30 LETI,97973,7591585278173,4.72,2660,AMLODIPINA 10 mg COMPRIMIDOS,7.87,matched,score=0.872
cobeca,AMLODIPINA COMP 10MG X60 DORO,20112,5008081,7.49,2660,AMLODIPINA 10 mg COMPRIMIDOS,12.48,matched,score=0.828
cobeca,AMLODIPINA COMP 5MG X30 LETI,9206,7591585278166,5.14,4405,AMLODIPINA 5 mg COMPRIMIDOS,8.57,matched,score=0.904
cobeca,AMLODIPINA TAB 10MG X10 CLX,98458,7591519001358,1.13,2975,AMLODIPINA 10 mg TABLETAS,1.88,matched,score=0.872
cobeca,AMLODIPINA TAB 10MG X10 PHARME,2419,7592454886994,1.43,2660,AMLODIPINA 10 mg COMPRIMIDOS,2.38,matched,score=0.828
cobeca,AMLODIPINA TAB 10MG X20 KIMIC,92638,7592616014029,2.19,2660,AMLODIPINA 10 mg COMPRIMIDOS,3.65,matched,score=0.689
cobeca,AMLODIPINA TAB 10MG X30 CLX,12054,7591519001648,2.43,2975,AMLODIPINA 10 mg TABLETAS,4.05,matched,score=0.872
cobeca,AMLODIPINA TAB 10MG X30 KIMIC,53795,7592616014036,2.69,2660,AMLODIPINA 10 mg COMPRIMIDOS,4.48,matched,score=0.689
cobeca,AMLODIPINA TAB 10MG X30 PHARME,99085,7592454889568,3.58,2660,AMLODIPINA 10 mg COMPRIMIDOS,5.97,matched,score=0.828
cobeca,AMLODIPINA TAB 5MG X10 CLX,9204,7591519001334,1.32,2466,AMLODIPINA 5 mg TABLETAS,2.2,matched,score=0.904
cobeca,AMLODIPINA TAB 5MG X10 PHARME,2417,7592454887014,1.74,2466,AMLODIPINA 5 mg TABLETAS,2.9,matched,score=0.861
cobeca,AMLODIPINA TAB 5MG X30 ALESS,23793,7597758000756,1.27,2849,AMLODIPINA 5 mg TABLETAS,2.12,matched,score=0.833
cobeca,AMLODIPINA TAB 5MG X30 CLX,10982,7591519001655,2.29,2466,AMLODIPINA 5 mg TABLETAS,3.82,matched,score=0.904
cobeca,AMLODIPINA TAB 5MG X30 KIMIC,12027,7592616013039,2.47,2849,AMLODIPINA 5 mg TABLETAS,4.12,matched,score=0.773
cobeca,AMLODIPINA TAB 5MG X30 PHARME,99081,7592454889575,3.54,2466,AMLODIPINA 5 mg TABLETAS,5.9,matched,score=0.861
cobeca,AMLODIPINA TAB 5MG X30 ZUZU,52552,7599608000435,2.45,2466,AMLODIPINA 5 mg TABLETAS,4.08,matched,score=0.861
cobeca,AMLODIPINA/VALSART TAB 5/160MG X30 ANG/H,27732,7598176000359,13,4794,AMLODIPINA - VALSARTAN 5 mg - 160 mg COMPRIMIDOS RECUBIERTOS,21.67,matched,score=0.826
cobeca,AMLODIPINA/VALSART TAB REC5/160MGX10 BIU,26126,8901463160855,4.42,4794,AMLODIPINA - VALSARTAN 5 mg - 160 mg COMPRIMIDOS RECUBIERTOS,7.37,matched,score=0.680
cobeca,AMOCLIN CAP 500MG X10 ZUZU,52553,7599608000459,1.62,,,,sin_match,sin_candidato
cobeca,AMODET TAB 500MG/125MG X 14,30113,745687143304,11.52,,,,sin_match,sin_candidato
cobeca,AMOKLAVIN-BID PVO SUSP 400/57MG 70ML PLN,22758,8699525282507,8.26,,,,sin_match,score_bajo
cobeca,AMOX/AC CLAV SUSP 250MG/62.5MG X60ML ANG,28512,7598176000724,2.21,6490,"AMOXICILINA - ACIDO CLAVULANICO 250 mg - 62,5 mg / 5 mL POLVO PARA
SUSPENSIÓN ORAL",3.68,matched,score=0.606
cobeca,AMOXIC/AC CLAV COM/REC 875/125MGX14 LETI,29414,7591585173195,25.04,,,,sin_match,score_bajo
cobeca,"AMOXIC/AC CLAV PVO/SUS 600MG/42,9MG DAC",28867,7598578000667,7.71,,,,sin_match,score_bajo
cobeca,AMOXIC/CLAV PVO SUSP 400/57MG 70ML KIMIC,52095,7592616578026,7.69,,,,sin_match,score_bajo
cobeca,AMOXICI/AC CLAV 400MG/57MG 70ML CLX,25804,7591519000610,8.69,,,,sin_match,no farmaco
cobeca,AMOXICI/AC CLAV TAB 875/125MG X14 ADN,24653,8904097387148,11.73,,,,sin_match,score_bajo
cobeca,AMOXICI/AC CLAV TAB 875/125MG X14 CLX,25805,7591519000627,17.13,,,,sin_match,score_bajo
cobeca,AMOXICI/AC CLAVUL TAB 875/125MG X14 GEAG,51479,8906120990103,17.32,6120,CLAVULAM 875 mg - 125 mg TABLETAS RECUBIERTAS,28.87,matched,score=0.640
cobeca,AMOXICILINA AMOXIPRA CAP 500MG X10 ADN,53253,8906112614673,2.39,5924,AMOXICILINA 500 mg CAPSULAS,3.98,matched,score=0.777
cobeca,AMOXICILINA CAP 500MG X 10 DISTR,30058,7598252101154,4,7229,AMOXICILINA - ACIDO CLAVULANICO 500 mg - 125 mg TABLETAS RECUBIERTAS,6.67,matched,score=0.756
cobeca,AMOXICILINA CAP 500MG X 12 GENCER,96769,7591020008860,4.64,7229,AMOXICILINA - ACIDO CLAVULANICO 500 mg - 125 mg TABLETAS RECUBIERTAS,7.73,matched,score=0.775
cobeca,AMOXICILINA CAP 500MG X10 FMED,52727,8906005117618,1.83,1894,AMOXICILINA  500 mg CAPSULAS,3.05,matched,score=0.878
cobeca,AMOXICILINA CAP 500MG X12 LETI,25978,7591585470492,5.25,2262,AMOXICILINA 500 mg CAPSULAS,8.75,matched,score=0.922
cobeca,AMOXICILINA CAP 500MG X12 PHARME,5268,7703763070282,4.79,1894,AMOXICILINA  500 mg CAPSULAS,7.98,matched,score=0.878
cobeca,AMOXICILINA CAP 500MG X6 PHARME,5265,7703763070299,3.42,1894,AMOXICILINA  500 mg CAPSULAS,5.7,matched,score=0.878
cobeca,AMOXICILINA PVO PED 250MG/5ML 60ML CLX,51378,7591519001136,5.18,3452,AMOXICILINA 250 mg / 5 ml POLVO PARA SUSPENSION ORAL,8.63,matched,score=0.740
cobeca,AMOXICILINA SUS PED 250/5ML 100ML KMP,53483,6942189304330,8.91,1878,AMOXICILINA 125 mg / 5 mL POLVO PARA SUSPENSION,14.85,matched,score=0.696
cobeca,AMOXICILINA SUSP 125MG/5ML BIU,26127,8901463131206,1.95,2019,AMOXICILINA 125 mg / 5 mL SUSPENSION,3.25,matched,score=0.800
cobeca,AMOXICILINA SUSP 250MG/5ML 60ML CR DIST,21786,7598252101024,2.35,2153,AMOXICILINA 250 mg / 5 mL POLVO PARA SUSPENSION,3.92,matched,score=0.711
cobeca,AMOXICILINA SUSP 250MG/5ML 60ML FMED,53292,8906082151000,1.3,2153,AMOXICILINA 250 mg / 5 mL POLVO PARA SUSPENSION,2.17,matched,score=0.711
cobeca,AMOXICILINA SUSP ORAL 250MG/ML 45ML VLM,52732,7591020007139,3.57,2019,AMOXICILINA 125 mg / 5 mL SUSPENSION,5.95,matched,score=0.658
cobeca,AMOXICILINA/AC CLAV TAB 500/125MGX10 ADN,53232,8906156850273,7.62,3034,AMOXICILINA - ACIDO CLAVULANICO 875 mg - 125 mg COMPRIMIDOS,12.7,matched,score=0.710
cobeca,AMOXIDUO COMP 875MG X14 MEG,1481,7795345011219,12.34,2870,AMOXIDUO 875 mg COMPRIMIDOS RECUBIERTOS,20.57,matched,score=0.712
cobeca,AMOXIDUO PVO SUSP 750MG 70ML MEG,867,7795345010977,11.56,,,,sin_match,score_bajo
cobeca,"AMOXIVAL AC PVO SUSP 250/62,5MG 60ML VLM",23224,7591020009003,10.21,,,,sin_match,score_bajo
cobeca,AMOXIVAL AC PVO SUSP 400/57MG 60ML VLM,23225,7591020009010,11.43,,,,sin_match,score_bajo
cobeca,AMOXIVAL CAP 500MG X12 VLM,5739,7591020000710,5.38,1933,AMOXIVAL 500 mg CAPSULAS,8.97,matched,score=0.783
cobeca,AMOXIVAL PVO SUSP 750MG/5ML 70ML VLM,90776,7591020008082,10.64,4104,AMOXIVAL 750 ml / 5 mL POLVO PARA SUSPENSION ORAL,17.73,matched,score=0.616
cobeca,AMOXIVAL SUSP 250MG 90ML VLM,9638,7591020000758,7.99,1941,AMOXIVAL 250 mg / 5 mL POLVO PARA SUSPENSION ORAL,13.32,matched,score=0.619
cobeca,AMOXIVAL TAB REC 875MG X20 VLM,98747,7591020080613,16.19,4796,AMOXIVAL 875 mg TABLETAS RECUBIERTAS,26.98,matched,score=0.662
cobeca,AMOXTIN SUSP ORAL 400MG/57MG 60ML ALESS,52782,7597758001548,6.72,,,,sin_match,sin_candidato
cobeca,AMP CAPIL BRIZNA MIEL 10ML X10,16243,7591485000898,14.88,,,,sin_match,sin_candidato
cobeca,AMP CAPIL SOLANO SABI 10ML X10,16289,7591485001475,14.88,,,,sin_match,sin_candidato
cobeca,AMP GELLY A/CAIDA 10ML X10,16292,7591485000034,14.88,,,,sin_match,sin_candidato
cobeca,AMP NK REPARAC INTEN 15ML X3,54282,0788362506995,4.44,,,,sin_match,sin_candidato
cobeca,AMP NK SECADO PERFECTO 15ML X3,54283,0788362507008,4.44,,,,sin_match,sin_candidato
cobeca,AMP NK THERAPY CONTROL CAIDA 15ML X3,54284,0788362507015,4.44,,,,sin_match,sin_candidato
cobeca,AMP NK THERAPY PRO 15ML X3,54285,0788362507022,4.44,,,,sin_match,sin_candidato
cobeca,AMP PASARELA A/CAIDA 10ML X4,51219,17593723003620,5.41,,,,sin_match,sin_candidato
cobeca,AMP PASARELA MATIZADORA 10ML X4,51221,17593723003606,5.41,,,,sin_match,sin_candidato
cobeca,AMP SLIK ANTICAIDA 10ML X25,28144,7592943911763,17.74,,,,sin_match,sin_candidato
cobeca,AMP SLIK PLAC/OVEJO 10ML X25,28143,7592943911756,17.74,,,,sin_match,sin_candidato
cobeca,AMP SOLANO KERAT/L CABRA 10ML X10,16290,7591485001857,14.88,,,,sin_match,sin_candidato
cobeca,"AMPIBLUX PVO LIOF 1G/0,5G X1 BLUE/M",53357,7598127000599,2.58,,,,sin_match,sin_candidato
cobeca,AMPICILINA SUSP 250MG 60ML PHARME,3301,7703763875993,5.81,2094,AMPICILINA 250 mg/5mL POLVO PARA SUSPENSION ORAL,9.68,matched,score=0.757
cobeca,AMPICILINA SUSP PED 125/5ML 100ML KMP,53485,6942189304347,4.29,2094,AMPICILINA 250 mg/5mL POLVO PARA SUSPENSION ORAL,7.15,matched,score=0.739
cobeca,AMPLIDER CAP 50MG X10 VIV,28394,7592432000299,1.51,5952,AMPLIDER 50 mg CAPSULAS BLANDAS,2.52,matched,score=0.797
cobeca,AMSARTIQUE TAB REC 160MG/10MG X30 PHARME,27044,7592454003599,18.47,,,,sin_match,score_bajo
cobeca,AMSARTIQUE TAB REC 80MG/5MG X30 PHARME,27012,7592454003582,13.16,,,,sin_match,score_bajo
cobeca,ANAFLEX TAB 250MG X10 CAPSUV,23348,7598055000456,6.22,,,,sin_match,sin_candidato
cobeca,ANALPER FEM PLUS TAB 200/10MG X10 PHARME,96266,7592454003063,7.68,3577,ANALPER PLUS 500 mg - 10 mg TABLETAS RECUBIERTAS,12.8,matched,score=0.683
cobeca,ANALPER NAX CAP 250MG X10 PHARME,8152,7592454000789,3.87,,,,sin_match,score_bajo
cobeca,ANALPER PLUS TAB 500MG X10 PHARME,7690,7592454000796,5.39,3577,ANALPER PLUS 500 mg - 10 mg TABLETAS RECUBIERTAS,8.98,matched,score=0.825
cobeca,ANALPER SOL ORAL 180MG/5ML 120ML PHARME,52507,7592454004251,3.45,,,,sin_match,score_bajo
cobeca,ANANTY FORTE JBE PED 160MG/5ML 120ML PLX,13266,7594001101581,3.25,,,,sin_match,score_bajo
cobeca,ANANTY FORTE SUSP 160MG/5ML 60ML PLX,24237,7594001101673,2.01,4887,ANANTY FORTE 160 mg / 5 mL SUSPENSION,3.35,matched,score=0.663
cobeca,ANANTY SUSP 120MG/5ML 120ML PLX,6865,7594001101024,3.23,4561,ANANTY 120 mg / 5 mL SUSPENSION,5.38,matched,score=0.661
cobeca,ANANTY TAB 650MG X 10,6868,7594001101833,1.19,5866,ANANTY 650 mg TABLETAS,1.98,matched,score=0.680
cobeca,ANAPIR CAP BLD S/AZU 400MG X10 FC,17362,7593090001024,3.14,,,,sin_match,score_bajo
cobeca,ANAPIR TAB 200MG X20 FC,22810,7593090001383,3.57,,,,sin_match,score_bajo
cobeca,ANAPIRFLEX TAB 600MG/4MG X10 FC,29669,7593090002113,5.03,6814,ANAPIRFLEX 600 mg – 4 mg TABLETAS RECUBIERTAS,8.38,matched,score=0.617
cobeca,"ANASMOL COMP 2,5MG X10 MEG",1878,7591955000878,5.84,2075,ANASMOL 5 mg COMPRIMIDOS,9.73,matched,score=0.698
cobeca,"ANASMOL COMP 2,5MG X30 MEG",95472,7591955003084,8.05,2075,ANASMOL 5 mg COMPRIMIDOS,13.42,matched,score=0.698
cobeca,ANASMOL COMP 5MG X30 MEG,95473,7591955003091,13.12,2075,ANASMOL 5 mg COMPRIMIDOS,21.87,matched,score=0.698
cobeca,ANASTROZOL COMP REC 1MG X30 DORO,20118,5065644,25.86,5576,ANASTROZOL 1 mg TABLETAS RECUBIERTAS,43.1,matched,score=0.770
cobeca,ANASTROZOL TAB 1MG X30 CR MT,26476,8904278584670,17.96,5576,ANASTROZOL 1 mg TABLETAS RECUBIERTAS,29.93,matched,score=0.932
cobeca,ANCITAM TAB 500MG X30 APF,26474,8906122851471,8.44,,,,sin_match,sin_candidato
cobeca,ANDADERA C/RUEDAS NEXT STEP,53641,7590175000040,46.79,,,,sin_match,no farmaco
cobeca,ANDADERA RECIPROCAL DOVANT 2 EN 1,53824,7597830008830,74.42,,,,sin_match,no farmaco
cobeca,ANGIOFLUX CAP BLD 250LSU X25 LETI,52055,7591585115980,69.22,,,,sin_match,score_bajo
cobeca,ANGRIP COMP DIA 500MG X8 MEG,22591,7591619518978,5.26,2873,ANGRIP COMPRIMIDOS,8.77,matched,score=0.666
cobeca,ANGRIP COMP NOCH 500MG X4 MEG,23940,7591619518985,2.99,2873,ANGRIP COMPRIMIDOS,4.98,matched,score=0.666
cobeca,ANGRIP FORTE COM/REC 650MG/20MG DIA X 10,30055,7591619001166,4.68,,,,sin_match,score_bajo
cobeca,ANGRIP FORTE COM/REC 650MG/4MG NOCHE X 5,30054,7591619001159,3.9,,,,sin_match,score_bajo
cobeca,ANGRIP FORTE COMP 650/4/2MG D/N X15 MEG,51261,7591619001173,6.23,2873,ANGRIP COMPRIMIDOS,10.38,matched,score=0.717
cobeca,ANILLO VIBRADOR + PRESERVATIVO MZONE X2,52880,6922954826441,4.66,,,,sin_match,no farmaco
cobeca,ANILLO VIBRADOR PRUDENCE X1 DKT,30333,7502214982446,16.68,,,,sin_match,no farmaco
cobeca,ANILLO VIBRADOR SENSE,50082,723592773441,36.06,,,,sin_match,no farmaco
cobeca,ANIS ESTRELLADO 5G X15 FCH,16591,7592141000214,23.57,,,,sin_match,no farmaco
cobeca,ANOMEX SUP X10 TIAR,26407,8906009231020,11.18,,,,sin_match,no farmaco
cobeca,"ANSILAN COMP 0,5MG X30 MEG",1297,7594000490129,4.42,2750,"ANSILAN 0,5 mg COMPRIMIDOS RECUBIERTOS",7.37,matched,score=0.722
cobeca,ANSILAN COMP 1MG X30 MEG,1298,7594000490136,5.84,2765,ANSILAN 1 mg COMPRIMIDOS RECUBIERTOS,9.73,matched,score=0.722
cobeca,ANSILAN COMP 2MG X30 MEG,16881,7591955558348,8.05,5137,ANSILAN 2 mg COMPRIMIDOS RECUBIERTOS,13.42,matched,score=0.722
cobeca,"ANTAAR TAB 2,5MG/6,25MG X30 CLX",19527,7591519317367,8.74,6205,"ANTAAR 1,25 mg TABLETAS RECUBIERTAS",14.57,matched,score=0.844
cobeca,ANTAAR TAB REC 10MG X30 CLX,17094,7591519051902,10.53,,,,sin_match,score_bajo
cobeca,"ANTAAR TAB REC 2,5MG X10 CLX",21066,7591519317718,2.68,6205,"ANTAAR 1,25 mg TABLETAS RECUBIERTAS",4.47,matched,score=0.731
cobeca,"ANTAAR TAB REC 2,5MG X30 CLX",15626,7591519051872,5.52,6205,"ANTAAR 1,25 mg TABLETAS RECUBIERTAS",9.2,matched,score=0.731
cobeca,ANTAAR TAB REC 5MG X10 CLX,21067,7591519317725,4.16,6205,"ANTAAR 1,25 mg TABLETAS RECUBIERTAS",6.93,matched,score=0.731
cobeca,ANTAAR TAB REC 5MG X30 CLX,16094,7591519051896,6.53,6205,"ANTAAR 1,25 mg TABLETAS RECUBIERTAS",10.88,matched,score=0.731
cobeca,ANTAAR TAB/REC 1.25MG X 30,29562,7591519051889,4.06,6205,"ANTAAR 1,25 mg TABLETAS RECUBIERTAS",6.77,matched,score=0.663
cobeca,"ANTAAR/HCT TAB 5MG/6,25MG X30 CLX",19127,7591519317343,15.06,6205,"ANTAAR 1,25 mg TABLETAS RECUBIERTAS",25.1,matched,score=0.768
cobeca,ANTIBACT MR MUSCULO CARICIAS BEBE 900ML,15625,7591005980419,2.81,,,,sin_match,no farmaco
cobeca,ANTIBACT MR MUSCULO LAVAND 900ML,15624,7591005980372,2.81,,,,sin_match,no farmaco
cobeca,ANTIFOM FORTE COMP REC 160MG X10 VARG,23430,7592349001068,7.56,,,,sin_match,score_bajo
cobeca,ANTIFOM SUSP/ORAL 80MF/ML X 20ML,28696,7592349001723,6.31,,,,sin_match,score_bajo
cobeca,ANTIFON TAB/MAST 125MG X 10,20347,7592349001822,5.52,,,,sin_match,sin_candidato
cobeca,ANTILAX TAB 2MG X10 FAR,93277,7591821102095,3.05,4831,ANTILAX PLUS 2 mg - 125 mg CAPSULAS,5.08,matched,score=0.750
cobeca,ANTIP TAB REC 40MG X30 BEHR,51858,7592637000797,10.06,,,,sin_match,score_bajo
cobeca,ANTITRANSP AER NIVEA INV B&W CLEAR 150ML,50921,4005900723173,6.84,,,,sin_match,sin_candidato
cobeca,ANTITRANSP AER NIVEA PEARL&BEAUTY 150ML,38903,4005808837311,6.67,,,,sin_match,sin_candidato
cobeca,ANTITRANSP DERNIER ROLL ON ÉL 90 ML,15670,7596548000082,1.75,,,,sin_match,no farmaco
cobeca,ANTITRANSP DERNIER ROLL ON ELLA 90 ML,15669,7596548000099,1.79,,,,sin_match,no farmaco
cobeca,ANTITRANSP NIVEA AER T/NAT C/TOUCHX150ML,30019,4005808829675,6.84,,,,sin_match,sin_candidato
cobeca,ANTITRANSP NIVEA B&W AER MEN FRESHX150ML,30017,4005900036643,5.53,,,,sin_match,sin_candidato
cobeca,ANTITRANSP NIVEA B&W AER MEN ORIG X150ML,30011,4005900036711,6.84,,,,sin_match,sin_candidato
cobeca,ANTITRANSP NIVEA D/BLACK AER MEN X 150ML,30015,4005900495709,6.84,,,,sin_match,sin_candidato
cobeca,ANTOVEN TAB 15MG X30 FC,53451,7593090003509,15.56,,,,sin_match,sin_candidato
cobeca,"ANTUX SOL 0,6% CEREZA 120ML LETI",2700,7591585114709,11.53,,,,sin_match,score_bajo
cobeca,APETININ JBE 240ML ARC IRIS,7066,7592946005742,10,,,,sin_match,sin_candidato
cobeca,APIRET FORTE TAB 650MG X 10,50410,7591196006479,1.77,6054,APIRET FORTE 650 mg TABLETAS,2.95,matched,score=0.694
cobeca,APIRET SOL ORAL 180MG 120ML L.O,99842,7591196002785,5.04,5782,APIRET 120 mg / 5 mL SOLUCION ORAL,8.4,matched,score=0.664
cobeca,APIRET SOL ORAL 180MG/5ML 60ML L.O,19584,7591196007155,2.52,5779,APIRET 160 mg / 5 mL SOLUCION ORAL,4.2,matched,score=0.657
cobeca,APIRET SUP 125MG X6 L.O,26389,7591196006271,5.52,,,,sin_match,no farmaco
cobeca,APIRET SUP 250MG X6 L.O,22131,7591196007209,6.59,,,,sin_match,no farmaco
cobeca,APIRET TAB 500 MG X 10,28791,7591196006462,1.77,6053,APIRET 500 mg TABLETAS,2.95,matched,score=0.702
cobeca,APIRETFLU SOB 8G DIA MIEL/LIMON X6 LO,51467,7591196006578,9.86,,,,sin_match,score_bajo
cobeca,APIRETFLU SOB 8G NOCH MIEL/LIMON X6 LO,51431,7591196006363,10.14,,,,sin_match,score_bajo
cobeca,APITENA COM 5MG X 30,50728,7841141004952,24.33,7093,"APITENA 2,5 mg COMPRIMIDOS RECUBIERTOS",40.55,matched,score=0.773
cobeca,APIXABAN TAB 5MG X60 CCM,53607,7702605885855,32.21,6580,APIBLOTAN 5mg TABLETAS RECUBIERTAS,53.68,matched,score=0.870
cobeca,APLACAL TAB MAST 750MG BAN X80 TARRO,52504,7592601000433,13.61,,,,sin_match,score_bajo
cobeca,APLACAL TAB MAST 750MG FRAM DISPX120 MEY,21597,7592601000020,72.34,,,,sin_match,score_bajo
cobeca,APLACAL TAB MAST 750MG FRAMB X80 TARRO,52827,7592601000440,13.61,,,,sin_match,score_bajo
cobeca,APLACAL TAB MAST 750MG MAND DISPX120 MEY,21599,7592601000037,72.34,,,,sin_match,score_bajo
cobeca,APLACAL TAB MAST 750MG MANDA X10 MEY,21598,7592601303169,9.36,,,,sin_match,score_bajo
cobeca,APLACAL TAB MAST 750MG MANDA X80 TARRO,52828,7592601000457,13.61,,,,sin_match,score_bajo
cobeca,APLACAL TAB MAST 750MG MENTA X80 TARRO,52503,7592601000464,13.61,5369,APLACAL 750 mg TABLETAS MASTICABLES SABOR A MENTA,22.68,matched,score=0.614
cobeca,APLACAL TAB MAST 750MG SURT X80 SIEG,53180,7592601000563,13.61,6244,APLACAL 750 mg TABLETAS MASTICABLES SABORES SURTIDOS,22.68,matched,score=0.631
cobeca,APLACAL TAB MAST BAN 750MG DISP 30X4 MEY,21595,7592601000013,72.34,,,,sin_match,score_bajo
cobeca,APLACAL TAB MAST BAN 750MG X10 MEY,21594,7592601303176,9.36,,,,sin_match,score_bajo
cobeca,APLACAL TAB MAST MENT 750MG DISPX120 MEY,21601,7592601000044,72.34,,,,sin_match,score_bajo
cobeca,APLACAL TAB MAST MENTA 750MG X10 MEY,21600,7592601303152,9.36,5369,APLACAL 750 mg TABLETAS MASTICABLES SABOR A MENTA,15.6,matched,score=0.662
cobeca,APLEXIL TAB REC 550MG X10 COFA,53335,7591818716670,3.27,,,,sin_match,score_bajo
cobeca,APLICADOR C/ALGODON PLUSMEDIC X100,50097,7597467002386,2.08,,,,sin_match,no farmaco
cobeca,APOSITO ABSOCL DRES CLORH 10 X 12CM X25,27171,6223004862205,12.12,,,,sin_match,no farmaco
cobeca,APOSITO BRIUTCARE CIRCULARES X100,23636,0742033994696,6.97,,,,sin_match,no farmaco
cobeca,APOSITO BRIUTCARE CLAS X20,23635,742033994689,2.7,,,,sin_match,no farmaco
cobeca,APOSITO BRIUTCARE FLEXIBLES X20,23638,0742033994726,2.7,,,,sin_match,no farmaco
cobeca,APOSITO BRIUTCARE KIDS X20,23640,0742033994719,2.7,,,,sin_match,no farmaco
cobeca,APOSITO BRIUTCARE MIX X20,23639,742033994702,2.7,,,,sin_match,no farmaco
cobeca,APOSITO BRIUTCARE TRANSP X20,23637,0742033994733,2.7,,,,sin_match,no farmaco
cobeca,APOSITO ESTERIL NANOSKIN 10 X 10CM X5,27176,7598595000015,107.31,,,,sin_match,no farmaco
cobeca,APOSITO PHARMA ALFI F 10CM X 10CM X10,27149,6223004861185,56.38,,,,sin_match,no farmaco
cobeca,APOSITO PHARMA ALFI F 10CM X 20CM X10,27148,6223004861604,81.76,,,,sin_match,no farmaco
cobeca,APOSITO PHARMACOLL AG 10CM X 10CM X 10,29906,7594001564966,73.19,,,,sin_match,no farmaco
cobeca,APOSITO PHARMAP FRAME STYLE 7 X 9CM X20,27158,7594001563907,29.38,,,,sin_match,no farmaco
cobeca,"APOSITO PHARMAP FRAME STYLE 8,5CM X20",27159,7594001563914,37.6,,,,sin_match,no farmaco
cobeca,"APOSITO PHARMAP PED 5CM X 5,7CM X20",27157,7594001563891,22.31,,,,sin_match,score_bajo
cobeca,APRESTO NIAGARA SPRAY HEAVY 567G,29062,17500081507,7.42,,,,sin_match,no farmaco
cobeca,APRESTO NIAGARA SPRAY LAVANDA 567G,29060,17500081255,10.5,,,,sin_match,no farmaco
cobeca,APRESTO NIAGARA SPRAY ORIG 567G,29063,17500081200,8.69,,,,sin_match,no farmaco
cobeca,APRIX CAP BLD 125MG X10 PLN,50995,7592348202510,5.97,,,,sin_match,score_bajo
cobeca,APROVEL COMP REC 150MG X28 CLX,93574,7706263001657,40.26,,,,sin_match,score_bajo
cobeca,APYRENE CAP BLD 650MG X10 FC,8363,7593090000034,3.43,,,,sin_match,sin_candidato
cobeca,AQUATOP CREM REST INTENSIVA X 250G,29564,7703281002024,38.31,,,,sin_match,sin_candidato
cobeca,AQUATOP LIMP LIQ PH 5.5 X 400ML,29563,7703281020257,25.71,,,,sin_match,no farmaco
cobeca,"ARANDA CAP 2,5MG/50MG X10 FAR",27227,7591821210707,3.77,4079,"ARANDA 2,5 mg - 50 mg CAPSULAS",6.28,matched,score=0.663
cobeca,"ARANDA CAP 2,5MG/50MG X30 FAR",11633,7591821904385,10.49,4079,"ARANDA 2,5 mg - 50 mg CAPSULAS",17.48,matched,score=0.663
cobeca,ARANDA CAP 5MG/100MG X10 FAR,28186,7591821210714,4.58,4080,ARANDA 5 mg - 100 mg CAPSULAS,7.63,matched,score=0.676
cobeca,ARBIXIL JBE AD 120ML MEY,10142,7592601100126,13.77,,,,sin_match,score_bajo
cobeca,ARBIXIL JBE PED 120ML MEY,10141,7592601100638,12.52,,,,sin_match,score_bajo
cobeca,"ARBIXIL SOL GTS PED 7,5MG/5MCG 15ML MEY",3798,7592601100683,7.36,,,,sin_match,score_bajo
cobeca,ARCILLA P/MODELAR CRAYOLA,51966,071662003005,8.25,,,,sin_match,no farmaco
cobeca,ARCOVAL TAB 60MG X10 VLM,52031,7591020009690,5.71,5088,ARCOVAL 60 mg TABLETAS RECUBIERTAS,9.52,matched,score=0.689
cobeca,ARCOVAL TAB 90MG X10 VLM,52032,7591020009706,8.18,5089,ARCOVAL 90 mg TABLETAS RECUBIERTAS,13.63,matched,score=0.689
cobeca,ARENA P/GATOS KATTY CAT 3KG,50788,659525512897,2.13,,,,sin_match,no farmaco
cobeca,ARENA P/GATOS KATTY CAT 5KG,50789,5901234123457,3.54,,,,sin_match,no farmaco
cobeca,ARESAN TAB 40MG X30 BIOTECH,19968,7591243802115,17.96,4959,ARESAN 20 mg TABLETAS RECUBIERTAS,29.93,matched,score=0.734
cobeca,ARESAN TAB REC 20MG X10 BIOT,51009,7591243802085,5.51,4959,ARESAN 20 mg TABLETAS RECUBIERTAS,9.18,matched,score=0.684
cobeca,ARESAN TAB REC 20MG X30 BIOTECH,22093,7591243802092,11.01,4959,ARESAN 20 mg TABLETAS RECUBIERTAS,18.35,matched,score=0.684
cobeca,ARESAN TAB REC 40MG X10 BIOT,13808,7591243802108,8.09,,,,sin_match,score_bajo
cobeca,ARIPIPRAZOL TAB DESINT 10MGX10 CR MT,27119,8904278588258,5.88,,,,sin_match,score_bajo
cobeca,ARMONYL TAB REC DIA X20 PLN,52078,7800004509225,6.01,,,,sin_match,score_bajo
cobeca,ARMONYL TAB REC NOCH X20 PLN,52079,7800004000258,6.88,,,,sin_match,sin_candidato
cobeca,ARNICA D6 GLOBULOS 30G SANAV,54159,7593533001116,7.16,,,,sin_match,no farmaco
cobeca,ARNICA FC AER ORIGINAL X 75G,30198,7593090002731,7.26,,,,sin_match,sin_candidato
cobeca,ARNICA FC FORTE GEL MANGO 250G FC,15024,7593090000799,5.44,,,,sin_match,score_bajo
cobeca,ARNICA FC FORTE GEL ROLL ON MANGO 90G FC,14137,7593090000676,3.38,,,,sin_match,score_bajo
cobeca,ARNICA FC GEL CORP PLUS 250G FC,16662,7593090000218,5.68,,,,sin_match,sin_candidato
cobeca,ARNICA FC GEL ROLL ON 90G FC,98652,7593090000058,3.34,,,,sin_match,sin_candidato
cobeca,ARNICA FC GEL ROLL ON TERMOACT 90G FC,16485,7593090000706,3.48,,,,sin_match,sin_candidato
cobeca,ARNICA GEL 250G FC,15023,7593090000775,5.88,,,,sin_match,sin_candidato
cobeca,ARNICA GEL 80G IND COR,15728,7591404002200,5.77,,,,sin_match,score_bajo
cobeca,ARNICA GEL ROLL ON 60G IND COR,15732,7591404002545,4.95,,,,sin_match,score_bajo
cobeca,ARNICA GEL ROLL ON MENTOL 45G RECETT,26375,7594001452072,2.74,,,,sin_match,score_bajo
cobeca,ARNICA GTS 30ML RECETT,20893,7594001450757,2.54,,,,sin_match,sin_candidato
cobeca,ARNICA GTS 60ML RECETT,20894,7594001450764,3.26,,,,sin_match,sin_candidato
cobeca,ARNICA PMDA 60G RECETT,14406,7594001451358,6.29,,,,sin_match,no farmaco
cobeca,AROMAT MOSQUITAN ADH FAMILY X24,50791,8027808000904,4.32,,,,sin_match,no farmaco
cobeca,AROMAT MOSQUITAN ADH NIÑO X24,50793,8027808000911,4.32,,,,sin_match,no farmaco
cobeca,AROMAT MOSQUITAN STICKERS X30,50794,8027808002175,3.25,,,,sin_match,no farmaco
cobeca,ARTENOLOL TAB 100MG X30 RNV,19753,7592806133066,5.86,2020,ARTENOLOL 100 mg TABLETAS,9.77,matched,score=0.844
cobeca,ARTHROCURE PVO P/SOL SOB 10G X 30,29040,8436567242386,48.78,,,,sin_match,sin_candidato
cobeca,ARTOZ TAB REC 10MG X30 ARVEST,53531,8906188190439,10.3,,,,sin_match,sin_candidato
cobeca,ARTROSAN CAP X60 WALF,28366,7592710004629,11.99,,,,sin_match,sin_candidato
cobeca,ARUDIL TAB 15MG X10 FAR,19965,7591821210011,6.46,5090,ARUDIL 15 mg TABLETAS RECUBIERTAS,10.77,matched,score=0.653
cobeca,ARUDIL TAB 15MG X30 FAR,19966,7591821210561,22.34,5090,ARUDIL 15 mg TABLETAS RECUBIERTAS,37.23,matched,score=0.653
cobeca,ARUDIL TAB REC 10MG X10 FAR,25506,7591821210424,4.7,,,,sin_match,score_bajo
cobeca,ARUDIL TAB REC 10MG X30 FAR,25514,7591821210660,11.81,,,,sin_match,score_bajo
cobeca,ARUDIL TAB REC 20MG X10 FAR,19058,7591821210028,8.25,,,,sin_match,score_bajo
cobeca,ARUDIL TAB REC 20MG X30 FAR,19059,7591821210578,24.25,,,,sin_match,score_bajo
cobeca,ASAPROL COMP 81MG X100 LETI,9092,7591585261236,9.91,3043,ASAPROL 81 mg COMPRIMIDOS ENTERICOS,16.52,matched,score=0.859
cobeca,ASAPROL COMP 81MG X40 LETI,99232,7591585561237,4.29,3043,ASAPROL 81 mg COMPRIMIDOS ENTERICOS,7.15,matched,score=0.859
cobeca,ASARAP COM 10MG X 30,30076,7591585213358,24.46,5276,ASARAP 10 mg COMPRIMIDOS RECUBIERTOS,40.77,matched,score=0.666
cobeca,ASARAP COMP/REC 15 MG X 30,30307,7591585213334,33.84,,,,sin_match,score_bajo
cobeca,ASARAP COMP/REC 20 MG X 30,50067,7591585213341,34.97,,,,sin_match,score_bajo
cobeca,ASCAFYL GRAG X10 MEY,260,7592601100140,4.74,,,,sin_match,score_bajo
cobeca,ASCAFYL PLUS TAB X10 MEY,588,7592601100676,5.42,1823,ASCAFYL TABLETAS RECUBIERTAS,9.03,matched,score=0.702
cobeca,ASCAFYL-SC GTS 15ML MEY,13120,7592601301776,6.43,,,,sin_match,score_bajo
cobeca,ASHWAGANDHA CAP 450MG X30 HERB,28308,7592710002892,10.66,,,,sin_match,sin_candidato
cobeca,ASHWAGANDHA CAP 450MG X60 HERB,28307,7592710002885,14.06,,,,sin_match,sin_candidato
cobeca,ASHWAGANDHA CAP 500MG X30 LINOF,53580,0799192573026,8.06,,,,sin_match,sin_candidato
cobeca,ASPIANDEX TAB REC 81MG X30 PLX,52971,7594001102397,3.18,,,,sin_match,score_bajo
cobeca,ASPIRADOR NASAL BLESS,50098,7597467002331,6.85,,,,sin_match,no farmaco
cobeca,ASPRINIL TAB REC 81MG X40 BIOT,53383,7591243802382,3.57,4536,ASPRINIL 81 mg TABLETAS CON RECUBRIMIENTO ENTERICO,5.95,matched,score=0.684
cobeca,ASPRINIL TAB REC ENT 81MG X100 BIOT,51425,7591243802405,7.87,4536,ASPRINIL 81 mg TABLETAS CON RECUBRIMIENTO ENTERICO,13.12,matched,score=0.614
cobeca,ASTEFOR COMP REC 500MG X10 MEG,26091,7591619000589,8.44,,,,sin_match,score_bajo
cobeca,"ASTRIMOL TAB REC 2,5MG X30 BIOT",53167,7591243802528,6.6,6458,"ASTRIMOL 2,5 mg TABLETAS RECUBIERTAS",11,matched,score=0.630
cobeca,ASTRIMOL TAB REC 5MG X30 BIOT,53175,7591243802573,7.68,6458,"ASTRIMOL 2,5 mg TABLETAS RECUBIERTAS",12.8,matched,score=0.630
cobeca,ATAMEL FORTE TAB 650MG X10 CLX,3689,7591519000948,3.19,3116,ATAMEL FORTE 650 mg TABLETAS,5.32,matched,score=0.732
cobeca,ATAMEL JBE PED 120MG/5ML 120ML CLX,50583,7591519001297,3.78,,,,sin_match,score_bajo
cobeca,ATAMEL JBE PED 120MG/5ML 60ML CLX,51048,7591519001679,2.03,,,,sin_match,score_bajo
cobeca,ATAMEL PLUS TAB 500MG/32MG X10 CLX,15413,7591257015518,3.4,1870,ATAMEL 500 mg TABLETAS,5.67,matched,score=0.705
cobeca,ATAMEL TAB 500MG X20 CLX,3692,7591519000986,3.79,1870,ATAMEL 500 mg TABLETAS,6.32,matched,score=0.744
cobeca,ATAPEC COMP REC 25MG X30 FC,53750,7593090003639,4.92,,,,sin_match,score_bajo
cobeca,ATAPEC TAB 100MG X30 FC,25050,7593090001529,9.09,6231,ATAPEC 100 mg TABLETAS RECUBIERTAS,15.15,matched,score=0.825
cobeca,ATENOLOL COM 100 MG X 30 GENVEN,3271,7591585175014,10.54,2167,ATENOLOL 100 mg TABLETAS,17.57,matched,score=0.698
cobeca,ATENOLOL TAB 100MG X30 BLUE/M,25093,7598127001480,1.52,5317,ATENOLOL 100 mg COMPRIMIDOS,2.53,matched,score=0.922
cobeca,ATENOLOL TAB 100MG X30 PHARME,7789,7703763090358,7.56,2167,ATENOLOL 100 mg TABLETAS,12.6,matched,score=0.878
cobeca,ATENOLOL TAB 50MG X30 BUKA,23700,0675696259966,2.13,2168,ATENOLOL 50 mg TABLETAS,3.55,matched,score=0.859
cobeca,ATENOLOL TAB 50MG X30 KIMIC,3028,7592616011028,6.23,2191,ATENOLOL 50 mg COMPRIMIDOS,10.38,matched,score=0.674
cobeca,ATENOLOL TAB 50MG X30 PHARME,7780,7703763090341,7.32,2168,ATENOLOL 50 mg TABLETAS,12.2,matched,score=0.859
cobeca,ATENOLOL TAB 50MG X30 ZUZU,52554,7599608000497,3.08,2168,ATENOLOL 50 mg TABLETAS,5.13,matched,score=0.859
cobeca,ATORVACOF TAB 20MG X14 COFA,98600,7591818210512,3.01,4679,ATORVACOF 20 mg TABLETAS RECUBIERTAS,5.02,matched,score=0.738
cobeca,ATORVASTATINA COMP 20MG X10 LETI,4070,7591585173447,4.02,3077,ATORVASTATINA 20 mg COMPRIMIDOS RECUBIERTOS,6.7,matched,score=0.902
cobeca,ATORVASTATINA COMP 40MG X30 LETI,98292,7591585373458,17.86,3692,ATORVASTATINA 40 mg COMPRIMIDOS RECUBIERTOS,29.77,matched,score=0.902
cobeca,ATORVASTATINA COMP REC 20MG X30 LETI,97977,7591585373441,10.68,3830,ATORVASTATINA 20 mg TABLETAS RECUBIERTAS,17.8,matched,score=0.763
cobeca,ATORVASTATINA COMP/REC 40MG X20 SPEFAR,54428,7590027002581,5.45,,,,sin_match,score_bajo
cobeca,ATORVASTATINA COMP/REC 80MG X20 SPEFAR,54429,7590027002567,6.58,,,,sin_match,score_bajo
cobeca,ATORVASTATINA TAB 20MG X14 PHARME,11565,7592454001557,4.13,3077,ATORVASTATINA 20 mg COMPRIMIDOS RECUBIERTOS,6.88,matched,score=0.859
cobeca,ATORVASTATINA TAB 20MG X30 ALESS,23795,7597758000732,3,4308,ATORVASTATINA 20 mg TABLETAS RECUBIERTAS,5,matched,score=0.800
cobeca,ATORVASTATINA TAB 20MG X30 FMED,53293,8908020242764,2.6,3077,ATORVASTATINA 20 mg COMPRIMIDOS RECUBIERTOS,4.33,matched,score=0.859
cobeca,ATORVASTATINA TAB 40 MG X 30 CALOX,99638,7591519051568,9.42,4308,ATORVASTATINA 20 mg TABLETAS RECUBIERTAS,15.7,matched,score=0.929
cobeca,ATORVASTATINA TAB 40MG X30 CR DAC,24547,7598578000254,5.35,3555,ATORVASTATINA 40 mg TABLETAS RECUBIERTAS,8.92,matched,score=0.859
cobeca,ATORVASTATINA TAB 40MG X30 FMED,52728,8906005118783,2.9,3555,ATORVASTATINA 40 mg TABLETAS RECUBIERTAS,4.83,matched,score=0.859
cobeca,ATORVASTATINA TAB REC 20MG X30 PHARME,22227,7592454889650,7.96,3093,ATORVASTATINA 20 mg TABLETAS RECUBIERTAS,13.27,matched,score=0.737
cobeca,ATORVASTATINA TAB REC 20MG X30 VLM,51293,7591020009454,5.43,3830,ATORVASTATINA 20 mg TABLETAS RECUBIERTAS,9.05,matched,score=0.780
cobeca,ATORVASTATINA TAB REC 40MG X14 PHARME,91726,7703763200887,7.92,3555,ATORVASTATINA 40 mg TABLETAS RECUBIERTAS,13.2,matched,score=0.737
cobeca,ATORVASTATINA TAB REC 40MG X30 PHARME,22595,7592454003346,13.17,3555,ATORVASTATINA 40 mg TABLETAS RECUBIERTAS,21.95,matched,score=0.737
cobeca,ATORVASTATINA TAB REC 40MG X30 VLM,51294,7591020009461,10.84,3555,ATORVASTATINA 40 mg TABLETAS RECUBIERTAS,18.07,matched,score=0.737
cobeca,ATOVAROL CAP BLD 20MG X30 VIV,97993,7592432900148,6.87,,,,sin_match,score_bajo
cobeca,ATOVAROL CAP BLD 40MG X30 VIV,97994,7592432900155,11.03,,,,sin_match,score_bajo
cobeca,ATRIMON COMP 10MG X10 ADIUM,527,7591873000011,4.18,2788,ATRIMON 10 mg COMPRIMIDOS,6.97,matched,score=0.757
cobeca,ATRIZINA COMP REC 500MG X5 RNV,52412,7592806137163,5.63,,,,sin_match,sin_candidato
cobeca,ATROBEL SOL GTS 10MG/ML 15ML RNV,22695,7592806123012,6.5,4990,ATROBEL 10 mg / mL SOLUCION GOTAS REFORMULADO,10.83,matched,score=0.797
cobeca,ATROPINA SOL INY AMP 1MG/ML X10 CR DIST,51937,7598252001454,7.49,765,ATROPINA SULFATO 1 mg / mL SOLUCION INYECTABLE,12.48,matched,score=0.875
cobeca,ATROPINA SULFATO AMP 1MG/1ML X10 ZUZU,50775,8906036366825,6.69,765,ATROPINA SULFATO 1 mg / mL SOLUCION INYECTABLE,11.15,matched,score=0.844
cobeca,ATROVERAN COMP REC 10MG/250MG X10 VARG,52759,7592349002522,5.68,3772,ATROVERAN 10mg/mL SOLUCION GOTAS,9.47,matched,score=0.700
cobeca,ATROVERAN FEM COMP REC 10/200MG X10 VARG,54524,7592349003338,5.45,,,,sin_match,score_bajo
cobeca,ATROVERAN PLUS COMP REC 10/500MGX10 VARG,51089,7592349002225,4.78,,,,sin_match,score_bajo
cobeca,ATROVERAN SOL 10MG/ML 15ML VARG,25310,7592349722161,6.92,3772,ATROVERAN 10mg/mL SOLUCION GOTAS,11.53,matched,score=0.930
cobeca,ATROVERAN TAB REC 10MG X10 VARG,25527,7592349001129,6.9,3772,ATROVERAN 10mg/mL SOLUCION GOTAS,11.5,matched,score=0.775
cobeca,AUGMENTIN ES PVO/SUS 600MG X100ML GSK,29567,7861028101291,24.23,,,,sin_match,score_bajo
cobeca,AUGMENTIN PVO/SUSP 400MG/5ML X 70ML GSK,29568,7861028101345,16.92,,,,sin_match,score_bajo
cobeca,AUGMENTIN TAB 500MG/125MG X 10 GSK,9781,7861028101352,19.96,2148,AUGMENTIN 500 mg - 125 mg TABLETAS RECUBIERTAS,33.27,matched,score=0.631
cobeca,AUGMENTIN TAB 875MG/125MG X 14 GSK,92934,7758713058827,34.08,2608,AUGMENTIN BID 875 mg - 125 mg TABLETAS RECUBIERTAS,56.8,matched,score=0.631
cobeca,AUPREL COMP/REC 90MG X 20,28697,7592349001600,24.34,,,,sin_match,score_bajo
cobeca,AUTOBRONCEADO AUSTRALIAN GOLD DEEP 177ML,53330,54402290552,16.57,,,,sin_match,no farmaco
cobeca,AVAFONTAN I SOL INY 1G/2ML X3 CR MT,51921,7502226297255,3.45,,,,sin_match,sin_candidato
cobeca,AVAFONTAN TAB 500MG X10 CR MT,51922,7501384550646,3.14,,,,sin_match,sin_candidato
cobeca,AVELOX COM 400 MG X 5,11301,7702123408949,33.18,2769,AVELOX 400 mg COMPRIMIDOS RECUBIERTOS,55.3,matched,score=0.929
cobeca,AVELOX IV SOL P/INF 400MG/250ML AVPH,2345,7702123409861,29.99,,,,sin_match,score_bajo
cobeca,AVENA TIGO TRADICIONAL HOJUELAS 400G,51689,7598986003946,1.56,,,,sin_match,no farmaco
cobeca,"AVODART CAP 0,5MG X30 GLAX",10278,7707172687437,17.27,3375,"AVODART 0,5 mg CAPSULAS BLANDAS",28.78,matched,score=0.615
cobeca,"AVOST SOL OFT 0,004% 3ML CAPSUV",23361,7598055000036,13.36,,,,sin_match,score_bajo
cobeca,AXET-20 TAB 20MG X30 BUKA,53130,021281086231,7.79,,,,sin_match,sin_candidato
cobeca,AXOKINE COMP REC 400G X5 LETI,90556,7591585114280,73.18,,,,sin_match,score_bajo
cobeca,AXOPRAM TAB 20MG X30 TODO,51836,7410000101875,7.88,,,,sin_match,sin_candidato
cobeca,AZACARD TAB 81MG X30 L.O,4756,7591196002464,3.79,3195,AZACARD 81 mg TABLETAS CON CUBIERTA ENTERICA,6.32,matched,score=0.742
cobeca,AZACARD TAB 81MG X60 L.O,4694,7591196002471,6.39,3195,AZACARD 81 mg TABLETAS CON CUBIERTA ENTERICA,10.65,matched,score=0.742
cobeca,AZACARD TAB ENT 81MG X100 L.O,53427,7591196004222,7.75,3195,AZACARD 81 mg TABLETAS CON CUBIERTA ENTERICA,12.92,matched,score=0.719
cobeca,AZAHAR GTS 30ML RECETT,20892,7594001450771,2.69,,,,sin_match,sin_candidato
cobeca,AZAHAR PMDA 60G RECETT,14410,7594001451372,6.31,,,,sin_match,no farmaco
cobeca,AZIMAKROL COMP 1G X2 MEG,91098,7591619520643,6.49,3808,AZIMAKROL 1 g COMPRIMIDOS RECUBIERTOS,10.82,matched,score=0.699
cobeca,AZIMAKROL COMP REC 500 X5 MEG,54042,7591619001579,3.25,3808,AZIMAKROL 1 g COMPRIMIDOS RECUBIERTOS,5.42,matched,score=0.605
cobeca,AZITRODEX TAB REC 500MG X3 PLX,92796,7594001101352,2.96,3848,AZITRODEX 500 mg TABLETAS RECUBIERTAS,4.93,matched,score=0.648
cobeca,AZITRODEX TAB REC 500MG X5 PLX,94416,7594001101369,4.15,3848,AZITRODEX 500 mg TABLETAS RECUBIERTAS,6.92,matched,score=0.648
cobeca,AZITROMICINA COMP 500MG X5 LETI,6090,7591585279460,10.73,2913,AZITROMICINA 500mg COMPRIMIDOS RECUBIERTOS,17.88,matched,score=0.957
cobeca,AZITROMICINA PVO SUSP 200MG 15ML CR DAC,28397,7598578000629,3.99,5486,AZITROMICINA 200 mg / 5 mL SUSPENSION ORAL,6.65,matched,score=0.839
cobeca,AZITROMICINA SUSP 200MG 15ML PHARME,2377,7703763700318,4.97,5486,AZITROMICINA 200 mg / 5 mL SUSPENSION ORAL,8.28,matched,score=0.839
cobeca,AZITROMICINA SUSP 200MG 15ML PORTU,23717,7750215017562,3.88,5486,AZITROMICINA 200 mg / 5 mL SUSPENSION ORAL,6.47,matched,score=0.701
cobeca,AZITROMICINA SUSP 200MG/15ML 15ML ANG/H,21366,7598176000182,2.01,5486,AZITROMICINA 200 mg / 5 mL SUSPENSION ORAL,3.35,matched,score=0.820
cobeca,AZITROMICINA SUSP 200MG/5ML 15ML BLUE/M,26398,6930169708346,2.29,5486,AZITROMICINA 200 mg / 5 mL SUSPENSION ORAL,3.82,matched,score=0.836
cobeca,AZITROMICINA SUSP 200MG/5ML 15ML CR DIST,21793,7598252101109,3.79,5486,AZITROMICINA 200 mg / 5 mL SUSPENSION ORAL,6.32,matched,score=0.836
cobeca,AZITROMICINA SUSP 200MG/5ML 15ML FMED,52729,8908020242269,2.29,5486,AZITROMICINA 200 mg / 5 mL SUSPENSION ORAL,3.82,matched,score=0.836
cobeca,"AZITROMICINA SUSP 200MG/5ML 22,5ML ALESS",20726,7597758000152,3.1,5486,AZITROMICINA 200 mg / 5 mL SUSPENSION ORAL,5.17,matched,score=0.701
cobeca,AZITROMICINA TAB 500 MG X 5 CALOX,28778,7591519000979,2.35,5448,AZITROMICINA 500 mg TABLETAS RECUBIERTAS,3.92,matched,score=0.929
cobeca,AZITROMICINA TAB 500MG X3 CLX,11009,7591519002027,1.77,2913,AZITROMICINA 500mg COMPRIMIDOS RECUBIERTOS,2.95,matched,score=0.957
cobeca,AZITROMICINA TAB 500MG X3 CR DIST,22839,7598252101116,1.9,2913,AZITROMICINA 500mg COMPRIMIDOS RECUBIERTOS,3.17,matched,score=0.957
cobeca,AZITROMICINA TAB 500MG X3 ZUZU,52556,7599608000534,2.02,2913,AZITROMICINA 500mg COMPRIMIDOS RECUBIERTOS,3.37,matched,score=0.957
cobeca,AZITROMICINA TAB 500MG X5 ALESS,20504,7597758000145,1.88,5448,AZITROMICINA 500 mg TABLETAS RECUBIERTAS,3.13,matched,score=0.820
cobeca,AZITROMICINA TAB 500MG X5 DIST,53620,7598252002154,3.61,2913,AZITROMICINA 500mg COMPRIMIDOS RECUBIERTOS,6.02,matched,score=0.957
cobeca,AZITROMICINA TAB REC 500MG X5 ADN,53256,53256,3.21,2913,AZITROMICINA 500mg COMPRIMIDOS RECUBIERTOS,5.35,matched,score=0.798
cobeca,AZITROMICINA TAB REC 500MG X5 PHARME,11567,7703763700219,3.37,2913,AZITROMICINA 500mg COMPRIMIDOS RECUBIERTOS,5.62,matched,score=0.798
cobeca,AZITROMICINA TAB REC 500MG X5 VLM,92571,7591020007597,5.06,3349,AZITROMICINA 500 mg TABLETAS RECUBIERTAS,8.43,matched,score=0.800
cobeca,AZITROMICINA TAB/REC 500MG X 3 LA SANTE,29496,7592454120852,2.27,,,,sin_match,score_bajo
cobeca,AZUCARADAS LONCH DISP 25G X6,16111,7591039385365,1.88,,,,sin_match,sin_candidato
cobeca,AZUCARADAS MAIZORITOS 240G,18047,7591039725772,2.47,,,,sin_match,no farmaco
cobeca,AZUFRE 25G X12 RECETT,14828,7594001452089,9.51,,,,sin_match,no farmaco
cobeca,AZUFRE PMDA 10% 60G RECETT,14392,7594001451396,5.59,,,,sin_match,no farmaco
cobeca,AZUFRE PVO 20G,29773,7591616001510,1.21,,,,sin_match,sin_candidato
cobeca,AZUFRE PVO 25G X20 FCH,16592,7592141000269,27.01,,,,sin_match,sin_candidato
cobeca,AZUL D/METILENO 30ML LYA,25445,7599028000299,2.45,,,,sin_match,no farmaco
cobeca,AZUL D/METILENO BIOFARCO 30ML,52646,7591616000360,2.27,,,,sin_match,no farmaco
cobeca,AZUTAN COLUT 180ML BIOTECH,15068,7591243803167,5.58,,,,sin_match,no farmaco
cobeca,BACITRACINA UNG 15G KIMIC,52,7592616021010,3.4,1643,BACITRACINA 125 mg/ 15 g UNGUENTO,5.67,matched,score=0.715
cobeca,BACITRACINA UNG 15G MEG,338,7591619505015,5.58,1643,BACITRACINA 125 mg/ 15 g UNGUENTO,9.3,matched,score=0.891
cobeca,BACITRACINA UNG 15G RNV,340,7592806141016,3.91,1643,BACITRACINA 125 mg/ 15 g UNGUENTO,6.52,matched,score=0.891
cobeca,BACITRACINA UNG 500UI 15G SGG,21559,7596347793567,6.96,1882,BACITRACINA 500 UI - g UNGUENTO,11.6,matched,score=0.817
cobeca,BACITRACINA UNG 500UI 15G TIAR,53374,198715202489,3.14,1882,BACITRACINA 500 UI - g UNGUENTO,5.23,matched,score=0.817
cobeca,BACITRACINA UNG 500UI 20G CR DAC,26065,7598578000469,3.12,1882,BACITRACINA 500 UI - g UNGUENTO,5.2,matched,score=0.817
cobeca,BACITRACINA UNG 500UI/G X 20G DISTRILAB,29019,7598252001010,3.95,1882,BACITRACINA 500 UI - g UNGUENTO,6.58,matched,score=0.701
cobeca,BACTEVAL CAP 50MG/250MG X24 VLM,8557,7591020007825,10.05,1761,BACTEVAL 250 mg - 50 mg CAPSULAS,16.75,matched,score=0.654
cobeca,"BACTIN D SOL OFT 0,3%/0,1% 5ML CAPSUV",27854,7598055000302,10.58,,,,sin_match,sin_candidato
cobeca,"BACTIN SOL/OFT 0,3% 5ML CAPSUV",23330,7598055000050,7.57,,,,sin_match,sin_candidato
cobeca,BACTRIM FORTE TAB 800/160MG X10 MEY,26896,7707355055923,29.94,3516,BACTRON FORTE 160 mg - 800 mg TABLETAS,49.9,matched,score=0.606
cobeca,BACTRIM TAB 400/80MG X20 MEY,26897,7707355055916,32.61,,,,sin_match,sin_candidato
cobeca,BACTRIZOL SOL INY 5MG/ML 100ML BHR,7496,7592637005501,8.56,575,BACTRIZOL 5 mg / mL SOLUCION INYECTABLE PARA INFUSION INTRAVENOSA,14.27,matched,score=0.650
cobeca,BACTROCIS CREM 8MG 20G BOOZ,18939,7597072000227,3.06,,,,sin_match,sin_candidato
cobeca,BACTRON FORTE TAB 160/800MG X10 RNV,9770,7592806133530,8.76,3516,BACTRON FORTE 160 mg - 800 mg TABLETAS,14.6,matched,score=0.654
cobeca,BACTRON SUSP 100ML RNV,344,7592806122015,5.04,,,,sin_match,score_bajo
cobeca,BACTRON TAB 80MG X20 RNV,345,7592806133073,7.27,1846,BACTRON 80 mg - 400 mg TABLETAS,12.12,matched,score=0.620
cobeca,"BACUMER CREM 2%/2,5%/1% 20G BOOZ",18942,7597072000258,4.05,,,,sin_match,sin_candidato
cobeca,BALANZA CORP DOVANT BIANOVA 300,54445,7597830008083,34.2,,,,sin_match,no farmaco
cobeca,BALSADER PMDA 30G KIMIC,2521,7592616030012,2.78,,,,sin_match,no farmaco
cobeca,BALSAMO LABIAL DERNIER REPARADOR X 20G,28496,7598084000854,3.68,,,,sin_match,no farmaco
cobeca,BALSAMO LIMP DERNIER 50ML,52900,7598084001370,7.45,,,,sin_match,no farmaco
cobeca,BAN INTIMO PERLAVIS FEMME BIO PLUS 360ML,29511,7593090002458,10.61,,,,sin_match,no farmaco
cobeca,BAÑ/INTIMO PERLAVIS FEMME 200ML,99903,7593090000324,5.47,,,,sin_match,no farmaco
cobeca,BAÑ/INTIMO PERLAVIS FEMME 360ML,13425,7593090000508,9.35,,,,sin_match,no farmaco
cobeca,BAÑ/INTIMO PERLAVIS FEMME TEENS 200ML,15022,7593090000768,5.73,,,,sin_match,no farmaco
cobeca,BAÑ/INTIMO PERLAVIS HOMME 200ML,99902,7593090000348,10.32,,,,sin_match,no farmaco
cobeca,BANDAS ADH ELAST ZUVISS PIEL X20,51925,7597297001696,1.55,,,,sin_match,no farmaco
cobeca,BANDAS ADH ELAST ZUVISS REDOND PIEL X25,51924,7597297001702,1.54,,,,sin_match,no farmaco
cobeca,BANDAS ADH ZUVISS ELAST MIX PIEL X20,53044,7597297001399,1.54,,,,sin_match,no farmaco
cobeca,BANDAS ADH ZUVISS ELAST MIX TRANSP X20,53045,7597297001344,1.54,,,,sin_match,no farmaco
cobeca,BANTINA TAB 100MG X 30 ANGELUS,28533,7598176000731,9.38,,,,sin_match,sin_candidato
cobeca,BARGONIL UNG 2% 30G MEG,90926,7591955000052,26.23,2322,BARGONIL 2 % UNGUENTO,43.72,matched,score=0.629
cobeca,BARGONIL UNG RECTAL 10G MEG,9756,7591955000045,13.64,5232,"LIT 10,8 g - 4,05 g / 67,5 mL SOLUCION RECTAL",22.73,matched,score=0.734
cobeca,BARRA DERMISA CARBON 85G,29448,766989000362,13.13,,,,sin_match,sin_candidato
cobeca,BARRA DERMO BRUCEN CLEAN P/GRASA 90G,28872,7592090000556,4.88,,,,sin_match,sin_candidato
cobeca,BARRA DERMO BRUCEN CLEAN P/MIXTA 90G,28873,7592090000563,4.88,,,,sin_match,sin_candidato
cobeca,BARRA DERMO BRUCEN CLEAN P/SECA 90G,28871,7592090000570,5.8,,,,sin_match,sin_candidato
cobeca,BARRA DERMO LIMP BRUCEN KIDS 90G,52007,7592090000587,5.8,,,,sin_match,sin_candidato
cobeca,BARRA DERMOLIMP BIOS BEBE LAVANDA X90G,29660,7595481000470,3.13,,,,sin_match,sin_candidato
cobeca,BARRA DERMOLIMP BIOS BEBE MANZANILLAX90G,29659,7595481000463,3.19,,,,sin_match,sin_candidato
cobeca,BARRA DERMOLIMP BIOS BEBE NEUTRO X 90G,29658,7595481000364,2.9,,,,sin_match,score_bajo
cobeca,BARRA DERMOLIMP BIOS BLU X 80G,29663,7595481000432,2.55,,,,sin_match,sin_candidato
cobeca,BARRA DERMOLIMP BIOS LIMP/FAC X 90G,29661,7595481000456,2.93,,,,sin_match,sin_candidato
cobeca,BARRA DERMOLIMP BIOS MAXPRO X 80G,29662,7595481000425,2.58,,,,sin_match,sin_candidato
cobeca,BARRA LIMP BIODERMA ATODERM INTEN 150G,34100,3401399373527,24.3,,,,sin_match,sin_candidato
cobeca,BARRA NATURE VALLEY TRAIL MIX 35G X48,52241,016000439894,72,,,,sin_match,sin_candidato
cobeca,BARRA PRO BAR CARAM SALADO 70G DISP X12,53734,853152100414,73.65,,,,sin_match,sin_candidato
cobeca,BARRA PRO BAR PEANUT/CHOCO 70G DISP X12,53735,853152100391,73.65,,,,sin_match,sin_candidato
cobeca,BARROCUTINA GEL FAC INVISIBLE 20G FC,16884,7593090002199,8.64,,,,sin_match,sin_candidato
cobeca,BARROCUTINA GEL LIMP FAC 120ML FC,20040,7593090002397,13.34,,,,sin_match,sin_candidato
cobeca,BASE D/COLOSTOM PLUSMEDIC 57MM SOB X10,50099,7597467002232,79.86,,,,sin_match,score_bajo
cobeca,BASE FLUIDA LUMED TONO CLA 40G,50897,7703281001515,24.68,,,,sin_match,no farmaco
cobeca,BASE P/PASTA SACHET BECHAMEL 50G X24,27022,7702024014911,27.8,,,,sin_match,no farmaco
cobeca,BASTON D/ALUM DOVANT 1 PUNTO,53821,7597830006157,14.9,,,,sin_match,no farmaco
cobeca,BASTON D/RASTREO NEXT STEP,53645,7590175000118,15.63,,,,sin_match,no farmaco
cobeca,BAYGON ESPIRAL X12,15379,7591005006010,2.81,,,,sin_match,no farmaco
cobeca,BB CREM ZOAH A/EDAD CLARO 50ML,21586,7596211001071,5.38,,,,sin_match,sin_candidato
cobeca,BB CREM ZOAH A/EDAD MEDIO 50ML,21587,7596211001088,5.38,,,,sin_match,sin_candidato
cobeca,BEBIDA ACHOCOLATADA LIQ TIGO 200ML,51723,7598986001720,0.96,,,,sin_match,no farmaco
cobeca,BEBIDA D/ALMENDRAS VILAY S/AZU 1L,54182,7804671930245,3.56,,,,sin_match,no farmaco
cobeca,BEBIDA HIDRAT GOING LIMON D/COCO 10G X24,53729,7709990042955,52.02,,,,sin_match,no farmaco
cobeca,BEBIDA HIDRAT GOING UVA 10G X24,53725,7709417858732,52.02,,,,sin_match,no farmaco
cobeca,BEBIDA LACTEA PVO MONTAÑA FRESCA 125G,27331,7596914000395,1.81,,,,sin_match,score_bajo
cobeca,BEBIDA LACTEA PVO MONTAÑA FRESCA 400G,25523,7596914000401,5.35,,,,sin_match,score_bajo
cobeca,BEBIDA LACTEA PVO MONTAÑA FRESCA 900G,27330,7596914000418,11.68,,,,sin_match,score_bajo
cobeca,BEBIDA PVO NESQUIK CHOCO 570G,52439,28000428433,10.4,,,,sin_match,sin_candidato
cobeca,BEBIDA PVO NESQUIK FRESA 532G,52440,28000846794,6.91,,,,sin_match,score_bajo
cobeca,BECLOMETASONA INH 100MCG X200 DOSIS ZUZU,53782,7599608003832,10.05,,,,sin_match,no farmaco
cobeca,BECLOMETASONA INH 250MCG X200D ZUZU,54510,54510,18.82,,,,sin_match,no farmaco
cobeca,BECLOMETASONA INH 250MCG X200DOSIS KMP,53489,8908010870281,17.46,,,,sin_match,no farmaco
cobeca,BECLOMETASONA INH 50MCG X200 DOSIS ZUZU,53783,7599608003825,7.45,,,,sin_match,no farmaco
cobeca,"BECUTENPLUS CREM 0,05/1/0,5% 30G TIAR",53379,198715024036,3.77,,,,sin_match,sin_candidato
cobeca,"BEDEX SOL BUCAL 0,15% 120ML PLX",28364,7594001101871,4.97,,,,sin_match,score_bajo
cobeca,BEHKACIN SOL INY 500MG/2ML X1 BHR.,52498,7592637000872,4.14,545,BEHKACIN 500 mg / 2 mL SOLUCION INYECTABLE,6.9,matched,score=0.726
cobeca,BENCIDAMINA SOL BUCAL 120ML COFA,7555,7591818139004,3.36,2572,"BENCIDAMINA CLORHIDRATO 0,15 % SOLUCION TOPICA BUCAL",5.6,matched,score=0.725
cobeca,BENCIDAMINA SOL BUCAL 240ML COFA,13344,7591818513118,5.11,2572,"BENCIDAMINA CLORHIDRATO 0,15 % SOLUCION TOPICA BUCAL",8.52,matched,score=0.725
cobeca,BENDAMEN SUSP 100MG/5ML 30ML MEY,4846,7592601100201,11.42,1945,BENDAMEN 100 mg / 5 mL SUSPENSION,19.03,matched,score=0.684
cobeca,BENDAMEN TAB 100MG X6 MEY,4845,7592601100218,8.77,1928,BENDAMEN 100 mg TABLETAS,14.62,matched,score=0.726
cobeca,BENFLUX JBE 120ML PLN,7034,7592348203005,4.01,,,,sin_match,score_bajo
cobeca,BENFLUX TAB X20 PLN,7033,7592348203104,5.35,2130,BENFLUX 30 mg TABLETAS,8.92,matched,score=0.619
cobeca,BENZODIAZOL TAB MAST LIMON X16 MEY,98627,7592601301561,4.56,4714,"BENZODIAZOL 0,25 mg - 5 mg PASTILLAS SABOR A LIMON - MIEL",7.6,matched,score=0.786
cobeca,BENZODIAZOL TAB MAST MENTA X16 MEY,4439,7592601100881,4.56,1811,"BENZODIAZOL 0,25 mg - 5 mg PASTILLAS SABOR A MENTA",7.6,matched,score=0.603
cobeca,"BENZODIAZOL TAB MAST NAR 0,25/5MGX16 MEY",97347,7592601301509,4.56,,,,sin_match,score_bajo
cobeca,BENZODIAZOL TAB TUTTI FRUTI DISP X4 MEY,25260,7592601303480,29.34,3119,"BENZODIAZOL 0,25 mg - 5 mg PASTILLAS SABOR A TUTTI FRUTTI",48.9,matched,score=0.659
cobeca,BENZODIAZOL TAB TUTTI FRUTI X16 MEY,4220,7592601100874,4.56,3119,"BENZODIAZOL 0,25 mg - 5 mg PASTILLAS SABOR A TUTTI FRUTTI",7.6,matched,score=0.643
cobeca,BENZODIAZOL TABMAST LIM/MIEL X16 SIEG,97346,7592601301516,4.56,,,,sin_match,no farmaco
cobeca,"BEPRODERM CREM 0,05%/0,1% 15G BIOTECH",94044,7591244803609,6.23,4431,"BEPRODERM 0,05 % - 0,1 % CREMA",10.38,matched,score=0.688
cobeca,BEPROSPEN SUSP INY 7MG/ML + JER X1 BIOT,6249,7591243803730,11.51,,,,sin_match,sin_candidato
cobeca,BEPROSPEN SUSP/INY 7MG/ML X 1 AMP,50750,7591243803754,9.12,,,,sin_match,sin_candidato
cobeca,BERBERINA CAP 500MG X60 HERB,54293,7592710006234,25.17,,,,sin_match,sin_candidato
cobeca,BERRO JBE 120ML RECETT,20897,7594001452348,3.51,,,,sin_match,sin_candidato
cobeca,BERRO JBE 240ML ARC IRIS,13658,7592946168560,10.65,,,,sin_match,sin_candidato
cobeca,BERRO JBE X 180ML BIOF,50340,7591616002258,4.97,,,,sin_match,sin_candidato
cobeca,BERRYDOPHILUS TAB/MAST 2BILLION X 60,50168,733739029362,22.86,,,,sin_match,sin_candidato
cobeca,BETADAC SUSP INY 4MG/3MG/ML X1 CR DAC,52954,7598578001114,4.27,,,,sin_match,sin_candidato
cobeca,BETADERM GENTAMICINA CREM 15G BIOTECH,4155,7591243804041,6.03,1798,"BETADERM CON GENTAMICINA 0,1 % - 0,1 % CREMA",10.05,matched,score=0.737
cobeca,"BETADEX CREM 15G 0,1% LIALI",24647,021281083261,1.81,,,,sin_match,sin_candidato
cobeca,BETADINE JAB 180ML FAR,16973,7591821210820,14.3,,,,sin_match,score_bajo
cobeca,BETADINE SOL 120ML FAR,98861,7591821210813,8.73,2228,BETADINE 8 % SOLUCION TOPICO BUCAL,14.55,matched,score=0.650
cobeca,"BETADUO INY 6,460MG/2,631MG/1ML X1 VIV",27221,7703153041212,8.74,4329,"BETADUO 6,430 mg - 2,631 mg / mL SUSPENSION INYECTABLE",14.57,matched,score=0.625
cobeca,"BETAGEMER CREM 0,1%/0,1% 20G BOOZ",18945,7597072000289,4.52,,,,sin_match,sin_candidato
cobeca,BETAGEN AMP 4MG/1ML X1 BIOTECH,4359,7591243804287,4.86,406,BETAGEN 4 mg / mL SOLUCION INYECTABLE,8.1,matched,score=0.761
cobeca,BETAGEN SOL INY 12MG/3ML X1 BIOTECH,13138,7591243804331,8.21,736,BETAGEN 12 mg / 3 mL SOLUCION INYECTABLE,13.68,matched,score=0.739
cobeca,BETAGEN SOLSPEN AMP 1ML X1 BIOTECH,460,7591243804409,9.04,1797,BETAGEN SOLSPEN SUSPENSION INYECTABLE,15.07,matched,score=0.714
cobeca,BETAHISTINA COMP REC 16MG X20 ZUZU,52557,7599608000558,5.51,4436,BETAHISTINA 16 mg TABLETAS RECUBIERTAS,9.18,matched,score=0.737
cobeca,BETAHISTINA TAB 16MG X20 FMED,51762,8908020242283,2.02,4436,BETAHISTINA 16 mg TABLETAS RECUBIERTAS,3.37,matched,score=0.859
cobeca,BETAHISTINA TAB 16MG X20 PHARME,94008,7592454002400,7.99,4436,BETAHISTINA 16 mg TABLETAS RECUBIERTAS,13.32,matched,score=0.859
cobeca,"BETAME/GENTA/CLOTR CREM 0,5/1/10MG ALESS",51995,7597758000848,2.48,,,,sin_match,sin_candidato
cobeca,"BETAMER CREM 0,1% 20G BOOZ",18944,7597072000265,4.31,,,,sin_match,sin_candidato
cobeca,BETAMET/CLOTRIM/GENTAM CREM 30G KM,54317,6942189530272,3.97,,,,sin_match,sin_candidato
cobeca,"BETAMETASONA CREM 0,05% 20G HM",52431,0736372692252,2.71,5595,"BETAMETASONA - GENTAMICINA - CLOTRIMAZOL 0,5 mg - 1 mg - 10 mg CREMA",4.52,matched,score=0.739
cobeca,"BETAMETASONA CREM 0,5% 20G ANG/H",25682,7598677000025,4.4,5595,"BETAMETASONA - GENTAMICINA - CLOTRIMAZOL 0,5 mg - 1 mg - 10 mg CREMA",7.33,matched,score=0.739
cobeca,BETAMETASONA INY 4MG/1ML X1 VLM,2117,7591020003209,4.27,812,BETAMETASONA 4mg/mL SOLUCION INYECTABLE,7.12,matched,score=0.913
cobeca,BETAMETASONA SOL INY 8MG/2ML X10 CR DIST,52826,7598252001973,17.88,812,BETAMETASONA 4mg/mL SOLUCION INYECTABLE,29.8,matched,score=0.783
cobeca,"BETAMETASONA/LORAT JBE 0,05/1MG 100ML HM",52422,0736372692269,1.04,,,,sin_match,score_bajo
cobeca,"BETAPLUS CREM 0,05% 20G PORTU",50813,7750215001547,2.99,,,,sin_match,sin_candidato
cobeca,"BETARRETIN CREM 0,025% 30G MEG",30764,7591619517841,11.95,,,,sin_match,score_bajo
cobeca,"BETARRETIN CREM 0,05% 30G MEG",30766,7591619517858,14.42,,,,sin_match,score_bajo
cobeca,"BETARRETIN GEL 0,025% 30G MEG",1848,7591619517834,13.38,,,,sin_match,score_bajo
cobeca,BETARRETIN H CREM 5% 30G MEG,38981,7591619517865,16.1,,,,sin_match,score_bajo
cobeca,BETARRETIN H LOC 5% 60ML MEG,38980,7703333007205,20.52,,,,sin_match,score_bajo
cobeca,"BETARRETIN LOC 0,05% 60ML MEG",1847,7703333007007,19.35,,,,sin_match,score_bajo
cobeca,"BETASALICIS CREM 0,1%/0,05% 20G BOOZ",20708,7597072001149,4.03,,,,sin_match,sin_candidato
cobeca,"BETASKIN CREM TOP 0,05% 15G TIAR",53377,198715246605,2.51,,,,sin_match,sin_candidato
cobeca,BETASOL UNG 30G SEF,50804,8906175450003,5.78,,,,sin_match,sin_candidato
cobeca,BETAYODINE SOL 10% X100ML LYA,25497,7599028000275,8.45,,,,sin_match,sin_candidato
cobeca,BETAYODINE SOL/JAB LYA 10% X 100 ML,28749,7599028000282,8.87,,,,sin_match,sin_candidato
cobeca,BEUSAN JBE CEBOLLA MORAD 240ML HERB,16631,7592710001260,5.32,,,,sin_match,sin_candidato
cobeca,BEUSAN JBE EXPECTORANTE 240ML HERB,16630,7592710001277,6.07,,,,sin_match,sin_candidato
cobeca,BEUSAN JBE PLUS 240ML HERB,16632,7592710001253,6.07,,,,sin_match,sin_candidato
cobeca,"BEXADERM CREM 1%/0,01%/0,05% 20G PORTU",50814,7750215015810,3.27,,,,sin_match,sin_candidato
cobeca,BEXILON JAB 4MG/5ML 120ML PLX,6874,7594001100065,3.53,1970,BEXILON 4 mg /  5 mL JARABE,5.88,matched,score=0.655
cobeca,BICARBONATO D/SOD 20G LYA,25470,7599028000619,1.7,,,,sin_match,no farmaco
cobeca,BICARBONATO D/SOD 25G X30 FCH,16593,7592141000313,38.57,,,,sin_match,no farmaco
cobeca,BICARBONATO D/SOD SOL INY 5% 100ML BHR,4842,7592637000100,11.09,,,,sin_match,score_bajo
cobeca,"BICOL COMP REC 160/12,5MG X14 MEY",25232,7592601303626,14.18,,,,sin_match,sin_candidato
cobeca,"BICOL COMP REC 80MG/12,5MG X14 MEY",25253,7592601303602,7.45,,,,sin_match,sin_candidato
cobeca,"BILOL TAB REC 2,5MG X10 ALESS",27624,7597758000978,1.15,5524,"BILOL 2,5 mg TABLETAS RECUBIERTAS",1.92,matched,score=0.647
cobeca,BIOCOR AMLO TAB REC 20MG/5MG X30 CLX,17705,7591519316247,14.88,5150,BIOCOR AMLO 20 mg - 5 mg TABLETAS RECUBIERTAS,24.8,matched,score=0.645
cobeca,BIOCOR AMLO TAB REC 40MG/5MG X30 CLX,17706,7591519316230,22.3,5151,BIOCOR AMLO 40 mg - 5 mg TABLETAS RECUBIERTAS,37.17,matched,score=0.645
cobeca,BIOCOR TAB REC 20MG X30 CLX,15627,7591519000146,12.62,5150,BIOCOR AMLO 20 mg - 5 mg TABLETAS RECUBIERTAS,21.03,matched,score=0.622
cobeca,BIOCOR TAB REC 40MG X30 CLX,15628,7591519000122,21.66,5139,BIOCOR 40 mg TABLETAS RECUBIERTAS,36.1,matched,score=0.684
cobeca,"BIOCOR/HCT TAB 20MG/12,5MG X30 CLX",18989,7591519316254,16.13,5150,BIOCOR AMLO 20 mg - 5 mg TABLETAS RECUBIERTAS,26.88,matched,score=0.705
cobeca,"BIOCOR/HTC TAB REC 40MG/12,5MG X30 CLX",17707,7591519316261,19.47,,,,sin_match,score_bajo
cobeca,BIODERMA PHOTODERM AR SPF50+ 30ML,30279,3701129803707,32.78,,,,sin_match,no farmaco
cobeca,BIODERMA PIGMENTBIO DAILY SPF50+ 40ML,30288,3701129800072,41.19,,,,sin_match,no farmaco
cobeca,BIODERMA PIGMENTBIO NIGHT RENEWER 50ML,30289,3701129800089,52.18,,,,sin_match,no farmaco
cobeca,BIODERMA PIGMENTBIO SENSITIVE AREAS 75ML,30290,3701129800096,41.19,,,,sin_match,no farmaco
cobeca,BIODERMA SEBIUM H2O SOL X 100 ML,93732,3401395376935,20.09,,,,sin_match,sin_candidato
cobeca,BIOFENIT AMP IV/IM 250MG/5ML X10 CR BIO,51642,7598455000391,12.64,,,,sin_match,sin_candidato
cobeca,BIOMYCIN SOL OFT 3MG/ML X5ML CR BIO,54458,7598455000742,3.4,,,,sin_match,score_bajo
cobeca,BIOS SYNDET LIGHTFILL 400ML,97466,7595481000029,21.44,,,,sin_match,no farmaco
cobeca,BIOSONA PVO LIOFIZ VIAL 500MG X1 CR BIO,54454,7598455000032,12.53,,,,sin_match,score_bajo
cobeca,BIOTALOL COM/REC 2.5MG X 10,30302,7591585317179,3.68,4428,"BIOTALOL 2,5 mg COMPRIMIDOS RECUBIERTOS",6.13,matched,score=0.658
cobeca,BIOTALOL COM/REC 5 MG X 10,30301,7591585517166,5.11,4428,"BIOTALOL 2,5 mg COMPRIMIDOS RECUBIERTOS",8.52,matched,score=0.669
cobeca,"BIOTALOL COMP REC 1,25MG X30 LETI",26929,7591585117137,10.56,5225,"BIOTALOL 1,25 mg COMPRIMIDOS RECUBIERTOS",17.6,matched,score=0.632
cobeca,BIOTALOL COMP REC 10MG X30 LETI,98614,7591585217141,19.46,4472,BIOTALOL 10 mg COMPRIMIDOS RECUBIERTOS,32.43,matched,score=0.632
cobeca,"BIOTALOL COMP REC 2,5MG X30 LETI",98616,7591585217172,11,4428,"BIOTALOL 2,5 mg COMPRIMIDOS RECUBIERTOS",18.33,matched,score=0.679
cobeca,BIOTALOL COMP REC 5MG X30 LETI,98615,7591585217165,13.55,4428,"BIOTALOL 2,5 mg COMPRIMIDOS RECUBIERTOS",22.58,matched,score=0.679
cobeca,"BIOTALOL HCT COMP 10MG/6,25MG X30 LETI",51791,7591585313324,20.87,4472,BIOTALOL 10 mg COMPRIMIDOS RECUBIERTOS,34.78,matched,score=0.744
cobeca,"BIOTALOL HCT COMP 5MG/6,25MG X30 LETI",51790,7591585313317,23.29,4428,"BIOTALOL 2,5 mg COMPRIMIDOS RECUBIERTOS",38.82,matched,score=0.768
cobeca,"BIOTALOL HCT COMP REC 2,5/6,25MGX30 LETI",53196,7591585313300,11.5,,,,sin_match,score_bajo
cobeca,BIOTIC HC SOL 1% X5ML CR BIO,54456,7598455000469,8.23,,,,sin_match,sin_candidato
cobeca,"BIOTILOL SOL OFT 0,5% X10 ML CR BIO",54457,7598455000520,3.95,,,,sin_match,sin_candidato
cobeca,BIOTINA CAP 5000MCG X30 VAL,23186,617748376306,11.75,,,,sin_match,sin_candidato
cobeca,BIOTOPIX SPF50+ 50G,21465,7640137413910,33.12,,,,sin_match,no farmaco
cobeca,BIPRIN CAP BLD 300MG X10 VIV,9940,7592432002576,7.45,2381,BIPRIN 300 mg CAPSULAS BLANDAS,12.42,matched,score=0.606
cobeca,"BIPROLIL COM/REC 1,25MG X 30",29528,7592349001846,5.1,6916,"BIPROLIL HCT 5 mg - 6,25 mg COMPRIMIDOS RECUBIERTOS",8.5,matched,score=0.637
cobeca,"BIPROLIL COMP REC 2,5MG X15 VARG",20719,7592349723618,3.42,6916,"BIPROLIL HCT 5 mg - 6,25 mg COMPRIMIDOS RECUBIERTOS",5.7,matched,score=0.685
cobeca,"BIPROLIL COMP REC 2,5MG X30 VARG",27780,7592349001563,5.61,6916,"BIPROLIL HCT 5 mg - 6,25 mg COMPRIMIDOS RECUBIERTOS",9.35,matched,score=0.685
cobeca,BIPROLIL COMP REC 5MG X15 VARG,20718,7592349723557,4.87,6916,"BIPROLIL HCT 5 mg - 6,25 mg COMPRIMIDOS RECUBIERTOS",8.12,matched,score=0.685
cobeca,BIPROLIL COMP REC 5MG X30 VARG,27781,7592349001570,6.36,6916,"BIPROLIL HCT 5 mg - 6,25 mg COMPRIMIDOS RECUBIERTOS",10.6,matched,score=0.685
cobeca,"BIPROLIL HCT COMP REC 2,5/6,25MGX30 VARG",51584,7592349002294,6.92,,,,sin_match,score_bajo
cobeca,"BIPROLIL HCT COMP REC 5/6,25MG X30 VARG",54525,7592349003437,6.92,6916,"BIPROLIL HCT 5 mg - 6,25 mg COMPRIMIDOS RECUBIERTOS",11.53,matched,score=0.606
cobeca,BIRGIT COMP REC 100MG X10 MEG,28299,7730969307676,4.42,,,,sin_match,score_bajo
cobeca,BIRGIT COMP REC 100MG X30 MEG,28300,7730969307669,16.23,,,,sin_match,score_bajo
cobeca,BIRGIT PLUS COM/REC 50MG/1000MG X 30,28731,7730969307706,28.18,,,,sin_match,score_bajo
cobeca,BIRGIT PLUS COMP REC 50MG/500MG X30 MEG,28302,7730969307683,23.12,,,,sin_match,score_bajo
cobeca,BIRGIT PLUS COMP REC 50MG/850MG X30 MEG,52040,7730969300004,28.57,,,,sin_match,score_bajo
cobeca,BISACODILO TAB 5MG X 10 FM,28708,8906082151406,1.83,6379,BISACODILO 5 mg TABLETAS GASTRORRESISTENTES,3.05,matched,score=0.891
cobeca,"BISMUALIV SUSP/ORAL 87,33MG/5ML X 150ML",29167,7750215021927,5.38,,,,sin_match,sin_candidato
cobeca,BISOBLOC TAB 10MG X30 GFARM,15693,7406076105404,13.97,,,,sin_match,score_bajo
cobeca,"BISOBLOC TAB 2,5MG X30 GFAR",19046,7406076106012,9.16,4836,"BISOBLOC H 5 mg - 6,25 mg TABLETAS RECUBIERTAS",15.27,matched,score=0.770
cobeca,BISOBLOC TAB 5MG X30 GFAR,19048,7406076103554,12.14,4836,"BISOBLOC H 5 mg - 6,25 mg TABLETAS RECUBIERTAS",20.23,matched,score=0.770
cobeca,"BISOBLOC/HCT TAB 10MG/6,25MG X30 GFARM",15694,7406076103998,16.48,,,,sin_match,score_bajo
cobeca,"BISOBLOC/HCT TAB 2,5MG/6,25MG X30 GFAR",19047,7406076105022,11.47,4836,"BISOBLOC H 5 mg - 6,25 mg TABLETAS RECUBIERTAS",19.12,matched,score=0.624
cobeca,"BISOBLOC/HCT TAB 5/6,25MG X30 GFAR",19057,7406076105305,16.48,4836,"BISOBLOC H 5 mg - 6,25 mg TABLETAS RECUBIERTAS",27.47,matched,score=0.618
cobeca,"BISOPROLOL FUM TAB 2,5MG X30 ALESS",20505,7597758000114,3.13,4522,BISOPROLOL FUMARATO 5 mg TABLETAS RECUBIERTAS,5.22,matched,score=0.781
cobeca,"BISOPROLOL FUMARATO COMP 2,5MG X30 LETI",98667,7591585177179,6.28,4606,"BISOPROLOL FUMARATO - HIDROCLOROTIZIDA 2,5 mg - 6,25 mg COMPRIMIDOS RECUBIERTOS",10.47,matched,score=0.938
cobeca,BISOPROLOL FUMARATO COMP 5MG X30 LETI,98668,7591585177162,8.18,4606,"BISOPROLOL FUMARATO - HIDROCLOROTIZIDA 2,5 mg - 6,25 mg COMPRIMIDOS RECUBIERTOS",13.63,matched,score=0.938
cobeca,"BISOPROLOL TAB 1,25MG X 30 CALOX",97000,7591519009132,3.86,3966,"BISOPROLOL FUMARATO - HIDROCLOROTIAZIDA 5 mg - 6,25 mg TABLETAS",6.43,matched,score=0.902
cobeca,BISOPROLOL TAB 10MG X30 ANG/H,21371,7598176000205,2.48,5410,BISOPROLOL FUMARATO 10 mg COMPRIMIDOS RECUBIERTOS,4.13,matched,score=0.859
cobeca,BISOPROLOL TAB 10MG X30 CLX,53140,7591519003550,11.12,6538,BISOPROLOL FUMARATO 10 mg TABLETAS RECUBIERTAS,18.53,matched,score=0.902
cobeca,"BISOPROLOL TAB 2,5MG X 30 CALOX",97002,7591519009149,4.19,6972,BISOPROLOL FUMARATO 5MG TABLETAS RECUBIERTAS,6.98,matched,score=0.957
cobeca,BISOPROLOL TAB 2.5MG X 30 ANGELUS,28513,7598176000571,1.79,4522,BISOPROLOL FUMARATO 5 mg TABLETAS RECUBIERTAS,2.98,matched,score=0.808
cobeca,BISOPROLOL TAB 5MG X 30 CALOX,97001,7591519009156,5.66,6972,BISOPROLOL FUMARATO 5MG TABLETAS RECUBIERTAS,9.43,matched,score=0.957
cobeca,"BISOPROLOL/HCT TAB 2,5/6,25MG X15 ALESS",20507,7597758000091,2.13,6186,"BISOPROLOL FUMARATO 1,25 mg TABLETAS RECUBIERTAS",3.55,matched,score=0.727
cobeca,BITRILVA TAB 100MG X30 ZORIAK,52150,7599112000433,25.74,,,,sin_match,sin_candidato
cobeca,BITRILVA TAB 50MG X 30,30341,7599112000334,22.52,,,,sin_match,sin_candidato
cobeca,"BLOCAX PLUS TAB 16MG/12,5MG X10 BIOT",99775,7591243805406,5.66,4815,"BLOCAX PLUS 16 mg - 12,5 mg TABLETAS",9.43,matched,score=0.641
cobeca,"BLOCAX PLUS TAB 16MG/12,5MG X30 BIOTECH",19969,7591243805420,14.99,4815,"BLOCAX PLUS 16 mg - 12,5 mg TABLETAS",24.98,matched,score=0.641
cobeca,BLOCAX TAB 16MG X10 BIOT,52154,7591243805369,5.09,4815,"BLOCAX PLUS 16 mg - 12,5 mg TABLETAS",8.48,matched,score=0.652
cobeca,BLOCAX TAB 16MG X30 BIOTECH,22092,7591243805376,9.47,4815,"BLOCAX PLUS 16 mg - 12,5 mg TABLETAS",15.78,matched,score=0.652
cobeca,BLOCAX TAB 8MG X 10,13408,7591243805321,3.58,5054,BLOCAX 8 mg TABLETAS,5.97,matched,score=0.645
cobeca,BLOCAX TAB 8MG X30 BIOTECH,15065,7591243805338,7.56,5054,BLOCAX 8 mg TABLETAS,12.6,matched,score=0.661
cobeca,BLOCK CARIBE ESPIRAL DIBUJO X1,26768,7591175020038,3.06,,,,sin_match,no farmaco
cobeca,BLOCK SOLITA CARTULINA/CONSTRUCCION 10H,17089,7591147208327,2.45,,,,sin_match,no farmaco
cobeca,BLOKIUM COMP 100MG X30 LETI,4312,7591585260055,33.76,1965,BLOKIUM 100 mg COMPRIMIDOS,56.27,matched,score=0.617
cobeca,BLOKXA TAB REC 10MG X14 CLX,22594,7591519000405,5.58,,,,sin_match,score_bajo
cobeca,BLOKXA TAB REC 10MG X28 CLX,54278,7591519002942,9.53,,,,sin_match,score_bajo
cobeca,BLOKXA TAB REC 15MG X28 CLX,54279,7591519002959,14.03,,,,sin_match,score_bajo
cobeca,BLOKXA TAB REC 20MG X14 CLX,22837,7591519000429,10.36,,,,sin_match,score_bajo
cobeca,BLOKXA TAB REC 20MG X28 CLX,54280,7591519002966,17.82,,,,sin_match,score_bajo
cobeca,BLUDHES TAB REC 500MG X30 BLUE,50780,7598127002272,11.45,,,,sin_match,sin_candidato
cobeca,BLUFEN PLUS TAB 800MG X10 BLUE/M,23885,7598127000988,0.61,,,,sin_match,sin_candidato
cobeca,BLUXCEDRIN TAB/REC 250MG/250MG/65 X 10,50572,7598127002067,1.53,,,,sin_match,sin_candidato
cobeca,BLUXIMA PVO SUSP 100MG/5ML 60ML BLUE/M,23525,7598127000773,3.9,,,,sin_match,sin_candidato
cobeca,BOLA D/MASAJE KT RECOVERY FRIO/CALOR,51959,814179025029,81.6,,,,sin_match,no farmaco
cobeca,BOLARIA COMP REC 16MG X60 MEG,51002,7460536573639,19.87,,,,sin_match,score_bajo
cobeca,BOLIKRUNCH MUNCHY 85G,15129,7592708000343,1.01,,,,sin_match,no farmaco
cobeca,BOLIKRUNCH XXL X 180G,50412,7592708001371,2.04,,,,sin_match,no farmaco
cobeca,BOLSA D/COLOSTOM PLUSMEDIC 57MM 5PAQ X 2,50100,7597467002249,60.93,,,,sin_match,no farmaco
cobeca,BOLSA D/ORINA BRIUT C/VALVULA 2000ML X10,24384,0723592772611,23.64,,,,sin_match,no farmaco
cobeca,BOLSA D/ORINA PLUSMEDIC ESTERIL 2L X10,21771,7597467000535,10.11,,,,sin_match,no farmaco
cobeca,BOLSA D/SANGRE PLUSMEDIC CPDA-1 450ML X2,54416,7597467003017,10.38,,,,sin_match,no farmaco
cobeca,BOLSA P/HIELO PLUSMEDIC BLESS,53131,7597467002836,8.77,,,,sin_match,no farmaco
cobeca,BOLSO ECOLOGICO AUTANA REUTILIZABLE II,25543,7591525127097,6.87,,,,sin_match,no farmaco
cobeca,BOLSO ECOLOGICO AUTANA REUTILIZABLE III,25544,7591525127103,6.87,,,,sin_match,no farmaco
cobeca,BOLSO ECOLOGICO BAN,25546,7591525127288,6.87,,,,sin_match,no farmaco
cobeca,BOLSO ECOLOGICO LIMON,25545,7591525127264,6.87,,,,sin_match,no farmaco
cobeca,BOMBON NESTLE ESPECIAL 251G,24685,7613039352151,6.8,,,,sin_match,no farmaco
cobeca,BON O BON BLANCO/CREM MANI DISP 15G X 15,50436,0750220941427,9.26,,,,sin_match,sin_candidato
cobeca,BON O BON BLANCO/CREM MANI DISP 15G X 30,50447,7502230942363,9.26,,,,sin_match,sin_candidato
cobeca,BON O BON CHOCO CHOCO DISP 15G X 15,50442,75046910,5.26,,,,sin_match,sin_candidato
cobeca,BON O BON CHOCO-CHOCOFRESA 15G X 5,50439,7500443004748,1.89,,,,sin_match,no farmaco
cobeca,BON O BON CHOCO-COOKIES & CREAM 15G X 30,50437,7500443001785,9.26,,,,sin_match,no farmaco
cobeca,BON O BON CHOCO/CREM MANI DISP 15G X 15,50435,7502230942028,5.26,,,,sin_match,sin_candidato
cobeca,BON O BON CHOCO/CREM MANI DISP 15G X 30,50446,7502230942356,9.26,,,,sin_match,sin_candidato
cobeca,BONAC GEL 4% 30G MEG,9545,7703332003079,18.44,,,,sin_match,score_bajo
cobeca,BONAMES TAB REC 150MG FAR,99210,7591821903326,4.36,,,,sin_match,score_bajo
cobeca,BONITROP GRAG 100MG X20 COFA,7049,7591818213124,7.18,,,,sin_match,sin_candidato
cobeca,BOOZ SPORT CREM 40G BOOZ,22658,7597072001187,2.17,,,,sin_match,sin_candidato
cobeca,BORIFEM CAP/VAG X 30,28551,7597773000397,12.48,,,,sin_match,sin_candidato
cobeca,BORIFEM CREM INTIMA 2% X 25G,28550,7597773000915,9.55,,,,sin_match,sin_candidato
cobeca,BORRADOR KORES DUST NEON X 1,28905,9023800403032,0.61,,,,sin_match,no farmaco
cobeca,BORRADOR NATA 624 X 24,28889,7591447160035,9.62,,,,sin_match,no farmaco
cobeca,BORRADOR SOLITA ATOMIC,15554,7591147018568,1.66,,,,sin_match,no farmaco
cobeca,BOTELLA MANAPLAS ELEGANCE MED X 1.10L,14235,7591161370604,3.24,,,,sin_match,no farmaco
cobeca,BOTELLA MANAPLAS ELEGANCE MINI X 0.29L,14233,7591161370406,1.66,,,,sin_match,no farmaco
cobeca,BOTELLA SAN REMO INDIVIDUAL 810ML,29680,7896359003846,4.81,,,,sin_match,no farmaco
cobeca,BRAL TAB 500MG BLIS 25X4 BIOTECH,577,7591243807127,27.52,,,,sin_match,score_bajo
cobeca,BRASARTAN CAP 80MG X30 FAR,19231,7591821210486,13.04,3681,BRASARTAN 80 mg TABLETAS RECUBIERTAS,21.73,matched,score=0.801
cobeca,"BRASARTAN CTDN TAB REC 80/12,5MG X10 FAR",22883,7591821210615,5.74,5258,"BRASARTAN CTDN 80 mg - 12,5 mg TABLETAS RECUBIERTAS",9.57,matched,score=0.683
cobeca,"BRASARTAN CTDN TAB REC 80/12,5MG X30 FAR",22884,7591821210592,15.81,5258,"BRASARTAN CTDN 80 mg - 12,5 mg TABLETAS RECUBIERTAS",26.35,matched,score=0.683
cobeca,"BRASARTAN CTDN TAB/REC 160MG-12,5MG X 30",29487,7591821210882,32.79,3682,BRASARTAN 160 mg TABLETAS RECUBIERTAS,54.65,matched,score=0.638
cobeca,BREINOX TAB 800MG X30 FAR,4274,7591821902701,15.19,1950,BREINOX 800 mg TABLETAS,25.32,matched,score=0.651
cobeca,BRESIS COMP REC 600MG X20 MEG,54187,7591619001500,8.96,,,,sin_match,score_bajo
cobeca,BRESIS COMP REC 600MG X30 MEG,53310,7591619001517,12.21,,,,sin_match,score_bajo
cobeca,BRESIS PLUS COM/REC 500MG X 30,50579,7460536574025,18.31,,,,sin_match,score_bajo
cobeca,BREXIN GTS 100MG/ML FRESA 15ML COFA,4861,7591818111031,3.1,1932,BREXIN 100 mg / mL SOLUCION ORAL,5.17,matched,score=0.624
cobeca,BREXIN JBE 180MG/5ML 120ML COFA,27031,7591818213407,2.77,,,,sin_match,score_bajo
cobeca,"BRIMOPRESS SOL OFT 0,2% 5ML MEG",13585,7795368001853,14.68,,,,sin_match,score_bajo
cobeca,BRIXIA SOL/OFT X 6ML,1989,7795368001754,12.86,,,,sin_match,score_bajo
cobeca,BRODILIN JBE PED 120ML VARG,253,7591651896805,5.77,,,,sin_match,score_bajo
cobeca,BROFLEMA JBE 8MG/5 ML 120ML BIOTECH,94046,7591243807370,4.03,4627,BROFLEMA 8 mg / 5 mL SOLUCION ORAL,6.72,matched,score=0.638
cobeca,BROFLEMA SOL ORAL 4MG/5ML PED 120ML BIOT,52164,7591243807332,3.78,,,,sin_match,score_bajo
cobeca,BROLAT JBE 5MG/30MG 60ML MEY,98628,7592601301585,6.68,,,,sin_match,score_bajo
cobeca,BROLAT TAB 5MG/30MG X10 MEY,98629,7592601301578,4.9,4807,BROLAT 5 mg - 30 mg TABLETAS,8.17,matched,score=0.658
cobeca,BROM D/IPRAT INH 20MCG X200D ZUZU,54511,7599608003788,13.32,,,,sin_match,no farmaco
cobeca,BROM IPRAT-SALB INH 20/100MCG X200 ZUZU,54509,7599608003856,16.65,,,,sin_match,no farmaco
cobeca,BROM IPRATROP INH 20MCGX200DOSIS CR DIST,20951,7598252101536,26.94,,,,sin_match,no farmaco
cobeca,BROMAZEPAM COM 3 MG X 30 MEGALABS,1301,7594000490198,8.44,2841,BROMAZEPAM 3 mg COMPRIMIDOS,14.07,matched,score=0.867
cobeca,BROMAZEPAM COMP 6MG X30 MEG,1302,7594000490204,10.13,2842,BROMAZEPAM 6 mg COMPRIMIDOS,16.88,matched,score=0.935
cobeca,BROMECOR JBE 4MG/5ML 120ML BIOQ,22402,7594000850077,4.05,,,,sin_match,sin_candidato
cobeca,BROMEXINA JBE 100ML COFA,8068,7591818132029,1.9,2200,CLORHIDRATO DE BROMEXINA 8 mg / 5 mL JARABE.,3.17,matched,score=0.722
cobeca,BROMEXINA JBE 120ML PLN,7482,7592348204002,3.65,2200,CLORHIDRATO DE BROMEXINA 8 mg / 5 mL JARABE.,6.08,matched,score=0.722
cobeca,BROMEXINA JBE 4MG/5ML 120ML BIOQ,14190,7594000850985,4.45,4829,BROMEXINA CLORHIDRATO 4 mg / 5 mL JARABE,7.42,matched,score=0.759
cobeca,BROMEXINA JBE 8MG/5ML 120ML ADN,27452,8906045435260,3.18,2200,CLORHIDRATO DE BROMEXINA 8 mg / 5 mL JARABE.,5.3,matched,score=0.802
cobeca,BROMHEXINA CLORH JBE 8MG/ML 120ML BIOQ,26229,7594000851562,4.53,3493,BROMHEXINA CLORHIDRATO 8 mg / 5 mL JARABE,7.55,matched,score=0.771
cobeca,BROMHEXINA JBE PED4MG/5ML 120ML PHARME,11549,7592454891448,4.57,3790,BROMHEXINA CLORHIDRATO 8 mg/5ml JARABE,7.62,matched,score=0.759
cobeca,BROMURO D/IPRATROP INH 20MCG X200 KMP,53473,6921875011400,26.23,,,,sin_match,no farmaco
cobeca,BROMURO D/IPRATROP SOL 250MCG/20ML MEDV,51171,7501125160639,16.1,6789,BROMURO DE IPRATROPIO 20 mcg / DOSIS SOLUCIÓN PARA INHALACIÓN ORAL,26.83,matched,score=0.666
cobeca,BROMURO D/TIOTROP INH 9MCG X200D KMP,53468,8908010870274,39.99,,,,sin_match,no farmaco
cobeca,BRONCEADOR BIORGANIC CREM SPF 4 X 200G,28957,7598084000892,3.34,,,,sin_match,sin_candidato
cobeca,BRONCEADOR DERNIER CREM SPF 2 X 75G,28952,7598084000984,5.37,,,,sin_match,sin_candidato
cobeca,BRONCEADOR DERNIER CREM SPF 2 X1605G,28953,7598084000991,5.63,,,,sin_match,sin_candidato
cobeca,BROXOL ALERG SOLORAL30/5/5ML 100MLPHARME,99360,7592454889513,8.05,,,,sin_match,no farmaco
cobeca,BROXOL FLEM JBE AD 120ML PHARME,6826,7592454000437,8.01,,,,sin_match,score_bajo
cobeca,BROXOL FLEM JBE PED 120ML PHARME,6828,7592454000444,6.79,,,,sin_match,score_bajo
cobeca,BROXOL GRIP JBE PED 120ML PHARME,7595,7592454000734,6.77,,,,sin_match,score_bajo
cobeca,BROXOL JBE PED 50/5ML S/AZU 120ML PHARME,94208,7592454002127,5.62,,,,sin_match,score_bajo
cobeca,BROXOL TOS AD S/AZUC JBE X 120 ML,94207,7592454002110,6.83,,,,sin_match,score_bajo
cobeca,BRUDOL COMP REC 200MG/65MG X20 ELM,16419,7591062901105,3.97,,,,sin_match,score_bajo
cobeca,BRUDOL COMP REC 400MG/65MG X20 ELM,16420,7591062901082,4.58,,,,sin_match,score_bajo
cobeca,BRUGESIC COMP 400MG X10 ELM,22102,7591062902546,2.06,1857,BRUGESIC 400 mg COMPRIMIDOS,3.43,matched,score=0.678
cobeca,BRUGESIC COMP REC 200MG X10 ELM,99048,7591062902379,1.71,,,,sin_match,score_bajo
cobeca,BRUGESIC FORTE COMP 800MG X10 ELM,27805,7591062000150,6.09,4840,BRUGESIC FORTE 800 mg COMPRIMIDOS,10.15,matched,score=0.704
cobeca,BRUGESIC FORTE PED SUSP 60ML ELM,92984,7591062013082,3.61,3820,BRUGESIC FORTE 200 mg / 5 mL SUSPENSION ORAL,6.02,matched,score=0.604
cobeca,BRUGESIC GRAG 600MG X10 ELM,10221,7591062902539,3.22,,,,sin_match,score_bajo
cobeca,BRUGESINA COMP REC 300MG/10MG X10 ELM,24972,7591062010616,5.13,,,,sin_match,score_bajo
cobeca,BRUMA SOLAR AGRADO FACIAL SPF 50+ X 75ML,50243,8433295062132,8.7,,,,sin_match,no farmaco
cobeca,BUCALEX CARAM 3MG X10 DISK,54047,7840274608273,2.84,,,,sin_match,no farmaco
cobeca,BUCOFAINA TAB 3MG MIEL/LIMON X12 MAGNA,53370,7599516000022,2.87,5026,BUCOXOLGAR 3 mg - 1 mg TABLETAS MASTICABLES SABOR A MIEL LIMON,4.78,matched,score=0.666
cobeca,"BUCOXOLGAR 0,15/0,25 % MIEL120ML PHARME",19883,7592454891356,5.55,,,,sin_match,no farmaco
cobeca,"BUCOXOLGAR 0,15/0,25% F/ROJ 120ML PHARME",19885,7592454891332,5.55,,,,sin_match,no farmaco
cobeca,"BUCOXOLGAR 0,15/0,25% MENTA 120ML PHARME",19884,7592454891349,5.55,,,,sin_match,no farmaco
cobeca,BUCOXOLGAR TAB MAST 3/1MG F/ROJX10PHARME,19870,7592454891363,3.77,,,,sin_match,score_bajo
cobeca,BUCOXOLGAR TAB MAST 3/1MG MENTX10 PHARME,19868,7592454891370,4.18,,,,sin_match,score_bajo
cobeca,BUDECORT AER INH 200MCG X100DOSIS L.O,4201,7591196002112,12.86,,,,sin_match,score_bajo
cobeca,BUDECORT SUSP P/INH 1 MG/ML X 15ML,30268,7591196000668,13.5,,,,sin_match,score_bajo
cobeca,BUDENAS SUSP ATO 1MG X200DOSIS L.O,7177,7591196000644,17.16,,,,sin_match,score_bajo
cobeca,BUDENAS SUSP NASAL GTS 32MCG 15ML L.O,14768,7591196006134,16.64,1758,MONOSULPA SOLUCION NASAL,27.73,matched,score=0.625
cobeca,BUDEQUIT SUSP INH 1MG/1ML X10ML CR 2N,54403,8908000942455,5.64,7133,BUDEQUIT 1 mg / mL SUSPENSION PARA INHALACION ORAL,9.4,matched,score=0.610
cobeca,BUDESONIDA INH 100MCG X200 DOSIS ZUZU,53784,7599608003801,6.86,,,,sin_match,no farmaco
cobeca,BUDESONIDA INH 200MCG X200DOSIS CR DIST,20950,7598252101529,16.82,,,,sin_match,no farmaco
cobeca,BUDESONIDA INH PED 50MCG X200DOSIS MDF,4804,7591096000898,21.27,,,,sin_match,score_bajo
cobeca,BUDESONIDA/FORMOTEROL SUSP P/INH 120D KM,54319,8908010870267,19.14,,,,sin_match,score_bajo
cobeca,BUMELEX AMP 2ML X3 MEG,6678,7591955001004,11.17,465,"BUMELEX 0,5 mg / 2 mL SOLUCION INYECTABLE",18.62,matched,score=0.752
cobeca,BUMELEX COM 1 MG X 30,50048,7591619001050,19.87,1960,BUMELEX 1 mg COMPRIMIDOS,33.12,matched,score=0.752
cobeca,BUMELEX COMP 1MG X16 MEG,1999,7591955000991,10.39,1960,BUMELEX 1 mg COMPRIMIDOS,17.32,matched,score=0.752
cobeca,BUMETIN RETARD TAB 300MG X20 PHARME,8304,7703763861002,12.05,3031,BUMETIN RETARD 300 mg TABLETAS DE LIBERACION PROLONGADA,20.08,matched,score=0.711
cobeca,"BUPIVACAINA INY 0,50% 10ML MEDV",21715,7501125112430,4.68,1333,BUPIVACAINA 50 mg/10 mL SOLUCIÓN INYECTABLE,7.8,matched,score=0.902
cobeca,BURETA PLUSMEDIC CALIBRA/ESTE 150ML X10,21773,7597467000504,23.4,,,,sin_match,no farmaco
cobeca,BURETA PLUSMEDIC CALIBRA/ESTER 100ML X10,21772,7597467000498,22.5,,,,sin_match,no farmaco
cobeca,BUSCOSYN TAB 10MG X20 DOLLY,27802,8908010763101,6.21,,,,sin_match,sin_candidato
cobeca,BUTAL TAB REC 8MG X20 SIEG,52802,7592601000327,7.05,,,,sin_match,score_bajo
cobeca,BUTAL TAB/REC 16MG X 10 MEYER,28648,7592601000372,7.56,,,,sin_match,score_bajo
cobeca,BUTAL TAB/REC 16MG X 20 MEYER,28649,7592601000389,14.38,,,,sin_match,score_bajo
cobeca,BUTILAMINA COMP TAB REC X20 PLX,92797,7594001101451,7.24,1987,BUTILAMINA COMPUESTA 10 mg - 250 mg TABLETAS RECUBIERTAS,12.07,matched,score=0.633
cobeca,BUTILATT PLUS TAB 500MG/10MG X10 CR LATT,29997,756029628328,5.58,,,,sin_match,sin_candidato
cobeca,BUTILATT TAB 10MG X10 CR LATT,29995,756029628304,5.19,,,,sin_match,sin_candidato
cobeca,BUTILBROM D/HIOSCINA TAB 10MG X10 DIST,52175,7598252101413,5.69,4036,ACETAMINOFEN - HIOSCINA N BUTIL BROMURO 500 mg-10mg TABLETAS RE,9.48,matched,score=0.734
cobeca,BUTILBROM D/HIOSCINA TAB 10MGX10 BLUE/M,23872,7598127001053,1.84,4036,ACETAMINOFEN - HIOSCINA N BUTIL BROMURO 500 mg-10mg TABLETAS RE,3.07,matched,score=0.674
cobeca,BUTILBROM D/HIOSCINA TAB 10MGX14 CR LATT,23096,0720524031129,3.9,4036,ACETAMINOFEN - HIOSCINA N BUTIL BROMURO 500 mg-10mg TABLETAS RE,6.5,matched,score=0.674
cobeca,BUTILLAT SOL ORAL 5MG/5ML 20ML CR LATT,54438,756029628380,3.27,,,,sin_match,sin_candidato
cobeca,BUTOSOL INH X200DOSIS MDF,11410,7591096000027,17.87,,,,sin_match,no farmaco
cobeca,BUTROPINA GTS PED 20ML VIN,2752,7592782000338,6.49,,,,sin_match,score_bajo
cobeca,CAB-5 TAB 5MG X30 CAPSUV,23314,7598055000258,2.64,,,,sin_match,sin_candidato
cobeca,CABERTRIX COM 0.5MG X 4,29371,7730979090568,10.55,4214,"CABERTRIX 0,5 mg COMPRIMIDOS",17.58,matched,score=0.787
cobeca,CABEZAL P/CEPILLO ICEBERG SONIC KIDS X2,51923,7597297001641,7.54,,,,sin_match,no farmaco
cobeca,CABEZALES CEPILLO DENT ICEBERG X2,51198,7597297001481,5.83,,,,sin_match,sin_candidato
cobeca,CABOZERO CAP X60 HERB,52363,7592710005589,13.29,,,,sin_match,sin_candidato
cobeca,CADENA P/LENTES KATENA ACRILICA VARIOS,54091,8696466872934,6.25,,,,sin_match,no farmaco
cobeca,CADENA P/LENTES KATENA VARIOS,54090,8696466872927,3.75,,,,sin_match,no farmaco
cobeca,CAFE LA PROTECTORA GOURMET 100G,51658,7592192000119,1.45,,,,sin_match,no farmaco
cobeca,CAFE LA PROTECTORA GOURMET 200G,51659,7592192000102,2.91,,,,sin_match,no farmaco
cobeca,CAFE LA PROTECTORA GOURMET 250G,51660,7592192000096,3.79,,,,sin_match,no farmaco
cobeca,CAFE LA PROTECTORA GOURMET 500G,51661,7592192000089,7.28,,,,sin_match,no farmaco
cobeca,CAFE NESCAFE CLASICO DECAF 100G,54289,028000544652,7.59,,,,sin_match,no farmaco
cobeca,CAFE OSOLE X 200G,50279,7595826004576,2.64,,,,sin_match,no farmaco
cobeca,CAFE OSOLE X 500G,50280,7595826004590,6.57,,,,sin_match,no farmaco
cobeca,CAFE SAN DOMINGO 1KG,28419,7591137000030,19.22,,,,sin_match,no farmaco
cobeca,CAFE SAN DOMINGO 200G,28508,7591137000207,3.84,,,,sin_match,no farmaco
cobeca,CAFE SAN DOMINGO 500G,28418,7591137000214,9.61,,,,sin_match,no farmaco
cobeca,CAFE VERDE CAP 450MG X60 HERB,52349,7592710003134,10.45,,,,sin_match,sin_candidato
cobeca,CALAMICIS LOC 200ML BOOZ,20715,7597072001163,3.9,,,,sin_match,sin_candidato
cobeca,CALAMINA LOC/TOPICA REFRESC X 110ML BIOF,50338,7591616002227,4.97,,,,sin_match,score_bajo
cobeca,CALAMINA LOC/TOPICA REFRESC X 180ML BIOF,50339,7591616002234,7.06,,,,sin_match,score_bajo
cobeca,CALCIBON D TAB REC 1500MG/800UI X30 FAR,51482,7591821210905,12.76,,,,sin_match,score_bajo
cobeca,CALCIBON NATAL FORTE TAB X30 FAR,92668,7591821102071,10.56,2656,CALCIBON 200 mg TABLETAS RECUBIERTOS,17.6,matched,score=0.691
cobeca,CALCIFOR PRENATAL TAB X 30,50725,7597189295202,16.42,,,,sin_match,sin_candidato
cobeca,CALCIO C/VIT D TAB 600MG X30 NAT NUT,92654,669238000185,11.61,,,,sin_match,score_bajo
cobeca,CALCIO/MAGNES/ZINC CAP X60 CR DP,16664,7592253000959,4.94,3937,CITRATO DE CALCIO 1190 mg TABLETAS MASTICABLES SABOR A MANDARINA,8.23,matched,score=0.628
cobeca,CALCIO/VIT D TAB 600MG/400UIX60 ARC IRIS,27174,7592946001508,9.29,,,,sin_match,score_bajo
cobeca,CALCITREX D3 TAB 950MG/200UI X30 L.O,5529,7591196003065,14.49,2868,CALCITREX 950 mg TABLETAS,24.15,matched,score=0.708
cobeca,CALDO D/POLLO MAGGY DISP 35G X12,20475,7591016205334,9.07,,,,sin_match,sin_candidato
cobeca,CALEN/MANZ/ZAB GEL 60G RECETT,26378,7594001453376,4.4,,,,sin_match,sin_candidato
cobeca,CALMOX TAB 15MG X10 MEY,644,7592601100751,6.82,2757,CALMOX 15 mg TABLETAS,11.37,matched,score=0.622
cobeca,CALMOX TAB 15MG X20 MEY,24411,7592601100799,9.21,2757,CALMOX 15 mg TABLETAS,15.35,matched,score=0.622
cobeca,"CALMOX TAB 7,5MG X10 MEY",643,7592601100744,5.32,2756,"CALMOX 7,5 mg TABLETAS",8.87,matched,score=0.655
cobeca,CALOXPIRINA TAB 81MG X30 CLX,92195,7591519008487,2.09,3914,CALOXPIRINA 81 mg TABLETAS ENTERICAS,3.48,matched,score=0.859
cobeca,CALOXPIRINA TAB ENTERICAS 81MG X100,29545,7591519001105,5.52,3914,CALOXPIRINA 81 mg TABLETAS ENTERICAS,9.2,matched,score=0.900
cobeca,CALPAL D TAB 1500MG X30 BIOTECH,94325,7591243807554,15.95,3274,CALPAL D 316 mg - 300 UI TABLETAS RECUBIERTAS,26.58,matched,score=0.750
cobeca,CAMOLYN PLUS SOL OFT 15ML,50811,7591196000651,5.02,,,,sin_match,score_bajo
cobeca,CAMPAL CREM 1% 50G MEY,23013,7592601303558,12.84,2128,CAMPAL 50 mg TABLETAS ENTERICAS,21.4,matched,score=0.656
cobeca,CAMPAL CREM 20G MEY,7898,7592601100232,8.16,,,,sin_match,score_bajo
cobeca,"CAMPAL GEL 1,16 % 25G SIEG",53178,7592601000624,5.01,,,,sin_match,score_bajo
cobeca,"CAMPAL GEL 1,16% 50G SIEG",53179,7592601000631,8.95,2128,CAMPAL 50 mg TABLETAS ENTERICAS,14.92,matched,score=0.688
cobeca,CAMPAL GRAG X20 MEY,6581,7592601100249,5.95,2128,CAMPAL 50 mg TABLETAS ENTERICAS,9.92,matched,score=0.750
cobeca,"CANDER HCT TAB 16MG/12,5MG X30 VLM",99153,7591020080620,15.31,4860,"CANDER HCT 16 mg - 12,5 mg TABLETAS",25.52,matched,score=0.883
cobeca,"CANDER HCT TAB 8MG/12,5MG X30 VLM",99154,7591020080637,10.66,4860,"CANDER HCT 16 mg - 12,5 mg TABLETAS",17.77,matched,score=0.781
cobeca,CANDER TAB 16MG X 10,50516,7591020009539,4.83,4860,"CANDER HCT 16 mg - 12,5 mg TABLETAS",8.05,matched,score=0.850
cobeca,CANDER TAB 16MG X30 VLM,91995,7591020008303,12.27,4860,"CANDER HCT 16 mg - 12,5 mg TABLETAS",20.45,matched,score=0.859
cobeca,CANDER TAB 32MG X 30,14972,7591020080804,18.93,5013,CANDER 32 mg TABLETAS,31.55,matched,score=0.753
cobeca,CANDER TAB 32MG X15 VLM,51481,7591020009584,10.58,5013,CANDER 32 mg TABLETAS,17.63,matched,score=0.764
cobeca,CANDER TAB 8MG X 10,50515,7591020009522,3.34,4143,CANDER 8 mg TABLETAS,5.57,matched,score=0.787
cobeca,CANDER TAB 8MG X30 VLM,91994,7591020008297,8.59,4143,CANDER 8 mg TABLETAS,14.32,matched,score=0.796
cobeca,CANDESARTAN CILEXET COMP 16MG X30 GVN,52804,7591585376510,14.05,6691,CANDESARTAN CILEXETILO 16 mg COMPRIMIDOS,23.42,matched,score=0.852
cobeca,CANDESARTAN CILEXETIL TAB 16MG X 30 GENC,50190,7591020008815,10.21,6691,CANDESARTAN CILEXETILO 16 mg COMPRIMIDOS,17.02,matched,score=0.878
cobeca,CANDESARTAN CILEXETIL TAB 8MG X10 GENCER,94869,7591020007559,2.65,6144,"CANDESARTAN CILETEXILO – HIDROCLOROTIAZIDA 8 mg – 12,5 mg TABLETAS RECUBIERTAS",4.42,matched,score=0.796
cobeca,CANDESARTAN CILEXTILO COMP 16MG X10 LETI,53047,7591585276513,4.84,6691,CANDESARTAN CILEXETILO 16 mg COMPRIMIDOS,8.07,matched,score=0.907
cobeca,CANDESARTAN COMP 8MG X10 LETI,51789,7591585276506,2.94,3014,CANDESARTAN 8 mg COMPRIMIDOS,4.9,matched,score=0.935
cobeca,CANDESARTAN COMP 8MG X30 LETI,14216,7591585376503,7.74,3014,CANDESARTAN 8 mg COMPRIMIDOS,12.9,matched,score=0.935
cobeca,CANDESARTAN COMP REC 16MG X28 ADN,53248,0896112611429,4.35,3456,CANDESARTAN CILEXETIL 16 mg TABLETAS,7.25,matched,score=0.737
cobeca,CANDESARTAN COMP REC 8MG X28 ADN,27454,8906112611412,2.73,3455,CANDESARTAN CILEXETIL 8 mg TABLETAS,4.55,matched,score=0.770
cobeca,CANDESARTAN TAB 16MG X 10 GENCER,94868,7591020007566,3.82,3456,CANDESARTAN CILEXETIL 16 mg TABLETAS,6.37,matched,score=0.717
cobeca,CANDESARTAN TAB 16MG X10 PHARME,17970,7592454891189,3.34,3456,CANDESARTAN CILEXETIL 16 mg TABLETAS,5.57,matched,score=0.859
cobeca,CANDESARTAN TAB 16MG X30 CLX,30260,7591519000962,7.75,3456,CANDESARTAN CILEXETIL 16 mg TABLETAS,12.92,matched,score=0.859
cobeca,CANDESARTAN TAB 16MG X30 CR DIST,24420,7598252101710,8.49,3456,CANDESARTAN CILEXETIL 16 mg TABLETAS,14.15,matched,score=0.859
cobeca,CANDESARTAN TAB 16MG X30 PHARME,23501,7592454889902,9.78,3456,CANDESARTAN CILEXETIL 16 mg TABLETAS,16.3,matched,score=0.859
cobeca,CANDESARTAN TAB 16MG X30 ZUZU,52559,7599608000107,7.53,3456,CANDESARTAN CILEXETIL 16 mg TABLETAS,12.55,matched,score=0.859
cobeca,CANDESARTAN TAB 8MG X 30 ANGELUS,28516,7598176000694,2.64,4319,CANDESARTAN 8 mg TABLETAS,4.4,matched,score=0.808
cobeca,CANDESARTAN TAB 8MG X 30 GENCER,50362,7591020008808,7.34,4319,CANDESARTAN 8 mg TABLETAS,12.23,matched,score=0.788
cobeca,CANDESARTAN TAB 8MG X10 PHARME,24120,7592454003360,2.64,3014,CANDESARTAN 8 mg COMPRIMIDOS,4.4,matched,score=0.891
cobeca,CANDESARTAN TAB 8MG X30 CLX,30261,7591519001006,5.91,3014,CANDESARTAN 8 mg COMPRIMIDOS,9.85,matched,score=0.891
cobeca,CANDESARTAN TAB 8MG X30 PHARME,23944,7592454889919,7.23,3014,CANDESARTAN 8 mg COMPRIMIDOS,12.05,matched,score=0.891
cobeca,CANDESARTAN TAB REC 16MG X30 DAC,51918,7598578000780,3.6,3456,CANDESARTAN CILEXETIL 16 mg TABLETAS,6,matched,score=0.737
cobeca,CANDETIQUE TAB 16MG X30 PHARME,27011,7592454003551,10.89,5780,CANDETIQUE 16 mg TABLETAS,18.15,matched,score=0.693
cobeca,"CANDEXIL PLUS TAB 16MG/12,5MG X28 DORO",21685,8699525014344,11.58,,,,sin_match,sin_candidato
cobeca,"CANDEXIL PLUS TAB 32MG/12,5MG X28 DORO",21686,8699525014351,14,,,,sin_match,sin_candidato
cobeca,CANDIDA SUPPORT CAP X 90,50663,733739033086,33.95,,,,sin_match,sin_candidato
cobeca,CANELA MCCORMICK MOLIDA 51G,18251,7591141100900,5.12,,,,sin_match,no farmaco
cobeca,CANELA RECETT ASTILLA 10G X12,20889,7594001452232,27.58,,,,sin_match,no farmaco
cobeca,CANFIR COMP LP 500MG X30 LETI,14294,7591585112620,22.2,4852,CANFIR 500 mg COMPRIMIDOS RECUBIERTOS DE LIBERACION PROLONGADA,37,matched,score=0.756
cobeca,CANTIP COMP 16MG X 30,29751,7593090002830,7.9,6566,CANTIP 16 mg COMPRIMIDOS,13.17,matched,score=0.695
cobeca,CANTIP COMP 8MG X 30,29750,7593090002823,6.6,6565,CANTIP 8 mg COMPRIMIDOS,11,matched,score=0.729
cobeca,CANULA D/OXIGENO GIDAGUS NASAL PED,27671,7597478000807,0.96,7348,OXIGENO MEDICINAL,1.6,matched,score=0.833
cobeca,CANULA D/OXIGENO PLUSMEDIC NASAL AD,21774,7597467000511,1.52,,,,sin_match,no farmaco
cobeca,CANULA D/OXIGENO PLUSMEDIC NASAL PED,21775,7597467000528,1.23,7348,OXIGENO MEDICINAL,2.05,matched,score=0.833
cobeca,CANULA YANKAUER PLUSMEDIC,50853,7597467001662,5.27,,,,sin_match,no farmaco
cobeca,CAPTOPRIL COMP 25MG X30 LETI,97972,7591585370167,6.05,2190,CAPTOPRIL 25 mg COMPRIMIDOS,10.08,matched,score=0.902
cobeca,CAPTOPRIL TAB 25MG X20 KIMIC,3029,7592616576145,2.81,2190,CAPTOPRIL 25 mg COMPRIMIDOS,4.68,matched,score=0.691
cobeca,CAPTOPRIL TAB 25MG X20 PHARME,2719,7703763100194,3.82,2162,CAPTOPRIL 25 mg TABLETAS,6.37,matched,score=0.859
cobeca,CAPTOPRIL TAB 25MG X30 BLUE/M,25092,7598127001510,2.66,2162,CAPTOPRIL 25 mg TABLETAS,4.43,matched,score=0.859
cobeca,CAPTOPRIL TAB 25MG X30 CLX,99739,7591519051285,3.86,2162,CAPTOPRIL 25 mg TABLETAS,6.43,matched,score=0.902
cobeca,CAPTOPRIL TAB 25MG X30 KIMIC,53796,7592616761046,3.92,2190,CAPTOPRIL 25 mg COMPRIMIDOS,6.53,matched,score=0.691
cobeca,CAPTOPRIL TAB 50MG X30 CLX,99741,7591519051292,3.88,2161,CAPTOPRIL 50 mg TABLETAS,6.47,matched,score=0.902
cobeca,CAPTOPRIL TAB 50MG X30 PHARME,50926,7592454004138,3.92,2161,CAPTOPRIL 50 mg TABLETAS,6.53,matched,score=0.859
cobeca,CARAM GOMBY DOTZ ACIDITOS 30G DISP X16,53773,7593570000653,11.4,,,,sin_match,sin_candidato
cobeca,"CARAM HALLS CHERRY LYPTUS 25,2G DISP X12",52753,7622210427045,5,,,,sin_match,sin_candidato
cobeca,"CARAM HALLS EXTRASTRONG 24,75G DISP X12",52754,7622202015212,5,,,,sin_match,sin_candidato
cobeca,CARAM HALLS MENTHOL LIPTUS DISP X12,64499,7622210426970,5,,,,sin_match,sin_candidato
cobeca,CARBAMAZEPINA COMP 200MG X30 LETI,99338,7591585278265,10.96,2279,CARBAMAZEPINA 200 mg COMPRIMIDOS,18.27,matched,score=0.922
cobeca,CARBAMAZEPINA COMP 200MG X30 VLM,51392,7591020009393,6.34,2095,CARBAMAZEPINA 200 mg COMPRIMIDOS,10.57,matched,score=0.922
cobeca,CARBAMAZEPINA TAB 200MG X10 ZUZU,52560,7599608000657,1.3,2095,CARBAMAZEPINA 200 mg COMPRIMIDOS,2.17,matched,score=0.878
cobeca,CARBAMAZEPINA TAB 200MG X20 CR DAC,20947,7598578000063,3.72,2095,CARBAMAZEPINA 200 mg COMPRIMIDOS,6.2,matched,score=0.878
cobeca,CARBAMAZEPINA TAB 200MG X20 FMED,51763,8908020242788,2.14,2095,CARBAMAZEPINA 200 mg COMPRIMIDOS,3.57,matched,score=0.878
cobeca,CARBAMAZEPINA TAB 200MG X30 ALESS,20705,7597758000503,3.2,2499,CARBAMAZEPINA 200 mg TABLETAS,5.33,matched,score=0.743
cobeca,CARBAMAZEPINA TAB 200MG X30 ANG/H,23677,7598176000243,4.39,6522,CARBAMAZEPINA 200 mg TABLETAS,7.32,matched,score=0.922
cobeca,CARBAMAZEPINA TAB 200MG X30 BLUE/M,26366,7598127001367,4.31,2095,CARBAMAZEPINA 200 mg COMPRIMIDOS,7.18,matched,score=0.878
cobeca,CARBAMAZEPINA TAB 400MG X 30 ANGELUS,28515,7598176000786,12.43,6714,CARBAMAZEPINA 400 mg TABLETAS,20.72,matched,score=0.726
cobeca,"CARBATIL TAB 12,5MG X30 BIOTECH",6143,7591243807813,8.57,3163,"CARBATIL 12,5 mg TABLETAS",14.28,matched,score=0.783
cobeca,"CARBATIL TAB 6,25 MG X10 BIOT",95748,7591243807998,2.66,3163,"CARBATIL 12,5 mg TABLETAS",4.43,matched,score=0.817
cobeca,"CARBATIL TAB 6,25MG X30 BIOTECH",6142,7591243807820,6.18,3178,"CARBATIL 6,25 mg TABLETAS",10.3,matched,score=0.750
cobeca,CARBONATO D/LITIO CAP 300MG X20 BIOTECH,4553,7591243807868,5.82,3040,CARBONATO DE LITIO 300 mg CAPSULAS,9.7,matched,score=0.720
cobeca,CARBONATO D/LITIO TAB 300MG X 20 FM,28718,8906082151192,2.29,,,,sin_match,score_bajo
cobeca,"CARBOXIMETIL CELUL SOD 0,5% 10ML MED/SUP",51013,796554976082,3.71,,,,sin_match,no farmaco
cobeca,CARDIMAR CAP X90 ARC IRIS,28400,7592946000341,13.41,,,,sin_match,sin_candidato
cobeca,CARDIPIRINA CAP 80MG X30 ZUO,4758,7591651930967,4.68,2954,CARDIPIRINA 80 mg CAPSULAS CON MICROGRANULOS CON CUBIERTA ENTERICA,7.8,matched,score=0.630
cobeca,CARDO LECHOSO CAP 370MG X60 HERB,99683,7592710000416,13.18,,,,sin_match,sin_candidato
cobeca,CARIBAN COMP REC 10MG X30 LETI,99559,7591585111050,16.5,4774,CARIBAN 10 mg-10 mg COMPRIMIDOS ENTERICOS,27.5,matched,score=0.632
cobeca,CARICEL COMR 2MG/30MCG X 21,96044,7591585110114,31.17,,,,sin_match,no farmaco
cobeca,CARLEUNI TAB 25MG/250MG X30 UNIPH,53761,7598852001816,11.21,,,,sin_match,sin_candidato
cobeca,CARNISIN SOL ORAL 1G/10ML UVA 120ML LETI,50337,7591585212320,12.24,4571,CARNISIN 1 g / 10 mL SOLUCION ORAL LIBRE DE AZUCAR,20.4,matched,score=0.624
cobeca,CARTILLA SOLITA INTEG,15556,7591147510062,7.41,,,,sin_match,no farmaco
cobeca,CARTUCHOS DURAVEL M5 X3,52237,7993379210091,4.12,,,,sin_match,no farmaco
cobeca,CARTUCHOS SILUET PRO X2,52235,7993379210206,4.12,,,,sin_match,no farmaco
cobeca,"CARVEDIL TAB 12,5MG X30 BHR",94090,7592637007741,6.75,3211,"CARVEDIL 12,5 mg TABLETAS RECUBIERTAS",11.25,matched,score=0.891
cobeca,"CARVEDIL TAB 6,25MG X30 BHR",94085,7592637007734,4.87,3214,"CARVEDIL 6,25 mg TABLETAS RECUBIERTAS",8.12,matched,score=0.859
cobeca,CARVEDILOL COM 6.25 MG X 30,98456,7591585375636,7.91,2939,"CARVEDILOL 12,5 mg COMPRIMIDOS",13.18,matched,score=0.952
cobeca,"CARVEDILOL COMP 12,5 MG X 30 GENVEN",99061,7591585375643,9.17,2939,"CARVEDILOL 12,5 mg COMPRIMIDOS",15.28,matched,score=0.717
cobeca,"CARVEDILOL COMP 12,5MG X15 LETI",25529,7591585475640,4.94,4582,"CARVEDILOL 6,5mg TABLETAS",8.23,matched,score=0.957
cobeca,"CARVEDILOL COMP 12,5MG X30 CCM",53570,7705959881221,5.08,4582,"CARVEDILOL 6,5mg TABLETAS",8.47,matched,score=0.957
cobeca,CARVEDILOL COMP 25MG X30 CCM,53573,7705959140014,7.88,2940,CARVEDILOL 25 mg COMPRIMIDOS,13.13,matched,score=0.859
cobeca,"CARVEDILOL COMP 6,25MG X15 LETI",25528,7591585475633,4.21,2940,CARVEDILOL 25 mg COMPRIMIDOS,7.02,matched,score=0.902
cobeca,"CARVEDILOL TAB 12,5MG X20 ADN",24657,8906112610460,2.52,4582,"CARVEDILOL 6,5mg TABLETAS",4.2,matched,score=0.957
cobeca,"CARVEDILOL TAB 12,5MG X30 ANG/H",23671,7598176000267,4.19,4582,"CARVEDILOL 6,5mg TABLETAS",6.98,matched,score=0.957
cobeca,"CARVEDILOL TAB 12,5MG X30 CR DIST",24421,7598252101666,6.74,4582,"CARVEDILOL 6,5mg TABLETAS",11.23,matched,score=0.957
cobeca,"CARVEDILOL TAB 12,5MG X30 ZUZU",52561,7599608000701,5.26,4582,"CARVEDILOL 6,5mg TABLETAS",8.77,matched,score=0.957
cobeca,"CARVEDILOL TAB 6,25MG X30 ADN",24656,8906112610477,2.44,2940,CARVEDILOL 25 mg COMPRIMIDOS,4.07,matched,score=0.859
cobeca,"CARVEDILOL TAB 6,25MG X30 ALESS",20706,7597758000466,3.4,3616,"CARVEDILOL 6,25 mg TABLETAS RECUBIERTAS",5.67,matched,score=0.736
cobeca,"CARVEDILOL TAB REC 12,5 MGS X30 PHARMA",52124,7593352000079,2.54,,,,sin_match,score_bajo
cobeca,"CARVEDILOL TAB REC 12,5MG X14 CLX",90196,7591519007053,3.03,4582,"CARVEDILOL 6,5mg TABLETAS",5.05,matched,score=0.835
cobeca,"CARVEDILOL TAB REC 12,5MG X20 KIMIC",24435,7592616576626,4.09,4582,"CARVEDILOL 6,5mg TABLETAS",6.82,matched,score=0.620
cobeca,"CARVEDILOL TAB REC 12,5MG X30 KIMIC",54224,7592616576732,5.75,4582,"CARVEDILOL 6,5mg TABLETAS",9.58,matched,score=0.620
cobeca,"CARVEDILOL TAB REC 12,5MG X30 PHARME",22220,7703763576586,7.03,4582,"CARVEDILOL 6,5mg TABLETAS",11.72,matched,score=0.835
cobeca,CARVEDILOL TAB REC 25MG X14 CLX,90198,7591519007640,4.4,3791,CARVEDILOL 25 mg TABLETAS RECUBIERTAS,7.33,matched,score=0.780
cobeca,CARVEDILOL TAB REC 25MG X20 KIMIC,24436,7592616576657,6.03,,,,sin_match,score_bajo
cobeca,CARVEDILOL TAB REC 25MG X30 KIMIC,54225,7592616576664,8.61,,,,sin_match,score_bajo
cobeca,"CARVEDILOL TAB REC 6,25MG X14 CLX",91208,7591519007633,2.75,3791,CARVEDILOL 25 mg TABLETAS RECUBIERTAS,4.58,matched,score=0.780
cobeca,"CARVEDILOL TAB REC 6,25MG X20 KIMIC",9486,7592616576619,3.39,,,,sin_match,score_bajo
cobeca,"CARVEDILOL TAB REC 6,25MG X30 BLUE/M",26368,7598127001626,2.14,3616,"CARVEDILOL 6,25 mg TABLETAS RECUBIERTAS",3.57,matched,score=0.737
cobeca,"CARVEDILOL TAB REC 6,25MG X30 KIMIC",54223,7592616576718,5.03,,,,sin_match,score_bajo
cobeca,"CARVEDILOL TAB REC 6,25MG X30 PHARMA",52123,7593352000086,2.25,,,,sin_match,score_bajo
cobeca,"CARVEDILOL TAB REC 6,25MG X30 PHARME",22219,7703763712724,5.97,3616,"CARVEDILOL 6,25 mg TABLETAS RECUBIERTAS",9.95,matched,score=0.737
cobeca,CARVEDILOL TAB/REC 12.5MG X 28 CLX,30062,7591519001198,5.18,4582,"CARVEDILOL 6,5mg TABLETAS",8.63,matched,score=0.835
cobeca,CARVEDILOL TAB/REC 25MG X 28 CLX,30061,7591519001204,8.32,3791,CARVEDILOL 25 mg TABLETAS RECUBIERTAS,13.87,matched,score=0.780
cobeca,CARVEDILOL TAB/REC 6.25 MG X 28 CLX,30262,7591519001174,4.92,3791,CARVEDILOL 25 mg TABLETAS RECUBIERTAS,8.2,matched,score=0.767
cobeca,"CARVETOP COMP 12,5MG X 30",29749,7593090002519,6,,,,sin_match,sin_candidato
cobeca,"CARVETOP COMP 6,25MG X 30",29748,7593090002502,5.44,,,,sin_match,sin_candidato
cobeca,CARVIX CAP BLD X30 VIV,6861,7592432009728,8.83,,,,sin_match,score_bajo
cobeca,CASCARA SAGRADA CAP 300MG X60 NAT PREM,13366,7592430000178,9.77,,,,sin_match,sin_candidato
cobeca,CASCARA SAGRADA CAP 430MG X30 HERB,24090,7592710003790,7.79,,,,sin_match,sin_candidato
cobeca,CASCARA SAGRADA CAP 430MG X60 HERB,99649,7592710000447,10.36,,,,sin_match,sin_candidato
cobeca,CASCARA SAGRADA CAP 450MG X100 NOW,6778,733739100245,16.82,,,,sin_match,sin_candidato
cobeca,CASTAÑA D/INDIA CAP 450MG X30 HERB,24091,7592710003806,10.66,,,,sin_match,sin_candidato
cobeca,CASTAÑO D/INDIAS CAP 400MG X60 ARC IRIS,17787,7592946007104,12.86,,,,sin_match,sin_candidato
cobeca,CASTAÑO D/INDIAS CAP 450MG X60 HERB,99650,7592710000454,13.18,,,,sin_match,sin_candidato
cobeca,CASTAÑO D/INDIAS CAP 450MG X60 WALF,28373,7592710004520,11.25,,,,sin_match,sin_candidato
cobeca,CASTAÑO D/INDIAS CAP 500MG X70 ABEJ,51006,7597134002121,9.75,,,,sin_match,sin_candidato
cobeca,CATETER FOLEY 2/VIAS D/LATEX F20 X10,27641,7597478000846,7.5,,,,sin_match,no farmaco
cobeca,CATETER FOLEY 3/VIAS D/LATEX F20 X10,27644,7597478000777,8.75,,,,sin_match,no farmaco
cobeca,CATETER FOLEY 3/VIAS D/SILIC F20 X10,27645,7597478000586,47.11,,,,sin_match,no farmaco
cobeca,CATETER FOLEY BRIUTCARE 2VIAS FR14 X10,53186,645748578307,19.09,,,,sin_match,no farmaco
cobeca,CATETER FOLEY BRIUTCARE 2VIAS FR16 X10,53187,645748578338,19.09,,,,sin_match,no farmaco
cobeca,CATETER FOLEY BRIUTCARE 2VIAS FR18 X10,53188,645748578369,19.09,,,,sin_match,no farmaco
cobeca,CATETER FOLEY BRIUTCARE 2VIAS FR20 X10,53189,645748578390,19.09,,,,sin_match,no farmaco
cobeca,CATETER FOLEY BRIUTCARE 2VIAS FR22 X10,53190,645748578420,19.09,,,,sin_match,no farmaco
cobeca,CATETER FOLEY BRIUTCARE 3VIAS FR20 X10,53191,645748578451,23.77,,,,sin_match,no farmaco
cobeca,CATETER FOLEY BRIUTCARE 3VIAS FR22 X10,53192,645748578482,23.77,,,,sin_match,no farmaco
cobeca,CATETER FOLEY BRIUTCARE 3VIAS FR24 X10,53193,645748578512,28.18,,,,sin_match,no farmaco
cobeca,CATETER FOLEY BRIUTCARE 3VIAS FR26 X10,53194,645748578543,28.18,,,,sin_match,no farmaco
cobeca,CATETER IV PLUSMEDIC N 20 X50,19830,7597467000306,41.89,,,,sin_match,no farmaco
cobeca,CATETER IV PLUSMEDIC N 22 X50,19831,7597467000313,41.89,,,,sin_match,no farmaco
cobeca,CATETER IV PLUSMEDIC N 24 X50,19832,7597467000320,41.89,,,,sin_match,no farmaco
cobeca,CATETER PLUSMEDIC #18 X50,20930,7597467000290,41.47,,,,sin_match,no farmaco
cobeca,CATETER VEINCARE IV N. 14 X 50,30214,7597830005082,32.81,,,,sin_match,no farmaco
cobeca,CATETER VEINCARE IV N. 18 X 50,30215,17595059001288,28.88,,,,sin_match,no farmaco
cobeca,CATETER VEINCARE IV N. 20 X 50,30216,175595059001295,28.88,,,,sin_match,no farmaco
cobeca,CATETER VEINCARE IV N. 22 X 50,30217,17595059001301,28.88,,,,sin_match,no farmaco
cobeca,CATETER VEINCARE IV N. 24 X 50,30218,17595059001318,28.88,,,,sin_match,no farmaco
cobeca,CEBION MINIS TAB MAST X45 X10SOB FAR,8444,7702418004658,68.96,,,,sin_match,score_bajo
cobeca,CEBION TAB EFERV NAR TUBO 1G X10 FAR,5017,7702418004399,9.9,1992,CEBION 1 g TABLETAS EFERVESCENTES SABOR A NARANJA,16.5,matched,score=0.680
cobeca,CEBION TAB MAST TROPI 500MG DISP12X12FAR,3897,7702418004887,51.9,,,,sin_match,score_bajo
cobeca,CEBOLLA MCCORMICK MOLIDA 70G,18254,7591141121004,3.59,,,,sin_match,no farmaco
cobeca,CEDROX CAP 500MG X 10 FC PHARMA,29406,7593090002137,6.42,,,,sin_match,sin_candidato
cobeca,CEDROXYL TAB 500MG X10 ZUZU,52562,7599608000732,3.64,,,,sin_match,sin_candidato
cobeca,CEFADROXILO CAP 500MG X 10 ANGELUS,28517,7598176000380,4.77,2688,CEFADROXILO 500 mg CAPSULAS,7.95,matched,score=0.795
cobeca,CEFADROXILO CAP 500MG X10 BUKA,23703,0675696259997,3.99,2323,CEFADROXILO 500 mg CAPSULAS,6.65,matched,score=0.878
cobeca,CEFADROXILO CAP 500MG X10 CR DIST,21784,7598252101123,5.9,2323,CEFADROXILO 500 mg CAPSULAS,9.83,matched,score=0.878
cobeca,CEFADROXILO CAP 500MG X10 GEAG,51478,8906120990110,7.44,2323,CEFADROXILO 500 mg CAPSULAS,12.4,matched,score=0.878
cobeca,CEFADROXILO CAP 500MG X10 LETI,22822,7591585470225,11.53,2377,CEFADROXILO 500 mg CAPSULAS,19.22,matched,score=0.922
cobeca,CEFADROXILO SUSP 250MG 60ML PHARME,3546,7703763180318,6.92,2876,CEFADROXILO 250 mg / 5 mL POLVO PARA SUSPENSION ORAL,11.53,matched,score=0.714
cobeca,CEFADROXILO SUSP 250MG/5ML 100ML CR DIST,26244,7598252000488,6.99,2876,CEFADROXILO 250 mg / 5 mL POLVO PARA SUSPENSION ORAL,11.65,matched,score=0.701
cobeca,CEFADROXILO SUSP 250MG/5ML 60ML CLX,10096,7591519003208,6.08,2876,CEFADROXILO 250 mg / 5 mL POLVO PARA SUSPENSION ORAL,10.13,matched,score=0.711
cobeca,CEFADROXILO TAB 500MG X10 FMED,53295,8906082150645,2.75,5777,CEFADROXILO 500 mg TABLETAS,4.58,matched,score=0.878
cobeca,CEFADROXILO TAB 500MG X10 KMP,21396,6921875010786,6.1,5777,CEFADROXILO 500 mg TABLETAS,10.17,matched,score=0.878
cobeca,CEFALEXINA SUSP ORAL 125MG/5ML 60ML KM,54318,6942189530210,5.26,4832,CEFALEXINA 125 mg / 5 mL POLVO PARA SUSPENSION ORAL,8.77,matched,score=0.683
cobeca,CEFALOTINA PVO SOL INY 1G X10 CR DIST,51987,7598252001515,67.48,452,CEFALOTINA 1 g POLVO PARA SOLUCION INYECTABLE,112.47,matched,score=0.797
cobeca,CEFAZOLINA SOD PVO SOL INY 1G X10 DIST,51988,7598252001546,72.21,1427,CEFAZOLINA 1g POLVO PARA SOLUCIÓN INYECTABLE,120.35,matched,score=0.722
cobeca,CEFIPLUS CREM VAG 15%/4% 40G DLR,25427,7592803004086,12.19,,,,sin_match,score_bajo
cobeca,CEFIXIMA CAP 400MG X5 LETI,29896,7591585172228,40,4900,CEFIXIMA 400 mg CAPSULAS,66.67,matched,score=0.922
cobeca,CEFIXIMA PVO SUSP 100MG/5ML 60ML CR DIST,21785,7598252101017,8.48,4801,CEFIXIMA 100 mg / 5 mL POLVO PARA SUSPENSION ORAL,14.13,matched,score=0.711
cobeca,CEFIXIMA SUSP PED 100MG/5ML 60ML KMP,53476,0724373570631,8.29,4801,CEFIXIMA 100 mg / 5 mL POLVO PARA SUSPENSION ORAL,13.82,matched,score=0.697
cobeca,CEFIXIMA TAB 400 MG X 5 CALOX,28643,7591519000894,28.13,6973,CEFIXIMA 400 mg TABLETAS RECUBIERTAS,46.88,matched,score=0.833
cobeca,CEFIXIMA TAB 400MG X10 CR DAC,25048,7598578000445,12.35,6824,CEFIXIMA 400 mg TABLETAS DISPERSABLES,20.58,matched,score=0.878
cobeca,CEFIXINA PVO SUS 100MG/5ML PED 60ML LETI,50330,7591585176202,29.98,,,,sin_match,sin_candidato
cobeca,CEFONAX CAP 500MG X16 ELM,11648,7591062112242,10.06,2355,CEFONAX 500 mg CAPSULAS,16.77,matched,score=0.685
cobeca,CEFONAX PVO SUSP ORAL 250MG/5ML 60ML ELM,8218,7591062012320,7.81,,,,sin_match,score_bajo
cobeca,"CEFOPERAZONA SULB PVO/SOL 1,5G X 1 ZUZU",50388,7599608000770,0.97,,,,sin_match,score_bajo
cobeca,CEFOTAS CAP 500MG X 20,30068,7703281021346,12.83,6643,CEFOTAS 500 mg CAPSULAS,21.38,matched,score=0.716
cobeca,CEFOTAS PVO/SUSP 250MG/5ML X 100ML,30069,7703281021353,8.31,,,,sin_match,score_bajo
cobeca,CEFTRIAXONA AMP IM/IV 1G X1 CR GM,51473,0729208249317,2.48,669,CEFTRIAXONA 1 g POLVO PARA SOLUCION INYECTABLE,4.13,matched,score=0.632
cobeca,CEFTRIAXONA PVO SOL INY 1G CR DIST,22842,7598252101564,2.6,524,CEFTRIAXONA 1 g POLVO PARA SOLUCION INYECTABLE,4.33,matched,score=0.859
cobeca,CELAY SOL 5MG/5ML 100ML COFA,96253,7591818215050,3.76,4455,CELAY 5 mg / 5 mL SOLUCION ORAL,6.27,matched,score=0.633
cobeca,CELAY SOL GTS PED 10MG 15ML COFA,2568,7591818111123,1.96,,,,sin_match,score_bajo
cobeca,CELECOXIB CAP 200MG X10 VIN,26739,8904187859432,10.56,5107,CELECOXIB 200 mg CAPSULAS,17.6,matched,score=0.878
cobeca,CELESTREN TAB 0.075MG X28 TIAR,50668,8904250535454,9.77,6957,"CELESTREN 0,075 mg TABLETAS RECUBIERTAS",16.28,matched,score=0.740
cobeca,CELISTIA PVO SUSP ORAL 100/5ML 100ML FC,52067,7593090003080,18.84,,,,sin_match,score_bajo
cobeca,CENTAB-BETA TAB VIT/MINERALES X30 G PHAR,21935,7597189000080,13.67,,,,sin_match,score_bajo
cobeca,CENTELLA ASIATICA CAP 300MG X60 NAT PREM,13363,7592430000185,10.94,,,,sin_match,sin_candidato
cobeca,CENTELLA ASIATICA CAP 450MG X30 HERB,24092,7592710003820,10.66,,,,sin_match,sin_candidato
cobeca,CENTELLA ASIATICA CAP 450MG X60 HERB,99651,7592710000461,11.56,,,,sin_match,sin_candidato
cobeca,CENTELLA ASIATICA CAP 500MG X60 WALF,28368,7592710004506,11.54,,,,sin_match,sin_candidato
cobeca,CENTELLA ASIATICA PLUS TAB 500MG X30 VAL,51350,644197336148,13.69,,,,sin_match,sin_candidato
cobeca,CENTELLA/ALCAC CAP 120/180MGX60 NAT PREM,13362,7592430000031,9.62,,,,sin_match,sin_candidato
cobeca,CENTELLACIS CREM 1% 20G BOOZ,20713,7597072001170,6.42,,,,sin_match,sin_candidato
cobeca,CENTELLALAB CAP 500MG X70 ABEJ,51007,7597134000691,9.77,,,,sin_match,sin_candidato
cobeca,CENTELLASAN CAP 300MG X90 ARC IRIS,7065,7592946005704,13.51,,,,sin_match,sin_candidato
cobeca,CENTRAVIT SILVER 50+ TAB HOMBR X60 ALESS,52813,7597758001173,16.75,,,,sin_match,sin_candidato
cobeca,CENTRAVIT SILVER 50+ TAB MUJER X60 ALESS,52817,7597758001159,17,,,,sin_match,sin_candidato
cobeca,CENTRAVIT TAB HOMBR X60 ALESS,52811,7597758001166,14.7,,,,sin_match,sin_candidato
cobeca,CENTRAVIT TAB MUJER X60 ALESS,52815,7597758001142,15.08,,,,sin_match,sin_candidato
cobeca,CENTRO CAMA CLINICAS X10,15929,7596937000174,6.25,,,,sin_match,no farmaco
cobeca,CENTRO CAMA MIMLOT T U X10,19903,1180201378555,5.4,,,,sin_match,no farmaco
cobeca,CENTRO CAMA TWO5MED X10,27569,7598832000730,7.81,,,,sin_match,no farmaco
cobeca,CENTRO D/CAMA BIO NATURAL X10,53831,7595651000569,5.94,,,,sin_match,no farmaco
cobeca,CENTRO D/CAMA PLUSMEDIC ABSORB 75G X10,50858,7597467002287,8.91,,,,sin_match,no farmaco
cobeca,CENTRO D/CAMA PLUSMEDIC EX ABSOR 75G X10,53133,7597467002898,9.14,,,,sin_match,no farmaco
cobeca,CEPILLO BIO SCRUB DESINFECTANTE,51435,7595651000026,0.62,,,,sin_match,no farmaco
cobeca,CEPILLO BIO SCRUB S/IMPREGNAR,51436,7595651000019,0.43,,,,sin_match,no farmaco
cobeca,CEPILLO DENT COLGATE SLIM CARBON 2PACK,52916,7509546061689,5.91,,,,sin_match,sin_candidato
cobeca,CEPILLO DENT ELECT ICEBERG KIDS GIRL,51199,7597297001634,22.65,,,,sin_match,score_bajo
cobeca,CEPILLO DENT ELECT ICEBERG SONIC PRO,51196,7597297001474,30.17,,,,sin_match,sin_candidato
cobeca,CEPILLO QUIRURG BIO SCRUB IODO,51433,7595651000033,0.62,,,,sin_match,no farmaco
cobeca,CEPILLO/DENT COLGATE 360 LUMIN/WH X2,27588,7509546055152,5.91,,,,sin_match,sin_candidato
cobeca,CEPILLO/DENT COLGATE 360 TOTAL12 ADV X2,24404,7509546072531,5.91,,,,sin_match,sin_candidato
cobeca,CEPILLO/DENT COLGATE 360° M,36930,7891024316160,3.62,,,,sin_match,sin_candidato
cobeca,CEPILLO/DENT COLGATE ENCIAS THERAPY X2,26249,7509546667744,8.05,,,,sin_match,sin_candidato
cobeca,CEPILLO/DENT COLGATE GUMMY SENSITIVE X2,51901,7509546686929,9.58,,,,sin_match,sin_candidato
cobeca,CEPILLO/DENT COLGATE PREMIER CLEAN,20490,6910021007206,1.07,,,,sin_match,sin_candidato
cobeca,CEPILLO/DENT COLGATE PRO CUIDADO SUAV X4,24541,7509546074313,5.05,,,,sin_match,sin_candidato
cobeca,CEPILLO/DENT COLGATE PROCUID CARB 2PACK,54102,7509546694986,4.23,,,,sin_match,sin_candidato
cobeca,CEPILLO/DENT COLGATE SLIMSOFT ADV X2,27041,7891024064313,9.52,,,,sin_match,sin_candidato
cobeca,CEPILLO/DENT COLGATE SLIMSOFT17 CHARCOAL,18570,7891024073070,3.59,,,,sin_match,sin_candidato
cobeca,CEPILLO/DENT COLGATE SMILES NIÑOS 2-5,35221,7591083011098,3.61,,,,sin_match,sin_candidato
cobeca,CEPILLO/DENT COLGATE T/ACCION,97284,7702010631191,1.59,,,,sin_match,score_bajo
cobeca,CEPILLO/DENT COLGATE T/ACCION X2,20486,7702010631207,2.71,,,,sin_match,score_bajo
cobeca,CEPILLO/DENT COLGATE TANDY KIDS +5 X1,19602,7509546074122,1.16,,,,sin_match,sin_candidato
cobeca,CEPILLO/DENT COLGATE TOTAL LIMP ESPUMOSA,53333,7509546693712,3.59,,,,sin_match,score_bajo
cobeca,CEPILLO/DENT COLGATE TWISTER FRESH X2,50764,7702010130250,3.15,,,,sin_match,sin_candidato
cobeca,CEPILLO/DENT COLGATE ZIG ZAG CARB 2PACK,54101,7509546673042,4.23,,,,sin_match,sin_candidato
cobeca,CEPILLO/DENT COLGATE ZIG ZAG CHARCOAL X1,27424,7509546658223,1.6,,,,sin_match,sin_candidato
cobeca,CEPILLO/DENT ICEBERG ACQUA P/AD,20083,7597297000460,0.69,,,,sin_match,sin_candidato
cobeca,CEPILLO/DENT ICEBERG ADVAN PRO CERDA MED,21614,7597297000477,0.7,,,,sin_match,sin_candidato
cobeca,CEPILLO/DENT ICEBERG ADVAN PRO MAN P/AD,20079,7597297000187,0.7,,,,sin_match,sin_candidato
cobeca,CEPILLO/DENT ICEBERG ADVANCED PRO MED,51929,7597297001795,1.05,,,,sin_match,sin_candidato
cobeca,CEPILLO/DENT ICEBERG CRI/CLEAN AD CE/MED,21616,7597297000491,0.65,,,,sin_match,sin_candidato
cobeca,CEPILLO/DENT ICEBERG DASHER P/NIÑOS,20084,7597297000224,0.59,,,,sin_match,sin_candidato
cobeca,CEPILLO/DENT ICEBERG INTERDENT X5,20090,7597297000439,1.93,,,,sin_match,sin_candidato
cobeca,CEPILLO/DENT ICEBERG ORTODONCIA,20091,7597297000415,1.4,,,,sin_match,sin_candidato
cobeca,CEPILLO/DENT ICEBERG PENGUIN P/NIÑOS +3,20086,7597297000248,0.62,,,,sin_match,sin_candidato
cobeca,CEPILLO/DENT ICEBERG SMILE P/NIÑOS,20087,7597297000255,0.56,,,,sin_match,sin_candidato
cobeca,CEPILLO/DENT ICEBERG TOTAL CLEAN MAN AD,20080,7597297000194,0.68,,,,sin_match,score_bajo
cobeca,CEPILLO/DENT ICEBERG WAVE CERD/MEDIA AD,21617,7597297000507,0.43,,,,sin_match,score_bajo
cobeca,CEPILLO/DENT VIAJERO ICEBERG,21618,7597297000514,0.76,,,,sin_match,sin_candidato
cobeca,CERA MR MUSCULO BRILLOSITA 900 ML,98713,7591005980631,4.23,,,,sin_match,no farmaco
cobeca,CERA TAPA AMARILLA NEUTRA X 1L,29681,7592632111450,3.01,,,,sin_match,no farmaco
cobeca,CERA TAPA AMARILLA NEUTRA X 500ML,29682,7592632111306,1.56,,,,sin_match,no farmaco
cobeca,CERA TAPA AMARILLA ROJA X 1L,29683,7592632112451,6.76,,,,sin_match,no farmaco
cobeca,CERA TAPA AMARILLA VERDE X 1L,29684,7592632112454,6.76,,,,sin_match,no farmaco
cobeca,"CERCIORAT COMP 0,75MG X2 CCM",52221,7804656600095,5.94,,,,sin_match,score_bajo
cobeca,CEREAL AROS AVENA ORIG 200G,25174,7591039000503,2.52,,,,sin_match,no farmaco
cobeca,CEREAL CHOCOSAFARI 240G,18048,7591039725789,2.52,,,,sin_match,no farmaco
cobeca,CEREAL CHOCOSAFARI LONC DISP 25G X6,16112,7591039400112,1.88,,,,sin_match,sin_candidato
cobeca,CEREAL FRUTY AROS LONC DISP 20G X6,16108,7591039894270,1.88,,,,sin_match,sin_candidato
cobeca,CEREAL MAH INSTANTANEO 5 CEREALES 200G,28645,854688003903,3.17,,,,sin_match,no farmaco
cobeca,CEREAL MAH INSTANTANEO AVENA 200G,28644,854688003897,2.95,,,,sin_match,no farmaco
cobeca,CEREAL NATURAL MIX BAN/NUECES 270G,50812,7591039996103,3.94,,,,sin_match,no farmaco
cobeca,CEREAL NATURAL MIX GRANOLA/ALMEN 270G,22263,7591039770772,3.94,,,,sin_match,no farmaco
cobeca,CEREAL NESTUM 3 CER 50G,24342,7591016205631,1.17,,,,sin_match,no farmaco
cobeca,CEREAL NESTUM 3 CER BOLS 225G,19749,7591016204801,4.01,,,,sin_match,no farmaco
cobeca,CEREAL NESTUM 5 CER +7M 270G,53807,8445291629356,4.41,,,,sin_match,no farmaco
cobeca,CEREAL NESTUM ARR BOLS 225G,19748,7591016204764,4.01,,,,sin_match,no farmaco
cobeca,CEREAL NESTUM ARR/MAIZ BOLS 225G,19747,7591016204771,4.01,,,,sin_match,no farmaco
cobeca,CEREAL NESTUM CHOCO 270G,54379,7613287140807,4.41,,,,sin_match,no farmaco
cobeca,CEREAL NESTUM TRIGO MIEL BOLS 225G,20068,7591016204825,4.01,,,,sin_match,no farmaco
cobeca,CEREAL POP CRONCH CHOCO 240G,23144,7591039997810,2.52,,,,sin_match,no farmaco
cobeca,CEREAL VIVO CHECK 360G,51612,7800120162212,5.63,,,,sin_match,no farmaco
cobeca,CEREAL VIVO CHECK CACAO 360G,51613,7800120162236,5.63,,,,sin_match,no farmaco
cobeca,CEREAL VIVO CHECK YOGURT 350G,53706,7800120162229,5.63,,,,sin_match,no farmaco
cobeca,CEREAL VIVO LINE INTEGRAL 350G,51619,7800120169204,5.63,,,,sin_match,no farmaco
cobeca,CERELAC BOLS 100G,19758,7591016204559,1.93,,,,sin_match,no farmaco
cobeca,CERELAC BOLS 400G,19759,7591016203729,6.05,,,,sin_match,no farmaco
cobeca,CERELAC BOLS 900G,14383,7591016201244,11.96,,,,sin_match,no farmaco
cobeca,CETERIX SOL ORAL PED 5MG/5ML 60ML MEG,53603,7591619001463,3.7,,,,sin_match,score_bajo
cobeca,CETIDEX SOL ORAL 5MG/5ML 120ML PLX,54330,7594001102496,5.29,7007,CETIDEX 5 mg / 5 mL SOLUCIÓN ORAL,8.82,matched,score=0.693
cobeca,CETIDEX TAB/REC 10MG X10 PLX,54329,7594001102502,1.72,,,,sin_match,score_bajo
cobeca,CETIRIVAX CAP BLD 10MG X10 VIV,1291,7592432001654,1.48,,,,sin_match,sin_candidato
cobeca,CETIRIZINA ALERBLOC TAB 10MG X10 ADN,53255,8906142160874,1.05,2348,CETIRIZINA 10 mg COMPRIMIDOS RECUBIERTOS,1.75,matched,score=0.648
cobeca,CETIRIZINA CLORH COMP 10MG X10 PLX,27580,7594001101802,1.59,5662,CETIRIZINA CLORHIDRATO 10 mg TABLETAS RECUBIERTAS,2.65,matched,score=0.698
cobeca,CETIRIZINA COMP 10MG X10 LETI,11497,7591585174581,4.2,2348,CETIRIZINA 10 mg COMPRIMIDOS RECUBIERTOS,7,matched,score=0.902
cobeca,CETIRIZINA JBE 1MG/ML 60ML KIMIC,7587,7592616083018,2.77,,,,sin_match,score_bajo
cobeca,CETIRIZINA SOL ORAL 5MG/5ML 60ML PHARME,2328,7592454004206,4.3,7178,CETIRIZINA 5 mg/ 5ml   Solucion Oral,7.17,matched,score=0.875
cobeca,CETIRIZINA SOL PED 1M/ML 60ML LETI,1861,7591585174598,4.48,,,,sin_match,score_bajo
cobeca,CETIRIZINA TAB 10MG X10 PHARME,1482,7592454138185,1.47,2348,CETIRIZINA 10 mg COMPRIMIDOS RECUBIERTOS,2.45,matched,score=0.859
cobeca,CETIRIZINA TAB REC 10MG X10 CLX,1505,7591519003024,1.39,2826,CETIRIZINA DICLORHIDRATO 10 mg TABLETAS RECUBIERTAS,2.32,matched,score=0.780
cobeca,CETRAL D SOL ORAL 5MG/5ML 60ML MEY,91326,7592601101147,7.86,4082,CETRAL D 5 mg - 60 mg / 5 mL SOLUCION ORAL,13.1,matched,score=0.806
cobeca,CETRAL SOL GTS 10MG 10ML MEY,645,7592601100706,3.12,2524,CETRAL 10 mg / mL SOLUCION ORAL,5.2,matched,score=0.643
cobeca,CETRAL SOL ORAL 5MG/5ML 60ML MEY,3876,7592601100928,4.64,4082,CETRAL D 5 mg - 60 mg / 5 mL SOLUCION ORAL,7.73,matched,score=0.773
cobeca,CETRAL TAB 10MG X10 MEY,626,7592601100690,1.77,2518,CETRAL 10 mg TABLETAS,2.95,matched,score=0.676
cobeca,CETRIAXIN PVO LIOF INY 1G X1 BLUE/M,52482,7598127000612,3.14,,,,sin_match,sin_candidato
cobeca,CEUMID COMP REC 1000MG X30 MEG,15746,7730699001257,36.36,,,,sin_match,score_bajo
cobeca,CEUMID SOL ORAL 100MG/ML 150ML MEG,15748,7730698012469,32.86,,,,sin_match,score_bajo
cobeca,CEVAX CAP BLD 500MG X15 VIV,20268,7592432901381,4.96,,,,sin_match,score_bajo
cobeca,CEVAX CAP BLD VIT C 500MG X30 VIV,2041,7592432007649,8.08,,,,sin_match,score_bajo
cobeca,CEVITMER CREM 10% 40G BOOZ,54069,7597072001255,11.04,,,,sin_match,sin_candidato
cobeca,CHAM DRENE ANTICASPA ANTICAIDA 200ML,29946,7590005008741,3.53,,,,sin_match,no farmaco
cobeca,CHAM DRENE ANTICASPA GRASO 200ML,29945,7590005008734,3.53,,,,sin_match,no farmaco
cobeca,CHAM DRENE PROH QUEBRADIZO 200ML,29942,7590005008284,3.06,,,,sin_match,no farmaco
cobeca,CHAM DRENE PROH RIZADO 200ML,29941,7590005008277,3.06,,,,sin_match,no farmaco
cobeca,CHAM EVERY NIGHT TE VERDE/ALOE 210ML,29947,7590005164294,3,,,,sin_match,no farmaco
cobeca,CHAMPIÑONES VIVALDI JARRA 280G,22765,7562020800044,2.19,,,,sin_match,no farmaco
cobeca,CHAMPU AL SECO ZOAH CLEAN HAIR 240ML,54239,7596211000685,8.36,,,,sin_match,sin_candidato
cobeca,CHAMPU ALEA BEBE MANZANILLA 400ML,54352,7599566000027,4.83,,,,sin_match,sin_candidato
cobeca,CHAMPU ALEA NIÑOS RIZOS 350ML,54354,7599566000379,5.42,,,,sin_match,sin_candidato
cobeca,CHAMPU AMALFI A/CASPA 500ML,19138,8414227692160,4.19,,,,sin_match,sin_candidato
cobeca,CHAMPU AMALFI ALMEN 400ML,19143,8414227042743,3.38,,,,sin_match,sin_candidato
cobeca,CHAMPU AMALFI ALOE VERA 400ML,19144,8414227042729,3.38,,,,sin_match,sin_candidato
cobeca,CHAMPU AMALFI FAMILIAR A/CASPA 750ML,22698,8414227676856,4.31,,,,sin_match,sin_candidato
cobeca,CHAMPU AMALFI FAMILIAR ALOE VERA 750ML,19139,8414227032867,4.31,,,,sin_match,sin_candidato
cobeca,CHAMPU AMALFI FAMILIAR FRESA 750ML,19140,8414227693990,4.31,,,,sin_match,score_bajo
cobeca,CHAMPU AMALFI FAMILIAR MANZ 750ML,19141,8414227032881,4.31,,,,sin_match,sin_candidato
cobeca,CHAMPU AMALFI FAMILIAR MELOCOTON 750ML,19142,8414227042750,4.31,,,,sin_match,sin_candidato
cobeca,CHAMPU AMALFI FRESA 400ML,19145,8414227042712,3.38,,,,sin_match,score_bajo
cobeca,CHAMPU AMALFI MANZ 400ML,19147,8414227042767,3.38,,,,sin_match,sin_candidato
cobeca,CHAMPU AMALFI MELOCOTON 400ML,19162,8414277042750,3.38,,,,sin_match,sin_candidato
cobeca,CHAMPU AMALFI MIEL 400ML,19146,8414227042736,3.38,,,,sin_match,sin_candidato
cobeca,CHAMPU AMY BEBE 200ML,14863,7591061399941,2.84,,,,sin_match,sin_candidato
cobeca,CHAMPU AVISPA CONTRA LIEND/PIOJ 120ML,24652,7591635000105,3.7,,,,sin_match,score_bajo
cobeca,CHAMPU AVISPA CONTRA LIENDRA/PIOJO 60ML,24651,7591635000136,3.13,,,,sin_match,score_bajo
cobeca,CHAMPU AVISPA LIEND/PIOJ 220ML INTERCOS,60230,7591635000112,4.73,,,,sin_match,sin_candidato
cobeca,CHAMPU BETAPIROX A/CASPA 120ML,98267,7703281001010,24.55,,,,sin_match,sin_candidato
cobeca,CHAMPU BIODERMA NODE DS+ 125ML,52397,3701129805060,25.96,,,,sin_match,sin_candidato
cobeca,CHAMPU BLUE CAP X 150ML,50684,8437022765099,37.01,,,,sin_match,sin_candidato
cobeca,CHAMPU CHICCO MANZA 100ML,51888,7591061640296,2.25,,,,sin_match,sin_candidato
cobeca,CHAMPU CHICCO ORIG 100ML,51889,7591061640203,2.15,,,,sin_match,sin_candidato
cobeca,CHAMPU CHICCO ROMERO 100ML,51890,7591061640364,2.15,,,,sin_match,sin_candidato
cobeca,CHAMPU COTTAGE DUCH CAFE FRAP/MEN 250 ML,21194,3141389954038,4.7,,,,sin_match,sin_candidato
cobeca,CHAMPU COTTAGE DUCH PIMIENTO MEN 250ML,21193,3141389954021,4.7,,,,sin_match,sin_candidato
cobeca,CHAMPU DRENE A/CASPA A/CAIDA 370ML,24402,7590005008727,5.56,,,,sin_match,sin_candidato
cobeca,CHAMPU DRENE A/CASPA CAB/GRAS 370ML,24400,7590005008703,5.56,,,,sin_match,sin_candidato
cobeca,CHAMPU DRENE A/CASPA CAB/SEC 370ML,24401,7590005008710,5.56,,,,sin_match,sin_candidato
cobeca,CHAMPU DRENE COMPLEX CAB/LISO 200ML,60733,7590005008208,3.09,,,,sin_match,score_bajo
cobeca,CHAMPU DRENE COMPLEX CAB/QUEBRAD 370ML,25963,7590005008253,5.01,,,,sin_match,score_bajo
cobeca,CHAMPU DUCHA COTTAGE LIMON ESP/MEN 250ML,21192,3141389954014,4.7,,,,sin_match,score_bajo
cobeca,CHAMPU ELVIVE COLOR VIVE 370ML,25645,7509552847499,8.16,,,,sin_match,sin_candidato
cobeca,CHAMPU EVERY NIGHT BABY PROTEIN 200ML,18803,7590005163389,2.9,,,,sin_match,sin_candidato
cobeca,CHAMPU EVERY NIGHT BIO CAC/F ROJ 210ML,23811,7590005164379,3.03,,,,sin_match,sin_candidato
cobeca,CHAMPU EVERY NIGHT BIO CER M/ACT 210ML,23813,7590005164393,3.03,,,,sin_match,sin_candidato
cobeca,CHAMPU EVERY NIGHT BIO COCO 210ML,23809,7590005164355,3.03,,,,sin_match,sin_candidato
cobeca,CHAMPU EVERY NIGHT BIO TE VER/ALOE 365ML,23808,7590005164348,4.97,,,,sin_match,sin_candidato
cobeca,CHAMPU HUGGIES HORA D/SOÑAR 400ML,53319,7702425470798,6.35,,,,sin_match,sin_candidato
cobeca,CHAMPU IE P/ATOPICAS 300ML,26520,8411047108321,13.59,,,,sin_match,sin_candidato
cobeca,CHAMPU JOHNSONS BABY ORIG 400ML,19880,7702031291510,7.68,,,,sin_match,sin_candidato
cobeca,CHAMPU LOREAL KIDS MANZA 265ML,26247,7506078919372,7.91,,,,sin_match,score_bajo
cobeca,CHAMPU NUTRIBELA BIOKERATINA 400ML,54541,7702354958114,6.06,,,,sin_match,sin_candidato
cobeca,CHAMPU NUTRIBELA CELULAS MADRES 400ML,53078,7702354956233,6.12,,,,sin_match,sin_candidato
cobeca,CHAMPU NUTRIBELA ENZIMOTERAPIA 400ML,53081,7702354956226,6.37,,,,sin_match,sin_candidato
cobeca,CHAMPU NUTRIBELA PRO HIALUR 200ML,54393,7702354958961,3.95,,,,sin_match,sin_candidato
cobeca,CHAMPU NUTRIBELA REPARACION INT 200ML,54394,7702354958992,3.95,,,,sin_match,sin_candidato
cobeca,CHAMPU OGX ARGAN OIL MOROCCO 385ML,52713,22796916112,16.55,,,,sin_match,sin_candidato
cobeca,CHAMPU OGX BIOTIN COLLAGEN 385ML,52715,22796916709,16.55,,,,sin_match,sin_candidato
cobeca,CHAMPU OGX COCONUT CURLS 385ML,52719,22796900906,16.55,,,,sin_match,sin_candidato
cobeca,CHAMPU OGX COCONUT MIRACLE OIL 385ML,52722,22796901200,18.54,,,,sin_match,sin_candidato
cobeca,CHAMPU PALMOLIVE OPTIMS 2/1 400ML,30474,7501035919129,7.38,,,,sin_match,sin_candidato
cobeca,CHAMPU PALMOLIVE OPTIMS AC HIALUR 400ML,51040,7509546691367,7.66,,,,sin_match,score_bajo
cobeca,CHAMPU PIRIMED 120ML,98263,7703332003550,19.35,,,,sin_match,sin_candidato
cobeca,CHAMPU REVLON ARGAN/MACAD 700ML,52208,7506110681779,21.54,,,,sin_match,sin_candidato
cobeca,CHAMPU REVLON COCO/VIT E 700ML,52210,7506110681793,21.54,,,,sin_match,score_bajo
cobeca,CHAMPU REVLON KERATI/ALMEN 700ML,52209,7506110681786,21.54,,,,sin_match,sin_candidato
cobeca,CHAMPU RINTI P/PERRO 240ML,60265,7591635000532,5.22,,,,sin_match,sin_candidato
cobeca,CHAMPU SAVITAL A/CASPA 510ML,52668,7702006302036,7.6,,,,sin_match,sin_candidato
cobeca,CHAMPU SAVITAL ARGAN/SABILA 510ML,52671,7702006208581,7.29,,,,sin_match,sin_candidato
cobeca,CHAMPU SAVITAL M/OLEOS 510ML,52669,7702006208376,7.29,,,,sin_match,sin_candidato
cobeca,CHAMPU SAVITAL M/VITAMINAS 510ML,52673,7702006208420,7.29,,,,sin_match,score_bajo
cobeca,CHAMPU/BANO LIQ CORAMODEL P/BEBE X 175ML,50357,7591404003771,5.11,,,,sin_match,sin_candidato
cobeca,CHANCA PIEDRA CAP 400MG X30 HERB,24194,7592710003813,9.35,,,,sin_match,sin_candidato
cobeca,CHANCA PIEDRA CAP 400MG X60 HERB,99652,7592710000478,13.18,,,,sin_match,sin_candidato
cobeca,CHANCAPIEDRA CAP 500MG X70 ABEJ,51008,7597134002114,7.19,,,,sin_match,sin_candidato
cobeca,CHEESE TRIS 150G,18188,7591206000381,1.67,,,,sin_match,no farmaco
cobeca,CHEESE TRIS 450G,18185,7591206113326,4.48,,,,sin_match,no farmaco
cobeca,CHEESE TRIS 50G X12,53311,7591206003924,9.11,,,,sin_match,no farmaco
cobeca,CHEETOS BOLIQUESO 150G,27469,7591206003870,2.28,,,,sin_match,no farmaco
cobeca,CHEETOS BOLIQUESO DISP 25G X12,27468,7591206003856,7.05,,,,sin_match,sin_candidato
cobeca,CHEETOS FLAMIN HOT 120G,19096,7591206003474,1.76,,,,sin_match,no farmaco
cobeca,CHEETOS FLAMIN HOT DISP 38G X12,19095,7591206285160,9.08,,,,sin_match,sin_candidato
cobeca,CHEETOS MEGA PUFF 110G,18187,7591206114675,1.76,,,,sin_match,no farmaco
cobeca,CHEETOS MEGA PUFF 270G,18184,7591206114682,4.1,,,,sin_match,no farmaco
cobeca,CHEETOS MEGA PUFF DISP 28G X12,18158,7591206114668,9.11,,,,sin_match,sin_candidato
cobeca,CHESITOS X 70G,50417,7592708001814,0.64,,,,sin_match,no farmaco
cobeca,CHICHA LIQ SAN SIMON C/LECHE 1L,25683,7596914000432,3.33,,,,sin_match,no farmaco
cobeca,CHICHA PVO SAN SIMON 250G,27444,7596914000548,2.06,,,,sin_match,score_bajo
cobeca,CHICHA PVO SAN SIMON 500G,17900,7596914000050,4.2,,,,sin_match,score_bajo
cobeca,CHICHARRON CRIOLLO X 90G,50426,7592708000442,3.01,,,,sin_match,no farmaco
cobeca,CHICHARRON JACKS PICANTE 60G,25192,7591206001210,2.41,,,,sin_match,no farmaco
cobeca,CHICHARRON PICANTE XXL X 190G,50424,7592708001852,5.2,,,,sin_match,no farmaco
cobeca,CHICHARRON SON MUNCHY PICANTE 62G,15131,7592708000114,2.24,,,,sin_match,no farmaco
cobeca,CHICHARRON VINAGRE LIMON 62G,15137,7592708000541,2.24,,,,sin_match,no farmaco
cobeca,CHINCHES IDEOFFICE 100 PZS X 1,28620,6854084956708,1.56,,,,sin_match,no farmaco
cobeca,CHINCHES IDEOFFICE P/MAPAS 50 PZS X1,28621,6854084902743,0.96,,,,sin_match,no farmaco
cobeca,CHIPS AHOY OW 168G,19550,7590011138104,2.36,,,,sin_match,no farmaco
cobeca,CHISKESITOS MUNCHY 145G,15138,7592708000367,1.46,,,,sin_match,no farmaco
cobeca,CHISKESITOS TOCINETA PICANTE 145G,51391,7592708002101,1.46,,,,sin_match,no farmaco
cobeca,CHISKESITOS TOCINETA X 145G,50415,7592708001777,1.46,,,,sin_match,no farmaco
cobeca,CHISKESITOS TOCINETA XXL X 450G,50416,7592708001791,3.97,,,,sin_match,no farmaco
cobeca,CHISKESITOS XXL X 450G,50414,7592708001364,3.97,,,,sin_match,no farmaco
cobeca,CHOCO CARRE AVELL DISP 100G X10,20524,7591016852101,40.61,,,,sin_match,sin_candidato
cobeca,CHOCO CARRE SAVOY AVELL MINI DISP 25GX16,17020,7591016150306,18.73,,,,sin_match,sin_candidato
cobeca,CHOCO CRICRI 60G DISP X9,52667,7591016151563,18.9,,,,sin_match,sin_candidato
cobeca,CHOCO CRICRI DISP 123G X5,22081,7591016151600,17.68,,,,sin_match,sin_candidato
cobeca,CHOCO GALAK BLAN DISP 130G X5,19376,7591016854969,17.68,,,,sin_match,sin_candidato
cobeca,CHOCO GALAK BLAN DISP 30G X12,19375,7591016854976,12.73,,,,sin_match,sin_candidato
cobeca,CHOCO GALAK TUBO 16G X30,24683,7891000449370,10.48,,,,sin_match,no farmaco
cobeca,CHOCO INST SAN SIMON CHOCO RICO 400G,17901,7596914000470,3.59,,,,sin_match,no farmaco
cobeca,"CHOCO M&M PEANUT BUTTER INDIV 46,20G X24",53687,040000001447,51.3,,,,sin_match,no farmaco
cobeca,"CHOCO MILKY WAY INDIV 52,2G X36",53681,040000422068,76.5,,,,sin_match,no farmaco
cobeca,CHOCO NESTLE CHOCOTRIO 90G,51073,7891000437155,27.8,,,,sin_match,no farmaco
cobeca,CHOCO NESTLE CHOCOTRIO COOKIES/CREAM 90G,51071,7891000437230,27.8,,,,sin_match,no farmaco
cobeca,CHOCO OSCUR SAVOY 75ANIVERSARIO DISP X10,17151,7591016155073,28.9,,,,sin_match,sin_candidato
cobeca,CHOCO SAVOY 75ANIVERSARIO DISP X10,17022,7591016854693,28.9,,,,sin_match,sin_candidato
cobeca,CHOCO SAVOY C/LECHE DISP 130G X5,17029,7591016851128,17.68,,,,sin_match,score_bajo
cobeca,CHOCO SAVOY C/LECHE DISP 30G X12,17024,7591016851135,12.73,,,,sin_match,score_bajo
cobeca,CHOCO SAVOY C/LECHE DISP 70G X9,17023,7591016851197,19.43,,,,sin_match,score_bajo
cobeca,CHOCO SAVOY CRICRI DISP 27G X12,22080,7591016851555,12.73,,,,sin_match,sin_candidato
cobeca,CHOCO SAVOY POSTRE DISP OSCUR40% 200G X4,19790,7591016855089,20.39,,,,sin_match,sin_candidato
cobeca,CHOCO SAVOY POSTRE DISP OSCUR55% 200G X4,19791,7591016855096,20.64,,,,sin_match,sin_candidato
cobeca,CHOCO SAVOY RIKITI DISP 30G X12,20075,7591016854686,12.73,,,,sin_match,sin_candidato
cobeca,CHOCO SAVOY RIKITI MANI 130G X5,17027,7591016854143,17.68,,,,sin_match,no farmaco
cobeca,"CHOCO SNICKERS ORIG INDIV 52,70G X48",53682,040000514251,102,,,,sin_match,no farmaco
cobeca,"CHOCO TWIX INDIV 50,7G X36",53686,53686,76.5,,,,sin_match,no farmaco
cobeca,CHOCOLATE  SAVOY DELIGHT 0% 324G X12,52447,7591016155592,16.68,,,,sin_match,no farmaco
cobeca,CHOCOLATE SAVOY BOLSA 150G,53628,7591016155691,5.61,,,,sin_match,no farmaco
cobeca,CHUPON GENIAL C/BROCHE X1,26557,7453038467933,7.5,,,,sin_match,no farmaco
cobeca,CHUPON GENIAL X1,19609,7453078521732,5.63,,,,sin_match,no farmaco
cobeca,CIALIS COMP REC 5MG X14 CR CCM,93842,7703991000112,116.94,,,,sin_match,score_bajo
cobeca,CIALIS TAB 20MG X1 CR CCM,3344,7501082242010,39.92,3128,CIALIS 20 mg COMPRIMIDOS RECUBIERTOS,66.53,matched,score=0.646
cobeca,CIATAL SOL INY 500MG/2ML X1 SIEG,51327,7592601000600,4.58,1071,CIATAL 500 mg / 2 mL SOLUCION INYECTABLE,7.63,matched,score=0.648
cobeca,CIATAL SOL INY 500MG/2ML X9 MEY,25233,7592601303640,36.38,1071,CIATAL 500 mg / 2 mL SOLUCION INYECTABLE,60.63,matched,score=0.648
cobeca,CIBRALIP CAP 100MG X30 FC,52068,7593090003172,17.79,,,,sin_match,sin_candidato
cobeca,CICLOFTAL SOL OFT 1% 15ML L.O,9675,7591196000064,39.63,,,,sin_match,sin_candidato
cobeca,"CICLOGYNON TAB REC 0,15/0,03MG X21 TIAR",26413,8904250520900,9.43,,,,sin_match,score_bajo
cobeca,CICLOKAN AMP 500MG/5ML X1,94107,7594000491744,7.01,830,CICLOKAN 500 mg / 5 mL SOLUCION INYECTABLE PARA INFUSION INTRAVENOSA,11.68,matched,score=0.661
cobeca,CICLOKAN COMP REC 500MG X21 MEG,16882,7591619519227,21.56,,,,sin_match,score_bajo
cobeca,CIFARCAINA HIPERBARA AMP 5% 2ML X2 BHR,53832,7592637000889,9.6,392,CIFARCAINA AL 2 % SOLUCION INYECTABLE,16,matched,score=0.700
cobeca,CIFARCAINA SOL 1% 100ML BHR,836,7592637000155,9.86,,,,sin_match,score_bajo
cobeca,CIFLOX COMP REC 500MG X14 MEG,26423,7591619000565,7.79,,,,sin_match,score_bajo
cobeca,CIFLOX COMP REC 750MG X7 MEG,26424,7591619000572,6.1,,,,sin_match,score_bajo
cobeca,CILOSTAZOL TAB 50MG X30 CLEO,25678,7598677000391,7.61,6187,CILOSTAZOL 50 mg TABLETAS RECUBIERTAS,12.68,matched,score=0.859
cobeca,CILOSTAZOL TAB REC 100MG X30 CLEO,52907,7598677000711,10.3,5861,CILOSTAZOL 100 mg TABLETAS,17.17,matched,score=0.757
cobeca,CILOSTAZOL TAB REC 50MG X30 DAC,53743,7598578001022,5.78,6187,CILOSTAZOL 50 mg TABLETAS RECUBIERTAS,9.63,matched,score=0.737
cobeca,CINAREN CAP 75MG X20 DLR,7434,7592803000118,5.27,2069,CINAREN 75 mg CAPSULAS,8.78,matched,score=0.720
cobeca,CINAREN COM 25 MG X 30,28507,7592803004116,5.03,2068,CINAREN 25 mg COMPRIMIDOS,8.38,matched,score=0.801
cobeca,CINNARIZINA CAP 75MG X10 CLX,90809,7591519007060,2.3,3672,CINNARIZINA 75 mg CAPSULAS,3.83,matched,score=0.902
cobeca,"CINTA AUTOADH AIROPLAST 1,25CM X 5MM",27164,7594001564102,3.47,,,,sin_match,no farmaco
cobeca,"CINTA AUTOADH SILKPLAST 1,25CM X 5M",27135,6224000132415,3.92,,,,sin_match,no farmaco
cobeca,"CINTA AUTOADH SILKPLAST 2,5CM X 5M",27134,6223003733513,6.8,,,,sin_match,no farmaco
cobeca,CINTA AUTOADH SILKPLAST 5CM X 5M,27136,6224000132026,9.74,,,,sin_match,no farmaco
cobeca,"CINTA AUTOADH SILKPLAST 7,5CM X 9,14M",27137,6223003733124,18.36,,,,sin_match,no farmaco
cobeca,CINTA CORALITE KINESIOLOGY 2PZA,51025,80707902127,9.82,,,,sin_match,no farmaco
cobeca,CINTA D/ALGODON KT TAPE NEGR,51961,893169002998,28.05,,,,sin_match,no farmaco
cobeca,CINTA ELAST ZUVISS AUTOADH 7.5X4.5CM X 1,28702,7597297001412,2.21,,,,sin_match,no farmaco
cobeca,CINTA KT PREVENCION D/AMPOLLAS,51958,814179022585,20.4,,,,sin_match,no farmaco
cobeca,CINTA KT TAPE PRO AZUL,51964,0857879003621,43.35,,,,sin_match,no farmaco
cobeca,CINTA KT TAPE PRO NEGRA,51963,0893169002332,43.35,,,,sin_match,no farmaco
cobeca,"CINTA MICROPOROSA BLAN RELA X1,2 CM X10M",14161,17891800398936,6.13,,,,sin_match,no farmaco
cobeca,"CINTA MICROPOROSA RELA BEIG 1,2CM X10M",14170,7896544927452,5.9,,,,sin_match,no farmaco
cobeca,"CINTA MICROPOROSA RELA BEIG 1,2CM X4,5M",14174,17891800398974,3.86,,,,sin_match,no farmaco
cobeca,"CINTA MICROPOROSA RELA BEIG 10CM X4,5M",14163,7891800665062,16.29,,,,sin_match,no farmaco
cobeca,"CINTA MICROPOROSA RELA BEIG 2,5CM X10M",14162,7896544927490,10.07,,,,sin_match,no farmaco
cobeca,"CINTA MICROPOROSA RELA BEIG 5CM X4,5M",14172,7896544927513,9.05,,,,sin_match,no farmaco
cobeca,"CINTA MICROPOROSA RELA BLAN 1,2CM X4,5M",14169,7896544927421,3.86,,,,sin_match,no farmaco
cobeca,"CINTA MICROPOROSA RELA BLAN 2,5CM X10M",14176,7891800664546,10.07,,,,sin_match,no farmaco
cobeca,"CINTA MICROPOROSA RELA BLAN 2,5CM X4,5M",14175,17891800398905,6.11,,,,sin_match,no farmaco
cobeca,CINTA MICROPOROSA RELA BLAN 5CM X10M,14177,7896544927520,15.77,,,,sin_match,no farmaco
cobeca,CINTA P/RODILLA KT FLEX,51962,851144005808,31.88,,,,sin_match,no farmaco
cobeca,CINTA REACTIVA GLUCARE GLS-78 AUTOCODE,53709,6971969564985,11.3,,,,sin_match,no farmaco
cobeca,CIPROFIBRATO TAB 100MG X30 PHARME,94217,7703763268863,17.25,,,,sin_match,sin_candidato
cobeca,CIPROFLOX TAB 500MG X12 ELM,91927,7591062901181,6.13,2146,CIPROFLOX 500 mg TABLETAS RECUBIERTAS,10.22,matched,score=0.888
cobeca,CIPROFLOXACINA 200MG/100ML BLUE/M,23527,6930169708179,1.71,,,,sin_match,no farmaco
cobeca,CIPROFLOXACINA COMP REC 500 X14 LETI,51885,7591585473660,6,2409,CIPROFLOXACINA 500 mg TABLETAS RECUBIERTAS,10,matched,score=0.771
cobeca,CIPROFLOXACINA COMP REC 500MG X14 VARG,53267,7592349723649,5.68,2409,CIPROFLOXACINA 500 mg TABLETAS RECUBIERTAS,9.47,matched,score=0.690
cobeca,CIPROFLOXACINA COMP REC 500MG X6 VARG,21980,7592349832235,2.43,2409,CIPROFLOXACINA 500 mg TABLETAS RECUBIERTAS,4.05,matched,score=0.690
cobeca,CIPROFLOXACINA INF INY200MG/100ML CRDIST,21337,7598252101055,1.49,,,,sin_match,no farmaco
cobeca,CIPROFLOXACINA INF IV 200MG/100 GLOB MED,29801,0736372230249,2.25,,,,sin_match,no farmaco
cobeca,CIPROFLOXACINA SOL INY 200MG/100ML GKV,21354,7595624200408,2.9,1493,CIPROFLOXACINA 200 MG/100 ML SOLUCION INYECTABLE,4.83,matched,score=0.787
cobeca,CIPROFLOXACINA SOL INY 400MG/200ML DIST,51938,7598252001706,12.34,1479,CIPROFLOXACINA INFUSIÓN 0.2 g / 100 mL SOLUCION PARA INFUSION INTRAVENOSA,20.57,matched,score=0.691
cobeca,CIPROFLOXACINA TAB 500MG X 10 LA SANTE,29542,7703763997923,4.7,2357,CIPROFLOXACINA 500 mg TABLETAS RECUBIERTAS,7.83,matched,score=0.770
cobeca,CIPROFLOXACINA TAB 500MG X10 ANG/H,20427,7598176000021,1.86,2229,CIPROFLOXACINA 500 mg COMPRIMIDOS RECUBIERTOS,3.1,matched,score=0.825
cobeca,CIPROFLOXACINA TAB 500MG X10 CR DAC,20945,7598578000094,3.72,2229,CIPROFLOXACINA 500 mg COMPRIMIDOS RECUBIERTOS,6.2,matched,score=0.825
cobeca,CIPROFLOXACINA TAB 500MG X10 CR DIST,22843,7598252101130,4.05,2229,CIPROFLOXACINA 500 mg COMPRIMIDOS RECUBIERTOS,6.75,matched,score=0.825
cobeca,CIPROFLOXACINA TAB 500MG X6 ADN,24680,8906112610392,1.42,2229,CIPROFLOXACINA 500 mg COMPRIMIDOS RECUBIERTOS,2.37,matched,score=0.825
cobeca,CIPROFLOXACINA TAB 500MG X6 ALESS,20511,7597758000077,1.07,2357,CIPROFLOXACINA 500 mg TABLETAS RECUBIERTAS,1.78,matched,score=0.820
cobeca,CIPROFLOXACINA TAB 500MG X6 KIMIC,1615,7592616100012,2.57,2229,CIPROFLOXACINA 500 mg COMPRIMIDOS RECUBIERTOS,4.28,matched,score=0.775
cobeca,CIPROFLOXACINA TAB 500MG X6 PHARME,10012,7703763301133,3.18,2229,CIPROFLOXACINA 500 mg COMPRIMIDOS RECUBIERTOS,5.3,matched,score=0.825
cobeca,CIPROFLOXACINA TAB REC 500MG X6 VENEQ,21348,7597285000090,1.62,,,,sin_match,score_bajo
cobeca,CIPROFLOXACINO TAB 500MG X10 CCM,53571,7702605100743,3.74,5411,CIPROFLOXACINO 500 mg TABLETAS RECUBIERTAS,6.23,matched,score=0.878
cobeca,CIPROFLOXACINO TAB 500MG X14 VLM,54467,7591020009560,4.78,2770,CIPROFLOXACINO 500 mg TABLETAS RECUBIERTAS,7.97,matched,score=0.888
cobeca,CIPROFLOXACINO TAB REC 500MG X10 BLUE,50785,7598127001558,1.3,5411,CIPROFLOXACINO 500 mg TABLETAS RECUBIERTAS,2.17,matched,score=0.757
cobeca,CIPROLYP TAB 100MG X30 D&N,51115,7410002011363,19.48,,,,sin_match,sin_candidato
cobeca,CIPROQUIN SOL IV 2MG/ML 200MG 100ML BHR,7495,7592637000216,6.43,,,,sin_match,score_bajo
cobeca,CIPROTAN TAB 500MG X20 ZORIAK,21970,8903489000252,6.04,,,,sin_match,sin_candidato
cobeca,CIPROXINA INF 400MG/200ML AVPH,8807,7591165810083,30,,,,sin_match,no farmaco
cobeca,CIRGREL TAB REC 75MG X30 PHARME,22809,7592454003315,9.69,,,,sin_match,score_bajo
cobeca,CIRUELAX FORTE COMP 125MG BLIS10X10 MEG,51044,7803510002549,33.43,,,,sin_match,score_bajo
cobeca,CIRUELAX MINITAB COMP 75MG BLIS10X10 MEG,51045,7803510003430,28.36,,,,sin_match,sin_candidato
cobeca,CIRUGIA CAPIL NK PACKS C/KERAT 450ML,19509,0701197963245,16.16,,,,sin_match,no farmaco
cobeca,CIRUGIA CAPIL NK PACKS C/KERAT 60ML,19510,0701197862890,6.06,,,,sin_match,no farmaco
cobeca,CIRUGIA CAPIL NK PACKS C/KERAT 950ML,19508,0701197862883,28.28,,,,sin_match,no farmaco
cobeca,CISTAFLUX TAB 100MG X30 ZORIAK,53527,7599112000501,7.88,,,,sin_match,sin_candidato
cobeca,CISTAFLUX TAB 50MG X30 ZORIAK,51312,7599112000341,5.13,,,,sin_match,sin_candidato
cobeca,CITALOPRAM TAB  40MG X10 CR MT,53032,8904464206126,5.16,3523,CITALOPRAM 40 mg TABLETAS RECUBIERTAS,8.6,matched,score=0.898
cobeca,CITIC COMP REC 500MG X30 VARG,53594,7592349002485,20.78,,,,sin_match,sin_candidato
cobeca,CITICOLINA TAB 500MG X10 CLX,9109,7591519000559,11.87,5102,CITICOLINA 500 mg TABLETAS RECUBIERTAS,19.78,matched,score=0.922
cobeca,CITICOLINA TAB 500MG X30 CLX,22770,7591519316162,31.04,5102,CITICOLINA 500 mg TABLETAS RECUBIERTAS,51.73,matched,score=0.922
cobeca,CITICOLINA TAB REC 500MG X30 CR DIST,24425,7598252101819,34.06,5102,CITICOLINA 500 mg TABLETAS RECUBIERTAS,56.77,matched,score=0.757
cobeca,CITRATO D/MAGNESIO CAP 500MG X 60 NAT P,29993,7592430002639,9.04,3937,CITRATO DE CALCIO 1190 mg TABLETAS MASTICABLES SABOR A MANDARINA,15.07,matched,score=0.632
cobeca,CITRATO D/MAGNESIO CAP 500MG X60 HERBAP,28488,7592710005558,11.7,,,,sin_match,score_bajo
cobeca,CITRATO D/MAGNESIO CAP 500MG X70 ABEJ,53636,7597134001094,8.7,,,,sin_match,score_bajo
cobeca,CITRATO D/MAGNESIO TAB 200MG X30 NOW,52093,733739110633,17.14,,,,sin_match,score_bajo
cobeca,CITRATO D/POTA EDUL SOL 10% 1L BIOF,19533,7591616000704,10.19,,,,sin_match,score_bajo
cobeca,CITRATO D/POTA JBE 10% 120ML RECETT,97085,7594001450894,2.66,,,,sin_match,score_bajo
cobeca,CITRATO D/POTA SOL 240ML LYA,26073,7599028000107,4.94,,,,sin_match,score_bajo
cobeca,CITRATO D/POTA SOL 500ML BIOF,20255,7591616002937,7.36,,,,sin_match,score_bajo
cobeca,CITRATO D/POTA SOL 500ML LYA,26074,7599028000114,7.78,,,,sin_match,score_bajo
cobeca,CITRATO D/POTASIO JBE 10% S/AZUC X 120ML,28837,7594001455837,2.47,,,,sin_match,score_bajo
cobeca,CITRATO D/POTASIO JBE 10% S/AZUC X 500ML,28838,7594001455820,6.17,,,,sin_match,score_bajo
cobeca,CITRATO D/POTASIO SOL 10% 1L ABEJ,53638,7597134001063,12.7,,,,sin_match,score_bajo
cobeca,CITRATO D/POTASIO SOL X 1LT RECETT,28839,7594001455868,8.29,,,,sin_match,score_bajo
cobeca,CITRATO D/POTASIO SOL X 500ML RECETT,28840,7594001455851,4.94,,,,sin_match,score_bajo
cobeca,CITRATO MAGNESIO TAB 500MG X30 VAL,13151,714439705466,12.44,,,,sin_match,score_bajo
cobeca,"CLAMOLIN SUSP 600MG/42,9MG 60ML ZUZU",52568,7599608003009,7.82,,,,sin_match,sin_candidato
cobeca,CLAMOLIN TAB 875MG/125MG X10 ZUZU,52569,7599608000442,9.99,,,,sin_match,sin_candidato
cobeca,CLARASOL SOL OFT 15ML L.O,5150,7591196000071,5.56,,,,sin_match,score_bajo
cobeca,CLARITROMICINA SUSP 250MG/5ML 50ML PORTU,25012,7750215007167,12.39,,,,sin_match,score_bajo
cobeca,CLARITROMICINA TAB 500MG X 10 CALOX,1501,7591519003048,7.6,2822,CLARITROMICINA 500 mg TABLETAS RECUBIERTAS,12.67,matched,score=0.922
cobeca,CLARITROMICINA TAB 500MG X10 ANG/H,20429,7598176000045,4.3,2822,CLARITROMICINA 500 mg TABLETAS RECUBIERTAS,7.17,matched,score=0.878
cobeca,CLARITROMICINA TAB 500MG X10 PHARME,2081,7703763660131,8.23,2822,CLARITROMICINA 500 mg TABLETAS RECUBIERTAS,13.72,matched,score=0.878
cobeca,"CLARIX SOL GTS 0,05% 15ML L.O",8501,7591196003171,9.15,2180,"CLARIX 0,25 mg / mL SOLUCION NASAL",15.25,matched,score=0.688
cobeca,CLARIX SOL NASAL PED 15ML L.O,9211,7591196000101,9.15,,,,sin_match,score_bajo
cobeca,CLARIX SOL OFT 15ML L.O,7465,7591196000088,4.89,,,,sin_match,score_bajo
cobeca,"CLARIX SPRAY NASAL 0,05% 15ML L.O",9212,7591196000095,9.4,,,,sin_match,no farmaco
cobeca,CLASOL SOL ORAL 15MG/5ML 120ML ANG/H,52908,7598176001158,2.86,,,,sin_match,sin_candidato
cobeca,"CLAVOXILIN SUSP 250/62,5MG/5ML120ML DORO",20381,5600360011637,6.16,,,,sin_match,score_bajo
cobeca,CLAVUMEDC TAB 500MG/125MG X10 IPS,23167,7597285000397,8.39,,,,sin_match,sin_candidato
cobeca,CLAVUMOX PLUS 875MG/125MG X16 MEG,51003,5600360013976,19.74,,,,sin_match,no farmaco
cobeca,CLAVUTAN TAB 875MG/125MG X10 ZORIAK,22557,8903489001747,9.81,,,,sin_match,sin_candidato
cobeca,CLEANMED GEL TOP 1% 15G FMED,50983,8906188190217,1.99,,,,sin_match,sin_candidato
cobeca,"CLENBUNAL COMP 0,020MG X10 MEG",7942,7591955000090,4.42,2030,"CLENBUNAL 0,020 mg COMPRIMIDOS",7.37,matched,score=0.888
cobeca,CLENBUNAL COMP X20 MEG,5981,7591955000106,5.84,2030,"CLENBUNAL 0,020 mg COMPRIMIDOS",9.73,matched,score=1.000
cobeca,"CLENBUNAL JBE AD 0,010MG 120ML MEG",5980,7591955000120,7.14,,,,sin_match,score_bajo
cobeca,"CLENBUNAL JBE PED 0,005MG 120ML MEG",7209,7591955000113,6.62,2031,"CLENBUNAL 0,005 mg / 5 mL SOLUCION ORAL",11.03,matched,score=0.601
cobeca,CLENBUNAL SOL GTS 15ML MEG,7938,7591955000144,5.97,2031,"CLENBUNAL 0,005 mg / 5 mL SOLUCION ORAL",9.95,matched,score=0.734
cobeca,CLENBUTEROL JBE 10MCG/5ML 120ML PLX,54332,7594001100553,3.37,2380,CLENBUTEROL CLORHIDRATO 10 mcg / 5 mL JARABE,5.62,matched,score=0.813
cobeca,"CLENBUTEROL SOL 0,005MG/5ML 120ML BIOQ",22404,7594000851357,5.18,3417,"CLENBUTEROL CLORHIDRATO 0,005 mg / 5 mL SOLUCION ORAL",8.63,matched,score=0.750
cobeca,"CLENBUTEROL SOL 0,01MG/5ML 120ML BIOQ",22405,7594000851371,5.17,4161,"CLENBUTEROL 0,014 mg/ml SOLUCION GOTAS ORALES USO PEDIATRICO",8.62,matched,score=0.736
cobeca,"CLENBUXOL JBE 0,01MG/5ML 120ML MEG",5984,7591955000151,7.79,,,,sin_match,score_bajo
cobeca,CLENBUXOL SOL GTS PED 20ML MEG,5985,7591955000175,5.58,,,,sin_match,score_bajo
cobeca,CLENOSAN COMP REC 90MG X30 LETI,52057,7591585212566,53.5,,,,sin_match,score_bajo
cobeca,"CLEXANE 60MG/0,6ML X2JER CLX",9619,3587080001273,57.6,,,,sin_match,no farmaco
cobeca,CLIKET DUO OVU 100MG/400MG X5 TIAR,26415,8904187881303,10.01,,,,sin_match,score_bajo
cobeca,"CLIMABEL COMP 2,5MG X30 CR CCM",20469,7401078900019,39.04,,,,sin_match,score_bajo
cobeca,CLIMASOY CAP 100MG X30 FAR,97150,7591821802735,9.94,,,,sin_match,sin_candidato
cobeca,CLINAC GEL 1%/5% X 30 G,14908,7703281001928,30.13,5011,CLINAC  1 % - 5 % GEL,50.22,matched,score=0.650
cobeca,CLINDAMER CREM 1%/5% 20G BOOZ,20709,7597072001156,5.69,,,,sin_match,sin_candidato
cobeca,CLINDAMICINA AMP 600MG/4ML X1 LETI,5821,7591585171030,18.48,502,CLINDAMICINA 600 mg / 4 mL SOLUCION INYECTABLE,30.8,matched,score=0.904
cobeca,CLINDAMICINA CAP 300MG X16 SPEFAR,54433,7590027002734,11.51,2894,CLINDAMICINA 300 mg CAPSULAS,19.18,matched,score=0.697
cobeca,CLINDAMICINA CAP 300MG X20 PHARME,53203,7592454004190,16.32,2894,CLINDAMICINA 300 mg CAPSULAS,27.2,matched,score=0.878
cobeca,CLINDAMICINA FOSFAT GEL TOP 1% 15G CR MT,53400,8908000942622,8.29,,,,sin_match,score_bajo
cobeca,CLINDAMICINA GEL TOP 1% 15G CR ZUK,23694,7590027000171,18.45,,,,sin_match,score_bajo
cobeca,CLINDAMICINA SUP VAG 100MG X5 TIAR,53092,198168687673,9.95,,,,sin_match,no farmaco
cobeca,CLINDASKIN GEL 1% X 25G,50181,8906081308894,10.49,,,,sin_match,sin_candidato
cobeca,CLINFAST OVU 100/200MG X3 TIAR,26416,8906081306876,13.55,,,,sin_match,sin_candidato
cobeca,CLINFOL DUO CAP VAG 100MG/400MG X7 ADIUM,28312,7401069004351,8.36,,,,sin_match,score_bajo
cobeca,CLIP IDEOFFICE 33MM/100PZS X1,28622,6854084518128,0.9,,,,sin_match,no farmaco
cobeca,CLIP P/LIGADURA ARIZI TITAN GDE 20PAQ X6,51419,7597830005426,189,,,,sin_match,no farmaco
cobeca,CLIP P/LIGADURA ARIZI TITAN MED 20PAQ X6,51420,7597830004825,157.59,,,,sin_match,no farmaco
cobeca,CLISMALAX ENEMA RECTAL 100ML AV,21460,7596654000013,10.39,,,,sin_match,no farmaco
cobeca,"CLOBESKIN CREM TOP 0,05% 30G TIAR",53378,198715691771,4.81,,,,sin_match,sin_candidato
cobeca,CLODOXIM COMP 10MG X20 PLX,6888,7594001100584,6.94,,,,sin_match,sin_candidato
cobeca,CLODOXIM GTS 1MG/ML 30ML PLX,6887,7594001100560,3.9,,,,sin_match,sin_candidato
cobeca,CLODOXIM JBE 5ML 120ML PLX,6886,7594001100577,5.73,,,,sin_match,sin_candidato
cobeca,CLODOXIN COMP 10MG X 10,29066,7594001101970,4.16,1836,CLODOXIN 10 mg - 100 mg COMPRIMIDOS RECUBIERTOS,6.93,matched,score=0.850
cobeca,CLOFEN CAP AP 100MG X10 DLR,433,7592803001085,6.23,,,,sin_match,score_bajo
cobeca,"CLOFEN SUSP 1,8MG 120ML DLR",23946,7592803003997,7.64,3184,"CLOFEN 1,8 mg / mL SUSPENSION ORAL",12.73,matched,score=0.762
cobeca,CLOMIFEM TAB/REC 50MG X 30,30325,18904187829326,9.6,,,,sin_match,sin_candidato
cobeca,CLOMIFENO TAB 50MG X 30 FM,28709,8906005118226,3.82,5854,CLOMIFENO CITRATO 50 mg TABLETAS,6.37,matched,score=0.859
cobeca,"CLONATRIL COMP 0,5MG X30 MEG",6603,7594000491102,6.49,3134,"CLONATRIL 0,5 mg COMPRIMIDOS",10.82,matched,score=0.783
cobeca,CLONATRIL COMP 1MG X30 MEG,20153,7591619520599,7.53,5221,CLONATRIL 1 mg COMPRIMIDOS,12.55,matched,score=0.783
cobeca,CLONATRIL COMP 2MG X30 MEG,6642,7594000491621,9.61,3135,CLONATRIL 2 mg COMPRIMIDOS,16.02,matched,score=0.783
cobeca,CLONAZEPAM TAB 0.5 MG X 30,98445,7591020080552,5.39,4510,"CLONAZEPAM 0,5 mg TABLETAS",8.98,matched,score=0.952
cobeca,CLONAZEPAM TAB 2MG X30,98444,7591020080576,7.92,4511,CLONAZEPAM 2 mg TABLETAS,13.2,matched,score=0.932
cobeca,CLONEDAC CREM 20G CR DAC,22835,8906121690262,4.46,,,,sin_match,score_bajo
cobeca,"CLONIDINA CLORHID AMP 0,150MG/ML X2 VLM",2086,7591020003148,4.81,588,"CLONIDINA CLORHIDRATO 0,150 mg / mL SOLUCION INYECTABLE",8.02,matched,score=0.893
cobeca,"CLONIDINA COMP 0,15MG X20 CCM",53572,7705959013318,3.18,1977,"CLONIPRES 0,150 mg COMPRIMIDOS",5.3,matched,score=0.772
cobeca,"CLONIPRES AMP 0,150MG/1ML X3 MEG",94367,7591619000299,7.14,447,"CLONIPRES 0,150 mg / mL SOLUCION INYECTABLE",11.9,matched,score=0.769
cobeca,CLONIPRES COMP X20 MEG,8267,7591955000182,5.19,1977,"CLONIPRES 0,150 mg COMPRIMIDOS",8.65,matched,score=0.852
cobeca,"CLONZEP TAB 0,5MG X30 VLM",13114,7591020080750,6.56,4961,"CLONZEP 0,5 mg TABLETAS",10.93,matched,score=0.843
cobeca,CLONZEP TAB 2MG X30 VLM,13115,7591020080767,9.68,4962,CLONZEP 2 mg TABLETAS,16.13,matched,score=0.843
cobeca,CLOPID TAB REC 75MG X30 BHR,92148,7592637006287,6.68,,,,sin_match,sin_candidato
cobeca,CLOPIDEX TAB REC 75MG X30 PLX,94886,7594001101543,10.37,4619,CLOPIDEX 75 mg TABLETAS RECUBIERTAS,17.28,matched,score=0.626
cobeca,CLOPIDOGREL COMP 75MG X14 PHARME,91133,7703763324019,5.1,3264,CLOPIDOGREL 75 mg COMPRIMIDOS RECUBIERTOS,8.5,matched,score=0.859
cobeca,CLOPIDOGREL COMP REC 75MG X14 LETI,52340,7591585174406,4.07,3735,CLOPIDOGREL 75 mg TABLETAS RECUBIERTAS,6.78,matched,score=0.763
cobeca,CLOPIDOGREL TAB 75MG X20 FMED,51767,8906082150973,0.78,3264,CLOPIDOGREL 75 mg COMPRIMIDOS RECUBIERTOS,1.3,matched,score=0.859
cobeca,CLOPIDOGREL TAB 75MG X30 ALESS,22848,7597758000619,3.4,4215,CLOPIDOGREL 75 mg TABLETAS RECUBIERTAS,5.67,matched,score=0.800
cobeca,CLOPIDOGREL TAB 75MG X30 ANG,20426,7598176000014,3.88,6172,CLOPIDOGREL 75 mg TABLETAS RECUBIERTAS,6.47,matched,score=0.902
cobeca,CLOPIDOGREL TAB 75MG X30 BLUE/M,23921,6972718560074,3.35,3264,CLOPIDOGREL 75 mg COMPRIMIDOS RECUBIERTOS,5.58,matched,score=0.859
cobeca,CLOPIDOGREL TAB 75MG X30 BUKA,23706,0675696260023,2.86,3264,CLOPIDOGREL 75 mg COMPRIMIDOS RECUBIERTOS,4.77,matched,score=0.859
cobeca,CLOPIDOGREL TAB 75MG X30 PHARMA,27603,8906082151536,2.89,4215,CLOPIDOGREL 75 mg TABLETAS RECUBIERTAS,4.82,matched,score=0.736
cobeca,CLOPIDOGREL TAB REC 75MG X30 PHARME,99858,7592454889698,8.64,3388,CLOPIDOGREL 75 mg TABLETAS RECUBIERTAS,14.4,matched,score=0.737
cobeca,CLOPIDOGREL TAB/REC 75MG X 30 DAC,28578,7598578000605,3.27,3388,CLOPIDOGREL 75 mg TABLETAS RECUBIERTAS,5.45,matched,score=0.737
cobeca,CLOPIDOGREL TABR 75MGX30 VLM,96822,7591020008822,5.45,,,,sin_match,no farmaco
cobeca,CLOPIVAL TAB REC 75MG X30 VLM,11595,7591020008037,9.93,4056,CLOPIVAL 75 mg TABLETAS RECUBIERTAS,16.55,matched,score=0.642
cobeca,CLOPTAN TAB 75MG X30 ZORIAK,20161,7599112000013,5.13,6517,CLOPTAN 75 mg TABLETAS RECUBIERTAS,8.55,matched,score=0.603
cobeca,"CLORACE JBE125/0,5MG/5ML S/AZU120ML COFA",21579,7591818716700,5.75,,,,sin_match,no farmaco
cobeca,"CLORACE SOL ORAL GTS 80/0,5MG 30ML COFA",20015,7591818716724,6.78,2541,"CLORACE 125 - 0,5 mg / 5 mL SOLUCION ORAL",11.3,matched,score=0.844
cobeca,CLORACE TAB 500 MG/4MG X20 COFA,97306,7591818215265,5.11,2581,CLORACE 500 mg - 4 mg TABLETAS,8.52,matched,score=0.938
cobeca,CLORACE TAB 500MG/4MG X10 COFA,9598,7591818116043,2.96,2581,CLORACE 500 mg - 4 mg TABLETAS,4.93,matched,score=0.863
cobeca,CLORACOLD SOL ORAL 30MG/5MG 120ML COFA,53063,7591818000595,6.12,6516,CLORACOLD 30 mg - 5 mg / 5 mL SOLUCIÓN ORAL,10.2,matched,score=0.657
cobeca,CLORHID D/MEBEVERINA CAP 200MG X30 CR MT,54229,8904464206362,16.02,,,,sin_match,score_bajo
cobeca,CLORO LAVALIN EXT/DESINFECCION X 1LT,29686,7592632000082,1.43,,,,sin_match,no farmaco
cobeca,CLORO TAPA AMARILLA NATURAL X 1L,29687,7592632311508,1.43,,,,sin_match,no farmaco
cobeca,CLORO TAPA AMARILLA NATURAL X 500ML,29685,7592632311300,1.56,,,,sin_match,no farmaco
cobeca,"CLORTALIDONA TAB 12,5MG X30 CR MT",50972,8904464201374,4.89,3255,CLORTALIDONA 25 mg TABLETAS,8.15,matched,score=0.932
cobeca,"CLORTIDEN TAB 12,5MG X30 ZORIAK",28190,7599112000235,3.54,,,,sin_match,sin_candidato
cobeca,CLORURO D/MAGNE SOL COCO 240ML RECETT,52788,7594001456087,4.48,,,,sin_match,score_bajo
cobeca,CLORURO D/MAGNE SOL FRAMB 240ML RECETT,52787,759001456124,4.48,,,,sin_match,score_bajo
cobeca,CLORURO D/MAGNE SOL LIMON 240ML RECETT,52790,7594001456117,4.48,,,,sin_match,score_bajo
cobeca,CLORURO D/MAGNE SOL NAR 240ML RECETT,52792,7594001456100,4.48,,,,sin_match,score_bajo
cobeca,CLORURO D/MAGNE SOL PARCHI 240ML RECETT,52791,7594001456094,4.48,,,,sin_match,score_bajo
cobeca,CLORURO D/MAGNES 20ML NAR X5 RECETT,51123,7594001456049,3.29,,,,sin_match,no farmaco
cobeca,CLORURO D/MAGNES 25G FCH,17780,7592141001631,1.86,,,,sin_match,no farmaco
cobeca,"CLORURO D/MAGNES GRANU 16,7G LYA",25472,7599028000640,2.4,,,,sin_match,no farmaco
cobeca,CLORURO D/MAGNES JBE 240ML ARC IRIS,13665,7592946168553,7.79,,,,sin_match,score_bajo
cobeca,CLORURO D/MAGNES SOB 33G X12 RECETT,97087,7594001450474,33.35,,,,sin_match,score_bajo
cobeca,CLORURO D/MAGNES SOL 1000L BIOF,20253,7591616002944,7.79,,,,sin_match,score_bajo
cobeca,CLORURO D/MAGNES SOL 500ML BIOF,20254,7591616002951,5.83,,,,sin_match,score_bajo
cobeca,CLORURO D/MAGNESIO ALPHA BMT SOB X 25G,29469,7597773000038,3.25,,,,sin_match,score_bajo
cobeca,CLORURO D/MAGNESIO SOL S/FRAMBUES 20MLX5,29417,17594001455896,3.29,,,,sin_match,score_bajo
cobeca,CLORURO D/MAGNESIO SOL S/LIMON 20ML X5,29416,17594001455889,3.29,,,,sin_match,score_bajo
cobeca,"CLORURO D/POTA AMP 1,49G/5ML X100 MEDV",51159,7501125111303,122.43,,,,sin_match,score_bajo
cobeca,"CLORURO D/POTA SOL INY 7,5% 100ML BHR",4521,7592637000339,10.53,,,,sin_match,score_bajo
cobeca,"CLORURO D/SOD SOL 0,9% 500ML BLUE/M",23535,6972718560180,1.54,,,,sin_match,score_bajo
cobeca,"CLORURO D/SOD SOL 0,9%100ML BLUE/M",23536,6972718560012,1.6,,,,sin_match,score_bajo
cobeca,"CLORURO D/SOD SOL INY 0,9% 100ML IPS",21357,7597285000038,1.7,,,,sin_match,score_bajo
cobeca,"CLORURO D/SOD SOL INY 0,9% 500ML GKV",21350,7595624200101,3.69,,,,sin_match,score_bajo
cobeca,"CLORURO D/SOD SOL INY 0,9% 500ML IPS",21356,7597285000052,1.73,,,,sin_match,score_bajo
cobeca,CLORURO D/SOD SOL INY 0.9% 100ML GKV,21351,7595624200118,2.95,,,,sin_match,score_bajo
cobeca,"CLORURO SODIO SOL 0,45% 100ML ZUZU",52598,7599608002934,1.74,,,,sin_match,score_bajo
cobeca,CLOTRIMAZOL 1% 20G LETI,5596,7591585277459,5.95,,,,sin_match,no farmaco
cobeca,CLOTRIMAZOL CREM 1% 20G CLX,27973,7591519000887,3.78,5905,CLOTRIMAZOL 200 mg CAPSULAS BLANDAS VAGINALES,6.3,matched,score=0.804
cobeca,CLOTRIMAZOL CREM 1% 20G KIMIC,9819,7592616110011,3.56,5595,"BETAMETASONA - GENTAMICINA - CLOTRIMAZOL 0,5 mg - 1 mg - 10 mg CREMA",5.93,matched,score=0.603
cobeca,CLOTRIMAZOL CREM 1% 20G PORTU,23722,7750215136249,2.18,,,,sin_match,score_bajo
cobeca,CLOTRIMAZOL CREM 1% 50G KIMIC,9820,7592616110028,5.86,5848,IMAZOL DUAL 500 mg CAPSULA BLANDA VAGINAL + 1 % CREMA VAGINAL,9.77,matched,score=0.653
cobeca,CLOTRIMAZOL CREM TOP 1% 20G ALESS,51996,7597758001050,2.63,,,,sin_match,score_bajo
cobeca,CLOTRIMAZOL CREM VAG 1% X 50G TIAR,26412,8904250520757,5.43,5848,IMAZOL DUAL 500 mg CAPSULA BLANDA VAGINAL + 1 % CREMA VAGINAL,9.05,matched,score=0.641
cobeca,CLOTRIMAZOL CREM VAG 2% 20G LETI,51265,7591585177490,7.81,,,,sin_match,score_bajo
cobeca,CLOTRIMAZOL CREM VAG 2% X 30G TIAR,26411,8904250520764,4.69,,,,sin_match,score_bajo
cobeca,CLOTRIMAZOL CREM VAG/CANULA 10% 5G KIMIC,15301,7592616584157,4.43,,,,sin_match,score_bajo
cobeca,CLOTRIMAZOL CREM/VAG 1% X 40G CALOX,50166,7591519000702,8.16,,,,sin_match,score_bajo
cobeca,CLOTRIMAZOL OVUL 100MG X6 TIAR,26419,8904187829503,3.43,6492,CLOTRIMAZOL 100 mg ÓVULOS VAGINALES,5.72,matched,score=0.878
cobeca,CLOTRIMAZOL OVUL 500MG X1 TIAR,26410,8904187830677,3.09,4617,CLOTRIMAZOL 500 mg OVULOS VAGINALES,5.15,matched,score=0.878
cobeca,CLOTRIMAZOL/NEOMIC/DEXAM CREM 20G PHARME,9315,7592454003704,6.5,,,,sin_match,score_bajo
cobeca,CLOUSAN TAB 1000MG X30 CLEO,52829,7598677000537,13.71,,,,sin_match,sin_candidato
cobeca,CLX OVUL CUMLAUDE LAB X10 MANCENT,51033,8428749884309,31.39,,,,sin_match,sin_candidato
cobeca,CO SULTRIN SUSP 100ML VLM,7332,7591020001069,5.26,2144,CO-SULTRIN 40 mg - 200 mg / 5 mL SUSPENSION,8.77,matched,score=0.763
cobeca,CO SULTRIN TAB X20 VLM,4844,7591020001076,5.9,2144,CO-SULTRIN 40 mg - 200 mg / 5 mL SUSPENSION,9.83,matched,score=0.752
cobeca,"COAPROVEL COMP REC 150MG/12,5MG X28 CLX",93572,7706263001695,42.51,,,,sin_match,sin_candidato
cobeca,COCHE ORTOPEDICO NEXT STEP PED,53646,7590175000125,535.86,,,,sin_match,sin_candidato
cobeca,CODEBROMIL PLUS JBE 15MG/3MG 90ML VIN,19724,7592782001755,10.39,5094,CODEBROMIL PLUS 15 mg - 3 mg / 15 mL JARABE,17.32,matched,score=0.696
cobeca,COENZIMA Q10 CAP 150MG X60 PREV,52136,7598953000176,30.08,,,,sin_match,sin_candidato
cobeca,COENZIMA Q10 CAP 400MG X 60 ETERNAL,28990,0787790457855,23,,,,sin_match,sin_candidato
cobeca,COFADOR T SOL OFT 5ML COFA,20803,7591818716786,8.99,,,,sin_match,sin_candidato
cobeca,COFASTANE SOL OFT 15ML COFA,20807,7591818716878,12.24,,,,sin_match,sin_candidato
cobeca,COFATIC CAP X30 COFA,52005,7591818000403,6.49,,,,sin_match,sin_candidato
cobeca,"COFFE MATE PVO NESTLE 453,5G",51972,50000301621,8.06,,,,sin_match,sin_candidato
cobeca,COL DERNIER BABY 200 ML,15667,7596049000239,3.31,,,,sin_match,no farmaco
cobeca,COLA D/CABALLO CAP 300MG X60 NAT PREM,13361,7592430000215,5.73,,,,sin_match,sin_candidato
cobeca,COLA D/CABALLO CAP 500MG X30 HERB,24093,7592710003837,8.18,,,,sin_match,sin_candidato
cobeca,COLA D/CABALLO CAP 500MG X60 HERB,99653,7592710000492,9.74,,,,sin_match,sin_candidato
cobeca,COLADO GERBER FRUTAS MIXTAS 113G,30140,7506475119269,1.49,,,,sin_match,no farmaco
cobeca,COLADO GERBER POUCH MANZ 100G,25500,7501058655028,1.62,,,,sin_match,no farmaco
cobeca,COLADO GERBER POUCH PERA 100G,26363,7501058655035,1.62,,,,sin_match,no farmaco
cobeca,COLADO GERBER POUCH PLATANO 100G,26364,7501058655042,1.62,,,,sin_match,no farmaco
cobeca,COLADO GERBER PURE BAN 113G,23408,7501058640512,1.49,,,,sin_match,no farmaco
cobeca,COLADO GERBER PURE MANZ 113G,21829,7501058640505,1.49,,,,sin_match,no farmaco
cobeca,COLADO GERBER PURE PERA 113G,21827,7501058640758,1.49,,,,sin_match,no farmaco
cobeca,COLADO HEINZ FRUTAS MIX 186G,23564,7591112158923,0.8,,,,sin_match,no farmaco
cobeca,COLADO HEINZ MANZ 186G,23562,7591112158886,0.8,,,,sin_match,no farmaco
cobeca,COLADO HEINZ PERA 186G,23563,7591112158893,0.8,,,,sin_match,no farmaco
cobeca,COLADO HEINZ POUCH PERA 113G,19170,7591112156486,0.78,,,,sin_match,no farmaco
cobeca,COLADO OSOLE POUCH D/CIRUELA 100G,28281,7595826004309,0.52,,,,sin_match,no farmaco
cobeca,COLADO OSOLE POUCH D/DURAZNO 100G,28283,7595826006761,0.52,,,,sin_match,no farmaco
cobeca,COLADO OSOLE POUCH D/FRUTAS MIX 100G,28282,7595826004323,0.52,,,,sin_match,no farmaco
cobeca,COLADO OSOLE POUCH D/MANZ 100G,28279,7595826004293,0.52,,,,sin_match,no farmaco
cobeca,COLADO OSOLE POUCH D/PERA 100G,28280,7595826004316,0.52,,,,sin_match,no farmaco
cobeca,COLADO POLLY MANZ 100G,50399,7591112000680,0.58,,,,sin_match,no farmaco
cobeca,COLAGENO CAP 550MG X60 WALF,28369,7592710004568,12.28,,,,sin_match,sin_candidato
cobeca,COLAGENO CAP VIT C 400MG X60 ARC IRIS,18762,7592946169697,13.51,,,,sin_match,score_bajo
cobeca,COLAGENO COMPLEX CAP 400MG X60 HERB,52350,7592710003127,13.18,,,,sin_match,score_bajo
cobeca,COLAGENO HIDRO PVO MO4T 454G,54250,669936799381,62.83,,,,sin_match,sin_candidato
cobeca,COLAGENO HIDROLIZ PVO VAIN 200G LINOF,25740,678358669479,21.6,,,,sin_match,sin_candidato
cobeca,COLAGENO HIDROLIZADO OPTIMUM 330G,51900,8436567240887,35.37,,,,sin_match,no farmaco
cobeca,COLAGENO HIDROLIZADO PVO 10G SOB X25 FCH,53801,7592141001594,37.01,,,,sin_match,sin_candidato
cobeca,COLAGENO HIDROLIZADO PVO 200G FCH,53802,7592141001600,14.01,,,,sin_match,sin_candidato
cobeca,COLAGENO VIT C CAP 500MG X60 NAT PREM,26590,7592430000772,11.36,,,,sin_match,score_bajo
cobeca,COLAGENO VIT C CAP BLD 450/50MGX30 LINOF,25749,685239846850,8.71,,,,sin_match,score_bajo
cobeca,COLAGENO VIT C CAP BLD 450/50MGX60 LINOF,25747,0685239846843,11.35,,,,sin_match,score_bajo
cobeca,COLAGENO ZAFIRE SOB INSTANT 10G X 30,28743,8436567240757,35.37,,,,sin_match,sin_candidato
cobeca,COLAGENO ZAFIRE SOB OPTIMUM 11G X 30,28742,8436567241150,35.37,,,,sin_match,sin_candidato
cobeca,COLAGENO/MAGNESIO CAP 420/80MG X30 LINOF,25748,685239846829,8.45,,,,sin_match,score_bajo
cobeca,COLAGENO/MAGNESIO CAP 420/80MG X60 LINOF,25746,0685239846836,11.35,,,,sin_match,score_bajo
cobeca,COLAGENO/VIT C/MAGNESIO CAP X30 VAL,17413,0714439705541,13.7,,,,sin_match,score_bajo
cobeca,COLAGENOL LIFE CAP 550MG X60 WALF,28370,7592710005299,11.84,,,,sin_match,sin_candidato
cobeca,COLAYTE PVO P/RECONSTITUIR SOB X 4,29407,7592806132076,28.8,7367,COLAYTE POLVO PARA RECONSTITUIR,48,matched,score=0.729
cobeca,COLCHICINA TAB 1G X 30 FM,28711,8906005118363,1.25,,,,sin_match,sin_candidato
cobeca,COLCHICINA TAB 500MCG X 30 FM,28710,8906005118233,0.98,,,,sin_match,sin_candidato
cobeca,COLCHON ANTIESCARAS REIER,50321,7597467002102,63.11,,,,sin_match,no farmaco
cobeca,COLEZE TAB 10MG X 30,30342,7599112000327,9.65,,,,sin_match,sin_candidato
cobeca,COLFENE COMP 400MG/4MG X10 ELM,6165,7591062010753,5.71,3127,COLFENE 400 mg - 4 mg COMPRIMIDOS RECUBIERTOS,9.52,matched,score=0.691
cobeca,COLFENE COMP REC 600MG/4MG X15 ELM,97446,7591062900900,6.94,,,,sin_match,score_bajo
cobeca,COLGESIC COMP 400MG/4MG X15 BIOTECH,94735,7591243810028,7.34,4539,COLGESIC 400 mg - 40 mg COMPRIMIDOS RECUBIERTOS,12.23,matched,score=0.701
cobeca,COLLAGEN/VIT C CAP X60 ETER,23401,0787790468554,9.17,,,,sin_match,score_bajo
cobeca,COLLOVAR SOL TOP 10ML VARG,11256,7592349947557,4.86,,,,sin_match,score_bajo
cobeca,COLODION SALICILADO 10ML BIOF,51263,7591616002289,6.62,,,,sin_match,no farmaco
cobeca,COLONIA ALEA NIÑA 250ML,54388,7599566000492,3.92,,,,sin_match,no farmaco
cobeca,COLONIA ALEA NIÑO 250ML,54387,7599566000485,3.92,,,,sin_match,no farmaco
cobeca,COLONIA CHICCO BABY SKIN 100ML,51891,7591061650462,2.51,,,,sin_match,no farmaco
cobeca,COLONIA CORAMODEL P/BEBE X 175ML,50358,7591404003764,5.14,,,,sin_match,no farmaco
cobeca,COLONIA RINTI 240ML,21904,7591635000563,6.53,,,,sin_match,no farmaco
cobeca,COLONVITAL LIFE CAP X60 WALF,28371,7592710005183,12.28,,,,sin_match,sin_candidato
cobeca,COLOZIN CAP 150MG X30 LETI,51786,7591585111241,34.51,1630,"COLOZIN® (LACTOBACILLUS PLANTARUM - PEDIOCOCCUS ACIDILACTICI) 150 mg (3,0 x 10⁹ ufc) CAPSULAS",57.52,matched,score=0.825
cobeca,COLVAL AMP SOL INY IM/IV 2ML X2 VLM,8563,7591020007818,6.23,,,,sin_match,score_bajo
cobeca,COLVAL COMP 4MG X12 VLM,8062,7591020001052,4.78,2000,COLVAL 4 mg COMPRIMIDOS,7.97,matched,score=0.691
cobeca,COLYPAN TAB 200MG X10 FAR,16762,7591821210264,3.31,2984,COLYPAN 200 mg TABLETAS,5.52,matched,score=0.888
cobeca,COLYPAN TAB REC LIB/PRO 300MG X20 FAR,7042,7591821902534,11.7,,,,sin_match,score_bajo
cobeca,COMENTER COM/REC 30MG X 30,29372,7401069003590,9.41,,,,sin_match,score_bajo
cobeca,COMINO MC CORMICK MOLIDO 49G,18247,7591141101808,3.59,,,,sin_match,no farmaco
cobeca,COMPAS SOLITA ESCOLAR C/MINA 2MM,15523,7591147011002,3.53,,,,sin_match,no farmaco
cobeca,COMPLEJO B AMP 2 ML X3 VIV,5118,7703153013059,3.25,378,COMPLEJO DE VITAMINA B INYECTABLE,5.42,matched,score=0.768
cobeca,COMPOTA TIGO CIRUELA 113G,51704,7598986003205,1.25,,,,sin_match,no farmaco
cobeca,COMPOTA VIVO MIFRUT BANAN 90G,51604,7802200270381,0.87,,,,sin_match,no farmaco
cobeca,COMPRESA D/LAPARAT PLUSMEDIC X 5,50101,7597467000573,5.4,,,,sin_match,no farmaco
cobeca,COMPRESAS D/LAPARAT COMPOMEDICA 18X18 X5,54031,606110873017,3.04,,,,sin_match,no farmaco
cobeca,"CONCOR TAB REC 2,5MG X30 DOLLY",1844,7501298225531,15.21,,,,sin_match,score_bajo
cobeca,CONCOR TAB REC 5MG X30 DOLLY,1845,7501298225548,18.63,,,,sin_match,score_bajo
cobeca,CONDIMENTO MCCORMICK MEDITERRANEO 90G,17772,7591141990112,3.75,,,,sin_match,no farmaco
cobeca,CONEXINE COM 50MG X 30,29374,7861152102607,6.97,3249,CONEXINE 50 mg COMPRIMIDOS RECUBIERTOS,11.62,matched,score=0.643
cobeca,CONSERVADOR MANAPLAS CUAD/PEQ X 1,14252,7591161807001,3.82,,,,sin_match,no farmaco
cobeca,CONSERVADOR MANAPLAS MULTI LUNCH X 1,14248,7591161803805,5.98,,,,sin_match,no farmaco
cobeca,CONTENEDOR TOMI TIPI P/LECHE,98946,8850217075030,8.6,,,,sin_match,no farmaco
cobeca,CONTORNO D/OJOS BIOMAS 30G,29137,7591885003482,7.34,,,,sin_match,no farmaco
cobeca,CONTORNO D/OJOS DERNIER X 20G,28494,7598084000786,2.99,,,,sin_match,no farmaco
cobeca,CONTORNO D/OJOS NIVEA Q10 A/ARRUGAS 15ML,51752,4005808179732,9.99,,,,sin_match,no farmaco
cobeca,CONTORNO D/OJOS/LABIOS GEODERM CREM 10ML,50890,8436568469843,24.65,,,,sin_match,sin_candidato
cobeca,CONTRADOL SOL/GTA 100MG 15ML,50553,7591020009362,17.05,5890,CONTRADOL 100 mg / mL SOLUCION ORAL,28.42,matched,score=0.670
cobeca,COQ10 CAP 60MG X60 NOW,28236,0733739031532,33.12,,,,sin_match,sin_candidato
cobeca,CORATAB TAB REC 81MG FRASCO X100 COFA,53062,7591818000564,5.94,,,,sin_match,score_bajo
cobeca,CORAZEM TAB 60MG X20 FAR,10134,7591821900257,9.61,2433,CORAZEM 60 mg TABLETAS RECUBIERTAS,16.02,matched,score=0.859
cobeca,CORBIS COMP 10MG X30 MEY,23009,7592601301691,7.52,4915,CORBIS 10 mg COMPRIMIDOS RECUBIERTOS,12.53,matched,score=0.615
cobeca,"CORBIS COMP 2,5MG X30 MEY",23007,7592601301707,6.43,5706,CORBIS 5 mg COMPRIMIDOS RECUBIERTOS,10.72,matched,score=0.648
cobeca,CORBIS COMP 5MG X30 MEY,23008,7795345002897,6.55,5706,CORBIS 5 mg COMPRIMIDOS RECUBIERTOS,10.92,matched,score=0.648
cobeca,CORDON P/LENTES DEPORTIVOS KATENA VARIOS,54092,8696466872941,2.5,,,,sin_match,no farmaco
cobeca,CORENTEL COM/REC 2.5 MG X 10,28477,7591619000930,1.82,3621,CORENTEL 10 mg COMPRIMIDOS RECUBIERTOS,3.03,matched,score=0.669
cobeca,"CORENTEL COMP REC 1,25 MG X30 MEG",98257,7591619520261,5.06,3621,CORENTEL 10 mg COMPRIMIDOS RECUBIERTOS,8.43,matched,score=0.740
cobeca,"CORENTEL COMP REC 1,25MG X10 MEG",28209,7591619000923,1.69,4683,"CORENTEL 1,25 mg COMPRIMIDOS RECUBIERTOS",2.82,matched,score=0.632
cobeca,"CORENTEL COMP REC 2,5MG X30 MEG",95725,7591619520278,5.19,3622,CORENTEL 5 mg COMPRIMIDOS RECUBIERTOS,8.65,matched,score=0.679
cobeca,CORENTEL COMP REC 5MG X10 MEG,10024,7591619520285,3.88,3622,CORENTEL 5 mg COMPRIMIDOS RECUBIERTOS,6.47,matched,score=0.679
cobeca,CORENTEL COMP REC 5MG X30 MEG,10042,7591619520292,8.71,3622,CORENTEL 5 mg COMPRIMIDOS RECUBIERTOS,14.52,matched,score=0.679
cobeca,CORENTEL COMP/REC 10MG X30,9992,7591619520308,8.7,3621,CORENTEL 10 mg COMPRIMIDOS RECUBIERTOS,14.5,matched,score=0.608
cobeca,CORENTEL H COM/REC 5/6.25MG X 10,28479,7591619000947,6.1,4683,"CORENTEL 1,25 mg COMPRIMIDOS RECUBIERTOS",10.17,matched,score=0.608
cobeca,"CORENTEL H COMP 10MG/6,25MG X10 MEG",28403,7591619000954,6.88,3621,CORENTEL 10 mg COMPRIMIDOS RECUBIERTOS,11.47,matched,score=0.813
cobeca,"CORENTEL H COMP REC 10/6,25MG X30 MEG",94357,7591619520322,12.6,4683,"CORENTEL 1,25 mg COMPRIMIDOS RECUBIERTOS",21,matched,score=0.632
cobeca,"CORENTEL H COMP REC 5/6,25MG X30 MEG",94358,7591619520315,14.89,4683,"CORENTEL 1,25 mg COMPRIMIDOS RECUBIERTOS",24.82,matched,score=0.632
cobeca,COROPRES COMP 16MG X10 MEG,10050,7730698007144,3.64,4446,"COROPRES HCT 16 mg - 12,5 mg COMPRIMIDOS",6.07,matched,score=0.669
cobeca,COROPRES COMP 8MG X30 MEG,98452,7591619520339,8.56,3697,COROPRES 8 mg COMPRIMIDOS,14.27,matched,score=0.686
cobeca,"COROPRES H COMP 16MG/12,5MG X10 MEG",28208,7591619000886,7.01,4446,"COROPRES HCT 16 mg - 12,5 mg COMPRIMIDOS",11.68,matched,score=0.659
cobeca,"COROPRES H COMP 16MG/12,5MG X30 MEG",96010,7591619520360,17.59,4446,"COROPRES HCT 16 mg - 12,5 mg COMPRIMIDOS",29.32,matched,score=0.659
cobeca,"COROPRES H COMP 8MG/12,5MG X30 MEG",95638,7591619520353,12.2,3697,COROPRES 8 mg COMPRIMIDOS,20.33,matched,score=0.664
cobeca,"COROPRES HCT COM 32/12,5 MG X 10",28480,7591619000909,11.88,4446,"COROPRES HCT 16 mg - 12,5 mg COMPRIMIDOS",19.8,matched,score=0.688
cobeca,CORRECTIVO P/JUANETE ORTHO PAUHER 3EN1,54036,7899947310159,7.58,,,,sin_match,no farmaco
cobeca,CORRECTOR D/IMPERFECCIONES CLARESS 15G,50932,7596811000061,5.61,,,,sin_match,no farmaco
cobeca,CORRECTOR LIQ OFICA,23577,7591147020462,1.24,,,,sin_match,no farmaco
cobeca,CORTA UÑA GENIAL BEBE,26558,7453038438674,5,,,,sin_match,no farmaco
cobeca,CORTA UÑA GENIAL C/ESTUCHE BEBE,26560,7453038435307,5,,,,sin_match,no farmaco
cobeca,CORTA UÑA/LIMA GENIAL BEBE,26559,7453038497589,7.31,,,,sin_match,no farmaco
cobeca,CORTIMED SOL INY IM 5MG/ML 1ML PHAR,53144,7598750000058,6.58,,,,sin_match,sin_candidato
cobeca,"CORTYNASE REFORM SUSP 0,05%X140DOSIS L.O",93699,7591196004604,18.72,,,,sin_match,score_bajo
cobeca,"CORTYNASE SUSP 0,05% 50MCG X80DOSIS L.O",5509,7591196006356,11.01,,,,sin_match,score_bajo
cobeca,COVENTROL COMP 25MG X30 LETI,13097,7591585265654,25.35,2936,"COVENTROL 6,25 mg COMPRIMIDOS",42.25,matched,score=0.750
cobeca,"COVENTROL COMP 6,25MG X30 LETI",99167,7591585265630,14.78,2936,"COVENTROL 6,25 mg COMPRIMIDOS",24.63,matched,score=0.750
cobeca,CRANBERRY CAP 500MG X60 HERB,26629,7592710000072,14.06,,,,sin_match,sin_candidato
cobeca,CRANBERRY/VIT C CAP X30 VAL,23184,617748376283,12.58,,,,sin_match,score_bajo
cobeca,CRAYONES CRAYOLA CLASICOS COLORES,51965,071662000080,2.55,,,,sin_match,no farmaco
cobeca,CREATINA CAP 750MG X120 NOW,90705,733739108067,32.86,,,,sin_match,sin_candidato
cobeca,CREM A/ARRUGAS GEODERM DIA/NOCHE 50ML,50885,8436568469829,56.57,,,,sin_match,score_bajo
cobeca,CREM A/MANCHAS GEODERM HIDRAT NOCH 50ML,50889,8436568469836,62.38,,,,sin_match,sin_candidato
cobeca,CREM ANTISEPTICA SANALO 55G,40069,7591138073309,5.05,,,,sin_match,score_bajo
cobeca,CREM BALS AMALFI SUAV 1000 ML,24172,8414227050205,8.31,,,,sin_match,sin_candidato
cobeca,CREM BEDUCIS C/GLICERINA 200ML,18948,7597072000319,5.21,,,,sin_match,score_bajo
cobeca,CREM BETA GRANULOS 60G,30792,7703333007700,23.9,,,,sin_match,score_bajo
cobeca,CREM BIODERMA CICABIO REP SUAV 40ML,92750,3401347869546,28.17,,,,sin_match,sin_candidato
cobeca,CREM BIODERMA SEBIUM KERATO+ 30ML,52401,3701129805367,41.45,,,,sin_match,sin_candidato
cobeca,CREM BODY EXPRESS HIDRAT 400ML,26428,4005808803033,8.62,,,,sin_match,sin_candidato
cobeca,CREM BRUCEN NUTRI C/AC HIALUR 1% 80G,28285,7592090000518,16.73,,,,sin_match,score_bajo
cobeca,CREM BRUCEN NUTRI/RESTAURADORA Q10 80G,15109,7592090000037,9.27,,,,sin_match,sin_candidato
cobeca,CREM BRUCETIN C/PANTENOL 80G,28284,7592090000464,8.93,,,,sin_match,sin_candidato
cobeca,CREM CELUOFF T/ACCION ANTICELULIT 200ML,30358,7599574000026,7.98,,,,sin_match,score_bajo
cobeca,CREM CERO ALOE VERA 50G,41314,7702661353077,5.48,,,,sin_match,sin_candidato
cobeca,CREM CHERRY NEGR 30G,33185,7702626202600,4.81,,,,sin_match,sin_candidato
cobeca,CREM CHERRY NEGRO 12G,30354,7702626102696,1.84,,,,sin_match,sin_candidato
cobeca,CREM CORAMODEL ANTIPAÑ/ALOE VERA X 80G,50359,7591404000961,9.09,,,,sin_match,sin_candidato
cobeca,CREM CORP ADEMINA PLUS 30G,93682,7591844000439,3.25,,,,sin_match,sin_candidato
cobeca,CREM CORP ADEMINA PLUS 60G,93683,7591844000446,4.55,,,,sin_match,sin_candidato
cobeca,CREM CORP ARTRI FRESH 200G,52621,7593319000128,6.31,,,,sin_match,sin_candidato
cobeca,CREM CORP BODY MILK AMALFI AL/VERA 500ML,19133,8414227689948,4.19,,,,sin_match,sin_candidato
cobeca,CREM CORP BODY MILK AMALFI COCO 500ML,19134,8414227033093,6.01,,,,sin_match,sin_candidato
cobeca,CREM CORP BODY MILK AMALFI OLIV 500ML,19135,8414227033086,4.19,,,,sin_match,sin_candidato
cobeca,CREM CORP BODY MILK AMALFI RO/MOSQ 500ML,19136,8414227033079,4.19,,,,sin_match,sin_candidato
cobeca,CREM CORP BODY MILK AMALFI VIT E 500ML,19137,8414227039576,6.01,,,,sin_match,score_bajo
cobeca,CREM CORP CALIENTE HOT CREAM 200G,52622,7593319000036,8.26,,,,sin_match,sin_candidato
cobeca,CREM CORP GEODERM HIDRAT/PROFU 200ML,50896,8436599450438,25.32,,,,sin_match,sin_candidato
cobeca,CREM CORP HUMECT COHER 240ML,27574,7592512003868,11.69,,,,sin_match,sin_candidato
cobeca,CREM CORP KANDU ALOE/TE VERD 200ML,97395,7591138043357,3.25,,,,sin_match,sin_candidato
cobeca,CREM CORP KANDU VIT E/PANTENOL 200ML,97393,7591138043548,3.25,,,,sin_match,score_bajo
cobeca,CREM CORP PSO SKIN EMOLIENTE 12% X250ML,19916,7592090001607,15.87,,,,sin_match,sin_candidato
cobeca,CREM CORP PSO SKIN EX/HIDRAT 10% X400ML,19917,7592090001584,20.97,,,,sin_match,sin_candidato
cobeca,CREM DENT COLGATE PRO ALIVI INM X 140G,28960,7509546653402,6.18,,,,sin_match,sin_candidato
cobeca,CREM DENT COLGATE SENS/PRO A/ENC X 140G,50482,7509546672298,6.24,,,,sin_match,sin_candidato
cobeca,CREM DENT COLGATE TOTAL 12 ENC/REF 75ML,50050,7509546052861,4.4,,,,sin_match,score_bajo
cobeca,CREM DERMOPROT BRUCEN AD 100G,15108,7592090000020,10.09,,,,sin_match,sin_candidato
cobeca,CREM DERMOPROT BRUCEN CENT AD 30G,15502,7592090000075,8.03,,,,sin_match,sin_candidato
cobeca,CREM DERMOPROT BRUCETIN KIDS 50G,19131,7592090001362,9.21,,,,sin_match,sin_candidato
cobeca,CREM DERNIER ANTIPAÑALITIS 50 G,16687,7596548000624,3.68,,,,sin_match,sin_candidato
cobeca,CREM DHIABETINAT PODO REPARADORA 120ML,30339,7592512003929,9.42,,,,sin_match,sin_candidato
cobeca,CREM FACIAL HIDRAT DERNIER 120G,25903,7598084000656,5.52,,,,sin_match,sin_candidato
cobeca,CREM FACIAL PONDS DIA AGE MIRACLE 50G,52833,7506306252189,17.15,,,,sin_match,score_bajo
cobeca,CREM FACIAL PONDS NOCH AGE MIRACLE 50G,52834,8999999060077,17.15,,,,sin_match,sin_candidato
cobeca,CREM FULL ACTION 100G RECETT,26373,7594001455677,5.14,,,,sin_match,sin_candidato
cobeca,CREM FULL ACTION ROLL ON 90G RECETT,26374,7594001452065,3.7,,,,sin_match,sin_candidato
cobeca,CREM GEL BRUCEN A/ACNE 20G,27369,7592090000372,7.36,,,,sin_match,sin_candidato
cobeca,CREM HIDRAMER C/VIT E 200ML,18949,7597072000326,5.58,,,,sin_match,score_bajo
cobeca,CREM HIDRAT BIOS COLAG Q10 120ML,96013,7592512000966,10.64,,,,sin_match,sin_candidato
cobeca,CREM HIDRAT BIOS GERMEN D/TRI 60G,96014,7592512000959,7.71,,,,sin_match,sin_candidato
cobeca,CREM HIDRAT GEODERM DIA/NOCH 50ML,50886,8436568469805,46.43,,,,sin_match,score_bajo
cobeca,CREM HIDRAT SEXYAMOURS C/AROMA 200ML,24185,7592512001734,9.01,,,,sin_match,sin_candidato
cobeca,CREM HIDRAT UV DEFENDER FPS50 40G,25965,7899706181877,13.81,,,,sin_match,sin_candidato
cobeca,CREM IE ALOE 400ML,26527,8411047143186,10.03,,,,sin_match,sin_candidato
cobeca,CREM IE UREA 400ML,26526,8411047108642,10.76,,,,sin_match,sin_candidato
cobeca,CREM IE UREA 50ML,26523,8411047108666,2.75,,,,sin_match,sin_candidato
cobeca,CREM LIMP BIODERMA PIGMENTBIO FOAM 200ML,52399,3701129800546,35.64,,,,sin_match,sin_candidato
cobeca,CREM LIMP FAC BIOMAS 120G,29134,7591885003321,6.46,,,,sin_match,sin_candidato
cobeca,CREM LUBRIPIU CUMLAUDE LAB HIG INT 200ML,51030,8428749771005,31.76,,,,sin_match,sin_candidato
cobeca,CREM LYA CICATRIMED 30G LYA,25452,7599028000404,5.67,,,,sin_match,sin_candidato
cobeca,CREM MINERAL UVEBLOCK SPF 50+ 40ML,21472,3760269770270,26.62,,,,sin_match,sin_candidato
cobeca,CREM NIVEA REGENERADORA INTEN 72H 400ML,50913,4005808680252,8.21,,,,sin_match,sin_candidato
cobeca,CREM OFF FAMILY 196G,94575,7591005004924,6.38,,,,sin_match,sin_candidato
cobeca,CREM ONC CORP ANTIOXID P/IRRADIADA 120ML,30338,7592512003974,9.58,,,,sin_match,sin_candidato
cobeca,CREM OXIG NK OXY VOL10 120ML,19517,0745114332882,0.95,,,,sin_match,sin_candidato
cobeca,CREM OXIG NK OXY VOL30 120ML,19519,0701197963238,0.95,,,,sin_match,sin_candidato
cobeca,CREM OXIG NK OXY VOL40 120ML,19520,0745114358851,0.95,,,,sin_match,sin_candidato
cobeca,CREM OZONEPIU MENTHOL EUB 30G,52614,7593319002283,2.62,,,,sin_match,sin_candidato
cobeca,CREM OZONEPIU MENTHOL EUB 60G,52615,7593319002238,4.08,,,,sin_match,sin_candidato
cobeca,CREM P/MANOS BRUCEN PROTEC/SOL COLAG 50G,27366,7592090000341,6.05,,,,sin_match,sin_candidato
cobeca,CREM P/MANOS BRUCEN PROTEC/SOL VIT E 50G,27365,7592090000358,6.05,,,,sin_match,score_bajo
cobeca,CREM P/MANOS CORAMODIO GUANTE SILIC 80 G,15729,7591404002750,5.37,,,,sin_match,sin_candidato
cobeca,CREM P/MANOS GEODERM REPARADORA 75ML,50891,8436599450445,14.89,,,,sin_match,sin_candidato
cobeca,CREM P/MANOS IE UREA20% 75ML,26542,8411047108710,5.51,,,,sin_match,sin_candidato
cobeca,CREM P/OJOS PONDS AGE MIRACLE 15ML,52835,7506306252257,9.02,,,,sin_match,sin_candidato
cobeca,CREM P/PEIN DRENE CAB SEC/MALT 240ML,24396,7590005008567,3.8,,,,sin_match,sin_candidato
cobeca,CREM P/PEIN DRENE CAB/LISO 240ML,24395,7590005008550,3.8,,,,sin_match,sin_candidato
cobeca,CREM P/PEIN ELVIVE CAIDA/RESIST X 300G,50691,7509552902082,8.05,,,,sin_match,sin_candidato
cobeca,CREM P/PEIN EVERY NIGHT BIO CER 300ML,23824,7590005164737,3.86,,,,sin_match,sin_candidato
cobeca,CREM P/PEIN EVERY NIGHT BIO TEVERD 300ML,23821,7590005164706,3.86,,,,sin_match,sin_candidato
cobeca,CREM P/PEIN SEDAL RIZOS OBEDIENT 300ML,37631,7501056340131,6.54,,,,sin_match,sin_candidato
cobeca,CREM P/PEINAR ELVIVE GLYCO GLOSS 300ML,52486,7509552928624,8.05,,,,sin_match,sin_candidato
cobeca,CREM P/PIES URIFOOT UREA 10% 200ML,24187,7592512003561,8.06,,,,sin_match,sin_candidato
cobeca,CREM PONDS CLARANT B3 PIEL NORM/GRAS 50G,33813,7501056330293,5.04,,,,sin_match,sin_candidato
cobeca,CREM PROTECT ALEA 120G,54353,7599566000140,3.49,,,,sin_match,sin_candidato
cobeca,CREM QUITACALLOS LYA AC SALICILICO 8G,25458,7599028000503,6.21,,,,sin_match,score_bajo
cobeca,CREM REVITALIFT AC/HIALUR OJOS 15ML,21674,7509552840346,20.82,,,,sin_match,score_bajo
cobeca,CREM SEDAL D/PEINAR CELULAS MADRES 300ML,50017,7702006301565,6.14,,,,sin_match,sin_candidato
cobeca,CREM SOLAR AGRADO 50+ X 100ML,50246,8433295083328,6.65,,,,sin_match,sin_candidato
cobeca,CREM SOLAR AGRADO KIDS 50+ VIT E X200ML,50245,8433295062231,17.11,,,,sin_match,score_bajo
cobeca,CREM SUAVIZANTE AMALFI PROF T/ACCION 1L,19265,8414227037732,6.11,,,,sin_match,score_bajo
cobeca,CREM URIBODY ULTRHIDRAT UREA 20%,24630,7592512003813,7.68,,,,sin_match,sin_candidato
cobeca,CREM ZOAH MANOS/CODOS/PIES X 50ML,29656,7596211000142,3.31,,,,sin_match,sin_candidato
cobeca,CREM/DENT COLGATE 90G,24403,7891024134702,1.43,,,,sin_match,sin_candidato
cobeca,CREM/DENT COLGATE LUMIN/WH 75ML,20300,7509546054650,4.4,,,,sin_match,sin_candidato
cobeca,CREM/DENT COLGATE LUMIN/WH CARB ACT 75ML,27113,7509546651019,4.4,,,,sin_match,sin_candidato
cobeca,CREM/DENT COLGATE LUMIN/WH LOVERS 70G,50966,7509546667577,6.61,,,,sin_match,sin_candidato
cobeca,CREM/DENT COLGATE LUMINOUS WHITE 61ML,52915,7509546692371,2.73,,,,sin_match,sin_candidato
cobeca,CREM/DENT COLGATE MAX FRESH 90ML,53833,7509546687261,3.74,,,,sin_match,sin_candidato
cobeca,CREM/DENT COLGATE MENTA S/ECON 100G,30447,7501035911031,2.93,,,,sin_match,score_bajo
cobeca,CREM/DENT COLGATE MINIONS S/BUBBLE 75ML,24865,7509546066776,6.04,,,,sin_match,sin_candidato
cobeca,CREM/DENT COLGATE NAT/EXTRAC PURIF 140G,27586,7509546660073,7.45,,,,sin_match,sin_candidato
cobeca,CREM/DENT COLGATE SENSITIVE PRO 110G,53334,7891024124628,5.29,,,,sin_match,sin_candidato
cobeca,CREM/DENT COLGATE T/ACCION 100G,31817,7509546000343,3.14,,,,sin_match,score_bajo
cobeca,CREM/DENT COLGATE T/ACCION 60G,24705,7702010111501,1.64,,,,sin_match,score_bajo
cobeca,CREM/DENT COLGATE T/ACCION 75ML,34932,7509546000985,2.42,,,,sin_match,score_bajo
cobeca,CREM/DENT COLGATE T/ACCION BLANCURA 75G,20030,7509546056098,2.95,,,,sin_match,score_bajo
cobeca,CREM/DENT COLGATE T/ACCION EX BLAN 150ML,53437,7509546690919,5,,,,sin_match,score_bajo
cobeca,CREM/DENT COLGATE TOTAL MINT ORIG 150ML,36664,7501035911376,8.22,,,,sin_match,score_bajo
cobeca,CREM/DENT COLGATE TOTAL MINT ORIG 75ML,20487,99176480310,4.4,,,,sin_match,score_bajo
cobeca,CREM/DENT COLGATE TOTAL WHITENING 150ML,53436,7509546697970,8.22,,,,sin_match,score_bajo
cobeca,CREM/DENT COLGATE TOTAL WHITENING 75ML,53435,7509546698007,4.4,,,,sin_match,score_bajo
cobeca,CREM/DENT COLGATE TOTAL12 A/SARRO 75ML,24126,7509546653532,4.4,,,,sin_match,sin_candidato
cobeca,CREM/DENT ICEBERG ADVANCED CRISTALS 120G,22897,7597297000446,0.97,,,,sin_match,sin_candidato
cobeca,CREM/DESMAQU SOM FRIA A/EDAD 50G,16106,7596139000200,4.95,,,,sin_match,sin_candidato
cobeca,CREMA CERO 30G,97304,7702661351264,2.99,,,,sin_match,sin_candidato
cobeca,CREMA CERO C/ALOE VERA 30G,97303,7702661351271,2.99,,,,sin_match,sin_candidato
cobeca,CREMA CERO CALEN/VIT E 30G,98780,7702661341265,2.99,,,,sin_match,score_bajo
cobeca,CREMA CERO CONCENTRADO X 114G,29579,7702661391048,11.89,,,,sin_match,score_bajo
cobeca,CREMA CERO CONCENTRADO X 30G,29578,7702661391017,3.66,,,,sin_match,score_bajo
cobeca,CREMA CETOPIC VIT C 50G,53279,7703281002062,29.48,,,,sin_match,sin_candidato
cobeca,CREMA CHANTILLY PVO TIGO 200G,51728,7598986002611,2.73,,,,sin_match,sin_candidato
cobeca,CREMA CORP BRUCEN EX HIDRAT DIA-B 220ML,53173,7592090000624,15,,,,sin_match,score_bajo
cobeca,CREMA CORP BRUCEN EX HIDRAT DIA-B 400ML,53172,7592090000631,21.72,,,,sin_match,score_bajo
cobeca,CREMA CORP CLARESS DESPIGAMENTANTE 90G,50951,7596811000412,14.48,,,,sin_match,sin_candidato
cobeca,CREMA CORP RECETT FULL ACTION FORTE 60G,53155,7594001456216,4.78,,,,sin_match,score_bajo
cobeca,CREMA D/ARR POLLY ENRIQUECIDA BOLS 450G,19179,7591112004435,1.14,,,,sin_match,sin_candidato
cobeca,CREMA D/ARR POLLY ENRIQUECIDA BOLS 900G,19180,7591112004039,2.29,,,,sin_match,sin_candidato
cobeca,CREMA D/LECHE TIGO CULINARIA 1L,51725,7598986001737,6,,,,sin_match,score_bajo
cobeca,CREMA FACIAL BIO+ HIDRAT 90CM3,52029,7591885003512,7.1,,,,sin_match,sin_candidato
cobeca,CREMA HIDRAT DERMOX HYDR LECHE 365ML,51404,7590005184377,4.52,,,,sin_match,score_bajo
cobeca,CREMA HIDRAT EVERY NIGHT COCO/AVEN 800ML,51483,7590005162153,7.8,,,,sin_match,score_bajo
cobeca,CREMA HIDRAT JOHNSONS BABY 200ML,45421,7891010037185,4.88,,,,sin_match,sin_candidato
cobeca,CREMA HIDRAT SPA LINE CHERRY BERRY 240ML,54052,7590041011262,4.8,,,,sin_match,sin_candidato
cobeca,CREMA HUMEC DERMOX HYDR GLICERINA 200ML,51397,7590005184308,3.37,,,,sin_match,score_bajo
cobeca,CREMA LOREAL GLYCOL BRIGHT DIA 50ML,54267,7509552935998,22.44,,,,sin_match,sin_candidato
cobeca,CREMA LOREAL GLYCOL BRIGHT NOCHE 50ML,54268,7509552930665,22.44,,,,sin_match,score_bajo
cobeca,CREMA PROTEC HUGGIES ALMEN 80G,53318,7896018704411,7.61,,,,sin_match,sin_candidato
cobeca,CREMA REAFIRM DERMOX HYDR COLAG 200ML,51399,7590005184322,3.37,,,,sin_match,sin_candidato
cobeca,CREMA REAFIRM DERMOX HYDR COLAG 365ML,51403,7590005184360,4.52,,,,sin_match,sin_candidato
cobeca,CREMA RESTAURA BRUCEN DIA-B PIES 80G,53174,7592090000648,7.38,,,,sin_match,score_bajo
cobeca,CREYONES D/CERA SOLITA X6,13073,7591147006121,2.37,,,,sin_match,no farmaco
cobeca,CREYONES SOLITA CERA X12,18852,7591147202127,7.21,,,,sin_match,no farmaco
cobeca,CRISOMET TAB REC 50MG/500MG X10 FAR,16905,7591821210332,7.49,,,,sin_match,score_bajo
cobeca,CRISOMET TAB REC 50MG/500MG X30 FAR,19232,7591821210509,15.7,,,,sin_match,score_bajo
cobeca,CRISOMET TAB REC 50MG/850MG X10 FAR,17016,7591821210349,7.73,,,,sin_match,score_bajo
cobeca,CRISOMET TAB REC 50MG/850MG X30 FAR,19233,7591821210523,19.01,,,,sin_match,score_bajo
cobeca,CRISPLUS CAP 120MG X30 ZUO,28167,7796285053468,20.6,4324,CRISPLUS 120 mg CAPSULAS,34.33,matched,score=0.650
cobeca,CROMOFTAL SOL OFT 4% 10ML L.O,6475,7591196000149,8.34,,,,sin_match,score_bajo
cobeca,"CROMUS UNG DERMICO 0,1% 15G VIV",95016,7703153044596,43.04,,,,sin_match,score_bajo
cobeca,CRONCH FLAKES 300G,18044,7591039100050,2.4,,,,sin_match,no farmaco
cobeca,CUADERNO CARIBE MIX EMPAST CUADRICU 100H,26394,7591175057638,1.83,,,,sin_match,no farmaco
cobeca,CUADERNO CARIBE MIX EMPAST DOB LINEA100H,26395,7591175057621,1.83,,,,sin_match,no farmaco
cobeca,CUADERNO CRISVI COSI MARFIL 1 LINEA 100,21984,7598874007865,1.83,,,,sin_match,no farmaco
cobeca,"CUBITAN PLUS TAB REC 24,3/25,7MG X30 DAC",53744,7598578001039,22.2,,,,sin_match,sin_candidato
cobeca,CUBITO D/POLLO MAGGI X12,26053,7591016205556,3.27,,,,sin_match,no farmaco
cobeca,CUBITO MAGGI ARROZ C/POLLO 92G DISP X 8,29558,7591016206133,2.27,,,,sin_match,sin_candidato
cobeca,CUBITO MAGGI CALDO D/POLLO X8,18504,7591016006627,2.27,,,,sin_match,no farmaco
cobeca,CUBITO MAGGI COSTILLA CRIOLLA X8,96493,7591016006023,2.27,,,,sin_match,no farmaco
cobeca,CUBITO MAGGI POLLO 184G X16,18505,7591016006634,3.93,,,,sin_match,no farmaco
cobeca,CUBO AROMAT GLADE FLORES TROP EXOT 180G,51487,7503036165154,4.49,,,,sin_match,no farmaco
cobeca,CUENTOS P/COLOREAR SOLITA SURT,54202,7591147006909,16.87,,,,sin_match,no farmaco
cobeca,CURAS CUREBAND PREMIUM IMP X30,53534,7702136646529,4.85,,,,sin_match,no farmaco
cobeca,CURAS CUREBAND PREMIUM TRANSP X20,53537,7702136642309,3.9,,,,sin_match,no farmaco
cobeca,CURCUMA CAP 400MG X60 SANAV,54164,7593533006548,9.23,,,,sin_match,sin_candidato
cobeca,CURCUMA CAP 500MG X 60 HERB,29210,7592710000010,12.34,,,,sin_match,sin_candidato
cobeca,CURCUMA MCCORMICK 58G,18259,7591141124692,3.59,,,,sin_match,no farmaco
cobeca,CURCUMA/PIMIENTA NEGRA CAP X30 VAL,23185,617748376290,12.86,,,,sin_match,sin_candidato
cobeca,CURITA ADH TWO5MED P/NIÑOS X100,26095,6925923784032,5,,,,sin_match,no farmaco
cobeca,CURITA CURE AID CLASSIC X100,27170,6224000132286,6.3,,,,sin_match,no farmaco
cobeca,CURITA CURE AID SURT KIDS X20,26939,6223003734008,4.49,,,,sin_match,no farmaco
cobeca,CURITA ZUVISS NIÑOS X20,21604,7597297000309,1.55,,,,sin_match,no farmaco
cobeca,CURITAS KIDS X20 PROMEINT,50102,7597467002423,2.15,,,,sin_match,no farmaco
cobeca,CURITAS PROMEINT PIEL ADU X 20,50103,7597467002430,2.15,,,,sin_match,no farmaco
cobeca,CURITAS PROMEINT REDONDAS X 100,50104,7597467002447,6.1,,,,sin_match,no farmaco
cobeca,"CURPINOL COMP 12,5MG X10 MEG",27021,7591619000671,2.73,3701,"CURPINOL 6,25 mg COMPRIMIDOS",4.55,matched,score=0.783
cobeca,"CURPINOL COMP 12,5MG X30 MEG",92399,7591955558232,9.51,3701,"CURPINOL 6,25 mg COMPRIMIDOS",15.85,matched,score=0.783
cobeca,CURPINOL COMP 25MG X10 MEG,26421,7591619000688,4.56,3701,"CURPINOL 6,25 mg COMPRIMIDOS",7.6,matched,score=0.750
cobeca,CURPINOL COMP 25MG X30 MEG,92398,7591955558225,10.29,3701,"CURPINOL 6,25 mg COMPRIMIDOS",17.15,matched,score=0.750
cobeca,"CURPINOL COMP 6,25MG X10 MEG",26063,7591619000893,2.6,3701,"CURPINOL 6,25 mg COMPRIMIDOS",4.33,matched,score=0.750
cobeca,CURRY MCCORMICK 55G,18243,7591141102201,4.08,,,,sin_match,no farmaco
cobeca,CUTICLIN CAP BLD 10MG X30 VIV,5503,7592432005508,26.96,,,,sin_match,sin_candidato
cobeca,CUTICLIN CAP BLD 20MG X30 VIV,5504,7592432005515,34.96,,,,sin_match,sin_candidato
cobeca,"CUTIMER CREM 6%/6%/2,5% 20G BOOZ",53528,7597072001279,7.99,,,,sin_match,sin_candidato
cobeca,CYNT COMP REC 20MG X20 DLR,5489,7592803001603,3.45,,,,sin_match,score_bajo
cobeca,CYNT COMP REC 40MG X10 DLR,92664,7592803001610,3.45,,,,sin_match,score_bajo
cobeca,CYPRAL TAB 500MG X14 MEY,3660,7592601200888,7.19,2287,CYPRAL 500 mg TABLETAS RECUBIERTAS,11.98,matched,score=0.661
cobeca,CYPRAL TAB 750MG X6 MEY,11353,7592601200482,5.79,2312,CYPRAL 750 mg TABLETAS RECUBIERTAS,9.65,matched,score=0.661
cobeca,CYPRAL TAB REC 500MG X20 PLX,92798,7592601201199,10.78,,,,sin_match,score_bajo
cobeca,DACMINA PLUS TAB REC 450MG/50MG X30 DAC,53522,7598578001046,10.42,,,,sin_match,sin_candidato
cobeca,DAGLITAN TAB 5MG/1000MG X30 ZORIAK,52148,7599112000464,22.2,,,,sin_match,sin_candidato
cobeca,DALCITRIN UNG 2% X 15G,28692,7592803004109,7.1,5820,DALCITRIN 2 % UNGUENTO,11.83,matched,score=0.604
cobeca,DALPAS TAB 5MG X30 BIOTECH,6617,7591243810905,5.57,2109,DALPAS 5 mg TABLETAS,9.28,matched,score=0.906
cobeca,DALTAZEN COM 60 MG X 10,28478,7591619000862,5.84,2737,DALTAZEN 60 mg COMPRIMIDOS,9.73,matched,score=0.841
cobeca,DALTAZEN COMP 60MG X20 MEG,1303,7594000490303,10.39,2737,DALTAZEN 60 mg COMPRIMIDOS,17.32,matched,score=0.801
cobeca,DAMENZOL SUSP 100MG/5ML 30ML ZUZU,51572,7599608003269,4.45,,,,sin_match,sin_candidato
cobeca,DANI 35 TAB REC 35MCG X21 TIAR,26406,8904250520917,15.43,,,,sin_match,sin_candidato
cobeca,DAPAGLIFLOZINA TAB 10MG X30 CR MT,53037,8904464206096,19.76,6833,GLINAMED 10 mg TABLETAS RECUBIERTAS,32.93,matched,score=0.737
cobeca,DAPAGLIFLOZINA TAB 5MG X30 CR MT,53036,8904464206089,14.83,7014,DUNIXI 5 mg COMPRIMIDOS RECUBIERTOS,24.72,matched,score=0.771
cobeca,DAPAXIT TAB 10MG X30 ZORIAK,28189,7599112000228,19.19,,,,sin_match,sin_candidato
cobeca,DARLIDE CAP BLD 1000UI X30 FC,18222,7593090002311,6.17,,,,sin_match,score_bajo
cobeca,DAVINTEX COMP REC 60MG X10 MEG,27618,7861148022179,5.06,,,,sin_match,score_bajo
cobeca,DAVINTEX COMP REC 90MG X10 MEG,27619,7861148022186,6.88,,,,sin_match,score_bajo
cobeca,DAYFLU CAP BLD 500/10/2MG DIA/NOCX15 VIV,15238,7592432900315,7.17,,,,sin_match,score_bajo
cobeca,DAYFLU CAP BLD 500MG/10MG/2MG DIAX10 VIV,14502,7592432900292,5.78,,,,sin_match,sin_candidato
cobeca,DAYFLU CAP BLD 500MG/2MG NOCH X10 VIV,14291,7592432900308,5.26,,,,sin_match,sin_candidato
cobeca,DECA LENTER COMPLEX AMP KIT 2MLX3 BIOTEC,24816,7591243811483,5.69,649,DECA LENTERMINA COMPLEX SOLUCION INYECTABLE,9.48,matched,score=0.652
cobeca,DECALONA AMP 2ML X1,10111,75919719,4.36,400,DECALONA 4 mg / mL SOLUCION INYECTABLE,7.27,matched,score=0.767
cobeca,DECOBEL COMP 4MG X 10,29068,7592806136036,5.74,1912,"DECOBEL 0,5 mg TABLETAS",9.57,matched,score=0.602
cobeca,DECOBEL SOL INY 8MG/2ML 2ML RNV,94637,7592806112047,4.39,421,DECOBEL 8 mg / 2 mL SOLUCION INYECTABLE,7.32,matched,score=0.797
cobeca,"DECOBEL TAB 0,5MG X30 RNV",22694,7592806133110,4.65,1912,"DECOBEL 0,5 mg TABLETAS",7.75,matched,score=0.663
cobeca,DECOLORANTE PVO NK DICOLOR BLOND 180G,19511,0701197963252,7.21,,,,sin_match,sin_candidato
cobeca,DEFLANUV TAB 6MG X10 NUV,50876,7581441131124,5.79,,,,sin_match,sin_candidato
cobeca,DEFLARIN COMP 30MG X10 CCM,22005,7401078930504,8.36,5547,DEFLARIN 6 mg COMPRIMIDOS,13.93,matched,score=0.606
cobeca,DEFLAZACORT TAB 30MG X10 CLX,22262,7591519000306,11.74,4122,DEFLAZACORT 30 mg TABLETAS,19.57,matched,score=0.902
cobeca,DEFLAZACORT TAB 30MG X30 CLX,91498,7591519008203,29.23,4122,DEFLAZACORT 30 mg TABLETAS,48.72,matched,score=0.902
cobeca,DEFLAZACORT TAB 6MG X10 CLX,91527,7591519008197,9.29,4101,DEFLAZACORT 6 mg TABLETAS,15.48,matched,score=0.935
cobeca,DEFLAZACORT TAB 6MG X10 CR BEL,52873,7591940000661,2.9,3013,DEFLAZACORT 6 mg COMPRIMIDOS,4.83,matched,score=0.891
cobeca,DEFLAZACORT TAB 6MG X10 KMP,54211,0730170649265,5.38,3013,DEFLAZACORT 6 mg COMPRIMIDOS,8.97,matched,score=0.891
cobeca,DEFLAZACORT TAB 6MG X30 CR BEL,52860,7591940000647,4.16,3013,DEFLAZACORT 6 mg COMPRIMIDOS,6.93,matched,score=0.891
cobeca,DEKOR COMP 4MG X20 DORO,20122,8699525019752,3.7,,,,sin_match,sin_candidato
cobeca,DEMASQ D/OJOS NIVEA BIFASICO 125ML,50909,42277132,7.55,,,,sin_match,no farmaco
cobeca,DENAF TAB REC 50MG X1 L.O,53621,7591196007063,1.03,,,,sin_match,score_bajo
cobeca,DENAF TAB REC 50MG X2 L.O,53622,7591196007070,1.93,,,,sin_match,score_bajo
cobeca,DENCOFEN CREM-GEL X20GR,90093,7591309003296,3.56,3422,"DENCOFEN 1,16 % CREMA EN BASE GEL",5.93,matched,score=1.000
cobeca,DENCOFEN GEL 1% 40G PONCE,7466,7591309002756,5.09,,,,sin_match,score_bajo
cobeca,DENCORUB CREM 40G PONCE,3455,7591309010409,4.29,,,,sin_match,score_bajo
cobeca,DENCORUB GEL 40G PONCE,6941,7591309010416,4.72,,,,sin_match,score_bajo
cobeca,DENCORUB GEL ICE ARNICA 40G,52521,7591309002527,2.94,,,,sin_match,score_bajo
cobeca,DENCORUB ICE GEL 40G PONCE,1288,7591309001049,2.66,,,,sin_match,score_bajo
cobeca,DENCORUB ICE ROLL ON 80G,24733,7591309002206,3.2,,,,sin_match,no farmaco
cobeca,DENCORUB ROLL ON ICE ARNICA 80G,30144,7591309002381,3.38,,,,sin_match,no farmaco
cobeca,DENCORUB SPRAY ICE 120ML,50874,7591309002268,4.26,,,,sin_match,no farmaco
cobeca,DENCORUB SPRAY ICE ARNICA 115G X12 PONCE,54485,17591309004092,4.6,,,,sin_match,no farmaco
cobeca,"DENTALIV GEL TOP 7,5% 10G PLN",54276,7800004007189,13.94,,,,sin_match,sin_candidato
cobeca,DENUAL COMP 150MG X1 MEG,94853,7591619517605,3.9,4465,DENUAL 150 mg COMPRIMIDOS RECUBIERTOS,6.5,matched,score=0.888
cobeca,DEPOFEM SOL/INY 150MG X 1,28729,196852644438,15.65,6508,DEPOFEM 150mgmL SUSPENSIÓN INYECTABLE,26.08,matched,score=0.690
cobeca,DERAIN CREM 15G LETI,8277,7591585215901,28,2157,DERAIN 15 % CREMA,46.67,matched,score=0.906
cobeca,DERAIN GASA X10 LETI,8275,7591585115935,51.67,,,,sin_match,no farmaco
cobeca,"DERMACORTINE CREM 0,1% 15G MEG",91421,7703281008415,10.52,,,,sin_match,score_bajo
cobeca,DERMACORTINE EMUL 60ML MEG,93384,7703281008439,17.79,,,,sin_match,score_bajo
cobeca,"DERMACORTINE LOC 0,1% 30ML MEG",91420,7703281008422,13.9,,,,sin_match,score_bajo
cobeca,DERMAPIL CREM 0.1 % X 15G,29038,7591243811643,11.61,,,,sin_match,sin_candidato
cobeca,"DERMAZOL CREM 0,05% 30G MEG",99591,7591619519036,12.47,5062,"DERMAZOL 0,05 % LOCION CAPILAR",20.78,matched,score=0.688
cobeca,"DERMAZOL UNG 0,05% 30G MEG",99592,7591619519043,15.32,5062,"DERMAZOL 0,05 % LOCION CAPILAR",25.53,matched,score=0.688
cobeca,DERMOLIMP ACIBATH SCRUB 120G SIEG,54337,7707355057477,15.43,,,,sin_match,no farmaco
cobeca,DERMOSUPRIL C CREM 01%/3% 15G MEG,24079,7591619520872,13.38,2945,"DERMOSUPRIL 0,1 % CREMA",22.3,matched,score=0.625
cobeca,"DERMOSUPRIL CREM 0,05% 15G MEG",2143,7591619520865,9.22,2945,"DERMOSUPRIL 0,1 % CREMA",15.37,matched,score=0.625
cobeca,DERMOSUPRIL CREM 01% 15G MEG,2142,7591619000985,10.13,2945,"DERMOSUPRIL 0,1 % CREMA",16.88,matched,score=0.625
cobeca,DERMOSUPRIL EMUL TOPICA 120ML MEG,6130,7703332003147,23.64,,,,sin_match,score_bajo
cobeca,"DERMOVATE CREM 0,05% X 30G",28893,7896269903021,19.65,1923,"DERMOVATE 0,05 % CREMA",32.75,matched,score=0.667
cobeca,DEROVIT CAP BLD 1000UI X30 VIV,25518,7592432000510,3.7,5191,DEROVIT 1000 UI CAPSULAS BLANDAS,6.17,matched,score=0.625
cobeca,DEROVIT CAP/BLD 2000UI X30 CALOX,54326,7591519002409,4.32,,,,sin_match,score_bajo
cobeca,DES BIORGANIC S/ALCOHOL X 90G,15656,7596548000723,1.48,,,,sin_match,no farmaco
cobeca,DES DOVE AER DAMA DERMOACLARANTE 150ML,29816,7506306241152,7.93,,,,sin_match,score_bajo
cobeca,DES REXONA AER ACTIVE EMOTION 150ML,29835,7791293032443,7.08,,,,sin_match,score_bajo
cobeca,DES REXONA AER ANTIB/INVISIB 150ML,29810,7506306244177,7.08,,,,sin_match,score_bajo
cobeca,DES REXONA AER XTRA COOL 150ML,29868,7791293022581,7.08,,,,sin_match,score_bajo
cobeca,DES REXONA ROLL-ON ACTIVE EMOTION 50ML,29818,78926523,3.25,,,,sin_match,no farmaco
cobeca,DES REXONA ROLL-ON ANTIB/INVISIBLE 50ML,29813,75058845,3.25,,,,sin_match,no farmaco
cobeca,DES REXONA ROLL-ON PERFECT TONE 50ML,29828,75062804,3.25,,,,sin_match,no farmaco
cobeca,DES REXONA STICK ANTIB/INVISIBLE 45G,29829,75062941,5.91,,,,sin_match,no farmaco
cobeca,DESAZONA TAB 4MG X10 PORTU,54232,7750215009321,1.57,,,,sin_match,sin_candidato
cobeca,DESENGRAS MR MUSCULO NAR REPU 500ML,24743,7591005999664,3.44,,,,sin_match,no farmaco
cobeca,DESENGRAS MR MUSCULO VERD REPU 500ML,24745,7591005999688,3.44,,,,sin_match,no farmaco
cobeca,DESENGRASANTE TAPA AMARILLA X 1L,29692,7592632959274,7.61,,,,sin_match,no farmaco
cobeca,DESGRASADOR TAPA AMARILLA X 1L,29693,7592632831501,7.4,,,,sin_match,no farmaco
cobeca,DESINFECT AJAX M/SUPERFIC 1L,17276,7591083018615,5.25,,,,sin_match,no farmaco
cobeca,DESINFECT AJAX M/SUPERFIC 500ML,14347,7591083018622,2.9,,,,sin_match,no farmaco
cobeca,DESINFECT SPRAY SOMTEX 240ML,21511,7596139000552,5.4,,,,sin_match,no farmaco
cobeca,DESINFECTANTE PUREZA M-SUP C/VALV X100ML,50351,7591404000312,5.91,,,,sin_match,no farmaco
cobeca,DESKEFLAS SOL INY 50MG/2ML X3 CR MT,53176,7502226297231,9.31,1422,DESKEFLAS 50 mg / 2 mL SOLUCION INYECTABLE,15.52,matched,score=0.682
cobeca,DESKEFLAS TAB 25MG X10 CR MT,52476,7502226297248,8.24,7034,DESKEFLAS 25 mg TABLETAS RECUBIERTAS,13.73,matched,score=0.693
cobeca,"DESLER JBE PED 0,5MG 60ML PHARME",18830,7592454891318,5.49,,,,sin_match,score_bajo
cobeca,"DESLER M GRANU PED1,25/4MG SOBX10 PHARME",18676,7592454891233,4.39,,,,sin_match,no farmaco
cobeca,"DESLER M TAB 2,5MG/5MG X10 PHARME",19124,7592454891240,4.57,3875,DESLER 5 mg TABLETAS RECUBIERTAS,7.62,matched,score=0.682
cobeca,DESLER M TAB 5MG/10MG X10 PHARME,18361,7592454891257,5.89,3875,DESLER 5 mg TABLETAS RECUBIERTAS,9.82,matched,score=0.661
cobeca,"DESLER M TAB MAST 2,5/5MG X30 PHARME",97589,7592454889278,9.84,,,,sin_match,score_bajo
cobeca,DESLER M TAB REC 5MG/10MG X30 PHARME,96524,7592454002769,17.4,,,,sin_match,score_bajo
cobeca,DESLER TAB 5MG X10 PHARME,18806,7592454891325,3.38,3875,DESLER 5 mg TABLETAS RECUBIERTAS,5.63,matched,score=0.704
cobeca,"DESLORAT 0,5MG 60ML L.O",90319,7591196004161,4.83,,,,sin_match,no farmaco
cobeca,DESLORAT TAB 5MG X10 L.O,7176,7591196002969,2.94,3321,DESLORAT 5 mg TABLETAS RECUBIERTAS,4.9,matched,score=0.643
cobeca,DESLORAT TAB 5MG X20 L.O,8041,7591196002976,4.62,3321,DESLORAT 5 mg TABLETAS RECUBIERTAS,7.7,matched,score=0.643
cobeca,DESLORATAD/MONTELUK COM 2.5/5MG X 30 CRB,28603,7591940000463,2.65,,,,sin_match,sin_candidato
cobeca,DESLORATADINA COMP REC 5MG X10 LETI,8560,7591585177469,3.53,3776,DESLORATADINA 2.5mg/5ml JARABE,5.88,matched,score=0.843
cobeca,"DESLORATADINA JBE 0,5MG/ML 60ML LETI",8481,7591585177445,6.04,3994,"DESLORATADINA 2,5 mg / 5 mL JARABE",10.07,matched,score=0.761
cobeca,"DESLORATADINA JBE 2,5MG 60ML KIMIC",9955,7592616579016,3.78,3776,DESLORATADINA 2.5mg/5ml JARABE,6.3,matched,score=0.720
cobeca,"DESLORATADINA JBE PED 2,5/5ML60ML PHARME",11665,7703763393053,4.86,3776,DESLORATADINA 2.5mg/5ml JARABE,8.1,matched,score=0.706
cobeca,"DESLORATADINA JBE PED 2,5MG/5ML 60ML MEY",24255,7592601000143,7.01,3776,DESLORATADINA 2.5mg/5ml JARABE,11.68,matched,score=0.768
cobeca,"DESLORATADINA SOL PED 2,5MG/5ML 60ML MEY",27626,7592601000099,6.75,3776,DESLORATADINA 2.5mg/5ml JARABE,11.25,matched,score=0.768
cobeca,DESLORATADINA TAB 5MG X10 CLX,97003,7591519008210,2.17,4370,DESLORATADINA 5 mg TABLETAS RECUBIERTAS,3.62,matched,score=0.935
cobeca,DESLORATADINA TAB 5MG X10 PHARME,11564,7592454001311,2.74,3594,DESLORATADINA 5 mg COMPRIMIDOS RECUBIERTOS,4.57,matched,score=0.891
cobeca,DESLORATADINA TAB REC 5MG X10 KIMIC,9951,7592616576558,2.13,,,,sin_match,score_bajo
cobeca,DESLORATADINA TAB/REC 5MG X 10 MEYER,29006,7592601000280,2.68,3776,DESLORATADINA 2.5mg/5ml JARABE,4.47,matched,score=0.605
cobeca,DESMANCHADOR TAPA AMARILLA TOD/COLOR X1L,29699,7592632871941,5.83,,,,sin_match,no farmaco
cobeca,DESMAQ LIVING BI FACIL 120ML,29288,7591570000130,4.12,,,,sin_match,no farmaco
cobeca,DESOD A/TRANSP OZONEPIU CABALLERO 90G,52616,7593319002030,3.49,,,,sin_match,no farmaco
cobeca,DESOD AER AXE APOLLO 88G,53313,7791293043739,5.01,,,,sin_match,sin_candidato
cobeca,DESOD AER AXE APOLLO BODYSPRAY 150ML,53315,7791293043814,5.01,,,,sin_match,sin_candidato
cobeca,DESOD AER AXE BLACK 88G,53312,7791293043746,4.85,,,,sin_match,sin_candidato
cobeca,DESOD AER AXE BLACK BODYSPRAY 150ML,53316,7791293043821,5.01,,,,sin_match,sin_candidato
cobeca,DESOD AER AXE DARK TEMPTATION 150ML,38576,7791293042718,5.01,,,,sin_match,sin_candidato
cobeca,DESOD AER AXE DARK TEMPTATION 88G,53314,7791293043722,4.85,,,,sin_match,sin_candidato
cobeca,DESOD AER DOVE ORIG 150ML,51054,7506306241183,7.93,,,,sin_match,sin_candidato
cobeca,DESOD AER LADY SPEED STICK CARB AB 150ML,51336,7509546688220,7.66,,,,sin_match,sin_candidato
cobeca,DESOD AER REXONA BAMBOO 89G/150ML,52696,7791293032450,7.08,,,,sin_match,sin_candidato
cobeca,DESOD AER REXONA PERFECT TONE 89G/150ML,52694,7506306206625,7.08,,,,sin_match,sin_candidato
cobeca,DESOD AER ZOAH DAILY CARE 210ML,54240,7596211000661,5.74,,,,sin_match,sin_candidato
cobeca,DESOD BARRA DOVE INV DRY MEN 45G,52702,75076719,6.69,,,,sin_match,sin_candidato
cobeca,DESOD BARRA LADY SPEED STICK CARB AB 45G,51037,7509546688596,6.75,,,,sin_match,sin_candidato
cobeca,DESOD BARRA LADY SPEED STICK CLI/CO 45G,27863,7509546066172,7.6,,,,sin_match,sin_candidato
cobeca,DESOD BARRA LADY SPEED STICK OMEGA 3 45G,19873,7509546067940,5.71,,,,sin_match,sin_candidato
cobeca,DESOD BARRA LADY SPEED STICK PRO5 45G,19877,7509546057545,6.5,,,,sin_match,sin_candidato
cobeca,DESOD BARRA REXONA PERFECT TONE 45G,52695,75062798,5.91,,,,sin_match,sin_candidato
cobeca,DESOD BARRA SPEED STICK 50G,19878,7509546052755,6.5,,,,sin_match,sin_candidato
cobeca,DESOD BARRA SPEED STICK CARB AB 50G,51038,0827854010746,6.75,,,,sin_match,sin_candidato
cobeca,DESOD BARRA SPEED STICK CLI/CO 50G,27862,7509546066189,7.6,,,,sin_match,sin_candidato
cobeca,DESOD BARRA SPEED STICK STAINGUARD 50G,95651,7509546046822,6.5,,,,sin_match,sin_candidato
cobeca,DESOD EVERY NIGHT BABY PINK 50G,27126,7590005162948,4.57,,,,sin_match,no farmaco
cobeca,DESOD EVERY NIGHT BIO BABY PINK 90G,21697,7590005162801,2.11,,,,sin_match,no farmaco
cobeca,DESOD EVERY NIGHT BIO DEO POWD 50G,27127,7590005162955,4.57,,,,sin_match,no farmaco
cobeca,DESOD EVERY NIGHT BIO FRESH APPLE 90G,54303,7590005162757,2.03,,,,sin_match,no farmaco
cobeca,DESOD EVERY NIGHT BIO HAPPY COCO 90G,54304,7590005162764,2.03,,,,sin_match,no farmaco
cobeca,DESOD EVERY NIGHT BIO PURE ROSE 90G,54305,7590005162771,2.03,,,,sin_match,no farmaco
cobeca,DESOD EVERY NIGHT DEO FOR MEN SPORT 50G,27128,7590005168865,4.57,,,,sin_match,no farmaco
cobeca,DESOD EVERY NIGHT DEO FRES F/MEN 50G,27129,7590005168872,4.57,,,,sin_match,no farmaco
cobeca,DESOD INTIMO LACTIBON BIOLUBE 35G,54189,7730482002010,18.83,,,,sin_match,no farmaco
cobeca,DESOD P/PIES ARTEZA FOOT DEODORANT 200ML,51004,7599094000667,7.21,,,,sin_match,no farmaco
cobeca,DESOD ROLL ON DIOXOGEN ALOE 90G,30615,7591309000080,2.61,,,,sin_match,no farmaco
cobeca,DESOD ROLL ON DIOXOGEN BICARBONATO 90G,33461,7591309000219,2.61,,,,sin_match,no farmaco
cobeca,DESOD ROLL ON IE PIELES ATOPICAS 75ML,51497,8411047108307,8.55,,,,sin_match,no farmaco
cobeca,DESOD ROLL ON IE UREA 75ML,51498,8411047108635,10.44,,,,sin_match,no farmaco
cobeca,DESOD ROLL ON LADY SPEED STICK FRES 50ML,27596,7509546060477,3.51,,,,sin_match,no farmaco
cobeca,DESOD ROLL ON LADY SPEED STICK OMEGA350G,25270,7509546067933,3.51,,,,sin_match,no farmaco
cobeca,DESOD ROLL ON LADY SPEED STICK PRO5 50ML,19117,7509546057521,3.51,,,,sin_match,no farmaco
cobeca,DESOD ROLL ON NEUTRO BALANCE 65ML,53639,7509546029825,3.86,,,,sin_match,no farmaco
cobeca,DESOD ROLL ON NIVEA CLASSIC TOUCH 50ML,51754,4006000058900,2.56,,,,sin_match,no farmaco
cobeca,DESOD ROLL ON NIVEA INVIS B&W MEN 50ML,26436,4005900036742,2.98,,,,sin_match,no farmaco
cobeca,DESOD ROLL ON NIVEA INVIS B&W WOMEN 50ML,26437,4005900036698,2.98,,,,sin_match,no farmaco
cobeca,DESOD ROLL ON NIVEA MEN FRES ICE 50ML,26564,4005900515889,2.98,,,,sin_match,no farmaco
cobeca,DESOD ROLL ON NIVEA PEARL&BEAUTY 50ML,26434,4005808837359,2.98,,,,sin_match,no farmaco
cobeca,DESOD ROLL ON REXONA A/BACT INV MAN 50ML,52692,75058852,3.25,,,,sin_match,no farmaco
cobeca,DESOD ROLL ON REXONA BAMBOO 50ML,32438,78924345,3.25,,,,sin_match,no farmaco
cobeca,DESOD ROLL ON REXONA V8 50ML,37865,78923454,3.25,,,,sin_match,no farmaco
cobeca,DESOD ROLL ON REXONA XTRA COOL 50ML,95583,78929395,3.25,,,,sin_match,no farmaco
cobeca,DESOD ROLL ON SPEED STICK MULTI 50ML,23248,7509546052588,3.51,,,,sin_match,no farmaco
cobeca,DESOD ROLL ON ZOAH DAILY CARE 90ML,54238,7596211000678,1.84,,,,sin_match,no farmaco
cobeca,DESOD SPRAY LADY SPEED STICK CLI/CO150ML,27597,7509546073828,8.74,,,,sin_match,no farmaco
cobeca,DESOD SPRAY LADY SPEED STICK PRO 5 150ML,19604,7509546063515,7.66,,,,sin_match,no farmaco
cobeca,DESOD SPRAY SPEED STICK 5EN1 91G,19874,7509546063645,7.66,,,,sin_match,no farmaco
cobeca,DESOD SPRAY SPEED STICK STAINGUARD 91G,27593,7509546063669,7.66,,,,sin_match,no farmaco
cobeca,"DESOLON TAB 0,15MG/0,03MG X21 CAPSUV",27850,7598055001392,12.66,,,,sin_match,sin_candidato
cobeca,"DESONIDA CREM 0,1% 15G MEY",23011,7707355050249,14.96,6804,"DESONIDA 0,1% CREMA",24.93,matched,score=0.625
cobeca,DESTAPA D/CAÑERIAS DRANO MAX GEL 946ML,51792,7501032970079,10.32,,,,sin_match,sin_candidato
cobeca,DESTREL COM 75MCG X 28 EURO,50861,7891317012748,12.31,6728,DESTREL 75 mcg COMPRIMIDOS RECUBIERTOS,20.52,matched,score=0.811
cobeca,DETERGENTE LIQ VEL ROSA 1L,24975,7501035904071,10.32,,,,sin_match,no farmaco
cobeca,DETERGENTE LIQ WOOLITE BEBE 900ML,27609,7702626217765,9.9,,,,sin_match,no farmaco
cobeca,DETERGENTE TAPA AMARILLA LIQ X 1L,29688,7592632959311,4.31,,,,sin_match,no farmaco
cobeca,DETFORGLIN TAB 500/50MGX30 CR DIST,26006,7598252000211,10.97,,,,sin_match,sin_candidato
cobeca,DETODITO RESUELTO 110G,53127,7591206285504,2.22,,,,sin_match,no farmaco
cobeca,DETODITO RESUELTO 280G,54471,7591206004044,4.39,,,,sin_match,no farmaco
cobeca,DETODITO RESUELTO 360G,53128,7591206285511,5.81,,,,sin_match,no farmaco
cobeca,DETODITO RESUELTO 40G X12,53126,7591206285498,10.27,,,,sin_match,no farmaco
cobeca,DETOX CAP X60 ETER,25393,0787790465157,8.12,,,,sin_match,sin_candidato
cobeca,DETOX COMPLEX CAP 300MG X60 ARC IRIS,51010,7592946001751,9.22,,,,sin_match,score_bajo
cobeca,DEVOLEN TAB REC 10MG X30 ARVEST,52487,8906188190453,10.13,,,,sin_match,sin_candidato
cobeca,DEXACORT SOL INY 4MG/ML 2L X1 BHR,52499,7592637000896,3.08,,,,sin_match,sin_candidato
cobeca,DEXAMETASONA COMP 4MG X10 SPEFAR,54431,7590027002642,4.17,5471,DEXAMETASONA 4 mg COMPRIMIDOS,6.95,matched,score=0.708
cobeca,DEXAMETASONA DEXAPIL TAB 4MG X10 ADN,53235,8906142161178,2.26,5471,DEXAMETASONA 4 mg COMPRIMIDOS,3.77,matched,score=0.725
cobeca,DEXAMETASONA F/SOD SOL INY 4MG/1MLX10 DT,23086,17598252000010,3.87,1156,DEXAMETASONA FOSFATO SODICO 4 mg / mL SOLUCION INYECTABLE,6.45,matched,score=0.727
cobeca,DEXAMETASONA F/SOD SOL INY 8MG/2MLX10 DT,23087,17598252000027,7.38,1155,DEXAMETASONA FOSFATO SODICO 8 mg / 2 mL SOLUCION INYECTABLE,12.3,matched,score=0.727
cobeca,DEXAMETASONA FOSF SOL INY 8MG/2ML X1 VLM,53308,7591020009324,2.25,1155,DEXAMETASONA FOSFATO SODICO 8 mg / 2 mL SOLUCION INYECTABLE,3.75,matched,score=0.783
cobeca,DEXAMETASONA SOL INY 8MG/2ML X10 ADN,53242,8906121570021,8.75,1165,DEXAMETASONA 8 mg / 2 mL SOLUCION INYECTABLE,14.58,matched,score=0.870
cobeca,DEXAMETASONA SOL INY 8MG/2ML X10 BLUE/M,23875,7598127001084,4.23,1165,DEXAMETASONA 8 mg / 2 mL SOLUCION INYECTABLE,7.05,matched,score=0.870
cobeca,"DEXAMETASONA TAB 0,5MG X30 VARG",54029,7592349003420,3.64,2223,"DEXAMETASONA 0,5 mg TABLETAS",6.07,matched,score=0.935
cobeca,DEXAMETASONA TAB 4MG X10 KMP,53504,0730170648961,1.16,5471,DEXAMETASONA 4 mg COMPRIMIDOS,1.93,matched,score=0.891
cobeca,DEXAMETASONA TAB 4MG X100 PORTU,25079,7750215026502,11.56,5471,DEXAMETASONA 4 mg COMPRIMIDOS,19.27,matched,score=0.697
cobeca,DEXKETOPROFENO SOB 25MG/10ML X20 CLX,52496,7591519001747,25.47,6774,DEXKETOPROFENO 25 mg / 10 mL SOLUCION ORAL,42.45,matched,score=0.736
cobeca,DEXOPRAL CAP 30MG X 30 MEYER,28650,7795345121970,32.21,,,,sin_match,sin_candidato
cobeca,"DEXTAMIN SOL ORAL 0,5MG/ML X 120ML",29065,7594001101697,4.48,5544,"DEXTAMIN 0,5 mg / mL SOLUCION ORAL",7.47,matched,score=0.671
cobeca,"DEXTAMIN SOL ORAL PED 0,5MG/ML 60ML PLX",26233,7594001101680,3.86,,,,sin_match,score_bajo
cobeca,DEXTAMIN TAB REC 5MG X10 PLX,28360,7594001101956,2.78,5544,"DEXTAMIN 0,5 mg / mL SOLUCION ORAL",4.63,matched,score=0.637
cobeca,DEXTONIL JBE 15MG/5ML 120ML PLX,6869,7594001100331,5.21,,,,sin_match,score_bajo
cobeca,DEXTROMET JBE 15MG/5ML 120ML ZUZU,53072,7599608003702,3.23,,,,sin_match,sin_candidato
cobeca,DEXTROMETLAT JBE 15MG/3MG 120ML ZUZU,52572,7599608003689,3.57,,,,sin_match,sin_candidato
cobeca,DEXTROMETORFANO JBE 120ML CR BEL,27474,7591940000562,2.29,1772,"PREVERAL  CON  DEXTROMETORFANO 6,25 mg-15,00 mg/5ml JARABE PEDIATRICO",3.82,matched,score=0.644
cobeca,DEXTROMETORFANO JBE 15MG/5ML 120ML BIOQ,26399,7594000851463,5.78,5512,DEXTROMETORFANO 15 mg / 5 mL JARABE,9.63,matched,score=0.798
cobeca,DEXTROMETORFANO SOL 2MG/ML 200ML DORO,53164,5663646,2.84,4932,PREVERAL CON DEXTROMETORFANO 3 mg - 15 mg / 5 mL SOLUCION ORAL,4.73,matched,score=0.636
cobeca,DEXTROSA AGUA DESTILADA #1 5% 500ML BHR,1133,7592637005068,4.4,,,,sin_match,no farmaco
cobeca,DEXTROSA AGUA DESTILADA #2 10% 500ML BHR,1131,7592637005242,4.48,,,,sin_match,no farmaco
cobeca,"DEXTROSA SOL 0,30% N28 500ML BHR",15335,7592637005082,4.81,,,,sin_match,score_bajo
cobeca,"DEXTROSA SOL 0,45% N29 500ML BHR",15334,7592637005099,5.49,,,,sin_match,score_bajo
cobeca,DEXTROSA SOL 30% 500ML BHR,21920,7592637398436,11.43,,,,sin_match,score_bajo
cobeca,DEXTROSA SOL 5% 500ML BIOVITAK,25685,7595624200705,4.58,,,,sin_match,score_bajo
cobeca,DEXTROSA SOL INY IV 5% 500NL BLUE/M,53793,7598127002463,2.45,969,DEXTROSA 50 % SOLUCION INYECTABLE IV,4.08,matched,score=0.800
cobeca,"DEXTROSALINA SOL INY 0,45% 500ML GKV",21352,7595624200200,3.62,,,,sin_match,sin_candidato
cobeca,DI BENZOL SOL 200MG/5ML PED FRESA X 10ML,29421,7598252001126,3.1,,,,sin_match,score_bajo
cobeca,"DI-EUDRIN TAB 12,5MG X30 BIOTECH",27188,7591243812398,7.15,1730,DI-EUDRIN 50 mg TABLETAS,11.92,matched,score=0.697
cobeca,DIACEREINA CAP 50MG X 10 MT,50231,8904278597564,5.16,6339,DIACEREINA 50 mg CAPSULAS,8.6,matched,score=0.898
cobeca,DIACERINA TAB 50MG X30 ANG/H,26999,7598176000533,15.32,,,,sin_match,sin_candidato
cobeca,DIACORT SOL ORAL 3MG/ML 60ML CR DIST,26184,7598252000549,6.42,,,,sin_match,sin_candidato
cobeca,DIADALTONE TAB 25MG X20 DIST,52478,7598252002000,7.7,,,,sin_match,sin_candidato
cobeca,DIADEX PHIS 120ML,44675,7592348208208,3.92,,,,sin_match,no farmaco
cobeca,DIAFORMINA COMP REC 1000MG X30 MEG,95456,7591619520780,18.31,4459,DIAFORMINA 1000 mg COMPRIMIDOS RECUBIERTOS,30.52,matched,score=0.679
cobeca,DIAFORMINA COMP REC 500MG X30 MEG,50991,7591619001272,9.22,2766,DIAFORMINA 500 mg COMPRIMIDOS RECUBIERTOS,15.37,matched,score=0.636
cobeca,"DIAFORMINA PLUS COMP 2,5MG X30 MEG",6565,7591619520773,15.32,2766,DIAFORMINA 500 mg COMPRIMIDOS RECUBIERTOS,25.53,matched,score=0.882
cobeca,DIAGESIC AMP 75MG/3ML X1 BIOT,51210,7591243811674,8.23,654,DIAGESIC 75 mg / 3 mL SOLUCION INYECTABLE,13.72,matched,score=0.698
cobeca,DIAGESIC SOL INY 75MG/3ML X2 BIOTECH,6136,7591243811704,13.83,654,DIAGESIC 75 mg / 3 mL SOLUCION INYECTABLE,23.05,matched,score=0.698
cobeca,"DIAGESIC SUSP PED 1,8MG/ML 120ML BIOTECH",8465,7591243811728,7.86,3469,"DIAGESIC 1,8 mg / mL SUSPENSION ORAL",13.1,matched,score=0.685
cobeca,"DIAGESIC SUSP PED 1,8MG/ML 60ML BIOT",51209,7591243811766,7.38,3469,"DIAGESIC 1,8 mg / mL SUSPENSION ORAL",12.3,matched,score=0.699
cobeca,DIALPRON SUSP 250MG/5ML 120ML CR DIST,26623,7598252000440,11.52,,,,sin_match,sin_candidato
cobeca,DIALPRON TAB 500MG X30 CR DIST,25504,7598252001904,6.84,,,,sin_match,sin_candidato
cobeca,"DIANALPER GEL 1,16% 30G PHARME",23150,7592454003339,5.32,,,,sin_match,score_bajo
cobeca,DIANE 35 GRAG X21 AVPH,4953,4057598024884,21.33,2087,DIANE 35 mcg - 2 mg GRAGEAS,35.55,matched,score=0.636
cobeca,DIANIDIP TAB 10MG X10 CR DIST,25018,7598252000280,5.61,,,,sin_match,sin_candidato
cobeca,DIANIDIP TAB 20MG X10 CR DIST,25019,7598252000297,6.68,,,,sin_match,sin_candidato
cobeca,DIANITIN SOL 150MG/10ML X 120ML,29464,7598252001157,8.94,,,,sin_match,sin_candidato
cobeca,DIARONA TAB 200MG X10 VIN,7335,7592782000116,10.45,2174,DIARONA 200 mg TABLETAS,17.42,matched,score=0.757
cobeca,"DICARVEX TAB 6,25MG X30 PLX",54331,7594001102588,5.65,7128,Dicarvex 25mg Tabletas,9.42,matched,score=0.787
cobeca,DICEA COMP REC 3MG/0.02MG X28 MEG,28401,7730564825483,19.09,,,,sin_match,score_bajo
cobeca,DICEA COMP REC 3MG/0.03MG X28 MEG,28402,7730564830487,14.55,,,,sin_match,score_bajo
cobeca,DICIGEL SUSP 240ML PHARME,96655,7592454889216,12.76,,,,sin_match,score_bajo
cobeca,DICLODEX 50MG X10 PLX,97992,7594001101406,1.31,,,,sin_match,no farmaco
cobeca,"DICLODEX SUSP ORAL 1,8 MG/ML 120ML PLX",52468,7594001102113,6.89,6551,"Diclodex 1,8 mg/mL Suspensión Oral",11.48,matched,score=0.633
cobeca,DICLODEX TAB 50MG X20 PLX,90913,7594001101376,2.59,3836,DICLODEX 50 mg TABLETAS RECUBIERTAS,4.32,matched,score=0.764
cobeca,"DICLOFENAC DIETILAM GEL 1,16% 30G ALESS",51997,7597758000862,2.38,,,,sin_match,score_bajo
cobeca,"DICLOFENAC POT SUP PED 12,5MG X6 VARG",54522,7592349003062,3.4,7385,DICLOFENAC POT,5.67,matched,score=0.688
cobeca,DICLOFENAC POT TAB/REC 50MG X 10 CALOX,14769,7591519051964,0.74,7385,DICLOFENAC POT,1.23,matched,score=0.658
cobeca,DICLOFENAC POTA AMP 75MG/3ML X1 CR GM,51474,0736372827340,1.71,501,DICLOFENAC SODICO 75 mg / 3 mL SOLUCION INYECTABLE,2.85,matched,score=0.708
cobeca,DICLOFENAC POTA COMP 50MG X10 LETI,8409,7591585279248,13.46,5598,DICLOFENAC POTASICO 50 mg COMPRIMIDOS RECUBIERTOS,22.43,matched,score=0.750
cobeca,DICLOFENAC POTA COMP 50MG X30 LETI,13815,7591585379245,14.21,5598,DICLOFENAC POTASICO 50 mg COMPRIMIDOS RECUBIERTOS,23.68,matched,score=0.750
cobeca,DICLOFENAC POTA COMP REC 100MG X10 ZUZU,52573,7599608003467,0.73,7385,DICLOFENAC POT,1.22,matched,score=0.615
cobeca,DICLOFENAC POTA TAB 50MG X10 PHARME,96269,7592454002639,0.81,5598,DICLOFENAC POTASICO 50 mg COMPRIMIDOS RECUBIERTOS,1.35,matched,score=0.750
cobeca,DICLOFENAC POTA TAB 50MG X20 ALESS,20512,7597758000510,0.78,2484,DICLOFENAC SODICO 50 mg TABLETAS CON RECUBRIMIENTO ENTERICO,1.3,matched,score=0.737
cobeca,DICLOFENAC POTA TAB 50MG X20 CR DAC,23145,7598578000230,0.65,5598,DICLOFENAC POTASICO 50 mg COMPRIMIDOS RECUBIERTOS,1.08,matched,score=0.750
cobeca,DICLOFENAC POTA TAB REC 50MG X10 ADN,53257,8906112610507,0.51,7385,DICLOFENAC POT,0.85,matched,score=0.615
cobeca,DICLOFENAC POTA TAB REC 50MG X10 L.O,19601,7591196007230,0.57,7385,DICLOFENAC POT,0.95,matched,score=0.636
cobeca,DICLOFENAC POTA TAB REC 50MG X30 L.O,26049,7591196006240,2.1,7385,DICLOFENAC POT,3.5,matched,score=0.636
cobeca,DICLOFENAC SOD AMP 75MG/3ML X 10 BLUE/M,30123,7598127001961,2.12,501,DICLOFENAC SODICO 75 mg / 3 mL SOLUCION INYECTABLE,3.53,matched,score=0.750
cobeca,DICLOFENAC SOD GEL 1% 50G SGG,24336,7596347793574,9.65,,,,sin_match,score_bajo
cobeca,DICLOFENAC SOD SUP 100MG X10 CR DIST,25021,7598252101772,6.32,,,,sin_match,no farmaco
cobeca,DICLOFENAC SOD SUP 100MG X5 ADN,53241,8906112610736,2.68,,,,sin_match,no farmaco
cobeca,DICLOFENAC SOD SUP 100MG X5 KMP,23761,6942189211287,2.7,,,,sin_match,no farmaco
cobeca,DICLOFENAC SOD SUP 50MG X10 ALESS,25701,7597758000879,2.69,,,,sin_match,no farmaco
cobeca,DICLOFENAC SOD SUP 50MG X10 VARG,53593,7592349003086,4.35,,,,sin_match,no farmaco
cobeca,DICLOFENAC SOD TAB 50MG X20 ALESS,20513,7597758000527,0.98,2484,DICLOFENAC SODICO 50 mg TABLETAS CON RECUBRIMIENTO ENTERICO,1.63,matched,score=0.775
cobeca,DICLOFENACO POT TAB REC 50MG X10 BLUE/M,54424,7598127002319,0.43,7385,DICLOFENAC POT,0.72,matched,score=0.653
cobeca,DICLOFENACO POTA TAB 50MG X20 KIMIC,55,7592616165028,1.53,5967,DICLOFENACO POTASICO 50 mg TABLETAS CON RECUBRIMIENTO ENTERICO,2.55,matched,score=0.737
cobeca,DICLOFENACO SOD SOL INY 75MG/3ML X10 CCM,53115,7705959881092,19.26,850,DICLOFENACO SODICO 75mg/3ml SOLUCION INYECTABLE,32.1,matched,score=0.769
cobeca,DICLOPRAM SUSP 5MG/5ML 100ML CR DIST,26182,7598252000518,5.4,,,,sin_match,sin_candidato
cobeca,"DICLORET SUSP 1,8MG/ML 60ML L.O",97500,7591196004499,7.1,,,,sin_match,score_bajo
cobeca,DICLOXACILINA PVO SUSP 250/5MLX80ML SANT,28721,7703763881789,7.96,,,,sin_match,score_bajo
cobeca,DIDRAMINA TAB 50MG X10 CR DIST,53385,7598252002109,5.4,,,,sin_match,sin_candidato
cobeca,DIECAPS CAP 120MG X30 MEG,94852,7591955558188,21.82,4624,DIECAPS 120 mg CAPSULAS,36.37,matched,score=0.655
cobeca,DIECAPS CAP 60MG X30 MEG,17245,7591619520247,13.38,4978,DIECAPS 60 mg CAPSULAS,22.3,matched,score=0.636
cobeca,DIEPILEP TAB 100MG X30 CR DIST,25505,7598252000365,13.55,,,,sin_match,sin_candidato
cobeca,DIFEN PLUS TAB X10 MEY,93951,7592601101161,2.51,2523,DIFEN TABLETAS RECUBIERTAS,4.18,matched,score=0.762
cobeca,DIFEN PLUS TAB X20 MEY,93952,7592601101178,4.92,2523,DIFEN TABLETAS RECUBIERTAS,8.2,matched,score=0.762
cobeca,DIFEN TAB X10 MEY,9997,7592601100317,2.39,2523,DIFEN TABLETAS RECUBIERTAS,3.98,matched,score=0.762
cobeca,DIFENAC FORTE COMP REC 100MG X10 DLR,8420,7592803000316,4.42,,,,sin_match,score_bajo
cobeca,DIFENAC GEL 30ML DLR,8417,7592803000385,5.56,2351,DIFENAC 1 % GEL,9.27,matched,score=0.602
cobeca,DIFEPIN COMP LP 30MG X30 ZUZU,52574,7599608002057,4.13,,,,sin_match,sin_candidato
cobeca,DIFLURYL TAB REC 10MG X30 CR DIST,25217,7598252000235,6.92,,,,sin_match,sin_candidato
cobeca,DIFURAZ CREM 0.2% X 30G,29023,7598252001027,15.92,,,,sin_match,sin_candidato
cobeca,DIGESAN CAP X90 ARC IRIS,19796,7592946168515,10,,,,sin_match,sin_candidato
cobeca,DIGESTIL CAP X60 NAT PREM,27116,7592430000802,7.06,,,,sin_match,sin_candidato
cobeca,DIGFLOXIN TAB 10MG X40 DIST,52501,7598252002017,18.14,,,,sin_match,sin_candidato
cobeca,DIGLET COM 2000 UI X 30,28637,7591585119193,9.89,5093,DIGLET 1000 U.I. COMPRIMIDOS ORODISPERSABLES,16.48,matched,score=0.929
cobeca,DIGLET COMP REC 5000UI X10 LETI,52638,7591585119162,7.61,5611,DIGLET 5000 U.I. COMPRIMIDOS RECUBIERTOS,12.68,matched,score=0.679
cobeca,DIGLET SOL ORAL GTAS 200UI 20ML LETI,52147,7591585119100,15.88,5475,DIGLET 200 UI SOLUCION ORAL,26.47,matched,score=0.768
cobeca,DIHIDROLIP COMP REC 10MG X10 VARG,23435,7592349001020,5.31,,,,sin_match,sin_candidato
cobeca,DIHIDROLIP COMP REC 10MG X30 VARG,53049,7592349002300,15.4,,,,sin_match,sin_candidato
cobeca,DIHIDROLIP COMP REC 20MG X10 VARG,23436,7410000101851,7.64,,,,sin_match,sin_candidato
cobeca,DIHIDROLIP COMP REC 20MG X30 VARG,53050,7592349002317,21.55,,,,sin_match,sin_candidato
cobeca,"DIISFLOR 1,3G SOB X15 CR DIST",28087,7598252000709,13.57,,,,sin_match,sin_candidato
cobeca,DIKLASON AP COMP 100MG X20 LETI,13042,7591585217523,18.55,3096,DIKLASON 100 mg COMPRIMIDOS DE ACCION PROLONGADA,30.92,matched,score=0.769
cobeca,DIKLASON B1 COM 150MG X 10,50303,7591585113948,19.46,6057,DIKLASON BI 150 mg COMPRIMIDOS DE LIBERACION CONTROLADA,32.43,matched,score=0.825
cobeca,DIKLASON GRAG 50MG X10 LETI,9720,7591585119247,3.62,6057,DIKLASON BI 150 mg COMPRIMIDOS DE LIBERACION CONTROLADA,6.03,matched,score=0.655
cobeca,"DIKLASON SUSP PED 1,8MG 120ML LETI",6748,7591585218254,14.07,,,,sin_match,score_bajo
cobeca,DILFAMID CREM 1% X 50G,50476,7598252000990,12.42,,,,sin_match,sin_candidato
cobeca,DILOTEX COM 5MG X 30,50518,7592803004178,2.94,2291,DILOTEX 5 mg COMPRIMIDOS,4.9,matched,score=0.900
cobeca,DILOTEX COMP 10MG X10 DLR,9889,7592803000408,2.56,2290,DILOTEX 10 mg COMPRIMIDOS,4.27,matched,score=0.797
cobeca,DILTIAZEM TAB 60MG X 30 ANGELUS,28519,7598176000625,8.94,2737,DALTAZEN 60 mg COMPRIMIDOS,14.9,matched,score=0.610
cobeca,DILTIAZEM TAB 60MG X20 CCM,53446,7702605100903,8.35,2737,DALTAZEN 60 mg COMPRIMIDOS,13.92,matched,score=0.793
cobeca,DILTIAZEM TAB 60MG X20 KMP,53484,730170649586,10.64,2737,DALTAZEN 60 mg COMPRIMIDOS,17.73,matched,score=0.793
cobeca,DILTIAZEM TAB 60MG X30 ZUZU,52575,7599608001142,9.17,2737,DALTAZEN 60 mg COMPRIMIDOS,15.28,matched,score=0.793
cobeca,DILTIAZEM TAB LP 120MG X30 ANG/H,27736,7598176000618,23.62,,,,sin_match,score_bajo
cobeca,DILUXEN TAB 60MG X20 FAR,24082,7591821210462,10.39,5245,DILUXEN 60 mg TABLETAS,17.32,matched,score=0.641
cobeca,DIMETIN TAB REC 200MG X20 CR DIST,25212,7598252000228,4.62,,,,sin_match,sin_candidato
cobeca,DIMEVLOR COMP 2MG/1000MG X30 FC,52070,7593090003110,20.55,,,,sin_match,sin_candidato
cobeca,DIMEVLOR COMP 2MG/500MG X30 FC,52069,7593090003134,24.08,,,,sin_match,sin_candidato
cobeca,DIMIDON SUSP 40MG/ML 200ML CCM,51271,5671375,8.35,,,,sin_match,sin_candidato
cobeca,"DINAMONT GRANU 4/1,25MG X20 CR DIST",27034,7598252000587,8.16,,,,sin_match,no farmaco
cobeca,DINAMONT PLUS TAB 10/5MG X20 CR DIST,27187,7598252000594,9.79,,,,sin_match,sin_candidato
cobeca,DIOFLON TAB 450MG/50MG X10 CR 2N,51838,6977234270070,3.12,,,,sin_match,sin_candidato
cobeca,DIOSMINA COMP REC 600MG X30 VARG,53053,7592349003000,13.78,6689,DIOSMINA 600 mg COMPRIMIDOS RECUBIERTOS,22.97,matched,score=0.764
cobeca,DIOSMINA TAB 600MG X 10 FARMAMED,50161,8908020242245,2.44,6689,DIOSMINA 600 mg COMPRIMIDOS RECUBIERTOS,4.07,matched,score=0.675
cobeca,DIOSMINA TAB 600MG X 28 CLX,29796,7591519001211,10.95,4411,DIOSMINA 600 mg TABLETAS RECUBIERTAS,18.25,matched,score=0.922
cobeca,DIOSMINA TAB 600MG X14 CLX,97147,7591519051193,6.7,4411,DIOSMINA 600 mg TABLETAS RECUBIERTAS,11.17,matched,score=0.922
cobeca,DIOSMINA TAB 600MG X30 ZUZU,52576,7599608001159,10.12,4411,DIOSMINA 600 mg TABLETAS RECUBIERTAS,16.87,matched,score=0.878
cobeca,DIOSMINA TAB REC 600MG X30 CR DIST,24803,7598252000150,10.48,4411,DIOSMINA 600 mg TABLETAS RECUBIERTAS,17.47,matched,score=0.757
cobeca,DIOSMINA TAB REC 600MG X30 DAC,53521,7598578001091,10.73,4411,DIOSMINA 600 mg TABLETAS RECUBIERTAS,17.88,matched,score=0.757
cobeca,DIOSMINA/HESP TAB/REC 450/50MG X 30 PHAR,28875,7592454888813,12.57,3821,DIOSMINA - HESPERIDINA 450 mg - 50 mg TABLETAS RECUBIERTAS,20.95,matched,score=0.687
cobeca,DIOSMINA/HESPER COM 450M/50MG X30 GENFAR,50571,7705959013370,16.62,4865,DIOSMINA-HESPERIDINA 450 mg-50 mg COMPRIMIDOS RECUBIERTOS,27.7,matched,score=0.757
cobeca,DIOSMINA/HESPER TAB 450/50MG X30 CR DIST,24807,7598252000143,12.12,3821,DIOSMINA - HESPERIDINA 450 mg - 50 mg TABLETAS RECUBIERTAS,20.2,matched,score=0.832
cobeca,DIOSMINA/HESPER TAB 450MG/50MG X30 ANG/H,52910,7598176001387,12.43,3821,DIOSMINA - HESPERIDINA 450 mg - 50 mg TABLETAS RECUBIERTAS,20.72,matched,score=0.824
cobeca,DIOSMINA/HESPER TAB REC 450/50X10 PHARME,97285,7592454003193,8.99,,,,sin_match,score_bajo
cobeca,DIOXOGEN GEL LIMP 280ML PONCE,13532,7591309901318,4.74,,,,sin_match,score_bajo
cobeca,DIOXOGEN SOL ANTIBACT 115ML PONCE,97604,7591309900762,1.45,,,,sin_match,score_bajo
cobeca,DIOXOGEN SOL ANTIBACT 460ML PONCE,97602,7591309900793,2.5,,,,sin_match,score_bajo
cobeca,DIPIDOL SOL INY 500MG/ML 2ML X3 BHR,52497,7592637000841,4.4,548,DIPIDOL 500 mg / mL SOLUCION INYECTABLE,7.33,matched,score=0.665
cobeca,DIPLOZ TAB 1MG X30 CLX,22057,7591519317589,12.91,5207,DIPLOZ 1 mg TABLETAS RECUBIERTAS,21.52,matched,score=0.844
cobeca,DISBAC TRIO CREM 10MG X 40G,29420,7598252001034,4.34,,,,sin_match,sin_candidato
cobeca,DISBIOTIC 1G FRESA SOB X15 CR DIST,28288,7598252000679,17.49,,,,sin_match,score_bajo
cobeca,DISBUFEN KIDS SUSP 100MG/5ML X 120ML,29021,7598252001119,3.21,,,,sin_match,sin_candidato
cobeca,DISBUFEN MAXX CAP BLD 600MG X20 CR DIST,28232,7598252000693,6.87,,,,sin_match,sin_candidato
cobeca,DISCAPINA COMPOS TAB 10/250MGX20 CR DIST,24741,7598252000068,8,,,,sin_match,sin_candidato
cobeca,DISCAPINA KIDS SUSP 5MG/ML 20ML CR DIST,26622,7598252000457,4.87,,,,sin_match,score_bajo
cobeca,"DISCARVEX TAB 12,5 X30 PLX",53781,7594001102434,5.18,,,,sin_match,sin_candidato
cobeca,DISCETAM SUSP 100MG 150ML CR DIST,26181,7598252000396,39.82,,,,sin_match,sin_candidato
cobeca,DISCETAM TAB 1000MG X30 CR DIST,26624,7598252000389,16.25,,,,sin_match,sin_candidato
cobeca,"DISCOLAYTE 69,7G X10 CR DIST",24418,7598252101833,60.16,,,,sin_match,no farmaco
cobeca,DISCOS D/ALGODON F&S DESECH X70,28219,8693744614644,1.79,,,,sin_match,no farmaco
cobeca,DISCOS D/ALGODON LADYFACE 80UND 3X2,53026,7591061640814,6.92,,,,sin_match,no farmaco
cobeca,DISCRALFAT SUSP 1G/5ML 150ML CR DIST,27785,7598252000754,18.45,,,,sin_match,sin_candidato
cobeca,DISCRALFAT TAB 1G X20 CR DIST,27784,7598252000747,9.65,,,,sin_match,sin_candidato
cobeca,DISCRODANTINA CAP 50MG X30 CR DIST,53555,7598252002147,7.32,,,,sin_match,sin_candidato
cobeca,DISDERM CREM 20G X 1,50477,7598252001300,3.45,,,,sin_match,sin_candidato
cobeca,DISFENAC AMP IV/IM 75MG/3ML X5 CR DIST,27568,7598252000686,16.35,,,,sin_match,sin_candidato
cobeca,"DISFENAC GEL 1,16% 50G CR DIST",51388,7598252001393,6.74,,,,sin_match,sin_candidato
cobeca,DISFENAC MAX TAB 100MG X 10,30149,7598252101482,2.22,,,,sin_match,sin_candidato
cobeca,"DISFENAC SUSP 1,8MG/ML 120ML CR DIST",26626,7598252000501,4.1,,,,sin_match,sin_candidato
cobeca,DISLEPTAL SUSP 300MG/5ML 100ML CR DIST,26621,7598252000525,13.4,,,,sin_match,sin_candidato
cobeca,DISLEPTAL TAB 300MG X30 CR DIST,26620,7598252000532,9.45,,,,sin_match,sin_candidato
cobeca,DISMEXINA JBE 8MG/5ML X 120ML,29015,7598252001102,5.16,,,,sin_match,sin_candidato
cobeca,DISMEXINA KIDS JBE 4MG/5ML X 120ML,29016,7598252001096,3.3,,,,sin_match,sin_candidato
cobeca,"DISMOVAT CREM 0,05% 50G CR DIST",54196,7598252002161,6.99,,,,sin_match,sin_candidato
cobeca,DISOMEZ GRANU PED 10MG X20 CR DIST,27033,7598252000600,18.96,,,,sin_match,sin_candidato
cobeca,DISPERID TAB 450MG/50MG X30 ZUZU,52577,7599608003726,11.34,,,,sin_match,sin_candidato
cobeca,DISPROZIN SOL ORAL 6MG/ML 120ML CR DIST,54335,7598252002215,4.62,,,,sin_match,sin_candidato
cobeca,DISTAFEN SOL KIDS 120MG/5ML X 120ML,29463,7598252001171,2.42,,,,sin_match,sin_candidato
cobeca,DISTAFLU CAP 75MG X10 DIST,52522,7598252002031,53.05,,,,sin_match,sin_candidato
cobeca,DISTAMIN B MULTIVIT JBE X 120ML,29025,7598252001201,13.17,,,,sin_match,sin_candidato
cobeca,DISTAMIN C JBE 200MG/5ML X 120ML,29022,7598252001133,8.61,,,,sin_match,sin_candidato
cobeca,DISTIAZEM TAB REC 60MG X30 CR DIST,25215,7598252000303,8,,,,sin_match,sin_candidato
cobeca,"DISTRILAX PVO SOL ORAL 8,5MG 120G CRDIST",24417,7598252101826,8.03,,,,sin_match,sin_candidato
cobeca,DISTROINMUNE L CAP 668MG/300MG X30 DIST,53619,7598252002062,61.65,,,,sin_match,sin_candidato
cobeca,DISTROMAG CAP 1642MG X60 DIST,52343,7598252001676,20.45,,,,sin_match,sin_candidato
cobeca,DISTRONAD+ CAP 400MG X30 CR DIST,53426,7598252002185,58.71,,,,sin_match,sin_candidato
cobeca,DISTROSIL Q FORTE CAP X30 DIST,52472,7598252002055,31.38,,,,sin_match,score_bajo
cobeca,DISTROSLEEP CAP 854MG/10MG X60 DIST,52344,7598252001683,19.95,,,,sin_match,sin_candidato
cobeca,DISTROVIT FORTE GEL 120G DIST,52523,7598252002048,24.29,,,,sin_match,score_bajo
cobeca,DISVENAL ANTIVARICOSO CAP 500MG X30 DIST,28656,7598252000877,15.53,,,,sin_match,sin_candidato
cobeca,DITOSXIL JBE 250MG/5ML 120ML ADU,54488,7598252001898,5.18,,,,sin_match,sin_candidato
cobeca,DITOSXIL SUSP 100MG/5ML 120ML CR DIST,26183,7598252000471,6.13,,,,sin_match,sin_candidato
cobeca,DITRIL TAB REC 200MG X30 ARVEST,53356,8906188190651,28.71,,,,sin_match,score_bajo
cobeca,DITRIL TAB REC 50MG X30 ARVEST,53355,8906188190675,17.73,,,,sin_match,score_bajo
cobeca,DIVIDIVI GEL HEMORROIDAL 5% X30G CR GMA,26066,7598751000019,10.39,,,,sin_match,sin_candidato
cobeca,DIXINATO RELAX TAB 125MG/5MG X 10,29020,7598252000884,10.86,,,,sin_match,sin_candidato
cobeca,DIXTORFAN GTA/ORAL 2MG/ML PED X 30ML,50474,7598252001348,7.35,,,,sin_match,sin_candidato
cobeca,DIXTORFAN SOL/ORAL 3MG/5ML X 120ML,30059,7598252001058,3.47,,,,sin_match,sin_candidato
cobeca,DIZACOL MESALAZINA TAB 500MG X30,54489,7598252002178,24.68,4346,PENTASA 500 mg COMPRIMIDOS DE LIBERACION PROLONGADA,41.13,matched,score=0.625
cobeca,DIZONIDE SUSP 100MG/5ML 60ML CR DIST,25502,7598252000174,13.48,,,,sin_match,sin_candidato
cobeca,DIZONIDE TAB REC 500MG X10 CR DIST,25501,7598252000167,7.47,,,,sin_match,sin_candidato
cobeca,DIZUCLOC GEL 1% 30G ZUZU,51560,7599608003191,2.83,,,,sin_match,sin_candidato
cobeca,DLORACE TAB REC 500MG/4MG X20 CR DIST,25214,7598252000198,5.45,,,,sin_match,sin_candidato
cobeca,DOBET SOL OFT 5ML L.O,843,7591196000583,17.78,2767,"DOBET 2 % - 0,5 % SOLUCION OFTALMICA",29.63,matched,score=0.711
cobeca,DOBRACID COMP LP 300MG X30 LETI,16483,7591585114327,21.38,4844,DOBRACID 300 mg COMPRIMIDOS RECUBIERTOS DE LIBERACION PROLONGADA,35.63,matched,score=0.756
cobeca,DOBRACID LP COM 300MG X 10,50498,7591585214324,7.65,4844,DOBRACID 300 mg COMPRIMIDOS RECUBIERTOS DE LIBERACION PROLONGADA,12.75,matched,score=0.825
cobeca,DOBUTAMINA AMP 250MG/5ML X5 MEDV,51161,8906112611665,30.66,1154,DOBUTAMINA 250 mg / 5 mL SOLUCION INYECTABLE,51.1,matched,score=0.861
cobeca,DOCE PLEX ELIX  120ML MEY,8960,7592601100331,16.82,,,,sin_match,no farmaco
cobeca,DODOQUIN SUSP/ORAL 42MG/ML X 100ML,50391,7599608000152,9.72,,,,sin_match,sin_candidato
cobeca,DODOQUIN TAB 650MG X10 ZUZU,54506,7599608004044,6.78,,,,sin_match,sin_candidato
cobeca,DODOQUIN TAB 650MG X20 ZUZU,54508,7599608004051,12.04,,,,sin_match,sin_candidato
cobeca,DOL DUO TAB/REC 500MG/10MG X 10,50363,7591519001013,4.48,,,,sin_match,score_bajo
cobeca,DOL PLUS TAB 650MG X10 CLX,5475,7591519005134,2.43,,,,sin_match,score_bajo
cobeca,DOL PLUS TAB 650MG X20 CLX,90444,7591519005141,3.6,,,,sin_match,score_bajo
cobeca,DOL TAB 450/40/1MG BLIS 4 X20 CLX,94913,7591519005974,20.44,,,,sin_match,score_bajo
cobeca,DOL TAB X10 CLX,8354,7591519000474,2.1,2243,DOL TABLETAS RECUBIERTAS,3.5,matched,score=0.694
cobeca,DOL TAB X20 CLX,8355,7591519001587,3.35,2243,DOL TABLETAS RECUBIERTAS,5.58,matched,score=0.694
cobeca,DOLAK COMP 10MG X20 DLR,2586,7592803001368,4.38,2308,DOLAK 10 mg COMPRIMIDOS,7.3,matched,score=0.797
cobeca,DOLAK COMP 20MG X10 DLR,10812,7592803000460,4.57,2310,DOLAK 20 mg COMPRIMIDOS RECUBIERTOS,7.62,matched,score=0.797
cobeca,DOLAK SL COMP 10MG X10 DLR,2349,7592803001320,5.31,2308,DOLAK 10 mg COMPRIMIDOS,8.85,matched,score=0.694
cobeca,DOLAK SL COMP 30MG X4 DLR,94457,7592803002419,4.26,4588,DOLAK 30 mg COMPRIMIDOS SUBLINGUALES,7.1,matched,score=0.694
cobeca,DOLAK SOL INY 30MG/ML X1 DLR,10116,7592803000484,4.98,,,,sin_match,score_bajo
cobeca,DOLAK SOL INY 30MG/ML X2 DLR,52125,7592803004338,9.01,,,,sin_match,score_bajo
cobeca,DOLCAN SUSP ORAL PED 9MG/5ML 120ML MEG,51134,7591619001333,7.01,6128,DOLCAN 9 mg / 5 mL SUSPENSION ORAL,11.68,matched,score=0.610
cobeca,DOLCAN SUSP ORAL PED 9MG/5ML 60ML MEG,51133,7591619001371,5.58,6128,DOLCAN 9 mg / 5 mL SUSPENSION ORAL,9.3,matched,score=0.624
cobeca,DOLGENAL COMP SL 30MG X8 ADIUM,28313,7841141004389,9.76,,,,sin_match,sin_candidato
cobeca,DOLKIDS TAB 160MG X20 CLX,5370,7591519003574,4.86,2994,DOLKIDS 160 mg TABLETAS MASTICABLES,8.1,matched,score=0.643
cobeca,DOLNIX CAP 150MG X20 DLR,51126,7592803004185,8.63,5251,DOLNIX 150 mg CAPSULAS,14.38,matched,score=0.602
cobeca,DOLNIX CAP 75MG X20 DLR,23949,7592803004079,4.66,,,,sin_match,score_bajo
cobeca,DOLO ICE LOC GEL MENTOLADA 120ML DAW,27430,7599104000038,3.17,,,,sin_match,sin_candidato
cobeca,DOLO ICE LOC GEL MENTOLADA 250ML DAW,27431,7599104000045,4.36,,,,sin_match,sin_candidato
cobeca,DOLO ICE LOC ROLL ON MENTOLADA 90ML DAW,27432,7599104000021,3.27,,,,sin_match,sin_candidato
cobeca,DOLOGESICCAF CAP BLD 400/60MG X10 PLN,50993,7592348211604,5.32,,,,sin_match,score_bajo
cobeca,DOLORUB GEL 5% 60G CCM,53443,17800004002549,8.58,,,,sin_match,sin_candidato
cobeca,DOMPERIDONA TAB 10MG X10 KMP,53481,730170649005,1.29,7166,Domperidona 10mg Tabletas,2.15,matched,score=0.957
cobeca,DOMPERIDONA TAB 10MG X15 CLX,11636,7591519007428,2.09,7166,Domperidona 10mg Tabletas,3.48,matched,score=0.957
cobeca,DOMPERIDONA TAB 10MG X30 ANG/H,21373,7598176000212,3.08,7166,Domperidona 10mg Tabletas,5.13,matched,score=0.957
cobeca,DOMPERIDONA TAB 10MG X30 CLX,53632,7591519002997,3.73,7166,Domperidona 10mg Tabletas,6.22,matched,score=0.957
cobeca,DOMPERIDONA TAB 10MG X30 PHARME,99579,7592454889384,4.17,7166,Domperidona 10mg Tabletas,6.95,matched,score=0.957
cobeca,DOMPESIN COMP 10MG X30 DLR,11584,7592803002112,3.42,3792,DOMPESIN 10 mg COMPRIMIDOS,5.7,matched,score=0.748
cobeca,DOMPESIN SUSP 1MG/ML 120ML DLR,94774,7592803002426,5.17,4598,DOMPESIN 1 mg / mL SUSPENSION,8.62,matched,score=0.672
cobeca,DONEPEZILO COMP REC 10MG X56 DORO,25141,5217518,27.6,7075,DONEPEZILO CLORHIDRATO 10 mg CÁPSULAS,46,matched,score=0.702
cobeca,DONEPEZILO TAB 10MG X10 CR MT,51311,8904278597755,3.72,7075,DONEPEZILO CLORHIDRATO 10 mg CÁPSULAS,6.2,matched,score=0.784
cobeca,DONEPEZILO TAB 5MG X10 CR MT,26477,8904278584687,4.89,7075,DONEPEZILO CLORHIDRATO 10 mg CÁPSULAS,8.15,matched,score=0.727
cobeca,DOPALEN CAP LIB/PROL 200MG X 10,28633,7591243813340,10.88,,,,sin_match,score_bajo
cobeca,DOPRIL SOL ORAL 3MG/ML X 60ML PED,28532,7598176000854,4.81,,,,sin_match,score_bajo
cobeca,DORITOS MEGA QUESO 150G,18181,7591206003252,2.64,,,,sin_match,no farmaco
cobeca,DORITOS MEGA QUESO 420G,18186,7591206113319,6.52,,,,sin_match,no farmaco
cobeca,DORITOS MEGA QUESO 45G X12,14714,7591206002521,11.13,,,,sin_match,no farmaco
cobeca,DORIXINA FLEX COM/REC 125MG/5MG X 20,50180,7591619001074,21.17,,,,sin_match,score_bajo
cobeca,DORIXINA FLEX COM/REC 125MG/5MG X 5,29269,7591619001067,7.27,,,,sin_match,score_bajo
cobeca,DORIXINAFLEX COMP 125MG/5MG X10 MEG,4116,7591619518671,12.99,,,,sin_match,sin_candidato
cobeca,DOVALPRON JBE 250MG 120ML ZUZU,51565,7599608002965,8.56,,,,sin_match,sin_candidato
cobeca,DOVIL TAB 50MG X30 ARVEST,53393,8906188190668,9.8,,,,sin_match,sin_candidato
cobeca,DOVIL-MET TAB 50MG/850MG X30 ARVEST,52455,8906188190477,11.82,,,,sin_match,score_bajo
cobeca,DOXAZOSINATAB 4MG X 30 MT,29214,8904278593337,4.96,,,,sin_match,no farmaco
cobeca,DOXICICLINA CAP 100MG X 10 ANGELUS,28543,7598677000032,8.29,1893,DOXICICLINA 100 mg CAPSULAS,13.82,matched,score=0.716
cobeca,DOXICICLINA CAP 100MG X10 CR MT,27620,8904278591944,13.2,1893,DOXICICLINA 100 mg CAPSULAS,22,matched,score=0.918
cobeca,DOXICICLINA TAB 100 MG X 10 KMP,53487,6942189304163,11.15,5939,DOXICICLINA 100 mg CAPSULAS,18.58,matched,score=0.688
cobeca,DOXICICLINA TAB 100MG X10 FMED,51768,8908020242825,2.75,1893,DOXICICLINA 100 mg CAPSULAS,4.58,matched,score=0.770
cobeca,"DOXICLAV FORTE KIDS 600/42,9MG 60ML DIST",52001,7598252001881,15.38,,,,sin_match,no farmaco
cobeca,DOXIUM CAP 500MG X30 LETI,52056,7591585210456,21.49,1909,DOXIUM 500 mg CAPSULAS,35.82,matched,score=0.709
cobeca,DRENE COLOR OXID CREM VOL30 100ML,27548,7590005114251,1.51,,,,sin_match,sin_candidato
cobeca,DROPIL COMP REC 100MG X40 DLR,96830,7592803002532,11.34,,,,sin_match,score_bajo
cobeca,DROPIL COMP REC 200MG X40 DLR,97140,7592803002549,14.76,,,,sin_match,score_bajo
cobeca,DROPIL COMP REC 25MG X40 DLR,96829,7592803002525,7.15,,,,sin_match,score_bajo
cobeca,"DROSPIR/ETINILEST TAB 3/0,03MGX21 BLUE/M",23876,6930169708360,6.51,,,,sin_match,sin_candidato
cobeca,DUCHA COTTAGE LECHE CARAMELO X 750ML,50248,3141380059022,8.65,,,,sin_match,no farmaco
cobeca,DUCHA COTTAGE LECHE MALVADISCO X 750ML,50250,3141380059077,11.19,,,,sin_match,no farmaco
cobeca,DUCHA VAG NATALCARE TIPO PERA,54186,645748578680,17.51,,,,sin_match,no farmaco
cobeca,DULCOXUNI TAB 5MG X10 UNIPH,53764,7598852000819,1.88,,,,sin_match,sin_candidato
cobeca,DULOXETINA CAP 30MG X28 CCM,54519,7501384550929,19.78,5691,DULOXETINA 60 mg TABLETAS GASTRORRESISTENTES,32.97,matched,score=0.772
cobeca,DUMS TAB MAST 750MG X20 CR DIST,53384,7598252002116,7.78,,,,sin_match,sin_candidato
cobeca,DUO N EXPRESS SOL/LIMP+SOL/ACOND X 120ML,50209,7592321000072,19.29,,,,sin_match,score_bajo
cobeca,DUOVENT SOL INH 15ML L.O,9199,7591196002204,24.48,,,,sin_match,score_bajo
cobeca,"DURACAINA HIPERBAR SOL INY 0,5%3MLX5 BHR",20722,7592637397033,31.43,,,,sin_match,score_bajo
cobeca,DUROVAL TAB 100MG X 2,28933,7591020009386,4.08,3072,DUROVAL 50 mg TABLETAS RECUBIERTAS,6.8,matched,score=0.687
cobeca,DUROVAL TAB 100MG X1 VLM,11587,7591020006330,2.58,3072,DUROVAL 50 mg TABLETAS RECUBIERTAS,4.3,matched,score=0.706
cobeca,DUROVAL TAB 50MG X1 VLM,2798,7591020005012,1.42,3072,DUROVAL 50 mg TABLETAS RECUBIERTAS,2.37,matched,score=0.859
cobeca,DUROVAL TAB 50MG X3 VLM,2821,7591020005029,3.44,3072,DUROVAL 50 mg TABLETAS RECUBIERTAS,5.73,matched,score=0.859
cobeca,DUROVAL TAB REC 50MG X10 VLM,93796,7591020008440,10.47,3072,DUROVAL 50 mg TABLETAS RECUBIERTAS,17.45,matched,score=0.684
cobeca,DUROVAL TAB REC 50MG X2 VLM,22796,7591020003230,2.41,3072,DUROVAL 50 mg TABLETAS RECUBIERTAS,4.02,matched,score=0.684
cobeca,"DUTAPROS CAP 0,5MG X30 ZORIAK",51062,7599112000389,10.46,,,,sin_match,sin_candidato
cobeca,"DUTASTERIDE/TAMSUL CAP 0,5/0,04MGX30 DAC",53055,7598578000971,14.31,,,,sin_match,sin_candidato
cobeca,"DUTASTERIDE/TAMSUL CAP 0,5/0,4MG X10 KMP",54212,0730170649296,7.4,,,,sin_match,sin_candidato
cobeca,DUVADILAN COMP 10MG X30 ZUO,1300,7591651932299,13.48,1733,DUVADILAN 10 mg COMPRIMIDOS,22.47,matched,score=0.797
cobeca,DYGEFLAT FORTE TAB 300/100MG X20 CR DIST,28231,7598252000730,7.47,,,,sin_match,score_bajo
cobeca,DYMACIN CREM/VAG 2% X 40G DISTR,50472,7598252000976,17.68,,,,sin_match,sin_candidato
cobeca,DYMAZOL 3 OVUL 200MG X3 CR DIST,51051,7598252001263,4.44,,,,sin_match,sin_candidato
cobeca,DYMAZOL CREM/VAG 2% X 50G DISTR,50473,7598252001287,4.69,,,,sin_match,sin_candidato
cobeca,DYMAZOL DUAL OVUL/CREM 200MG/1% CR DIST,51049,7598252001324,6.05,,,,sin_match,score_bajo
cobeca,DYNAZOL FORTE CREM X 40G,29422,7598252000969,17.22,,,,sin_match,score_bajo
cobeca,ECHINACEA CAP 390MG X60 HERB,99657,7592710000546,9.09,,,,sin_match,sin_candidato
cobeca,EDAGAN 200 COMP 200MG X30 MEG,90689,7730969302879,23.51,3819,EDAGAN 200 mg COMPRIMIDOS RECUBIERTOS,39.18,matched,score=0.692
cobeca,EDAGAN 25 COMP 25MG X30 MEG,90687,7730698006949,8.7,3795,EDAGAN 25 mg COMPRIMIDOS RECUBIERTOS,14.5,matched,score=0.672
cobeca,EDEMID SOL INY 10MG/2ML X 5 AMP,2361,7592637396982,11.25,549,EDEMID 10 mg / mL SOLUCION INYECTABLE,18.75,matched,score=0.695
cobeca,EFERCID SOB 5G X10 CR 2N,54404,6977234272029,4.55,,,,sin_match,sin_candidato
cobeca,EKICAL SUSP 300MG 120ML BIOTECH,99723,7591242814348,8.81,,,,sin_match,sin_candidato
cobeca,ELECTRO BISTURI PLUSMEDIC,25338,7597467000801,4.5,,,,sin_match,no farmaco
cobeca,ELECTRODO DESECH PLUSMEDIC AD SOB X50,50831,7597467000856,10.1,,,,sin_match,sin_candidato
cobeca,ELECTRODO DESECH PLUSMEDIC PED SOB X50,50830,7597467000863,9.5,,,,sin_match,sin_candidato
cobeca,ELECTRODO ECG GIDAGUS PED X50,27687,7597478001699,9.94,,,,sin_match,sin_candidato
cobeca,ELECTRODOS P/ECG GROSSMED 48X45MM X50,53095,7597830008281,7.22,,,,sin_match,no farmaco
cobeca,ELMETACIN SOL TOP 1% 30ML COMP,53799,7751940001659,9.35,,,,sin_match,score_bajo
cobeca,ELOK CREM 20G LIALI,26362,21281084282,2.17,,,,sin_match,score_bajo
cobeca,"EMCON TAB 1,5MG X1 CAPSUV",27851,7598055001309,2.33,,,,sin_match,sin_candidato
cobeca,EMPAGLIFLOZINA TAB 10MG X30 DIST,52002,7598252000891,13.82,6757,EMPAGLIFLOZINA - LINAGLIPTINA 10 mg - 5 mg COMPRIMIDOS RECUBIERTOS,23.03,matched,score=0.859
cobeca,EMPAGLIFLOZINA TAB 25MG X30 DIST,52003,7598252000907,45.04,6756,EMPAGLIFLOZINA - LINAGLIPTINA 25 mg - 5 mg COMPRIMIDOS RECUBIERTOS,75.07,matched,score=0.859
cobeca,EMPAGLU COMP REC 10MG X30 ZUOZ,50997,7591651002015,18.01,,,,sin_match,score_bajo
cobeca,EMPAGLU COMP REC 25MG X30 ZUOZ,50998,7591651002022,28.08,,,,sin_match,score_bajo
cobeca,EMUGEL ACLA LUMED SPF50+ 40G,50899,7703281001539,25.97,,,,sin_match,no farmaco
cobeca,EMUL CETOPIC AMP 2ML X15,53838,7703281021247,19.22,,,,sin_match,sin_candidato
cobeca,EMUL EMOLIENTE EMOLIN NEO 240G,98265,7703281009412,29.48,,,,sin_match,sin_candidato
cobeca,EMULGEL C/MICROESFER B HYALIX 60G,30799,7703332003680,23.12,,,,sin_match,no farmaco
cobeca,EMULSION LIMP/FAC GLYCOLICO X 110ML,50361,7591404000435,6.8,,,,sin_match,no farmaco
cobeca,ENALAPRIL COMP 10MG X20 PHARME,23682,7592454141109,2.04,2247,ENALAPRIL MALEATO 10 mg COMPRIMIDOS RECUBIERTOS,3.4,matched,score=0.859
cobeca,ENALAPRIL MALEATO COMP 10MG X 30 GNV,30351,7591585378514,3.64,3418,ENALAPRIL MALEATO 10 mg TABLETAS,6.07,matched,score=0.844
cobeca,ENALAPRIL MALEATO COMP 20MG X30 LETI,98889,7591585378538,4.24,2248,ENALAPRIL MALEATO 20 mg COMPRIMIDOS RECUBIERTOS,7.07,matched,score=0.816
cobeca,ENALAPRIL MALEATO TAB 10MG X30 BLUE/M,25085,7598127001398,2.12,3418,ENALAPRIL MALEATO 10 mg TABLETAS,3.53,matched,score=0.844
cobeca,ENALAPRIL TAB 10MG X30 PLX,26952,7594001101208,2.72,3418,ENALAPRIL MALEATO 10 mg TABLETAS,4.53,matched,score=0.859
cobeca,ENALAPRIL TAB 20MG X20 PHARME,7965,7592454141000,2.91,2227,ENALAPRIL 20 mg TABLETAS,4.85,matched,score=0.859
cobeca,ENALAPRIL TAB 20MG X30 CLX,99636,7591519051643,2.71,2227,ENALAPRIL 20 mg TABLETAS,4.52,matched,score=0.902
cobeca,ENALAPRIL TAB 20MG X30 KIMIC,7971,7592616192024,2.87,6374,LERCANIDIPINA CLORHIDRATO – ENALAPRIL MALEATO 10 mg – 20 mg COMPRIMIDOS RECUBIERTOS,4.78,matched,score=0.698
cobeca,ENALAPRIL TAB 20MG X30 PHARME,13372,7592454889711,3.97,2227,ENALAPRIL 20 mg TABLETAS,6.62,matched,score=0.859
cobeca,ENALAPRIL TAB 20MG X30 PLX,13265,7594001101222,3.57,3403,ENALAPRIL MALEATO 20 mg TABLETAS,5.95,matched,score=0.902
cobeca,"ENALAPRIL/HIDROCL TAB 20MG/12,5MG CR MT",54045,8904278598998,4.33,7185,"ENALAPRIL MALEATO - HIDROCLOROTIAZIDA 20 mg - 12,5 mg TABLETAS",7.22,matched,score=0.855
cobeca,ENEMA SALUDX SOL X 130ML,28590,7894164009626,6.68,,,,sin_match,sin_candidato
cobeca,ENERGYPLANT CAP 450MG X30 HERB,24096,7592710003912,10.78,,,,sin_match,sin_candidato
cobeca,ENERGYPLANT CAP 450MG X60 HERB,99658,7592710000553,12.86,,,,sin_match,sin_candidato
cobeca,ENGRAPADORA ESTERIL D/PIEL MEDIPLER,51421,7597830002845,10.64,,,,sin_match,no farmaco
cobeca,ENJ BUC COLGATE PLAX ICE INFINITY 250ML,18284,7891024027028,3.69,,,,sin_match,no farmaco
cobeca,ENJ BUC DERNIER ADU 250ML,18316,7596548003304,2.3,,,,sin_match,no farmaco
cobeca,ENJ BUC DERNIER KIDS 250ML,18317,7596548003298,2.31,,,,sin_match,no farmaco
cobeca,ENJ BUC PLAX ICE X 1 LT,29668,7891024136119,10.29,,,,sin_match,no farmaco
cobeca,ENJ BUC PLAX ODOR CONTROL X 250ML,29666,7509546679525,3.65,,,,sin_match,no farmaco
cobeca,ENJ BUCAL DENT-OLSA MENTA 240ML,53566,7591616002401,3.3,,,,sin_match,score_bajo
cobeca,ENJ BUCAL DENT-OLTOTAL CANELA 240ML,53565,7591616002395,3.25,,,,sin_match,score_bajo
cobeca,ENJ BUCAL LISTERINE COOLMINT 360ML,43570,7702035432216,5.94,,,,sin_match,no farmaco
cobeca,ENJ BUCAL LISTERINE COOLMINT 500ML,43571,7702035432339,7.56,,,,sin_match,no farmaco
cobeca,ENJ BUCAL LISTERINE CUID TOT ZERO 500ML,51825,7702031887942,8.65,,,,sin_match,no farmaco
cobeca,ENJ/BUC AMALFI MENTA 500ML,17269,8414227034502,3.15,,,,sin_match,no farmaco
cobeca,ENJ/BUC BRUCEN COOL MINT 250ML,19771,7592090001454,4,,,,sin_match,no farmaco
cobeca,ENJ/BUC BRUCEN HIERBABUENA 250ML,19770,7592090001461,3.36,,,,sin_match,no farmaco
cobeca,ENJ/BUC BRUCEN MENTA 250ML,19769,7592090001447,3.36,,,,sin_match,no farmaco
cobeca,ENJ/BUC COLGATE CLEAN MINT 500ML,24543,7891024028018,6.7,,,,sin_match,no farmaco
cobeca,ENJ/BUC COLGATE KIDS PAX MINIONS 250ML,24544,7891024030806,3.65,,,,sin_match,no farmaco
cobeca,ENJ/BUC COLGATE LUMIN/WH 250ML,19415,7891024179420,3.65,,,,sin_match,no farmaco
cobeca,ENJ/BUC COLGATE PERIOG S/ALCOHOL 250 ML,95494,7891024179925,9.29,,,,sin_match,no farmaco
cobeca,ENJ/BUC COLGATE PLAX ICE 250ML,38636,7891024136096,3.65,,,,sin_match,no farmaco
cobeca,ENJ/BUC COLGATE PLAX ICE GLACIAL 250ML,19589,7891024033050,3.65,,,,sin_match,no farmaco
cobeca,ENJ/BUC COLGATE PLAX ICE INFINITY 500ML,99799,7891024025406,6.7,,,,sin_match,no farmaco
cobeca,ENJ/BUC COLGATE TOTAL A/TARTAR 250ML,24311,7891024028704,3.65,,,,sin_match,no farmaco
cobeca,ENJ/BUC DENTOL 250ML,24192,7591616002050,3.51,,,,sin_match,no farmaco
cobeca,ENJ/BUC FLODONT 180ML,10367,7591955000502,6.36,,,,sin_match,no farmaco
cobeca,ENJ/BUC OZONEPIU 250ML,52618,7593319002269,4.62,,,,sin_match,no farmaco
cobeca,ENJ/BUC RINTI 240ML,44194,7591635000648,4.28,,,,sin_match,no farmaco
cobeca,ENJ/BUC ZAHN CALCULO CONTROL 250ML,26213,7593506071108,2.55,,,,sin_match,no farmaco
cobeca,ENJ/BUC ZAHN CITRUS FRES 250ML,26214,7593506071351,2.55,,,,sin_match,no farmaco
cobeca,ENJ/BUC ZAHN HIERBABUENA FRES 250ML,26216,7593506071306,2.55,,,,sin_match,no farmaco
cobeca,ENJ/BUC ZAHN KOLITA FRES KIDS 250ML,26212,7593506071405,2.87,,,,sin_match,no farmaco
cobeca,ENJ/BUC ZAHN MENTA FRES 250ML,26210,7593506071153,2.55,,,,sin_match,no farmaco
cobeca,ENJ/BUC ZAHN ORIGINAL 250ML,26211,7593506071207,2.55,,,,sin_match,no farmaco
cobeca,ENJ/BUC ZAHN PERIOZAHN ALIEN FRESC 500ML,21521,7593506070989,5.2,,,,sin_match,no farmaco
cobeca,ENJ/BUC ZAHN PERIOZAHN MANTENIMI 500ML,21520,7593506070972,5.2,,,,sin_match,no farmaco
cobeca,ENJ/BUC ZAHN PERIOZAHN PLUS 250ML,21519,7593506071016,4.23,,,,sin_match,no farmaco
cobeca,ENJ/BUC ZAHN PERIOZAHN PRO TRAT 250ML,21518,7593506071009,3.09,,,,sin_match,no farmaco
cobeca,ENJ/BUC ZAHN UVA FRES KIDS 250ML,26215,7593506071450,2.71,,,,sin_match,no farmaco
cobeca,ENTEREX DIABETIC PVO VAIN 400G DELM,19896,612197604505,21.56,,,,sin_match,sin_candidato
cobeca,ENTEREX HEPATIC VAIN 110G MEG,21965,612197944441,25.58,,,,sin_match,no farmaco
cobeca,ENTEREX PROTEINEX PVO 275G MEG,30937,612197500005,50.13,,,,sin_match,sin_candidato
cobeca,ENTEREX PROTICAL VAIN 420G MEG,21967,612197160001,53.64,,,,sin_match,no farmaco
cobeca,ENTEREX TOTAL LIQ CHOCO 237ML MEG,24441,0612197211608,5.19,,,,sin_match,no farmaco
cobeca,ENTEREX TOTAL PVO FRESA 400G MEG,25486,612197125208,26.1,,,,sin_match,score_bajo
cobeca,ENTEREX TOTAL PVO VAIN 400G MEG,24438,612197125000,26.1,,,,sin_match,score_bajo
cobeca,ENTEROGERMINA SUSP ORAL 2000/5ML X10 CLX,52162,3664798079999,23.94,1562,ENTEROGERMINA (ESPORAS DE BACILLUS CLAUSII) 2 MILLARDOS / 5 mL SUSPENSION ORAL,39.9,matched,score=0.906
cobeca,ENVASE SAN REMO HERMET/CUADRAD 530ML X 3,29675,7896359024735,5.25,,,,sin_match,no farmaco
cobeca,ENVASE SAN REMO HERMET/FIAMBRE 2.4L,29674,7896359006342,10.5,,,,sin_match,no farmaco
cobeca,EPAX CAP BLD X30 VIV,5399,7592432004020,18.02,,,,sin_match,sin_candidato
cobeca,EPITRAL TAB 25MG X30 VLM,52494,7591020009744,4.64,6463,EPITRAL 25 MG TABLETAS,7.73,matched,score=0.653
cobeca,EPITRAL TAB REC 100MG X30 VLM,20035,7591020081078,10.85,,,,sin_match,score_bajo
cobeca,EPITRAL TAB REC 50MG X30 VLM,20036,7591020081092,7.25,,,,sin_match,score_bajo
cobeca,EPLENON TAB 25MG X30 ZORIAK,52018,7599112000396,18.66,,,,sin_match,sin_candidato
cobeca,EPLERUNI TAB 50MG X30 UNIPH,53767,7598852001854,31.91,,,,sin_match,sin_candidato
cobeca,EQUALIV TAB 100MG/50MG DISP X30 MEY,98689,7592601301554,72.62,,,,sin_match,sin_candidato
cobeca,EQUALIV TAB X30 MEY,599,7592601100805,8.52,,,,sin_match,sin_candidato
cobeca,EQUIPO PERICRANEAL BRIUTCARE 21 X100,27204,0723592772840,25.97,,,,sin_match,no farmaco
cobeca,EQUIPO PERICRANEAL BRIUTCARE 23G X100,27205,0723592772925,25.97,,,,sin_match,no farmaco
cobeca,EQUIPO PERICRANEAL GROSSMED 19G X 100,30219,7597830002029,7.81,,,,sin_match,no farmaco
cobeca,EQUIPO PERICRANEAL GROSSMED 25G X 100,30220,7597830002111,7.81,,,,sin_match,no farmaco
cobeca,"ERILON CREM 0,1% 15G BIOTECH",5842,7591243815801,11.13,1861,"ERILON 0,1 % CREMA",18.55,matched,score=0.688
cobeca,"ERILON CREM TUB 0,05% 15G BIOTECH",95605,7591243815757,9.22,,,,sin_match,score_bajo
cobeca,ERITROMICINA TAB 500MG X10 ZUZU,52542,7599608003559,3.24,3995,ERITROMICINA 500 mg TABLETAS RECUBIERTAS,5.4,matched,score=0.878
cobeca,ESCITALOPRAM COMP 10MG X56 DORO,22243,5306568,11.69,4991,ESCITALOPRAM 10 mg COMPRIMIDOS RECUBIERTOS,19.48,matched,score=0.859
cobeca,ESCITALOPRAM COMP REC 20MG X30 MEG,19848,7591619520575,11.95,4992,ESCITALOPRAM 20 mg COMPRIMIDOS RECUBIERTOS,19.92,matched,score=0.744
cobeca,ESCITALOPRAM SOL ORAL 1MG/ML 120ML MEG,19850,7591619520582,6.49,4964,ESCITALOPRAM 1 mg/mL SOLUCION ORAL,10.82,matched,score=0.769
cobeca,ESCITALOPRAM TAB 10MG X 30 LA SANTE,50532,7703763521623,8.86,4492,ESCITALOPRAM 10 mg TABLETAS RECUBIERTAS,14.77,matched,score=0.750
cobeca,ESCITALOPRAM TAB 10MG X14 CR LATT,23490,0720524031198,5.19,4991,ESCITALOPRAM 10 mg COMPRIMIDOS RECUBIERTOS,8.65,matched,score=0.859
cobeca,ESCITALOPRAM TAB 10MG X30 CLEO,25666,7598677000315,7.25,4991,ESCITALOPRAM 10 mg COMPRIMIDOS RECUBIERTOS,12.08,matched,score=0.859
cobeca,ESCITALOPRAM TAB 20MG X 30 LA SANTE,50533,7703763515547,13.79,5157,ESCITALOPRAM 20 mg TABLETAS RECUBIERTAS,22.98,matched,score=0.697
cobeca,ESCITALOPRAM TAB 20MG X28 CLX,53635,7591519002973,12.14,4992,ESCITALOPRAM 20 mg COMPRIMIDOS RECUBIERTOS,20.23,matched,score=0.859
cobeca,ESCITALOPRAM TAB 5MG X30 CLEO,25665,7598677000414,6.71,6143,ESCITALOPRAM 5 mg TABLETAS RECUBIERTAS,11.18,matched,score=0.844
cobeca,ESCITALOPRAM TAB REC 10MG X28 CLX,22208,7591519317534,8.05,6011,ESCITALOPRAM 10 mg TABLETAS RECUBIERTAS,13.42,matched,score=0.737
cobeca,ESCITALOPRAM TAB/REC 20MG X 14 CLX,29792,7591519317541,6.79,5157,ESCITALOPRAM 20 mg TABLETAS RECUBIERTAS,11.32,matched,score=0.737
cobeca,ESENCIA D/VAIN MCCORMICK 150G,18132,7591141601506,3.07,,,,sin_match,no farmaco
cobeca,ESMIRTAL COMP 10MG X30 MEG,54448,7730969303357,10.39,4917,ESMIRTAL 20 mg COMPRIMIDOS RECUBIERTOS,17.32,matched,score=0.710
cobeca,ESMIRTAL COMP 20MG X30 MEG,54449,7730969303470,14.94,4917,ESMIRTAL 20 mg COMPRIMIDOS RECUBIERTOS,24.9,matched,score=0.835
cobeca,ESOCOF TAB REC 10MG X30 COFA,54292,7591818000847,6.2,,,,sin_match,score_bajo
cobeca,ESOGASTAN TAB REC 40MG X30 ZORIAK,24577,8906104081056,4.5,,,,sin_match,score_bajo
cobeca,ESOMEPRAZOL CAP 40MG X10 FMED,53297,8908020242832,1.27,3678,ESOMEPRAZOL 40mg TABLETAS RECUBIERTAS,2.12,matched,score=0.957
cobeca,ESOMEPRAZOL CAP 40MG X10 KMP,53479,8906069872485,3.01,3678,ESOMEPRAZOL 40mg TABLETAS RECUBIERTAS,5.02,matched,score=0.957
cobeca,ESOMEPRAZOL CAP 40MG X20 ZUZU,52764,7599608001265,4.37,3678,ESOMEPRAZOL 40mg TABLETAS RECUBIERTAS,7.28,matched,score=0.957
cobeca,ESOMEPRAZOL CAP LE 20MG X16 LETI,52348,7591585379603,8.46,4185,ESOMEPRAZOL 20 mg CAPSULAS CON MICROGRANULOS DE LIBERACION ENTERICA,14.1,matched,score=0.734
cobeca,ESOMEPRAZOL CAP LE 20MG X28 LETI,52332,7591585279606,13.76,4185,ESOMEPRAZOL 20 mg CAPSULAS CON MICROGRANULOS DE LIBERACION ENTERICA,22.93,matched,score=0.734
cobeca,ESOMEPRAZOL CAP LE 40MG X16 LETI,52333,7591585579614,9.5,3678,ESOMEPRAZOL 40mg TABLETAS RECUBIERTAS,15.83,matched,score=0.750
cobeca,ESOMEPRAZOL CAP LP 20MG X20 ZUZU,52580,7599608001258,3.89,4508,ESOMEPRAZOL 20 mg TABLETAS CON CUBIERTA ENTERICA,6.48,matched,score=0.680
cobeca,ESOMEPRAZOL TAB 20MG X20 VIV,96831,7703153027414,7.68,3488,ESOMEPRAZOL 20 mg TABLETAS RECUBIERTAS,12.8,matched,score=0.859
cobeca,ESOMEPRAZOL TAB REC 20MG X14 PHARME,24141,7592454890076,6.77,3488,ESOMEPRAZOL 20 mg TABLETAS RECUBIERTAS,11.28,matched,score=0.737
cobeca,ESOMEPRAZOL TAB REC 40MG X14 PHARME,24174,7592454890090,7.52,3678,ESOMEPRAZOL 40mg TABLETAS RECUBIERTAS,12.53,matched,score=0.835
cobeca,ESONUV CAP 20MG X 30,50003,7589144520306,6.14,,,,sin_match,sin_candidato
cobeca,ESOZ CAP 20MG X14 PHARME,98439,7592454889285,9.27,3571,ESOZ 20 mg TABLETAS RECUBIERTAS,15.45,matched,score=0.665
cobeca,ESOZ CAP 20MG X28 PHARME,98438,7592454889308,15.49,3571,ESOZ 20 mg TABLETAS RECUBIERTAS,25.82,matched,score=0.665
cobeca,ESOZ CAP 20MG X7 MMF,18359,7592454891264,5.35,3571,ESOZ 20 mg TABLETAS RECUBIERTAS,8.92,matched,score=0.665
cobeca,ESOZ CAP 40MG X14 PHARME,97637,7592454889292,11.26,3444,ESOZ 40 mg TABLETAS RECUBIERTAS DE LIBERACION RETARDADA,18.77,matched,score=0.665
cobeca,ESOZ CAP 40MG X28 PHARME,97588,7592454889315,22.93,3444,ESOZ 40 mg TABLETAS RECUBIERTAS DE LIBERACION RETARDADA,38.22,matched,score=0.665
cobeca,ESOZ CAP 40MG X7 PHARME,18360,7592454891271,5.78,3444,ESOZ 40 mg TABLETAS RECUBIERTAS DE LIBERACION RETARDADA,9.63,matched,score=0.665
cobeca,ESOZ HP TAB REC 40MG X14 PHARME,27046,7592454003698,60.05,,,,sin_match,score_bajo
cobeca,ESOZHP TAB 40MG X10 PHARME,24945,7292454002462,48.06,,,,sin_match,score_bajo
cobeca,ESP SOLAR AGRADO SECA 50+ C/VIT E X200ML,50244,8433295060756,12.99,,,,sin_match,no farmaco
cobeca,ESPARFLIN COMP REC 5MG X10 MEG,8403,7591955558300,3.38,3508,"ESPARFLIN 0,5 mg / mL JARABE",5.63,matched,score=0.608
cobeca,ESPECULO VAG PLUSMEDIC L,52979,7597467002782,1.68,,,,sin_match,no farmaco
cobeca,ESPECULO VAGINAL PLUSMEDIC TALLA M,50105,7597467002225,1.61,,,,sin_match,no farmaco
cobeca,ESPECULO VAGINAL PLUSMEDIC TALLA S,50106,7597467002218,1.61,,,,sin_match,no farmaco
cobeca,ESPIRON TAB REC 100MG X20 DOLLY,53031,7598928000125,9,,,,sin_match,sin_candidato
cobeca,ESPIRONOLACTONA COM 100MG X 20 GENFAR,50568,7705959013172,16.66,,,,sin_match,score_bajo
cobeca,ESPIRONOLACTONA COM 25MG X 20 GENFAR,50567,7705959030292,14.61,3155,ESPIRONOLACTONA 25 mg TABLETAS,24.35,matched,score=0.676
cobeca,ESPIRONOLACTONA TAB 100MG X10 HM,52738,0632627843533,5.44,3155,ESPIRONOLACTONA 25 mg TABLETAS,9.07,matched,score=0.752
cobeca,ESPIRONOLACTONA TAB 100MG X10 MEY,5829,7592601301127,6.84,3155,ESPIRONOLACTONA 25 mg TABLETAS,11.4,matched,score=0.752
cobeca,ESPIRONOLACTONA TAB 100MG X30 D&N,24985,7410002000947,18.18,3155,ESPIRONOLACTONA 25 mg TABLETAS,30.3,matched,score=0.796
cobeca,ESPIRONOLACTONA TAB 25MG X20 MEY,5474,7592601300984,5.26,3155,ESPIRONOLACTONA 25 mg TABLETAS,8.77,matched,score=0.859
cobeca,ESPIRONOLACTONA TAB 25MG X30 DAC,53524,7598578001107,6.54,3155,ESPIRONOLACTONA 25 mg TABLETAS,10.9,matched,score=0.859
cobeca,ESPIRONOLACTONA TAB 25MG X30 SIEG,51325,7592601000617,8.95,3155,ESPIRONOLACTONA 25 mg TABLETAS,14.92,matched,score=0.902
cobeca,ESPONJA ABRASIVA CALIDEX TITAN X1,21575,7591985082196,0.71,,,,sin_match,no farmaco
cobeca,ESPONJA BLINDAC ABRASIVA X10,51656,6930958841193,2.26,,,,sin_match,no farmaco
cobeca,ESPONJA BLINDAC DOBLE USO X3,51655,6930958826480,2.1,,,,sin_match,no farmaco
cobeca,ESPONJA CALIDEX DOB/USO X1,21570,7591985251189,0.7,,,,sin_match,no farmaco
cobeca,ESPONJA CALIDEX M/USO M/COL X1,21572,7591985902180,1.27,,,,sin_match,no farmaco
cobeca,ESPONJA CALIDEX ORO X1,21573,7591985902166,1.27,,,,sin_match,no farmaco
cobeca,ESPONJA CUIDA UÑA 2X3,23003,7702037857048,2.59,,,,sin_match,no farmaco
cobeca,ESPONJA CUIDA UÑA X1,23002,7702037800068,1.3,,,,sin_match,no farmaco
cobeca,ESPONJA D/GASA COMPOMEDICA EST 4X4   X25,54030,606110872904,4,,,,sin_match,no farmaco
cobeca,ESPONJA D/LAPAROTOMIA BRIUTCARE X5,26582,0723592772994,10.3,,,,sin_match,no farmaco
cobeca,ESPONJA ETERNA INOXIDABLE ABRASIVA 2,29043,7702037871327,1.95,,,,sin_match,no farmaco
cobeca,ESPONJA FIBRA DOB/USO X2,23001,7702307810043,1.76,,,,sin_match,no farmaco
cobeca,ESPONJA FIBRA ETERNA DOB/USO ACC X1,23000,7702037800648,0.97,,,,sin_match,no farmaco
cobeca,ESPONJA FLASH 2X3,23005,7702037872058,2.65,,,,sin_match,no farmaco
cobeca,ESPONJA FLASH X1,23004,7702037800655,1.1,,,,sin_match,no farmaco
cobeca,ESPONJA SCOTCH-BRITE CERO RAYAS 3X2,53043,7702098041424,3.56,,,,sin_match,no farmaco
cobeca,ESPONJA SCOTCH-BRITE M/USO OVAL,53042,7702098029392,2.35,,,,sin_match,no farmaco
cobeca,ESPONJA SCOTCH-BRITE M/USOS RECT,53041,7702098036376,2.91,,,,sin_match,no farmaco
cobeca,ESPONJA SCOTCH-BRITE SALVAUÑAS,53040,7702098036369,3.05,,,,sin_match,no farmaco
cobeca,ESPUMA BLUE CAP X 100ML,50685,8437022765136,38.31,,,,sin_match,score_bajo
cobeca,ESPUMA D/AFE NIVEA DEEP CARBON NEG 200ML,52171,4005900496447,7.41,,,,sin_match,no farmaco
cobeca,ESPUMA LIMP GEODERM VEGANA 150ML,50881,8436568469775,24.37,,,,sin_match,no farmaco
cobeca,ESPUMA MOLDEADORA AMALF EX/FUERTE 200ML,17271,8414227694119,5.39,,,,sin_match,no farmaco
cobeca,ESPUMA RAZOR F/MEN 200G,13423,7593506000245,2.31,,,,sin_match,no farmaco
cobeca,ESPUMA RAZOR F/WOMEN 200G,13424,7593506000252,2.31,,,,sin_match,no farmaco
cobeca,ESPUMA RINTI BAÑO AL SECO 220ML,52199,7591635001041,11.49,,,,sin_match,no farmaco
cobeca,ESQUIDONE TAB REC 1MG X30 VLM,98679,7591020080538,7.26,6532,ESQUIDONE 1 mg/mL SOLUCIÓN ORAL,12.1,matched,score=0.635
cobeca,ESQUIDONE TAB REC 2MG X30 VLM,98680,7591020080590,8.57,4816,ESQUIDONE 2 mg TABLETAS RECUBIERTAS,14.28,matched,score=0.647
cobeca,ESQUIDONE TAB REC 3MG X30 VLM,98681,7591020080521,10.87,4693,ESQUIDONE 3 mg TABLETAS RECUBIERTAS,18.12,matched,score=0.647
cobeca,ESTAMBRE M/COL X4,26760,7453086118009,5.6,,,,sin_match,no farmaco
cobeca,ESTAMBRE METALIZADO X4,26761,7453086109977,5.6,,,,sin_match,no farmaco
cobeca,ESTAMBRE NEON X4,26764,7453086118023,5.6,,,,sin_match,no farmaco
cobeca,ESTAMBRE PASTEL X4,26762,7453086108710,5.6,,,,sin_match,no farmaco
cobeca,ESTAMBRE PRIMARIOS X4,26763,7453086118016,5.6,,,,sin_match,no farmaco
cobeca,ESTIMULADOR PLUSONE INTIMO FLUTT/AROU,28668,0843445029553,77.56,,,,sin_match,no farmaco
cobeca,ESTIMULADOR PLUSONE INTIMO MINI MASSAGER,28667,0843445022158,57.86,,,,sin_match,no farmaco
cobeca,ESTIN JBE 240ML ARC IRIS,7063,7592946064244,11.43,,,,sin_match,sin_candidato
cobeca,"ESTRASYN CREM VAG 0,01% 30G TIAR",26408,8904250515456,16.97,,,,sin_match,sin_candidato
cobeca,"ESTROGIN CREM VAG 0,1% 15G TIAR",52747,199284332652,13.57,,,,sin_match,sin_candidato
cobeca,ETORICOXIB TAB 60MG X 10 ANGELUS,28521,7598176000458,4.55,5068,ETORICOXIB 60 mg TABLETAS RECUBIERTAS,7.58,matched,score=0.687
cobeca,ETORICOXIB TAB 60MG X10 CLX,18990,7591519317275,4.62,5068,ETORICOXIB 60 mg TABLETAS RECUBIERTAS,7.7,matched,score=0.902
cobeca,ETORICOXIB TAB 90MG X 10 ANGELUS,28522,7598176000465,6.19,5063,ETORICOXIB 90 mg TABLETAS RECUBIERTAS,10.32,matched,score=0.687
cobeca,ETORICOXIB TAB REC 90MG X10 CLX,18572,7591519317268,6.82,5063,ETORICOXIB 90 mg TABLETAS RECUBIERTAS,11.37,matched,score=0.780
cobeca,EUKENE COMP 20MG X30 MEG,15025,7591619000497,8.31,4766,EUKENE 40 mg COMPRIMIDOS RECUBIERTOS,13.85,matched,score=0.734
cobeca,EUKENE COMP 40MG X30 MEG,27093,7591619000718,18.54,4766,EUKENE 40 mg COMPRIMIDOS RECUBIERTOS,30.9,matched,score=0.859
cobeca,"EUKENE HCT COMP 20/12,5MG X30 MEG",27092,7591619000503,14.58,5203,"EUKENE HCT 40 mg - 12,5 mg COMPRIMIDOS RECUBIERTOS",24.3,matched,score=0.694
cobeca,"EUKENE HCT COMP 40/12,5MG X30 MEG",26422,7591619000510,16.49,5203,"EUKENE HCT 40 mg - 12,5 mg COMPRIMIDOS RECUBIERTOS",27.48,matched,score=0.694
cobeca,EUKENE HCT COMP 40/25MG X30 MEG,26420,7591619000527,21.86,5202,EUKENE HCT 40 mg - 25 mg COMPRIMIDOS RECUBIERTOS,36.43,matched,score=0.657
cobeca,EUSILEN COMP 4MG X15 COFA,97144,7591818222164,3.03,1983,EUSILEN 4 mg COMPRIMIDOS,5.05,matched,score=0.651
cobeca,EUSILEN COMP 4MG X8 COFA,8831,7591818116005,2.08,1983,EUSILEN 4 mg COMPRIMIDOS,3.47,matched,score=0.651
cobeca,EUSILEN DUAL TAB REC 600MG/4MG X15 COFA,50657,7591818000366,5.74,,,,sin_match,score_bajo
cobeca,EUSILEN DUALTAB 600MG/4MG X10 COFA,26047,7591818000274,3.22,,,,sin_match,no farmaco
cobeca,EUTEBROL COMP 20MG X30 ADIUM,28314,7730979094061,14.56,4718,EUTEBROL 20 mg COMPRIMIDOS,24.27,matched,score=0.718
cobeca,EUTIROX TAB 100MCG X50 DOLLY,7435,7501298225524,15.21,,,,sin_match,sin_candidato
cobeca,EVABOLIN TAB REC 25MG X30 COFA,53346,7591818000793,23.9,,,,sin_match,score_bajo
cobeca,EVENING PRIMROSE CAP BLD 500MG X100 NOW,28238,0733739017505,20.78,,,,sin_match,sin_candidato
cobeca,EVIGAX CAP BLD 125MG X10 VIV,96795,7592432900032,7.04,,,,sin_match,score_bajo
cobeca,EVIGAX CAP BLD 125MG X20 VIV,8614,7592432010212,10.31,,,,sin_match,score_bajo
cobeca,"EXANIA EMUL 0,05% 60ML MEY",25235,7707355050553,26.3,,,,sin_match,sin_candidato
cobeca,"EXELRING ANILLO VAG 0,120MG/0,015MG CCM",52345,7804656600316,29.4,,,,sin_match,no farmaco
cobeca,EXFOLIANTE BODY SUGAR SCR/APRICOT 500G,50478,7599094000490,11.43,,,,sin_match,no farmaco
cobeca,EXFOLIANTE BODY SUGAR SCR/KIWI 500G,50480,7599094000476,11.43,,,,sin_match,no farmaco
cobeca,EXFOLIANTE BODY SUGAR SCR/WATERMEL 500G,50481,7599094000469,11.43,,,,sin_match,no farmaco
cobeca,EXFOLIANTE FAC ST IVES ALBARICOQUE 170G,29052,77043103609,4.98,,,,sin_match,no farmaco
cobeca,EXOM CAP 20MG X14 DISK,24978,0793869810377,3.03,6376,EXOM 20 MG CAPSULAS CON MICROGRANULOS GASTRORRESISTENTES,5.05,matched,score=0.637
cobeca,EXOM CAP 40MG X14 DISK,24979,0793869810360,4.06,,,,sin_match,score_bajo
cobeca,EXOVIS DUO PVO SUSP PED 400MG 50ML FC,26257,7593090001840,8.4,,,,sin_match,score_bajo
cobeca,EXOVIS DUO TAB 875MG/125MG X14 FC,22553,7593090001253,15.29,6043,EXOVIS DUO 875 mg - 125 mg TABLETAS RECUBIERTAS,25.48,matched,score=0.629
cobeca,EXTRACTO D/TOMATE OLE 340G,19056,7891032015772,1.51,,,,sin_match,no farmaco
cobeca,EXTRACTO D/TOMATE OSOLE X 300G,50274,7595826004132,1.29,,,,sin_match,no farmaco
cobeca,EXTRATO D/TOMATE OLE 300GR,54501,7595826008000,1.45,,,,sin_match,no farmaco
cobeca,EZENTIUS COMP REC 10MG X20 MEG,53835,7730969309496,7.79,,,,sin_match,score_bajo
cobeca,EZENTIUS COMP REC 20MG X20 MEG,53836,7730969309502,10.52,,,,sin_match,score_bajo
cobeca,EZOLIUM CAP 20MG X30 VIV,93948,7703153030933,12.87,6193,EZOLIUM 20 mg CAPSULAS,21.45,matched,score=0.797
cobeca,EZOLIUM CAP 40MG X30 VIV,93949,7703153030957,16.32,6194,EZOLIUM 40 mg CAPSULAS,27.2,matched,score=0.797
cobeca,FAMULCER TAB 40MG X10 PLX,6884,7594001100492,3.23,2388,FAMULCER 40 mg TABLETAS,5.38,matched,score=0.689
cobeca,FANTER COMP REC 10MG X30 ADIUM,52006,7841141004976,24,,,,sin_match,sin_candidato
cobeca,FARBICIL CREM 1% 15G MEG,91417,7591619520377,7.66,4098,FARBICIL 1 % CREMA,12.77,matched,score=0.688
cobeca,FARBICIL SOL 1% 30ML MEG,91418,7591619520384,10,,,,sin_match,score_bajo
cobeca,FARMA D GTAS 200UI 10ML FARMA,53109,7703454125499,5.68,,,,sin_match,no farmaco
cobeca,FARMA D TAB 1000UI X30 FAR,96976,7591821102101,3.56,,,,sin_match,sin_candidato
cobeca,FARMA D TAB REC 2000UI X30 FAR,21872,7591821210639,4.36,,,,sin_match,sin_candidato
cobeca,FARMA D TAB REC 5000UI X10 FAR,26048,7591821210837,3.45,,,,sin_match,sin_candidato
cobeca,FARSENTAL TAB REC 10/125MG X10 DISK,24467,7410000701785,7.95,,,,sin_match,sin_candidato
cobeca,FATSLIM CAP X60 WALF,28372,7592710004391,11.69,,,,sin_match,sin_candidato
cobeca,FAZOL GRANU SUSP 500MG 15ML DRL,2001,7592803001290,5.05,,,,sin_match,score_bajo
cobeca,FEBRATIC GTS 15MG/ML 15ML MEG,26062,7591619002767,2.99,5328,FEBRATIC 15 mg/mL SUSPENSION ORAL,4.98,matched,score=0.643
cobeca,FEBRATIC SUSP 10MG/5ML 120ML MEG,95717,7591619519081,9.61,5328,FEBRATIC 15 mg/mL SUSPENSION ORAL,16.02,matched,score=0.673
cobeca,FEBRILIX GRIP TAB X10 KIMIC,93783,7592616576046,2.3,,,,sin_match,score_bajo
cobeca,FEBRILIX SOL 120MG/5ML 120ML KIMIC,8453,7592616204017,2.77,2888,FEBRILIX 120mg / 5mL SOLUCION ORAL,4.62,matched,score=0.657
cobeca,FEBRILIX TAB 500MG X20 KIMIC,7037,7592616203010,1.31,,,,sin_match,score_bajo
cobeca,FEBRIP COMP 500MG X20 MEG,54399,7591619001449,2.21,6550,FEBRIP 500 mg COMPRIMIDOS,3.68,matched,score=0.668
cobeca,FEBRIP SOL 180MG/5ML 120ML MEG,27532,7591619000701,3.51,5441,FEBRIP 180 mg / 5 mL SOLUCION ORAL,5.85,matched,score=0.616
cobeca,FEDRILOX SOL ORAL GTS 20MG/ML 20ML PROV,52457,8906159253842,3.9,,,,sin_match,sin_candidato
cobeca,FEM DUCHA VAG 250MG/100ML 135ML BIOTECH,10354,7591243817607,4.68,,,,sin_match,no farmaco
cobeca,FEMADONA COMP REC X20 LETI,11670,7591585212214,24.93,,,,sin_match,sin_candidato
cobeca,FEMI-BALANCE MENOPAUSE CAP X60 PHARCORP,52456,850033508796,14.81,,,,sin_match,sin_candidato
cobeca,FEMMEX ULTRA TAB REC 200/30MG X10 FAR,3838,7591821801004,3.32,,,,sin_match,score_bajo
cobeca,FEMMEXTRA CAP 200MG/10MG X10 FAR,99481,7591821802773,5.21,,,,sin_match,score_bajo
cobeca,FENITOINA SOD SOL INY 250MG/5MLX1 ADN,53246,8906112611863,1.17,785,FENITOINA SODICA 250 mg / 5 mL SOLUCION INYECTABLE,1.95,matched,score=0.675
cobeca,FENITOINA SOD TAB 100MG X50 CR CCM,22395,7501384544225,13.84,,,,sin_match,score_bajo
cobeca,FENITOINA SUSP 125MG/5ML VIN,51227,7599513000162,6.91,,,,sin_match,score_bajo
cobeca,FENITOINA TAB 100MG X 30 ANGELUS,28523,7598176000557,7.66,,,,sin_match,score_bajo
cobeca,FENITOINA TAB 100MG X30 CR MT,26479,8904278584700,7.85,785,FENITOINA SODICA 250 mg / 5 mL SOLUCION INYECTABLE,13.08,matched,score=0.641
cobeca,FENOSSALIL  SOL 60ML BIOF,53567,7591616002388,5.4,,,,sin_match,sin_candidato
cobeca,FERGANIC CAP 40MG X14 MEG,2681,7591955002421,10.13,2306,FERGANIC 40 mg CAPSULAS,16.88,matched,score=0.859
cobeca,FERGANIC CAP 40MG X24 MEG,8790,7591955001257,16.75,2306,FERGANIC 40 mg CAPSULAS,27.92,matched,score=0.859
cobeca,FERGANIC CAP 40MG X30 MEG,53159,7591619001340,18.05,2306,FERGANIC 40 mg CAPSULAS,30.08,matched,score=0.859
cobeca,FERGANIC FOLIC GTS 20MG/80MCG 30ML MEG,93560,7591955003077,12.21,2326,FERGANIC 20 mg / mL SOLUCION ORAL,20.35,matched,score=0.750
cobeca,FERGANIC FOLIC JBE 40MG/360 120ML MEG,3970,7591955002803,18.18,3142,FERGANIC FOLIC 40 mg - 360 mcg / 15 mL JARABE,30.3,matched,score=0.753
cobeca,FERGANIC FOLIC JBE 40MG/360MCG 180ML MEG,52465,7591619001395,20.52,3142,FERGANIC FOLIC 40 mg - 360 mcg / 15 mL JARABE,34.2,matched,score=0.735
cobeca,FERGANIC FOLIC TAB MAST 40MG X20 MEG,3971,7591955002797,13.25,3142,FERGANIC FOLIC 40 mg - 360 mcg / 15 mL JARABE,22.08,matched,score=0.691
cobeca,FERGANIC JBE 120ML MEG,8789,7591955001264,13.64,,,,sin_match,score_bajo
cobeca,FERGANIC SOL GTS 15ML MEG,8791,7591955001271,10.13,2318,FERGANIC 40 mg / 15 mL SOLUCION ORAL,16.88,matched,score=0.859
cobeca,FERGANIC SOL INY 100MG/5ML X1 MEG,52639,7730969309311,27.92,1271,FERGANIC 100 mg / 5 mL SOLUCION INYECTABLE,46.53,matched,score=0.863
cobeca,FERROCE GRAG X30 MEY,1504,7592601200161,16.73,,,,sin_match,score_bajo
cobeca,FERROCE JBE 120ML MEY,8961,7592601200147,10,,,,sin_match,score_bajo
cobeca,FERRUMIA SOL INY 500MG/10ML X1 ZORIAK,52020,7599112000426,83.64,,,,sin_match,sin_candidato
cobeca,FERYFOL JBE 18MG AVELL 120ML,50768,7599558000110,5.4,,,,sin_match,sin_candidato
cobeca,FESTAL GRAG 210MG/4G BLIS X25 CLX,20436,7591519317572,49.88,,,,sin_match,score_bajo
cobeca,FESTAL GRAG X10 CLX,90997,7591519317428,5.87,1598,FESTAL (PANCREATINA DE ORIGEN PORCINO) GRAGEAS,9.78,matched,score=0.959
cobeca,FESTAL GRAG X20 CLX,1515,7591519317435,9.31,1598,FESTAL (PANCREATINA DE ORIGEN PORCINO) GRAGEAS,15.52,matched,score=0.959
cobeca,FESTASIM TAB MAST 125MG X12 CLX,52972,7591519001815,5.88,,,,sin_match,sin_candidato
cobeca,FEXOFENADINA CLORH 120MG X10 PHARME,21135,7703763631117,6.05,,,,sin_match,no farmaco
cobeca,FEXOFENADINA CLORH 30MG/5ML 120ML PHARME,22229,7592454003186,11.58,,,,sin_match,no farmaco
cobeca,FEXOFENADINA CLORHID TAB 180MG X 10 FMED,28713,8906188190002,1.68,3745,FEXOFENADINA CLORHIDRATO 180 mg TABLETAS RECUBIERTAS,2.8,matched,score=0.730
cobeca,FEXOFENADINA TAB 120MG X10 CLX,92005,7591519007688,5.86,3748,FEXOFENADINA CLORHIDRATO 120 mg TABLETAS RECUBIERTAS,9.77,matched,score=0.922
cobeca,FEXOMED SUSP 30MG/5ML 120ML PHAR,53146,7598750000232,4.09,,,,sin_match,sin_candidato
cobeca,FEXORAT SUSP ORAL 30MG/5ML PED 120ML L.O,53627,7591196003218,9.18,,,,sin_match,score_bajo
cobeca,FIBERFIT PLUS SOB 1G/3G X20 LETI,52491,7591585119865,27.15,,,,sin_match,sin_candidato
cobeca,FIDEO EXPRESS 4 QUESOS X 88G,50266,7896022203146,0.72,,,,sin_match,no farmaco
cobeca,FIDEO RENATA EXPRESS CAR,17836,7896022201906,0.7,,,,sin_match,no farmaco
cobeca,FIDEO RENATA EXPRESS GALLINA,17835,7896022201890,0.7,,,,sin_match,no farmaco
cobeca,FIDEO RENATA EXPRESS VERDURAS,17838,7896022201937,0.7,,,,sin_match,no farmaco
cobeca,FINASTERIDE TAB 5MG X30 ANG/H,23672,7598176000274,3.64,2638,FINASTERIDE 5 mg TABLETAS RECUBIERTAS,6.07,matched,score=0.844
cobeca,FINASTERIDE TAB 5MG X30 CLX,12033,7591519050820,6.36,2638,FINASTERIDE 5 mg TABLETAS RECUBIERTAS,10.6,matched,score=0.906
cobeca,FISIOLIN SOL NASAL 3ML X10 L.O,22217,7591196006158,11.76,1517,NIAZOL 1mg / mL SOLUCION NASAL,19.6,matched,score=0.670
cobeca,FISIOLIN SOL NASAL DOSIS 26ML X260 L.O,23647,7591196001726,11.2,1758,MONOSULPA SOLUCION NASAL,18.67,matched,score=0.669
cobeca,FISIOLIN SOL NASAL PED 15ML L.O,3323,7591196002198,5.69,,,,sin_match,score_bajo
cobeca,FITEX TAB 20MG X1 FAR,99114,7591821904293,1.05,4527,FITEX 20 mg TABLETAS,1.75,matched,score=0.628
cobeca,FITEX TAB 20MG X2 FAR,99115,7591821904309,2.01,4527,FITEX 20 mg TABLETAS,3.35,matched,score=0.628
cobeca,FITEX TAB REC 5MG X10 FAR,20284,7591821904323,2.06,,,,sin_match,score_bajo
cobeca,FITZERO CAP X60 HERB,52362,7592710005596,13.18,,,,sin_match,sin_candidato
cobeca,FLAMEX TAB 400MG X30 CAPSUV,23374,7598055000586,4.09,,,,sin_match,sin_candidato
cobeca,FLAN SONRISSA S/CARAM 46G,19195,7591112063081,1.17,,,,sin_match,no farmaco
cobeca,FLAN VIVO CHOCO/CARAM 90G,53700,7802200365803,2.35,,,,sin_match,no farmaco
cobeca,FLAN VIVO VAIN/CARAM 80G,53701,7802200365797,2.1,,,,sin_match,no farmaco
cobeca,FLATORIL SUSP GTS 80MG/ML 20ML ELM,11570,7591062166191,9.34,,,,sin_match,score_bajo
cobeca,FLATVIN CAP BLD 125MG X10 VIN,24281,7592782001854,8,,,,sin_match,score_bajo
cobeca,FLAVOL CAP 300MG X20 RNV,4190,7592806131031,7.15,2516,FLAVOL 300 mg CAPSULAS,11.92,matched,score=0.825
cobeca,FLAVOXATO TAB 200MG X10 CLX,99485,7591519009330,5.44,4785,FLAVOXATO 200 mG COMPRIMIDOS RECUBIERTOS,9.07,matched,score=0.878
cobeca,FLAVOXATO TAB 200MG X10 FMED,51769,8908020242849,1.99,4785,FLAVOXATO 200 mG COMPRIMIDOS RECUBIERTOS,3.32,matched,score=0.878
cobeca,FLAVOXATO TAB 200MG X30 ANG/H,23673,7598176000281,5.19,6790,FLAVOXATO 200 mg TABLETAS RECUBIERTAS,8.65,matched,score=0.922
cobeca,FLAVOXATO TAB REC 200MG X10 PHARME,21295,7703763671984,5.55,5006,FLAVOXATO CLORHIDRATO 200 mg TABLETAS RECUBIERTAS,9.25,matched,score=0.757
cobeca,FLEBOSMIN TAB REC 500MG X30 FAR,94209,7592229002543,17.96,,,,sin_match,score_bajo
cobeca,FLEMIBAR AMP 20MG/2500MG/5ML X 3,29271,7591619031903,8.7,462,FLEMIBAR 20 mg - 2500 mg / 5 mL SOLUCION INYECTABLE,14.5,matched,score=0.825
cobeca,FLEMIBAR COM 10MG/250MG X 10,28552,7591619000916,5.84,2060,FLEMIBAR 10 mg - 250 mg COMPRIMIDOS RECUBIERTOS,9.73,matched,score=0.630
cobeca,"FLEMIBAR SOL 6,67MG/333,40MG/ML 20ML MEG",23988,7591619000541,6.62,,,,sin_match,score_bajo
cobeca,FLENOX JBE AD 120ML BIOTECH,96586,7591243817829,4.39,,,,sin_match,score_bajo
cobeca,FLENOX JBE PED 120ML BIOTECH,94736,7591243817782,4.3,,,,sin_match,score_bajo
cobeca,FLENOX SOL ORAL PED 15MG/5ML 60ML BIOT,50900,7591243817805,1.99,,,,sin_match,score_bajo
cobeca,FLESPAN COMP REC 10MG X20 CR FAHD,26848,7592349722536,4.52,,,,sin_match,score_bajo
cobeca,FLEVOMAX-D COMP REC 600MG X15 FAHD,54226,7590279000014,3.76,,,,sin_match,score_bajo
cobeca,FLEXAVIT CAP X30 CR 2N,54405,6977234271640,5.84,,,,sin_match,sin_candidato
cobeca,FLEXIVAL TAB REC 125MG/5MG X10 VLM,54469,7591020009973,10.42,,,,sin_match,score_bajo
cobeca,FLEXURAT TAB 500MG/400MG X30 BIOTECH,93479,7591241817968,14.25,,,,sin_match,sin_candidato
cobeca,"FLINAS SUS P/NEB DOSIS 0,05%MCG X 140",91716,7591196004543,19.04,,,,sin_match,score_bajo
cobeca,FLIPS CHOCO 120G,18136,7591039996271,1.59,,,,sin_match,no farmaco
cobeca,FLIPS CHOCO 220G,18038,7591039504124,2.74,,,,sin_match,no farmaco
cobeca,FLIPS CHOCO FUDGE DISP 50G X14,21383,0759103996615,17.63,,,,sin_match,sin_candidato
cobeca,FLIPS CHOCOFUDGE CHOCOLATE 50G X 6,30053,7591039996608,7.84,,,,sin_match,no farmaco
cobeca,FLIPS CHOCOFUDGE FRESA 50G X 6,30052,7591039998282,7.84,,,,sin_match,no farmaco
cobeca,FLIPS CHOCOLATE 400G,50491,7702807414112,4.93,,,,sin_match,no farmaco
cobeca,FLIPS CRUNCHY CREMA TRIPACK 27G,51979,7702807045033,2.03,,,,sin_match,sin_candidato
cobeca,FLIPS DISP CHOCO 28G X6,18039,7591039504957,2.81,,,,sin_match,sin_candidato
cobeca,FLIPS DULC D/LECHE 120G,18135,7591039996288,1.59,,,,sin_match,no farmaco
cobeca,FLIPS DULC D/LECHE 220G,18037,7591039505121,2.74,,,,sin_match,no farmaco
cobeca,FLIPS DULC D/LECHE DISP 28G X6,18040,7591039505947,2.81,,,,sin_match,score_bajo
cobeca,FLIPS DULCE LECHE 400G,50492,7702807395596,4.93,,,,sin_match,no farmaco
cobeca,FLIXOTIDE INH 50MCG X120 DOSIS FAR,4997,7861028101079,23.01,,,,sin_match,no farmaco
cobeca,FLIXOTIDE SUSP/INH 250MCG X 60 DOSIS,10083,7861028101116,31.03,,,,sin_match,score_bajo
cobeca,FLODONT UNG TOPICO BUCAL 15G MEG,6926,7591955000496,4.81,7370,"FLODONT 0,15 % ENJUAGUE BUCAL",8.02,matched,score=0.777
cobeca,FLOGAREX SUSP/ORAL 2000MM/5ML X10 BLUE/M,50588,7598127002210,12.44,,,,sin_match,sin_candidato
cobeca,"FLOMED SOL TOP BUC 0,15ML/0,25%145ML ELM",16421,7591062901129,6.26,5003,"FLOMED 0,15% - 0,25% SOLUCION TOPICA BUCAL ATOMIZADORA",10.43,matched,score=0.775
cobeca,"FLOMED SOL TOP BUC 0,15ML/0,25%180ML ELM",16484,7591062901365,4.08,5003,"FLOMED 0,15% - 0,25% SOLUCION TOPICA BUCAL ATOMIZADORA",6.8,matched,score=0.753
cobeca,"FLOROMOX SOL OFT 0,5% 5ML CAPSUV",23347,7598055000111,4.66,,,,sin_match,sin_candidato
cobeca,FLOXABID AC TAB REC 500MG X10 CAPSUV,23329,7598055000159,5.27,,,,sin_match,score_bajo
cobeca,FLUCON CAP 150MG X2 MEG,9690,7591955002162,3.49,2293,FLUCON 150 mg CAPSULAS,5.82,matched,score=0.922
cobeca,FLUCON CAP 200MG X4 MEG,16068,7591955558331,4.42,5136,FLUCON 200 mg CAPSULAS,7.37,matched,score=0.922
cobeca,FLUCONAZOL AMP 200MG/100ML X1 ZUZU,52582,7599608002866,1.58,808,EXOMAX 200mg/100mL SOLUCION INYECTABLE PARA INFUSION INTRAVENOSA,2.63,matched,score=0.865
cobeca,FLUCONAZOL CAP 150MG X2 BLUE/M,23881,7598127001060,1.44,2320,FLUCONAZOL 150 mg CAPSULAS,2.4,matched,score=0.878
cobeca,FLUCONAZOL CAP 150MG X2 CLX,9668,7591519001594,2.04,2320,FLUCONAZOL 150 mg CAPSULAS,3.4,matched,score=0.922
cobeca,FLUCONAZOL CAP 150MG X2 KIMIC,10287,7592616200026,2.13,6477,FLUCONAZOL 150 mg CAPSULAS,3.55,matched,score=0.697
cobeca,FLUCONAZOL CAP 150MG X2 LETI,4546,7591585274106,7.49,2415,FLUCONAZOL 150 mg CAPSULAS,12.48,matched,score=0.922
cobeca,FLUCONAZOL CAP 150MG X2 PHARME,4051,7592454144964,3.14,2320,FLUCONAZOL 150 mg CAPSULAS,5.23,matched,score=0.878
cobeca,FLUCONAZOL CAP 150MG X2 VLM,8645,7591020007214,2.57,3369,FLUCONAZOL 150 mg CAPSULAS,4.28,matched,score=0.922
cobeca,FLUCONAZOL CAP 200MG X 4 GENFAR,50070,7702605102174,4.49,6632,FLUCONAZOL 200 mg TABLETAS RECUBIERTAS,7.48,matched,score=0.691
cobeca,FLUCONAZOL INY 2MG/100ML IPS,23172,7597285000366,1.65,1043,FLUCONAZOL 200 mg /100 mL SOLUCION INYECTABLE INTRAVENOSA,2.75,matched,score=0.861
cobeca,FLUCONAZOL SOL INF 200MG/100ML KMP,22735,6942189211355,2.2,,,,sin_match,score_bajo
cobeca,FLUCONAZOL SOL INY 200MG/100ML BLUE,29940,7598127001916,1.55,808,EXOMAX 200mg/100mL SOLUCION INYECTABLE PARA INFUSION INTRAVENOSA,2.58,matched,score=0.865
cobeca,FLUCONAZOL TAB 150MG X2 KMP,23767,0694218921194,2.83,5654,FLUCONAZOL 150 mg TABLETAS,4.72,matched,score=0.878
cobeca,FLUCONAZOL TAB 150MG X4 ZUZU,52581,7599608001357,2.92,5654,FLUCONAZOL 150 mg TABLETAS,4.87,matched,score=0.878
cobeca,FLUDIL TAB 10MG X20 PHARME,1790,7592454345057,8.64,2414,FLUDIL 10 mg TABLETAS,14.4,matched,score=0.665
cobeca,FLUDIL TAB 10MG X40 PHARME,95624,7592454002929,16.23,2414,FLUDIL 10 mg TABLETAS,27.05,matched,score=0.665
cobeca,FLUIDO NIVEA LUMIN630 A/MANCHAS FPS50,50906,4005900786487,23.69,,,,sin_match,no farmaco
cobeca,FLUMAZENIL AMP 0.5MG/5ML X 1 MEDVAL,28472,8906112611696,12.49,1192,"FLUMAZENIL 0,5 mg / 5 mL SOLUCION INYECTABLE",20.82,matched,score=0.800
cobeca,"FLUMAZENIL SOL INY 0,5MG/5ML 5ML X1 ADN",53237,8906112611566,9.78,629,"FLUMIL 0,5 mg / 5 mL SOLUCION INYECTABLE PARA INFUSION INTRAVENOSA",16.3,matched,score=0.820
cobeca,FLUNARIZINA TAB 10MG X30 CCM,53116,7702605101221,8.77,5909,FLUNARIZINA 10 mg TABLETAS RECUBIERTAS,14.62,matched,score=0.859
cobeca,FLUOXETINA CAP 20MG X 14 PHARMETIQ,29459,7592454003711,3.36,2843,FLUOXETINA 20 mg CAPSULAS,5.6,matched,score=0.760
cobeca,FLUOXETINA CAP 20MG X14 BIOTECH,3221,7591243818345,3.47,2503,FLUOXETINA 20 mg CAPSULAS,5.78,matched,score=0.902
cobeca,FLUOXETINA CAP 20MG X28 PHARME,50927,7592454004107,4.66,2496,FLUOXETINA 20 mg CAPSULAS,7.77,matched,score=0.859
cobeca,FLUOXETINA TAB 20MG X30 ANG/H,21365,7598176000151,3.87,6287,FLUOXETINA 20 mg TABLETAS RECUBIERTAS,6.45,matched,score=0.902
cobeca,FLUTICASONA DOSIS 125MCG X120 DOSIS ZUZU,53785,7599608003900,14.43,,,,sin_match,no farmaco
cobeca,FLUTICASONA/SALMET 125/25MCG X120D ZUZU,54098,7599608003870,24.33,,,,sin_match,no farmaco
cobeca,FLUTICASONA/SALMET 250/25MCG X120D ZUZU,54099,54099,19.59,,,,sin_match,no farmaco
cobeca,FLUTICASONA/SALMET 50/25MCG X120D ZUZU,54100,7599608003863,24.26,,,,sin_match,no farmaco
cobeca,FLUTIXAIR SUSP INH 125/25MCG X120 MEG,98384,7730698013442,45.31,,,,sin_match,score_bajo
cobeca,FLUTIXAIR SUSP INH 250/25MCG X120 MEG,98383,7730698013459,53.35,,,,sin_match,score_bajo
cobeca,FLUVIRIN JBE 120ML LETI,90009,7591585111166,12.36,,,,sin_match,sin_candidato
cobeca,FOAMI BAMBARY TEXTURIZ 3D SURT X10,22077,7591018063727,2.84,,,,sin_match,no farmaco
cobeca,FOAMI CARTA CREMA X12,20617,7591018049097,2.63,,,,sin_match,sin_candidato
cobeca,FOAMI CARTA MEL X12,20616,7591018048960,2.63,,,,sin_match,no farmaco
cobeca,FOLIFER B12 TAB X30 RNV,5344,7592806133639,8.42,1937,FOLIFER B-12 TABLETAS,14.03,matched,score=0.654
cobeca,"FOMENE COM 2,5 MG X 28",93155,7591585519849,40.6,,,,sin_match,sin_candidato
cobeca,FOMENTERA ELECTRICA BRIUTCARE 32X40CM,53181,645748578079,57.92,,,,sin_match,no farmaco
cobeca,FORMAGX CAP X30 CR 2N,54406,6977234271244,6.49,,,,sin_match,sin_candidato
cobeca,FORMULA CAPIL BIOS A/CAIDA 200ML,25713,7595481000081,19.43,,,,sin_match,no farmaco
cobeca,FORMULA FORMIDABLE CRECER 0-6M 1 400G,17041,7798095172551,10.45,,,,sin_match,no farmaco
cobeca,FORMULA INF PRE NAN 400G,51974,7613036895446,17.89,,,,sin_match,no farmaco
cobeca,FORMULA MAH ADAPT P/LACTANTE +6M 400G,28689,854688003033,14.73,,,,sin_match,no farmaco
cobeca,FORMULA MAH ADAPT P/LACTANTE 0-6M 400G,28688,0854688003002,14.73,,,,sin_match,no farmaco
cobeca,FORMULA MAH S/LACTOSA LACTANT 0-12M 400G,28691,854688003040,21.02,,,,sin_match,no farmaco
cobeca,FORMULA NAN  EXPERT PRO HA X 400 G,96935,7613036055253,20.34,,,,sin_match,no farmaco
cobeca,FORMULA NAN EXPERT PRO SOYA 800G,53278,8886472108633,27.32,,,,sin_match,no farmaco
cobeca,FORTICRECE PVO NIDO 800G,26156,7591016205952,16.54,,,,sin_match,sin_candidato
cobeca,FOSFATO D/POTASIO SOL INY 1MEQ X 10ML,28881,7592637000353,7.19,432,FOSFATO DE POTASIO MONOBASICO 1 mEq / mL SOLUCION INYECTABLE I.V.,11.98,matched,score=0.672
cobeca,"FOSFOLIT SOL ORAL 21,6/8,1G 45ML VARG",17761,7592349723595,14.22,5194,"FOSFOLIT 21,6 g - 8,1 g / 45 mL SOLUCION ORAL",23.7,matched,score=0.813
cobeca,FOTOPROT UMBRELLA INTEL SPF50+ 50G,52884,7703281002482,24.81,,,,sin_match,no farmaco
cobeca,FOTOPROT UMBRELLA SKIN SPF50+ T OSC 50G,52871,7703281002475,29.61,,,,sin_match,no farmaco
cobeca,FOTOPROT UMBRELLA SKIN T CLA SPF50+ 50G,52883,7703281002468,29.61,,,,sin_match,no farmaco
cobeca,FOTOPROTEC UMBRELLA URBAN MIX SPF50 50G,53028,7703281002451,27.14,,,,sin_match,no farmaco
cobeca,FOTORRETIN SOL OFT 0.5%/5% X 5 ML,4364,7795368001693,11.56,2911,"FOTORRETIN 0,5 % - 5 % SOLUCION OFTALMICA",19.27,matched,score=0.649
cobeca,FRAILEJON JBE 120ML CHEM/S,8995,7596139000040,4.6,,,,sin_match,sin_candidato
cobeca,FRAILEJON JBE 120ML RECETT,20898,7594001450917,3.51,,,,sin_match,sin_candidato
cobeca,FRIXONIL SPRAY 60ML VIN,97975,7592782001830,6.52,,,,sin_match,no farmaco
cobeca,FRONDOS CAP BLD VAG 400MG/100MG X7 FC,25053,7593090001413,11.39,,,,sin_match,score_bajo
cobeca,FRUTACID TAB 500MG SAB/SURT X 60,1154,7591519002683,14.9,,,,sin_match,score_bajo
cobeca,FUGOLIN CREM 20G VIN,19760,7592782000130,6.91,,,,sin_match,score_bajo
cobeca,FUGOLIN CREM VAG 1%  50G X6 APLIC VIN,2986,7592782000307,8.97,,,,sin_match,score_bajo
cobeca,FUGOLIN SOL 1G/100ML 30ML VIN,97493,7592782000680,5.35,,,,sin_match,score_bajo
cobeca,"FULBARYL CAP INH 160MCG/4,5MCG X60 LETI",22973,7591585117182,67.39,,,,sin_match,score_bajo
cobeca,FULGRAM COMP REC 875MG/125MG X16 LETI,17884,7591585213198,45.2,2925,FULGRAM 875 mg - 125 mg COMPRIMIDOS RECUBIERTOS,75.33,matched,score=0.623
cobeca,FULGRAM SUSP 600MG 60ML LETI,8045,7591585113139,26.67,,,,sin_match,score_bajo
cobeca,FUNGEX CREM 1% X 15G,29780,7592454003919,6.39,,,,sin_match,sin_candidato
cobeca,FUNGOSIN CAP 100MG X14 DLR,91513,7592803002310,11.16,,,,sin_match,sin_candidato
cobeca,FUNGOSIN CAP 100MG X28 DLR,91514,7592803002327,16.32,,,,sin_match,sin_candidato
cobeca,FUNGOSIN CAP 100MG X6 DLR,11059,7592803000521,5.37,,,,sin_match,sin_candidato
cobeca,FUNTRAZOL CAP 100MG X10 ANG/H,21367,7598176000229,5.21,6155,FUNTRAZOL 100 mg CAPSULAS,8.68,matched,score=0.685
cobeca,FURADANTINA CAP 50MG X30 ALESS,53070,7597758001661,4.28,,,,sin_match,sin_candidato
cobeca,FURFURIL PMDA 30G MEG,1622,7591619122014,9.35,,,,sin_match,no farmaco
cobeca,"FUROATO D/MOMET SPRAY 0,05% 18G PHARME",53844,7703763879892,8.19,,,,sin_match,no farmaco
cobeca,FUROSEMIDA AMP 20MG/2ML X 3 DISTRILAB,28787,7598252000822,2.9,609,FUROSEMIDA 20 mg / 2 mL SOLUCION INYECTABLE,4.83,matched,score=0.706
cobeca,FUROSEMIDA TAB 20MG X12 MEY,5054,7592601300953,5.39,3167,FUROSEMIDA 20 mg TABLETAS,8.98,matched,score=0.859
cobeca,FUROSEMIDA TAB 20MG X24 SIEG,54373,7592601303565,9.29,3167,FUROSEMIDA 20 mg TABLETAS,15.48,matched,score=0.902
cobeca,FUROSEMIDA TAB 40MG X12 PLX,23177,7594001100126,3.99,2007,FUROSEMIDA 40 mg COMPRIMIDOS,6.65,matched,score=0.902
cobeca,FUROSEMIDA TAB 40MG X12 SIEG,51326,7592601303572,6.43,3161,FUROSEMIDA 40 mg TABLETAS,10.72,matched,score=0.902
cobeca,FUROSEMIDA TAB 40MG X24 MEY,5296,7592601301059,13.04,1916,FUROSEMIDA 40 mg TABLETAS,21.73,matched,score=0.859
cobeca,"FUXAL UNG 0,2G/100G 30G CR ZUK",52803,7598658000136,9.91,,,,sin_match,score_bajo
cobeca,FX HIDROGEL 200G SANAV,54163,7593533006135,20.71,,,,sin_match,no farmaco
cobeca,"G-FRESH SOL OFT 0,5/0,9% 10ML CAPSUV",51469,7598055000357,8.02,,,,sin_match,sin_candidato
cobeca,GABAPENTINA CAP 300MG X20 CLX,97483,7591519008562,6,4368,GABAPANTINA 300 mg CAPSULAS,10,matched,score=0.904
cobeca,GABAPENTINA TAB 300MG X14 CR LATT,23487,0756029628243,5.19,3442,GABAPENTINA 300 mg CAPSULAS,8.65,matched,score=0.770
cobeca,GABAPENTINA TAB 300MG X30 ANG/H,20432,7598176000076,6.65,3442,GABAPENTINA 300 mg CAPSULAS,11.08,matched,score=0.770
cobeca,GABAPRA TAB 75MG X14 ADN,27455,8906112610569,2.83,,,,sin_match,sin_candidato
cobeca,GABAROL CAP 150MG X20 CAPSUV,23377,7598055000715,13.52,,,,sin_match,sin_candidato
cobeca,GABAROL CAP 25MG X30 CAPSUV,23379,7598055000692,8.47,,,,sin_match,sin_candidato
cobeca,GABOX TAB 200MG X20 RNV,6134,7592806133172,6.7,1902,GABOX 200 mg COMPRIMIDOS,11.17,matched,score=0.621
cobeca,GALL MARILU CHOCO VAINILLA X 24,28907,7591082010252,4.73,,,,sin_match,no farmaco
cobeca,GALL MARILU FRESA 18G X24,28908,7591082004015,4.73,,,,sin_match,no farmaco
cobeca,GALL OREO AMERICANO TUBO X 96G,50531,7622202213656,1.11,,,,sin_match,no farmaco
cobeca,GALL OREO CHOCOLATE 192G X 6,50376,7622202213670,2.1,,,,sin_match,no farmaco
cobeca,GALL OREO CHOCOLATE MOSTRADOR 768G X16,53577,7622202363146,8.45,,,,sin_match,no farmaco
cobeca,GALL OREO FUDGE 156G X6,52922,7622202228735,2.62,,,,sin_match,no farmaco
cobeca,GALL OREO VAINILLA MOSTRADOR 768G X16,53578,7622202363122,8.45,,,,sin_match,no farmaco
cobeca,GALL RENATA CREAM CRACKERS X 170G,50259,7896022207939,1.01,,,,sin_match,no farmaco
cobeca,GALLETA BELVITA HONY 252G X9,21549,7590011890910,2.43,,,,sin_match,no farmaco
cobeca,GALLETA BELVITA KRAKER DISP 234G X9,19549,7590011890859,2.43,,,,sin_match,sin_candidato
cobeca,GALLETA CHIQUILIN CINNAMON CANE 200G,18405,7591082001717,1.74,,,,sin_match,no farmaco
cobeca,GALLETA CLUB SOCIAL DISP 156G X6,19552,7622210610652,1.33,,,,sin_match,sin_candidato
cobeca,GALLETA COCOSETTE MAXI DISP 50G X18,16728,7591016871089,12.95,,,,sin_match,sin_candidato
cobeca,GALLETA COCOSETTE MAXI MULT 50G X4,16357,7591016171806,2.93,,,,sin_match,no farmaco
cobeca,GALLETA COOKY CHIPS CHOCO 200G,18412,7591082001977,2.94,,,,sin_match,no farmaco
cobeca,GALLETA DELICIAS MARIA CHOCO 136G,20156,7591082002561,5.15,,,,sin_match,no farmaco
cobeca,GALLETA DELICIAS MARIA CHOCO DISP 34GX18,16156,7591082002585,11.59,,,,sin_match,sin_candidato
cobeca,GALLETA ELITE CHOCO TUBULAR 100G,18410,7591082001366,0.94,,,,sin_match,no farmaco
cobeca,GALLETA FAMILY CLUB 300G,20275,7591082001830,1.94,,,,sin_match,no farmaco
cobeca,GALLETA KATY DISP 32G X24,16153,7591082012508,12.37,,,,sin_match,sin_candidato
cobeca,GALLETA KATY VAIN 128G X4,22267,7591082002516,2.06,,,,sin_match,no farmaco
cobeca,GALLETA MAH DULCES FIRST COOKIES 100G,97966,854688003514,2.87,,,,sin_match,no farmaco
cobeca,GALLETA MAH PURE LOVE BAN 100G,23450,854688003521,2.87,,,,sin_match,no farmaco
cobeca,GALLETA MAH PURE LOVE S/GLUTEN 125G,23449,0854688003538,3.39,,,,sin_match,no farmaco
cobeca,GALLETA MARIA MINI 200G,18403,7591082000383,1.53,,,,sin_match,no farmaco
cobeca,GALLETA MARIA S/AZU 250G,27228,7591082004374,2.28,,,,sin_match,no farmaco
cobeca,GALLETA MARILU CHOCO TUBULAR 216G,18390,7591082000284,1.99,,,,sin_match,no farmaco
cobeca,GALLETA MARILU CHOCO VAIN 216G,23308,7591082000239,1.99,,,,sin_match,no farmaco
cobeca,GALLETA MARILU FRESA TUBULAR 216G,18391,7591082004008,1.99,,,,sin_match,no farmaco
cobeca,GALLETA MARILU MINI CHOCO 100G,27220,17591082004524,1.09,,,,sin_match,no farmaco
cobeca,GALLETA MARILU MINI VAIN 100G,27219,17591082004500,1.09,,,,sin_match,no farmaco
cobeca,GALLETA MARILU VAIN TUBULAR 216G,18389,7591082000208,1.99,,,,sin_match,no farmaco
cobeca,GALLETA MARILU VAIN X24,26353,7591082010221,4.73,,,,sin_match,no farmaco
cobeca,GALLETA NIC NAC 200G,18404,7591082000673,1.67,,,,sin_match,no farmaco
cobeca,GALLETA OREO AMERICANO 192G X6,52946,7622202213762,2.1,,,,sin_match,no farmaco
cobeca,GALLETA PUIG EL SOL SODA 240G,18401,7591082007153,1.56,,,,sin_match,sin_candidato
cobeca,GALLETA PUIG LIMON TV TUBULAR 90G,18407,7591082001236,0.87,,,,sin_match,no farmaco
cobeca,GALLETA PUIG SODA 240G,18416,7591082000048,1.56,,,,sin_match,no farmaco
cobeca,GALLETA PUIG SODA INTEG 290G,18388,7591082000161,1.76,,,,sin_match,no farmaco
cobeca,GALLETA Q-KISS 200G,18413,7591082002035,2.85,,,,sin_match,no farmaco
cobeca,GALLETA RENATA CHOCO CHISP/CHOCO 100G,21301,7896022207328,1.46,,,,sin_match,no farmaco
cobeca,GALLETA RENATA VAIN CHISP/CHOCO 100G,21300,7896022207311,1.46,,,,sin_match,no farmaco
cobeca,GALLETA RENATA WAFER BRIGADEIRO 115G,16941,7896022204969,0.87,,,,sin_match,no farmaco
cobeca,GALLETA RENATA WAFER CHOCO 115G,16939,7896022207496,0.87,,,,sin_match,no farmaco
cobeca,GALLETA RENATA WAFER LIMON 115G,16942,7896022206154,0.87,,,,sin_match,no farmaco
cobeca,GALLETA RENATA WAFER MORANGO 115G,16940,7896022204952,0.87,,,,sin_match,no farmaco
cobeca,GALLETA REX BOLS 200G,18394,7591082000574,1.35,,,,sin_match,no farmaco
cobeca,GALLETA SALTINES 250G,18393,7591082000482,1.73,,,,sin_match,no farmaco
cobeca,GALLETA SAMBA CHOCO DISP 32G X20,16731,7591016173473,15.61,,,,sin_match,sin_candidato
cobeca,GALLETA SAMBA FRESA 16G X35,27029,7591016855447,16.84,,,,sin_match,no farmaco
cobeca,GALLETA SAMBA FRESA DISP 32G X20,16732,7591016873434,15.61,,,,sin_match,score_bajo
cobeca,GALLETA SODA PREMIUM 156G X6,19554,7622210711069,1.3,,,,sin_match,no farmaco
cobeca,GALLETA SUSY CHOCO MAXI DISP 50G X18,16733,7591016171066,12.95,,,,sin_match,sin_candidato
cobeca,GALLETA SUSY MAXI MULT 50G X4,16363,7591016173121,2.93,,,,sin_match,no farmaco
cobeca,GALLETA TIGO TARTALETAS CHOCO 140G,51671,7598986000471,1.1,,,,sin_match,no farmaco
cobeca,GALLETA TIGO TARTALETAS CHOCO/VAIN 140G,51673,7598986000495,1.1,,,,sin_match,no farmaco
cobeca,GALLETA TIGO TARTALETAS FRESA 140G,51672,7598986000488,1.1,,,,sin_match,no farmaco
cobeca,GALLETA TIGO TARTALETAS LIMON 140G,51670,7598986000464,1.1,,,,sin_match,no farmaco
cobeca,GALLETA TIGO TARTALETAS PARCH 140G,51674,7598986000501,1.1,,,,sin_match,sin_candidato
cobeca,GALLETA WAFER TIGO CHOCO 115G,51884,7598986001539,1.13,,,,sin_match,no farmaco
cobeca,GALLETA WAFER TIGO CHOCO 80G,51675,7598986001584,0.76,,,,sin_match,no farmaco
cobeca,GALLETA WAFER TIGO CHOCO/CHOCO 115G,51707,7598986001560,1.13,,,,sin_match,no farmaco
cobeca,GALLETA WAFER TIGO FRESA 115G,51709,7598986001546,1.13,,,,sin_match,no farmaco
cobeca,GALLETA WAFER TIGO FRESA 80G,51677,7598986001591,0.76,,,,sin_match,no farmaco
cobeca,GALLETA WAFER TIGO VAIN 115G,51708,7598986001577,1.13,,,,sin_match,no farmaco
cobeca,GALLETA WAFER TIGO VAIN 80G,51676,7598986001614,0.76,,,,sin_match,no farmaco
cobeca,GALLETAS DANETTE 170G,53432,7591082002097,5.59,,,,sin_match,no farmaco
cobeca,GALLETAS GERBER NUTRIPUFF FRESA/BAN 142G,52442,7891000331613,2.88,,,,sin_match,no farmaco
cobeca,GALLETAS MINI MARIA PUIG LONCHERA 180G,53434,7591082000390,1.67,,,,sin_match,no farmaco
cobeca,GALLETAS TIGO CHOCO 131G,51714,7598986000532,1.03,,,,sin_match,no farmaco
cobeca,GALLETAS TIGO CHOCO/VAIN 90G,51679,7598986000518,0.91,,,,sin_match,no farmaco
cobeca,GALLETAS TIGO COOKIES CHOCOLATE 80G,51682,7598986001508,1.18,,,,sin_match,no farmaco
cobeca,GALLETAS TIGO TRADICIONAL MANTEQ 131G,51680,7598986000525,1.03,,,,sin_match,no farmaco
cobeca,"GAMBI SOL OFT 0,03% 3ML L.O",53057,7591196006905,22.65,,,,sin_match,score_bajo
cobeca,GAMERAL CAP 400MG X30 AV,21461,7596654000235,7.79,,,,sin_match,sin_candidato
cobeca,"GAMPRESS SOL OFT 0,03/0,5% 3ML L.O",27096,7591196006325,23.64,,,,sin_match,score_bajo
cobeca,GANCHO MANAPLAS D/ROPA MULT X 6,14256,7591161642206,5.86,,,,sin_match,no farmaco
cobeca,GANCHO MANAPLAS GUARDARROPA X 4,14255,7591161007906,7.59,,,,sin_match,no farmaco
cobeca,GAPENT COMP REC 10MG X30 MEY,27233,7592601303756,8.58,,,,sin_match,score_bajo
cobeca,GAPENT COMP REC 20MG X30 MEY,27234,7592601303787,10.05,,,,sin_match,score_bajo
cobeca,GAPRIDOL CAP 400MG X15 CR MT,53033,7501384550622,7,,,,sin_match,sin_candidato
cobeca,GAPTAN TAB 300MG X30 ZORIAK,20176,8906104081384,6.92,,,,sin_match,sin_candidato
cobeca,GARABET SOL OFT 5ML L.O,7339,7591196000255,11.81,,,,sin_match,score_bajo
cobeca,GARDENAL TAB 100MG X30 CLX,1477,7591519317565,12.55,2241,GARDENAL 100 mg COMPRIMIDOS,20.92,matched,score=0.719
cobeca,"GASA EBEN CLINICA 1,20M",13378,7595492000056,2.89,,,,sin_match,no farmaco
cobeca,"GASA EBEN SUPER CLINICA 2,4M",13375,7595492000063,3.81,,,,sin_match,no farmaco
cobeca,"GASA EBEN SUPER CLINICA ECONOMICA 2,4M",13377,7595492000087,2.54,,,,sin_match,no farmaco
cobeca,"GASA ESTER PLUSMEDIC 4""X4"" X2 CAJ X50",25349,7597467000436,15.75,,,,sin_match,no farmaco
cobeca,GASA ESTERIL PROMEINT PARAFIN 10X10,50108,7597467002256,7.2,,,,sin_match,no farmaco
cobeca,GASA P/QUEMADO BRIUTCARE ESTERIL ROLLO,26584,0723592773106,4.22,,,,sin_match,no farmaco
cobeca,GASA PLUSMEDIC 100YDS,50107,7597467002164,32.39,,,,sin_match,no farmaco
cobeca,"GASA PLUSMEDIC ESTERIL 3""X3"" CAJ X50",26924,7597467000450,9.9,,,,sin_match,no farmaco
cobeca,GASA PROMEINT EST PARAF C/CLOR 10X10 X10,54419,7597467002911,7.92,,,,sin_match,no farmaco
cobeca,GASAS BRIUTCARE ESTER 2X2   SOB X20,53182,645748578185,3.9,,,,sin_match,score_bajo
cobeca,GASAS BRIUTCARE ESTER 3X3   SOB X20,53183,645748578215,5.97,,,,sin_match,score_bajo
cobeca,GASAS BRIUTCARE ESTER 4X4   SOB X20,53184,645748578246,8.57,,,,sin_match,score_bajo
cobeca,GASAS BRIUTCARE ESTER 4X8   SOB X20,53185,645748578277,15.58,,,,sin_match,score_bajo
cobeca,GASAS CUREBAND 10X10CM SOBX24,53542,7702136647694,14.2,,,,sin_match,no farmaco
cobeca,GASAS SOB ALGOBAP ESTERIL 2CMX2CM CAJX50,17248,7593255000398,4.12,,,,sin_match,score_bajo
cobeca,GASAS SOB ALGOBAP ESTERIL 3CMX3CM CAJX50,17249,7593255000404,7.04,,,,sin_match,score_bajo
cobeca,GASTRO ALIV SUSP 120ML PLN,51267,7800004003976,7,,,,sin_match,sin_candidato
cobeca,GASTRO ALIV TAB MAST 262MG X10 PLN,51268,7800004004874,6.01,,,,sin_match,sin_candidato
cobeca,GEL AKNFREE PUNTUAL IMPERFECCIONES 15ML,24629,7592512003745,5.39,,,,sin_match,sin_candidato
cobeca,GEL ALNA ULTRASONIDO X 250ML,50470,7593255000381,2.14,,,,sin_match,sin_candidato
cobeca,GEL ANTIBACT ESSENZA FAMILY CARE 480ML,20370,0745760025978,4.79,,,,sin_match,sin_candidato
cobeca,GEL ANTIBACT ESSENZA FAMILY CARE 980ML,20369,0745760025985,8.3,,,,sin_match,sin_candidato
cobeca,GEL ANTIBACT PULPLUS ACTIVE 90G,21910,7591251000138,2.73,,,,sin_match,sin_candidato
cobeca,GEL ANTIBACT PUREZA TEENS UVA 80G,95506,7591404002286,4.44,,,,sin_match,score_bajo
cobeca,GEL ANTIBACT SANOL 230ML,24071,7591138078076,3.25,,,,sin_match,sin_candidato
cobeca,GEL AQUASONIC 100 CLEAR X 0.25L,29533,0855683006081,11.53,,,,sin_match,sin_candidato
cobeca,GEL AQUASONIC 100 ULTRASONIDO X 0.25L,28659,0855683006043,11.7,,,,sin_match,sin_candidato
cobeca,GEL AQUASONIC 100 ULTRASONIDO X 1L,28660,0855683006067,36.83,,,,sin_match,sin_candidato
cobeca,GEL BRUCEN A/ACNE PIEL GRAS 120ML,27368,7592090000389,11.8,,,,sin_match,sin_candidato
cobeca,GEL BRUCEN HYDRO MATT PIEL GRAS 120ML,27793,7592090000402,10.72,,,,sin_match,sin_candidato
cobeca,GEL CALAMINOL PICALIV 16G VITA,99544,7591808525077,4.58,,,,sin_match,sin_candidato
cobeca,GEL COLGATE KIDS FRUTILLA 50G,19586,7891024034095,1.77,,,,sin_match,score_bajo
cobeca,GEL COLGATE PLAX REFRESC/BUCAL 100ML,16468,7591083018547,3.54,,,,sin_match,score_bajo
cobeca,GEL CORP VIBRA NAT FRIO 200G,52623,7593319000043,5.4,,,,sin_match,sin_candidato
cobeca,GEL CREM BIODERMA ATODERM INTEN 200ML,30275,3701129802663,32.6,,,,sin_match,sin_candidato
cobeca,GEL CREM BIODERMA HYDRABIO 40ML,30277,3401329447809,31.88,,,,sin_match,sin_candidato
cobeca,GEL D/BAÑO ALEA NIÑOS 350ML,54355,7599566000225,5.06,,,,sin_match,sin_candidato
cobeca,GEL D/BANO IE GLICERINA 750ML,29057,8411047108079,9.38,,,,sin_match,score_bajo
cobeca,GEL D/BAÑO SPA LINE CHERRY BERRY 200ML,54055,7590041011293,7.2,,,,sin_match,sin_candidato
cobeca,GEL D/BAÑO SPA LINE MANDAR/COCO 200ML,54053,7590041011279,7.2,,,,sin_match,sin_candidato
cobeca,GEL DERNIER AFTER SUN X 160G,28954,7598084000908,7.63,,,,sin_match,sin_candidato
cobeca,GEL DERNIER ARNICA MONTANA GEL 200 ML,15661,7596049000277,2.38,,,,sin_match,sin_candidato
cobeca,GEL DERNIER PURIFIC Y MINIM D/POROS X20G,28497,7598084000847,3.9,,,,sin_match,sin_candidato
cobeca,GEL EXFOL CLARESS 75G,50933,7596811000047,7.1,,,,sin_match,sin_candidato
cobeca,GEL FACIAL HIDRAT AKNFREE 50ML,24625,7592512003783,6.05,,,,sin_match,sin_candidato
cobeca,GEL FACIAL HUMECT BIOS SCRUB 120ML,99211,7595481000043,16.49,,,,sin_match,sin_candidato
cobeca,GEL FACIAL LIMP NIVEA AGUA D/ROSAS 150ML,51750,4005900645289,13.85,,,,sin_match,score_bajo
cobeca,GEL FIJ EVERY NIGHT FOR MEN BLACK 250G,54301,7590005169114,2.74,,,,sin_match,sin_candidato
cobeca,GEL FIJ EVERY NIGHT FOR MEN BLACK 500G,54302,7590005169121,3.56,,,,sin_match,sin_candidato
cobeca,GEL FIJ EVERY NIGHT FRES 100G,19488,7590005168186,1.74,,,,sin_match,sin_candidato
cobeca,GEL FIJ EVERY NIGHT FRES 250G,19492,7590005168223,2.74,,,,sin_match,sin_candidato
cobeca,GEL FIJ EVERY NIGHT FRES 500G,19496,7590005168261,3.56,,,,sin_match,sin_candidato
cobeca,GEL FIJ EVERY NIGHT POW 100G,19490,7590005168209,1.74,,,,sin_match,sin_candidato
cobeca,GEL FIJ EVERY NIGHT POW 500G,19498,7590005168285,3.56,,,,sin_match,sin_candidato
cobeca,GEL FIJ EVERY NIGHT STRONG 100G,19489,7590005168193,1.74,,,,sin_match,sin_candidato
cobeca,GEL FIJ EVERY NIGHT STRONG 250G,19493,7590005168230,2.74,,,,sin_match,sin_candidato
cobeca,GEL FIJ EVERY NIGHT STRONG 500G,19497,7590005168278,3.56,,,,sin_match,sin_candidato
cobeca,GEL FIJ EVERY NIGHT WINNER 100G,19487,7590005168179,1.74,,,,sin_match,sin_candidato
cobeca,GEL FIJ EVERY NIGHT WINNER 500G,19495,7590005168254,3.56,,,,sin_match,sin_candidato
cobeca,GEL GLADE CAR ACQUA 70G,24748,7501032908690,3.21,,,,sin_match,sin_candidato
cobeca,GEL GLADE CAR CITRUS 70G,24746,7501032908706,3.21,,,,sin_match,sin_candidato
cobeca,GEL HIDRAT AG TATTOO AFTERCARE 60G,50956,7596811000368,10.87,,,,sin_match,sin_candidato
cobeca,GEL HIDRAT CLARESS PIEL GRAS 75G,50931,7596811000115,7.7,,,,sin_match,sin_candidato
cobeca,GEL HIDRAT DERNIER A/EDAD REPAR NOCH 50G,51299,7598084001226,13.1,,,,sin_match,sin_candidato
cobeca,GEL HIDRAT ZOAH ACNE RESCUE 50ML,52749,7596211000456,4.35,,,,sin_match,sin_candidato
cobeca,GEL INTIMO PHFEM DELICADO 280ML,53205,7591309002503,5.82,,,,sin_match,sin_candidato
cobeca,GEL INTIMO PHFEM HIDRAT 280ML,53206,7591309002497,5.82,,,,sin_match,sin_candidato
cobeca,GEL INTIMO SABILADERM LAVAND 200ML,14185,7592512001932,6.86,,,,sin_match,sin_candidato
cobeca,GEL INTIMO SABILADERM MANZA 240ML,14187,7592512001949,6.86,,,,sin_match,sin_candidato
cobeca,GEL LIMP BIODERMA SEBIUM MOUSSANT 200G,34847,3401578653709,38.16,,,,sin_match,sin_candidato
cobeca,GEL LIMP BIODERMA SENSIBIO MOUSSAN 200ML,30298,3401381507565,30.77,,,,sin_match,sin_candidato
cobeca,GEL LIMP CAPIL BRUCEN UREA12% 400ML,19914,7592090001577,19.4,,,,sin_match,sin_candidato
cobeca,GEL LIMP CORP BRUCEN UREA12% 250ML,19915,7592090001591,13.8,,,,sin_match,sin_candidato
cobeca,GEL LIMP FACIAL BEDUCEN PROB5 200ML,52036,7441003123069,18.39,,,,sin_match,sin_candidato
cobeca,GEL LIMP PATO SARRO/MUGRE 710ML,51093,7501032923778,5.84,,,,sin_match,sin_candidato
cobeca,GEL LIVING ALOE VERA REVITALIS 100ML,29290,7591570000161,2.75,,,,sin_match,sin_candidato
cobeca,GEL LIVING LIMP D/POROS 120ML,29286,7591570000086,4.17,,,,sin_match,sin_candidato
cobeca,GEL LUBRICANTE PRUDENCE FRESA DKT,29618,7502214986062,14.65,,,,sin_match,score_bajo
cobeca,GEL LUBRICANTE PRUDENCE NATURAL DKT,29619,7502214986031,14.65,,,,sin_match,sin_candidato
cobeca,GEL PATO ACC PROFU MARINE 500ML,20666,7501032902735,4.43,,,,sin_match,sin_candidato
cobeca,GEL PATO ACC PROFU PINE 500ML,20665,7501032902742,4.43,,,,sin_match,sin_candidato
cobeca,GEL RHELEN COOL ICE AZUL 250G INTERV,14284,7593434000508,6.49,,,,sin_match,sin_candidato
cobeca,GEL ZOAH ALOE VERA ROSTRO/CUERPO 400G,54237,7596211000692,4.37,,,,sin_match,sin_candidato
cobeca,GEL/BAÑ AMALFI AVENA 750ML,17257,8414227691880,4.48,,,,sin_match,sin_candidato
cobeca,GEL/BAÑ AMALFI DERMOPROT 750ML,17267,8414227691910,7.9,,,,sin_match,sin_candidato
cobeca,GEL/BAÑ AMALFI DUC/PA 750ML,22137,8414227032744,7.9,,,,sin_match,sin_candidato
cobeca,GEL/BAÑ AMALFI DUCHA RELAX 750ML,22136,8414227691828,5.58,,,,sin_match,score_bajo
cobeca,GEL/BAÑ EXFOL SPA LINE ORQ SALVAJE 250ML,19811,7590041014324,4.2,,,,sin_match,sin_candidato
cobeca,GEL/BAÑ IE BEBE 500ML,26518,8411047101414,14.75,,,,sin_match,sin_candidato
cobeca,GEL/BAÑ IE PIEL ATOPICA 500ML,26517,8411047108109,14.35,,,,sin_match,sin_candidato
cobeca,GEL/BAÑ SPA LINE BLUEBE/ORANGE 250ML,18601,7590041015291,4.2,,,,sin_match,sin_candidato
cobeca,GEL/BAÑ Y DUCHA AMALFI LOVE 750ML,17258,8414227043573,7.9,,,,sin_match,score_bajo
cobeca,GELAFUNDIN SOL 4% 500ML MEDV,25773,7501125114960,52.25,,,,sin_match,sin_candidato
cobeca,GELATINA SONRISSA CEREZA DISP 132G X12,28227,7591112000215,23.13,,,,sin_match,score_bajo
cobeca,GELATINA SONRISSA FRAMBUESA DISP 132GX12,28226,7591112000222,23.13,,,,sin_match,score_bajo
cobeca,GELATINA SONRISSA FRESA 66G,19185,7591112061421,1.42,,,,sin_match,no farmaco
cobeca,GELATINA SONRISSA FRESA DISP 132G X12,28225,7591112000208,23.13,,,,sin_match,score_bajo
cobeca,GELATINA SONRISSA LIMON 132G,19187,7591112061230,2.22,,,,sin_match,no farmaco
cobeca,GELATINA SONRISSA PIÑ 66G,21128,7591112462167,1.42,,,,sin_match,no farmaco
cobeca,GELATINA SONRISSA UVA 132G,19188,7591112061315,2.27,,,,sin_match,no farmaco
cobeca,GELATINA SONRISSA UVA 66G,19183,7591112061667,1.42,,,,sin_match,no farmaco
cobeca,GELATINA VIVO BERRIES S/AZU 22G,51607,7802200365759,1.36,,,,sin_match,no farmaco
cobeca,GEMKAST TAB MAST 4MG X10 GEMA,53002,7598981001695,0.51,6484,GEMKAST 4 mg TABLETAS MASTICABLES,0.85,matched,score=0.630
cobeca,GEMKAST TAB MAST 4MG X30 GEMA,53003,7598981001701,1.46,6484,GEMKAST 4 mg TABLETAS MASTICABLES,2.43,matched,score=0.630
cobeca,GEMKAST TAB MAST 5MG X10 GEMA,53004,7598981001718,0.64,6485,GEMKAST 5 mg TABLETAS MASTICABLES,1.07,matched,score=0.630
cobeca,GEMKAST TAB MAST 5MG X30 GEMA,53005,7598981001725,1.84,6485,GEMKAST 5 mg TABLETAS MASTICABLES,3.07,matched,score=0.630
cobeca,GEMKAST TAB REC 10MG X10 GEMA,53006,7598981001671,1.94,6483,GEMKAST 10 mg TABLETAS RECUBIERTAS,3.23,matched,score=0.614
cobeca,"GENCICOF SOL TOP BUCAL 0,15%-0,15% X15ML",54312,7591818000830,6.41,2228,BETADINE 8 % SOLUCION TOPICO BUCAL,10.68,matched,score=0.740
cobeca,GENESA COM/REC 3MG/20MCG X 28,13744,7591585111722,29.52,4778,GENESA 3mg-20 mcg COMPRIMIDOS RECUBIERTOS,49.2,matched,score=0.678
cobeca,GENESA COMP 3MG/30 MCG X21 LETI,11639,7591585116598,29.61,4778,GENESA 3mg-20 mcg COMPRIMIDOS RECUBIERTOS,49.35,matched,score=0.972
cobeca,GENLET CAP 200MG X 10,50060,7591585210180,10,,,,sin_match,sin_candidato
cobeca,GENTAMICINA AMP 160MG/2ML X 10 BLUE/M,30124,7598127001978,3.69,815,GENTAMICINA 160mg / 2mL SOLUCION INYECTABLE,6.15,matched,score=0.957
cobeca,GENTAMICINA CREM 1% 15G PHARME,7662,7592454146807,6.49,1798,"BETADERM CON GENTAMICINA 0,1 % - 0,1 % CREMA",10.82,matched,score=0.739
cobeca,"GENTAMICINA GTS 0,3% 10ML CR DIST",22844,7598252101390,4.78,2202,"GENTAMICINA  0,3 % SOLUCION OFTALMICA",7.97,matched,score=0.723
cobeca,GENTAMICINA SOL INY 160MG/2ML X5 DIST,52502,7598252001959,5.84,815,GENTAMICINA 160mg / 2mL SOLUCION INYECTABLE,9.73,matched,score=0.957
cobeca,"GENTAMICINA SOL OFT 0,3% 5ML L.O",5334,7591196002136,4.66,,,,sin_match,score_bajo
cobeca,GENTAPLUS GTS OFT 0.3% KMP,20994,8904030802042,7.66,,,,sin_match,sin_candidato
cobeca,GENURIN GRAG 200MG X10 ELM,7420,7591062901198,6.81,2045,GENURIN 200 mg COMPRIMIDOS RECUBIERTOS,11.35,matched,score=0.683
cobeca,GERIATECH CAP BLD VIT/MINERAL X30 G PHAR,21936,7597189000066,11.3,,,,sin_match,score_bajo
cobeca,GESTAGENO CAP BLD 100MG X30 CR CCM,21412,7401078900156,31.86,,,,sin_match,score_bajo
cobeca,GESTAGENO CAP BLD 200MG X30 CR CCM,21413,7401078900163,40.88,,,,sin_match,score_bajo
cobeca,GESTASYN I CAP BLD 100MG X10 TIARES,52805,8906009239880,13.55,,,,sin_match,sin_candidato
cobeca,GESTASYN II CAP BLD 200MG X10 TIARES,52806,8906009239903,16.29,,,,sin_match,sin_candidato
cobeca,"GESTRELLA TAB REC 0,075MG X28 GCP",27016,7594001564140,20.35,,,,sin_match,score_bajo
cobeca,GINACOL SOL VAG 135ML BIOTECH,7355,7591243820355,4.06,,,,sin_match,score_bajo
cobeca,GINESAL SOL VAG 130ML AV,14801,7596654000020,6.49,,,,sin_match,score_bajo
cobeca,GINIWA V CAP X 14,50202,8436587000188,28.23,,,,sin_match,sin_candidato
cobeca,GINKGO BILOBA CAP 300MG X30 HERB,24098,7592710003974,10.66,,,,sin_match,sin_candidato
cobeca,GINKGO BILOBA CAP 300MG X60 ARC IRIS,17786,7592946005988,12.86,,,,sin_match,sin_candidato
cobeca,GINKGO BILOBA CAP 300MG X60 HERB,99663,7592710000621,11.56,,,,sin_match,sin_candidato
cobeca,GINKGO BILOBA CAP 300MG X60 NAT PREM,13358,7592430000116,9.73,,,,sin_match,sin_candidato
cobeca,GINKGO BILOBA CAP 60MG X60 NOW,2685,733739103062,19.99,,,,sin_match,sin_candidato
cobeca,GINKGO SENG DH TAB X60 NAT PREM,13364,7592430000017,7.36,,,,sin_match,sin_candidato
cobeca,GINKOLA CAP 500MG X30 HERB,24195,7592710003967,9.48,,,,sin_match,sin_candidato
cobeca,GIVOTAN PVO SUSP 100MG 30ML MEG,91422,7861148020472,16.62,,,,sin_match,score_bajo
cobeca,GIVOTAN PVO SUSP 100MG 60ML MEG,90627,7861148020434,19.61,,,,sin_match,score_bajo
cobeca,GIVOTAN TAB REC 500MG X6 MEG,90626,7861148020441,15.19,,,,sin_match,score_bajo
cobeca,GLADE ACEIT NATU SANDIA REFR REP X3 21ML,52885,7503049616582,12.79,,,,sin_match,no farmaco
cobeca,GLADE ACEITE NAT ABRAZOS VAINI 63ML X3,20547,7591005006072,12.79,,,,sin_match,no farmaco
cobeca,GLADE ACEITE NAT MANZ/CANE 21ML,96625,7501032938819,8.28,,,,sin_match,no farmaco
cobeca,GLADE ACEITE NAT MANZ/CANE 63ML X3,96627,7501032908324,12.79,,,,sin_match,no farmaco
cobeca,GLADE ACEITE NAT PARAISO AZUL 21ML,20546,7501032908591,8.28,,,,sin_match,no farmaco
cobeca,GLADE ACEITES NAT HAWAI/BREEZE 63ML X 3,29495,7501032908331,12.79,,,,sin_match,no farmaco
cobeca,GLADE AUTO GEL ODISEA AZUL 70G,30314,7501032913038,3.21,,,,sin_match,sin_candidato
cobeca,GLADE AUTO LAVAND/MARINA REP 7ML,24751,7501032928742,4.93,,,,sin_match,no farmaco
cobeca,GLADE AUTO NITRO 7ML,24750,7591005001114,8.44,,,,sin_match,no farmaco
cobeca,GLADE AUTO SPORT CARRO NUEVO REP 7ML,52921,7591005992566,4.93,,,,sin_match,no farmaco
cobeca,GLADE AUTO SPORT LAVANDA MARINA 7ML,52945,7591005992559,8.44,,,,sin_match,no farmaco
cobeca,GLADE AUTOMAT MANZ/CANE 175G,96634,7503038992819,20.64,,,,sin_match,no farmaco
cobeca,GLADE AUTOMAT MANZ/CANE REP 175G,96631,7501032904982,7.03,,,,sin_match,no farmaco
cobeca,GLADE AUTOMAT PARAISO AZUL REP 175G,26565,7501032906337,7.03,,,,sin_match,no farmaco
cobeca,GLADE AUTOMAT SANDIA REFRES 175G,53340,7503036165468,20.13,,,,sin_match,no farmaco
cobeca,GLADE AUTOMAT SANDIA REFRES REP 175G,53341,7503036165598,6.85,,,,sin_match,no farmaco
cobeca,"GLAMOR SOL OFT 0,2/0,2% 10ML CAPSUV",23331,7598055000210,8.55,,,,sin_match,sin_candidato
cobeca,"GLAUCOPROST SOL OFT 0,004% 3ML MEG",90436,7795368055184,11.82,,,,sin_match,score_bajo
cobeca,GLAUCOTENSIL D SOL OFT 5ML MEG,2263,7795368001686,13.9,,,,sin_match,score_bajo
cobeca,GLAUCOTENSIL T SOL OFT 5ML MEG,2262,7795368001679,14.68,,,,sin_match,score_bajo
cobeca,GLIBENCAMIDA TAB 5MG X10 VIN,26736,8904209411075,3.35,,,,sin_match,sin_candidato
cobeca,GLIBENCLAMIDA TAB 5 MG X 10 KMPLUS,23770,6921875011158,1.41,3177,GLIBENCLAMIDA 5 mg COMPRIMIDOS,2.35,matched,score=0.684
cobeca,GLIBENCLAMIDA TAB 5MG X 30 ANGELUS,28525,7598176000335,3.25,2214,GLIBENCLAMIDA 5 mg TABLETAS,5.42,matched,score=0.735
cobeca,GLIBENCLAMIDA TAB 5MG X30 FMED,50984,8908020242511,2.29,2214,GLIBENCLAMIDA 5 mg TABLETAS,3.82,matched,score=0.891
cobeca,GLIBENCLAMIDA/METFOR TAB 5/500MGX30 BUKA,23902,0675696260207,6.23,4738,METFORMINA CLORHIDRATO - GLIBENCLAMIDA 500 mg - 5 mg TABLETAS RECUBIERTAS,10.38,matched,score=0.682
cobeca,"GLICAZET TAB 500MG/2,5MG X40 GFARM",26017,7406076100997,15.74,4861,GLICAZET 500 mg / 5 mg TABLETAS RECUBIERTAS,26.23,matched,score=0.616
cobeca,GLICAZET TAB 500MG/5MG X40 GFARM,26018,7406076101000,16.69,4861,GLICAZET 500 mg / 5 mg TABLETAS RECUBIERTAS,27.82,matched,score=0.616
cobeca,GLICAZIDA TAB 80MG X20 MT GLOB,54364,8902399002004,9.53,,,,sin_match,sin_candidato
cobeca,GLICERAMIN AMP 3%/500ML X 1,50702,0759263700315,40.42,,,,sin_match,score_bajo
cobeca,GLICERIN ADULTO SUP 2.58G X6 TIAR,51146,198168629901,6.56,,,,sin_match,no farmaco
cobeca,GLICERIN BABY SUP 0.86G X6 TIAR,51144,198168325414,4.88,,,,sin_match,no farmaco
cobeca,GLICERIN KIDS SUP 1.72G X6 TIAR,51145,198168700730,5.14,,,,sin_match,no farmaco
cobeca,GLICERINA 120ML RECETT,51125,7594001450719,6.43,,,,sin_match,no farmaco
cobeca,GLICERINA 30G RECETT,20891,7594001450696,2.74,,,,sin_match,no farmaco
cobeca,GLICERINA 30ML BIOF,94711,7591616000667,2.57,,,,sin_match,no farmaco
cobeca,GLICERINA 30ML LYA,25431,7599028000077,2.61,,,,sin_match,no farmaco
cobeca,GLICERINA 60ML RECETT,16874,7594001450702,3.95,,,,sin_match,no farmaco
cobeca,GLICERINA ALPHA BMT 30ML,29470,7597773000137,3.51,,,,sin_match,no farmaco
cobeca,GLICERINA ALPHA BMT GTA 30ML,29471,7597773000205,3.51,,,,sin_match,no farmaco
cobeca,"GLICERINA SUP AD 2,44G X6 ELM",53074,7591062000266,5.77,,,,sin_match,no farmaco
cobeca,"GLICERINA SUP PED 1,11G X6 ELM",51657,7591062000228,4.58,6606,"GLICERINA 2,44g SUPOSITORIOS",7.63,matched,score=0.667
cobeca,GLICINATO D/MAGNESIO  TAB 300MG X30 SAAS,52841,7591940000616,11.32,,,,sin_match,score_bajo
cobeca,GLICINATO D/MAGNESIO CAP 500MG X60 HERB,52351,7592710003097,11.04,,,,sin_match,score_bajo
cobeca,GLICINATO D/MAGNESIO CAP 500MG X70 ABEJ,53637,7597134001100,8.88,,,,sin_match,score_bajo
cobeca,GLICLAZ TAB REC 80MG X20 ALESS,53068,7597758001401,4.97,,,,sin_match,sin_candidato
cobeca,GLIDAN TAB 80MG X20 MEG,9706,7591955002469,9.22,2338,GLIDAN 80 mg TABLETAS,15.37,matched,score=0.859
cobeca,GLIDEX TAB REC 500MG X30 PLX,52469,7594001102151,7.1,,,,sin_match,score_bajo
cobeca,GLIDEX TAB REC 850MG X30 PLX,52970,7594001102236,9.3,,,,sin_match,score_bajo
cobeca,GLIFORMIN TAB 1000MG X30 MEY,22351,7707355053912,16.44,6048,GLIFORMIN 1000 mg TABLETAS RECUBIERTAS,27.4,matched,score=0.770
cobeca,GLIFORMIN TAB 850MG X30 MEY,23014,7707355053936,15.81,6047,GLIFORMIN 850 mg TABLETAS RECUBIERTAS,26.35,matched,score=0.825
cobeca,GLIMAGX CAP 550MG X30 CR 2N,54407,6977234272166,6.49,,,,sin_match,sin_candidato
cobeca,GLIMEPIRIDA COMP 2MG X30 LETI,52337,7591585371539,7.8,3011,GLIMEPIRIDA 2 mg COMPRIMIDOS,13,matched,score=0.935
cobeca,GLIMEPIRIDA COMP 4MG X15 LETI,52338,7591585171528,5.65,3754,GLIMEPIRIDA 4 mg COMPRIMIDOS,9.42,matched,score=0.935
cobeca,GLIMEPIRIDA COMP 4MG X30 GVN,92481,7591585271525,11.1,3103,GLIMEPIRIDA 4 mg TABLETAS,18.5,matched,score=0.891
cobeca,GLIMEPIRIDA TAB 2MG X30 ANG/H,21362,7598176000113,2.44,3011,GLIMEPIRIDA 2 mg COMPRIMIDOS,4.07,matched,score=0.891
cobeca,GLIMEPIRIDE TAB 2 MG X 30 LA SANTE,4700,7703763165117,8.17,,,,sin_match,score_bajo
cobeca,GLIMEPIRIDE TAB 2MG X16 PHARME,4699,7703763165056,4.78,,,,sin_match,sin_candidato
cobeca,GLIMEPIRIDE TAB 2MG X30 ZUZU,51563,8904324101516,3.16,,,,sin_match,sin_candidato
cobeca,GLIMEPIRIDE TAB 4MG X16 PHARME,4701,7703763165063,5.43,,,,sin_match,sin_candidato
cobeca,GLIMEPIRIDE TAB 4MG X30 PHARME,4702,7703763165124,10.12,,,,sin_match,sin_candidato
cobeca,GLIMERID TAB 4MG X30 PHARME,8103,7703763165025,12.45,3085,GLIMERID 2 mg TABLETAS,20.75,matched,score=0.721
cobeca,GLIPTIN-M COMP REC 500/50MG X10 ZUO,26771,7591651001476,6.25,7246,GLIPTIN 500 mg - 50 mg COMPRIMIDOS RECUBIERTOS,10.42,matched,score=0.701
cobeca,GLIPTIN-M COMP REC 500/50MG X30 ZUO,28336,7591651001681,18.16,7246,GLIPTIN 500 mg - 50 mg COMPRIMIDOS RECUBIERTOS,30.27,matched,score=0.701
cobeca,GLIZIGEN SPRAY 30ML AV,21463,8470000488832,30.52,,,,sin_match,no farmaco
cobeca,GLOMY XR TAB 1000MG X30 ARVEST,53395,8906188190705,7.6,,,,sin_match,sin_candidato
cobeca,GLOMY XR TAB 500MG X30 ARVEST,53396,8906188190682,5.91,,,,sin_match,sin_candidato
cobeca,GLOMY XR TAB 750MG X30 ARVEST,53394,8906188190699,6.76,,,,sin_match,sin_candidato
cobeca,GLUCERNA LIQ VAIN 237ML CR SUPP,23978,7703186030283,9.17,,,,sin_match,no farmaco
cobeca,GLUCOFAGE XR TAB LR 750MG X30 DOLLY,90043,7891721029097,15.52,3683,GLUCOFAGE 500 mg XR TABLETAS DE LIBERACION RETARDADA,25.87,matched,score=0.639
cobeca,GLUCOMETRO DIGITAL GE X1,17887,0883489000781,27.94,,,,sin_match,no farmaco
cobeca,GLUCOMETRO FLEXMED KIT,28595,860000853149,18.13,,,,sin_match,no farmaco
cobeca,GLUCOMETRO GE333,51464,883489310378,34.15,,,,sin_match,no farmaco
cobeca,GLUCOMETRO GLUCARE GLM-78,53708,6971969564978,14.62,,,,sin_match,no farmaco
cobeca,GLUCON PLUS PVO/SOLUBLE SOB LIMON X15,50686,7593090002489,19.55,,,,sin_match,score_bajo
cobeca,GLUCONATO D/CALCIO 10% 100ML BHR,99310,7592637000988,10.82,,,,sin_match,no farmaco
cobeca,GLUCONATO D/ZINC CAP 170MG X60 HERBAP,28486,7592710005527,11.56,,,,sin_match,score_bajo
cobeca,GLUCONATO FERROS SOL ORAL 50MG 15ML BIOQ,98394,7594000850428,5.35,4352,GLUCONATO FERROSO (50 mg / 15 mL DE HIERRO ELEMENTAL) SOLUCION ORAL,8.92,matched,score=0.839
cobeca,GLUCOPHAGE XR TAB 1000MG X30 DOLLY,54520,7891721029189,19.4,,,,sin_match,sin_candidato
cobeca,GLUCOPHAGE XR TAB 500MG X30 DOLLY,8526,7404000043280,14.44,,,,sin_match,sin_candidato
cobeca,GLUCOSAM/CONDRO PLUS TAB 200MG X30 SAAS,52844,7591940000593,11.84,,,,sin_match,sin_candidato
cobeca,GLUCOSAM/CONDRO TAB 1500/1200MG X30 NOW,52094,733739110626,17.14,,,,sin_match,sin_candidato
cobeca,GLUCOSAMINA CAP 500MG X60 ARC IRIS,18763,7592946169758,12.86,,,,sin_match,sin_candidato
cobeca,GLUCOSAMINA/CONDRO TAB 500/400MG X30 VAL,9137,714439705503,16.18,,,,sin_match,sin_candidato
cobeca,GLUCOSAMINE CAP 2850MG X90 ETER,23404,0787790468653,15.03,,,,sin_match,sin_candidato
cobeca,GLUCOSAMINE CAP 2865MG X90 PHARMAC,27075,0787790474753,16.49,,,,sin_match,sin_candidato
cobeca,GLUCOSAMINE/CHONDRO TAB 1500/1200 X60NOW,28240,0733739032423,32.14,,,,sin_match,sin_candidato
cobeca,GLUCOSAMINE/CONDRO SOB 1500/1200X15PHARM,28286,7703763968718,15.3,,,,sin_match,sin_candidato
cobeca,GLUCOSAMINE/MSM CAP X60 NOW,28235,0733739032782,17.53,,,,sin_match,sin_candidato
cobeca,GLUCOTRIN CAP X60,50724,7597189000288,11.24,,,,sin_match,sin_candidato
cobeca,GLUCOVAL TAB REC 10MG X30 VLM,53623,7591020009850,23.18,,,,sin_match,score_bajo
cobeca,GLUCOVAL TAB REC 25MG X30 VLM,53624,7591020009874,30.77,,,,sin_match,score_bajo
cobeca,GLUCOZIN TAB 500 MG X 30,30363,7592806136067,4.53,,,,sin_match,sin_candidato
cobeca,GLUSTAR TAB 20MG X30 PHARME,50765,7592454004039,9.26,,,,sin_match,score_bajo
cobeca,GLUSTAR TAB REC 40MG X30 PHARME,53840,7592454004022,12.94,,,,sin_match,score_bajo
cobeca,GLUTAMINA CAP BLD 500MG X30,25759,685239846959,8.92,,,,sin_match,score_bajo
cobeca,GLUTAMINA CAP BLD 500MG X60,25758,0685239846942,12.48,,,,sin_match,score_bajo
cobeca,GLUTAPAK R SUPLEM ALIM 15G MEG,19894,0612197755559,8.31,,,,sin_match,no farmaco
cobeca,GLUTAPAK-10 SOB X 15G,29378,0612197711104,10.47,,,,sin_match,sin_candidato
cobeca,GLUTATHIONE CAP 500MG X 30,50454,733739001757,35.94,,,,sin_match,sin_candidato
cobeca,GLYCEMPLUS TAB X 30,29913,791466994957,13.85,,,,sin_match,sin_candidato
cobeca,GLYMAR TAB 2MG X20 MEY,9455,7592601101079,7.88,3630,GLYMAR 2 mg TABLETAS,13.13,matched,score=0.698
cobeca,GLYMAR TAB 4MG X20 MEY,9456,7592601101086,13.42,3619,GLYMAR 4 mg TABLETAS,22.37,matched,score=0.741
cobeca,GOM GOMBY CUBIX 100G,53774,7593570001780,1.01,,,,sin_match,no farmaco
cobeca,GOM GOMBY ROCO ESPACIAL 100G,53775,7593570000257,1.01,,,,sin_match,no farmaco
cobeca,GOM GOMBY ROCO ESPACIAL 30G DISP X12,15610,7593570000073,6.3,,,,sin_match,sin_candidato
cobeca,GOM TROLLI FUNIVERSE SOUR MIX 100G,53667,8436036186227,1.75,,,,sin_match,no farmaco
cobeca,GOM TROLLI OCTOPUS 100G,53655,8436036186258,1.75,,,,sin_match,no farmaco
cobeca,"GOTAS ARTIF SOL OFT 0,3% X15ML CR BIO",54459,7598455000087,4.71,,,,sin_match,sin_candidato
cobeca,GOTAS DEL CARMEN 60ML RECETT,14408,7594001450801,4.64,,,,sin_match,sin_candidato
cobeca,GOTAS VALERIANA 30ML RECETT,20895,7594001450818,2.55,,,,sin_match,sin_candidato
cobeca,GRAPADORA MAPED ESTAR D/MESA,21181,3154143927100,8.4,,,,sin_match,no farmaco
cobeca,GRAPADORA MAPED VIVO MINI,21928,3154145404005,3.33,,,,sin_match,no farmaco
cobeca,GRAPADORA OFICA FUSION DUO,21930,7591147007203,24.51,,,,sin_match,no farmaco
cobeca,GRAPAS IDEOFFICE CORRUGADAS 5000 PZS X1,28618,6930774301802,4.6,,,,sin_match,no farmaco
cobeca,GRATIO TAB REC 500MG X10 RNV,93745,7592806134070,2.92,3486,GRATIO 500 mg TABLETAS RECUBIERTAS,4.87,matched,score=0.650
cobeca,GRATIO TAB REC 750MG X10 RNV,93744,7592806134094,4.99,,,,sin_match,score_bajo
cobeca,GRAVIOLA CAP X60 NAT PREM,17119,7592430001564,5.73,,,,sin_match,sin_candidato
cobeca,GREIT TAB REC 10MG X30 FC,25051,7593090001536,10.64,,,,sin_match,score_bajo
cobeca,GRIFFI SHOES MARRON X 75ML,28562,657467830130,7.01,,,,sin_match,no farmaco
cobeca,GRIFFI SHOES NEGRO X 75ML,28561,657467776186,7.01,,,,sin_match,no farmaco
cobeca,GRINATOS JBE 180ML NAT PREM,27118,7592430000796,6.21,,,,sin_match,sin_candidato
cobeca,GUAIFENESINA SOL ORAL 100/5ML 120ML BIOQ,28206,7594000851548,6.62,5514,GUAIFENESINA 100 mg / 5 mL SOLUCION ORAL,11.03,matched,score=0.878
cobeca,GUANTE CALIDEX DOMEST/CORRUGADOS T XL,21569,7591985000176,3.61,,,,sin_match,no farmaco
cobeca,GUANTE ETERNA COCINA CLAS T 7,22996,7702037503235,3.01,,,,sin_match,no farmaco
cobeca,"GUANTE ETERNA COCINA CLAS T 7,5",22997,7702037503242,3.01,,,,sin_match,no farmaco
cobeca,GUANTE ETERNA COCINA CLAS T 8,22998,7702037503259,3.01,,,,sin_match,no farmaco
cobeca,"GUANTE ETERNA COCINA CLAS T 8,5",22999,7702037503266,3.01,,,,sin_match,no farmaco
cobeca,GUANTE PLUSMEDIC ESTERIL T 7 X50,19835,7597467000078,50.39,,,,sin_match,no farmaco
cobeca,"GUANTE PLUSMEDIC ESTERIL T 8,5 X50",19836,7597467000108,50.39,,,,sin_match,no farmaco
cobeca,"GUANTE QUIRURGICO ONE UP T 6,5",18418,7596370000168,0.98,,,,sin_match,no farmaco
cobeca,GUANTE QUIRURGICO ONE UP T 7,18421,7596370000175,0.98,,,,sin_match,no farmaco
cobeca,GUANTE TWO5MED NITRILO NEGR T/L X100,27179,7598832000563,11.25,,,,sin_match,no farmaco
cobeca,GUANTES D/LATEX GROSSMED S/PVO 7.5 X 50,30231,7597830005488,30.19,,,,sin_match,sin_candidato
cobeca,GUANTES D/NIT GROSSMED S/PVO M AZUL X100,30228,7597830001053,9.85,,,,sin_match,sin_candidato
cobeca,GUANTES D/NIT GROSSMED S/PVO S AZUL X100,30226,17597830001067,9.85,,,,sin_match,sin_candidato
cobeca,GUANTES ETERNA TRAB/PESADO T 8,29044,7702037502740,3.16,,,,sin_match,no farmaco
cobeca,GUANTES ETERNA TRAB/PESADO T 8.5,29045,7702037502757,3.16,,,,sin_match,no farmaco
cobeca,GUANTES ETERNA TRAB/PESADO T 9,29047,7702037502764,3.16,,,,sin_match,no farmaco
cobeca,GUANTES ETERNA TRAB/PESADO T 9.5,29046,7702037502771,3.16,,,,sin_match,no farmaco
cobeca,"GUATA ORTOBAN 4"" X3YD",19727,7594001560562,4.84,,,,sin_match,no farmaco
cobeca,"GUATA ORTOBAN 6"" X3YD X1",19729,7594001560654,7.7,,,,sin_match,no farmaco
cobeca,GUATA ORTOBAN 8PLG X3YD X1,19731,7594001560661,8.35,,,,sin_match,no farmaco
cobeca,"GUATA PROMEINT ORTOPED 6X3"" X6",50111,7597467002089,14.65,,,,sin_match,no farmaco
cobeca,"GUATA PROMEINT ORTOPED 8X3"" X 6",50112,7597467002096,16.74,,,,sin_match,no farmaco
cobeca,GUISANTES TIGO LATA 300G,51717,7598986000990,1.62,,,,sin_match,no farmaco
cobeca,GULAPER GTS 50MG/ML 30ML MEG,98836,7591955001301,5.58,2081,GULAPER 250 mg / 5 mL SOLUCION ORAL,9.3,matched,score=0.859
cobeca,GULAPER JBE AD 250MG 120ML MEG,8705,7591955001288,7.79,,,,sin_match,score_bajo
cobeca,GULAPER JBE PED 100MG 120ML MEG,8704,7591955001295,9.79,1946,GULAPER 100 mg / 5 mL ORAL,16.32,matched,score=0.601
cobeca,GULAPER JBE PED 100MG 60ML MEG,27231,7591619000800,5.06,1946,GULAPER 100 mg / 5 mL ORAL,8.43,matched,score=0.620
cobeca,GULAPER SOL ORAL 250MG/5ML 200ML MEG,53409,7591619001432,11.04,2081,GULAPER 250 mg / 5 mL SOLUCION ORAL,18.4,matched,score=0.813
cobeca,"GYNERIN ANILLO VAG 0,120/0,015MG TIAR",53197,8436531249991,23.99,,,,sin_match,no farmaco
cobeca,GYNKOLA CAP 500MG X60 HERB,19504,7592710000607,11.82,,,,sin_match,sin_candidato
cobeca,GYNO-ZUMETRONIN TAB VAG 500MG X10 ZUZU,52584,7599608003290,5.59,,,,sin_match,score_bajo
cobeca,GYNOCARE TAB REC 150MCG/30MCG X21 BRIUT,54272,645748578109,4.75,,,,sin_match,sin_candidato
cobeca,GYNODERAIN CREM VAG 20% 60G LETI,10235,7591585115911,58.18,,,,sin_match,score_bajo
cobeca,"GYNODERAIN OVU 0,6G X6 LETI",8278,7591585115942,38.72,2169,"GYNODERAIN 0,6 g OVULOS",64.53,matched,score=0.797
cobeca,GYNOMET CREM VAG 15/4% 40G LETI,15067,7591585119131,25.67,,,,sin_match,score_bajo
cobeca,GYNOMET OVUL VAG 750MG/200MG X7 LETI,53056,7591585119179,19.76,,,,sin_match,score_bajo
cobeca,GYNOTRAN CREM 15%/4% 40G CR CCM,25326,7401078990201,21.34,,,,sin_match,score_bajo
cobeca,GYNOVIT SOL VAG 130ML VARG,1743,7592349844757,4.44,,,,sin_match,score_bajo
cobeca,HALLS DISP CHERRY LYPTUS 3G X 100,50290,7702133445095,2.86,,,,sin_match,sin_candidato
cobeca,HALLS DISP EXTRA STRONG 3G X 100,50293,7702133445118,2.86,,,,sin_match,sin_candidato
cobeca,HALLS DISP MENTHOL LYPTUS 3G X 100,50292,7702133445101,2.86,,,,sin_match,sin_candidato
cobeca,HALOPERIDOL TAB 2MG X 20 FARMAMED,50163,8908020242528,1.99,,,,sin_match,score_bajo
cobeca,HALOPERIDOL TAB 5MG X30 CLEO,25673,7598677000056,17.73,619,HALOPERIDOL 5 mg / mL SOLUCION INYECTABLE,29.55,matched,score=0.752
cobeca,HALOPERIL SOL ORAL 2MG/ML 15ML CR MT,53397,7501384550981,8.58,,,,sin_match,sin_candidato
cobeca,HATIAL TAB 50MG X30 GFARM,26023,7406076103530,14.25,,,,sin_match,score_bajo
cobeca,HEDRALIV JBE 120ML PHARME,95008,7592454002301,9.47,,,,sin_match,sin_candidato
cobeca,HELAL COMP 200MG X2 MEG,6546,7591619102016,1.74,2126,HELAL 200 mg COMPRIMIDOS,2.9,matched,score=0.709
cobeca,HEMORROIMED CREM 30G LYA,25455,7599028000459,6.16,,,,sin_match,sin_candidato
cobeca,HEMOVAR CREM 10% 40G SANAV,54160,7593533000683,6.39,,,,sin_match,sin_candidato
cobeca,HENOVI-C GTS 30ML VARG,1765,7592349722963,8.65,,,,sin_match,sin_candidato
cobeca,HEPADESICOL CAP BLD 325MG X24 ELM,51983,7591062014508,16.05,,,,sin_match,sin_candidato
cobeca,HEPAFOL FORTE JBE 120ML MEY,18904,7592601301851,19.39,,,,sin_match,score_bajo
cobeca,HEPAFOL JBE 120ML MEY,13118,7592601301592,17.23,,,,sin_match,score_bajo
cobeca,HEPAFOL TAB X30 MEY,1766,7592601100423,15.64,2477,HEPAFOL B12 TABLETAS RECUBIERTAS,26.07,matched,score=0.667
cobeca,HEPAGRAS CAP 120MG X30 LETI,23962,7591585216892,56,,,,sin_match,sin_candidato
cobeca,HEPAROID GEL 250G X 30G,30326,18904187884240,12.34,,,,sin_match,sin_candidato
cobeca,"HEPROX CAP 0,4MG X30 DLR",91510,7592803002372,11.57,3890,"HEPROX 0,4 mg CAPSULAS DE LIBERACION PROLONGADA",19.28,matched,score=0.615
cobeca,"HEPTADEX TAB 4MG/0,25MG X30 CR 2N",54408,6977234271992,2.6,,,,sin_match,sin_candidato
cobeca,HERBAHELIX JBE 240ML HERB,52361,7592710002915,5.03,,,,sin_match,sin_candidato
cobeca,HERBAMIEL JBE 240ML HERB,28310,7592710002908,4.42,,,,sin_match,sin_candidato
cobeca,HEXANT JBE ELIX 30MG/5ML 120ML MEG,16142,7591619519166,4.04,,,,sin_match,score_bajo
cobeca,HEXANTFLEM SOL ORAL 100MG/5ML 120ML MEG,53269,7591619001326,7.21,6148,HEXANTFLEM 250 mg / 5 mL SOLUCION ORAL,12.02,matched,score=0.659
cobeca,HEXANTFLEM SOL ORAL 250MG/5ML 120ML MEG,53268,7591619001364,6.92,6148,HEXANTFLEM 250 mg / 5 mL SOLUCION ORAL,11.53,matched,score=0.813
cobeca,HEXOMEDINE COLUT AER 30G CLX,1782,7591044401463,8.25,,,,sin_match,score_bajo
cobeca,HIDRALIT SOL COCO 500ML PROBI,24691,7596855000010,3.38,,,,sin_match,score_bajo
cobeca,HIDRAT INTIMO CUMLAUDE LAB EXTERNO 30ML,51028,28428749534109,23.5,,,,sin_match,no farmaco
cobeca,HIDRAT VAG CUMLAUDE LAB DELIGYN 30ML,51027,8428749831204,22.34,,,,sin_match,no farmaco
cobeca,HIDRATATEX SOB 21G X10 ZUZU,52586,7599608003382,5.67,,,,sin_match,sin_candidato
cobeca,"HIDROCLOR TAB 12,5MG X30 UNIPH",53769,7598852001830,4.6,,,,sin_match,sin_candidato
cobeca,"HIDROCLOROTIAZIDA COMP 12,5MG X30 LETI",17795,7591585172686,8.02,3499,LOSARTAN POTASICO - HIDROCLOROTIAZIDA 100 mg - 25 mg COMPRIMIDOS RECUBIERTOS,13.37,matched,score=0.935
cobeca,HIDROCLOROTIAZIDA COMP 25MG X20 SPEFAR,54430,7590027002819,4.69,3955,VALSARTAN -HIDROCLOROTIAZIDA 160 mg-25 mg TABLETAS RECUBIERTAS,7.82,matched,score=0.750
cobeca,"HIDROCLOROTIAZIDA TAB 12,5MG X30 CR DIST",24419,7598252101727,5.94,2856,"LOSARTAN POTASICO - HIDROCLOROTIAZIDA 50 mg -12,5 mg TABLETAS RECUBIERTAS",9.9,matched,score=0.891
cobeca,"HIDROCLOROTIAZIDA TAB 12,5MG X30 PHARME",53195,7592454004428,7.48,2856,"LOSARTAN POTASICO - HIDROCLOROTIAZIDA 50 mg -12,5 mg TABLETAS RECUBIERTAS",12.47,matched,score=0.891
cobeca,HIDROCLOROTIAZIDA TAB 25MG X10 KMPLUS,54320,6942189304170,1.3,3987,LOSARTAN POTASICO - HIDROCLOROTIAZIDA 100 mg - 25 mg COMPRIMIDOS RECUB,2.17,matched,score=0.755
cobeca,HIDROCOLSONA VIAL+DILUYENT 100MG X1 PROV,52459,8904180217666,1.95,,,,sin_match,no farmaco
cobeca,HIDROCORTISONA CREM 1% 15G KMPLUS,54321,6942189304309,6.16,,,,sin_match,score_bajo
cobeca,HIDROCORTISONA PVO P/SOL 100MG DISTRILAB,28788,7598252001249,3.34,,,,sin_match,score_bajo
cobeca,HIDROCORTISONA SOD PVO INY 500MG CR DIST,23085,7598252101031,5.48,945,HIDROCORTISONA 500 mg POLVO LIOFILIZADO PARA SOLUCION INYECTABLE,9.13,matched,score=0.722
cobeca,HIDROCORTISONA SOL IM/IV 100MG X10 ADN,53233,8906112611320,19.58,,,,sin_match,score_bajo
cobeca,HIDROCORTISONA SOL IM/IV 500MG X1 ADN,53234,8906112611580,6.36,,,,sin_match,score_bajo
cobeca,"HIDROTEN TAB 12,5MG X30 FAR",96218,7591821903791,4.56,4689,"HIDROTEN 12,5 mg TABLETAS",7.6,matched,score=0.681
cobeca,HIERBAS MCCORMICK FRANCESAS 33G,18260,7591141978301,3.88,,,,sin_match,no farmaco
cobeca,HIERBAS MCCORMICK ITALIANAS 20G,18257,7591141100641,3.88,,,,sin_match,no farmaco
cobeca,HIERRO/AC FOLIC GTAS PED 30ML ZUZU,52545,7599608003573,5.27,,,,sin_match,score_bajo
cobeca,HIERRO/AC FOLIC JBE 40/360MCG 120ML ZUZU,52544,7599608003580,5.77,3142,FERGANIC FOLIC 40 mg - 360 mcg / 15 mL JARABE,9.62,matched,score=0.648
cobeca,HIERRO/AC FOLICO 40MG/350MCG X10 VIN,26726,8904187888043,6.61,,,,sin_match,no farmaco
cobeca,HILO DENT COLGATE TOTAL FLUOR/MENTA 25M,91380,7891024183083,3.2,,,,sin_match,score_bajo
cobeca,HILO DENT ICEBERG ENCERADO MENTA,20089,7597297000262,1.18,,,,sin_match,score_bajo
cobeca,HILO DENT ICEBERG ULTRA FLOSS PTFE,51930,7597297001788,1.18,,,,sin_match,score_bajo
cobeca,HIOSCIL TAB REC 10G X10 FMED,51783,8906082152366,2.19,,,,sin_match,sin_candidato
cobeca,HIOSCINA/BUTILBROM AMP IV/IM 20MGX5ALESS,22851,7597758000701,5.34,784,BUTILBROMURO DE HIOSCINA 20 mg / ml SOLUCION INYECTABLE,8.9,matched,score=0.727
cobeca,HIOSCINA/IBUPROF TAB 20/400MG X10 VIN,26717,8904187887831,7.77,4036,ACETAMINOFEN - HIOSCINA N BUTIL BROMURO 500 mg-10mg TABLETAS RE,12.95,matched,score=0.604
cobeca,HIOSCINA/PARACETAM TAB 10MG/325MG X10 HM,52423,0793969044351,3.88,4036,ACETAMINOFEN - HIOSCINA N BUTIL BROMURO 500 mg-10mg TABLETAS RE,6.47,matched,score=0.775
cobeca,HIRUDOID GEL 20G,51445,7751940001291,9.48,1609,HIRUDOID (POLISULFATO DE MUCOPOLISACARIDO) 25.000 UI / 100 g GEL,15.8,matched,score=0.667
cobeca,HIRUDOID GEL 40G COM,9573,7751940001307,13.77,,,,sin_match,score_bajo
cobeca,HIRUDOID PMDA 14G,51444,7751940001314,6.62,,,,sin_match,no farmaco
cobeca,HIRUDOID PMDA 40G COM,6372,7751940001321,13.77,,,,sin_match,score_bajo
cobeca,HISOPOS F&S COTTON A/CYLINDER X100,21236,8693744091186,1.29,,,,sin_match,no farmaco
cobeca,HISOPOS XPERIAN MEDICAL X100,13429,7595803000126,1.89,,,,sin_match,no farmaco
cobeca,"HISTALER JBE PED 0,5MG/ML 60ML VLM",91996,7591020008112,3.51,,,,sin_match,score_bajo
cobeca,HISTALER TAB/REC 5MG X 10,30267,7591020008518,1.7,,,,sin_match,score_bajo
cobeca,HISTIVERT COM 16MG X 30,16043,7891317100063,7.16,5118,HISTIVERT 16 mg COMPRIMIDOS,11.93,matched,score=0.666
cobeca,HISTIVERT COM 24MG X 30,16044,7891317100070,12.61,5119,HISTIVERT 24 mg COMPRIMIDOS,21.02,matched,score=0.666
cobeca,HOJAS D/SEN 5G LYA,25473,7599028000671,1.99,,,,sin_match,no farmaco
cobeca,HOJILLA D/BIST GROSSMED ACERO N11 X 100,30235,7597830003163,8.01,,,,sin_match,no farmaco
cobeca,HOJILLA D/BIST GROSSMED ACERO N20 X 100,30237,7597830003194,8.01,,,,sin_match,no farmaco
cobeca,HOJILLA D/BIST GROSSMED N10 X 100,30234,7597830003255,8.01,,,,sin_match,no farmaco
cobeca,HOJILLA D/BISTURI PLUSMEDIC C/MAN N11X10,52997,7597467002843,25.6,,,,sin_match,no farmaco
cobeca,HOJILLA D/BISTURI PLUSMEDIC C/MAN N12X10,52998,7597467002850,25.6,,,,sin_match,no farmaco
cobeca,HOJILLA D/BISTURI PLUSMEDIC C/MAN N20X10,52999,7597467002867,31.06,,,,sin_match,no farmaco
cobeca,HOJILLA D/BISTURI PLUSMEDIC C/MAN N21X10,53000,7597467002874,25.6,,,,sin_match,no farmaco
cobeca,HOJILLA D/BISTURI PLUSMEDIC C/MAN N24X10,53001,7597467002881,25.6,,,,sin_match,no farmaco
cobeca,HOJILLA D/BISTURI PLUSMEDIC N10 X100,50847,7597467000924,9.16,,,,sin_match,no farmaco
cobeca,HOJILLA D/BISTURI PLUSMEDIC N15 X100,50849,7597467000931,9.16,,,,sin_match,no farmaco
cobeca,HOJILLA D/BISTURI PLUSMEDIC N20 X100,50850,7597467000948,11.12,,,,sin_match,no farmaco
cobeca,HOJILLA D/BISTURI PLUSMEDIC N23 X100,50851,7597467000955,9.16,,,,sin_match,no farmaco
cobeca,HYDRORAL COCO 500ML,51428,7599558000134,4.25,,,,sin_match,no farmaco
cobeca,HYDRORAL FRESA 500ML,51429,7599558000127,3.57,,,,sin_match,no farmaco
cobeca,HYDRORAL PRO + ZINC 500ML BIOF,53564,7599558000233,4.29,,,,sin_match,no farmaco
cobeca,HYDRORAL UVA 500ML,51430,7599558000141,3.57,,,,sin_match,no farmaco
cobeca,IBAMES COMP REC 150MG X1 ALESS,52777,7597758001593,3.87,,,,sin_match,sin_candidato
cobeca,IBANDROMET TAB REC 150MG X1 MEY,97785,7705323123117,9.39,4557,IBANDROMET 150 mg TABLETAS RECUBIERTAS,15.65,matched,score=0.646
cobeca,IBECAR TAB REC 150MG X30 VLM,27009,7591020009294,13.99,5297,IBECAR 150 mg TABLETAS RECUBIERTAS,23.32,matched,score=0.648
cobeca,IBECAR TAB REC 300MG X30 VLM,27010,7591020009317,21.22,5241,IBECAR 300 mg TABLETAS RECUBIERTAS,35.37,matched,score=0.648
cobeca,IBLUFEN TAB 800MG X10 BLUE/M,23883,7598127001275,1.6,6514,IBLUFEN 800 mg TABLETAS,2.67,matched,score=0.726
cobeca,IBUCOLVAL TAB 600MG/4MG X 10,50513,7591020080910,5.97,4656,IBUCOLVAL 600 mg - 4 mg TABLETAS RECUBIERTAS,9.95,matched,score=0.709
cobeca,IBUCOLVAL TAB REC 600MG/4MG X20 VLM,94906,7591020008648,10.81,,,,sin_match,score_bajo
cobeca,IBUCOLVAL TAB/REC 400 MG/4 MG X 10,30197,7591020008044,4.17,,,,sin_match,score_bajo
cobeca,IBUFEN COMP REC 800MG X6 FAHD,54227,7590279000045,4.29,,,,sin_match,score_bajo
cobeca,IBUFENAC CAP 400MG X20 RNV,23089,7592806131048,9.03,1929,IBUFENAC 400 mg CAPSULAS,15.05,matched,score=0.726
cobeca,IBUMAX SUSP/ORAL 100MG/5ML X 60ML,50304,7592454003995,3.84,6246,IBUMAX 100 mg / 5 mL SUSPENSION ORAL,6.4,matched,score=0.651
cobeca,IBUN TAB 600MG X10 COFA,26152,7591818000267,2.73,7283,IBUN 600 mg TABLETAS RECUBIERTAS,4.55,matched,score=0.888
cobeca,IBUN TAB REC 800MG X10 COFA,53061,7591818000502,4.54,6737,IBUN 800 mg TABLETAS RECUBIERTAS,7.57,matched,score=0.617
cobeca,IBUPROF/TIOCO COM/REC 600MG/4MG X10 VARG,29650,7592349001921,5.05,,,,sin_match,sin_candidato
cobeca,IBUPROFEN SUSP 100MG X60ML KIMIC,5567,7592616221014,3.14,,,,sin_match,sin_candidato
cobeca,IBUPROFEN TAB 400MG X10 KIMIC,10908,7592616220017,1.66,,,,sin_match,sin_candidato
cobeca,IBUPROFENO COMP 600MG X10 LETI,3823,7591585177698,6.79,2259,IBUPROFENO 600 mg COMPRIMIDOS RECUBIERTOS,11.32,matched,score=0.922
cobeca,IBUPROFENO COMP 800MG X 10 LETI,50176,7591585277688,10.04,4974,IBUPROFENO 800 mg COMPRIMIDOS,16.73,matched,score=0.922
cobeca,IBUPROFENO SUSP 100MG/5ML 60ML PHARME,24123,7592454003353,3.69,3325,IBUPROFENO 100 mg / 5 mL SUSPENSION,6.15,matched,score=0.864
cobeca,IBUPROFENO SUSP 100MG/5ML 90ML LETI,99047,7591585277701,6.88,3095,IBUPROFENO 100 mg / 5 mL SUSPENSION ORAL,11.47,matched,score=0.879
cobeca,IBUPROFENO TAB 400MG X20 BIOQ,24334,7594000850565,3.74,4474,IBUPROFENO 400 mg TABLETAS,6.23,matched,score=0.922
cobeca,IBUPROFENO TAB 600MG X 10 VARG,29649,7592349001815,3.18,2710,IBUPROFENO 600 mg TABLETAS,5.3,matched,score=0.922
cobeca,IBUPROFENO TAB 600MG X10 FMED,53298,8908020242863,1.3,2259,IBUPROFENO 600 mg COMPRIMIDOS RECUBIERTOS,2.17,matched,score=0.878
cobeca,IBUPROFENO TAB 600MG X10 KMP,53497,6942189304262,2.96,2259,IBUPROFENO 600 mg COMPRIMIDOS RECUBIERTOS,4.93,matched,score=0.878
cobeca,IBUPROFENO TAB 800MG X10 CR LATT,52948,756029628403,2.34,2951,IBUPROFENO 800 mg TABLETAS RECUBIERTAS,3.9,matched,score=0.878
cobeca,IBUPROFENO TAB 800MG X10 PHARME,94013,7592454153928,8.92,2951,IBUPROFENO 800 mg TABLETAS RECUBIERTAS,14.87,matched,score=0.878
cobeca,IBUPROFENO TAB REC 400MG X10 ALESS,27482,7597758000176,1.2,4449,IBUPROFENO - TIOCOLCHICOSIDO 400 mg - 4 mg TABLETAS RECUBIERTAS,2,matched,score=0.612
cobeca,IBUPROFENO TAB REC 400MG X10 CLX,10070,7591519000757,1.47,2343,IBUPROFENO 400 mg TABLETAS RECUBIERTAS,2.45,matched,score=0.800
cobeca,IBUPROFENO TAB REC 400MG X10 PLX,92855,7594001101123,2.55,3244,IBUPROFENO 400 mg TABLETAS RECUBIERTAS ENTERICAS,4.25,matched,score=0.800
cobeca,IBUPROFENO TAB REC 600MG X10 CLX,10263,7591519007107,3.13,3618,IBUPROFENO 600 mg TABLETAS RECUBIERTAS,5.22,matched,score=0.800
cobeca,IBUPROFENO/TIOCOL TAB 400/4MG X10 CLX,94963,7591519008586,5.19,4449,IBUPROFENO - TIOCOLCHICOSIDO 400 mg - 4 mg TABLETAS RECUBIERTAS,8.65,matched,score=0.878
cobeca,IBUPROFENO/TIOCOL TAB 400/4MG X14CR LATT,26616,0756029628281,4.55,4449,IBUPROFENO - TIOCOLCHICOSIDO 400 mg - 4 mg TABLETAS RECUBIERTAS,7.58,matched,score=0.835
cobeca,IBUPROFENO/TIOCOL TAB 600/4MG X10 CR DAC,23146,7598578000247,3.88,4449,IBUPROFENO - TIOCOLCHICOSIDO 400 mg - 4 mg TABLETAS RECUBIERTAS,6.47,matched,score=0.835
cobeca,IBUTAN SUSP 100MG/5ML 60ML MEY,8970,7592601200192,3.97,2305,IBUTAN 100 mg / 5 mL SUSPENSION,6.62,matched,score=0.653
cobeca,IBUTAN SUSP 200MG/5ML 60ML MEY,94585,7592601201205,4.82,4573,IBUTAN 200 mg / 5 mL SUSPENSION,8.03,matched,score=0.653
cobeca,IBUTAN TAB 200MG X10 MEY,4835,7592601200215,1.58,5568,IBUTAN 200 mg TABLETAS,2.63,matched,score=0.696
cobeca,IBUTAN TAB 400MG X10 MEY,8969,7592601200208,2.75,1877,IBUTAN 400 mg TABLETAS,4.58,matched,score=0.696
cobeca,IBUTAN TAB 400MG X20 MEY,92332,7592601201182,5.1,1877,IBUTAN 400 mg TABLETAS,8.5,matched,score=0.696
cobeca,IBUTAN TAB 600MG X10 MEY,127,7592601200536,3.52,4616,IBUTAN 600 mg TABLETAS,5.87,matched,score=0.696
cobeca,IBUTANCOL TAB 400MG/4MG X10 MEY,14204,7592601301783,4.95,4985,IBUTANCOL 400 mg - 4 mg TABLETAS,8.25,matched,score=0.648
cobeca,IBUTANCOL TAB 400MG/4MG X20 MEY,14205,7592601301790,8.91,4985,IBUTANCOL 400 mg - 4 mg TABLETAS,14.85,matched,score=0.648
cobeca,IBUTANCOL TAB 600MG/4MG X10 MEY,95589,7592601001188,6.14,4673,IBUTANCOL 600 mg - 4 mg TABLETAS,10.23,matched,score=0.648
cobeca,IBUTANCOL TAB 600MG/4MG X20 MEY,95590,7592601001195,12.34,4673,IBUTANCOL 600 mg - 4 mg TABLETAS,20.57,matched,score=0.648
cobeca,IBUTANFEM TAB 400MG/20MG X20 MEY,25251,7592601000105,15.13,5460,IBUTANFEM 400 mg - 20 mg TABLETAS RECUBIERTAS,25.22,matched,score=0.687
cobeca,IBUTANFEM TAB 400MG/20MG X30 MEY,25252,7592601000112,22.08,5460,IBUTANFEM 400 mg - 20 mg TABLETAS RECUBIERTAS,36.8,matched,score=0.687
cobeca,IBUTANFEM TAB REC 400/20MG X10 MEY,24737,7592601303121,8.66,,,,sin_match,score_bajo
cobeca,IBUTANMIGRA TAB 400MG/40MG X10 MEY,13472,7592601301622,5.34,,,,sin_match,score_bajo
cobeca,IBUTANMIGRA TAB 400MG/40MG X20 MEY,13473,7592601301653,10.48,,,,sin_match,score_bajo
cobeca,IBUTIL FORTE COM/REC 600MG/8MG X 10,29385,7592806134018,9.3,,,,sin_match,score_bajo
cobeca,IDOXEN CAP LIB/PRO 75MG X 30,29527,7592803002235,29.23,3024,IDOXEN 75 mg CAPSULAS DE LIBERACION PROLONGADA,48.72,matched,score=0.713
cobeca,IDOXEN CAP LP 150MG X10 DLR,5699,7592803001498,19.31,3025,IDOXEN 150 mg CAPSULAS DE LIBERACION PROLONGADA,32.18,matched,score=0.698
cobeca,ILANA OVU 600MG X1 VIV,90470,7592432011523,7.44,4041,ILANA 600 mg CAPSULA BLANDA VAGINAL,12.4,matched,score=0.669
cobeca,ILTUX COMP 20MG X28 ADIUM,93907,7841141002699,11.32,4406,ILTUX 20 mg COMPRIMIDOS RECUBIERTOS,18.87,matched,score=0.740
cobeca,ILTUX COMP REC 40MG X28 ADIUM,93910,7841141002712,18.04,,,,sin_match,score_bajo
cobeca,IMAZOL CREM 20G MEY,1852,7592601100454,5.18,5848,IMAZOL DUAL 500 mg CAPSULA BLANDA VAGINAL + 1 % CREMA VAGINAL,8.63,matched,score=0.739
cobeca,IMAZOL CREM VAG 1% 50G MEY,11070,7592601100621,7.09,5848,IMAZOL DUAL 500 mg CAPSULA BLANDA VAGINAL + 1 % CREMA VAGINAL,11.82,matched,score=0.631
cobeca,IMAZOL DUAL OVU 500MG X1 + CREM 10G MEY,8397,7592601101055,4.66,5848,IMAZOL DUAL 500 mg CAPSULA BLANDA VAGINAL + 1 % CREMA VAGINAL,7.77,matched,score=0.658
cobeca,IMAZOL OVU VAG 500MG X1 MEY,3419,7592601100737,2.99,,,,sin_match,score_bajo
cobeca,IMAZOL PVO 1% 20G MEY,11072,7592601110590,4.58,7376,IMAZOL 1 % POLVO,7.63,matched,score=0.674
cobeca,IMAZOL SOL 20ML MEY,1853,7592601100461,4.81,2669,IMAZOL 1 % SOLUCION TOPICA ATOMIZADOR,8.02,matched,score=0.707
cobeca,IMAZOL SPRAY 1% 25ML MEY,11071,7592601100447,8.57,,,,sin_match,no farmaco
cobeca,IMAZOL TAB VAG X6 MEY,1854,7592601100478,6.17,,,,sin_match,score_bajo
cobeca,IMLASTIN PVO SOL INY 250MG/250MG ZUZU,51384,7599608003108,11.21,,,,sin_match,sin_candidato
cobeca,IMLASTIN PVO SOL INY 500MG/500MG ZUZU,51385,7599608001531,16.3,,,,sin_match,sin_candidato
cobeca,IMMUNE SUPPORT CAP X60 PREV,52139,7598953000169,19.83,,,,sin_match,sin_candidato
cobeca,IMOL COMP REC 20MG X30 DLR,52408,7592803004222,7.32,,,,sin_match,score_bajo
cobeca,IMOL COMP REC 40MG X30 DLR,52409,7592803004239,13.09,,,,sin_match,score_bajo
cobeca,"IMOL HCT COMP REC 20MG/12,5MG X30 DLR",52488,7592803004246,11.11,,,,sin_match,score_bajo
cobeca,INFUSION MC FRUTOS D/BOSQUE X20,16215,7591141989598,3.36,,,,sin_match,no farmaco
cobeca,INFUSION MCCORMICK BUEN PROVECHO X20,17711,7591141410061,3.95,,,,sin_match,no farmaco
cobeca,INFUSION MCCORMICK CURCUMA X20,25175,7591141997975,3.95,,,,sin_match,no farmaco
cobeca,INFUSION MCCORMICK DULC SUEÑO X10,25176,7591141997821,2.1,,,,sin_match,no farmaco
cobeca,INFUSION MCCORMICK DULC SUEÑO X20,17720,7591141410047,3.95,,,,sin_match,no farmaco
cobeca,INFUSION MCCORMICK RELAX X10,25110,7591141997852,2.1,,,,sin_match,no farmaco
cobeca,INFUSION MCCORMICK TE VERD X10,25109,7591141997845,1.94,,,,sin_match,no farmaco
cobeca,INHILAC PVO INH CAP 100/50MCG X60 LETI,52053,7591585110282,48.57,,,,sin_match,score_bajo
cobeca,INHILAC PVO INH CAP 250/50MCG X60 LETI,52054,7591585110299,54.15,,,,sin_match,score_bajo
cobeca,INHILAC PVO INH CAP 500/50MCG X60 LETI,52464,7591585110367,60.55,,,,sin_match,score_bajo
cobeca,INIBIL COMP 20MG X14 DLR,13662,7592803003874,4.54,5070,INIBIL 20 mg COMPRIMIDOS CON CUBIERTA ENTERICA,7.57,matched,score=0.610
cobeca,INIBIL COMP 40MG X14 DLR,13661,7592803003898,5.65,5069,INIBIL 40 mg COMPRIMIDOS CON CUBIERTA ENTERICA,9.42,matched,score=0.610
cobeca,INMUBIOTIC CAP 50 BILL X30 ARCO IRIS,54363,7592946001836,20.79,,,,sin_match,sin_candidato
cobeca,INMUBIOTIC CAP 50B X60 ARC IRIS,51980,7592946001775,28.57,,,,sin_match,sin_candidato
cobeca,INMUNEPLUS CAP X60 PREV,52130,7598953000015,33.5,,,,sin_match,sin_candidato
cobeca,INMUNEX PLUS VAIN LATTE 131G MEG,21968,0612197877770,18.05,,,,sin_match,no farmaco
cobeca,INOSITOL CAP 500MG X100 NOW,28234,0733739004758,22.75,,,,sin_match,sin_candidato
cobeca,INSECT AER BAYGON VERD 235ML,15396,7591005004399,4.05,,,,sin_match,sin_candidato
cobeca,INSECT AER BAYGON VERD 360ML,15382,7591005004405,5.37,,,,sin_match,sin_candidato
cobeca,INSECT AER BAYGON VOLADORES AZUL 360ML,96644,7591005677777,5.46,,,,sin_match,sin_candidato
cobeca,INSECT AER BAYGON VOLADORES DOB/AC 360ML,96643,7591005004221,6.16,,,,sin_match,sin_candidato
cobeca,INSECT AER RAID GOLD RASTREROS 235ML,15392,7591005004160,4.93,,,,sin_match,sin_candidato
cobeca,INSECT AER RAID GOLD RASTREROS 360ML,96645,7591005004153,6.6,,,,sin_match,sin_candidato
cobeca,INSECT AER RAID HOGAR 360ML,15397,7591005677753,5.99,,,,sin_match,sin_candidato
cobeca,INSECT AER RAID MAX 235ML,15393,7591005004375,4.84,,,,sin_match,sin_candidato
cobeca,INSECT AER RAID ZANCUDO/MOSCA 235ML,15394,7591005677746,5.01,,,,sin_match,sin_candidato
cobeca,INSECT AER RAID ZANCUDO/MOSCA 360ML,15372,7591005677739,6.34,,,,sin_match,sin_candidato
cobeca,INSECTIC AER BAYGON AZUL 235ML,15395,7591005677784,4.23,,,,sin_match,sin_candidato
cobeca,INTYPROB PROBIOTICOS/PREBIOTICOS CAP X60,54494,7599740000119,49.35,,,,sin_match,sin_candidato
cobeca,IODOPOVIDONA SPRAY 10% 30ML RECETT,27082,7594001455745,2.13,,,,sin_match,no farmaco
cobeca,IPALAT CREM 20G COFA,10960,7591818114001,5.66,,,,sin_match,score_bajo
cobeca,IPATRIXAIR SOL INH 12ML X200 DOSIS MEG,98381,7730698013695,24.24,4789,FLUTIXAIR 125 mg - 25 mcg / DOSIS SUSPENSION  INHALACION ORAL,40.4,matched,score=0.713
cobeca,IPORET SUSP 40MG/ML 60ML L.O,96800,7591196004253,5.53,,,,sin_match,score_bajo
cobeca,IPROXIN TAB 500MG X12 PLX,91152,7594001100416,6.93,2368,IPROXIN 500 mg TABLETAS RECUBIERTAS,11.55,matched,score=0.888
cobeca,IPROXIN TAB/REC 750MG X10 PLX,54333,7594001102571,6.61,7032,IPROXIN 750 mg TABLETAS RECUBIERTAS,11.02,matched,score=0.648
cobeca,IRBERSARTAN TAB 150MG X30 CR BEL,26610,7591940000173,4.64,,,,sin_match,sin_candidato
cobeca,IRBESARTAN COMP REC 150MG X28 DORO,24260,5375076,17.9,3727,IRBESARTAN 150 mg TABLETAS,29.83,matched,score=0.757
cobeca,IRBESARTAN COMP REC 300MG X28 DORO,24261,5375159,26.92,3690,IRBESARTAN 300 mg TABLETAS,44.87,matched,score=0.757
cobeca,IRBESARTAN TAB 150 MG X 28 CLX,28781,7591519001075,10.23,3924,"IRBESARTAN -HIDROCLOROTIAZIDA 150 mg -12,5 mg TABLETAS",17.05,matched,score=1.000
cobeca,IRBESARTAN TAB 150MG X10 PHARME,94012,7592454002547,6.4,3727,IRBESARTAN 150 mg TABLETAS,10.67,matched,score=0.906
cobeca,IRBESARTAN TAB 150MG X30 PHARME,94010,7592454002554,12.52,3727,IRBESARTAN 150 mg TABLETAS,20.87,matched,score=0.906
cobeca,IRBESARTAN TAB 300 MG X 28 CLX,28779,7591519001082,18.91,3924,"IRBESARTAN -HIDROCLOROTIAZIDA 150 mg -12,5 mg TABLETAS",31.52,matched,score=1.000
cobeca,IRBESARTAN TAB 300MG X10 KMP,54213,0730170649333,6.88,3690,IRBESARTAN 300 mg TABLETAS,11.47,matched,score=0.878
cobeca,IRBESARTAN TAB 300MG X10 PHARME,50766,7592454004084,8.82,3690,IRBESARTAN 300 mg TABLETAS,14.7,matched,score=0.878
cobeca,"IRBESARTAN/HCT COMP 300/12,5MG X28 DORO",24263,5469325,20.06,3924,"IRBESARTAN -HIDROCLOROTIAZIDA 150 mg -12,5 mg TABLETAS",33.43,matched,score=0.721
cobeca,"IRBETIAZID TAB 300/12,5MG X28 MEY",25237,7707355053967,34.12,6464,"IRBETIAZID 150 mg - 12,5 mg TABLETAS",56.87,matched,score=0.730
cobeca,"IRGEM PLUS TAB 300MG/12,5MG X30 GEMA",52662,7598981001602,20.24,6363,IRGEM 300 mg TABLETAS,33.73,matched,score=0.691
cobeca,"IRGEM PLUS TAB 300MG/12,5MGG X10 GEMA",52661,7598981001596,7.23,6363,IRGEM 300 mg TABLETAS,12.05,matched,score=0.670
cobeca,IRGEM TAB 300MG X10 GEMA,52651,7598981001534,2.16,6363,IRGEM 300 mg TABLETAS,3.6,matched,score=0.709
cobeca,IRGEM TAB 300MG X30 GEMA,52652,7598981001541,6.39,6363,IRGEM 300 mg TABLETAS,10.65,matched,score=0.709
cobeca,"ISBELA TAB 2MG/0,035MG X21 VIV",25187,7703153041199,13.34,5360,"ISBELA 2 mg - 0,035 mg TABLETAS RECUBIERTAS",22.23,matched,score=0.640
cobeca,ISOFLURANO LIQ/INH 100% X 100ML ZUZU,50392,7599608001562,80.39,,,,sin_match,no farmaco
cobeca,ISOR TAB 10MG X10 CR 2N,54409,6977234272104,2.08,,,,sin_match,sin_candidato
cobeca,"ISOSPRAY PLUS 0,15%/0,25% 120ML BIOT",51208,7591243826487,5.19,,,,sin_match,no farmaco
cobeca,"ISOSPRAY PLUS 0,15%/0,25% 180ML BIOTECH",99601,7591243826494,5.97,,,,sin_match,no farmaco
cobeca,ISPERIN COM/REC 1MG X 30,50229,7706127003568,8.39,,,,sin_match,sin_candidato
cobeca,ISPERIN COM/REC 2MG X 30,50230,7706127003582,9.65,,,,sin_match,sin_candidato
cobeca,ITISONA CREM 30G PHARME,9412,7592454001182,8.79,,,,sin_match,score_bajo
cobeca,ITRACONAZOL CAP 100MG X 10 FM,28720,8906005117557,2.29,6482,Itraconazol 100 mg Cápsulas,3.82,matched,score=0.878
cobeca,ITRACONAZOL CAP 100MG X10 ALESS,53012,7597758001494,4.2,6482,Itraconazol 100 mg Cápsulas,7,matched,score=0.699
cobeca,ITRACONAZOL CAP 100MG X10 BUKA,53129,021281086262,5.19,6482,Itraconazol 100 mg Cápsulas,8.65,matched,score=0.878
cobeca,"ITRASEC 12 CAP 33,33MG/166,6MG X12 TIAR",52102,198715171839,13.19,7104,"ITRASEC 33,33 mg – 166,66 mg CÁPSULAS",21.98,matched,score=0.654
cobeca,IVAGAN FORTE TAB 650MG X10 BIOTECH,94308,7591243826777,2.55,6928,ATROVERAN FORTE 20mg TABLETAS RECUBIERTAS,4.25,matched,score=0.613
cobeca,IVAGAN FORTE TAB REC 650/1/40MGX25BIOTEC,21170,7591243826814,34.58,,,,sin_match,score_bajo
cobeca,IVANOVA TAB 5MG X30 ZORIAK,52161,7599112000457,12.55,,,,sin_match,sin_candidato
cobeca,IVARALAN TAB 5MG X30 UNIPH,53770,7598852001861,10.26,,,,sin_match,sin_candidato
cobeca,IVERMECTINA TAB 6MG X4 CLX,38094,7591519007121,3.92,3614,IVERMECTINA 6 mg TABLETAS,6.53,matched,score=0.891
cobeca,IVERMECTINA TAB 6MG X4 FC,23691,7593090001697,4.14,3614,IVERMECTINA 6 mg TABLETAS,6.9,matched,score=0.891
cobeca,IZABAN COM 10MG X 30,29953,7591585112729,45.07,6249,IZABAN 10 mg COMPRIMIDOS RECUBIERTOS,75.12,matched,score=0.666
cobeca,IZABAN COM 25MG X 30,30361,7591585112712,49.05,6758,IZABAN DPP 25 mg - 5 mg COMPRIMIDOS RECUBIERTOS,81.75,matched,score=0.659
cobeca,IZABAN DPP COMP REC 25MG/5MG X30 LETI,54207,7591585112941,63.66,,,,sin_match,score_bajo
cobeca,JAB ANTIBACT EVERY NIGHT AVENA 110G,23495,7590005162412,1.41,,,,sin_match,sin_candidato
cobeca,JAB ANTIBACT EVERY NIGHT MANZ 110G,23496,7590005162429,1.41,,,,sin_match,sin_candidato
cobeca,JAB ANTIBACT EVERY NIGHT TROPICAL 110G,23497,7590005162405,1.41,,,,sin_match,sin_candidato
cobeca,JAB ANTISEP SANIDEX 120ML,51940,0658325157505,2.08,,,,sin_match,sin_candidato
cobeca,JAB BARRA BABY DOVE HUMECT ENRIQ 75G,52701,7891150026025,2.04,,,,sin_match,sin_candidato
cobeca,JAB BARRA BABY DOVE HUMECT SENSIB 75G,50205,7891150025998,2.04,,,,sin_match,sin_candidato
cobeca,JAB BARRA DERMAX NEUTRO 90G,51550,0736372096944,3.38,,,,sin_match,score_bajo
cobeca,JAB BARRA LUX ORQUIDEA NEGR 110G,52705,7702006208239,1.31,,,,sin_match,sin_candidato
cobeca,JAB BARRA LUX ROSAS FRANCESAS 110G,52703,7702006208222,1.31,,,,sin_match,sin_candidato
cobeca,JAB BARRA MIMLOT BABY SOFT BABY 90G,53307,7599963000187,0.8,,,,sin_match,sin_candidato
cobeca,JAB BARRA MIMLOT BABY SWEET BABY 90G,53306,7599963000194,0.8,,,,sin_match,sin_candidato
cobeca,JAB BARRA PALMOLIVE CAFE/ALMEN 110G X3,53834,7509546701721,4.83,,,,sin_match,sin_candidato
cobeca,JAB BARRA PALMOLIVE MANDA/ROMERO 110G X3,52033,7509546690254,4.83,,,,sin_match,sin_candidato
cobeca,JAB BARRA PALMOLIVE NEUTRO BALAN 100G X3,51039,7509546693347,5.56,,,,sin_match,score_bajo
cobeca,JAB BARRA PEDI AZUFRADO 100G,27434,7596832000071,2.83,,,,sin_match,sin_candidato
cobeca,JAB BARRA PEDI BORICADO 100G,27435,7596832000088,2.83,,,,sin_match,sin_candidato
cobeca,JAB BARRA PEDI OXIDO D/ZINC 100G,27437,7596832000118,2.83,,,,sin_match,score_bajo
cobeca,JAB BARRA PEDI YODADO 100G,27433,7596832000019,2.83,,,,sin_match,sin_candidato
cobeca,JAB BARRA PROTEX FRESH 110G X3,24560,7702010920622,5.36,,,,sin_match,sin_candidato
cobeca,JAB BARRA PROTEX NUTRI MACADAMIA 110G X3,51902,7702010921391,5.42,,,,sin_match,sin_candidato
cobeca,JAB BARRA PROTEX NUTRI OMEGA 3 110G X3,51903,7702010921292,5.42,,,,sin_match,sin_candidato
cobeca,JAB BIOS PIEL GRAS 90G,17098,7595481000234,2.91,,,,sin_match,sin_candidato
cobeca,JAB BIOS PIEL SEC 90G,17099,7595481000241,3,,,,sin_match,sin_candidato
cobeca,JAB CORP LIQ PALMOLIVE NEUTROBALAN 390ML,27486,7509546059563,6.92,,,,sin_match,sin_candidato
cobeca,JAB CREM AMALFI CHERRY 500ML,22909,8414227057648,6.15,,,,sin_match,sin_candidato
cobeca,JAB CREM AMALFI CREM FRUTOS D/BOSQ 500ML,22910,8414227057655,3.53,,,,sin_match,score_bajo
cobeca,JAB CREM AMALFI SPA 500ML,22919,8414227057747,3.53,,,,sin_match,sin_candidato
cobeca,JAB D/TOCADOR MIMLOT ALMEN TRIPACK 270G,52637,7599963000163,1.6,,,,sin_match,sin_candidato
cobeca,JAB D/TOCADOR MIMLOT ALOE VERA 125G,19904,7599963000019,0.72,,,,sin_match,sin_candidato
cobeca,JAB D/TOCADOR MIMLOT FRESA 90G,23201,7599963000040,0.54,,,,sin_match,score_bajo
cobeca,JAB D/TOCADOR MIMLOT FRESA TRIPACK 270G,52636,7599963000156,1.6,,,,sin_match,score_bajo
cobeca,JAB D/TOCADOR MIMLOT LIMON 125G,19906,7599963000033,0.72,,,,sin_match,score_bajo
cobeca,JAB D/TOCADOR MIMLOT MANZ TRIPACK 375G,52635,7599963000149,2.13,,,,sin_match,sin_candidato
cobeca,JAB D/TOCADOR MIMLOT PEP 90G,23199,7599963000064,0.54,,,,sin_match,sin_candidato
cobeca,JAB DERMOLIMP BIOS NEUTRA 90G,25714,7595481000265,2.91,,,,sin_match,score_bajo
cobeca,JAB DERMOLIMP PALMOLIVE NEUTROBALAN 100G,24863,7509546075013,1.96,,,,sin_match,sin_candidato
cobeca,JAB DOVE BARRA KARITE 90G X 3,30001,7891150046528,5.61,,,,sin_match,sin_candidato
cobeca,JAB DOVE BARRA KARITE/VAINILLA 90G,29842,7891150019560,2.5,,,,sin_match,sin_candidato
cobeca,JAB DOVE BARRA LECHE D/COCO 90G,29860,7891150034075,2.5,,,,sin_match,score_bajo
cobeca,JAB DOVE BLAN 90G,38061,7898422746759,2.04,,,,sin_match,sin_candidato
cobeca,JAB DOVE LECHE D/COCO Y JAZMIN 90G X 3,50026,7702006201346,5.61,,,,sin_match,score_bajo
cobeca,JAB DOVE ORIGINAL 90G X 3,50027,7891150046481,5.61,,,,sin_match,sin_candidato
cobeca,JAB EVERY NIGHT BIO COCO 110G,27121,7590005162436,1.41,,,,sin_match,sin_candidato
cobeca,JAB EVERY NIGHT BIO COLAG COCO 110G X3,53228,7590005162627,3.83,,,,sin_match,sin_candidato
cobeca,JAB EVERY NIGHT BIO MANDARINA 110G,27122,7590005162443,1.41,,,,sin_match,score_bajo
cobeca,JAB EVERY NIGHT BIOCOLAG AVENA 110G X3,27125,7590005162641,3.85,,,,sin_match,sin_candidato
cobeca,JAB EVERY NIGHT BIOCOLAG E/TROPI 110G X3,27124,7590005162634,3.85,,,,sin_match,sin_candidato
cobeca,JAB EVERY NIGHT BIOCOLAG MANZ 110G X3,27123,7590005162658,3.85,,,,sin_match,sin_candidato
cobeca,JAB FACIAL BARRA DERMAX AZUFRE 45G,51553,0736372096975,2.46,,,,sin_match,sin_candidato
cobeca,JAB FACIAL BARRA DERMAX NEUTRO 45G,51551,0736372096951,2.46,,,,sin_match,score_bajo
cobeca,JAB FACIAL GLYCOLICO X 110ML,50360,7591404000497,8.91,,,,sin_match,sin_candidato
cobeca,JAB GEL BIOLACT P/DAMAS 200ML,24355,7595651000422,3.75,,,,sin_match,sin_candidato
cobeca,JAB INTIMO FRIENDS 240ML,28844,7591061640012,4.67,,,,sin_match,sin_candidato
cobeca,JAB INTIMO NIVEA 250ML,50904,4005808538553,6.24,,,,sin_match,sin_candidato
cobeca,JAB INTIMO NOSOTRAS AGUA D/ROSAS 200ML,27788,7702026184445,5.66,,,,sin_match,score_bajo
cobeca,JAB LIQ ANTIBACT DIOXOGEN 240ML,35545,7591309902759,3.95,,,,sin_match,sin_candidato
cobeca,JAB LIQ ANTIBACT PROTEX AVENA 221ML,23887,7702010420313,4.91,,,,sin_match,sin_candidato
cobeca,JAB LIQ BACTERICIDA IODINEX 120ML,51942,7599971000025,6.22,,,,sin_match,sin_candidato
cobeca,JAB LIQ CORP PALMOLIVE SANDIA/LYCH 390ML,53076,7509546676111,6.36,,,,sin_match,sin_candidato
cobeca,JAB LIQ CORP PROTEX AVENA 250ML,51332,7891024114216,4.16,,,,sin_match,sin_candidato
cobeca,JAB LIQ CORP PROTEX MEN 250ML,53438,7891024115862,4.08,,,,sin_match,sin_candidato
cobeca,JAB LIQ NIVEA DIAMOND/ARGAN 500ML,51755,7501054526933,8.13,,,,sin_match,sin_candidato
cobeca,JAB LIQ NIVEA MEN DEEP CLEAN 3EN1 500ML,51756,72140018023,8.16,,,,sin_match,sin_candidato
cobeca,JAB LIQ PALMOLIVE NAT CEREZA/COCO 390ML,27592,7509546078885,6.36,,,,sin_match,score_bajo
cobeca,JAB LIQ PROTEX ALOE 221ML,94322,7702010420320,4.91,,,,sin_match,sin_candidato
cobeca,JAB LIQ SOMHEX 48H 240ML,27602,7596139000507,6.19,,,,sin_match,sin_candidato
cobeca,JAB P/MANOS MIMLOT CRANBERRY 500ML,19908,1180201379330,1.73,,,,sin_match,sin_candidato
cobeca,JAB P/MANOS MIMLOT PLUM 500ML,19910,1180201379323,1.73,,,,sin_match,sin_candidato
cobeca,JAB P/TOCADOR PROTEX AVENA 110G,24076,7702010420337,1.98,,,,sin_match,sin_candidato
cobeca,JAB PALMOLIVE ALOE/OLIVA 110G,28545,7509546676982,1.75,,,,sin_match,sin_candidato
cobeca,JAB PALMOLIVE AVENA AZUCAR MORENA 110G,28544,7509546677019,1.75,,,,sin_match,score_bajo
cobeca,JAB PALMOLIVE BARRA ALOE/OLIVA 110GX3,28855,7509546677026,4.83,,,,sin_match,sin_candidato
cobeca,JAB PALMOLIVE BARRA NEUT/BALAN BABY X90G,50483,7509546655079,2.03,,,,sin_match,sin_candidato
cobeca,JAB PALMOLIVE BARRA POMEGRANATE 110GX3,28856,7509546677057,4.83,,,,sin_match,sin_candidato
cobeca,JAB PALMOLIVE NEUTRO BALANCE DERMO 221ML,27975,7509546059556,5.4,,,,sin_match,score_bajo
cobeca,JAB PROTEX AVENA 100G X6,54377,7702010921681,9.56,,,,sin_match,sin_candidato
cobeca,JAB PROTEX AVENA 110G X3,24442,99176922353,5.36,,,,sin_match,sin_candidato
cobeca,JAB PROTEX BARRA ALOE 110G X 3,28853,099176922391,5.36,,,,sin_match,sin_candidato
cobeca,JAB PROTEX CARBON 110G X3,50289,7509546680644,5.42,,,,sin_match,sin_candidato
cobeca,JAB PROTEX F/MEN SPORT 110G X3,26029,099176922650,5.36,,,,sin_match,sin_candidato
cobeca,JAB PROTEX FRES 110G,19119,7702010420344,1.98,,,,sin_match,sin_candidato
cobeca,JAB PROTEX LIMP PROFU 110G X3,27223,7702010920820,5.36,,,,sin_match,sin_candidato
cobeca,JAB REXONA ANTIBACT AVENA 110G,50022,7702006405669,1.66,,,,sin_match,sin_candidato
cobeca,JAB REXONA ANTIBACT BAMBOO 100G,50025,7702006302081,1.66,,,,sin_match,sin_candidato
cobeca,JAB REXONA ANTIBACT BAMBOO 110G X 3,50021,7702006405683,4.6,,,,sin_match,sin_candidato
cobeca,JAB REXONA ANTIBACT FRESH 110G,50023,7702006405713,1.66,,,,sin_match,sin_candidato
cobeca,JAB REXONA ANTIBACT LIMPIEZA 110G,50024,7702006405690,1.66,,,,sin_match,sin_candidato
cobeca,JAB REXONA ANTIBACT LIMPIEZA 110G X 3,50020,7702006405706,4.6,,,,sin_match,sin_candidato
cobeca,JAB REXONA BARRA ANTIB FRESH 110G X 3,30005,7702006405737,4.6,,,,sin_match,sin_candidato
cobeca,JAB RINTI AZUFRADO 90G,21905,7591635000587,5.4,,,,sin_match,sin_candidato
cobeca,JAB RINTI MEDICADO 90G,52218,7591635000938,6.38,,,,sin_match,sin_candidato
cobeca,JAB/INTIMO AGRADO 500 ML,22138,8433295047115,5.61,,,,sin_match,sin_candidato
cobeca,JABON CHLORHEXIDEX 2% X 250ML,50354,7591404002293,20.16,,,,sin_match,sin_candidato
cobeca,JABON LIQ P/MANOS GEODERM 500ML,50895,8436599450421,22.34,,,,sin_match,sin_candidato
cobeca,JACKS CHICHARRON PICANTE 180G,52081,7591206285436,5.84,,,,sin_match,no farmaco
cobeca,JALZER MET TAB 50MG/850MG X 30,50714,7841141005072,16.72,,,,sin_match,score_bajo
cobeca,JARIT CAP BLD 100MG X30 VIV,26114,7703153035693,37.14,,,,sin_match,score_bajo
cobeca,JENGIBRE JBE 120ML RECETT,16876,7594001450924,4.23,,,,sin_match,sin_candidato
cobeca,JENGIBRE MIEL JBE 120ML ARC IRIS,90421,7592946056003,10,,,,sin_match,score_bajo
cobeca,JENGIBRE MIEL JBE 120ML FC,16813,7593090001185,7.71,,,,sin_match,score_bajo
cobeca,JENGIBRE/BERRO JBE S/AZUCAR X 120ML,28836,7594001455813,4.19,,,,sin_match,score_bajo
cobeca,JENGIBRE/ZINC/VIT C JBE 180 BIOF,51338,7599558000158,7.55,,,,sin_match,score_bajo
cobeca,JER BRIUTCARE EXTRAC D/SANGRE 21 X25,26583,0723592772963,30.84,,,,sin_match,no farmaco
cobeca,JER DESC BRIUTCARE C/AG 10ML X100,24376,0732064573229,31.17,,,,sin_match,no farmaco
cobeca,JER DESC BRIUTCARE C/AG 1ML X100,24377,0732064573120,19.48,,,,sin_match,no farmaco
cobeca,JER DESC BRIUTCARE C/AG 3ML X100,24374,0732064573151,23.38,,,,sin_match,no farmaco
cobeca,JER DESC BRIUTCARE C/AG 5ML X100,24375,0732064573182,23.38,,,,sin_match,no farmaco
cobeca,JER GROSSMED 0.5 C/AGUJ INT 30G 1/2X100,30241,7597830004078,14.18,,,,sin_match,no farmaco
cobeca,JER GROSSMED 1 C/AGUJ INT 30G 1/2X100,30242,7597830004214,10.38,,,,sin_match,no farmaco
cobeca,JER GROSSMED 1 C/AGUJA 27G 1/2 X 100,30243,7597830001541,6.96,,,,sin_match,no farmaco
cobeca,JER GROSSMED 3 C/AGUJA 21G 1 1/2 X 100,30244,7597830001695,6.18,,,,sin_match,no farmaco
cobeca,JER GROSSMED 5 C/AGUJA 21G 1 1/2 X 100,30245,7597830001886,7.16,,,,sin_match,no farmaco
cobeca,JER GROSSMED 60 S/AGUJA TOOMEY X 50,30249,7597830004276,19.95,,,,sin_match,no farmaco
cobeca,JER PLUSMEDIC 10ML 21 1/2 X100,19838,7597467000023,17.64,,,,sin_match,no farmaco
cobeca,JER PLUSMEDIC 1ML 30GX5/16   X100,25348,7597467000481,15.36,,,,sin_match,no farmaco
cobeca,JER PLUSMEDIC 20ML 21 X1 1/2 X50,19839,7597467000016,16.87,,,,sin_match,no farmaco
cobeca,JER PLUSMEDIC 3ML 21 1/2 X100,19840,7597467000047,13.35,,,,sin_match,no farmaco
cobeca,JER PLUSMEDIC 5ML 21 1/2 X100,19841,7597467000030,14.4,,,,sin_match,no farmaco
cobeca,JER PLUSMEDIC PED 3ML 22G 1 X100,50116,7597467000443,14.85,,,,sin_match,sin_candidato
cobeca,JUEGO GEOMETRICO FLEXIBLE 30CM X 4,29636,7453086116890,3.5,,,,sin_match,no farmaco
cobeca,JUEGO GEOMETRICO FLEXIBLE X 3PZA,29635,7453086116883,2.27,,,,sin_match,no farmaco
cobeca,JUEGO GEOMETRICO TRANSPARENTE 30CM X4,29637,7453086116876,1.92,,,,sin_match,no farmaco
cobeca,JUGO VIVO BERRIES S/AZU SOB 7G X10,51598,7802200266193,0.4,,,,sin_match,sin_candidato
cobeca,KADOLEX TAB 25MG X10 ANG/H,27735,7598176000526,6.55,,,,sin_match,sin_candidato
cobeca,KAPET TAB REC 75MG X14 MEY,7826,7592601201137,4.66,,,,sin_match,score_bajo
cobeca,KATIVIL SOL ORAL 1/10ML S/AZU 240ML COFA,51086,7591818000380,9.79,,,,sin_match,score_bajo
cobeca,KATIVIL SOL ORAL 1G/10ML S/AZU 90ML COFA,23963,7591818000205,4.3,,,,sin_match,score_bajo
cobeca,KATIVIL SOL ORAL 1G/10ML S/AZU120ML COFA,21580,7591818716694,5.99,,,,sin_match,score_bajo
cobeca,KATRIN AMP 30MG/ML X 1,50006,7592637007567,7.75,943,KATRIN 30 mg / mL SOLUCION INYECTABLE,12.92,matched,score=0.797
cobeca,KAYIVIS SOL X 10 ML,6514,7592782000352,9.96,5538,KAYIVIS 10 % SOLUCION TOPICA,16.6,matched,score=0.719
cobeca,KAZEPINA PVO PED100MG/5ML NAR 60ML ANG/H,27739,7598677000469,3.39,,,,sin_match,sin_candidato
cobeca,KEGEL TRAINER PLUSONE,28669,843445026507,136.3,,,,sin_match,no farmaco
cobeca,KELAC SOL INY 30MG/ML X1,8261,7594000491218,4.81,574,KELAC 30 mg / mL SOLUCION INYECTABLE,8.02,matched,score=0.797
cobeca,KELAC SOL INY 30MG/ML X3 MEG,95398,7591619000312,9.61,574,KELAC 30 mg / mL SOLUCION INYECTABLE,16.02,matched,score=0.906
cobeca,KELAC TAB SL 30MG X4 MEG,27471,7591619000756,4.55,7186,KELAC 20 mg COMPRIMIDOS,7.58,matched,score=0.631
cobeca,KELFEN CAP 50MG X10 MEG,1518,7591955001660,4.16,2869,KELFEN 50 mg CAPSULAS,6.93,matched,score=0.736
cobeca,KELFEN COMP 100MG X20 MEG,11061,7591955001370,6.49,2457,KELFEN 100 mg COMPRIMIDOS CON CUBIERTA ENTERICA,10.82,matched,score=0.756
cobeca,KEPPRA SOL/ORAL 100MG/MG X 300ML,28896,7441026001979,101.18,,,,sin_match,score_bajo
cobeca,KEPPRA TAB 1000MG X 30,28898,7441026002099,57.87,4364,KEPPRA 1000 mg TABLETAS RECUBIERTAS,96.45,matched,score=0.687
cobeca,KEPPRA TAB 500MG X 30,28897,7441026001986,33.12,4363,KEPPRA 500 mg TABLETAS RECUBIERTAS,55.2,matched,score=0.673
cobeca,KEPRORET JBE 1MG/ML 120ML L.O,26611,7591196006127,8.22,,,,sin_match,score_bajo
cobeca,KERATIUM CAP 300MG X60 NAT PREM,24535,7592430000567,7.29,,,,sin_match,sin_candidato
cobeca,KESITOS MUNCHY 85G,15142,7592708000121,1.01,,,,sin_match,no farmaco
cobeca,KESITOS XXL X 180G,50411,7592708001692,2.1,,,,sin_match,no farmaco
cobeca,KETAZOL CHAMPU 60ML VARG,7281,7592349722949,14.79,2152,KETAZOL 2 % CHAMPU,24.65,matched,score=0.639
cobeca,KETAZOL CREM 15G VARG,6552,7592349429787,4.66,2115,KETAZOL 2 % CREMA,7.77,matched,score=0.607
cobeca,KETAZOL OVU VAG 400MG X3 VARG,7624,7592349430677,13.1,2171,KETAZOL 400 mg OVULOS,21.83,matched,score=0.667
cobeca,KETOBLUX AMP 100MG/2ML X10 BLUE/M,50778,7598127002128,25.97,,,,sin_match,sin_candidato
cobeca,KETOCONAZOL CHAMPU 2% 100ML TIAR,53381,198715184341,10.91,6091,CLINDAMICINA - KETOCONAZOL 100 mg - 400 mg OVULOS VAGINALES,18.18,matched,score=0.704
cobeca,KETOCONAZOL CREM 2% 15G KIMIC,8683,7592616584027,3.7,,,,sin_match,score_bajo
cobeca,KETOCONAZOL CREM 2% 20G PORTU,23727,7750215003817,2.31,,,,sin_match,score_bajo
cobeca,KETOCONAZOL CREM TOP 2% 30G TIAR,53376,198715206036,3.74,,,,sin_match,score_bajo
cobeca,KETODEX TAB ENT 100MG X10 PLX,28361,7594001101154,4.3,5823,KETODEX 100 mg TABLETAS CON RECUBRIMIENTO ENTERICO,7.17,matched,score=0.659
cobeca,"KETOGEL GEL TOP 2,5% 30G TIAR",53372,198715871241,4.68,,,,sin_match,sin_candidato
cobeca,KETOGESIC 10 CAP BLD 100MG X10 PLN,50994,7592348231107,5.79,,,,sin_match,score_bajo
cobeca,KETOMED CHAMPU 100ML MEG,30800,7703332003031,26.62,,,,sin_match,score_bajo
cobeca,KETOPROFENO AMP 100MG X1 COFA,521,7591818131039,2.6,740,KETOPROFENO 100mg / 2 mL SOLUCION INYECTABLE INTRAVENOSA,4.33,matched,score=0.957
cobeca,KETOPROFENO AMP 100MG/2ML X2 LETI,5201,7591585170781,15.23,740,KETOPROFENO 100mg / 2 mL SOLUCION INYECTABLE INTRAVENOSA,25.38,matched,score=0.913
cobeca,KETOPROFENO AMP IV/IM 100MG X10 TIAR,26418,8904187861770,21.26,,,,sin_match,score_bajo
cobeca,KETOPROFENO CAP 100MG X10 ADN,24675,8904159499789,2.42,2536,KETOPROFENO 100 mg CAPSULAS,4.03,matched,score=0.878
cobeca,KETOPROFENO CAP 100MG X10 CLX,21061,7591519000139,3.26,5134,KETOPROFENO 100 mg CAPSULAS,5.43,matched,score=0.922
cobeca,KETOPROFENO CAP 100MG X10 LETI,54274,7591585371997,2.62,3558,KETOPROFENO 100 mg CAPSULAS,4.37,matched,score=0.922
cobeca,KETOPROFENO CAP 100MG X10 MEDV,51778,8906112611917,2.25,2536,KETOPROFENO 100 mg CAPSULAS,3.75,matched,score=0.878
cobeca,KETOPROFENO CAP 100MG X20 CLX,2408,7591519003246,4.83,5134,KETOPROFENO 100 mg CAPSULAS,8.05,matched,score=0.922
cobeca,KETOPROFENO CAP 100MG X20 LETI,8408,7591585171993,7.92,3558,KETOPROFENO 100 mg CAPSULAS,13.2,matched,score=0.922
cobeca,KETOPROFENO CAP 100MG X20 PHARME,4040,7592454154055,5.81,2536,KETOPROFENO 100 mg CAPSULAS,9.68,matched,score=0.878
cobeca,KETOPROFENO COMP REC 100MG X10 PLX,97995,7594001101178,3.94,740,KETOPROFENO 100mg / 2 mL SOLUCION INYECTABLE INTRAVENOSA,6.57,matched,score=0.800
cobeca,"KETOPROFENO GEL 2,5% 50G DIST",52479,7598252001997,8.88,1335,KETOPROFENO 50 mg / mL SOLUCIÓN INYECTABLE,14.8,matched,score=0.752
cobeca,KETOPROFENO TAB REC 100MG X20 PLX,94888,7594001101185,6.15,740,KETOPROFENO 100mg / 2 mL SOLUCION INYECTABLE INTRAVENOSA,10.25,matched,score=0.800
cobeca,KETOREL COM/ORODISP 30MG X 4,29434,7591585117885,7.28,5463,KETOREL 30 mg COMPRIMIDOS ORODISPERSABLE,12.13,matched,score=0.800
cobeca,KETOROLAC SOL IM/IV 30MG/ML X10 ADN,24676,8904187828292,12.57,,,,sin_match,score_bajo
cobeca,KETOROLAC/TROM TAB SUBL 30MGX4 PHARME,22593,7703763791569,4.51,,,,sin_match,score_bajo
cobeca,KETOROLACO AMP 30MG/1ML X 10 CR GM,29479,0736372230157,14.55,1169,KETOROLACO TROMETAMOL 30 mg / mL SOLUCION INYECTABLE,24.25,matched,score=0.848
cobeca,KETOROLACO AMP 30MG/ML X3 TAO,21727,7501125192326,4.49,1180,KETOROLACO TROMETAMINA 30 mg / mL SOLUCION INYECTABLE,7.48,matched,score=0.844
cobeca,KETOROLACO SOL INY 30MG/ML X3 CR CCM,27131,7501384549886,13.42,1180,KETOROLACO TROMETAMINA 30 mg / mL SOLUCION INYECTABLE,22.37,matched,score=0.844
cobeca,KETOROLACO TROMETAMINA TAB 20MG X10 FMED,51770,8908020242887,1.33,3963,KETOROLAC TROMETAMINA 20 mg COMPRIMIDOS,2.22,matched,score=0.825
cobeca,KETOVEN CREM 2% 30G SGG,21560,7596347793581,8.26,,,,sin_match,sin_candidato
cobeca,KEYDOL COMP REC 400MG/4MG X10 MEG,54359,7591619001524,3.92,,,,sin_match,score_bajo
cobeca,KEYDOL COMP REC 400MG/4MG X20 MEG,54358,7591619001531,6.21,,,,sin_match,score_bajo
cobeca,KEYDOL COMP REC 600MG/4MG X10 MEG,54360,7591619001548,5.06,,,,sin_match,score_bajo
cobeca,KEYDOL COMP REC 600MG/4MG X20 MEG,54361,7591619001555,8.78,,,,sin_match,score_bajo
cobeca,KIDCAL SUSP 300MG TUTTI FRUTTI 180ML FAR,5708,7591821102026,9.84,,,,sin_match,score_bajo
cobeca,KINEX TAB 2MG X 30,29990,7501384550189,19.98,,,,sin_match,sin_candidato
cobeca,KIT AVISPA PROTEC LIENDRES/PIOJOS,52195,7591635000976,14.7,,,,sin_match,no farmaco
cobeca,KIT BOLSA D/COMBINACION PLUSMEDIC 2000ML,53132,7597467002829,13.16,,,,sin_match,no farmaco
cobeca,KIT CATETER HEMODIAL PLUSMEDIC FR12 20CM,50859,7597467002300,57.94,,,,sin_match,no farmaco
cobeca,KIT CATETER IV PLUSMEDIC FR7F 20CM,50860,7597467002294,61.45,,,,sin_match,no farmaco
cobeca,KIT CLINICO MASC MANAPLAS,50748,7591161657866,14.99,,,,sin_match,no farmaco
cobeca,KIT D/CUIDADO GENIAL BEBE,27262,7453038489829,10,,,,sin_match,no farmaco
cobeca,KIT P/NEBULIZAR PLUSMEDIC AD,21778,7597467000184,2.41,,,,sin_match,no farmaco
cobeca,KIT P/NEBULIZAR PLUSMEDIC PED,21779,7597467000177,2.41,,,,sin_match,score_bajo
cobeca,KIT RINTI CONSENTIDOR,52201,7591635000969,17.25,,,,sin_match,no farmaco
cobeca,KIT RINTI PREVENTIVO,52203,7591635000952,17.25,,,,sin_match,no farmaco
cobeca,"KIT TINTE DRENE COLOR CAS CLA CAO 5,5 X2",51412,7590005113711,8.89,,,,sin_match,score_bajo
cobeca,KIT TINTE DRENE COLOR RUB/OSC CHOCO 6.53,29708,7590005113889,5.69,,,,sin_match,sin_candidato
cobeca,KIT TINTE DRENE COLOR RUB/OSCURO 6.0,29707,7590005113841,5.69,,,,sin_match,sin_candidato
cobeca,KLAS CAP 100MG X20 ELM,6615,7591062011811,3.26,2136,KLAS 100 mg CAPSULAS,5.43,matched,score=0.888
cobeca,KLAS JBE 120ML ELM,6614,7591062011804,4.13,2137,KLAS 100 mg / 10 mL JARABE,6.88,matched,score=0.706
cobeca,KLAS JBE 60ML ELM,8940,7591062011828,2.78,2137,KLAS 100 mg / 10 mL JARABE,4.63,matched,score=0.734
cobeca,KLINCOSAL SUSP SAB/UVA X 180ML,50512,7591619000695,9.09,,,,sin_match,score_bajo
cobeca,KLINCOSAL TAB MAST 202MG/100MG UVAX30MEG,14447,7591619519111,9.74,,,,sin_match,score_bajo
cobeca,KLINCOSAL TAB/MAST 262MG/100MG FRESA X30,28870,7591619000770,9.74,5289,KLINCOSAL 262 mg - 100 mg TABLETAS MASTICABLES SABOR A FRESA,16.23,matched,score=0.667
cobeca,KOENZYM Q10 CAP 100MG X30 DOLLY,54375,7598928000293,15.21,,,,sin_match,sin_candidato
cobeca,KOMENCY TAB/REC 10MG X 30,50227,7706127000598,10.65,,,,sin_match,score_bajo
cobeca,KOMENCY TAB/REC 20MG X 30,50228,7706127000604,14.36,,,,sin_match,score_bajo
cobeca,"KUARA SOL OFT 0,2% 3ML MEG",14973,7730969307553,9.61,,,,sin_match,score_bajo
cobeca,KURD & CARE PVO SUSP ORAL 250ML,52163,7591616002371,2.83,,,,sin_match,sin_candidato
cobeca,L-ARGININA/L-CITRULINA CAP X30 VAL,23183,617748376276,13.69,,,,sin_match,score_bajo
cobeca,L-CARNITINA CAP 500MG X30 VAL,13149,714439705527,16.6,,,,sin_match,score_bajo
cobeca,L-CARNITINA CAP BLD 500MG X30,25750,0685239846928,10.44,,,,sin_match,score_bajo
cobeca,L-CARNITINA CAP BLD 500MG X60,25751,0685239846935,13.87,,,,sin_match,score_bajo
cobeca,L-CARNITINA SOL ORAL 1G/10ML 120ML FC,20545,7593090001123,7.21,3460,L - CARNITINA 1 g / 10 mL SOLUCION ORAL,12.02,matched,score=0.757
cobeca,L-CARNITINA TAB X 60 ARC IRIS,27172,7592946001140,16.23,,,,sin_match,score_bajo
cobeca,L-GLUTAMINA CAP 500MG X30 VAL,13150,714439705558,11.06,,,,sin_match,score_bajo
cobeca,L-GLUTAMINA CAP X60 NAT PREM,17121,7592430001588,7.3,,,,sin_match,score_bajo
cobeca,L-GLUTAMINA/VIT B12 X 60 HERBAPLANT,28485,7592710005510,13.18,,,,sin_match,no farmaco
cobeca,L-TAURINA CAP 500MG X100 NOW,90963,733739107961,16.75,,,,sin_match,sin_candidato
cobeca,L-TREONATO D/MAGENSIO CAP 670MG X30 VAL,51348,644197336230,34.57,,,,sin_match,sin_candidato
cobeca,LABIAL LABELLO PROT MED REPAIR FPS 15,30022,7501054503637,3.28,,,,sin_match,no farmaco
cobeca,"LABIAL LABELLO PROTEC FRESA 4,8G",30020,7501054507901,3.5,,,,sin_match,no farmaco
cobeca,LABIAL PROTECTOR NEVADA COCO,21897,7591635910275,2.49,,,,sin_match,no farmaco
cobeca,LABIAL PROTECTOR NEVADA MANZ,21896,7591635910268,2.49,,,,sin_match,no farmaco
cobeca,LABIAL PROTECTOR NEVADA NAT,21895,7591635910282,2.49,,,,sin_match,no farmaco
cobeca,LABIAL PROTECTOR NIVEA BLACK BERRY SHINE,26452,4005900764546,3.5,,,,sin_match,no farmaco
cobeca,LABIAL PROTECTOR NIVEA ORIG CARE,21707,7791969850616,3.5,,,,sin_match,no farmaco
cobeca,LACA FIJ AMALFI FUERTE 200ML,17270,8414227687371,6.87,,,,sin_match,no farmaco
cobeca,LACRIDOS SOL OFT 15ML L.O,10944,7591196000286,9.6,,,,sin_match,score_bajo
cobeca,LACRIFORT SOL OFT 15ML L.O,92498,7591196004208,11.01,,,,sin_match,score_bajo
cobeca,LACTBET CAP 3000U X10 BIOT,52649,7591243828993,6.25,3978,LACTBET 3000 U CAPSULAS,10.42,matched,score=0.936
cobeca,"LACTIBON BARRA SYNDET PH3,5 120G",36639,7703281004325,14.29,,,,sin_match,sin_candidato
cobeca,LACTOVAC LACTOBACIL ADIPHILUS 12ML PROBI,18573,7596855000027,5.71,,,,sin_match,no farmaco
cobeca,LACTOVIGOR SAN SIMON PVO 400G,27533,7596914000081,3.76,,,,sin_match,score_bajo
cobeca,LACTOVIGOR SAN SIMON PVO 900G,17902,7591695002095,7.34,,,,sin_match,score_bajo
cobeca,LAFARCAINA PAST MIEL/LIMON X 16,8848,7591062901297,3.62,,,,sin_match,no farmaco
cobeca,LAFARCAINA TAB NAR X16 ELM,28270,7591062901310,3.62,,,,sin_match,score_bajo
cobeca,LAFARCAINA TAB TUTTI FRUTTI X 16,1397,7591062901303,3.62,5618,VITAMINA C 500 mg TABLETAS MASTICABLES SABOR A TUTTI FRUTTI,6.03,matched,score=0.621
cobeca,LAGEMIN TAB DISPER 100MG X10 GEMA,52657,7598981001619,1.78,6390,LAGEMIN 100 mg TABLETAS DISPERSABLES,2.97,matched,score=0.647
cobeca,LAGEMIN TAB DISPER 25MG X10 GEMA,52653,7598981001626,1.21,6366,LAGEMIN 25 mg TABLETAS DISPERSABLES,2.02,matched,score=0.634
cobeca,LAGEMIN TAB DISPER 25MG X30 GEMA,52654,7598981001664,3.01,6366,LAGEMIN 25 mg TABLETAS DISPERSABLES,5.02,matched,score=0.634
cobeca,LAGEMIN TAB DISPER 50MG X10 GEMA,52655,7598981001633,1.25,6365,LAGEMIN 50 mg TABLETAS DISPERSABLES,2.08,matched,score=0.634
cobeca,LAGEMIN TAB DISPER 50MG X30 GEMA,52656,7598981001657,2.92,6365,LAGEMIN 50 mg TABLETAS DISPERSABLES,4.87,matched,score=0.634
cobeca,LAGRICOF SOL OFT 15ML COFA,20806,7591818716861,9.96,,,,sin_match,sin_candidato
cobeca,LAGRIMAS ARTIFICIALES SOL OFT 15ML L.O,5330,7591196002624,8.48,,,,sin_match,sin_candidato
cobeca,LAMEDOR C/ZABILA JBE ADU S/AZUCAR X120ML,28833,7594001455790,5.05,,,,sin_match,score_bajo
cobeca,LAMEDOR C/ZABILA JBE PED 120ML RECETT,97086,7594001451044,4.05,,,,sin_match,sin_candidato
cobeca,LAMEDOR C/ZABILA JBE PED S/AZUCAR X120ML,28834,7594001455806,3.55,,,,sin_match,score_bajo
cobeca,LAMEDOR JBE 120ML CHEM/S,3111,7557956320933,5.82,,,,sin_match,sin_candidato
cobeca,LAMEDOR JBE ADU S/AZUCAR X 120ML,28831,7594001455776,3.55,,,,sin_match,score_bajo
cobeca,LAMEDOR JBE COMPU 120ML CHEM/S,45255,7557956320926,5.82,,,,sin_match,sin_candidato
cobeca,LAMEDOR JBE PED S/AZUCAR X 120ML,28832,7594001455783,3.01,,,,sin_match,score_bajo
cobeca,LAMICTAL COMP 25MG X30 FAR,11119,5010706009271,12.99,7036,LAMICTAL 25 mg TABLETAS DISPERSABLES-MASTICABLES,21.65,matched,score=0.665
cobeca,LAMICTAL TAB MAST 100 MG X30 FARMA,11117,5010706009295,30.86,,,,sin_match,score_bajo
cobeca,LAMICTAL TAB/MAST 50MG X 30,11118,5010706008359,20.06,,,,sin_match,score_bajo
cobeca,"LAMOFLOX SOL OFT 0,5% 5ML DIEMA",52799,7750778000711,13.12,,,,sin_match,score_bajo
cobeca,LAMOTRIGINA TAB 100MG X10 GEAG,25398,8908007037383,4.04,5638,LAMOTRIGINA 100 mg TABLETAS RECUBIERTAS,6.73,matched,score=0.878
cobeca,LAMOTRIGINA TAB 100MG X30 CR LATT,23029,0720524031006,7.79,5638,LAMOTRIGINA 100 mg TABLETAS RECUBIERTAS,12.98,matched,score=0.878
cobeca,LAMOTRIGINA TAB AD 100MG X28 CR CCM,20096,7501384544003,7.88,7212,LAMOTRIGINA 100 mg TABLETAS DE LIBERACION PROLONGADA,13.13,matched,score=0.662
cobeca,LAMPRAL SOL/INY 4MG/2ML X2 AMP BIOTECH,54482,7591243829242,4.05,1384,LAMPRAL 4 mg / 2 mL SOLUCION INYECTABLE,6.75,matched,score=0.629
cobeca,LANCERAN SOL ORAL 5MG/5ML 120ML BIOQ,50196,7594000850237,4.91,,,,sin_match,sin_candidato
cobeca,LANCETAS BLESS EXTRAIBLES 30G X 100,50118,7597467002454,4.67,,,,sin_match,no farmaco
cobeca,LANCETERO LANCING DEVICE GE X1,25765,883489000743,6.21,,,,sin_match,no farmaco
cobeca,LANOLZINC PMDA TUBO 60G VLM,4414,7591020001328,8.16,,,,sin_match,no farmaco
cobeca,LANSOPRAZOL CAP 30MG X28 CLX,10462,7591519001624,7.64,2490,LANSOPRAZOL 30 mg CAPSULAS,12.73,matched,score=0.902
cobeca,LANTUS SOLOSTAR 3ML/100UI X1CART CLX,11555,3582910023623,46.97,,,,sin_match,no farmaco
cobeca,LANTUS VIAL 100UI 10ML X1 CLX,3601,7591044106245,53.06,,,,sin_match,no farmaco
cobeca,LANZADOR MED 20 DARDOS,29589,6920220629093,95.6,,,,sin_match,no farmaco
cobeca,LANZADOR MED 6 DARDOS,29590,6920220629109,36.87,,,,sin_match,no farmaco
cobeca,LAPICES BICOLOR SOLITA X12,54204,7591147022848,3.43,,,,sin_match,no farmaco
cobeca,LAPICES COLORES SOLITA PLAST X12,15559,7591147020486,2.85,,,,sin_match,no farmaco
cobeca,"LAPICES D/COLORES BAMBARY HEAXGON 7""X12",29631,7453086116487,3.85,,,,sin_match,no farmaco
cobeca,"LAPICES D/COLORES BAMBARY HEXAGON 7""X24",29633,7453086116494,8.58,,,,sin_match,no farmaco
cobeca,LAPICES D/COLORES BAMBARY MIN/TRIANG X12,29629,7453086108727,1.58,,,,sin_match,no farmaco
cobeca,LAPICES D/COLORES SOLITA PREMIUM X12,53160,7591147023180,5.65,,,,sin_match,no farmaco
cobeca,LAPICES D/COLORES SOLITA PREMIUM X24,53161,7591147023166,11.33,,,,sin_match,no farmaco
cobeca,LAPICES D/COLORES SOLITA PREMIUM X36,53162,7591147023173,16.99,,,,sin_match,no farmaco
cobeca,LAPICES D/COLORES X36,20601,7591147205364,8.14,,,,sin_match,no farmaco
cobeca,LAPIZ D/COL BORRABLES X12,26773,7591147022831,3.64,,,,sin_match,no farmaco
cobeca,LAPIZ JUMBO D/COL TRIANG C/SAC,26749,7453086116524,10.5,,,,sin_match,no farmaco
cobeca,LAPIZ JUMBO D/COL TRIANGULARES X12,26772,7591147020707,9.62,,,,sin_match,no farmaco
cobeca,LAPIZ SOLITA GRAFITO HEXAGONAL X12,16705,7591147020509,2.58,,,,sin_match,no farmaco
cobeca,LASIX COMP 40MG X12 CLX,2064,7591519317619,5.4,,,,sin_match,score_bajo
cobeca,"LATACOF DUO SOL OFT 2,5ML COFA",20801,7591818716809,13.32,,,,sin_match,score_bajo
cobeca,"LATACOF SOL OFT 2,5ML COFA",20800,7591818716793,15.84,,,,sin_match,sin_candidato
cobeca,LAVAP CREM AXION BICARBONATO 7EN1 450G,53440,7509546698748,3.86,,,,sin_match,score_bajo
cobeca,LAVAP CREM AXION M/USO 450G,17773,7591083018608,3.56,,,,sin_match,sin_candidato
cobeca,LAVAP LIQ AXION BICARBONATO 7EN1 750ML,53439,7509546697468,7.46,,,,sin_match,no farmaco
cobeca,LAVAP LIQ AXION LIMON 400ML,22063,7509546017143,4.43,,,,sin_match,no farmaco
cobeca,LAVAP LIQ AXION LIMON 750ML,36552,7509546051932,7.46,,,,sin_match,no farmaco
cobeca,LAVAP LIQ VENSOL MARACUYA 500ML,52929,7592291001246,2.89,,,,sin_match,no farmaco
cobeca,LAVAPLATOS AXION CREM LIMON X850G,28859,7702010382147,6.12,,,,sin_match,score_bajo
cobeca,LAVAPLATOS BRISOL LIQ X 825ML,28860,7509546680637,7.13,,,,sin_match,no farmaco
cobeca,LAXALIX TAB LR 5MG X100 PORTU,27071,7750215022184,11.48,,,,sin_match,sin_candidato
cobeca,LAXOPRO COMP REC 5MG X10 DISK,24980,0793869810407,2.03,,,,sin_match,score_bajo
cobeca,LECHE CONDENSADA TIGO LATA 395G,51668,7598986000853,2.69,,,,sin_match,no farmaco
cobeca,LECHE CONDESADA NESTLE AZUCARADA 395G,96497,7891000107263,3.85,,,,sin_match,no farmaco
cobeca,LECHE DESCREM PVO SVELTY 400G,53803,7591016206508,9.69,,,,sin_match,score_bajo
cobeca,LECHE DESLACTO NIDO FORTICRECE 800G,51782,8445291395442,25.53,,,,sin_match,no farmaco
cobeca,LECHE EVAPORADA CARNATION 395G,21542,7613036653404,3.3,,,,sin_match,no farmaco
cobeca,LECHE EVAPORADA TIGO LATA 354ML,51669,7598986000457,2.63,,,,sin_match,no farmaco
cobeca,LECHE LA CAMPESINA COMP HIERRO/VIT 400G,29419,7591016206157,8.24,,,,sin_match,score_bajo
cobeca,LECHE LA CAMPESINA COMPLE HIERRO/VIT800G,24764,7591016205716,14.27,,,,sin_match,no farmaco
cobeca,LECHE LA CAMPESINA PVO NUTRIRINDE X 400G,50545,7591016205914,5.32,,,,sin_match,score_bajo
cobeca,LECHE LIMP FACIAL DERNIER 120ML,25901,7598084000663,5.01,,,,sin_match,no farmaco
cobeca,LECHE LIMP FACIAL VERABELL 200ML,54441,7599561000152,6.43,,,,sin_match,no farmaco
cobeca,LECHE LIMP LIVING C/AC LACTICO 120ML,29281,7591570000116,4.54,,,,sin_match,no farmaco
cobeca,LECHE MAGNESIA SALUDX SUSP ORAL X 100ML,28594,7894164009664,3.74,,,,sin_match,score_bajo
cobeca,"LECHE MAGNESIA SUSP ORAL 8,5G 120ML BIOF",19534,7591616000902,6.01,1501,"LECHE DE MAGNESIA 8,5 % SUSPENSION SABOR ORIGINAL",10.02,matched,score=0.670
cobeca,LECHE MAGNESIA SUSP ORAL MENTA120ML BIOF,23784,7591616002005,6.01,1501,"LECHE DE MAGNESIA 8,5 % SUSPENSION SABOR ORIGINAL",10.02,matched,score=0.613
cobeca,LECHE NIDO 1+ DESLACT LATA 800G,54500,7506475127738,24.44,,,,sin_match,no farmaco
cobeca,LECHE PVO SAN SIMON COMPLE 125G,25522,7596914000364,2.65,,,,sin_match,score_bajo
cobeca,LECHE PVO SAN SIMON COMPLE 400G,21499,7596914000371,7.69,,,,sin_match,score_bajo
cobeca,LECHE PVO SAN SIMON COMPLE 900G,20355,7596914000388,15.5,,,,sin_match,score_bajo
cobeca,LECHE PVO SAN SIMON SEMIDES DESLACT 400G,51905,7596914000920,8.88,,,,sin_match,score_bajo
cobeca,LECHE PVO SAN SIMON SEMIDESCREM 900G,53452,7596914000982,18.19,,,,sin_match,score_bajo
cobeca,LECHE SAN SIMON DESCREM 400G,26614,7596914000357,8.19,,,,sin_match,no farmaco
cobeca,LECHE SAN SIMON SEMIDESCREM 400G,17892,7596914000036,8,,,,sin_match,no farmaco
cobeca,LECHE SVELTY C/COLAG DESCREM S/LACT 500G,54378,7613037057416,18.79,,,,sin_match,no farmaco
cobeca,LECHE SVELTY SEMIDESCREM 400G,15081,7591016203606,9.3,,,,sin_match,no farmaco
cobeca,LECHE UHT SAN SIMON DESCREM 1L,17903,7596914000265,3.11,,,,sin_match,no farmaco
cobeca,LECHE UHT SAN SIMON DESLACTO 1L,17905,7596914000272,3.13,,,,sin_match,no farmaco
cobeca,LECHE UHT SAN SIMON ENTERA 1L,17904,7596914000258,3.12,,,,sin_match,no farmaco
cobeca,LECITHIN CAP 1200MG X100 NOW,6790,733739100139,22,,,,sin_match,sin_candidato
cobeca,LEFLUNOMIDA TAB 20MG X30 CR MT,27622,8904278593047,18.64,2715,ARAVA 20 mg TABLETAS RECUBIERTAS,31.07,matched,score=0.730
cobeca,LEJIA TAPA AMARILLA JABONOSA X 1L,29689,7592632959243,2.05,,,,sin_match,no farmaco
cobeca,LENTE DELTAPLUS SEGURIDAD CLA,21223,3295249122768,5.99,,,,sin_match,no farmaco
cobeca,LENTES D/CONTACTO RADIANCE AVELL X2,24943,7597906400032,6.6,,,,sin_match,no farmaco
cobeca,LENTES D/CONTACTO RADIANCE GRIS X2,24941,7597906400018,6.6,,,,sin_match,no farmaco
cobeca,LENTES D/CONTACTO RADIANCE MIEL X2,24944,7597906400049,6.6,,,,sin_match,no farmaco
cobeca,LENTES D/CONTACTO RADIANCE VERD X2,24942,7597906400025,6.6,,,,sin_match,no farmaco
cobeca,"LENTES D/LECTURA OPTIKO 102023 AZUL +1,5",54070,7593147822060,6.63,,,,sin_match,no farmaco
cobeca,"LENTES D/LECTURA OPTIKO 102023 AZUL +2,0",54071,7593147822077,6.63,,,,sin_match,no farmaco
cobeca,"LENTES D/LECTURA OPTIKO 102023 AZUL +2,5",54072,7593147822084,6.63,,,,sin_match,no farmaco
cobeca,"LENTES D/LECTURA OPTIKO 102023 AZUL +3,0",54073,7593147822091,6.63,,,,sin_match,no farmaco
cobeca,"LENTES D/LECTURA OPTIKO 102041 GRIS +1,5",54082,7593147821896,6.63,,,,sin_match,no farmaco
cobeca,"LENTES D/LECTURA OPTIKO 102041 GRIS +2,0",54083,7593147821902,6.63,,,,sin_match,no farmaco
cobeca,"LENTES D/LECTURA OPTIKO 102041 GRIS +2,5",54084,7593147821919,6.63,,,,sin_match,no farmaco
cobeca,"LENTES D/LECTURA OPTIKO 102041 GRIS +3,0",54085,7593147822145,6.63,,,,sin_match,no farmaco
cobeca,"LENTES D/LECTURA OPTIKO 102041 NEGR +1,5",54078,7593147821865,6.63,,,,sin_match,no farmaco
cobeca,"LENTES D/LECTURA OPTIKO 102041 NEGR +2,0",54079,7593147821872,6.63,,,,sin_match,no farmaco
cobeca,"LENTES D/LECTURA OPTIKO 102041 NEGR +3,0",54081,7593147822138,6.63,,,,sin_match,no farmaco
cobeca,"LENTES D/LECTURA OPTIKO 127073 BURG +1,5",54086,7593147822039,6.63,,,,sin_match,no farmaco
cobeca,"LENTES D/LECTURA OPTIKO 127073 BURG +2,0",54087,7593147822046,6.63,,,,sin_match,no farmaco
cobeca,"LENTES D/LECTURA OPTIKO 127073 BURG +2,5",54088,7593147822053,6.63,,,,sin_match,no farmaco
cobeca,"LENTES D/LECTURA OPTIKO 127073 BURG +3,0",54089,7593147822381,6.63,,,,sin_match,no farmaco
cobeca,LENTOCILIN AMP 6.3.3 X1 DORO,51060,5600360011798,9.74,4512,LENTOCILIN 6.3.3 POLVO PARA SUSPENSION INYECTABLE,16.23,matched,score=0.929
cobeca,LEOVAL TAB 500MG X30 FC PHARMA,54536,7593090003493,17.73,,,,sin_match,sin_candidato
cobeca,LEPRIT TAB 25MG X30 PHARME,11553,7703763363063,8.67,4066,LEPRIT 25 mg TABLETAS,14.45,matched,score=0.797
cobeca,LEPTAZINE COMP 10MG X24 MEG,5079,7591955000977,8.18,1834,LEPTAZINE 10 mg COMPRIMIDOS,13.63,matched,score=0.859
cobeca,LEPTAZINE COMP 5MG X30 MEG,5080,7591955000953,6.1,1806,LEPTAZINE 5 mg COMPRIMIDOS,10.17,matched,score=0.906
cobeca,LERCANIDIPINA CLORH COMP REC 10MGX30 GNV,14417,7591585272652,27.31,,,,sin_match,score_bajo
cobeca,LERCANIDIPINA COMP REC 10MG X30 VARG,53051,7592349002997,13.61,6373,LERCANIDIPINA CLORHIDRATO - ENALAPRIL MALEATO 10 mg - 10 mg COMPRIMIDOS RECUBIERTOS,22.68,matched,score=0.704
cobeca,LERCANIDIPINA COMP REC 20MG X30 VARG,53052,7592349003154,19.04,6374,LERCANIDIPINA CLORHIDRATO – ENALAPRIL MALEATO 10 mg – 20 mg COMPRIMIDOS RECUBIERTOS,31.73,matched,score=0.704
cobeca,LERCANIDIPINA HCL COMP REC 20MG X10 LETI,97121,7591585172662,7.1,,,,sin_match,score_bajo
cobeca,LERCANIDIPINA HCL COMP REC 20MG X30 LETI,52341,7591585272669,30.39,,,,sin_match,score_bajo
cobeca,LERCANIDIPINO TAB REC 10MG X30 CLX,51323,7591519001693,12.43,6708,LERCANIDIPINO CLOHIDRATO 10 mg TABLETAS RECUBIERTAS,20.72,matched,score=0.737
cobeca,LERCANIDIPINO TAB REC 20MG X30 CLX,51324,7591519001723,17.32,6961,LERCANIDIPNO 20 mg TABLETAS RECUBIERTAS,28.87,matched,score=0.722
cobeca,LESTECOL TAB REC 20MG X30 BIOTECH,91318,7591243830057,8.77,,,,sin_match,score_bajo
cobeca,LESTECOL TAB REC 40MG X30 BIOTECH,91315,7591243830088,12.99,,,,sin_match,score_bajo
cobeca,LETISAN CAP 500MG X10 LETI,19532,7591585314864,4.68,3193,LETISAN 500 mg COMPRIMIDOS RECUBIERTOS DE ACCION PROLONGADA,7.8,matched,score=0.706
cobeca,LETISAN CAP 500MG X30 LETI,99231,7591585414861,11.41,3193,LETISAN 500 mg COMPRIMIDOS RECUBIERTOS DE ACCION PROLONGADA,19.02,matched,score=0.706
cobeca,LETISAN COM/REC 1000MG X 30,50408,7591585114976,12.42,,,,sin_match,score_bajo
cobeca,LETISAN GTS PED 20ML LETI,2121,7591585114884,13.16,,,,sin_match,score_bajo
cobeca,LETISAN SOL ORAL 100MG/ML 120ML LEIT,1461,7591585214881,10.84,,,,sin_match,score_bajo
cobeca,LETISAN TAB MAST 500MG FRUTAS X10 LETI,13533,7591585514875,4.74,,,,sin_match,score_bajo
cobeca,LETISAN TAB/MAST 500MG UVA X 10,50523,7591585514851,10.59,,,,sin_match,score_bajo
cobeca,"LETROZOL TAB REC 2,5MG X30 CR MT",53401,8908000942653,10.26,4267,"LETROZOL 2,5 mg TABLETAS RECUBIERTAS",17.1,matched,score=0.805
cobeca,LEVADURA D/CERVEZA CAP 500MGX60 ARC IRIS,20278,7592946169918,13.64,,,,sin_match,sin_candidato
cobeca,LEVAMOX TAB 750MG X10 FC,20350,7593090002427,13.09,5812,LEVAMOX 750 mg TABLETAS RECUBIERTAS,21.82,matched,score=0.825
cobeca,LEVETIRACETAM JBE 100MG/ML 300ML DORO,25143,5383658,30.19,,,,sin_match,score_bajo
cobeca,LEVETIRACETAM TAB 1000MG X10 MED/SUP,22410,0731299120772,10.22,5179,LEVETIRACETAM 1000 mg COMPRIMIDOS RECUBIERTOS,17.03,matched,score=0.932
cobeca,LEVETIRACETAM TAB REC 500MG X30 CLEO,25661,7598677000094,10.95,6475,LEVETIRACETAM 500 mg TABLETAS RECUBIERTAS,18.25,matched,score=0.757
cobeca,LEVOFERIN JBE 30MG/5ML 90ML VIN,16515,7592782000741,9.75,,,,sin_match,score_bajo
cobeca,LEVOFLOXACINA COMP REC 500MG X10 GVN,52744,7591585379757,15.68,3694,LEVOFLOXACINA 500 mg TABLETAS RECUBIERTAS,26.13,matched,score=0.733
cobeca,LEVOFLOXACINA INF INY 500MG/100ML BLUE/M,26369,6939364641229,1.51,899,LEVOFLOXACINA 500 mg/100mL SOLUCION PARA INFUSION INTRAVENOSA,2.52,matched,score=0.716
cobeca,LEVOFLOXACINA INF INY 500MG/100ML CRDIST,21338,7598252101062,2.75,899,LEVOFLOXACINA 500 mg/100mL SOLUCION PARA INFUSION INTRAVENOSA,4.58,matched,score=0.653
cobeca,LEVOFLOXACINA TAB 500MG X10 ANG/H,20428,7598176000038,8.12,3012,LEVOFLOXACINA 500 mg COMPRIMIDOS RECUBIERTOS,13.53,matched,score=0.855
cobeca,LEVOFLOXACINA TAB 500MG X10 BLUE/M,23530,6972718560050,8.13,3012,LEVOFLOXACINA 500 mg COMPRIMIDOS RECUBIERTOS,13.55,matched,score=0.855
cobeca,LEVOFLOXACINA TAB 500MG X10 CR DIST,22269,7598252101178,4.65,3012,LEVOFLOXACINA 500 mg COMPRIMIDOS RECUBIERTOS,7.75,matched,score=0.855
cobeca,LEVOFLOXACINA TAB 750MG X5 CLX,19718,7591519317329,9.14,6290,LEVOFLOXACINA 750 mg TABLETAS RECUBIERTAS,15.23,matched,score=0.855
cobeca,LEVOFLOXACINA TAB 750MG X7 CR LATT,23030,0720524031044,3.9,6290,LEVOFLOXACINA 750 mg TABLETAS RECUBIERTAS,6.5,matched,score=0.855
cobeca,LEVOFLOXACINA TAB REC 500MG X10 BIU,26132,8901463129821,3.09,3694,LEVOFLOXACINA 500 mg TABLETAS RECUBIERTAS,5.15,matched,score=0.733
cobeca,LEVOFLOXACINA TAB REC 500MG X7 PHARME,24405,7703763720187,8.42,3694,LEVOFLOXACINA 500 mg TABLETAS RECUBIERTAS,14.03,matched,score=0.733
cobeca,LEVOFLOXACINA TAB REC 750MG X10 CR DIST,24415,7598252001874,9.71,6290,LEVOFLOXACINA 750 mg TABLETAS RECUBIERTAS,16.18,matched,score=0.733
cobeca,LEVOFLOXACINO COMP 500MG X7 RNV,54340,7592806137118,3.96,4584,LEVOFLOXACINO 500 mg TABLETAS RECUBIERTAS,6.6,matched,score=0.878
cobeca,LEVOFLOXACINO COMP 750MG X5 RNV,54341,7592806137125,5.29,4585,LEVOFLOXACINO 750 mg TABLETAS RECUBIERTAS,8.82,matched,score=0.878
cobeca,LEVOFLOXACINO TAB 500MG X10 CLX,53634,7591519002980,9.94,4584,LEVOFLOXACINO 500 mg TABLETAS RECUBIERTAS,16.57,matched,score=0.878
cobeca,LEVOFLOXACINO TAB REC 500MG X5 ADN,53252,8906109691236,3,4584,LEVOFLOXACINO 500 mg TABLETAS RECUBIERTAS,5,matched,score=0.757
cobeca,LEVOFLOXACINO TAB REC 500MG X5 CLX,8051,7591519005905,5.45,4584,LEVOFLOXACINO 500 mg TABLETAS RECUBIERTAS,9.08,matched,score=0.757
cobeca,LEVOFLOXACINO TAB REC 750MG X5 ADN,53251,8906109691250,4.87,4585,LEVOFLOXACINO 750 mg TABLETAS RECUBIERTAS,8.12,matched,score=0.757
cobeca,"LEVONORGESTREL TAB 1,5MG X1 GEAG",50305,8906120990097,3.11,6111,"LEVONORGESTREL 1,5 mg TABLETAS RECUBIERTAS",5.18,matched,score=0.891
cobeca,"LEVONORGESTREL TAB 1,5MG X1 HM",52433,0736372692191,3.88,6111,"LEVONORGESTREL 1,5 mg TABLETAS RECUBIERTAS",6.47,matched,score=0.891
cobeca,"LEVONORGESTREL TAB 1,5MG X1 TIAR",26404,8904250521037,3.77,6111,"LEVONORGESTREL 1,5 mg TABLETAS RECUBIERTAS",6.28,matched,score=0.891
cobeca,"LEVONORGESTREL TAB REC 1,5MG X1 BRIUT",54273,645748578116,3.12,,,,sin_match,score_bajo
cobeca,LEVOPRIDE COMP 25MG X 30,29747,7593090002564,7.03,6341,LEVOPRIDE 25 MG COMPRIMIDOS,11.72,matched,score=0.775
cobeca,LEVORAT SOL ORAL 5MG/ML 30ML L.O,28338,7591196006318,8.83,5260,LEVORAT 5 mg / mL SOLUCION ORAL,14.72,matched,score=0.635
cobeca,LEVORAT TAB REC 5MG X10 L.O,99352,7591196004758,7.32,,,,sin_match,score_bajo
cobeca,LEVOSULPIRIDA TAB 25MG X30 CLX,53039,7591519001990,6.08,6618,LEVOSULPIRIDA 25 mg TABLETAS,10.13,matched,score=0.902
cobeca,LEVOSULPIRIDE TAB 25MG X30 PHARME,23223,7592454889995,6.78,4029,LEVOSULPIRIDE 25 mg TABLETAS,11.3,matched,score=0.797
cobeca,LEVOTEC SOL IV 5MG/ML 500MG 100ML BHR,8827,7592637008113,5.82,,,,sin_match,score_bajo
cobeca,LEVOTEC SOL IV 750MG 150ML BHR,13385,7592637007901,11.58,,,,sin_match,score_bajo
cobeca,LEVOTIROXINA SOD TAB 100MCG X10 CR DIST,22840,7598252101352,2.75,5546,LEVOTIROXINA SODICA 100 mcg TABLETAS,4.58,matched,score=0.687
cobeca,LEVOTIROXINA SOD TAB 100MCG X50 ALESS,21409,7597758000497,7.1,5546,LEVOTIROXINA SODICA 100 mcg TABLETAS,11.83,matched,score=0.652
cobeca,LEVOTIROXINA SOD TAB 100MCG X50 CR DIST,54490,7598252002239,4.96,5546,LEVOTIROXINA SODICA 100 mcg TABLETAS,8.27,matched,score=0.687
cobeca,LEVOTIROXINA SOD TAB 50MCG X50 ALESS,21408,7597758000480,5.78,5996,LEVOTIROXINA SODICA 50 mcg TABLETAS,9.63,matched,score=0.662
cobeca,LEXYN SOL ORAL 5/30MG/5ML CER 100ML LETI,52334,7591585217479,11.13,,,,sin_match,score_bajo
cobeca,"LIBERDUX JBE 2,5MG/5ML 60ML MEY",24254,7592601000129,5.87,,,,sin_match,score_bajo
cobeca,"LIBERDUX SOL ORAL 2,5MG/5ML 60ML MEY",26007,7592601000136,5.78,,,,sin_match,score_bajo
cobeca,LIBERDUX TAB 5MG X 10 MEYER,28647,7592601000259,3.06,,,,sin_match,score_bajo
cobeca,LIBRETA CARIBE EMPAST MIX U/LINEA 100H,23582,7591175057744,1.83,,,,sin_match,no farmaco
cobeca,LIBRETA CARIBE JEANS DOB/ARGOLLA 6MX168H,29634,7591175023886,7.28,,,,sin_match,no farmaco
cobeca,LIBRETA CRISVI EMPAST D/LINEA,21105,7707188181370,1.83,,,,sin_match,no farmaco
cobeca,LIDOCAINA AMP 2%/2ML INTRAD X5 GMEDIC,29478,0736372230171,12.21,633,LIDOCAINA - EPINEFRINA 2 % - 1:50.000 SOLUCION INYECTABLE,20.35,matched,score=0.675
cobeca,"LIDOCAINA C/ADRENALINA AMP 1,8MLX50 TIAR",26417,8904187858787,47.79,1334,Lidocaina 2% con Adrenalina 1: 80.000 Solución Inyectable,79.65,matched,score=0.870
cobeca,LIDOCAINA GEL TOP 2% 35G TIAR,53373,198715320800,6.78,,,,sin_match,score_bajo
cobeca,LIDOCAINA SOL INY 2% 30ML X1 ALESS,20398,75971281,5.23,,,,sin_match,score_bajo
cobeca,LIDOMED CREM 5% 30G PHAR,51079,7598750000331,10.09,,,,sin_match,sin_candidato
cobeca,LIDOMED JAL 2% 30G PHAR,51080,7598750000324,9.29,,,,sin_match,no farmaco
cobeca,LIDOMED SPRAY 10% 115ML PHAR,51078,7598750000287,20.69,,,,sin_match,no farmaco
cobeca,LIMIAR CAP BLD 150MG X30 EURO,51278,7891317020828,16.27,,,,sin_match,score_bajo
cobeca,LIMONADA LAXANTE 240ML BIOF,51357,7591616002326,5.16,,,,sin_match,no farmaco
cobeca,LIMP AER PRIDE NAR 360ML,15401,7591005005112,6.16,,,,sin_match,sin_candidato
cobeca,LIMP AER PRIDE NAT 360ML,15621,7591005004023,6.16,,,,sin_match,sin_candidato
cobeca,LIMP AJAX BICARBONAT NAR/LIMON X1L,36905,7702010223600,5.25,,,,sin_match,no farmaco
cobeca,LIMP ANTIBACT FABULOSO LAVAND 2L,27202,7509546680408,8.52,,,,sin_match,no farmaco
cobeca,LIMP ANTIBACT FABULOSO LAVAND 500ML,27043,7509546680415,2.63,,,,sin_match,no farmaco
cobeca,LIMP FABULOSO A/BACTERIAL ENERGIA NAR 1L,52917,7509546688770,4.78,,,,sin_match,no farmaco
cobeca,LIMP FABULOSO FRESCO AMANECER 1L,22064,7591083018776,5.25,,,,sin_match,no farmaco
cobeca,LIMP FACIAL PONDS AGE MIRACLE 100G,52836,7506306252127,9.02,,,,sin_match,no farmaco
cobeca,LIMP M/SUPERFICIES VENSOL C/AT 500ML,51850,7592291000348,3.8,,,,sin_match,no farmaco
cobeca,LIMP M/SUPERFICIES VENSOL C/AT 946ML,51852,7592291000430,4.8,,,,sin_match,no farmaco
cobeca,LIMP M/SUPERFICIES VENSOL S/AT 500ML,51851,7592291000027,3.17,,,,sin_match,no farmaco
cobeca,LIMP M/SUPERFICIES VENSOL S/AT 946ML,51853,7592291000096,3.66,,,,sin_match,no farmaco
cobeca,LIMP PLEDGE ACERO INOXID POTPURRI 378ML,53812,7503036165925,7.65,,,,sin_match,no farmaco
cobeca,LIMP PLEDGE LIMON 378ML,53813,7503026029091,7.65,,,,sin_match,no farmaco
cobeca,LIMP VENSOL C/AROMA 500ML,52926,7592291000515,2.76,,,,sin_match,no farmaco
cobeca,LIMP/BAÑ MR MUSCULO MULT/PISTO 500ML,15375,7591005999695,4.57,,,,sin_match,no farmaco
cobeca,LIMPIADOR FABULOSO BABY X 1LT,50079,7702010310010,4.74,,,,sin_match,no farmaco
cobeca,LIMPIADOR TAPA AMARILLA BRISA MARINA X1L,29696,7592632000259,2.49,,,,sin_match,no farmaco
cobeca,LIMPIADOR TAPA AMARILLA DULZ/FRUTAL X 1L,29691,7592632001584,2.49,,,,sin_match,no farmaco
cobeca,LIMPIADOR TAPA AMARILLA GLAM/BOUQUET X1L,29697,7592632000211,2.49,,,,sin_match,no farmaco
cobeca,LIMPIADOR TAPA AMARILLA JARD/LIMONES X1L,29698,7592632000242,2.49,,,,sin_match,no farmaco
cobeca,LIMPIADOR TAPA AMARILLA PVO X 450G,29690,7592632872023,2.63,,,,sin_match,sin_candidato
cobeca,LIMPIAVIDRIOS VENSOL S/AT 500ML,52931,7592291001208,3.19,,,,sin_match,no farmaco
cobeca,LINAZA CAP 500MG X30 HERB,24101,7592710004018,8.18,,,,sin_match,sin_candidato
cobeca,LINAZA CAP 500MG X60 HERB,99667,7592710000713,8.44,,,,sin_match,sin_candidato
cobeca,LINEZID SOL INY 600MG/2MG/ML 300ML BHR,17058,7592637396876,18.57,1023,LINEZID 2 mg/ ml SOLUCION INYECTABLE PARA INFUSION IV,30.95,matched,score=0.640
cobeca,LINEZOLID/LINEPRA AMP 600MG/300ML X1 ADN,27456,8906112610545,13.86,,,,sin_match,score_bajo
cobeca,LIOLACTIL CAP X20 ELM,94249,7591062013389,11.35,7305,LIOLACTIL SOBRES,18.92,matched,score=1.000
cobeca,"LIOLACTIL SOB 1,5G X6 ELM",2161,7591062013303,14.18,1588,"LIOLACTIL (Lactobacilos rhamnosus) 1,5g POLVO PARA SUSPENSION ORAL SOBRES",23.63,matched,score=0.780
cobeca,LIPACOMB TAB 10MG/20MG X30 FAR,98604,7591821904002,12.21,4777,LIPACOMB 40 mg - 10 mg TABLETAS,20.35,matched,score=0.813
cobeca,LIPEND COMP 10MG X30 FC,52071,7593090003226,19.56,6902,LIPEND 10 mg COMPRIMIDOS RECUBIERTOS,32.6,matched,score=0.648
cobeca,LIPEND COMP 20MG X30 FC,52072,7593090003233,19.69,6903,LIPEND 20 mg COMPRIMIDOS RECUBIERTOS,32.82,matched,score=0.648
cobeca,LIPO2 FAT BURNER CAP X60 PHARMAC,54480,810174140071,22.08,,,,sin_match,sin_candidato
cobeca,LIPONTAL TAB 900MG X10 MEY,10400,7592601200239,10.69,2445,LIPONTAL 900 mg TABLETAS,17.82,matched,score=0.625
cobeca,LISILET COMP 10MG X30 LETI,99130,7591585314369,37.36,2246,LISILET 10 mg COMPRIMIDOS,62.27,matched,score=0.720
cobeca,"LISILETIC COMP 20MG/12,5MG X30 LETI",1677,7591585114389,59.05,2548,"LISILETIC 20 mg -12,5 mg COMPRIMIDOS",98.42,matched,score=0.739
cobeca,LISIN BE SUPLEM ALIMENTICIO120ML BIOTECH,21385,7591243830507,8.9,,,,sin_match,no farmaco
cobeca,LISINORVA TAB 10MG X30 UNIPH,53768,7598852001823,8.55,,,,sin_match,sin_candidato
cobeca,LISOMUCIN JBE 4MG X120ML PLN,2178,7592348218009,3.67,1832,LISOMUCIN 4 mg / 5 mL JARABE,6.12,matched,score=0.844
cobeca,LISOMUCIN JBE 8MG 120ML PLN,4376,7592348218023,3.36,1954,LISOMUCIN 8 mg / 5 mL JARABE,5.6,matched,score=0.762
cobeca,"LIT ENEMA 10,8/4,5G PED 67,5ML VARG",26547,7592349001150,11.23,,,,sin_match,score_bajo
cobeca,LIT ENEMA 16/6G AD 100ML VARG,26546,7592349001167,11.61,,,,sin_match,no farmaco
cobeca,LITONATE CREM 1% 15G BIOT,52490,7591243830705,10,,,,sin_match,sin_candidato
cobeca,LITONATE PVO 2% 10G BIOT,9943,75902261,23.95,,,,sin_match,sin_candidato
cobeca,LITONATE TAB 30 MG X30,10317,7591243830682,15.48,,,,sin_match,sin_candidato
cobeca,LOC A/CASPA BIPROX BIOS PHAR 400ML,14120,7595481000074,28.51,,,,sin_match,sin_candidato
cobeca,LOC ACELERA BRONC AUSTRALIAN GOLD 237ML,53326,54402250563,17.36,,,,sin_match,sin_candidato
cobeca,LOC ANALGESICA SPRAY 60ML RECETT,26377,7594001452119,2.74,,,,sin_match,sin_candidato
cobeca,LOC CAPIL MANDY SUAV TRI/LIN 2 200ML,24179,7592512004735,6.35,,,,sin_match,sin_candidato
cobeca,LOC CAPIL MANDY TRIGO LINAZ PASO 1 200ML,24178,7592512004728,6.93,,,,sin_match,sin_candidato
cobeca,LOC CORP AMALFI BODY MILK Q10 500ML,20307,8414227060549,4.19,,,,sin_match,sin_candidato
cobeca,LOC CORP BEDUCEN PROB5 HIDRAT 400ML,52035,7441003123038,23.79,,,,sin_match,sin_candidato
cobeca,LOC CORP BEDUCIS NEUTRA 200ML,53529,0721688103493,4.55,,,,sin_match,score_bajo
cobeca,LOC CORP BRUCEN ADULTCARE 250ML,15503,7592090000334,13,,,,sin_match,sin_candidato
cobeca,LOC CORP BRUCEN ADULTCARE 400ML,15107,7592090000167,18.36,,,,sin_match,sin_candidato
cobeca,LOC CORP BRUCEN HYDRO BODY 250ML,27373,7592090000419,13.28,,,,sin_match,sin_candidato
cobeca,LOC CORP BRUCEN HYDRO BODY 400ML,27372,7592090000433,15.03,,,,sin_match,sin_candidato
cobeca,LOC CORP BRUCETIN BODY LOTION 200ML,27370,7592090001546,11.6,,,,sin_match,sin_candidato
cobeca,LOC CORP COHER PIEL SENSI EXHUMECT 240ML,27576,7592512003882,8.09,,,,sin_match,sin_candidato
cobeca,LOC CORP COHER REPARAC/INT 240ML,27575,7592512003875,8.34,,,,sin_match,sin_candidato
cobeca,LOC CORP ROLL ON ARTRI FRESH 90G,98462,7593319000159,3,,,,sin_match,sin_candidato
cobeca,LOC CORP ROSA DEL SUR AC/ROSA MO X 200ML,15734,7591404002064,7.7,,,,sin_match,score_bajo
cobeca,LOC CORP ST IVES AVENA/KARIT 621ML,28216,0077043608050,16.21,,,,sin_match,sin_candidato
cobeca,LOC CORP VASELINE ADVANCE STRENGTH 200ML,52686,8999999045579,4.54,,,,sin_match,sin_candidato
cobeca,LOC CORP VASELINE ADVANCE STRENGTH 400ML,52688,8999999045586,9.02,,,,sin_match,sin_candidato
cobeca,LOC CORP VASELINE ALOE SOOTHE 200ML,52687,8999999003098,4.54,,,,sin_match,sin_candidato
cobeca,LOC COSMOLIVE MANOS/CUERPO BERRIES 100ML,52536,8682232508817,3.02,,,,sin_match,sin_candidato
cobeca,LOC COSMOLIVE MANOS/CUERPO CITRUS 100ML,52537,8682232510865,6.85,,,,sin_match,sin_candidato
cobeca,LOC COSMOLIVE MANOS/CUERPO COCO 100ML,52538,8682232508800,6.85,,,,sin_match,sin_candidato
cobeca,LOC COSMOLIVE MANOS/CUERPO MANGOES 100ML,52539,8682232508824,6.85,,,,sin_match,sin_candidato
cobeca,LOC DIADEX PHIS C/VALVULA 1L,26205,7592348112130,20.9,,,,sin_match,sin_candidato
cobeca,LOC DIADEX PHIS C/VALVULA 500ML,26206,7592348112246,14.04,,,,sin_match,sin_candidato
cobeca,LOC EVERY NIGHT HIDRAT SUAV MILK 200ML,23474,7590005162085,3.21,,,,sin_match,sin_candidato
cobeca,LOC EVERY NIGHT HIDRAT SUAV MILK 365ML,23478,7590005162092,4.36,,,,sin_match,sin_candidato
cobeca,LOC EVERY NIGHT HIDRATPROFU MIELTRI200ML,23471,7590005162047,3.21,,,,sin_match,sin_candidato
cobeca,LOC FACIAL BEDUCEN PROB5 HIDRAT NOC 50ML,52038,7441003123052,18.39,,,,sin_match,sin_candidato
cobeca,LOC HAWAIIAN TROPIC A/OXIDAN SPF50 50ML,52867,75486121259,15.49,,,,sin_match,sin_candidato
cobeca,LOC HAWAIIAN TROPIC MATTE SPF30 50ML,52868,75486121358,15.49,,,,sin_match,sin_candidato
cobeca,LOC HAWAIIAN TROPIC SENSITIVE SPF50 50ML,52866,75486121242,15.49,,,,sin_match,sin_candidato
cobeca,LOC HAWAIIAN TROPIC SHEER SPF50 120ML,52869,75486088620,12.78,,,,sin_match,sin_candidato
cobeca,LOC HAWAIIAN TROPIC SHEER SPF50 240ML,52861,75486088637,18.7,,,,sin_match,sin_candidato
cobeca,LOC HAWAIIAN TROPIC SILK SPF50 180ML,52865,75486088835,19.12,,,,sin_match,sin_candidato
cobeca,LOC HIDRAT ADEMINA ROSA KIDS 170G,16803,7591844000750,3.25,,,,sin_match,sin_candidato
cobeca,LOC HIDRAT BEDUCEN PROB5 HIDRAT DIA 50ML,52037,7441003123045,18.39,,,,sin_match,sin_candidato
cobeca,LOC HIDRAT HIDRIBET 125ML,98266,7703333007458,18.18,,,,sin_match,sin_candidato
cobeca,LOC HIDRAT HIDRIBET 5% 125ML,30798,7703333007465,17.66,,,,sin_match,sin_candidato
cobeca,LOC HIDRAT IE ALOE 500ML,26530,8411047143162,8.2,,,,sin_match,sin_candidato
cobeca,LOC HIDRAT ST IVES VIT E/AGUACATE 621ML,28218,0077043608036,16.21,,,,sin_match,score_bajo
cobeca,LOC HIDRAT UREADERM LACTATO 225G,98264,7703332003628,26.1,2456,RINGER LACTATO SOLUCION,43.5,matched,score=0.632
cobeca,LOC HIDRATANTE ADEMINA BLAN KIDS 170G,16806,7591844000743,3.25,,,,sin_match,sin_candidato
cobeca,"LOC LACTIBON FEM PH3,5 240ML",14448,7703281000365,21.95,,,,sin_match,score_bajo
cobeca,LOC LIMP ANIBACT KORILI SUNFLOWER 500ML,96994,8690607080264,2.19,,,,sin_match,sin_candidato
cobeca,LOC LIMP BRUCEN ROSTRO/CUERP DIA-B 250ML,53171,7592090000617,9.9,,,,sin_match,score_bajo
cobeca,LOC LIMP FACIAL BRUCEN SYNDET 120ML,27367,7592090000396,10.49,,,,sin_match,sin_candidato
cobeca,LOC LIMP INTIMA LACTIBON BIOLUBE 155G,54188,7730482001983,13.64,,,,sin_match,sin_candidato
cobeca,LOC LOP CEROPIOJOS 240ML,20249,7593506001426,6.62,,,,sin_match,sin_candidato
cobeca,LOC PEDIA BEDUCIS 200ML,53845,762497930504,6.17,,,,sin_match,sin_candidato
cobeca,LOC ROLL ON MOSQUITAN DESP/PICADA 20ML,50792,8027808002168,4.12,,,,sin_match,sin_candidato
cobeca,LOC ROLL ON VIBRA NAT PIERNAS CANSAD 90G,98475,7593319000173,3.51,,,,sin_match,sin_candidato
cobeca,LOC ZUKADRYL 100ML,52052,7597446000129,11.1,,,,sin_match,sin_candidato
cobeca,LOCION CAPI AVISPA 120ML,52194,7591635000839,3.6,,,,sin_match,no farmaco
cobeca,LOCION HIDRAT IE ARNICA 500ML,51499,8411047145012,11.61,,,,sin_match,no farmaco
cobeca,LOCION SPRAY BIODERMA CICABIO 40ML,52395,3701129800225,28.17,,,,sin_match,no farmaco
cobeca,LODESTAR TAB REC 100MG X30 VLM,52796,7591020009683,6.91,6327,LODESTAR 100 mg TABLETAS RECUBIERTAS,11.52,matched,score=0.648
cobeca,LODESTAR TAB REC 50MG X30 VLM,52795,7591020008266,4.55,5086,"LODESTAR HCT 50 mg - 12,5 mg TABLETAS RECUBIERTAS",7.58,matched,score=0.628
cobeca,"LODESTAR TAB REC HCT 50MG/12,5MG X30 VLM",17318,7591020080972,7.35,,,,sin_match,score_bajo
cobeca,LODIPIN COMP 10MG X10 MEG,16508,7591619129037,2.73,5177,LODIPIN 10 mg COMPRIMIDOS,4.55,matched,score=0.859
cobeca,LODIPIN COMP REC 10MG X30 MEG,16830,7591619129044,5.84,4746,LODIPIN VL 10 mg - 160 mg CAPSULAS,9.73,matched,score=0.634
cobeca,LOFLOX TAB 400MG X10 MEY,9863,7592601100515,5.61,2500,LOFLOX 400 mg TABLETAS RECUBIERTAS,9.35,matched,score=0.825
cobeca,LOGANIL JAB PED 120ML BIOTECH,5123,7591243831511,5.56,,,,sin_match,score_bajo
cobeca,LOGANIL JBE AD 120ML BIOTECH,5122,7591243831474,7.27,1968,LOGANIL 250 mg / 5 mL JARABE,12.12,matched,score=0.606
cobeca,LOGANIL JBE PED 100MG/5ML 60ML BIOT,51207,7591243831504,3.81,1969,LOGANIL 100 mg / 5 mL JARABE,6.35,matched,score=0.627
cobeca,LOKARIN JBE 5MG/60MG/5ML 60ML BIOTECH,11306,7591243831641,6.74,2677,LOKARIN 5 mg - 60 mg / 5 mL JARABE,11.23,matched,score=0.717
cobeca,LONAC 50 SUP 50MG X10 TIAR,26409,18906051722719,5.53,,,,sin_match,no farmaco
cobeca,LONGACEF CAP 400MG X5 LETI,98377,7591585112224,60.69,4649,LONGACEF 400 mg CAPSULAS,101.15,matched,score=0.617
cobeca,LONGACEF SUSP 100MG 60ML LETI,9281,7591585116208,43.67,,,,sin_match,score_bajo
cobeca,LOPERAM TAB DISP 50 X4 VARG,5224,7592349455830,74.88,1944,LOPERAM 2 mg TABLETAS,124.8,matched,score=0.844
cobeca,LOPERAM TAB X10 VARG,18988,7592349723571,3.69,1944,LOPERAM 2 mg TABLETAS,6.15,matched,score=1.000
cobeca,LOPERAMIDA CAP 2MG X10 GEAG,25399,8908007037390,3.51,4976,LOPERAMIDA 2 mg TABLETAS,5.85,matched,score=0.891
cobeca,LOPERAMIDA TAB 2MG X10 BIOQ,53152,7594000851395,3.51,4976,LOPERAMIDA 2 mg TABLETAS,5.85,matched,score=0.891
cobeca,LOPERAMIDA TAB 2MG X100 PORTU,25013,7750215005873,7.34,5970,LOPERAMIDA CLORHIDRATO 2 mg TABLETAS,12.23,matched,score=0.728
cobeca,LORACERT JBE PED CEREZA 60ML PHARME,2341,7592454153294,6.64,,,,sin_match,score_bajo
cobeca,LORADEX JBE 1MG/ML 30ML PLX,22059,7594001101635,2.4,,,,sin_match,score_bajo
cobeca,LORADEX JBE 1MG/ML 60ML PLX,92859,7594001101444,2.9,,,,sin_match,score_bajo
cobeca,LORADEX TAB 10MG X10 PLX,92795,7594001101383,1.73,3854,LORADEX 10 mg TABLETAS,2.88,matched,score=0.750
cobeca,LORATADINA AMBR SUSP 5MG/30ML 60ML KIMIC,98664,7592616583051,4.47,4239,AMBROXOL CLORHIDRATO - LORATADINA 30 mg - 5 mg / 5 mL JARABE,7.45,matched,score=0.672
cobeca,LORATADINA COMP 10MG X10 LETI,3401,7591585177353,2.08,2382,LORATADINA 10 mg COMPRIMIDOS,3.47,matched,score=0.902
cobeca,LORATADINA JBE 1MG/MG 60ML KIMIC,24810,7592616362014,2.27,2630,LORATADINA 1 mg / mL JARABE,3.78,matched,score=0.675
cobeca,LORATADINA LORAFIT TAB 10MG X10 ADN,53261,8906142160898,0.94,2321,LORATADINA 10 mg TABLETAS,1.57,matched,score=0.750
cobeca,LORATADINA SOL ORAL 5MG/5ML 60ML ALESS,51998,7597758001579,1.38,4879,LORATADINA - AMBROXOL CLORHIDRATO 5 mg - 30 mg / 5 mL SOLUCION ORAL,2.3,matched,score=0.700
cobeca,LORATADINA SOL ORAL PED 1MG/ML 60ML L.O,51011,7591196006691,4.58,,,,sin_match,score_bajo
cobeca,LORATADINA SUSP 5MG/5ML 60ML BUKA,23709,0675696260054,1.7,2390,LORATADINA 5 mg / 5 mL JARABE,2.83,matched,score=0.842
cobeca,LORATADINA TAB 10MG X10 BIOQ,24536,7594000850800,2.16,4657,LORATADINA 10 mg TABLETAS,3.6,matched,score=0.902
cobeca,LORATADINA TAB 10MG X10 CLX,9653,7591519000788,1.61,2321,LORATADINA 10 mg TABLETAS,2.68,matched,score=0.902
cobeca,LORATADINA TAB 10MG X10 KIMIC,11339,7592616361017,1.4,4641,LORATADINA 10 mg TABLETAS,2.33,matched,score=0.740
cobeca,LORATADINA TAB 10MG X10 L.O,7547,7591196002990,2.32,4641,LORATADINA 10 mg TABLETAS,3.87,matched,score=0.742
cobeca,LORATADINA TAB 10MG X10 PHARME,2717,7592454153300,1.51,2321,LORATADINA 10 mg TABLETAS,2.52,matched,score=0.859
cobeca,LORATADINA TAB 10MG X20 PHARME,99082,7592454889605,2.83,2321,LORATADINA 10 mg TABLETAS,4.72,matched,score=0.859
cobeca,LORATADINA/AMBROXOL TAB 5/30MG X 10 KIMI,29397,7592616135571,3.7,6180,LORATADINA - AMBROXOL CLORHIDRATO 5 mg - 30 mg TABLETAS,6.17,matched,score=0.935
cobeca,"LORATADINA/BETAMET TAB 5/0,25MG X10 GEAG",24984,8906120990080,3.64,5469,"LORATADINA - BETAMETASONA 5 mg - 0,25 mg COMPRIMIDOS",6.07,matched,score=0.774
cobeca,LORAVAL JBE 5MG/ML 60ML VLM,9150,7591020001342,2.66,2592,LORAVAL 5 mg / 5 mL JARABE,4.43,matched,score=0.690
cobeca,LORAVAL TAB 10MG X10 VLM,9147,7591020001335,1.81,2529,LORAVAL 10 mg TABLETAS,3.02,matched,score=0.750
cobeca,LORECORT SOL ORAL 60ML L.O,18557,7591196004475,21.37,4102,"LORECORT 1 mg - 0,05 mg / 5mL SOLUCION ORAL",35.62,matched,score=0.656
cobeca,LOREX JBE 1MG/1ML 60ML DLR,8725,7592803000750,2.54,2325,LOREX 1 mg / mL JARABE,4.23,matched,score=0.629
cobeca,LORTADEX TAB/REC 50MG X30 PLX,54334,7594001102564,3.57,,,,sin_match,score_bajo
cobeca,"LOSAR POT HCT COMP REC 50/12,5MG X30 VAR",54523,7592349003406,6.08,,,,sin_match,score_bajo
cobeca,LOSARTAN HCT TAB REC 100/25MGX30 PHARME,99859,7592454889728,11.14,,,,sin_match,score_bajo
cobeca,LOSARTAN POT COMP/REC 100MG X30 SPEFAR,54427,7590027002888,5.95,,,,sin_match,score_bajo
cobeca,LOSARTAN POT TAB 100MG X 30 ANGELUS,28528,7598176000717,1.29,3987,LOSARTAN POTASICO - HIDROCLOROTIAZIDA 100 mg - 25 mg COMPRIMIDOS RECUB,2.15,matched,score=0.739
cobeca,LOSARTAN POT TAB 50MG X30 KMP,23772,6942189211485,4.52,3570,"LOSARTAN POTASICO - HIDROCLOROTIAZIDA 50 mg - 12,5 mg COMPRIMIDOS RECU",7.53,matched,score=0.727
cobeca,"LOSARTAN POT/HCT COMP R 100/12,5X30 VARG",54194,7592349003352,6.88,3986,"LOSARTAN POTASICO - HIDROCLOROTIAZIDA 50 mg - 12,5 mg COMPRIMIDOS RECU",11.47,matched,score=0.662
cobeca,LOSARTAN POT/HIDROC COM/REC 50/12.5MGX30,99300,7591585278739,12.39,,,,sin_match,score_bajo
cobeca,LOSARTAN POTA COMP 50MG X10 LETI,3399,7591585178954,3.59,3570,"LOSARTAN POTASICO - HIDROCLOROTIAZIDA 50 mg - 12,5 mg COMPRIMIDOS RECU",5.98,matched,score=0.789
cobeca,LOSARTAN POTA COMP REC 100MG X10 GNV,96313,7591585278920,3.67,3730,LOSARTAN POTASICO - HIDROCLOROTIZADA 100 mg - 25 mg TABLETAS RECUBIERTAS,6.12,matched,score=0.622
cobeca,LOSARTAN POTA COMP REC 100MG X10 VARG,23432,7592349723755,2.16,4220,LOSARTAN POTASICO - HIDROCLOROTIAZIDA 100 mg - 25 mg TABLETAS RECUBIERTAS,3.6,matched,score=0.648
cobeca,LOSARTAN POTA COMP REC 100MG X30 LETI,99222,7591585378927,10.31,4220,LOSARTAN POTASICO - HIDROCLOROTIAZIDA 100 mg - 25 mg TABLETAS RECUBIERTAS,17.18,matched,score=0.648
cobeca,LOSARTAN POTA COMP REC 100MG X30 VARG,27782,7592349001174,6.56,4220,LOSARTAN POTASICO - HIDROCLOROTIAZIDA 100 mg - 25 mg TABLETAS RECUBIERTAS,10.93,matched,score=0.648
cobeca,LOSARTAN POTA COMP REC 50MG X30 LETI,97621,7591585278951,8.57,3457,LOSARTAN POTASICO 50 mg TABLETAS RECUBIERTAS,14.28,matched,score=0.636
cobeca,LOSARTAN POTA COMP REC 50MG X30 VARG,51090,7592349002188,2.81,3457,LOSARTAN POTASICO 50 mg TABLETAS RECUBIERTAS,4.68,matched,score=0.639
cobeca,LOSARTAN POTA TAB 100MG X30 KIMIC,27801,7592616576398,5.12,3987,LOSARTAN POTASICO - HIDROCLOROTIAZIDA 100 mg - 25 mg COMPRIMIDOS RECUB,8.53,matched,score=0.756
cobeca,LOSARTAN POTA TAB 50MG X30 ALESS,21406,7597758000138,1.58,3570,"LOSARTAN POTASICO - HIDROCLOROTIAZIDA 50 mg - 12,5 mg COMPRIMIDOS RECU",2.63,matched,score=0.730
cobeca,LOSARTAN POTA TAB 50MG X30 BIOTECH,27329,7591243831993,2.86,5845,LOSARTAN POTASICO 50 mg TABLETAS RECUBIERTAS,4.77,matched,score=0.774
cobeca,LOSARTAN POTA TAB 50MG X30 CR DAC,22836,7598578000223,1.26,3570,"LOSARTAN POTASICO - HIDROCLOROTIAZIDA 50 mg - 12,5 mg COMPRIMIDOS RECU",2.1,matched,score=0.750
cobeca,LOSARTAN POTA TAB 50MG X30 KIMIC,53797,7592616366050,1.47,3570,"LOSARTAN POTASICO - HIDROCLOROTIAZIDA 50 mg - 12,5 mg COMPRIMIDOS RECU",2.45,matched,score=0.741
cobeca,LOSARTAN POTA TAB 50MG X30 PLX,53423,7594001102045,2.12,3570,"LOSARTAN POTASICO - HIDROCLOROTIAZIDA 50 mg - 12,5 mg COMPRIMIDOS RECU",3.53,matched,score=0.750
cobeca,LOSARTAN POTA TAB AD 50MG X30 CR CCM,20097,7502226294766,1.05,3570,"LOSARTAN POTASICO - HIDROCLOROTIAZIDA 50 mg - 12,5 mg COMPRIMIDOS RECU",1.75,matched,score=0.674
cobeca,LOSARTAN POTA TAB REC 100MG X10 KIMIC,93419,7592616576374,1.82,,,,sin_match,score_bajo
cobeca,LOSARTAN POTA TAB REC 100MG X10 PHARME,17366,7592454891165,2.48,3730,LOSARTAN POTASICO - HIDROCLOROTIZADA 100 mg - 25 mg TABLETAS RECUBIERTAS,4.13,matched,score=0.622
cobeca,LOSARTAN POTA TAB REC 100MG X30 BIU,26135,8903726227022,3.05,3730,LOSARTAN POTASICO - HIDROCLOROTIZADA 100 mg - 25 mg TABLETAS RECUBIERTAS,5.08,matched,score=0.622
cobeca,LOSARTAN POTA TAB REC 100MG X30 CLX,53633,7591519002140,5.39,3730,LOSARTAN POTASICO - HIDROCLOROTIZADA 100 mg - 25 mg TABLETAS RECUBIERTAS,8.98,matched,score=0.622
cobeca,LOSARTAN POTA TAB REC 50MG X10 ADN,53262,8906112615007,0.64,2840,LOSARTAN POTASICO 50 mg TABLETAS RECUBIERTAS,1.07,matched,score=0.609
cobeca,LOSARTAN POTA TAB REC 50MG X20 KIMIC,92637,7592616366043,1.3,,,,sin_match,score_bajo
cobeca,LOSARTAN POTA TAB REC 50MG X30 BIU,26134,8901463129944,1.78,2840,LOSARTAN POTASICO 50 mg TABLETAS RECUBIERTAS,2.97,matched,score=0.609
cobeca,LOSARTAN POTA TAB REC 50MG X30 CLX,99640,7591519051698,1.42,3292,LOSARTAN POTASICO 50 mg TABLETAS RECUBIERTAS,2.37,matched,score=0.653
cobeca,LOSARTAN POTA TAB REC 50MG X30 PHARME,98835,7592454889841,2.03,2840,LOSARTAN POTASICO 50 mg TABLETAS RECUBIERTAS,3.38,matched,score=0.609
cobeca,LOSARTAN POTA TAB REC 50MG X30 VLM,20271,7591020008914,5.04,3457,LOSARTAN POTASICO 50 mg TABLETAS RECUBIERTAS,8.4,matched,score=0.653
cobeca,"LOSARTAN POTA/HCT 50/12,5MG X10 KIMIC",93777,7592616367026,2.83,,,,sin_match,no farmaco
cobeca,"LOSARTAN POTA/HCT COMP 50/12,5MGX15 LETI",25977,7591585378736,7.38,3570,"LOSARTAN POTASICO - HIDROCLOROTIAZIDA 50 mg - 12,5 mg COMPRIMIDOS RECU",12.3,matched,score=0.707
cobeca,LOSARTAN POTA/HCT COMPR 100/25MGX30 LETI,54300,7591585373786,9.62,,,,sin_match,no farmaco
cobeca,LOSARTAN POTASICO TAB 100MG X30 PLX,52471,7594001102052,6.36,3987,LOSARTAN POTASICO - HIDROCLOROTIAZIDA 100 mg - 25 mg COMPRIMIDOS RECUB,10.6,matched,score=0.863
cobeca,LOSARTAN POTASICO TAB 50 MG X 30 DISTRIL,29790,7598252001911,1.79,3570,"LOSARTAN POTASICO - HIDROCLOROTIAZIDA 50 mg - 12,5 mg COMPRIMIDOS RECU",2.98,matched,score=0.870
cobeca,LOSARTAN POTASICO TAB 50MG X10 KMP,54209,6942189211478,1.2,3570,"LOSARTAN POTASICO - HIDROCLOROTIAZIDA 50 mg - 12,5 mg COMPRIMIDOS RECU",2,matched,score=0.844
cobeca,LOSARTAN/HCT COMP 100MG/25MG X30 DORO,22234,5189824,7.75,3987,LOSARTAN POTASICO - HIDROCLOROTIAZIDA 100 mg - 25 mg COMPRIMIDOS RECUB,12.92,matched,score=0.698
cobeca,"LOSARTAN/HCT TAB 50/12,5MG X15 PHARME",90067,7703763190270,5.25,3570,"LOSARTAN POTASICO - HIDROCLOROTIAZIDA 50 mg - 12,5 mg COMPRIMIDOS RECU",8.75,matched,score=0.734
cobeca,"LOSARTAN/HCT TAB 50MG/12,5MG X30 ANG/H",20434,7598176000090,7.44,3570,"LOSARTAN POTASICO - HIDROCLOROTIAZIDA 50 mg - 12,5 mg COMPRIMIDOS RECU",12.4,matched,score=0.715
cobeca,LOSARTAN/HCT TAB REC 100/25MG X10 PHARME,22228,7592454003308,5.17,,,,sin_match,score_bajo
cobeca,LOSARTAN/HCT TABR 50MG/12.5MG X30 LA SAN,28636,7592454889612,10.08,,,,sin_match,no farmaco
cobeca,"LOSARTAN/HTC COMP REC 50/12,5MGX60BLUE/M",25140,5189766,8.27,2840,LOSARTAN POTASICO 50 mg TABLETAS RECUBIERTAS,13.78,matched,score=0.678
cobeca,LOSIL-S SPRAY 1% 30ML CR CCM,25178,7503004908998,8.79,,,,sin_match,no farmaco
cobeca,LOTEMICIN SUSP OFT 0.5%/0.3% X 5 ML,93654,7795368000160,11.56,4385,"LOTEMICIN 0,5 % - 0,3 % SUSPENSION OFTALMICA",19.27,matched,score=0.801
cobeca,LOTESOFT SUSP OFT EST 5ML MEG,4891,7795368054101,12.6,,,,sin_match,score_bajo
cobeca,LOWPRES SOL INY 150MCG/ML X5 BHR,25380,7592637397040,12.39,610,LOWPRES 150 mcg / mL SOLUCION INYECTABLE,20.65,matched,score=0.844
cobeca,LUBRICANTE A BASE D/AGUA SENSE 50ML,26580,0723592772727,8.3,,,,sin_match,no farmaco
cobeca,LUBRICANTE A BASE D/AGUA SENSE 75ML,26581,0723592772741,9.74,,,,sin_match,no farmaco
cobeca,LUBRICANTE GEL CUMLAUDE LAB MUCUS 30ML,51026,28428749535809,20.11,,,,sin_match,sin_candidato
cobeca,LUBRICANTE INTIMO BIOGEL CHICLE 60ML,24352,7595651000460,3.38,,,,sin_match,no farmaco
cobeca,LUBRICANTE INTIMO BIOGEL CHOCO 60ML,24353,7595651000439,3.38,,,,sin_match,no farmaco
cobeca,LUBRICANTE INTIMO BIOGEL NEUTRO 120ML,24354,7595651000453,4.37,,,,sin_match,no farmaco
cobeca,LUBRICANTE INTIMO BIOGEL NEUTRO 60ML,24351,7595651000446,3.38,,,,sin_match,no farmaco
cobeca,LUBRICANTE INTIMO BIOGEL PIÑ COLA 60ML,24350,7595651000477,3.38,,,,sin_match,no farmaco
cobeca,LUBRICANTE INTIMO GEL TIME+ RETAR 60ML,54200,7595651000538,3.98,,,,sin_match,sin_candidato
cobeca,LUBRICANTE INTIMO SPRAY TIME+ RETAR 30ML,54199,7595651000552,6.25,,,,sin_match,no farmaco
cobeca,LUBRICANTE PRUDENCE GROSELLA 30ML DKT,52453,7502214984358,6.55,,,,sin_match,no farmaco
cobeca,LUBRICANTE PRUDENCE GROSELLA 75ML DKT,52450,7502214983153,7.17,,,,sin_match,no farmaco
cobeca,LUBRICANTE PRUDENCE NATU 75ML DKT,52449,7502214983726,7.17,,,,sin_match,no farmaco
cobeca,LUBRICANTE PRUDENCE UVA 30ML DKT,52452,7502214984372,6.55,,,,sin_match,no farmaco
cobeca,LUBRICANTE PRUDENCE UVA 75ML DKT,52451,7502214983207,7.17,,,,sin_match,no farmaco
cobeca,LUBRIPIU OVUL CUMLAUDE LAB X10 MANCENT,51032,8428749878209,33.75,,,,sin_match,sin_candidato
cobeca,LUDROX TAB REC 75MG X30 BIOTECH,26078,7591243832181,8.94,,,,sin_match,score_bajo
cobeca,LUMBAX TAB 200MG X 10,29648,7592349001808,2.25,2101,LUMBAX 200 mg TABLETAS,3.75,matched,score=0.632
cobeca,LUMBAX TAB 400MG X10 VARG,20349,7592349001044,2.48,2514,LUMBAX 400 mg TABLETAS,4.13,matched,score=0.648
cobeca,LUMBAX TAB 600MG X10 VARG,20720,7592349723700,4.44,2661,LUMBAX 600 mg TABLETAS,7.4,matched,score=0.648
cobeca,LUMBAX TAB 800MG X6 VARG,20721,7592349001075,6.16,4133,LUMBAX 800 mg COMPRIMIDOS RECUBIERTOS,10.27,matched,score=0.648
cobeca,LYFLOX SOL OFT 3MG/ML 5ML CAPSUV,23341,7598055000128,3.42,,,,sin_match,sin_candidato
cobeca,MABROXOL JBE 30MG/5ML 60ML ZUZU,52590,7599608000404,2.65,,,,sin_match,sin_candidato
cobeca,MACA CAP 500MG X30 HERB,24102,7592710004025,9.74,,,,sin_match,sin_candidato
cobeca,MACRODANTINA CAP 50MG X30 FAR,2247,7591821901858,7.68,1796,MACRODANTINA 50 mg CAPSULAS,12.8,matched,score=0.760
cobeca,MACROGOTERO PLUSMEDIC Y X25,19842,7597467000122,16.68,,,,sin_match,no farmaco
cobeca,MADECASSOL PVO 2% 10G PLN,2088,7592348218122,19.9,,,,sin_match,score_bajo
cobeca,MADECASSOL PVO 2% 5G PLN,2249,7592348218108,12.84,,,,sin_match,score_bajo
cobeca,MADECASSOL UNG 1% 10G PLN,16764,7592348413824,6.96,1775,MADECASSOL 1% UNGUENTO,11.6,matched,score=0.625
cobeca,MADECASSOOL TAB 10MG X30 PLN,19964,7592348413848,13.19,,,,sin_match,sin_candidato
cobeca,MAGALEX CAP MAGNES 100MG X30 FAR,17662,7591821210059,6,,,,sin_match,sin_candidato
cobeca,MAGALEX CAP MAGNES 100MG X60 FAR,21873,7591821210622,14.27,,,,sin_match,sin_candidato
cobeca,MAGNEFORTE CAP 500MG X60 HERB,52354,7592710005855,11.1,,,,sin_match,sin_candidato
cobeca,MAGNEPLUS CAP X60 WALF,28374,7592710005350,12.27,,,,sin_match,sin_candidato
cobeca,MAGNESIO AMINOQ CAP BLD 200MG X30 G PHAR,22813,7597189000011,12.41,,,,sin_match,score_bajo
cobeca,MAGNESIO CAP 400MG X30 NOW,52092,733739110640,12.12,4333,MAALOX 460 mg - 400 mg / 4.3 mL SUSPENSION,20.2,matched,score=0.622
cobeca,MAGNESIO GLICINATO CAP X60 ARC IRIS,27004,7592946001362,11.82,,,,sin_match,score_bajo
cobeca,MAGNESIO KIDS TAB MAST ARAN/FRAM X60 VAL,51359,644197336186,17.97,,,,sin_match,score_bajo
cobeca,MAGNESIO KIDS TAB MAST UVA X60 VAL,51360,644197336209,17.97,,,,sin_match,score_bajo
cobeca,MAGNESIO LIFE CAP 500MG X60 WALF,28375,7592710005008,10.34,,,,sin_match,score_bajo
cobeca,MAGNESIO NATURISTIK CAP 400MG X30 LINOF,25744,678358669516,8.45,,,,sin_match,score_bajo
cobeca,MAGNESIO NATURISTIK CAP 400MG X60 LINOF,25742,0678358669509,11.35,,,,sin_match,score_bajo
cobeca,MAGNESIO PLUS 650MG CAP X60 PREV,52131,7598953000077,23.93,4422,GLETOP 20 mg TABLETAS CON CUBIERTA ENTERICA,39.88,matched,score=0.605
cobeca,MAGNESIO PLUS LIFE CAP X60 WALF,28376,7592710005374,12.27,,,,sin_match,score_bajo
cobeca,MAGNESIUM CAP 400MG X180 NOW,27066,0733739012838,34.42,,,,sin_match,sin_candidato
cobeca,MAGNESIUM CITRATE TAB 200MG X100 NOW,28237,733739012906,31.82,,,,sin_match,sin_candidato
cobeca,MAGNESIUM CITRATO CAP 350MG X 60 ETERNAL,28587,787790457756,16.6,,,,sin_match,score_bajo
cobeca,MAGNESIUM THREE CAP 400MG X60 PHARMAC,27074,0787790474555,14.16,,,,sin_match,sin_candidato
cobeca,MAGNETUNI PLUS TAB 500MG X60 UNIPH,53763,7598852001793,8.44,,,,sin_match,sin_candidato
cobeca,MAGTEIN CAP X 90,50453,733739023902,72.96,,,,sin_match,sin_candidato
cobeca,MAILEN COMP 5MG X10 MEG,7557,7591619519159,3.38,3448,MAILEN 5 mg COMPRIMIDOS RECUBIERTOS,5.63,matched,score=0.661
cobeca,MAILEN COMP 5MG X30 MEG,95984,7591619519142,8.57,3448,MAILEN 5 mg COMPRIMIDOS RECUBIERTOS,14.28,matched,score=0.661
cobeca,"MAILEN JBE 2,5MG/5ML 50ML MEG",7559,7591619519135,4.42,3433,"MAILEN 2,5 mg / 5 mL JARABE",7.37,matched,score=0.612
cobeca,MAIT AMP 50MG/5MG X 1 TIARES,28589,0196852522460,12,,,,sin_match,sin_candidato
cobeca,MAIZ DULCE EN GRANOS X 280G,50268,7595826007737,1.4,,,,sin_match,no farmaco
cobeca,MAIZ EN GRANO TIGO 300G,51749,7598986000969,1.75,,,,sin_match,no farmaco
cobeca,MAIZINA AMERICANA 120G,25170,7591039770734,0.83,,,,sin_match,no farmaco
cobeca,MAIZINA AMERICANA 200G,25171,7591039657110,1.39,,,,sin_match,no farmaco
cobeca,MAIZINA AMERICANA 2KG,18034,7591039385761,10.51,,,,sin_match,no farmaco
cobeca,MAIZINA AMERICANA 400G,18032,7591039601540,2.61,,,,sin_match,no farmaco
cobeca,MAIZINA AMERICANA 90G,18033,7591039601526,0.69,,,,sin_match,no farmaco
cobeca,MAIZINA AMERICANA DISP 800G,18031,7591039601533,4.66,,,,sin_match,sin_candidato
cobeca,MAIZORITOS ABCITOOS 240G,18043,7591039725819,2.52,,,,sin_match,no farmaco
cobeca,MAIZORITOS FRUTY AROS 240G,18049,7591039535012,2.52,,,,sin_match,no farmaco
cobeca,MAIZORITOS POP CRONCH 240G,18050,7591039725802,2.52,,,,sin_match,no farmaco
cobeca,MALLA LEGO MEGA TOYS 30PZA,25611,759201912064,7.5,,,,sin_match,no farmaco
cobeca,MANI BOKAS JAPONES 170G,15143,7592708000206,2.49,,,,sin_match,no farmaco
cobeca,MANI BOKAS SALADO BOLS 170G,15145,7592708000190,2.23,,,,sin_match,no farmaco
cobeca,MANI JACKS SALADO 175G,18183,7591206012834,2.73,,,,sin_match,no farmaco
cobeca,MANITOL SOL INY #38 18% 500ML BHR,5408,7592637001190,12.29,405,MANITOL AL 18 % SOLUCION INYECTABLE INTRAVENOSA,20.48,matched,score=0.713
cobeca,MANTECA D/CACAO X 25G,28547,7597773000366,6.1,,,,sin_match,no farmaco
cobeca,"MANTIXA COMP REC 2,5MG X30 MEG",27090,7730969300103,21.69,,,,sin_match,score_bajo
cobeca,MANZANILLA 10G X 12 RECETT,14829,7594001452201,31.48,,,,sin_match,no farmaco
cobeca,MANZANILLA 5G LYA,25474,7599028000695,2.22,,,,sin_match,no farmaco
cobeca,MAPURITE CAP 300MG X90 ARC IRIS,7062,7592946016816,10,,,,sin_match,sin_candidato
cobeca,MAQ D/AFE BEAUTYTRIM PERSONAL HAIR,50403,843445090652,30.91,,,,sin_match,no farmaco
cobeca,MAQ D/AFE BIKINI TRIMMER,50404,843445019257,31.65,,,,sin_match,no farmaco
cobeca,MAQ D/AFE ELECTRIC SHAVER WOMENS,50402,843445038005,36.05,,,,sin_match,no farmaco
cobeca,MAQ D/AFE FULL BODY GROOMER,50405,843445033208,72.64,,,,sin_match,no farmaco
cobeca,MAQUINA D/AFEIT DURAVEL M5 2CART,52236,7993379210077,4.75,,,,sin_match,no farmaco
cobeca,MAQUINA D/AFEIT DURAVEL SILUET PRO 2CART,52234,7993379210084,4.75,,,,sin_match,no farmaco
cobeca,MARADEX SUSP OFT 5ML L.O,4926,7591196000323,17.84,,,,sin_match,score_bajo
cobeca,MARCADOR PERMANENTE OFICA NEGRO X12,13101,7591147007395,8.25,,,,sin_match,no farmaco
cobeca,MARCADORES SOLITA ESCOLAR 6 COLORES,99967,7591147104063,2.63,,,,sin_match,no farmaco
cobeca,MARTESIA CAP 150MG X14 MEG,95845,7591619520490,11.17,,,,sin_match,score_bajo
cobeca,MARTESIA CAP 25MG X30 MEG,17771,7591619520476,10.52,4648,MARTESIA 25 mg CAPSULAS,17.53,matched,score=0.653
cobeca,MARTESIA CAP 300MG X14 MEG,95724,7591619520506,16.1,4490,MARTESIA 300 mg CAPSULAS,26.83,matched,score=0.673
cobeca,MARTESIA CAP 75MG X14 MEG,95844,7591619520483,5.45,4491,MARTESIA 75 mg CAPSULAS,9.08,matched,score=0.653
cobeca,MASAJEADOR DOBLE PLUSONE,28664,0843445020451,102.36,,,,sin_match,no farmaco
cobeca,MASC RHELEN NUTRIT REVIT S/SAL 250ML,53791,7590170001127,3.42,,,,sin_match,no farmaco
cobeca,MASCARA D/OXIGENO PLUSMEDIC AD,21776,7597467000542,1.98,,,,sin_match,no farmaco
cobeca,MASCARA D/OXIGENO PLUSMEDIC PED,21777,7597467000559,1.98,7348,OXIGENO MEDICINAL,3.3,matched,score=0.778
cobeca,MASCARA MAYBELLINE WSH FIREWORK BLACK,53505,0041554086287,16.63,,,,sin_match,no farmaco
cobeca,MASCARA PLUSMEDIC C/RESERV AD,25336,7597467000832,2.22,,,,sin_match,no farmaco
cobeca,MASCARILLA BACC BARRO MAR MUERTO 200ML,52382,7595335001721,7.7,,,,sin_match,no farmaco
cobeca,MASCARILLA CAPI ELVIVE CAID/RESIST X300G,50690,7509552889598,8.61,,,,sin_match,no farmaco
cobeca,MASCARILLA CAPI ELVIVE GLYCO GLOSS 300G,52485,7509552928549,8.61,,,,sin_match,no farmaco
cobeca,MASCARILLA CAPI REVLON ARGAN/MACAD 300G,52204,7506110681656,17.38,,,,sin_match,no farmaco
cobeca,MASCARILLA CAPI REVLON COCO/VIT E 300G,52206,7506110681670,17.38,,,,sin_match,no farmaco
cobeca,MASCARILLA CAPI REVLON KERATI/ALMEN 300G,52205,7506110681663,17.38,,,,sin_match,no farmaco
cobeca,MASCARILLA DERNIER FACIAL X 120G,28489,7598084000731,4.14,,,,sin_match,no farmaco
cobeca,MASCARILLA DESC PLUSMEDIC X50,25328,7597467000627,7.31,,,,sin_match,no farmaco
cobeca,MASCARILLA FACIAL ZOAH DETOX PURIF 25G,54246,7596211000364,0.76,,,,sin_match,no farmaco
cobeca,MASCARILLA GEODERM NUTRI 150ML,50882,8436568469782,48.72,,,,sin_match,no farmaco
cobeca,MASCARILLA LIMP GEODERM 150ML,50888,8436568469799,48.72,,,,sin_match,no farmaco
cobeca,MATERNAVIT CAP BLD X30 MDF,13652,7591096000102,18.64,5029,MATERNAVIT CAPSULAS BLANDAS,31.07,matched,score=0.679
cobeca,"MATILOL SOL OFT 0,50% 6ML L.O",2972,7591196001603,12.88,,,,sin_match,score_bajo
cobeca,MAX PIRULIN CHOCO DISP X12 34G,51243,7591675013110,12.75,,,,sin_match,sin_candidato
cobeca,MAX PIRULIN CHOCO TWO PACK 34G,53588,7591675013127,2.13,,,,sin_match,no farmaco
cobeca,MAXIFUR CAP 50MG X 30,30340,18904187895734,7.43,6966,MAXIFUR 50 mg CAPSULAS,12.38,matched,score=0.850
cobeca,MAXIFUR FORTE CAP 100MG X30 TIAR,52448,198715103229,8.74,,,,sin_match,score_bajo
cobeca,MAXOTEN COMP REC 25MG X30 LETI,50704,7591585213044,32,,,,sin_match,score_bajo
cobeca,MAXTHIO AMP 4MG/2ML X6 DORO,20123,8699525755247,8.12,,,,sin_match,sin_candidato
cobeca,MAYONESA KRAFT 175G,24538,7622201512279,2.02,,,,sin_match,no farmaco
cobeca,MAYONESA KRAFT 445G,19565,7591114040042,4.16,,,,sin_match,no farmaco
cobeca,MEDIA ANTIEMBOLICA DYNAVE MUSLO T/GG,54040,7898270227189,19.5,,,,sin_match,no farmaco
cobeca,MEDIA ANTIEMBOLICA DYNAVEN MUSLO T/G,54039,7898270227172,19.5,,,,sin_match,no farmaco
cobeca,MEDIA ANTIEMBOLICA DYNAVEN MUSLO T/M,54038,7898270227165,19.5,,,,sin_match,no farmaco
cobeca,MEDIA ANTIEMBOLICA DYNAVEN MUSLO T/XG,54041,7898270227196,19.5,,,,sin_match,no farmaco
cobeca,MEDROXEL SOL INY 150MG/1ML JER X1 CCM,53445,7804656600859,11.99,,,,sin_match,sin_candidato
cobeca,MEDROXIPROGESTER SOL INY 150MG/ML X1 VIN,26711,8904187811423,9.14,,,,sin_match,sin_candidato
cobeca,MEDROXIPROGESTERONA TAB 10MG X10 KMP,53471,8906069872553,6.49,6296,Medroxiprogesterona 10mg Tabletas,10.82,matched,score=0.957
cobeca,MEDSEG INY USP 1G X1 MEDV,54191,8906150832022,10.45,,,,sin_match,sin_candidato
cobeca,MEFEDOL TAB 500MG X10 CR 2N,54410,8904464205129,1.88,,,,sin_match,sin_candidato
cobeca,MEGAMOX SOL IV 400MG/250ML BHR,23494,7592637397392,20.66,,,,sin_match,score_bajo
cobeca,MELATONIN CAP 3MG X 60 NOW,28828,0733739032553,11.65,,,,sin_match,sin_candidato
cobeca,MELATONIN CAP 5MG X 60 NOW,28829,733739035554,14.86,,,,sin_match,sin_candidato
cobeca,MELATONINA CAP BLD 3MG X60 ARC IRIS,25764,7592946000198,13.41,,,,sin_match,sin_candidato
cobeca,MELATONINA CAP BLD 5MG X30 BIOFAR,25709,7592253001840,7.79,,,,sin_match,sin_candidato
cobeca,MELATONINA/ASHWAGAN CAP 5MG X30 NAT PREM,54254,7592430000949,7.11,,,,sin_match,sin_candidato
cobeca,MELATONINA/VALERIAN/B6 CAP 10MG X60 HERB,52353,7592710005664,14.66,,,,sin_match,sin_candidato
cobeca,MELIF COMP REC 50MG/500MG X30 ELM,52755,7591062000198,15.43,,,,sin_match,score_bajo
cobeca,MELIGEN/MEMANTINA TAB 10MG X30 FC,22554,7593090002434,11.82,6101,MELIGEN 10 mg TABLETAS RECUBIERTAS,19.7,matched,score=0.719
cobeca,MELIVAR COMP REC 10MG X30 MEY,27614,7592601303848,18.96,,,,sin_match,score_bajo
cobeca,MELOVAX CAP BLD 15MG X10 VIV,3189,7592432007427,5.66,,,,sin_match,score_bajo
cobeca,MELOXICAM COMP 15MG X10 L.O,4939,7591196001146,6.57,2791,MELOXICAM 15 mg TABLETAS,10.95,matched,score=0.685
cobeca,MELOXICAM COMP 15MG X10 LETI,7370,7591585178022,7.79,2714,MELOXICAM 15 mg COMPRIMIDOS,12.98,matched,score=0.902
cobeca,"MELOXICAM COMP 7,5MG X10 L.O",4936,7591196001078,5.61,2790,"MELOXICAM 7,5 mg TABLETAS",9.35,matched,score=0.707
cobeca,MELOXICAM TAB 15MG X 10 ANGELUS,28529,7598176000472,2.18,2791,MELOXICAM 15 mg TABLETAS,3.63,matched,score=0.687
cobeca,MELOXICAM TAB 15MG X10 CR LATT,23028,0720524031082,2.6,2714,MELOXICAM 15 mg COMPRIMIDOS,4.33,matched,score=0.859
cobeca,MELOXICAM TAB 15MG X10 FMED,53301,8908020242306,1.04,2714,MELOXICAM 15 mg COMPRIMIDOS,1.73,matched,score=0.859
cobeca,MELOXICAM TAB 15MG X10 KIMIC,662,7592616375014,5,2714,MELOXICAM 15 mg COMPRIMIDOS,8.33,matched,score=0.709
cobeca,MELOXICAM TAB 15MG X10 PHARME,2039,7592454162050,5.83,2714,MELOXICAM 15 mg COMPRIMIDOS,9.72,matched,score=0.859
cobeca,"MELOXICAM TAB 7,5MG X10 PHARME",1986,7592454162005,4.21,2714,MELOXICAM 15 mg COMPRIMIDOS,7.02,matched,score=0.891
cobeca,MEMANTINA TAB 10MG X10 FMED,50985,8906082151222,1.68,5902,MEMANTINA CLORHIDRATO 10 mg TABLETAS RECUBIERTAS,2.8,matched,score=0.859
cobeca,MEMANTINA TAB 10MG X28 CR CCM,22396,7501384547912,13.84,5902,MEMANTINA CLORHIDRATO 10 mg TABLETAS RECUBIERTAS,23.07,matched,score=0.859
cobeca,MEMANTINA TAB REC 10MG X14 BIU,26136,8901463160657,6.49,5902,MEMANTINA CLORHIDRATO 10 mg TABLETAS RECUBIERTAS,10.82,matched,score=0.737
cobeca,MEMANTINE TAB 10MG X30 MED/SUP,22408,0731299120758,9.36,,,,sin_match,sin_candidato
cobeca,MEMANTINE TAB 5MG X30 MED/SUP,22409,0731299120765,7.79,,,,sin_match,sin_candidato
cobeca,MEN XTRA PERFORMANCE TAB X30 G PHAR,23964,7597189000035,14.69,,,,sin_match,sin_candidato
cobeca,MENOPAUSE AVANCED CAP X 30 ETERNAL,50489,787790469759,11.6,,,,sin_match,sin_candidato
cobeca,MENTHOL GEL 250ML DERNIER,15662,7596049000338,4.18,,,,sin_match,sin_candidato
cobeca,MENTHOL ICE GEL 85 G,15727,7591404001944,4.95,,,,sin_match,sin_candidato
cobeca,MENTHOL ICE GEL ROLL ON 60G IND COR,15731,7591404002484,4.95,,,,sin_match,score_bajo
cobeca,MENTITAS GOMBY 18G DISP X14,53772,7593570000622,6.82,,,,sin_match,sin_candidato
cobeca,MENTO SPR X 120ML BIOF,50342,7591616002241,4.79,,,,sin_match,sin_candidato
cobeca,MENTOL CREM 50G BIOF,52012,7591616002333,3.57,1504,MENTOL DAVIS UNGUENTO,5.95,matched,score=0.698
cobeca,MENTOL CREM/ROLL ON X 80ML BIOF,50341,7591616002302,3.56,,,,sin_match,score_bajo
cobeca,"MENTOL DAVIS UNG 28,35 X12 GCP",27014,7594001560388,55.48,1504,MENTOL DAVIS UNGUENTO,92.47,matched,score=0.786
cobeca,MENTOL UNG 10G LYA,25457,7599028000497,1.97,7357,FRICSOL 10 % - 10 %  LINIMENTO,3.28,matched,score=0.783
cobeca,MENTOL UNG 25G LYA,25460,7599028000022,4.21,1504,MENTOL DAVIS UNGUENTO,7.02,matched,score=0.698
cobeca,MENTORUB UNG CORP 30G FC,15287,7593090000959,4.57,,,,sin_match,sin_candidato
cobeca,MENTORUB UNG CORP 60G FC,15286,7593090000966,8.66,,,,sin_match,sin_candidato
cobeca,MENTORUB UNG MINI 10G X 12,50552,7593090002960,22.34,,,,sin_match,sin_candidato
cobeca,MERENGADA POLLY CHOCO 450G,23569,7591112000581,4.16,,,,sin_match,no farmaco
cobeca,MERMELADA OSOLE FRESA X 200G,50275,7595826004248,1.98,,,,sin_match,no farmaco
cobeca,MERMELADA OSOLE FRUTOS ROJOS X 200G,50276,7595826004262,1.98,,,,sin_match,no farmaco
cobeca,MERMELADA OSOLE GUAYABA X 200G,50277,7595826004286,1.98,,,,sin_match,no farmaco
cobeca,MERMELADA VIVO BERRIES S/AZU 200G,51610,7802200400030,1.9,,,,sin_match,no farmaco
cobeca,MEROPENEM AMP 1G X10 CR DIST,26005,7598252001843,123.51,700,MEROPENEM 1 g POLVO PARA SOLUCION INYECTABLE INTRAVENOSA,205.85,matched,score=0.859
cobeca,"MEROPENEM PVO SOL INY 0,5G VIAL X1 DIST",51939,7598252001232,5.26,1101,"MEROPENEM 1 g - 0,5 g POLVO PARA SOLUCION INYECTABLE",8.77,matched,score=0.694
cobeca,MESPEN AMP 500MG X1 ALESS,20400,75971205,4.24,1057,MESPEN 500 mg POLVO PARA SOLUCION INYECTABLE,7.07,matched,score=0.620
cobeca,METAMIZOL/DIPIRONA AMP 1G/2ML X 3,29164,7598252000792,3.49,433,DIPIRONA 1 g / 2 mL SOLUCION INYECTABLE,5.82,matched,score=0.758
cobeca,METAMUCIL PVO NAR 425G FAR,53305,7500435129756,60.14,,,,sin_match,sin_candidato
cobeca,METFORM ACI TAB 500MG X30 CAPSUV,23343,7598055000166,4.44,,,,sin_match,sin_candidato
cobeca,METFORMINA CLORH TAB 500MG X30 BIOTECH,27232,7591243833805,7.78,3712,METFORMINA CLORHIDRATO 500 mg COMPRIMIDOS RECUBIERTOS,12.97,matched,score=0.760
cobeca,METFORMINA CLORH TAB 500MG X30 BLUE/M,25086,7598127001572,1.63,3712,METFORMINA CLORHIDRATO 500 mg COMPRIMIDOS RECUBIERTOS,2.72,matched,score=0.760
cobeca,METFORMINA CLORH TAB 500MG X30 PLX,29064,7594001101949,6.1,3712,METFORMINA CLORHIDRATO 500 mg COMPRIMIDOS RECUBIERTOS,10.17,matched,score=0.760
cobeca,METFORMINA CLORH TAB REC 500MG X30 VLM,53309,7591020009188,3.25,5687,METFORMINA CLORHIDRATO 500 mg TABLETAS RECUBIERTAS,5.42,matched,score=0.648
cobeca,METFORMINA CLORHIDRATO TAB 850MG X30 PLX,53284,7594001102199,7.19,6650,Metformina Clorhidrato 850mg Tabletas Recubiertas,11.98,matched,score=0.875
cobeca,METFORMINA COMP 500MG X30 GNV,90121,7591585174680,6.46,4218,METFORMINA CLORHIDRATO 500 mg TABLETAS RECUBIERTAS,10.77,matched,score=0.878
cobeca,METFORMINA COMP REC 850MG X30 CR CCM,19465,7705959880491,6.66,6650,Metformina Clorhidrato 850mg Tabletas Recubiertas,11.1,matched,score=0.835
cobeca,METFORMINA HCL COMP REC 850MG X30 LETI,90122,7591585174956,8.29,,,,sin_match,score_bajo
cobeca,METFORMINA TAB 1G X30 ANG/H,23676,7598176000311,4.19,5399,METFORMINA CLORHIDRATO 1000 mg TABLETAS RECUBIERTAS,6.98,matched,score=0.859
cobeca,METFORMINA TAB 500MG X28 CLX,5582,7591519003727,5.38,5364,METFORMINA CLORHIDRATO 500 mg TABLETAS,8.97,matched,score=0.888
cobeca,METFORMINA TAB 500MG X30 ALESS,20704,7597758000084,2.14,3932,METFORMINA  500 mg TABLETAS RECUBIERTAS,3.57,matched,score=0.820
cobeca,METFORMINA TAB 500MG X30 ANG/H,20433,7598176000083,1.65,7189,METFORMINA 500 mg TABLETAS RECUBIERTAS,2.75,matched,score=0.922
cobeca,METFORMINA TAB 500MG X30 CR DAC,20941,8906121690088,4.46,4218,METFORMINA CLORHIDRATO 500 mg TABLETAS RECUBIERTAS,7.43,matched,score=0.878
cobeca,METFORMINA TAB 500MG X30 FMED,51771,8908020242894,1.15,4218,METFORMINA CLORHIDRATO 500 mg TABLETAS RECUBIERTAS,1.92,matched,score=0.878
cobeca,METFORMINA TAB 850MG X 30 ANGELUS,28530,7598176000496,3.61,3052,METFORMINA CLORHIDRATO 850 mg TABLETAS,6.02,matched,score=0.795
cobeca,METFORMINA TAB 850MG X14 CLX,22083,7591519000269,4.08,6650,Metformina Clorhidrato 850mg Tabletas Recubiertas,6.8,matched,score=0.957
cobeca,METFORMINA TAB 850MG X28 CLX,3913,7591519003734,5.78,6650,Metformina Clorhidrato 850mg Tabletas Recubiertas,9.63,matched,score=0.957
cobeca,METFORMINA TAB 850MG X30 CR CCM,27478,7503004908776,5.05,6650,Metformina Clorhidrato 850mg Tabletas Recubiertas,8.42,matched,score=0.957
cobeca,METFORMINA TAB 850MG X30 CR DIST,51389,7598252001409,5.03,6650,Metformina Clorhidrato 850mg Tabletas Recubiertas,8.38,matched,score=0.957
cobeca,METFORMINA TAB 850MG X30 CR LATT,26241,0720524031228,2.99,6650,Metformina Clorhidrato 850mg Tabletas Recubiertas,4.98,matched,score=0.957
cobeca,METFORMINA TAB LP 1000MG X30 CR LATT,52951,756029628434,7.79,7397,SITAGLIPTINA-METFORMINA CLORHIDRATO 50 mg-1000mg COMP RECUBIERTOS,12.98,matched,score=0.729
cobeca,METFORMINA TAB LP 1000MG X30 PHARMA,52110,7593352000031,4.58,5590,METFORMINA CLORHIDRATO 1000 mg TABLETAS RECUBIERTAS,7.63,matched,score=0.714
cobeca,METFORMINA TAB LP 500MG X30 CR LATT,52949,756029628410,5.19,4914,SITAGLIPTINA -METFORMINA CLORHIDRATO 50 mg-500 mg COMPRIMIDOS,8.65,matched,score=0.706
cobeca,METFORMINA TAB LP 500MG X30 PHARMA,52112,7593352000017,2.61,4914,SITAGLIPTINA -METFORMINA CLORHIDRATO 50 mg-500 mg COMPRIMIDOS,4.35,matched,score=0.710
cobeca,METFORMINA TAB LP 850MG X30 CR LATT,52950,756029628427,6.49,3052,METFORMINA CLORHIDRATO 850 mg TABLETAS,10.82,matched,score=0.698
cobeca,METFORMINA TAB REC 500MG X30 BIU,26137,0795853122220,3.9,4218,METFORMINA CLORHIDRATO 500 mg TABLETAS RECUBIERTAS,6.5,matched,score=0.757
cobeca,METGLUTAN TAB 500MG X30 ZORIAK,21969,8903489000276,2.57,,,,sin_match,sin_candidato
cobeca,METILPREDNISOLONA SOD AMP 125MG X1 ADN,27445,8906121570502,7.21,1288,METILPREDNISOLONA 125 mg POLVO LIOFILIZADO PARA SOLUCION INYECTABLE,12.02,matched,score=0.722
cobeca,METOCLOPRAMIDA AMP 10MG/2ML X3 DISTRILAB,28789,7598252000815,2.97,472,METOCLOPRAMIDA 10 mg / 2 mL SOLUCION INYECTABLE,4.95,matched,score=0.697
cobeca,METOCLOPRAMIDA AMP 10MG/2ML X6 VLM,7763,7591020001427,14.18,472,METOCLOPRAMIDA 10 mg / 2 mL SOLUCION INYECTABLE,23.63,matched,score=0.891
cobeca,METOCLOPRAMIDA TAB 10MG X10 KMP,24989,6942189304200,1.54,3928,METOCLOPRAMIDA 10 mg TABLETAS,2.57,matched,score=0.859
cobeca,METOPROLOL TAB 50MG X 30 MT,50237,8904278597496,8.71,4253,"BETALOCZOK 47,5 mg COMPRIMIDOS DE LIBERACION CONTROLADA",14.52,matched,score=0.664
cobeca,METORMINA TAB LP 750MG X30 PHARMA,52111,7593352000024,3.94,,,,sin_match,sin_candidato
cobeca,METREN CAP BLD VAG 500MG X10 MEY,6011,7592601200314,11.08,,,,sin_match,score_bajo
cobeca,METREN SUSP 250MG/5ML 120ML MEY,6010,7592601200307,19.45,2611,METREN 250 mg / 5 mL SUSPENSION,32.42,matched,score=0.649
cobeca,METREN SUSP PED 125MG/5ML 120ML MEY,6006,7592601200291,11.97,,,,sin_match,score_bajo
cobeca,METREN TAB 500MG X10 MEY,6005,7592601200284,9.45,2476,METREN 500 mg TABLETAS,15.75,matched,score=0.701
cobeca,"METRONIDAZOL GEL 0,75% X 15 G ZUKATI",28989,7598582000134,13.22,5495,"METRONIDAZOL 0,75 % GEL",22.03,matched,score=0.633
cobeca,METRONIDAZOL INF 500MG/100ML GKV,21355,7595624200507,2.9,,,,sin_match,no farmaco
cobeca,METRONIDAZOL INF INY 500MG/100ML CR DIST,21336,7598252101048,2.68,1141,METRONIDAZOL 500 mg / 100 mL SOLUCIÓN PARA INFUSIÓN.,4.47,matched,score=0.737
cobeca,METRONIDAZOL INF IV 500MG/100ML GLOB MED,29802,0736372230232,2.71,,,,sin_match,no farmaco
cobeca,METRONIDAZOL OVU 500MG X10 ALESS,21032,7597758000671,5.32,5505,METRONIDAZOL 500 mg OVULOS VAGINALES,8.87,matched,score=0.695
cobeca,METRONIDAZOL SOL INY 500MG/100ML BLUE/M,23532,7598127000872,1.45,648,METRONIDAZOL 500 mg / 100 mL SOLUCION PARA INFUSION INTRAVENOSA,2.42,matched,score=0.852
cobeca,METRONIDAZOL SOL INY 500MG/100ML IPS,21360,7597285000021,1.65,648,METRONIDAZOL 500 mg / 100 mL SOLUCION PARA INFUSION INTRAVENOSA,2.75,matched,score=0.852
cobeca,METRONIDAZOL SUSP 125MG 120ML KIMIC,1774,7592616382012,5.92,2808,METRONIDAZOL BENZOIL 125 mg / 5 mL SUSPENSION ORAL,9.87,matched,score=0.730
cobeca,METRONIDAZOL SUSP 250G/5ML 100ML CR DIST,21794,7598252101291,7.09,2802,METRONIDAZOL BENZOIL 250 mg/ 5 mL SUSPENSION ORAL,11.82,matched,score=0.841
cobeca,METRONIDAZOL SUSP 250MG 120ML KIMIC,1773,7592616383019,11.17,2802,METRONIDAZOL BENZOIL 250 mg/ 5 mL SUSPENSION ORAL,18.62,matched,score=0.670
cobeca,METRONIDAZOL TAB 500MG X10 ALESS,21407,7597758000534,1.18,2448,METRONIDAZOL 500 mg TABLETAS,1.97,matched,score=0.718
cobeca,METRONIDAZOL TAB 500MG X10 CLX,3080,7591519003000,3.12,2448,METRONIDAZOL 500 mg TABLETAS,5.2,matched,score=0.878
cobeca,METRONIDAZOL TAB 500MG X10 CR DIST,51052,7598252101284,1.79,2448,METRONIDAZOL 500 mg TABLETAS,2.98,matched,score=0.878
cobeca,METRONIDAZOL TAB 500MG X30 ANG/H,21370,7598176000168,2.68,5922,METRONIDAZOL 500 mg TABLETAS,4.47,matched,score=0.922
cobeca,METRONIDAZOL TAB 500MG X30 BLUE/M,23884,7598127001374,2.44,2448,METRONIDAZOL 500 mg TABLETAS,4.07,matched,score=0.878
cobeca,METRONIDAZOL TAB 500MG X30 CR CCM,20526,7502226291888,10.03,2448,METRONIDAZOL 500 mg TABLETAS,16.72,matched,score=0.878
cobeca,METRONIDAZOL/MICON OVU 750/200MG X6 TIAR,26405,8904187866065,9.39,6676,METRONIDAZOL - MICONAZOL 750 mg - 200 mg ÓVULOS,15.65,matched,score=0.846
cobeca,METRONIDAZOLE INF 500MG/100ML KMP,20993,6037096019856,2.45,,,,sin_match,no farmaco
cobeca,METROVAX CAP BLD 500MG X15 VIV,9732,7592432006123,8.82,,,,sin_match,sin_candidato
cobeca,METSIGLIN COMP RECU 500MG/50MG X10 RNV,20304,7592806134131,6.58,,,,sin_match,score_bajo
cobeca,METSIGLIN TAB 50/500MG X 30,30362,7592806137088,19.86,5244,METSIGLIN 500 mg - 50 mg COMPRIMIDOS RECUBIERTOS,33.1,matched,score=0.706
cobeca,MEZCLA P/TORTA RENATA BRIGADEIRO 400G,17834,7896022205447,1.93,,,,sin_match,no farmaco
cobeca,MEZCLA P/TORTA RENATA CHOCO 400G,16959,7896022204181,1.93,,,,sin_match,no farmaco
cobeca,MEZCLA P/TORTA RENATA COCO 400G,16963,7896022204228,1.93,,,,sin_match,no farmaco
cobeca,MEZCLA P/TORTA RENATA LIMON 400G,16964,7896022204259,1.93,,,,sin_match,no farmaco
cobeca,MEZCLA P/TORTA RENATA NAR 400G,16962,7896022204211,1.93,,,,sin_match,no farmaco
cobeca,MEZCLA P/TORTA RENATA VAIN 400G,16960,7896022204198,1.93,,,,sin_match,no farmaco
cobeca,MI CHICHA POLLY INST 450G,22974,7591112462235,2.89,,,,sin_match,no farmaco
cobeca,MIA CARE INTRAUTERINO 52MG TIAR,53200,7502214986116,155.84,,,,sin_match,no farmaco
cobeca,MICONAX CREM VAG 40G MEY,99630,7592601301615,13.18,,,,sin_match,score_bajo
cobeca,MICONAZOL CREM 2% 15G CR MT,26478,7432002984690,5.69,4797,MICONAX 15 % - 4 % CREMA VAGINAL,9.48,matched,score=0.864
cobeca,"MICOSMER CREM 2%/2,5% 20G BOOZ",18941,7597072000241,2.86,,,,sin_match,sin_candidato
cobeca,MICOTRIN PVO 2% 60G TIAR,53382,198715989878,6.23,,,,sin_match,sin_candidato
cobeca,MICROPILAS MAXELL LITHIUM CR1616 X 5,28683,0025215736445,12.44,,,,sin_match,no farmaco
cobeca,MICROPILAS MAXELL LITHIUM CR2025 X 5,28684,025215736476,9.5,,,,sin_match,no farmaco
cobeca,MICROPILAS MAXELL MERCURY FREE LR-44 X10,28687,0025215761041,16.38,,,,sin_match,no farmaco
cobeca,MICROSER TAB 16 MG X 20 CCM,6650,7592889000460,31.44,2847,MICROSER 8 mg TABLETAS,52.4,matched,score=0.665
cobeca,MIEL APIARIO PARAISO 120ML,98787,7590147889208,2,,,,sin_match,no farmaco
cobeca,MIEL APIARIO ZABILA 120ML,98788,7590149845905,2,,,,sin_match,no farmaco
cobeca,MIEL APIARIO ZABILA 180ML,98796,7590149845912,2.5,,,,sin_match,no farmaco
cobeca,MIEL D/BORAX 20ML BIOF,51356,7591616002357,3.44,,,,sin_match,no farmaco
cobeca,MIEL D/BORAX 60ML RECETT,51124,7594001451181,6.13,,,,sin_match,no farmaco
cobeca,MIGRA DORIXINA COMP 125/1MG X10 MEG,4769,7591619518688,6.88,3000,DORIXINA FLEX 125 mg - 5 mg COMPRIMIDOS RECUBIERTOS,11.47,matched,score=0.709
cobeca,MIGRADORIXINA COM/REC 125MG/1MG X 5,30067,7591619001081,4.56,,,,sin_match,score_bajo
cobeca,MIGRAVAL COMP 100MG X2 MEG,1945,7594000490846,12.6,2966,MIGRAVAL 100 mg COMPRIMIDOS RECUBIERTOS,21,matched,score=0.700
cobeca,MIGRAVAL COMP 100MG X4 MEG,19846,7591619520681,18.57,2966,MIGRAVAL 100 mg COMPRIMIDOS RECUBIERTOS,30.95,matched,score=0.700
cobeca,MIGRAVAL COMP 100MG X8 MEG,19847,7591619520698,26.49,2966,MIGRAVAL 100 mg COMPRIMIDOS RECUBIERTOS,44.15,matched,score=0.700
cobeca,MIGREN COMP 650/50/1MG X10 LETI,91700,7591585115737,5.67,,,,sin_match,score_bajo
cobeca,MIGREN COMP 650MG/50MG/1G X20 LETI,98010,7591585415738,6.94,,,,sin_match,score_bajo
cobeca,MILAX PVO SOL ORAL 120G RNV,94281,7592806132038,7.18,5457,MILAX 50% SOLUCION ORAL,11.97,matched,score=0.602
cobeca,MILAX PVO SOL ORAL 360G RNV,7357,7592806132021,14.81,5457,MILAX 50% SOLUCION ORAL,24.68,matched,score=0.602
cobeca,MILAX PVO SOL ORAL SOB 8.5G X 20,29384,7592806132052,14.82,5457,MILAX 50% SOLUCION ORAL,24.7,matched,score=0.645
cobeca,MILAX SOL ORAL 50% 120ML RNV,52413,7592806125016,6.99,,,,sin_match,score_bajo
cobeca,MILAX SOL ORAL 50% 180ML RNV,52414,7592806125023,9.29,,,,sin_match,score_bajo
cobeca,MINAR TAB 5MG X 20,29992,7502226296814,3.98,,,,sin_match,sin_candidato
cobeca,MINI BROWNIES PUIG 175G,29546,7591082004084,1.63,,,,sin_match,no farmaco
cobeca,MINI CHIPS VAIN 180G,19551,7590011893041,1.58,,,,sin_match,no farmaco
cobeca,MINI DUCHA VAG VIAJERA KERFUL,31223,7592827000873,14.31,,,,sin_match,no farmaco
cobeca,MINI TORTA RENATA BRIGADEIRO DISP 40GX20,28278,7896022203771,11.57,,,,sin_match,sin_candidato
cobeca,MINI TORTA RENATA CHOCO DISP 40G X20,28275,7896022203184,11.57,,,,sin_match,sin_candidato
cobeca,MINI TORTA RENATA VAIN/FRESA DISP 40GX20,28277,7896022203191,11.57,,,,sin_match,score_bajo
cobeca,MINOXIDIL SOL TOP 5% X 60 ML LA SANTE,28505,7592454003834,12.96,,,,sin_match,score_bajo
cobeca,MINOXIDIL TRAT P/CAB HOMBRES 5% 60ML SGG,21562,7599910792516,19.99,,,,sin_match,no farmaco
cobeca,MIOVIT AMP 3ML X3 COFA,5514,7591818026366,5.47,449,MIOVIT COMPOSITUM CON LIDOCAINA SOLUCION INYECTABLE,9.12,matched,score=0.629
cobeca,MIOVIT GRAG X10 COFA,6960,7591818118030,2.5,1957,MIOVIT COMPRIMIDOS RECUBIERTOS,4.17,matched,score=0.766
cobeca,MIOVIT GRAG X30 COFA,5087,7591818118047,7.93,1957,MIOVIT COMPRIMIDOS RECUBIERTOS,13.22,matched,score=0.766
cobeca,MIOVIT GTS ORAL 20ML COFA,5891,7591818251331,3.22,,,,sin_match,score_bajo
cobeca,MIOVIT INY C/LIDOCAINA 3ML C/JER X1 COFA,3015,7591818113011,2.51,449,MIOVIT COMPOSITUM CON LIDOCAINA SOLUCION INYECTABLE,4.18,matched,score=0.625
cobeca,MIOVIT JBE S/AZU 90ML COFA,21581,7591818716687,3.78,,,,sin_match,score_bajo
cobeca,MIOVIT JBE S/AZUCAR 180ML COFA,52190,7591818000236,8.12,,,,sin_match,score_bajo
cobeca,MIOVIT SOL INY VI 3ML X1 COFA,53224,7591818000748,2.41,,,,sin_match,score_bajo
cobeca,MIOVIT SOL INY/IM X6 COFA,97516,7591818715628,9.49,449,MIOVIT COMPOSITUM CON LIDOCAINA SOLUCION INYECTABLE,15.82,matched,score=0.743
cobeca,"MIRSOL CREM 0,05% 15G BIOT",53652,7591243833966,7.36,,,,sin_match,sin_candidato
cobeca,MIRTAPAX COM 15MG X 10,29466,7730979095471,2.12,,,,sin_match,sin_candidato
cobeca,MIRTAPAX COM 30MG X 10,29373,7861152102133,3.15,,,,sin_match,sin_candidato
cobeca,MIRTAZAPINA TAB 15MG X30 CLEO,25667,7598677000193,5.68,5980,MIRTAZAPINA 15 mg TABLETAS RECUBIERTAS,9.47,matched,score=0.859
cobeca,MIRTAZAPINA TAB 30MG X30 CLX,51322,7591519001686,8.78,4124,MIRTAZAPINA 30 mg TABLETAS RECUBIERTAS,14.63,matched,score=0.859
cobeca,MIRTAZAVAL TAB 30MG X30 VLM,96712,7591020008747,11.29,6531,MIRTAZAVAL 15 mg TABLETAS RECUBIERTAS,18.82,matched,score=0.705
cobeca,MIRTAZAVAL TAB REC 15MG X30 VLM,52793,7591020009768,6.05,6531,MIRTAZAVAL 15 mg TABLETAS RECUBIERTAS,10.08,matched,score=0.670
cobeca,MISELLIM COMP REC 10MG X20 MEG,91349,7594000491607,7.85,,,,sin_match,score_bajo
cobeca,"MISULVAN COMP JBE AD 15/0,01MG 120ML PLX",94414,7594001101567,7.94,,,,sin_match,score_bajo
cobeca,"MISULVAN COMP JBE PED7,5MG/5ML 120ML PLX",94415,7594001101550,8.64,,,,sin_match,score_bajo
cobeca,MISULVAN FORTE JBE 30MG/5MG/ML 120ML PLX,26235,7594001101727,7.39,,,,sin_match,score_bajo
cobeca,"MISULVAN GTS 7,5MG 30ML PLX",6882,7594001100591,3.07,5684,MISULVAN FORTE 30 mg - 5 mg / 5 mL SOLUCION ORAL,5.12,matched,score=0.617
cobeca,MISULVAN JBE 15MG/5ML 120ML PLX,6889,7594001100614,4.54,,,,sin_match,score_bajo
cobeca,MISULVAN JBE AD 30MG/5ML 120ML PLX,7179,7594001100607,4.64,,,,sin_match,score_bajo
cobeca,MITAR SOL P/INH NASAL X 50MCG,29013,7592601303916,10.74,,,,sin_match,score_bajo
cobeca,MIXEL 2% PVO 60ML MEY,25133,7707355052526,21.91,,,,sin_match,sin_candidato
cobeca,MIXEL TAB REC 500MG X6 MEY,25218,0770735505825,17.4,,,,sin_match,sin_candidato
cobeca,MODERAN JBE 120ML VARG,2442,7592349527124,13.78,,,,sin_match,score_bajo
cobeca,MOLNUPIRAVIR TAB 200MG X40 CR DIST,51883,7598252002024,84.42,,,,sin_match,sin_candidato
cobeca,"MOMEQ CREM 0,1% 15G PHARME",21240,7592454889667,9.99,,,,sin_match,score_bajo
cobeca,"MOMEQ SPRAY NASAL 0,05% 18G PHARME",53841,7703763400362,11.95,,,,sin_match,no farmaco
cobeca,MONO CIRUJANO SURO T XL 35GRS,54005,7595024603007,2.19,,,,sin_match,no farmaco
cobeca,MONODOKS CAP 100MG X14 DORO,20124,8699525151469,11.69,,,,sin_match,sin_candidato
cobeca,MONTDAC TAB/REC 10MG/5MG X 10,28582,7598578000643,3.34,,,,sin_match,sin_candidato
cobeca,MONTELUKAST TAB 10MG X10 KMP,53486,730170649012,2.31,3196,MONTELUKAST 10 mg TABLETAS RECUBIERTAS,3.85,matched,score=0.859
cobeca,MONTELUKAST TAB 10MG X30 PLX,27584,7594001101826,6.77,3196,MONTELUKAST 10 mg TABLETAS RECUBIERTAS,11.28,matched,score=0.859
cobeca,MONTELUKAST TAB MAST 5MG X30 ALESS,52526,7597758001500,2.99,3532,MONTELUKAST 5 mg TABLETAS MASTICABLES,4.98,matched,score=0.611
cobeca,MONTELUKAST TAB MAST PED 5MG X30 L.O,92814,7591196003454,7.44,,,,sin_match,score_bajo
cobeca,MONTELUKAST TAB REC 10MG X10 L.O,52391,7591196002495,4.08,,,,sin_match,score_bajo
cobeca,MONTELUKAST TAB REC 10MG X10 PHARME,18804,7592454891295,3.73,3196,MONTELUKAST 10 mg TABLETAS RECUBIERTAS,6.22,matched,score=0.737
cobeca,MONTELUKAST TAB REC 10MG X30 L.O,23966,7591196003447,9.09,,,,sin_match,score_bajo
cobeca,MONTELUKAST TAB/REC 10 MG X 30 LA SANTE,91146,7703763220144,8.23,,,,sin_match,score_bajo
cobeca,MONTRAX TAB 10MG X10 BIOTECH,27191,7591243834178,6.02,4565,MONTRAX 10 mg TABLETAS,10.03,matched,score=0.859
cobeca,MONTRAX TAB 10MG X30 BIOTECH,96585,7591243834185,13.11,4565,MONTRAX 10 mg TABLETAS,21.85,matched,score=0.859
cobeca,MONTRAX TAB MAST 4MG X10 BIOTECH,15219,7591243834062,2.19,4639,MONTRAX 4 mg TABLETAS MASTICABLES,3.65,matched,score=0.706
cobeca,MONTRAX TAB MAST 5MG X10 BIOTECH,27038,7591243834130,4.05,4640,MONTRAX 5 mg TABLETAS MASTICABLES,6.75,matched,score=0.706
cobeca,MONTRAX TAB MAST 5MG X30 BIOTECH,96583,7591243834147,9,4640,MONTRAX 5 mg TABLETAS MASTICABLES,15,matched,score=0.706
cobeca,MONUKAST TAB/MAST 5MG X 30,50733,7592454004015,6.43,3482,MONUKAST 5 mg TABLETAS MASTICABLES,10.72,matched,score=0.700
cobeca,MOPERID TAB 10MG X20 MEY,20367,7707355052489,14.44,6119,MOPERID 10 mg TABLETAS,24.07,matched,score=0.720
cobeca,MORDISQUITO VAIN DISP 25G X24,50758,7591082012201,5.73,,,,sin_match,sin_candidato
cobeca,MORINGA CAP X60 NAT PREM,17117,7592430001557,5.73,,,,sin_match,sin_candidato
cobeca,MORRAL AMAZONIA GRIS GDE,26856,7591525127141,22.5,,,,sin_match,no farmaco
cobeca,MORRAL AMAZONIA ROJ,26855,7591525127158,22.5,,,,sin_match,no farmaco
cobeca,MORRAL PORTA LAPTOP ANIMAL PRINT GDE,26854,7591525088183,27.5,,,,sin_match,no farmaco
cobeca,MORRAL/LONCH/CART LOL SURPRISE,26083,7591525124782,35,,,,sin_match,no farmaco
cobeca,MORRAL/LONCH/CART MY LITTLE PONY,26846,7591525124706,35,,,,sin_match,no farmaco
cobeca,MORRAL/LONCH/CART SPIDERMAN,26847,7591525125314,40.2,,,,sin_match,no farmaco
cobeca,MORRAL/LONCH/CART TOP WING,26861,7591525119450,61.45,,,,sin_match,no farmaco
cobeca,MOSQUITAN SPR 100ML,50790,8027808001123,4.23,,,,sin_match,sin_candidato
cobeca,MOSTAZA HEINZ 195G,19204,7591112041010,1.84,,,,sin_match,no farmaco
cobeca,MOSTAZA HONEY MUSTARD 310G,18131,7591141987457,2.34,,,,sin_match,no farmaco
cobeca,MOSTAZA MCCORMICK PICANTE 278G,18139,7591141990402,2.34,,,,sin_match,no farmaco
cobeca,MOSTAZA MCCORMICK PREPARADA 260G,18130,7591141103017,2.17,,,,sin_match,no farmaco
cobeca,MOTAS D/ALGODON AMY X50,15519,7591061399958,2.39,,,,sin_match,no farmaco
cobeca,MOTAS D/ALGODON CHICCO BABY SKIN X100,51894,7591061640265,3.86,,,,sin_match,no farmaco
cobeca,MOUSSE D/LIMP FAC CLARESS 120ML,50929,7598611000344,9.91,,,,sin_match,no farmaco
cobeca,MOUSSE D/LIMP INTIMO CLARESS 150CM3,50941,7596811000221,10.93,,,,sin_match,no farmaco
cobeca,MOUSSE INTIMO CUMLAUDE LAB PREBIOT 150ML,51029,28428749662109,33.04,,,,sin_match,no farmaco
cobeca,MOUSSE VIVO FRAMB 25G,53702,7802200369191,2.1,,,,sin_match,no farmaco
cobeca,MOVIMEX TAB 15MG X10 L.O,90529,7591196004093,8.29,,,,sin_match,score_bajo
cobeca,"MOXIDEX SOL OFT 0,5%/0,1% 5ML L.O",17364,7591196006110,18.75,4891,"MOXIDEX 0,5 -0,1 % SOLUCION OFTALMICA ESTERIL",31.25,matched,score=0.714
cobeca,MOXIFLOXACINA COMP REC 400MG X7 DORO,20116,8470007195535,31.82,4048,MOXIFLOXACINA 400 mg TABLETAS RECUBIERTAS,53.03,matched,score=0.733
cobeca,MOXIFLOXACINA TAB 400MG X10 CR BEL,25226,7591940000081,10.05,3840,MOXIFLOXACINA 400 mg COMPRIMIDOS RECUBIERTOS,16.75,matched,score=0.855
cobeca,MOXIFLOXACINA TAB 400MG X10 DIST,52004,7598252001591,24.88,3840,MOXIFLOXACINA 400 mg COMPRIMIDOS RECUBIERTOS,41.47,matched,score=0.855
cobeca,MOXIFLOXACINA TAB REC 400MG X5 CLX,92489,7591519008289,12.39,4118,MOXIFLOXACINA 400 mg TABLETAS RECUBIERTAS,20.65,matched,score=0.777
cobeca,MOXIFLOXACINA TAB REC 400MG X7 PHARME,90066,7703763476046,14.97,4048,MOXIFLOXACINA 400 mg TABLETAS RECUBIERTAS,24.95,matched,score=0.733
cobeca,MOXVAL TAB REC 400MG X5 VLM,96819,7591020008709,13.66,,,,sin_match,score_bajo
cobeca,MR MUSCULO 5EN1 NATURALEZA 500ML,15390,7591005992368,2.64,,,,sin_match,no farmaco
cobeca,MR MUSCULO P/BAÑ REP 500ML,15380,7591005999701,3.17,,,,sin_match,no farmaco
cobeca,MR MUSCULO P/COCINA CITRUS 500ML,15378,7591005995031,2.64,,,,sin_match,no farmaco
cobeca,MUCLAR COMP 30MG/5MG X10 DLR,98656,7592803002594,4.58,4928,MUCLAR 30mg - 5mg COMPRIMIDOS,7.63,matched,score=0.938
cobeca,MUCLAR JBE 30MG/5MG/5ML 60ML DLR,93729,7592803002402,6.02,4928,MUCLAR 30mg - 5mg COMPRIMIDOS,10.03,matched,score=0.734
cobeca,MUCOBROL JBE 120ML COFA,2465,7591818112021,2.17,1896,MUCOBROL 4 mg / 5 mL JARABE,3.62,matched,score=0.706
cobeca,MUCOFLEM JBE 240ML ARC IRIS,28399,7592946001539,7.79,,,,sin_match,sin_candidato
cobeca,MUCOMAX JBE AD 30MG/5ML 120ML KIMIC,27741,7592616136585,3.27,,,,sin_match,score_bajo
cobeca,MUCOMAX JBE PED 15MG/5ML 120ML KIMIC,14193,7592616583075,3.75,,,,sin_match,score_bajo
cobeca,MUCOMAX PLUS SOL ORAL AD 30/5MG60ML KIMI,14343,7592616583068,4.25,,,,sin_match,score_bajo
cobeca,MUCORAMA JBE 118ML VARG,5415,7592349722406,5.43,,,,sin_match,score_bajo
cobeca,MUCOXOL JBE 30MG/5ML X 120ML,30075,7591196006530,5.28,6227,MUCOXOL 30 mg / 5 mL JARABE,8.8,matched,score=0.734
cobeca,MULETA CANADIENSE DOVANT,53827,7597830006201,19.43,,,,sin_match,no farmaco
cobeca,MULETAS NEXT STEP T L,53644,7590175000071,31.25,,,,sin_match,no farmaco
cobeca,MULETAS UNIVERSALES AXILARES DOVANT T L,53826,7597830006195,40.1,,,,sin_match,no farmaco
cobeca,MULTI COLLAGEN PEPTIDES PVO 300G PHARMAC,53754,53754,28.75,,,,sin_match,sin_candidato
cobeca,MULTIDERM UNG 2% 15G BIOTECH,98294,7591243834574,7.43,4787,MULTIDERM 2 % UNGUENTO,12.38,matched,score=0.629
cobeca,MULTIESPONJA SCOTCH-BRITE COLORS,53425,7702098038431,2.56,,,,sin_match,no farmaco
cobeca,MULTIHEAT ETER CAP X30 ETER,25526,0787790465058,13.38,,,,sin_match,sin_candidato
cobeca,MULTIVINOL PRENATAL CAP X60 FC,26927,7593090001888,12.08,,,,sin_match,sin_candidato
cobeca,MULTIVINOL TAB X30 FC,24478,7593090001642,9.29,,,,sin_match,sin_candidato
cobeca,MULTIVIRAL CAP X30 MEY,2470,7592601100492,13.34,1737,MULTIVIRAL CAPSULAS,22.23,matched,score=0.929
cobeca,MULTIVIT/GINSENG CAP X 60 HERBAPLANT,28487,7592710005541,13.18,,,,sin_match,sin_candidato
cobeca,MULTIVITAMINICO CAP X30 LINOF,25762,0741754451808,9.25,,,,sin_match,sin_candidato
cobeca,MULTIVITAMINICO CAP X60 PREV,52133,7598953000053,15.72,,,,sin_match,sin_candidato
cobeca,MULTIVITAMINICO COMPLEJO B TABX30 BLUE/M,23878,7598127001213,3.14,,,,sin_match,no farmaco
cobeca,MUNCHYPS  YUQUITAS SALDAS 140G,53615,7592708002293,2.94,,,,sin_match,no farmaco
cobeca,MUNCHYPS TAJADITAS 150G,53613,7592708002170,3.36,,,,sin_match,no farmaco
cobeca,MUNCHYPS TOSTON ORIG 150G,53614,7592708002156,2.96,,,,sin_match,no farmaco
cobeca,MUNEQUERA UNIVERSAL  T/XL BEIGE,50636,0759001084426,7.55,,,,sin_match,no farmaco
cobeca,MUPIROCIN UNG X 30G DAC,28580,7598578000582,6.95,,,,sin_match,score_bajo
cobeca,MUPROBAN UNG 2% 15G MEY,8468,7592601101093,8.25,,,,sin_match,score_bajo
cobeca,MUPROBAN UNG 2% 30G MEY,90778,7592601101116,13.12,,,,sin_match,score_bajo
cobeca,MUPROSKIN UNG 2% 15G TIAR,53380,198715945935,5.38,,,,sin_match,sin_candidato
cobeca,MUVETT TAB LP 300MG X20 VIV,50344,7703153044589,9.74,4394,MUVETT 300 mg TABLETAS RECUBIERTAS DE LIBERACION PROLONGADA,16.23,matched,score=0.698
cobeca,MUXER CAP 500MG X30 HERB,24103,7592710004049,10.78,,,,sin_match,sin_candidato
cobeca,MUXER CAP 500MG X60 HERB,99669,7592710000898,12.86,,,,sin_match,sin_candidato
cobeca,MYCOFENTIN CREM TOPICA 2% 20G ELM,7182,7591062010128,3.45,,,,sin_match,score_bajo
cobeca,MYCOFENTIN CREM VAG 2% 40G ELM,7183,7591062010012,7.06,,,,sin_match,score_bajo
cobeca,N-ACETILCISTEINA SOB 600MG NAR X10 GEAG,52886,8906120990004,18.34,,,,sin_match,sin_candidato
cobeca,N-BUTILB D/HIOSCINA AMP 20MG/1ML X5 DIST,28657,7598252000839,4.34,793,N-BUTIL BROMURO DE HIOSCINA 20 mg / mL SOLUCION INYECTABLE,7.23,matched,score=0.769
cobeca,NAC CAP 600MG X100 NOW,27067,0733739000859,35.06,,,,sin_match,sin_candidato
cobeca,NACLODIN TAB 0.150MG X 30,30060,7591020009515,8.86,1964,"NACLODIN 0,150 mg TABLETAS",14.77,matched,score=0.880
cobeca,"NAFAZOL SOL NASAL 0,05% 15ML VIN",25516,7706309000262,10.1,1517,NIAZOL 1mg / mL SOLUCION NASAL,16.83,matched,score=0.665
cobeca,NAFINA CREM 1% 15G MEG,4092,7594000491164,6.88,2725,NAFINA 1 % CREMA,11.47,matched,score=0.688
cobeca,ÑAME SALVAJE CAP 365MG X30 HERB,24104,7592710004063,9.35,,,,sin_match,sin_candidato
cobeca,ÑAME SALVAJE CAP 365MG X60 HERB,99670,7592710000751,11.56,,,,sin_match,sin_candidato
cobeca,NAN OPTIPRO 1 5HMO 0-6M 400G,53811,7501059227453,17.97,,,,sin_match,no farmaco
cobeca,NAN OPTIPRO 1 5HMO 0-6M 900G,53804,7501059227644,34.38,,,,sin_match,no farmaco
cobeca,NAN OPTIPRO 2 5HMO 6-12M 400G,53805,7501059227460,16.39,,,,sin_match,no farmaco
cobeca,NAN OPTIPRO 3 5HMO +2AÑOS 800G,53806,7506475124638,25.44,,,,sin_match,no farmaco
cobeca,NAN PVO EXPERT PRO COMFORT 0-12M 400G,25499,7613033734441,19.52,,,,sin_match,sin_candidato
cobeca,NAN PVO NESTLE S/LACTOSA 400G,24475,7613034966650,19.43,,,,sin_match,sin_candidato
cobeca,NANO CREAN CREM A/PAÑALITIS 50G CHEM/S,16103,7596139000293,5.14,,,,sin_match,sin_candidato
cobeca,NAPROXENO COMP 250MG X10 CCM,53117,7702605101931,3.06,3394,NAPROXENO 250 mg TABLETAS,5.1,matched,score=0.878
cobeca,NAPROXENO SOD COMP REC 275MG X10 LETI,52339,7591585271303,3.72,,,,sin_match,score_bajo
cobeca,NAPROXENO TAB 500MG X 10 KMPLUS,54322,6942189304217,2.79,6369,TRASS (Naproxeno Sódico 500 mg + Sumatriptan 85 mg) TABLETAS RECUBIERTAS,4.65,matched,score=0.713
cobeca,"NARCAMED SOL INY 0,4MG/ML 1ML X5 PHAR",53148,7598750000621,4.29,,,,sin_match,sin_candidato
cobeca,"NAS GTS SOL NASAL AD 0,1% 15ML L.O",7178,7591196003140,2.73,1758,MONOSULPA SOLUCION NASAL,4.55,matched,score=0.725
cobeca,"NAS GTS SOL NASAL PED 0,05% 15ML L.O",7248,7591196003027,2.73,,,,sin_match,score_bajo
cobeca,NASAMIST NEILMED HIPERTONICO SPRAY 125ML,30318,705928071254,13.36,,,,sin_match,no farmaco
cobeca,NASAMIST NEILMED SPRAY 75ML,30316,705928050754,10.6,,,,sin_match,no farmaco
cobeca,NASIN SOL NASAL AD 15ML LETI,2507,7591585110930,9.12,1758,MONOSULPA SOLUCION NASAL,15.2,matched,score=0.688
cobeca,NATUCHIPS PLATAN MADURITOS 150G,50065,7591206007540,4.46,,,,sin_match,no farmaco
cobeca,NATUCHIPS PLATANITOS 250G,53125,7591206003894,4.75,,,,sin_match,no farmaco
cobeca,NATUCHIPS PLATANO NAT 150G,18175,7591206006505,3.05,,,,sin_match,no farmaco
cobeca,NATUCHIPS PLATANO ONDULADO 145G,18178,7591206114262,3.17,,,,sin_match,no farmaco
cobeca,NATURALAX CAP X30 JRC,53369,7592430000864,10.78,,,,sin_match,sin_candidato
cobeca,NEBIVOLATT TAB 5MG X 30,29998,0756029628342,9.09,,,,sin_match,sin_candidato
cobeca,NEBLUM TAB REC 100MG X30 FARMA,53337,7591821210868,35.48,,,,sin_match,score_bajo
cobeca,NEBLUM TAB REC 200MG X30 FARMA,53338,7591821210912,53.57,,,,sin_match,score_bajo
cobeca,NEBULIZADOR COMPACTO FAMILIAR REIER,50119,7597467002416,40.92,,,,sin_match,no farmaco
cobeca,NECTAR SAN SIMON DURAZNO 1L,51203,7596914000616,2.12,,,,sin_match,no farmaco
cobeca,NECTAR SAN SIMON DURAZNO 200ML,54346,7596914000746,0.65,,,,sin_match,no farmaco
cobeca,NECTAR SAN SIMON MANZ 1L,51202,7596914000593,2.12,,,,sin_match,no farmaco
cobeca,NECTAR SAN SIMON MANZANA 200ML,54347,7596914000753,0.65,,,,sin_match,no farmaco
cobeca,NECTAR SAN SIMON NAR 1L,51205,7596914000562,2.64,,,,sin_match,no farmaco
cobeca,NECTAR SAN SIMON NARANJA 200ML,54349,7596914000791,0.84,,,,sin_match,no farmaco
cobeca,NECTAR SAN SIMON PERA 1L,51204,7596914000609,2.12,,,,sin_match,no farmaco
cobeca,NECTAR SAN SIMON PERA 200ML,54348,7596914000777,0.65,,,,sin_match,no farmaco
cobeca,NECTAR TIGO DINO FRUTI DURAZ 200ML,51688,7598986003809,0.59,,,,sin_match,no farmaco
cobeca,NECTAR TIGO DINO FRUTI MANZ 200ML,51685,7598986003779,0.59,,,,sin_match,no farmaco
cobeca,NECTAR TIGO DINO FRUTI PERA 200ML,51686,7598986003786,0.59,,,,sin_match,no farmaco
cobeca,NECTAR VIVO PIÑA S/AZU 190ML TRIPACK X3,51585,7802575220462,1.85,,,,sin_match,no farmaco
cobeca,NEFROTAL AMLO COMP 50MG/5MG X30 MEG,20154,7591619520834,12.6,5167,NEFROTAL AMLO 50 mg - 5 mg COMPRIMIDOS,21,matched,score=0.628
cobeca,NEFROTAL COM 50 MG X 30,29376,7591619001180,4.94,2882,"NEFROTAL H 50 mg - 12,5 mg COMPRIMIDOS RECUBIERTOS",8.23,matched,score=0.702
cobeca,NEFROTAL COMP 100MG X30 MEG,25248,7730969306839,7.92,3595,NEFROTAL 100 mg COMPRIMIDOS RECUBIERTOS,13.2,matched,score=0.693
cobeca,NEFROTAL COMP 50MG X15 MEG,52640,7460536574360,3.55,2882,"NEFROTAL H 50 mg - 12,5 mg COMPRIMIDOS RECUBIERTOS",5.92,matched,score=0.674
cobeca,NEFROTAL COMP REC 100MG X10 MEG,25320,7591619000961,2.86,,,,sin_match,score_bajo
cobeca,NEFROTAL COMP REC 100MG X14 MEG,8487,7591955558256,4.73,,,,sin_match,score_bajo
cobeca,"NEFROTAL H COMP 100/12,5MG X10 MEG",25632,30969306846,4.29,2882,"NEFROTAL H 50 mg - 12,5 mg COMPRIMIDOS RECUBIERTOS",7.15,matched,score=0.707
cobeca,NEFROTAL H COMP 100/25MG X10 MEG,25321,30969306877,4.55,3596,NEFROTAL H 100 mg - 25 mg COMPRIMIDOS RECUBIERTOS,7.58,matched,score=0.669
cobeca,"NEFROTAL H COMP 50MG/12,5 X14 MEG",1511,7591955558270,5.55,2882,"NEFROTAL H 50 mg - 12,5 mg COMPRIMIDOS RECUBIERTOS",9.25,matched,score=0.674
cobeca,"NEFROTAL H COMP REC 100MG/12,5 X30 MEG",95710,7591955558287,11.88,,,,sin_match,score_bajo
cobeca,NEFROTAL H COMP REC 100MG/25MG X30 MEG,96714,7591955558263,15.21,,,,sin_match,score_bajo
cobeca,NEMAX SOL RECTAL 16%/6% AD 133ML CR FAHD,50867,0736372795687,5.5,,,,sin_match,score_bajo
cobeca,NEMAX-P FCO SOL PED 16% 66.6ML CR FAHD,24925,0736372795731,5.5,,,,sin_match,score_bajo
cobeca,NEMAZOL SUSP 400MG X 10ML,29375,7591616002166,2.16,,,,sin_match,sin_candidato
cobeca,NEMODINE COMP REC 30MG X20 DLR,8423,7592803000798,11.48,,,,sin_match,score_bajo
cobeca,NEMODINE COMP REC 40MG X20 DLR,8424,7592803001221,12.93,,,,sin_match,score_bajo
cobeca,NEMODINE COMP REC 90MG X10 DLR,8425,7592803001313,13.23,,,,sin_match,score_bajo
cobeca,NEOMICINA/BACIT CREM 500IU/5MG 15G KMP,23773,6942189211348,5.73,6539,"CORIOSYL 500 U.I. - 3,5 mg - 10.000 U.I. / g UNGUENTO",9.55,matched,score=0.640
cobeca,"NEOSTIGMINA INY 0,5MG/1ML X3 MEG",94368,7591619000329,10.78,387,"NEOSTIGMINA 0,5 mg / mL SOLUCION INYECTABLE",17.97,matched,score=0.875
cobeca,"NEOSTIGMINA NEOPRA INY 0,5MG/1ML X6 ADN",53243,8906112611368,5.78,387,"NEOSTIGMINA 0,5 mg / mL SOLUCION INYECTABLE",9.63,matched,score=0.754
cobeca,NERSAN CAP 300MG X90 ARC IRIS,7060,7592946168287,10.65,,,,sin_match,sin_candidato
cobeca,NESCAFE DOLCE GUSTO AU LAIT 110G CAP X10,51113,7891000155059,11.66,,,,sin_match,sin_candidato
cobeca,NESCAFE DOLCE GUSTO CASEIRO 80G CAP X10,51112,7891000681565,11.66,,,,sin_match,sin_candidato
cobeca,NESCAFE DOLCE GUSTO ESPRES 60G CAP X10,51114,7891000327746,11.66,,,,sin_match,sin_candidato
cobeca,NESCAFE TRADICION FRASCO 170G,20477,7702024005803,12.83,,,,sin_match,no farmaco
cobeca,NESCAFE TRADICION FRASCO 85G,20476,7702024005780,6.45,,,,sin_match,no farmaco
cobeca,NESTEA DURAZNO 240G,20907,7591016205303,3.53,,,,sin_match,no farmaco
cobeca,NESTEA DURAZNO 450G,14421,7591016022481,6.52,,,,sin_match,no farmaco
cobeca,NESTEA DURAZNO 90G X12,18516,7591016003671,17.92,,,,sin_match,no farmaco
cobeca,NESTEA LIGHT DISP 55G X10,19793,7591016204252,12.78,,,,sin_match,sin_candidato
cobeca,NESTEA LIMON 240G,20906,7591016205297,3.53,,,,sin_match,no farmaco
cobeca,NESTEA LIMON 450G,14420,7591016022474,6.52,,,,sin_match,no farmaco
cobeca,NESTEA LIMON 520G,52631,7591016206423,6.44,,,,sin_match,no farmaco
cobeca,NESTEA LIMON DISP 90G X12,14419,7591016005965,17.92,,,,sin_match,score_bajo
cobeca,NESTEA PARCHITA DISP 90G X12,23093,7591016014554,17.92,,,,sin_match,sin_candidato
cobeca,NESTEA TE VERDE C/LIMON DISP 48G X 10,28575,7591016205945,12.78,,,,sin_match,score_bajo
cobeca,NESTOGENO 1 COMF GROW 0-6M 400G,53809,7501058622471,10.6,,,,sin_match,no farmaco
cobeca,NESTOGENO 2 COMF GROW 6-24M 400G,53810,7501058622488,9.86,,,,sin_match,no farmaco
cobeca,NESTUM 3 CEREALES INF BOLSA X 500G,97766,7591016201084,8,,,,sin_match,no farmaco
cobeca,NETUNAL SUSP/ORAL X 200ML,29775,7791848270511,25.1,,,,sin_match,sin_candidato
cobeca,NEULEVAL TAB REC 500MG X10 VLM,22859,7591020081122,9.82,5111,NEULEVAL 500 mg TABLETAS RECUBIERTAS,16.37,matched,score=0.713
cobeca,NEULEVAL TAB REC 750MG X5 VLM,22860,7591020080989,7.34,5112,NEULEVAL 750 mg TABLETAS RECUBIERTAS,12.23,matched,score=0.713
cobeca,NEURIBE CAP/BLD 100MG/100MG/5MG X30 VIV,11190,7592432005300,7.84,,,,sin_match,score_bajo
cobeca,NEURIXA CAP 150MG X14 FAR,93669,7591821903609,6.64,4478,NEURIXA 150 mg CAPSULAS,11.07,matched,score=0.700
cobeca,NEURIXA CAP 75MG X14 FAR,93668,7591821903616,3.68,4477,NEURIXA 75 mg CAPSULAS,6.13,matched,score=0.681
cobeca,NEUROMIX AMP SOL INY 3ML X1 LETI,24081,7591585213389,5.03,,,,sin_match,score_bajo
cobeca,NEUROMIX AMP SOL INY 3ML X3 LETI,23961,7591585113382,6.72,,,,sin_match,score_bajo
cobeca,NEUROMIX COMP REC X30 LETI,23206,7591585213365,9.46,5925,NEUROMIX SOLUCION ORAL,15.77,matched,score=0.603
cobeca,NEUROVITAL PVO FRUT ROJ 100G,52831,7599558000226,11.05,,,,sin_match,sin_candidato
cobeca,NEUTEROL CAP X60 NAT PREM,27115,7592430000666,6.61,,,,sin_match,sin_candidato
cobeca,"NEVAC SUSP OFT 0,1% 5ML L.O",25540,7591196007254,25.35,,,,sin_match,score_bajo
cobeca,NIFED SOL COMP REC 30MG X30 CLX,53605,7796285299248,19.77,,,,sin_match,sin_candidato
cobeca,NIFED SOL COMP REC LC 60MG X30 CLX,53561,7796285299255,24.65,,,,sin_match,sin_candidato
cobeca,NIFEDIPINA CAP 10MG X14 PHARME,27546,7592454003520,3.66,2475,NIFEDIPINA 10 mg CAPSULAS,6.1,matched,score=0.828
cobeca,NIFEDIPINA COMP 10MG X30 LETI,51432,7591585271785,9.08,2192,NIFEDIPINA 10 mg COMPRIMIDOS DISPERSABLES,15.13,matched,score=0.872
cobeca,NIFEDIPINA LP TAB 30 MG X 30 LAT,50049,0756029628366,6.49,2192,NIFEDIPINA 10 mg COMPRIMIDOS DISPERSABLES,10.82,matched,score=0.624
cobeca,NIFEDIPINA LP TAB 30MG X30 CR DIST,53554,7598252002130,5.44,,,,sin_match,score_bajo
cobeca,NIFEDIPINA SOL ORAL GTAS 20MG/ML CR LATT,53156,756029628373,5.19,,,,sin_match,score_bajo
cobeca,NIFEDIPINA TAB 20MG X30 CR LATT,23032,0720524031013,3.9,2192,NIFEDIPINA 10 mg COMPRIMIDOS DISPERSABLES,6.5,matched,score=0.741
cobeca,NIFEDIPINA TAB 30MG X10 CR BEL,52857,7591940000692,1.08,2192,NIFEDIPINA 10 mg COMPRIMIDOS DISPERSABLES,1.8,matched,score=0.741
cobeca,NIFEDIPINA TAB 30MG X30 ANG/H,52912,7598176001394,3.14,2192,NIFEDIPINA 10 mg COMPRIMIDOS DISPERSABLES,5.23,matched,score=0.741
cobeca,NIFEDIPINA TAB REC LS 30MG X30 CR DAC,51314,7598578000797,4.17,,,,sin_match,score_bajo
cobeca,NIMODIPINA SOL INY IV 10MG/50ML X1 ADN,53245,8906112611894,18.34,,,,sin_match,score_bajo
cobeca,NIMODIPINA TAB 30MG X30 ANG/H,23674,7598176000298,13.05,4427,NIMODIPINA 30 mg COMPRIMIDOS,21.75,matched,score=0.797
cobeca,NINAZO GTS AD 15ML FAR,2594,7591821802957,2.83,,,,sin_match,score_bajo
cobeca,NIOSILIN PMDA 20G VARG,94034,7592349001693,6.09,,,,sin_match,no farmaco
cobeca,NIPE GTS PED 15ML VARG,2599,7592349722451,3.74,,,,sin_match,score_bajo
cobeca,NIPE JBE X 120 ML,9795,7592349551860,4.97,3505,NIPE PLUS GRANULADO PARA SUSPENSION SABOR A FRUTAS TROPICALES,8.28,matched,score=0.700
cobeca,NIPE PLUS GRANU FRUTAS TROPI SOB X6 VARG,8637,7592349718126,6.56,,,,sin_match,score_bajo
cobeca,NISTATINA JBE 100000UI/5ML X 30ML,29979,8906159250155,3.4,6918,NISTATINA 100.000 UI/mL SUSPENSIÓN,5.67,matched,score=0.760
cobeca,NISTATINA SUSP ORAL PED 100000UI UNIPH,51069,7598852001694,4.57,,,,sin_match,score_bajo
cobeca,NITAX TAB REC 500MG X6 PHARME,24328,7703763112869,15.65,5759,NITAX 500 mg TABLETAS RECUBIERTAS,26.08,matched,score=0.650
cobeca,NITAZOXAMIDA SUSP 100MG/5ML 30ML ZUZU,52592,7599608002071,4.21,,,,sin_match,sin_candidato
cobeca,NITAZOXANIDA TAB REC 500MG X6 PHARME,94115,7703763391172,12.7,4344,NITAZOXANIDA 500 mg TABLETAS RECUBIERTAS,21.17,matched,score=0.650
cobeca,NITRODET TAB 50MG X 30,30116,745687143250,4.68,,,,sin_match,sin_candidato
cobeca,NITROFURANTOINA CAP 100MG X300 LAPROFF,51871,7703038066729,90,5934,NITROFURANTOINA 100 mg TABLETAS RECUBIERTAS,150,matched,score=0.709
cobeca,NITROFURANTOINA TAB 100MG X10 CLEO,25663,7598677000377,2.05,5934,NITROFURANTOINA 100 mg TABLETAS RECUBIERTAS,3.42,matched,score=0.878
cobeca,NITROFURANTOINA TAB 100MG X10 KMP,53480,6942189530395,2.16,5934,NITROFURANTOINA 100 mg TABLETAS RECUBIERTAS,3.6,matched,score=0.878
cobeca,NITROFURANTOINA TAB 50MG X10 KMP,53552,6942189530388,2.08,6998,NITROFURANTOINA 50 mg TABLETAS RECUBIERTAS,3.47,matched,score=0.859
cobeca,NITROFURANTOINA TAB/REC 50MG X 30 CLX,29107,7591519000924,4.06,6998,NITROFURANTOINA 50 mg TABLETAS RECUBIERTAS,6.77,matched,score=0.737
cobeca,NITROFURANTOINA TAB/REC 50MG X 30 DAC,29538,7598578000735,4.42,6998,NITROFURANTOINA 50 mg TABLETAS RECUBIERTAS,7.37,matched,score=0.737
cobeca,"NITROFURAZONA UNG 0,2MG 30G HM",52434,0736732692290,3.49,3322,"NITROFURAZONA 0,2 % CREMA",5.82,matched,score=0.783
cobeca,NODOL PARCHE TERMICO X3 DOLLY,54374,7598928000156,10.24,,,,sin_match,no farmaco
cobeca,NOGINOX CREM VAG 40G PHARME,1597,7592454363754,6.91,,,,sin_match,score_bajo
cobeca,NONAFOL SOL GTS 10MG/ML 15ML MEY,18358,7592601303114,7.96,5223,NONAFOL 10 mg / mL SOLUCION ORAL,13.27,matched,score=0.623
cobeca,NONAFOL TAB 10MG X10 MEY,23015,7592601303954,1.13,5333,NONAFOL 10 mg TABLETAS,1.88,matched,score=0.641
cobeca,NONAFOL TAB 10MG X20 MEY,25245,7592601303961,2.09,5333,NONAFOL 10 mg TABLETAS,3.48,matched,score=0.641
cobeca,NONAFOL TAB 10MG X30 MEY,23016,7592601303978,2.78,5333,NONAFOL 10 mg TABLETAS,4.63,matched,score=0.641
cobeca,NONAFOL TAB 5MG X10 MEY,23099,7592601303923,1,5334,NONAFOL 5 mg TABLETAS,1.67,matched,score=0.674
cobeca,NONAFOL TAB 5MG X20 MEY,21982,7592601303930,1.64,5334,NONAFOL 5 mg TABLETAS,2.73,matched,score=0.674
cobeca,NONAFOL TAB 5MG X30 MEY,21983,7592601303947,2.47,5334,NONAFOL 5 mg TABLETAS,4.12,matched,score=0.674
cobeca,NONNA JBE PREMIUM 180ML NAT PREM,27117,7592430000819,6.3,,,,sin_match,sin_candidato
cobeca,NOODLES KALDINI CUP POLLO 60G,53713,840205726738,1.6,,,,sin_match,no farmaco
cobeca,NOODLES KALDINI POLLO 70G,53710,841165145980,0.84,,,,sin_match,no farmaco
cobeca,"NOPUCID CHAMPU 2EN1 0,02% 120ML",51339,7592803004192,3.78,,,,sin_match,sin_candidato
cobeca,NOR-GYNA AMP 50MG/5MG 1ML X1 CR 2N,51841,8908003460598,3.25,,,,sin_match,sin_candidato
cobeca,NORMIX TAB 200MG X12 FAR,90497,8020030053311,12.55,3898,NORMIX 200 mg TABLETAS RECUBIERTAS,20.92,matched,score=0.635
cobeca,"NORMOSILEN ANILLO VAG 0,120/0,015MG LETI",52223,7591585116994,38.23,,,,sin_match,no farmaco
cobeca,NORSINA TAB 500MG/10MG X12 BIOT,97499,7591243837452,6.62,3684,NORSINA 500 mg - 10 mg TABLETAS,11.03,matched,score=0.629
cobeca,NORTRICOL CAP 200MG X20 MEY,25240,7707355054070,37.96,6466,NORTRICOL 200 mg CÁPSULAS,63.27,matched,score=0.657
cobeca,NOTOLAC TAB 20MG X10 FAR,1531,7591821902022,4.42,2295,NOTOLAC 20 mg TABLETAS,7.37,matched,score=0.859
cobeca,NOTOLAC TAB SL 30MG X4 FAR,4634,7591821210134,3.74,3098,NOTOLAC 30 mg TABLETAS SUBLINGUALES,6.23,matched,score=0.687
cobeca,NOTUSIN JBE PED 2MG/20MG/ML 120ML SIEG,52064,7707355058153,8.66,,,,sin_match,sin_candidato
cobeca,NOVACODIN JBE REFORMUL 120ML VARG,93170,7592349723229,4.84,,,,sin_match,score_bajo
cobeca,NOVARONA COMP 200MG X10 DLR,8426,7592803000859,7.23,2004,NOVARONA 200 mg COMPRIMIDOS,12.05,matched,score=0.757
cobeca,NOVE PAR JBE COMPLEJO B+CA 90ML VIN,17017,7592782000734,3.74,,,,sin_match,score_bajo
cobeca,NOVHEPAR B12 JBE 180ML VIN,27056,7592782000673,6.71,,,,sin_match,score_bajo
cobeca,NOXPIRIN DIA 15G SOB X6 MEY,27796,7707355053431,9.77,,,,sin_match,score_bajo
cobeca,NOXPIRIN GRIP TAB BLIS 4X25 MEY,20328,7592601303237,42.18,,,,sin_match,score_bajo
cobeca,NOXPIRIN GRIP TAB X12 MEY,20329,7592601303220,7.9,5255,NOXPIRIN GRIP TABLETAS,13.17,matched,score=0.661
cobeca,NOXPIRIN GTS 15ML MEY,16337,7592601302100,5.69,,,,sin_match,score_bajo
cobeca,NOXPIRIN NOCH 10G SOB DISP X12 MEY,27797,7707355056852,18.65,,,,sin_match,score_bajo
cobeca,NOXPIRIN NOCH 10G SOB X24 MEY,27795,7707355054322,31.66,,,,sin_match,score_bajo
cobeca,NOXPIRIN NOCH 10G SOB X6 MEY,27794,7707355054339,11.66,,,,sin_match,score_bajo
cobeca,NOXPIRIN SOB DIA 15G DISP X12,29014,7707355056845,19.55,,,,sin_match,score_bajo
cobeca,NOXPIRIN SOB DIA 15G X 24,28904,7707355053424,39.1,,,,sin_match,score_bajo
cobeca,"NOXPIRIN SOL ORAL125/0,5MG/5ML 120ML MEY",24256,7592601000068,4.81,,,,sin_match,score_bajo
cobeca,"NOXPIRIN SOL ORAL325/1,25MG/5ML120ML MEY",24257,7592601000051,8.95,,,,sin_match,score_bajo
cobeca,NUCITA CACAO 200G,53202,7591675000417,4.84,,,,sin_match,no farmaco
cobeca,NUCITA CHOCOLATE ENVASE TRADICIONAL 280G,54463,7591675000561,5.73,,,,sin_match,no farmaco
cobeca,NUCITA DOBLE SABOR 200G,51235,7591675000363,5.13,,,,sin_match,no farmaco
cobeca,NUCITA DOBLE SABOR FRASCO 85G,51234,7591675000264,2.43,,,,sin_match,no farmaco
cobeca,NUCITA MERIENDITA DOBLE SABOR X12 20G,51233,7591675014247,6.21,,,,sin_match,no farmaco
cobeca,NUCITA TUBITO CHOCO DISP X12 35G,51231,7591675010102,13.29,,,,sin_match,sin_candidato
cobeca,NUCITA TUBITO DOBLE SABOR DISP X12 35G,51232,7591675014209,13.29,,,,sin_match,sin_candidato
cobeca,NUTRA TRAINING PVO PRO SPORT 200MG,51991,7599558000080,17.13,,,,sin_match,sin_candidato
cobeca,"NUTRAMINT SOL  8,5% 500ML X1 BHR",6417,7592637001220,47.45,,,,sin_match,sin_candidato
cobeca,NUTRAPLANT DETOX 200G,52837,7599558000011,13.19,,,,sin_match,no farmaco
cobeca,NUTRAPLANT PVO FITNESS 200G,51994,7599558000035,13.14,,,,sin_match,sin_candidato
cobeca,NUTRAPLANT REDOX 200G,52840,7599558000042,14.86,,,,sin_match,no farmaco
cobeca,NUTRAPLAT PVO SUPERFOOD 200G,51993,7599558000028,13.39,,,,sin_match,sin_candidato
cobeca,NUTRATRAINIG PRO AMINE 200G,52839,7599558000073,19.77,,,,sin_match,no farmaco
cobeca,NUTRATRAINIG PROFIT 200G,52838,7599558000097,15.84,,,,sin_match,no farmaco
cobeca,NUTRIBELA BIOKERATINA 300ML,54539,7702354957179,4.85,,,,sin_match,no farmaco
cobeca,NUTRIFARM CAP BLD HAIR/NAILS X30 G PHAR,22814,7597189000028,9.23,,,,sin_match,sin_candidato
cobeca,NUTRISERUM BIO+ IVY 30CM3,52024,7591885003611,11.89,,,,sin_match,no farmaco
cobeca,NUTRIVIDA PRENATAL CAP X60 ETER,28363,787790469858,22.4,,,,sin_match,sin_candidato
cobeca,NYTAXIN CAP BLD 500MG X6 VIV,95014,7592432018010,11.36,4281,NYTAXIN 500 mg CAPSULAS BLANDAS,18.93,matched,score=0.606
cobeca,"OBBIAT CAP 2MG/0,03MG X21 CR CCM",21976,7401078900118,15.01,,,,sin_match,score_bajo
cobeca,OBLEAS MORDISQUITOS CHOCOLATE 150G,16152,7591082002127,1.56,,,,sin_match,no farmaco
cobeca,OBLEAS MORDISQUITOS FRESA 150G,16151,7591082002141,1.44,,,,sin_match,no farmaco
cobeca,OBTURADOR/CATETER PLUSMEDIC AMARIL X100,19843,7597467000115,16.17,,,,sin_match,no farmaco
cobeca,OCUPRED SUSP OFT 1%  5ML L.O,5333,7591196002242,15.38,,,,sin_match,score_bajo
cobeca,OFAFLAN COMP 50MG X10 OFA,95750,7594002082131,1.36,4579,OFAFLAN 50 mg COMPRIMIDOS CON CUBIERTA ENTERICA,2.27,matched,score=0.610
cobeca,"OFAFLAN SUP PED 12,5MG X6 ELM",20071,7591062016458,5.01,,,,sin_match,score_bajo
cobeca,OFAFLAN SUSP GTS 15MG/ML 30ML ELM,99815,7591062900894,2.17,,,,sin_match,score_bajo
cobeca,OFAFLAN SUSP ORAL 2MG/ML 120ML ELM,99845,7591062016472,8.12,4545,OFAFLAN 2 mg / mL SUSPENSION ORAL,13.53,matched,score=0.869
cobeca,OFTABRIM SOL OFT 0.20% X5ML CR 2N,54411,54411,4.6,,,,sin_match,sin_candidato
cobeca,OFTAINE SOL OFT 15ML L.O,8730,7591196000392,36.27,,,,sin_match,score_bajo
cobeca,OFTERRA UNG OFT X 7 G,3929,7591196002211,21.29,2217,OFTERRA UNGUENTO OFTALMICO,35.48,matched,score=0.692
cobeca,OJOS MOVILES MULTICOLOR  BAMBARY,54205,7453086101728,3,,,,sin_match,no farmaco
cobeca,OLANZAPINA TAB 5MG X30 CLEO,25670,7598677000407,25.97,5858,OLANZAPINA 5 mg TABLETAS ORODISPERSABLES,43.28,matched,score=0.891
cobeca,OLMECAR COMP REC 20MG X30 LETI,18030,7591585318794,15.07,4672,OLMECAR 20 mg COMPRIMIDOS RECUBIERTOS,25.12,matched,score=0.622
cobeca,OLMECAR TAB 40MG X30 LETI,20723,7591585318800,23.81,4661,OLMECAR 40 mg COMPRIMIDOS RECUBIERTOS,39.68,matched,score=0.859
cobeca,OLMESART MEDO TAB REC 20MG X30 PHARME,22216,7592454003285,8.44,,,,sin_match,sin_candidato
cobeca,OLMESART MEDOX/HC TAB 40/12.5MGX30 LA SA,28724,7592454003773,17.09,,,,sin_match,sin_candidato
cobeca,"OLMESART/HCT TAB REC 40/12,5MGX10 PHARME",20773,7592454891431,6.1,,,,sin_match,score_bajo
cobeca,OLMESARTAN MED/HCT COM 20/12.5MG X30 LET,50500,7591585179098,22.16,4980,"OLMESARTAN MEDOXOMIL 40 mg - HIDROLOCOTIAZIDA 12,5 mg TABLETAS RECUBIERTAS",36.93,matched,score=0.723
cobeca,OLMESARTAN MED/HCT COM 40/12.5MG X30 LET,50501,7591585179142,22.94,4980,"OLMESARTAN MEDOXOMIL 40 mg - HIDROLOCOTIAZIDA 12,5 mg TABLETAS RECUBIERTAS",38.23,matched,score=0.723
cobeca,OLMESARTAN MEDO TAB 20MG X10 PHARME,18568,7592454891219,3.86,5694,OLMESARTAN MEDOXOMILO 20 mg TABLETAS RECUBIERTAS,6.43,matched,score=0.813
cobeca,OLMESARTAN MEDO TAB 20MG X30 ALESS,20514,7597758000312,3.96,4951,OLMESARTAN MEDOXOMIL 20 mg TABLETAS RECUBIERTAS,6.6,matched,score=0.767
cobeca,OLMESARTAN MEDO TAB 40MG X10 PHARME,18584,7592454891226,7.03,5693,OLMESARTAN MEDOXOMILO 40 mg TABLETAS RECUBIERTAS,11.72,matched,score=0.813
cobeca,OLMESARTAN MEDO TAB 40MG X30 ALESS,20515,7597758000329,5.85,4980,"OLMESARTAN MEDOXOMIL 40 mg - HIDROLOCOTIAZIDA 12,5 mg TABLETAS RECUBIERTAS",9.75,matched,score=0.767
cobeca,OLMESARTAN MEDOXO TAB REC 40MGX30 PHARME,22821,7592454003278,15.04,5693,OLMESARTAN MEDOXOMILO 40 mg TABLETAS RECUBIERTAS,25.07,matched,score=0.689
cobeca,OLMESARTAN MEDOXOM COMP REC 20MGX14 LETI,25976,7591585378798,5.55,5694,OLMESARTAN MEDOXOMILO 20 mg TABLETAS RECUBIERTAS,9.25,matched,score=0.702
cobeca,OLMESARTAN MEDOXOM COMP REC 40MGX14 LETI,25975,7591585378804,8.86,5693,OLMESARTAN MEDOXOMILO 40 mg TABLETAS RECUBIERTAS,14.77,matched,score=0.702
cobeca,OLMESARTAN MEDOXOMIL COM/REC 20MG X 30,99097,7591585278791,9.64,5694,OLMESARTAN MEDOXOMILO 20 mg TABLETAS RECUBIERTAS,16.07,matched,score=0.791
cobeca,OLMESARTAN MEDOXOMIL COMP/REC 40MG X 30,99045,7591585278807,16.6,5693,OLMESARTAN MEDOXOMILO 40 mg TABLETAS RECUBIERTAS,27.67,matched,score=0.791
cobeca,OLMESARTAN MEDOXOMIL TAB 20MG X30 BLUE/M,26371,7598127001640,3.96,5694,OLMESARTAN MEDOXOMILO 20 mg TABLETAS RECUBIERTAS,6.6,matched,score=0.878
cobeca,OLMESARTAN TAB REC 20MG X30 KMP,54214,0730170649548,4.73,5694,OLMESARTAN MEDOXOMILO 20 mg TABLETAS RECUBIERTAS,7.88,matched,score=0.737
cobeca,OLMESARTAN TAB REC 40MG X30 KMP,54215,0730170649555,7.88,5693,OLMESARTAN MEDOXOMILO 40 mg TABLETAS RECUBIERTAS,13.13,matched,score=0.737
cobeca,OLMESARTAN TABR 20MG X 30 CALOX,13813,7591519051841,6.49,,,,sin_match,no farmaco
cobeca,OLMESARTAN TABR 40MG X 30 CALOX,13812,7591519051858,13.01,,,,sin_match,no farmaco
cobeca,OLMETIQUE TAB 20MG X30 PHARME,27013,7592454003568,9.49,5709,OLMETIQUE 20 mg TABLETAS RECUBIERTAS,15.82,matched,score=0.676
cobeca,"OLTANA H COMP REC 40MG/12,5MG X30 EURO",53273,7891317036607,15.83,,,,sin_match,score_bajo
cobeca,OMEBLOC PVO LIOF 40MG X10 BHR,50763,7592637000773,20.79,,,,sin_match,sin_candidato
cobeca,OMEGA 3 CAP 1000MG X100 NOW,11436,733739100092,19.03,,,,sin_match,sin_candidato
cobeca,OMEGA 3 CAP 1000MG X45 NOW,91937,733739110411,12.53,,,,sin_match,sin_candidato
cobeca,OMEGA 3 CAP 1000MG X60 ARC IRIS,18764,7592946169635,15.86,,,,sin_match,sin_candidato
cobeca,OMEGA 3 CAP BLD 1000MG X30 NOW,28241,733739016492,10.39,,,,sin_match,sin_candidato
cobeca,OMEGA 3 CAP BLD 1000MG X30 SAAS,52842,7591940000586,9.66,,,,sin_match,sin_candidato
cobeca,OMEGA 3 CAP BLD 1000MG X30 VAL,9141,669238000499,12.17,,,,sin_match,sin_candidato
cobeca,OMEGA 3 CAP BLD 1000MG X60 HERB,52355,7592710005671,14.81,,,,sin_match,sin_candidato
cobeca,OMEGA 3 CAP BLD 1000MG X60 PREV,52134,7598953000114,15.72,,,,sin_match,sin_candidato
cobeca,OMEGA 3 CAP BLD 1000MG X60 VAL,51346,198715202847,17.97,,,,sin_match,sin_candidato
cobeca,OMEGA 3 CAP BLD 2000MG X60 PHARMAC,27970,787790474654,16.88,,,,sin_match,sin_candidato
cobeca,OMEGA 3 PLUS CAP BLD 1250MG X60 PREV,52135,7598953000138,17.77,,,,sin_match,sin_candidato
cobeca,OMEGA 3/6/9 CAP BLD 1000MG X60 HERB,53609,7592710005565,14.81,,,,sin_match,sin_candidato
cobeca,OMEGA 3/6/9 CAP X60 ARC IRIS,18765,7592946169659,15.86,,,,sin_match,sin_candidato
cobeca,OMEPRAZOL CAP 20 MG X 10 KMPLUS,23774,6921875011172,1.32,2353,OMEPRAZOL 20 mg CAPSULAS CON MICROGRANULOS ENTERICOS,2.2,matched,score=0.856
cobeca,OMEPRAZOL CAP 20 MG X 30 LA SANTE,11680,7592454001571,6.31,2459,OMEPRAZOL 20 mg CAPSULAS CON MICROGRANULOS CON CUBIERTA ENTERICA,10.52,matched,score=0.827
cobeca,OMEPRAZOL CAP 20MG X10 FMED,53303,8908020242238,1.07,6425,OMEPRAZOL 20 mg CAPSULAS GASTRORRESISTENTES,1.78,matched,score=0.859
cobeca,OMEPRAZOL CAP 20MG X14 CLX,21060,7591519000153,2.91,2353,OMEPRAZOL 20 mg CAPSULAS CON MICROGRANULOS ENTERICOS,4.85,matched,score=0.859
cobeca,OMEPRAZOL CAP 20MG X20 CR DAC,20938,7598578000179,2.25,6425,OMEPRAZOL 20 mg CAPSULAS GASTRORRESISTENTES,3.75,matched,score=0.859
cobeca,OMEPRAZOL CAP 20MG X28 CLX,8254,7591519001907,3.96,2353,OMEPRAZOL 20 mg CAPSULAS CON MICROGRANULOS ENTERICOS,6.6,matched,score=0.859
cobeca,OMEPRAZOL CAP 20MG X30 L.O,24329,7591196006233,7.79,2353,OMEPRAZOL 20 mg CAPSULAS CON MICROGRANULOS ENTERICOS,12.98,matched,score=0.742
cobeca,OMEPRAZOL CAP 20MG X30 VARG,98882,7591136957434,3.74,6425,OMEPRAZOL 20 mg CAPSULAS GASTRORRESISTENTES,6.23,matched,score=0.859
cobeca,OMEPRAZOL CAP 20MG X7 L.O,9745,7591196003386,3.82,2353,OMEPRAZOL 20 mg CAPSULAS CON MICROGRANULOS ENTERICOS,6.37,matched,score=0.742
cobeca,OMEPRAZOL CAP 20MG X7 VARG,20777,7592349723717,1.42,6425,OMEPRAZOL 20 mg CAPSULAS GASTRORRESISTENTES,2.37,matched,score=0.859
cobeca,OMEPRAZOL CAP 20MG X8 LETI,6497,7591585573810,3.44,2459,OMEPRAZOL 20 mg CAPSULAS CON MICROGRANULOS CON CUBIERTA ENTERICA,5.73,matched,score=0.859
cobeca,OMEPRAZOL CAP 20MG X8 PHARME,10856,7592454163682,2.78,6425,OMEPRAZOL 20 mg CAPSULAS GASTRORRESISTENTES,4.63,matched,score=0.859
cobeca,OMEPRAZOL CAP 20MG/MCG DISP 10X7 VARG,25616,7592349001136,8.43,,,,sin_match,score_bajo
cobeca,OMEPRAZOL CAP 40MG X 30 OFTALMI,50576,7591196006585,14.66,5393,OMEPRAZOL 40 mg CAPSULAS CON MICROGRANULOS GASTRORRESISTENTES,24.43,matched,score=0.746
cobeca,OMEPRAZOL CAP 40MG X 7 OFTALMI,29583,7591196003379,5.84,5393,OMEPRAZOL 40 mg CAPSULAS CON MICROGRANULOS GASTRORRESISTENTES,9.73,matched,score=0.746
cobeca,OMEPRAZOL CAP 40MG X30 PHARME,23870,7703763889099,15.21,5185,OMEPRAZOL 40 mg CAPSULAS GASTRORRESISTENTES,25.35,matched,score=0.797
cobeca,OMEPRAZOL CAP GAST 40MG X10 LETI,16765,7591585173881,7.36,5185,OMEPRAZOL 40 mg CAPSULAS GASTRORRESISTENTES,12.27,matched,score=0.766
cobeca,OMEPRAZOL CAP/MICRO G 20MG X 30 GENVEN,29950,7591585773814,7.11,2459,OMEPRAZOL 20 mg CAPSULAS CON MICROGRANULOS CON CUBIERTA ENTERICA,11.85,matched,score=0.720
cobeca,OMEPRAZOL JUVILOC TAB 20MG X20 ADN,53250,8906142160881,1.95,6750,JUVILOC 20 mg TABLETAS GASTRORRESISTENTE,3.25,matched,score=0.641
cobeca,OMEPRAZOL PVO P/SOL INY 40MG X1 CR DIST,51351,7598252001317,2.84,668,OMEPRAZOL 40 mg POLVO LIOFILIZADO PARA INFUSION INTRAVENOSA,4.73,matched,score=0.859
cobeca,OMMUNAL CAP 7MG X10 LETI,6053,7591585111609,31.43,1580,OMMUNAL (LISADO BACTERIANO) 7 mg CAPSULAS,52.38,matched,score=0.844
cobeca,ONDANSETRON COMP 4MG X10 MEG,1107,7594000490471,7.27,2680,ONDANSETRON 4 mg COMPRIMIDOS,12.12,matched,score=0.935
cobeca,ONDANSETRON COMP 8MG X10 MEG,1108,7594000490488,10.26,2681,ONDANSETRON 8 mg COMPRIMIDOS,17.1,matched,score=0.935
cobeca,ONDANSETRON INY 2 MG/ML 4MG X1 MEG,1111,7594000490495,4.42,921,ONDANSETRON 8 mg / 4 mL SOLUCION INYECTABLE INTRAVENOSA,7.37,matched,score=0.891
cobeca,ONDANSETRON INY 2MG/ML 8MG X1 MEG,1112,7594000490501,6.62,1397,ONDANSETRON 4 mg / 2 mL SOLUCIÓN INYECTABLE,11.03,matched,score=0.844
cobeca,ONDANSETRON INY IV/IM 8MG/4ML X5 DIST,52480,7598252001928,15.51,921,ONDANSETRON 8 mg / 4 mL SOLUCION INYECTABLE INTRAVENOSA,25.85,matched,score=0.672
cobeca,ONDANSETRON SOL INY IM/IV 8MG/4ML X1 ADN,53239,8906112611900,2.62,921,ONDANSETRON 8 mg / 4 mL SOLUCION INYECTABLE INTRAVENOSA,4.37,matched,score=0.672
cobeca,ONDANSETRON SOL ORAL 4MG/5ML 50ML MEG,23942,7591619150000,8.83,5256,ONDANSETRON 4 mg / 5 mL SOLUCION ORAL,14.72,matched,score=0.886
cobeca,ONDANSETRON TAB 4MG X10 HM,52435,0632627843427,2.52,2680,ONDANSETRON 4 mg COMPRIMIDOS,4.2,matched,score=0.891
cobeca,ONDANSETRON TAB 8MG X10 ADN,53240,8904159415178,4.45,2681,ONDANSETRON 8 mg COMPRIMIDOS,7.42,matched,score=0.891
cobeca,ONDANSETRON TAB 8MG X10 CLEO,25676,7598677000070,6.9,2681,ONDANSETRON 8 mg COMPRIMIDOS,11.5,matched,score=0.891
cobeca,ONDANSETRON TAB 8MG X10 HM,52436,0793969044337,3.42,2681,ONDANSETRON 8 mg COMPRIMIDOS,5.7,matched,score=0.891
cobeca,ONDATRIN AMP 2MG/4ML X1 BHR,13380,7592637005679,7.62,749,ONDATRIN 2 mg / mL SOLUCION INYECTABLE,12.7,matched,score=0.759
cobeca,ONDATRIN AMP 4MG/2ML X5 BHR,20527,7592637008281,17.14,749,ONDATRIN 2 mg / mL SOLUCION INYECTABLE,28.57,matched,score=0.672
cobeca,ONDAZIN AMP 8MG/4ML X 10 BLUE/M,50584,7598127002081,21.19,,,,sin_match,sin_candidato
cobeca,ONOTO LIQ MCCORMICK 154G,18107,7591141324009,1.74,,,,sin_match,no farmaco
cobeca,"OPAT SOL OFT 0,1% 5ML L.O",91031,7591196003942,10.02,,,,sin_match,score_bajo
cobeca,OPRANEX CAP 20MG X30 BLUE/M,23879,7598127001176,2.36,,,,sin_match,sin_candidato
cobeca,OPRANEX PVO LIOF INY 40MG X1 BLUE/M,26370,7598127000629,1.58,,,,sin_match,sin_candidato
cobeca,"ORALZINC PVO 23,21G COCO SOB X1 VARG",51830,7592349722291,5.27,,,,sin_match,score_bajo
cobeca,ORALZINC PVO SOL ORAL FRUTAS TROP VARG,52758,7592349722314,5.27,4217,ORALZINC SALES DE REHIDRATACION EN POLVO PARA SOLUCION ORAL SABOR A FRUTAS TROPICALES,8.78,matched,score=0.620
cobeca,ORALZINC SOB MANDA X1 ZUO,98501,7591651722302,5.27,,,,sin_match,score_bajo
cobeca,OREGANO MCCORMICK ENTERO 15G,18244,7591141103208,3.17,,,,sin_match,no farmaco
cobeca,OREGANO MCCORMICK MOLIDO 40G,18245,7591141103406,3.16,,,,sin_match,no farmaco
cobeca,ORLIDIET CAP 120MG X30 MEG,94356,7591619000244,23.9,4626,ORLIDIET 120 mg CAPSULAS,39.83,matched,score=0.808
cobeca,ORLIDIET CAP 60MG X30 MEG,99789,7591619519050,14.68,4821,ORLIDIET 60 mg CAPSULAS,24.47,matched,score=0.788
cobeca,ORLISTAT CAP 120MG X30 VIV,25517,7703153020330,18.74,3716,ORLISTAT 120 mg CAPSULAS,31.23,matched,score=0.878
cobeca,OROZIM COMP REC 192MG X10 BIOT,50901,7591243839739,8.04,,,,sin_match,sin_candidato
cobeca,OROZIM COMP REC X20 BIOTECH,484,7591243839753,14.09,,,,sin_match,sin_candidato
cobeca,OSMIXACIN SOL INY 500MG/100ML ZUZU,52593,7599608001685,3.4,,,,sin_match,sin_candidato
cobeca,OSTEOVIT CAP 500MG X60 HERB,52356,7592710005633,9.62,,,,sin_match,sin_candidato
cobeca,"OTAN GTS 0,10/4MG 5ML VIN",97545,7592782000567,15.27,,,,sin_match,score_bajo
cobeca,OTINUV SOL GTAS 5ML NUV,50875,7581441131582,6.27,,,,sin_match,sin_candidato
cobeca,OTOCORT SOL OTICA 1MG/5MG/5000UI 5ML L.O,52903,7591196003249,7.61,1674,OTANOL 50 mg/ml SOLUCION OTICA,12.68,matched,score=0.712
cobeca,OTORIN +1 X 30ML,50222,7598928000071,4.66,,,,sin_match,no farmaco
cobeca,OVOMALTINA MAXI TUBO 100G,18060,7591039995519,3.38,,,,sin_match,no farmaco
cobeca,OVOMALTINA TUBO 35G X 3PACK,29791,7591039380575,3.46,,,,sin_match,no farmaco
cobeca,OVOMALTINA UNTABLE X 300G,50730,7591039000565,4.95,,,,sin_match,no farmaco
cobeca,"OVOREST TAB 0,15/0,03/75MG X28 CAPSUV",27852,7598055001408,4.56,,,,sin_match,sin_candidato
cobeca,OXCARBAZEPINA TAB 300MG X30 ARVEST,52505,8908020242160,7.62,6594,OXCARBAZEPINA 300 mg TABLETAS RECUBIERTAS,12.7,matched,score=0.721
cobeca,OXCARBAZEPINA TAB 300MG X30 CLEO,25662,7598677000087,10.47,6594,OXCARBAZEPINA 300 mg TABLETAS RECUBIERTAS,17.45,matched,score=0.878
cobeca,OXCARBAZEPINA TAB 300MG X30 CR LATT,23484,0720524031136,10.39,6594,OXCARBAZEPINA 300 mg TABLETAS RECUBIERTAS,17.32,matched,score=0.878
cobeca,OXIDO D/CINC UNG 20% 30G LYA,25451,7599028000398,4.42,,,,sin_match,score_bajo
cobeca,OXIDREN COMP 150MG X1 LETI,94330,7591585112552,16.41,4509,OXIDREN 150 mg COMPRIMIDOS RECUBIERTOS,27.35,matched,score=0.700
cobeca,OXINORM CAP X30,2234,7591096000393,18.86,,,,sin_match,sin_candidato
cobeca,"OXITETRA/POL UNGOFT 0,5%/10000UI6G CRZUK",21502,7420001113074,18.18,,,,sin_match,no farmaco
cobeca,OXOLAM/CITRAT JBE 50 MG/5ML X120ML LETI,11513,7591585178114,7,,,,sin_match,score_bajo
cobeca,OXOLAMINA JBE AD 120ML VLM,9549,7591020001519,4.16,2184,OXOLAMINA JARABE,6.93,matched,score=0.609
cobeca,OXOLAMINA JBE PED 120ML VLM,2771,7591020001526,4.1,,,,sin_match,score_bajo
cobeca,PALETA D/MADERA PEQUE M/COL,26757,7453086114704,2.98,,,,sin_match,no farmaco
cobeca,PALOMITAS GERBER 35G X15,54498,7891000417003,38.6,,,,sin_match,no farmaco
cobeca,"PALONOSETRON AMP 0,25MG/5ML MEDV",23757,7501125170751,63.6,1054,"PALONOSETRON 0,25 mg / 5 mL SOLUCION INYECTABLE",106,matched,score=0.848
cobeca,PAÑAL CHICCO BABY SKIN TALLA G X 20,29050,7591353516209,5.67,,,,sin_match,no farmaco
cobeca,PAÑAL CHICCO BABY SKIN TALLA M X 20,29049,7591353516100,5.08,,,,sin_match,no farmaco
cobeca,PAÑAL CHICCO BABY SKIN TALLA XG X 20,29051,7591353516308,5.88,,,,sin_match,no farmaco
cobeca,PAÑAL CHICCO BABY SKIN XXG X20,53020,7591353650385,5.71,,,,sin_match,no farmaco
cobeca,PAÑAL HUGGIES ACTIVE SEC G X25,29871,7702425228504,11.87,,,,sin_match,no farmaco
cobeca,PAÑAL HUGGIES ACTIVE SEC XG X25,29865,7702425933934,15.44,,,,sin_match,no farmaco
cobeca,PAÑAL HUGGIES ACTIVE SEC XXG X25,29858,7702425292727,16.76,,,,sin_match,no farmaco
cobeca,PAÑAL HUGGIES NATCARE M X 25,50028,7702425754966,10.94,,,,sin_match,no farmaco
cobeca,PAÑAL HUGGIES TRIPLE PROT G X 20,29866,7702425466364,6.22,,,,sin_match,no farmaco
cobeca,PAÑAL HUGGIES TRIPLE PROT XG X 20,29861,7702425478350,7.61,,,,sin_match,no farmaco
cobeca,PAÑAL HUGGIES TRIPLE PROT XXG X 20,29855,7702425424173,8.27,,,,sin_match,no farmaco
cobeca,PAÑAL MI BB +13KG T XG X10,20297,7591251013060,2.8,,,,sin_match,no farmaco
cobeca,PAÑAL MI BB 10-13KG T X10,20296,7591251012063,2.68,,,,sin_match,no farmaco
cobeca,PAÑAL MI BB 5-10KG T M X10,20295,7591251011066,2.55,,,,sin_match,no farmaco
cobeca,PAÑAL MI BB 5-10KG T M X20,23021,7591251011073,4.78,,,,sin_match,no farmaco
cobeca,PAÑAL MI BB EX GDE X20,23022,7591251013077,5.35,,,,sin_match,no farmaco
cobeca,PAÑAL MI BB EX GDE X40,24690,7591251013084,10,,,,sin_match,no farmaco
cobeca,PAÑAL MI BB GDE X40,24689,7591251012087,9.55,,,,sin_match,no farmaco
cobeca,PAÑAL MI BB MED X40,26084,7591251011080,9.08,,,,sin_match,no farmaco
cobeca,PAÑAL MI BB T G 10-13KG X20,19485,7591251012070,5.03,,,,sin_match,no farmaco
cobeca,PAÑAL MIMLOT AD T L X8,17733,0661799967150,7.4,,,,sin_match,no farmaco
cobeca,PAÑAL MIMLOT AD T M X8,17732,0661799967167,6.19,,,,sin_match,no farmaco
cobeca,PAÑAL MIMLOT BEBE T XXG X18,22629,1180201379255,5.85,,,,sin_match,no farmaco
cobeca,PAÑAL MIMLOT T G X20,19901,1180201379286,5.85,,,,sin_match,no farmaco
cobeca,PAÑAL MIMLOT T M X22,19900,1180201379279,5.85,,,,sin_match,no farmaco
cobeca,PAÑAL MIMLOT T P X24,19899,1180201379262,5.85,,,,sin_match,no farmaco
cobeca,PAÑAL MIMLOT T XG X18,19902,1180201379293,5.85,,,,sin_match,no farmaco
cobeca,PAÑAL MIMLOT TIPO PANTS AD T G X8,20775,1180201389421,10.15,,,,sin_match,no farmaco
cobeca,PAÑAL MIMLOT TIPO PANTS AD T M X9,20774,1180201389414,10.15,,,,sin_match,no farmaco
cobeca,PAÑAL MIMLOT TIPO PANTS AD T XG X7,20776,1180201389438,9.89,,,,sin_match,no farmaco
cobeca,PAÑAL SECUREZZA CLASSIC M AD X20,51899,7591353690046,17.24,,,,sin_match,no farmaco
cobeca,PAÑAL SECUREZZA CLASSIC TALLA L X20,50600,7591353690084,20.34,,,,sin_match,no farmaco
cobeca,PAÑAL SECUREZZA COMFORT M AD X20,51898,7591353690053,19.36,,,,sin_match,no farmaco
cobeca,PAÑAL SECUREZZA COMFORT MED X6,27108,7591353515103,6.55,,,,sin_match,no farmaco
cobeca,PAÑAL SECUREZZA COMFORT T/L P/PACKX20,50601,7591353690077,21.94,,,,sin_match,no farmaco
cobeca,PAÑAL SECUREZZA COMFORT T/L X6,27109,7591353515202,7.72,,,,sin_match,no farmaco
cobeca,PAÑAL SECUREZZA INCONTINENCIA CLAS GDEX6,14804,7591353515011,7.63,,,,sin_match,no farmaco
cobeca,PAÑAL SECUREZZA INCONTINENCIA CLAS MEDX6,14802,7591353515004,6.47,,,,sin_match,no farmaco
cobeca,PAÑAL SIEMPRESECO INCONTINENCIA T G X6,16744,7591353699018,5.31,,,,sin_match,no farmaco
cobeca,PAÑAL SIEMPRESECO INCONTINENCIA T M X6,16743,7591353699001,4.82,,,,sin_match,no farmaco
cobeca,PAÑAL TENA PANTS CLAS AD T L X8,27505,7702026174156,8.2,,,,sin_match,no farmaco
cobeca,PAÑAL TENA PANTS CLAS AD T M X8,27504,7702026174149,10.47,,,,sin_match,no farmaco
cobeca,PAÑAL TENA SLIP COMFORT AD T L X9,27503,7702027479724,14.68,,,,sin_match,no farmaco
cobeca,PAÑAL TENA SLIP COMFORT AD T M X9,27502,7702027479625,13.04,,,,sin_match,no farmaco
cobeca,PAÑAL TWO5MED INCONTINENCIA AD T L X10,27566,7598832000716,14.01,,,,sin_match,no farmaco
cobeca,PAÑAL TWO5MED INCONTINENCIA AD T XL X10,27567,7598832000723,14.65,,,,sin_match,no farmaco
cobeca,PAÑAL TWO5MED INCOTINENCIA AD T M X10,27565,7598832000709,13.69,,,,sin_match,no farmaco
cobeca,PAÑITOS HUM PEQUEÑIN AVENA X80,52825,7702026154011,3.1,,,,sin_match,no farmaco
cobeca,PAÑITOS HUM PEQUEÑIN M/CUIDADO X16,52380,7702026148126,0.52,,,,sin_match,no farmaco
cobeca,PAÑITOS HUM PEQUEÑIN M/CUIDADO X80,52381,7702026153243,1.77,,,,sin_match,no farmaco
cobeca,PAÑO ETERNA MICROFIBRA C/SURTIDO X3,29041,7702037872461,5.56,,,,sin_match,no farmaco
cobeca,PAÑO SCOTT DURAMAX REUTILIZABLE X52,29830,7702425802872,4.26,,,,sin_match,no farmaco
cobeca,PAÑO/ABSORB CALIDEX AMARIL X3,22326,7591985900858,2.52,,,,sin_match,no farmaco
cobeca,PAÑO/ABSORB CALIDEX ESTAMP X3,22327,7591985900872,3.7,,,,sin_match,no farmaco
cobeca,PANTALLA SOL BIO+ 50FPS COLOR CLA 60CM3,52027,7591885003826,8.43,,,,sin_match,score_bajo
cobeca,PANTALLA SOL FACIAL ZOAH RETOUCH 50+ 51G,54236,7596211000654,6.75,,,,sin_match,sin_candidato
cobeca,PANTALLA SOLAR BIOMAS C/COLOR MED 60G,29138,7591885003475,8.43,,,,sin_match,no farmaco
cobeca,PANTOPRAZOL COMP 40MG X10 LETI,98455,7591585370280,8.11,4110,PANTOPRAZOL 40 mg COMPRIMIDOS CON CUBIERTA DE LIBERACION ENTERICA,13.52,matched,score=0.902
cobeca,PANTOPRAZOL SOL INY VIAL 40MG X1 KMPLUS,54324,8906172520051,1.38,979,PANTOPRAZOL 40 mg POLVO PARA SOLUCION INYECTABLE,2.3,matched,score=0.680
cobeca,PANTOPRAZOL TAB 40MG X7 ALESS,20517,7597758000299,1.29,6248,PANTOPRAZOL 40 mg TABLETAS DE LIBERACION RETARDADA,2.15,matched,score=0.800
cobeca,PANTS SECUREZZA T M X10,28176,7591353515400,12.38,,,,sin_match,no farmaco
cobeca,PAÑUELOS KLEENEX ORIGINAL X50,53320,7702425640757,2.04,,,,sin_match,no farmaco
cobeca,PAÑUELOS KLEENEX POCKET 4X10,53321,7702425523524,2.88,,,,sin_match,no farmaco
cobeca,PAPAS PUNCH CEB/PEREJIL 80G,21392,7709203743112,1.85,,,,sin_match,no farmaco
cobeca,PAPAS TIGO CHIPS BBQ 70G,51694,7598986004462,1.85,,,,sin_match,no farmaco
cobeca,PAPAS TIGO CHIPS PIZZA 110G,51699,7598986004554,2.4,,,,sin_match,no farmaco
cobeca,PAPAYA TAB MAST X30 G PHAR,25269,7597189000202,10.43,,,,sin_match,sin_candidato
cobeca,PAPEL CREPE NEON FUCSIA X1,26744,7453086107058,1.75,,,,sin_match,no farmaco
cobeca,PAPEL CREPE NEON NAR INTEN X1,26746,7453086107065,1.75,,,,sin_match,no farmaco
cobeca,PAPEL CREPE NEON NAR X1,26745,7453086107034,1.75,,,,sin_match,no farmaco
cobeca,PAPEL CREPE NEON VERD X1,26747,7453086107027,1.75,,,,sin_match,no farmaco
cobeca,PAPEL CREPE PERL AZUL CIELO CLA X1,26742,7453086107010,1.75,,,,sin_match,no farmaco
cobeca,PAPEL HIG JUMBO EXT/GDE 600H,54543,7702026161705,4.05,,,,sin_match,no farmaco
cobeca,PAPEL HIG SCOTT RINDEMAX X 4,29879,7702425794009,7.93,,,,sin_match,no farmaco
cobeca,PAPEL PLUSMEDIC P/ELECTRO 50MMX30M X5,52974,7597467002799,32.55,,,,sin_match,no farmaco
cobeca,PAPEL PLUSMEDIC P/ELECTRO 80MMX20M X5,52975,7597467002805,32.55,,,,sin_match,no farmaco
cobeca,PAPEL/HIG BLOOM VERD 310H DOB X4 ROLLO,23741,0781159412974,3.59,,,,sin_match,no farmaco
cobeca,PAPEL/HIG FAMILIA DELUX X4 ROLLO,28169,7702026183578,5.22,,,,sin_match,no farmaco
cobeca,PAPEL/HIG FAMILIA EX/GRANDE X4 ROLLO,52824,7702026198114,2.16,,,,sin_match,no farmaco
cobeca,PAPEL/HIG MIMLOT 215H X4 ROLLO,51439,0718603108114,1.01,,,,sin_match,no farmaco
cobeca,PAPEL/HIG MIMLOT 250H X4 ROLLOS,52103,7599963000088,2.41,,,,sin_match,no farmaco
cobeca,PAPEL/HIG MIMLOT 300H X4 ROLLO,51440,0718603108121,1.6,,,,sin_match,no farmaco
cobeca,PAPEL/HIG MIMLOT 400H X4 ROLLO,51441,0718603108138,1.86,,,,sin_match,no farmaco
cobeca,PAPEL/HIG MIMLOT 600H X4 ROLLO,51442,0718603108145,2.95,,,,sin_match,no farmaco
cobeca,PAPEL/HIG ROSAL PLUS 215H X2 ROLLO,22885,7591098000810,0.45,,,,sin_match,no farmaco
cobeca,PAPEL/HIG ROSAL PLUS VERD 215H X4 ROLLO,96864,7591098802384,0.94,,,,sin_match,no farmaco
cobeca,PAPEL/HIG SAAS 400H X4 ROLLO,52808,7599963000231,1.75,,,,sin_match,no farmaco
cobeca,PAPEL/HIG SUAVE GOLD SOFT CARE X6 ROLLO,19126,7591098802261,4.89,,,,sin_match,no farmaco
cobeca,PARACETAMOL GTS 100MG/ML 10ML PORTU,23735,7750215074299,2.1,7217,ATAREM 100 mg / 5 mL SOLUCIÓN ORAL,3.5,matched,score=0.661
cobeca,PARACETAMOL INF INY 1G/100ML BIOVITAK,25687,7595624200903,5.31,1362,PARACETAMOL 1 g / 100 mL SOLUCION PARA INFUSION,8.85,matched,score=0.615
cobeca,PARACETAMOL INF INY 1G/100ML CR DIST,21339,7598252101079,10.03,1362,PARACETAMOL 1 g / 100 mL SOLUCION PARA INFUSION,16.72,matched,score=0.655
cobeca,PARACETAMOL JBE 120MG/5ML 120ML PORTU,23734,7750215575819,3.77,,,,sin_match,score_bajo
cobeca,PARACETAMOL TAMINOL INF IV 1G/100ML MEDV,51175,8906065620950,5.34,,,,sin_match,no farmaco
cobeca,PARAISO JBE 120ML RECETT,14405,7594001450948,3.86,,,,sin_match,sin_candidato
cobeca,PARCHE CORALITE HEAT PATCH 2PZA,51020,0780707901984,10.01,,,,sin_match,no farmaco
cobeca,PARCHE CORALITE LARGE MENTHOL 1PZA,51022,0780707901212,12.02,,,,sin_match,no farmaco
cobeca,PARCHE CORALITE MUSCLE&JOINT 2PZA,51023,0780707901557,10.08,,,,sin_match,no farmaco
cobeca,PARCHE CORALITE PAIN RELIEF 20PZA,51024,0780707901564,10.38,,,,sin_match,no farmaco
cobeca,PARCHE D/SILICONA P/CICATRICES ZUVISS X3,51928,7597297001610,8.12,,,,sin_match,no farmaco
cobeca,PARCHE HIDROGEL REVLON A/OJERA AC HIALUR,52217,7506110681878,10.66,,,,sin_match,no farmaco
cobeca,PARCHE HIDROGEL REVLON A/OJERA COLAG,52216,7506110681861,15.06,,,,sin_match,no farmaco
cobeca,PARCHE P/OJO ZUVISS NIÑOS X10,53046,7597297001900,4.93,,,,sin_match,no farmaco
cobeca,PARCHES DERNIER CENTELLA ASIAT 100G,52897,7598084001394,8.47,,,,sin_match,no farmaco
cobeca,PARCHES DERNIER CONTROL GRAS/POROS 100G,52899,7598084001400,8.47,,,,sin_match,no farmaco
cobeca,PARCHES P/OJOS ZOAH DETOX PURIF,54245,7596211000418,0.55,,,,sin_match,no farmaco
cobeca,PARKEN TAB 25MG/250MG X30 MEY,25230,7707355056197,25.47,,,,sin_match,score_bajo
cobeca,PAROXETINA TAB 20MG X30 CLEO,25668,7598677000353,10.4,4322,PAROXETINA 20 mg COMPRIMIDOS RECUBIERTAS,17.33,matched,score=0.859
cobeca,PARTY SMART CAP DISP X10,54486,8901138510824,26.65,,,,sin_match,sin_candidato
cobeca,PASIFLORA ALPHA BMT GTA 30ML,29474,7597773000120,4.55,,,,sin_match,no farmaco
cobeca,PASIFLORA JBE 120ML ARC IRIS,22828,7592946012788,5.71,,,,sin_match,sin_candidato
cobeca,PASIFLORA JBE 120ML RECETT,14401,7594001450962,3.86,,,,sin_match,sin_candidato
cobeca,PASIFLORA/VALERIANA JBE S/AZUCAR X 120ML,28835,7594001455844,4.19,,,,sin_match,score_bajo
cobeca,PASIM COMP REC 10MG X10 MEG,53442,7591619001487,4.94,5109,PASIM 10 mg / mL SOLUCION ORAL,8.23,matched,score=0.667
cobeca,PASIM FEM COMP REC 20MG/400MG X10 MEG,54299,7591619001494,7.21,,,,sin_match,score_bajo
cobeca,PASIM PLUS COMP REC 10MG/500MG X10 MEG,53745,7591619001470,5.19,5109,PASIM 10 mg / mL SOLUCION ORAL,8.65,matched,score=0.601
cobeca,PASIM PLUS SOL ORAL 2/100MG/ML 15ML MEG,53746,7591619001197,6.49,5109,PASIM 10 mg / mL SOLUCION ORAL,10.82,matched,score=0.720
cobeca,PASIM SOL GTS 10MG/ML 15ML MEG,17394,7591619520254,6.05,5109,PASIM 10 mg / mL SOLUCION ORAL,10.08,matched,score=0.859
cobeca,PASOLAX PVO SOL ORAL 100G MEY,22870,7592601303138,6.95,,,,sin_match,score_bajo
cobeca,PASSATA D/TOMATE HEINZ 480G,19228,7591112462020,2.96,,,,sin_match,no farmaco
cobeca,PASSATA D/TOMATE OSOLE X 300G,50273,7595826004149,1.29,,,,sin_match,no farmaco
cobeca,PAST GALO LASAGNA PRECOCIDA X 200 G,16938,7896022203870,1.56,,,,sin_match,no farmaco
cobeca,PASTA AL AGUA 100G BIOF,98366,7591616000988,5.16,,,,sin_match,no farmaco
cobeca,PASTA AL AGUA 100G RECETT,14394,7594001451266,4.95,,,,sin_match,no farmaco
cobeca,PASTA AL AGUA OZONIZADA B5+ RECETT 100G,53153,7594001456223,6.06,,,,sin_match,no farmaco
cobeca,PASTA D/LASSAR X 30G,28548,7597773000359,6.19,,,,sin_match,no farmaco
cobeca,PASTA D/TOMATE HEINZ 210G,19165,7591112022675,2.24,,,,sin_match,no farmaco
cobeca,PASTA GALO ESPAGUETES 500G,16936,7896022200756,0.99,,,,sin_match,no farmaco
cobeca,PASTA GALO LINGUINE 500G,16937,7896022203603,0.99,,,,sin_match,no farmaco
cobeca,PASTA GALO PARAFUSO 500G,16934,7896022200534,0.99,,,,sin_match,no farmaco
cobeca,PASTA GALO PENA 500G,16935,7896022200572,0.99,,,,sin_match,no farmaco
cobeca,PASTA GALO TORTIGLIONE 500G,16933,7896022200480,0.99,,,,sin_match,no farmaco
cobeca,PASTA SINDONI PREMIUM PLUMA 1KG,51251,7591674000050,2.05,,,,sin_match,no farmaco
cobeca,PASTA SINDONI PREMIUM PLUMA 500MG,51255,7591674000111,1.1,,,,sin_match,no farmaco
cobeca,PASTA SINDONI VERMICELLI 500G,51253,7591674021208,1.03,,,,sin_match,no farmaco
cobeca,PASTA/DENT COLGATE T/ACCION 150ML,99798,7509546000350,4.55,,,,sin_match,score_bajo
cobeca,PASTEZINC CICATRIZANTE 50G CHEM/S,16104,7596139000262,6.6,,,,sin_match,no farmaco
cobeca,PASTICHO SINDONI DIRECTO AL HORNO 250G,51256,7591674001231,1.79,,,,sin_match,no farmaco
cobeca,PASTILLA P/TANQUE PATO MARINA 40G X4,53818,7591005996045,6.14,,,,sin_match,no farmaco
cobeca,"PATADINE PLUS SOL OFT 0,2% 5ML DIEMA",28202,7750778000773,13.08,,,,sin_match,sin_candidato
cobeca,"PATALON SOL OFT 0,1% 5ML CAPSUV",23352,7598055000203,7.13,,,,sin_match,sin_candidato
cobeca,PATFLUX PVO LIOF SOL INY 40MG X1 ALESS,53071,7597758001678,1.64,,,,sin_match,score_bajo
cobeca,PATO CLINICO BRIUTCARE,50081,723592773540,15.99,,,,sin_match,no farmaco
cobeca,PATO CLINICO PLUSMEDIC PLASTICO,53138,7597467002812,7.31,,,,sin_match,no farmaco
cobeca,PATO DISCOS ACT BRISA D/MAR 12G X2,51099,7501032914110,2.7,,,,sin_match,no farmaco
cobeca,PATO DISCOS ACT BRISA D/MAR 36ML,94539,7501032907303,5.4,,,,sin_match,no farmaco
cobeca,PATO DISCOS ACT LIMA FRESC REP 36ML,94927,7501032904319,4.64,,,,sin_match,no farmaco
cobeca,PATO DISCOS ACT LIMA FRESCA 12G X2,51098,7501032914325,2.7,,,,sin_match,no farmaco
cobeca,PATO DISCOS ACT LIMA FRESCA 36ML,94926,7501032907297,5.4,,,,sin_match,no farmaco
cobeca,PATO IN TANK PACK 160G X4,20313,7501032931780,6.14,,,,sin_match,no farmaco
cobeca,PATO PASTILLA P/TANQUE REP X 40G,50451,7591005545021,1.7,,,,sin_match,no farmaco
cobeca,PATO PUR DISCO ACT BRISA D/MAR REP 36ML,35119,7501032904326,4.64,,,,sin_match,no farmaco
cobeca,PAXIL CR TAB 25MG X 30,98666,5050278003567,32.6,3270,PAXIL CR 25 mg TABLETAS DE LIBERACION CONTROLADA,54.33,matched,score=0.707
cobeca,"PAXIL CR TAB/LIB PRO 12,5MGX 30",93875,5050278003666,26.86,,,,sin_match,score_bajo
cobeca,PEDIACORT SOL ORAL 3MG/ML 60ML L.O,16975,7591196006097,15.5,5074,PEDIACORT 3 mg / mL SOLUCION ORAL,25.83,matched,score=0.650
cobeca,PEDIALYTE 60MEQ UVA 500ML CR SUPP,23972,7501033957376,6.09,,,,sin_match,no farmaco
cobeca,PEGA BAMBARY LIQ 125ML X 1,28614,7453086116753,2.1,,,,sin_match,no farmaco
cobeca,PEGA BAMBARY LIQ 250ML X 1,28616,7453086116760,3.68,,,,sin_match,no farmaco
cobeca,PEGA BAMBARY LIQ 60ML X 1,28613,7453086116746,1.05,,,,sin_match,no farmaco
cobeca,PEGA BARRA 9G X2,26750,7453086116784,1.59,,,,sin_match,sin_candidato
cobeca,PEGA BARRA SOLITA 15G,18854,7591147210153,1.59,,,,sin_match,sin_candidato
cobeca,PEGA BARRA SOLITA 8G,99934,7591147210085,1.04,,,,sin_match,sin_candidato
cobeca,PEGYT CAP 150MG X20 LETI,21676,7591585317025,20.22,4705,PEGYT 150 mg CAPSULAS,33.7,matched,score=0.700
cobeca,PEGYT CAP 25MG X30 LETI,52624,7591585117045,11.71,6324,PEGYT 25 mg CAPSULAS,19.52,matched,score=0.681
cobeca,PEGYT CAP 50MG X30 LETI,52625,7591585117052,13.34,4705,PEGYT 150 mg CAPSULAS,22.23,matched,score=0.681
cobeca,PEGYT CAP 75MG X20 LETI,99406,7591585317018,11.76,4704,PEGYT 75 mg CAPSULAS,19.6,matched,score=0.681
cobeca,PEINE HTBRUSH MANGO ACERO C/NAR X1,16821,7593090000188,8.03,,,,sin_match,no farmaco
cobeca,PEINE HTBRUSH MANGO ACERO X1,16820,7593090000171,8.19,,,,sin_match,no farmaco
cobeca,PEINE YOLO SACA PIOJOS PLAST X1,13900,7595803000034,2.25,,,,sin_match,no farmaco
cobeca,PEKAGRA GEL ORAL 100MG CEREZ SOB X1 FC,53788,7593090003431,1.49,,,,sin_match,sin_candidato
cobeca,PENASTIM AMP IV 500MG/500MG X1 ALESS,20703,75971199,10.6,,,,sin_match,score_bajo
cobeca,PENTAMAG CAP X60 ARC IRIS,52077,7592946001768,11.43,,,,sin_match,sin_candidato
cobeca,PENTOXIFILINA AMP 100MG/5ML X5 KMP,53494,6921875010915,9.86,953,PENTOXIFILINA 300 mg / 15 mL SOLUCION PARA INFUSION,16.43,matched,score=0.748
cobeca,PENTOXIFILINA TAB 400MG X30 CR CCM,21851,7501384504946,14.94,2275,PENTOXIFILINA 400 mg COMPRIMIDOS RECUBIERTOS DE ACCION PROLONGADA,24.9,matched,score=0.878
cobeca,PENTOXIFILINA TAB LP 400MG X30 CR MT,27120,8904278588265,15.6,2275,PENTOXIFILINA 400 mg COMPRIMIDOS RECUBIERTOS DE ACCION PROLONGADA,26,matched,score=0.878
cobeca,PENTOXIFILINA TAB/REC 400MG X 30 ANGELUS,28576,7598677000261,13.53,,,,sin_match,score_bajo
cobeca,PEPITO 180G,18199,7591206285276,2.43,,,,sin_match,no farmaco
cobeca,PEPITO DISP 25G X12,18157,7591206285252,7.08,,,,sin_match,sin_candidato
cobeca,PEPITO MUNDO MARINO DISP 25G X12,18206,7591206016214,7.08,,,,sin_match,sin_candidato
cobeca,PEPITO ORIG 80G,19481,7591206285269,1.14,,,,sin_match,no farmaco
cobeca,PEPSADEL SUSP ORAL 120ML DISK,24469,7410000703956,7.84,7117,"PEPSADEL 87,33 mg / 5 mL SUSPENSIÓN ORAL",13.07,matched,score=0.644
cobeca,PEPSADEL TAB MAST 262MG X12 DISK,26892,7410000705080,7.84,7118,PEPSADEL 262 mg TABLETAS MASTICABLES,13.07,matched,score=0.625
cobeca,PEPTO-BISMOL SUSP ORAL 473ML FARMA,53344,301490039373,34.07,6821,PEPTO-BISMOL 525 mg / 30 mL SUSPENSIÓN ORAL,56.78,matched,score=0.763
cobeca,PERA D/OIDO BLESS,50120,7597467002324,6.6,,,,sin_match,no farmaco
cobeca,PERA RECTAL BLESS FAMILY CARE,50121,7597467002317,6.1,,,,sin_match,no farmaco
cobeca,PEREBRON JBE AD 120ML ELM,5256,7591062011217,5.82,1746,PEREBRON 28 mg / 5 mL JARABE SABOR A FRAMBUESA,9.7,matched,score=0.669
cobeca,PEREBRON JBE AD MIEL/LIMON 120ML ELM,5106,7591062011255,4.53,5034,PEREBRON 28 mg / 5 mL JARABE SABOR MIEL - LIMON,7.55,matched,score=0.718
cobeca,PEREBRON JBE PED 120ML ELM,5257,7591062011200,4.08,,,,sin_match,score_bajo
cobeca,PEREBRON JBE PED MIEL/LIMON 120ML ELM,5105,7591062011262,4.05,,,,sin_match,score_bajo
cobeca,PERICRANEAL PLUSMEDIC #21 X100,19844,7597467000207,13.09,,,,sin_match,no farmaco
cobeca,PERICRANEAL PLUSMEDIC #23 X100,19845,7597467000214,13.09,,,,sin_match,no farmaco
cobeca,PERICRANEAL PLUSMEDIC N19 X100,25333,7597467000191,13.09,,,,sin_match,no farmaco
cobeca,PERICRANEAL PLUSMEDIC N25 X100,25334,7597467000221,14.99,,,,sin_match,no farmaco
cobeca,PERIDONT REFORM SOL TOPICA BUC 350ML L.O,95716,7591196004215,14.74,2540,"PERIDONT 0,12 % SOLUCION TOPICA BUCAL",24.57,matched,score=0.617
cobeca,PERIDONT SOL TOPICA BUCAL 240ML L.O,18615,7591196007193,12.55,2540,"PERIDONT 0,12 % SOLUCION TOPICA BUCAL",20.92,matched,score=0.695
cobeca,PERMADOL TAB REC 600MG/4MG X10 ANG/H,52909,7598176001103,4.7,,,,sin_match,sin_candidato
cobeca,PEROXIDO D/BENZOILO GEL 5% 30G HM,52733,0632627843380,2.71,5562,"PEROXIDO DE BENZOILO 2,5 % GEL",4.52,matched,score=0.634
cobeca,PEROXIDO D/BENZOILO GEL 5% 30G SGG,21563,7599910793605,6.73,5562,"PEROXIDO DE BENZOILO 2,5 % GEL",11.22,matched,score=0.634
cobeca,PERTEN AER SOL TOPICA 1% 30ML MEY,20022,7592601301813,15.18,4857,PERTEN 1% SOLUCION TOPICA,25.3,matched,score=0.625
cobeca,PERTEN CREM 1% 20G MEY,91059,7592601101154,10.13,,,,sin_match,score_bajo
cobeca,PERTEN GEL TOPICO 1% 20G MEY,20023,7592601301820,11.3,4858,PERTEN 1 % SOLUCION ATOMIZADORA PARA USO TOPICO,18.83,matched,score=0.625
cobeca,PERTEN SOL TOPICA 1% 30ML MEY,23024,7592601301806,14.4,4857,PERTEN 1% SOLUCION TOPICA,24,matched,score=0.625
cobeca,PERTEN TAB 250MG X20 MEY,18905,7592601301837,21.96,5014,PERTEN 250 mg TABLETAS,36.6,matched,score=0.657
cobeca,PHARMAFET TAB LP 500MG X30 CR MT,53034,7502226297262,11.04,,,,sin_match,sin_candidato
cobeca,PHARMAFET TAB LP 750MG X30 CR MT,53035,7502226297279,14.66,,,,sin_match,sin_candidato
cobeca,PHARMORAT FORTE CAP BLD 100MG X20 LETI,93256,7591585114778,19.49,,,,sin_match,score_bajo
cobeca,PIEMONTE COMP MAST 4MG X30 EURO,53520,7891317036430,5.69,,,,sin_match,sin_candidato
cobeca,PIGRAL COMP 75MG X14 MEG,24140,7591619000558,5.97,5338,PIGRAL 75 mg COMPRIMIDOS RECUBIERTOS,9.95,matched,score=0.736
cobeca,PILA ALCALINA TOSHIBA AA X2,26164,4904530592720,2.9,,,,sin_match,no farmaco
cobeca,PILA ALCALINA TOSHIBA AAA X2,26165,4904530592751,2.9,,,,sin_match,no farmaco
cobeca,PILAS ALCALINAS BLINDAC 23A BLIS X5,51649,7598928266651,7.79,,,,sin_match,no farmaco
cobeca,PILAS BLINDAC ALCALINA 9V X1,53602,6487844141009,6.86,,,,sin_match,no farmaco
cobeca,PILAS BLINDAC BOTON D/LITIO CR2025 X5,53601,7598928269874,6.59,,,,sin_match,no farmaco
cobeca,PILAS BLINDAC SUPER HEAVY DUTY AA X4,51646,7598928266620,2.73,,,,sin_match,no farmaco
cobeca,PILAS BLINDAC ULTRA ALCALINA AA X2,53595,7598928266101,2.58,,,,sin_match,no farmaco
cobeca,PILAS BLINDAC ULTRA ALCALINA AA X4,53597,7598928279026,4.66,,,,sin_match,no farmaco
cobeca,PILAS BLINDAC ULTRA ALCALINA AAA X2,53596,7598928267412,2.58,,,,sin_match,no farmaco
cobeca,PILAS ENERGIZER ALKALINA AA X2,65984,039800015464,2.58,,,,sin_match,no farmaco
cobeca,PILAS ENERGIZER ALKALINA AA X4,42148,039800011329,4.49,,,,sin_match,no farmaco
cobeca,PILAS ENERGIZER ALKALINA AAA X4,46450,039800099099,4.49,,,,sin_match,no farmaco
cobeca,PILAS ENERGIZER MAX ALKALINA AAA X2,35715,039800014009,2.58,,,,sin_match,no farmaco
cobeca,PILAS KODAK MAX  ALKALINE AA X2,54434,887930536638,1.49,,,,sin_match,no farmaco
cobeca,PILAS KODAK MAX ALKALINE AAA X2,54435,887930070385,1.49,,,,sin_match,no farmaco
cobeca,PILAS KODAK MAX LITHIUM CR2016 X2,21530,0887930417661,1.69,,,,sin_match,no farmaco
cobeca,PILAS KODAK MAX LITHIUM CR2032 X2,21531,0887930417685,1.69,,,,sin_match,no farmaco
cobeca,PILAS MAXELL ALCALINAS 9V X 1,28682,025215721113,5.83,,,,sin_match,no farmaco
cobeca,PILAS MAXELL ALCALINAS AA X 2,28676,0025215961731,2.09,,,,sin_match,no farmaco
cobeca,PILAS MAXELL ALCALINAS AA X 4,28678,0025215723323,3.75,,,,sin_match,no farmaco
cobeca,PILAS MAXELL ALCALINAS AA X 4+2,28680,0025215723711,4.65,,,,sin_match,no farmaco
cobeca,PILAS MAXELL ALCALINAS AAA X 2,28677,025215961724,2.09,,,,sin_match,no farmaco
cobeca,PILAS MAXELL ALCALINAS AAA X 4,28679,25215723841,3.75,,,,sin_match,no farmaco
cobeca,PILAS MAXELL ALCALINAS AAA X 4+2,28681,025215723728,4.65,,,,sin_match,no farmaco
cobeca,PILAS PHILIPS ALCALINA 23A X5,28180,6951613980842,5.65,,,,sin_match,no farmaco
cobeca,PILAS PHILIPS ALCALINA 27A X5,28181,6951613980859,5.65,,,,sin_match,no farmaco
cobeca,PILAS PHILIPS BOTON LITIO 2016 X5,28182,6951613980774,4.61,,,,sin_match,no farmaco
cobeca,PILAS PHILIPS BOTON LITIO 2025 X5,28179,6951613980781,4.61,,,,sin_match,no farmaco
cobeca,PILAS PHILIPS BOTON LITIO 2032 X5,28178,6951613980798,4.61,,,,sin_match,no farmaco
cobeca,PILAS PHILIPS POWER ALCALINA 9V,20134,8712581679828,3.79,,,,sin_match,no farmaco
cobeca,PILAS PHILIPS POWER ALCALINA AA X2,20130,8712581544195,1.55,,,,sin_match,no farmaco
cobeca,PILAS PHILIPS POWER ALCALINA AA X4+2,54421,4895229123892,3.09,,,,sin_match,no farmaco
cobeca,PILAS PHILIPS POWER ALCALINA AAA X2,20131,8712581544225,1.55,,,,sin_match,no farmaco
cobeca,PILAS PHILIPS POWER ALCALINA AAA X4+2,54420,4895229123885,3.09,,,,sin_match,no farmaco
cobeca,PILAS PHILIPS POWER ALCALINA C X2,20132,8712581544102,3.79,,,,sin_match,no farmaco
cobeca,PILAS PHILIPS POWER ALCALINA D X2,20133,8712581544133,5.12,,,,sin_match,no farmaco
cobeca,PILAS TIANQIU A23 ALCALINA X5,14787,6927799689190,7.51,,,,sin_match,no farmaco
cobeca,PILAS TOSHIBA ALCALINA 23A BP X5,27760,4904530591686,14.46,,,,sin_match,no farmaco
cobeca,PIMADOL TAB 10MG X 10,28531,7598176000809,1.73,7132,PIMADOL 10 mg  TABLETAS RECUBIERTAS,2.88,matched,score=0.850
cobeca,PIMATINA TAB/REC 200MG X30 CLEO,25672,7598677000049,7.81,,,,sin_match,sin_candidato
cobeca,PIMENTON ESPAÑOL MC CORMICK 61G,18253,7591141103604,3.92,,,,sin_match,no farmaco
cobeca,PINAVERIUM TAB REC 100MG X20 CLX,93714,7591519008630,10.92,4279,PINAVERIUM BROMURO 100 mg TABLETAS RECUBIERTAS,18.2,matched,score=0.713
cobeca,PINAVIX 100 COMP REC 100MG X30 MEG,13663,7591619520797,17.4,4922,PINAVIX 100 mg COMPRIMIDOS RECUBIERTOS,29,matched,score=0.662
cobeca,PINAVIX COMP REC 100MG X20 MEG,50990,7591619001319,12.6,4922,PINAVIX 100 mg COMPRIMIDOS RECUBIERTOS,21,matched,score=0.662
cobeca,PINCEL D/CERDA PLANA 00 X16,20624,7591147000570,7.35,,,,sin_match,no farmaco
cobeca,PINCELES ESCOLARES SOLITA X5,54203,7591147008576,6.12,,,,sin_match,no farmaco
cobeca,PING PONG 30G DISP X16,54288,7591016106709,17.76,,,,sin_match,sin_candidato
cobeca,PINTURA SOLITA AL FRIO AMARIL 60ML,21093,7591147015048,1.56,,,,sin_match,no farmaco
cobeca,PINTURA SOLITA AL FRIO BLAN 60ML,21098,7591147015086,1.56,,,,sin_match,no farmaco
cobeca,PINTURA SOLITA AL FRIO ROJ 60ML,21100,7591147015208,1.56,,,,sin_match,no farmaco
cobeca,PINTURA SOLITA AL FRIO ROSA 60ML,21103,7591147015222,1.56,,,,sin_match,no farmaco
cobeca,PINVEX SOL 10ML COFA,4385,7591818111055,7.19,,,,sin_match,score_bajo
cobeca,PINZA UMBILICAL PLUSMEDIC X100,50857,7597467002201,35.11,,,,sin_match,no farmaco
cobeca,PIPERAZINA HEX JBE 500MG/5ML 120ML BIOQ,22406,7594000850084,4.53,4927,PIPERAZINA 500mg / 5mL JARABE,7.55,matched,score=0.867
cobeca,PIRA GINKGO BILOBA CAP X60 HERB,99642,7592710000799,13.18,,,,sin_match,sin_candidato
cobeca,PIRA/GINKGO BILOBA CAP X 30 HERB,29213,7592710004094,11.56,,,,sin_match,sin_candidato
cobeca,PIRACETAM TAB 400MG X30 CR MT,50807,8904278598486,7.63,3330,BREINOX 400 mg TABLETAS,12.72,matched,score=0.782
cobeca,PIRACETAM TAB 800MG X30 CR MT,50808,8904464201367,13.3,1950,BREINOX 800 mg TABLETAS,22.17,matched,score=0.782
cobeca,PIROXICAM CAP 20MG X10 PHARME,10007,7592454172073,4.69,2026,PIROXICAM 20 mg CAPSULAS,7.82,matched,score=0.859
cobeca,PIRULIN CHOCO DISP 16G X25,51242,7591675012984,11.38,,,,sin_match,sin_candidato
cobeca,PIRULIN CHOCO ENVASE 155G,52935,7591675000424,4.77,,,,sin_match,no farmaco
cobeca,PIRULIN CHOCO ESTUCHE 120G,51247,7591675004767,3.97,,,,sin_match,no farmaco
cobeca,PIRULIN CHOCO LATA 300G,51238,7591675010508,9.25,,,,sin_match,no farmaco
cobeca,PIRULIN CHOCOLATE DISP X12 60G,51246,7591675004781,23.88,,,,sin_match,score_bajo
cobeca,PIRULIN COCO ENVASE 155G,52933,7591675000431,4.66,,,,sin_match,no farmaco
cobeca,PIRULIN LIME DISPLAY 16G X12,54462,7591675000509,5.45,,,,sin_match,no farmaco
cobeca,PISTOLA D/SILIC BAMBARY 10W/120V PEQ,21106,7453086101803,9.62,,,,sin_match,no farmaco
cobeca,PITO CLINICO BRIUTCARE,50080,732064573281,17.34,,,,sin_match,no farmaco
cobeca,PITO PLASTICO PLUSMEDIC,50123,7597467002355,7.13,,,,sin_match,no farmaco
cobeca,PITO SELVA URINAL X1,26172,0606889002366,7.45,,,,sin_match,no farmaco
cobeca,"PLAN B TAB 0,75MG X2 UNIPH",53765,7598852000642,1.56,,,,sin_match,sin_candidato
cobeca,"PLANIFERT COMP REC 2MG/0,03MG X21 CR CCM",21148,7401078900033,17.88,,,,sin_match,score_bajo
cobeca,PLAVIX TAB 75MG X14 CLX,11151,3582910007647,22.3,2720,PLAVIX 75 mg COMPRIMIDOS RECUBIERTOS,37.17,matched,score=0.610
cobeca,PLEXAMIN JBE 120ML MEY,2944,7592601200413,6.56,,,,sin_match,score_bajo
cobeca,PLIDAN COMPUESTO COM REC 10/125MGX20 MEG,54271,7591619001142,22.86,,,,sin_match,score_bajo
cobeca,PLIDAN COMPUESTO COM/REC 125MG/10MG X 5,29268,7591619001135,6.36,,,,sin_match,score_bajo
cobeca,PLIDAN COMPUESTO COMP 125MG X10 MEG,1235,7591619518695,12.21,2806,PLIDAN COMPUESTO 10 mg / 125 mg COMPRIMIDOS RECUBIERTOS,20.35,matched,score=0.728
cobeca,PLIDAN COMPUESTO INY 100MG/2ML X1 MEG,4114,7591619518367,8.7,581,PLIDAN COMPUESTO 15 mg / 2 mL - 100 mg / 2 mL SOLUCION INYECTABLE,14.5,matched,score=0.708
cobeca,PLIDAN SOL GTS 10MG 20ML MEG,99453,7591619517940,10.93,,,,sin_match,score_bajo
cobeca,PLUSGEL X 250ML,50124,7597467002270,3.15,,,,sin_match,no farmaco
cobeca,POENBIOTIC SUS OFT 0.3/0.1% X 5 ML,9871,7795368055153,9.74,,,,sin_match,score_bajo
cobeca,POENKERAT SOL OFT  0.5% 5ML MEG,4353,7795368001761,9.09,,,,sin_match,score_bajo
cobeca,POENTOBRAL GEL 5G MEG,2464,7795368001846,19.91,,,,sin_match,score_bajo
cobeca,POENTOBRAL PLUS SOL OFT 5ML MEG,1994,7795368001792,7.14,,,,sin_match,score_bajo
cobeca,POENTOBRAL SOL OFT 5ML MEG,1992,7795368001785,6.99,,,,sin_match,score_bajo
cobeca,POLI OTICO GTS 5ML MEG,2953,7591955002278,7.01,1671,OTODON 2% - 5% SOLUCION GOTAS USO OTICO.,11.68,matched,score=0.695
cobeca,POLIAMIN SOL INY 10% 500ML BHR,11096,7592637001367,48.36,,,,sin_match,score_bajo
cobeca,POLIFIX ADH CREM PROTESIS DENT 40G,50996,7592348647113,8.39,,,,sin_match,sin_candidato
cobeca,PONEDEX GTAS OTICAS 5ML ZUZU,52546,7599608003542,2.02,,,,sin_match,no farmaco
cobeca,PORTA PASTILLA XPERIAN MEDICAL DIARIO X1,13937,7595803000041,2.85,,,,sin_match,no farmaco
cobeca,"PORTAMINAS FIESTA PENTEL 0,5MM AZUL X12",99964,6938623910656,18.91,,,,sin_match,no farmaco
cobeca,"PORTAMINAS FIESTA PENTEL 0,5MM NEGR X12",99963,3474377922130,18.91,,,,sin_match,no farmaco
cobeca,"PORTAMINAS FIESTAII PENTEL 0,5M NEGR X12",99958,6938623910632,18.91,,,,sin_match,no farmaco
cobeca,POST TRAT ALFAPART COL PROTECTION 300ML,19571,7898468519720,5.75,,,,sin_match,no farmaco
cobeca,POST TRAT ALFAPART HYDRA NUTRI 300ML,19575,7898468519584,5.75,,,,sin_match,no farmaco
cobeca,POST TRAT ALFAPART LISS XTREM 300ML,19577,7898468519683,5.75,,,,sin_match,no farmaco
cobeca,POST TRAT CAPIL ALFAPART BB CREAM300ML,19573,7898468519881,5.75,,,,sin_match,no farmaco
cobeca,POST TRAT CAPIL AMALFI T/ACC 1L,19274,0841427058706,11.2,,,,sin_match,no farmaco
cobeca,POST TRAT NK N/SODIUM 450ML,23017,0745125870106,4.88,,,,sin_match,no farmaco
cobeca,POST TRAT NK N/SODIUM 950ML,23018,0745125870199,7.5,,,,sin_match,no farmaco
cobeca,"POSTINOR COMP 0,75MG X2",11368,0592620000278,10.36,2733,"POSTINOR 2 0,75 mg COMPRIMIDOS",17.27,matched,score=0.625
cobeca,POTASSIUM CITRATE CAP X 180 NOW,50664,733739014481,22.44,,,,sin_match,sin_candidato
cobeca,POTAX TAB LP 10MG X100 MEG,26061,7591619520728,40.13,5213,POTAX 10 mEq TABLETAS DE LIBERACION PROLONGADA,66.88,matched,score=0.742
cobeca,POWERZERO CAP X60 HERB,52364,7592710005602,13.29,,,,sin_match,sin_candidato
cobeca,PRALINA CAP 75MG X14 BIOTECH,17014,7591243842203,4.83,5061,PRALINA 75 mg CAPSULAS,8.05,matched,score=0.792
cobeca,PRAXONA TAB X10 MEG,2991,7591955000663,5.45,1789,PRAXONA 150 mg COMPRIMIDOS,9.08,matched,score=0.792
cobeca,PRAXONA TAB X24 MEG,2992,7591955000670,9.74,1789,PRAXONA 150 mg COMPRIMIDOS,16.23,matched,score=0.792
cobeca,PRE TRAT ALFAPART BB CREAM 300ML,19572,7898468519874,5.75,,,,sin_match,no farmaco
cobeca,PRE TRAT ALFAPART COL PROTECTION 300ML,19570,7898468519713,5.75,,,,sin_match,no farmaco
cobeca,PRE TRAT ALFAPART HYDRA NUTRI 300ML,19574,7898468519577,5.75,,,,sin_match,no farmaco
cobeca,PRE TRAT ALFAPART LISS XTREM 300ML,19576,7898468519676,5.75,,,,sin_match,no farmaco
cobeca,PREBIOTIC OVUL CUMLAUDE LAB X10 MANCENT,51031,8428749884408,33.59,,,,sin_match,sin_candidato
cobeca,PREDCORT JBE 3MG/5ML 60ML ZUZU,52596,7599608003429,3.64,,,,sin_match,sin_candidato
cobeca,PREDNA SOL ORAL 15MG/5ML 60ML VARG,90974,7592349002324,9.17,4007,PREDNA 15 mg / 5 mL SOLUCION ORAL,15.28,matched,score=0.717
cobeca,PREDNISOLONA SOL ORAL 3MG/ML 60ML DAC,53054,7598578000957,5.62,6797,PRENIL 3 mg / 1 mL SOLUCIÓN ORAL,9.37,matched,score=0.687
cobeca,PREDNISOLONA SUSP OFT 1% 5ML CR DIST,28303,7598252000778,12.83,6021,PREDNISOLONA ACETATO 1 % SUSPENSION OFTALMICA,21.38,matched,score=0.696
cobeca,PREDNISOLONA SUSP/OFT 1% X 5ML OFTALMI,29565,7591196006493,11.33,6021,PREDNISOLONA ACETATO 1 % SUSPENSION OFTALMICA,18.88,matched,score=0.612
cobeca,PREDNISOLONA TAB 5 MG X 10 KMPLUS,23776,6942189211317,1.26,5923,PREDNISOLONA 5 mg TABLETAS,2.1,matched,score=0.827
cobeca,PREDNISOLONA TAB 5MG X10 BLUE/M,54512,7598127001343,0.94,5784,PREDNISOLONA 5 mg TABLETAS,1.57,matched,score=0.891
cobeca,PREDNISOLONA TAB 5MG X30 ANG/H,21369,7598176000175,3.96,5923,PREDNISOLONA 5 mg TABLETAS,6.6,matched,score=0.906
cobeca,PREDNISOLONA TAB 5MG X30 BLUE/M,23882,7598127001206,3.04,5784,PREDNISOLONA 5 mg TABLETAS,5.07,matched,score=0.891
cobeca,PREDNISONA SUSP 5MG/5ML 60ML PORTU,25016,7750215007433,3.47,,,,sin_match,score_bajo
cobeca,PREDNISONA TAB 50MG X10 CLX,10937,7591519001044,6.61,2286,PREDNISONA 50 mg TABLETAS,11.02,matched,score=0.902
cobeca,PREDNISONA TAB 50MG X10 VLM,7835,7591020007474,5.82,3406,PREDNISONA 50 mg TABLETAS.,9.7,matched,score=0.902
cobeca,PREDNISONA TAB 5MG X10 CLX,2998,7591519001037,2.21,1745,PREDNISONA 5 mg TABLETAS,3.68,matched,score=0.935
cobeca,PREDNISONA TAB 5MG X10 VLM,3927,7591020003193,2.34,3107,PREDNISONA 5 mg TABLETAS,3.9,matched,score=0.935
cobeca,PREDNISONA TAB 5MG X100 CR DIST,22275,7598252101499,22.57,1745,PREDNISONA 5 mg TABLETAS,37.62,matched,score=0.891
cobeca,PREDNISONA TAB 5MG X30 CLX,10460,7591519050806,5.81,1745,PREDNISONA 5 mg TABLETAS,9.68,matched,score=0.935
cobeca,PREGABALINA CAP 150MG X30 ALESS,52772,7597758001272,8,5541,PREGABALINA 150 mg CAPSULAS,13.33,matched,score=0.713
cobeca,PREGABALINA CAP 150MG X30 PHARMA,27605,8906082151543,4.37,5541,PREGABALINA 150 mg CAPSULAS,7.28,matched,score=0.731
cobeca,PREGABALINA CAP 75MG X30 ALESS,52773,7597758001265,4.97,7164,PREGALIS  75MG CAPSULAS,8.28,matched,score=0.718
cobeca,PREGABALINA CAP 75MG X30 FMED,51773,8908020242917,2.44,7164,PREGALIS  75MG CAPSULAS,4.07,matched,score=0.885
cobeca,PREGABALINA CAP 75MG X30 PHARMA,27604,8906082151550,2.7,7164,PREGALIS  75MG CAPSULAS,4.5,matched,score=0.732
cobeca,PREGABALINA TAB 75MG X14 CR LATT,23488,0756029628250,3.9,7164,PREGALIS  75MG CAPSULAS,6.5,matched,score=0.777
cobeca,PREGATAN TAB 75MG X30 ZORIAK,21971,7599112000099,7.88,,,,sin_match,score_bajo
cobeca,PRELIVAL CAP 150MG X20 VLM,22390,7591020081009,10.99,5030,PRELIVAL 150 mg CAPSULAS,18.32,matched,score=0.756
cobeca,PRELIVAL CAP 75MG X20 VLM,22389,7591020080996,5.97,5031,PRELIVAL 75 mg CAPSULAS,9.95,matched,score=0.736
cobeca,PRESERVATIVO MZONE ACANALADO X4,13369,6922954822139,2.22,,,,sin_match,no farmaco
cobeca,PRESERVATIVO MZONE ANATOMICO X4,13371,6922954822146,2.22,,,,sin_match,no farmaco
cobeca,PRESERVATIVO MZONE HOT X4,20182,6922954822160,2.22,,,,sin_match,no farmaco
cobeca,PRESERVATIVO MZONE NAT X4,13368,6922954822115,2.22,,,,sin_match,no farmaco
cobeca,PRESERVATIVO MZONE RETARDANTE X4,20179,6922954822153,2.22,,,,sin_match,no farmaco
cobeca,PRESERVATIVO MZONE S/LATEX X3,52879,6922954826465,4.66,,,,sin_match,no farmaco
cobeca,PRESERVATIVO MZONE SABORES X4,20181,6922954822177,2.22,,,,sin_match,no farmaco
cobeca,PRESERVATIVO MZONE TEXTURIZ X4,13370,6922954822122,2.22,,,,sin_match,no farmaco
cobeca,PRESERVATIVO MZONE ULTRSENSI X4,20180,6922954822184,2.22,,,,sin_match,no farmaco
cobeca,PRESERVATIVO SENSE CALOR/FRIO X3,51981,645748578048,3.51,,,,sin_match,no farmaco
cobeca,PRESERVATIVO SENSE CLAS X3,23641,742033994634,3.51,,,,sin_match,no farmaco
cobeca,PRESERVATIVO SENSE EXTRA GRANDE X 3,28506,0723592773397,3.51,,,,sin_match,no farmaco
cobeca,PRESERVATIVO SENSE LIB/LATEX X 3,29532,723592773434,11.55,,,,sin_match,no farmaco
cobeca,PRESERVATIVO SENSE RETARDANTE X3,51982,723592773502,3.51,,,,sin_match,no farmaco
cobeca,PRESERVATIVO SENSE TEXTURIZ X3,23643,742033994672,3.51,,,,sin_match,no farmaco
cobeca,PRESERVATIVO SENSE ULTRDELG X3,23642,742033994658,3.51,,,,sin_match,no farmaco
cobeca,PRESERVATIVOS PRUDENCE CARIBBEAN X5 DKT,29621,7502214983573,5.3,,,,sin_match,no farmaco
cobeca,PRESERVATIVOS PRUDENCE CLAS X3 DKT,19292,7502214980015,3.12,,,,sin_match,no farmaco
cobeca,PRESERVATIVOS PRUDENCE EXT/FUERTE X3 DKT,29624,7502214982576,3.58,,,,sin_match,no farmaco
cobeca,PRESERVATIVOS PRUDENCE NEON X3 2PACK DKT,29627,7502214985195,7.17,,,,sin_match,no farmaco
cobeca,PRESERVATIVOS PRUDENCE SAB/AR MIX X5 DKT,29622,7502214982811,6.38,,,,sin_match,no farmaco
cobeca,PRESERVATIVOS PRUDENCE SENS X3 2PACK DKT,29625,7502214982415,7.17,,,,sin_match,no farmaco
cobeca,PRESERVATIVOS SENSE ESPERMICIDA X3,53551,723592773403,3.51,,,,sin_match,no farmaco
cobeca,PRESIDERM UNG 2% 15G MEG,11580,7591619520513,7.01,3723,PRESIDERM 2 % UNGUENTO,11.68,matched,score=0.629
cobeca,"PREVEGINAT COMP REC 0,075MG X28 CR CCM",21149,7401078900194,9.05,,,,sin_match,score_bajo
cobeca,PREVERAL C/CODEINA JBE 3/10/5 120ML VARG,12092,7592349002102,5.99,1769,PREVERAL  CON CODEINA  JARABE,9.98,matched,score=0.688
cobeca,PREVERAL C/DEXTRO JBE REFORM 120ML VARG,99589,7592349001549,5.66,,,,sin_match,score_bajo
cobeca,PREVIR-EM  TAB 300MG/200MG X 30,30344,7599112000310,32.17,,,,sin_match,sin_candidato
cobeca,PRIDE AER CUIDADO D/MUEBLES LIMON 360ML,53461,7591005006928,6.16,,,,sin_match,score_bajo
cobeca,PROBIOCONZINC PVO 2B UFC SOB 1G X10,52061,7599558000202,7.86,,,,sin_match,sin_candidato
cobeca,PROBIOLITOS SOB 1G FRESA X10 BIOF,52151,7599558000219,7.74,,,,sin_match,score_bajo
cobeca,PROBIOTICO-10 CAP 25 BILLONES X 50,50455,733739029263,43.77,,,,sin_match,sin_candidato
cobeca,PROBIOTICS/PREM CAP 25B X60 PHARMAC,50715,0787790471158,21.17,,,,sin_match,sin_candidato
cobeca,PROCILUS SOB 1G X10 MMF,23226,7709031877546,16.18,,,,sin_match,sin_candidato
cobeca,PROCTOGEL CREM TOP C/APLIC 30G CCM,53444,7800004348008,19,,,,sin_match,sin_candidato
cobeca,PROFLOX SUSP PED1G/5ML MENTA 200ML ANG/H,27740,7598677000476,16.14,6303,PROFLOX 1g / 5 ml suspensión oral,26.9,matched,score=0.675
cobeca,PROGEST CAP BLD 200MG X30 ZUO,26548,7591651001353,37.44,,,,sin_match,sin_candidato
cobeca,"PROLARDII SOB 1,3G X10 MMF",21696,7709137132242,18.35,,,,sin_match,sin_candidato
cobeca,PROMEDINA JBE 120ML VARG,12095,7592349723489,5.61,,,,sin_match,score_bajo
cobeca,PROPRANOLOL CLORH COM 40MG X 20 MILAB,50368,7800063001487,2.97,4643,PROPRANOLOL 40mg TABLETAS,4.95,matched,score=0.886
cobeca,PROPRANOLOL COMP 40MG X20 PLX,13203,7594001100171,5.45,4643,PROPRANOLOL 40mg TABLETAS,9.08,matched,score=0.938
cobeca,PROPRANOLOL TAB 10MG X20 BIOTECH,7637,7591243843064,5.53,2195,PROPRANOLOL 10 mg TABLETAS,9.22,matched,score=0.902
cobeca,PROPRANOLOL TAB 40MG X20 BIOTECH,7664,7591243843101,5.79,4643,PROPRANOLOL 40mg TABLETAS,9.65,matched,score=0.938
cobeca,PROSILOD CAP 8MG X 30,29530,7599112000273,15.28,,,,sin_match,sin_candidato
cobeca,PROSPAN JBE 100ML MEG,1385,4104480705113,10.78,,,,sin_match,sin_candidato
cobeca,PROSTAPLANT CAP 500MG X30 HERB,24105,7592710004100,10.78,,,,sin_match,sin_candidato
cobeca,PROSTAPLANT CAP 500MG X60 HERB,99672,7592710000805,12.86,,,,sin_match,sin_candidato
cobeca,PROSTINAT CAP 300MG X60 NAT PREM,24532,7592430000680,9.69,,,,sin_match,sin_candidato
cobeca,PROT D/CAMA SIEMPRE SECO X 20,28822,7591353700066,9.83,,,,sin_match,no farmaco
cobeca,PROT DIAR FRIENDS REGULAR S/P X60,50598,7591353516506,2.55,,,,sin_match,no farmaco
cobeca,PROT NOSOTRAS LACTANCIA X 12,50084,7702027440175,1.29,,,,sin_match,no farmaco
cobeca,PROT SOL BIOS MAXPRO GEL T/CLAROX 50ML,29665,7595481000296,15.61,,,,sin_match,sin_candidato
cobeca,PROT SOL BIOS MAXPRO GEL T/MED X 50ML,29664,7595481000319,15.01,,,,sin_match,sin_candidato
cobeca,PROT SOL DERNIER SPRAY ADU 200ML,18305,7596548002000,8.03,,,,sin_match,sin_candidato
cobeca,PROT SOL NIVEA SUN SWI/PLAY FPS50+ 150ML,29502,4005808944385,18.18,,,,sin_match,sin_candidato
cobeca,PROT SOL SKIN FORLLED FPS 25 60 G,16267,7591485002809,8.58,,,,sin_match,sin_candidato
cobeca,PROT SOL SKIN FORLLED FPS 40 60 G,16268,7591485002779,10.95,,,,sin_match,sin_candidato
cobeca,PROT SOL UMBRELLA CREM SPORT ACTIV X170G,29560,7703281020332,42.73,,,,sin_match,sin_candidato
cobeca,PROT SOL UMBRELLA MUY RESIST/AGUA 170G,50058,7703281021162,43.25,,,,sin_match,sin_candidato
cobeca,PROT SOLAR BIORGANIC CORP 50+ X 200G,28955,7598084000878,6.27,,,,sin_match,no farmaco
cobeca,PROT SOLAR BIORGANIC CORP BABY 50+ X200G,28956,7598084000885,6.87,,,,sin_match,no farmaco
cobeca,PROT SOLAR DERNIER C/COLOR T/DARK X 50G,28946,7598084000953,7.6,,,,sin_match,no farmaco
cobeca,PROT SOLAR DERNIER C/COLOR T/LIGHT X 50G,28944,7598084000939,7.52,,,,sin_match,no farmaco
cobeca,PROT SOLAR DERNIER CORP 50+ X 160G,28951,7598084001011,7.84,,,,sin_match,no farmaco
cobeca,PROT SOLAR DERNIER CORP 50+ X 75G,28950,7598084001004,5.78,,,,sin_match,no farmaco
cobeca,PROT SOLAR DERNIER GEL 50+ X 50G,28948,7598084000922,7.24,,,,sin_match,sin_candidato
cobeca,PROT/DIARIO TENA DISCREET EX/LARGO X15,54344,7702027477454,1.35,,,,sin_match,no farmaco
cobeca,PROT/SOLAR DERNIER CREM SPF50 BABY X160G,50317,7598084001134,8.38,,,,sin_match,sin_candidato
cobeca,PROT/SOLAR DERNIER CREM SPF50 BABY X50G,50316,7598084001189,5.06,,,,sin_match,sin_candidato
cobeca,PROT/SOLAR DERNIER PVO SPF45 DARK 7G,50315,7598084001158,9.51,,,,sin_match,sin_candidato
cobeca,PROT/SOLAR DERNIER PVO SPF45 LIGHT 7G,50313,7598084001141,9.51,,,,sin_match,sin_candidato
cobeca,PROT/SOLAR DERNIER PVO SPF45 MEDIUM 7G,50314,7598084001165,9.51,,,,sin_match,sin_candidato
cobeca,PROT/SOLAR DERNIER PVO SPF45 TRANSLUC 7G,50312,7598084001172,9.51,,,,sin_match,sin_candidato
cobeca,"PROTEC LAB VASELINE THERAPY ALOE 4,8G",52689,859581006860,3.66,,,,sin_match,no farmaco
cobeca,"PROTEC LAB VASELINE THERAPY COCOA 4,8G",52690,859581006877,3.66,,,,sin_match,no farmaco
cobeca,PROTEC LABIAL GLIZIGEN 5ML,52644,8470000638886,13.64,,,,sin_match,no farmaco
cobeca,"PROTEC LABIAL NIVEA MED REPAIR 4,80G",52170,4005900436931,3.5,,,,sin_match,no farmaco
cobeca,"PROTEC LABIAL VASELINA THERAPY 4,8G",29815,859581006846,1.62,,,,sin_match,no farmaco
cobeca,PROTEC SOL DERMOX HYDR SPF50 90ML,51396,7590005185268,9.08,,,,sin_match,sin_candidato
cobeca,PROTEC SOL FACIAL DERMOX HYDR SPF60 50ML,51395,7590005185251,9.08,,,,sin_match,sin_candidato
cobeca,PROTEC SOL LOREAL UV DEF FLUID FPS50 40G,52874,7899706188340,29.51,,,,sin_match,sin_candidato
cobeca,PROTECTOR D/CAMA SECUREZZA X10,28175,7591353515707,7.41,,,,sin_match,no farmaco
cobeca,"PROTECTOR LAB NIVEA STRAWBERR SHINE 4,8G",51753,4005808850839,3.5,,,,sin_match,no farmaco
cobeca,PROTECTOR P/SILLA D/RUEDA CLINICAS X10,27073,7596937000228,5.35,,,,sin_match,no farmaco
cobeca,PROTECTOR/DIAR ACTIVA SEC X80,53025,7591353680269,4.28,,,,sin_match,no farmaco
cobeca,PROTECTOR/DIAR FRIENDS LARGO X20,53023,7591353701803,1.25,,,,sin_match,no farmaco
cobeca,PROTECTOR/DIAR FRIENDS MANZA X20,18281,7591353701384,1.25,,,,sin_match,no farmaco
cobeca,PROTECTOR/DIAR FRIENDS MANZA X40,14880,7591353701391,2.58,,,,sin_match,no farmaco
cobeca,PROTECTOR/DIAR FRIENDS REG S/PERFUM X40,14580,7591353701490,2.51,,,,sin_match,no farmaco
cobeca,PROTECTOR/DIAR FRIENDS S/FRAGANCIA X20,53024,7591353701483,1.25,,,,sin_match,no farmaco
cobeca,PROTECTOR/DIAR KOTEX X15,20438,7702425544932,1.48,,,,sin_match,no farmaco
cobeca,PROTECTOR/DIAR LADYFREE X20,21932,6973090560058,1.43,,,,sin_match,no farmaco
cobeca,PROTECTOR/DIAR LADYFREE X40,21933,6973090560065,2.45,,,,sin_match,no farmaco
cobeca,PROTECTOR/SOL AFELIUS EXPERT 50SPF 60G,53616,7707355056838,21,,,,sin_match,sin_candidato
cobeca,PROTECTOR/SOL AFELUIS MEN 50SPF 60G,53617,7707355056821,17.58,,,,sin_match,sin_candidato
cobeca,PROTECTOR/SOL BARRA AUSTRALIAN GOLD FP50,53329,54402330982,13.86,,,,sin_match,sin_candidato
cobeca,PROTECTOR/SOL BRUCEN HYDRO AC HIALUR 50G,27371,7592090000426,30.98,,,,sin_match,score_bajo
cobeca,PROTECTOR/SOL BRUCEN ROSTRO/CUELLO 50G,15110,7592090000143,13.27,,,,sin_match,sin_candidato
cobeca,PROTECTOR/SOL CORP BRUCETIN 80G,19132,7592090001348,19.14,,,,sin_match,sin_candidato
cobeca,PROTECTOR/SOL CREM BRUCEN 100G,16763,7592090000150,22.88,,,,sin_match,sin_candidato
cobeca,PROTECTOR/SOL CREM UMBRELLA SPF50 60G,31043,7703281001461,22.6,,,,sin_match,sin_candidato
cobeca,PROTECTOR/SOL FACIAL VERABELL 60ML,53091,7599561000121,10.36,,,,sin_match,sin_candidato
cobeca,PROTECTOR/SOL FACIAL ZOAH A/EDAD 50ML,21588,7596211001118,6.24,,,,sin_match,sin_candidato
cobeca,PROTECTOR/SOL GEL UMBRELLA 60G,30803,7703281001454,20.91,,,,sin_match,sin_candidato
cobeca,PROTECTOR/SOL GEODERM SPF30 MINERAL 50ML,50893,8436010011484,31.89,,,,sin_match,sin_candidato
cobeca,PROTECTOR/SOL GEODERM SPF50 MINERAL 50ML,50892,8436599450131,35.06,,,,sin_match,sin_candidato
cobeca,PROTECTOR/SOL HIDRAT NIVEA SPF50+ 200ML,26453,4005900259615,17.73,,,,sin_match,sin_candidato
cobeca,PROTECTOR/SOL NIVEA SUN KIDS FPS50 125ML,27974,4005808944200,13.09,,,,sin_match,score_bajo
cobeca,PROTECTOR/SOL SPRAY UMBRELLA SPF50 120G,15642,7703281001447,35.71,,,,sin_match,sin_candidato
cobeca,PROTECTORES CAREFREE C/PERFUME X100,51795,7702031501442,8.28,,,,sin_match,no farmaco
cobeca,PROTECTORES CAREFREE C/PERFUME X60,51796,7702031504474,5.64,,,,sin_match,no farmaco
cobeca,PROTECTORES CAREFREE TODOS LOS DIAS X100,51800,7790010616751,8.53,,,,sin_match,no farmaco
cobeca,PROTECTORES NOSOTRAS LARG ALAS MULTI X30,54308,7702026160203,2.63,,,,sin_match,no farmaco
cobeca,PROTECTORES NOSOTRAS NORMAL X60,54309,7702027044502,4,,,,sin_match,no farmaco
cobeca,PROTOSULFIL CREM 1% 15G MEG,52761,7591619001401,5.45,2021,PROTOSULFIL 1 % CREMA,9.08,matched,score=0.688
cobeca,PROTOSULFIL CREM 30G MEG,5047,7591955001486,10.52,,,,sin_match,score_bajo
cobeca,PROVICAR SOL ORAL 180ML ELM,6420,7591062010814,10.52,4853,PROVICAR 2 g / 10ml SOLUCION ORAL,17.53,matched,score=0.819
cobeca,PROVIM GRAG X20 PLX,6879,7594001100164,6.73,,,,sin_match,sin_candidato
cobeca,PROVUNI TAB 10MG X28 UNIPH,51065,7598852001076,3.71,,,,sin_match,sin_candidato
cobeca,PROVUNI TAB 5MG X30 UNIPH,51064,7598852001069,2.55,,,,sin_match,sin_candidato
cobeca,PROXIME COMP REC 750MG X5 LETI,8044,7591585119773,16.97,,,,sin_match,score_bajo
cobeca,PROXON COMP/REC 10MG/125MG X5 FC PHARMA,54535,7593090003806,4.81,,,,sin_match,sin_candidato
cobeca,PRUEBA D/EMBARAZO BLESS DIAGNOSTIC,50126,7597467002195,3.27,,,,sin_match,no farmaco
cobeca,PRUEBA D/EMBARAZO FLEXMED TIRA X1,51289,7591120000016,1.48,,,,sin_match,no farmaco
cobeca,PRUEBA D/EMBARAZO NATALCARE X 2,30077,723592773335,3.38,,,,sin_match,no farmaco
cobeca,PRUEBA D/EMBARAZO ONE ULTRA X1 DKT,29628,7502214985003,4.83,,,,sin_match,no farmaco
cobeca,PRUEBA D/EMBARAZO TWO5MED,27178,7598832000129,3.94,,,,sin_match,no farmaco
cobeca,PRUEBA D/OVUL NATALCARE X10,52060,723592773366,11.45,,,,sin_match,sin_candidato
cobeca,PRULAX TAB REC 1MG X30 FC,50880,7593090002946,13.25,,,,sin_match,sin_candidato
cobeca,PUDIN SONRISSA VAIN 58G,19192,7591112062183,1.17,,,,sin_match,no farmaco
cobeca,PUDIN TIGO VAIN 50G,51735,7598986000839,0.6,,,,sin_match,no farmaco
cobeca,PULMOLET INH BUC 200MCG X200 DOSIS LETI,11329,7591585116291,16.68,,,,sin_match,no farmaco
cobeca,PULMOLET SUSP P/NEB 1MG/ML 15ML LETI,91027,7591585117199,11.67,4100,PULMOLET 1 mg / mL SUSPENSION PARA NEBULIZAR,19.45,matched,score=0.609
cobeca,PULMOLIX PVO 600MG NAR SOB X10 MMF,53758,7592454004282,20.97,,,,sin_match,sin_candidato
cobeca,PULPA D/TOMATE OLE PASSATA 300GR,54502,7595826008086,1.45,,,,sin_match,no farmaco
cobeca,PUNCH ON CEBO/PERE X 150G,50423,7709192950553,2.9,,,,sin_match,no farmaco
cobeca,PUNCH ON SAL X 150G,50422,7709192950584,2.9,,,,sin_match,no farmaco
cobeca,PUNCH SAL X 80G,50421,7708902965955,1.85,,,,sin_match,no farmaco
cobeca,PURE D/TOMATE HEINZ 190G,19229,7591112021852,1.59,,,,sin_match,no farmaco
cobeca,PURE D/TOMATE KALDINI PASSATA 680G,53719,8058340809700,3.49,,,,sin_match,no farmaco
cobeca,PURICOL SOB X4 CR 2N,54412,54412,14.18,,,,sin_match,sin_candidato
cobeca,PVO RINTI A/PULGA 100G,21906,7591635000600,6.14,,,,sin_match,sin_candidato
cobeca,PVO/BASE FIT ME FRESH TINT SPF 05,50672,6902395830542,13.84,,,,sin_match,score_bajo
cobeca,QLAIRA COMP REC X28 AVPH,28271,7795320051261,27.76,,,,sin_match,score_bajo
cobeca,QUANOX CREM 1% 30G SIEG,51331,7707355057873,8.68,,,,sin_match,sin_candidato
cobeca,QUANOX SOL GTS 0.6% 5ML MEY,20422,7707355054995,15.13,,,,sin_match,sin_candidato
cobeca,QUERCETOL TAB 500MG X10 MEY,26895,7707355052588,23.23,,,,sin_match,sin_candidato
cobeca,QUETIAPINA TAB 100MG X 10 FARMAMED,50162,8906082151185,1.68,6219,QUETIAPINA 100 mg TABLETAS RECUBIERTAS,2.8,matched,score=0.745
cobeca,QUETIAPINA TAB 100MG X30 PHARMA,27607,8906082151567,4.84,6219,QUETIAPINA 100 mg TABLETAS RECUBIERTAS,8.07,matched,score=0.760
cobeca,QUETIAPINA TAB 25MG X30 PHARMA,27606,8906082151574,3.57,6215,QUETIAPINA 25 mg TABLETAS RECUBIERTAS,5.95,matched,score=0.740
cobeca,QUETIAPINA TAB 300MG X30 CR MT,51310,7862138698268,12.64,4732,QUETIAZIC 300 mg COMPRIMIDOS RECUBIERTOS,21.07,matched,score=0.857
cobeca,QUETIVAL TAB REC 100MG X30 VLM,27422,7591020009218,10.24,5678,QUETIVAL 100 mg TABLETAS RECUBIERTAS,17.07,matched,score=0.648
cobeca,QUETIVAL TAB REC 200MG X30 VLM,52493,7591020009720,12.37,6319,QUETIVAL 200 mg TABLETAS RECUBIERTAS,20.62,matched,score=0.648
cobeca,QUETIVAL TAB REC 25MG X30 VLM,27421,7591020009232,7.13,5679,QUETIVAL 25 mg TABLETAS RECUBIERTAS,11.88,matched,score=0.628
cobeca,QUINCHONCHO CAP 300MG X60 NAT PREM,13356,7592430000161,5.73,,,,sin_match,sin_candidato
cobeca,QUINCHONCHO CAP 300MG X90 ARC IRIS,7043,7592946000099,10,,,,sin_match,sin_candidato
cobeca,QUINOCORT SUSP OFT 5ML L.O,4594,7591196002273,20.17,,,,sin_match,score_bajo
cobeca,QUINOFTAL SOL OFT 5ML L.O,9531,7591196000439,18.54,,,,sin_match,score_bajo
cobeca,"QUINOMAX SOL OFT 0,50% 5ML L.O",8458,7591196003416,19.04,,,,sin_match,score_bajo
cobeca,QUINOTIC HC SUSP OTICA 5ML L.O,1661,7591196000637,15.38,,,,sin_match,score_bajo
cobeca,"QUINOTIC SOL OTICA 0,3% 4ML L.O",25191,7591196006288,15.22,2577,OTIRILIN 4 % - 1 % SOLUCION OTICA,25.37,matched,score=0.695
cobeca,QUITAMANCHAS LIQ VANISH BLAN 450ML,50829,7702626214948,4.72,,,,sin_match,no farmaco
cobeca,QUITAMANCHAS LIQ VANISH ROSA 450ML,23454,7702626214931,4.72,,,,sin_match,no farmaco
cobeca,QUITAMANCHAS LIQ VANISH ROSA 900ML,23453,7702626203706,9.07,,,,sin_match,no farmaco
cobeca,QUITAMANCHAS VANISH BLANCO MULTIP 240 G,17753,7702626214818,11.19,,,,sin_match,no farmaco
cobeca,RABANO YODADO JBE 120ML ARC IRIS,92594,7592946012801,8.57,,,,sin_match,sin_candidato
cobeca,RABANO YODADO JBE 120ML RECETT,20899,7594001451112,3.51,,,,sin_match,sin_candidato
cobeca,RAID MAX AER 360ML,15373,7591005004382,5.99,,,,sin_match,sin_candidato
cobeca,RALLADOR 4 EN 1 MANAPLAS,50743,7591161380009,2.89,,,,sin_match,no farmaco
cobeca,"RAMIPRES COMP 2,5MG X30 MEG",18616,7591619520520,7.79,4826,RAMIPRES 5 mg COMPRIMIDOS,12.98,matched,score=0.859
cobeca,RAMIPRES COMP 5MG X30 MEG,18617,7591619520537,9.74,4826,RAMIPRES 5 mg COMPRIMIDOS,16.23,matched,score=0.859
cobeca,RAMIPRIL TAB 5MG X30 CR DAC,54107,7598578001077,7.06,4016,"RAMIPRIL 2,5 mg COMPRIMIDOS",11.77,matched,score=0.891
cobeca,RANIFLUX COMP REC 150MG X10 ALESS,52775,7597758001692,2.94,,,,sin_match,sin_candidato
cobeca,RANIFLUX COMP REC 150MG X30 ALESS,52776,7597758001708,7.47,,,,sin_match,sin_candidato
cobeca,RANITIDINA AMP 50MG/2ML X10 BLUE/M,23534,6930169708124,7.65,576,RANITIDINA 50 mg/2 mL SOLUCION INYECTABLE,12.75,matched,score=0.848
cobeca,RANITIDINA SOL ORAL 150MG/10ML BIOQ,53151,7594000851142,6.69,4952,RANITIDINA 150 mg / 10 mL SOLUCION ORAL,11.15,matched,score=0.839
cobeca,RANITIDINA TAB 150MG X10 MT GLOB,54366,8902399004701,6.66,2234,RANITIDINA 150 mg COMPRIMIDOS RECUBIERTOS,11.1,matched,score=0.878
cobeca,RANITIDINA TAB 300MG X10 MT GLOB,54367,8902399106672,10.26,2953,RANITIDINA 300mg TABLETAS,17.1,matched,score=0.957
cobeca,RASALIT TAB 1 MG X 30,30350,7599112000303,18.02,,,,sin_match,sin_candidato
cobeca,RECOLECTOR D/HECES X250 STERIPHARMA,25629,7595651000057,21.94,,,,sin_match,no farmaco
cobeca,RECOLECTOR D/ORINA BRIUT PED 100ML X100,24383,0723592772581,38.96,,,,sin_match,sin_candidato
cobeca,RECOLECTOR D/ORINA HMD X 100,30364,7595651000071,16.25,,,,sin_match,no farmaco
cobeca,RECOLECTOR D/ORINA PLUSMEDIC AD X100,53157,17597467003397,19.2,,,,sin_match,no farmaco
cobeca,REFLUXYL SUSP ORAL 120ML ZUO,13504,7591651722937,11.35,,,,sin_match,score_bajo
cobeca,REFLUXYL SUSP ORAL 240ML VARG,51758,7592349001877,12.96,,,,sin_match,score_bajo
cobeca,REFRESC BUC SPRAY OZONEPIU FRESH 40ML,52619,7593319002276,2.65,,,,sin_match,no farmaco
cobeca,REGLA FLEXIBLE 15CM X1,26751,7453086116838,0.7,,,,sin_match,no farmaco
cobeca,REGLA TRANSP 30CM X1,26752,7453086116852,1.05,,,,sin_match,no farmaco
cobeca,REGULADOR D/FLUJO PLUSMEDIC C/GOTAS X 25,50538,7597467002003,61.02,,,,sin_match,sin_candidato
cobeca,REGULIP TAB 20MG X30 FAR,95311,7591821903746,18.82,4659,REGULIP 20 mg TABLETAS,31.37,matched,score=0.668
cobeca,REHIDROSOL ZINC 60MEQ/L MANZ 600ML BHR,27791,7592637000223,5.88,,,,sin_match,no farmaco
cobeca,REMOVEDOR CUTEX ENDURECEDOR 200ML,28223,7591023543344,4.05,,,,sin_match,no farmaco
cobeca,RENALOF CAP X90 AVPH,52039,8470001536051,37.66,,,,sin_match,sin_candidato
cobeca,RENANGIO TAB 80MG X10 ZORIAK,17860,8904159613673,6.43,,,,sin_match,sin_candidato
cobeca,RENDICREAM COMICS X 1 PACK,50697,7592558000029,1.21,,,,sin_match,no farmaco
cobeca,RENDICREAM SERIOUS X 2 PACK,50698,7592558000012,1.55,,,,sin_match,no farmaco
cobeca,REPELENTE AER OFF FAMILY 170G,30028,7501032927202,6.9,,,,sin_match,sin_candidato
cobeca,REPELENTE CREM AVISPA 100G,46928,7591635000198,3.38,,,,sin_match,sin_candidato
cobeca,REPELENTE CREM AVISPA KIDS 100G,52193,7591635001027,4.88,,,,sin_match,sin_candidato
cobeca,REPELENTE CREM OFF FAMILY 60G,23190,7591005996632,2.35,,,,sin_match,sin_candidato
cobeca,REPELENTE DERNIER LOC SKINSEPT 200 G,16694,7596548000648,2.48,,,,sin_match,sin_candidato
cobeca,REPELENTE DERNIER LOCION BABY 200 G,16692,7596548000662,2.47,,,,sin_match,no farmaco
cobeca,REPELENTE DERNIER SPRAY SKINSEPT 200 G,16693,7596548000655,3.81,,,,sin_match,no farmaco
cobeca,REPELENTE LIQ OFF EX DURACION 177ML,52944,7501032911478,7.26,,,,sin_match,no farmaco
cobeca,REPELENTE LIQ OFF! FAMILY 177ML,53816,7501032901851,6.23,,,,sin_match,no farmaco
cobeca,REPELENTE OFF EXTRA DURACION AER 170G,28673,7501032911454,8.21,,,,sin_match,sin_candidato
cobeca,REPELENTE SPLASH AVISPA KIDS 240G,52192,7591635001218,5.78,,,,sin_match,no farmaco
cobeca,RESCUE REMEDY 30ML SANAV,54162,7593533001109,8.51,,,,sin_match,no farmaco
cobeca,RESECAL PVO 10MG SOB X10 DISK,54046,7840274608280,15.74,,,,sin_match,score_bajo
cobeca,"RESEQUIL LOC/TOPICA 0,1% X 10ML",50509,7591196006592,11.68,,,,sin_match,score_bajo
cobeca,RESPIRO INH 25MCG/250MCG X120DOSIS DORO,21689,8699525526410,27.1,,,,sin_match,no farmaco
cobeca,RESTAURAFLOR SACHET AD 10ML ORBE X12,26036,07591970321,14.39,,,,sin_match,no farmaco
cobeca,RESVERAT/NAD CAP 400/200MG X60 NAT PREM,54491,7592430000888,15.58,,,,sin_match,sin_candidato
cobeca,RESVERATROL COMPLEX CAP 500MGX30 PHARMAC,53755,53755,15,,,,sin_match,score_bajo
cobeca,RESVERATROL NAD+VID CAP 125MG X60 HERB,53122,7592710005923,20.73,,,,sin_match,sin_candidato
cobeca,RESVIDOX + NAD CAP BLD X30 ARCO IRIS,54362,7592946001799,26,,,,sin_match,sin_candidato
cobeca,REUMAQUINE COM 200MG X 20,28726,7598928000040,8.07,7214,REUMAQUINE 200 mg TABLETAS RECUBIERTAS,13.45,matched,score=0.694
cobeca,REVERSAIR TAB 4MG X10 CAPSUV,23344,7598055000500,2.81,,,,sin_match,sin_candidato
cobeca,REVITALIFT AC HIALURONICO A/BRILLO X 50G,50448,7509552796131,24.69,,,,sin_match,no farmaco
cobeca,REVITALIFT SERUM AC HIALUR P/OJOS X 20ML,29039,7509552794557,26.8,,,,sin_match,no farmaco
cobeca,RHELEN ARNICA CRISTAL 250G INTERV,96998,7593434000218,5.32,,,,sin_match,no farmaco
cobeca,RHELEN ARNICA PLUS SPRAY 120ML INTERV,98448,7593434000430,4.27,,,,sin_match,no farmaco
cobeca,RHELEN GEL ARNICA PLUS TARRO 250G INTERV,90756,7593434000089,5.32,,,,sin_match,sin_candidato
cobeca,RHELEN GEL ROLLON ARNICA PLUS 90G INTERV,90757,7593434000164,2.6,,,,sin_match,sin_candidato
cobeca,RIBEX COMP REC 10MG X30 EURO,53088,7891317035259,21.57,,,,sin_match,sin_candidato
cobeca,RICA CHICHA 400G,14422,7591016202531,4.05,,,,sin_match,no farmaco
cobeca,RIDAL COMP 2MG X20 MEG,11398,7594000490617,8.05,2644,RIDAL 2 mg COMPRIMIDOS RECUBIERTOS,13.42,matched,score=0.713
cobeca,RIDAL COMP 3MG X20 MEG,11399,7594000490624,10,2643,RIDAL 3 mg COMPRIMIDOS RECUBIERTOS,16.67,matched,score=0.713
cobeca,RIDAL COMP REC 1MG X20 MEG,90076,7594000491669,7.01,,,,sin_match,score_bajo
cobeca,RIDAL GTS 1MG/ML 20ML MEG,96311,7594000491799,9.19,4713,RIDAL 1 mg / mL SOLUCION ORAL,15.32,matched,score=0.656
cobeca,RIFAMICINA SOL ATOM 1% 25ML CR ZUK,23696,7840282039298,14.76,,,,sin_match,sin_candidato
cobeca,RIFAMIX COMP REC 200MG X12 LETI,99098,7591585119049,21.62,4723,RIFAMIX 200 mg COMPRIMIDOS RECUBIERTOS,36.03,matched,score=0.642
cobeca,RIFENDI COMP REC 200MG X10 ZUOZ,52798,7591651002237,12.96,,,,sin_match,sin_candidato
cobeca,RIFENDI COMP REC 550MG X10 ZUOZ,52797,7591651002244,32.42,,,,sin_match,sin_candidato
cobeca,RINARIS TAB REC 5MG/60MG X10 FAR,16753,7591821802322,3.83,4810,"RINARIS 2,5 mg - 30 mg /5 mL SOLUCION ORAL",6.38,matched,score=0.651
cobeca,RINGER LACTATO SOL #19 500ML BHR,15338,7592637005051,4.79,,,,sin_match,score_bajo
cobeca,RINGER LACTATO SOL 500ML ZUZU,52597,7599608002903,2.41,,,,sin_match,score_bajo
cobeca,RINGER LACTATO SOL INF 500ML BLUE/M,53794,7598127002456,1.99,,,,sin_match,score_bajo
cobeca,RINGER LACTATO SOL INY 500ML IPS,21358,7597285000076,1.98,627,SOLUCION RINGER LACTATO (SOLUCION HARTMAN) INYECTABLE,3.3,matched,score=0.652
cobeca,RINGOS MUNCHY 62G,15148,7592708000459,1.05,,,,sin_match,no farmaco
cobeca,RINGOS XXL X 180G,50413,7592708001722,2.71,,,,sin_match,no farmaco
cobeca,"RINIFLU SOL ORAL 2,5MG/5ML 60ML BIOTECH",54314,7591243844702,6.15,,,,sin_match,score_bajo
cobeca,RINITOR +6 X 30ML,50221,7598928000057,4.66,,,,sin_match,no farmaco
cobeca,RIÑOHEPATOL CAP X60 WALF,28377,7592710005206,11.84,,,,sin_match,sin_candidato
cobeca,RINOLAST TAB 120MG X10 FAR,6448,7592229001171,5.87,3016,RINOLAST 120 mg TABLETAS RECUBIERTAS,9.78,matched,score=0.668
cobeca,RINOMAX SOL NASAL 15ML L.O,2250,7591196000682,17.49,2736,"RINOMAX 0,25 % - 0,125 % - 0,25 % SOLUCION NASAL",29.15,matched,score=0.657
cobeca,RIÑONERA SELVA X1,26173,0606889002342,0.74,,,,sin_match,no farmaco
cobeca,RISPERDON SUSP ORAL 1MG/ML 20ML PROV,52460,8904180217802,3.51,,,,sin_match,sin_candidato
cobeca,RISPERID COMP 2MG X30 MEG,94360,7591619518589,9.09,2505,RISPERID 2 mg COMPRIMIDOS RECUBIERTOS,15.15,matched,score=0.935
cobeca,RISPERID COMP 3MG X30 MEG,94359,7591619518572,11.82,2506,RISPERID 3 mg COMPRIMIDOS RECUBIERTOS,19.7,matched,score=0.935
cobeca,RISPERID COMP REC 1MG X30 MEG,95023,7591619518565,8.05,3952,RISPERID 1 mg/ mL SOLUCION ORAL,13.42,matched,score=0.801
cobeca,RISPERID GTS 1MG/ML 20ML MEG,90686,912257631,7.27,3952,RISPERID 1 mg/ mL SOLUCION ORAL,12.12,matched,score=0.725
cobeca,RISPERIDONA TAB 1MG X20 FMED,50986,8908020242535,1.83,3807,RISPERID 1 mg COMPRIMIDOS RECUBIERTOS,3.05,matched,score=0.838
cobeca,RISPERIDONA TAB 2MG X20 FMED,50987,8908020242542,1.99,4412,RISPERIDONA 2 mg TABLETAS RECUBIERTAS,3.32,matched,score=0.891
cobeca,RISPERIDONA TAB REC 2MG X20 CLX,97451,7591519009255,5.04,4412,RISPERIDONA 2 mg TABLETAS RECUBIERTAS,8.4,matched,score=0.813
cobeca,RISTONEL COMP 100MG X30 CLX,53559,7796285285432,29.35,7276,RISTONEL 100 mg COMPRIMIDOS RECUBIERTOS,48.92,matched,score=0.651
cobeca,RISTONEL COMP 50MG X30 CLX,53558,7796285285425,36.69,7275,RISTONEL 50 mg COMPRIMIDOS RECUBIERTOS,61.15,matched,score=0.632
cobeca,RITROMI TAB/REC 500MG X 10,29497,7861148022636,12.47,5424,RITROMI 500 mg TABLETAS RECUBIERTAS,20.78,matched,score=0.791
cobeca,RIVAPROF COMP REC 10MG X30 VLM,51137,7591020009621,12.78,,,,sin_match,score_bajo
cobeca,RIVAPROF COMP REC 15MG X30 VLM,51138,7591020009638,15.52,,,,sin_match,score_bajo
cobeca,RIVAREX COMP REC 10MG  X30 DLR,52904,7592803004284,10.93,,,,sin_match,score_bajo
cobeca,RIVAREX COMP REC 15MG X30 DLR,52905,7592803004291,13.17,,,,sin_match,score_bajo
cobeca,RIVAROXABAN TAB 15MG X30 CR DIST,24319,7598252101703,12.04,5829,RIVAROXABAN 15 mg TABLETAS RECUBIERTAS,20.07,matched,score=0.859
cobeca,RIVAROXABAN TAB 20MG X10 VIN,26738,8904187885424,7.95,5830,RIVAROXABAN 20 mg TABLETAS RECUBIERTAS,13.25,matched,score=0.859
cobeca,RIVAROXABAN TAB REC 20MG X14 KMP,54217,0730170649463,6.33,5830,RIVAROXABAN 20 mg TABLETAS RECUBIERTAS,10.55,matched,score=0.737
cobeca,RIXIGAL PVO SUSP 100MG/5ML 100ML PHARME,24650,7703763638208,24.64,,,,sin_match,score_bajo
cobeca,RIXIGAL TAB REC 400MG X10 PHARME,53842,7703763869756,21.52,,,,sin_match,score_bajo
cobeca,ROCARNIN SOL 10% 120ML RNV,24130,7592806121063,3.88,,,,sin_match,sin_candidato
cobeca,ROCARNIN SOL 10% 180ML RNV,98389,7592806121049,7.29,,,,sin_match,sin_candidato
cobeca,RODILLERA ICE SLEEVE KT HEALTH L-XL,51957,814179026521,61.2,,,,sin_match,no farmaco
cobeca,RODILLERA ICE SLEEVE KT HEALTH S-M,51956,814179026514,61.2,,,,sin_match,no farmaco
cobeca,"ROLASTYM INH 160ML/4,5MCG X120DOSIS DORO",20125,8699525520074,32.53,,,,sin_match,no farmaco
cobeca,ROLLO D/ALGODON 100G,52377,2584563215722,2.11,,,,sin_match,no farmaco
cobeca,ROLLO D/ALGODON 25G,52375,2584563215708,1.1,,,,sin_match,no farmaco
cobeca,ROLLO D/ALGODON 50G,52376,2584563215715,1.3,,,,sin_match,no farmaco
cobeca,RONARES COMP 500MG/4MG X10 RNV,53742,7592806136098,2.82,6693,RONARES 500 mg - 4 mg COMPRIMIDOS,4.7,matched,score=0.622
cobeca,RONAVIT AMP 2ML X1 RNV,51283,7592806114010,2.84,,,,sin_match,score_bajo
cobeca,RONAVIT VIT B12/B1/B6 CAP X20 RNV,24643,7592806131116,5.2,,,,sin_match,score_bajo
cobeca,RONIPRAZOL SOB 10G X10 RNV,53226,7592806132113,13.91,,,,sin_match,sin_candidato
cobeca,RONIPRAZOL TAB 20MG X14 RNV,54043,7592806134179,5.63,,,,sin_match,sin_candidato
cobeca,RONIPRAZOL TAB 40MG X14 RNV,54044,7592806134186,6.47,,,,sin_match,sin_candidato
cobeca,ROSUTAN TAB 10MG X30 ZORIAK,22559,7599112000150,6.11,7088,ROSUTAN 10 mg TABLETAS RECUBIERTAS,10.18,matched,score=0.626
cobeca,ROSUVASTATINA COMR 20 MG X 30 LETI,99560,7591585372604,25.3,,,,sin_match,no farmaco
cobeca,ROSUVASTATINA TAB 20MG X30 ANG/H,21364,7598176000144,4.51,4106,ROSUVASTATINA 20 mg COMPRIMIDOS RECUBIERTOS,7.52,matched,score=0.859
cobeca,ROSUVASTATINA TAB REC 10MG X30 PHARMA,52114,7593352000062,4.21,,,,sin_match,score_bajo
cobeca,ROSUVASTATINA TAB REC 20MG X10 PHARME,24316,7703763895779,7.87,5596,ROSUVASTATINA 20 mg TABLETAS RECUBIERTAS,13.12,matched,score=0.737
cobeca,ROSUVASTATINA TAB REC 20MG X30 PHARMA,52113,7593352000123,6.92,,,,sin_match,score_bajo
cobeca,ROSUVASTATINA TAB/REC 10MG X 30 LA SANT,29584,7703763050901,11.44,5631,ROSUVASTATINA 10 mg TABLETAS RECUBIERTAS,19.07,matched,score=0.737
cobeca,ROVARTAL COMP REC 10MG X30 MEG,9989,7591619518190,14.03,,,,sin_match,score_bajo
cobeca,ROVARTAL COMP REC 20MG X30 MEG,96276,7591619518930,19.87,,,,sin_match,score_bajo
cobeca,ROVARTAL COMP REC 40MG X30 MEG,94461,7591619518213,24.68,4452,ROVARTAL 40 mg COMPRIMIDOS RECUBIERTOS,41.13,matched,score=0.632
cobeca,"ROWELUK COM/MAST 5MG/2,5MG X 10",28868,7591619000848,5.19,,,,sin_match,score_bajo
cobeca,"ROWELUK COM/MAST 5MG/2,5MG X 30",28869,7591619000855,11.69,,,,sin_match,score_bajo
cobeca,ROWELUK COMP MAST 5MG X10 MEG,26093,7591619000619,2.87,4075,ROWELUK 5 mg COMPRIMIDOS MASTICABLES,4.78,matched,score=0.611
cobeca,ROWELUK ULTRA COM/REC 10MG/5MG X 10,28891,7591619000824,6.49,,,,sin_match,score_bajo
cobeca,ROWELUK-10 COMP MAST X30 MEG,92737,7591619517223,8.05,4074,ROWELUK 4 mg COMPRIMIDOS MASTICABLES,13.42,matched,score=0.645
cobeca,ROWELUK-4 COMP MAST PED 4MG X10 MEG,25403,7591619000602,2.21,4074,ROWELUK 4 mg COMPRIMIDOS MASTICABLES,3.68,matched,score=0.611
cobeca,ROWELUK-4 COMP MAST PED X30 MEG,92736,7591619517285,4.94,4074,ROWELUK 4 mg COMPRIMIDOS MASTICABLES,8.23,matched,score=0.645
cobeca,ROWELUK-5 COMP MAST X30 MEG,92735,7591619517278,6.49,4074,ROWELUK 4 mg COMPRIMIDOS MASTICABLES,10.82,matched,score=0.645
cobeca,ROWETOS JBE 7MG/ML 200ML MEG,52514,7460536574414,13.9,,,,sin_match,sin_candidato
cobeca,ROWETOS JBE 7MG/ML 80ML MEG,52745,7460536574407,6.23,,,,sin_match,sin_candidato
cobeca,RUBIZON TAB REC 20MG X35 COFA,54290,7591818000526,9.48,,,,sin_match,score_bajo
cobeca,RUBLOX TAB/REC 10MG X 30,50752,7591243845808,12.99,,,,sin_match,score_bajo
cobeca,RUBLOX TAB/REC 20MG X 30,50753,7591243845860,20.66,,,,sin_match,score_bajo
cobeca,RYNAMED FORTE TAB 250/400/65MG X10 FMED,50988,8906188190040,2.02,,,,sin_match,score_bajo
cobeca,SABE MIEL JBE BERR EUCALIP 180ML BIOFAR,16674,7592710001031,4.55,,,,sin_match,score_bajo
cobeca,SABE MIEL JBE CEBOLLA MORAD 180ML BIOFAR,16673,7592710001048,4.55,,,,sin_match,score_bajo
cobeca,SABE MIEL JBE PLUS 180ML BIOFAR,16676,7592710001062,4.55,,,,sin_match,score_bajo
cobeca,SABILA CAP X60 HERB,24259,7592710000997,10.26,,,,sin_match,sin_candidato
cobeca,SABILA JBE 120ML CHEM/S,8986,7557956330048,5.82,,,,sin_match,sin_candidato
cobeca,SABILADERM CREM BABY A/PAÑALITIS 65G COH,14184,7592512001925,5.63,,,,sin_match,sin_candidato
cobeca,SABILAX CAP 400MG X60 WALF,28380,7592710005169,10.8,,,,sin_match,sin_candidato
cobeca,SACUBITRILO/VAL TAB REC 100MG X30 ARVEST,50770,8908020242177,22.8,,,,sin_match,score_bajo
cobeca,SACUBITRILO/VALSA TAB REC 50MGX30 CRDIST,53386,7598252002093,45.25,,,,sin_match,score_bajo
cobeca,SACUMIC COMP REC 100MG X30 MEG,54296,7730969309359,33.77,,,,sin_match,score_bajo
cobeca,SACUMIC COMP REC 50MG X30 MEG,54298,7730969309342,25.97,,,,sin_match,score_bajo
cobeca,SACUTAN COMP REC 50MG X30 ZUOZ,51393,7591651002176,30.88,,,,sin_match,sin_candidato
cobeca,SADOXOL TAB 50MG X30 SIEG,54369,7592601000709,4.16,6547,SADOXOL 50 mg TABLETAS,6.93,matched,score=0.689
cobeca,SAL CRUZ DE ORO 1KG,52086,7592114000098,0.7,,,,sin_match,no farmaco
cobeca,SAL D/EPSOM 20G LYA,25465,7599028000565,1.6,,,,sin_match,no farmaco
cobeca,SAL D/EPSOM SOB 20G BIOF,94713,7591616001619,1.35,,,,sin_match,sin_candidato
cobeca,SAL D/FRUTA 5G LYA,25476,7599028000749,1.25,,,,sin_match,no farmaco
cobeca,SAL D/FRUTA MAKENO PVO EFERV NAR X10 BIU,50809,8904255500136,3.9,,,,sin_match,sin_candidato
cobeca,SAL D/HIGUERA 25G X20 FCH,16596,7592141000962,34.81,,,,sin_match,no farmaco
cobeca,SAL D/HIGUERA SOB 20G BIOF,94714,7591616001633,1.35,,,,sin_match,sin_candidato
cobeca,SAL HIGUERA 25G X12 RECETT,20902,7594001452263,21.35,,,,sin_match,no farmaco
cobeca,SAL MARINA EL CONDOR 500G,52088,7592114000272,3.51,,,,sin_match,no farmaco
cobeca,SAL MCCORMICK GRUESA CONDIMENT/CAR 105G,18081,7591141000507,3.39,,,,sin_match,no farmaco
cobeca,SAL MCCORMICK GRUESA P/POLLO 98G,18262,7591141000521,3.39,,,,sin_match,no farmaco
cobeca,SAL REFINADA MONTE BLANCO 1KG,52087,7592114000012,1.1,,,,sin_match,no farmaco
cobeca,SALBUMED INH 100MCG X200DOSIS MDF,7236,7591096001482,12.92,,,,sin_match,no farmaco
cobeca,"SALBUROL SOL INH 0,5% X20 VLM",9854,7591020001625,8.94,,,,sin_match,score_bajo
cobeca,SALBUTAMOL INH 100MCG X200DOSIS CR DIST,20949,7598252101512,13.39,,,,sin_match,no farmaco
cobeca,"SALBUTAMOL SOL INH 0,5% 5MG/ML 20ML DIST",52481,7598252001829,10.08,,,,sin_match,score_bajo
cobeca,SALBUTAMOL SOL INH 5MG/ML 15ML L.O,4326,7591196002303,9.87,,,,sin_match,score_bajo
cobeca,SALBUTAMOL SUSP INH 100MCG X200DOSIS,24738,7591196000019,13.36,2147,SALBUTAMOL 40 mg/ 100 mL JARABE,22.27,matched,score=0.859
cobeca,SALBUTAN SUSP INH X200 DOSIS FAR,51201,7707172686270,12.36,1794,SALBUTAN 100 mcg / DOSIS SUSPENSION PARA INHALACION ORAL,20.6,matched,score=0.779
cobeca,"SALES D/REHIDRAT SOB 20,5G X10 KMP",53472,6921875011967,10.41,,,,sin_match,score_bajo
cobeca,SALICIS CREM 1% 20G BOOZ,20710,7597072001194,4.6,,,,sin_match,sin_candidato
cobeca,"SALINAX SOL NASAL 0,9% 50ML CLX",53798,7591519001846,6.9,,,,sin_match,score_bajo
cobeca,SALMETEROL/FLUTIC INH 25/250MCGX120D KMP,54218,8908010870298,27.91,,,,sin_match,no farmaco
cobeca,SALSA HEINZ 57 378G,19200,75916176,2.02,,,,sin_match,no farmaco
cobeca,SALSA HEINZ KETCHUP 198G,19197,75916220,1.23,,,,sin_match,no farmaco
cobeca,SALSA HEINZ KETCHUP 397G,19198,75916107,2.05,,,,sin_match,no farmaco
cobeca,SALSA HEINZ KETCHUP S/AZU 367G,28228,7591112000314,1.99,,,,sin_match,no farmaco
cobeca,SALSA HEINZ PICANTE 150ML,19207,7591112038010,1.34,,,,sin_match,no farmaco
cobeca,SALSA HEINZ TOMATE PICANTE 397G,21393,75922078,1.99,,,,sin_match,no farmaco
cobeca,SALSA MC CORMICK AGRIDULCE 294G,18116,7591141221506,2.63,,,,sin_match,no farmaco
cobeca,SALSA MC CORMICK AJO 150G,18100,7591141320100,1.36,,,,sin_match,no farmaco
cobeca,SALSA MC CORMICK AJO 313G,18101,7591141320117,2.46,,,,sin_match,no farmaco
cobeca,SALSA MC CORMICK AJOMIX 150G,18102,7591141221223,1.36,,,,sin_match,no farmaco
cobeca,SALSA MC CORMICK BBQ AHUMADA 230ML,17882,7591141990532,2.86,,,,sin_match,no farmaco
cobeca,SALSA MC CORMICK BBQ ORIG 230ML,18109,7591141102034,2.86,,,,sin_match,no farmaco
cobeca,SALSA MC CORMICK INGLESA 150ML,18093,7591141300102,1.41,,,,sin_match,no farmaco
cobeca,SALSA MC CORMICK INGLESA 300ML,18094,7591141300201,2.48,,,,sin_match,no farmaco
cobeca,SALSA MC CORMICK INGLESA LIGHT 150ML,18095,7591141300119,1.36,,,,sin_match,no farmaco
cobeca,SALSA MC CORMICK INGLESA VINO BLAN 150G,18096,7591141707314,1.51,,,,sin_match,no farmaco
cobeca,SALSA MC CORMICK INGLESA VINO BLAN 300ML,18099,7591141758507,2.81,,,,sin_match,no farmaco
cobeca,SALSA MC CORMICK INGLESA VINOT 150ML,18097,7591141102065,1.51,,,,sin_match,no farmaco
cobeca,SALSA MC CORMICK INGLESA VINOT 300ML,18098,7591141758606,2.81,,,,sin_match,no farmaco
cobeca,SALSA MC CORMICK PICANTE CRIOLLO 150ML,18108,7591141320612,1.63,,,,sin_match,no farmaco
cobeca,SALSA MC CORMICK SOYA 150G,18103,7591141320209,1.36,,,,sin_match,no farmaco
cobeca,SALSA MC CORMICK SOYA 300G,18104,7591141320308,2.48,,,,sin_match,no farmaco
cobeca,SALSA MC CORMICK SOYA LIGHT 150ML,18105,7591141320216,1.36,,,,sin_match,no farmaco
cobeca,SALSA P/PASTA BOLOÑESA OLE 300GR,54503,7595826008048,1.63,,,,sin_match,no farmaco
cobeca,SALSA P/PASTA HEINZ BOLOGNESA 195G,19220,7591112026154,1.51,,,,sin_match,no farmaco
cobeca,SALSA P/PASTA HEINZ NAPOLITANA 195G,19224,7591112026444,1.51,,,,sin_match,no farmaco
cobeca,SALSA P/PASTA OSOLE BOLOÑESA X 340G,50270,7595826003951,1.92,,,,sin_match,no farmaco
cobeca,SALSA P/PASTA OSOLE NAPOLITANA X 340G,50272,7595826003982,1.69,,,,sin_match,no farmaco
cobeca,SALSA P/PASTA OSOLE PIZZA X 340G,50271,7595826003968,1.69,,,,sin_match,no farmaco
cobeca,SALSA P/PIZZA HEINZ TRADIC 480G,19227,7591112028042,3.12,,,,sin_match,no farmaco
cobeca,SALSA P/PIZZA OLE 300GR,54504,7595826008024,1.45,,,,sin_match,no farmaco
cobeca,SALSA TERIYAKI 279G,18115,7591141221513,2.73,,,,sin_match,no farmaco
cobeca,SALSA TIQUIRE FLORES AJO 150ML,19214,7591112052016,1.12,,,,sin_match,no farmaco
cobeca,SALSA TIQUIRE FLORES KETCHUP 397G,23546,75919740,1.54,,,,sin_match,no farmaco
cobeca,SALSA TIQUIRE FLORES SOYA 300ML,19230,7591112056021,2.37,,,,sin_match,no farmaco
cobeca,SANDW BISCUIT HAPPY CHOCO/VAIN 112G,17727,7896022207083,0.66,,,,sin_match,no farmaco
cobeca,SANDW RENATA CHOCO 112G,16991,7896022207465,0.66,,,,sin_match,no farmaco
cobeca,SANDW RENATA FRESA 112G,16944,7896022207069,0.66,,,,sin_match,no farmaco
cobeca,SANITARIO PORTA PLEGABLE DOVANT,52188,7597830005679,110.78,,,,sin_match,no farmaco
cobeca,SANITARIO PORTA PLEGABLE DOVANT C/RUEDAS,52189,7597830005686,123.7,,,,sin_match,no farmaco
cobeca,SANTEX ANTIACAROS 450ML,54528,7593679000141,13.44,,,,sin_match,no farmaco
cobeca,SARIFAN COMP TAB X20 RNV,4645,7592806134032,7.19,1889,"SARIFAN COMPOSITUM 0,01 g - 0,25 g TABLETAS RECUBIERTAS",11.98,matched,score=0.929
cobeca,SAVER COM PVO SUSP 200MG/5ML X 37.5ML,29638,7591062010227,5.95,,,,sin_match,score_bajo
cobeca,SAVER COMP 500MG X5 ELM,207,7591062010210,3.17,2558,SAVER 500 mg COMPRIMIDOS RECUBIERTOS,5.28,matched,score=0.643
cobeca,SAW PALMETTO CAP 300MG X60 ARC IRIS,18761,7592946169673,13.51,,,,sin_match,sin_candidato
cobeca,SAX DUCHA VAG 135ML BIOTECH,4072,7591241846609,4.22,,,,sin_match,no farmaco
cobeca,SAZON MCCORMINCK MEXICANA 75G,18149,7591141100672,3.88,,,,sin_match,no farmaco
cobeca,SAZONADOR MAGGI NATURISIMO 35G X15,27039,0791016205907,12.99,,,,sin_match,no farmaco
cobeca,SAZONATODO MAGGI 200G,16845,7591016204504,3.68,,,,sin_match,no farmaco
cobeca,SAZONATODO MAGGY DISP 35G X15,20474,7591016204535,10.98,,,,sin_match,sin_candidato
cobeca,SECNIDAZOL  TAB 500MG X4 FMED,52731,8906082150737,0.89,2787,SECNIDAZOL 500 mg TABLETAS RECUBIERTAS,1.48,matched,score=0.878
cobeca,SECNIDAZOL COMP REC 1G X2 GENVEN,52517,7591585175106,5.33,,,,sin_match,score_bajo
cobeca,SECNIDAZOL TAB 1G X2 CLX,4005,7591519003918,2.99,4019,SECNIDAZOL 1 g TABLETAS RECUBIERTAS,4.98,matched,score=0.902
cobeca,SECNIDAZOL TAB 1G X2 VIV,8585,7703153019914,3.39,2910,SECNIDAZOL 1 g TABLETAS RECUBIERTAS,5.65,matched,score=0.859
cobeca,SECNIDAZOL TAB 500MG X4 KIMIC,3004,7592616471013,2.42,4323,SECNIDAZOL 500 mg COMPRIMIDOS,4.03,matched,score=0.710
cobeca,SECNIDAZOL TAB REC 1G X2 VLM,92494,7591020008181,3.5,4248,SECNIDAZOL 1 g TABLETAS RECUBIERTAS,5.83,matched,score=0.780
cobeca,SECNIDEX TAB REC 500MG X4 PLX,92854,7594001101475,3.46,4276,SECNIDEX 500 mg TABLETAS RECUBIERTAS,5.77,matched,score=0.678
cobeca,SEDACONS SOL IV 100MCG/2ML X 1,50706,7592637000131,10.9,,,,sin_match,score_bajo
cobeca,SEDIVAL TAB X30 MEY,2473,7592601100836,8.99,,,,sin_match,sin_candidato
cobeca,SELENE CAP BLD 400UI/70MCG X30 VIV,4898,7592432005560,11.97,3201,SELENE 400 UI - 70 mcg CAPSULAS BLANDAS,19.95,matched,score=0.613
cobeca,SELENIO CAP 100MCG X60 HERB,53124,7592710005572,11.56,4282,SELENE 100 UI - 70 mcg CAPSULAS BLANDAS,19.27,matched,score=0.803
cobeca,SELENIUM TAB 100MCG X100 NOW,28242,733739014801,13.19,,,,sin_match,sin_candidato
cobeca,SEN 10G X12 RECETT,20903,7594001452270,23.53,,,,sin_match,no farmaco
cobeca,SEN D/HOJAS 5G X15 FCH,16597,7592141001068,25.71,,,,sin_match,no farmaco
cobeca,"SENOCOLAX TAB 8,6MG/50MG X10 TIAR",52454,198715553222,2.81,,,,sin_match,sin_candidato
cobeca,"SENOKOT/DOCUSATO TAB REC 8,6/50MGX10 FAR",16659,7591821210295,3.74,,,,sin_match,sin_candidato
cobeca,SENSIBIO H2O SOL 100ML,92752,3701129812075,24.1,,,,sin_match,sin_candidato
cobeca,SERETIDE SUSP INH 25MG/125MCG X120 DOSIS,50863,7861028101574,32.43,2878,SERETIDE 25 mcg - 50 mcg DOSIS SUSPENSION PARA INHALACION ORAL,54.05,matched,score=0.610
cobeca,SERETIDE SUSP INH 25MG/250MCG X120 DOSIS,50862,7861028101581,42.01,2878,SERETIDE 25 mcg - 50 mcg DOSIS SUSPENSION PARA INHALACION ORAL,70.02,matched,score=0.610
cobeca,SERETIDE SUSP INH 25MG/50MCG X120 DOSIS,50864,7861028101567,39.74,2878,SERETIDE 25 mcg - 50 mcg DOSIS SUSPENSION PARA INHALACION ORAL,66.23,matched,score=0.618
cobeca,SERLINE COMP 100MG X10 MEG,3699,7594000491027,6.23,3082,SERLINE 100 mg COMPRIMIDOS,10.38,matched,score=0.800
cobeca,SERLINE COMP 50MG X10 MEG,11400,7594000490655,4.68,2650,SERLINE 50 mg COMPRIMIDOS,7.8,matched,score=0.780
cobeca,SERTRALINA COMP 50MG X10 GNV,2558,7591585178275,6.2,2809,SERTRALINA 50 mg COMPRIMIDOS RECUBIERTOS,10.33,matched,score=0.859
cobeca,SERTRALINA COMP REC 50MG X30 CCM,53119,7800063115443,10.57,3047,SERTRALINA 50 mg TABLETAS,17.62,matched,score=0.737
cobeca,SERTRALINA COMP REC 50MG X30 LETI,51984,7591585378279,15.8,3047,SERTRALINA 50 mg TABLETAS,26.33,matched,score=0.763
cobeca,SERTRALINA COMP REC 50MG X56 DORO,53165,5005764,10.6,3047,SERTRALINA 50 mg TABLETAS,17.67,matched,score=0.737
cobeca,SERTRALINA TAB 50MG X 30 LA SANTE,28879,7592454003780,11.13,3047,SERTRALINA 50 mg TABLETAS,18.55,matched,score=0.702
cobeca,SERTRALINA TAB 50MG X10 CR LATT,23483,0720524031181,2.6,2809,SERTRALINA 50 mg COMPRIMIDOS RECUBIERTOS,4.33,matched,score=0.859
cobeca,SERTRALINA TAB 50MG X10 PHARME,2960,7703763190164,4.9,2809,SERTRALINA 50 mg COMPRIMIDOS RECUBIERTOS,8.17,matched,score=0.859
cobeca,SERTRALINA TAB 50MG X14 CR CCM,22393,7501384541194,1.81,2809,SERTRALINA 50 mg COMPRIMIDOS RECUBIERTOS,3.02,matched,score=0.859
cobeca,SERTRALINA TAB 50MG X14 MORO CCM,53286,7590255000106,3.36,2809,SERTRALINA 50 mg COMPRIMIDOS RECUBIERTOS,5.6,matched,score=0.659
cobeca,SERTRALINA TAB 50MG X30 CLEO,25669,7598677000063,2.92,2809,SERTRALINA 50 mg COMPRIMIDOS RECUBIERTOS,4.87,matched,score=0.859
cobeca,SERTRALINA TAB REC 50MG X10 CLX,11563,7591519007183,3.6,3047,SERTRALINA 50 mg TABLETAS,6,matched,score=0.737
cobeca,SERTRALINA TAB REC 50MG X30 CLX,28780,7591519001051,9.87,3047,SERTRALINA 50 mg TABLETAS,16.45,matched,score=0.737
cobeca,SERUM A/ARRUGAS GEODERM 30ML,50883,8436568469874,51.77,,,,sin_match,no farmaco
cobeca,SERUM A/EDAD VERABELL 30ML,51373,7599561000046,7.09,,,,sin_match,no farmaco
cobeca,SERUM A/MANCH LOREAL GLYCOL BRIGHT 30ML,54265,7509552930672,28.3,,,,sin_match,no farmaco
cobeca,SERUM A/MANCHAS GEODERM 30ML,50884,8436568469867,51.77,,,,sin_match,no farmaco
cobeca,SERUM A/OJERAS LOREAL GLYCOL BRIGHT 20G,54266,7509552962512,24.36,,,,sin_match,no farmaco
cobeca,SERUM BIO+ ADA HYDRO 30CM3,52025,7591885003581,11.89,,,,sin_match,no farmaco
cobeca,SERUM BIO+ GIGI PROTECTIVE 30CM3,52023,7591885003604,11.89,,,,sin_match,no farmaco
cobeca,SERUM BIO+ MAQUI LUMI 30CM3,52026,7591885003598,11.89,,,,sin_match,no farmaco
cobeca,SERUM BIODERMA SEBIUM 30ML,52402,3701129809280,57.05,,,,sin_match,no farmaco
cobeca,SERUM BIODERMA SENSIBIO DEFENSIVE 30ML,52404,3701129804995,40.75,,,,sin_match,no farmaco
cobeca,SERUM CLARESS CAP CERABLEND A/EDAD X30,50954,7596811000450,19.3,,,,sin_match,sin_candidato
cobeca,SERUM CLARESS CAP CITRALICIOUS X30,50953,7596811000467,19.3,,,,sin_match,sin_candidato
cobeca,SERUM CLARESS CAP RETINOL ADVANCE X30,50952,7596811000443,19.3,,,,sin_match,sin_candidato
cobeca,SERUM CLARESS CITRUS POWER VIT C 30ML,50948,7596811000378,13.76,,,,sin_match,no farmaco
cobeca,SERUM CLARESS CORRECTOR PREBIOT 30ML,50949,7596811000399,13.32,,,,sin_match,no farmaco
cobeca,SERUM CLARESSS CONTORNO D/OJOS 30ML,50945,7596811000283,11.57,,,,sin_match,no farmaco
cobeca,SERUM CORP DERNIER HYDROREGEN 200ML,54259,7596548001027,7.03,,,,sin_match,no farmaco
cobeca,SERUM CORP DERNIER SMART RENAWAL 200ML,54260,7596548001010,7.03,,,,sin_match,no farmaco
cobeca,SERUM CORP DERNIER ZEROGRAVITY 200ML,54258,7596548001034,7.03,,,,sin_match,no farmaco
cobeca,SERUM DERNIER AMINOACIDOS X30G,50307,7598084001073,4.76,,,,sin_match,no farmaco
cobeca,SERUM DERNIER CELULAS MADRES X30G,50308,7598084001028,5.43,,,,sin_match,no farmaco
cobeca,SERUM DERNIER COMPLEJO D/PEPTIDOS X30G,50309,7598084001066,4.76,,,,sin_match,no farmaco
cobeca,SERUM DERNIER EXFOLINATE AHA + BHA X30G,50310,7598084001042,4.76,,,,sin_match,no farmaco
cobeca,SERUM DERNIER NIACINAMIDA/ZINC X 30G,28492,7598084000762,4.81,,,,sin_match,no farmaco
cobeca,SERUM DERNIER PROB + POST X30G,50311,7598084001035,4.76,,,,sin_match,no farmaco
cobeca,SERUM DERNIER RETINOL ANTI-AGING X 30G,28495,7598084000861,4.76,,,,sin_match,no farmaco
cobeca,SERUM DESPIGMENTANTE CLARESS 30ML,50946,7596811000276,14.72,,,,sin_match,no farmaco
cobeca,SERUM HIDRAT BIODERMA HYDRABIO 40ML,30278,3401347869775,37.06,,,,sin_match,no farmaco
cobeca,SERUM HIDRAT CLARESS AC HIALUR 30ML,50943,7596811000245,11.91,,,,sin_match,no farmaco
cobeca,SERUM HIDRAT GEODERM 30ML,50887,8436568469850,46.43,,,,sin_match,no farmaco
cobeca,SERUM HIDRAT LACTIBON BIOLUBE 32G,54190,7730482001990,18.83,,,,sin_match,no farmaco
cobeca,SERUM NIVEA CELL LUMIN630 A/MANCHAS 30ML,50905,4005900786470,27.55,,,,sin_match,no farmaco
cobeca,SERUM NIVEA LUMINOUS 630 A/EDAD 30ML,52169,4006000017402,27.55,,,,sin_match,no farmaco
cobeca,SERUM NIVEA LUMINOUS 630 A/MANCHAS 30ML,52168,4006000017396,27.55,,,,sin_match,no farmaco
cobeca,SERUM P/BARBA BIG DEKKER 30ML,50957,7596811000320,8.41,,,,sin_match,no farmaco
cobeca,SERUM PROTECTOR/SOL FACIAL VERABELL 30ML,52919,7599561000138,10.5,,,,sin_match,sin_candidato
cobeca,SERUM REVITALIFT RETINOL NOCHE 30ML,28600,3600524057336,32.35,,,,sin_match,no farmaco
cobeca,SERUM SEDAL LUMINOSO UV 110ML,54392,7891150099906,6.55,,,,sin_match,no farmaco
cobeca,SERUM VERABELL AC GLICOLICO 30ML,52016,7599561000084,8.58,,,,sin_match,no farmaco
cobeca,SERUM VERABELL AC HIALUR 30ML,51376,7599561000022,6.59,,,,sin_match,no farmaco
cobeca,SERUM VERABELL AC RETINOICO 30ML,52015,7599561000091,7.64,,,,sin_match,no farmaco
cobeca,SERUM VERABELL AC SALICILICO 30ML,52918,7599561000060,7.5,,,,sin_match,no farmaco
cobeca,SERUM VERABELL NIACINAMIDA 30ML,51375,7599561000015,7.08,,,,sin_match,no farmaco
cobeca,SERUM VERABELL VIT C 30ML,51374,7599561000039,10.39,,,,sin_match,no farmaco
cobeca,SERVILLETA MIMLOT TIPO Z 160UND,52104,7599963000101,0.75,,,,sin_match,no farmaco
cobeca,SERVILLETAS FAMILIA ACOLCHAMAX X100,52823,7702026200855,2.01,,,,sin_match,no farmaco
cobeca,SERVILLETAS FAMILIA CAFETERIA X100,52920,7702026148690,1.81,,,,sin_match,no farmaco
cobeca,SERVILLETAS FAMILIA PRACTI-DIARIA X150,52822,7702026182854,1.79,,,,sin_match,no farmaco
cobeca,SERVILLETAS HOUSEHOLD NAPKINS X120,15008,7591098330382,2.17,,,,sin_match,no farmaco
cobeca,SERVILLETAS Z GDE 160UNDS,18456,7591098800694,1.52,,,,sin_match,no farmaco
cobeca,SERVILLETAS Z POLY PEQ 160UNDS,16141,7591098800687,0.9,,,,sin_match,no farmaco
cobeca,SESAREN XR CAP 150MG X15 MEG,8574,7460536571994,28.57,3333,SESAREN XR 150 mg CAPSULAS CON MICROGRANULOS DE LIBERACION PROLONGADA,47.62,matched,score=0.655
cobeca,SET D/COCINA 44 PZAS,29765,6920220628553,29.78,,,,sin_match,no farmaco
cobeca,SET D/COCINA DEPARTMENT STORE,29771,6920220628614,19.76,,,,sin_match,no farmaco
cobeca,SET D/COCINA FAST FOOD,29768,6920220628577,19.76,,,,sin_match,no farmaco
cobeca,SET D/COCINA HELLO KITTY,29766,6920220628560,29.78,,,,sin_match,no farmaco
cobeca,SET D/TETERO GENIAL 9OZ X3,27261,7453078539126,15,,,,sin_match,no farmaco
cobeca,SET INFUSION BRITUCARE 20G,26585,0723592773045,1.35,,,,sin_match,no farmaco
cobeca,SET INFUSION BRIUTCARE PED 60G,26586,0723592773076,1.45,,,,sin_match,score_bajo
cobeca,SET INFUSION PLUSMEDIC PUNT 60GTS/ML X25,25335,7597467000726,15.34,,,,sin_match,no farmaco
cobeca,SET TRANSFUNSION PLUSMEDIC SANG 1ML,25337,7597467000825,0.7,,,,sin_match,no farmaco
cobeca,SHAM CHICCO ORIGINAL X 200ML,30030,7591061650332,3.7,,,,sin_match,no farmaco
cobeca,SHAMP SEDAL 2/1 DUO 340ML,29890,7506306237889,6.84,,,,sin_match,no farmaco
cobeca,SHAMP SEDAL CELULAS MADRES 340ML,50015,7702006404013,6.09,,,,sin_match,no farmaco
cobeca,SHAMP SEDAL LUMINOSO UV 340ML,54389,7702006654166,6.09,,,,sin_match,no farmaco
cobeca,SHAMP SEDAL RIZOS DEFINIDOS 340ML,29850,7506306237421,6.09,,,,sin_match,no farmaco
cobeca,SIDAZOL TAB 100MG X30 COFA,53221,7591818000618,11.04,6628,SIDAZOL 100 mg TABLETAS,18.4,matched,score=0.770
cobeca,SIDAZOL TAB 50MG X30 COFA,53222,7591818000601,4.63,6627,SIDAZOL 50 mg TABLETAS,7.72,matched,score=0.750
cobeca,SIGLUTAN TAB 50MG/500MG X30 ZORIAK,22555,8906107230147,15.28,7167,SIGLUTAN 50 mg-500 mg TABLETAS RECUBIERTAS,25.47,matched,score=0.633
cobeca,SIGTIPHIN COMP REC 200MG X10 MEY,99430,7592601301639,8.78,,,,sin_match,score_bajo
cobeca,SIGTIPHIN COMP REC 200MG X20 MEY,99429,7592601301646,15.99,,,,sin_match,score_bajo
cobeca,SILDENAFIL TAB 50MG X1 MEY,20024,7592601303213,2.13,3071,SILDENAFIL 50 mg TABLETAS RECUBIERTAS,3.55,matched,score=0.859
cobeca,SILDENAFIL TAB 50MG X1 PHARME,2814,7592454173971,1.26,3071,SILDENAFIL 50 mg TABLETAS RECUBIERTAS,2.1,matched,score=0.859
cobeca,SILDENAFIL TAB 50MG X2 KIMIC,99404,7592616576596,1.95,3206,SILDENAFIL 50 mg TABLETAS RECUBIERTAS,3.25,matched,score=0.740
cobeca,SILDENAFIL TAB 50MG X2 MEY,8404,7592601301400,3.48,3071,SILDENAFIL 50 mg TABLETAS RECUBIERTAS,5.8,matched,score=0.859
cobeca,SILDENAFIL TAB REC 50MG X4 MEY,20786,7592601303596,5.62,3071,SILDENAFIL 50 mg TABLETAS RECUBIERTAS,9.37,matched,score=0.737
cobeca,SILDEX TAB 100MG X1 PLX,23468,7594001101642,2.96,5429,SILDEX 100 mg TABLETAS RECUBIERTAS,4.93,matched,score=0.888
cobeca,SILDEX TAB 100MG X2 PLX,23469,7594001101659,4.26,5429,SILDEX 100 mg TABLETAS RECUBIERTAS,7.1,matched,score=0.888
cobeca,SILDEX TAB 50MG X1 PLX,90912,7594001101413,1.48,4006,SILDEX 50 mg TABLETAS RECUBIERTAS,2.47,matched,score=0.736
cobeca,SILDEX TAB REC 50MG X2 PLX,94885,7594001101420,2.87,4006,SILDEX 50 mg TABLETAS RECUBIERTAS,4.78,matched,score=0.614
cobeca,SILICON BAMBARY LIQ 30 ML X 1,28612,7453086101827,1.05,,,,sin_match,no farmaco
cobeca,SILICON KEMAGEL 30G GCP,26941,6223003737597,58.43,,,,sin_match,no farmaco
cobeca,SILICON LIQ BAMBARY 100ML X12,99932,7453086101841,33.61,,,,sin_match,no farmaco
cobeca,SILICONA BARRA GRUESA 20CM X6,26756,7453086101797,4.03,,,,sin_match,sin_candidato
cobeca,SILLA D/BAÑO DOVANT C/RESPALDAR,53829,7597830005655,75.6,,,,sin_match,no farmaco
cobeca,SILLA D/BAÑO DOVANT C/RESPALDAR/BRACERA,53830,7597830005662,107.63,,,,sin_match,no farmaco
cobeca,SILLA D/BAÑO DOVANT S/RESPALDAR,53828,7597830005648,60.7,,,,sin_match,no farmaco
cobeca,SILLA D/RUEDAS DEPORTIVA NEXT STEP,53648,7590175000149,907.9,,,,sin_match,no farmaco
cobeca,SILLA D/RUEDAS DOVANT ULTRALIGERA,54167,7597830004696,274.9,,,,sin_match,no farmaco
cobeca,SILLA D/RUEDAS NEXT STEP RESPALD RECLINA,53647,7590175000132,374.71,,,,sin_match,no farmaco
cobeca,SILVEDERMA CREM 1% X 50G,28865,7591096000140,12.4,,,,sin_match,score_bajo
cobeca,SILVEDERMA CREM TOPICA 500G MDF,11414,7591096000072,47.35,,,,sin_match,score_bajo
cobeca,SIMETICONA SALUDX CAP 125MG X 10 RJR,28592,7894164009657,3.49,,,,sin_match,score_bajo
cobeca,SIMULTAN COMP REC 50MG/850MG X30 DLR,52757,7592803004321,17.71,,,,sin_match,score_bajo
cobeca,SINALER M TAB REC 5MG/10MG X30 ALESS,52533,7597758001340,7.58,,,,sin_match,sin_candidato
cobeca,SINALER TAB 5MG X10 ALESS,52534,7597758001364,1.18,,,,sin_match,sin_candidato
cobeca,SINGRASS CAP X60 NAT PREM,26589,7592430000765,6.75,,,,sin_match,sin_candidato
cobeca,SINMEGAS CAP BLD 125MG X20 SIEG,53113,7592601000679,7.91,,,,sin_match,score_bajo
cobeca,SINMEGAS CAP BLD 125MG X30 SIEG,53114,7592601000686,11.64,,,,sin_match,score_bajo
cobeca,SINUS RINSE NEILMED ADU KIT X 60 SACH,30319,705928001008,18.29,,,,sin_match,no farmaco
cobeca,SINUS RINSE NEILMED ADU REFF X 50 SACH,30320,705928052000,15.14,,,,sin_match,no farmaco
cobeca,SINUS RINSE NEILMED KIDS KIT X 30 SACH,30321,705928014008,16.39,,,,sin_match,no farmaco
cobeca,SINUS RINSE NIELMED KIDS REFF X60 SACH,53574,705928006577,14.78,,,,sin_match,no farmaco
cobeca,SINUTIL CAP BLD DIA 500MG/10MG/2MGX10 FC,9102,7593090000010,4.79,,,,sin_match,score_bajo
cobeca,SINUTIL CAP BLD NOCH 500/2MG X5 FC,16377,7593090000744,2.82,,,,sin_match,score_bajo
cobeca,"SINUTIL GTS 80/0,5 MG/ML 30ML VIN",19538,7592782000659,3.7,5117,"SINUTIL 80 mg - 0,5 mg / mL SOLUCION ORAL",6.17,matched,score=0.602
cobeca,SINUTIL JBE 90ML VIN,97498,7592782000895,5.79,,,,sin_match,score_bajo
cobeca,SINUX TAB/REC 5MG/60MG X 10,29781,7592454003902,5.7,,,,sin_match,sin_candidato
cobeca,SIROPE D/CHOCO 260ML,18133,7591141363572,2.92,,,,sin_match,no farmaco
cobeca,SIROPE MAPLE 260ML,18134,7591141363589,3.3,,,,sin_match,no farmaco
cobeca,SISTEMA D/DRENAJE PLUSVAC 1/4 18FR X 1,50125,7597467002034,22.5,,,,sin_match,no farmaco
cobeca,SISTEMA D/DRENAJE PLUSVAC 1/8 10FR X1,52977,7597467002775,22.5,,,,sin_match,no farmaco
cobeca,SITAGLIP/METFOR TAB 50/1000MG X30 PHARMA,52115,7593352000055,9.09,,,,sin_match,sin_candidato
cobeca,SITAGLIPTINA METF TAB 50/500MG X30 ANG/H,23675,7598176000304,9.43,4914,SITAGLIPTINA -METFORMINA CLORHIDRATO 50 mg-500 mg COMPRIMIDOS,15.72,matched,score=0.750
cobeca,SITAGLIPTINA/METFOR TAB 50/500MG X10 KMP,54216,0730170649098,4.01,5628,SITAGLIPTINA - METFORMINA CLORHIDRATO 50 mg - 500 mg TABLETAS RECUBIERTAS,6.68,matched,score=0.791
cobeca,SITAGLIPTINA/METFOR TAB 50/850MG X28 ADN,53244,8904187871298,14.66,7000,METFORMINA CLORHIDRATO - SITAGLIPTINA 850 mg - 50 mg TABLETAS RECUBIERTAS,24.43,matched,score=0.791
cobeca,SITAGLIS MET COMP REC 50/1000MG X28 LETI,26930,7591585118080,49.13,4867,SITAGLIS MET 50 mg-1000 mg COMPRIMIDOS RECUBIERTOS,81.88,matched,score=0.710
cobeca,SITAMET TAB/REC 50MG/500MG X 10,28502,7591020009249,8.1,,,,sin_match,score_bajo
cobeca,SITAMET TAB/REC 50MG/500MG X 30,28503,7591020009256,20.33,,,,sin_match,score_bajo
cobeca,SITAMET TAB/REC 50MG/850MG X 30,28420,7591020009270,23.14,,,,sin_match,score_bajo
cobeca,SITOMET TAB 50MG/500MG X10 CAPSUV,23370,7598055000845,9.19,,,,sin_match,sin_candidato
cobeca,SNACHOS QUESO 145G,53611,7592708002279,2.15,,,,sin_match,no farmaco
cobeca,SNACHOS QUESO XXL 360G,53612,7592708002361,5.12,,,,sin_match,no farmaco
cobeca,SOL BACTERICIDA IODINEX 120ML,51941,7599971000018,6.22,,,,sin_match,sin_candidato
cobeca,"SOL CHLORHEXIDEX C/VALVULA 0,3% X250ML",50352,7591404003856,17.16,,,,sin_match,sin_candidato
cobeca,SOL FISIOL GTS 15ML CHEM/S,1250,7557656321087,1.81,,,,sin_match,sin_candidato
cobeca,SOL ISOT CLOR SOD 500ML #16 BHR,92362,7592637001121,3.06,,,,sin_match,sin_candidato
cobeca,SOL JABONOSA ADEMINA 190ML,16802,7591844000606,2.6,,,,sin_match,sin_candidato
cobeca,SOL LIMP DERNIER BABY P/CABELLO 200 ML,15665,7596049000109,2.81,,,,sin_match,sin_candidato
cobeca,SOL LIMP DERNIER BABY P/LA PIEL 200 ML,15664,7596049000093,2.79,,,,sin_match,sin_candidato
cobeca,SOL LIMP DERNIER FACIAL 200 ML,15660,7596049000192,3.31,,,,sin_match,sin_candidato
cobeca,SOL LIMP DERNIER P/HIGIENE INTIMA 200 ML,15668,7598084001325,3.26,,,,sin_match,sin_candidato
cobeca,SOL LIMP DERNIER P/MANOS Y CUERPO 200 ML,15659,7596049000222,2.45,,,,sin_match,sin_candidato
cobeca,SOL OQ KERR FASTCLEAN 110ML,20682,7597906000027,3.31,,,,sin_match,sin_candidato
cobeca,SOL OQ KERR FASTCLEAN 70ML,20681,7597906000010,2.6,,,,sin_match,sin_candidato
cobeca,SOL P/LENTES SIMPLEX N EXPRESS X 120ML,50207,7592321000027,10.86,,,,sin_match,sin_candidato
cobeca,SOL P/LENTES SIMPLEX N EXPRESS X 240ML,50208,7592321000034,14.65,,,,sin_match,sin_candidato
cobeca,SOL P/LENTES SIMPLEX N EXPRESS X 60ML,50206,7592321000010,7.86,,,,sin_match,sin_candidato
cobeca,"SOLUCION CS 0,9% 100ML ADN",53263,7501125132117,2.08,,,,sin_match,no farmaco
cobeca,SOLUHEX BABY LIQ 240ML INT,7814,7592306000226,5.19,,,,sin_match,no farmaco
cobeca,SOLUHEX LIQ LIMP 120ML INT,3311,7592306000165,4.56,,,,sin_match,no farmaco
cobeca,SOLUHEX LOC JAB INTIMO 240ML INT,16759,7592306000295,5.82,,,,sin_match,sin_candidato
cobeca,SOLUHEX SPORT LIQ LIMP 240ML INT,92247,4592446000288,5.19,,,,sin_match,no farmaco
cobeca,SOLUMAR SOL HIPERTONICA 30ML EMP,24297,7597641000023,8.49,,,,sin_match,score_bajo
cobeca,SOLUMAR SOL HIPERTONICA 60ML EMP,19480,7597641900019,11.06,,,,sin_match,score_bajo
cobeca,SOMAZINA COM 500 MG X 30,1568,7591585217813,53.5,2804,SOMAZINA 500 mg COMPRIMIDOS RECUBIERTOS,89.17,matched,score=0.719
cobeca,SOMAZINA SOL INY 1000MG/4ML X 5,5707,7591585116970,32.99,672,SOMAZINA 1000 mg / 4 mL SOLUCION INYECTABLE,54.98,matched,score=0.686
cobeca,SOMERGAN LOC TOP 60ML INTERCOS,52219,7591635000853,4.43,,,,sin_match,sin_candidato
cobeca,SONDA D/SUCCION PLUSMEDIC FR08 X80,50843,7597467001051,42.74,,,,sin_match,no farmaco
cobeca,SONDA D/SUCCION PLUSMEDIC FR16 X50,50846,7597467001082,26.72,,,,sin_match,no farmaco
cobeca,SONDA FOLEY PLUSMEDIC 16FR X10,25330,7597467000740,14.13,,,,sin_match,no farmaco
cobeca,SONDA FOLEY PLUSMEDIC 18FR X10,25332,7597467000757,14.13,,,,sin_match,no farmaco
cobeca,SONDA FOLEY PLUSMEDIC 20FR X10,25331,7597467000764,14.13,,,,sin_match,no farmaco
cobeca,SONDA NELATON BRIUTCARE DESC  18FR X50,24379,0732064573007,29.22,,,,sin_match,no farmaco
cobeca,SONDA NELATON BRIUTCARE DESC 24FR X50,24382,0732064573090,29.22,,,,sin_match,no farmaco
cobeca,SONDA NELATON PLUSMEDIC FR08 X80,50834,7597467000962,48.91,,,,sin_match,no farmaco
cobeca,SONDA NELATON PLUSMEDIC FR10 X60,50835,7597467000979,30.23,,,,sin_match,no farmaco
cobeca,SONDA NELATON PLUSMEDIC FR12 X60,50836,7597467000986,30.23,,,,sin_match,no farmaco
cobeca,SONDA NELATON PLUSMEDIC FR14 X50,50837,7597467000993,25.2,,,,sin_match,no farmaco
cobeca,SONDA NELATON PLUSMEDIC FR18 X50,50839,7597467001013,30.57,,,,sin_match,no farmaco
cobeca,SONDA NELATON SUQUIR 06 X50,25846,6785438746235,11.87,,,,sin_match,no farmaco
cobeca,SOPA CASERA MAGGI CRUZADO CRIOLLO 50GX12,53808,7591016406403,14.81,,,,sin_match,no farmaco
cobeca,SOPA MAGGI DISP CASERA D/POLLO 62G X 12,28886,7591016205402,14.63,,,,sin_match,sin_candidato
cobeca,SOPA MAGGI POLLO FIDEO DISP 62G X12,20293,7591016204894,14.63,,,,sin_match,sin_candidato
cobeca,SOPA MAGGI POLLO/ARR 65G SOB X12,15105,7591016204900,14.63,,,,sin_match,sin_candidato
cobeca,SORBETICO VAIN LONCHERA 25G X4,19547,7590011890972,1.12,,,,sin_match,no farmaco
cobeca,SORBETICO WAFER CHOCOLATE FAMILIAR 105G,50678,7622202229015,0.98,,,,sin_match,no farmaco
cobeca,SORBETICOS FRESA LONCHERA 25G X4,19546,7590011227105,1.12,,,,sin_match,no farmaco
cobeca,SORBETICOS WAFER FRESA FAMILIAR 105G,29986,7622201387297,0.98,,,,sin_match,no farmaco
cobeca,SORBETICOS WAFER VAINILLA FAMILIAR 105G,29985,7622201387334,0.98,,,,sin_match,no farmaco
cobeca,SPARKIES CARAM FRUTA SURT X20,64505,7702133462160,7.22,,,,sin_match,no farmaco
cobeca,SPIRULINA CAP 500MG X60 ARC IRIS,25763,7592946001188,12.08,,,,sin_match,sin_candidato
cobeca,SPLASH BRIZNA CORP HERBESS 240ML,29935,7591485003370,6.76,,,,sin_match,no farmaco
cobeca,SPLASH BRIZNA CORP PLUM FLOWER 240ML,29938,7591485003400,6.76,,,,sin_match,no farmaco
cobeca,SPLASH CORP HIDRAT VERSALES SEXYAMO240ML,24085,7592512001680,9.4,,,,sin_match,no farmaco
cobeca,SPLASH CORP HIDRAT VERSALES SPA 240ML,24183,7592512001963,9.16,,,,sin_match,no farmaco
cobeca,SPLASH CORP MANDY 240ML,24084,7592512002397,8.86,,,,sin_match,no farmaco
cobeca,SPLASH CORP SPA LINE CHERRY BERRY 150ML,18604,7590041011323,4.8,,,,sin_match,no farmaco
cobeca,SPLASH CORP SPA LINE MANDAR/COCO 150ML,18602,7590041011309,4.8,,,,sin_match,no farmaco
cobeca,SPLENDA ENDULZANTE SOB X100,41983,7227776020029,8.75,,,,sin_match,sin_candidato
cobeca,SPLENDA ENDULZANTE SOB X50,33428,722776020012,5.22,,,,sin_match,sin_candidato
cobeca,SPLENDA LIQ 50ML X6,22965,722776002018,55.2,,,,sin_match,no farmaco
cobeca,SPRAY BLUE CAP 50ML,91095,8437022765051,31.82,,,,sin_match,sin_candidato
cobeca,SPRAY MAGIC RETOUCH RAICES OSC RUB CLA,23237,7509552841862,7.8,,,,sin_match,no farmaco
cobeca,STAMYL FORTE TAB REC 300MG/100MGX20 FAR,13272,7703454122993,10.66,,,,sin_match,score_bajo
cobeca,STEVIA LIQ MO4T 250ML,54251,7265975195400,23.04,,,,sin_match,no farmaco
cobeca,STEVIA SPLENDA SOB X40,23959,722776002896,5.04,,,,sin_match,sin_candidato
cobeca,SUAV SUAVITEL FRESCA PRIMAVERA X 2L,28863,7509546684468,7.44,,,,sin_match,no farmaco
cobeca,"SUAVIZANTE SUAVITEL COMP FRESC PRIM 1,3L",53441,7509546072081,8.31,,,,sin_match,sin_candidato
cobeca,SUAVIZANTE SUAVITEL FABRIC SOFT 500ML,16469,7591083018561,2.16,,,,sin_match,no farmaco
cobeca,SUAVIZANTE SUAVITEL FRES PRIMAV 700ML,53077,7509546680132,4.71,,,,sin_match,no farmaco
cobeca,SUAVIZANTE SUAVITEL FRESC PRIMAV 1L,91491,7591083016536,4.29,,,,sin_match,no farmaco
cobeca,SUAVIZANTE SUAVITEL FRESCA PRIMAV 750ML,53640,7509546702179,4.29,,,,sin_match,no farmaco
cobeca,SUCORIL TAB USP 1G X20 MEDV,28475,8906112612105,7.73,,,,sin_match,sin_candidato
cobeca,SUCRALFATO SUSP ORAL 1G/5ML 80ML ADN,53238,8906109692295,13.56,6917,SUCRALFATO 100 mg / mL SUSPENSION ORAL,22.6,matched,score=0.750
cobeca,SUCRALFATO TAB 1000MG X20 ADN,24681,8904187876484,10.44,,,,sin_match,score_bajo
cobeca,SUCRALFATO TAB 1G X10 CLEO,25675,7598677000292,5,5950,SUCRALFATO 1 g TABLETAS,8.33,matched,score=0.797
cobeca,SUCRALFATO TAB 1G X20 KMP,54219,0730170649524,9.69,5950,SUCRALFATO 1 g TABLETAS,16.15,matched,score=0.797
cobeca,SUERO ORAL SOB 30G LYA,25477,7599028000756,4.08,,,,sin_match,score_bajo
cobeca,SUERO REVLON A/OJERAS CAFE + A/OXID 15ML,52211,7506110681809,13.5,,,,sin_match,no farmaco
cobeca,"SULBACZONA PVO/SOL INY 1,5G X 1",50587,7598127002173,3.74,,,,sin_match,sin_candidato
cobeca,"SULBACZONA PVO/SOL INY 1,5G X 50",50586,7598127002180,129.52,,,,sin_match,sin_candidato
cobeca,SULFADIAZINA D/PLATA CREM 1% 30G KIMIC,23082,7592616480015,5.52,,,,sin_match,score_bajo
cobeca,SULFATO D/GLUCOSAM+ CHONDRO CAP X60 HERB,19506,7592710000881,11.56,,,,sin_match,score_bajo
cobeca,SULFATO D/MAGNESIO SOL INY 1MEQ X 10ML,28880,7592637000278,7.56,916,SULFATO DE MAGNESIO 10 % SOLUCION INYECTABLE,12.6,matched,score=0.699
cobeca,SULFUROCIS CREM 10%/1% 40G BOOZ,18947,75970543,3.83,,,,sin_match,sin_candidato
cobeca,"SULIXTRA CAP LP 0,4MG X30 FC",21026,7593090002403,10.56,6029,"SULIXTRA 0,4 mg CAPSULAS DE LIBERACION PROLONGADA",17.6,matched,score=0.711
cobeca,"SULIXTRA DUO CAP LP 0,4MG/0,5MG X10 FC",21023,7593090001215,10.03,6095,"SULIXTRA DUO 0,4 mg - 0,5 mg CAPSULAS DE LIBERACION PROLONGADA",16.72,matched,score=0.764
cobeca,"SULIXTRA DUO CAP LP 0,4MG/0,5MG X30 FC",21024,7593090002410,26.55,6095,"SULIXTRA DUO 0,4 mg - 0,5 mg CAPSULAS DE LIBERACION PROLONGADA",44.25,matched,score=0.764
cobeca,SULPIR COMP 25MG X30 ZUO,52407,7591651002350,7.12,7085,SULPIR 25mg COMPRIMIDOS,11.87,matched,score=0.957
cobeca,SULTAMICILINA SUSP 250MG/5/100ML CRDIST,26185,7598252000563,18.3,,,,sin_match,score_bajo
cobeca,SULTAMICILINA TAB 750MG X10 CR DAC,20939,7598578000186,16.66,2920,SULTAMICILINA 750 mg TABLETAS RECUBIERTAS,27.77,matched,score=0.825
cobeca,SULTAMICILINA TAB 750MG X10 CR DIST,24424,7598252000105,10.12,2920,SULTAMICILINA 750 mg TABLETAS RECUBIERTAS,16.87,matched,score=0.825
cobeca,SULTRIM SUSP ORAL 200/40/5ML 100ML ALESS,51999,7597758001555,4.05,,,,sin_match,score_bajo
cobeca,SULTRIM TAB 400MG/80MG X20 ALESS,52000,7597758001562,3.6,7163,SULTRIM 400 mg – 80 mg TABLETAS,6,matched,score=0.614
cobeca,"SULXIM AMP IV/IM 1G /0,5 G X1 ALESS",24280,7597758000428,1.7,,,,sin_match,score_bajo
cobeca,"SUP D/GLICERINA 1,68 X6 VARG",97577,7592349923872,5.47,,,,sin_match,no farmaco
cobeca,SUP D/GLICERINA 1G X 20,30336,7800044000058,10.06,,,,sin_match,no farmaco
cobeca,SUP D/GLICERINA 3G X 10,30337,7800044000010,9.97,,,,sin_match,no farmaco
cobeca,"SUP GLICERINA AD 2,88G X6 VARG",97222,7591136923958,7.36,,,,sin_match,no farmaco
cobeca,SUPER RESCATE 30ML SANAV,54161,7593533004261,8.51,,,,sin_match,no farmaco
cobeca,SUPRAMYCINA FORTE TAB 200MG X10 CR CCM,52474,7861073901761,24.61,2486,SUPRAMYCINA FORTE 200 mg TABLETAS,41.02,matched,score=0.655
cobeca,SUPRAMYCINA TAB 100MG X10 CR CCM,52475,7861073901785,15.96,2465,SUPRAMYCINA 100 mg TABLETAS,26.6,matched,score=0.657
cobeca,SURIDE COM 25MG X30 BIOTECH,98364,7591243848731,7.26,4770,SURIDE 25 mg COMPRIMIDOS RECUBIERTOS,12.1,matched,score=0.715
cobeca,SUSPENSORIO FORMA ELASTICA AZUL T L,51371,7594001085164,17.61,,,,sin_match,no farmaco
cobeca,SUSPENSORIO FORMA ELASTICA AZUL T XL,51372,7594001085195,17.61,,,,sin_match,no farmaco
cobeca,SUSPENSORIO FORMA ELASTICA GRIS T M,51366,7594001085119,17.61,,,,sin_match,no farmaco
cobeca,SUSPENSORIO FORMAS ELASTICA GRIS T L,51367,7594001085140,17.61,,,,sin_match,no farmaco
cobeca,SUSPENSORIO T/L BLANCO,50639,7594001080251,17.61,,,,sin_match,no farmaco
cobeca,SUSPENSORIO T/L NEGRO,50643,7594001085157,17.61,,,,sin_match,no farmaco
cobeca,SUSPENSORIO T/M NEGRO,50642,7594001085126,17.61,,,,sin_match,no farmaco
cobeca,SUSPENSORIO T/XL NEGRO,50644,7594001085188,17.61,,,,sin_match,no farmaco
cobeca,SUTURA BLESS CROMICO 0 812T X 12,29323,7597467001129,24.19,,,,sin_match,no farmaco
cobeca,SUTURA BLESS CROMICO 0 914T X12,52982,7597467002539,24.19,,,,sin_match,no farmaco
cobeca,SUTURA BLESS CROMICO 0 SH G124T X 12,29324,7597467001136,24.19,,,,sin_match,no farmaco
cobeca,SUTURA BLESS CROMICO 1 813T X 12,29325,7597467001143,25.15,,,,sin_match,no farmaco
cobeca,SUTURA BLESS CROMICO 2 814T X 12,29327,7597467001167,26.12,,,,sin_match,no farmaco
cobeca,SUTURA BLESS CROMICO 2-0 SH G123T X 12,29329,7597467001181,24.19,,,,sin_match,no farmaco
cobeca,SUTURA BLESS CROMICO 3-0 810T X10,29330,7597467001198,24.19,,,,sin_match,no farmaco
cobeca,SUTURA BLESS CROMICO 3-0 G122T X 12,29359,7597467001488,21.8,,,,sin_match,no farmaco
cobeca,SUTURA BLESS CROMICO 4-0 121T X 12,29360,7597467001495,19.76,,,,sin_match,no farmaco
cobeca,SUTURA BLESS HOSPI CROMI 1REF 48G X12,50128,7597467001730,25.16,,,,sin_match,no farmaco
cobeca,SUTURA BLESS HOSPI CROMI 1REF 925 X12,50129,7597467001747,30.56,,,,sin_match,no farmaco
cobeca,SUTURA BLESS HOSPI CROMI 4-0REF U203TX12,50130,7597467001716,26.96,,,,sin_match,no farmaco
cobeca,SUTURA BLESS HOSPI MONO 4-0REF Y426 X12,50132,7597467001952,50.35,,,,sin_match,no farmaco
cobeca,SUTURA BLESS HOSPI NYLO 10/0REF G9003X12,50133,7597467001754,61.15,,,,sin_match,no farmaco
cobeca,SUTURA BLESS HOSPI PROLEN 3-0REF 8622X12,50135,7597467001778,26.26,,,,sin_match,no farmaco
cobeca,SUTURA BLESS HOSPI PROLEN 4-0REF 8183X12,50136,7597467001761,26.26,,,,sin_match,no farmaco
cobeca,SUTURA BLESS HOSPI PROLEN 5-0REF 9556X12,50137,7597467001815,21.64,,,,sin_match,no farmaco
cobeca,SUTURA BLESS HOSPI PROLEN 6-0REF 8160X12,50138,7597467001785,21.64,,,,sin_match,no farmaco
cobeca,SUTURA BLESS HOSPI PROLEN 6-0REF 8706X12,50139,7597467001792,34.16,,,,sin_match,no farmaco
cobeca,SUTURA BLESS HOSPI PROLENE 0REF 8412TX12,50134,7597467001808,21.64,,,,sin_match,no farmaco
cobeca,SUTURA BLESS HOSPI SEDA 0REF 86T X 12,50140,7597467001938,34.16,,,,sin_match,no farmaco
cobeca,SUTURA BLESS HOSPI SEDA 1REF 87T X 12,50141,7597467001945,41.45,,,,sin_match,no farmaco
cobeca,SUTURA BLESS HOSPI SEDA 2-0REF 85T X12,50142,7597467001921,34.16,,,,sin_match,no farmaco
cobeca,SUTURA BLESS HOSPI SEDA 3-0REF 184 X12,50143,7597467001891,22.93,,,,sin_match,no farmaco
cobeca,SUTURA BLESS HOSPI SEDA 4-0REF 183 X12,50144,7597467001907,22.93,,,,sin_match,no farmaco
cobeca,SUTURA BLESS HOSPI SEDA 4-0REF 267 X12,50145,7597467001914,22.93,,,,sin_match,no farmaco
cobeca,SUTURA BLESS HOSPI VICRYL 2-0REF J339X12,50147,7597467001839,35.95,,,,sin_match,no farmaco
cobeca,SUTURA BLESS HOSPICROMI 0 REF 47G X 12,50127,7597467001723,30.54,,,,sin_match,no farmaco
cobeca,SUTURA BLESS MONO PDS 1 Z127HT X12,52980,7597467002515,58.93,,,,sin_match,no farmaco
cobeca,SUTURA BLESS MONO PDS 2-0 339 X12,52989,7597467002638,48.55,,,,sin_match,no farmaco
cobeca,SUTURA BLESS MONO PDS 3-0 Z316H X12,52990,7597467002645,48.55,,,,sin_match,no farmaco
cobeca,SUTURA BLESS NYLON 10-0 7718G X12,52985,7597467002577,59.35,,,,sin_match,no farmaco
cobeca,SUTURA BLESS NYLON 2 628H C/AGUJA R X12,29332,7597467001211,22.5,,,,sin_match,no farmaco
cobeca,SUTURA BLESS NYLON 3-0 163T X 12,29333,7597467001228,22.5,,,,sin_match,no farmaco
cobeca,SUTURA BLESS NYLON 5-0 14501T X 12,29336,7597467001259,22.5,,,,sin_match,no farmaco
cobeca,SUTURA BLESS NYLON 6 160T C/AGUJA C X 12,29337,7597467001266,25.75,,,,sin_match,no farmaco
cobeca,SUTURA BLESS POLYESRTER RS21 X12,52981,7597467002522,59.35,,,,sin_match,no farmaco
cobeca,SUTURA BLESS PROLENE 0 8424T X 12,29338,7597467001273,26.26,,,,sin_match,no farmaco
cobeca,SUTURA BLESS PROLENE 1 8425H X 12,29339,7597467001280,25.75,,,,sin_match,no farmaco
cobeca,SUTURA BLESS PROLENE 2-0 8185T X 12,29361,7597467001457,21.64,,,,sin_match,no farmaco
cobeca,SUTURA BLESS PROLENE 2-0 8623H X 12,29362,7597467001464,19.61,,,,sin_match,no farmaco
cobeca,SUTURA BLESS SEDA 0 K834 X 12,29364,7597467001402,17.96,,,,sin_match,no farmaco
cobeca,SUTURA BLESS SEDA 1 K835 X 12,29340,7597467001297,24.76,,,,sin_match,no farmaco
cobeca,SUTURA BLESS SEDA 1 K845H X 12,29365,7597467001419,16.16,,,,sin_match,no farmaco
cobeca,SUTURA BLESS SEDA 2 K833H X 12,29341,7597467001303,22.93,,,,sin_match,no farmaco
cobeca,SUTURA BLESS SEDA 3-0 SA84T X12,52991,7597467002669,41.35,,,,sin_match,no farmaco
cobeca,SUTURA BLESS SIMPLE 0 844T X 12,29343,7597467001310,27.28,,,,sin_match,no farmaco
cobeca,SUTURA BLESS SIMPLE 1 845T X 12,29344,7597467001327,22.93,,,,sin_match,no farmaco
cobeca,SUTURA BLESS SIMPLE 2-0 843T X 12,29345,7597467001334,27.81,,,,sin_match,no farmaco
cobeca,SUTURA BLESS SIMPLE 3-0 842 X10,29342,7597467001341,27.81,,,,sin_match,no farmaco
cobeca,SUTURA BLESS SIMPLE 3-0 G322T X12,52986,7597467002584,23.04,,,,sin_match,no farmaco
cobeca,SUTURA BLESS VICRYL 3-0 CT1 J338H X12,52987,7597467002607,59.35,,,,sin_match,no farmaco
cobeca,SUTURA BLESS VICRYL 3-0 J305H X 12,29349,7597467001396,34.01,,,,sin_match,no farmaco
cobeca,SUTURA BLESS VICRYL 4-0 J304H X 12,29367,7597467001433,32.36,,,,sin_match,no farmaco
cobeca,SUTURA BLESS VICRYL 4-0 J315H X 12,29368,7597467001440,32.36,,,,sin_match,no farmaco
cobeca,SUTURAS ADH ZUVISS X12,51927,7597297001436,5.45,,,,sin_match,no farmaco
cobeca,SYNARTRON COMP REC 90MG X10 FC,52628,7593090003257,6.48,,,,sin_match,sin_candidato
cobeca,SYNARTRON TAB REC 60MG X10 FC,22095,7593090001338,5.06,,,,sin_match,sin_candidato
cobeca,TACHIFORTE TAB 1G X20 ELM,13061,7591062900948,3.83,4822,TACHIFORTE 1 g TABLETAS,6.38,matched,score=0.674
cobeca,TACHIFORTE TAB 650MG X10 ELM,93366,7591062017295,1.14,3560,TACHIFORTE 650 mg TABLETAS,1.9,matched,score=0.693
cobeca,TACHIGRIP FORTE SOB 650/2/30MG X6 ELM,51793,7591062000174,8.06,,,,sin_match,score_bajo
cobeca,TACHIGRIP TAB REC 500MG/30MG/2MG X10 ELM,51354,7591062000167,1.94,,,,sin_match,score_bajo
cobeca,TACHIPIRIN FORTE JBE PED 120ML ELM,11649,7591062017301,2.88,,,,sin_match,score_bajo
cobeca,TACHIPIRIN GTS PED 30ML ELM,3414,7591062011330,4.19,,,,sin_match,score_bajo
cobeca,TACHIPIRIN SUP 250MG X6 ELM,5575,7591062011378,5.1,,,,sin_match,no farmaco
cobeca,TACHIPIRIN SUP PED 125MG X6 ELM,5253,7591062011361,3.95,,,,sin_match,score_bajo
cobeca,"TACROLIMUS UNG 0,03% 15G BIU",50903,18906051295534,5.19,7129,"TACROLIMUS 0,03% UNGÜENTO",8.65,matched,score=0.698
cobeca,"TACROLIMUS UNG 0,03% 20G CR MT",53403,8904095444188,8.73,7129,"TACROLIMUS 0,03% UNGÜENTO",14.55,matched,score=0.773
cobeca,"TACROLIMUS UNG 0,1% 20G CR MT",53404,8904095444171,19.52,7129,"TACROLIMUS 0,03% UNGÜENTO",32.53,matched,score=0.773
cobeca,TADAFOX TAB REC 20MG X1 VLM,99317,7591020008754,1.43,4543,TADAFOX 20 mg TABLETAS RECUBIERTAS,2.38,matched,score=0.628
cobeca,TADAFOX TAB REC 20MG X2 VLM,99316,7591020008761,2.53,4543,TADAFOX 20 mg TABLETAS RECUBIERTAS,4.22,matched,score=0.628
cobeca,TADAFOX TAB REC 5MG X30 VLM,99315,7591020080781,8.23,,,,sin_match,score_bajo
cobeca,TADAFOX TAB/REC 5MG X 15,28813,7591020009379,4.09,,,,sin_match,score_bajo
cobeca,TADALAFIL TAB 20MG X1 CLX,97341,7591519009279,0.94,,,,sin_match,sin_candidato
cobeca,TADALAFIL TAB 20MG X2 CLX,97340,7591519009453,1.83,,,,sin_match,sin_candidato
cobeca,TADALAFIL TAB REC 20MG X1 PLX,52467,7594001102243,1.07,,,,sin_match,sin_candidato
cobeca,TADALAFILO COM/REC 5MG X 30 LETI,50485,7591585274021,12.15,6234,TADALAFILO 5 mg TABLETAS RECUBIERTAS,20.25,matched,score=0.795
cobeca,TADIFIL COMP 5MG X30 MEG,16883,7591619519203,8.44,5160,TADIFIL 5 mg COMPRIMIDOS RECUBIERTOS,14.07,matched,score=0.813
cobeca,TADIFIL COMP REC 20MG X1 MEG,99201,7591619519029,1.95,4528,TADIFIL 20 mg COMPRIMIDOS RECUBIERTOS,3.25,matched,score=0.622
cobeca,TADIFIL COMP REC 20MG X2 MEG,99199,7591619518954,3.51,4528,TADIFIL 20 mg COMPRIMIDOS RECUBIERTOS,5.85,matched,score=0.622
cobeca,TALCO AMY BEBE 200G,14866,7591061400142,5.08,,,,sin_match,no farmaco
cobeca,TALCO ANTIBACT CERO 120G,20417,7702661706033,5.05,,,,sin_match,no farmaco
cobeca,TALCO ANTIBACT CERO 30G,20415,7702661702035,2.23,,,,sin_match,no farmaco
cobeca,TALCO BORICADO BIOFARCO 200G,25691,7591616001916,5.16,,,,sin_match,no farmaco
cobeca,TALCO BORICADO BIOFARCO 90G,53090,7591616002036,3,,,,sin_match,no farmaco
cobeca,TALCO BORICADO LYA 50G,26072,0759902800763,3.34,,,,sin_match,no farmaco
cobeca,TALCO P/PIES EVERY NIGHT 30G,51484,7590005169008,1.5,,,,sin_match,no farmaco
cobeca,TALCO P/PIES EVERY NIGHT 85G,51485,0759000516015,2.98,,,,sin_match,no farmaco
cobeca,TALERC COMP 10MG X10 DLR,8473,7592803001832,1.95,,,,sin_match,score_bajo
cobeca,TALERC SOL 1MG/ML 120ML DLR,8535,7592803001818,4.14,,,,sin_match,score_bajo
cobeca,TALERC SOL GTS 10MG/ML 15ML DLR,8537,7592803001825,2.19,,,,sin_match,score_bajo
cobeca,TALFIDEX TAB REC 20MG X2 PLX,53285,7594001102250,1.71,,,,sin_match,score_bajo
cobeca,TALFIDEX TAB REC 5MG X30 PLX,53780,7594001102427,6.28,,,,sin_match,score_bajo
cobeca,TALONERA SILICONA ORTHO PAUHER T/L X2,54035,7898415010065,16.41,,,,sin_match,no farmaco
cobeca,TALONERA SILICONA ORTHO PAUHER T/M X2,54034,7898415010058,16.41,,,,sin_match,no farmaco
cobeca,TALONERA SILICONA ORTHO PAUHER T/S X2,54033,7898415010041,16.41,,,,sin_match,no farmaco
cobeca,TALYSTOR TAB MAST 20MG X1 PHARME,50928,7592454004077,1.57,,,,sin_match,score_bajo
cobeca,TALYSTOR TAB MAST 5MG X10 PHARME,51061,7592454004053,3.36,,,,sin_match,score_bajo
cobeca,TALZIC COMP 10MG X10 ELM,10310,7591062000181,1.73,2405,TALZIC 10 mg COMPRIMIDOS RECUBIERTOS,2.88,matched,score=0.689
cobeca,TALZIC SOL GTS 10MG/ML 20ML ELM,10891,7591062016670,2.78,2543,TALZIC 10 mg / mL SOLUCION ORAL,4.63,matched,score=0.643
cobeca,TALZIC SOL ORAL PED 1MG/ML 120ML ELM,3978,7591062016649,4.18,,,,sin_match,score_bajo
cobeca,"TAMDURIDE CAP 0,4/0,5MG X30 ZORIAK",27064,7599112000181,17.69,,,,sin_match,sin_candidato
cobeca,TAMOA TAB MAST 250MG X6 BIOTECH,95723,7591243849622,6.91,1848,TAMOA 250 mg / 5 mL SUSPENSION,11.52,matched,score=0.671
cobeca,"TAMOSTIN CAP LP 0,4MG X30 LETI",54206,7591585119001,15.3,5450,"TAMOSTIN 0,4 mg CAPSULAS DE LIBERACION PROLONGADA",25.5,matched,score=0.635
cobeca,TAMPON KOTEX MEDIUM X 8,29891,7441008154600,7.41,,,,sin_match,no farmaco
cobeca,TAMPON KOTEX SUPER X 8,29892,7441008154617,8.14,,,,sin_match,no farmaco
cobeca,TAMPONES KOTEX SUPER X12,52681,7702425808058,4.86,,,,sin_match,no farmaco
cobeca,TAMPONES NOSOTRAS REG C/APLIC X8,26461,7702027435508,5.46,,,,sin_match,no farmaco
cobeca,TAMPONES NOSOTRAS SUPER PLUS C/APLIC X8,26464,7702026147198,5.46,,,,sin_match,no farmaco
cobeca,"TAMSULON CAP LP 0,4MG X30 ADIUM",28326,7730979095495,12.05,2792,"TAMSULON 0,4 mg CAPSULAS DE LIBERACION CONTROLADA",20.08,matched,score=0.706
cobeca,"TAMSULON DUO CAP 0,5MG/0,4MG X30 ADIUM",28327,7730979095310,18.38,7018,"TAMSULON DUO 0,5 mg - 0,4 mg CÁPSULAS DE LIBERACION PROLONGADA",30.63,matched,score=0.694
cobeca,"TAMSULOSINA CAP 0,4MG X30 ALESS",24279,7597758000626,3.99,3891,"TAMSULOSINA HCL 0,4 mg CAPSULAS DE LIBERACION PROGRAMADA",6.65,matched,score=0.740
cobeca,"TAMSULOSINA CLORH TAB 0,4MG X30 BLUE/M",23537,6972718560029,3.29,5559,"TAMSULOSINA CLORHIDRATO 0,4 mg CAPSULAS DE LIBERACION PROLONGADA",5.48,matched,score=0.609
cobeca,"TAMSULOSINA TAMSUHEM CAP 0,4MG X10 ADN",53254,8906112610521,1.53,3891,"TAMSULOSINA HCL 0,4 mg CAPSULAS DE LIBERACION PROGRAMADA",2.55,matched,score=0.759
cobeca,"TAMSULOSINA/DUTAS TAB 0,4/0,5MGX30 ANG/H",27737,7598176000755,18.12,,,,sin_match,score_bajo
cobeca,"TAMSUPROS CAP 0,4MG X30 ZORIAK",20178,7599112000105,14.24,,,,sin_match,sin_candidato
cobeca,TANG DISP PIÑA COLADA  20G X 15,50444,7622201721220,8.51,,,,sin_match,score_bajo
cobeca,TANG LIMON DISP 20G X15,26649,7622210661357,8.51,,,,sin_match,score_bajo
cobeca,TANG PARCHITA DISP 20G X15,26648,7622201676360,5,,,,sin_match,sin_candidato
cobeca,"TANSUDEX PLUS CAP 0,4MG/0,5MG X30 PLX",53420,7594001102366,23.32,,,,sin_match,sin_candidato
cobeca,TANTUM DUCHA VAG SOL X 140 ML,3433,7591062011606,5.45,2050,"TANTUN 0,1 % SOLUCION DUCHA VAGINAL",9.08,matched,score=0.663
cobeca,TANTUM SPRAY TOPICO BUCAL 45ML ELM,8116,7591062011613,7.48,,,,sin_match,no farmaco
cobeca,TANTUM TOPICO BUCAL 240ML ELM,5107,7591062011538,7.49,,,,sin_match,no farmaco
cobeca,"TANTUM VERDE PAST DENT 0,5% X 60G",29071,7591062014713,5.74,,,,sin_match,score_bajo
cobeca,TAPAZOL TAB REC 5MG X60 FAR,90036,7591821903234,8.18,1650,TAPAZOL 5 mg TABLETAS,13.63,matched,score=0.737
cobeca,TAUCARON COMP 15MG X10 MEG,10975,7730698394183,3.9,,,,sin_match,score_bajo
cobeca,TAXUS COMP 20MG X30 ADIUM,28335,7501871720217,13.54,,,,sin_match,score_bajo
cobeca,TAZA MEDIDORA MANAPLAS,50745,7591161398707,2.94,,,,sin_match,no farmaco
cobeca,TE LIPTON MANGO BLACKCURRANT,52262,8720608014231,3,,,,sin_match,no farmaco
cobeca,TE LIPTON RASPBERRY ELDERBERRY,52261,8720608014064,3,,,,sin_match,no farmaco
cobeca,TE MCCORMICK CANE CITRICA X20,17719,7591141430205,3.49,,,,sin_match,no farmaco
cobeca,TE MCCORMICK DELICIA D/DURAZNO X20,17710,7591141430908,3.49,,,,sin_match,no farmaco
cobeca,TE MCCORMICK F/ROJOS X20,17659,7591141225054,3.36,,,,sin_match,no farmaco
cobeca,TE MCCORMICK LIMON/MIEL X20,17714,7591141430502,3.49,,,,sin_match,no farmaco
cobeca,TE MCCORMICK MALOJILLO X20,18088,7591141181206,3.44,,,,sin_match,no farmaco
cobeca,TE MCCORMICK MANZA LIMON/MIEL X20,17754,7591141420503,3.36,,,,sin_match,no farmaco
cobeca,TE MCCORMICK MANZA MANZ/CANE X20,17712,7591141225030,3.36,,,,sin_match,no farmaco
cobeca,TE MCCORMICK MANZA X10,18086,7591141420206,1.94,,,,sin_match,no farmaco
cobeca,TE MCCORMICK MANZA X20,18090,7591141644114,3.49,,,,sin_match,no farmaco
cobeca,TE MCCORMICK NEGR X10,18087,7591141400109,1.94,,,,sin_match,no farmaco
cobeca,TE MCCORMICK NEGR X20,18089,7591141644107,3.49,,,,sin_match,no farmaco
cobeca,TE MCCORMICK RELAX X20,17723,7591141990457,3.95,,,,sin_match,no farmaco
cobeca,TE MCCORMICK ROSA JAMAICA X20,18091,7591141220516,3.36,,,,sin_match,no farmaco
cobeca,TE MCCORMICK VERD LIMON/MIEL X20,17722,7591141323200,3.49,,,,sin_match,no farmaco
cobeca,TE MCCORMICK VERD X20,17755,7591141990143,3.49,,,,sin_match,no farmaco
cobeca,TE PVO TANG DURAZ 13G DISP X12,53525,7622202008450,4.82,,,,sin_match,sin_candidato
cobeca,TE VERDE LIPTON CITRUS,52257,5063270101391,3,,,,sin_match,no farmaco
cobeca,TE VERDE LIPTON CLASSIC,52260,5063270101353,3,,,,sin_match,no farmaco
cobeca,TECAPS VERD CAP 150MG X30 L.O,94586,7591196003287,19.03,,,,sin_match,sin_candidato
cobeca,TEEN DERM K CONCENTRATE 30ML,21471,3401347818100,27.92,,,,sin_match,no farmaco
cobeca,"TEJANIA COMP REC 0,075MG X28",53576,5997001361887,9.29,,,,sin_match,sin_candidato
cobeca,TEKRON COM/REC 200 MG X 10,30129,7591585318565,17.83,,,,sin_match,score_bajo
cobeca,TEKRON COMP REC 200MG X30 LETI,90990,7591585218568,52.78,,,,sin_match,score_bajo
cobeca,"TELA ADH RELA IMPER BLAN 1,2X4,5",14168,7896544927384,4.37,,,,sin_match,no farmaco
cobeca,"TELMISARTAN/HTC COMP 40/12,5MG X28 DORO",25144,5573035,11.58,,,,sin_match,score_bajo
cobeca,"TELMISARTAN/HTC COMP 80/12,5MG X28 DORO",25145,5573068,14.01,,,,sin_match,score_bajo
cobeca,TENEDOR/CUCHARA TOMI TIPI,52510,8859140100048,6.18,,,,sin_match,no farmaco
cobeca,TENSIOMETRO DIGITAL NEXT STEP,53649,7590175000156,28.13,,,,sin_match,no farmaco
cobeca,TENSIOMETRO FLEXMED DIG D/MUÑECA X 1,28569,0860000853118,31.25,,,,sin_match,no farmaco
cobeca,TENSOMAX LP CAP 30 MG X 30,30143,7591585118431,29.08,,,,sin_match,score_bajo
cobeca,TENSOMED SUSP ORAL 20MG/ML 10ML PHAR,53150,7598750000423,7.55,,,,sin_match,sin_candidato
cobeca,TENSOPIN GTS 20ML LETI,6991,7591585111906,35.68,2107,TENSOPIN 20 mg / mL SOLUCION ORAL,59.47,matched,score=0.689
cobeca,TEOFILINA SOL ORAL 80MG/15ML 100ML AND,53266,8904187887596,2.55,1978,NUELIN 80 mg / 15 mL JARABE,4.25,matched,score=0.619
cobeca,TERAGRIP FORTE GRANU 650/4MG NOCH X6 FAR,6270,7591821801882,7.08,,,,sin_match,no farmaco
cobeca,TERAGRIP FORTE GRANU 650MG/2MG DIA X6,92190,7591821802490,6.69,,,,sin_match,no farmaco
cobeca,TERAGRIP FORTE TAB REC 650/4 NOCHX4 FAR,51036,7591821210899,2.04,,,,sin_match,score_bajo
cobeca,TERAGRIP FORTE TAB REC 650MG X6,54313,7591821210967,3,,,,sin_match,score_bajo
cobeca,TERAGRIP JBE PED 125MG/5ML UVA 120ML FAR,3472,7591821101692,8.35,,,,sin_match,score_bajo
cobeca,TERAGRIP SUPRA TAB REC 650MG X10 FAR,96315,7591821802186,7.31,,,,sin_match,score_bajo
cobeca,TERAGRIP TAB 24H 650MG X10+4 TAB FAR,92187,7591821802414,5.73,,,,sin_match,score_bajo
cobeca,"TERATOSIL JBE 0,7% 120ML FAR",96977,7591821802551,7.21,,,,sin_match,sin_candidato
cobeca,TERBICRYM CREM 1% 20G AV,9338,7596654000044,7.01,,,,sin_match,score_bajo
cobeca,TERBICRYM LOC 1% 30ML AV,21458,7596654000075,7.79,,,,sin_match,score_bajo
cobeca,TERBICRYM SPRAY 1% 30ML AV,21459,7596654000082,9.09,,,,sin_match,no farmaco
cobeca,TERBIFEET CREM TOP 1% 20G TIAR,53375,198715930504,2.92,,,,sin_match,sin_candidato
cobeca,TERBINAFINA CREM 1% 15G KIMIC,96827,7592616584126,3.99,3956,TERBINAFINA CLORHIDRATO 1 % CREMA TOPICA,6.65,matched,score=0.600
cobeca,TERMOMETRO GENIAL ANIMALITOS,27236,7453038415552,12.25,,,,sin_match,no farmaco
cobeca,TERMOMETRO ORAL PLUSMEDIC MERCURIO X12,21780,7597467000580,48.82,,,,sin_match,sin_candidato
cobeca,TERODINE CAP 2MG X 30,29786,7593090002120,31.12,,,,sin_match,sin_candidato
cobeca,TEROVAN 100 COM/REC 49MG/51MG X 30,50709,7730766002453,34.35,,,,sin_match,score_bajo
cobeca,TEROVAN 50 COM/REC 24MG/26MG X 30,50708,7730766002446,26.01,,,,sin_match,score_bajo
cobeca,THIMEROSAL SPRAY 30ML RECETT,20904,7594001451730,3.47,,,,sin_match,no farmaco
cobeca,THIMEROSAL SPRAY INCOLORO 30ML RECETT,20905,0759001451747,2.56,,,,sin_match,no farmaco
cobeca,THYROX TAB 50MCG X30 CAPSUV,27853,7598055001316,3.42,,,,sin_match,sin_candidato
cobeca,TIALIN COMP 100MG X10 MEG,13811,7591619519104,6.23,4566,TIALIN 100 mg COMPRIMIDOS,10.38,matched,score=0.770
cobeca,TIALIN COMP 50MG X10 MEG,10964,7591955000755,4.68,2633,TIALIN 50 mg COMPRIMIDOS,7.8,matched,score=0.859
cobeca,TIALIN COMP 50MG X30 MEG,1374,7591955000854,12.08,2633,TIALIN 50 mg COMPRIMIDOS,20.13,matched,score=0.859
cobeca,TIAMAZOL TAB 5MG BLIS 6X10 CR BEL,27473,7591940000289,4.91,,,,sin_match,score_bajo
cobeca,"TIDOR SOL OFT 2%/0,5% 5ML PHARME",25402,7703763000999,12.71,6213,"TIDOR 2 % - 0,5 % SOLUCION OFTALMICA",21.18,matched,score=0.750
cobeca,TIJERA CHICCO P/UNA AZUL,28917,8058664009923,3.27,,,,sin_match,no farmaco
cobeca,TIJERA PUNTA ROMA P/ZURDOS 5PLG X 1,26754,7453086117149,1.92,,,,sin_match,no farmaco
cobeca,"TIJERA SOLITA BEBE CUCHILLAS PLAST 4""",54201,7591147010425,2.25,,,,sin_match,no farmaco
cobeca,TILODRIN GTS 15ML MEY,3510,7592601100539,3.29,1751,TILODRIN 4 mg / mL SOLUCION ORAL,5.48,matched,score=0.672
cobeca,TILODRIN JBE 120ML MEY,3512,7592601100546,4.25,1824,TILODRIN 30 mg / 15 mL JARABE,7.08,matched,score=0.644
cobeca,"TIMOLOL SOL OFT 0,5% 10ML CR DIST",22841,7598252101444,8.82,5855,"TIMOLOL 0,5 % SOLUCION OFTALMICA",14.7,matched,score=0.730
cobeca,TINIDAZOL TAB/REC 500MG X 4 PLX,29067,7594001100539,4.19,1939,TINIDAZOL 500 mg TABLETAS RECUBIERTAS,6.98,matched,score=0.800
cobeca,TINTE ALFAPARF A/AMARIL,15935,7898468503811,7.38,,,,sin_match,sin_candidato
cobeca,"TINTE ALFAPARF CAS MED ROJ CAO 4,65",15940,7898468503705,7.38,,,,sin_match,sin_candidato
cobeca,TINTE ALFAPARF RUB CLARISIMO 9,15955,7898468503569,7.38,,,,sin_match,sin_candidato
cobeca,"TINTE ALFAPARF RUB CLARISIMO CEN 9,1",15949,7898468503613,7.38,,,,sin_match,sin_candidato
cobeca,"TINTE ALFAPARF RUB MED DOR 7,3",15950,7898468503767,7.38,,,,sin_match,sin_candidato
cobeca,"TINTE ALFAPARF RUB MED DOR CAO 7,35",15952,7898468503651,7.38,,,,sin_match,sin_candidato
cobeca,"TINTE ALFAPARF RUB MED DOR IRISADO 7,32",15951,7899884201428,7.38,,,,sin_match,sin_candidato
cobeca,"TINTE ALFAPARF RUB OSC 6,3",15937,7898468503750,7.38,,,,sin_match,sin_candidato
cobeca,"TINTE ALFAPARF RUB OSC CAO DOR 6,53",15939,7898468503682,7.38,,,,sin_match,sin_candidato
cobeca,"TINTE ALFAPARF RUB OSC CEN 6,1",15936,7898468503583,7.38,,,,sin_match,sin_candidato
cobeca,"TINTE AMERICAN COLORS CAC 8,7",15244,7592566000271,3.9,,,,sin_match,sin_candidato
cobeca,"TINTE AMERICAN COLORS CHOCO 6,7",14425,7592566000257,3.9,,,,sin_match,sin_candidato
cobeca,"TINTE AMERICAN COLORS CHOCO CHUAO 7,7",16642,7592566000264,3.9,,,,sin_match,sin_candidato
cobeca,"TINTE AMERICAN COLORS LIGHT HABANA 5,15",15250,7592566002343,4.05,,,,sin_match,sin_candidato
cobeca,"TINTE AMERICAN COLORS LIGHT ROJAMOR 8,54",15252,7592566002367,4.05,,,,sin_match,sin_candidato
cobeca,"TINTE AMERICAN COLORS ROJAMOR 8,54",15248,7592566000424,3.9,,,,sin_match,sin_candidato
cobeca,"TINTE AMERICAN COLORS RUB AVELL 7,30",16643,7592566000202,3.9,,,,sin_match,sin_candidato
cobeca,"TINTE AMERICAN COLORS RUB CEN OSC 6,1",16641,7592566000127,3.9,,,,sin_match,sin_candidato
cobeca,"TINTE AMERICAN COLORS RUB CLA 8,0",14426,7592566000097,3.9,,,,sin_match,sin_candidato
cobeca,"TINTE AMERICAN LIGHT CAS CLA 5,0",14434,7592566002169,4.05,,,,sin_match,sin_candidato
cobeca,"TINTE AMERICAN LIGHT CHOCO 6,7",14436,7592566002305,4.05,,,,sin_match,sin_candidato
cobeca,"TINTE AMERICAN LIGHT RUB CEN CLA 8,1",14439,7592566002244,4.05,,,,sin_match,sin_candidato
cobeca,"TINTE AMERICAN LIGHT RUB CLA 8,0",14438,7592566002190,4.05,,,,sin_match,sin_candidato
cobeca,"TINTE COLOR EFECT TABACCO #4,7 60G",28107,7592943006889,3.6,,,,sin_match,sin_candidato
cobeca,TINTE COVERAGE COL BLAN CALIFORNIA 13,20662,0745760025961,2.75,,,,sin_match,sin_candidato
cobeca,"TINTE COVERAGE COL CAS 4,0",20629,0745114481924,2.75,,,,sin_match,sin_candidato
cobeca,"TINTE COVERAGE COL CAS CLA ROJ 5,4",20636,0745114755049,2.75,,,,sin_match,score_bajo
cobeca,"TINTE COVERAGE COL MARR CEN 7,71",20649,0745114754912,2.75,,,,sin_match,sin_candidato
cobeca,"TINTE COVERAGE COL MARR CEN CLA 8,71",20650,0745114754905,2.75,,,,sin_match,sin_candidato
cobeca,"TINTE COVERAGE COL MARR CEN OSC 6,71",20648,0745114754929,2.75,,,,sin_match,sin_candidato
cobeca,"TINTE COVERAGE COL MARR CLA 8,7",20647,0745114754936,2.75,,,,sin_match,sin_candidato
cobeca,"TINTE COVERAGE COL MARR DOR CAS 5,73",20651,0745114754899,2.75,,,,sin_match,sin_candidato
cobeca,"TINTE COVERAGE COL MARR INTEN PERL 7,77",20663,0745114754851,2.75,,,,sin_match,sin_candidato
cobeca,"TINTE COVERAGE COL MARR OSC 6,7",20645,0745114754950,2.75,,,,sin_match,sin_candidato
cobeca,"TINTE COVERAGE COL MARR PROFU 7,7",20646,0745114754943,2.75,,,,sin_match,sin_candidato
cobeca,"TINTE COVERAGE COL ROJ CLA CAO 8,45",20640,0745114755001,2.75,,,,sin_match,score_bajo
cobeca,"TINTE COVERAGE COL ROJ INTEN 5,44",20641,0745114754998,2.75,,,,sin_match,sin_candidato
cobeca,"TINTE COVERAGE COL ROJ MED 7,44",20642,0745114754791,2.75,,,,sin_match,sin_candidato
cobeca,"TINTE COVERAGE COL ROJ OSC CAO 6,45",20638,0745114755025,2.75,,,,sin_match,sin_candidato
cobeca,"TINTE COVERAGE COL ROJ VIO INTEN 3,66",20644,0745114754967,2.75,,,,sin_match,sin_candidato
cobeca,"TINTE COVERAGE COL ROJO CAO 7,45",20639,0745114755018,2.75,,,,sin_match,sin_candidato
cobeca,"TINTE COVERAGE COL RUB CEN CLA 12,6",20660,0745760025947,2.75,,,,sin_match,sin_candidato
cobeca,"TINTE COVERAGE COL RUB CEN INTEN 12,2",20658,0745114754813,2.75,,,,sin_match,sin_candidato
cobeca,"TINTE COVERAGE COL RUB CEN MARR 12,3",20659,0745114755094,2.75,,,,sin_match,sin_candidato
cobeca,"TINTE COVERAGE COL RUB CEN PERL 12,8",20661,0745760025954,2.75,,,,sin_match,sin_candidato
cobeca,"TINTE COVERAGE COL RUB CLA 8,0",20633,0745114755070,2.75,,,,sin_match,sin_candidato
cobeca,"TINTE COVERAGE COL RUB CLA MARR DOR 8,73",20654,0745114794868,2.75,,,,sin_match,score_bajo
cobeca,"TINTE COVERAGE COL RUB DOR 10,73",20655,0745114754844,2.75,,,,sin_match,sin_candidato
cobeca,"TINTE COVERAGE COL RUB DOR CEN 12,1",20657,0745114755087,2.75,,,,sin_match,sin_candidato
cobeca,TINTE COVERAGE COL RUB DOR TENUE 12,20656,0745114754837,2.75,,,,sin_match,sin_candidato
cobeca,"TINTE COVERAGE COL RUB EXCLA 10,0",20635,0745114755056,2.75,,,,sin_match,sin_candidato
cobeca,"TINTE COVERAGE COL RUB MARR DOR 7,73",20653,0745114754875,2.75,,,,sin_match,sin_candidato
cobeca,"TINTE COVERAGE COL RUB MUY CLA 9,0",20634,0745114755063,2.75,,,,sin_match,sin_candidato
cobeca,"TINTE COVERAGE COL RUB OSC 6,0",20631,0745114754806,2.75,,,,sin_match,sin_candidato
cobeca,"TINTE COVERAGE COL RUB OSC MARR DOR 6,73",20652,0745114754882,2.75,,,,sin_match,sin_candidato
cobeca,"TINTE COVERAGE COL RUB OSC ROJ 6,4",20637,0745114755032,2.75,,,,sin_match,sin_candidato
cobeca,"TINTE COVERAGE COL RUB ROJ INTEN 6,46",20643,0745114754974,2.75,,,,sin_match,sin_candidato
cobeca,TINTE COVERAGE COLOR RUBIO COB/INTE 7.44,50487,0745114754981,2.75,,,,sin_match,sin_candidato
cobeca,"TINTE DRENE COLOR CAS MED 4,0",22981,7590005114008,4.15,,,,sin_match,sin_candidato
cobeca,"TINTE DRENE COLOR CAS OSC 3,0",22980,7590005113995,4.15,,,,sin_match,sin_candidato
cobeca,"TINTE DRENE COLOR RUB CLA 8,0",22991,7590005114145,4.15,,,,sin_match,sin_candidato
cobeca,"TINTE DRENE COLOR RUB EXCLA 10,0",22995,7590005114190,4.15,,,,sin_match,sin_candidato
cobeca,"TINTE DRENE COLOR RUB MED CHOCO 7,53",22990,7590005114138,4.15,,,,sin_match,sin_candidato
cobeca,"TINTE DRENE COLOR RUB OSC 6,0",22986,7590005114060,4.15,,,,sin_match,sin_candidato
cobeca,TINTE DRENE RUB MED/MARRON INT 7.77 50ML,50063,7590005114312,4.15,,,,sin_match,sin_candidato
cobeca,TINTE DRENE RUB MEDIO VIOLETA 7.20 50ML,50062,7590005114305,4.15,,,,sin_match,sin_candidato
cobeca,TINTE DRENE RUB OSC/ROJ INT 6.66 50ML,50061,7590005114091,4.15,,,,sin_match,sin_candidato
cobeca,TINTE EXCELLENCE CAS #4,23241,7501027275042,10.15,,,,sin_match,sin_candidato
cobeca,"TINTE EXCELLENCE CAS CLA CAO 5,5",34470,7501027275110,10.15,,,,sin_match,score_bajo
cobeca,"TINTE EXCELLENCE RUB CEN MATTE 7,17",28092,7509552844474,10.23,,,,sin_match,sin_candidato
cobeca,"TINTE EXCELLENCE RUB DOR N6,34",98583,7506078917491,10.15,,,,sin_match,sin_candidato
cobeca,"TINTE EXCELLENCE RUB OSC CEN #6,1",91622,7501027275134,10.15,,,,sin_match,sin_candidato
cobeca,TINTE REVLON COLORSILK BORGOÑA 48,13296,309976623481,8.01,,,,sin_match,sin_candidato
cobeca,TINTE REVLON COLORSILK BORGOÑA OSC 034,29073,309978695349,8.01,,,,sin_match,sin_candidato
cobeca,TINTE REVLON COLORSILK CAS C/DOR 54,13298,309978695547,8.01,,,,sin_match,sin_candidato
cobeca,TINTE REVLON COLORSILK CAS COB PROFU 49,22255,0309976623498,8.01,,,,sin_match,sin_candidato
cobeca,TINTE REVLON COLORSILK CAS MED CEN 40,13294,309978695400,12.69,,,,sin_match,sin_candidato
cobeca,TINTE REVLON COLORSILK CAS MED COB #42,22387,0309978695424,8.01,,,,sin_match,sin_candidato
cobeca,TINTE REVLON COLORSILK CAS OSC COB 31,21217,0309978695318,8.01,,,,sin_match,sin_candidato
cobeca,TINTE REVLON COLORSILK CAS ROJ CLA 55,21218,0309978695554,8.01,,,,sin_match,sin_candidato
cobeca,TINTE REVLON COLORSILK CHOCO 37,13289,309978456377,8.01,,,,sin_match,sin_candidato
cobeca,TINTE REVLON COLORSILK NEGR AZUL 12,13291,309976623122,8.01,,,,sin_match,sin_candidato
cobeca,TINTE REVLON COLORSILK NEGR SUAV 11,22256,0309978695110,8.01,,,,sin_match,sin_candidato
cobeca,TINTE REVLON COLORSILK NEGRO NATURAL 020,29072,309978695202,8.01,,,,sin_match,sin_candidato
cobeca,TINTE REVLON COLORSILK RUB COB 45,22258,0309978695455,8.01,,,,sin_match,sin_candidato
cobeca,TINTE REVLON COLORSILK RUBIO PLATINAD 82,30304,0309970194208,8.01,,,,sin_match,sin_candidato
cobeca,TINTURA ARNICA 30ML RECETT,14391,7594001451754,1.86,,,,sin_match,no farmaco
cobeca,TIOCHAX PLUS TAB REC 400/4MG X10 PLX,26615,7594001101734,5.43,5724,TIOCHAX PLUS 400 mg - 4 mg TABLETAS RECUBIERTAS,9.05,matched,score=0.610
cobeca,TIOCHAX TAB 4MG X12 PLX,91151,7594001100362,5.29,1921,TIOCHAX 4 mg COMPRIMIDOS,8.82,matched,score=0.732
cobeca,TIOCOL TAB REC 8MG X10 PHARME,26009,7592454889186,7.91,4739,TIOCOL 8 mg TABLETAS RECUBIERTAS,13.18,matched,score=0.770
cobeca,TIOCOLCHICOSIDO AMP 4MG/2ML X1 CR GM,51472,0764451895423,1.62,504,TIOCOLCHICOSIDO 4 mg / 2 mL SOLUCION INYECTABLE,2.7,matched,score=0.870
cobeca,TIOCOLCHICOSIDO AMP 4MG/2ML X50 ALESS,20404,7597758000053,50.8,504,TIOCOLCHICOSIDO 4 mg / 2 mL SOLUCION INYECTABLE,84.67,matched,score=0.712
cobeca,TIOCOLCHICOSIDO AMP IMP 4MG/2ML X2 ALESS,20405,75971359,2.67,504,TIOCOLCHICOSIDO 4 mg / 2 mL SOLUCION INYECTABLE,4.45,matched,score=0.635
cobeca,TIOCOLCHICOSIDO COMP 4MG X10 LETI,26050,7591585377807,5.75,2260,TIOCOLCHICOSIDO 4 mg COMPRIMIDOS,9.58,matched,score=0.935
cobeca,TIOCOLCHICOSIDO TAB 4MG X10 PHARME,26563,7592454003667,5.04,2260,TIOCOLCHICOSIDO 4 mg COMPRIMIDOS,8.4,matched,score=0.891
cobeca,TIOCOLCHICOSIDO TAB 4MG X12 BIOTECH,6808,7591392850753,4.42,3323,TIOCOLCHICOSIDO 4 mg TABLETAS,7.37,matched,score=0.935
cobeca,TIOCOLCHICOSIDO TAB 4MG X12 CLX,90197,7591519007749,3.18,4030,TIOCOLCHICOSIDO 4 mg TABLETAS,5.3,matched,score=0.935
cobeca,TIOCOLFEN TAB 600MG/4MG X10 MMF,18569,7592454891288,7.78,4252,TIOCOLFEN 600 mg - 4 mg TABLETAS RECUBIERTAS,12.97,matched,score=0.678
cobeca,TIPOFREN TAB REC 400MG/4MG X10 ZUZU,52602,7599608001470,2.59,,,,sin_match,sin_candidato
cobeca,TIPOFREN TAB REC 600MG/4MG X10 ZUZU,52603,7599608001487,2.11,,,,sin_match,sin_candidato
cobeca,"TIPRAXIN VIAL 4G/0,5G X1 DORO",20126,8699525790088,11.38,,,,sin_match,no farmaco
cobeca,TIRA LECHE PLASTICO BLESS,50150,7597467002348,7.83,,,,sin_match,no farmaco
cobeca,TIRAS NASALES ZUVISS 3CM X 1.5CM X 10,28701,7597297002112,3.85,,,,sin_match,no farmaco
cobeca,TIRAS REACTIVAS FLEXMED X 50,28574,860000853156,15,,,,sin_match,no farmaco
cobeca,TIROXIN TAB 100MG X50 MEY,20026,7707355054186,17.17,,,,sin_match,sin_candidato
cobeca,TIROXIN TAB 112MCG X 50,30127,7707355054193,20.87,,,,sin_match,sin_candidato
cobeca,TIROXIN TAB 150MCG X 50,29468,7707355057958,16.82,,,,sin_match,sin_candidato
cobeca,TIROXIN TAB 25MCG X50 MEY,20368,7707355054223,11.94,,,,sin_match,sin_candidato
cobeca,TIROXIN TAB 50MG X50 MEY,20025,7707355054230,16.27,,,,sin_match,sin_candidato
cobeca,TIRZOL TAB 5MG X60 DOLLY,53347,7598928000163,7.61,,,,sin_match,sin_candidato
cobeca,TIZA SOLITA BLAN COMPACTA X10,21927,7591147264118,1.4,,,,sin_match,no farmaco
cobeca,TIZANIDINA TAB 2MG X 10 ANGELUS,28534,7598176000564,10.61,6382,TIZANIDINA 2 MG TABLETAS,17.68,matched,score=0.742
cobeca,TOA FRIENDS MALLA C/A NOCTURNA X 10,97257,7591353701711,2.34,,,,sin_match,no farmaco
cobeca,TOA HUM HUGGIES MANIT/CARITAS MORADX 48,29876,7702425809772,2.71,,,,sin_match,no farmaco
cobeca,TOA HUM HUGGIES MANITOS Y CARITAS X 80,29869,7702425804821,3.72,,,,sin_match,no farmaco
cobeca,TOA HUM MIMLOT TRIPACK ALOE X 72,50336,8697420538637,3.71,,,,sin_match,no farmaco
cobeca,TOA HUM SECUREZZA BODYCARE X 54,28624,7591061650301,2.63,,,,sin_match,no farmaco
cobeca,TOA HUMEDAS ALEA AVENA X72,54383,7599566000164,5.21,,,,sin_match,no farmaco
cobeca,TOA HUMEDAS ALEA MANZANILLA X72,54384,7599566000188,1.55,,,,sin_match,no farmaco
cobeca,TOA NOSOTRAS MATERNIDAD TELA X 10,50083,7702027042010,3.63,,,,sin_match,no farmaco
cobeca,TOA SAN ACTIVA SEC PERD/ABUND 6 X 20,50590,7591353680252,2.76,,,,sin_match,no farmaco
cobeca,TOA SAN FRIENDS REG X 14,28845,7591353701872,2.21,,,,sin_match,no farmaco
cobeca,TOA SAN KOTEX ESENCIAL TELA ALOE V X 8,30147,7702425152540,1.23,,,,sin_match,no farmaco
cobeca,TOA SAN KOTEX FITNESS UF X 10,29875,7702425806511,3.25,,,,sin_match,no farmaco
cobeca,TOA SAN KOTEX NOCT LARGA E/PROT 3D X6,54382,7809604031631,3.17,,,,sin_match,no farmaco
cobeca,TOALLA ACTIVA SEC PERDI ABUN X10,15269,7591353680542,1.74,,,,sin_match,no farmaco
cobeca,TOALLA CLINICA SECUREZZA P/PARTO PREMX10,14886,7591353700059,2.1,,,,sin_match,no farmaco
cobeca,TOALLA CLINICA SECUREZZA P/PARTO X15,14857,7591353516605,2.54,,,,sin_match,no farmaco
cobeca,TOALLA CLINICAS LARGAS X10,15927,7596937000068,1.77,,,,sin_match,no farmaco
cobeca,TOALLA DESMAQ D CHICAS T/TIPO D/PIEL X25,20502,7591251910123,1.06,,,,sin_match,no farmaco
cobeca,TOALLA DESMAQ FRESH SOFT NAT X20,35105,8693744090158,1.13,,,,sin_match,no farmaco
cobeca,TOALLA DESMAQ MIMLOT AZUL X25,17734,0661799967181,0.85,,,,sin_match,no farmaco
cobeca,TOALLA DESMAQ MIMLOT MORAD X25,17735,8684577400467,0.85,,,,sin_match,no farmaco
cobeca,TOALLA FAMILIA PRACTIDIARIAS X50,52632,7702026188528,1,,,,sin_match,no farmaco
cobeca,TOALLA HUM AMY SEC MANZA X72,14874,7591061503058,1.52,,,,sin_match,no farmaco
cobeca,TOALLA HUM ANTIBACT MEDIFRESH HS X40,26613,8693744617478,3.49,,,,sin_match,no farmaco
cobeca,TOALLA HUM ANTIBACT PULPLUS ACTIVE X40,24808,7591251000169,1.49,,,,sin_match,no farmaco
cobeca,TOALLA HUM CHICCO ORIG X24,53019,7591061640609,0.83,,,,sin_match,no farmaco
cobeca,TOALLA HUM DERMOX BABY ALOE VERA X48,53412,7590005184278,1.24,,,,sin_match,no farmaco
cobeca,TOALLA HUM DERMOX BABY ALOE VERA X72,53413,7590005184285,1.52,,,,sin_match,no farmaco
cobeca,TOALLA HUM DERMOX BABY MANZA X48,53410,7590005184254,1.24,,,,sin_match,no farmaco
cobeca,TOALLA HUM DERMOX BABY MANZA X72,53411,7590005184261,1.5,,,,sin_match,no farmaco
cobeca,TOALLA HUM FRESH SOFT BABY X40,15550,8693744615252,0.76,,,,sin_match,no farmaco
cobeca,TOALLA HUM FRESH SOFT BABY X64,15690,8693744795886,1.19,,,,sin_match,no farmaco
cobeca,TOALLA HUM FRESH SOFT DESECH X60,26612,8693744712432,1.71,,,,sin_match,no farmaco
cobeca,TOALLA HUM HUGGIES EFECTIVA X48,20263,7896018700628,2.51,,,,sin_match,no farmaco
cobeca,TOALLA HUM MI BB ALOE/MANZA X40,25052,7591251000183,0.96,,,,sin_match,no farmaco
cobeca,TOALLA HUM MI BB MANZ/VIT E X72,51759,7591251000275,1.39,,,,sin_match,no farmaco
cobeca,TOALLA HUM MI BB X20,24410,7591251910086,0.69,,,,sin_match,no farmaco
cobeca,TOALLA HUM MI BB X80,17275,7591251000114,1.48,,,,sin_match,no farmaco
cobeca,TOALLA HUM MIMLOT ALOE VERA BEBE X25,23202,8697420536244,0.69,,,,sin_match,no farmaco
cobeca,TOALLA HUM MIMLOT ALOE VERA X72,17730,8684577400450,1.35,,,,sin_match,no farmaco
cobeca,TOALLA HUM MIMLOT PURE WATER X50,27193,7080201346124,1.86,,,,sin_match,no farmaco
cobeca,TOALLA HUM PULPLUS 70% ALCOHOL X25,24688,7591251000176,1.6,,,,sin_match,no farmaco
cobeca,TOALLA INTERCALADA DON TOALLIN 180H,25659,7591098000575,2.6,,,,sin_match,no farmaco
cobeca,TOALLA PULPLUS INCONTINENCIA MOD X20,14337,7591251910079,3.83,,,,sin_match,no farmaco
cobeca,TOALLA PULPPLUS ACTIVE INCONTINENCIASX10,15452,7591251910154,1.77,,,,sin_match,no farmaco
cobeca,TOALLA SAN KOTEX TELA NOCT C/ALAS X8,20225,7702425803008,7.06,,,,sin_match,no farmaco
cobeca,TOALLA SAN NOSOTRAS BUENAS NOCH X10,26466,7702027040252,2.81,,,,sin_match,no farmaco
cobeca,TOALLA SANI ACTIVA SEC PERDI OCASION X40,27111,7591353515608,2.88,,,,sin_match,no farmaco
cobeca,TOALLA SANI FRIENDS MALLAS X14,13257,7591353701858,2.21,,,,sin_match,no farmaco
cobeca,TOALLA SANI KOTEX DISCRETAS ULTR FINAX10,20242,7702425801288,2.3,,,,sin_match,no farmaco
cobeca,TOALLA SANI KOTEX NOCT U/PROTECT X16,52679,7702425805316,5.16,,,,sin_match,no farmaco
cobeca,TOALLA SANI KOTEX NOCT X24,53317,7751493010818,6.89,,,,sin_match,no farmaco
cobeca,TOALLA SANI KOTEX NORM U/PROTECT X24,52682,7702425837706,5,,,,sin_match,no farmaco
cobeca,TOALLA SANI KOTEX TELA DIURNA C/ALAS X10,20224,7702425800779,2.21,,,,sin_match,no farmaco
cobeca,TOALLA SANI NOSOTRAS BUENAS NOCH INV X10,26467,7702027041587,3.95,,,,sin_match,no farmaco
cobeca,TOALLA SANI NOSOTRAS BUENAS NOCH TELAX24,27497,7702027402876,5.44,,,,sin_match,no farmaco
cobeca,TOALLA SANI NOSOTRAS EX PROTEC TELA X20,27496,7702027429286,3.68,,,,sin_match,no farmaco
cobeca,TOALLA SANI NOSOTRAS MULTIF INV CLAS X10,54307,7702026179908,2.1,,,,sin_match,no farmaco
cobeca,TOALLA SANI NOSOTRAS MULTIF INV X10,54306,7702026179168,1.33,,,,sin_match,no farmaco
cobeca,TOALLA SANI NOSOTRAS NAT INV X30,27495,7702027415517,3.78,,,,sin_match,no farmaco
cobeca,TOALLA SANI PULPLUS ACTIVE T M X10,17274,7591251910161,2.11,,,,sin_match,no farmaco
cobeca,TOALLA SANI STAYFREE NORM C/ALAS X42,51828,7702031580010,7.98,,,,sin_match,no farmaco
cobeca,TOALLA SANI STAYFREE PLUS ULTRADELG X42,51827,7702031433057,7.98,,,,sin_match,no farmaco
cobeca,TOALLA SANI TENA DISCREET LARGA C/ALA X8,54345,7702026160227,2.17,,,,sin_match,no farmaco
cobeca,TOALLAS HUM HUGGIES LIMP DIARIA X80,20240,7702425805187,2.71,,,,sin_match,no farmaco
cobeca,TOALLAS HUM SAAS P/BEBE X72,54422,7599963000330,1.23,,,,sin_match,no farmaco
cobeca,TOALLIN ACMAX EX GDE P/COCINA 80H,28171,7702026060619,1.95,,,,sin_match,no farmaco
cobeca,TOALLIN SCOTT COCINA MEGA ABSORB X 1,29820,7702425810815,2.05,,,,sin_match,no farmaco
cobeca,"TOBRAMICINA SOL OFT 0,3% 5ML L.O",28243,7591196004727,4.74,4166,TOBRAMICINA 300 mg/5 ml SOLUCION PARA INHALACION,7.9,matched,score=0.617
cobeca,"TOBRASOL SOL OFT 0,3% 5ML L.O",8684,7591196000491,9.62,,,,sin_match,score_bajo
cobeca,"TOBRASOL UNG 7,5G L.O",2083,7591196000873,21.61,,,,sin_match,score_bajo
cobeca,TOCINETIKAS MUNCHY ORIG 40G,15153,7592708000138,0.9,,,,sin_match,no farmaco
cobeca,TOCINETIKAS MUNCHY PICANTE 40G,15155,7592708000411,0.9,,,,sin_match,no farmaco
cobeca,TOCINETIKAS ORIGINAL XXL X 160G,50427,7592708001821,2.94,,,,sin_match,no farmaco
cobeca,TOCINETIKAS PICANTE XXL X 160G,50428,7592708001838,2.94,,,,sin_match,no farmaco
cobeca,TODENAC SOL OFT 5ML L.O,5780,7591196002761,18.5,,,,sin_match,score_bajo
cobeca,TODEX SUSP OFT 5ML L.O,10149,7591196000514,9.18,,,,sin_match,score_bajo
cobeca,"TODEX UNG OFT 7,5G L.O",2760,7591196000897,24.35,,,,sin_match,score_bajo
cobeca,TOLNAFTAN CREM 30G MEG,3539,7591955001639,6.1,1762,TOLNAFTAN 1 % SOLUCION,10.17,matched,score=0.657
cobeca,TOLNAFTAN LOC 15ML MEG,3540,7591955001622,6.1,1762,TOLNAFTAN 1 % SOLUCION,10.17,matched,score=0.705
cobeca,TOMACORRIENTE VERT MET/CHINO TIE 15/250V,21840,6234567890482,0.82,,,,sin_match,no farmaco
cobeca,"TOMYCIN SOL OFT 0,3% 5ML CAPSUV",23365,7598055000098,4.83,,,,sin_match,score_bajo
cobeca,TONERVOL TAB 5MG X30 FAR,20282,7591821210547,17.81,5210,TONERVOL 5 mg TABLETAS,29.68,matched,score=0.906
cobeca,TONGKAT ALI W/MACA CAP X30 PHARMAC,54481,810174140255,19.48,,,,sin_match,sin_candidato
cobeca,TONICO CAPIL BIOS A/CAIDA 120ML,14121,7595481000050,11.18,,,,sin_match,no farmaco
cobeca,TONICO FAC BIOMAS 200ML,29136,7591885003338,7.19,,,,sin_match,no farmaco
cobeca,TONICO LIVING BIO NUTRIENTE 120ML,29282,7591570000123,4.54,,,,sin_match,no farmaco
cobeca,TONICO LIVING PURIX 120ML,29287,7591570000079,4.12,,,,sin_match,no farmaco
cobeca,TONIFICANTE FACIAL SPRAY DERNIER 200ML,25902,7598084000403,3.6,,,,sin_match,no farmaco
cobeca,TONUM SUSP ORAL 1MG/ML 100ML BIOTECH,9640,7591243851083,5.08,3379,TONUM 1 mg / mL  SUSPENSION ORAL,8.47,matched,score=0.632
cobeca,TONUM TAB 10MG X30 BIOTECH,95057,7591243851106,4.52,3315,TONUM 10 mg TABLETAS,7.53,matched,score=0.625
cobeca,TOPISEPT CREM 2% 15G MEY,26900,7707355050829,25.31,,,,sin_match,score_bajo
cobeca,TOPPER METALIZA C/VELA FELIZ/C PLAT X10,27762,7598928254825,17.25,,,,sin_match,no farmaco
cobeca,TOPPER METALIZADO C/VELA F/D BRONCE X10,27763,7598928251923,17.25,,,,sin_match,no farmaco
cobeca,TOPPER METALIZADO C/VELA HAPPY/B DOR X10,27761,7598928251886,17.25,,,,sin_match,no farmaco
cobeca,TOPPER METALIZADO MOTIVO AMOR X10,27764,7598928252456,17.25,,,,sin_match,no farmaco
cobeca,TORIVAS TAB REC 100MG X30 CLX,15606,7591519000092,18.06,,,,sin_match,score_bajo
cobeca,TORIVAS TAB REC 50MG X30 CLX,15607,7591519000221,11.71,,,,sin_match,score_bajo
cobeca,TORONTO DARK 125G,54495,7591016855768,6.74,,,,sin_match,no farmaco
cobeca,TORONTO MIX NEVADO OSC 324G LAT,54497,7591016855775,19.39,,,,sin_match,no farmaco
cobeca,TORONTO SAVOY BOLS 125G,17032,7591016161128,6.74,,,,sin_match,no farmaco
cobeca,TORONTO SAVOY DISP 324G,17028,7591016161111,17.56,,,,sin_match,sin_candidato
cobeca,TORTA RENATA CHOCO 300G,16968,7896022203085,3.53,,,,sin_match,no farmaco
cobeca,TORTA RENATA TRADI NAR 250G,16965,7896022202415,3.02,,,,sin_match,no farmaco
cobeca,TORTA RENATA TRADIC CHOCO 250G,16971,7896022206628,3.02,,,,sin_match,no farmaco
cobeca,TORTA RENATA TRADIC MEZCLADO 250G,16967,7896022202408,3.02,,,,sin_match,no farmaco
cobeca,TORTILLAS QUEST NACHO CHEESE 32G X8,53749,888849006632,60,,,,sin_match,no farmaco
cobeca,TORTILLITAS JACKS PICANTE 190G,18180,7591206114149,2.36,,,,sin_match,no farmaco
cobeca,TOSBRON JBE 240ML WALF,28384,7592710004445,5.62,,,,sin_match,sin_candidato
cobeca,TOSSIN SOL ORAL 15MG/5ML 120ML ALESS,53009,7597758001371,3.07,,,,sin_match,sin_candidato
cobeca,TOSTITOS 140G,18192,7591206282787,1.51,,,,sin_match,no farmaco
cobeca,TOSTITOS ORIG 330G,54470,7591206004068,2.79,,,,sin_match,no farmaco
cobeca,TOSTON MUNCHYPS AJO 150G,54447,7592708002132,2.96,,,,sin_match,no farmaco
cobeca,TOSTONES DON JOSE 280G,18328,7592927245419,3.65,,,,sin_match,no farmaco
cobeca,TOSTONES DON JOSE 80G,18327,7592927245402,1.09,,,,sin_match,no farmaco
cobeca,TRACEVAL TAB 500MG/50MG X20 VLM,99311,7591020080682,14.39,4842,TRACEVAL 500 mg - 50 mg TABLETAS,23.98,matched,score=0.831
cobeca,"TRACEVAL TAB REC 325MG/37,5MG X20 VLM",99313,7591020080668,9.56,4881,"TRACEVAL 325 mg - 37,5 mg TABLETAS RECUBIERTAS",15.93,matched,score=0.688
cobeca,TRACTIL AMP 4MG/2ML KITX1 RNV,54342,7592806114218,1.55,,,,sin_match,score_bajo
cobeca,TRACTIL FORTE COM 8 MG X 10,28504,7592806133264,5.09,6928,ATROVERAN FORTE 20mg TABLETAS RECUBIERTAS,8.48,matched,score=0.688
cobeca,TRACTIL TAB 4MG X12 RNV,4638,7592806133257,2.71,1905,TRACTIL 4 mg COMPRIMIDOS,4.52,matched,score=0.648
cobeca,TRALIX TAB 50MG X 30,50749,7703763477555,11.92,6826,TRALIX 50 mg TABLETAS,19.87,matched,score=0.739
cobeca,TRAMAL AMP INY IM/IV 50MG/1ML X5 CR CCM,95548,7592889000804,20.92,,,,sin_match,score_bajo
cobeca,TRAMAL CAP 50MG X20 CR CCM,3123,7592889000323,39.13,2635,TRAMAL LONG 150 mg TABLETAS RECUBIERTAS DE LIBERACION PROLONGADA,65.22,matched,score=0.797
cobeca,TRAMAL GTS 10ML CR CCM,6148,7592889000071,34.92,2028,TRAMAL 100 mg / mL SOLUCION ORAL,58.2,matched,score=0.783
cobeca,TRANGOLATT TAB/REC 200MG X 10,29999,0756029628359,5.19,,,,sin_match,sin_candidato
cobeca,TRAPERO ETERNA MICROFIBRA MANGO METAL,29042,7702037871419,13.2,,,,sin_match,no farmaco
cobeca,TRAT CAP NUTRIBELA BIOKERATINA 180ML,54540,7702354957162,3.66,,,,sin_match,sin_candidato
cobeca,TRAT CAPIL ELVIVE GLYCOL GLOSS 6% 200ML,53073,7509552928563,11.64,,,,sin_match,no farmaco
cobeca,TRAT CAPIL EVERY NIGHT BIO CAC/FRO350G,23826,7590005164812,5.29,,,,sin_match,no farmaco
cobeca,TRAT CAPIL EVERY NIGHT BIO CER/MAC350G,23827,7590005164829,5.29,,,,sin_match,no farmaco
cobeca,TRAT CAPIL EVERY NIGHT BIO COCO 350G,23825,7590005164805,5.24,,,,sin_match,no farmaco
cobeca,TRAT CAPIL NK COLAG SENSIT PASO 1+2 450M,54262,788362507053,20,,,,sin_match,no farmaco
cobeca,TRAT CAPIL NK COLAG SENSIT PASO 1+2 60ML,54263,788362507046,6.25,,,,sin_match,no farmaco
cobeca,TRAT CAPIL NK COLAG SENSIT PASO 1+2 950M,54261,788362507060,33.75,,,,sin_match,no farmaco
cobeca,TRAT CAPIL NUTRIBELA CEL MADRES 180ML,52892,7702354951740,3.81,,,,sin_match,no farmaco
cobeca,TRAT CAPIL NUTRIBELA CEL MADRES 300ML,50795,7702354951757,6.16,,,,sin_match,no farmaco
cobeca,TRAT CAPIL NUTRIBELA ENZIMOTERAPIA 180ML,52895,7702354948504,3.7,,,,sin_match,no farmaco
cobeca,TRAT CAPIL NUTRIBELA ENZIMOTERAPIA 300ML,50800,7702354948498,4.9,,,,sin_match,no farmaco
cobeca,TRAT CAPIL NUTRIBELA PRO HIALUR 180ML,52894,7702354953690,4.69,,,,sin_match,no farmaco
cobeca,TRAT CAPIL NUTRIBELA REPARA INTEN 180ML,52893,7702354948443,3.7,,,,sin_match,no farmaco
cobeca,TRAT CAPIL NUTRIBELA REPARA INTEN 300ML,50797,7702354948450,5.43,,,,sin_match,no farmaco
cobeca,TRAT CAPIL SELENIL CONT GRAS 108ML,24304,75971717,8.06,,,,sin_match,no farmaco
cobeca,TRAT CAPIL SELENIL HIDRAT 108ML,24305,75971724,8.06,,,,sin_match,no farmaco
cobeca,TRAT DRENE CAB SEC/MALTRAT 350G,24398,7590005008659,5.2,,,,sin_match,no farmaco
cobeca,TRAT DRENE CAB/LISO 350G,24399,7590005008666,5.2,,,,sin_match,no farmaco
cobeca,TRAT ELVIVE OLEO EXTRAORDINARIO 100ML,53741,7509552904819,13.41,,,,sin_match,no farmaco
cobeca,TRAT REVERSE A/EDAD 30G,53618,7707355050805,22.04,,,,sin_match,no farmaco
cobeca,TRAZEL INY 10ML X6 BHR,5183,7592637005013,53.25,,,,sin_match,sin_candidato
cobeca,TRAZTEL AMP 10ML ADN,26356,8906112610729,7.86,,,,sin_match,sin_candidato
cobeca,"TRESITEN TAB 2,5MG X50 FC PHARMA",54534,7593090003721,23.78,,,,sin_match,sin_candidato
cobeca,"TRETINOINA GEL TOP 0,05% 20G HM",52426,0632627843472,2.32,,,,sin_match,score_bajo
cobeca,TRICOX TAB/REC 60MG X 14,50716,7706127006514,6.97,6657,TRICOX 60 mg TABLETAS RECUBIERTAS,11.62,matched,score=0.643
cobeca,TRICUDERMA CREM 20G SGG,27807,0791466994377,7.22,,,,sin_match,sin_candidato
cobeca,TRIDETARMON CREM 15G MEG,4889,7591955000762,8.57,,,,sin_match,score_bajo
cobeca,TRIFLO PLUSMEDIC EJERCITADOR PULMONAR,25351,7597467000818,10.6,,,,sin_match,no farmaco
cobeca,TRILEPTAMEDC SUSP 6% 300MG/5ML 100ML IPS,53201,7597285000731,12.34,,,,sin_match,sin_candidato
cobeca,TRIMBUTOP COMP 200MG X10 DISK,54049,793869810384,2.03,6380,TRIMBUTOP 200 MG COMPRIMIDOS,3.38,matched,score=0.768
cobeca,TRIMEBUTINA TAB 200MG X10 CLEO,25677,7598677000100,3.25,2449,TRIMEBUTINA MALEATO 200 mg TABLETAS,5.42,matched,score=0.825
cobeca,TRIMEBUTINA TAB 200MG X10 KMP,53500,6942189530401,4.92,2449,TRIMEBUTINA MALEATO 200 mg TABLETAS,8.2,matched,score=0.825
cobeca,TRIMEBUTINA TAB 200MG X10 PHARME,53839,7592454004459,4.39,2449,TRIMEBUTINA MALEATO 200 mg TABLETAS,7.32,matched,score=0.825
cobeca,TRIMEBUTINA TAB 200MG X30 PHARME,26921,7592454890069,11.42,2449,TRIMEBUTINA MALEATO 200 mg TABLETAS,19.03,matched,score=0.825
cobeca,TRIMEBUTINA TAB 300MG X10 GLOB/C,26603,7598828001147,5.47,4870,TRIMEBUTINA 300 mg COMPRIMIDOS RECUBIERTOS DE LIBERACION PROLONGADA,9.12,matched,score=0.878
cobeca,TRIMEBUTINA TAB 300MG X10 KMP,53502,6942189530418,5.82,4870,TRIMEBUTINA 300 mg COMPRIMIDOS RECUBIERTOS DE LIBERACION PROLONGADA,9.7,matched,score=0.878
cobeca,TRIMETOP/SULFAM SUSP 40/200MG 60ML KIMIC,24814,7592616546018,2.86,,,,sin_match,sin_candidato
cobeca,TRIMIC FORTE L OVUL 750/200/100MGX7 TIAR,26403,8906009238555,14.91,,,,sin_match,score_bajo
cobeca,TRIMOLEP TAB ORODISP 25MG X28 CR MT,51920,7501384550639,5.06,,,,sin_match,sin_candidato
cobeca,TRINARIA SPR/NASAL 50MG X 120 DOSIS,50495,7795380043190,10.65,4790,FLUTIXAIR 250 mcg -25 mcg / DOSIS SUSPENSION PARA INHALACION ORAL,17.75,matched,score=0.704
cobeca,TRIPLEPLAY MUNCHY 70G,15162,7592708000220,1.59,,,,sin_match,no farmaco
cobeca,TRIPUR COMP X20 PHARME,6516,7592454381079,8.55,2017,TRIPUR 80 mg - 400 mg COMPRIMIDOS,14.25,matched,score=0.643
cobeca,TRITTICO TAB 100MG X30 ELM,4228,7591062011644,9.82,1959,TRITTICO 100 mg TABLETAS,16.37,matched,score=0.685
cobeca,TRITTICO TAB 50MG X30 ELM,4227,7591062011637,7.35,1962,TRITTICO 50 mg TABLETAS,12.25,matched,score=0.665
cobeca,TRUSOMIDA SOL OFT 2% 5ML DIEMA,52801,7750778000391,12.45,,,,sin_match,score_bajo
cobeca,TUBO D/SUCCION GIDAGUS F14 X50,27680,7597478001606,13.75,,,,sin_match,no farmaco
cobeca,TUBO D/SUCCION GIDAGUS F6 X50,27678,7597478001583,24.75,,,,sin_match,no farmaco
cobeca,"TUBO ENDOTRAQ VALEMEDIC C/BALON 6,5 X10",51515,6971077610246,9,,,,sin_match,no farmaco
cobeca,"TUBO ENDOTRAQ VALEMEDIC C/BALON 7,0 X10",51516,6971077611496,9,,,,sin_match,no farmaco
cobeca,"TUBO ENDOTRAQ VALEMEDIC C/BALON 7,5 X10",51517,6971077611502,9,,,,sin_match,no farmaco
cobeca,"TUBO ENDOTRAQUEAL GIDAGUS BALON 6,5 X10",27694,7597478002214,12.37,,,,sin_match,no farmaco
cobeca,"TUBO ENDOTRAQUEAL GIDAGUS C/BALON 7,5X10",27675,7597478002221,15.96,,,,sin_match,no farmaco
cobeca,TUBO EXTENSION PUSMEDIC K-50 X 50,50537,7597467001990,20.7,,,,sin_match,no farmaco
cobeca,TUBO PLUSMEDIC ENDOTRAQ C/BALON N7 X10,21782,7597467000603,25.57,,,,sin_match,no farmaco
cobeca,"TUBO PLUSMEDIC ENDOTRAQ C/BALON N7,5X10",21783,7597467000610,21.07,,,,sin_match,no farmaco
cobeca,TURMERIC/CURCUMA CAP 700MG X60 ETER,24338,0787790469551,24.27,,,,sin_match,sin_candidato
cobeca,UDOX CAP 75MG X10 DLR,97141,7592803002556,8.46,4779,UDOX 75 mg CAPSULAS,14.1,matched,score=0.797
cobeca,ULCENOL TAB 20MG X10,2298,7591062011965,2.18,,,,sin_match,score_bajo
cobeca,ULCENOL TAB 40MG X20 ELM,92083,7591062018650,3.39,,,,sin_match,score_bajo
cobeca,ULCON TAB 1G X20 FAR,16823,7591821210288,16.11,2143,ULCON 1 g TABLETAS,26.85,matched,score=0.859
cobeca,ULCRAF SUSP ORAL 1G/5ML S/NARANJA X200ML,50165,7796285293635,32.68,6218,ULCRAF 1 g / 5 mL SUSPENSIÓN ORAL,54.47,matched,score=0.768
cobeca,ULGARIN CAP 20MG X16 LETI,23023,7591585419606,11.49,3915,ULGARIN 20 mg CAPSULAS,19.15,matched,score=0.665
cobeca,ULGARIN CAP 20MG X28 LETI,13252,7591585319609,18.86,3915,ULGARIN 20 mg CAPSULAS,31.43,matched,score=0.665
cobeca,ULGARIN CAP 40MG X16 LETI,23886,7591585419613,15.28,3879,ULGARIN 40 mg CAPSULAS,25.47,matched,score=0.665
cobeca,ULGARIN CAP 40MG X32 LETI,13323,7591585319616,25.59,3879,ULGARIN 40 mg CAPSULAS,42.65,matched,score=0.665
cobeca,ULTAMYN TAB 750MG X10 ANG/H,27001,7598176000410,13.71,6147,ULTAMYN 750 mg TABLETAS RECUBIERTAS,22.85,matched,score=0.825
cobeca,UNG CORP BRUCETIN REPARADOR 5% X 80G,28876,7592090000495,11.43,,,,sin_match,sin_candidato
cobeca,URIGRON TAB LE 25MG X30 ZORIAK,52019,7599112000402,24.45,,,,sin_match,sin_candidato
cobeca,UROCIT TAB LP 10MG X100 FAR,90498,7592229003229,30.03,4025,UROCIT 10 mEq TABLETAS DE LIBERACION PROLONGADA,50.05,matched,score=0.680
cobeca,URODUTAN TAB 200MG X10 FC,22852,7593090001512,5.91,6279,URODUTAN 200 mg TABLETAS RECUBIERTAS,9.85,matched,score=0.608
cobeca,UROFIDE TAB 0.5MG X 30 ANGELUS,28520,7598176001455,13.61,,,,sin_match,sin_candidato
cobeca,"UROSINA DUO CAP 0,4MG/0,5 MG X30 ANG/H",52914,7598176001745,18.12,6235,"UROSINA 0,4 mg TABLETAS RECUBIERTAS DE LIBERACION PROLONGADA",30.2,matched,score=0.797
cobeca,UVEBLOCK SPF50+ SPR KIDS 200ML,21475,3760269770300,40.26,,,,sin_match,sin_candidato
cobeca,VAGILEN R OVUL 750MG/200MG X7 FC,50878,7593090002977,13,,,,sin_match,sin_candidato
cobeca,VALACICLOVIR TAB 500MG X10 ADN,24670,8906109691243,18.19,4529,VALACICLOVIR 500 mg TABLETAS RECUBIERTAS,30.32,matched,score=0.825
cobeca,VALERIANA ALPHA BMT GTA 30ML,29472,7597773000113,4.55,,,,sin_match,no farmaco
cobeca,VALERIANA CAP 300MG X90 ARC IRIS,22826,7592946025788,10,,,,sin_match,sin_candidato
cobeca,VALERIANA GTS 60ML RECETT,16872,7594001450825,3.25,,,,sin_match,sin_candidato
cobeca,VALERIANA JBE 120ML CHEM/S,2830,7557956330031,7.06,,,,sin_match,sin_candidato
cobeca,"VALGEM PLUS TAB REC 160/12,5MG X10 GEMA",52665,7598981001732,4.18,6518,"VALGEM PLUS 160 mg-12,5 mg TABLETAS RECUBIERTAS",6.97,matched,score=0.610
cobeca,"VALGEM PLUS TAB REC 160/12,5MG X30 GEMA",52666,7598981001749,10.83,6518,"VALGEM PLUS 160 mg-12,5 mg TABLETAS RECUBIERTAS",18.05,matched,score=0.610
cobeca,"VALGEM PLUS TAB REC 80MG/12,5MG X10 GEMA",52663,7598981001756,2.25,,,,sin_match,score_bajo
cobeca,VALPIZOP TAB REC 10MG X20 VLM,17039,7591020080934,8.31,,,,sin_match,score_bajo
cobeca,VALPRODAC TAB REC 500MG X30 DAC,52627,7598578000964,10.22,,,,sin_match,sin_candidato
cobeca,VALPRON JBE 250MG 180ML FAR,2776,7591821901964,18.65,2025,VALPRON 250 mg / 5 mL JARABE,31.08,matched,score=0.813
cobeca,VALPRON SOL 30ML FAR,6450,7591821901971,8.73,,,,sin_match,score_bajo
cobeca,VALPRON TAB 500MG X30 FAR,5235,7591821210172,17.09,1989,VALPRON 500 mg TABLETAS,28.48,matched,score=0.820
cobeca,VALPROTAN TAB REC 500MG X30 ZORIAK,52021,7599112000419,13.13,,,,sin_match,sin_candidato
cobeca,VALSARTAN 10 TAB 160MG X10 FMED,51784,8908020242986,0.92,6876,VALSARTÁN 160mg COMPRIMIDOS RECUBIERTOS,1.53,matched,score=0.957
cobeca,VALSARTAN CAP 160MG X 14 LETI,54325,7591585475893,5.64,2923,VALSARTAN 160 mg CAPSULAS,9.4,matched,score=0.922
cobeca,VALSARTAN CAP 160MG X30 VLM,54468,7591020009416,7.88,4503,"VALSARTAN - HIDROCLOROTIAZIDA 160 mg - 12,5 mg TABLETAS RECUBIERTAS",13.13,matched,score=0.922
cobeca,VALSARTAN CAP 160MG X7 LETI,2620,7591585175892,6.17,2923,VALSARTAN 160 mg CAPSULAS,10.28,matched,score=0.922
cobeca,VALSARTAN CAP 80MG X14 LETI,22949,7591585375872,5.59,2922,VALSARTAN 80 mg CAPSULAS,9.32,matched,score=0.902
cobeca,VALSARTAN CAP 80MG X20 SPEFAR,54432,7590027003533,5.47,4501,"VALSARTAN -HIDROCLOROTIAZIDA 80 mg -12,5 mg TABLETAS RECUBIERTAS",9.12,matched,score=0.750
cobeca,VALSARTAN CAP 80MG X30 GNV LETI,99797,7591585275875,9.32,4501,"VALSARTAN -HIDROCLOROTIAZIDA 80 mg -12,5 mg TABLETAS RECUBIERTAS",15.53,matched,score=0.656
cobeca,VALSARTAN CAP 80MG X30 KIMIC,99610,7592616577029,6.39,4501,"VALSARTAN -HIDROCLOROTIAZIDA 80 mg -12,5 mg TABLETAS RECUBIERTAS",10.65,matched,score=0.740
cobeca,VALSARTAN COMP REC 160MG X28 VARG,54193,7592349003390,7.01,6876,VALSARTÁN 160mg COMPRIMIDOS RECUBIERTOS,11.68,matched,score=0.842
cobeca,VALSARTAN COMP/REC 80MG X 30 VARGAS,29789,7592349001907,6.84,4520,"VALSARTAN - HIDROCLOROTIAZIDA 80 mg - 12,5 mg TABLETAS RECUBIERTAS",11.4,matched,score=0.767
cobeca,"VALSARTAN HCT TAB REC 80/12,5MG X28 CLX",54281,7591519002935,8.16,3955,VALSARTAN -HIDROCLOROTIAZIDA 160 mg-25 mg TABLETAS RECUBIERTAS,13.6,matched,score=0.609
cobeca,VALSARTAN HCT TAB/REC 80/12.5MG X10 VARG,50173,7592349001884,3.74,3194,"VASATEN HCT 80 mg - 12,5 mg COMPRIMIDOS RECUBIERTOS",6.23,matched,score=0.613
cobeca,VALSARTAN TAB 160MG X10 ANG/H,21372,7598176000236,1.64,6876,VALSARTÁN 160mg COMPRIMIDOS RECUBIERTOS,2.73,matched,score=0.957
cobeca,VALSARTAN TAB 160MG X10 KMP,53496,6921875011196,3.14,6876,VALSARTÁN 160mg COMPRIMIDOS RECUBIERTOS,5.23,matched,score=0.957
cobeca,VALSARTAN TAB 160MG X30 CR DAC,24548,7598578000209,9.48,6876,VALSARTÁN 160mg COMPRIMIDOS RECUBIERTOS,15.8,matched,score=0.957
cobeca,VALSARTAN TAB 160MG X30 ZUZU,52604,7599608002606,8.3,6876,VALSARTÁN 160mg COMPRIMIDOS RECUBIERTOS,13.83,matched,score=0.957
cobeca,VALSARTAN TAB 80MG X10 KMP,53477,6921875011189,3.45,3607,"VALSARTAN - HIDROCLOROTIAZIDA 80 mg - 12,5 mg TABLETAS RECUBIERTAS",5.75,matched,score=0.859
cobeca,VALSARTAN TAB 80MG X30 BLUE/M,25089,7598127001602,5.12,3607,"VALSARTAN - HIDROCLOROTIAZIDA 80 mg - 12,5 mg TABLETAS RECUBIERTAS",8.53,matched,score=0.859
cobeca,VALSARTAN TAB 80MG X30 GENCER,50517,7591020009409,5.81,3910,"VALSARTAN HIDROCLOROTIAZIDA 80 mg - 12,5 mg COMPRIMIDOS RECUBIERTOS",9.68,matched,score=0.755
cobeca,VALSARTAN TAB 80MG X30 ZUZU,52605,7599608002613,5.1,3607,"VALSARTAN - HIDROCLOROTIAZIDA 80 mg - 12,5 mg TABLETAS RECUBIERTAS",8.5,matched,score=0.859
cobeca,VALSARTAN TAB REC 160MG X30 ANG/H,52911,7598176001752,7.62,7079,VALSARTAN 160 MG TABLETAS RECUBIERTAS,12.7,matched,score=0.800
cobeca,VALSARTAN TAB REC 160MG X30 CR DIST,24321,7598252101673,15.82,6876,VALSARTÁN 160mg COMPRIMIDOS RECUBIERTOS,26.37,matched,score=0.798
cobeca,VALSARTAN TAB REC 160MG X30 PHARME,53843,7592454889773,13.92,6876,VALSARTÁN 160mg COMPRIMIDOS RECUBIERTOS,23.2,matched,score=0.798
cobeca,VALSARTAN TAB REC 80MG X14 PHARME,90624,7703763341078,4.42,4263,VALSARTAN 80 mg CAPSULAS,7.37,matched,score=0.746
cobeca,VALSARTAN TAB REC 80MG X30 PHARME,22399,7592454889780,7.67,4263,VALSARTAN 80 mg CAPSULAS,12.78,matched,score=0.746
cobeca,VALSARTAN/AMLO TAB 80MG/5MG X30 LA SANTE,28723,7592454003797,10.39,3910,"VALSARTAN HIDROCLOROTIAZIDA 80 mg - 12,5 mg COMPRIMIDOS RECUBIERTOS",17.32,matched,score=0.730
cobeca,VALSARTAN/AMLO TAB REC 80/5MG X10 PHARME,21545,7592454891417,5.84,,,,sin_match,score_bajo
cobeca,VALSARTAN/AMLO TABREC 160/10MGX10 PHARME,22060,7592454891424,7.69,,,,sin_match,no farmaco
cobeca,"VALSARTAN/HCT TAB 80/12,5 X14 PHARME",90886,7703763341092,4.87,3194,"VASATEN HCT 80 mg - 12,5 mg COMPRIMIDOS RECUBIERTOS",8.12,matched,score=0.744
cobeca,"VALSARTAN/HCT TAB REC 160MG/12,5 X14 VLM",96316,7591020008600,7.53,,,,sin_match,score_bajo
cobeca,"VALSARTAN/HCT TAB REC 80/12,5MG X14 CLX",9838,7591519006698,4.36,3955,VALSARTAN -HIDROCLOROTIAZIDA 160 mg-25 mg TABLETAS RECUBIERTAS,7.27,matched,score=0.609
cobeca,"VALSARTAN/HCT TAB REC 80/12,5MG X14 VLM",95917,7591020008594,4,4503,"VALSARTAN - HIDROCLOROTIAZIDA 160 mg - 12,5 mg TABLETAS RECUBIERTAS",6.67,matched,score=0.603
cobeca,"VALSARTAN/HCT TABREC 80/12,5MGX30 PHARME",22214,7592454003292,9.86,,,,sin_match,no farmaco
cobeca,VALTAN TAB 160MG X30 ZORIAK,22556,8906104081360,10.46,,,,sin_match,sin_candidato
cobeca,VANCOMEDC PVO P/INY X 0.5G,28414,7597285000649,3.32,,,,sin_match,sin_candidato
cobeca,VANCOMICINA PVO SOL INY 1G VIAL X1 DIST,51936,7598252001652,6.22,192,MONARC- M 250 u. 1 vial POLVO LIOFILIZADO PARA SOLUCION INYECTABLE,10.37,matched,score=0.707
cobeca,VANISH OXI MULTIPOWER BLAN 100G,50828,7702626218687,5.42,,,,sin_match,no farmaco
cobeca,VAPROX JBE 120ML CR 2N,54414,6977234271275,5.01,,,,sin_match,sin_candidato
cobeca,VARIFLON TAB 450MG/50MG X30 TIAR,54235,199284287013,11.57,,,,sin_match,sin_candidato
cobeca,VARIPLANT CAP X30 JRC,54168,7592430000871,12.03,,,,sin_match,sin_candidato
cobeca,VARISAN CAP 300MG X60 NAT PREM,24534,7592430000673,9.96,,,,sin_match,sin_candidato
cobeca,VARITAS AROMAT GLADE ALEGR FLOR 100ML,51095,7894650005910,8.52,,,,sin_match,no farmaco
cobeca,VARITAS AROMAT GLADE CAMP LAVAN 100ML,51096,7894650940129,8.52,,,,sin_match,no farmaco
cobeca,VARITAS AROMAT GLADE MANZ/CANE 100ML,51094,7894650005903,8.52,,,,sin_match,no farmaco
cobeca,VARITROL CAP X60 WALF,28381,7592710005046,11.84,,,,sin_match,sin_candidato
cobeca,VASELINA 60ML RECETT,16879,7594001451907,4.34,,,,sin_match,no farmaco
cobeca,VASELINA ALPHA BMT 30G,29475,7597773000076,4.55,,,,sin_match,no farmaco
cobeca,VASELINA BIOFARCO 25G,91798,7591616001411,2.34,,,,sin_match,no farmaco
cobeca,VASELINA BIOFARCO 50G,98365,7591616001428,3,,,,sin_match,no farmaco
cobeca,VASELINA DEPORT FREE LIFE STYLE 120ML,52009,7596211000432,6.51,,,,sin_match,no farmaco
cobeca,VASELINA EBEN 30G,15630,7595492000186,2.2,,,,sin_match,no farmaco
cobeca,VASELINA EBEN 50G,16042,7595492000230,3.11,,,,sin_match,no farmaco
cobeca,VASELINA LYA 10G,25462,7599028000527,1.82,,,,sin_match,no farmaco
cobeca,VASELINA LYA 30G,25463,7599028000534,2.77,,,,sin_match,no farmaco
cobeca,VASPITOR COM/REC 20MG X 30,50578,7591619001241,7.53,,,,sin_match,score_bajo
cobeca,VASPITOR COM/REC 40MG X 30,50530,7591619001227,12.08,6145,VASPITOR 40 mg COMPRIMIDOS RECUBIERTOS,20.13,matched,score=0.608
cobeca,VASPITOR COMP REC 20MG X10 MEG,52641,7591619001258,2.73,,,,sin_match,score_bajo
cobeca,VASPITOR COMP REC 40MG X10 MEG,52642,7591619001203,5.39,6145,VASPITOR 40 mg COMPRIMIDOS RECUBIERTOS,8.98,matched,score=0.632
cobeca,"VASSLUTEN H TAB 300MG/12,5MG X30 GFARM",26022,7406076104551,28.9,4955,"VASSLUTEN HCT 300 mg - 12,5 mg TABLETAS",48.17,matched,score=0.740
cobeca,VASSLUTEN TAB 150MG X30 GFARM,15695,7406076104582,12.87,4918,"VASSLUTEN HCT 150 mg - 12,5 mg TABLETAS",21.45,matched,score=0.720
cobeca,VASSLUTEN TAB 300MG X30 GFARM,26021,7406076101734,18.48,4955,"VASSLUTEN HCT 300 mg - 12,5 mg TABLETAS",30.8,matched,score=0.720
cobeca,"VASSLUTEN TAB HCT 150MG/12,5MG X30 GFARM",15696,7406076125235,19.68,4918,"VASSLUTEN HCT 150 mg - 12,5 mg TABLETAS",32.8,matched,score=0.792
cobeca,VASTRON JBE 250MG/5ML X 180ML,28542,7598677000452,10.71,,,,sin_match,sin_candidato
cobeca,VASTRON TAB REC 500MG X30 CLEO,25660,7598677000247,12.69,,,,sin_match,sin_candidato
cobeca,VAXIDUO OVU 100MG/400MG X7 CLX,25190,7703153041205,10.84,,,,sin_match,score_bajo
cobeca,VECTUS TAB/REC 20MG X 1,29011,7592601000495,1.36,,,,sin_match,score_bajo
cobeca,VECTUS TAB/REC 20MG X 2,29012,7592601000501,2.7,,,,sin_match,score_bajo
cobeca,VECTUS TAB/REC 5MG X 10,30204,7592601000518,2.66,,,,sin_match,score_bajo
cobeca,VECTUS TAB/REC 5MG X 20,30212,7592601000525,5.32,,,,sin_match,score_bajo
cobeca,VECTUS TAB/REC 5MG X 30,30213,7592601000532,7.99,,,,sin_match,score_bajo
cobeca,VEDINOR COMP REC 600MG X15 VARG,24175,7592349723779,13.1,,,,sin_match,score_bajo
cobeca,VEHICULO TRACK RACING,28269,6910182704235,32.45,,,,sin_match,no farmaco
cobeca,VELA GLADE BIENVENIDA MANZ/CANE 65G,51097,7501032928315,6.51,,,,sin_match,no farmaco
cobeca,VENACARE CAP 460MG X30 HERB,24110,7592710004230,10.78,,,,sin_match,sin_candidato
cobeca,VENACARE CAP 460MG X60,99677,7592710000935,14.66,,,,sin_match,sin_candidato
cobeca,VENACTIN CAP BLD 450/50MG X10 VIV,27194,7592432000374,7.6,,,,sin_match,score_bajo
cobeca,VENACTIN CAP BLD 450MG/50MG X30 CLX,52506,7592432000527,16.99,,,,sin_match,score_bajo
cobeca,VENASPLANT CAP X30 CR JRC,16792,7592307001437,12.7,,,,sin_match,sin_candidato
cobeca,VENAXEN CAP LP 150MG X10 FC PHARMA,54336,7593090003462,15.98,,,,sin_match,sin_candidato
cobeca,VENDA D/YESO PROMEINT 4X3 YDS,50152,7597467002041,3.29,,,,sin_match,no farmaco
cobeca,VENDA D/YESO PROMEINT 6X3 YDS,50153,7597467002058,4.86,,,,sin_match,no farmaco
cobeca,VENDA D/YESO PROMEINT 8X3 YDS,50154,7597467002065,5.31,,,,sin_match,no farmaco
cobeca,VENDA EBEN ELASTICA ECONOMICA X10CM,16746,7595492001480,2.1,,,,sin_match,no farmaco
cobeca,VENDA EBEN ELASTICA ECONOMICA X5CM,16745,7595492001466,1.75,,,,sin_match,no farmaco
cobeca,VENDA EBEN ELASTICA X10CM,14905,7595492000209,3.11,,,,sin_match,no farmaco
cobeca,VENDA EBEN ELASTICA X15CM,14906,7595492000216,4.12,,,,sin_match,no farmaco
cobeca,VENDA ELASTICA PROMEINT 12CM X 4M X 12,50156,7597467001549,18.4,,,,sin_match,no farmaco
cobeca,VENDA ELASTICA PROMEINT 15CM X 4M X 12,50157,7597467001556,20.65,,,,sin_match,no farmaco
cobeca,VENDA ELASTICA PROMEINT 20CM X 4M X 6,50158,7597467001563,12.01,,,,sin_match,no farmaco
cobeca,VENDA ELASTICA PROMEINT 8CM X 4M X 12,50159,7597467001525,14.57,,,,sin_match,no farmaco
cobeca,VENDA ELASTICA SPORT X10CM,99784,7592247000057,12.41,,,,sin_match,no farmaco
cobeca,VENDA ELASTICA SPORT X12CM,99785,7592247000064,15.1,,,,sin_match,no farmaco
cobeca,VENDA ELASTICA SPORT X20CM,99787,7592247000088,25.36,,,,sin_match,no farmaco
cobeca,VENDA ELASTICA SPORT X5CM,99780,7592247000019,6.34,,,,sin_match,no farmaco
cobeca,VENDA ELASTICA SPORT X6CM,99781,7592247000026,7.4,,,,sin_match,no farmaco
cobeca,VENDA ELASTICA SPORT X8CM,99783,7592247000040,11.31,,,,sin_match,no farmaco
cobeca,VENDA KERFUL ELASTICA X8CM,33110,7592827000576,6.41,,,,sin_match,no farmaco
cobeca,VENDA ORTOPEDICA ELASTICA X12CM,23933,7592247000149,13.43,,,,sin_match,no farmaco
cobeca,VENDA ORTOPEDICA ELASTICA X15CM,23934,7592247000156,17.21,,,,sin_match,no farmaco
cobeca,VENDA ORTOPEDICA ELASTICA X20CM,23935,7592247000163,22.71,,,,sin_match,no farmaco
cobeca,VENDA ORTOPEDICA ELASTICA X7CM,23930,7592247000118,8.01,,,,sin_match,no farmaco
cobeca,VENDA ORTOPEDICA ELASTICA X8CM,23931,7592247000125,9.55,,,,sin_match,no farmaco
cobeca,"VENDA P/QUEMADO COMPOMEDICA 4,5""X4,1Y",54032,606110872935,1.25,,,,sin_match,no farmaco
cobeca,"VENDA VENDAPRESS 7,5CM X4,5M",26942,6223004861512,6.4,,,,sin_match,no farmaco
cobeca,"VENDA ZUVISS DE FIBRA D/VIDRIO 10CMX3,6M",51933,7597297001757,11.62,,,,sin_match,no farmaco
cobeca,"VENDA ZUVISS FIBRA D/VIDRIO 5CMX3,6M",51931,7597297001726,7.44,,,,sin_match,no farmaco
cobeca,"VENDA ZUVISS FIBRA D/VIDRIO 7, 5CMX3,6M",51932,7597297001733,9.94,,,,sin_match,no farmaco
cobeca,VENDAORTOPEDICA ELASTICA X6CM,23929,7592247000101,6.69,,,,sin_match,no farmaco
cobeca,VENDITAS CUREBAND STAND X100,53541,7702136645003,3.51,,,,sin_match,no farmaco
cobeca,VENDITAS CUREBAND STAND X30,53539,7702136645058,1.86,,,,sin_match,no farmaco
cobeca,"VERALEN GEL 1,16% 50G COFA",23383,7591818281338,6.72,,,,sin_match,score_bajo
cobeca,VERATROL DUO CAP BLD 50MG/200UI X30 FC,52760,7593090002533,13,,,,sin_match,score_bajo
cobeca,"VERONIQ TAB 3MG/0,03MG X21 VIV",26034,7703153040673,15.01,,,,sin_match,sin_candidato
cobeca,VERSATIS PARCHES 5% X5 CR CCM,52473,4032129015050,53.94,,,,sin_match,no farmaco
cobeca,VERTEX TAB 50MG X10 CR 2N,54415,8904464205136,1.08,,,,sin_match,sin_candidato
cobeca,VESTAX TAB 650MG X10 VARG,9373,7592349002331,1.31,3474,VESTAX 650 mg TABLETAS,2.18,matched,score=0.668
cobeca,VIAJESAN TAB 50MG X10 CLX,3034,769229220612,6.75,2997,VIAJESAN 50 mg TABLETAS RECUBIERTAS,11.25,matched,score=0.641
cobeca,VIASEK COMP 50MG X2 LETI,2929,7591585111005,3.08,3069,VIASEk 50 mg COMPRIMIDOS RECUBIERTOS,5.13,matched,score=0.653
cobeca,VIASEK COMP REC 50MG X1 LETI,5327,7591585311009,1.25,,,,sin_match,score_bajo
cobeca,VIBRADOR PLUSONE INTIMO BALA,28665,0843445020352,44.87,,,,sin_match,no farmaco
cobeca,VIBRADOR PLUSONE INTIMO VARA,28666,0843445022059,97.38,,,,sin_match,no farmaco
cobeca,"VICK 44 JBE PED 100/7,5MG CER 120ML FAR",53339,7501001116200,9.62,,,,sin_match,score_bajo
cobeca,VICK VAPORUB 12G DISP X12 FAR,26845,75916565,39.12,,,,sin_match,score_bajo
cobeca,VICK VAPORUB UNG 100G,3225,7590002012475,21.51,,,,sin_match,score_bajo
cobeca,VICZIN TAB MAST 500MG/15MG X30 FC,26928,7593090001871,10.64,,,,sin_match,sin_candidato
cobeca,VIGRASOL COMP 50MG X1 MEG,7331,7594000491645,1.95,3070,VIGRASOL 50 mg COMPRIMIDOS RECUBIERTOS,3.25,matched,score=0.681
cobeca,VILDAG/METF TAB REC 50M/500MG X30 ARVEST,50771,8908020242184,10.98,,,,sin_match,sin_candidato
cobeca,VILDAGLIPTINA TAB 50MG X 30 MT,30332,8904278597533,6.98,5466,VILDAGLIPTINA 50 mg COMPRIMIDOS,11.63,matched,score=0.898
cobeca,VINAGRE HEINZ 500ML,19216,7591112015059,1.1,,,,sin_match,no farmaco
cobeca,VINAGRE SIDRA D/MANZ CAP 500MG X30 VAL,25409,617748376337,12.86,,,,sin_match,sin_candidato
cobeca,VIOLETA D/GENCIANA 30ML LYA,25446,7599028000305,2.68,,,,sin_match,no farmaco
cobeca,VIOLETA D/GENCIANA 30ML RECETT,14404,7594001451921,2.36,,,,sin_match,no farmaco
cobeca,VIOLETA D/GENCIANA SPRAY 70ML RECETT,21387,7594001455349,5.17,,,,sin_match,no farmaco
cobeca,VIOLETA GENCIANA SOL 1% 30ML BIOF,51264,7591616001282,2.4,,,,sin_match,sin_candidato
cobeca,VIORESP PVO INH ORAL CAP 13MCG X30 LETI,53424,7591585111432,56.71,,,,sin_match,sin_candidato
cobeca,VIROSUPRIL CREM 5% 5G MEG,90463,7703281001416,31.82,4046,VIROSUPRIL 5 % CREMA,53.03,matched,score=0.615
cobeca,VIT A CAP 10.000UI X100 NOW,11019,733739100009,13.91,5106,DARLIDE 1.000 UI CAPSULAS BLANDAS,23.18,matched,score=0.748
cobeca,VIT A CAP 10000UI X60 PREV,52140,7598953000190,14.36,4740,FARMAD 1000 UI TABLETAS RECUBIERTAS,23.93,matched,score=0.655
cobeca,VIT B12 AMP 2ML X1 PLN,7986,7592348240000,8.01,474,VITAMINA B12 5 mg / mL SOLUCION INYECTABLE,13.35,matched,score=0.758
cobeca,VIT B12 CAP 250MG X20 MEG,3790,7591619514017,5.97,1659,VITAMINA B12 500 mcg CAPSULAS,9.95,matched,score=0.645
cobeca,VIT B12 SOL INY IM 1000MCG/ML X3 MEG,9868,7591955002995,8.7,,,,sin_match,score_bajo
cobeca,VIT C AMP IM/IV 500MG/5ML X 10 BLUE/M,30120,7598127001930,4.68,506,VITAMINA C 500 mg / 5 mL SOLUCION INYECTABLE,7.8,matched,score=0.602
cobeca,VIT C CAP 500MG X60 CR DP,16679,7592253000997,5.32,7173,DEROVIT 5000 UI CÁPSULAS BLANDAS,8.87,matched,score=0.766
cobeca,VIT C CAP BLD 500MG X15 FC,17146,7593090002281,6.34,6799,VITAMINA C 500 mg TABLETAS MASTICABLES SABOR A NARANJA,10.57,matched,score=0.626
cobeca,VIT C CAP BLD S/AZU 500MG X30 FC,14290,7593090006692,10.13,,,,sin_match,score_bajo
cobeca,VIT C JBE 120ML MEG,3805,7591619515021,5.58,1982,CALCIO OSTELIN 175 mg - 60 UI / 5 mL SUSPENSION,9.3,matched,score=0.622
cobeca,VIT C JBE PED 120ML FC,18721,7593090001130,7.53,,,,sin_match,score_bajo
cobeca,VIT C SOL ORAL 100MG/ML X 120ML BIOQ,29208,7594000851647,6.13,3073,VITAMINA C 100 mg / 5 mL SOLUCION ORAL,10.22,matched,score=0.709
cobeca,VIT C TAB 1000MG X100 NOW,5310,733739104977,24.51,4740,FARMAD 1000 UI TABLETAS RECUBIERTAS,40.85,matched,score=0.761
cobeca,VIT C TAB 1000MG X30 SAAS,52843,7591940000609,9.45,4740,FARMAD 1000 UI TABLETAS RECUBIERTAS,15.75,matched,score=0.761
cobeca,VIT C TAB 1000MG X60 ETER,23405,787790468455,12.99,4740,FARMAD 1000 UI TABLETAS RECUBIERTAS,21.65,matched,score=0.761
cobeca,VIT C TAB 1000MG X60 PREV,52137,7598953000183,14.36,4740,FARMAD 1000 UI TABLETAS RECUBIERTAS,23.93,matched,score=0.761
cobeca,VIT C TAB 500MG X30 BIOQ,27114,7594000851425,7.35,6799,VITAMINA C 500 mg TABLETAS MASTICABLES SABOR A NARANJA,12.25,matched,score=0.756
cobeca,VIT C TAB MAST 500MG CHICL BLISX10 PHARM,50810,7592454003926,1.31,,,,sin_match,score_bajo
cobeca,VIT C TAB MAST 500MG MANDA BLISX10 PHARM,21298,7592454003872,1.31,,,,sin_match,score_bajo
cobeca,VIT C TAB MAST 500MG NAR BLIS X10 PHARME,20327,7592454003612,1.31,,,,sin_match,score_bajo
cobeca,VIT C TAB MAST 500MG X100 BLUE/M,23924,6930169708025,5.19,7173,DEROVIT 5000 UI CÁPSULAS BLANDAS,8.65,matched,score=0.627
cobeca,VIT C TAB MAST TUTTI 500MG BLISX10 PHARM,24327,7592454003629,1.31,,,,sin_match,score_bajo
cobeca,VIT C/ZINC TAB 500MG X30 VAL,9158,669238000673,13.27,5836,VITAMINA C - ZINC 500 mg - 15 mg TABLETAS MASTICABLES SABOR A MANDARINA,22.12,matched,score=0.709
cobeca,VIT D3 CAP VEG 2000UI X30 SAAS,52845,7591940000579,9.35,2741,CALCIBON CON VITAMINA D3 315 mg - 200 UI TABLETAS RECUBIERTAS,15.58,matched,score=0.606
cobeca,VIT D3 KIDS GOM CEREZ/MELOC X60 PREV,52142,7598953000213,17.77,,,,sin_match,no farmaco
cobeca,VIT D3/K2 TAB 2000IU/150MCG X30 PHARCORP,52746,850033508758,12.99,,,,sin_match,score_bajo
cobeca,VIT D3/VIT K CAP 5000UI/50MCG X60 PREV,52141,7598953000206,15.72,7173,DEROVIT 5000 UI CÁPSULAS BLANDAS,26.2,matched,score=0.727
cobeca,VIT E C/SELENIO CAP BLD 50MG X30 G PHAR,25266,7597189000240,14.53,,,,sin_match,score_bajo
cobeca,VIT E CAP BLD 400MG X30 VIV,9750,7592432005478,13.72,,,,sin_match,score_bajo
cobeca,VIT E CAP BLD 400UI X60 ARC IRIS,19795,7592946169710,15.71,,,,sin_match,score_bajo
cobeca,VIT E-400 CAP BLD 400UI X50 NOW,53029,733739008909,16.47,,,,sin_match,score_bajo
cobeca,"VIT K1 AMP 10MG/2,5ML X3 MEG",3814,7591619516035,8.44,407,VITAMINA K1 10 mg / mL SOLUCION INYECTABLE,14.07,matched,score=0.795
cobeca,VITACELL CAP X60 NAT PREM,17120,7592430001540,7.43,,,,sin_match,sin_candidato
cobeca,VITACON C SOL ORAL 100MG/ML 120ML BIOF,25690,7591616002135,3.38,,,,sin_match,sin_candidato
cobeca,VITACON MINERALIS JBE PED 180ML NJA BIOF,54397,17599558000254,4.23,,,,sin_match,sin_candidato
cobeca,"VITADOLL INOSITOL CAP 650/1,4MGX60 DOLLY",54275,7598928000248,16.3,,,,sin_match,sin_candidato
cobeca,VITADOLL-C TAB EFERV 1000MG X20 DOLLY,53405,7598928000132,7.45,,,,sin_match,sin_candidato
cobeca,VITADYN C JBE 200MG/5ML NAR 120ML L.O,2502,7591196000767,9.28,,,,sin_match,score_bajo
cobeca,VITADYN C TAB EFERV GRAPEFRUIT X10 L.O,1982,7591196000705,13.29,,,,sin_match,score_bajo
cobeca,VITADYN C TAB EFERV MANDA X10 L.O,1663,7591196000712,12.3,2799,VITADYN C 500 mg TABLETAS MASTICABLES SABOR A FRUTAS TROPICALES,20.5,matched,score=0.602
cobeca,VITADYN C TAB MAST FRUTAS TROP 10X10 L.O,53776,7591196002402,14.86,,,,sin_match,score_bajo
cobeca,VITADYN C TAB S/AZUCAR 500MG X 30,30132,7591196002501,11.19,2799,VITADYN C 500 mg TABLETAS MASTICABLES SABOR A FRUTAS TROPICALES,18.65,matched,score=0.787
cobeca,VITADYN C VIT C TAB EFERV NAR X10 L.O,11403,7591196000545,12.3,2799,VITADYN C 500 mg TABLETAS MASTICABLES SABOR A FRUTAS TROPICALES,20.5,matched,score=0.624
cobeca,"VITADYN C+Z CAP 500MG/7,5G S/AZU X30 L.O",53166,7591196006981,9.32,2799,VITADYN C 500 mg TABLETAS MASTICABLES SABOR A FRUTAS TROPICALES,15.53,matched,score=0.725
cobeca,VITADYN TAB/MAST FRESA 500MG BLI 10X10,54484,7591196007131,15.6,,,,sin_match,score_bajo
cobeca,VITALAC KIDS SOL ORAL 120ML B&M,53204,0762497542981,2.86,,,,sin_match,score_bajo
cobeca,VITAMIN D3 TAB X60 ETER,23402,0787790467359,15.58,,,,sin_match,sin_candidato
cobeca,VITAMINA C CAP 1000 MG X 60 PHARMAC,29586,858765000472,12.99,2299,VITAMINA E 100 mg CAPSULAS BLANDAS,21.65,matched,score=0.835
cobeca,VITAMIX FORTE TAB X10 ADN,53249,8906142160904,1.12,6928,ATROVERAN FORTE 20mg TABLETAS RECUBIERTAS,1.87,matched,score=0.653
cobeca,VITAOVULO OVU 3G X4 VIT OZ,50817,01121508537,7.48,,,,sin_match,score_bajo
cobeca,VITAOZONO GTAS 15ML VIT OZ,50816,01018453494,6.99,,,,sin_match,no farmaco
cobeca,VITAPETIT JBE PED 180ML NJA BIOF,54396,17599558000247,4.91,,,,sin_match,sin_candidato
cobeca,VITASUPOSITORIO SUP 3G X4 VIT OZ,50818,032353370900,7.48,,,,sin_match,no farmaco
cobeca,VITAVISION CAP X30 L.O,4437,7591196003201,18.23,,,,sin_match,sin_candidato
cobeca,VITENOL CREM 15G PONCE,3832,7591309000714,3.07,1709,VITENOL CREMA,5.12,matched,score=0.610
cobeca,VITISIVAL JBE X 180ML,50188,7591020009508,9.68,,,,sin_match,score_bajo
cobeca,VITISIVAL PLUS SOL ORAL PED 180ML VLM,52166,7591020009751,9.29,,,,sin_match,score_bajo
cobeca,VITOMIT COMP REC ENT 10MG/10MG X30 CCM,53118,7800063312552,11.87,,,,sin_match,score_bajo
cobeca,VITREXON JBE 50MG 5ML 120ML VARG,11556,7592349723588,4.23,,,,sin_match,score_bajo
cobeca,VITRUM 50 TAB ADU X 100 MA NAT,29132,0311845159717,21.49,,,,sin_match,sin_candidato
cobeca,VIUSID SOB 4G X9 AV,21978,8470000291425,24.03,,,,sin_match,sin_candidato
cobeca,VIVALDI CARAOTAS ROJAS 300G,52238,7562020800136,1.22,,,,sin_match,no farmaco
cobeca,VIVO ORGANICO MANZ/PERA 90G,53705,7802200270473,1.56,,,,sin_match,no farmaco
cobeca,VIZERUL COMP 75MG X10 DLR,111,7592803001153,3.1,2705,VIZERUL 75 mg COMPRIMIDOS RECUBIERTOS,5.17,matched,score=0.797
cobeca,VIZERUL COMP 75MG X20 DLR,24115,7592803004024,5.28,2705,VIZERUL 75 mg COMPRIMIDOS RECUBIERTOS,8.8,matched,score=0.797
cobeca,VIZERUL COMP REC 150MG X10 DLR,8427,7592803000989,6.06,4466,VIZERUL 150 mg / 10 mL SOLUCION ORAL,10.1,matched,score=0.633
cobeca,VIZERUL COMP REC 300MG X10 DLR,8428,7592803001023,10.21,,,,sin_match,score_bajo
cobeca,VIZERUL JBE 150MG/10ML 120ML DLR,93730,7592803002389,10.15,,,,sin_match,score_bajo
cobeca,VOLCOFEN AMP 75MG/3ML X 1,28883,7592637000506,3.05,1181,VOLCOFEN 75 mg / 3 mL SOLUCION INYECTABLE,5.08,matched,score=0.833
cobeca,"VOLTEN SOL OFT 0,1% 5ML L.O",3845,7591196000538,13.8,,,,sin_match,sin_candidato
cobeca,VONAU FLASH TAB 4MG X10 FARMA,52415,7896112401254,8.47,7171,VONAU FLASH 4mg TABLETAS DE DESINTEGRACION ORAL,14.12,matched,score=0.938
cobeca,VONAU FLASH TAB 8MG X10 FARMA,52416,7896112401261,13.52,7171,VONAU FLASH 4mg TABLETAS DE DESINTEGRACION ORAL,22.53,matched,score=0.750
cobeca,VORICONAZOL AMP 200MG X1 GLOB/C,27731,7598828001185,68.35,663,VORCUM 200 mg POLVO LIOFILIZADO PARA SOLUCION PARA INFUSION,113.92,matched,score=0.754
cobeca,VUSCOBRAS COM/REC 10MG/10MG X30,97613,7592349722192,7.49,,,,sin_match,score_bajo
cobeca,WAMPOLE EMUL FRESA 200ML PONCE,27053,7591309262006,3.49,,,,sin_match,score_bajo
cobeca,WAMPOLE EMUL FRESA 360ML PONCE,6999,7591309000547,5.34,,,,sin_match,score_bajo
cobeca,WAMPOLE EMUL NAR 200ML PONCE,27052,7591309252007,3.49,,,,sin_match,score_bajo
cobeca,WAMPOLE EMUL TUTI FRUTTI 200ML PONCE,27051,7591309222000,3.49,,,,sin_match,score_bajo
cobeca,WAMPOLE EMUL TUTI FRUTTI 360ML PONCE,1076,7591309000974,5.34,,,,sin_match,score_bajo
cobeca,WHEY PROTEIN NOW CHOCO 907G,97464,733739113962,80.48,,,,sin_match,no farmaco
cobeca,WHEY PROTEIN NOW VAIN 907G,97465,733739021854,80.48,,,,sin_match,no farmaco
cobeca,WINDEX ORIG DOYPACK 500ML,27050,7501032929282,2.27,,,,sin_match,no farmaco
cobeca,WINDEX ORIG TRIGG 640ML,27049,7501032922795,5.41,,,,sin_match,no farmaco
cobeca,WOMEN PROBIOTIC CAP 20BILLION X 50,50167,733739029065,49.35,,,,sin_match,sin_candidato
cobeca,XANEXTRA AMP 500MG/5ML X1 ALESS,20407,75971335,4.2,1051,XANEXTRA 500 mg / 5 mL SOLUCION INYECTABLE,7,matched,score=0.620
cobeca,XANEXTRA COM 500MG X 21,29029,7597758001135,12,,,,sin_match,score_bajo
cobeca,XARELTO COM/REC 20MG X 14,96610,7795320000481,20.94,,,,sin_match,score_bajo
cobeca,XARELTO COMP REC 10MG X10 AVPH,91134,7591165840158,13.62,,,,sin_match,score_bajo
cobeca,XARELTO COMP REC 15MG X14 AVPH,96611,7795320000467,19.68,,,,sin_match,score_bajo
cobeca,XAROBAN COMP REC 15MG X15 ADIUM,28329,7841141004860,4.55,,,,sin_match,score_bajo
cobeca,XAROX TAB 10MG X30 PHARME,52153,7592454003841,15.55,6624,XAROX 10 mg TABLETAS RECUBIERTAS.,25.92,matched,score=0.665
cobeca,XAROX TAB 15MG X30 PHARME,52924,7592454003858,21.57,6625,XAROX 15 mg TABLETAS RECUBIERTAS,35.95,matched,score=0.665
cobeca,XAROX TAB 20MG X30 PHARME,52925,7592454003865,26.19,6623,XAROX 20 mg TABLETAS RECUBIERTAS,43.65,matched,score=0.665
cobeca,"XENDA SOL OFT 0,005% 3ML DIEMA",28205,7750778001503,21.82,,,,sin_match,score_bajo
cobeca,XEROGRAX CAP 120MG X60 PHARME,91024,7592454001793,43.61,4306,XEROGRAX 120 mg CAPSULAS,72.68,matched,score=0.612
cobeca,XUMER COMP REC 60MG X14 ADIUM,28332,7730979097123,7.45,,,,sin_match,score_bajo
cobeca,XUMER COMP REC 90MG X14 ADIUM,28333,7730979097116,9.08,,,,sin_match,score_bajo
cobeca,XYLITOL PVO 454G,92937,0733739069832,18.27,,,,sin_match,sin_candidato
cobeca,"YASMIN COMP REC 3MG/0,03MG X21 AVPH",3768,7896116866189,21.33,,,,sin_match,score_bajo
cobeca,YAZ COMP 3 MG/0.02MG X28 AVPH,9337,7896116866417,23.49,,,,sin_match,score_bajo
cobeca,"YESO ORTOBAN 4""X3"" YDS 10CM X 2,7M",36527,7594001564195,5.22,,,,sin_match,no farmaco
cobeca,"YESO ORTOBAN 6""X3   YDS 15CM X 2,7M",36528,7594001564201,7.86,,,,sin_match,no farmaco
cobeca,"YESO ORTOBAN 8""X3   YDS 20CM X 2,7M",45610,7594001564218,7.56,,,,sin_match,no farmaco
cobeca,YODO BLANCO 30ML RECETT,14403,7594001451969,3.91,,,,sin_match,no farmaco
cobeca,YOGURT GERBER BERRY/MANZ/BAN 94ML,52445,55000208116,2.17,,,,sin_match,no farmaco
cobeca,YOGURT GERBER MANZ 92ML,52444,55000207973,2.17,,,,sin_match,no farmaco
cobeca,YOGURT GERBER PERA/BAN 92ML,52446,55000207997,2.17,,,,sin_match,no farmaco
cobeca,YONAL JBE 120ML BIOTECH,3874,7591243856705,7.05,,,,sin_match,score_bajo
cobeca,YONALAT JBE 15MG/3MG/5ML 120ML BIOTECH,25271,7591243856729,7.13,,,,sin_match,score_bajo
cobeca,YONALIN SOL ORAL 4MG/ML PED 15ML BIOT,53336,7591243856743,4.65,,,,sin_match,score_bajo
cobeca,ZABILA CAP 300MG X60 NAT PREM,13357,7592430000192,9.01,,,,sin_match,sin_candidato
cobeca,ZABILA JBE AD 120ML RECETT,20900,7594001451013,3.08,,,,sin_match,sin_candidato
cobeca,ZABILA JBE PED 120ML RECETT,20901,7594001451020,3,,,,sin_match,sin_candidato
cobeca,ZABILA/LINAZA CAP 500MG X60,99678,7592710001000,10.26,,,,sin_match,sin_candidato
cobeca,ZAF-200 TAB 200MG X30 CR MT,52832,7502226297224,17.04,,,,sin_match,sin_candidato
cobeca,ZALDIAR COMP X20 CR CCM,4263,7592889000361,31.94,3172,"ZALDIAR 37,5 mg - 325 mg COMPRIMIDOS RECUBIERTOS",53.23,matched,score=0.647
cobeca,ZANAX CREM VAG 2% 20G BLUE/M,23874,7598127001091,4.09,,,,sin_match,sin_candidato
cobeca,ZANAX500 OVUL 500MG X1 BLUE,50781,7598127002227,1.78,,,,sin_match,sin_candidato
cobeca,ZARZAPARRILLA CAP 300MG X 90 ARC IRIS,17784,7592946168430,9.22,,,,sin_match,sin_candidato
cobeca,ZENTIM SOL ORAL PED 10MG/ML 20ML,51344,7591585111135,13.61,,,,sin_match,score_bajo
cobeca,ZIFAR CAP BLD 50MG X30 BIOFAR,53275,7599043000359,5.45,,,,sin_match,sin_candidato
cobeca,ZIGABAL COMP 300MG X60 DORO,25148,2925196,32.29,,,,sin_match,sin_candidato
cobeca,ZILDON TAB REC 10MG X30 PHARME,53121,7592454004435,8.96,6113,ZILDON 10 mg TABLETAS RECUBIERTAS,14.93,matched,score=0.622
cobeca,ZINC TAB 50MG X60 ETER,23403,0787790468356,16.6,5836,VITAMINA C - ZINC 500 mg - 15 mg TABLETAS MASTICABLES SABOR A MANDARINA,27.67,matched,score=0.859
cobeca,ZINC TAB X100 NOW,90704,733739015204,15.09,3078,REDOXON ZINC COMPRIMIDOS EFERVESCENTES,25.15,matched,score=0.952
cobeca,ZINC/CA CAP 120MG/7MG X30 LINOF,25756,685239846904,7.92,6420,"VITADYN C ZINC 500mg - 7,5mg CÁPSULAS",13.2,matched,score=0.642
cobeca,ZINC/CA CAP 120MG/7MG X60 LINOF,25757,0685239846911,10.56,6420,"VITADYN C ZINC 500mg - 7,5mg CÁPSULAS",17.6,matched,score=0.642
cobeca,ZINCOSOL JBE 15MG UVA 120ML,50769,7599558000103,4.79,,,,sin_match,sin_candidato
cobeca,ZIPLOC ABRE FACIL GDE X10,53815,7501032913113,3.24,,,,sin_match,no farmaco
cobeca,ZIPLOC ORGANIZAR GDE X10,24758,7501032900335,4.62,,,,sin_match,no farmaco
cobeca,ZIPLOC ORGANIZAR MED X15,24757,7501032900342,4.24,,,,sin_match,no farmaco
cobeca,ZIPLOC SANDW X50,24759,7501032990053,3.65,,,,sin_match,no farmaco
cobeca,ZIPLOC SNACK X50,20560,7501032908720,3.41,,,,sin_match,no farmaco
cobeca,ZITOXIL SOL 5% X 60 ML,99398,7591062900139,9.57,2072,ZITOXIL 3 % SOLUCION,15.95,matched,score=0.733
cobeca,ZOCLONAX TAB/REC 7.5MG X 10 LA SANTE,28792,7703763177479,6.84,,,,sin_match,score_bajo
cobeca,ZOLPIDEX COMP 10MG X10 MEG,6549,7594000491584,5.32,3218,ZOLPIDEX 10 mg COMPRIMIDOS RECUBIERTOS,8.87,matched,score=0.859
cobeca,ZOLPIDEX COMP 10MG X20 MEG,6547,7594000491591,9.61,3218,ZOLPIDEX 10 mg COMPRIMIDOS RECUBIERTOS,16.02,matched,score=0.859
cobeca,ZONIUM CAP 20MG X14 BIOTECH,22055,7591243856897,8.79,4615,ZONIUM 20 mg CAPSULAS CON MICROGRANULOS ENTERICOS,14.65,matched,score=0.665
cobeca,ZONIUM CAP 40MG X14 BIOTECH,22056,7591243856941,10.47,4614,ZONIUM 40 mg CAPSULAS CON MICROGRANULOS ENTERICOS,17.45,matched,score=0.665
cobeca,ZONTRICON SUSP PED 100MG/5ML 30ML LETI,9316,7591585118455,25.31,3786,ZONTRICON 100mg/5mL POLVO PARA SUSPENSION,42.18,matched,score=0.730
cobeca,ZOPICLONA TAB 7.5MG X 10 LA SANTE,28451,7703763127719,4.58,6040,"ZOPICLONA 7,5 mg TABLETAS RECUBIERTAS",7.63,matched,score=0.693
cobeca,ZOST COMP 50MG X1 DLR,91511,7592803002358,1.21,3231,ZOST 50 mg COMPRIMIDOS,2.02,matched,score=0.797
cobeca,ZOST COMP 50MG X2 DLR,91227,7592803002365,1.66,3231,ZOST 50 mg COMPRIMIDOS,2.77,matched,score=0.797
cobeca,ZOST COMP 50MG X4 DLR,91228,7592803002297,2.84,3231,ZOST 50 mg COMPRIMIDOS,4.73,matched,score=0.797
cobeca,ZOXAVAL PVO SUSP ORAL 100MG/5ML 30ML VLM,53777,7591020008211,8.12,,,,sin_match,sin_candidato
cobeca,ZOXAVAL TAB REC 500MG X6 VLM,53778,7591020009782,7.71,,,,sin_match,sin_candidato
cobeca,ZUCRAL TAB 1G X20 ZUZU,52607,7599608002392,6.36,,,,sin_match,sin_candidato
cobeca,"ZUDENINA CREM TOPICA 0,1% 30G MEG",92429,7591619517797,10.52,,,,sin_match,score_bajo
cobeca,"ZUDENINA FORTE GEL TOPICO 0,3% 30G MEG",95878,7591619517803,11.3,,,,sin_match,score_bajo
cobeca,"ZUDENINA GEL TOPICO 0,1% 30G MEG",9694,7591619517810,10.91,,,,sin_match,score_bajo
cobeca,"ZUDENINA PLUS GEL TOPICO 0,1/1,0%30G MEG",99865,7591619000978,11.82,,,,sin_match,score_bajo
cobeca,ZULTINA SUSP 100MG/5ML X 30ML,28541,7598176000878,3.31,6422,ZULTINA 100 mg / 5 mL POLVO PARA SUSPENSIÓN ORAL,5.52,matched,score=0.623
cobeca,ZUMETRONIN SOL INY 500MG/100ML ZUZU,52901,7599608001920,3.64,,,,sin_match,sin_candidato
cobeca,ZUMETRONIN SUSP 250MG/5ML 120ML ZUZU,52608,7599608000190,4.08,,,,sin_match,sin_candidato
cobeca,ZYRTEC TAB 10MG X 20,28894,7441026001955,10.74,2149,ZYRTEC 10 mg COMPRIMIDOS RECUBIERTOS,17.9,matched,score=0.611