id,sku,nombre_comercial,molecula,forma,laboratorio,presentacion,unidades_por_presentacion,costo_usd,precio_usd,disponible
37304,ME44030,ACIDO VALPROICO 250 mg / 5 mL JARABE,Valproato Sodio,JARABE,CAPLIN POINT LABORATORIES LIMITED,,,12.86,21.43,true
37312,ME43707,ACETAMINOFEN 150 mg / 5 mL JARABE,Acetaminofen,JARABE,AARTI PHARMALABS LIMITED,,,4.66,7.77,true
37319,ME23275/2,ACETAMINOFEN 500 mg X 10 TABLETAS,Acetaminofen,TABLETAS,"LABORATORIO PLUSANDEX DE FARMACEUTICOS UNIDOS, PLUSANDEX, C.A.",X 10 TABLETAS,10,0.82,1.37,true
37322,ME37101/3,ACETAMINOFEN - HIOSCINA N BUTIL BROMURO 500 mg-10mg X 20 TABLETAS RE,,TABLETAS,"LABORATORIOS LA SANTE, C.A. VENEZUELA",X 20 TABLETAS RE,20,1.06,1.77,true
37337,HO1046,MONARC- M 250 u. 1 X 1 AMPOLLAS,,INYECTABLE,CORPORACION COLIMODIO C.A.,X 1 AMPOLLAS,1,6.22,10.37,true
37340,ME26178/2,ACICLOVIR 200 mg X 10 TABLETAS,Aciclovir,TABLETAS,LABORATORIO PIFANO C.A.,X 10 TABLETAS,10,1.95,3.25,true
37343,ME42505,ACICLOVIR 400 mg X 100 TABLETAS,Aciclovir,TABLETAS,CAPLIN POINT LABORATORIES LIMITED,X 100 TABLETAS,100,18.24,30.40,true
37344,ME44064,ACICLOVIR 5% CREMA TOPICA,Aciclovir,SOLUCION TOPICA,"CALOX INTERNATIONAL, C.A.",,,11.81,19.68,true
37346,ME34553/3,ACIDO ACETILSALICILICO 81 mg X 30 TABLETAS CON CUBIERTA ENTERICA,,TABLETAS,"LABORATORIOS L.O. OFTALMI, C.A.",X 30 TABLETAS CON CUBIERTA ENTERICA,30,3.48,5.80,true
37348,ME42963,ACIDO ASCORBICO 100 mg / mL SOLUCION ORAL,Ascorbico Acido,SOLUCION ORAL,"BIOQUIMICA INTERNACIONAL, C.A.",,,6,10.00,true
37349,ME1457,RESTYLANE PERLANE LIDOCAINA (ACIDO HIALURONICO - LIDOCAINA CLORHIDRATO) 20mg / mL - 3 mg/mL GEL INYECTABLE,Hialuronico Acido,INYECTABLE,Q-MED AB.,,,1.47,2.45,true
37352,HO3187/4,ACIDO FOLICO 10 mg / mL X 20 AMPOLLAS,Folico Acido,INYECTABLE,"MEGALABS VZL, C.A.",X 20 AMPOLLAS,20,1.99,3.32,true
37353,ME33347,ACIDO FOLICO 10 mg COMPRIMIDOS,Folico Acido,COMPRIMIDOS,"LABORATORIOS VARGAS, S.A.",,,0.99,1.65,true
37356,ME4630/2,ACIDO FOLICO 10 mg X 10 COMPRIMIDOS,Folico Acido,COMPRIMIDOS,"MEGALABS VZL, C.A.",X 10 COMPRIMIDOS,10,1.29,2.15,true
37361,ME37466,FUCIDIN H 20 mg - 10 mg/g CREMA.,Acido Fusidico Hemihidrato,CREMA,"LEO LABORATORIES LTD, IRLANDA",,,11.32,18.87,true
37365,ME23174/4,VALPRON 500 mg X 60 TABLETAS,Valproico Acido,TABLETAS,LABORATORIOS FARMA S.A.,X 60 TABLETAS,60,27.35,45.58,true
37366,ME38066,ACIDO IBANDRONICO 150 mg X 1 TABLETAS RECUBIERTAS,,TABLETAS,"CALOX INTERNATIONAL, C.A.",X 1 TABLETAS RECUBIERTAS,1,3.97,6.62,true
37380,ME33783/2,AIRON 10 mg X 10 TABLETAS RECUBIERTAS,Montelukast,TABLETAS,"LABORATORIOS L.O. OFTALMI, C.A.",X 10 TABLETAS RECUBIERTAS,10,5.98,9.97,true
37382,ME27081,ALBENDAZOL 400 mg / 10 mL SUSPENSION,Albendazol,SUSPENSION ORAL,"LABORATORIO COFASA, S.A.",,,2.27,3.78,true
37388,ME28826,ALBICAR 400 mg / 10 mL SUSPENSION,Albendazol,SUSPENSION ORAL,"LABORATORIOS ELMOR, S.A.",,,3.4,5.67,true
37393,ME33876,"ALERGOT 0,05 % SOLUCION OFTALMICA",Azelastina,SOLUCION OFTALMICA,"LABORATORIOS L.O. OFTALMI, C.A.",,,3.32,5.53,true
37394,ME35409,"ALFADYN 0,2 % SOLUCION OFTALMICA",Brimonidina,SOLUCION OFTALMICA,"LABORATORIOS L.O. OFTALMI, C.A.",,,13.08,21.80,true
37399,ME43815,"ALIVET 100 mg - 0,42 mg / mL X 10 SOLUCIÓN ORAL",Acetaminofen - Clorfenamina,SOLUCION ORAL,"LABORATORIOS LETI, S.A.V.",X 10 SOLUCIÓN ORAL,10,8.81,14.68,true
37408,ME33085/3,ALSART 160 mg X 30 CAPSULAS,Valsartan,CAPSULAS,LABORATORIOS SIEGFRIED S.A.,X 30 CAPSULAS,30,9.48,15.80,true
37414,ME28493,AMBROXOL CLORHIDRATO 30 mg / 5 mL JARABE,Ambroxol,JARABE,"LABORATORIO LA SANTE, C.A.",,,5.92,9.87,true
37415,ME29182,CLORHIDRATO DE AMBROXOL 15mg /5mL.SOLUCION ORAL,Ambroxol,SOLUCION ORAL,"MEGALABS VZL, C.A.",,,3.17,5.28,true
37416,ME29181,CLORHIDRATO DE AMBROXOL 30mg/5mL SOLUCION ORAL,Ambroxol,SOLUCION ORAL,"LABORATORIOS KIMICEG, C.A.",,,2.64,4.40,true
37427,ME32016/2,AMLODIPINA 10 mg X 10 TABLETAS,Amlodipino,TABLETAS,"CALOX INTERNATIONAL, C.A.",X 10 TABLETAS,10,1.13,1.88,true
37435,ME42534,"AMOXICILINA - ACIDO CLAVULANICO 250 mg - 62,5 mg / 5 mL POLVO PARA SUSPENSION ORAL",Amoxicilina - Clavulanico Acido,POLVO PARA RECONSTITUCION,"LABORATORIOS SPEFAR VENEZOLANOS, S.A.",,,2.21,3.68,true
37436,ME44341,SINOT CLAV 875 mg – 125 mg X 14 COMPRIMIDOS,Amoxicilina,COMPRIMIDOS,MOMENTA FARMACEUTICA LTDA.,X 14 COMPRIMIDOS,14,11.73,19.55,true
37437,ME43309,CLAVULAM 875 mg - 125 mg TABLETAS RECUBIERTAS,Amoxicilina - Clavulanico Acido,TABLETAS,LABORATE PHARMACEUTICALS INDIA LTD,,,17.32,28.87,true
37441,ME20340/4,AMOXICILINA 500 mg X 12 CAPSULAS,Amoxicilina,CAPSULAS,"CALOX INTERNATIONAL, C.A.",X 12 CAPSULAS,12,4.79,7.98,true
37445,ME20104,AMOXICILINA 125 mg / 5 mL POLVO PARA SUSPENSION,Amoxicilina,POLVO PARA RECONSTITUCION,"CALOX INTERNATIONAL, C.A.",,,8.91,14.85,true
37447,ME25639,AMOXICILINA 250 mg / 5 mL POLVO PARA SUSPENSION,Amoxicilina,POLVO PARA RECONSTITUCION,SYNTOFARMA S.A.,,,1.3,2.17,true
37456,ME35424,ANALPER PLUS 500 mg - 10 mg X 10 TABLETAS RECUBIERTAS,,TABLETAS,"LABORATORIO LA SANTE, C.A.",X 10 TABLETAS RECUBIERTAS,10,5.39,8.98,true
37461,ME24592/2,ANASMOL 5 mg X 10 COMPRIMIDOS,Warfarina,COMPRIMIDOS,"MEGALABS VZL, C.A.",X 10 COMPRIMIDOS,10,5.84,9.73,true
37466,ME31329/4,ANGRIP X 15 COMPRIMIDOS,,COMPRIMIDOS,"MEGALABS VZL, C.A.",X 15 COMPRIMIDOS,15,6.23,10.38,true
37471,ME43410/2,"ANTAAR 1,25 mg X 10 TABLETAS RECUBIERTAS",,TABLETAS,"CALOX INTERNATIONAL, C.A.",X 10 TABLETAS RECUBIERTAS,10,2.68,4.47,true
37474,ME40266,ANTILAX PLUS 2 mg - 125 mg X 10 CAPSULAS,,CAPSULAS,LABORATORIOS FARMA S.A.,X 10 CAPSULAS,10,3.05,5.08,true
37476,ME42864,APIRET 120 mg / 5 mL SOLUCION ORAL,,SOLUCION ORAL,"LABORATORIOS L.O. OFTALMI, C.A.",,,5.04,8.40,true
37477,ME42860,APIRET 160 mg / 5 mL SOLUCION ORAL,,SOLUCION ORAL,"LABORATORIOS L.O. OFTALMI, C.A.",,,2.52,4.20,true
37479,ME42943,APIRETFLU DIA X 6 GRANULADO,Acetaminofen - Cafeina,GRANULADOS,"LABORATORIOS L.O. OFTALMI, C.A.",X 6 GRANULADO,6,9.86,16.43,true
37486,ME37211/3,"ARANDA 2,5 mg - 50 mg X 30 CAPSULAS",Losartan,CAPSULAS,ACHE LABORATORIOS FARMACEUTICOS S.A.,X 30 CAPSULAS,30,10.49,17.48,true
37487,ME37212,ARANDA 5 mg - 100 mg X 10 CAPSULAS,Losartan,CAPSULAS,ACHE LABORATORIOS FARMACEUTICOS S.A.,X 10 CAPSULAS,10,4.58,7.63,true
37502,ME31150,ASCAFYL PLUS X 10 TABLETAS RECUBIERTAS,Acetaminofen - Cafeina,TABLETAS,LABORATORIOS SIEGFRIED S.A.,X 10 TABLETAS RECUBIERTAS,10,4.37,7.28,true
37503,ME17492,ASCAFYL X 10 TABLETAS RECUBIERTAS,Acetaminofen - Cafeina,TABLETAS,LABORATORIOS SIEGFRIED S.A.,X 10 TABLETAS RECUBIERTAS,10,5.42,9.03,true
37508,ME19621/2,ATAMEL 500 mg X 10 TABLETAS,Acetaminofen,TABLETAS,"CALOX INTERNATIONAL, C.A.",X 10 TABLETAS,10,3.4,5.67,true
37512,ME25816,ATENOLOL 100 mg X 30 TABLETAS,Atenolol,TABLETAS,"CALOX INTERNATIONAL, C.A.",X 30 TABLETAS,30,7.56,12.60,true
37516,ME39468/3,ATORVACOF 20 mg X 30 TABLETAS RECUBIERTAS,Atorvastatina,TABLETAS,"LABORATORIO COFASA, S.A.",X 30 TABLETAS RECUBIERTAS,30,4.62,7.70,true
37523,ME35340/3,ATORVASTATINA 40 mg X 30 TABLETAS RECUBIERTAS,Atorvastatina,TABLETAS,LABORATORIOS FARMA S.A.,X 30 TABLETAS RECUBIERTAS,30,2.9,4.83,true
37525,ME32812,ATORVASTATINA 20 mg X 30 TABLETAS RECUBIERTAS,Atorvastatina,TABLETAS,"LABORATORIO LA SANTE, C.A.",X 30 TABLETAS RECUBIERTAS,30,7.96,13.27,true
37548,ME34643,AZITROMICINA 500 mg X 5 TABLETAS RECUBIERTAS,Azitromicina,TABLETAS,"LABORATORIOS VALMOR, C.A.",X 5 TABLETAS RECUBIERTAS,5,3.79,6.32,true
37549,ME1645,BACITRACINA 125 mg/ 15 g UNGUENTO,Bacitracina,UNGUENTO,"PFIZER VENEZUELA, S.A.",,,3.4,5.67,true
37554,ME18573,BACTRON 80 mg - 400 mg X 20 TABLETAS,Sulfametoxazol,TABLETAS,C.A. PRODUCTOS RONAVA,X 20 TABLETAS,20,7.27,12.12,true
37562,ME16799,"BENZODIAZOL 0,25 mg - 5 mg X 16 PASTILLAS SABOR A MENTA",Decualinio - Lidocaina,PASTILLA,LABORATORIOS SIEGFRIED S.A.,X 16 PASTILLAS SABOR A MENTA,16,3.02,5.03,true
37563,ME33045/2,"BENZODIAZOL 0,25 mg - 5 mg X 4 PASTILLAS SABOR A TUTTI FRUTTI",,PASTILLA,LABORATORIOS SIEGFRIED S.A.,X 4 PASTILLAS SABOR A TUTTI FRUTTI,4,29.34,48.90,true
37564,ME33045/3,"BENZODIAZOL 0,25 mg - 5 mg X 16 PASTILLAS SABOR A TUTTI FRUTTI",,PASTILLA,LABORATORIOS SIEGFRIED S.A.,X 16 PASTILLAS SABOR A TUTTI FRUTTI,16,4.56,7.60,true
37566,ME26475,BETADINE 8 % SOLUCION TOPICO BUCAL,,SOLUCION TOPICA,LABORATORIOS FARMA S.A.,,,6.41,10.68,true
37567,ME37878,"BETADUO 6,430 mg - 2,631 mg / mL X 1 AMPOLLAS",,INYECTABLE,"PHARMAYECT, S.A.",X 1 AMPOLLAS,1,8.74,14.57,true
37570,ME16115,BETAGEN SOLSPEN X 1 AMPOLLAS,,INYECTABLE,"BIOTECH LABORATORIOS, C.A.",X 1 AMPOLLAS,1,9.04,15.07,true
37574,HO36271/3,BETAMETASONA 4mg/mL X 10 AMPOLLAS,Betametasona,INYECTABLE,"PHARMAYECT, S.A.",X 10 AMPOLLAS,10,17.88,29.80,true
37576,ME42551,"BILOL 2,5 mg X 10 TABLETAS RECUBIERTAS",,TABLETAS,SWISS PARENTERALS LTD,X 10 TABLETAS RECUBIERTAS,10,1.15,1.92,true
37586,ME44259/2,"BIPROLIL HCT 5 mg - 6,25 mg X 15 COMPRIMIDOS RECUBIERTOS",Bisoprolol - Hidroclorotiazida,COMPRIMIDOS,"LABORATORIOS VARGAS, S.A.",X 15 COMPRIMIDOS RECUBIERTOS,15,3.42,5.70,true
37588,ME40280,"BISOBLOC H 5 mg - 6,25 mg TABLETAS RECUBIERTAS",Bisoprolol - Hidroclorotiazida,TABLETAS,"GLOBAL FARMA, S.A.",,,9.16,15.27,true
37591,ME36891,"BISOPROLOL FUMARATO - HIDROCLOROTIAZIDA 5 mg - 6,25 mg X 30 TABLETAS",Bisoprolol - Hidroclorotiazida,TABLETAS,"CALOX INTERNATIONAL, C.A.",X 30 TABLETAS,30,3.86,6.43,true
37595,ME43390,"BISOPROLOL FUMARATO 1,25 mg X 15 TABLETAS RECUBIERTAS",,TABLETAS,SYNOKEM PHARMACEUTICALS LIMITED,X 15 TABLETAS RECUBIERTAS,15,2.13,3.55,true
37602,ME42224/2,"BRASARTAN CTDN 80 mg - 12,5 mg X 10 TABLETAS RECUBIERTAS",Clortalidona - Valsartan,TABLETAS,LABORATORIOS FARMA S.A.,X 10 TABLETAS RECUBIERTAS,10,5.49,9.15,true
37604,ME35864,BRASARTAN 160 mg X 30 TABLETAS RECUBIERTAS,Valsartan,TABLETAS,LABORATORIOS FARMA S.A.,X 30 TABLETAS RECUBIERTAS,30,32.79,54.65,true
37609,ME39097,BROFLEMA 8 mg / 5 mL SOLUCION ORAL,,SOLUCION ORAL,"BIOTECH LABORATORIOS, C.A.",,,4.03,6.72,true
37618,ME44085,BROMURO DE IPRATROPIO 20 mcg / DOSIS SOLUCIÓN PARA INHALACIÓN ORAL,Bromuro De Ipratropio Monohidratado,SOLUCION ORAL,HEILONJIANG PROVIDENCE FULEKANG PHARMACEUTICAL COMPANY LTD,,,16.1,26.83,true
37632,HO43908,BUPIVACAINA 50 mg/10 mL SOLUCIÓN INYECTABLE,Bupivacaina,INYECTABLE,"MEDVAL, C.A.",,,4.68,7.80,true
37634,ME43035/2,BUTAL 8 mg X 10 TABLETAS RECUBIERTAS,Betahistina,TABLETAS,LABORATORIOS SIEGFRIED S.A.,X 10 TABLETAS RECUBIERTAS,10,4.77,7.95,true
37635,ME23141,BUTILAMINA COMPUESTA 10 mg - 250 mg X 20 TABLETAS RECUBIERTAS,Dipirona,TABLETAS,"LABORATORIO PLUSANDEX DE FARMACEUTICOS UNIDOS, PLUSANDEX, C.A.",X 20 TABLETAS RECUBIERTAS,20,7.24,12.07,true
37637,ME30197,CALCIBON 200 mg X 30 TABLETAS RECUBIERTOS,,TABLETAS,LABORATORIOS FARMA S.A.,X 30 TABLETAS RECUBIERTOS,30,10.56,17.60,true
37638,ME42932/4,VITAMINA C - ZINC 500 mg - 15 mg X 60 TABLETAS MASTICABLES SABOR A MANDARINA,Ascorbico Acido - Zinc,TABLETAS,BIONUTREC S.A.S.,X 60 TABLETAS MASTICABLES SABOR A MANDARINA,60,4.94,8.23,true
37639,ME42932/3,VITAMINA C - ZINC 500 mg - 15 mg X 30 TABLETAS MASTICABLES SABOR A MANDARINA,Ascorbico Acido - Zinc,TABLETAS,BIONUTREC S.A.S.,X 30 TABLETAS MASTICABLES SABOR A MANDARINA,30,9.25,15.42,true
37650,ME40363/2,"CANDER HCT 16 mg - 12,5 mg X 10 TABLETAS",,TABLETAS,"LABORATORIOS VALMOR,C.A. (VALMORCA)",X 10 TABLETAS,10,4.83,8.05,true
37654,ME37346/3,CANDER 8 mg X 30 TABLETAS,Candesartan,TABLETAS,"LABORATORIOS VALMOR, C.A.",X 30 TABLETAS,30,4.31,7.18,true
37660,ME35007/2,CANDESARTAN CILEXETIL 16 mg X 10 TABLETAS,Candesartan,TABLETAS,"LABORATORIOS VALMOR, C.A.",X 10 TABLETAS,10,2.53,4.22,true
37665,ME40335,CANFIR 500 mg X 30 COMPRIMIDOS RECUBIERTOS DE LIBERACION PROLONGADA,,COMPRIMIDOS,"LABORATORIOS LETI, S.A.V.",X 30 COMPRIMIDOS RECUBIERTOS DE LIBERACION PROLONGADA,30,22.2,37.00,true
37667,ME43828,CANTIP 8 mg X 30 COMPRIMIDOS,Candesartan Cilexetilo,COMPRIMIDOS,INTECH HEALTHCARE,X 30 COMPRIMIDOS,30,6.6,11.00,true
37668,MI1290,OXIGENO MEDICINAL,,,"AGA GAS, C.A.",,,0.96,1.60,true
37671,ME25738/2,CAPTOPRIL 25 mg X 20 TABLETAS,Captopril,TABLETAS,"CALOX INTERNATIONAL, C.A.",X 20 TABLETAS,20,3.82,6.37,true
37679,ME43783,CARBAMAZEPINA 200 mg X 30 TABLETAS,Carbamazepina,TABLETAS,"JIANGXI SYNERGY PHARMACEUTICAL CO., LTD",X 30 TABLETAS,30,4.39,7.32,true
37682,ME33422/2,"CARBATIL 12,5 mg X 10 TABLETAS",Carvedilol,TABLETAS,"BIOTECH LABORATORIOS, C.A.",X 10 TABLETAS,10,1.98,3.30,true
37685,ME1642,CARBONATO DE LITIO 300 mg X 20 CAPSULAS,Litio,CAPSULAS,"INDUSTRIAS DE MEDICAMENTOS GENERICOS R.X., C.A.",X 20 CAPSULAS,20,2.29,3.82,true
37690,ME33806,"CARVEDIL 6,25 mg X 30 TABLETAS RECUBIERTAS",Carvedilol,TABLETAS,MACLEODS PHARMACEUTICALS LTD,X 30 TABLETAS RECUBIERTAS,30,4.87,8.12,true
37692,ME38916/3,"CARVEDILOL 6,5mg X 15 TABLETAS",Carvedilol,TABLETAS,"OKASA PHARMA,PVT,LTDA.",X 15 TABLETAS,15,4.94,8.23,true
37693,ME38916/6,"CARVEDILOL 6,5mg X 30 TABLETAS",Carvedilol,TABLETAS,"OKASA PHARMA,PVT,LTDA.",X 30 TABLETAS,30,4.19,6.98,true
37694,ME38916/4,"CARVEDILOL 6,5mg X 20 TABLETAS",Carvedilol,TABLETAS,"OKASA PHARMA,PVT,LTDA.",X 20 TABLETAS,20,2.52,4.20,true
37695,ME38916/2,"CARVEDILOL 6,5mg X 14 TABLETAS",Carvedilol,TABLETAS,"OKASA PHARMA,PVT,LTDA.",X 14 TABLETAS,14,3.03,5.05,true
37696,ME38916/5,"CARVEDILOL 6,5mg X 28 TABLETAS",Carvedilol,TABLETAS,"OKASA PHARMA,PVT,LTDA.",X 28 TABLETAS,28,5.18,8.63,true
37698,ME31748/2,CARVEDILOL 25 mg X 15 COMPRIMIDOS,Carvedilol,COMPRIMIDOS,"LABORATORIOS LETI, S.A.V.",X 15 COMPRIMIDOS,15,4.21,7.02,true
37701,ME36321/2,CARVEDILOL 25 mg X 14 TABLETAS RECUBIERTAS,Carvedilol,TABLETAS,"CALOX INTERNATIONAL, C.A.",X 14 TABLETAS RECUBIERTAS,14,2.75,4.58,true
37709,ME40269,CEFALEXINA 125 mg / 5 mL POLVO PARA SUSPENSION ORAL,Cefalexina,POLVO PARA RECONSTITUCION,"EMPRESA FARMACEUTICA ""8 DE MARZO""",,,5.26,8.77,true
37714,ME44329,CEFIXIMA 400 mg X 5 TABLETAS RECUBIERTAS,Cefixima,TABLETAS,"CALOX INTERNATIONAL, C.A.",X 5 TABLETAS RECUBIERTAS,5,28.13,46.88,true
37715,ME44129,CEFIXIMA 400 mg X 10 TABLETAS DISPERSABLES,Cefixima,TABLETAS,BAROQUE PHARMACEUTICALS PVT. LTD.,X 10 TABLETAS DISPERSABLES,10,12.35,20.58,true
37717,HO43171,"CEFOPERAZONA - SULBACTAM 1 g - 0,5 g X 1 AMPOLLAS",Sulbactam,INYECTABLE,"REYOUNG PHARMACEUTICAL CO., LTD",X 1 AMPOLLAS,1,0.97,1.62,true
37718,ME43917,CEFOTAS 500 mg X 20 CAPSULAS,Cefadroxilo,CAPSULAS,SYNTOFARMA S.A.,X 20 CAPSULAS,20,12.83,21.38,true
37729,ME32490,CETIRIZINA 1 mg / mL SOLUCION ORAL,Cetirizina,SOLUCION ORAL,"LABORATORIOS KIMICEG, C.A.",,,1.83,3.05,true
37731,ME37217,CETRAL D 5 mg - 60 mg / 5 mL SOLUCION ORAL,,SOLUCION ORAL,LABORATORIOS SIEGFRIED S.A.,,,4.64,7.73,true
37734,ME33334/2,VITAMINA C 500 mg X 15 TABLETAS MASTICABLES SABOR A PIÑA,,TABLETAS,"CALOX INTERNATIONAL, C.A.",X 15 TABLETAS MASTICABLES SABOR A PIÑA,15,4.96,8.27,true
37739,ME27924,CICLOFTAL1 % SOLUCION OFTALMICA,Ciclopentolato,SOLUCION OFTALMICA,"LABORATORIOS L.O. OFTALMI, C.A.",,,33.24,55.40,true
37742,HO9190,CIFARCAINA AL 2 % X 2 AMPOLLAS,,INYECTABLE,"LABORATORIO BEHRENS, C.A.",X 2 AMPOLLAS,2,9.6,16.00,true
37743,HO9189,CIFARCAINA AL 1 % SOLUCION INYECTABLE,,INYECTABLE,"LABORATORIO BEHRENS, C.A.",,,8.36,13.93,true
37749,ME39629,PROFITIP 100 mg X 30 TABLETAS,,TABLETAS,MACLEODS PHARMACEUTICALS LTD,X 30 TABLETAS,30,17.25,28.75,true
37751,ME28283/3,CIPROFLOXACINA 500 mg X 14 TABLETAS RECUBIERTAS,,TABLETAS,LABORATORIO LA SANTE S.A.,X 14 TABLETAS RECUBIERTAS,14,5.68,9.47,true
37754,HO44679,CIPROFLOXACINA INFUSIÓN 0.2 g / 100 mL SOLUCION PARA INFUSION INTRAVENOSA,Ciprofloxacino,INYECTABLE,U SQUARE LIFESCIENCE PVT. LTD.,,,12.34,20.57,true
37756,ME27827/3,CIPROFLOXACINA 500 mg X 6 TABLETAS RECUBIERTAS,,TABLETAS,"CALOX INTERNATIONAL, C.A.",X 6 TABLETAS RECUBIERTAS,6,1.07,1.78,true
37758,ME27827/2,CIPROFLOXACINA 500 mg X 5 TABLETAS RECUBIERTAS,,TABLETAS,"CALOX INTERNATIONAL, C.A.",X 5 TABLETAS RECUBIERTAS,5,5.34,8.90,true
37759,ME26487/3,CIPROFLOXACINA 500 mg X 10 COMPRIMIDOS RECUBIERTOS,,COMPRIMIDOS,"LABORATORIOS LETI, S.A.V.",X 10 COMPRIMIDOS RECUBIERTOS,10,1.86,3.10,true
37767,ME36822/2,CITRATO DE CALCIO 1190 mg X 30 TABLETAS MASTICABLES SABOR A MANDARINA,,TABLETAS,"CALOX INTERNATIONAL, C.A.",X 30 TABLETAS MASTICABLES SABOR A MANDARINA,30,12.44,20.73,true
37768,ME33790,CALCITREX D3 1500 mg - 200 UI X 30 TABLETAS,,TABLETAS,"LABORATORIOS L.O. OFTALMI, C.A.",X 30 TABLETAS,30,17.14,28.57,true
37769,ME42521,CITRAPOL SOLUCION,Citrico Acido,LOCION,"S.M. PHARMA, C.A.",,,4.94,8.23,true
37775,ME29289,"CLENBUNAL 0,014 mg / mL SOLUCION ORAL",,SOLUCION ORAL,"MEGALABS VZL, C.A.",,,5.97,9.95,true
37777,ME31537,"AMBROXOL-CLENBUTEROL 7,5 mg-0,005 mg/5 mL SOLUCION ORAL",Ambroxol,SOLUCION ORAL,"LABORATORIOS KIMICEG, C.A.",,,5.18,8.63,true
37778,ME31538,"AMBROXOL-CLENBUTEROL 15mg - 0,01mg/5 mL SOLUION ORAL",Ambroxol,SOLUCION ORAL,"LABORATORIOS KIMICEG, C.A.",,,2.8,4.67,true
37781,ME41052,CLINAC  1 % - 5 % GEL,Benzoilo Peroxido,GEL,ARBOFARMA S.A.S.,,,30.13,50.22,true
37783,ME44654,CLINDAMICINA 300 mg X 16 CAPSULAS,Clindamicina,CAPSULAS,"ANMOL HEALTHCARE LABORATORY PVT, LTD",X 16 CAPSULAS,16,11.51,19.18,true
37784,ME31466,CLINDAMICINA 300 mg X 20 CAPSULAS,Clindamicina,CAPSULAS,LABORATORIO LA SANTE S.A.,X 20 CAPSULAS,20,16.32,27.20,true
37785,ME17975,CLODOXIN 10 mg - 100 mg X 10 COMPRIMIDOS RECUBIERTOS,,COMPRIMIDOS,"LABORATORIO PLUSANDEX DE FARMACEUTICOS UNIDOS, PLUSANDEX, C.A.",X 10 COMPRIMIDOS RECUBIERTOS,10,4.16,6.93,true
37787,ME33581,"CLOFEN 1,8 mg / mL SUSPENSION ORAL",,SUSPENSION ORAL,"ESPECIALIDADES DOLLDER, C.A.",,,7.64,12.73,true
37789,ME33200,"CLONATRIL 0,5 mg X 30 COMPRIMIDOS",Clonazepam,COMPRIMIDOS,"MEGALABS VZL, C.A.",X 30 COMPRIMIDOS,30,6.49,10.82,true
37795,HO31483/3,"CLONIDINA CLORHIDRATO 0,150 mg / mL X 30 AMPOLLAS",,INYECTABLE,"LABORATORIOS VALMOR, C.A.",X 30 AMPOLLAS,30,6.93,11.55,true
37797,HO23370,"CLONIPRES 0,150 mg / mL X 3 AMPOLLAS",Clonidina,INYECTABLE,"MEGALABS VZL, C.A.",X 3 AMPOLLAS,3,6.09,10.15,true
37804,ME36122,CLOPIDOGREL 75 mg X 14 TABLETAS RECUBIERTAS,Clopidogrel,TABLETAS,"LABORATORIOS VALMOR, C.A.",X 14 TABLETAS RECUBIERTAS,14,4.07,6.78,true
37807,ME34774,CLOPIDOGREL 75 mg X 30 TABLETAS RECUBIERTAS,Clopidogrel,TABLETAS,LABORATORIOS SIEGFRIED S.A.,X 30 TABLETAS RECUBIERTAS,30,3.27,5.45,true
37810,ME29314,"CLORACE 125 - 0,5 mg / 5 mL SOLUCION ORAL",,SOLUCION ORAL,"LABORATORIO COFASA, S.A.",,,6.78,11.30,true
37816,ME43585/3,DOPALEN 200 mg X 20 CÁPSULAS DE LIBERACIÓN PROLONGADA,Mebeverina,CAPSULAS,"BIOTECH LABORATORIOS, C.A.",X 20 CÁPSULAS DE LIBERACIÓN PROLONGADA,20,3.47,5.78,true
37817,ME34033,CLORTALIDONA 25 mg X 30 TABLETAS,Clortalidona,TABLETAS,EMPRESA LABORATORIOS MEDSOL UNIDAD EMPRESARIAL DE BASE (UEB) SOLMED,X 30 TABLETAS,30,4.89,8.15,true
37818,HO37055,CLORURO DE POTASIO 2 mEq /ml SOLUCION INYECTABLE,,INYECTABLE,"CORPAUL,COLOMBIA",,,10.53,17.55,true
37819,HO1672,SOLUCION ISOTONICA DE CLORURO DE SODIO(SOL.FISIOLOGICA)PARENTERAL,,INYECTABLE,"LABORATORIOS FLUPAL, C.A.",,,1.7,2.83,true
37820,ME32566,"CLORURO DE SODIO 0,9 % SOLUCION ISOTONICA PARA IRRIGACION ESTERIL",,LOCION,"LABORATORIO BEHRENS, C.A.",,,1.74,2.90,true
37821,ME43020,CLOTRIMAZOL 200 mg CAPSULAS BLANDAS VAGINALES,Clotrimazol,CAPSULAS,"CALOX INTERNATIONAL, C.A.",,,2.34,3.90,true
37825,ME25498,CO-SULTRIN 40 mg - 200 mg / 5 mL X 20 SUSPENSION,,SUSPENSION ORAL,"LABORATORIOS VALMOR, C.A.",X 20 SUSPENSION,20,5.9,9.83,true
37827,ME44294,"COZOMINA T 2 % - 0,5 % SOLUCIÓN OFTÁLMICA ",Dorzolamida - Timolol,SOLUCION OFTALMICA,"LABORATORIO COFASA, S.A.",,,8.99,14.98,true
37831,ME34845,COLLOVAR SOLUCION,Lactico Acido - Salicilico Acido,LOCION,"LABORATORIOS VARGAS, S.A.",,,4.14,6.90,true
37841,ME35619/2,CORENTEL 10 mg X 10 COMPRIMIDOS RECUBIERTOS,,COMPRIMIDOS,MEGALABS S.A.,X 10 COMPRIMIDOS RECUBIERTOS,10,1.82,3.03,true
37842,ME35619/3,CORENTEL 10 mg X 30 COMPRIMIDOS RECUBIERTOS,,COMPRIMIDOS,MEGALABS S.A.,X 30 COMPRIMIDOS RECUBIERTOS,30,5.06,8.43,true
37844,ME39494/3,"CORENTEL 1,25 mg X 30 COMPRIMIDOS RECUBIERTOS",,COMPRIMIDOS,"MEGALABS VZL, C.A.",X 30 COMPRIMIDOS RECUBIERTOS,30,12.6,21.00,true
37850,ME44702,CORTYNASE PLUS 50 mcg - 140 mcg / DOSIS SUSPENSION NASAL,Azelastina - Mometasona Furoato,SOLUCION NASAL,"LABORATORIOS L.O. OFTALMI, C.A.",,,4.7,7.83,true
37867,ME21267/2,"DECOBEL 0,5 mg X 10 TABLETAS",Dexametasona,TABLETAS,C.A. PRODUCTOS RONAVA,X 10 TABLETAS,10,5.74,9.57,true
37874,ME32194/2,DEFLAZACORT 6 mg X 10 COMPRIMIDOS,Deflazacort,COMPRIMIDOS,"LABORATORIOS LETI, S.A.V.",X 10 COMPRIMIDOS,10,2.9,4.83,true
37877,ME4931,DENCORUB CREMA,Alcanfor - Mentol - Salicilato Metilo,CREMA,"LABORATORIOS PONCE, C.A.",,,2.94,4.90,true
37882,MI37676,"DERMACORTINE 0,1 % EMULSION",Mometasona,INYECTABLE,"MEGALABS VZL, C.A.",,,16.86,28.10,true
37896,ME43543,MONTELUKAST - DESLORATADINA 10 mg - 5 mg X 10 TABLETAS RECUBIERTAS,Desloratadina - Montelukast,TABLETAS,SG HEALTHCARE PVT. LTD.,X 10 TABLETAS RECUBIERTAS,10,2.13,3.55,true
37907,ME42573,"DEXTAMIN 0,5 mg / mL X 10 SOLUCION ORAL",Desloratadina,SOLUCION ORAL,"LABORATORIO PLUSANDEX DE FARMACEUTICOS UNIDOS, PLUSANDEX, C.A.",X 10 SOLUCION ORAL,10,2.78,4.63,true
37910,ME40663,PREVERAL CON DEXTROMETORFANO 3 mg - 15 mg / 5 mL SOLUCION ORAL,Dextrometorfano,SOLUCION ORAL,"LABORATORIOS VARGAS, S.A.",,,2.84,4.73,true
37912,ME10432,DI-EUDRIN 50 mg X 30 TABLETAS,Hidroclorotiazida,TABLETAS,"BIOTECH LABORATORIOS, C.A.",X 30 TABLETAS,30,7.15,11.92,true
37918,ME35040,"DIAGESIC 1,8 mg / mL SUSPENSION ORAL",,SUSPENSION ORAL,"BIOTECH LABORATORIOS, C.A.",,,7.38,12.30,true
37919,ME24715,DIANE 35 mcg - 2 mg X 21 GRAGEAS,Etinilestradiol,GRAGEAS,UNIAO QUIMICA INTERNACIONAL LTDA.,X 21 GRAGEAS,21,21.33,35.55,true
37921,ME44533,Dicarvex 25mg X 30 Tabletas,Carvedilol,TABLETAS,"LABORATORIO PLUSANDEX DE FARMACEUTICOS UNIDOS, PLUSANDEX, C.A.",X 30 Tabletas,30,5.65,9.42,true
37922,ME43814,"Diclodex 1,8 mg/mL Suspensión Oral",Diclofenaco,SOLUCION ORAL,"LABORATORIO PLUSANDEX DE FARMACEUTICOS UNIDOS, PLUSANDEX, C.A.",,,6.89,11.48,true
37924,MI35435/2,DICLOFENAC POT X 6 UNIDADES,Diclofenaco,,LABORATORIO CHILE S.A.,X 6 UNIDADES,6,3.4,5.67,true
37925,MI35435/3,DICLOFENAC POT X 10 UNIDADES,Diclofenaco,,LABORATORIO CHILE S.A.,X 10 UNIDADES,10,0.43,0.72,true
37926,MI35435/4,DICLOFENAC POT X 30 UNIDADES,Diclofenaco,,LABORATORIO CHILE S.A.,X 30 UNIDADES,30,2.1,3.50,true
37927,HO36803/2,DICLOFENACO SODICO 75mg/3ml X 1 AMPOLLAS,Diclofenaco,INYECTABLE,"FARMIONNI SCALPI,S.A.",X 1 AMPOLLAS,1,1.71,2.85,true
37930,ME43045/4,DICLOFENACO POTASICO 50 mg X 30 TABLETAS RECUBIERTAS,Diclofenaco,TABLETAS,"JIANGXI XIER KANGTAI PHARMACEUTICAL CO., LTD",X 30 TABLETAS RECUBIERTAS,30,14.21,23.68,true
37931,ME43045/3,DICLOFENACO POTASICO 50 mg X 20 TABLETAS RECUBIERTAS,Diclofenaco,TABLETAS,"JIANGXI XIER KANGTAI PHARMACEUTICAL CO., LTD",X 20 TABLETAS RECUBIERTAS,20,0.65,1.08,true
37933,ME29516,DICLOFENAC SODICO 50 mg TABLETAS RECUBIERTAS,Diclofenaco,TABLETAS,"LABORATORIOS KIMICEG, C.A.",,,9.65,16.08,true
37935,ME43220,DICLOXACILINA 250 mg / 5 mL POLVO PARA SUSPENSION ORAL,,POLVO PARA RECONSTITUCION,MANUFACTURERA MUNDIAL FARMACEUTICA S.A.,,,7.96,13.27,true
37938,ME29117/2,DIFEN X 10 TABLETAS RECUBIERTAS,Acetaminofen - Cafeina,TABLETAS,LABORATORIOS SIEGFRIED S.A.,X 10 TABLETAS RECUBIERTAS,10,2.39,3.98,true
37939,ME29117/3,DIFEN X 20 TABLETAS RECUBIERTAS,Acetaminofen - Cafeina,TABLETAS,LABORATORIOS SIEGFRIED S.A.,X 20 TABLETAS RECUBIERTAS,20,4.92,8.20,true
37946,ME34580,"DIKLASON 1,8 mg / mL SUSPENSION ORAL",Diclofenaco,SUSPENSION ORAL,"LABORATORIOS LETI, S.A.V.",,,6.52,10.87,true
37949,ME42159,DILUXEN 60 mg X 20 TABLETAS,Piridostigmina,TABLETAS,LABORATORIOS FARMA S.A.,X 20 TABLETAS,20,9.92,16.53,true
37952,ME43969/3,DIOSMINA 600 mg X 15 COMPRIMIDOS RECUBIERTOS,Diosmina,COMPRIMIDOS,"LABORATORIOS VARGAS, S.A.",X 15 COMPRIMIDOS RECUBIERTOS,15,13.1,21.83,true
37955,ME38177/4,DIOSMINA 600 mg X 30 TABLETAS RECUBIERTAS,Diosmina,TABLETAS,"CALOX INTERNATIONAL, C.A.",X 30 TABLETAS RECUBIERTAS,30,10.12,16.87,true
37965,ME26655/3,DOL X 10 TABLETAS RECUBIERTAS,Acetaminofen - Cafeina,TABLETAS,"CALOX INTERNATIONAL, C.A.",X 10 TABLETAS RECUBIERTAS,10,1.99,3.32,true
37966,ME26655/4,DOL X 20 TABLETAS RECUBIERTAS,Acetaminofen - Cafeina,TABLETAS,"CALOX INTERNATIONAL, C.A.",X 20 TABLETAS RECUBIERTAS,20,3.18,5.30,true
37967,ME26655/2,DOL X 4 TABLETAS RECUBIERTAS,Acetaminofen - Cafeina,TABLETAS,"CALOX INTERNATIONAL, C.A.",X 4 TABLETAS RECUBIERTAS,4,22.19,36.98,true
37971,ME43320,DOLCAN 9 mg / 5 mL SUSPENSION ORAL,,SOLUCION ORAL,"MEGALABS VZL, C.A.",,,5.58,9.30,true
37985,ME20337,DOXICICLINA 100 mg X 10 CAPSULAS,Doxiciclina,CAPSULAS,"CALOX INTERNATIONAL, C.A.",X 10 CAPSULAS,10,2.75,4.58,true
37987,ME42749,DULOXETINA 60 mg X 28 TABLETAS GASTRORRESISTENTES,Duloxetina,TABLETAS,HIRAL LABS LTD,X 28 TABLETAS GASTRORRESISTENTES,28,19.78,32.97,true
37991,ME32615/5,DUROVAL 50 mg X 10 TABLETAS RECUBIERTAS,,TABLETAS,"LABORATORIOS VALMOR, C.A.",X 10 TABLETAS RECUBIERTAS,10,10.47,17.45,true
37993,ME44389/3,"TAMSULON DUO 0,5 mg - 0,4 mg X 30 CÁPSULAS DE LIBERACION PROLONGADA",Dutasterida - Tamsulosina,CAPSULAS,ASOFARMA S.A.I. Y C,X 30 CÁPSULAS DE LIBERACION PROLONGADA,30,17.69,29.48,true
37998,ME44046,EMPAGLIFLOZINA - LINAGLIPTINA 10 mg - 5 mg X 30 COMPRIMIDOS RECUBIERTOS,Empagliflozina - Linagliptina,COMPRIMIDOS,"LABORATORIOS LETI, S.A.V.",X 30 COMPRIMIDOS RECUBIERTOS,30,13.82,23.03,true
37999,ME44045,EMPAGLIFLOZINA - LINAGLIPTINA 25 mg - 5 mg X 30 COMPRIMIDOS RECUBIERTOS,Empagliflozina - Linagliptina,COMPRIMIDOS,"LABORATORIOS LETI, S.A.V.",X 30 COMPRIMIDOS RECUBIERTOS,30,45.04,75.07,true
38001,ME43620,LERCANIDIPINA CLORHIDRATO – ENALAPRIL MALEATO 10 mg – 20 mg X 30 COMPRIMIDOS RECUBIERTOS,Enalapril - Lercanidipino,COMPRIMIDOS,"LABORATORIOS LETI, S.A.V.",X 30 COMPRIMIDOS RECUBIERTOS,30,2.87,4.78,true
38002,ME43619,LERCANIDIPINA CLORHIDRATO - ENALAPRIL MALEATO 10 mg - 10 mg X 30 COMPRIMIDOS RECUBIERTOS,Enalapril - Lercanidipino,COMPRIMIDOS,"LABORATORIOS LETI, S.A.V.",X 30 COMPRIMIDOS RECUBIERTOS,30,2.12,3.53,true
38012,ME19381,ERILON 1 mg / mL LOCION,,LOCION,"BIOTECH LABORATORIOS, C.A.",,,11.13,18.55,true
38018,ME40960/3,ESCITALOPRAM 20 mg X 30 COMPRIMIDOS RECUBIERTOS,Escitalopram,COMPRIMIDOS,"MEGALABS VZL, C.A.",X 30 COMPRIMIDOS RECUBIERTOS,30,11.95,19.92,true
38026,ME43163,ESCITALOPRAM 10 mg X 28 TABLETAS RECUBIERTAS,Escitalopram,TABLETAS,RONALD PHARMACEUTICALS PVT. LTD.,X 28 TABLETAS RECUBIERTAS,28,8.05,13.42,true
38044,ME35208,"ESPARFLIN 0,5 mg / mL X 10 JARABE",Desloratadina,JARABE,MEGALABS URUGUAY S.A.,X 10 JARABE,10,3.38,5.63,true
38071,ME39949,FEMMEXTRA 200 mg - 10 mg X 10 CAPSULAS,Ibuprofeno,CAPSULAS,LABORATORIOS FARMA S.A.,X 10 CAPSULAS,10,5.21,8.68,true
38072,HO41409,FENITOINA SODICA 50 mg / mL SOLUCION INYECTABLE,Fenitoina,INYECTABLE,VITALIS S.A.C.I.,,,1.17,1.95,true
38074,HO35889/2,FENITOINA SODICA 250 mg / 5 mL X 10 AMPOLLAS,Fenitoina,INYECTABLE,"LABORATORIO BIOSANO, S.A.",X 10 AMPOLLAS,10,12.64,21.07,true
38075,ME27405/2,FERGANIC 40 mg X 14 CAPSULAS,,CAPSULAS,"MEGALABS VZL, C.A.",X 14 CAPSULAS,14,10.13,16.88,true
38080,ME33240/2,FERGANIC FOLIC 40 mg - 360 mcg / 15 mL X 1 JARABE,Folico Acido,JARABE,"MEGALABS VZL, C.A.",X 1 JARABE,1,22.49,37.48,true
38081,ME33240/4,FERGANIC FOLIC 40 mg - 360 mcg / 15 mL X 30 JARABE,Folico Acido,JARABE,"MEGALABS VZL, C.A.",X 30 JARABE,30,17.1,28.50,true
38082,ME27514,FERGANIC 40 mg / 15 mL SOLUCION ORAL,,SOLUCION ORAL,"MEGALABS VZL, C.A.",,,10.13,16.88,true
38084,ME14878,FERROCE 300 mg - 50 mg X 30 TABLETAS ENTERICAS,Ascorbico Acido,TABLETAS,LABORATORIOS SIEGFRIED S.A.,X 30 TABLETAS ENTERICAS,30,16.73,27.88,true
38085,ME13615,FERROCE CON B12 JARABE,Vitamina B12 - Vitamina C,JARABE,LABORATORIOS SIEGFRIED S.A.,,,9.01,15.02,true
38098,ME39597/3,FITEX 5 mg X 30 TABLETAS,Tadalafilo,TABLETAS,LABORATORIOS FARMA S.A.,X 30 TABLETAS,30,5.42,9.03,true
38099,ME35935,FLATORIL 80 mg / mL SUSPENSION GOTAS,Simeticona,SUSPENSION ORAL,"LABORATORIOS ELMOR, S.A.",,,6.02,10.03,true
38102,ME40011/3,FLAVOXATO 200 mG X 20 COMPRIMIDOS RECUBIERTOS,Flavoxato,COMPRIMIDOS,"LABORATORIOS LETI, S.A.V.",X 20 COMPRIMIDOS RECUBIERTOS,20,15.99,26.65,true
38104,ME41029,FLAVOXATO CLORHIDRATO 200 mg X 10 TABLETAS RECUBIERTAS,Flavoxato,TABLETAS,"LABORATORIO LA SANTE, C.A.",X 10 TABLETAS RECUBIERTAS,10,5.55,9.25,true
38108,ME35680,"FLINAS 0,05% X 140 SUSPENSION NASAL PARA NEBULIZAR",Fluticasona,SUSPENSION ORAL,"LABORATORIOS L.O. OFTALMI, C.A.",X 140 SUSPENSION NASAL PARA NEBULIZAR,140,19.04,31.73,true
38112,ME41686,FLUCON 200 mg X 4 CAPSULAS,Fluconazol,CAPSULAS,"MEGALABS VZL, C.A.",X 4 CAPSULAS,4,3.56,5.93,true
38115,ME43733,FLUCONAZOL 150 mg X 2 CAPSULAS,Fluconazol - Gelatina,CAPSULAS,"JIANGXI SYNERGY PHARMACEUTICAL CO., LTD",X 2 CAPSULAS,2,2.13,3.55,true
38119,HO40840,FLUCONAZOL 200 mg /100 mL SOLUCION INYECTABLE INTRAVENOSA,Fluconazol,INYECTABLE,VITALIS S.A.C.I.,,,1.65,2.75,true
38130,ME21985,FOLIFER B-12 X 30 TABLETAS,Cianocobalamina - Folico Acido,TABLETAS,C.A. PRODUCTOS RONAVA,X 30 TABLETAS,30,8.42,14.03,true
38131,ME44703,"TIMOLOL - DORZOLAMIDA 0,5% - 2% X 28 SOLUCIÓN OFTALMICA",Dorzolamida - Timolol,SOLUCION OFTALMICA,"LABORATORIOS LETI, S.A.V.",X 28 SOLUCIÓN OFTALMICA,28,40.6,67.67,true
38134,ME31562,"FOTORRETIN 0,5 % - 5 % SOLUCION OFTALMICA",Tropicamida,SOLUCION OFTALMICA,LABORATORIOS POEN S.A.U.,,,11.56,19.27,true
38135,ME24373,FUGOLIN 1 % SOLUCION,Clotrimazol,LOCION,"LABORATORIOS VINCENTI, C.A.",,,4.33,7.22,true
38137,ME35373,"FULGRAM 600 mg - 42,9 mg / 5 mL POLVO PARA SUSPENSION",Amoxicilina - Clavulanico Acido,POLVO PARA RECONSTITUCION,"LABORATORIOS LETI, S.A.V.",,,13.16,21.93,true
38145,ME21300,FUROSEMIDA 40 mg X 24 TABLETAS,Furosemida,TABLETAS,"PRODUCTOS FARMACEUTICOS PARA EL VIVIR VIVIENDO, C.A. (PROFARMACOS, C.A.)",X 24 TABLETAS,24,13.04,21.73,true
38148,ME34981/3,GABAPENTINA 300 mg X 30 CAPSULAS,Gabapentina,CAPSULAS,KERN PHARMA S.L.,X 30 CAPSULAS,30,6.65,11.08,true
38150,ME24868,"GARABET 0,3 % - 0,1 % SOLUCION OFTALMICA",Gentamicina,SOLUCION OFTALMICA,"LABORATORIOS L.O. OFTALMI, C.A.",,,9.3,15.50,true
38158,ME33501,GLIBENCLAMIDA 5 mg X 10 COMPRIMIDOS,Glibenclamida,COMPRIMIDOS,"LABORATORIOS ELMOR, S.A.",X 10 COMPRIMIDOS,10,1.41,2.35,true
38168,ME32878,GLIMEPIRIDA 4 mg TABLETAS,Glimepirida,TABLETAS,"LABORATORIO LA SANTE, C.A.",,,11.1,18.50,true
38169,ME32727,GLIMERID 2 mg X 30 TABLETAS,Glimepirida,TABLETAS,"LABORATORIO LA SANTE, C.A.",X 30 TABLETAS,30,12.45,20.75,true
38172,ME35866,GLUCOFAGE 500 mg XR X 30 TABLETAS DE LIBERACION RETARDADA,,TABLETAS,MERCK SANTE S.A.S.,X 30 TABLETAS DE LIBERACION RETARDADA,30,15.52,25.87,true
38173,ME37958,GLUCONATO FERROSO (50 mg / 15 mL DE HIERRO ELEMENTAL) SOLUCION ORAL,,SOLUCION ORAL,"BIOQUIMICA INTERNACIONAL, C.A.",,,5.35,8.92,true
38179,ME42539,GUAIFENESINA 100 mg / 5 mL SOLUCION ORAL,Guaifenesina,SOLUCION ORAL,"BIOQUIMICA INTERNACIONAL, C.A.",,,6.62,11.03,true
38181,ME44629,GULAPER 250 MG / 5 ML SOLUCION ORAL SABOR A MENTA ,S-carboximetilcisteina,SOLUCION ORAL,"MEGALABS VZL, C.A.",,,2.59,4.32,true
38182,ME22169,GULAPER 100 mg / 5 mL ORAL,,SOLUCION ORAL,"MEGALABS VZL, C.A.",,,5.06,8.43,true
38187,ME28801,HEPAFOL B12 X 30 TABLETAS RECUBIERTAS,Cobre - Folico Acido,TABLETAS,LABORATORIOS SIEGFRIED S.A.,X 30 TABLETAS RECUBIERTAS,30,11.26,18.77,true
38190,ME35183/3,LOSARTAN POTASICO - HIDROCLOROTIAZIDA 100 mg - 25 mg X 30 COMPRIMIDOS RECUBIERTOS,Hidroclorotiazida - Losartan,COMPRIMIDOS,"LABORATORIOS LETI, S.A.V.",X 30 COMPRIMIDOS RECUBIERTOS,30,8.02,13.37,true
38191,ME35183/2,LOSARTAN POTASICO - HIDROCLOROTIAZIDA 100 mg - 25 mg X 10 COMPRIMIDOS RECUBIERTOS,Hidroclorotiazida - Losartan,COMPRIMIDOS,"LABORATORIOS LETI, S.A.V.",X 10 COMPRIMIDOS RECUBIERTOS,10,1.94,3.23,true
38192,ME36876,VALSARTAN -HIDROCLOROTIAZIDA 160 mg-25 mg X 20 TABLETAS RECUBIERTAS,,TABLETAS,"CALOX INTERNATIONAL, C.A.",X 20 TABLETAS RECUBIERTAS,20,4.69,7.82,true
38194,ME31250/2,"LOSARTAN POTASICO - HIDROCLOROTIAZIDA 50 mg -12,5 mg X 10 TABLETAS RECUBIERTAS",Hidroclorotiazida - Losartan,TABLETAS,"LABORATORIOS KIMICEG, C.A.",X 10 TABLETAS RECUBIERTAS,10,2.11,3.52,true
38200,ME1384,HIRUDOID (POLISULFATO DE MUCOPOLISACARIDO) 25.000 UI / 100 g GEL,,GEL,CIFARMA S.A.C,,,9.48,15.80,true
38202,ME41648,HISTIVERT 16 mg X 30 COMPRIMIDOS,Betahistina,COMPRIMIDOS,"EUROFARMA LABORATORIOS, S.A.",X 30 COMPRIMIDOS,30,7.16,11.93,true
38220,ME31850,IBUPROFENO 800 mg X 10 TABLETAS RECUBIERTAS,Ibuprofeno,TABLETAS,"LABORATORIO LA SANTE, C.A.",X 10 TABLETAS RECUBIERTAS,10,2.34,3.90,true
38223,ME27688/3,IBUPROFENO 400 mg X 20 TABLETAS RECUBIERTAS,Ibuprofeno,TABLETAS,"CALOX INTERNATIONAL, C.A.",X 20 TABLETAS RECUBIERTAS,20,4.57,7.62,true
38248,ME22931,IPALAT 1 % CREMA,Clotrimazol,CREMA,"LABORATORIO COFASA, S.A.",,,4.82,8.03,true
38249,ME40027,FLUTIXAIR 125 mg - 25 mcg / DOSIS X 200 SUSPENSION INHALACION ORAL,,SOLUCION ORAL,LABORATORIOS HAYMANN S.A.,X 200 SUSPENSION INHALACION ORAL,200,24.24,40.40,true
38250,ME36328,IPORET 40 mg / mL SUSPENSION ORAL GOTAS,Ibuprofeno,SOLUCION ORAL,"LABORATORIOS L.O. OFTALMI, C.A.",,,4.72,7.87,true
38255,ME36068/4,IRBESARTAN 150 mg X 30 TABLETAS,Irbesartan,TABLETAS,"S.M. PHARMA, C.A.",X 30 TABLETAS,30,12.52,20.87,true
38258,ME36807,"IRBESARTAN -HIDROCLOROTIAZIDA 150 mg -12,5 mg X 28 TABLETAS",,TABLETAS,"CALOX INTERNATIONAL, C.A.",X 28 TABLETAS,28,10.23,17.05,true
38259,ME43716,"IRBETIAZID 150 mg - 12,5 mg X 28 TABLETAS",Hidroclorotiazida - Irbesartan,TABLETAS,LABORATORIOS SIEGFRIED S.A.,X 28 TABLETAS,28,34.12,56.87,true
38264,ME43469,IZABAN 10 mg X 30 COMPRIMIDOS RECUBIERTOS,Empagliflozina - Trimebutina,COMPRIMIDOS,"LABORATORIOS LETI, S.A.V.",X 30 COMPRIMIDOS RECUBIERTOS,30,45.07,75.12,true
38267,ME35154/3,KAPET 75 mg X 30 TABLETAS RECUBIERTAS,Clopidogrel,TABLETAS,LABORATORIOS SIEGFRIED S.A.,X 30 TABLETAS RECUBIERTAS,30,10.08,16.80,true
38272,HO30748/4,KELAC 30 mg / mL X 4 AMPOLLAS,,INYECTABLE,"MEGALABS VZL, C.A.",X 4 AMPOLLAS,4,2.15,3.58,true
38278,ME41404,KEPRORET 1 mg / mL SOLUCION ORAL,Ketoprofeno,SOLUCION ORAL,"LABORATORIOS L.O. OFTALMI, C.A.",,,7.06,11.77,true
38282,ME43274,CLINDAMICINA - KETOCONAZOL 100 mg - 400 mg OVULOS VAGINALES,Ketoconazol,OVULOS,"LABORATORIOS SPEFAR VENEZOLANOS, S.A.",,,10.91,18.18,true
38287,HO35019/5,KETOPROFENO 100mg / 2 mL X 20 AMPOLLAS,Ketoprofeno,INYECTABLE,"CALOX INTERNATIONAL, C.A.",X 20 AMPOLLAS,20,4.58,7.63,true
38294,HO43918,KETOPROFENO 50 mg / mL SOLUCIÓN INYECTABLE,Ketoprofeno,INYECTABLE,"JIANGXI SYNERGY PHARMACEUTICAL CO., LTD",,,8.88,14.80,true
38297,HO42668/2,KETOROLACO TROMETAMOL 30 mg / mL X 8 AMPOLLAS,Ketorolaco,INYECTABLE,"LABORATORIO BIOSANO, S.A.",X 8 AMPOLLAS,8,9.76,16.27,true
38307,ME36925/3,LACTBET 3000 U X 20 CAPSULAS,,CAPSULAS,"BIOTECH LABORATORIOS, C.A.",X 20 CAPSULAS,20,6.19,10.32,true
38308,ME16175,"LARFACAINA 2 mg - 1,5 mg X 16 PASTILLAS SABOR A TUTTI - FRUTTI",Cetilpiridinio - Lidocaina,PASTILLA,"LABORATORIOS ELMOR, S.A.",X 16 PASTILLAS SABOR A TUTTI - FRUTTI,16,3.51,5.85,true
38321,ME44041/2,LERCANIDIPINO 20 mg X 10 COMPRIMIDOS RECUBIERTOS,Lercanidipino,COMPRIMIDOS,"LABORATORIOS VARGAS, S.A.",X 10 COMPRIMIDOS RECUBIERTOS,10,7.1,11.83,true
38323,ME43991,LERCANIDIPINO CLOHIDRATO 10 mg X 30 TABLETAS RECUBIERTAS,Lercanidipino,TABLETAS,ANG LIFESCIENCES INDIA LTD (AMRITSAR),X 30 TABLETAS RECUBIERTAS,30,12.43,20.72,true
38324,ME44311,LERCANIDIPNO 20 mg X 30 TABLETAS RECUBIERTAS,Lercanidipino,TABLETAS,AXA PARENTERALS LTD,X 30 TABLETAS RECUBIERTAS,30,17.32,28.87,true
38333,ME43817,LEVOFLOXACINO 500 mg X 10 TABLETAS RECUBIERTAS,Levofloxacino,TABLETAS,"JIANGXI SYNERGY PHARMACEUTICAL CO., LTD",X 10 TABLETAS RECUBIERTAS,10,8.12,13.53,true
38336,ME43531/3,LEVOFLOXACINA 750 mg X 7 TABLETAS RECUBIERTAS,Levofloxacino,TABLETAS,ANG LIFESCIENCES INDIA LTD (AMRITSAR),X 7 TABLETAS RECUBIERTAS,7,3.9,6.50,true
38338,ME35920/3,LEVOFLOXACINA 500 mg X 10 TABLETAS RECUBIERTAS,Levofloxacino,TABLETAS,"PROCAPS, S.A.",X 10 TABLETAS RECUBIERTAS,10,3.09,5.15,true
38341,ME38925/4,LEVOFLOXACINO 500 mg X 10 TABLETAS RECUBIERTAS,Levofloxacino,TABLETAS,"LABORATORIOS KIMICEG, C.A.",X 10 TABLETAS RECUBIERTAS,10,9.94,16.57,true
38354,HO43916,Lidocaina 2% con Adrenalina 1: 80.000 Solución Inyectable,Adrenalina - Lidocaina,INYECTABLE,"JIANGXI SYNERGY PHARMACEUTICAL CO., LTD",,,47.79,79.65,true
38355,HO40559,LINEZID 2 mg/ ml SOLUCION INYECTABLE PARA INFUSION IV,,INYECTABLE,"LABORATORIO BEHRENS, C.A.",,,18.57,30.95,true
38358,ME39972,LIPACOMB 40 mg - 10 mg X 30 TABLETAS,,TABLETAS,LABORATORIOS FARMA S.A.,X 30 TABLETAS,30,12.21,20.35,true
38365,ME22407,LISOMUCIN 8 mg / 5 mL JARABE,,JARABE,"LABORATORIOS SPEFAR VENEZOLANOS, S.A.",,,3.36,5.60,true
38369,ME39867,LODIPIN VL 10 mg - 160 mg X 30 CAPSULAS,,CAPSULAS,"MEGALABS VZL, C.A.",X 30 CAPSULAS,30,5.84,9.73,true
38370,ME28967,LOFLOX 400 mg X 10 TABLETAS RECUBIERTAS,,TABLETAS,LABORATORIOS SIEGFRIED S.A.,X 10 TABLETAS RECUBIERTAS,10,5.61,9.35,true
38375,ME27475,LONGACEF 100 mg / 5 mL POLVO PARA SUSPENSION,Cefixima,POLVO PARA RECONSTITUCION,"LABORATORIOS LETI, S.A.V.",,,3.39,5.65,true
38385,ME40440,LORATADINA - AMBROXOL CLORHIDRATO 5 mg - 30 mg / 5 mL SOLUCION ORAL,Ambroxol - Loratadina,SOLUCION ORAL,"LABORATORIOS KIMICEG, C.A.",,,1.38,2.30,true
38393,ME37256,"LORECORT 1 mg - 0,05 mg / 5mL SOLUCION ORAL",,SOLUCION ORAL,"LABORATORIOS L.O. OFTALMI, C.A.",,,21.37,35.62,true
38394,ME27541,LOREX 1 mg / mL JARABE,Loratadina,JARABE,"ESPECIALIDADES DOLLDER, C.A.",,,2.54,4.23,true
38399,ME37542/2,LOSARTAN POTASICO - HIDROCLOROTIAZIDA 100 mg - 25 mg X 10 TABLETAS RECUBIERTAS,Hidroclorotiazida - Losartan,TABLETAS,"LABORATORIO LA SANTE, C.A.",X 10 TABLETAS RECUBIERTAS,10,2.16,3.60,true
38400,ME37542/3,LOSARTAN POTASICO - HIDROCLOROTIAZIDA 100 mg - 25 mg X 30 TABLETAS RECUBIERTAS,Hidroclorotiazida - Losartan,TABLETAS,"LABORATORIO LA SANTE, C.A.",X 30 TABLETAS RECUBIERTAS,30,6.56,10.93,true
38405,ME36110/2,LOSARTAN POTASICO - HIDROCLOROTIZADA 100 mg - 25 mg X 10 TABLETAS RECUBIERTAS,Hidroclorotiazida - Losartan,TABLETAS,CALOX DE COSTA RICA S.A.,X 10 TABLETAS RECUBIERTAS,10,2.48,4.13,true
38406,ME36110/3,LOSARTAN POTASICO - HIDROCLOROTIZADA 100 mg - 25 mg X 30 TABLETAS RECUBIERTAS,Hidroclorotiazida - Losartan,TABLETAS,CALOX DE COSTA RICA S.A.,X 30 TABLETAS RECUBIERTAS,30,3.05,5.08,true
38407,ME31205/2,LOSARTAN POTASICO 50 mg X 10 TABLETAS RECUBIERTAS,Losartan,TABLETAS,"LABORATORIOS KIMICEG, C.A.",X 10 TABLETAS RECUBIERTAS,10,0.64,1.07,true
38408,ME31205/4,LOSARTAN POTASICO 50 mg X 30 TABLETAS RECUBIERTAS,Losartan,TABLETAS,"LABORATORIOS KIMICEG, C.A.",X 30 TABLETAS RECUBIERTAS,30,1.78,2.97,true
38409,ME31205/3,LOSARTAN POTASICO 50 mg X 20 TABLETAS RECUBIERTAS,Losartan,TABLETAS,"LABORATORIOS KIMICEG, C.A.",X 20 TABLETAS RECUBIERTAS,20,1,1.67,true
38421,ME37893,MAALOX 460 mg - 400 mg / 4.3 mL X 30 SUSPENSION,Aluminio Hidroxido - Magnesio Hidroxido,SUSPENSION ORAL,SANOFI AVENTIS S.P.A ITALIA,X 30 SUSPENSION,30,12.12,20.20,true
38422,ME38235,GLETOP 20 mg X 60 TABLETAS CON CUBIERTA ENTERICA,Esomeprazol Magnesio Trihidrato,TABLETAS,GLENMARK PHARMACEUTICALS LIMITED,X 60 TABLETAS CON CUBIERTA ENTERICA,60,23.93,39.88,true
38431,ME23582,"MATILOL 0,5 % SOLUCION OFTALMICA",Timolol,SOLUCION OFTALMICA,"LABORATORIOS L.O. OFTALMI, C.A.",,,11.96,19.93,true
38433,ME42290,MAXOTEN 25 mg X 30 COMPRIMIDOS RECUBIERTOS,Eplerenona,COMPRIMIDOS,"LABORATORIOS LETI, S.A.V.",X 30 COMPRIMIDOS RECUBIERTOS,30,32,53.33,true
38435,ME43537/3,Medroxiprogesterona 10mg X 28 Tabletas,Medroxiprogesterona,TABLETAS,ACCENT PHARMACEUTICALS & DIAGNOSTICS,X 28 Tabletas,28,3.71,6.18,true
38439,ME30977,MELOXICAM 15 mg X 10 TABLETAS,Meloxicam,TABLETAS,"LABORATORIOS KIMICEG, C.A.",X 10 TABLETAS,10,2.18,3.63,true
38446,MI4470,FRICSOL 10 % - 10 %  LINIMENTO,Mentol - Salicilato Metilo,UNGUENTO,LABORATORIOS FARMA S.A.,,,1.97,3.28,true
38448,HO42154,"MEROPENEM 1 g - 0,5 g X 1 AMPOLLAS",,INYECTABLE,"REYOUNG PHARMACEUTICAL CO., LTD",X 1 AMPOLLAS,1,5.26,8.77,true
38451,HO21983/3,DIPIRONA 1 g / 2 mL X 5 AMPOLLAS,,INYECTABLE,"LABORATORIOS VALMOR, C.A.",X 5 AMPOLLAS,5,6.97,11.62,true
38453,ME43925/4,Metformina Clorhidrato 850mg X 30 Tabletas Recubiertas,(+)-tetrabenazina - Metformina,TABLETAS,"LABORATORIO PLUSANDEX DE FARMACEUTICOS UNIDOS, PLUSANDEX, C.A.",X 30 Tabletas Recubiertas,30,2.99,4.98,true
38454,ME43925/2,Metformina Clorhidrato 850mg X 14 Tabletas Recubiertas,(+)-tetrabenazina - Metformina,TABLETAS,"LABORATORIO PLUSANDEX DE FARMACEUTICOS UNIDOS, PLUSANDEX, C.A.",X 14 Tabletas Recubiertas,14,4.08,6.80,true
38455,ME43925/3,Metformina Clorhidrato 850mg X 28 Tabletas Recubiertas,(+)-tetrabenazina - Metformina,TABLETAS,"LABORATORIO PLUSANDEX DE FARMACEUTICOS UNIDOS, PLUSANDEX, C.A.",X 28 Tabletas Recubiertas,28,5.78,9.63,true
38456,ME42410,METFORMINA CLORHIDRATO 1000 mg X 30 TABLETAS RECUBIERTAS,Metformina,TABLETAS,LEK S.A.,X 30 TABLETAS RECUBIERTAS,30,4.19,6.98,true
38459,ME44619,METFORMINA 500 mg X 30 TABLETAS RECUBIERTAS,Metformina,TABLETAS,ANG LIFESCIENCES INDIA LTD (DISTT. SOLAN),X 30 TABLETAS RECUBIERTAS,30,1.65,2.75,true
38460,ME37538,METFORMINA CLORHIDRATO 500 mg X 30 TABLETAS RECUBIERTAS,Metformina,TABLETAS,BAROQUE PHARMACEUTICALS PVT. LTD.,X 30 TABLETAS RECUBIERTAS,30,1.15,1.92,true
38470,ME37626,"BETALOCZOK 47,5 mg X 30 COMPRIMIDOS DE LIBERACION CONTROLADA",Metoprolol,COMPRIMIDOS,ASTRAZENECA AB.,X 30 COMPRIMIDOS DE LIBERACION CONTROLADA,30,8.71,14.52,true
38472,ME29532/3,METREN 500 mg X 15 CAPSULAS BLANDAS VAGINALES,Metronidazol,CAPSULAS,LABORATORIOS SIEGFRIED S.A.,X 15 CAPSULAS BLANDAS VAGINALES,15,8.82,14.70,true
38475,ME42520,"METRONIDAZOL 0,75 % GEL",Metronidazol,GEL,"LABORATORIOS SPEFAR VENEZOLANOS, S.A.",,,13.22,22.03,true
38483,ME43038,METRONIDAZOL 500 mg X 30 TABLETAS,Metronidazol,TABLETAS,"JIANGXI XIER KANGTAI PHARMACEUTICAL CO., LTD",X 30 TABLETAS,30,2.68,4.47,true
38486,ME40057,MICONAX 15 % - 4 % CREMA VAGINAL,Metronidazol - Miconazol,CREMA,LABORATORIOS SIEGFRIED S.A.,,,5.69,9.48,true
38487,ME34758,MICROSER 16 mg X 20 TABLETAS,Betahistina,TABLETAS,TECNANDINA S.A. / TENSA,X 20 TABLETAS,20,31.44,52.40,true
38497,ME43809,"VERNATE 0,05 % CREMA",Clobetasol Propionato,CREMA,"BIOTECH LABORATORIOS, C.A.",,,4.75,7.92,true
38501,ME43794/2,MIRTAZAVAL 15 mg X 10 TABLETAS RECUBIERTAS,Mirtazapina,TABLETAS,"LABORATORIOS VALMOR, C.A.",X 10 TABLETAS RECUBIERTAS,10,2.12,3.53,true
38509,ME39173,MONTRAX 4 mg X 10 TABLETAS MASTICABLES,,TABLETAS,"BIOTECH LABORATORIOS, C.A.",X 10 TABLETAS MASTICABLES,10,2.19,3.65,true
38515,ME40494,"MOXIDEX 0,5 -0,1 % SOLUCION OFTALMICA ESTERIL",,SOLUCION OFTALMICA,"LABORATORIOS L.O. OFTALMI, C.A.",,,18.75,31.25,true
38521,ME40502,MUCOMAX 15 mg / 5 mL SOLUCION ORAL USO PEDIATRICO,Ambroxol,SOLUCION ORAL,"LABORATORIOS KIMICEG, C.A.",,,3.01,5.02,true
38525,ME35710,MUPIROCIN 2 % UNGUENTO,,UNGUENTO,LABORATORIOS SIEGFRIED S.A.,,,6.64,11.07,true
38527,ME28565,MYCOFENTIN 2 % CREMA,Fenticonazol,CREMA,"LABORATORIOS ELMOR, S.A.",,,3.18,5.30,true
38532,ME43615,TRASS (Naproxeno Sódico 500 mg + Sumatriptan 85 mg) X 10 TABLETAS RECUBIERTAS,Naproxeno - Sumatriptan,TABLETAS,"PROCAPS, S.A.",X 10 TABLETAS RECUBIERTAS,10,2.79,4.65,true
38534,ME31384/5,"NEFROTAL H 50 mg - 12,5 mg X 30 COMPRIMIDOS RECUBIERTOS",Hidroclorotiazida - Losartan,COMPRIMIDOS,"MEGALABS VZL, C.A.",X 30 COMPRIMIDOS RECUBIERTOS,30,4.94,8.23,true
38535,ME31384/4,"NEFROTAL H 50 mg - 12,5 mg X 15 COMPRIMIDOS RECUBIERTOS",Hidroclorotiazida - Losartan,COMPRIMIDOS,"MEGALABS VZL, C.A.",X 15 COMPRIMIDOS RECUBIERTOS,15,3.55,5.92,true
38536,ME31384/2,"NEFROTAL H 50 mg - 12,5 mg X 10 COMPRIMIDOS RECUBIERTOS",Hidroclorotiazida - Losartan,COMPRIMIDOS,"MEGALABS VZL, C.A.",X 10 COMPRIMIDOS RECUBIERTOS,10,4.29,7.15,true
38542,ME43802,"CORIOSYL 500 U.I. - 3,5 mg - 10.000 U.I. / g UNGUENTO",Bacitracina - Neomicina - Polimixina B,UNGUENTO,"LABORATORIOS LETI, S.A.V.",,,5.73,9.55,true
38543,HO7099/2,"NEOSTIGMINA 0,5 mg / mL X 3 AMPOLLAS",,INYECTABLE,"MEGALABS VZL, C.A.",X 3 AMPOLLAS,3,10.22,17.03,true
38544,HO7099/3,"NEOSTIGMINA 0,5 mg / mL X 6 AMPOLLAS",,INYECTABLE,"MEGALABS VZL, C.A.",X 6 AMPOLLAS,6,5.78,9.63,true
38549,ME38421/3,NEURIXA 75 mg X 21 CAPSULAS,Pregabalina,CAPSULAS,LABORATORIOS FARMA S.A.,X 21 CAPSULAS,21,3.82,6.37,true
38550,ME43041,NEUROMIX X 30 SOLUCION ORAL,Cianocobalamina - Nicotinamida - Piridoxina - Riboflavina - Tiamina,SOLUCION ORAL,"LABORATORIOS LETI, S.A.V.",X 30 SOLUCION ORAL,30,9.46,15.77,true
38551,ME42077,"NEVAC 0,1 % SUSPENSION OFTALMICA",Nepafenaco,SUSPENSION ORAL,"LABORATORIOS L.O. OFTALMI, C.A.",,,23.43,39.05,true
38554,ME25984/2,NIFEDIPINA 10 mg X 10 COMPRIMIDOS DISPERSABLES,Nifedipino,COMPRIMIDOS,"LABORATORIOS LETI, S.A.V.",X 10 COMPRIMIDOS DISPERSABLES,10,1.08,1.80,true
38555,ME43990,NIFEDIPINO 10 mg X 30 TABLETAS RECUBIERTAS,Nifedipino,TABLETAS,ANG LIFESCIENCES INDIA LTD (AMRITSAR),X 30 TABLETAS RECUBIERTAS,30,3.14,5.23,true
38558,ME39909,"NIPE 100 mg - 0,25 mg / mL X 6 SOLUCION ORAL EN GOTAS",Acetaminofen,SOLUCION ORAL,"LABORATORIOS VARGAS, S.A.",X 6 SOLUCION ORAL EN GOTAS,6,5.59,9.32,true
38559,ME44261,NISTATINA 100.000 UI/mL SUSPENSIÓN ,Nistatina,SUSPENSION ORAL,ASPEN BIOPHARMA LABS PVT. LTD.,,,3.4,5.67,true
38561,ME37921,NITAZOXANIDA 500 mg X 6 TABLETAS RECUBIERTAS,,TABLETAS,"LABORATORIO LA SANTE, C.A.",X 6 TABLETAS RECUBIERTAS,6,12.7,21.17,true
38573,ME36695,NORMIX 200 mg X 12 TABLETAS RECUBIERTAS,Rifaximina,TABLETAS,ALFA WASSERMANN SPA,X 12 TABLETAS RECUBIERTAS,12,12.55,20.92,true
38577,ME27271/2,NOTOLAC 20 mg X 4 TABLETAS,,TABLETAS,LABORATORIOS FARMA S.A.,X 4 TABLETAS,4,3.74,6.23,true
38580,ME37707,NYTAXIN 500 mg X 6 CAPSULAS BLANDAS,,CAPSULAS,"PROCAPS, S.A.",X 6 CAPSULAS BLANDAS,6,11.36,18.93,true
38581,ME43411,PREDNISOLONA ACETATO 1 % SUSPENSION OFTALMICA,,SUSPENSION ORAL,"LABORATORIOS L.O. OFTALMI, C.A.",,,9.82,16.37,true
38583,ME38330,DICLOFENAC POTASICO 15 mg / mL SUSPENSION ORAL,Diclofenaco,SUSPENSION ORAL,"LABORATORIOS ELMOR, S.A.",,,1.71,2.85,true
38585,ME26287,OFTERRA UNGUENTO OFTALMICO,,UNGUENTO,"LABORATORIOS L.O. OFTALMI, C.A.",,,21.29,35.48,true
38603,ME43675/4,OMEPRAZOL 20 mg X 10 CAPSULAS GASTRORRESISTENTES,(+)-tetrabenazina - Omeprazol,CAPSULAS,K.A. MALLE PHARMACEUTICALS LTD,X 10 CAPSULAS GASTRORRESISTENTES,10,1.07,1.78,true
38604,ME43675/5,OMEPRAZOL 20 mg X 20 CAPSULAS GASTRORRESISTENTES,(+)-tetrabenazina - Omeprazol,CAPSULAS,K.A. MALLE PHARMACEUTICALS LTD,X 20 CAPSULAS GASTRORRESISTENTES,20,2.25,3.75,true
38605,ME43675/6,OMEPRAZOL 20 mg X 30 CAPSULAS GASTRORRESISTENTES,(+)-tetrabenazina - Omeprazol,CAPSULAS,K.A. MALLE PHARMACEUTICALS LTD,X 30 CAPSULAS GASTRORRESISTENTES,30,3.74,6.23,true
38606,ME43675/2,OMEPRAZOL 20 mg X 7 CAPSULAS GASTRORRESISTENTES,(+)-tetrabenazina - Omeprazol,CAPSULAS,K.A. MALLE PHARMACEUTICALS LTD,X 7 CAPSULAS GASTRORRESISTENTES,7,1.42,2.37,true
38607,ME43675/3,OMEPRAZOL 20 mg X 8 CAPSULAS GASTRORRESISTENTES,(+)-tetrabenazina - Omeprazol,CAPSULAS,K.A. MALLE PHARMACEUTICALS LTD,X 8 CAPSULAS GASTRORRESISTENTES,8,2.78,4.63,true
38610,ME41965/3,OMEPRAZOL 40 mg X 30 CAPSULAS GASTRORRESISTENTES,,CAPSULAS,"LABORATORIOS LETI, S.A.V.",X 30 CAPSULAS GASTRORRESISTENTES,30,15.21,25.35,true
38622,HO35150/3,ONDATRIN 2 mg / mL X 5 AMPOLLAS,Ondansetron,INYECTABLE,"LABORATORIO BEHRENS, C.A.",X 5 AMPOLLAS,5,17.14,28.57,true
38623,ME44637,  SUEROLITO ZINC 75 mEq/L SOLUCION ELECTROLITICA USO ORAL SABOR A FRUTAS TROPICALES,Dextrosa - Zinc,SOLUCION ORAL,LABORATORIOS BALKER C.A.,,,3.7,6.17,true
38624,ME41670,ORALZINC SALES DE REHIDRATACION X 1 POLVO PARA SOLUCION ORAL SABOR A COCO,Dextrosa - Zinc Sulfato Heptahidrato,POLVO PARA RECONSTITUCION,"LABORATORIOS VARGAS, S.A.",X 1 POLVO PARA SOLUCION ORAL SABOR A COCO,1,5.27,8.78,true
38627,ME36024,ORLISTAT 120 mg X 30 CAPSULAS,Orlistat,CAPSULAS,"LABORATORIOS LETI, S.A.V.",X 30 CAPSULAS,30,18.74,31.23,true
38628,ME8463,OTANOL 50 mg/ml SOLUCION OTICA,,SOLUCION OTICA,"LABORATORIO ETICOS ETIFAR, C.A.",,,7.61,12.68,true
38633,HO41149,"PALONOSETRON 0,25 mg / 5 mL SOLUCION INYECTABLE",Palonosetron,INYECTABLE,"DIF, S.A.",,,63.6,106.00,true
38635,HO39516,PANTOPRAZOL 40 mg X 1 AMPOLLAS,,INYECTABLE,WEXFORD LABORATORIES PVT. LTD.,X 1 AMPOLLAS,1,1.38,2.30,true
38643,ME42399,PASOLAX POLVO PARA SOLUCION ORAL,,POLVO PARA RECONSTITUCION,LABORATORIOS SIEGFRIED S.A.,,,6.25,10.42,true
38644,ME34116,PAXIL CR 25 mg X 30 TABLETAS DE LIBERACION CONTROLADA,Paroxetina,TABLETAS,GLAXOSMITHKLINE INC,X 30 TABLETAS DE LIBERACION CONTROLADA,30,32.6,54.33,true
38647,ME39670/3,PEGYT 150 mg X 30 CAPSULAS,Pregabalina,CAPSULAS,"LABORATORIOS LETI, S.A.V.",X 30 CAPSULAS,30,13.34,22.23,true
38650,HO38517,PENTOXIFILINA 300 mg / 15 mL X 5 AMPOLLAS,Pentoxifilina,INYECTABLE,EMPRESA LABORATORIOS AICA. UNIDAD EMPRESARIAL DE BASE (UEB) AICA. PLANTA AMPOLLETAS,X 5 AMPOLLAS,5,9.86,16.43,true
38652,ME44126,PEPTO-BISMOL 525 mg / 30 mL SUSPENSIÓN ORAL,,SOLUCION ORAL,LABORATORIOS FARMA S.A.,,,7.99,13.32,true
38658,ME40673,PERTEN 1 % GEL TOPICO,Terbinafina,GEL,LABORATORIOS SIEGFRIED S.A.,,,9.63,16.05,true
38663,ME37698/2,PINAVERIUM BROMURO 100 mg X 20 TABLETAS RECUBIERTAS,,TABLETAS,"CALOX INTERNATIONAL, C.A.",X 20 TABLETAS RECUBIERTAS,20,10.92,18.20,true
38664,ME37698/3,PINAVERIUM BROMURO 100 mg X 30 TABLETAS RECUBIERTAS,,TABLETAS,"CALOX INTERNATIONAL, C.A.",X 30 TABLETAS RECUBIERTAS,30,17.13,28.55,true
38673,HO31052/3,PLIDAN COMPUESTO 15 mg / 2 mL - 100 mg / 2 mL X 2 AMPOLLAS,Clonixino Lisina,INYECTABLE,"MEGALABS VZL, C.A.",X 2 AMPOLLAS,2,5.77,9.62,true
38679,ME15805/2,PRAXONA 150 mg X 10 COMPRIMIDOS,Dipirona - Salicilamida,COMPRIMIDOS,"MEGALABS VZL, C.A.",X 10 COMPRIMIDOS,10,5.45,9.08,true
38680,ME15805/3,PRAXONA 150 mg X 24 COMPRIMIDOS,Dipirona - Salicilamida,COMPRIMIDOS,"MEGALABS VZL, C.A.",X 24 COMPRIMIDOS,24,7.85,13.08,true
38695,ME42570/2,PREGABALINA 150 mg X 20 CAPSULAS,Pregabalina,CAPSULAS,REMUS PHARMACEUTICALS PVT. LTD.,X 20 CAPSULAS,20,13.52,22.53,true
38705,ME40343,PROVICAR 2 g / 10ml SOLUCION ORAL,,SOLUCION ORAL,"LABORATORIOS ELMOR, S.A.",,,10.52,17.53,true
38715,ME35503,"QUINOMAX 0,5% SOLUCION OFTALMICA",Moxifloxacino,SOLUCION OFTALMICA,"LABORATORIOS L.O. OFTALMI, C.A.",,,16.63,27.72,true
38716,ME29673,OTIRILIN 4 % - 1 % SOLUCION OTICA,,SOLUCION OTICA,BIOCODEX,,,15.22,25.37,true
38718,ME37058,"RAMIPRIL 2,5 mg X 30 COMPRIMIDOS",Ramipril,COMPRIMIDOS,"LABORATORIOS SPEFAR VENEZOLANOS, S.A.",X 30 COMPRIMIDOS,30,7.06,11.77,true
38723,ME43467,"RESEQUIL 0,1% LOCION TOPICA",Mometasona Furoato,SOLUCION TOPICA,"LABORATORIOS L.O. OFTALMI, C.A.",,,9.84,16.40,true
38730,ME39775/2,RIFAMIX 200 mg X 10 COMPRIMIDOS RECUBIERTOS,Rifaximina,COMPRIMIDOS,"LABORATORIOS LETI, S.A.V.",X 10 COMPRIMIDOS RECUBIERTOS,10,12.96,21.60,true
38731,ME40087,"RINARIS 2,5 mg - 30 mg /5 mL X 10 SOLUCION ORAL",,SOLUCION ORAL,LABORATORIOS FARMA S.A.,X 10 SOLUCION ORAL,10,3.83,6.38,true
38732,HO1370B,SOLUCION DE RINGER LACTATO (SOLUCION DE HARTMANN) INYECTABLE,,INYECTABLE,"LABORATORIO BEHRENS, C.A.",,,1.98,3.30,true
38733,ME43791,"RINIFLU 2,5 mg / 5 mL JARABE",Desloratadina,JARABE,"BIOTECH LABORATORIOS, C.A.",,,3.09,5.15,true
38741,ME44735,RISTONEL 100 mg X 30 COMPRIMIDOS RECUBIERTOS,Sacubitrilo - Valsartan,COMPRIMIDOS,"CALOX INTERNATIONAL, C.A.",X 30 COMPRIMIDOS RECUBIERTOS,30,29.35,48.92,true
38742,ME44734,RISTONEL 50 mg X 30 COMPRIMIDOS RECUBIERTOS,Sacubitrilo - Valsartan,COMPRIMIDOS,"CALOX INTERNATIONAL, C.A.",X 30 COMPRIMIDOS RECUBIERTOS,30,36.69,61.15,true
38748,ME44475,ROSUTAN 10 mg X 30 TABLETAS RECUBIERTAS,Rosuvastatina,TABLETAS,MACLEODS PHARMACEUTICALS LTD,X 30 TABLETAS RECUBIERTAS,30,6.11,10.18,true
38751,ME42632/3,ROSUVASTATINA 20 mg X 30 TABLETAS RECUBIERTAS,Rosuvastatina,TABLETAS,WEST-COAST PHARMACEUTICALS WORKS LTD,X 30 TABLETAS RECUBIERTAS,30,6.92,11.53,true
38757,ME37202,ROWELUK 10 mg X 10 COMPRIMIDOS RECUBIERTOS,Montelukast,COMPRIMIDOS,"MEGALABS VZL, C.A.",X 10 COMPRIMIDOS RECUBIERTOS,10,6.49,10.82,true
38758,ME37200/3,ROWELUK 4 mg X 30 COMPRIMIDOS MASTICABLES,Montelukast,COMPRIMIDOS,"MEGALABS VZL, C.A. - LABORATORIOS ROWE, SRL",X 30 COMPRIMIDOS MASTICABLES,30,4.94,8.23,true
38762,ME25529,SALBUTAMOL 40 mg/ 100 mL JARABE,Salbutamol,JARABE,"LABORATORIOS KIMICEG, C.A.",,,13.36,22.27,true
38763,ME16041,SALBUTAN 100 mcg / DOSIS X 200 SUSPENSION PARA INHALACION ORAL,,SUSPENSION ORAL,GLAXO WELCOME S.A.,X 200 SUSPENSION PARA INHALACION ORAL,200,12.36,20.60,true
38764,ME20265,"SARIFAN COMPOSITUM 0,01 g - 0,25 g X 20 TABLETAS RECUBIERTAS",,TABLETAS,C.A. PRODUCTOS RONAVA,X 20 TABLETAS RECUBIERTAS,20,7.19,11.98,true
38765,ME38854,SAVER 200 mg / 5 mL X 37 POLVO PARA SUSPENSION ORAL,Azitromicina,POLVO PARA RECONSTITUCION,"LABORATORIOS ELMOR, S.A.",X 37 POLVO PARA SUSPENSION ORAL,37,5.95,9.92,true
38770,ME31560,SECNIDAZOL 1 g X 2 TABLETAS RECUBIERTAS,Secnidazol Anhidro,TABLETAS,"LABORATORIOS KIMICEG, C.A.",X 2 TABLETAS RECUBIERTAS,2,3.39,5.65,true
38775,ME37708,SELENE 100 UI - 70 mcg X 60 CAPSULAS BLANDAS,Selenio - Vitamina A,CAPSULAS,"INDUSTRIAS INTERCAPS DE VENEZUELA, C.A.",X 60 CAPSULAS BLANDAS,60,11.56,19.27,true
38779,ME30171/3,SERLINE 50 mg X 30 COMPRIMIDOS,Sertralina,COMPRIMIDOS,"MEGALABS VZL, C.A.",X 30 COMPRIMIDOS,30,11.45,19.08,true
38783,ME31067/2,SERTRALINA 50 mg X 10 COMPRIMIDOS RECUBIERTOS,Sertralina,COMPRIMIDOS,"LABORATORIOS LETI, S.A.V.",X 10 COMPRIMIDOS RECUBIERTOS,10,2.6,4.33,true
38786,ME43842,Sertralina 50 mg X 14 Tabletas Recubiertas,Sertralina,TABLETAS,HIRAL LABS LIMITED,X 14 Tabletas Recubiertas,14,3.36,5.60,true
38793,ME43690/4,SILDENAFILO 50mg X 4 TABLETAS RECUBIERTAS,Sildenafilo,TABLETAS,"LABORATORIOS L.O. OFTALMI, C.A. - LABORATORIOS INNOVA,CA",X 4 TABLETAS RECUBIERTAS,4,5.62,9.37,true
38799,ME32020,SINUTIL JARABE,Acetaminofen - Cafeina,JARABE,"LABORATORIOS VINCENTI, C.A.",,,4.17,6.95,true
38800,ME43259/3,SITAGLIPTINA - METFORMINA CLORHIDRATO 50 mg - 500 mg X 30 TABLETAS RECUBIERTAS,Metformina - Sitagliptina,TABLETAS,REMUS PHARMACEUTICALS PVT. LTD.,X 30 TABLETAS RECUBIERTAS,30,9.43,15.72,true
38805,HO33901,SOMAZINA 1000 mg / 4 mL X 5 AMPOLLAS,Citicolina,INYECTABLE,"LABORATORIOS LETI, S.A.V.",X 5 AMPOLLAS,5,28.71,47.85,true
38806,ME44260,SUCRALFATO 100 mg / mL SUSPENSION ORAL,,SOLUCION ORAL,"BIOQUIMICA INTERNACIONAL, C.A.",,,13.56,22.60,true
38809,ME28901,SULFADIAZINA DE PLATA 1 % CREMA,,CREMA,"LABORATORIOS KIMICEG, C.A.",,,5.52,9.20,true
38827,ME38493/3,TADALAFILO 20 mg X 2 TABLETAS RECUBIERTAS,Tadalafilo,TABLETAS,"CALOX INTERNATIONAL, C.A.",X 2 TABLETAS RECUBIERTAS,2,1.83,3.05,true
38828,ME43450,TADALAFILO 5 mg X 30 TABLETAS RECUBIERTAS,Tadalafilo,TABLETAS,LABORATORIOS SIEGFRIED S.A.,X 30 TABLETAS RECUBIERTAS,30,12.15,20.25,true
38833,ME41156/2,TALYSTO 5 mg X 10 TABLETAS MASTICABLES,Tadalafilo,TABLETAS,"MANUFACTURERA MUNDIAL FARMACEUTICA M.M.F., C.A.",X 10 TABLETAS MASTICABLES,10,2.77,4.62,true
38834,ME41156/3,TALYSTO 5 mg X 30 TABLETAS MASTICABLES,Tadalafilo,TABLETAS,"MANUFACTURERA MUNDIAL FARMACEUTICA M.M.F., C.A.",X 30 TABLETAS MASTICABLES,30,7.34,12.23,true
38838,ME18855,TAMOA 250 mg / 5 mL X 6 SUSPENSION,,SUSPENSION ORAL,"BIOTECH LABORATORIOS, C.A.",X 6 SUSPENSION,6,6.91,11.52,true
38840,ME42467/2,"TAMOSTIN 0,4 mg X 20 CAPSULAS DE LIBERACION PROLONGADA",Tamsulosina,CAPSULAS,"LABORATORIOS LETI, S.A.V.",X 20 CAPSULAS DE LIBERACION PROLONGADA,20,6.64,11.07,true
38841,ME30979,"TAMSULON 0,4 mg X 30 CAPSULAS DE LIBERACION CONTROLADA",,CAPSULAS,"NOVOCAP, S.A.",X 30 CAPSULAS DE LIBERACION CONTROLADA,30,12.05,20.08,true
38847,ME36643/2,TEKRON 200 mg X 10 COMPRIMIDOS RECUBIERTOS,Sulbutiamina,COMPRIMIDOS,"LABORATORIOS LETI, S.A.V.",X 10 COMPRIMIDOS RECUBIERTOS,10,17.83,29.72,true
38850,ME28561/2,TENSOMAX 30 mg X 10 CAPSULAS DE LIBERACION PROLONGADA,Nifedipino,CAPSULAS,"LABORATORIOS LETI, S.A.V.",X 10 CAPSULAS DE LIBERACION PROLONGADA,10,6.7,11.17,true
38854,ME44418/3,TERAGRIPFORTE 650mg-20mg-2mg X 10 GRANULADO PARA SOLUCION ORAL,Acetaminofen - Cafeina - Clorfeniramina,SOLUCION ORAL,LABORATORIOS FARMA S.A.,X 10 GRANULADO PARA SOLUCION ORAL,10,5.73,9.55,true
38855,ME44418/4,TERAGRIPFORTE 650mg-20mg-2mg X 20 GRANULADO PARA SOLUCION ORAL,Acetaminofen - Cafeina - Clorfeniramina,SOLUCION ORAL,LABORATORIOS FARMA S.A.,X 20 GRANULADO PARA SOLUCION ORAL,20,9.61,16.02,true
38862,ME17508,TILODRIN 30 mg / 15 mL JARABE,,JARABE,LABORATORIOS SIEGFRIED S.A.,,,4.25,7.08,true
38873,ME37086,TIOCOLCHICOSIDO 4 mg X 12 TABLETAS,Tiocolchicosido,TABLETAS,"CALOX INTERNATIONAL, C.A.",X 12 TABLETAS,12,3.18,5.30,true
38876,ME37412,TOBRAMICINA 300 mg/5 ml SOLUCION PARA INHALACION,Tobramicina,INHALACION,"CATALENT PHARMA SOLUTIONS, LLC., USA",,,4.74,7.90,true
38877,ME24679,"TOBRASOL 0,3 % SOLUCION OFTALMICA",Tobramicina,SOLUCION OFTALMICA,"LABORATORIOS L.O. OFTALMI, C.A.",,,8.94,14.90,true
38878,ME33963,"TODENAC 0,3 % - 0,1 % SOLUCION OFTALMICA",Diclofenaco - Tobramicina,SOLUCION OFTALMICA,"LABORATORIOS L.O. OFTALMI, C.A.",,,17.18,28.63,true
38880,ME42035,TONERVOL 5 mg X 30 TABLETAS,,TABLETAS,LABORATORIOS FARMA S.A.,X 30 TABLETAS,30,17.81,29.68,true
38884,ME40295,TRACEVAL 500 mg - 50 mg X 20 TABLETAS,,TABLETAS,"LABORATORIOS VALMOR, C.A.",X 20 TABLETAS,20,14.39,23.98,true
38889,ME30065,TRAMAL LONG 150 mg X 20 TABLETAS RECUBIERTAS DE LIBERACION PROLONGADA,,TABLETAS,TECNANDINA S.A.,X 20 TABLETAS RECUBIERTAS DE LIBERACION PROLONGADA,20,39.13,65.22,true
38897,ME23718,TRIPUR 80 mg - 400 mg X 20 COMPRIMIDOS,Sulfametoxazol,COMPRIMIDOS,"LABORATORIO LA SANTE, C.A.",X 20 COMPRIMIDOS,20,8.55,14.25,true
38910,ME43451,"UROSINA 0,4 mg X 30 TABLETAS RECUBIERTAS DE LIBERACION PROLONGADA",,TABLETAS,RONALD PHARMACEUTICALS PVT. LTD.,X 30 TABLETAS RECUBIERTAS DE LIBERACION PROLONGADA,30,18.12,30.20,true
38916,ME31624/3,VALSARTAN 160 mg X 14 CAPSULAS,Valsartan,CAPSULAS,"LABORATORIOS LETI, S.A.V.",X 14 CAPSULAS,14,5.07,8.45,true
38918,ME38559/3,"VALSARTAN - HIDROCLOROTIAZIDA 160 mg - 12,5 mg X 30 TABLETAS RECUBIERTAS",Hidroclorotiazida - Valsartan,TABLETAS,"LABORATORIOS VALMOR, C.A.",X 30 TABLETAS RECUBIERTAS,30,7.47,12.45,true
38922,ME35562/3,"VALSARTAN - HIDROCLOROTIAZIDA 80 mg - 12,5 mg X 20 TABLETAS RECUBIERTAS",,TABLETAS,"CALOX INTERNATIONAL, C.A.",X 20 TABLETAS RECUBIERTAS,20,5.47,9.12,true
38926,ME38613,"VALSARTAN - HIDROCLOROTIAZIDA 80 mg - 12,5 mg X 30 TABLETAS RECUBIERTAS",Hidroclorotiazida - Valsartan,TABLETAS,"LABORATORIOS VALMOR, C.A.",X 30 TABLETAS RECUBIERTAS,30,5.5,9.17,true
38930,ME35526/3,"VALSARTAN - HIDROCLOROTIAZIDA 80 mg - 12,5 mg X 30 TABLETAS RECUBIERTAS",Hidroclorotiazida - Valsartan,TABLETAS,CALOX DE COSTA RICA S.A.,X 30 TABLETAS RECUBIERTAS,30,5.1,8.50,true
38932,ME37644/2,VALSARTAN 80 mg X 14 CAPSULAS,Valsartan,CAPSULAS,"SM PHARMA, C.A.",X 14 CAPSULAS,14,4.42,7.37,true
38933,ME37644/3,VALSARTAN 80 mg X 30 CAPSULAS,Valsartan,CAPSULAS,"SM PHARMA, C.A.",X 30 CAPSULAS,30,7.67,12.78,true
38945,ME43348/3,DIOSMINA - HESPERIDINA 450 mg - 50 mg X 30 CAPSULAS BLANDAS,Hesperidina,CAPSULAS,"CALOX INTERNATIONAL, C.A.",X 30 CAPSULAS BLANDAS,30,16.99,28.32,true
38946,ME43348/2,DIOSMINA - HESPERIDINA 450 mg - 50 mg X 10 CAPSULAS BLANDAS,Hesperidina,CAPSULAS,"CALOX INTERNATIONAL, C.A.",X 10 CAPSULAS BLANDAS,10,7.98,13.30,true
38953,ME37137,VIROSUPRIL 5 % CREMA,Imiquimod,CREMA,ARBOFARMA S.A.S.,,,31.82,53.03,true
38954,ME41583,DARLIDE 1.000 UI X 100 CAPSULAS BLANDAS,Vitamina D3,CAPSULAS,"INDUSTRIAS INTERCAPS DE VENEZUELA, C.A.",X 100 CAPSULAS BLANDAS,100,13.91,23.18,true
38961,ME44594/2,DEROVIT 5000 UI X 60 CÁPSULAS BLANDAS,Vitamina D3,CAPSULAS,"INDUSTRIAS INTERCAPS DE VENEZUELA, C.A.",X 60 CÁPSULAS BLANDAS,60,5.32,8.87,true
38962,ME44594/3,DEROVIT 5000 UI X 100 CÁPSULAS BLANDAS,Vitamina D3,CAPSULAS,"INDUSTRIAS INTERCAPS DE VENEZUELA, C.A.",X 100 CÁPSULAS BLANDAS,100,5.19,8.65,true
38966,ME23088,CALCIO OSTELIN 175 mg - 60 UI / 5 mL SUSPENSION,Vitamina D3,SUSPENSION ORAL,LABORATORIOS FARMA S.A.,,,5.58,9.30,true
38970,HO16233,VITAMINA K1 10 mg / mL X 3 AMPOLLAS,,INYECTABLE,"MEGALABS VZL, C.A.",X 3 AMPOLLAS,3,8.44,14.07,true
38973,ME27330,VITAMINA E 100 mg X 60 CAPSULAS BLANDAS,,CAPSULAS,"INDUSTRIAS INTERCAPS DE VENEZUELA, C.A.",X 60 CAPSULAS BLANDAS,60,12.99,21.65,true
38974,ME36327,HISTAGRIP FORTE X 10 TABLETAS RECUBIERTAS,Acetaminofen - Pseudoefedrina,TABLETAS,"CALOX INTERNATIONAL, C.A.",X 10 TABLETAS RECUBIERTAS,10,1.12,1.87,true
38978,ME38380,VIZERUL 150 mg / 10 mL X 10 SOLUCION ORAL,,SOLUCION ORAL,"ESPECIALIDADES DOLLDER, C.A.",X 10 SOLUCION ORAL,10,6.06,10.10,true
38982,HO41121/2,XANEXTRA 500 mg / 5 mL X 1 AMPOLLAS,Tranexamico Acido,INYECTABLE,SWISS PARENTERALS LTD,X 1 AMPOLLAS,1,4.2,7.00,true
38988,ME44211,PRAMIPEXOL 1 mg X 28 TABLETAS,Citrato Magnesio - Manitol - Povidona - Pramipexol,TABLETAS,"JIANGXI SYNERGY PHARMACEUTICAL CO., LTD",X 28 TABLETAS,28,23.49,39.15,true
38990,ME33445,"ZALDIAR 37,5 mg - 325 mg X 20 COMPRIMIDOS RECUBIERTOS",Acetaminofen,COMPRIMIDOS,TECNANDINA S.A. TENSA,X 20 COMPRIMIDOS RECUBIERTOS,20,31.94,53.23,true
38992,ME32695,REDOXON ZINC X 100 COMPRIMIDOS EFERVESCENTES,Vitamina C - Zinc,COMPRIMIDOS,"BAYER, S.A.",X 100 COMPRIMIDOS EFERVESCENTES,100,15.09,25.15,true
38994,ME43669/3,"VITADYN C ZINC 500mg - 7,5mg X 60 CÁPSULAS",Ascorbico Acido - Zinc Sulfato Heptahidrato,CAPSULAS,"LABORATORIOS L.O. OFTALMI, C.A. - LABORATORIOS INNOVA,CA",X 60 CÁPSULAS,60,10.56,17.60,true
38995,ME24576,ZITOXIL 3 % SOLUCION,Minoxidil,LOCION,"LABORATORIOS ELMOR, S.A.",,,9.57,15.95,true
39005,ME37539,ZUDENINA 0.1 % CREMA,Adapaleno,CREMA,"MEGALABS VZL, C.A.",,,8.47,14.12,true
39007,ME39020,ACETAMINOFEN 1000 mg COMPRIMIDOS,Acetaminofen,COMPRIMIDOS,"LABORATORIOS SPEFAR VENEZOLANOS, S.A.",,,2.6,4.33,true
39010,ME33906,ACETAMINOFEN 650 mg X 10 TABLETAS,Acetaminofen,TABLETAS,"CALOX INTERNATIONAL, C.A.",X 10 TABLETAS,10,0.52,0.87,true
39012,ME43427/3,ACETAMINOFEN 500 mg X 30 TABLETAS,Acetaminofen,TABLETAS,"LABORATORIOS L.O. OFTALMI, C.A.",X 30 TABLETAS,30,1.5,2.50,true
39013,ME41663,ACETAMINOFEN 650 mg X 10 COMPRIMIDOS,Acetaminofen,COMPRIMIDOS,"LABORATORIOS LETI, S.A.V.",X 10 COMPRIMIDOS,10,0.5,0.83,true
39014,ME42908,ACETAMINOFEN 120 mg / 5 mL X 10 SOLUCION ORAL,,SOLUCION ORAL,"LABORATORIOS L.O. OFTALMI, C.A.",X 10 SOLUCION ORAL,10,0.36,0.60,true
39015,ME1388,ACIDO ASCORBICO 10 % SOLUCION ORAL EN GOTAS,Ascorbico Acido,GOTAS,"LABORATORIO QUIM-FAR, C.A.",,,1.47,2.45,true
39016,ME42715,ACICLOR NANOPHARM 5 % CREMA,Aciclovir,CREMA,"LABORATORIOS LETI, S.A.V.",,,10.45,17.42,true
39017,ME37056,ACIDO ACETIL SALICILICO 81 mg X 30 COMPRIMIDOS ENTERICOS,Acetilsalicilico Acido,COMPRIMIDOS,"LABORATORIOS SPEFAR VENEZOLANOS, S.A.",X 30 COMPRIMIDOS ENTERICOS,30,4.15,6.92,true
39019,ME29911/3,ACIDO FOLICO 10 mg X 30 TABLETAS,Folico Acido,TABLETAS,LABORATORIOS SIEGFRIED S.A.,X 30 TABLETAS,30,2.36,3.93,true
39020,ME33987,ACIDO FOLICO 10 mg / mL SOLUCION ORAL,Folico Acido,SOLUCION ORAL,"LABORATORIOS LETI, S.A.V.",,,1.53,2.55,true
39021,ME22033,ACIDO FOLICO 10 mg COMPRIMIDOS,Folico Acido,COMPRIMIDOS,"LABORATORIOS VALMOR, C.A.",,,5.58,9.30,true
39022,ME29912,ACIDO FOLICO 5 mg X 30 TABLETAS,Folico Acido,TABLETAS,LABORATORIOS SIEGFRIED S.A.,X 30 TABLETAS,30,2.84,4.73,true
39023,ME31178,ACIDO FOLICO 10 mg / mL SOLUCION ORAL,Folico Acido,SOLUCION ORAL,LABORATORIOS SIEGFRIED S.A.,,,7.05,11.75,true
39024,HO32565,DEXTROSA AL 5 % EN AGUA DESTILADA SOLUCION INYECTABLE,,INYECTABLE,"LABORATORIO BEHRENS, C.A.",,,4.97,8.28,true
39025,ME43679,"AIREX 0,05% SOLUCION NASAL",Oximetazolina,SOLUCION NASAL,"MANUFACTURERA MUNDIAL FARMACEUTICA, M.M.F, C.A.",,,4.35,7.25,true
39026,ME44293,"OLOCOF 0,02% SOLUCIÓN OFTÁLMICA ",Olopatadina,SOLUCION OFTALMICA,"LABORATORIO COFASA, S.A.",,,5.4,9.00,true
39027,ME33777/2,AIRON 5 mg X 10 TABLETAS MASTICABLES,Montelukast,TABLETAS,"LABORATORIOS L.O. OFTALMI, C.A.",X 10 TABLETAS MASTICABLES,10,2.35,3.92,true
39029,ME39048/2,ALBENDAZOL 200 mg X 2 TABLETAS MASTICABLES SABOR A BANANA,Albendazol,TABLETAS,"CALOX INTERNATIONAL, C.A.",X 2 TABLETAS MASTICABLES SABOR A BANANA,2,1.23,2.05,true
39030,ME39048/3,ALBENDAZOL 200 mg X 6 TABLETAS MASTICABLES SABOR A BANANA,Albendazol,TABLETAS,"CALOX INTERNATIONAL, C.A.",X 6 TABLETAS MASTICABLES SABOR A BANANA,6,2.31,3.85,true
39031,ME37677,"SECNIDAZOL - ITRACONAZOL 166,66 mg - 33,33 mg X 12 CAPSULAS",Itraconazol - Secnidazol Anhidro,CAPSULAS,"CALOX INTERNATIONAL, C.A.",X 12 CAPSULAS,12,12.6,21.00,true
39032,ME34717,ALIPAL FORTE NOCHE 650 mg - 4 mg X 12 CAPSULAS,Acetaminofen - Clorfeniramina,CAPSULAS,"BIOTECH LABORATORIOS, C.A.",X 12 CAPSULAS,12,3.69,6.15,true
39033,ME32123,ALIVETNOC 500 mg - 3 mg GRANULADO SABOR LIMON - MIEL,Acetaminofen - Clorfeniramina,GRANULADOS,"LABORATORIOS LETI, S.A.V.",,,5.16,8.60,true
39034,ME41701,ALIVET PLUS COMPRIMIDOS RECUBIERTOS,Acetaminofen - Clorfeniramina - Dextrometorfano - Fenilefrina,COMPRIMIDOS,"LABORATORIOS LETI, S.A.V.",,,4.96,8.27,true
39035,ME30270/2,AMLODIPINA 10 mg X 20 TABLETAS,Amlodipino,TABLETAS,"LABORATORIOS KIMICEG, C.A.",X 20 TABLETAS,20,1.74,2.90,true
39036,ME30270/3,AMLODIPINA 10 mg X 30 TABLETAS,Amlodipino,TABLETAS,"LABORATORIOS KIMICEG, C.A.",X 30 TABLETAS,30,1.81,3.02,true
39037,ME42427,AMLODIPINO 10 mg X 20 COMPRIMIDOS,,COMPRIMIDOS,"LABORATORIOS SPEFAR VENEZOLANOS, S.A.",X 20 COMPRIMIDOS,20,3.42,5.70,true
39038,ME40042,AMLODIPINA - VALSARTAN 10 mg - 160 mg COMPRIMIDOS RECUBIERTOS,Amlodipino - Valsartan,COMPRIMIDOS,"LABORATORIOS LETI, S.A.V.",,,2.54,4.23,true
39039,ME44262,BISOPROLOL FUMARATO - AMLODIPINA 5 mg - 10 mg COMPRIMIDOS,Amlodipino - Bisoprolol,COMPRIMIDOS,"LABORATORIOS LETI, S.A.V.",,,0.87,1.45,true
39040,ME42428,AMLODIPINO 5 mg X 20 COMPRIMIDOS,,COMPRIMIDOS,"LABORATORIOS SPEFAR VENEZOLANOS, S.A.",X 20 COMPRIMIDOS,20,3.34,5.57,true
39041,ME30269,AMLODIPINA 5 mg X 30 TABLETAS,Amlodipino,TABLETAS,"LABORATORIOS KIMICEG, C.A.",X 30 TABLETAS,30,1.93,3.22,true
39042,ME32836/2,AMOVIN 500 mg X 3 TABLETAS RECUBIERTAS,Azitromicina,TABLETAS,"LABORATORIO COFASA, S.A.",X 3 TABLETAS RECUBIERTAS,3,2.1,3.50,true
39044,ME29931,AMOXICILINA 250 mg / 5 mL POLVO PARA SUSPENSION ORAL,,POLVO PARA RECONSTITUCION,"LABORATORIOS SPEFAR VENEZOLANOS, S.A.",,,4.71,7.85,true
39045,ME35012,AMOXICILINA 500 mg X 12 CAPSULAS,Amoxicilina,CAPSULAS,"LABORATORIOS VALMOR, C.A.",X 12 CAPSULAS,12,3.95,6.58,true
39046,ME32087,AMOXICILINA 750 mg / 5 mL POLVO PARA SUSPENSION ORAL,Amoxicilina,POLVO PARA RECONSTITUCION,"LABORATORIOS SPEFAR VENEZOLANOS, S.A.",,,6.2,10.33,true
39047,ME34160,AMOXICILINA - ACIDO CLAVULANICO 400 mg - 57 mg / 5 mL  POLVO PARA SUSPENSION ORAL,Amoxicilina - Clavulanato Potasio,POLVO PARA RECONSTITUCION,"LABORATORIOS LETI, S.A.V.",,,9.58,15.97,true
39048,ME43043,"AMOXIVALAC 250 mg - 62,5 mg / 5 mL POLVO PARA SUSPENSION ORAL",Amoxicilina - Clavulanato Potasio,POLVO PARA RECONSTITUCION,"LABORATORIOS VALMOR, C.A.",,,9.67,16.12,true
39049,ME43949,"AMOXIVALAC 600 mg – 42,9 mg / 5 mL POLVO PARA SUSPENSIÓN ORAL",Amoxicilina,POLVO PARA RECONSTITUCION,"LABORATORIOS VALMOR, C.A.",,,12.51,20.85,true
39050,ME42339,"AMPROVIL 0,5 mg X 30 CAPSULAS.",Dutasterida,CAPSULAS,"LABORATORIOS LETI, S.A.V.",X 30 CAPSULAS.,30,8.73,14.55,true
39059,ME18498,ANTIFOM 80 mg / mL SUSPENSION ORAL,Simeticona,SUSPENSION ORAL,"LABORATORIOS VARGAS, S.A.",,,4.63,7.72,true
39069,ME42367,APLACAL 750 mg X 80 TABLETAS MASTICABLES SABOR A MANDARINA,,TABLETAS,LABORATORIOS SIEGFRIED S.A.,X 80 TABLETAS MASTICABLES SABOR A MANDARINA,80,13.61,22.68,true
39070,ME38655/2,ARANDA 5 mg - 50 mg X 10 CAPSULAS,Losartan,CAPSULAS,LABORATORIOS FARMA S.A.,X 10 CAPSULAS,10,4.39,7.32,true
39071,ME38655/3,ARANDA 5 mg - 50 mg X 30 CAPSULAS,Losartan,CAPSULAS,LABORATORIOS FARMA S.A.,X 30 CAPSULAS,30,12.51,20.85,true
39072,ME28426,ARBIXIL 15 mg - 10 mcg / 5 mL JARABE,Ambroxol,JARABE,LABORATORIOS SIEGFRIED S.A.,,,12.4,20.67,true
39073,ME28401,"ARBIXIL 7,5 mg - 5 mcg / 5 mL JARABE",Ambroxol,JARABE,LABORATORIOS SIEGFRIED S.A.,,,11.27,18.78,true
39076,ME31478,ARTRODAR 50 mg X 30 CAPSULAS,Diacereina,CAPSULAS,"LABORATORIOS LETI, S.A.V.",X 30 CAPSULAS,30,21.5,35.83,true
39077,ME41093,"ASCAFYL SC 80 mg -  0,4 mg / mL SOLUCION ORAL",Acetaminofen - Clorfeniramina,SOLUCION ORAL,LABORATORIOS SIEGFRIED S.A.,,,6.95,11.58,true
39078,ME43205,ASPIXAN 81 mg X 100 TABLETAS CON RECUBRIMIENTO ENTERICO,Acetilsalicilico Acido,TABLETAS,"BIOTECH LABORATORIOS, C.A.",X 100 TABLETAS CON RECUBRIMIENTO ENTERICO,100,5.23,8.72,true
39080,ME19620,ATAMEL 100 mg / mL SOLUCION ORAL,Acetaminofen,SOLUCION ORAL,"CALOX INTERNATIONAL, C.A.",,,3.2,5.33,true
39082,ME26047,ATENOLOL 100 mg COMPRIMIDOS,Atenolol,COMPRIMIDOS,"LABORATORIOS LETI, S.A.V.",,,6.45,10.75,true
39083,ME27910,ATENOLOL 50 mg X 30 COMPRIMIDOS,Atenolol,COMPRIMIDOS,"LABORATORIOS KIMICEG, C.A.",X 30 COMPRIMIDOS,30,4.5,7.50,true
39084,ME43982,ATORVASTATINA - EZETIMIBA 20 mg - 10 mg COMPRIMIDOS RECUBIERTOS,Atorvastatina - Ezetimiba,COMPRIMIDOS,"LABORATORIOS LETI, S.A.V.",,,2.47,4.12,true
39085,ME39008,ATORVASTATINA 20 mg COMPRIMIDOS RECUBIERTOS,Atorvastatina,COMPRIMIDOS,"LABORATORIOS SPEFAR VENEZOLANOS, S.A.",,,3.5,5.83,true
39086,ME42454,ATORVASTATINA 40 mg COMPRIMIDOS RECUBIERTOS,Atorvastatina,COMPRIMIDOS,"LABORATORIOS SPEFAR VENEZOLANOS, S.A.",,,4.24,7.07,true
39090,ME28805,AZITROMICINA 500 mg COMPRIMIDOS RECUBIERTOS,Azitromicina,COMPRIMIDOS,"LABORATORIOS LETI, S.A.V.",,,2.27,3.78,true
39091,MI19054,"AZUTAN 0,15 % COLUTORIO",Bencidamina,,"BIOTECH LABORATORIOS, C.A.",,,2.74,4.57,true
39092,ME20308,BACITRACINA 500 UI / g UNGUENTO,Bacitracina,UNGUENTO,"MEGALABS VZL, C.A.",,,4.24,7.07,true
39093,ME19402,BALSADER POMADA,Alcanfor - Mentol - Salicilato Metilo,POMADA,"LABORATORIOS KIMICEG, C.A.",,,2.13,3.55,true
39094,ME40374,"BETADERM 0,05 % CREMA",Betametasona,CREMA,"BIOTECH LABORATORIOS, C.A.",,,2.51,4.18,true
39095,ME16167,"BETADERM CON GENTAMICINA 0,1 % - 0,1 % X 1 CREMA",Betametasona - Gentamicina,CREMA,"BIOTECH LABORATORIOS, C.A.",X 1 CREMA,1,5.19,8.65,true
39096,HO22899,BETAMETASONA 4 mg / mL X 1 AMPOLLAS,,INYECTABLE,"LABORATORIOS VALMOR, C.A.",X 1 AMPOLLAS,1,4.94,8.23,true
39099,ME38313,OLMESARTAN MEDOXOMILO 40 mg X 30 TABLETAS RECUBIERTAS,,TABLETAS,"CALOX INTERNATIONAL, C.A.",X 30 TABLETAS RECUBIERTAS,30,12.34,20.57,true
39100,ME44036,CARIBAN FORTE 20 mg - 20 mg X 20 COMPRIMIDOS RECUBIERTOS DE LIBERACION CONTROLADA,Doxilamina - Piridoxina,COMPRIMIDOS,"LABORATORIOS LETI, S.A.V.",X 20 COMPRIMIDOS RECUBIERTOS DE LIBERACION CONTROLADA,20,12.74,21.23,true
39101,ME44721,BIOTALOL PE 10 mg - 5 mg COMPRIMIDOS RECUBIERTOS,Bisoprolol - Perindopril,COMPRIMIDOS,"LABORATORIOS LETI, S.A.V.",,,10.48,17.47,true
39103,ME44717,BIOTALOL PE 5 mg - 10 mg COMPRIMIDOS RECUBIERTOS ,Bisoprolol - Perindopril,COMPRIMIDOS,"LABORATORIOS LETI, S.A.V.",,,2.29,3.82,true
39107,ME42420,BISOPROLOL FUMARATO 5 mg COMPRIMIDOS RECUBIERTOS,Bisoprolol,COMPRIMIDOS,"LABORATORIOS SPEFAR VENEZOLANOS, S.A.",,,3.71,6.18,true
39108,ME42429,"BISOPROLOL FUMARATO - HIDROCLOROTIAZIDA 10 mg - 6,25 mg COMPRIMIDOS RECUBIERTOS",Hidroclorotiazida,COMPRIMIDOS,"LABORATORIOS SPEFAR VENEZOLANOS, S.A.",,,3.82,6.37,true
39110,ME42419,"BISOPROLOL FUMARATO 2,5 mg COMPRIMIDOS RECUBIERTOS",Bisoprolol,COMPRIMIDOS,"LABORATORIOS SPEFAR VENEZOLANOS, S.A.",,,3.61,6.02,true
39111,ME39034,"BISOPROLOL FUMARATO - HIDROCLOROTIAZIDA 5 mg - 6,25 mg COMPRIMIDOS RECUBIERTOS",,COMPRIMIDOS,"LABORATORIOS LETI, S.A.V.",,,5.86,9.77,true
39113,HO16263/3,BRAL 500 mg / mL X 100 AMPOLLAS,Dipirona,INYECTABLE,"BIOTECH LABORATORIOS, C.A.",X 100 AMPOLLAS,100,14.94,24.90,true
39114,HO16263/2,BRAL 500 mg / mL X 20 AMPOLLAS,Dipirona,INYECTABLE,"BIOTECH LABORATORIOS, C.A.",X 20 AMPOLLAS,20,3.74,6.23,true
39115,ME41912,BRASARTAN 80 mg X 30 CAPSULAS,Valsartan,CAPSULAS,LABORATORIOS FARMA S.A.,X 30 CAPSULAS,30,12.48,20.80,true
39116,ME42373,"BRASARTAN CTDN 160 mg - 12,5 mg X 30 TABLETAS RECUBIERTAS",Clortalidona - Valsartan,TABLETAS,LABORATORIOS FARMA S.A.,X 30 TABLETAS RECUBIERTAS,30,25.3,42.17,true
39117,ME40193,BROLAT 5 mg - 30 mg / 5 mL X 10 SOLUCION ORAL,Ambroxol - Loratadina,SOLUCION ORAL,LABORATORIOS SIEGFRIED S.A.,X 10 SOLUCION ORAL,10,4.18,6.97,true
39118,ME42603,BROMHEXINA CLORHIDRATO 4 mg / 5 mL JARABE,Bromhexina,JARABE,"LABORATORIO QUIM-FAR, C.A.",,,1.71,2.85,true
39119,ME37021,CALCIO OSTELIN FORTE 300 mg - 200 UI / 5 mL X 30 SUSPENSION,Vitamina D3,SUSPENSION ORAL,LABORATORIOS FARMA S.A.,X 30 SUSPENSION,30,9.67,16.12,true
39120,ME44634,CAMPAL P 15 mg / mL SUSPENSIÓN ORAL,Diclofenaco,SOLUCION ORAL,LABORATORIOS SIEGFRIED S.A.,,,7.33,12.22,true
39121,ME42750,CANDESARTAN CILEXETILO 8 mg COMPRIMIDOS,Candesartan,COMPRIMIDOS,"LABORATORIOS SPEFAR VENEZOLANOS, S.A.",,,3.86,6.43,true
39122,ME28953/3,CAPTOPRIL 25 mg X 30 TABLETAS,Captopril,TABLETAS,"LABORATORIOS KIMICEG, C.A.",X 30 TABLETAS,30,3.21,5.35,true
39123,ME28953/2,CAPTOPRIL 25 mg X 20 TABLETAS,Captopril,TABLETAS,"LABORATORIOS KIMICEG, C.A.",X 20 TABLETAS,20,2.43,4.05,true
39124,ME36838,CARBAMAZEPINA 200 mg COMPRIMIDOS RECUBIERTOS DE LIBERACION CONTROLADA,Carbamazepina,COMPRIMIDOS,"LABORATORIOS LETI, S.A.V.",,,6.14,10.23,true
39126,ME43806,CARBETAL 8 mg X 30 TABLETAS,Candesartan Cilexetilo,TABLETAS,"LABORATORIO COFASA, S.A.",X 30 TABLETAS,30,2.64,4.40,true
39127,ME43086,"CARICEL 2 mg - 0,02 mg COMPRIMIDOS RECUBIERTOS",Etinilestradiol,COMPRIMIDOS,"LABORATORIOS LETI, S.A.V.",,,19.52,32.53,true
39129,ME35571/3,"CARVEDILOL 12,5 mg X 30 TABLETAS RECUBIERTAS",Carvedilol,TABLETAS,"LABORATORIOS KIMICEG, C.A.",X 30 TABLETAS RECUBIERTAS,30,2.54,4.23,true
39132,ME36892,"CARVEDILOL 6,25 mg COMPRIMIDOS",Carvedilol,COMPRIMIDOS,"LABORATORIOS SPEFAR VENEZOLANOS, S.A.",,,3.41,5.68,true
39133,ME43851,CETERIX 10 mg COMPRIMIDOS,Cetirizina,COMPRIMIDOS,"MEGALABS VZL, C.A.",,,1.23,2.05,true
39134,ME36608,CETIRIZINA CLORHIDRATO 10 mg / mL SOLUCION ORAL GOTAS,Cetirizina,SOLUCION ORAL,"LABORATORIOS SPEFAR VENEZOLANOS, S.A.",,,2.76,4.60,true
39136,HO33073,CLORHIDRATO DE MORFINA 10 mg / mL X 10 AMPOLLAS,,INYECTABLE,"BIOTECH LABORATORIOS, C.A.",X 10 AMPOLLAS,10,1.19,1.98,true
39141,ME30837,CIPROFLOXACINA 500 mg X 6 TABLETAS RECUBIERTAS,,TABLETAS,"LABORATORIOS KIMICEG, C.A.",X 6 TABLETAS RECUBIERTAS,6,1.74,2.90,true
39142,ME32032,CIPROFLOXACINA 750 mg COMPRIMIDOS RECUBIERTOS,,COMPRIMIDOS,"LABORATORIOS SPEFAR VENEZOLANOS, S.A.",,,4.74,7.90,true
39143,ME33398,CLARITROMICINA 500 mg COMPRIMIDOS RECUBIERTOS,Claritromicina,COMPRIMIDOS,"LABORATORIOS SPEFAR VENEZOLANOS, S.A.",,,7.72,12.87,true
39144,ME42557,CLINDAMICINA 300 mg X 16 CAPSULAS,Clindamicina,CAPSULAS,"LABORATORIOS SPEFAR VENEZOLANOS, S.A.",X 16 CAPSULAS,16,8.94,14.90,true
39145,HO36380,CLINDOX - D 12 mg / mL SOLUCION INYECTABLE PARA INFUSION INTRAVENOSA,Clindamicina,INYECTABLE,"LABORATORIO BEHRENS, C.A.",,,7.46,12.43,true
39146,ME34986,GYNO CLOCIM 1% CREMA VAGINAL,Clotrimazol,CREMA,"LABORATORIOS KIMICEG, C.A.",,,2.41,4.02,true
39147,ME36885,CLOPIDOGREL 75 mg COMPRIMIDOS RECUBIERTOS,Clopidogrel,COMPRIMIDOS,"LABORATORIOS SPEFAR VENEZOLANOS, S.A.",,,3.69,6.15,true
39148,ME44238/2,CLORACE 500 mg – 4 mg X 10 GRANULOS PARA SOLUCIÓN ORAL SABOR A LIMÓN,Acetaminofen - Clorfenamina,SOLUCION ORAL,"LABORATORIO COFASA, S.A.",X 10 GRANULOS PARA SOLUCIÓN ORAL SABOR A LIMÓN,10,2.39,3.98,true
39149,ME44238/3,CLORACE 500 mg – 4 mg X 20 GRANULOS PARA SOLUCIÓN ORAL SABOR A LIMÓN,Acetaminofen - Clorfenamina,SOLUCION ORAL,"LABORATORIO COFASA, S.A.",X 20 GRANULOS PARA SOLUCIÓN ORAL SABOR A LIMÓN,20,3.82,6.37,true
39150,HO32581,"CLORURO DE POTASIO 7,5 % SOLUCION HIPERTONICA X 1 AMPOLLAS",,INYECTABLE,"LABORATORIO BEHRENS, C.A.",X 1 AMPOLLAS,1,8.86,14.77,true
39151,HO32515,CLORURO DE SODIO AL 20 % SOLUCION HIPERTONICA INYECTABLE,,INYECTABLE,"LABORATORIO BEHRENS, C.A.",,,8.28,13.80,true
39152,ME34772,CLOTRIMAZOL 1 % CREMA VAGINAL,Clotrimazol,CREMA,"LABORATORIOS KIMICEG, C.A.",,,2.39,3.98,true
39153,ME26813,CLOTRIMAZOL 1 % CREMA,Clotrimazol,CREMA,"LABORATORIOS LETI, S.A.V.",,,3.28,5.47,true
39154,ME44093,COFASUR 160 mg X 30 TABLETAS RECUBIERTAS,Valsartan,TABLETAS,"LABORATORIO COFASA, S.A.",X 30 TABLETAS RECUBIERTAS,30,4.7,7.83,true
39155,ME44636,"COFASUR PLUS 80 mg - 12,5 mg X 30 TABLETAS RECUBIERTAS",Clortalidona - Valsartan,TABLETAS,"LABORATORIO COFASA, S.A.",X 30 TABLETAS RECUBIERTAS,30,5.85,9.75,true
39157,HO1278,TIMOGLOBULINA (INMUNOGLOBULINA DE CONEJO ANTITIMOCITOS HUMANOS) 5 mg / mL X 3 AMPOLLAS,Inmunoglobulina Conejo Antitimocitos Humanos,INYECTABLE,"CALOX INTERNATIONAL, C.A.",X 3 AMPOLLAS,3,3.66,6.10,true
39158,ME1412,COMPLEJO DE VITAMINA B X 20 TABLETAS,,TABLETAS,"LABORATORIOS SPEFAR VENEZOLANOS, S.A.",X 20 TABLETAS,20,3.59,5.98,true
39159,ME34030,TERAGRIPFORTE DIA 650 mg - 30 mg X 20 TABLETAS RECUBIERTAS,Acetaminofen - Paracetamol - Pseudoefedrina,TABLETAS,LABORATORIOS FARMA S.A.,X 20 TABLETAS RECUBIERTAS,20,8.51,14.18,true
39164,ME31744,"COVENTROL 12,5 mg COMPRIMIDOS",Carvedilol,COMPRIMIDOS,"LABORATORIOS LETI, S.A.V.",,,6.26,10.43,true
39169,ME39525/3,DOL FORTE 500 mg - 65 mg X 10 TABLETAS,Acetaminofen - Cafeina,TABLETAS,"CALOX INTERNATIONAL, C.A.",X 10 TABLETAS,10,4.25,7.08,true
39170,ME39525/2,DOL FORTE 500 mg - 65 mg X 4 TABLETAS,Acetaminofen - Cafeina,TABLETAS,"CALOX INTERNATIONAL, C.A.",X 4 TABLETAS,4,19.38,32.30,true
39172,ME42595,DEFLAZACORT 6 mg COMPRIMIDOS,Deflazacort,COMPRIMIDOS,"LABORATORIOS SPEFAR VENEZOLANOS, S.A.",,,3.82,6.37,true
39173,ME42426,ZARCOT 6 mg X 10 TABLETAS,Deflazacort,TABLETAS,"CALOX INTERNATIONAL, C.A.",X 10 TABLETAS,10,8.8,14.67,true
39174,ME40804,"DERMAZOL 0,05 % UNGUENTO",Clobetasol,UNGUENTO,"MEGALABS VZL, C.A.",,,12.34,20.57,true
39175,ME40790,"DERMAZOL 0,05 % CREMA",Clobetasol Propionato,CREMA,"MEGALABS VZL, C.A.",,,10.04,16.73,true
39176,ME35191,"DESLORATADINA 0,5 mg / mL SOLUCION ORAL",Desloratadina,SOLUCION ORAL,"LABORATORIOS LETI, S.A.V.",,,3.72,6.20,true
39177,ME42524,"DESLORATADINA 2,5 mg / 5 mL JARABE",Desloratadina,JARABE,LABORATORIOS SIEGFRIED S.A.,,,4.19,6.98,true
39179,ME43570,DESLORATADINA - MONTELUKAST 5 mg - 10 mg COMPRIMIDOS RECUBIERTOS,Desloratadina - Montelukast,COMPRIMIDOS,"LABORATORIOS LETI, S.A.V.",,,2.14,3.57,true
39180,ME36359,DESLORATADINA 5 mg X 10 TABLETAS RECUBIERTAS,Desloratadina,TABLETAS,"LABORATORIOS KIMICEG, C.A.",X 10 TABLETAS RECUBIERTAS,10,1.64,2.73,true
39181,ME43091,DESLORATADINA 5 mg X 10 TABLETAS RECUBIERTAS,Desloratadina,TABLETAS,LABORATORIOS SIEGFRIED S.A.,X 10 TABLETAS RECUBIERTAS,10,2.03,3.38,true
39185,ME30174,DICLOFENACO POTASICO 50 mg X 20 TABLETAS RECUBIERTAS,Diclofenaco,TABLETAS,"LABORATORIOS KIMICEG, C.A.",X 20 TABLETAS RECUBIERTAS,20,1.06,1.77,true
39186,ME28153,DICLOFENAC POTASICO 50 mg COMPRIMIDOS RECUBIERTOS,Diclofenaco,COMPRIMIDOS,"LABORATORIOS LETI, S.A.V.",,,0.62,1.03,true
39187,ME35439,DICLOFENAC POTASICO 50 mg X 20 COMPRIMIDOS RECUBIERTOS,Diclofenaco,COMPRIMIDOS,"LABORATORIOS SPEFAR VENEZOLANOS, S.A.",X 20 COMPRIMIDOS RECUBIERTOS,20,3.56,5.93,true
39189,ME38307,DIFEN PLUS X 10 TABLETAS,Acetaminofen - Cafeina,TABLETAS,LABORATORIOS SIEGFRIED S.A.,X 10 TABLETAS,10,3.01,5.02,true
39190,ME43966,LERCANIDIPINO 10 mg X 10 COMPRIMIDOS RECUBIERTOS,Acetaminofen - Lercanidipino,COMPRIMIDOS,"LABORATORIOS VARGAS, S.A.",X 10 COMPRIMIDOS RECUBIERTOS,10,5.94,9.90,true
39191,ME27471,DIKLASON 50 mg COMPRIMIDOS RECUBIERTOS,Diclofenaco,COMPRIMIDOS,"LABORATORIOS LETI, S.A.V.",,,1.08,1.80,true
39192,HO36449,DIKLASON 75 mg / 3 mL X 1 AMPOLLAS,Diclofenaco,INYECTABLE,"LABORATORIOS LETI, S.A.V.",X 1 AMPOLLAS,1,10.74,17.90,true
39193,ME38499,"DIKLASON 1,16 % GEL",,GEL,"LABORATORIOS LETI, S.A.V.",,,18.19,30.32,true
39194,ME30297,"MATIGEL 0,5 % SOLUCION OFTALMICA",Timolol,SOLUCION OFTALMICA,"LABORATORIOS L.O. OFTALMI, C.A.",,,13.61,22.68,true
39195,ME41759,DOLGRIP X 10 CAPSULAS,Acetaminofen - Cafeina,CAPSULAS,"CALOX INTERNATIONAL, C.A.",X 10 CAPSULAS,10,6.65,11.08,true
39196,ME35688,DOMPERIDONA 10 mg COMPRIMIDOS,Domperidona,COMPRIMIDOS,"LABORATORIOS SPEFAR VENEZOLANOS, S.A.",,,3.91,6.52,true
39197,ME28504,"DUOVENT 0,4 mg - 1 mg AEROSOL",Bromuro De Ipratropio Monohidratado,INHALACION,"LABORATORIOS L.O. OFTALMI, C.A.",,,19,31.67,true
39198,HO32341,DURACAINA HIPERBARA 5 mg - 80 mg / mL X 1 AMPOLLAS,Bupivacaina,INYECTABLE,"LABORATORIO BEHRENS, C.A.",X 1 AMPOLLAS,1,5.21,8.68,true
39199,ME26689,ENALAPRIL MALEATO 20 mg COMPRIMIDOS RECUBIERTOS,Enalapril,COMPRIMIDOS,"LABORATORIOS LETI, S.A.V.",,,2.72,4.53,true
39201,ME19270,"ERILON 0,1 % CREMA",,CREMA,"BIOTECH LABORATORIOS, C.A.",,,7.59,12.65,true
39202,ME36883,ESOMEPRAZOL 40 mg X 16 CAPSULAS CON MICROGRANULOS DE LIBERACION ENTERICA.,Esomeprazol Magnesico,CAPSULAS,"LABORATORIOS LETI, S.A.V.",X 16 CAPSULAS CON MICROGRANULOS DE LIBERACION ENTERICA.,16,7.29,12.15,true
39203,ME43295,DESLORATADINA 5 mg COMPRIMIDOS RECUBIERTOS,Desloratadina,COMPRIMIDOS,"MEGALABS VZL, C.A.",,,1.6,2.67,true
39208,ME31252,FAMOTIDINA 40 mg X 10 COMPRIMIDOS,Famotidina,COMPRIMIDOS,"LABORATORIOS KIMICEG, C.A.",X 10 COMPRIMIDOS,10,1.24,2.07,true
39209,ME44361,HEXANT 15mg/ 5mL SOLUCION ORAL SABOR A FRESA,Ambroxol,SOLUCION ORAL,"MEGALABS VZL, C.A.",,,8.06,13.43,true
39210,ME44388/3,FARMAD 200UI/gota X 30 SOLUCION ORAL,Vitamina D3,GOTAS,LABORATORIOS FARMA S.A.,X 30 SOLUCION ORAL,30,3.97,6.62,true
39211,ME44388/2,FARMAD 200UI/gota X 10 SOLUCION ORAL,Vitamina D3,GOTAS,LABORATORIOS FARMA S.A.,X 10 SOLUCION ORAL,10,3.29,5.48,true
39212,ME30812,FARMACAINA 10 % SOLUCION ATOMIZADORA TOPICO BUCAL,Lidocaina,SOLUCION TOPICA,LABORATORIOS FARMA S.A.,,,8.31,13.85,true
39213,ME38628,FEBRATIC 10 mg / 5 mL SUSPENSION ORAL,Diclofenaco,SOLUCION ORAL,"MEGALABS VZL, C.A.",,,2.83,4.72,true
39214,MI28667,FEM DUCHA VAGINAL,Acetico Acido,INYECTABLE,"BIOTECH LABORATORIOS, C.A.",,,2.7,4.50,true
39215,ME42352,FEMIZOL 750 mg - 200 mg OVULOS.,Metronidazol,OVULOS,"LABORATORIOS VARGAS, S.A.",,,11.74,19.57,true
39216,ME33238/4,FERGANIC FOLIC 40 mg - 350 mcg X 24 TABLETAS MASTICABLES,Folico Acido,TABLETAS,"MEGALABS VZL, C.A.",X 24 TABLETAS MASTICABLES,24,15.88,26.47,true
39217,ME33238/2,FERGANIC FOLIC 40 mg - 350 mcg X 14 TABLETAS MASTICABLES,Folico Acido,TABLETAS,"MEGALABS VZL, C.A.",X 14 TABLETAS MASTICABLES,14,9.6,16.00,true
39218,ME33238/5,FERGANIC FOLIC 40 mg - 350 mcg X 30 TABLETAS MASTICABLES,Folico Acido,TABLETAS,"MEGALABS VZL, C.A.",X 30 TABLETAS MASTICABLES,30,14.96,24.93,true
39219,ME33238/3,FERGANIC FOLIC 40 mg - 350 mcg X 20 TABLETAS MASTICABLES,Folico Acido,TABLETAS,"MEGALABS VZL, C.A.",X 20 TABLETAS MASTICABLES,20,12.55,20.92,true
39220,ME38610,FLENOX 30 mg / 5 mL SOLUCION ORAL,Ambroxol,SOLUCION ORAL,"BIOTECH LABORATORIOS, C.A.",,,2.71,4.52,true
39221,ME21233,FLODONT EN FILMORASE UNGUENTO BUCAL,Bencidamina,UNGUENTO,"MEGALABS VZL, C.A.",,,4.1,6.83,true
39222,ME41147,"FLOMED 0,15 % - 0,25 % SOLUCION TOPICA BUCAL",Bencidamina,SOLUCION TOPICA,"LABORATORIOS ELMOR, S.A.",,,3.25,5.42,true
39223,ME28575,FLUCONAZOL 150 mg X 2 CAPSULAS,Fluconazol,CAPSULAS,"LABORATORIOS KIMICEG, C.A.",X 2 CAPSULAS,2,1.71,2.85,true
39224,ME11043,FRIXONIL SOLUCION,Alcanfor - Mentol - Salicilato Metilo,LOCION,"LABORATORIOS VINCENTI, C.A.",,,4.58,7.63,true
39225,MI8381,"FURFURIL 0,2 %  APOSITO SOLUBLE",Nitrofurazona,,"MEGALABS VZL, C.A.",,,6.2,10.33,true
39226,ME37496,GABAPENTINA 300 mg X 20 CAPSULAS,Gabapentina,CAPSULAS,"LABORATORIOS SPEFAR VENEZOLANOS, S.A.",X 20 CAPSULAS,20,5.23,8.72,true
39227,ME37521,GABAPENTINA 400 mg X 20 CAPSULAS,Gabapentina,CAPSULAS,"LABORATORIOS SPEFAR VENEZOLANOS, S.A.",X 20 CAPSULAS,20,5.59,9.32,true
39228,ME43741,GEMKAST 10 mg X 30 TABLETAS RECUBIERTAS,Montelukast,TABLETAS,"GEMA LABS, C.A.",X 30 TABLETAS RECUBIERTAS,30,3.42,5.70,true
39230,ME43742/3,GEMKAST 4 mg X 30 TABLETAS MASTICABLES,Montelukast,TABLETAS,"GEMA LABS, C.A.",X 30 TABLETAS MASTICABLES,30,1.42,2.37,true
39232,ME43743/2,GEMKAST 5 mg X 10 TABLETAS MASTICABLES,Montelukast,TABLETAS,"GEMA LABS, C.A.",X 10 TABLETAS MASTICABLES,10,0.62,1.03,true
39233,ME44127,"GENCICOF 0,15 % - 0,15 % SOLUCION TOPICA BUCAL",Bencidamina - Lidocaina,SOLUCION TOPICA,"LABORATORIO COFASA, S.A.",,,6.25,10.42,true
39235,ME44763,"GLICILAX 0,86 g SUPOSITORIOS",Glicerina,SUPOSITORIOS,"COMERCIALIZADORA TIARES, C.A.",,,4.17,6.95,true
39238,HO32556,GLUCONATO DE CALCIO AL 10 % SOLUCION INYECTABLE,,INYECTABLE,"LABORATORIO BEHRENS, C.A.",,,9.1,15.17,true
39240,ME37715,GLYMAR 4 mg X 20 TABLETAS,Glimepirida,TABLETAS,LABORATORIOS SIEGFRIED S.A.,X 20 TABLETAS,20,10.81,18.02,true
39241,ME44628,GULAPER 100 MG / 5 ML SOLUCION ORAL SABOR CHICLE ,S-carboximetilcisteina,SOLUCION ORAL,"MEGALABS VZL, C.A.",,,2.65,4.42,true
39242,ME27231,GYNOVIT SOLUCION DUCHA VAGINAL,Acetico Acido,LOCION,"LABORATORIOS VARGAS, S.A.",,,3.79,6.32,true
39244,ME15830,"HEXOMEDINE 1 mg - 0,5 mg / mL COLUTORIO AEROSOL",Lidocaina,INHALACION,"CALOX INTERNATIONAL, C.A.",,,7.82,13.03,true
39247,ME42590,HIDROCLOROTIAZIDA 25 mg COMPRIMIDOS,Hidroclorotiazida,COMPRIMIDOS,"LABORATORIOS SPEFAR VENEZOLANOS, S.A.",,,3.64,6.07,true
39249,ME30199,IBUPROFENO 100 mg / 5 mL SUSPENSION ORAL,Ibuprofeno,SOLUCION ORAL,"LABORATORIOS SPEFAR VENEZOLANOS, S.A.",,,5.55,9.25,true
39250,ME26698,IBUPROFENO 400 mg COMPRIMIDOS RECUBIERTOS,Ibuprofeno,COMPRIMIDOS,"LABORATORIOS LETI, S.A.V.",,,1.77,2.95,true
39251,ME30069,IBUPROFENO 400 mg X 10 TABLETAS RECUBIERTAS,Ibuprofeno,TABLETAS,"LABORATORIOS KIMICEG, C.A.",X 10 TABLETAS RECUBIERTAS,10,1.43,2.38,true
39252,ME30286,IBUPROFENO 100 mg / 5 mL SUSPENSION ORAL,Ibuprofeno,SOLUCION ORAL,"LABORATORIOS KIMICEG, C.A.",,,2.39,3.98,true
39254,ME34966,IBUCAF 200 mg - 30 mg X 10 TABLETAS,Cafeina - Ibuprofeno,TABLETAS,"CALOX INTERNATIONAL, C.A.",X 10 TABLETAS,10,3.7,6.17,true
39258,ME42456,IRBESARTAN 300 mg COMPRIMIDOS,Irbesartan,COMPRIMIDOS,"LABORATORIOS SPEFAR VENEZOLANOS, S.A.",,,7.54,12.57,true
39260,ME43610,IRGEM 150 mg X 30 TABLETAS,Irbesartan,TABLETAS,"GEMA LABS, C.A.",X 30 TABLETAS,30,8.82,14.70,true
39262,ME43609/3,IRGEM 300 mg X 30 TABLETAS,Irbesartan,TABLETAS,"GEMA LABS, C.A.",X 30 TABLETAS,30,6.74,11.23,true
39264,ME39925,"ISOSPRAY PLUS 0,15 % - 0,25 % SOLUCION",Cetilpiridinio,LOCION,"BIOTECH LABORATORIOS, C.A.",,,3.33,5.55,true
39266,ME44048,IZABAN DPP 10 mg - 5 mg COMPRIMIDOS RECUBIERTOS,Empagliflozina - Linagliptina,COMPRIMIDOS,"LABORATORIOS LETI, S.A.V.",,,43.93,73.22,true
39267,HO33101/2,KETOPROFENO 100 mg / 2 mL X 10 AMPOLLAS,Ketoprofeno,INYECTABLE,"LABORATORIOS LETI, S.A.V.",X 10 AMPOLLAS,10,2.42,4.03,true
39268,HO33101/3,KETOPROFENO 100 mg / 2 mL X 20 AMPOLLAS,Ketoprofeno,INYECTABLE,"LABORATORIOS LETI, S.A.V.",X 20 AMPOLLAS,20,4.8,8.00,true
39270,HO30273/3,KETOPROFENO 100 mg / 2 mL X 10 AMPOLLAS,Ketoprofeno,INYECTABLE,"LABORATORIO COFASA, S.A.",X 10 AMPOLLAS,10,2.75,4.58,true
39271,HO30273/2,KETOPROFENO 100 mg / 2 mL X 1 AMPOLLAS,Ketoprofeno,INYECTABLE,"LABORATORIO COFASA, S.A.",X 1 AMPOLLAS,1,3.05,5.08,true
39272,ME36355,KETOROLAC 10 mg COMPRIMIDOS,Ketorolaco,COMPRIMIDOS,"LABORATORIOS SPEFAR VENEZOLANOS, S.A.",,,3.56,5.93,true
39274,ME42263,KLINCOSAL 262 mg - 500 mg / 15 mL SUSPENSION ORAL SABOR A FRESA,,SOLUCION ORAL,"MEGALABS VZL, C.A.",,,7.32,12.20,true
39275,ME42264,KLINCOSAL 262 mg - 500 mg / 15 mL SUSPENSION ORAL SABOR A UVA,,SOLUCION ORAL,"MEGALABS VZL, C.A.",,,7.32,12.20,true
39278,ME43611/2,LAGEMIN 50 mg X 10 TABLETAS DISPERSABLES,Lamotrigina,TABLETAS,"GEMA LABS, C.A.",X 10 TABLETAS DISPERSABLES,10,0.68,1.13,true
39280,ME43637/3,LAGEMIN 100 mg X 30 TABLETAS DISPERSABLES,Lamotrigina,TABLETAS,"GEMA LABS, C.A.",X 30 TABLETAS DISPERSABLES,30,5.5,9.17,true
39281,ME6400,LANOLZINC 15 % - 11 % POMADA,Zinc Oxido,POMADA,"LABORATORIOS VALMOR, C.A.",,,4.2,7.00,true
39285,HO36034,LEVOTEC 5 mg / mL SOLUCION INYECTABLE PARA INFUSION INTRAVENOSA,Levofloxacino,INYECTABLE,"LABORATORIO BEHRENS, C.A.",,,9.75,16.25,true
39286,ME43371,LOBEDRIN 6 mg / mL SOLUCION ORAL,Levodropropizina,SOLUCION ORAL,"LABORATORIOS SPEFAR VENEZOLANOS, S.A.",,,6.86,11.43,true
39287,ME29812,LORATADINA 10 mg COMPRIMIDOS,Loratadina,COMPRIMIDOS,"LABORATORIOS SPEFAR VENEZOLANOS, S.A.",,,3.1,5.17,true
39289,ME36662,LOSARTAN POTASICO 50 mg X 14 TABLETAS RECUBIERTAS,Losartan,TABLETAS,"LABORATORIOS SPEFAR VENEZOLANOS, S.A.",X 14 TABLETAS RECUBIERTAS,14,3.35,5.58,true
39291,ME42439,LOSARTAN POTASICO 100 mg COMPRIMIDOS RECUBIERTOS,Losartan,COMPRIMIDOS,"LABORATORIOS SPEFAR VENEZOLANOS, S.A.",,,4.62,7.70,true
39292,ME16064,MACRODANTINA 100 mg X 30 CAPSULAS,Nitrofurantoina,CAPSULAS,LABORATORIOS FARMA S.A.,X 30 CAPSULAS,30,6.83,11.38,true
39295,ME42819,"MELOXICAM 7,5 mg X 10 TABLETAS",Meloxicam,TABLETAS,"LABORATORIOS L.O. OFTALMI, C.A.",X 10 TABLETAS,10,6.13,10.22,true
39296,ME31259,MELOXICAM 15 mg COMPRIMIDOS,Meloxicam,COMPRIMIDOS,"LABORATORIOS SPEFAR VENEZOLANOS, S.A.",,,3.51,5.85,true
39297,ME42459,METFORMINA CLORHIDRATO 1000 mg COMPRIMIDOS,Metformina,COMPRIMIDOS,"LABORATORIOS SPEFAR VENEZOLANOS, S.A.",,,9.8,16.33,true
39298,ME37583,METFORMINA CLORHIDRATO 500 mg COMPRIMIDOS,Metformina,COMPRIMIDOS,"LABORATORIOS SPEFAR VENEZOLANOS, S.A.",,,6.86,11.43,true
39301,ME37062,METRONIDAZOL 500 mg COMPRIMIDOS,Metronidazol,COMPRIMIDOS,"LABORATORIOS SPEFAR VENEZOLANOS, S.A.",,,4.78,7.97,true
39302,ME32763,SECNIDAZOL 500 mg X 10 TABLETAS,Secnidazol Anhidro,TABLETAS,"CALOX INTERNATIONAL, C.A.",X 10 TABLETAS,10,2.95,4.92,true
39303,ME44313,MIDOL 500 mg X 10 TABLETAS,Acetaminofen,TABLETAS,"GEMA LABS, C.A.",X 10 TABLETAS,10,0.43,0.72,true
39304,ME44314,MIDOL FORTE 650 mg X 10 TABLETAS,Acetaminofen,TABLETAS,"GEMA LABS, C.A.",X 10 TABLETAS,10,0.41,0.68,true
39307,ME21495,"MODERAN 10,1 g / 15 mL SOLUCION ORAL",Lactulosa,SOLUCION ORAL,"LABORATORIOS VARGAS, S.A.",,,11.75,19.58,true
39308,ME35447,MONTELUKAST 10 mg COMPRIMIDOS RECUBIERTOS,Montelukast,COMPRIMIDOS,"LABORATORIOS LETI, S.A.V.",,,2.51,4.18,true
39309,ME37063,MONTELUKAST 10 mg X 10 TABLETAS RECUBIERTAS,Montelukast,TABLETAS,"LABORATORIOS SPEFAR VENEZOLANOS, S.A.",X 10 TABLETAS RECUBIERTAS,10,3.32,5.53,true
39310,ME42894,MONTELUKAST 5 mg X 30 TABLETAS MASTICABLES,Montelukast,TABLETAS,"LABORATORIOS L.O. OFTALMI, C.A.",X 30 TABLETAS MASTICABLES,30,6.7,11.17,true
39312,ME30661,"DYFRIN 5 % - 0,5 % SOLUCION OFTALMICA",Tropicamida,SOLUCION OFTALMICA,"LABORATORIOS L.O. OFTALMI, C.A.",,,24.58,40.97,true
39315,ME42653,NEBLUM 50 mg X 30 TABLETAS RECUBIERTAS,Sacubitrilo - Valsartan,TABLETAS,LABORATORIOS FARMA S.A.,X 30 TABLETAS RECUBIERTAS,30,33.94,56.57,true
39317,HO44715,NEULEVAL 500 mg/100 mL X 10 AMPOLLAS,Levofloxacino,INYECTABLE,"LABORATORIOS VALMOR, C.A.",X 10 AMPOLLAS,10,9.3,15.50,true
39318,ME42160,NEUROMIX COMPRIMIDOS RECUBIERTOS,Cianocobalamina - Piridoxina - Tiamina,COMPRIMIDOS,"LABORATORIOS LETI, S.A.V.",,,4.95,8.25,true
39320,ME37950,NOVACODIN 50 mg / 5 mL SOLUCION ORAL,Guaifenesina,SOLUCION ORAL,"LABORATORIOS VARGAS, S.A.",,,4.13,6.88,true
39323,ME40510,"OLMESARTAN MEDOXOMIL - HIDROCLOROTIAZIDA 40 mg - 12,5 mg COMPRIMIDOS RECUBIERTOS",Hidroclorotiazida,COMPRIMIDOS,"LABORATORIOS LETI, S.A.V.",,,12.15,20.25,true
39325,ME38415,OLMESARTAN MEDOXOMILO 20 mg X 30 TABLETAS RECUBIERTAS,,TABLETAS,"CALOX INTERNATIONAL, C.A.",X 30 TABLETAS RECUBIERTAS,30,6.25,10.42,true
39326,ME43452/2,OMEPRAZOL 40 mg X 7 CAPSULAS GASTRORRESISTENTES,,CAPSULAS,"LABORATORIOS L.O. OFTALMI, C.A.",X 7 CAPSULAS GASTRORRESISTENTES,7,5.34,8.90,true
39327,ME43452/3,OMEPRAZOL 40 mg X 30 CAPSULAS GASTRORRESISTENTES,,CAPSULAS,"LABORATORIOS L.O. OFTALMI, C.A.",X 30 CAPSULAS GASTRORRESISTENTES,30,13.9,23.17,true
39328,ME30489,OMEPRAZOL 20 mg X 28 CAPSULAS,,CAPSULAS,"LABORATORIOS SPEFAR VENEZOLANOS, S.A.",X 28 CAPSULAS,28,7.56,12.60,true
39329,ME35417/3,OMEPRAZOL 20 mg X 30 CAPSULAS,,CAPSULAS,"LABORATORIOS L.O. OFTALMI, C.A.",X 30 CAPSULAS,30,5.98,9.97,true
39330,ME35417/2,OMEPRAZOL 20 mg X 7 CAPSULAS,,CAPSULAS,"LABORATORIOS L.O. OFTALMI, C.A.",X 7 CAPSULAS,7,3.43,5.72,true
39332,ME42182,OROFENO 150 mg COMPRIMIDOS DE LIBERACION CONTROLADA,Ketoprofeno,COMPRIMIDOS,"LABORATORIOS LETI, S.A.V.",,,18.17,30.28,true
39333,ME5708,"OTAN 0,1 % - 4,0 % SOLUCION OTICA",Tirotricina,SOLUCION OTICA,"LABORATORIOS VINCENTI, C.A.",,,10.31,17.18,true
39335,ME26052,OXOLAMINA 50 mg / 5 mL JARABE,,JARABE,"LABORATORIOS VALMOR, C.A.",,,3.94,6.57,true
39337,ME23662,MAXICORT SUSPENSION OFTALMICA,Dexametasona - Polimixina B,SUSPENSION ORAL,"LABORATORIOS L.O. OFTALMI, C.A.",,,9.59,15.98,true
39339,ME26205,OXOLAMINA 50 mg / 5 mL JARABE,,JARABE,"LABORATORIOS ELMOR, S.A.",,,3.86,6.43,true
39340,ME37330,PERTEN 1 % CREMA,Terbinafina,CREMA,LABORATORIOS SIEGFRIED S.A.,,,7.19,11.98,true
39341,ME21271,PINVEX 5 % - 1 % SOLUCION,Salicilico Acido,LOCION,"LABORATORIO COFASA, S.A.",,,6.13,10.22,true
39342,ME42493,PREDNISONA 5 mg COMPRIMIDOS,Prednisona,COMPRIMIDOS,"LABORATORIOS SPEFAR VENEZOLANOS, S.A.",,,3.29,5.48,true
39343,MI25491,PROTOSULFIL 1 % POLVO,,POLVO PARA RECONSTITUCION,"MEGALABS VZL, C.A.",,,23.75,39.58,true
39344,ME24456,CARNITENE 1 g / 10 mL SOLUCION ORAL,,SOLUCION ORAL,"LABORATORIOS ELMOR, S.A.",,,7.53,12.55,true
39345,ME42605B,QUETIAPINA 100 mg COMPRIMIDOS RECUBIERTOS,Quetiapina,COMPRIMIDOS,"LABORATORIOS LETI, S.A.V.",,,6.84,11.40,true
39346,ME42604,QUETIAPINA 25 mg COMPRIMIDOS RECUBIERTOS,Quetiapina Hemifumarato,COMPRIMIDOS,"LABORATORIOS LETI, S.A.V.",,,4.51,7.52,true
39347,ME42527,QUETIAPINA 100 mg COMPRIMIDOS,Quetiapina,COMPRIMIDOS,"LABORATORIOS SPEFAR VENEZOLANOS, S.A.",,,4.97,8.28,true
39348,ME42526,QUETIAPINA 25 mg COMPRIMIDOS,Quetiapina,COMPRIMIDOS,"LABORATORIOS SPEFAR VENEZOLANOS, S.A.",,,3.82,6.37,true
39349,ME40285,"RAMIPRES HCT 2,5 mg - 12,5 mg COMPRIMIDOS",Hidroclorotiazida - Ramipril,COMPRIMIDOS,"MEGALABS VZL, C.A.",,,7.01,11.68,true
39350,ME34879,"REFLUXYL 0,400 g - 0,375 g / 15 mL SUSPENSION ORAL",Alginato Sodio,SUSPENSION ORAL,"LABORATORIOS VARGAS, S.A.",,,9.79,16.32,true
39351,ME39374,REGULIP 10 mg X 30 TABLETAS,Rosuvastatina,TABLETAS,LABORATORIOS FARMA S.A.,X 30 TABLETAS,30,10.27,17.12,true
39352,ME42185,REHIDROSOL 45 mEq/L SOLUCION ELECTROLITICA USO ORAL SABOR A FRAMBUESA,,SOLUCION ORAL,"LABORATORIO BEHRENS, C.A.",,,5.15,8.58,true
39353,ME42037,REHIDROSOL 45 mEq / L SOLUCION ELECTROLITICA USO ORAL SABOR A UVA,Dextrosa,SOLUCION ORAL,"LABORATORIO BEHRENS, C.A.",,,4.88,8.13,true
39354,ME42186,REHIDROSOL 60 mEq / L SOLUCION ELECTROLITICA USO ORAL SABOR A MANZANA,,SOLUCION ORAL,"LABORATORIO BEHRENS, C.A.",,,4.12,6.87,true
39356,HO32579,SOLUCION RINGER LACTATO (SOLUCION HARTMAN) INYECTABLE,,INYECTABLE,"LABORATORIO BEHRENS, C.A.",,,1.99,3.32,true
39357,ME32233,RINOLAST D 30 mg - 30 mg / 5 mL SUSPENSION ORAL,Fexofenadina - Pseudoefedrina,SUSPENSION ORAL,LABORATORIOS FARMA S.A.,,,9.37,15.62,true
39358,ME36523,SIMVASTATINA 20 mg COMPRIMIDOS RECUBIERTOS,Simvastatina,COMPRIMIDOS,"LABORATORIOS SPEFAR VENEZOLANOS, S.A.",,,4.93,8.22,true
39359,ME27689,"SALBUROL 0,5 % SOLUCION PARA INHALACION",Salbutamol,INHALACION,"LABORATORIOS VALMOR, C.A.",,,7.9,13.17,true
39360,ME30996,"SALBUTAMOL 0,5 % SOLUCION PARA INHALAR",Salbutamol,LOCION,"LABORATORIOS L.O. OFTALMI, C.A.",,,8.14,13.57,true
39361,ME42518,SERTRALINA 100 mg COMPRIMIDOS,Sertralina,COMPRIMIDOS,"LABORATORIOS SPEFAR VENEZOLANOS, S.A.",,,4.52,7.53,true
39362,ME42517,SERTRALINA 50 mg COMPRIMIDOS,Sertralina,COMPRIMIDOS,"LABORATORIOS SPEFAR VENEZOLANOS, S.A.",,,4.29,7.15,true
39365,ME43701,SITALUX 100 mg X 30 tabletas recubiertas,Sitagliptina,TABLETAS,INVERSIONES ANGELUS HEALTH C.A.,X 30 tabletas recubiertas,30,8.89,14.82,true
39367,ME1368,DEXTROSA AL 5% EN SOLUCION FISIOLOGICA ISOTONICA DE CLORURO DE SODIO I,,LOCION,"LABORATORIO BEHRENS, C.A.",,,6.32,10.53,true
39369,ME44642,SUEROLITO ZINC 75 mEq/L SOLUCION ELECTROLITICA USO ORAL SABOR A CHICLE ,Dextrosa - Zinc,SOLUCION ORAL,LABORATORIOS BALKER C.A.,,,3.7,6.17,true
39370,ME44638,SUEROLITO ZINC 75 mEqL/L SOLUCION ELECTROLITICA USO ORAL SABOR A COCO,Dextrosa - Zinc,SOLUCION ORAL,LABORATORIOS BALKER C.A.,,,1.97,3.28,true
39371,ME44639,SUEROLITO ZINC 75 mEQ/L SOLUCIÓN ELECTROLÍTICA USO ORAL SABOR A FRESA,Dextrosa - Zinc,SOLUCION ORAL,LABORATORIOS BALKER C.A.,,,1.97,3.28,true
39372,ME44641,SUEROLITO ZINC 75 mEq/L SOLUCION ELECTROLITICA USO ORAL SABOR A MANDARINA,Dextrosa - Zinc,SOLUCION ORAL,LABORATORIOS BALKER C.A.,,,3.7,6.17,true
39373,ME44640,SUEROLITO ZINC 75 mEq/L SOLUCIÓN ELECTROLÍTICA  USO ORAL SABOR A UVA,Dextrosa - Zinc,SOLUCION ORAL,LABORATORIOS BALKER C.A.,,,3.7,6.17,true
39374,ME44643,SUEROLITO ZINC 75 mEq/L SOLUCION ELECTROLITICA USO ORAL SABOR A MANZANA,Dextrosa - Zinc,SOLUCION ORAL,LABORATORIOS BALKER C.A.,,,3.7,6.17,true
39375,ME31158,SULTAMICILINA 250 mg / 5 mL POLVO PARA SUSPENSION ORAL,,POLVO PARA RECONSTITUCION,"LABORATORIOS SPEFAR VENEZOLANOS, S.A.",,,7.68,12.80,true
39380,ME19288,TACHIPIRIN 500 mg X 20 TABLETAS,Acetaminofen,TABLETAS,"LABORATORIOS ELMOR, S.A.",X 20 TABLETAS,20,1.27,2.12,true
39384,ME44195/2,TARVINA 20 mg X 10 TABLETAS RECUBIERTAS,Atorvastatina,TABLETAS,"GEMA LABS, C.A.",X 10 TABLETAS RECUBIERTAS,10,1.98,3.30,true
39385,ME44195/3,TARVINA 20 mg X 30 TABLETAS RECUBIERTAS,Atorvastatina,TABLETAS,"GEMA LABS, C.A.",X 30 TABLETAS RECUBIERTAS,30,4.39,7.32,true
39386,ME44196,TARVINA 40 mg X 10 TABLETAS RECUBIERTAS,Atorvastatina,TABLETAS,"GEMA LABS, C.A.",X 10 TABLETAS RECUBIERTAS,10,1.85,3.08,true
39387,ME28562,TENSOMAX 60 mg X 10 CAPSULAS DE LIBERACION PROLONGADA,Nifedipino,CAPSULAS,"LABORATORIOS LETI, S.A.V.",X 10 CAPSULAS DE LIBERACION PROLONGADA,10,9.14,15.23,true
39390,ME44419/4,TERAGRIPFORTE NOCHE 650mg-4mg X 10 GRANULADO PARA SOLUCION ORAL,Acetaminofen - Clorfeniramina,GRANULADOS,LABORATORIOS FARMA S.A.,X 10 GRANULADO PARA SOLUCION ORAL,10,4.71,7.85,true
39392,ME38822,TERBINAFINA 1 % CREMA,,CREMA,"LABORATORIOS KIMICEG, C.A.",,,2.87,4.78,true
39393,HO43730,TIOCOLCHICOSIDO 4 mg / 2 mL X 12 AMPOLLAS,Tiocolchicosido,INYECTABLE,"BIOTECH LABORATORIOS, C.A.",X 12 AMPOLLAS,12,2.26,3.77,true
39394,HO37915,TIOCOLCHICOSIDO 4 mg / 2 mL X 12 AMPOLLAS,Tiocolchicosido,INYECTABLE,"CALOX INTERNATIONAL, C.A.",X 12 AMPOLLAS,12,3.02,5.03,true
39395,ME36574,"TOBRAMICINA 0,3 % SOLUCION OFTALMICA",Tobramicina,SOLUCION OFTALMICA,"LABORATORIOS L.O. OFTALMI, C.A.",,,4.4,7.33,true
39396,ME28025,TOBRASOL 3 mg / g UNGUENTO OFTALMICO,Tobramicina,UNGUENTO,"LABORATORIOS L.O. OFTALMI, C.A.",,,20.36,33.93,true
39399,ME43779/3,"VALGEM PLUS 160 mg-12,5 mg X 30 TABLETAS RECUBIERTAS",Hidroclorotiazida - Valsartan,TABLETAS,"GEMA LABS, C.A.",X 30 TABLETAS RECUBIERTAS,30,12.2,20.33,true
39400,ME42451,VALSARTAN 160 mg X 20 CAPSULAS,Valsartan,CAPSULAS,"LABORATORIOS SPEFAR VENEZOLANOS, S.A.",X 20 CAPSULAS,20,4.83,8.05,true
39401,ME37747,"VALSARTAN CON HIDROCLOROTIAZIDA 160 mg - 12,5 mg COMPRIMIDOS RECUBIERTOS",Hidroclorotiazida - Valsartan,COMPRIMIDOS,"LABORATORIOS VARGAS, S.A.",,,5.77,9.62,true
39402,ME38569,VALSARTAN 160 mg CAPSULAS,Valsartan,CAPSULAS,"LABORATORIOS KIMICEG, C.A.",,,6.12,10.20,true
39403,ME36230,"VALSARTAN-HIDROCLOROTIAZIDA 160 mg-12,5 mg X 30 COMPRIMIDOS RECUBIERTOS",,COMPRIMIDOS,"LABORATORIOS LETI, S.A.V.",X 30 COMPRIMIDOS RECUBIERTOS,30,9.79,16.32,true
39404,ME38568,VALSARTAN 80 mg CAPSULAS,Valsartan,CAPSULAS,"LABORATORIOS KIMICEG, C.A.",,,4.61,7.68,true
39406,ME37749,"VALSARTAN CON HIDROCLOROTIAZIDA 80 mg - 12,5 mg COMPRIMIDOS",Hidroclorotiazida - Valsartan,COMPRIMIDOS,"LABORATORIOS VARGAS, S.A.",,,3.12,5.20,true
39407,HO43946,VERALEN P 75 mg / 3 mL X 1 AMPOLLAS,Diclofenaco,INYECTABLE,"LABORATORIO COFASA, S.A.",X 1 AMPOLLAS,1,1.09,1.82,true
39408,ME998,VITAMINA C 100 mg/5 ml JARABE,Ascorbico Acido,JARABE,"MEGALABS VZL, C.A.",,,4.24,7.07,true
39410,ME31002,VITADYN C 500 mg X 30 TABLETAS MASTICABLES SABOR A FRESA,Ascorbico Acido,TABLETAS,"LABORATORIOS L.O. OFTALMI, C.A.",X 30 TABLETAS MASTICABLES SABOR A FRESA,30,10.39,17.32,true
39411,ME6025/2,VITAMINA B12 250 mcg X 3 CAPSULAS,Cianocobalamina,CAPSULAS,"MEGALABS VZL, C.A.",X 3 CAPSULAS,3,5.77,9.62,true
39413,ME36008,VITAMINA C 50 mg / 5 mL JARABE,Ascorbico Acido,JARABE,"LABORATORIOS VARGAS, S.A.",,,3.61,6.02,true
39414,ME28666,YONAL 15 mg / 5 mL SOLUCION ORAL,Dextrometorfano,SOLUCION ORAL,"BIOTECH LABORATORIOS, C.A.",,,4.1,6.83,true
39415,ME42111,YONALAT 15 mg - 3 mg / 5 mL SOLUCION ORAL,Clorfeniramina,SOLUCION ORAL,"BIOTECH LABORATORIOS, C.A.",,,4.59,7.65,true
39416,ME43457,"ZUDENINA PEB 0,1% - 2,5% GEL",Adapaleno - Benzoilo Peroxido,GEL,"MEGALABS VZL, C.A.",,,8.79,14.65,true
39417,ME21870,SAX X 10 SOLUCION,,LOCION,"BIOTECH LABORATORIOS, C.A.",X 10 SOLUCION,10,5.35,8.92,true
39418,ME32679,"ACRYLARM 0,2 % GEL OFTALMICO",,GEL,LABORATORIOS POEN S.A.U.,,,27.4,45.67,true
39420,ME35027,ALBENDAZOL 200 mg TABLETAS RECUBIERTAS MASTICABLES,Albendazol,TABLETAS,"BIOTECH LABORATORIOS, C.A.",,,1.18,1.97,true
39422,ME34071,ALERVAX 120 mg X 10 TABLETAS RECUBIERTAS,Fexofenadina,TABLETAS,"PROCAPS, S.A.",X 10 TABLETAS RECUBIERTAS,10,7.1,11.83,true
39423,ME31275,AMOXIDUO 750 mg / 5 mL POLVO PARA SUSPENSION ORAL,Amoxicilina,POLVO PARA RECONSTITUCION,ROEMMERS S.A.I.C.F,,,11.56,19.27,true
39427,ME43734,ARIPIPRAZOL 15mg X 30 TABLETAS,Aripiprazol,TABLETAS,"JIANGXI SYNERGY PHARMACEUTICAL CO., LTD",X 30 TABLETAS,30,15.56,25.93,true
39428,ME43632,APIRETFLU 24 HORAS X 6 GRANULADO,Acetaminofen - Cafeina - Clorfenamina - Clorfeniramina,GRANULADOS,"LABORATORIOS L.O. OFTALMI, C.A. - LABORATORIOS INNOVA,CA",X 6 GRANULADO,6,10.14,16.90,true
39435,ME37481,ATOVAROL 20 mg X 30 CAPSULAS BLANDAS,Atorvastatina,CAPSULAS,"PROCAPS, S.A.",X 30 CAPSULAS BLANDAS,30,6.87,11.45,true
39436,ME43792,"AVOST 0,004% SOLUCION OFTALMICA",Travoprost,SOLUCION OFTALMICA,THE IBN SINA PHARMACEUTICAL INDUSTRY LTD,,,13.36,22.27,true
39437,ME36689,AZITROMICINA 500 mg X 3 TABLETA RECUBIERTA,Azitromicina,TABLETAS,"CORPORACION INFARMASA, S.A.",X 3 TABLETA RECUBIERTA,3,2.27,3.78,true
39440,HO37882,PREDNIDET 500 mg X 1 AMPOLLAS,Metilprednisolona,INYECTABLE,INSTITUTO BIOLOGICO CONTEMPORANEO S.A.,X 1 AMPOLLAS,1,12.53,20.88,true
39441,ME31588,"OTALEX 0,2 % - 1 % SUSPENSION OTICA",Ciprofloxacino - Hidrocortisona,SUSPENSION ORAL,MEGALABS URUGUAY S.A.,,,8.23,13.72,true
39445,ME32078,BONAC 4% GEL USO TOPICO,Eritromicina,GEL,ARBOFARMA S.A.S.,,,18.44,30.73,true
39446,ME40814,"BRIMOPRESS 0,2 % SOLUCION OFTALMICA",Brimonidina,SOLUCION OFTALMICA,LABORATORIOS POEN S.A.,,,14.68,24.47,true
39447,ME32168,"BRIXIA 0,0 5% SOLUCION OFTALMICA",Azelastina,SOLUCION OFTALMICA,LABORATORIOS POEN S.A.U.,,,12.86,21.43,true
39448,ME32411,BUDESONIDA 50 mcg / DOSIS SUSPENSION PARA INHALACION ORAL,Budesonida,SUSPENSION ORAL,LABORATORIO ALDO UNION S.L.,,,21.27,35.45,true
39450,ME44027,"NAFAZOLINA CLORHIDRATO 0,012 % SOLUCION OFTALMICA",Nafazolina,SOLUCION OFTALMICA,INDIANA OPHTHALMICS LLP,,,5.02,8.37,true
39451,ME36249,GYNOTRAN 15%-4% CREMA VAGINAL,Metronidazol - Miconazol,CREMA,"CALOX INTERNATIONAL, C.A.",,,6.91,11.52,true
39452,ME44040,CEFOTAS 250 mg / 5 mL POLVO PARA SUSPENSION ORAL,Cefadroxilo,POLVO PARA RECONSTITUCION,SYNTOFARMA S.A.,,,7.81,13.02,true
39453,ME44550,CIBROLIP 100 mg X 30 CAPSULAS,,CAPSULAS,INTECH HEALTHCARE,X 30 CAPSULAS,30,17.79,29.65,true
39454,ME38185,CILOSTAL 100 mg X 30 TABLETAS,Cilostazol,TABLETAS,ALTEA FARMACEUTICA S.A.,X 30 TABLETAS,30,7.88,13.13,true
39456,ME18142,"NASIN 0,05 % SOLUCION NASAL",Oximetazolina,SOLUCION NASAL,"LABORATORIOS LETI, S.A.V.",,,4.89,8.15,true
39457,ME44393,Dolmobrox 15 mg / 5ml Solución Oral ,Dextrometorfano,SOLUCION ORAL,"MEGALABS VZL, C.A.",,,2.86,4.77,true
39458,ME42403,CLINDAMICINA 1% GEL TOPICO,Clindamicina,GEL,"LABORATORIOS SPEFAR VENEZOLANOS, S.A.",,,1.99,3.32,true
39461,ME34036,"SOLUCION PARA DIALISIS PERITONEAL CON DEXTROSA AL 1,5 % BAJA EN MAGNESIO",Citrato Magnesio,LOCION,LABORATORIOS BIOGALENIC S.A. DE C.V,,,4.48,7.47,true
39462,ME35192,CLOTRIMAZOL 2 % CREMA VAGINAL,Clotrimazol,CREMA,"LABORATORIOS KIMICEG, C.A.",,,4.69,7.82,true
39464,ME31523,CORASPIRINA 81 mg X 100 TABLETAS CON CUBIERTA ENTERICA,Acetilsalicilico Acido,TABLETAS,BAYER HEALTHCARE LLC.,X 100 TABLETAS CON CUBIERTA ENTERICA,100,5.94,9.90,true
39465,ME36834,"CROMUS 0,1 % UNGUENTO",Tacrolimus,UNGUENTO,"PROCAPS, S.A.",,,43.04,71.73,true
39466,ME37545,ISOTRETINOINA 10 mg X 30 CAPSULAS BLANDAS,Isotretinoina,CAPSULAS,"PROCAPS, S.A.",X 30 CAPSULAS BLANDAS,30,26.96,44.93,true
39471,ME37218,MEDIGRIP DIA 500mg - 2mg - 3mg X 10 COMPRIMIDOS,Acetaminofen - Cafeina - Clorfeniramina,COMPRIMIDOS,"SM PHARMA, C.A.",X 10 COMPRIMIDOS,10,5.26,8.77,true
39472,ME37301,DICLOFENAC SODICO 1% GEL,Diclofenaco,GEL,"LABORATORIOS VARGAS, S.A.",,,5.09,8.48,true
39473,ME24511,DENCORUB GEL,Alcanfor - Mentol - Salicilato Metilo,GEL,"LABORATORIOS PONCE, C.A.",,,2.66,4.43,true
39474,ME42875,"AUTEX 0,1 % CREMA",Mometasona Furoato,CREMA,"LABORATORIOS LETI, S.A.V.",,,11.61,19.35,true
39475,HO26290,DEXAMETASONA 21-FOLATO 4 mg/mL X 10 AMPOLLAS,Dexametasona,INYECTABLE,LABORATORIO FARMACO FARMAHECO S.P.A,X 10 AMPOLLAS,10,1.57,2.62,true
39478,ME33867,"MARVELON 28 0,15 mg - 0,03 mg X 21 COMPRIMIDOS",Desogestrel - Etinilestradiol,COMPRIMIDOS,N.V ORGANON,X 21 COMPRIMIDOS,21,12.66,21.10,true
39479,ME42667,SITAGLIPTINA - METFORMINA CLORHIDRATO 50 mg - 500 mg TABLETAS RECUBIERTAS,Metformina - Sitagliptina,TABLETAS,THEON PHARMACEUTICALS LTD,,,10.97,18.28,true
39480,HO44743,DEXABIOL 4mg / mL X 1 AMPOLLAS,Dexametasona,INYECTABLE,PLICA VACCINES PVT. LTD.,X 1 AMPOLLAS,1,3.08,5.13,true
39481,ME43256,ALBENDAZOL 200 mg / 5 mL SUSPENSION ORAL,Albendazol,SOLUCION ORAL,KWALITY PHARMACEUTICALS LTD,,,3.1,5.17,true
39482,MI37540,"DICLOFENAC DIETILAMINA 1,16% EMULGEL",Diclofenaco,,"LABORATORIOS VARGAS, S.A.",,,2.38,3.97,true
39484,ME43166,IBUVIN 600 mg X 20 CAPSULAS BLANDAS,Ibuprofeno,CAPSULAS,DROMEX S.R.L.,X 20 CAPSULAS BLANDAS,20,6.87,11.45,true
39485,ME36125,"CLOTRIMAZOL - NEOMICINA - DEXAMETASONA 1% - 0,5% - 0.04% X 1 CREMA",Clotrimazol - Dexametasona,CREMA,"LABORATORIO LA SANTE, C.A.",X 1 CREMA,1,3.45,5.75,true
39486,ME43831,LEVODROPROPIZINA 6 mg/ml SOLUCIÓN ORAL,Levodropropizina,SOLUCION ORAL,"BIOQUIMICA INTERNACIONAL, C.A.",,,4.62,7.70,true
39487,ME24286,DEOXICAL 500 mg X 30 CAPSULAS,Dobesilato De Calcio,CAPSULAS,"LABORATORIO LA SANTE, C.A.",X 30 CAPSULAS,30,15.53,25.88,true
39488,ME44089,ALIVETOS 3 mg - 15 mg / 5 mL SOLUCIÓN ORAL,Clorfenamina - Dextrometorfano,SOLUCION ORAL,"LABORATORIOS LETI, S.A.V.",,,3.47,5.78,true
39490,ME38932/2,DOLAK 30 mg X 1 COMPRIMIDOS SUBLINGUALES,,COMPRIMIDOS,"ESPECIALIDADES DOLLDER, C.A.",X 1 COMPRIMIDOS SUBLINGUALES,1,4.98,8.30,true
39491,ME38932/3,DOLAK 30 mg X 2 COMPRIMIDOS SUBLINGUALES,,COMPRIMIDOS,"ESPECIALIDADES DOLLDER, C.A.",X 2 COMPRIMIDOS SUBLINGUALES,2,9.01,15.02,true
39492,ME30819,BALSADER GEL TOPICO,Alcanfor - Mentol,GEL,"LABORATORIOS KIMICEG, C.A.",,,3.17,5.28,true
39496,ME42542,CARBONATO DE CALCIO 750 mg X 20 TABLETAS MASTICABLES SABOR MENTA,,TABLETAS,"LABORATORIOS SPEFAR VENEZOLANOS, S.A.",X 20 TABLETAS MASTICABLES SABOR MENTA,20,7.78,12.97,true
39497,ME42647,CLOTRIMAZOL 200 mg X 3 OVULOS VAGINALES,Clotrimazol,OVULOS,BLISS GVS PHARMA LIMITED,X 3 OVULOS VAGINALES,3,4.44,7.40,true
39498,ME43797,ELMETACIN-IND 1% SOLUCIÓN TOPICA,Indometacina,SOLUCION TOPICA,NOSCH LABS PVT. LTD. UNIT-II,,,9.35,15.58,true
39499,ME44466,"ELOK 0,1% CREMA",Mometasona Furoato,CREMA,RECKON ORGANICS PVT. LTD.,,,2.17,3.62,true
39500,ME36507,INSPRA 50 mg X 30 TABLETAS RECUBIERTAS,Eplerenona,TABLETAS,PFIZER PHARMACEUTICALS LLC.,X 30 TABLETAS RECUBIERTAS,30,31.91,53.18,true
39501,ME42489,ESOFLUX 20 mg X 30 TABLETAS CON RECUBRIMIENTO ENTERICO,Esomeprazol Magnesico,TABLETAS,DEUTSCHE LABS. INC.,X 30 TABLETAS CON RECUBRIMIENTO ENTERICO,30,6.14,10.23,true
39504,MI44615,"SIEGEXANIA 0,05% EMULSION	",Clobetasol Propionato,INYECTABLE,LABORATORIOS SIEGFRIED S.A.S.,,,26.3,43.83,true
39506,ME37839,TERBINAFINA CLORHIDRATO 1 % CREMA,Terbinafina,CREMA,CALOX DE COSTA RICA S.A.,,,6.39,10.65,true
39510,HO43429,FLUCONAZOL 200 mg / 100 mL SOLUCION PARA INFUSION,Fluconazol,INYECTABLE,"HEBEI TIANCHENG PHARMACEUTICALS CO., LTD",,,2.2,3.67,true
39511,ME32076,"SYMBICORT TURBUHALER 160 mcg - 4,5 mcg / DOSIS X 60 POLVO INHALACION ORAL",Budesonida - Formoterol,POLVO PARA RECONSTITUCION,ASTRAZENECA A.B,X 60 POLVO INHALACION ORAL,60,67.39,112.32,true
39512,ME35724,GABICTAL 400 mg X 15 COMPRIMIDOS RECUBIERTOS,Gabapentina,COMPRIMIDOS,"MONTE VERDE, S.A.",X 15 COMPRIMIDOS RECUBIERTOS,15,7,11.67,true
39516,ME31955,"GLAUCOTENSIL T  2 % - 0,5 % SOLUCION OFTALMICA",Dorzolamida - Timolol,SOLUCION OFTALMICA,LABORATORIOS POEN S.A.U. Y MEGA LABS S.A.,,,13.9,23.17,true
39518,ME43923,Glidex 500 mg X 30 Tabletas Recubiertas,(+)-tetrabenazina - Metformina,TABLETAS,"LABORATORIO PLUSANDEX DE FARMACEUTICOS UNIDOS, PLUSANDEX, C.A.",X 30 Tabletas Recubiertas,30,7.1,11.83,true
39519,ME43924,Glidex 850 mg X 30 Tabletas Recubiertas,(+)-tetrabenazina - Metformina,TABLETAS,"LABORATORIO PLUSANDEX DE FARMACEUTICOS UNIDOS, PLUSANDEX, C.A.",X 30 Tabletas Recubiertas,30,9.3,15.50,true
39520,ME42581,PEDIALYTE ZINC 60 mEq SOLUCION ELECTROLITICA DE USO ORAL SABOR A UVA X 60 SOLUCION ORAL,Glucosa - Zinc,SOLUCION ORAL,"ABBOTT LABORATORIES DE MEXICO, S.A. DE C.V",X 60 SOLUCION ORAL,60,11.56,19.27,true
39521,HO41500/2,GLUTANIL AL 20 % X 30 AMPOLLAS,Glutamina,INYECTABLE,"LABORATORIO BEHRENS, C.A.",X 30 AMPOLLAS,30,8.92,14.87,true
39522,HO41500/3,GLUTANIL AL 20 % X 60 AMPOLLAS,Glutamina,INYECTABLE,"LABORATORIO BEHRENS, C.A.",X 60 AMPOLLAS,60,7.3,12.17,true
39523,HO34920,HIDROCORTISONA 100 mg X 10 AMPOLLAS,Hidrocortisona,INYECTABLE,VITROFARMA S.A.,X 10 AMPOLLAS,10,19.58,32.63,true
39527,ME21014,"ITISONA 0,1 % CREMA",Betametasona,CREMA,"LABORATORIO LA SANTE, C.A.",,,8.79,14.65,true
39528,ME44524,IVABRADINA 5 mg X 30 TABLETAS RECUBIERTAS,Ivabradina,TABLETAS,ZYDUS LIFESCIENCIES LIMITED,X 30 TABLETAS RECUBIERTAS,30,12.55,20.92,true
39529,ME41832,JARIT 100 mg X 30 CAPSULAS BLANDAS,Progesterona,CAPSULAS,"PROCAPS, S.A.",X 30 CAPSULAS BLANDAS,30,37.14,61.90,true
39531,ME26276,KETOCONAZOL 2% CREMA,Ketoconazol,CREMA,"LABORATORIOS KIMICEG, C.A.",,,2.31,3.85,true
39532,ME35431,"BIOKETOF 2,5% GEL PARA USO T",Ketoprofeno,GEL,LABORATORIO BIOGALENIC C.A.,,,4.68,7.80,true
39533,ME28267,KETOMED 2 % CHAMPU,Ketoconazol,CHAMPU,ALTEA FARMACEUTCA S.A.,,,26.62,44.37,true
39538,ME40272,LEVOFERIN 30 mg / 5 mL SOLUCION,Levodropropizina,LOCION,"LABORATORIOS VINCENTI, C.A.",,,9.75,16.25,true
39540,ME44316,MAXIFURFORTE 100 mg X 30 CAPSULAS,,CAPSULAS,"JIANGXI SYNERGY PHARMACEUTICAL CO., LTD",X 30 CAPSULAS,30,8.74,14.57,true
39542,ME43601,MINOXIDIL FORTE 5% SOLUCION TOPICA,Minoxidil,SOLUCION TOPICA,"LABORATORIO LA SANTE, C.A.",,,12.96,21.60,true
39543,ME41549,MITAR 50 mcg / DOSIS SOLUCION PARA INHALACION NASAL,Mometasona,INHALACION,ROEMMERS S.A.I.C.F,,,10.74,17.90,true
39544,ME38201,"MOMEQ 0,1 % CREMA",Mometasona Furoato,CREMA,"LABORATORIO LA SANTE, C.A.",,,9.99,16.65,true
39545,ME43010,DESLORATADINA - MONTELUKAST 5 mg - 10 mg X 30 TABLETAS RECUBIERTAS,Desloratadina - Montelukast,TABLETAS,MASCOT HEALTH SERIES PVT. LTD.,X 30 TABLETAS RECUBIERTAS,30,7.44,12.40,true
39546,ME43731,MUPIROCINA 2 % UNGUENTO,Mupirocina,UNGUENTO,OHAD PHARMACEUTICALS PVT. LTD.,,,5.38,8.97,true
39547,ME44057/3,ACECOL 600 mg X 100 POLVO PARA SOLUCIÓN ORAL,,POLVO PARA RECONSTITUCION,XL LABORATORIES PVT. LTD.,X 100 POLVO PARA SOLUCIÓN ORAL,100,35.06,58.43,true
39548,ME44057/2,ACECOL 600 mg X 10 POLVO PARA SOLUCIÓN ORAL,,POLVO PARA RECONSTITUCION,XL LABORATORIES PVT. LTD.,X 10 POLVO PARA SOLUCIÓN ORAL,10,20.97,34.95,true
39549,ME13354,"FANASAL 0,05 % SOLUCION NASAL",Nafazolina,SOLUCION NASAL,"LABORATORIO QUIM-FAR, C.A.",,,2.73,4.55,true
39550,ME43190,NEMAX 16% - 6% SOLUCION RECTAL,,LOCION,WEST-COAST PHARMACEUTICAL WORKS LTD,,,5.5,9.17,true
39551,MI44357,FOSFATO DE SODIO MONOBÁSICO 16% - FOSFATO DE SODIO DIBÁSICO 6%,,,AIRELA INDUSTRIA FARMACEUTICA LTDA.,,,5.5,9.17,true
39552,HO39021/2,NEUROALFA X 1 AMPOLLAS,Vitamina B12,INYECTABLE,LABORATORIOS ALFA S.R.L.,X 1 AMPOLLAS,1,5.03,8.38,true
39553,HO39021/3,NEUROALFA X 3 AMPOLLAS,Vitamina B12,INYECTABLE,LABORATORIOS ALFA S.R.L.,X 3 AMPOLLAS,3,6.72,11.20,true
39555,HO44444,OMEPRAZOL 40 mg X 10 AMPOLLAS,Omeprazol,INYECTABLE,"ZHEJIANG XIANJU PHARMACEUTICAL CO., LTD. (TAIZHOU)",X 10 AMPOLLAS,10,20.79,34.65,true
39556,ME44095,OPRABLU 20 mg X 30 CAPSULAS,Omeprazol,CAPSULAS,OLON S.P.A,X 30 CAPSULAS,30,2.36,3.93,true
39557,HO44280,OLXAC 40 mg X 1 AMPOLLAS,Omeprazol,INYECTABLE,"SHANDONG YUXIN PHARMACEUTICAL, CO., LTD",X 1 AMPOLLAS,1,1.58,2.63,true
39558,ME43540,PARACETAMOL 120 mg / 5 mL SOLUCIÓN ORAL,Paracetamol,SOLUCION ORAL,MOREPEN LABORATORIES LIMITED,,,3.77,6.28,true
39559,ME44305,"BIOTADIN 0,2% SOLUCIÓN OFTALMICA",Olopatadina,SOLUCION OFTALMICA,ARION HEALTHCARE,,,13.08,21.80,true
39560,ME34819,"OPAT 0,1 % SOLUCION OFTALMICA",Olopatadina,SOLUCION OFTALMICA,"LABORATORIOS L.O. OFTALMI, C.A.",,,7.13,11.88,true
39561,ME42565,PATFLUX 40 mg X 1 TABLETAS CON RECUBRIMIENTO ENTERICO,Pantoprazol,TABLETAS,DEUTSCHE LABS. INC.,X 1 TABLETAS CON RECUBRIMIENTO ENTERICO,1,1.64,2.73,true
39564,ME41980,"DUSTALOX 0,5 % SOLUCION OFTALMICA",,SOLUCION OFTALMICA,LABORATORIOS SOPHIA S.A. DE C.V,,,9.09,15.15,true
39565,ME31563,"POENTOBRAL PLUS 0,3 %- 0,1 % SUSPENSIÓN OFTÁLMICA",Dexametasona - Tobramicina,SUSPENSION ORAL,LABORATORIOS POEN S.A.U.,,,6.99,11.65,true
39566,ME43937,PREDNISONA 5 mg / 5 mL SOLUCIÓN ORAL,Prednisona,SOLUCION ORAL,MOREPEN LABORATORIES LIMITED,,,3.47,5.78,true
39567,ME44199,PREGATAN 75 mg X 30 CAPSULAS,Pregabalina,CAPSULAS,REMUS PHARMACEUTICALS LTD,X 30 CAPSULAS,30,7.88,13.13,true
39571,ME42149,RIFAMIX 550 mg X 10 COMPRIMIDOS RECUBIERTOS,Rifaximina,COMPRIMIDOS,"LABORATORIOS LETI, S.A.V.",X 10 COMPRIMIDOS RECUBIERTOS,10,32.42,54.03,true
39573,ME38530,ESOZ 10 mg X 10 MICROGRANULOS ENTERICOS PARA SUSPENSION ORAL,Esomeprazol Magnesico,SOLUCION ORAL,"LABORATORIO LA SANTE, C.A.",X 10 MICROGRANULOS ENTERICOS PARA SUSPENSION ORAL,10,13.91,23.18,true
39574,ME44529,SACUMIC 50 mg X 30 COMPRIMIDOS RECUBIERTOS,Sacubitrilo - Valsartan,COMPRIMIDOS,MEGA LABS S.A. URUGUAY,X 30 COMPRIMIDOS RECUBIERTOS,30,25.97,43.28,true
39575,HO42230,"CLORURO DE SODIO 0,9% - GLUCOSA 5% X 10 AMPOLLAS",Glucosa,INYECTABLE,"SHIYAO YINHU PHARMACEUTICAL CO., LTD",X 10 AMPOLLAS,10,10.41,17.35,true
39576,ME42256,"FLUDINAX 0,9 % SOLUCION NASAL",,SOLUCION NASAL,"LABORATORIO BEHRENS, C.A.",,,6.9,11.50,true
39577,ME30785,SILVEDERMA 1 % CREMA,,CREMA,LABORATORIO ALDO UNION S.L.,,,12.4,20.67,true
39582,ME42849,PERMETRINA 5 % LOCION,Permetrina,LOCION,AUROCHEM LABORATORIES (INDIA) PVT. LTD.,,,4.43,7.38,true
39583,ME26303,ULCIRAM 1g/5 mL X 20 SUSPENSION ORAL,,SUSPENSION ORAL,"LABORATORIOS VARGAS, S.A.",X 20 SUSPENSION ORAL,20,7.73,12.88,true
39584,ME30367,SULTAMICILINA 250 mg/5 ml POLVO PARA SUSPENSION ORAL,,POLVO PARA RECONSTITUCION,"CALOX INTERNATIONAL, C.A.",,,18.3,30.50,true
39585,ME43518,SYNARTROS 60 mg X 10 TABLETAS RECUBIERTAS,Etoricoxib,TABLETAS,PRECISE BIOPHARMA PVT. LTD.,X 10 TABLETAS RECUBIERTAS,10,5.06,8.43,true
39586,ME44180,TADAFER 5 mg X 15 TABLETAS RECUBIERTAS,Tadalafilo,TABLETAS,"LABORATORIO PLUSANDEX DE FARMACEUTICOS UNIDOS, PLUSANDEX, C.A.",X 15 TABLETAS RECUBIERTAS,15,4.09,6.82,true
39590,ME41676,"BUCOXOLGAR 0,15 % - 0,25 % SOLUCION TOPICA BUCAL ATOMIZADORA SABOR A MENTA FRESCA",Bencidamina,SOLUCION TOPICA,"LABORATORIO LA SANTE, C.A.",,,5.74,9.57,true
39593,ME43940,"TOMYCIN DEX 0,3 % - 0,1 % SUSPENSIÓN OFTÁLMICA",Dexametasona - Tobramicina,SOLUCION OFTALMICA,THE IBN SINA PHARMACEUTICAL INDUSTRY LTD,,,9.18,15.30,true
39594,ME43863,"TOMYCIN 0,3 % SOLUCIÓN OFTALMICA",Tobramicina,SOLUCION OFTALMICA,THE IBN SINA PHARMACEUTICAL INDUSTRY LTD,,,4.83,8.05,true
39595,ME44362,TOPISEPT 2 % CREMA TÓPICA ,Acido Fusidico Hemihidrato,CREMA,LABORATORIOS SIEGFRIED S.A.S.,,,25.31,42.18,true
39596,ME44676,TRUSOMIDA 2% SOLUCIÓN OFTÁLMICA,Dorzolamida,SOLUCION OFTALMICA,VITALINE S.A.C,,,12.45,20.75,true
39598,ME44209,VERICOLAN 450 mg - 50 mg X 30 TABLETAS RECUBIERTAS,Diosmina - Hesperidina,TABLETAS,"LABORATORIO COFASA, S.A.",X 30 TABLETAS RECUBIERTAS,30,11.57,19.28,true
39600,ME43973,"FLOGAREN 1,16 % GEL",,GEL,COMPANIA ANONIMA PRODUCTOS RONAVA,,,6.72,11.20,true
39602,ME35193,GYNOCLOCIM 2 % CREMA VAGINAL,Clotrimazol,CREMA,"LABORATORIOS KIMICEG, C.A.",,,4.09,6.82,true
39606,,TRAMAL 100 mg / mL SOLUCION ORAL,,,,,,,1.25,true
39611,,TRAMAL 100 mg / mL SOLUCION ORAL,,,,,,,4.00,true