id,sku,nombre_comercial,molecula,forma,laboratorio,fuente_inhrr_ef
"39606","","TRAMAL 100 mg / mL SOLUCION ORAL","","","",""
"37679","ME43783","CARBAMAZEPINA 200 mg X 30 TABLETAS","Carbamazepina","TABLETAS","JIANGXI SYNERGY PHARMACEUTICAL CO., LTD","E.F.G.43.783"
"37638","ME42932/4","VITAMINA C - ZINC 500 mg - 15 mg X 60 TABLETAS MASTICABLES SABOR A MANDARINA","Ascorbico Acido - Zinc","TABLETAS","BIONUTREC S.A.S.","E.F.G.42.932"
"38876","ME37412","TOBRAMICINA 300 mg/5 ml SOLUCION PARA INHALACION","Tobramicina","INHALACION","CATALENT PHARMA SOLUTIONS, LLC, USA","E.F.G.37.412"
"38654","ME41148","PEREBRON 28 mg / 5 mL JARABE SABOR MIEL - LIMON","","JARABE","LABORATORIOS ELMOR, S.A.","E.F.41.148"
"37622","ME36416","BRUGESIC FORTE 200 mg / 5 mL X 10 SUSPENSION ORAL","Ibuprofeno","SUSPENSION ORAL","LABORATORIOS ELMOR, S.A.","E.F.36.416"
"37987","ME42749","DULOXETINA 60 mg X 28 TABLETAS GASTRORRESISTENTES","Duloxetina","TABLETAS","HIRAL LABS Ltd.","E.F.G.42.749"
"38910","ME43451","UROSINA 0,4 mg X 30 TABLETAS RECUBIERTAS DE LIBERACION PROLONGADA","","TABLETAS","RONALD PHARMACEUTICALS Pvt. Ltd.","E.F.43.451"
"37693","ME38916/6","CARVEDILOL 6,5mg X 30 TABLETAS","Carvedilol","TABLETAS","OKASA PHARMA ,PVT,LTDA","E.F.G.38.916"
"38008","ME1103","ENTEROGERMINA (ESPORAS DE BACILLUS CLAUSII) 2 MILLARDOS / 5 mL X 10 SUSPENSION ORAL","","SOLUCION ORAL","CALOX INTERNATIONAL, C.A.","P.B.1.103"
"37754","HO44679","CIPROFLOXACINA INFUSIÓN 0.2 g / 100 mL SOLUCION PARA INFUSION INTRAVENOSA","Ciprofloxacino","INYECTABLE","U SQUARE LIFESCIENCE PVT. LTD.","E.F.G.44.679"
"37361","ME37466","FUCIDIN H 20 mg - 10 mg/g CREMA.","Acido Fusidico Hemihidrato","CREMA","LEO LABORATORIES LTD, IRLANDA","E.F.37.466"
"39611","","TRAMAL 100 mg / mL SOLUCION ORAL","","","",""
"37844","ME39494/3","CORENTEL 1,25 mg X 30 COMPRIMIDOS RECUBIERTOS","","COMPRIMIDOS","MEGALABS VZL, C.A.","E.F.39.494"
"37632","HO43908","BUPIVACAINA 50 mg/10 mL SOLUCIÓN INYECTABLE","Bupivacaina","INYECTABLE","MEDVAL, C.A.","E.F.G.43.908"
"37890","ME34405/2","DESLORAT 5 mg X 10 TABLETAS RECUBIERTAS","Desloratadina","TABLETAS","LABORATORIOS L.O. OFTALMI, C.A.","E.F.34.405"
"37908","ME14784","PREVERAL  CON  DEXTROMETORFANO 6,25 mg-15,00 mg/5ml JARABE PEDIATRICO","","JARABE","LABORATORIOS WYETH, S.A.","E.F.14.784"
"37734","ME33334/2","VITAMINA C 500 mg X 15 TABLETAS MASTICABLES SABOR A PIÑA","","TABLETAS","CALOX INTERNATIONAL, C.A.","E.F.G.33.334"
"38294","HO43918","KETOPROFENO 50 mg / mL SOLUCIÓN INYECTABLE","Ketoprofeno","INYECTABLE","JIANGXI SYNERGY PHARMACEUTICAL CO., LTD","E.F.G.43.918"
"38954","ME41583","DARLIDE 1.000 UI X 100 CAPSULAS BLANDAS","Vitamina D3","CAPSULAS","INDUSTRIAS INTERCAPS DE VENEZUELA, C.A.","E.F.41.583"
"37668","MI1290","OXIGENO MEDICINAL","","","AGA GAS, C.A.","E.F.G.1.290"
"37767","ME36822/2","CITRATO DE CALCIO 1190 mg X 30 TABLETAS MASTICABLES SABOR A MANDARINA","","TABLETAS","CALOX INTERNATIONAL, C.A.","E.F.G.36.822"
"37866","HO13931","DECALONA 4 mg / mL X 1 AMPOLLAS","","INYECTABLE","BIOTECH LABORATORIOS, C.A.","E.F.13.931"
"38075","ME27405/2","FERGANIC 40 mg X 14 CAPSULAS","","CAPSULAS","MEGALABS VZL, C.A.","E.F.27.405"
"38169","ME32727","GLIMERID 2 mg X 30 TABLETAS","Glimepirida","TABLETAS","LABORATORIOS LA SANTE, C.A.","E.F.32.727"
"38249","ME40027","FLUTIXAIR 125 mg - 25 mcg / DOSIS X 200 SUSPENSION INHALACION ORAL","","SOLUCION ORAL","LABORATORIOS HAYMANN S.A.","E.F.40.027"
"39568","ME43545","PROFLOX 1g / 5 ml suspensión oral ","","SUSPENSION ORAL","RONALD PHARMACEUTICALS PVT LTD","E.F.43.545"
"39408","ME998","VITAMINA C 100 mg/5 ml JARABE","Ascorbico Acido","JARABE","MEGALABS VZL, C.A.","P.F.998"
"37804","ME36122","CLOPIDOGREL 75 mg X 14 TABLETAS RECUBIERTAS","Clopidogrel","TABLETAS","LABORATORIOS VALMOR,C.A.","E.F.G.36.122"
"38371","ME22858","LOGANIL 250 mg / 5 mL JARABE","","JARABE","BIOTECH LABORATORIOS, C.A.","E.F.22.858"
"38190","ME35183/3","LOSARTAN POTASICO - HIDROCLOROTIAZIDA 100 mg - 25 mg X 30 COMPRIMIDOS RECUBIERTOS","Hidroclorotiazida - Losartan","COMPRIMIDOS","LABORATORIOS LETI, S.A.V.","E.F.G.35.183"
"37589","ME38626","BISOPROLOL FUMARATO 5 mg X 30 TABLETAS RECUBIERTAS","","TABLETAS","CALOX INTERNATIONAL, C.A.","E.F.G.38.626"
"37427","ME32016/2","AMLODIPINA 10 mg X 10 TABLETAS","Amlodipino","TABLETAS","CALOX INTERNATIONAL, C.A.","E.F.G.32.016"
"38422","ME38235","GLETOP 20 mg X 60 TABLETAS CON CUBIERTA ENTERICA","Esomeprazol Magnesio Trihidrato","TABLETAS","GLENMARK PHARMACEUTICALS LIMITED / INDIA","E.F.38.235"
"38004","ME26416/2","ENALAPRIL 20 mg X 20 TABLETAS","Enalapril","TABLETAS","CALOX INTERNATIONAL, C.A.","E.F.G.26.416"
"38470","ME37626","BETALOCZOK 47,5 mg X 30 COMPRIMIDOS DE LIBERACION CONTROLADA","Metoprolol","COMPRIMIDOS","ASTRAZENECA AB.","E.F.37.626"
"38554","ME25984/2","NIFEDIPINA 10 mg X 10 COMPRIMIDOS DISPERSABLES","Nifedipino","COMPRIMIDOS","LABORATORIOS LETI, S.A.V.","E.F.G.25.984"
"38504","ME33690/2","MONTELUKAST 10 mg X 10 TABLETAS RECUBIERTAS","Montelukast","TABLETAS","LABORATORIOS L.O. OFTALMI, C.A.","E.F.G.33.690"
"37810","ME29314","CLORACE 125 - 0,5 mg / 5 mL SOLUCION ORAL","","SOLUCION ORAL","LABORATORIO COFASA, S.A.","E.F.29.314"
"37671","ME25738/2","CAPTOPRIL 25 mg X 20 TABLETAS","Captopril","TABLETAS","CALOX INTERNATIONAL, C.A.","E.F.G.25.738"
"38862","ME17508","TILODRIN 30 mg / 15 mL JARABE","","JARABE","LABORATORIOS SIEGFRIED S.A.","E.F.17.508"
"38889","ME30065","TRAMAL LONG 150 mg X 20 TABLETAS RECUBIERTAS DE LIBERACION PROLONGADA","","TABLETAS","TECNANDINA S.A.","E.F.30.065"
"38932","ME37644/2","VALSARTAN 80 mg X 14 CAPSULAS","Valsartan","CAPSULAS","SM PHARMA, C.A.","E.F.G.37.644"
"37539","ME33685/4","AZACARD 81 mg X 100 TABLETAS CON CUBIERTA ENTERICA","","TABLETAS","LABORATORIOS L.O. OFTALMI, C.A.","E.F.33.685"
"38454","ME43925/2","Metformina Clorhidrato 850mg X 14 Tabletas Recubiertas","(+)-tetrabenazina - Metformina","TABLETAS","LABORATORIO PLUSANDEX DE FARMACEUTICOS UNIDOS, PLUSANDEX, C.A. - LABORATORIO PLUSANDEX DE FARMACEUTICOS UNIDOS, PLUSANDEX, C.A.","E.F.G.43.925"
"38966","ME23088","CALCIO OSTELIN 175 mg - 60 UI / 5 mL SUSPENSION","Vitamina D3","SUSPENSION ORAL","LABORATORIOS FARMA, S.A.","E.F.23.088"
"37566","ME26475","BETADINE 8 % SOLUCION TOPICO BUCAL","","SOLUCION TOPICA","LABORATORIOS FARMA, S.A","E.F.26.475"
"38890","ME23882","TRAMAL 100 mg / mL SOLUCION ORAL","Tramadol","SOLUCION ORAL","TECNANDINA S.A. / ECUADOR","E.F.23.882"
"38556","ME38246","NIMODIPINA 30 mg X 30 COMPRIMIDOS","","COMPRIMIDOS","LABORATORIOS LETI, S.A.V.","E.F.G.38.246"
"37912","ME10432","DI-EUDRIN 50 mg X 30 TABLETAS","Hidroclorotiazida","TABLETAS","BIOTECH LABORATORIOS, C.A.","E.F.10.432"
"37591","ME36891","BISOPROLOL FUMARATO - HIDROCLOROTIAZIDA 5 mg - 6,25 mg X 30 TABLETAS","Bisoprolol - Hidroclorotiazida","TABLETAS","CALOX INTERNATIONAL, C.A.","E.F.G.36.891"
"38577","ME27271/2","NOTOLAC 20 mg X 4 TABLETAS","","TABLETAS","LABORATORIOS FARMA S.A.","E.F.27.271"
"38459","ME44619","METFORMINA 500 mg X 30 TABLETAS RECUBIERTAS","Metformina","TABLETAS","ANG LIFESCIENCES INDIA LTD (DISTT. SOLAN)","E.F.G.44.619"
"38749","ME37264","ROSUVASTATINA 20 mg X 30 COMPRIMIDOS RECUBIERTOS","Rosuvastatina","COMPRIMIDOS","LABORATORIOS LETI, S.A.V.","E.F.G.37.264"
"38012","ME19381","ERILON 1 mg / mL LOCION","","LOCION","BIOTECH LABORATORIOS, C.A.","E.F.19.381"
"37698","ME31748/2","CARVEDILOL 25 mg X 15 COMPRIMIDOS","Carvedilol","COMPRIMIDOS","LABORATORIOS LETI, S.A.V.","E.F.G.31.748"
"38055","ME42009","EUKENE HCT 40 mg - 25 mg X 30 COMPRIMIDOS RECUBIERTOS","Hidroclorotiazida","COMPRIMIDOS","MEGALABS VZL, C.A.","E.F.42.009"
"37701","ME36321/2","CARVEDILOL 25 mg X 14 TABLETAS RECUBIERTAS","Carvedilol","TABLETAS","CALOX INTERNATIONAL, C.A. / PLANTA LOS RUICES","E.F.G.36.321"
"38200","ME1384","HIRUDOID (POLISULFATO DE MUCOPOLISACARIDO) 25.000 UI / 100 g GEL","","GEL","CIFARMA S.A.C.","P.B.1.384"
"38861","ME12998","TILODRIN 4 mg / mL SOLUCION ORAL","","SOLUCION ORAL","LABORATORIOS SIEGFRIED S.A.","E.F.12.998"
"39052","ME42104","ANGRIP FORTE DIA 650 mg - 2 mg - 20 mg COMPRIMIDOS RECUBIERTOS","Acetaminofen - Cafeina - Clorfeniramina","COMPRIMIDOS","MEGALABS VZL, C.A.","E.F.42.104"
"37903","HO43012","DEXAMETASONA FOSFATO 8 mg / 2 mL X 1 AMPOLLAS","Dexametasona","INYECTABLE","LABORATORIOS VALMOR, C.A.","E.F.G.43.012"
"37927","HO36803/2","DICLOFENACO SODICO 75mg/3ml X 1 AMPOLLAS","Diclofenaco","INYECTABLE","FARMIONNI SCALPI,S.A.","E.F.G.36.803"
"38716","ME29673","OTIRILIN 4 % - 1 % SOLUCION OTICA","","SOLUCION OTICA","BIOCODEX","E.F.29.673"
"37340","ME26178/2","ACICLOVIR 200 mg X 10 TABLETAS","Aciclovir","TABLETAS","LABORATORIOS PIFANO, C.A.","E.F.G.26.178"
"38622","HO35150/3","ONDATRIN 2 mg / mL X 5 AMPOLLAS","Ondansetron","INYECTABLE","LABORATORIO BEHRENS, C.A.","E.F.35.150"
"38958","HO26226","VITAMINA B12 5 mg / mL X 1 AMPOLLAS","","INYECTABLE","C.A. PRODUCTOS RONAVA","E.F.G.26.226"
"37766","ME36822/3","CITRATO DE CALCIO 1190 mg X 60 TABLETAS MASTICABLES SABOR A MANDARINA","","TABLETAS","CALOX INTERNATIONAL, C.A.","E.F.G.36.822"
"38559","ME44261","NISTATINA 100.000 UI/mL SUSPENSIÓN ","Nistatina","SUSPENSION ORAL","ASPEN BIOPHARMA LABS PVT. LTD. - ASPEN BIOPHARMA LABS PVT. LTD.","E.F.G.44.261"
"38093","ME13715","MONOSULPA X 260 SOLUCION NASAL","","SOLUCION NASAL","LABORATORIOS LETI, S.A.V.","E.F.13.715"
"37817","ME34033","CLORTALIDONA 25 mg X 30 TABLETAS","Clortalidona","TABLETAS","EMPRESA LABORATORIOS MEDSOL UNIDAD EMPRESARIAL DE BASE (UEB) SOLMED","E.F.G.34.033"
"37437","ME43309","CLAVULAM 875 mg - 125 mg TABLETAS RECUBIERTAS","Amoxicilina - Clavulanico Acido","TABLETAS","LABORATE PHARMACEUTICALS INDIA Ltd.","E.F.43.309"
"38916","ME31624/3","VALSARTAN 160 mg X 14 CAPSULAS","Valsartan","CAPSULAS","LABORATORIOS LETI, S.A.V.","E.F.G.31.624"
"37641","ME34121","CALCITREX D3 950 mg - 200 UI X 30 TABLETAS","Vitamina D3","TABLETAS","LABORATORIOS L.O. OFTALMI, C.A.","E.F.34.121"
"37481","ME43847","APIBLOTAN 5mg X 60 TABLETAS RECUBIERTAS","Apixaban","TABLETAS","SYNOKEM PHARMACEUTICALS LIMITED","E.F.43.847"
"37572","ME42631","BETAMETASONA - GENTAMICINA - CLOTRIMAZOL 0,5 mg - 1 mg - 10 mg CREMA","Betametasona Dipropionato - Clotrimazol - Gentamicina","CREMA","AUROCHEM LABORATORIES (INDIA), Pvt. Ltd. / INDIA","E.F.G.42.631"
"38129","ME43528","FLUOXETINA 20 mg X 30 TABLETAS RECUBIERTAS","Fluoxetina","TABLETAS","ANG LIFESCIENCES INDIA LTD (AMRITSAR)","E.F.G.43.528"
"38483","ME43038","METRONIDAZOL 500 mg X 30 TABLETAS","Metronidazol","TABLETAS","JIANGXI XIER KANGTAI PHARMACEUTICAL CO. LTD.","E.F.G.43.038"
"38103","ME44088","FLAVOXATO 200 mg X 30 TABLETAS RECUBIERTAS","Flavoxato","TABLETAS","JIANGXI SYNERGY PHARMACEUTICAL CO., LTD","E.F.G.44.088"
"37751","ME28283/3","CIPROFLOXACINA 500 mg X 14 TABLETAS RECUBIERTAS","","TABLETAS","LABORATORIOS LA SANTE, S.A.","E.F.G.28.283"
"38399","ME37542/2","LOSARTAN POTASICO - HIDROCLOROTIAZIDA 100 mg - 25 mg X 10 TABLETAS RECUBIERTAS","Hidroclorotiazida - Losartan","TABLETAS","LABORATORIOS LA SANTE, C.A.","E.F.G.37.542"
"38338","ME35920/3","LEVOFLOXACINA 500 mg X 10 TABLETAS RECUBIERTAS","Levofloxacino","TABLETAS","PROCAPS, S.A.","E.F.G.35.920"
"38783","ME31067/2","SERTRALINA 50 mg X 10 COMPRIMIDOS RECUBIERTOS","Sertralina","COMPRIMIDOS","LABORATORIOS LETI, S.A.V.","E.F.G.31.067"
"38018","ME40960/3","ESCITALOPRAM 20 mg X 30 COMPRIMIDOS RECUBIERTOS","Escitalopram","COMPRIMIDOS","MEGALABS VZL, C.A.","E.F.G.40.960"
"37523","ME35340/3","ATORVASTATINA 40 mg X 30 TABLETAS RECUBIERTAS","Atorvastatina","TABLETAS","LABORATORIOS FARMA S.A.","E.F.G.35.340"
"38828","ME43450","TADALAFILO 5 mg X 30 TABLETAS RECUBIERTAS","Tadalafilo","TABLETAS","LABORATORIOS SIEGFRIED S.A.","E.F.G.43.450"
"37759","ME26487/3","CIPROFLOXACINA 500 mg X 10 COMPRIMIDOS RECUBIERTOS","","COMPRIMIDOS","LABORATORIOS LETI, S.A.V.","E.F.G.26.487"
"37771","ME25929","CLARIX 0,25 mg / mL SOLUCION NASAL","","SOLUCION NASAL","LABORATORIOS L.O. OFTALMI, C.A.","E.F.25.929"
"38026","ME43163","ESCITALOPRAM 10 mg X 28 TABLETAS RECUBIERTAS","Escitalopram","TABLETAS","RONALD PHARMACEUTICALS Pvt. Ltd.","E.F.G.43.163"
"37344","ME44064","ACICLOVIR 5% CREMA TOPICA","Aciclovir","SOLUCION TOPICA","CALOX INTERNATIONAL, C.A.","E.F.G.44.064"
"39070","ME38655/2","ARANDA 5 mg - 50 mg X 10 CAPSULAS","Losartan","CAPSULAS","LABORATORIOS FARMA S.A.","E.F.38.655"
"37345","ME34553/2","ACIDO ACETILSALICILICO 81 mg X 24 TABLETAS CON CUBIERTA ENTERICA","","TABLETAS","LABORATORIOS L.O. OFTALMI, C.A.","E.F.G.34.553"
"37370","ME36828/2","AFLAMAX 50 mg X 10 TABLETAS RECUBIERTAS","Diclofenaco","TABLETAS","LABORATORIOS L.O. OFTALMI, C.A.","E.F.36.828"
"37371","ME36828/3","AFLAMAX 50 mg X 20 TABLETAS RECUBIERTAS","Diclofenaco","TABLETAS","LABORATORIOS L.O. OFTALMI, C.A.","E.F.36.828"
"37399","ME43815","ALIVET 100 mg - 0,42 mg / mL X 10 SOLUCIÓN ORAL","Acetaminofen - Clorfenamina","SOLUCION ORAL","LABORATORIOS LETI, S.A.V.","E.F.43.815"
"37436","ME44341","SINOT CLAV 875 mg – 125 mg X 14 COMPRIMIDOS","Amoxicilina","COMPRIMIDOS","MOMENTA FARMACEUTICA LTDA.","E.F.44.341"
"37476","ME42864","APIRET 120 mg / 5 mL SOLUCION ORAL","","SOLUCION ORAL","LABORATORIOS L.O. OFTALMI, C.A.","E.F.42.864"
"37538","ME33685/3","AZACARD 81 mg X 60 TABLETAS CON CUBIERTA ENTERICA","","TABLETAS","LABORATORIOS L.O. OFTALMI, C.A.","E.F.33.685"
"39174","ME40804","DERMAZOL 0,05 % UNGUENTO","Clobetasol","UNGUENTO","MEGALABS VZL,C.A.","E.F.40.804"
"37537","ME33685/2","AZACARD 81 mg X 30 TABLETAS CON CUBIERTA ENTERICA","","TABLETAS","LABORATORIOS L.O. OFTALMI, C.A.","E.F.33.685"
"37548","ME34643","AZITROMICINA 500 mg X 5 TABLETAS RECUBIERTAS","Azitromicina","TABLETAS","LABORATORIOS VALMOR,C.A.","E.F.G.34.643"
"37586","ME44259/2","BIPROLIL HCT 5 mg - 6,25 mg X 15 COMPRIMIDOS RECUBIERTOS","Bisoprolol - Hidroclorotiazida","COMPRIMIDOS","LABORATORIOS VARGAS, S.A. - LABORATORIOS VARGAS, S.A.","E.F.44.259"
"37602","ME42224/2","BRASARTAN CTDN 80 mg - 12,5 mg X 10 TABLETAS RECUBIERTAS","Clortalidona - Valsartan","TABLETAS","LABORATORIOS FARMA S.A.","E.F.42.224"
"39225","MI8381","FURFURIL 0,2 %  APOSITO SOLUBLE","Nitrofurazona","","MEGALABS VZL, C.A.","E.F.8.381"
"37768","ME33790","CALCITREX D3 1500 mg - 200 UI X 30 TABLETAS","","TABLETAS","LABORATORIOS L.O. OFTALMI, C.A.","E.F.33.790"
"37842","ME35619/3","CORENTEL 10 mg X 30 COMPRIMIDOS RECUBIERTOS","","COMPRIMIDOS","MEGALABS  S.A.","E.F.35.619"
"37814","ME43585/4","DOPALEN 200 mg X 30 CÁPSULAS DE LIBERACIÓN PROLONGADA","Mebeverina","CAPSULAS","BIOTECH LABORATORIOS, C. A.","E.F.43.585"
"37891","ME34405/3","DESLORAT 5 mg X 20 TABLETAS RECUBIERTAS","Desloratadina","TABLETAS","LABORATORIOS L.O. OFTALMI, C.A.","E.F.34.405"
"37925","MI35435/3","DICLOFENAC POT X 10 UNIDADES","Diclofenaco","","LABORATORIO CHILE S.A.","E.F.G.35.435"
"37955","ME38177/4","DIOSMINA 600 mg X 30 TABLETAS RECUBIERTAS","Diosmina","TABLETAS","CALOX INTERNATIONAL, C.A.","E.F.G.38.177"
"37961","ME30873","DOBET 2 % - 0,5 % SOLUCION OFTALMICA","","SOLUCION OFTALMICA","LABORATORIOS L.O. OFTALMI, C.A.","E.F.30.873"
"38081","ME33240/4","FERGANIC FOLIC 40 mg - 360 mcg / 15 mL X 30 JARABE","Folico Acido","JARABE","MEGALABS VZL, C.A.","E.F.33.240"
"38072","HO41409","FENITOINA SODICA 50 mg / mL SOLUCION INYECTABLE","Fenitoina","INYECTABLE","VITALIS S.A.C.I.","E.F.G.41.409"
"38138","ME43354","FUNTRAZOL 100 mg X 10 CAPSULAS","Itraconazol","CAPSULAS","RONALD PHARMACEUTICALS Pvt. Ltd.","E.F.43.354"
"38132","HO21515","FOSFATO DE POTASIO MONOBASICO 1 mEq / mL SOLUCION INYECTABLE I.V.","","INYECTABLE","LABORATORIO BEHRENS, C.A.","E.F.G.21.515"
"38158","ME33501","GLIBENCLAMIDA 5 mg X 10 COMPRIMIDOS","Glibenclamida","COMPRIMIDOS","LABORATORIOS ELMOR S.A.","E.F.G.33.501"
"38259","ME43716","IRBETIAZID 150 mg - 12,5 mg X 28 TABLETAS","Hidroclorotiazida - Irbesartan","TABLETAS","LABORATORIOS SIEGFRIED S.A.","E.F.43.716"
"39445","ME32078","BONAC 4% GEL USO TOPICO","Eritromicina","GEL","ARBOFARMA S.A.S.","E.F.32.078"
"38273","ME42343","KELAC 30 mg X 4 TABLETAS SUBLINGUALES.","Ketorolaco","TABLETAS","MEGALABS VZL, C.A.","E.F.42.343"
"38287","HO35019/5","KETOPROFENO 100mg / 2 mL X 20 AMPOLLAS","Ketoprofeno","INYECTABLE","CALOX INTERNATIONAL, C.A.","E.F.G.35.019"
"38324","ME44311","LERCANIDIPNO 20 mg X 30 TABLETAS RECUBIERTAS","Lercanidipino","TABLETAS","AXA PARENTERALS LTD.","E.F.G.44.311"
"38346","ME42231","LEVORAT 5 mg / mL X 10 SOLUCION ORAL","Levocetirizina","SOLUCION ORAL","LABORATORIOS L.O. OFTALMI, C.A.","E.F.42.231"
"38333","ME43817","LEVOFLOXACINO 500 mg X 10 TABLETAS RECUBIERTAS","Levofloxacino","TABLETAS","JIANGXI SYNERGY PHARMACEUTICAL CO., LTD","E.F.G.43.817"
"38369","ME39867","LODIPIN VL 10 mg - 160 mg X 30 CAPSULAS","","CAPSULAS","MEGALABS VZL,C.A.","E.F.39.867"
"38385","ME40440","LORATADINA - AMBROXOL CLORHIDRATO 5 mg - 30 mg / 5 mL SOLUCION ORAL","Ambroxol - Loratadina","SOLUCION ORAL","LABORATORIOS KIMICEG, C.A.","E.F.G.40.440"
"38400","ME37542/3","LOSARTAN POTASICO - HIDROCLOROTIAZIDA 100 mg - 25 mg X 30 TABLETAS RECUBIERTAS","Hidroclorotiazida - Losartan","TABLETAS","LABORATORIOS LA SANTE, C.A.","E.F.G.37.542"
"38456","ME42410","METFORMINA CLORHIDRATO 1000 mg X 30 TABLETAS RECUBIERTAS","Metformina","TABLETAS","LEK S.A.","E.F.G.42.410"
"38515","ME40494","MOXIDEX 0,5 -0,1 % SOLUCION OFTALMICA ESTERIL","","SOLUCION OFTALMICA","LABORATORIOS L.O. OFTALMI, C.A.","E.F.40.494"
"38514","ME35996","MOVIMEX 15 mg X 10 TABLETAS","Meloxicam","TABLETAS","LABORATORIOS L.O. OFTALMI, C.A.","E.F.35.996"
"38536","ME31384/2","NEFROTAL H 50 mg - 12,5 mg X 10 COMPRIMIDOS RECUBIERTOS","Hidroclorotiazida - Losartan","COMPRIMIDOS","MEGALABS VZL, C.A.","E.F.31.384"
"38599","ME27785/6","OMEPRAZOL 20 mg X 30 CAPSULAS CON MICROGRANULOS ENTERICOS","","CAPSULAS","CALOX INTERNATIONAL, C.A.","E.F.G.27.785"
"38596","ME27785/3","OMEPRAZOL 20 mg X 10 CAPSULAS CON MICROGRANULOS ENTERICOS","","CAPSULAS","CALOX INTERNATIONAL, C.A.","E.F.G.27.785"
"37316","ME25466/2","ACETAMINOFEN 500 mg X 10 COMPRIMIDOS","Acetaminofen","COMPRIMIDOS","LABORATORIOS SPEFAR VENEZOLANOS, S.A.","E.F.G.25.466"
"37319","ME23275/2","ACETAMINOFEN 500 mg X 10 TABLETAS","Acetaminofen","TABLETAS","LABORATORIO PLUSANDEX DE FARMACEUTICOS UNIDOS, PLUSANDEX, C.A.","E.F.G.23.275"
"37307","ME36867","ACETAB 250 mg X 20 TABLETAS","Acetazolamida","TABLETAS","LABORATORIOS L.O. OFTALMI, C.A.","E.F.36.867"
"37330","ME42976","ACEVAL 180 mg / 5 mL SOLUCION ORAL","Acetaminofen","SOLUCION ORAL","LABORATORIOS VALMOR, C.A.","E.F.42.976"
"37334","ME24209","ACICLOR 5 % CREMA","Aciclovir","CREMA","LABORATORIOS LETI, S.A.V.","E.F.24.209"
"37337","HO1046","MONARC- M 250 u. 1 X 1 AMPOLLAS","","INYECTABLE","CORPORACION COLIMODIO C.A","P.B.1.046"
"37343","ME42505","ACICLOVIR 400 mg X 100 TABLETAS","Aciclovir","TABLETAS","CAPLIN POINT LABORATORIES LIMITED","E.F.G.42.505"
"37346","ME34553/3","ACIDO ACETILSALICILICO 81 mg X 30 TABLETAS CON CUBIERTA ENTERICA","","TABLETAS","LABORATORIOS L.O. OFTALMI, C.A.","E.F.G.34.553"
"37348","ME42963","ACIDO ASCORBICO 100 mg / mL SOLUCION ORAL","Ascorbico Acido","SOLUCION ORAL","BIOQUIMICA INTERNACIONAL, C.A.","E.F.G.42.963"
"37349","ME1457","RESTYLANE PERLANE LIDOCAINA (ACIDO HIALURONICO - LIDOCAINA CLORHIDRATO) 20mg / mL - 3 mg/mL GEL INYECTABLE","Hialuronico Acido","INYECTABLE","Q-MED AB","P.B.1.457"
"37352","HO3187/4","ACIDO FOLICO 10 mg / mL X 20 AMPOLLAS","Folico Acido","INYECTABLE","MEGALABS VZL, C.A.","E.F.G.3.187"
"37353","ME33347","ACIDO FOLICO 10 mg COMPRIMIDOS","Folico Acido","COMPRIMIDOS","LABORATORIOS VARGAS, S.A.","E.F.G.33.347"
"37356","ME4630/2","ACIDO FOLICO 10 mg X 10 COMPRIMIDOS","Folico Acido","COMPRIMIDOS","MEGALABS VZL, C.A.","E.F.G.4.630"
"37365","ME23174/4","VALPRON 500 mg X 60 TABLETAS","Valproico Acido","TABLETAS","LABORATORIOS FARMA S.A.","E.F.23.174"
"37366","ME38066","ACIDO IBANDRONICO 150 mg X 1 TABLETAS RECUBIERTAS","","TABLETAS","CALOX INTERNATIONAL, C.A.","E.F.G.38.066"
"37379","ME33783/3","AIRON 10 mg X 30 TABLETAS RECUBIERTAS","Montelukast","TABLETAS","LABORATORIOS L.O. OFTALMI, C.A.","E.F.33.783"
"37380","ME33783/2","AIRON 10 mg X 10 TABLETAS RECUBIERTAS","Montelukast","TABLETAS","LABORATORIOS L.O. OFTALMI, C.A.","E.F.33.783"
"37393","ME33876","ALERGOT 0,05 % SOLUCION OFTALMICA","Azelastina","SOLUCION OFTALMICA","LABORATORIOS L.O. OFTALMI, C.A.","E.F.33.876"
"37394","ME35409","ALFADYN 0,2 % SOLUCION OFTALMICA","Brimonidina","SOLUCION OFTALMICA","LABORATORIOS L.O. OFTALMI, C.A.","E.F.35.409"
"37408","ME33085/3","ALSART 160 mg X 30 CAPSULAS","Valsartan","CAPSULAS","LABORATORIOS SIEGFRIED S.A.","E.F.33.085"
"37414","ME28493","AMBROXOL CLORHIDRATO 30 mg / 5 mL JARABE","Ambroxol","JARABE","LABORATORIOS LA SANTE, C.A.","E.F.G.28.493"
"37416","ME29181","CLORHIDRATO DE AMBROXOL 30mg/5mL SOLUCION ORAL","Ambroxol","SOLUCION ORAL","LABORATORIOS KIMICEG C.A.","E.F.G.29.181"
"37400","ME44004","ALOPURINOL 100 mg X 30 TABLETAS","Alopurinol","TABLETAS","ANG LIFESCIENCES INDIA LTD (AMRITSAR)","E.F.G.44.004"
"37441","ME20340/4","AMOXICILINA 500 mg X 12 CAPSULAS","Amoxicilina","CAPSULAS","CALOX INTERNATIONAL, C.A.","E.F.G.20.340"
"37445","ME20104","AMOXICILINA 125 mg / 5 mL POLVO PARA SUSPENSION","Amoxicilina","POLVO PARA RECONSTITUCION","CALOX INTERNATIONAL, C.A.","E.F.G.20.104"
"37447","ME25639","AMOXICILINA 250 mg / 5 mL POLVO PARA SUSPENSION","Amoxicilina","POLVO PARA RECONSTITUCION","SYNTOFARMA, S.A.","E.F.G.25.639"
"37461","ME24592/2","ANASMOL 5 mg X 10 COMPRIMIDOS","Warfarina","COMPRIMIDOS","MEGALABS VZL, C.A.","E.F.24.592"
"37466","ME31329/4","ANGRIP X 15 COMPRIMIDOS","","COMPRIMIDOS","MEGALABS VZL, C.A.","E.F.31.329"
"37472","ME39619","ANTAAR 10 mg X 30 TABLETAS RECUBIERTAS","Bisoprolol","TABLETAS","CALOX INTERNATIONAL, C.A.","E.F.39.619"
"37477","ME42860","APIRET 160 mg / 5 mL SOLUCION ORAL","","SOLUCION ORAL","LABORATORIOS L.O. OFTALMI, C.A.","E.F.42.860"
"37478","ME43224","APIRET 500 mg X 10 TABLETAS","Acetaminofen","TABLETAS","LABORATORIOS L.O. OFTALMI, C.A.","E.F.43.224"
"37479","ME42943","APIRETFLU DIA X 6 GRANULADO","Acetaminofen - Cafeina","GRANULADOS","LABORATORIOS L.O. OFTALMI, C.A.","E.F.42.943"
"37486","ME37211/3","ARANDA 2,5 mg - 50 mg X 30 CAPSULAS","Losartan","CAPSULAS","ACHE LABORATORIOS FARMACEUTICOS S.A.","E.F.37.211"
"37487","ME37212","ARANDA 5 mg - 100 mg X 10 CAPSULAS","Losartan","CAPSULAS","ACHE LABORATORIOS FARMACEUTICOS S.A.","E.F.37.212"
"37500","ME42248","ASARAP 15 mg X 30 COMPRIMIDOS RECUBIERTOS","Rivaroxaban","COMPRIMIDOS","LABORATORIOS LETI S.A.V.","E.F.42.248"
"37501","ME42294","ASARAP 20 mg X 30 COMPRIMIDOS RECUBIERTOS","Rivaroxaban","COMPRIMIDOS","LABORATORIOS LETI, S.A.V.","E.F.42.294"
"37503","ME17492","ASCAFYL X 10 TABLETAS RECUBIERTAS","Acetaminofen - Cafeina","TABLETAS","LABORATORIOS SIEGFRIED S.A.","E.F.17.492"
"37512","ME25816","ATENOLOL 100 mg X 30 TABLETAS","Atenolol","TABLETAS","CALOX INTERNATIONAL, C.A.","E.F.G.25.816"
"37516","ME39468/3","ATORVACOF 20 mg X 30 TABLETAS RECUBIERTAS","Atorvastatina","TABLETAS","LABORATORIO COFASA, S.A.","E.F.39.468"
"37525","ME32812","ATORVASTATINA 20 mg X 30 TABLETAS RECUBIERTAS","Atorvastatina","TABLETAS","LABORATORIOS LA SANTE, C.A.","E.F.G.32.812"
"37535","ME34732","AVODART 0,5 mg CAPSULAS BLANDAS","Dutasterida","CAPSULAS","DELPHARM POZNAN SPOLKA AKCYJNA UL.","E.F.34.732"
"37567","ME37878","BETADUO 6,430 mg - 2,631 mg / mL X 1 AMPOLLAS","","INYECTABLE","PHARMAYECT, S.A.","E.F.37.878"
"37570","ME16115","BETAGEN SOLSPEN X 1 AMPOLLAS","","INYECTABLE","BIOTECH LABORATORIOS, C.A.","E.F.16.115"
"37576","ME42551","BILOL 2,5 mg X 10 TABLETAS RECUBIERTAS","","TABLETAS","SWISS PARENTERALS Ltd.","E.F.42.551"
"37595","ME43390","BISOPROLOL FUMARATO 1,25 mg X 15 TABLETAS RECUBIERTAS","","TABLETAS","SYNOKEM PHARMACEUTICALS LIMITED","E.F.G.43.390"
"37590","ME39140","BISOPROLOL FUMARATO 2,5 mg X 30 COMPRIMIDOS RECUBIERTOS","Bisoprolol","COMPRIMIDOS","LABORATORIOS LETI, S.A.V.","E.F.G.39.140"
"37592","ME42421","BISOPROLOL FUMARATO 10 mg X 30 COMPRIMIDOS RECUBIERTOS","Bisoprolol","COMPRIMIDOS","LABORATORIOS SPEFAR VENEZOLANOS, S.A.","E.F.G.42.421"
"37604","ME35864","BRASARTAN 160 mg X 30 TABLETAS RECUBIERTAS","Valsartan","TABLETAS","LABORATORIOS FARMA S.A.","E.F.35.864"
"37610","ME43576","BROFLEMA 4 mg - 5 mL JARABE","Bromhexina","JARABE","BIOTECH LABORATORIOS, C. A.","E.F.43.576"
"37618","ME44085","BROMURO DE IPRATROPIO 20 mcg / DOSIS SOLUCIÓN PARA INHALACIÓN ORAL","Bromuro De Ipratropio Monohidratado","SOLUCION ORAL","HEILONJIANG PROVIDENCE FULEKANG PHARMACEUTICAL COMPANY LTD","E.F.G.44.085"
"37624","ME29895","BRUGESIC PLUS 600 mg X 10 POLVO PARA SOLUCION ORAL","Ibuprofeno","POLVO PARA RECONSTITUCION","LABORATORIOS ELMOR, S.A.","E.F.29.895"
"37626","ME30917","BUDECORT 1 mg / mL SUSPENSION PARA INHALAR","Budesonida","SUSPENSION ORAL","LABORATORIOS L.O. OFTALMI, C.A.","E.F.30.917"
"37634","ME43035/2","BUTAL 8 mg X 10 TABLETAS RECUBIERTAS","Betahistina","TABLETAS","LABORATORIOS SIEGFRIED S.A.","E.F.43.035"
"37660","ME35007/2","CANDESARTAN CILEXETIL 16 mg X 10 TABLETAS","Candesartan","TABLETAS","LABORATORIOS VALMOR, C.A.","E.F.G.35.007"
"37637","ME30197","CALCIBON 200 mg X 30 TABLETAS RECUBIERTOS","","TABLETAS","LABORATORIOS FARMA S.A.","E.F.30.197"
"37665","ME40335","CANFIR 500 mg X 30 COMPRIMIDOS RECUBIERTOS DE LIBERACION PROLONGADA","","COMPRIMIDOS","LABORATORIOS LETI, S.A.V.","E.F.40.335"
"37667","ME43828","CANTIP 8 mg X 30 COMPRIMIDOS","Candesartan Cilexetilo","COMPRIMIDOS","INTECH HEALTHCARE","E.F.43.828"
"37685","ME1642","CARBONATO DE LITIO 300 mg X 20 CAPSULAS","Litio","CAPSULAS","INDUSTRIAS DE MEDICAMENTOS GENERICOS R.X., C.A.","P.F.G.1.642"
"37690","ME33806","CARVEDIL 6,25 mg X 30 TABLETAS RECUBIERTAS","Carvedilol","TABLETAS","MACLEODS PHARMACEUTICALS LTD.","E.F.33.806"
"37694","ME38916/4","CARVEDILOL 6,5mg X 20 TABLETAS","Carvedilol","TABLETAS","OKASA PHARMA ,PVT,LTDA","E.F.G.38.916"
"37682","ME33422/2","CARBATIL 12,5 mg X 10 TABLETAS","Carvedilol","TABLETAS","BIOTECH LABORATORIOS, C. A.","E.F.33.422"
"37709","ME40269","CEFALEXINA 125 mg / 5 mL POLVO PARA SUSPENSION ORAL","Cefalexina","POLVO PARA RECONSTITUCION","EMPRESA FARMACEUTICA ""8 DE MARZO""","E.F.G.40.269"
"37714","ME44329","CEFIXIMA 400 mg X 5 TABLETAS RECUBIERTAS","Cefixima","TABLETAS","CALOX INTERNATIONAL, C.A.","E.F.G.44.329"
"37715","ME44129","CEFIXIMA 400 mg X 10 TABLETAS DISPERSABLES","Cefixima","TABLETAS","BAROQUE PHARMACEUTICALS PVT LTD","E.F.G.44.129"
"37717","HO43171","CEFOPERAZONA - SULBACTAM 1 g - 0,5 g X 1 AMPOLLAS","Sulbactam","INYECTABLE","REYOUNG PHARMACEUTICAL Co., Ltd.","E.F.G.43.171"
"37718","ME43917","CEFOTAS 500 mg X 20 CAPSULAS","Cefadroxilo","CAPSULAS","SYNTOFARMA S.A.","E.F.43.917"
"37724","ME43858","CETERIX 5 mg / 5 mL SOLUCIÓN ORAL","Cetirizina","SOLUCION ORAL","MEGALABS VZL, C.A.","E.F.43.858"
"37729","ME32490","CETIRIZINA 1 mg / mL SOLUCION ORAL","Cetirizina","SOLUCION ORAL","LABORATORIOS KIMICEG, C.A.","E.F.G.32.490"
"37735","ME33334/3","VITAMINA C 500 mg X 30 TABLETAS MASTICABLES SABOR A PIÑA","","TABLETAS","CALOX INTERNATIONAL, C.A.","E.F.G.33.334"
"37739","ME27924","CICLOFTAL1 % SOLUCION OFTALMICA","Ciclopentolato","SOLUCION OFTALMICA","LABORATORIOS L.O. OFTALMI, C.A.","E.F.27.924"
"37742","HO9190","CIFARCAINA AL 2 % X 2 AMPOLLAS","","INYECTABLE","LABORATORIO BEHRENS, C.A.","E.F.9.190"
"37743","HO9189","CIFARCAINA AL 1 % SOLUCION INYECTABLE","","INYECTABLE","LABORATORIO BEHRENS, C.A.","E.F.9.189"
"37749","ME39629","PROFITIP 100 mg X 30 TABLETAS","","TABLETAS","MACLEODS PHARMACEUTICALS LTD.","E.F.39.629"
"37756","ME27827/3","CIPROFLOXACINA 500 mg X 6 TABLETAS RECUBIERTAS","","TABLETAS","CALOX INTERNATIONAL, C.A.","E.F.G.27.827"
"37758","ME27827/2","CIPROFLOXACINA 500 mg X 5 TABLETAS RECUBIERTAS","","TABLETAS","CALOX INTERNATIONAL, C.A.","E.F.G.27.827"
"37769","ME42521","CITRAPOL SOLUCION","Citrico Acido","LOCION","S.M. PHARMA, C.A.","E.F.42.521"
"37775","ME29289","CLENBUNAL 0,014 mg / mL SOLUCION ORAL","","SOLUCION ORAL","MEGALABS VZL, C.A.","E.F.29.289"
"37779","ME25351","CLENBUNAL 0,01 mg / 5 mL JARABE","","JARABE","MEGALABS VZL, C.A.","E.F.25.351"
"37783","ME44654","CLINDAMICINA 300 mg X 16 CAPSULAS","Clindamicina","CAPSULAS","ANMOL HEALTHCARE LABORATORY PVT, LTD.","E.F.G.44.654"
"37784","ME31466","CLINDAMICINA 300 mg X 20 CAPSULAS","Clindamicina","CAPSULAS","LABORATORIOS LA SANTE, S.A.","E.F.G.31.466"
"37789","ME33200","CLONATRIL 0,5 mg X 30 COMPRIMIDOS","Clonazepam","COMPRIMIDOS","MEGALABS VZL,C.A.","E.F.33.200"
"37795","HO31483/3","CLONIDINA CLORHIDRATO 0,150 mg / mL X 30 AMPOLLAS","","INYECTABLE","LABORATORIOS VALMOR, C.A.","E.F.G.31.483"
"37807","ME34774","CLOPIDOGREL 75 mg X 30 TABLETAS RECUBIERTAS","Clopidogrel","TABLETAS","LABORATORIOS SIEGFRIED S.A.","E.F.G.34.774"
"37816","ME43585/3","DOPALEN 200 mg X 20 CÁPSULAS DE LIBERACIÓN PROLONGADA","Mebeverina","CAPSULAS","BIOTECH LABORATORIOS, C. A.","E.F.43.585"
"37818","HO37055","CLORURO DE POTASIO 2 mEq /ml SOLUCION INYECTABLE","","INYECTABLE","CORPAUL ,COLOMBIA","E.F.G.37.055"
"37819","HO1672","SOLUCION ISOTONICA DE CLORURO DE SODIO(SOL.FISIOLOGICA)PARENTERAL","","INYECTABLE","LABORATORIOS FLUPAL, C.A.","P.F.1.672"
"37820","ME32566","CLORURO DE SODIO 0,9 % SOLUCION ISOTONICA PARA IRRIGACION ESTERIL","","LOCION","LABORATORIO BEHRENS, C.A.","E.F.G.32.566"
"37827","ME44294","COZOMINA T 2 % - 0,5 % SOLUCIÓN OFTÁLMICA ","Dorzolamida - Timolol","SOLUCION OFTALMICA","LABORATORIO COFASA, S.A.","E.F.44.294"
"37821","ME43020","CLOTRIMAZOL 200 mg CAPSULAS BLANDAS VAGINALES","Clotrimazol","CAPSULAS","CALOX INTERNATIONAL, C.A.","E.F.G.43.020"
"37831","ME34845","COLLOVAR SOLUCION","Lactico Acido - Salicilico Acido","LOCION","LABORATORIOS VARGAS, S.A.","E.F.34.845"
"37874","ME32194/2","DEFLAZACORT 6 mg X 10 COMPRIMIDOS","Deflazacort","COMPRIMIDOS","LABORATORIOS LETI, S.A.V.","E.F.G.32.194"
"37867","ME21267/2","DECOBEL 0,5 mg X 10 TABLETAS","Dexametasona","TABLETAS","C.A. PRODUCTOS RONAVA","E.F.21.267"
"37877","ME4931","DENCORUB CREMA","Alcanfor - Mentol - Salicilato Metilo","CREMA","LABORATORIOS PONCE, C.A.","E.F.4.931"
"37881","ME37124","DERMACORTINE 0,1 % CREMA","Mometasona","CREMA","MEGALABS VZL, C.A.","E.F.37.124"
"37882","MI37676","DERMACORTINE 0,1 % EMULSION","Mometasona","INYECTABLE","MEGALABS VZL, C.A.","E.F.37.676"
"37884","ME38114","DERMOSUPRIL C 0,1 % - 3 % CREMA TOPICA","Clioquinol","CREMA","MEGALABS VZL, C.A.","E.F.38.114"
"37910","ME40663","PREVERAL CON DEXTROMETORFANO 3 mg - 15 mg / 5 mL SOLUCION ORAL","Dextrometorfano","SOLUCION ORAL","LABORATORIOS VARGAS, S.A.","E.F.40.663"
"37924","MI35435/2","DICLOFENAC POT X 6 UNIDADES","Diclofenaco","","LABORATORIO CHILE S.A.","E.F.G.35.435"
"37926","MI35435/4","DICLOFENAC POT X 30 UNIDADES","Diclofenaco","","LABORATORIO CHILE S.A.","E.F.G.35.435"
"37930","ME43045/4","DICLOFENACO POTASICO 50 mg X 30 TABLETAS RECUBIERTAS","Diclofenaco","TABLETAS","JIANGXI XIER KANGTAI PHARMACEUTICAL CO. LTD.","E.F.G.43.045"
"37931","ME43045/3","DICLOFENACO POTASICO 50 mg X 20 TABLETAS RECUBIERTAS","Diclofenaco","TABLETAS","JIANGXI XIER KANGTAI PHARMACEUTICAL CO. LTD.","E.F.G.43.045"
"37933","ME29516","DICLOFENAC SODICO 50 mg TABLETAS RECUBIERTAS","Diclofenaco","TABLETAS","LABORATORIOS KIMICEG, C.A.","E.F.G.29.516"
"37946","ME34580","DIKLASON 1,8 mg / mL SUSPENSION ORAL","Diclofenaco","SUSPENSION ORAL","LABORATORIOS LETI, S.A.V.","E.F.34.580"
"37949","ME42159","DILUXEN 60 mg X 20 TABLETAS","Piridostigmina","TABLETAS","LABORATORIOS FARMA S.A.","E.F.42.159"
"37952","ME43969/3","DIOSMINA 600 mg X 15 COMPRIMIDOS RECUBIERTOS","Diosmina","COMPRIMIDOS","LABORATORIOS VARGAS, S.A.","E.F.G.43.969"
"37967","ME26655/2","DOL X 4 TABLETAS RECUBIERTAS","Acetaminofen - Cafeina","TABLETAS","CALOX INTERNATIONAL, C.A.","E.F.26.655"
"37971","ME43320","DOLCAN 9 mg / 5 mL SUSPENSION ORAL","","SOLUCION ORAL","MEGALABS VZL, C.A.","E.F.43.320"
"37985","ME20337","DOXICICLINA 100 mg X 10 CAPSULAS","Doxiciclina","CAPSULAS","CALOX INTERNATIONAL, C.A.","E.F.G.20.337"
"37991","ME32615/5","DUROVAL 50 mg X 10 TABLETAS RECUBIERTAS","","TABLETAS","LABORATORIOS VALMOR, C.A.","E.F.32.615"
"37992","ME44389/2","TAMSULON DUO 0,5 mg - 0,4 mg X 10 CÁPSULAS DE LIBERACION PROLONGADA","Dutasterida - Tamsulosina","CAPSULAS","ASOFARMA S.A.I. Y C.","E.F.44.389"
"37993","ME44389/3","TAMSULON DUO 0,5 mg - 0,4 mg X 30 CÁPSULAS DE LIBERACION PROLONGADA","Dutasterida - Tamsulosina","CAPSULAS","ASOFARMA S.A.I. Y C.","E.F.44.389"
"38002","ME43619","LERCANIDIPINA CLORHIDRATO - ENALAPRIL MALEATO 10 mg - 10 mg X 30 COMPRIMIDOS RECUBIERTOS","Enalapril - Lercanidipino","COMPRIMIDOS","LABORATORIOS LETI, S.A.V.","E.F.G.43.619"
"38036","ME35130/3","ESOMEPRAZOL 20 mg X 20 TABLETAS RECUBIERTAS","Esomeprazol Magnesico","TABLETAS","CALOX INTERNATIONAL, C.A.","E.F.G.35.130"
"37841","ME35619/2","CORENTEL 10 mg X 10 COMPRIMIDOS RECUBIERTOS","","COMPRIMIDOS","MEGALABS  S.A.","E.F.35.619"
"38071","ME39949","FEMMEXTRA 200 mg - 10 mg X 10 CAPSULAS","Ibuprofeno","CAPSULAS","LABORATORIOS FARMA S.A.","E.F.39.949"
"38074","HO35889/2","FENITOINA SODICA 250 mg / 5 mL X 10 AMPOLLAS","Fenitoina","INYECTABLE","LABORATORIO BIOSANO, S.A.","E.F.G.35.889"
"38080","ME33240/2","FERGANIC FOLIC 40 mg - 360 mcg / 15 mL X 1 JARABE","Folico Acido","JARABE","MEGALABS VZL, C.A.","E.F.33.240"
"38085","ME13615","FERROCE CON B12 JARABE","Vitamina B12 - Vitamina C","JARABE","LABORATORIOS SIEGFRIED S.A.","E.F.13.615"
"38090","ME41359","FEXORAT 30 mg / 5 mL SUSPENSION ORAL","Fexofenadina","SUSPENSION ORAL","LABORATORIOS L.O. OFTALMI, C.A.","E.F.41.359"
"38094","ME29110","FISIOLIN 0,65 % SOLUCION NASAL","","SOLUCION NASAL","LABORATORIOS L.O. OFTALMI, C.A.","E.F.29.110"
"38092","ME784","NIAZOL 1mg / mL X 10 SOLUCION NASAL","","SOLUCION NASAL","BIOTECH LABORATORIOS, C.A.","E.F.784"
"38098","ME39597/3","FITEX 5 mg X 30 TABLETAS","Tadalafilo","TABLETAS","LABORATORIOS FARMA S.A.","E.F.39.597"
"38099","ME35935","FLATORIL 80 mg / mL SUSPENSION GOTAS","Simeticona","SUSPENSION ORAL","LABORATORIOS ELMOR, S.A.","E.F.35.935"
"38102","ME40011/3","FLAVOXATO 200 mG X 20 COMPRIMIDOS RECUBIERTOS","Flavoxato","COMPRIMIDOS","LABORATORIOS LETI, S.A.V.","E.F.G.40.011"
"38104","ME41029","FLAVOXATO CLORHIDRATO 200 mg X 10 TABLETAS RECUBIERTAS","Flavoxato","TABLETAS","LABORATORIOS LA SANTE, C.A.","E.F.G.41.029"
"38107","ME38680","FLENOX 15 mg / 5 mL SOLUCION ORAL","Ambroxol","SOLUCION ORAL","BIOTECH LABORATORIOS, C.A.","E.F.38.680"
"38108","ME35680","FLINAS 0,05% X 140 SUSPENSION NASAL PARA NEBULIZAR","Fluticasona","SUSPENSION ORAL","LABORATORIOS L.O. OFTALMI, C.A.","E.F.35.680"
"38112","ME41686","FLUCON 200 mg X 4 CAPSULAS","Fluconazol","CAPSULAS","MEGALABS VZL, C.A.","E.F.41.686"
"38119","HO40840","FLUCONAZOL 200 mg /100 mL SOLUCION INYECTABLE INTRAVENOSA","Fluconazol","INYECTABLE","VITALIS S.A.C.I / PLANTA 8","E.F.G.40.840"
"38134","ME31562","FOTORRETIN 0,5 % - 5 % SOLUCION OFTALMICA","Tropicamida","SOLUCION OFTALMICA","LABORATORIOS POEN S.A.U.","E.F.31.562"
"38135","ME24373","FUGOLIN 1 % SOLUCION","Clotrimazol","LOCION","LABORATORIOS VINCENTI, C.A.","E.F.24.373"
"38137","ME35373","FULGRAM 600 mg - 42,9 mg / 5 mL POLVO PARA SUSPENSION","Amoxicilina - Clavulanico Acido","POLVO PARA RECONSTITUCION","LABORATORIOS LETI, S.A.V.","E.F.35.373"
"38145","ME21300","FUROSEMIDA 40 mg X 24 TABLETAS","Furosemida","TABLETAS","PRODUCTOS FARMACEUTICOS PARA EL VIVIR VIVIENDO, C.A. (PROFARMACOS, C.A.)","E.F.G.21.300"
"38150","ME24868","GARABET 0,3 % - 0,1 % SOLUCION OFTALMICA","Gentamicina","SOLUCION OFTALMICA","LABORATORIOS L.O. OFTALMI, C.A.","E.F.24.868"
"38148","ME34981/3","GABAPENTINA 300 mg X 30 CAPSULAS","Gabapentina","CAPSULAS","KERN PHARMA S.L.","E.F.G.34.981"
"38168","ME32878","GLIMEPIRIDA 4 mg TABLETAS","Glimepirida","TABLETAS","LABORATORIOS LA SANTE, C.A.","E.F.G.32.878"
"38172","ME35866","GLUCOFAGE 500 mg XR X 30 TABLETAS DE LIBERACION RETARDADA","","TABLETAS","MERCK SANTE S.A.S.","E.F.35.866"
"38179","ME42539","GUAIFENESINA 100 mg / 5 mL SOLUCION ORAL","Guaifenesina","SOLUCION ORAL","BIOQUIMICA INTERNACIONAL, C.A.","E.F.G.42.539"
"38181","ME44629","GULAPER 250 MG / 5 ML SOLUCION ORAL SABOR A MENTA ","S-carboximetilcisteina","SOLUCION ORAL","MEGALABS VZL, C.A.","E.F.44.629"
"38191","ME35183/2","LOSARTAN POTASICO - HIDROCLOROTIAZIDA 100 mg - 25 mg X 10 COMPRIMIDOS RECUBIERTOS","Hidroclorotiazida - Losartan","COMPRIMIDOS","LABORATORIOS LETI, S.A.V.","E.F.G.35.183"
"38202","ME41648","HISTIVERT 16 mg X 30 COMPRIMIDOS","Betahistina","COMPRIMIDOS","EUROFARMA LABORATORIOS, S.A.","E.F.41.648"
"38220","ME31850","IBUPROFENO 800 mg X 10 TABLETAS RECUBIERTAS","Ibuprofeno","TABLETAS","LABORATORIOS LA SANTE, C.A.","E.F.G.31.850"
"38222","ME27688/2","IBUPROFENO 400 mg X 10 TABLETAS RECUBIERTAS","Ibuprofeno","TABLETAS","CALOX INTERNATIONAL, C.A.","E.F.G.27.688"
"38223","ME27688/3","IBUPROFENO 400 mg X 20 TABLETAS RECUBIERTAS","Ibuprofeno","TABLETAS","CALOX INTERNATIONAL, C.A.","E.F.G.27.688"
"38248","ME22931","IPALAT 1 % CREMA","Clotrimazol","CREMA","LABORATORIO COFASA, S.A.","E.F.22.931"
"38250","ME36328","IPORET 40 mg / mL SUSPENSION ORAL GOTAS","Ibuprofeno","SOLUCION ORAL","LABORATORIOS L.O. OFTALMI, C.A.","E.F.36.328"
"38255","ME36068/4","IRBESARTAN 150 mg X 30 TABLETAS","Irbesartan","TABLETAS","S.M. PHARMA, C.A.","E.F.G.36.068"
"38267","ME35154/3","KAPET 75 mg X 30 TABLETAS RECUBIERTAS","Clopidogrel","TABLETAS","LABORATORIOS SIEGFRIED S.A.","E.F.35.154"
"38278","ME41404","KEPRORET 1 mg / mL SOLUCION ORAL","Ketoprofeno","SOLUCION ORAL","LABORATORIOS L.O. OFTALMI, C.A.","E.F.41.404"
"38297","HO42668/2","KETOROLACO TROMETAMOL 30 mg / mL X 8 AMPOLLAS","Ketorolaco","INYECTABLE","LABORATORIO BIOSANO, S.A.","E.F.G.42.668"
"38307","ME36925/3","LACTBET 3000 U X 20 CAPSULAS","","CAPSULAS","BIOTECH LABORATORIOS, C.A.","E.F.36.925"
"38308","ME16175","LARFACAINA 2 mg - 1,5 mg X 16 PASTILLAS SABOR A TUTTI - FRUTTI","Cetilpiridinio - Lidocaina","PASTILLA","LABORATORIOS ELMOR, S.A.","E.F.16.175"
"38321","ME44041/2","LERCANIDIPINO 20 mg X 10 COMPRIMIDOS RECUBIERTOS","Lercanidipino","COMPRIMIDOS","LABORATORIOS VARGAS, S.A.","E.F.G.44.041"
"38323","ME43991","LERCANIDIPINO CLOHIDRATO 10 mg X 30 TABLETAS RECUBIERTAS","Lercanidipino","TABLETAS","ANG LIFESCIENCES INDIA LTD (AMRITSAR)","E.F.G.43.991"
"38336","ME43531/3","LEVOFLOXACINA 750 mg X 7 TABLETAS RECUBIERTAS","Levofloxacino","TABLETAS","ANG LIFESCIENCES INDIA LTD (AMRITSAR)","E.F.G.43.531"
"38341","ME38925/4","LEVOFLOXACINO 500 mg X 10 TABLETAS RECUBIERTAS","Levofloxacino","TABLETAS","LABORATORIOS KIMICEG, C.A.","E.F.G.38.925"
"38351","ME43141","LEVOTIROXINA SODICA 50 mcg X 50 TABLETAS","Levotiroxina","TABLETAS","HIRAL LABS Ltd.","E.F.G.43.141"
"38355","HO40559","LINEZID 2 mg/ ml SOLUCION INYECTABLE PARA INFUSION IV","","INYECTABLE","LABORATORIO BEHRENS, C.A.","E.F.40.559"
"38358","ME39972","LIPACOMB 40 mg - 10 mg X 30 TABLETAS","","TABLETAS","LABORATORIOS FARMA S.A.","E.F.39.972"
"38365","ME22407","LISOMUCIN 8 mg / 5 mL JARABE","","JARABE","LABORATORIOS SPEFAR VENEZOLANOS, S.A.","E.F.22.407"
"38370","ME28967","LOFLOX 400 mg X 10 TABLETAS RECUBIERTAS","","TABLETAS","LABORATORIOS SIEGFRIED S.A.","E.F.28.967"
"38375","ME27475","LONGACEF 100 mg / 5 mL POLVO PARA SUSPENSION","Cefixima","POLVO PARA RECONSTITUCION","LABORATORIOS LETI, S.A.V.","E.F.27.475"
"38386","ME28201","LORATADINA 5 mg / 5 mL JARABE","Loratadina","JARABE","GENVEN GENERICOS VENEZOLANOS, S.A.","E.F.G.28.201"
"38394","ME27541","LOREX 1 mg / mL JARABE","Loratadina","JARABE","ESPECIALIDADES DOLLDER, C.A.","E.F.27.541"
"38395","ME29469/4","LOSARTAN POTASICO 50 mg X 30 COMPRIMIDOS RECUBIERTOS","Losartan","COMPRIMIDOS","LABORATORIOS LETI, S.A.V.","E.F.G.29.469"
"38393","ME37256","LORECORT 1 mg - 0,05 mg / 5mL SOLUCION ORAL","","SOLUCION ORAL","LABORATORIOS L.O. OFTALMI, C.A.","E.F.37.256"
"38397","ME29469/3","LOSARTAN POTASICO 50 mg X 20 COMPRIMIDOS RECUBIERTOS","Losartan","COMPRIMIDOS","LABORATORIOS LETI, S.A.V.","E.F.G.29.469"
"38405","ME36110/2","LOSARTAN POTASICO - HIDROCLOROTIZADA 100 mg - 25 mg X 10 TABLETAS RECUBIERTAS","Hidroclorotiazida - Losartan","TABLETAS","CALOX DE COSTA RICA S.A.","E.F.G.36.110"
"38406","ME36110/3","LOSARTAN POTASICO - HIDROCLOROTIZADA 100 mg - 25 mg X 30 TABLETAS RECUBIERTAS","Hidroclorotiazida - Losartan","TABLETAS","CALOX DE COSTA RICA S.A.","E.F.G.36.110"
"38407","ME31205/2","LOSARTAN POTASICO 50 mg X 10 TABLETAS RECUBIERTAS","Losartan","TABLETAS","LABORATORIOS KIMICEG, C.A.","E.F.G.31.205"
"38408","ME31205/4","LOSARTAN POTASICO 50 mg X 30 TABLETAS RECUBIERTAS","Losartan","TABLETAS","LABORATORIOS KIMICEG, C.A.","E.F.G.31.205"
"38409","ME31205/3","LOSARTAN POTASICO 50 mg X 20 TABLETAS RECUBIERTAS","Losartan","TABLETAS","LABORATORIOS KIMICEG, C.A.","E.F.G.31.205"
"38411","ME34979","LOSARTAN POTASICO 100 mg X 30 COMPRIMIDOS RECUBIERTOS","Losartan","COMPRIMIDOS","LABORATORIOS VARGAS, S.A.","E.F.G.34.979"
"38431","ME23582","MATILOL 0,5 % SOLUCION OFTALMICA","Timolol","SOLUCION OFTALMICA","LABORATORIOS L.O. OFTALMI, C.A.","E.F.23.582"
"38433","ME42290","MAXOTEN 25 mg X 30 COMPRIMIDOS RECUBIERTOS","Eplerenona","COMPRIMIDOS","LABORATORIOS LETI, S.A.V.","E.F.42.290"
"38435","ME43537/3","Medroxiprogesterona 10mg X 28 Tabletas","Medroxiprogesterona","TABLETAS","ACCENT PHARMACEUTICALS & DIAGNOSTICS","E.F.G.43.537"
"38439","ME30977","MELOXICAM 15 mg X 10 TABLETAS","Meloxicam","TABLETAS","LABORATORIOS KIMICEG, C.A.","E.F.G.30.977"
"38451","HO21983/3","DIPIRONA 1 g / 2 mL X 5 AMPOLLAS","","INYECTABLE","LABORATORIOS VALMOR, C.A.","E.F.G.21.983"
"38460","ME37538","METFORMINA CLORHIDRATO 500 mg X 30 TABLETAS RECUBIERTAS","Metformina","TABLETAS","BAROQUE PHARMACEUTICALS Pvt. Ltd.","E.F.G.37.538"
"38462","ME32508/2","METFORMINA CLORHIDRATO 850 mg X 28 TABLETAS","","TABLETAS","CALOX INTERNATIONAL, C.A.","E.F.G.32.508"
"38464","ME42625","METFORMINA CLORHIDRATO 1000 mg X 30 TABLETAS RECUBIERTAS","","TABLETAS","FLAMINGO PHARMACEUTICALS Ltd.","E.F.G.42.625"
"38472","ME29532/3","METREN 500 mg X 15 CAPSULAS BLANDAS VAGINALES","Metronidazol","CAPSULAS","LABORATORIOS SIEGFRIED S.A.","E.F.29.532"
"38487","ME34758","MICROSER 16 mg X 20 TABLETAS","Betahistina","TABLETAS","TECNANDINA S.A. / TENSA","E.F.34.758"
"38497","ME43809","VERNATE 0,05 % CREMA","Clobetasol Propionato","CREMA","BIOTECH LABORATORIOS, C. A.","E.F.43.809"
"38499","ME37308","MIRTAZAPINA 30 mg X 30 TABLETAS RECUBIERTAS","Mirtazapina","TABLETAS","NOVARTIS LIMITED . BANGLADESH","E.F.G.37.308"
"38501","ME43794/2","MIRTAZAVAL 15 mg X 10 TABLETAS RECUBIERTAS","Mirtazapina","TABLETAS","LABORATORIOS VALMOR, C.A.","E.F.43.794"
"38502","ME28425","MISULVAN 30 mg / 5 mL JARABE","Ambroxol","JARABE","LABORATORIO PLUSANDEX DE FARMACEUTICOS UNIDOS, PLUSANDEX. C.A.","E.F.28.425"
"38506","ME35286","MONTELUKAST 5 mg X 30 TABLETAS MASTICABLES","Montelukast","TABLETAS","CALOX INTERNATIONAL, C.A.","E.F.G.35.286"
"38520","ME20385","MUCOBROL 4 mg / 5 mL JARABE","","JARABE","LABORATORIO COFASA, S.A.","E.F.20.385"
"38509","ME39173","MONTRAX 4 mg X 10 TABLETAS MASTICABLES","","TABLETAS","BIOTECH LABORATORIOS, C.A.","E.F.39.173"
"38521","ME40502","MUCOMAX 15 mg / 5 mL SOLUCION ORAL USO PEDIATRICO","Ambroxol","SOLUCION ORAL","LABORATORIOS KIMICEG C.A.","E.F.40.502"
"38525","ME35710","MUPIROCIN 2 % UNGUENTO","","UNGUENTO","LABORATORIOS SIEGFRIED S.A.","E.F.G.35.710"
"38527","ME28565","MYCOFENTIN 2 % CREMA","Fenticonazol","CREMA","LABORATORIOS ELMOR, S.A.","E.F.28.565"
"38532","ME43615","TRASS (Naproxeno Sódico 500 mg + Sumatriptan 85 mg) X 10 TABLETAS RECUBIERTAS","Naproxeno - Sumatriptan","TABLETAS","PROCAPS, S.A.","E.F.43.615"
"38549","ME38421/3","NEURIXA 75 mg X 21 CAPSULAS","Pregabalina","CAPSULAS","LABORATORIOS FARMA S.A.","E.F.38.421"
"38551","ME42077","NEVAC 0,1 % SUSPENSION OFTALMICA","Nepafenaco","SUSPENSION ORAL","LABORATORIOS L.O. OFTALMI, C.A.","E.F.42.077"
"38555","ME43990","NIFEDIPINO 10 mg X 30 TABLETAS RECUBIERTAS","Nifedipino","TABLETAS","ANG LIFESCIENCES INDIA LTD (AMRITSAR)","E.F.G.43.990"
"38550","ME43041","NEUROMIX X 30 SOLUCION ORAL","Cianocobalamina - Nicotinamida - Piridoxina - Riboflavina - Tiamina","SOLUCION ORAL","LABORATORIOS LETI, S.A.V.","E.F.43.041"
"38558","ME39909","NIPE 100 mg - 0,25 mg / mL X 6 SOLUCION ORAL EN GOTAS","Acetaminofen","SOLUCION ORAL","LABORATORIOS VARGAS, S.A.","E.F.39.909"
"38561","ME37921","NITAZOXANIDA 500 mg X 6 TABLETAS RECUBIERTAS","","TABLETAS","LABORATORIOS LA SANTE, C.A.","E.F.G.37.921"
"38573","ME36695","NORMIX 200 mg X 12 TABLETAS RECUBIERTAS","Rifaximina","TABLETAS","ALFA WASSERMANN SPA.","E.F.36.695"
"38580","ME37707","NYTAXIN 500 mg X 6 CAPSULAS BLANDAS","","CAPSULAS","PROCAPS, S.A.","E.F.37.707"
"38581","ME43411","PREDNISOLONA ACETATO 1 % SUSPENSION OFTALMICA","","SUSPENSION ORAL","LABORATORIOS L.O. OFTALMI, C.A.","E.F.G.43.411"
"38583","ME38330","DICLOFENAC POTASICO 15 mg / mL SUSPENSION ORAL","Diclofenaco","SUSPENSION ORAL","LABORATORIOS ELMOR, S.A.","E.F.G.38.330"
"38600","ME27785/2","OMEPRAZOL 20 mg X 7 CAPSULAS CON MICROGRANULOS ENTERICOS","","CAPSULAS","CALOX INTERNATIONAL, C.A.","E.F.G.27.785"
"38624","ME41670","ORALZINC SALES DE REHIDRATACION X 1 POLVO PARA SOLUCION ORAL SABOR A COCO","Dextrosa - Zinc Sulfato Heptahidrato","POLVO PARA RECONSTITUCION","LABORATORIOS VARGAS, S.A.","E.F.41.670"
"38627","ME36024","ORLISTAT 120 mg X 30 CAPSULAS","Orlistat","CAPSULAS","LABORATORIOS LETI, S.A.V.","E.F.G.36.024"
"38632","ME26219","OXOLAMINA CITRATO 50 mg / 5 mL JARABE","","JARABE","LABORATORIOS SPEFAR VENEZOLANOS, S.A.","E.F.G.26.219"
"38635","HO39516","PANTOPRAZOL 40 mg X 1 AMPOLLAS","","INYECTABLE","WEXFORD LABORATORIES PVT LTD","E.F.G.39.516"
"38655","ME29292","PERIDONT 0,12 % SOLUCION TOPICA BUCAL","","SOLUCION TOPICA","LABORATORIOS L.O. OFTALMI, C.A.","E.F.29.292"
"38643","ME42399","PASOLAX POLVO PARA SOLUCION ORAL","","POLVO PARA RECONSTITUCION","LABORATORIOS SIEGFRIED S.A.","E.F.42.399"
"38644","ME34116","PAXIL CR 25 mg X 30 TABLETAS DE LIBERACION CONTROLADA","Paroxetina","TABLETAS","GLAXOSMITHKLINE INC","E.F.34.116"
"38610","ME41965/3","OMEPRAZOL 40 mg X 30 CAPSULAS GASTRORRESISTENTES","","CAPSULAS","LABORATORIOS LETI, S.A.V.","E.F.G.41.965"
"38650","HO38517","PENTOXIFILINA 300 mg / 15 mL X 5 AMPOLLAS","Pentoxifilina","INYECTABLE","EMPRESA LABORATORIOS AICA. UNIDAD EMPRESARIAL DE BASE (UEB) AICA. PLANTA AMPOLLETAS","E.F.G.38.517"
"38652","ME44126","PEPTO-BISMOL 525 mg / 30 mL SUSPENSIÓN ORAL","","SOLUCION ORAL","LABORATORIOS FARMA S.A.","E.F.44.126"
"38656","ME42593","PEROXIDO DE BENZOILO 2,5 % GEL","Benzoilo Peroxido","GEL","AUROCHEM LABORATORIES INDIA Pvt. Ltd.","E.F.G.42.593"
"38658","ME40673","PERTEN 1 % GEL TOPICO","Terbinafina","GEL","LABORATORIOS SIEGFRIED S.A.","E.F.40.673"
"38663","ME37698/2","PINAVERIUM BROMURO 100 mg X 20 TABLETAS RECUBIERTAS","","TABLETAS","CALOX INTERNATIONAL, C.A.","E.F.G.37.698"
"38664","ME37698/3","PINAVERIUM BROMURO 100 mg X 30 TABLETAS RECUBIERTAS","","TABLETAS","CALOX INTERNATIONAL, C.A.","E.F.G.37.698"
"38653","ME12460","PEREBRON 28 mg / 5 mL JARABE SABOR A FRAMBUESA","","JARABE","LABORATORIOS ELMOR, S.A.","E.F.12.460"
"38673","HO31052/3","PLIDAN COMPUESTO 15 mg / 2 mL - 100 mg / 2 mL X 2 AMPOLLAS","Clonixino Lisina","INYECTABLE","MEGALABS VZL, C.A.","E.F.31.052"
"38675","HO29980","POLIAMIN 10 % (AMINOACIDOS CRISTALINOS) SOLUCION INYECTABLE INTRAVENOSA","","INYECTABLE","LABORATORIO BEHRENS, C.A.","E.F.29.980"
"38628","ME8463","OTANOL 50 mg/ml SOLUCION OTICA","","SOLUCION OTICA","LABORATORIO ETICOS ETIFAR, C.A.","E.F.8.463"
"38647","ME39670/3","PEGYT 150 mg X 30 CAPSULAS","Pregabalina","CAPSULAS","LABORATORIOS LETI, S.A.V.","E.F.39.670"
"38695","ME42570/2","PREGABALINA 150 mg X 20 CAPSULAS","Pregabalina","CAPSULAS","REMUS PHARMACEUTICALS Pvt. Ltd.","E.F.G.42.570"
"38715","ME35503","QUINOMAX 0,5% SOLUCION OFTALMICA","Moxifloxacino","SOLUCION OFTALMICA","LABORATORIOS L.O. OFTALMI, C.A.","E.F.35.503"
"38723","ME43467","RESEQUIL 0,1% LOCION TOPICA","Mometasona Furoato","SOLUCION TOPICA","LABORATORIOS L.O. OFTALMI, C.A.","E.F.43.467"
"38645","ME41358","PEDIACORT 3 mg / mL SOLUCION ORAL","Prednisolona","SOLUCION ORAL","LABORATORIOS L.O. OFTALMI, C.A.","E.F.41.358"
"38685","ME43039/3","PREDNISOLONA 5 mg X 30 TABLETAS","","TABLETAS","JIANGXI XIER KANGTAI PHARMACEUTICAL CO. LTD.","E.F.G.43.039"
"38730","ME39775/2","RIFAMIX 200 mg X 10 COMPRIMIDOS RECUBIERTOS","Rifaximina","COMPRIMIDOS","LABORATORIOS LETI, S.A.V.","E.F.39.775"
"38732","HO1370B","SOLUCION DE RINGER LACTATO (SOLUCION DE HARTMANN) INYECTABLE","","INYECTABLE","LABORATORIO BEHRENS, C.A.","P.F.1.370"
"38733","ME43791","RINIFLU 2,5 mg / 5 mL JARABE","Desloratadina","JARABE","BIOTECH LABORATORIOS, C. A.","E.F.43.791"
"38748","ME44475","ROSUTAN 10 mg X 30 TABLETAS RECUBIERTAS","Rosuvastatina","TABLETAS","MACLEODS PHARMACEUTICALS LTD.  (174101)","E.F.44.475"
"38751","ME42632/3","ROSUVASTATINA 20 mg X 30 TABLETAS RECUBIERTAS","Rosuvastatina","TABLETAS","WEST-COAST PHARMACEUTICALS WORKS Ltd.","E.F.G.42.632"
"38757","ME37202","ROWELUK 10 mg X 10 COMPRIMIDOS RECUBIERTOS","Montelukast","COMPRIMIDOS","MEGALABS VZL,C.A.","E.F.37.202"
"38763","ME16041","SALBUTAN 100 mcg / DOSIS X 200 SUSPENSION PARA INHALACION ORAL","","SUSPENSION ORAL","GLAXO WELCOME S.A.","E.F.16.041"
"38765","ME38854","SAVER 200 mg / 5 mL X 37 POLVO PARA SUSPENSION ORAL","Azitromicina","POLVO PARA RECONSTITUCION","LABORATORIOS ELMOR, S.A.","E.F.38.854"
"38705","ME40343","PROVICAR 2 g / 10ml SOLUCION ORAL","","SOLUCION ORAL","LABORATORIOS ELMOR S.A.","E.F.40.343"
"38770","ME31560","SECNIDAZOL 1 g X 2 TABLETAS RECUBIERTAS","Secnidazol Anhidro","TABLETAS","LABORATORIOS KIMICEG C.A.","E.F.G.31.560"
"38779","ME30171/3","SERLINE 50 mg X 30 COMPRIMIDOS","Sertralina","COMPRIMIDOS","MEGALABS VZL, C.A.","E.F.30.171"
"38786","ME43842","Sertralina 50 mg X 14 Tabletas Recubiertas","Sertralina","TABLETAS","HIRAL LABS LIMITED","E.F.G.43.842"
"38791","ME43690/2","SILDENAFILO 50mg X 1 TABLETAS RECUBIERTAS","Sildenafilo","TABLETAS","LABORATORIOS L.O. OFTALMI, C.A. - LABORATORIOS INNOVA,CA","E.F.G.43.690"
"38792","ME43690/3","SILDENAFILO 50mg X 2 TABLETAS RECUBIERTAS","Sildenafilo","TABLETAS","LABORATORIOS L.O. OFTALMI, C.A. - LABORATORIOS INNOVA,CA","E.F.G.43.690"
"38793","ME43690/4","SILDENAFILO 50mg X 4 TABLETAS RECUBIERTAS","Sildenafilo","TABLETAS","LABORATORIOS L.O. OFTALMI, C.A. - LABORATORIOS INNOVA,CA","E.F.G.43.690"
"38799","ME32020","SINUTIL JARABE","Acetaminofen - Cafeina","JARABE","LABORATORIOS VINCENTI, C.A.","E.F.32.020"
"38805","HO33901","SOMAZINA 1000 mg / 4 mL X 5 AMPOLLAS","Citicolina","INYECTABLE","LABORATORIOS LETI, S.A.V.","E.F.33.901"
"38809","ME28901","SULFADIAZINA DE PLATA 1 % CREMA","","CREMA","LABORATORIOS KIMICEG, C.A.","E.F.G.28.901"
"38826","ME38493/2","TADALAFILO 20 mg X 1 TABLETAS RECUBIERTAS","Tadalafilo","TABLETAS","CALOX INTERNATIONAL, C.A.","E.F.G.38.493"
"38827","ME38493/3","TADALAFILO 20 mg X 2 TABLETAS RECUBIERTAS","Tadalafilo","TABLETAS","CALOX INTERNATIONAL, C.A.","E.F.G.38.493"
"38833","ME41156/2","TALYSTO 5 mg X 10 TABLETAS MASTICABLES","Tadalafilo","TABLETAS","MANUFACTURERA MUNDIAL FARMACEUTICA M.M.F., C.A.","E.F.41.156"
"38834","ME41156/3","TALYSTO 5 mg X 30 TABLETAS MASTICABLES","Tadalafilo","TABLETAS","MANUFACTURERA MUNDIAL FARMACEUTICA M.M.F., C.A.","E.F.41.156"
"38837","ME32457","TALZIC 1 mg / mL SOLUCION ORAL","Cetirizina","SOLUCION ORAL","LABORATORIOS ELMOR, S.A.","E.F.32.457"
"38840","ME42467/2","TAMOSTIN 0,4 mg X 20 CAPSULAS DE LIBERACION PROLONGADA","Tamsulosina","CAPSULAS","LABORATORIOS LETI, S.A.V.","E.F.42.467"
"38841","ME30979","TAMSULON 0,4 mg X 30 CAPSULAS DE LIBERACION CONTROLADA","","CAPSULAS","NOVOCAP, S.A.","E.F.30.979"
"38846","ME2955","TAPAZOL 5 mg X 60 TABLETAS","Tiamazol","TABLETAS","LABORATORIOS FARMA S.A.","E.F.2.955"
"38847","ME36643/2","TEKRON 200 mg X 10 COMPRIMIDOS RECUBIERTOS","Sulbutiamina","COMPRIMIDOS","LABORATORIOS LETI, S.A.V.","E.F.36.643"
"38849","ME28561/3","TENSOMAX 30 mg X 30 CAPSULAS DE LIBERACION PROLONGADA","Nifedipino","CAPSULAS","LABORATORIOS LETI, S.A.V.","E.F.28.561"
"38850","ME28561/2","TENSOMAX 30 mg X 10 CAPSULAS DE LIBERACION PROLONGADA","Nifedipino","CAPSULAS","LABORATORIOS LETI, S.A.V.","E.F.28.561"
"38853","ME44418/2","TERAGRIPFORTE 650mg-20mg-2mg X 6 GRANULADO PARA SOLUCION ORAL","Acetaminofen - Cafeina - Clorfeniramina","SOLUCION ORAL","LABORATORIOS FARMA S.A.","E.F.44.418"
"38854","ME44418/3","TERAGRIPFORTE 650mg-20mg-2mg X 10 GRANULADO PARA SOLUCION ORAL","Acetaminofen - Cafeina - Clorfeniramina","SOLUCION ORAL","LABORATORIOS FARMA S.A.","E.F.44.418"
"38855","ME44418/4","TERAGRIPFORTE 650mg-20mg-2mg X 20 GRANULADO PARA SOLUCION ORAL","Acetaminofen - Cafeina - Clorfeniramina","SOLUCION ORAL","LABORATORIOS FARMA S.A.","E.F.44.418"
"38863","ME42959","TIMOLOL 0,5 % SOLUCION OFTALMICA","Timolol","SOLUCION OFTALMICA","CADILA PHARMACEUTICALS LIMITED","E.F.G.42.959"
"38873","ME37086","TIOCOLCHICOSIDO 4 mg X 12 TABLETAS","Tiocolchicosido","TABLETAS","CALOX INTERNATIONAL, C.A.","E.F.G.37.086"
"38874","ME37625","TIOCOLFEN 600 mg - 4 mg X 10 TABLETAS RECUBIERTAS","Ibuprofeno - Tiocolchicosido","TABLETAS","LABORATORIOS LA SANTE, C.A.","E.F.37.625"
"38877","ME24679","TOBRASOL 0,3 % SOLUCION OFTALMICA","Tobramicina","SOLUCION OFTALMICA","LABORATORIOS L.O. OFTALMI, C.A.","E.F.24.679"
"38878","ME33963","TODENAC 0,3 % - 0,1 % SOLUCION OFTALMICA","Diclofenaco - Tobramicina","SOLUCION OFTALMICA","LABORATORIOS L.O. OFTALMI, C.A.","E.F.33.963"
"38880","ME42035","TONERVOL 5 mg X 30 TABLETAS","","TABLETAS","LABORATORIOS FARMA S.A.","E.F.42.035"
"38884","ME40295","TRACEVAL 500 mg - 50 mg X 20 TABLETAS","","TABLETAS","LABORATORIOS VALMOR, C.A.","E.F.40.295"
"38912","ME23835","VALPRON 250 mg / 5 mL JARABE","","JARABE","LABORATORIOS FARMA S.A.","E.F.23.835"
"38921","ME31623/3","VALSARTAN 80 mg X 30 CAPSULAS","Valsartan","CAPSULAS","LABORATORIOS LETI, S.A.V.","E.F.G.31.623"
"38930","ME35526/3","VALSARTAN - HIDROCLOROTIAZIDA 80 mg - 12,5 mg X 30 TABLETAS RECUBIERTAS","Hidroclorotiazida - Valsartan","TABLETAS","CALOX DE COSTA RICA S.A.","E.F.G.35.526"
"38945","ME43348/3","DIOSMINA - HESPERIDINA 450 mg - 50 mg X 30 CAPSULAS BLANDAS","Hesperidina","CAPSULAS","CALOX INTERNATIONAL, C.A.","E.F.G.43.348"
"38946","ME43348/2","DIOSMINA - HESPERIDINA 450 mg - 50 mg X 10 CAPSULAS BLANDAS","Hesperidina","CAPSULAS","CALOX INTERNATIONAL, C.A.","E.F.G.43.348"
"38731","ME40087","RINARIS 2,5 mg - 30 mg /5 mL X 10 SOLUCION ORAL","","SOLUCION ORAL","LABORATORIOS FARMA S.A.","E.F.40.087"
"38933","ME37644/3","VALSARTAN 80 mg X 30 CAPSULAS","Valsartan","CAPSULAS","SM PHARMA, C.A.","E.F.G.37.644"
"38973","ME27330","VITAMINA E 100 mg X 60 CAPSULAS BLANDAS","","CAPSULAS","INDUSTRIAS INTERCAPS DE VENEZUELA, C.A.","E.F.27.330"
"38974","ME36327","HISTAGRIP FORTE X 10 TABLETAS RECUBIERTAS","Acetaminofen - Pseudoefedrina","TABLETAS","CALOX INTERNATIONAL, C.A.","E.F.36.327"
"38982","HO41121/2","XANEXTRA 500 mg / 5 mL X 1 AMPOLLAS","Tranexamico Acido","INYECTABLE","SWISS PARENTERALS Ltd.","E.F.41.121"
"38983","HO41121/3","XANEXTRA 500 mg / 5 mL X 21 AMPOLLAS","Tranexamico Acido","INYECTABLE","SWISS PARENTERALS Ltd.","E.F.41.121"
"38989","ME43770","YONALIN 4 mg / mL SOLUCION ORAL GOTAS","Dextrometorfano","SOLUCION ORAL","BIOTECH LABORATORIOS, C. A.","E.F.43.770"
"39005","ME37539","ZUDENINA 0.1 % CREMA","Adapaleno","CREMA","MEGALABS VZL, C.A.","E.F.37.539"
"39007","ME39020","ACETAMINOFEN 1000 mg COMPRIMIDOS","Acetaminofen","COMPRIMIDOS","LABORATORIOS SPEFAR VENEZOLANOS, S.A.","E.F.G.39.020"
"39009","ME43970","ACETAMINOFEN 125 mg SUPOSITORIOS","Acetaminofen","SUPOSITORIOS","LABORATORIOS VARGAS, S.A.","E.F.G.43.970"
"39010","ME33906","ACETAMINOFEN 650 mg X 10 TABLETAS","Acetaminofen","TABLETAS","CALOX INTERNATIONAL, C.A.","E.F.G.33.906"
"39011","ME43427/2","ACETAMINOFEN 500 mg X 10 TABLETAS","Acetaminofen","TABLETAS","LABORATORIOS L.O. OFTALMI, C.A.","E.F.G.43.427"
"39012","ME43427/3","ACETAMINOFEN 500 mg X 30 TABLETAS","Acetaminofen","TABLETAS","LABORATORIOS L.O. OFTALMI, C.A.","E.F.G.43.427"
"39013","ME41663","ACETAMINOFEN 650 mg X 10 COMPRIMIDOS","Acetaminofen","COMPRIMIDOS","LABORATORIOS LETI, S.A.V.","E.F.G.41.663"
"39014","ME42908","ACETAMINOFEN 120 mg / 5 mL X 10 SOLUCION ORAL","","SOLUCION ORAL","LABORATORIOS L.O. OFTALMI, C.A.","E.F.G.42.908"
"39015","ME1388","ACIDO ASCORBICO 10 % SOLUCION ORAL EN GOTAS","Ascorbico Acido","GOTAS","LABORATORIO QUIM-FAR, C.A.","P.F.1.388"
"39016","ME42715","ACICLOR NANOPHARM 5 % CREMA","Aciclovir","CREMA","LABORATORIOS LETI, S.A.V.","E.F.42.715"
"39017","ME37056","ACIDO ACETIL SALICILICO 81 mg X 30 COMPRIMIDOS ENTERICOS","Acetilsalicilico Acido","COMPRIMIDOS","LABORATORIOS SPEFAR VENEZOLANOS, S.A.","E.F.G.37.056"
"39019","ME29911/3","ACIDO FOLICO 10 mg X 30 TABLETAS","Folico Acido","TABLETAS","LABORATORIOS SIEGFRIED S.A.","E.F.G.29.911"
"39020","ME33987","ACIDO FOLICO 10 mg / mL SOLUCION ORAL","Folico Acido","SOLUCION ORAL","LABORATORIOS LETI, S.A.V.","E.F.G.33.987"
"38735","ME30711","RINOMAX 0,25 % - 0,125 % - 0,25 % SOLUCION NASAL","","SOLUCION NASAL","LABORATORIOS L.O. OFTALMI, C.A.","E.F.30.711"
"39021","ME22033","ACIDO FOLICO 10 mg COMPRIMIDOS","Folico Acido","COMPRIMIDOS","LABORATORIOS VALMOR, C.A.","E.F.G.22.033"
"39022","ME29912","ACIDO FOLICO 5 mg X 30 TABLETAS","Folico Acido","TABLETAS","LABORATORIOS SIEGFRIED S.A.","E.F.G.29.912"
"39023","ME31178","ACIDO FOLICO 10 mg / mL SOLUCION ORAL","Folico Acido","SOLUCION ORAL","LABORATORIOS SIEGFRIED S.A.","E.F.G.31.178"
"39024","HO32565","DEXTROSA AL 5 % EN AGUA DESTILADA SOLUCION INYECTABLE","","INYECTABLE","LABORATORIO BEHRENS, C.A.","E.F.G.32.565"
"39025","ME43679","AIREX 0,05% SOLUCION NASAL","Oximetazolina","SOLUCION NASAL","MANUFACTURERA MUNDIAL FARMACEUTICA, M.M.F, C.A.","E.F.43.679"
"39026","ME44293","OLOCOF 0,02% SOLUCIÓN OFTÁLMICA ","Olopatadina","SOLUCION OFTALMICA","LABORATORIO COFASA, S.A.","E.F.44.293"
"39027","ME33777/2","AIRON 5 mg X 10 TABLETAS MASTICABLES","Montelukast","TABLETAS","LABORATORIOS L.O. OFTALMI, C.A.","E.F.33.777"
"39028","ME33777/3","AIRON 5 mg X 30 TABLETAS MASTICABLES","Montelukast","TABLETAS","LABORATORIOS L.O. OFTALMI, C.A.","E.F.33.777"
"39029","ME39048/2","ALBENDAZOL 200 mg X 2 TABLETAS MASTICABLES SABOR A BANANA","Albendazol","TABLETAS","CALOX INTERNATIONAL, C.A.","E.F.G.39.048"
"39030","ME39048/3","ALBENDAZOL 200 mg X 6 TABLETAS MASTICABLES SABOR A BANANA","Albendazol","TABLETAS","CALOX INTERNATIONAL, C.A.","E.F.G.39.048"
"39031","ME37677","SECNIDAZOL - ITRACONAZOL 166,66 mg - 33,33 mg X 12 CAPSULAS","Itraconazol - Secnidazol Anhidro","CAPSULAS","CALOX INTERNATIONAL, C.A.","E.F.G.37.677"
"39032","ME34717","ALIPAL FORTE NOCHE 650 mg - 4 mg X 12 CAPSULAS","Acetaminofen - Clorfeniramina","CAPSULAS","BIOTECH LABORATORIOS, C.A.","E.F.34.717"
"39033","ME32123","ALIVETNOC 500 mg - 3 mg GRANULADO SABOR LIMON - MIEL","Acetaminofen - Clorfeniramina","GRANULADOS","LABORATORIOS LETI, S.A.V.","E.F.32.123"
"39034","ME41701","ALIVET PLUS COMPRIMIDOS RECUBIERTOS","Acetaminofen - Clorfeniramina - Dextrometorfano - Fenilefrina","COMPRIMIDOS","LABORATORIOS LETI, S.A.V.","E.F.41.701"
"39035","ME30270/2","AMLODIPINA 10 mg X 20 TABLETAS","Amlodipino","TABLETAS","LABORATORIOS KIMICEG C.A.","E.F.G.30.270"
"39036","ME30270/3","AMLODIPINA 10 mg X 30 TABLETAS","Amlodipino","TABLETAS","LABORATORIOS KIMICEG C.A.","E.F.G.30.270"
"39037","ME42427","AMLODIPINO 10 mg X 20 COMPRIMIDOS","","COMPRIMIDOS","LABORATORIOS SPEFAR VENEZOLANOS, S.A.","E.F.G.42.427"
"39038","ME40042","AMLODIPINA - VALSARTAN 10 mg - 160 mg COMPRIMIDOS RECUBIERTOS","Amlodipino - Valsartan","COMPRIMIDOS","LABORATORIOS LETI, S.A.V.","E.F.G.40.042"
"39039","ME44262","BISOPROLOL FUMARATO - AMLODIPINA 5 mg - 10 mg COMPRIMIDOS","Amlodipino - Bisoprolol","COMPRIMIDOS","LABORATORIOS LETI, S.A.V.","E.F.G.44.262"
"39040","ME42428","AMLODIPINO 5 mg X 20 COMPRIMIDOS","","COMPRIMIDOS","LABORATORIOS SPEFAR VENEZOLANOS, S.A.","E.F.G.42.428"
"39041","ME30269","AMLODIPINA 5 mg X 30 TABLETAS","Amlodipino","TABLETAS","LABORATORIOS KIMICEG C.A.","E.F.G.30.269"
"39044","ME29931","AMOXICILINA 250 mg / 5 mL POLVO PARA SUSPENSION ORAL","","POLVO PARA RECONSTITUCION","LABORATORIOS SPEFAR VENEZOLANOS, S.A.","E.F.G.29.931"
"39045","ME35012","AMOXICILINA 500 mg X 12 CAPSULAS","Amoxicilina","CAPSULAS","LABORATORIOS VALMOR, C.A.","E.F.G.35.012"
"39046","ME32087","AMOXICILINA 750 mg / 5 mL POLVO PARA SUSPENSION ORAL","Amoxicilina","POLVO PARA RECONSTITUCION","LABORATORIOS SPEFAR VENEZOLANOS, S.A.","E.F.G.32.087"
"39047","ME34160","AMOXICILINA - ACIDO CLAVULANICO 400 mg - 57 mg / 5 mL  POLVO PARA SUSPENSION ORAL","Amoxicilina - Clavulanato Potasio","POLVO PARA RECONSTITUCION","LABORATORIOS LETI, S.A.V.","E.F.G.34.160"
"39048","ME43043","AMOXIVALAC 250 mg - 62,5 mg / 5 mL POLVO PARA SUSPENSION ORAL","Amoxicilina - Clavulanato Potasio","POLVO PARA RECONSTITUCION","LABORATORIOS VALMOR, C.A.","E.F.43.043"
"39049","ME43949","AMOXIVALAC 600 mg – 42,9 mg / 5 mL POLVO PARA SUSPENSIÓN ORAL","Amoxicilina","POLVO PARA RECONSTITUCION","LABORATORIOS VALMOR, C.A.","E.F.43.949"
"39050","ME42339","AMPROVIL 0,5 mg X 30 CAPSULAS.","Dutasterida","CAPSULAS","LABORATORIOS LETI, S.A.V","E.F.42.339"
"39054","ME40060/3","ANTAAR 2,5 mg X 30 TABLETAS RECUBIERTAS","Bisoprolol","TABLETAS","CALOX INTERNATIONAL, C.A.","E.F.40.060"
"39056","ME40058","ANTAAR 5 mg X 30 TABLETAS RECUBIERTAS","Bisoprolol","TABLETAS","CALOX INTERNATIONAL, C.A.","E.F.40.058"
"38758","ME37200/3","ROWELUK 4 mg X 30 COMPRIMIDOS MASTICABLES","Montelukast","COMPRIMIDOS","MEGALABS VZL, C.A. - LABORATORIOS ROWE, SRL","E.F.37.200"
"39059","ME18498","ANTIFOM 80 mg / mL SUSPENSION ORAL","Simeticona","SUSPENSION ORAL","LABORATORIOS VARGAS, S.A.","E.F.18.498"
"39060","ME33576","ANTILAX 2 mg X 10 TABLETAS","Loperamida","TABLETAS","LABORATORIOS FARMA S.A.","E.F.33.576"
"39061","ME42275","APIRET 125 mg SUPOSITORIOS","Acetaminofen","SUPOSITORIOS","LABORATORIOS L.O. OFTALMI, C.A.","E.F.42.275"
"39062","ME34032","APIRET 180 mg / 5 mL  SOLUCION ORAL","Acetaminofen","SOLUCION ORAL","LABORATORIOS L.O. OFTALMI, C.A.","E.F.34.032"
"39063","ME42141","APIRET 250 mg SUPOSITORIOS","Acetaminofen","SUPOSITORIOS","LABORATORIOS L.O. OFTALMI, C.A.","E.F.42.141"
"39069","ME42367","APLACAL 750 mg X 80 TABLETAS MASTICABLES SABOR A MANDARINA","","TABLETAS","LABORATORIOS SIEGFRIED S.A.","E.F.42.367"
"39071","ME38655/3","ARANDA 5 mg - 50 mg X 30 CAPSULAS","Losartan","CAPSULAS","LABORATORIOS FARMA S.A.","E.F.38.655"
"39072","ME28426","ARBIXIL 15 mg - 10 mcg / 5 mL JARABE","Ambroxol","JARABE","LABORATORIOS SIEGFRIED S.A.","E.F.28.426"
"39073","ME28401","ARBIXIL 7,5 mg - 5 mcg / 5 mL JARABE","Ambroxol","JARABE","LABORATORIOS SIEGFRIED S.A.","E.F.28.401"
"39074","ME31091","ARBIXIL 7,5 mg - 5 mcg / mL SOLUCION ORAL","Ambroxol","SOLUCION ORAL","LABORATORIOS SIEGFRIED S.A.","E.F.31.091"
"39075","ME40610","ARESAN HCT 20 mg - 12,5 mg X 10 TABLETAS RECUBIERTAS","Hidroclorotiazida - Olmesartan Medoxomilo","TABLETAS","BIOTECH LABORATORIOS, C.A.","E.F.40.610"
"39076","ME31478","ARTRODAR 50 mg X 30 CAPSULAS","Diacereina","CAPSULAS","LABORATORIOS LETI, S.A.V.","E.F.31.478"
"39077","ME41093","ASCAFYL SC 80 mg -  0,4 mg / mL SOLUCION ORAL","Acetaminofen - Clorfeniramina","SOLUCION ORAL","LABORATORIOS SIEGFRIED S.A.","E.F.41.093"
"39078","ME43205","ASPIXAN 81 mg X 100 TABLETAS CON RECUBRIMIENTO ENTERICO","Acetilsalicilico Acido","TABLETAS","BIOTECH LABORATORIOS, C.A.","E.F.43.205"
"39079","ME43853","ASTRIMOL 5 mg X 30 TABLETAS RECUBIERTAS","Bisoprolol","TABLETAS","BIOTECH LABORATORIOS, C. A.","E.F.43.853"
"39080","ME19620","ATAMEL 100 mg / mL SOLUCION ORAL","Acetaminofen","SOLUCION ORAL","CALOX INTERNATIONAL, C.A.","E.F.19.620"
"39081","ME33009","ATAMEL PLUS 500 mg - 32 mg X 10 TABLETAS","Acetaminofen - Cafeina","TABLETAS","CALOX INTERNATIONAL, C.A.","E.F.33.009"
"39082","ME26047","ATENOLOL 100 mg COMPRIMIDOS","Atenolol","COMPRIMIDOS","LABORATORIOS LETI, S.A.V.","E.F.G.26.047"
"39083","ME27910","ATENOLOL 50 mg X 30 COMPRIMIDOS","Atenolol","COMPRIMIDOS","LABORATORIOS KIMICEG, C.A.","E.F.G.27.910"
"39084","ME43982","ATORVASTATINA - EZETIMIBA 20 mg - 10 mg COMPRIMIDOS RECUBIERTOS","Atorvastatina - Ezetimiba","COMPRIMIDOS","LABORATORIOS LETI, S.A.V.","E.F.G.43.982"
"39085","ME39008","ATORVASTATINA 20 mg COMPRIMIDOS RECUBIERTOS","Atorvastatina","COMPRIMIDOS","LABORATORIOS SPEFAR VENEZOLANOS, S.A.","E.F.G.39.008"
"39086","ME42454","ATORVASTATINA 40 mg COMPRIMIDOS RECUBIERTOS","Atorvastatina","COMPRIMIDOS","LABORATORIOS SPEFAR VENEZOLANOS, S.A.","E.F.G.42.454"
"39090","ME28805","AZITROMICINA 500 mg COMPRIMIDOS RECUBIERTOS","Azitromicina","COMPRIMIDOS","LABORATORIOS LETI, S.A.V.","E.F.G.28.805"
"39091","MI19054","AZUTAN 0,15 % COLUTORIO","Bencidamina","","BIOTECH LABORATORIOS, C.A.","E.F.19.054"
"39092","ME20308","BACITRACINA 500 UI / g UNGUENTO","Bacitracina","UNGUENTO","MEGALABS VZL, C.A.","E.F.G.20.308"
"39093","ME19402","BALSADER POMADA","Alcanfor - Mentol - Salicilato Metilo","POMADA","LABORATORIOS KIMICEG, C.A.","E.F.19.402"
"39096","HO22899","BETAMETASONA 4 mg / mL X 1 AMPOLLAS","","INYECTABLE","LABORATORIOS VALMOR,C.A.","E.F.G.22.899"
"39097","HO32578","BICARBONATO DE SODIO AL 5 % X 1 AMPOLLAS","","INYECTABLE","LABORATORIO BEHRENS, C.A.","E.F.G.32.578"
"39098","ME41690","BIOCOR 20 mg X 30 TABLETAS RECUBIERTAS","Olmesartan Medoxomilo","TABLETAS","CALOX INTERNATIONAL, C.A.","E.F.41.690"
"39099","ME38313","OLMESARTAN MEDOXOMILO 40 mg X 30 TABLETAS RECUBIERTAS","","TABLETAS","CALOX INTERNATIONAL, C.A.","E.F.G.38.313"
"39100","ME44036","CARIBAN FORTE 20 mg - 20 mg X 20 COMPRIMIDOS RECUBIERTOS DE LIBERACION CONTROLADA","Doxilamina - Piridoxina","COMPRIMIDOS","LABORATORIOS LETI, S.A.V.","E.F.44.036"
"39101","ME44721","BIOTALOL PE 10 mg - 5 mg COMPRIMIDOS RECUBIERTOS","Bisoprolol - Perindopril","COMPRIMIDOS","LABORATORIOS LETI, S.A.V.","E.F.44.721"
"39103","ME44717","BIOTALOL PE 5 mg - 10 mg COMPRIMIDOS RECUBIERTOS ","Bisoprolol - Perindopril","COMPRIMIDOS","LABORATORIOS LETI, S.A.V.","E.F.44.717"
"39107","ME42420","BISOPROLOL FUMARATO 5 mg COMPRIMIDOS RECUBIERTOS","Bisoprolol","COMPRIMIDOS","LABORATORIOS SPEFAR VENEZOLANOS, S.A.","E.F.G.42.420"
"39108","ME42429","BISOPROLOL FUMARATO - HIDROCLOROTIAZIDA 10 mg - 6,25 mg COMPRIMIDOS RECUBIERTOS","Hidroclorotiazida","COMPRIMIDOS","LABORATORIOS SPEFAR VENEZOLANOS, S.A.","E.F.G.42.429"
"39110","ME42419","BISOPROLOL FUMARATO 2,5 mg COMPRIMIDOS RECUBIERTOS","Bisoprolol","COMPRIMIDOS","LABORATORIOS SPEFAR VENEZOLANOS, S.A.","E.F.G.42.419"
"39111","ME39034","BISOPROLOL FUMARATO - HIDROCLOROTIAZIDA 5 mg - 6,25 mg COMPRIMIDOS RECUBIERTOS","","COMPRIMIDOS","LABORATORIOS LETI, S.A.V.","E.F.G.39.034"
"39113","HO16263/3","BRAL 500 mg / mL X 100 AMPOLLAS","Dipirona","INYECTABLE","BIOTECH LABORATORIOS, C.A.","E.F.16.263"
"39114","HO16263/2","BRAL 500 mg / mL X 20 AMPOLLAS","Dipirona","INYECTABLE","BIOTECH LABORATORIOS, C.A.","E.F.16.263"
"39115","ME41912","BRASARTAN 80 mg X 30 CAPSULAS","Valsartan","CAPSULAS","LABORATORIOS FARMA S.A.","E.F.41.912"
"39116","ME42373","BRASARTAN CTDN 160 mg - 12,5 mg X 30 TABLETAS RECUBIERTAS","Clortalidona - Valsartan","TABLETAS","LABORATORIOS FARMA S.A.","E.F.42.373"
"39117","ME40193","BROLAT 5 mg - 30 mg / 5 mL X 10 SOLUCION ORAL","Ambroxol - Loratadina","SOLUCION ORAL","LABORATORIOS SIEGFRIED S.A.","E.F.40.193"
"39118","ME42603","BROMHEXINA CLORHIDRATO 4 mg / 5 mL JARABE","Bromhexina","JARABE","LABORATORIO QUIM-FAR, C.A.","E.F.G.42.603"
"39119","ME37021","CALCIO OSTELIN FORTE 300 mg - 200 UI / 5 mL X 30 SUSPENSION","Vitamina D3","SUSPENSION ORAL","LABORATORIOS FARMA, S.A.","E.F.37.021"
"39120","ME44634","CAMPAL P 15 mg / mL SUSPENSIÓN ORAL","Diclofenaco","SOLUCION ORAL","LABORATORIOS SIEGFRIED S.A.","E.F.44.634"
"39121","ME42750","CANDESARTAN CILEXETILO 8 mg COMPRIMIDOS","Candesartan","COMPRIMIDOS","LABORATORIOS SPEFAR VENEZOLANOS, S.A.","E.F.G.42.750"
"39122","ME28953/3","CAPTOPRIL 25 mg X 30 TABLETAS","Captopril","TABLETAS","LABORATORIOS KIMICEG, C.A.","E.F.G.28.953"
"39123","ME28953/2","CAPTOPRIL 25 mg X 20 TABLETAS","Captopril","TABLETAS","LABORATORIOS KIMICEG, C.A.","E.F.G.28.953"
"39124","ME36838","CARBAMAZEPINA 200 mg COMPRIMIDOS RECUBIERTOS DE LIBERACION CONTROLADA","Carbamazepina","COMPRIMIDOS","LABORATORIOS LETI, S.A.V.","E.F.G.36.838"
"39126","ME43806","CARBETAL 8 mg X 30 TABLETAS","Candesartan Cilexetilo","TABLETAS","LABORATORIO COFASA, S.A.","E.F.43.806"
"39127","ME43086","CARICEL 2 mg - 0,02 mg COMPRIMIDOS RECUBIERTOS","Etinilestradiol","COMPRIMIDOS","LABORATORIOS LETI, S.A.V.","E.F.43.086"
"39129","ME35571/3","CARVEDILOL 12,5 mg X 30 TABLETAS RECUBIERTAS","Carvedilol","TABLETAS","LABORATORIOS KIMICEG C.A.","E.F.G.35.571"
"39130","ME40369","CARVEDILOL 25 mg X 20 TABLETAS RECUBIERTAS","Carvedilol","TABLETAS","LABORATORIOS KIMICEG C.A.","E.F.G.40.369"
"39132","ME36892","CARVEDILOL 6,25 mg COMPRIMIDOS","Carvedilol","COMPRIMIDOS","LABORATORIOS SPEFAR VENEZOLANOS, S.A.","E.F.G.36.892"
"39133","ME43851","CETERIX 10 mg COMPRIMIDOS","Cetirizina","COMPRIMIDOS","MEGALABS VZL, C.A.","E.F.43.851"
"39134","ME36608","CETIRIZINA CLORHIDRATO 10 mg / mL SOLUCION ORAL GOTAS","Cetirizina","SOLUCION ORAL","LABORATORIOS SPEFAR VENEZOLANOS, S.A.","E.F.G.36.608"
"39135","ME31589","CETIRIZINA 1 mg / mL SOLUCION ORAL","Cetirizina","SOLUCION ORAL","LABORATORIOS LETI, S.A.V.","E.F.G.31.589"
"39136","HO33073","CLORHIDRATO DE MORFINA 10 mg / mL X 10 AMPOLLAS","","INYECTABLE","BIOTECH LABORATORIOS, C.A.","E.F.G.33.073"
"39137","ME32977","CETRAL 5 mg / 5 mL SOLUCION ORAL","Cetirizina","SOLUCION ORAL","LABORATORIOS SIEGFRIED S.A.","E.F.32.977"
"39141","ME30837","CIPROFLOXACINA 500 mg X 6 TABLETAS RECUBIERTAS","","TABLETAS","LABORATORIOS KIMICEG, C.A.","E.F.G.30.837"
"39142","ME32032","CIPROFLOXACINA 750 mg COMPRIMIDOS RECUBIERTOS","","COMPRIMIDOS","LABORATORIOS SPEFAR VENEZOLANOS , S.A.","E.F.G.32.032"
"39143","ME33398","CLARITROMICINA 500 mg COMPRIMIDOS RECUBIERTOS","Claritromicina","COMPRIMIDOS","LABORATORIOS SPEFAR VENEZOLANOS, S.A.","E.F.G.33.398"
"39144","ME42557","CLINDAMICINA 300 mg X 16 CAPSULAS","Clindamicina","CAPSULAS","LABORATORIOS SPEFAR VENEZOLANOS S.A.","E.F.G.42.557"
"39145","HO36380","CLINDOX - D 12 mg / mL SOLUCION INYECTABLE PARA INFUSION INTRAVENOSA","Clindamicina","INYECTABLE","LABORATORIO BEHRENS, C.A.","E.F.36.380"
"39146","ME34986","GYNO CLOCIM 1% CREMA VAGINAL","Clotrimazol","CREMA","LABORATORIOS KIMICEG, C.A.","E.F.34.986"
"39147","ME36885","CLOPIDOGREL 75 mg COMPRIMIDOS RECUBIERTOS","Clopidogrel","COMPRIMIDOS","LABORATORIOS SPEFAR VENEZOLANOS, S.A.","E.F.G.36.885"
"39148","ME44238/2","CLORACE 500 mg – 4 mg X 10 GRANULOS PARA SOLUCIÓN ORAL SABOR A LIMÓN","Acetaminofen - Clorfenamina","SOLUCION ORAL","LABORATORIO COFASA, S.A.","E.F.44.238"
"39149","ME44238/3","CLORACE 500 mg – 4 mg X 20 GRANULOS PARA SOLUCIÓN ORAL SABOR A LIMÓN","Acetaminofen - Clorfenamina","SOLUCION ORAL","LABORATORIO COFASA, S.A.","E.F.44.238"
"39150","HO32581","CLORURO DE POTASIO 7,5 % SOLUCION HIPERTONICA X 1 AMPOLLAS","","INYECTABLE","LABORATORIO BEHRENS, C.A.","E.F.G.32.581"
"39151","HO32515","CLORURO DE SODIO AL 20 % SOLUCION HIPERTONICA INYECTABLE","","INYECTABLE","LABORATORIO BEHRENS, C.A.","E.F.G.32.515"
"39152","ME34772","CLOTRIMAZOL 1 % CREMA VAGINAL","Clotrimazol","CREMA","LABORATORIOS KIMICEG, C.A.","E.F.G.34.772"
"39153","ME26813","CLOTRIMAZOL 1 % CREMA","Clotrimazol","CREMA","LABORATORIOS LETI, S.A.V.","E.F.G.26.813"
"39154","ME44093","COFASUR 160 mg X 30 TABLETAS RECUBIERTAS","Valsartan","TABLETAS","LABORATORIO COFASA, S.A.","E.F.44.093"
"39155","ME44636","COFASUR PLUS 80 mg - 12,5 mg X 30 TABLETAS RECUBIERTAS","Clortalidona - Valsartan","TABLETAS","LABORATORIO COFASA, S.A.","E.F.44.636"
"39156","HO23451","COLVAL 4 mg / 2 mL X 2 AMPOLLAS","Tiocolchicosido","INYECTABLE","LABORATORIOS VALMOR,C.A.","E.F.23.451"
"39157","HO1278","TIMOGLOBULINA (INMUNOGLOBULINA DE CONEJO ANTITIMOCITOS HUMANOS) 5 mg / mL X 3 AMPOLLAS","Inmunoglobulina Conejo Antitimocitos Humanos","INYECTABLE","CALOX INTERNATIONAL, C.A.","P.B.1.278"
"39158","ME1412","COMPLEJO DE VITAMINA B X 20 TABLETAS","","TABLETAS","LABORATORIOS SPEFAR VENEZOLANOS, S.A. ","P.F.1.412"
"39159","ME34030","TERAGRIPFORTE DIA 650 mg - 30 mg X 20 TABLETAS RECUBIERTAS","Acetaminofen - Paracetamol - Pseudoefedrina","TABLETAS","LABORATORIOS FARMA S.A.","E.F.34.030"
"39162","ME35927","COROPRES 16 mg COMPRIMIDOS","Candesartan Cilexetilo","COMPRIMIDOS","MEGALABS VZL, C.A.","E.F.35.927"
"39164","ME31744","COVENTROL 12,5 mg COMPRIMIDOS","Carvedilol","COMPRIMIDOS","LABORATORIOS LETI, S.A.V.","E.F.31.744"
"39168","ME36264","CURPINOL 25 mg COMPRIMIDOS","Carvedilol","COMPRIMIDOS","MEGALABS VZL,C.A.","E.F.36.264"
"39169","ME39525/3","DOL FORTE 500 mg - 65 mg X 10 TABLETAS","Acetaminofen - Cafeina","TABLETAS","CALOX INTERNATIONAL, C.A.","E.F.39.525"
"39170","ME39525/2","DOL FORTE 500 mg - 65 mg X 4 TABLETAS","Acetaminofen - Cafeina","TABLETAS","CALOX INTERNATIONAL, C.A.","E.F.39.525"
"39172","ME42595","DEFLAZACORT 6 mg COMPRIMIDOS","Deflazacort","COMPRIMIDOS","LABORATORIOS SPEFAR VENEZOLANOS, S.A.","E.F.G.42.595"
"39173","ME42426","ZARCOT 6 mg X 10 TABLETAS","Deflazacort","TABLETAS","CALOX INTERNATIONAL, C.A.","E.F.42.426"
"39175","ME40790","DERMAZOL 0,05 % CREMA","Clobetasol Propionato","CREMA","MEGALABS VZL,C.A.","E.F.40.790"
"39176","ME35191","DESLORATADINA 0,5 mg / mL SOLUCION ORAL","Desloratadina","SOLUCION ORAL","LABORATORIOS LETI, S.A.V.","E.F.G.35.191"
"39177","ME42524","DESLORATADINA 2,5 mg / 5 mL JARABE","Desloratadina","JARABE","LABORATORIOS SIEGFRIED, S.A.","E.F.G.42.524"
"39178","ME42540","DESLORATADINA 2,5 mg / 5 mL SOLUCION ORAL","Desloratadina","SOLUCION ORAL","LABORATORIOS SIEGFRIED, S.A.","E.F.G.42.540"
"39179","ME43570","DESLORATADINA - MONTELUKAST 5 mg - 10 mg COMPRIMIDOS RECUBIERTOS","Desloratadina - Montelukast","COMPRIMIDOS","LABORATORIOS LETI, S.A.V.","E.F.G.43.570"
"39180","ME36359","DESLORATADINA 5 mg X 10 TABLETAS RECUBIERTAS","Desloratadina","TABLETAS","LABORATORIOS KIMICEG, C.A.","E.F.G.36.359"
"39181","ME43091","DESLORATADINA 5 mg X 10 TABLETAS RECUBIERTAS","Desloratadina","TABLETAS","LABORATORIOS SIEGFRIED, S.A.","E.F.G.43.091"
"39185","ME30174","DICLOFENACO POTASICO 50 mg X 20 TABLETAS RECUBIERTAS","Diclofenaco","TABLETAS","LABORATORIOS KIMICEG C.A.","E.F.G.30.174"
"39186","ME28153","DICLOFENAC POTASICO 50 mg COMPRIMIDOS RECUBIERTOS","Diclofenaco","COMPRIMIDOS","LABORATORIOS LETI, S.A.V.","E.F.G.28.153"
"39187","ME35439","DICLOFENAC POTASICO 50 mg X 20 COMPRIMIDOS RECUBIERTOS","Diclofenaco","COMPRIMIDOS","LABORATORIOS SPEFAR VENEZOLANOS, S.A.","E.F.G.35.439"
"39188","ME44052","DICLOFENACO SÓDICO 50 mg SUPOSITORIOS","Diclofenaco","SUPOSITORIOS","LABORATORIOS VARGAS, S.A.","E.F.G.44.052"
"39189","ME38307","DIFEN PLUS X 10 TABLETAS","Acetaminofen - Cafeina","TABLETAS","LABORATORIOS SIEGFRIED S.A.","E.F.38.307"
"39190","ME43966","LERCANIDIPINO 10 mg X 10 COMPRIMIDOS RECUBIERTOS","Acetaminofen - Lercanidipino","COMPRIMIDOS","LABORATORIOS VARGAS, S.A.","E.F.G.43.966"
"39191","ME27471","DIKLASON 50 mg COMPRIMIDOS RECUBIERTOS","Diclofenaco","COMPRIMIDOS","LABORATORIOS LETI, S.A.V.","E.F.27.471"
"39192","HO36449","DIKLASON 75 mg / 3 mL X 1 AMPOLLAS","Diclofenaco","INYECTABLE","LABORATORIOS LETI, S.A.V.","E.F.36.449"
"39193","ME38499","DIKLASON 1,16 % GEL","","GEL","LABORATORIOS LETI, S.A.V.","E.F.38.499"
"39194","ME30297","MATIGEL 0,5 % SOLUCION OFTALMICA","Timolol","SOLUCION OFTALMICA","LABORATORIOS L.O. OFTALMI, C.A.","E.F.30.297"
"39195","ME41759","DOLGRIP X 10 CAPSULAS","Acetaminofen - Cafeina","CAPSULAS","CALOX INTERNATIONAL, C.A.","E.F.41.759"
"39196","ME35688","DOMPERIDONA 10 mg COMPRIMIDOS","Domperidona","COMPRIMIDOS","LABORATORIOS SPEFAR VENEZOLANOS , S.A.","E.F.G.35.688"
"39197","ME28504","DUOVENT 0,4 mg - 1 mg AEROSOL","Bromuro De Ipratropio Monohidratado","INHALACION","LABORATORIOS L.O. OFTALMI, C.A.","E.F.28.504"
"38806","ME44260","SUCRALFATO 100 mg / mL SUSPENSION ORAL","","SOLUCION ORAL","BIOQUIMICA INTERNACIONAL C.A.","E.F.G.44.260"
"38800","ME43259/3","SITAGLIPTINA - METFORMINA CLORHIDRATO 50 mg - 500 mg X 30 TABLETAS RECUBIERTAS","Metformina - Sitagliptina","TABLETAS","REMUS PHARMACEUTICALS Pvt. Ltd.","E.F.G.43.259"
"38908","ME43344","ULTAMYN 750 mg X 10 TABLETAS RECUBIERTAS","","TABLETAS","RONALD PHARMACEUTICALS Pvt. Ltd.","E.F.43.344"
"38931","ME44465","VALSARTAN 160 MG X 30 TABLETAS RECUBIERTAS","Valsartan","TABLETAS","JIANGSU PENGYAO PHARMACEUTICAL CO., LTD.","E.F.G.44.465"
"38962","ME44594/3","DEROVIT 5000 UI X 100 CÁPSULAS BLANDAS","Vitamina D3","CAPSULAS","INDUSTRIAS INTERCAPS DE VENEZUELA, C.A.","E.F.44.594"
"39042","ME32836/2","AMOVIN 500 mg X 3 TABLETAS RECUBIERTAS","Azitromicina","TABLETAS","LABORATORIO COFASA, S.A.","E.F.32.836"
"39437","ME36689","AZITROMICINA 500 mg X 3 TABLETA RECUBIERTA","Azitromicina","TABLETAS","CORPORACION INFARMASA, S.A.","E.F.G.36.689"
"39198","HO32341","DURACAINA HIPERBARA 5 mg - 80 mg / mL X 1 AMPOLLAS","Bupivacaina","INYECTABLE","LABORATORIO BEHRENS, C.A.","E.F.32.341"
"39199","ME26689","ENALAPRIL MALEATO 20 mg COMPRIMIDOS RECUBIERTOS","Enalapril","COMPRIMIDOS","LABORATORIOS LETI, S.A.V.","E.F.G.26.689"
"39200","ME27590","ENALAPRIL MALEATO 20 mg X 30 TABLETAS","Enalapril","TABLETAS","LABORATORIOS KIMICEG C.A.","E.F.G.27.590"
"39202","ME36883","ESOMEPRAZOL 40 mg X 16 CAPSULAS CON MICROGRANULOS DE LIBERACION ENTERICA.","Esomeprazol Magnesico","CAPSULAS","LABORATORIOS LETI, S.A.V.","E.F.G.36.883"
"39203","ME43295","DESLORATADINA 5 mg COMPRIMIDOS RECUBIERTOS","Desloratadina","COMPRIMIDOS","MEGALABS VZL, C.A.","E.F.G.43.295"
"39207","ME44071","EVABOLIN 10 mg X 30 TABLETAS RECUBIERTAS","Empagliflozina","TABLETAS","LABORATORIO COFASA, S.A.","E.F.44.071"
"39208","ME31252","FAMOTIDINA 40 mg X 10 COMPRIMIDOS","Famotidina","COMPRIMIDOS","LABORATORIOS KIMICEG, C.A.","E.F.G.31.252"
"39209","ME44361","HEXANT 15mg/ 5mL SOLUCION ORAL SABOR A FRESA","Ambroxol","SOLUCION ORAL","MEGALABS VZL, C.A.","E.F.44.361"
"39210","ME44388/3","FARMAD 200UI/gota X 30 SOLUCION ORAL","Vitamina D3","GOTAS","LABORATORIOS FARMA S.A.","E.F.44.388"
"39211","ME44388/2","FARMAD 200UI/gota X 10 SOLUCION ORAL","Vitamina D3","GOTAS","LABORATORIOS FARMA S.A.","E.F.44.388"
"39212","ME30812","FARMACAINA 10 % SOLUCION ATOMIZADORA TOPICO BUCAL","Lidocaina","SOLUCION TOPICA","LABORATORIOS FARMA S.A.","E.F.30.812"
"39213","ME38628","FEBRATIC 10 mg / 5 mL SUSPENSION ORAL","Diclofenaco","SOLUCION ORAL","MEGALABS VZL, C.A.","E.F.38.628"
"39214","MI28667","FEM DUCHA VAGINAL","Acetico Acido","INYECTABLE","BIOTECH LABORATORIOS, C.A.","E.F.28.667"
"39215","ME42352","FEMIZOL 750 mg - 200 mg OVULOS.","Metronidazol","OVULOS","LABORATORIOS VARGAS, S.A.","E.F.42.352"
"39216","ME33238/4","FERGANIC FOLIC 40 mg - 350 mcg X 24 TABLETAS MASTICABLES","Folico Acido","TABLETAS","MEGALABS VZL, C.A.","E.F.33.238"
"39217","ME33238/2","FERGANIC FOLIC 40 mg - 350 mcg X 14 TABLETAS MASTICABLES","Folico Acido","TABLETAS","MEGALABS VZL, C.A.","E.F.33.238"
"39220","ME38610","FLENOX 30 mg / 5 mL SOLUCION ORAL","Ambroxol","SOLUCION ORAL","BIOTECH LABORATORIOS, C.A.","E.F.38.610"
"39221","ME21233","FLODONT EN FILMORASE UNGUENTO BUCAL","Bencidamina","UNGUENTO","MEGALABS VZL, C.A.","E.F.21.233"
"39222","ME41147","FLOMED 0,15 % - 0,25 % SOLUCION TOPICA BUCAL","Bencidamina","SOLUCION TOPICA","LABORATORIOS ELMOR, S.A.","E.F.41.147"
"39223","ME28575","FLUCONAZOL 150 mg X 2 CAPSULAS","Fluconazol","CAPSULAS","LABORATORIOS KIMICEG, C.A.","E.F.G.28.575"
"39224","ME11043","FRIXONIL SOLUCION","Alcanfor - Mentol - Salicilato Metilo","LOCION","LABORATORIOS VINCENTI, C.A.","E.F.11.043"
"39226","ME37496","GABAPENTINA 300 mg X 20 CAPSULAS","Gabapentina","CAPSULAS","LABORATORIOS SPEFAR VENEZOLANOS, S.A.","E.F.G.37.496"
"39227","ME37521","GABAPENTINA 400 mg X 20 CAPSULAS","Gabapentina","CAPSULAS","LABORATORIOS SPEFAR VENEZOLANOS, S.A.","E.F.G.37.521"
"39228","ME43741","GEMKAST 10 mg X 30 TABLETAS RECUBIERTAS","Montelukast","TABLETAS","GEMA LABS, C.A.","E.F.43.741"
"39230","ME43742/3","GEMKAST 4 mg X 30 TABLETAS MASTICABLES","Montelukast","TABLETAS","GEMA LABS, C.A.","E.F.43.742"
"39232","ME43743/2","GEMKAST 5 mg X 10 TABLETAS MASTICABLES","Montelukast","TABLETAS","GEMA LABS, C.A.","E.F.43.743"
"39233","ME44127","GENCICOF 0,15 % - 0,15 % SOLUCION TOPICA BUCAL","Bencidamina - Lidocaina","SOLUCION TOPICA","LABORATORIO COFASA, S.A.","E.F.44.127"
"39234","ME44761","GLICILAX 1,72 g SUPOSITORIOS","Glicerina","SUPOSITORIOS","COMERCIALIZADORA TIARES, C.A","E.F.44.761"
"39235","ME44763","GLICILAX 0,86 g SUPOSITORIOS","Glicerina","SUPOSITORIOS","COMERCIALIZADORA TIARES, C.A","E.F.44.763"
"39236","ME33712","GLICERINA 1,68 g SUPOSITORIOS","Glicerina","SUPOSITORIOS","LABORATORIOS VARGAS, S.A.","E.F.G.33.712"
"39237","ME33713","GLICERINA 2,88 g SUPOSITORIOS","Glicerina","SUPOSITORIOS","LABORATORIOS VARGAS, S.A.","E.F.G.33.713"
"39238","HO32556","GLUCONATO DE CALCIO AL 10 % SOLUCION INYECTABLE","","INYECTABLE","LABORATORIO BEHRENS, C.A.","E.F.G.32.556"
"39240","ME37715","GLYMAR 4 mg X 20 TABLETAS","Glimepirida","TABLETAS","LABORATORIOS SIEGFRIED S.A.","E.F.37.715"
"39241","ME44628","GULAPER 100 MG / 5 ML SOLUCION ORAL SABOR CHICLE ","S-carboximetilcisteina","SOLUCION ORAL","MEGALABS VZL, C.A.","E.F.44.628"
"39242","ME27231","GYNOVIT SOLUCION DUCHA VAGINAL","Acetico Acido","LOCION","LABORATORIOS VARGAS, S.A.","E.F.27.231"
"39244","ME15830","HEXOMEDINE 1 mg - 0,5 mg / mL COLUTORIO AEROSOL","Lidocaina","INHALACION","CALOX INTERNATIONAL, C.A.","E.F.15.830"
"39245","ME42460","HIDROCLOROTIAZIDA 12,5 mg COMPRIMIDOS","Hidroclorotiazida","COMPRIMIDOS","LABORATORIOS SPEFAR VENEZOLANOS, S.A.","E.F.G.42.460"
"39246","ME41692","HIDROCLOROTIAZIDA 12,5 mg COMPRIMIDOS","Hidroclorotiazida","COMPRIMIDOS","LABORATORIOS LETI, S.A.V.","E.F.G.41.692"
"39247","ME42590","HIDROCLOROTIAZIDA 25 mg COMPRIMIDOS","Hidroclorotiazida","COMPRIMIDOS","LABORATORIOS SPEFAR VENEZOLANOS, S.A.","E.F.G.42.590"
"39248","ME39472","IBUPROFENO 400 mg-TIOCOLCHICOSIDO 4 mg COMPRIMIDOS","","COMPRIMIDOS","LABORATORIOS SPEFAR VENEZOLANOS, S.A. ","E.F.G.39.472"
"39249","ME30199","IBUPROFENO 100 mg / 5 mL SUSPENSION ORAL","Ibuprofeno","SOLUCION ORAL","LABORATORIOS SPEFAR VENEZOLANOS, S.A.","E.F.G.30.199"
"39250","ME26698","IBUPROFENO 400 mg COMPRIMIDOS RECUBIERTOS","Ibuprofeno","COMPRIMIDOS","LABORATORIOS LETI, S.A.V.","E.F.G.26.698"
"39251","ME30069","IBUPROFENO 400 mg X 10 TABLETAS RECUBIERTAS","Ibuprofeno","TABLETAS","LABORATORIOS KIMICEG, C.A.","E.F.G.30.069"
"39252","ME30286","IBUPROFENO 100 mg / 5 mL SUSPENSION ORAL","Ibuprofeno","SOLUCION ORAL","LABORATORIOS KIMICEG C.A.","E.F.G.30.286"
"39254","ME34966","IBUCAF 200 mg - 30 mg X 10 TABLETAS","Cafeina - Ibuprofeno","TABLETAS","CALOX INTERNATIONAL, C.A.","E.F.34.966"
"39255","ME42947","IMAZOL DUAL 100 mg CAPSULAS BLANDAS VAGINALES - 1 % X 6 CREMA VAGINAL","Clotrimazol","CAPSULAS","LABORATORIOS SIEGFRIED, S.A.","E.F.42.947"
"39257","ME36204","IRBESARTAN 150 mg X 28 TABLETAS","Irbesartan","TABLETAS","CALOX INTERNATIONAL, C.A.","E.F.G.36.204"
"39258","ME42456","IRBESARTAN 300 mg COMPRIMIDOS","Irbesartan","COMPRIMIDOS","LABORATORIOS SPEFAR VENEZOLANOS, S.A.","E.F.G.42.456"
"39260","ME43610","IRGEM 150 mg X 30 TABLETAS","Irbesartan","TABLETAS","GEMA LABS, C.A.","E.F.43.610"
"39262","ME43609/3","IRGEM 300 mg X 30 TABLETAS","Irbesartan","TABLETAS","GEMA LABS, C.A.","E.F.43.609"
"39263","ME43668","IRGEM PLUS 300 mg - 12,5 mg X 30 TABLETAS","Hidroclorotiazida - Irbesartan","TABLETAS","GEMA LABS, C.A.","E.F.43.668"
"39264","ME39925","ISOSPRAY PLUS 0,15 % - 0,25 % SOLUCION","Cetilpiridinio","LOCION","BIOTECH LABORATORIOS, C.A.","E.F.39.925"
"39265","ME33620","IVAGAN FORTE X 100 TABLETAS RECUBIERTAS","Acetaminofen - Cafeina","TABLETAS","BIOTECH LABORATORIOS, C.A.","E.F.33.620"
"39266","ME44048","IZABAN DPP 10 mg - 5 mg COMPRIMIDOS RECUBIERTOS","Empagliflozina - Linagliptina","COMPRIMIDOS","LABORATORIOS LETI, S.A.V.","E.F.44.048"
"39267","HO33101/2","KETOPROFENO 100 mg / 2 mL X 10 AMPOLLAS","Ketoprofeno","INYECTABLE","LABORATORIOS LETI, S.A.V.","E.F.G.33.101"
"39268","HO33101/3","KETOPROFENO 100 mg / 2 mL X 20 AMPOLLAS","Ketoprofeno","INYECTABLE","LABORATORIOS LETI, S.A.V.","E.F.G.33.101"
"39270","HO30273/3","KETOPROFENO 100 mg / 2 mL X 10 AMPOLLAS","Ketoprofeno","INYECTABLE","LABORATORIO COFASA, S.A.","E.F.G.30.273"
"39275","ME42264","KLINCOSAL 262 mg - 500 mg / 15 mL SUSPENSION ORAL SABOR A UVA","","SOLUCION ORAL","MEGALABS VZL, C.A.","E.F.42.264"
"39274","ME42263","KLINCOSAL 262 mg - 500 mg / 15 mL SUSPENSION ORAL SABOR A FRESA","","SOLUCION ORAL","MEGALABS VZL, C.A.","E.F.42.263"
"39271","HO30273/2","KETOPROFENO 100 mg / 2 mL X 1 AMPOLLAS","Ketoprofeno","INYECTABLE","LABORATORIO COFASA, S.A.","E.F.G.30.273"
"39272","ME36355","KETOROLAC 10 mg COMPRIMIDOS","Ketorolaco","COMPRIMIDOS","LABORATORIOS SPEFAR VENEZOLANOS, S.A.","E.F.G.36.355"
"39278","ME43611/2","LAGEMIN 50 mg X 10 TABLETAS DISPERSABLES","Lamotrigina","TABLETAS","GEMA LABS, C.A.","E.F.43.611"
"39280","ME43637/3","LAGEMIN 100 mg X 30 TABLETAS DISPERSABLES","Lamotrigina","TABLETAS","GEMA LABS, C.A.","E.F.43.637"
"39281","ME6400","LANOLZINC 15 % - 11 % POMADA","Zinc Oxido","POMADA","LABORATORIOS VALMOR, C.A.","E.F.6.400"
"39283","ME40013","LECART 1 g / 10 mL SOLUCION ORAL","Carnitina","SOLUCION ORAL","LABORATORIOS SIEGFRIED S.A.","E.F.40.013"
"39284","ME38543","LETISAN 500 mg X 10 TABLETAS MASTICABLES SABOR UVA","Ascorbico Acido","TABLETAS","LABORATORIOS LETI, S.A.V.","E.F.38.543"
"39285","HO36034","LEVOTEC 5 mg / mL SOLUCION INYECTABLE PARA INFUSION INTRAVENOSA","Levofloxacino","INYECTABLE","LABORATORIO BEHRENS, C.A.","E.F.36.034"
"39286","ME43371","LOBEDRIN 6 mg / mL SOLUCION ORAL","Levodropropizina","SOLUCION ORAL","LABORATORIOS SPEFAR VENEZOLANOS, S.A.","E.F.43.371"
"39287","ME29812","LORATADINA 10 mg COMPRIMIDOS","Loratadina","COMPRIMIDOS","LABORATORIOS SPEFAR VENEZOLANOS, S.A.","E.F.G.29.812"
"39288","ME43559","Loratadina 1mg/mL Solucion Oral","Loratadina","SOLUCION ORAL","LABORATORIOS L.O. OFTALMI, C.A.","E.F.G.43.559"
"39289","ME36662","LOSARTAN POTASICO 50 mg X 14 TABLETAS RECUBIERTAS","Losartan","TABLETAS","LABORATORIOS SPEFAR VENEZOLANOS, S.A.","E.F.G.36.662"
"39290","ME36589","LOSARTAN POTASICO 100 mg X 10 TABLETAS RECUBIERTAS","Losartan","TABLETAS","LABORATORIOS KIMICEG, C.A.","E.F.G.36.589"
"39291","ME42439","LOSARTAN POTASICO 100 mg COMPRIMIDOS RECUBIERTOS","Losartan","COMPRIMIDOS","LABORATORIOS SPEFAR VENEZOLANOS, S.A.","E.F.G.42.439"
"39292","ME16064","MACRODANTINA 100 mg X 30 CAPSULAS","Nitrofurantoina","CAPSULAS","LABORATORIOS FARMA S.A.","E.F.16.064"
"39295","ME42819","MELOXICAM 7,5 mg X 10 TABLETAS","Meloxicam","TABLETAS","LABORATORIOS L.O. OFTALMI, C.A.","E.F.G.42.819"
"39296","ME31259","MELOXICAM 15 mg COMPRIMIDOS","Meloxicam","COMPRIMIDOS","LABORATORIOS SPEFAR VENEZOLANOS, S.A.","E.F.G.31.259"
"39297","ME42459","METFORMINA CLORHIDRATO 1000 mg COMPRIMIDOS","Metformina","COMPRIMIDOS","LABORATORIOS SPEFAR VENEZOLANOS, S.A.","E.F.G.42.459"
"39298","ME37583","METFORMINA CLORHIDRATO 500 mg COMPRIMIDOS","Metformina","COMPRIMIDOS","LABORATORIOS SPEFAR VENEZOLANOS, S.A.","E.F.G.37.583"
"39299","ME37492","METFORMINA CLORHIDRATO 850 mg COMPRIMIDOS","Metformina","COMPRIMIDOS","LABORATORIOS SPEFAR VENEZOLANOS, S.A.","E.F.G.37.492"
"39300","ME42761","METFORMINA CLORHIDRATO 500 mg X 30 TABLETAS","Metformina","TABLETAS","BIOTECH LABORATORIOS, C.A.","E.F.G.42.761"
"39301","ME37062","METRONIDAZOL 500 mg COMPRIMIDOS","Metronidazol","COMPRIMIDOS","LABORATORIOS SPEFAR VENEZOLANOS, S.A.","E.F.G.37.062"
"39302","ME32763","SECNIDAZOL 500 mg X 10 TABLETAS","Secnidazol Anhidro","TABLETAS","CALOX INTERNATIONAL, C.A.","E.F.G.32.763"
"39303","ME44313","MIDOL 500 mg X 10 TABLETAS","Acetaminofen","TABLETAS","GEMA LABS, C.A.","E.F.44.313"
"39304","ME44314","MIDOL FORTE 650 mg X 10 TABLETAS","Acetaminofen","TABLETAS","GEMA LABS, C.A.","E.F.44.314"
"39307","ME21495","MODERAN 10,1 g / 15 mL SOLUCION ORAL","Lactulosa","SOLUCION ORAL","LABORATORIOS VARGAS, S.A.","E.F.21.495"
"39308","ME35447","MONTELUKAST 10 mg COMPRIMIDOS RECUBIERTOS","Montelukast","COMPRIMIDOS","LABORATORIOS LETI, S.A.V.","E.F.G.35.447"
"39309","ME37063","MONTELUKAST 10 mg X 10 TABLETAS RECUBIERTAS","Montelukast","TABLETAS","LABORATORIOS SPEFAR VENEZOLANOS, S.A.","E.F.G.37.063"
"39310","ME42894","MONTELUKAST 5 mg X 30 TABLETAS MASTICABLES","Montelukast","TABLETAS","LABORATORIOS L.O. OFTALMI, C.A.","E.F.G.42.894"
"39311","ME43662","OTOCORT 1 mg - 5 mg - 5000 UI / mL SUSPENSIÓN ÓTICA","Dexametasona - Neomicina - Polimixina B","SOLUCION OTICA","LABORATORIOS L.O. OFTALMI, C.A.","E.F.43.662"
"39312","ME30661","DYFRIN 5 % - 0,5 % SOLUCION OFTALMICA","Tropicamida","SOLUCION OFTALMICA","LABORATORIOS L.O. OFTALMI, C.A.","E.F.30.661"
"39315","ME42653","NEBLUM 50 mg X 30 TABLETAS RECUBIERTAS","Sacubitrilo - Valsartan","TABLETAS","LABORATORIOS FARMA S.A.","E.F.42.653"
"39317","HO44715","NEULEVAL 500 mg/100 mL X 10 AMPOLLAS","Levofloxacino","INYECTABLE","LABORATORIOS VALMOR, C.A.","E.F.44.715"
"39320","ME37950","NOVACODIN 50 mg / 5 mL SOLUCION ORAL","Guaifenesina","SOLUCION ORAL","LABORATORIOS VARGAS, S.A.","E.F.37.950"
"39321","ME42484","NOXPIRIN 125 mg - 0,5 mg / 5 mL SOLUCION ORAL","Acetaminofen","SOLUCION ORAL","LABORATORIOS SIEGFRIED S.A.","E.F.42.484"
"39322","ME42453","NOXPIRIN 325 mg - 1,25 mg / 5 mL SOLUCION ORAL","Acetaminofen","SOLUCION ORAL","LABORATORIOS SIEGFRIED S.A.","E.F.42.453"
"39323","ME40510","OLMESARTAN MEDOXOMIL - HIDROCLOROTIAZIDA 40 mg - 12,5 mg COMPRIMIDOS RECUBIERTOS","Hidroclorotiazida","COMPRIMIDOS","LABORATORIOS LETI, S.A.V.","E.F.G.40.510"
"39325","ME38415","OLMESARTAN MEDOXOMILO 20 mg X 30 TABLETAS RECUBIERTAS","","TABLETAS","CALOX INTERNATIONAL, C.A.","E.F.G.38.415"
"39326","ME43452/2","OMEPRAZOL 40 mg X 7 CAPSULAS GASTRORRESISTENTES","","CAPSULAS","LABORATORIOS L.O. OFTALMI, C.A.","E.F.G.43.452"
"39327","ME43452/3","OMEPRAZOL 40 mg X 30 CAPSULAS GASTRORRESISTENTES","","CAPSULAS","LABORATORIOS L.O. OFTALMI, C.A.","E.F.G.43.452"
"39328","ME30489","OMEPRAZOL 20 mg X 28 CAPSULAS","","CAPSULAS","LABORATORIOS SPEFAR VENEZOLANOS, S.A.","E.F.G.30.489"
"39329","ME35417/3","OMEPRAZOL 20 mg X 30 CAPSULAS","","CAPSULAS","LABORATORIOS L.O. OFTALMI, C.A.","E.F.G.35.417"
"39330","ME35417/2","OMEPRAZOL 20 mg X 7 CAPSULAS","","CAPSULAS","LABORATORIOS L.O. OFTALMI, C.A.","E.F.G.35.417"
"39331","ME41671","ORALZINC SALES DE REHIDRATACION POLVO PARA SOLUCION ORAL SABOR A MANDARINA","Zinc Sulfato Heptahidrato","POLVO PARA RECONSTITUCION","LABORATORIOS VARGAS, S.A.","E.F.41.671"
"39332","ME42182","OROFENO 150 mg COMPRIMIDOS DE LIBERACION CONTROLADA","Ketoprofeno","COMPRIMIDOS","LABORATORIOS LETI, S.A.V.","E.F.42.182"
"39333","ME5708","OTAN 0,1 % - 4,0 % SOLUCION OTICA","Tirotricina","SOLUCION OTICA","LABORATORIOS VINCENTI, C.A.","E.F.5.708"
"39334","ME26053","OXOLAMINA 28 mg / 5mL JARABE","","JARABE","LABORATORIOS VALMOR,C.A.","E.F.G.26.053"
"39335","ME26052","OXOLAMINA 50 mg / 5 mL JARABE","","JARABE","LABORATORIOS VALMOR,C.A.","E.F.G.26.052"
"39336","ME35922","OXOLAMINA CITRATO 50 mg / 5 mL JARABE","","JARABE","LABORATORIOS LETI, S.A.V.","E.F.G.35.922"
"39337","ME23662","MAXICORT SUSPENSION OFTALMICA","Dexametasona - Polimixina B","SUSPENSION ORAL","LABORATORIOS L.O. OFTALMI, C.A.","E.F.23.662"
"39339","ME26205","OXOLAMINA 50 mg / 5 mL JARABE","","JARABE","LABORATORIOS ELMOR S.A.","E.F.G.26.205"
"39340","ME37330","PERTEN 1 % CREMA","Terbinafina","CREMA","LABORATORIOS SIEGFRIED S.A.","E.F.37.330"
"39341","ME21271","PINVEX 5 % - 1 % SOLUCION","Salicilico Acido","LOCION","LABORATORIO COFASA, S.A.","E.F.21.271"
"39342","ME42493","PREDNISONA 5 mg COMPRIMIDOS","Prednisona","COMPRIMIDOS","LABORATORIOS SPEFAR VENEZOLANOS S.A.","E.F.G.42.493"
"39343","MI25491","PROTOSULFIL 1 % POLVO","","POLVO PARA RECONSTITUCION","MEGALABS VZL, C.A.","E.F.25.491"
"39344","ME24456","CARNITENE 1 g / 10 mL SOLUCION ORAL","","SOLUCION ORAL","LABORATORIOS ELMOR, S.A.","E.F.24.456"
"39345","ME42605B","QUETIAPINA 100 mg COMPRIMIDOS RECUBIERTOS","Quetiapina","COMPRIMIDOS","LABORATORIOS LETI, S.A.V.","E.F.G.42.605"
"39346","ME42604","QUETIAPINA 25 mg COMPRIMIDOS RECUBIERTOS","Quetiapina Hemifumarato","COMPRIMIDOS","LABORATORIOS LETI, S.A.V.","E.F.G.42.604"
"39347","ME42527","QUETIAPINA 100 mg COMPRIMIDOS","Quetiapina","COMPRIMIDOS","LABORATORIOS SPEFAR VENEZOLANOS S.A.","E.F.G.42.527"
"39348","ME42526","QUETIAPINA 25 mg COMPRIMIDOS","Quetiapina","COMPRIMIDOS","LABORATORIOS SPEFAR VENEZOLANOS S.A.","E.F.G.42.526"
"39350","ME34879","REFLUXYL 0,400 g - 0,375 g / 15 mL SUSPENSION ORAL","Alginato Sodio","SUSPENSION ORAL","LABORATORIOS VARGAS, S.A.","E.F.34.879"
"39351","ME39374","REGULIP 10 mg X 30 TABLETAS","Rosuvastatina","TABLETAS","LABORATORIOS FARMA S.A.","E.F.39.374"
"39352","ME42185","REHIDROSOL 45 mEq/L SOLUCION ELECTROLITICA USO ORAL SABOR A FRAMBUESA","","SOLUCION ORAL","LABORATORIO BEHRENS, C.A.","E.F.42.185"
"39353","ME42037","REHIDROSOL 45 mEq / L SOLUCION ELECTROLITICA USO ORAL SABOR A UVA","Dextrosa","SOLUCION ORAL","LABORATORIO BEHRENS, C.A.","E.F.42.037"
"39354","ME42186","REHIDROSOL 60 mEq / L SOLUCION ELECTROLITICA USO ORAL SABOR A MANZANA","","SOLUCION ORAL","LABORATORIO BEHRENS, C.A.","E.F.42.186"
"39356","HO32579","SOLUCION RINGER LACTATO (SOLUCION HARTMAN) INYECTABLE","","INYECTABLE","LABORATORIO BEHRENS, C.A.","E.F.G.32.579"
"39357","ME32233","RINOLAST D 30 mg - 30 mg / 5 mL SUSPENSION ORAL","Fexofenadina - Pseudoefedrina","SUSPENSION ORAL","LABORATORIOS FARMA S.A.","E.F.32.233"
"39358","ME36523","SIMVASTATINA 20 mg COMPRIMIDOS RECUBIERTOS","Simvastatina","COMPRIMIDOS","LABORATORIOS SPEFAR VENEZOLANOS , S.A.","E.F.G.36.523"
"39359","ME27689","SALBUROL 0,5 % SOLUCION PARA INHALACION","Salbutamol","INHALACION","LABORATORIOS VALMOR, C.A.","E.F.27.689"
"39360","ME30996","SALBUTAMOL 0,5 % SOLUCION PARA INHALAR","Salbutamol","LOCION","LABORATORIOS L.O. OFTALMI, C.A.","E.F.G.30.996"
"39361","ME42518","SERTRALINA 100 mg COMPRIMIDOS","Sertralina","COMPRIMIDOS","LABORATORIOS SPEFAR VENEZOLANOS S.A.","E.F.G.42.518"
"39362","ME42517","SERTRALINA 50 mg COMPRIMIDOS","Sertralina","COMPRIMIDOS","LABORATORIOS SPEFAR VENEZOLANOS S.A.","E.F.G.42.517"
"39365","ME43701","SITALUX 100 mg X 30 tabletas recubiertas","Sitagliptina","TABLETAS","INVERSIONES ANGELUS HEALTH C.A","E.F.43.701"
"39366","ME40535","SITAGLIS MET 50 mg - 850 mg COMPRIMIDOS RECUBIERTOS","Metformina - Sitagliptina","COMPRIMIDOS","LABORATORIOS LETI, S.A.V.","E.F.40.535"
"39367","ME1368","DEXTROSA AL 5% EN SOLUCION FISIOLOGICA ISOTONICA DE CLORURO DE SODIO I","","LOCION","LABORATORIO BEHRENS, C.A.","P.F.1.368"
"39368","ME40123","STAMYLFORTE 300 mg - 100 mg X 20 TABLETAS RECUBIERTAS","Pancreatina - Simeticona","TABLETAS","LABORATORIOS FARMA, S.A.","E.F.40.123"
"39369","ME44642","SUEROLITO ZINC 75 mEq/L SOLUCION ELECTROLITICA USO ORAL SABOR A CHICLE ","Dextrosa - Zinc","SOLUCION ORAL","LABORATORIOS BALKER C.A.","E.F.44.642"
"39370","ME44638","SUEROLITO ZINC 75 mEqL/L SOLUCION ELECTROLITICA USO ORAL SABOR A COCO","Dextrosa - Zinc","SOLUCION ORAL","LABORATORIOS BALKER C.A.","E.F.44.638"
"39371","ME44639","SUEROLITO ZINC 75 mEQ/L SOLUCIÓN ELECTROLÍTICA USO ORAL SABOR A FRESA","Dextrosa - Zinc","SOLUCION ORAL","LABORATORIOS BALKER C.A.","E.F.44.639"
"39372","ME44641","SUEROLITO ZINC 75 mEq/L SOLUCION ELECTROLITICA USO ORAL SABOR A MANDARINA","Dextrosa - Zinc","SOLUCION ORAL","LABORATORIOS BALKER C.A.","E.F.44.641"
"39373","ME44640","SUEROLITO ZINC 75 mEq/L SOLUCIÓN ELECTROLÍTICA  USO ORAL SABOR A UVA","Dextrosa - Zinc","SOLUCION ORAL","LABORATORIOS BALKER C.A.","E.F.44.640"
"39374","ME44643","SUEROLITO ZINC 75 mEq/L SOLUCION ELECTROLITICA USO ORAL SABOR A MANZANA","Dextrosa - Zinc","SOLUCION ORAL","LABORATORIOS BALKER C.A.","E.F.44.643"
"39375","ME31158","SULTAMICILINA 250 mg / 5 mL POLVO PARA SUSPENSION ORAL","","POLVO PARA RECONSTITUCION","LABORATORIOS SPEFAR VENEZOLANOS, S.A.","E.F.G.31.158"
"39377","ME43593","TACHIGRIP FORTE X 6 POLVO PARA SOLUCION ORAL","Acetaminofen - Cafeina - Dexclorfeniramina","POLVO PARA RECONSTITUCION","LABORATORIOS ELMOR, S.A.","E.F.43.593"
"39378","ME18961","TACHIPIRIN 100 mg / mL SOLUCION ORAL","Acetaminofen","SOLUCION ORAL","LABORATORIOS ELMOR, S.A.","E.F.18.961"
"39379","ME25934","ACETAMINOFEN 250 mg SUPOSITORIOS","Acetaminofen","SUPOSITORIOS","LABORATORIOS ELMOR, S.A.","E.F.G.25.934"
"39380","ME19288","TACHIPIRIN 500 mg X 20 TABLETAS","Acetaminofen","TABLETAS","LABORATORIOS ELMOR, S.A.","E.F.19.288"
"39381","ME35671","TACHIPIRIN FORTE 160 mg / 5 mL SUSPENSION ORAL","Acetaminofen","SUSPENSION ORAL","LABORATORIOS ELMOR, S.A.","E.F.35.671"
"39383","ME39471","TAMOA 250 mg COMPRIMIDOS MASTICABLES","Pirantel","COMPRIMIDOS","BIOTECH LABORATORIOS, C. A.","E.F.39.471"
"39384","ME44195/2","TARVINA 20 mg X 10 TABLETAS RECUBIERTAS","Atorvastatina","TABLETAS","GEMA LABS, C.A.","E.F.44.195"
"39385","ME44195/3","TARVINA 20 mg X 30 TABLETAS RECUBIERTAS","Atorvastatina","TABLETAS","GEMA LABS, C.A.","E.F.44.195"
"39386","ME44196","TARVINA 40 mg X 10 TABLETAS RECUBIERTAS","Atorvastatina","TABLETAS","GEMA LABS, C.A.","E.F.44.196"
"39387","ME28562","TENSOMAX 60 mg X 10 CAPSULAS DE LIBERACION PROLONGADA","Nifedipino","CAPSULAS","LABORATORIOS LETI, S.A.V.","E.F.28.562"
"39388","ME44419/3","TERAGRIPFORTE NOCHE 650mg-4mg X 6 GRANULADO PARA SOLUCION ORAL","Acetaminofen - Clorfeniramina","GRANULADOS","LABORATORIOS FARMA S.A.","E.F.44.419"
"39389","ME44419/2","TERAGRIPFORTE NOCHE 650mg-4mg X 4 GRANULADO PARA SOLUCION ORAL","Acetaminofen - Clorfeniramina","GRANULADOS","LABORATORIOS FARMA S.A.","E.F.44.419"
"39390","ME44419/4","TERAGRIPFORTE NOCHE 650mg-4mg X 10 GRANULADO PARA SOLUCION ORAL","Acetaminofen - Clorfeniramina","GRANULADOS","LABORATORIOS FARMA S.A.","E.F.44.419"
"39391","ME37166","TERAGRIPSUPRA X 10 TABLETAS RECUBIERTAS","Acetaminofen - Dextrometorfano - Pseudoefedrina","TABLETAS","LABORATORIOS FARMA S.A.","E.F.37.166"
"39392","ME38822","TERBINAFINA 1 % CREMA","","CREMA","LABORATORIOS KIMICEG, C.A.","E.F.G.38.822"
"39393","HO43730","TIOCOLCHICOSIDO 4 mg / 2 mL X 12 AMPOLLAS","Tiocolchicosido","INYECTABLE","BIOTECH LABORATORIOS, C. A.","E.F.G.43.730"
"39394","HO37915","TIOCOLCHICOSIDO 4 mg / 2 mL X 12 AMPOLLAS","Tiocolchicosido","INYECTABLE","CALOX INTERNATIONAL, C.A.","E.F.G.37.915"
"39395","ME36574","TOBRAMICINA 0,3 % SOLUCION OFTALMICA","Tobramicina","SOLUCION OFTALMICA","LABORATORIOS L.O. OFTALMI, C.A.","E.F.G.36.574"
"39396","ME28025","TOBRASOL 3 mg / g UNGUENTO OFTALMICO","Tobramicina","UNGUENTO","LABORATORIOS L.O. OFTALMI, C.A.","E.F.28.025"
"39397","ME30908","TRIMETOPRIM/SULFAMETOXASOL 40 mg - 200 mg / 5 mL SUSPENSION","","SUSPENSION ORAL","LABORATORIOS KIMICEG, C.A.","E.F.G.30.908"
"39399","ME43779/3","VALGEM PLUS 160 mg-12,5 mg X 30 TABLETAS RECUBIERTAS","Hidroclorotiazida - Valsartan","TABLETAS","GEMA LABS, C.A.","E.F.43.779"
"39400","ME42451","VALSARTAN 160 mg X 20 CAPSULAS","Valsartan","CAPSULAS","LABORATORIOS SPEFAR VENEZOLANOS, S.A.","E.F.G.42.451"
"39401","ME37747","VALSARTAN CON HIDROCLOROTIAZIDA 160 mg - 12,5 mg COMPRIMIDOS RECUBIERTOS","Hidroclorotiazida - Valsartan","COMPRIMIDOS","LABORATORIOS VARGAS, S.A.","E.F.G.37.747"
"39402","ME38569","VALSARTAN 160 mg CAPSULAS","Valsartan","CAPSULAS","LABORATORIOS KIMICEG, C.A.","E.F.G.38.569"
"39403","ME36230","VALSARTAN-HIDROCLOROTIAZIDA 160 mg-12,5 mg X 30 COMPRIMIDOS RECUBIERTOS","","COMPRIMIDOS","LABORATORIOS LETI, S.A.V.","E.F.G.36.230"
"39404","ME38568","VALSARTAN 80 mg CAPSULAS","Valsartan","CAPSULAS","LABORATORIOS KIMICEG, C.A.","E.F.G.38.568"
"39406","ME37749","VALSARTAN CON HIDROCLOROTIAZIDA 80 mg - 12,5 mg COMPRIMIDOS","Hidroclorotiazida - Valsartan","COMPRIMIDOS","LABORATORIOS VARGAS, S.A.","E.F.G.37.749"
"39407","HO43946","VERALEN P 75 mg / 3 mL X 1 AMPOLLAS","Diclofenaco","INYECTABLE","LABORATORIO COFASA, S.A.","E.F.43.946"
"39409","ME31438","VITADYN C 1 g COMPRIMIDOS EFERVESCENTES SABOR A GRAPEFRUIT X 10 COMPRIMIDOS","Ascorbico Acido","COMPRIMIDOS","LABORATORIOS L.O. OFTALMI, C.A.","E.F.31.438"
"39410","ME31002","VITADYN C 500 mg X 30 TABLETAS MASTICABLES SABOR A FRESA","Ascorbico Acido","TABLETAS","LABORATORIOS L.O. OFTALMI, C.A.","E.F.31.002"
"39411","ME6025/2","VITAMINA B12 250 mcg X 3 CAPSULAS","Cianocobalamina","CAPSULAS","MEGALABS VZL, C.A.","E.F.6.025"
"39413","ME36008","VITAMINA C 50 mg / 5 mL JARABE","Ascorbico Acido","JARABE","LABORATORIOS VARGAS, S.A.","E.F.G.36.008"
"39414","ME28666","YONAL 15 mg / 5 mL SOLUCION ORAL","Dextrometorfano","SOLUCION ORAL","BIOTECH LABORATORIOS, C.A.","E.F.28.666"
"39415","ME42111","YONALAT 15 mg - 3 mg / 5 mL SOLUCION ORAL","Clorfeniramina","SOLUCION ORAL","BIOTECH LABORATORIOS, C.A.","E.F.42.111"
"39417","ME21870","SAX X 10 SOLUCION","","LOCION","BIOTECH LABORATORIOS, C.A.","E.F.21.870"
"39418","ME32679","ACRYLARM 0,2 % GEL OFTALMICO","","GEL","LABORATORIOS POEN S.A.U.","E.F.32.679"
"39419","ME43846","ALBENDAZOL 100 mg / 5 mL SUSPENSIÓN ORAL","Albendazol","SOLUCION ORAL","MOREPEN LABORATORIES LIMITED","E.F.G.43.846"
"39420","ME35027","ALBENDAZOL 200 mg TABLETAS RECUBIERTAS MASTICABLES","Albendazol","TABLETAS","BIOTECH LABORATORIOS, C.A.","E.F.G.35.027"
"39422","ME34071","ALERVAX 120 mg X 10 TABLETAS RECUBIERTAS","Fexofenadina","TABLETAS","PROCAPS, S.A.","E.F.34.071"
"39423","ME31275","AMOXIDUO 750 mg / 5 mL POLVO PARA SUSPENSION ORAL","Amoxicilina","POLVO PARA RECONSTITUCION","ROEMMERS S.A.I.C.F.","E.F.31.275"
"39424","ME34809","ANALPERNAX 250 mg X 10 CAPSULAS","Naproxeno","CAPSULAS","LABORATORIOS LA SANTE, C.A.","E.F.34.809"
"39425","ME41681","ANAPIR 400 mg X 10 CAPSULAS BLANDAS","Ibuprofeno","CAPSULAS","INDUSTRIAS INTERCAPS DE VENEZUELA, C.A.","E.F.41.681"
"39426","ME1482","ANGIOFLUX (SULODEXIDA) 250 LSU X 25 CAPSULAS BLANDAS","Sulodexida","CAPSULAS","CATALENT ITALY S.p.A.","P.B.1.482"
"39427","ME43734","ARIPIPRAZOL 15mg X 30 TABLETAS","Aripiprazol","TABLETAS","JIANGXI SYNERGY PHARMACEUTICAL CO., LTD","E.F.G.43.734"
"39428","ME43632","APIRETFLU 24 HORAS X 6 GRANULADO","Acetaminofen - Cafeina - Clorfenamina - Clorfeniramina","GRANULADOS","LABORATORIOS L.O. OFTALMI, C.A. - LABORATORIOS INNOVA,CA","E.F.43.632"
"39433","ME24736","ATAMEL 120 mg / 5 mL JARABE","Acetaminofen","JARABE","CALOX INTERNATIONAL, C.A. - CALOX INTERNATIONAL, C.A.","E.F.24.736"
"39435","ME37481","ATOVAROL 20 mg X 30 CAPSULAS BLANDAS","Atorvastatina","CAPSULAS","PROCAPS, S.A.","E.F.37.481"
"39439","ME36242","CLOBETASOL PROPIONATO 0,05% UNGUENTO","Clobetasol","UNGUENTO","CALOX DE COSTA RICA S.A.","E.F.G.36.242"
"39440","HO37882","PREDNIDET 500 mg X 1 AMPOLLAS","Metilprednisolona","INYECTABLE","INSTITUTO BIOLOGICO CONTEMPORANEO S.A.","E.F.37.882"
"39441","ME31588","OTALEX 0,2 % - 1 % SUSPENSION OTICA","Ciprofloxacino - Hidrocortisona","SUSPENSION ORAL","MEGALABS URUGUAY S.A.","E.F.31.588"
"39443","ME43578","BIOTALOL HCT 10 mg - 6,25 mg COMPRIMIDOS RECUBIERTOS ","Bisoprolol - Hidroclorotiazida","COMPRIMIDOS","LABORATORIOS LETI, S.A.V.","E.F.43.578"
"39447","ME32168","BRIXIA 0,0 5% SOLUCION OFTALMICA","Azelastina","SOLUCION OFTALMICA","LABORATORIOS POEN S.A.U.","E.F.32.168"
"39448","ME32411","BUDESONIDA 50 mcg / DOSIS SUSPENSION PARA INHALACION ORAL","Budesonida","SUSPENSION ORAL","LABORATORIOS ALDO UNION, S.L. / ESPAÑA","E.F.G.32.411"
"39449","ME43037","HIOSCINA N-BUTILBROMURO 10 mg X 10 TABLETAS RECUBIERTAS","","TABLETAS","JIANGXI XIER KANGTAI PHARMACEUTICAL CO. LTD.","E.F.G.43.037"
"39450","ME44027","NAFAZOLINA CLORHIDRATO 0,012 % SOLUCION OFTALMICA","Nafazolina","SOLUCION OFTALMICA","INDIANA OPHTHALMICS LLP.","E.F.G.44.027"
"39451","ME36249","GYNOTRAN 15%-4% CREMA VAGINAL","Metronidazol - Miconazol","CREMA","CALOX INTERNATIONAL, C.A. / PLANTA GUARENAS","E.F.36.249"
"39452","ME44040","CEFOTAS 250 mg / 5 mL POLVO PARA SUSPENSION ORAL","Cefadroxilo","POLVO PARA RECONSTITUCION","SYNTOFARMA S.A.","E.F.44.040"
"39453","ME44550","CIBROLIP 100 mg X 30 CAPSULAS","","CAPSULAS","INTECH HEALTHCARE","E.F.44.550"
"39454","ME38185","CILOSTAL 100 mg X 30 TABLETAS","Cilostazol","TABLETAS","ALTEA FARMACEUTICA S.A.","E.F.38.185"
"39455","ME40067","CITICOLINA 500 mg X 30 COMPRIMIDOS RECUBIERTOS","Citicolina","COMPRIMIDOS","LABORATORIOS LETI, S.A.V.","E.F.G.40.067"
"39456","ME18142","NASIN 0,05 % SOLUCION NASAL","Oximetazolina","SOLUCION NASAL","LABORATORIOS LETI, S.A.V.","E.F.18.142"
"39457","ME44393","Dolmobrox 15 mg / 5ml Solución Oral ","Dextrometorfano","SOLUCION ORAL","MEGALABS VZL, C.A.","E.F.44.393"
"39458","ME42403","CLINDAMICINA 1% GEL TOPICO","Clindamicina","GEL","LABORATORIOS SPEFAR VENEZOLANOS S.A.","E.F.G.42.403"
"39461","ME34036","SOLUCION PARA DIALISIS PERITONEAL CON DEXTROSA AL 1,5 % BAJA EN MAGNESIO","Citrato Magnesio","LOCION","LABORATORIOS BIOGALENIC, S.A. DE C.V.","E.F.34.036"
"39462","ME35192","CLOTRIMAZOL 2 % CREMA VAGINAL","Clotrimazol","CREMA","LABORATORIOS KIMICEG C.A.","E.F.G.35.192"
"39464","ME31523","CORASPIRINA 81 mg X 100 TABLETAS CON CUBIERTA ENTERICA","Acetilsalicilico Acido","TABLETAS","BAYER HEALTHCARE LLC","E.F.31.523"
"39466","ME37545","ISOTRETINOINA 10 mg X 30 CAPSULAS BLANDAS","Isotretinoina","CAPSULAS","PROCAPS, S.A.","E.F.G.37.545"
"39471","ME37218","MEDIGRIP DIA 500mg - 2mg - 3mg X 10 COMPRIMIDOS","Acetaminofen - Cafeina - Clorfeniramina","COMPRIMIDOS","SM PHARMA, C.A.","E.F.37.218"
"39472","ME37301","DICLOFENAC SODICO 1% GEL","Diclofenaco","GEL","LABORATORIOS VARGAS, S.A.","E.F.G.37.301"
"39473","ME24511","DENCORUB GEL","Alcanfor - Mentol - Salicilato Metilo","GEL","LABORATORIOS PONCE, C.A.","E.F.24.511"
"39474","ME42875","AUTEX 0,1 % CREMA","Mometasona Furoato","CREMA","LABORATORIOS LETI, S.A.V.","E.F.42.875"
"39475","HO26290","DEXAMETASONA 21-FOLATO 4 mg/mL X 10 AMPOLLAS","Dexametasona","INYECTABLE","LABORATORIO FARMACO FARMAHECO S.P.A.","E.F.G.26.290"
"39477","ME39603/2","DESLER M 5 mg - 10 mg X 10 TABLETAS RECUBIERTAS","Desloratadina - Montelukast","TABLETAS","LABORATORIOS LA SANTE, C.A.","E.F.39.603"
"39478","ME33867","MARVELON 28 0,15 mg - 0,03 mg X 21 COMPRIMIDOS","Desogestrel - Etinilestradiol","COMPRIMIDOS","N.V ORGANON","E.F.33.867"
"39479","ME42667","SITAGLIPTINA - METFORMINA CLORHIDRATO 50 mg - 500 mg TABLETAS RECUBIERTAS","Metformina - Sitagliptina","TABLETAS","THEON PHARMACEUTICALS LItd. / INDIA","E.F.G.42.667"
"39480","HO44743","DEXABIOL 4mg / mL X 1 AMPOLLAS","Dexametasona","INYECTABLE","PLICA VACCINES PVT., LTD.","E.F.44.743"
"39481","ME43256","ALBENDAZOL 200 mg / 5 mL SUSPENSION ORAL","Albendazol","SOLUCION ORAL","KWALITY PHARMACEUTICALS Ltd.","E.F.G.43.256"
"39482","MI37540","DICLOFENAC DIETILAMINA 1,16% EMULGEL","Diclofenaco","","LABORATORIOS VARGAS, S.A.","E.F.G.37.540"
"39484","ME43166","IBUVIN 600 mg X 20 CAPSULAS BLANDAS","Ibuprofeno","CAPSULAS","DROMEX S.R.L.","E.F.43.166"
"39485","ME36125","CLOTRIMAZOL - NEOMICINA - DEXAMETASONA 1% - 0,5% - 0.04% X 1 CREMA","Clotrimazol - Dexametasona","CREMA","LABORATORIOS LA SANTE, C.A.","E.F.G.36.125"
"39486","ME43831","LEVODROPROPIZINA 6 mg/ml SOLUCIÓN ORAL","Levodropropizina","SOLUCION ORAL","BIOQUIMICA INTERNACIONAL C.A.","E.F.G.43.831"
"39487","ME24286","DEOXICAL 500 mg X 30 CAPSULAS","Dobesilato De Calcio","CAPSULAS","LABORATORIOS LA SANTE, C.A.","E.F.24.286"
"39488","ME44089","ALIVETOS 3 mg - 15 mg / 5 mL SOLUCIÓN ORAL","Clorfenamina - Dextrometorfano","SOLUCION ORAL","LABORATORIOS LETI, S.A.V.","E.F.44.089"
"39490","ME38932/2","DOLAK 30 mg X 1 COMPRIMIDOS SUBLINGUALES","","COMPRIMIDOS","ESPECIALIDADES DOLLDER, C.A.","E.F.38.932"
"39491","ME38932/3","DOLAK 30 mg X 2 COMPRIMIDOS SUBLINGUALES","","COMPRIMIDOS","ESPECIALIDADES DOLLDER, C.A.","E.F.38.932"
"39492","ME30819","BALSADER GEL TOPICO","Alcanfor - Mentol","GEL","LABORATORIOS KIMICEG, C.A.","E.F.30.819"
"39493","ME43652","DOPRIL 3 mg / mL SOLUCIÓN ORAL","Prednisolona","SOLUCION ORAL","RONALD PHARMACEUTICALS PVT LTD","E.F.43.652"
"39497","ME42647","CLOTRIMAZOL 200 mg X 3 OVULOS VAGINALES","Clotrimazol","OVULOS","BLISS GVS PHARMA LIMITED","E.F.G.42.647"
"39498","ME43797","ELMETACIN-IND 1% SOLUCIÓN TOPICA","Indometacina","SOLUCION TOPICA","NOSCH LABS PVT. LTD. UNIT-II","E.F.43.797"
"39499","ME44466","ELOK 0,1% CREMA","Mometasona Furoato","CREMA","RECKON ORGANICS PVT. LTD.","E.F.44.466"
"39500","ME36507","INSPRA 50 mg X 30 TABLETAS RECUBIERTAS","Eplerenona","TABLETAS","PFIZER PHARMACEUTICALS LLC.","E.F.36.507"
"39501","ME42489","ESOFLUX 20 mg X 30 TABLETAS CON RECUBRIMIENTO ENTERICO","Esomeprazol Magnesico","TABLETAS","DEUTSCHE LABS. INC.","E.F.42.489"
"39504","MI44615","SIEGEXANIA 0,05% EMULSION	","Clobetasol Propionato","INYECTABLE","LABORATORIOS SIEGFRIED S.A.S.","E.F.44.615"
"39496","ME42542","CARBONATO DE CALCIO 750 mg X 20 TABLETAS MASTICABLES SABOR MENTA","","TABLETAS","LABORATORIOS SPEFAR VENEZOLANOS S.A.","E.F.G.42.542"
"39506","ME37839","TERBINAFINA CLORHIDRATO 1 % CREMA","Terbinafina","CREMA","CALOX DE COSTA RICA, S.A.","E.F.G.37.839"
"39510","HO43429","FLUCONAZOL 200 mg / 100 mL SOLUCION PARA INFUSION","Fluconazol","INYECTABLE","HEBEI TIANCHENG PHARMACEUTICALS Co., Ltd.","E.F.G.43.429"
"39511","ME32076","SYMBICORT TURBUHALER 160 mcg - 4,5 mcg / DOSIS X 60 POLVO INHALACION ORAL","Budesonida - Formoterol","POLVO PARA RECONSTITUCION","ASTRAZENECA A.B.","E.F.32.076"
"39512","ME35724","GABICTAL 400 mg X 15 COMPRIMIDOS RECUBIERTOS","Gabapentina","COMPRIMIDOS","MONTE VERDE, S.A.","E.F.35.724"
"39513","ME35723","GABICTAL 300 mg X 30 COMPRIMIDOS RECUBIERTOS","Gabapentina","COMPRIMIDOS","MONTE VERDE, S.A.","E.F.35.723"
"39516","ME31955","GLAUCOTENSIL T  2 % - 0,5 % SOLUCION OFTALMICA","Dorzolamida - Timolol","SOLUCION OFTALMICA","LABORATORIOS POEN S.A.U. y MEGA LABS S.A. / URUGUAY","E.F.31.955"
"39517","ME32507","GLICLAZIDA 80 mg X 20 TABLETAS","Gliclazida","TABLETAS","CALOX INTERNATIONAL, C.A.","E.F.G.32.507"
"39520","ME42581","PEDIALYTE ZINC 60 mEq SOLUCION ELECTROLITICA DE USO ORAL SABOR A UVA X 60 SOLUCION ORAL","Glucosa - Zinc","SOLUCION ORAL","ABBOTT LABORATORIES DE MEXICO, S.A. DE C.V.","E.F.42.581"
"39521","HO41500/2","GLUTANIL AL 20 % X 30 AMPOLLAS","Glutamina","INYECTABLE","LABORATORIO BEHRENS, C.A.","E.F.41.500"
"39522","HO41500/3","GLUTANIL AL 20 % X 60 AMPOLLAS","Glutamina","INYECTABLE","LABORATORIO BEHRENS, C.A.","E.F.41.500"
"39523","HO34920","HIDROCORTISONA 100 mg X 10 AMPOLLAS","Hidrocortisona","INYECTABLE","VITROFARMA S.A","E.F.G.34.920"
"39527","ME21014","ITISONA 0,1 % CREMA","Betametasona","CREMA","LABORATORIOS LA SANTE, C.A.","E.F.21.014"
"39528","ME44524","IVABRADINA 5 mg X 30 TABLETAS RECUBIERTAS","Ivabradina","TABLETAS","ZYDUS LIFESCIENCIES LIMITED (403115)","E.F.G.44.524"
"39529","ME41832","JARIT 100 mg X 30 CAPSULAS BLANDAS","Progesterona","CAPSULAS","PROCAPS, S.A.","E.F.41.832"
"39530","ME37978","KEPPRA 100 mg/mL SOLUCION ORAL","Levetiracetam","SOLUCION ORAL","NEXTPHARMA SAS","E.F.37.978"
"39531","ME26276","KETOCONAZOL 2% CREMA","Ketoconazol","CREMA","LABORATORIOS KIMICEG C.A.","E.F.G.26.276"
"39533","ME28267","KETOMED 2 % CHAMPU","Ketoconazol","CHAMPU","ALTEA FARMACEUTCA S.A.","E.F.28.267"
"39535","ME44412","LAMICTAL 100 mg X 30 TABLETAS DISPERSABLES-MASTICABLES","Lamotrigina","TABLETAS","DELPHARM POZNAN, S.A.","E.F.44.412"
"39538","ME40272","LEVOFERIN 30 mg / 5 mL SOLUCION","Levodropropizina","LOCION","LABORATORIOS VINCENTI, C.A. / VENEZUELA","E.F.40.272"
"39540","ME44316","MAXIFURFORTE 100 mg X 30 CAPSULAS","","CAPSULAS","JIANGXI SYNERGY PHARMACEUTICAL CO., LTD","E.F.44.316"
"39541","ME16930","DEPO - PROVERA 150 mg / mL X 1 AMPOLLAS","Medroxiprogesterona","INYECTABLE","PHARMACIA & UPJHON COMPANY LLC.","E.F.16.930"
"39542","ME43601","MINOXIDIL FORTE 5% SOLUCION TOPICA","Minoxidil","SOLUCION TOPICA","LABORATORIOS LA SANTE, C.A.","E.F.G.43.601"
"39543","ME41549","MITAR 50 mcg / DOSIS SOLUCION PARA INHALACION NASAL","Mometasona","INHALACION","ROEMMERS S.A.I.C.F.","E.F.41.549"
"39545","ME43010","DESLORATADINA - MONTELUKAST 5 mg - 10 mg X 30 TABLETAS RECUBIERTAS","Desloratadina - Montelukast","TABLETAS","MASCOT HEALTH SERIES Pvt. Ltd.","E.F.G.43.010"
"39546","ME43731","MUPIROCINA 2 % UNGUENTO","Mupirocina","UNGUENTO","OHAD PHARMACEUTICALS PVT. LTD","E.F.G.43.731"
"39547","ME44057/3","ACECOL 600 mg X 100 POLVO PARA SOLUCIÓN ORAL","","POLVO PARA RECONSTITUCION","XL LABORATORIES PVT. LTD.","E.F.44.057"
"39548","ME44057/2","ACECOL 600 mg X 10 POLVO PARA SOLUCIÓN ORAL","","POLVO PARA RECONSTITUCION","XL LABORATORIES PVT. LTD.","E.F.44.057"
"39549","ME13354","FANASAL 0,05 % SOLUCION NASAL","Nafazolina","SOLUCION NASAL","LABORATORIO QUIM-FAR, C.A. / VENEZUELA","E.F.13.354"
"39550","ME43190","NEMAX 16% - 6% SOLUCION RECTAL","","LOCION","WEST-COAST PHARMACEUTICAL WORKS Ltd.","E.F.43.190"
"39551","MI44357","FOSFATO DE SODIO MONOBÁSICO 16% - FOSFATO DE SODIO DIBÁSICO 6%","","","AIRELA INDUSTRIA FARMACEUTICA LTDA.","E.F.G.44.357"
"39553","HO39021/3","NEUROALFA X 3 AMPOLLAS","Vitamina B12","INYECTABLE","LABORATORIOS ALFA S.R.L.","E.F.39.021"
"39554","ME34528","NIFEDIPINA 30 mg X 30 CAPSULAS DE LIBERACION PROLONGADA","Nifedipino","CAPSULAS","LABORATORIOS LETI, S.A.V.","E.F.G.34.528"
"39555","HO44444","OMEPRAZOL 40 mg X 10 AMPOLLAS","Omeprazol","INYECTABLE","ZHEJIANG XIANJU PHARMACEUTICAL CO., LTD.  (TAIZHOU)","E.F.G.44.444"
"39556","ME44095","OPRABLU 20 mg X 30 CAPSULAS","Omeprazol","CAPSULAS","OLON S.P.A.  (20024)","E.F.44.095"
"39557","HO44280","OLXAC 40 mg X 1 AMPOLLAS","Omeprazol","INYECTABLE","SHANDONG YUXIN PHARMACEUTICAL, CO. LTD.","E.F.44.280"
"39558","ME43540","PARACETAMOL 120 mg / 5 mL SOLUCIÓN ORAL","Paracetamol","SOLUCION ORAL","MOREPEN LABORATORIES LIMITED","E.F.G.43.540"
"39559","ME44305","BIOTADIN 0,2% SOLUCIÓN OFTALMICA","Olopatadina","SOLUCION OFTALMICA","ARION HEALTHCARE","E.F.44.305"
"39560","ME34819","OPAT 0,1 % SOLUCION OFTALMICA","Olopatadina","SOLUCION OFTALMICA","LABORATORIOS L.O. OFTALMI, C.A.","E.F.34.819"
"39561","ME42565","PATFLUX 40 mg X 1 TABLETAS CON RECUBRIMIENTO ENTERICO","Pantoprazol","TABLETAS","DEUTSCHE LABS. INC.","E.F.42.565"
"39564","ME41980","DUSTALOX 0,5 % SOLUCION OFTALMICA","","SOLUCION OFTALMICA","LABORATORIOS SOPHIA S.A. DE C.V.","E.F.41.980"
"39565","ME31563","POENTOBRAL PLUS 0,3 %- 0,1 % SUSPENSIÓN OFTÁLMICA","Dexametasona - Tobramicina","SUSPENSION ORAL","LABORATORIOS POEN S.A.U.","E.F.31.563"
"39566","ME43937","PREDNISONA 5 mg / 5 mL SOLUCIÓN ORAL","Prednisona","SOLUCION ORAL","MOREPEN LABORATORIES LIMITED","E.F.G.43.937"
"39567","ME44199","PREGATAN 75 mg X 30 CAPSULAS","Pregabalina","CAPSULAS","REMUS PHARMACEUTICALS LTD.","E.F.44.199"
"39570","ME44237","RESECAL 10 mg X 10 POLVO PARA SUSPENSIÓN ORAL","Racecadotrilo","POLVO PARA RECONSTITUCION","COMFAR S.A.E.C.A.","E.F.44.237"
"39571","ME42149","RIFAMIX 550 mg X 10 COMPRIMIDOS RECUBIERTOS","Rifaximina","COMPRIMIDOS","LABORATORIOS LETI, S.A.V.","E.F.42.149"
"39573","ME38530","ESOZ 10 mg X 10 MICROGRANULOS ENTERICOS PARA SUSPENSION ORAL","Esomeprazol Magnesico","SOLUCION ORAL","LABORATORIOS LA SANTE, C.A.","E.F.38.530"
"39575","HO42230","CLORURO DE SODIO 0,9% - GLUCOSA 5% X 10 AMPOLLAS","Glucosa","INYECTABLE","SHIYAO YINHU PHARMACEUTICAL CO., LTD.","E.F.G.42.230"
"39577","ME30785","SILVEDERMA 1 % CREMA","","CREMA","LABORATORIOS ALDO UNION, S.L.","E.F.30.785"
"39581","ME44749","ESLIPEL MET 50mg - 1000 mg X 10 COMPRIMIDOS RECUBIERTOS","Metformina - Sitagliptina","COMPRIMIDOS","LABORATORIO ELEA PHOENIX S.A.","E.F.44.749"
"39582","ME42849","PERMETRINA 5 % LOCION","Permetrina","LOCION","AUROCHEM LABORATORIES (INDIA) Pvt. Ltd.","E.F.G.42.849"
"39583","ME26303","ULCIRAM 1g/5 mL X 20 SUSPENSION ORAL","","SUSPENSION ORAL","LABORATORIOS VARGAS, S.A.","E.F.26.303"
"39584","ME30367","SULTAMICILINA 250 mg/5 ml POLVO PARA SUSPENSION ORAL","","POLVO PARA RECONSTITUCION","CALOX INTERNATIONAL, C.A.","E.F.G.30.367"
"39585","ME43518","SYNARTROS 60 mg X 10 TABLETAS RECUBIERTAS","Etoricoxib","TABLETAS","PRECISE BIOPHARMA PVT LTD","E.F.43.518"
"39586","ME44180","TADAFER 5 mg X 15 TABLETAS RECUBIERTAS","Tadalafilo","TABLETAS","LABORATORIO PLUSANDEX DE FARMACEUTICOS UNIDOS, PLUSANDEX, C.A. - LABORATORIO PLUSANDEX DE FARMACEUTICOS UNIDOS, PLUSANDEX, C.A.","E.F.44.180"
"39587","ME33286","TALERC 10 mg / mL SOLUCION ORAL","Cetirizina","SOLUCION ORAL","ESPECIALIDADES DOLLDER, C.A.","E.F.33.286"
"39590","ME41676","BUCOXOLGAR 0,15 % - 0,25 % SOLUCION TOPICA BUCAL ATOMIZADORA SABOR A MENTA FRESCA","Bencidamina","SOLUCION TOPICA","LABORATORIOS LA SANTE, C.A.","E.F.41.676"
"39592","ME34224","TERBICRYM 1 % CREMA","Terbinafina","CREMA","LABORATORIOS VARGAS, S.A.","E.F.34.224"
"39593","ME43940","TOMYCIN DEX 0,3 % - 0,1 % SUSPENSIÓN OFTÁLMICA","Dexametasona - Tobramicina","SOLUCION OFTALMICA","THE IBN SINA PHARMACEUTICAL INDUSTRY LTD","E.F.43.940"
"39594","ME43863","TOMYCIN 0,3 % SOLUCIÓN OFTALMICA","Tobramicina","SOLUCION OFTALMICA","THE IBN SINA PHARMACEUTICAL INDUSTRY LTD","E.F.43.863"
"39595","ME44362","TOPISEPT 2 % CREMA TÓPICA ","Acido Fusidico Hemihidrato","CREMA","LABORATORIOS SIEGFRIED S.A.S.","E.F.44.362"
"39596","ME44676","TRUSOMIDA 2% SOLUCIÓN OFTÁLMICA","Dorzolamida","SOLUCION OFTALMICA","VITALINE S.A.C.","E.F.44.676"
"39598","ME44209","VERICOLAN 450 mg - 50 mg X 30 TABLETAS RECUBIERTAS","Diosmina - Hesperidina","TABLETAS","LABORATORIO COFASA, S.A.","E.F.44.209"
"39600","ME43973","FLOGAREN 1,16 % GEL","","GEL","COMPAÑIA ANONIMA PRODUCTOS RONAVA","E.F.43.973"
"39602","ME35193","GYNOCLOCIM 2 % CREMA VAGINAL","Clotrimazol","CREMA","LABORATORIOS KIMICEG, C.A.","E.F.35.193"
"39603","ME42702","REHIDROSOL ZINC 60 mEq / L SOLUCION ELECTROLITICA USO ORAL SABOR A MANZANA X 30 SOLUCION ORAL","Zinc","SOLUCION ORAL","LABORATORIO BEHRENS, C.A.","E.F.42.702"