ef,sku,nombre_antes,nombre_despues,forma,frase_quitada,flag
E.F.36.296,ME36296,ABRETIA 10 mg CAPSULAS X 10 capsulas,ABRETIA 10 mg X 10 CAPSULAS,CAPSULAS,CAPSULAS,limpio
E.F.36.437,ME36437,ABRETIA 18 mg CAPSULAS X 10 capsulas,ABRETIA 18 mg X 10 CAPSULAS,CAPSULAS,CAPSULAS,limpio
E.F.36.438,ME36438,ABRETIA 25 mg CAPSULAS X 20 capsulas,ABRETIA 25 mg X 20 CAPSULAS,CAPSULAS,CAPSULAS,limpio
E.F.G.4.629,ME4629/3,ACIDO FOLICO 5 mg COMPRIMIDOS X 20 comprimidos,ACIDO FOLICO 5 mg X 20 COMPRIMIDOS,COMPRIMIDOS,COMPRIMIDOS,limpio
E.F.G.4.629,ME4629/4,ACIDO FOLICO 5 mg COMPRIMIDOS X 30 comprimidos,ACIDO FOLICO 5 mg X 30 COMPRIMIDOS,COMPRIMIDOS,COMPRIMIDOS,limpio
E.F.G.4.629,ME4629/2,ACIDO FOLICO 5 mg COMPRIMIDOS X 10 tabletas,ACIDO FOLICO 5 mg X 10 COMPRIMIDOS,COMPRIMIDOS,COMPRIMIDOS,limpio
E.F.G.43.837,ME43837,ACIDO FOLICO 10 mg TABLETAS X 10 tabletas,ACIDO FOLICO 10 mg X 10 TABLETAS,TABLETAS,TABLETAS,limpio
E.F.G.36.224,ME36224/2,ACIDO FOLICO 10 mg TABLETAS X 10 tabletas,ACIDO FOLICO 10 mg X 10 TABLETAS,TABLETAS,TABLETAS,limpio
E.F.G.36.224,ME36224/3,ACIDO FOLICO 10 mg TABLETAS X 20 tabletas,ACIDO FOLICO 10 mg X 20 TABLETAS,TABLETAS,TABLETAS,limpio
E.F.G.36.224,ME36224/4,ACIDO FOLICO 10 mg TABLETAS X 30 tabletas,ACIDO FOLICO 10 mg X 30 TABLETAS,TABLETAS,TABLETAS,limpio
E.F.G.43.836,ME43836,ACIDO FOLICO 5 mg TABLETAS X 10 tabletas,ACIDO FOLICO 5 mg X 10 TABLETAS,TABLETAS,TABLETAS,limpio
E.F.G.43.094,ME43094,ACIDO IBANDRONICO 150 mg TABLETAS RECUBIERTAS X 1 tabletas,ACIDO IBANDRONICO 150 mg X 1 TABLETAS RECUBIERTAS,TABLETAS,TABLETAS RECUBIERTAS,limpio
E.F.G.43.992,ME43992,ACIDO TRANEXAMICO 500 mg TABLETAS RECUBIERTAS X 10 tabletas,ACIDO TRANEXAMICO 500 mg X 10 TABLETAS RECUBIERTAS,TABLETAS,TABLETAS RECUBIERTAS,limpio
E.F.23.534,ME23534,ACALIX 60 mg TABLETAS X 30 tabletas,ACALIX 60 mg X 30 TABLETAS,TABLETAS,TABLETAS,limpio
E.F.G.42.665,ME42665,ACECLOFENACO 100 mg TABLETAS RECUBIERTAS X 10 dispersable,ACECLOFENACO 100 mg X 10 TABLETAS RECUBIERTAS,TABLETAS,TABLETAS RECUBIERTAS,limpio
E.F.36.867,ME36867,ACETAB 250 mg TABLETAS X 20 tabletas,ACETAB 250 mg X 20 TABLETAS,TABLETAS,TABLETAS,limpio
E.F.G.33.539,ME33539,ACETAMINOFEN 500 COMPRIMIDOS X 10 comprimidos,ACETAMINOFEN 500 X 10 COMPRIMIDOS,COMPRIMIDOS,COMPRIMIDOS,limpio
E.F.G.43.639,ME43639/2,ACETAMINOFEN 650mg TABLETAS X 10 comprimidos,ACETAMINOFEN 650mg X 10 TABLETAS,TABLETAS,TABLETAS,limpio
E.F.G.43.639,ME43639/3,ACETAMINOFEN 650mg TABLETAS X 20 comprimidos,ACETAMINOFEN 650mg X 20 TABLETAS,TABLETAS,TABLETAS,limpio
E.F.G.43.639,ME43639/4,ACETAMINOFEN 650mg TABLETAS X 30 comprimidos,ACETAMINOFEN 650mg X 30 TABLETAS,TABLETAS,TABLETAS,limpio
E.F.G.25.466,ME25466/2,ACETAMINOFEN 500 mg COMPRIMIDOS X 10 oftalmica,ACETAMINOFEN 500 mg X 10 COMPRIMIDOS,COMPRIMIDOS,COMPRIMIDOS,limpio
E.F.G.25.466,ME25466/3,ACETAMINOFEN 500 mg COMPRIMIDOS X 30 oftalmica,ACETAMINOFEN 500 mg X 30 COMPRIMIDOS,COMPRIMIDOS,COMPRIMIDOS,limpio
E.F.G.31.234,ME31234,ACETAMINOFEN 500 mg TABLETAS X 10 tabletas,ACETAMINOFEN 500 mg X 10 TABLETAS,TABLETAS,TABLETAS,limpio
E.F.G.23.275,ME23275/2,ACETAMINOFEN 500 mg TABLETAS X 10 tabletas,ACETAMINOFEN 500 mg X 10 TABLETAS,TABLETAS,TABLETAS,limpio
E.F.G.23.275,ME23275/3,ACETAMINOFEN 500 mg TABLETAS X 12 tabletas,ACETAMINOFEN 500 mg X 12 TABLETAS,TABLETAS,TABLETAS,limpio
E.F.G.23.275,ME23275/4,ACETAMINOFEN 500 mg TABLETAS X 24 tabletas,ACETAMINOFEN 500 mg X 24 TABLETAS,TABLETAS,TABLETAS,limpio
E.F.G.37.101,ME37101/3,ACETAMINOFEN - HIOSCINA N BUTIL BROMURO 500 mg-10mg TABLETAS RE X 20 tabletas,ACETAMINOFEN - HIOSCINA N BUTIL BROMURO 500 mg-10mg X 20 TABLETAS RE,TABLETAS,TABLETAS RE,limpio
E.F.G.37.101,ME37101/2,ACETAMINOFEN - HIOSCINA N BUTIL BROMURO 500 mg-10mg TABLETAS RE X 10 tabletas,ACETAMINOFEN - HIOSCINA N BUTIL BROMURO 500 mg-10mg X 10 TABLETAS RE,TABLETAS,TABLETAS RE,limpio
E.F.G.37.095,ME37095,ACETAMINOFEN 500 mg TABLETAS X 20 tabletas,ACETAMINOFEN 500 mg X 20 TABLETAS,TABLETAS,TABLETAS,limpio
E.F.G.39.115,ME39115,"ACETAMINOFEN - TRAMADOL 325 mg - 37,5 mg COMPRIMIDOS X 10 tabletas","ACETAMINOFEN - TRAMADOL 325 mg - 37,5 mg X 10 COMPRIMIDOS",COMPRIMIDOS,COMPRIMIDOS,limpio
E.F.G.34.148,ME34148/3,ACETAZOLAMIDA 250 mg TABLETAS X 20 tabletas,ACETAZOLAMIDA 250 mg X 20 TABLETAS,TABLETAS,TABLETAS,limpio
E.F.G.34.148,ME34148/2,ACETAZOLAMIDA 250 mg TABLETAS X 10 tabletas,ACETAZOLAMIDA 250 mg X 10 TABLETAS,TABLETAS,TABLETAS,limpio
E.F.30.496,ME30496/2,ACEVAL 650 mg TABLETAS X 10 tabletas,ACEVAL 650 mg X 10 TABLETAS,TABLETAS,TABLETAS,limpio
E.F.30.496,ME30496/3,ACEVAL 650 mg TABLETAS X 50 tabletas,ACEVAL 650 mg X 50 TABLETAS,TABLETAS,TABLETAS,limpio
E.F.31.082,ME31082,ACICLOR 1 g COMPRIMIDOS A.P. X 10 comprimidos,ACICLOR 1 g X 10 COMPRIMIDOS A.P.,COMPRIMIDOS,COMPRIMIDOS A.P.,limpio
P.B.1.046,HO1046,MONARC- M 250 u. 1 vial POLVO LIOFILIZADO PARA SOLUCION INYECTABLE X 1 inyectable,MONARC- M 250 u. 1 X 1 AMPOLLAS,INYECTABLE,vial POLVO LIOFILIZADO PARA SOLUCION INYECTABLE,limpio
E.F.G.26.178,ME26178/3,ACICLOVIR 200 mg TABLETAS X 20 tabletas,ACICLOVIR 200 mg X 20 TABLETAS,TABLETAS,TABLETAS,limpio
E.F.G.26.178,ME26178/2,ACICLOVIR 200 mg TABLETAS X 10 tabletas,ACICLOVIR 200 mg X 10 TABLETAS,TABLETAS,TABLETAS,limpio
E.F.G.26.178,ME26178/4,ACICLOVIR 200 mg TABLETAS X 24 tabletas,ACICLOVIR 200 mg X 24 TABLETAS,TABLETAS,TABLETAS,limpio
E.F.G.31.108,ME31108,ACICLOVIR 200 mg TABLETAS X 25 tabletas,ACICLOVIR 200 mg X 25 TABLETAS,TABLETAS,TABLETAS,limpio
E.F.G.42.505,ME42505,ACICLOVIR 400 mg TABLETAS X 100 tabletas,ACICLOVIR 400 mg X 100 TABLETAS,TABLETAS,TABLETAS,limpio
E.F.G.34.553,ME34553/2,ACIDO ACETILSALICILICO 81 mg TABLETAS CON CUBIERTA ENTERICA X 24 tabletas,ACIDO ACETILSALICILICO 81 mg X 24 TABLETAS CON CUBIERTA ENTERICA,TABLETAS,TABLETAS CON CUBIERTA ENTERICA,limpio
E.F.G.34.553,ME34553/3,ACIDO ACETILSALICILICO 81 mg TABLETAS CON CUBIERTA ENTERICA X 30 tabletas,ACIDO ACETILSALICILICO 81 mg X 30 TABLETAS CON CUBIERTA ENTERICA,TABLETAS,TABLETAS CON CUBIERTA ENTERICA,limpio
E.F.G.3.187,HO3187/3,ACIDO FOLICO 10 mg / mL SOLUCION INYECTABLE X 10 solucion inyectable,ACIDO FOLICO 10 mg / mL X 10 AMPOLLAS,INYECTABLE,SOLUCION INYECTABLE,limpio
E.F.G.3.187,HO3187/2,ACIDO FOLICO 10 mg / mL SOLUCION INYECTABLE X 3 solucion inyectable,ACIDO FOLICO 10 mg / mL X 3 AMPOLLAS,INYECTABLE,SOLUCION INYECTABLE,limpio
E.F.G.3.187,HO3187/4,ACIDO FOLICO 10 mg / mL SOLUCION INYECTABLE X 20 tabletas,ACIDO FOLICO 10 mg / mL X 20 AMPOLLAS,INYECTABLE,SOLUCION INYECTABLE,limpio
E.F.G.4.630,ME4630/3,ACIDO FOLICO 10 mg COMPRIMIDOS X 20 comprimidos,ACIDO FOLICO 10 mg X 20 COMPRIMIDOS,COMPRIMIDOS,COMPRIMIDOS,limpio
E.F.G.4.630,ME4630/4,ACIDO FOLICO 10 mg COMPRIMIDOS X 30 comprimidos,ACIDO FOLICO 10 mg X 30 COMPRIMIDOS,COMPRIMIDOS,COMPRIMIDOS,limpio
E.F.G.4.630,ME4630/2,ACIDO FOLICO 10 mg COMPRIMIDOS X 10 tabletas,ACIDO FOLICO 10 mg X 10 COMPRIMIDOS,COMPRIMIDOS,COMPRIMIDOS,limpio
E.F.G.38.298,ME38298,ACIDO FOLICO 10 mg COMPRIMIDOS X 30 comprimidos,ACIDO FOLICO 10 mg X 30 COMPRIMIDOS,COMPRIMIDOS,COMPRIMIDOS,limpio
E.F.G.33.559,ME33559,ACIDO FOLICO 10 mg TABLETAS X 30 tabletas,ACIDO FOLICO 10 mg X 30 TABLETAS,TABLETAS,TABLETAS,limpio
E.F.G.36.039,ME36039,ACIDO FOLICO 5 mg TABLETAS X 30 tabletas,ACIDO FOLICO 5 mg X 30 TABLETAS,TABLETAS,TABLETAS,limpio
E.F.G.43.542,ME43542,ACIDO MEFENAMICO 500 mg TABLETAS X 10 tabletas,ACIDO MEFENAMICO 500 mg X 10 TABLETAS,TABLETAS,TABLETAS,limpio
E.F.23.174,ME23174/2,VALPRON 500 mg TABLETAS X 10 tabletas,VALPRON 500 mg X 10 TABLETAS,TABLETAS,TABLETAS,limpio
E.F.23.174,ME23174/3,VALPRON 500 mg TABLETAS X 30 tabletas,VALPRON 500 mg X 30 TABLETAS,TABLETAS,TABLETAS,limpio
E.F.23.174,ME23174/4,VALPRON 500 mg TABLETAS X 60 tabletas,VALPRON 500 mg X 60 TABLETAS,TABLETAS,TABLETAS,limpio
E.F.G.38.066,ME38066,ACIDO IBANDRONICO 150 mg TABLETAS RECUBIERTAS X 1 recubierta,ACIDO IBANDRONICO 150 mg X 1 TABLETAS RECUBIERTAS,TABLETAS,TABLETAS RECUBIERTAS,limpio
E.F.44.457,ME44457,"ACTUMIR DUO 12,5mg-850mg  TABLETAS RECUBIERTAS  X 30 recubierta","ACTUMIR DUO 12,5mg-850mg X 30 TABLETAS RECUBIERTAS",TABLETAS,TABLETAS RECUBIERTAS,limpio
E.F.G.34.745,HO34745,ADRENALINA 1 mg / mL SOLUCION INYECTABLE X 5 inyectable,ADRENALINA 1 mg / mL X 5 AMPOLLAS,INYECTABLE,SOLUCION INYECTABLE,limpio
E.F.36.828,ME36828/2,AFLAMAX 50 mg TABLETAS RECUBIERTAS X 10 recubierta,AFLAMAX 50 mg X 10 TABLETAS RECUBIERTAS,TABLETAS,TABLETAS RECUBIERTAS,limpio
E.F.36.828,ME36828/3,AFLAMAX 50 mg TABLETAS RECUBIERTAS X 20 recubierta,AFLAMAX 50 mg X 20 TABLETAS RECUBIERTAS,TABLETAS,TABLETAS RECUBIERTAS,limpio
E.F.27.634,ME27634,AFOKLIN 5 mg COMPRIMIDOS X 20 comprimidos,AFOKLIN 5 mg X 20 COMPRIMIDOS,COMPRIMIDOS,COMPRIMIDOS,limpio
E.F.43.879,ME43879,"AIRCOF PLUS 5 mg - 2,5 mg TABLETAS MASTICABLES X 30 masticable","AIRCOF PLUS 5 mg - 2,5 mg X 30 TABLETAS MASTICABLES",TABLETAS,TABLETAS MASTICABLES,limpio
E.F.43.889,ME43889,AIRCOF 10 mg TABLETAS MASTICABLES X 30 recubierta,AIRCOF 10 mg X 30 TABLETAS MASTICABLES,TABLETAS,TABLETAS MASTICABLES,limpio
E.F.33.783,ME33783/3,AIRON 10 mg TABLETAS RECUBIERTAS X 30 recubierta,AIRON 10 mg X 30 TABLETAS RECUBIERTAS,TABLETAS,TABLETAS RECUBIERTAS,limpio
E.F.33.783,ME33783/2,AIRON 10 mg TABLETAS RECUBIERTAS X 10 tabletas,AIRON 10 mg X 10 TABLETAS RECUBIERTAS,TABLETAS,TABLETAS RECUBIERTAS,limpio
E.F.G.43.288,ME43288,ALBENDAZOL 400 mg TABLETAS MASTICABLES X 10 masticable,ALBENDAZOL 400 mg X 10 TABLETAS MASTICABLES,TABLETAS,TABLETAS MASTICABLES,limpio
E.F.G.40.605,ME40605/2,ALBENDAZOL 200 mg COMPRIMIDOS X 2 tabletas,ALBENDAZOL 200 mg X 2 COMPRIMIDOS,COMPRIMIDOS,COMPRIMIDOS,limpio
E.F.G.40.605,ME40605/3,ALBENDAZOL 200 mg COMPRIMIDOS X 6 tabletas,ALBENDAZOL 200 mg X 6 COMPRIMIDOS,COMPRIMIDOS,COMPRIMIDOS,limpio
E.F.G.34.122,ME34122/2,ALBENDAZOL 200 mg TABLETAS X 2 tabletas,ALBENDAZOL 200 mg X 2 TABLETAS,TABLETAS,TABLETAS,limpio
E.F.G.34.122,ME34122/3,ALBENDAZOL 200 mg TABLETAS X 6 tabletas,ALBENDAZOL 200 mg X 6 TABLETAS,TABLETAS,TABLETAS,limpio
E.F.G.35.827,ME35827,ALBENDAZOL 200 mg TABLETAS MASTICABLES X 6 masticable,ALBENDAZOL 200 mg X 6 TABLETAS MASTICABLES,TABLETAS,TABLETAS MASTICABLES,limpio
E.F.27.447,ME27447/2,ALBICAR 200 mg TABLETAS X 2 tabletas,ALBICAR 200 mg X 2 TABLETAS,TABLETAS,TABLETAS,limpio
E.F.27.447,ME27447/3,ALBICAR 200 mg TABLETAS X 6 tabletas,ALBICAR 200 mg X 6 TABLETAS,TABLETAS,TABLETAS,limpio
E.F.G.32.131,ME32131,ALENDRONATO SODICO 70 mg COMPRIMIDOS X 4 tabletas,ALENDRONATO SODICO 70 mg X 4 COMPRIMIDOS,COMPRIMIDOS,COMPRIMIDOS,limpio
E.F.43.312,ME43312,ALENTIK 70 mg TABLETAS X 4 tabletas,ALENTIK 70 mg X 4 TABLETAS,TABLETAS,TABLETAS,limpio
E.F.42.912,ME42912,ALGIOL 5 mg COMPRIMIDOS RECUBIERTOS X 30 comprimidos,ALGIOL 5 mg X 30 COMPRIMIDOS RECUBIERTOS,COMPRIMIDOS,COMPRIMIDOS RECUBIERTOS,limpio
E.F.16.713,ME16713,ALGOREN 10 mg TABLETAS X 20 tabletas,ALGOREN 10 mg X 20 TABLETAS,TABLETAS,TABLETAS,limpio
E.F.34.716,ME34716,ALIPAL FORTE DIA 650 mg - 32 mg - 4 mg CAPSULAS X 12 capsulas,ALIPAL FORTE DIA 650 mg - 32 mg - 4 mg X 12 CAPSULAS,CAPSULAS,CAPSULAS,limpio
E.F.34.933,ME34933,AMITAFEN FORTE 650 mg TABLETAS X 10 blanda,AMITAFEN FORTE 650 mg X 10 TABLETAS,TABLETAS,TABLETAS,limpio
E.F.43.815,ME43815,"ALIVET 100 mg - 0,42 mg / mL SOLUCIÓN ORAL X 10 recubierta","ALIVET 100 mg - 0,42 mg / mL X 10 SOLUCIÓN ORAL",SOLUCION ORAL,SOLUCIÓN ORAL,limpio
E.F.G.44.004,ME44004,ALOPURINOL 100 mg TABLETAS X 30 tabletas,ALOPURINOL 100 mg X 30 TABLETAS,TABLETAS,TABLETAS,limpio
E.F.33.170,ME33170,"ALPRAM 0,5 mg TABLETAS X 30 tabletas","ALPRAM 0,5 mg X 30 TABLETAS",TABLETAS,TABLETAS,limpio
E.F.33.214,ME33214,ALPRAM 1 mg TABLETAS X 30 tabletas,ALPRAM 1 mg X 30 TABLETAS,TABLETAS,TABLETAS,limpio
E.F.33.171,ME33171,ALPRAM 2 mg TABLETAS X 30 tabletas,ALPRAM 2 mg X 30 TABLETAS,TABLETAS,TABLETAS,limpio
E.F.G.28.860,ME28860,"ALPRAZOLAM 0,5 mg TABLETAS X 30 tabletas","ALPRAZOLAM 0,5 mg X 30 TABLETAS",TABLETAS,TABLETAS,limpio
E.F.G.28.861,ME28861,ALPRAZOLAM 1 mg TABLETAS X 30 tabletas,ALPRAZOLAM 1 mg X 30 TABLETAS,TABLETAS,TABLETAS,limpio
E.F.G.39.231,ME39231,ALPRAZOLAM 2 mg TABLETAS X 30 tabletas,ALPRAZOLAM 2 mg X 30 TABLETAS,TABLETAS,TABLETAS,limpio
E.F.33.085,ME33085/2,ALSART 160 mg CAPSULAS X 10 capsulas,ALSART 160 mg X 10 CAPSULAS,CAPSULAS,CAPSULAS,limpio
E.F.33.085,ME33085/3,ALSART 160 mg CAPSULAS X 30 capsulas,ALSART 160 mg X 30 CAPSULAS,CAPSULAS,CAPSULAS,limpio
E.F.33.084,ME33084/2,ALSART 80 mg CAPSULAS X 10 capsulas,ALSART 80 mg X 10 CAPSULAS,CAPSULAS,CAPSULAS,limpio
E.F.33.084,ME33084/3,ALSART 80 mg CAPSULAS X 30 capsulas,ALSART 80 mg X 30 CAPSULAS,CAPSULAS,CAPSULAS,limpio
E.F.41.242,ME41242,ALURON 300 mg COMPRIMIDOS X 20 comprimidos,ALURON 300 mg X 20 COMPRIMIDOS,COMPRIMIDOS,COMPRIMIDOS,limpio
E.F.16.002,ME16002,ALURON 100 mg TABLETAS X 30 tabletas,ALURON 100 mg X 30 TABLETAS,TABLETAS,TABLETAS,limpio
E.F.44.324,ME44324,AMANIRIS 81 mg COMPRIMIDOS CON CUBIERTA ENTERICA X 30 comprimidos,AMANIRIS 81 mg X 30 COMPRIMIDOS CON CUBIERTA ENTERICA,COMPRIMIDOS,COMPRIMIDOS CON CUBIERTA ENTERICA,limpio
E.F.G.23.247,HO23247,AMIKACINA 500 mg / 2 mL SOLUCION INYECTABLE X 1 solucion inyectable,AMIKACINA 500 mg / 2 mL X 1 AMPOLLAS,INYECTABLE,SOLUCION INYECTABLE,limpio
E.F.G.24.946,HO24946,AMIKACINA 500 mg/2mL SOLUCION INYECTABLE X 1 solucion inyectable,AMIKACINA 500 mg/2mL X 1 AMPOLLAS,INYECTABLE,SOLUCION INYECTABLE,limpio
E.F.G.26.424,HO26424,AMIKACINA 100 mg / 2 mL SOLUCION INYECTABLE X 10 inyectable,AMIKACINA 100 mg / 2 mL X 10 AMPOLLAS,INYECTABLE,SOLUCION INYECTABLE,limpio
E.F.G.31.452,ME31452,AMIODARONA CLORHIDRATO 200 mg COMPRIMIDOS X 10 comprimidos,AMIODARONA CLORHIDRATO 200 mg X 10 COMPRIMIDOS,COMPRIMIDOS,COMPRIMIDOS,limpio
E.F.G.32.403,ME32403,AMIODARONA CLORHIDRATO 200 mg TABLETAS X 10 tabletas,AMIODARONA CLORHIDRATO 200 mg X 10 TABLETAS,TABLETAS,TABLETAS,limpio
E.F.G.30.206,ME30206/3,AMLODIPINA 10 mg COMPRIMIDOS X 30 comprimidos,AMLODIPINA 10 mg X 30 COMPRIMIDOS,COMPRIMIDOS,COMPRIMIDOS,limpio
E.F.G.30.206,ME30206/4,AMLODIPINA 10 mg COMPRIMIDOS X 60 comprimidos,AMLODIPINA 10 mg X 60 COMPRIMIDOS,COMPRIMIDOS,COMPRIMIDOS,limpio
E.F.G.30.206,ME30206/2,AMLODIPINA 10 mg COMPRIMIDOS X 10 tabletas,AMLODIPINA 10 mg X 10 COMPRIMIDOS,COMPRIMIDOS,COMPRIMIDOS,limpio
E.F.G.38.145,ME38145,AMLODIPINA 5 mg COMPRIMIDOS X 30 comprimidos,AMLODIPINA 5 mg X 30 COMPRIMIDOS,COMPRIMIDOS,COMPRIMIDOS,limpio
E.F.G.32.016,ME32016/2,AMLODIPINA 10 mg TABLETAS X 10 tabletas,AMLODIPINA 10 mg X 10 TABLETAS,TABLETAS,TABLETAS,limpio
E.F.G.32.016,ME32016/3,AMLODIPINA 10 mg TABLETAS X 30 tabletas,AMLODIPINA 10 mg X 30 TABLETAS,TABLETAS,TABLETAS,limpio
E.F.G.39.126,ME39126/2,AMLODIPINA 10 mg TABLETAS X 20 tabletas,AMLODIPINA 10 mg X 20 TABLETAS,TABLETAS,TABLETAS,limpio
E.F.G.39.126,ME39126/3,AMLODIPINA 10 mg TABLETAS X 30 tabletas,AMLODIPINA 10 mg X 30 TABLETAS,TABLETAS,TABLETAS,limpio
E.F.G.28.705,ME28705/2,AMLODIPINA 5 mg TABLETAS X 10 tabletas,AMLODIPINA 5 mg X 10 TABLETAS,TABLETAS,TABLETAS,limpio
E.F.G.28.705,ME28705/3,AMLODIPINA 5 mg TABLETAS X 30 tabletas,AMLODIPINA 5 mg X 30 TABLETAS,TABLETAS,TABLETAS,limpio
E.F.G.31.230,ME31230,AMLODIPINA 5 mg TABLETAS X 30 tabletas,AMLODIPINA 5 mg X 30 TABLETAS,TABLETAS,TABLETAS,limpio
E.F.G.40.038,ME40038,AMLODIPINA - VALSARTAN 5 mg - 160 mg COMPRIMIDOS RECUBIERTOS X 30 tabletas,AMLODIPINA - VALSARTAN 5 mg - 160 mg X 30 COMPRIMIDOS RECUBIERTOS,COMPRIMIDOS,COMPRIMIDOS RECUBIERTOS,limpio
E.F.44.341,ME44341,SINOT CLAV 875 mg – 125 mg COMPRIMIDOS X 14 tabletas,SINOT CLAV 875 mg – 125 mg X 14 COMPRIMIDOS,COMPRIMIDOS,COMPRIMIDOS,limpio
E.F.G.43.040,ME43040,AMOXICILINA 500 mg CAPSULAS X 10 capsulas,AMOXICILINA 500 mg X 10 CAPSULAS,CAPSULAS,CAPSULAS,limpio
E.F.G.44.669,ME44669,AMOXICILINA - ACIDO CLAVULANICO 500 mg - 125 mg TABLETAS RECUBIERTAS X 10 capsulas,AMOXICILINA - ACIDO CLAVULANICO 500 mg - 125 mg X 10 TABLETAS RECUBIERTAS,TABLETAS,TABLETAS RECUBIERTAS,limpio
E.F.G.20.340,ME20340/3,AMOXICILINA  500 mg CAPSULAS X 10 capsulas,AMOXICILINA 500 mg X 10 CAPSULAS,CAPSULAS,CAPSULAS,limpio
E.F.G.20.340,ME20340/4,AMOXICILINA  500 mg CAPSULAS X 12 capsulas,AMOXICILINA 500 mg X 12 CAPSULAS,CAPSULAS,CAPSULAS,limpio
E.F.G.20.340,ME20340/2,AMOXICILINA  500 mg CAPSULAS X 6 capsulas,AMOXICILINA 500 mg X 6 CAPSULAS,CAPSULAS,CAPSULAS,limpio
E.F.G.26.817,ME26817,AMOXICILINA 500 mg CAPSULAS X 12 capsulas,AMOXICILINA 500 mg X 12 CAPSULAS,CAPSULAS,CAPSULAS,limpio
E.F.31.313,ME31313,AMOXIDUO 875 mg COMPRIMIDOS RECUBIERTOS X 14 comprimidos,AMOXIDUO 875 mg X 14 COMPRIMIDOS RECUBIERTOS,COMPRIMIDOS,COMPRIMIDOS RECUBIERTOS,limpio
E.F.21.824,ME21824,AMOXIVAL 500 mg CAPSULAS X 12 capsulas,AMOXIVAL 500 mg X 12 CAPSULAS,CAPSULAS,CAPSULAS,limpio
E.F.40.054,ME40054,AMOXIVAL 875 mg TABLETAS RECUBIERTAS X 20 recubierta,AMOXIVAL 875 mg X 20 TABLETAS RECUBIERTAS,TABLETAS,TABLETAS RECUBIERTAS,limpio
E.F.43.076,ME43076,AMPLIDER 50 mg CAPSULAS BLANDAS X 10 capsulas,AMPLIDER 50 mg X 10 CAPSULAS BLANDAS,CAPSULAS,CAPSULAS BLANDAS,limpio
E.F.35.424,ME35424,ANALPER PLUS 500 mg - 10 mg TABLETAS RECUBIERTAS X 10 tabletas,ANALPER PLUS 500 mg - 10 mg X 10 TABLETAS RECUBIERTAS,TABLETAS,TABLETAS RECUBIERTAS,limpio
E.F.42.977,ME42977,ANANTY 650 mg TABLETAS X 10 tabletas,ANANTY 650 mg X 10 TABLETAS,TABLETAS,TABLETAS,limpio
E.F.44.118,ME44118,ANAPIRFLEX 600 mg – 4 mg TABLETAS RECUBIERTAS X 10 tabletas,ANAPIRFLEX 600 mg – 4 mg X 10 TABLETAS RECUBIERTAS,TABLETAS,TABLETAS RECUBIERTAS,limpio
E.F.24.592,ME24592/2,ANASMOL 5 mg COMPRIMIDOS X 10 comprimidos,ANASMOL 5 mg X 10 COMPRIMIDOS,COMPRIMIDOS,COMPRIMIDOS,limpio
E.F.24.592,ME24592/3,ANASMOL 5 mg COMPRIMIDOS X 30 comprimidos,ANASMOL 5 mg X 30 COMPRIMIDOS,COMPRIMIDOS,COMPRIMIDOS,limpio
E.F.G.42.609,ME42609,ANASTROZOL 1 mg TABLETAS RECUBIERTAS X 30 recubierta,ANASTROZOL 1 mg X 30 TABLETAS RECUBIERTAS,TABLETAS,TABLETAS RECUBIERTAS,limpio
E.F.31.329,ME31329/3,ANGRIP COMPRIMIDOS X 8 comprimidos,ANGRIP X 8 COMPRIMIDOS,COMPRIMIDOS,COMPRIMIDOS,limpio
E.F.31.329,ME31329/2,ANGRIP COMPRIMIDOS X 4 comprimidos,ANGRIP X 4 COMPRIMIDOS,COMPRIMIDOS,COMPRIMIDOS,limpio
E.F.31.329,ME31329/4,ANGRIP COMPRIMIDOS X 15 comprimidos,ANGRIP X 15 COMPRIMIDOS,COMPRIMIDOS,COMPRIMIDOS,limpio
E.F.30.811,ME30811,"ANSILAN 0,5 mg COMPRIMIDOS RECUBIERTOS X 30 comprimidos","ANSILAN 0,5 mg X 30 COMPRIMIDOS RECUBIERTOS",COMPRIMIDOS,COMPRIMIDOS RECUBIERTOS,limpio
E.F.30.871,ME30871,ANSILAN 1 mg COMPRIMIDOS RECUBIERTOS X 30 comprimidos,ANSILAN 1 mg X 30 COMPRIMIDOS RECUBIERTOS,COMPRIMIDOS,COMPRIMIDOS RECUBIERTOS,limpio
E.F.41.688,ME41688,ANSILAN 2 mg COMPRIMIDOS RECUBIERTOS X 30 comprimidos,ANSILAN 2 mg X 30 COMPRIMIDOS RECUBIERTOS,COMPRIMIDOS,COMPRIMIDOS RECUBIERTOS,limpio
E.F.43.410,ME43410/3,"ANTAAR 1,25 mg TABLETAS RECUBIERTAS X 30 tabletas","ANTAAR 1,25 mg X 30 TABLETAS RECUBIERTAS",TABLETAS,TABLETAS RECUBIERTAS,limpio
E.F.43.410,ME43410/2,"ANTAAR 1,25 mg TABLETAS RECUBIERTAS X 10 recubierta","ANTAAR 1,25 mg X 10 TABLETAS RECUBIERTAS",TABLETAS,TABLETAS RECUBIERTAS,limpio
E.F.39.619,ME39619,ANTAAR 10 mg TABLETAS RECUBIERTAS X 30 recubierta,ANTAAR 10 mg X 30 TABLETAS RECUBIERTAS,TABLETAS,TABLETAS RECUBIERTAS,limpio
E.F.40.192,ME40192,ANTIFOM 160 mg COMPRIMIDOS RECUBIERTOS X 10 recubierta,ANTIFOM 160 mg X 10 COMPRIMIDOS RECUBIERTOS,COMPRIMIDOS,COMPRIMIDOS RECUBIERTOS,limpio
E.F.40.266,ME40266,ANTILAX PLUS 2 mg - 125 mg CAPSULAS X 10 tabletas,ANTILAX PLUS 2 mg - 125 mg X 10 CAPSULAS,CAPSULAS,CAPSULAS,limpio
E.F.43.225,ME43225,APIRET FORTE 650 mg TABLETAS X 10 tabletas,APIRET FORTE 650 mg X 10 TABLETAS,TABLETAS,TABLETAS,limpio
E.F.43.224,ME43224,APIRET 500 mg TABLETAS X 10 tabletas,APIRET 500 mg X 10 TABLETAS,TABLETAS,TABLETAS,limpio
E.F.42.943,ME42943,APIRETFLU DIA GRANULADO X 6 sobre,APIRETFLU DIA X 6 GRANULADO,GRANULADOS,GRANULADO,limpio
E.F.44.489,ME44489,"APITENA 2,5 mg COMPRIMIDOS RECUBIERTOS X 30 comprimidos","APITENA 2,5 mg X 30 COMPRIMIDOS RECUBIERTOS",COMPRIMIDOS,COMPRIMIDOS RECUBIERTOS,limpio
E.F.43.847,ME43847,APIBLOTAN 5mg TABLETAS RECUBIERTAS X 60 tabletas,APIBLOTAN 5mg X 60 TABLETAS RECUBIERTAS,TABLETAS,TABLETAS RECUBIERTAS,limpio
E.F.42.366,ME42366/3,APLACAL 750 mg TABLETAS MASTICABLES SABOR A BANANA X 80 masticable,APLACAL 750 mg X 80 TABLETAS MASTICABLES SABOR A BANANA,TABLETAS,TABLETAS MASTICABLES SABOR A BANANA,limpio
E.F.42.366,ME42366/2,APLACAL 750 mg TABLETAS MASTICABLES SABOR A BANANA X 10 masticable,APLACAL 750 mg X 10 TABLETAS MASTICABLES SABOR A BANANA,TABLETAS,TABLETAS MASTICABLES SABOR A BANANA,limpio
E.F.43.975,ME43975,APLEXIL 550 mg TABLETAS RECUBIERTAS X 10 recubierta,APLEXIL 550 mg X 10 TABLETAS RECUBIERTAS,TABLETAS,TABLETAS RECUBIERTAS,limpio
E.F.37.211,ME37211/2,"ARANDA 2,5 mg - 50 mg CAPSULAS X 10 capsulas","ARANDA 2,5 mg - 50 mg X 10 CAPSULAS",CAPSULAS,CAPSULAS,limpio
E.F.37.211,ME37211/3,"ARANDA 2,5 mg - 50 mg CAPSULAS X 30 capsulas","ARANDA 2,5 mg - 50 mg X 30 CAPSULAS",CAPSULAS,CAPSULAS,limpio
E.F.37.212,ME37212,ARANDA 5 mg - 100 mg CAPSULAS X 10 capsulas,ARANDA 5 mg - 100 mg X 10 CAPSULAS,CAPSULAS,CAPSULAS,limpio
E.F.41.482,ME41482,ARCOVAL 60 mg TABLETAS RECUBIERTAS X 10 tabletas,ARCOVAL 60 mg X 10 TABLETAS RECUBIERTAS,TABLETAS,TABLETAS RECUBIERTAS,limpio
E.F.41.483,ME41483,ARCOVAL 90 mg TABLETAS RECUBIERTAS X 10 tabletas,ARCOVAL 90 mg X 10 TABLETAS RECUBIERTAS,TABLETAS,TABLETAS RECUBIERTAS,limpio
E.F.40.810,ME40810/3,ARESAN 20 mg TABLETAS RECUBIERTAS X 30 tabletas,ARESAN 20 mg X 30 TABLETAS RECUBIERTAS,TABLETAS,TABLETAS RECUBIERTAS,limpio
E.F.40.810,ME40810/2,ARESAN 20 mg TABLETAS RECUBIERTAS X 10 recubierta,ARESAN 20 mg X 10 TABLETAS RECUBIERTAS,TABLETAS,TABLETAS RECUBIERTAS,limpio
E.F.23.768,ME23768,ARTENOLOL 100 mg TABLETAS X 30 tabletas,ARTENOLOL 100 mg X 30 TABLETAS,TABLETAS,TABLETAS,limpio
E.F.41.487,ME41487/2,ARUDIL 15 mg TABLETAS RECUBIERTAS X 10 tabletas,ARUDIL 15 mg X 10 TABLETAS RECUBIERTAS,TABLETAS,TABLETAS RECUBIERTAS,limpio
E.F.41.487,ME41487/3,ARUDIL 15 mg TABLETAS RECUBIERTAS X 30 tabletas,ARUDIL 15 mg X 30 TABLETAS RECUBIERTAS,TABLETAS,TABLETAS RECUBIERTAS,limpio
E.F.41.488,ME41488/2,ARUDIL 20 mg TABLETAS RECUBIERTAS X 10 recubierta,ARUDIL 20 mg X 10 TABLETAS RECUBIERTAS,TABLETAS,TABLETAS RECUBIERTAS,limpio
E.F.41.488,ME41488/3,ARUDIL 20 mg TABLETAS RECUBIERTAS X 30 recubierta,ARUDIL 20 mg X 30 TABLETAS RECUBIERTAS,TABLETAS,TABLETAS RECUBIERTAS,limpio
E.F.32.453,ME32453/3,ASAPROL 81 mg COMPRIMIDOS ENTERICOS X 100 comprimidos,ASAPROL 81 mg X 100 COMPRIMIDOS ENTERICOS,COMPRIMIDOS,COMPRIMIDOS ENTERICOS,limpio
E.F.32.453,ME32453/2,ASAPROL 81 mg COMPRIMIDOS ENTERICOS X 40 comprimidos,ASAPROL 81 mg X 40 COMPRIMIDOS ENTERICOS,COMPRIMIDOS,COMPRIMIDOS ENTERICOS,limpio
E.F.42.249,ME42249,ASARAP 10 mg COMPRIMIDOS RECUBIERTOS X 30 comprimidos,ASARAP 10 mg X 30 COMPRIMIDOS RECUBIERTOS,COMPRIMIDOS,COMPRIMIDOS RECUBIERTOS,limpio
E.F.42.248,ME42248,ASARAP 15 mg COMPRIMIDOS RECUBIERTOS X 30 recubierta,ASARAP 15 mg X 30 COMPRIMIDOS RECUBIERTOS,COMPRIMIDOS,COMPRIMIDOS RECUBIERTOS,limpio
E.F.42.294,ME42294,ASARAP 20 mg COMPRIMIDOS RECUBIERTOS X 30 recubierta,ASARAP 20 mg X 30 COMPRIMIDOS RECUBIERTOS,COMPRIMIDOS,COMPRIMIDOS RECUBIERTOS,limpio
E.F.31.150,ME31150,ASCAFYL PLUS TABLETAS RECUBIERTAS X 10 grajeas,ASCAFYL PLUS X 10 TABLETAS RECUBIERTAS,TABLETAS,TABLETAS RECUBIERTAS,limpio
E.F.17.492,ME17492,ASCAFYL TABLETAS RECUBIERTAS X 10 tabletas,ASCAFYL X 10 TABLETAS RECUBIERTAS,TABLETAS,TABLETAS RECUBIERTAS,limpio
E.F.38.676,ME38676/2,ASPRINIL 81 mg TABLETAS CON RECUBRIMIENTO ENTERICO X 40 recubierta,ASPRINIL 81 mg X 40 TABLETAS CON RECUBRIMIENTO ENTERICO,TABLETAS,TABLETAS CON RECUBRIMIENTO ENTERICO,limpio
E.F.38.676,ME38676/3,ASPRINIL 81 mg TABLETAS CON RECUBRIMIENTO ENTERICO X 100 recubierta,ASPRINIL 81 mg X 100 TABLETAS CON RECUBRIMIENTO ENTERICO,TABLETAS,TABLETAS CON RECUBRIMIENTO ENTERICO,limpio
E.F.43.710,ME43710,"ASTRIMOL 2,5 mg TABLETAS RECUBIERTAS X 30 recubierta","ASTRIMOL 2,5 mg X 30 TABLETAS RECUBIERTAS",TABLETAS,TABLETAS RECUBIERTAS,limpio
E.F.33.008,ME33008,ATAMEL FORTE 650 mg TABLETAS X 10 tabletas,ATAMEL FORTE 650 mg X 10 TABLETAS,TABLETAS,TABLETAS,limpio
E.F.19.621,ME19621/2,ATAMEL 500 mg TABLETAS X 10 tabletas,ATAMEL 500 mg X 10 TABLETAS,TABLETAS,TABLETAS,limpio
E.F.19.621,ME19621/3,ATAMEL 500 mg TABLETAS X 20 tabletas,ATAMEL 500 mg X 20 TABLETAS,TABLETAS,TABLETAS,limpio
E.F.43.445,ME43445,ATAPEC 100 mg TABLETAS RECUBIERTAS X 30 tabletas,ATAPEC 100 mg X 30 TABLETAS RECUBIERTAS,TABLETAS,TABLETAS RECUBIERTAS,limpio
E.F.G.42.297,ME42297,ATENOLOL 100 mg COMPRIMIDOS X 30 tabletas,ATENOLOL 100 mg X 30 COMPRIMIDOS,COMPRIMIDOS,COMPRIMIDOS,limpio
E.F.G.25.816,ME25816,ATENOLOL 100 mg TABLETAS X 30 tabletas,ATENOLOL 100 mg X 30 TABLETAS,TABLETAS,TABLETAS,limpio
E.F.G.25.817,ME25817,ATENOLOL 50 mg TABLETAS X 30 tabletas,ATENOLOL 50 mg X 30 TABLETAS,TABLETAS,TABLETAS,limpio
E.F.G.25.982,ME25982,ATENOLOL 50 mg COMPRIMIDOS X 30 tabletas,ATENOLOL 50 mg X 30 COMPRIMIDOS,COMPRIMIDOS,COMPRIMIDOS,limpio
E.F.39.468,ME39468/2,ATORVACOF 20 mg TABLETAS RECUBIERTAS X 14 tabletas,ATORVACOF 20 mg X 14 TABLETAS RECUBIERTAS,TABLETAS,TABLETAS RECUBIERTAS,limpio
E.F.39.468,ME39468/3,ATORVACOF 20 mg TABLETAS RECUBIERTAS X 30 tabletas,ATORVACOF 20 mg X 30 TABLETAS RECUBIERTAS,TABLETAS,TABLETAS RECUBIERTAS,limpio
E.F.G.32.690,ME32690/2,ATORVASTATINA 20 mg COMPRIMIDOS RECUBIERTOS X 10 comprimidos,ATORVASTATINA 20 mg X 10 COMPRIMIDOS RECUBIERTOS,COMPRIMIDOS,COMPRIMIDOS RECUBIERTOS,limpio
E.F.G.32.690,ME32690/3,ATORVASTATINA 20 mg COMPRIMIDOS RECUBIERTOS X 14 tabletas,ATORVASTATINA 20 mg X 14 COMPRIMIDOS RECUBIERTOS,COMPRIMIDOS,COMPRIMIDOS RECUBIERTOS,limpio
E.F.G.32.690,ME32690/4,ATORVASTATINA 20 mg COMPRIMIDOS RECUBIERTOS X 30 tabletas,ATORVASTATINA 20 mg X 30 COMPRIMIDOS RECUBIERTOS,COMPRIMIDOS,COMPRIMIDOS RECUBIERTOS,limpio
E.F.G.35.911,ME35911,ATORVASTATINA 40 mg COMPRIMIDOS RECUBIERTOS X 30 comprimidos,ATORVASTATINA 40 mg X 30 COMPRIMIDOS RECUBIERTOS,COMPRIMIDOS,COMPRIMIDOS RECUBIERTOS,limpio
E.F.G.36.444,ME36444,ATORVASTATINA 20 mg TABLETAS RECUBIERTAS X 30 recubierta,ATORVASTATINA 20 mg X 30 TABLETAS RECUBIERTAS,TABLETAS,TABLETAS RECUBIERTAS,limpio
E.F.G.37.775,ME37775,ATORVASTATINA 20 mg TABLETAS RECUBIERTAS X 30 tabletas,ATORVASTATINA 20 mg X 30 TABLETAS RECUBIERTAS,TABLETAS,TABLETAS RECUBIERTAS,limpio
E.F.G.35.340,ME35340/3,ATORVASTATINA 40 mg TABLETAS RECUBIERTAS X 30 tabletas,ATORVASTATINA 40 mg X 30 TABLETAS RECUBIERTAS,TABLETAS,TABLETAS RECUBIERTAS,limpio
E.F.G.35.340,ME35340/2,ATORVASTATINA 40 mg TABLETAS RECUBIERTAS X 14 recubierta,ATORVASTATINA 40 mg X 14 TABLETAS RECUBIERTAS,TABLETAS,TABLETAS RECUBIERTAS,limpio
E.F.G.32.812,ME32812,ATORVASTATINA 20 mg TABLETAS RECUBIERTAS X 30 recubierta,ATORVASTATINA 20 mg X 30 TABLETAS RECUBIERTAS,TABLETAS,TABLETAS RECUBIERTAS,limpio
E.F.30.954,ME30954,ATRIMON 10 mg COMPRIMIDOS X 10 comprimidos,ATRIMON 10 mg X 10 COMPRIMIDOS,COMPRIMIDOS,COMPRIMIDOS,limpio
E.F.G.35.376,HO35376,ATROPINA SULFATO 1 mg / mL SOLUCION INYECTABLE X 10 solucion inyectable,ATROPINA SULFATO 1 mg / mL X 10 AMPOLLAS,INYECTABLE,SOLUCION INYECTABLE,limpio
E.F.36.259,ME36259,ATROVERAN 10mg/mL SOLUCION GOTAS X 10 recubierta,ATROVERAN 10mg/mL X 10 SOLUCION GOTAS,GOTAS,SOLUCION GOTAS,limpio
E.F.44.345,ME44345,ATROVERAN FEM 10mg-200mg COMPRIMIDOS RECUBIERTOS X 10 recubierta,ATROVERAN FEM 10mg-200mg X 10 COMPRIMIDOS RECUBIERTOS,COMPRIMIDOS,COMPRIMIDOS RECUBIERTOS,limpio
E.F.42.005,ME42005,AUPREL 90 mg COMPRIMIDOS RECUBIERTOS X 20 recubierta,AUPREL 90 mg X 20 COMPRIMIDOS RECUBIERTOS,COMPRIMIDOS,COMPRIMIDOS RECUBIERTOS,limpio
E.F.30.878,ME30878,AVELOX 400 mg COMPRIMIDOS RECUBIERTOS X 5 comprimidos,AVELOX 400 mg X 5 COMPRIMIDOS RECUBIERTOS,COMPRIMIDOS,COMPRIMIDOS RECUBIERTOS,limpio
E.F.33.902,ME33902,AXOKINE 400 mg COMPRIMIDOS RECUBIERTOS X 5 recubierta,AXOKINE 400 mg X 5 COMPRIMIDOS RECUBIERTOS,COMPRIMIDOS,COMPRIMIDOS RECUBIERTOS,limpio
E.F.33.685,ME33685/2,AZACARD 81 mg TABLETAS CON CUBIERTA ENTERICA X 30 tabletas,AZACARD 81 mg X 30 TABLETAS CON CUBIERTA ENTERICA,TABLETAS,TABLETAS CON CUBIERTA ENTERICA,limpio
E.F.33.685,ME33685/3,AZACARD 81 mg TABLETAS CON CUBIERTA ENTERICA X 60 tabletas,AZACARD 81 mg X 60 TABLETAS CON CUBIERTA ENTERICA,TABLETAS,TABLETAS CON CUBIERTA ENTERICA,limpio
E.F.33.685,ME33685/4,AZACARD 81 mg TABLETAS CON CUBIERTA ENTERICA X 100 tabletas,AZACARD 81 mg X 100 TABLETAS CON CUBIERTA ENTERICA,TABLETAS,TABLETAS CON CUBIERTA ENTERICA,limpio
E.F.36.378,ME36378/2,AZIMAKROL 1 g COMPRIMIDOS RECUBIERTOS X 2 comprimidos,AZIMAKROL 1 g X 2 COMPRIMIDOS RECUBIERTOS,COMPRIMIDOS,COMPRIMIDOS RECUBIERTOS,limpio
E.F.36.378,ME36378/3,AZIMAKROL 1 g COMPRIMIDOS RECUBIERTOS X 5 recubierta,AZIMAKROL 1 g X 5 COMPRIMIDOS RECUBIERTOS,COMPRIMIDOS,COMPRIMIDOS RECUBIERTOS,limpio
E.F.36.516,ME36516/2,AZITRODEX 500 mg TABLETAS RECUBIERTAS X 3 recubierta,AZITRODEX 500 mg X 3 TABLETAS RECUBIERTAS,TABLETAS,TABLETAS RECUBIERTAS,limpio
E.F.36.516,ME36516/3,AZITRODEX 500 mg TABLETAS RECUBIERTAS X 5 recubierta,AZITRODEX 500 mg X 5 TABLETAS RECUBIERTAS,TABLETAS,TABLETAS RECUBIERTAS,limpio
E.F.G.31.564,ME31564/3,AZITROMICINA 500mg COMPRIMIDOS RECUBIERTOS X 5 comprimidos,AZITROMICINA 500mg X 5 COMPRIMIDOS RECUBIERTOS,COMPRIMIDOS,COMPRIMIDOS RECUBIERTOS,limpio
E.F.G.31.564,ME31564/2,AZITROMICINA 500mg COMPRIMIDOS RECUBIERTOS X 3 tabletas,AZITROMICINA 500mg X 3 COMPRIMIDOS RECUBIERTOS,COMPRIMIDOS,COMPRIMIDOS RECUBIERTOS,limpio
E.F.G.42.465,ME42465,AZITROMICINA 500 mg TABLETAS RECUBIERTAS X 5 tabletas,AZITROMICINA 500 mg X 5 TABLETAS RECUBIERTAS,TABLETAS,TABLETAS RECUBIERTAS,limpio
E.F.G.34.643,ME34643,AZITROMICINA 500 mg TABLETAS RECUBIERTAS X 5 recubierta,AZITROMICINA 500 mg X 5 TABLETAS RECUBIERTAS,TABLETAS,TABLETAS RECUBIERTAS,limpio
E.F.14.109,ME14109,BACTEVAL 250 mg - 50 mg CAPSULAS X 24 capsulas,BACTEVAL 250 mg - 50 mg X 24 CAPSULAS,CAPSULAS,CAPSULAS,limpio
E.F.35.252,ME35252,BACTRON FORTE 160 mg - 800 mg TABLETAS X 10 tabletas,BACTRON FORTE 160 mg - 800 mg X 10 TABLETAS,TABLETAS,TABLETAS,limpio
E.F.18.573,ME18573,BACTRON 80 mg - 400 mg TABLETAS X 20 tabletas,BACTRON 80 mg - 400 mg X 20 TABLETAS,TABLETAS,TABLETAS,limpio
E.F.29.957,HO29957,BEHKACIN 500 mg / 2 mL SOLUCION INYECTABLE X 1 inyectable,BEHKACIN 500 mg / 2 mL X 1 AMPOLLAS,INYECTABLE,SOLUCION INYECTABLE,limpio
E.F.21.687,ME21687,BENDAMEN 100 mg TABLETAS X 6 tabletas,BENDAMEN 100 mg X 6 TABLETAS,TABLETAS,TABLETAS,limpio
E.F.25.332,ME25332,BENFLUX 30 mg TABLETAS X 20 tabletas,BENFLUX 30 mg X 20 TABLETAS,TABLETAS,TABLETAS,limpio
E.F.39.719,ME39719,"BENZODIAZOL 0,25 mg - 5 mg PASTILLAS SABOR A LIMON - MIEL X 16 masticable","BENZODIAZOL 0,25 mg - 5 mg X 16 PASTILLAS SABOR A LIMON - MIEL",PASTILLA,PASTILLAS SABOR A LIMON - MIEL,limpio
E.F.16.799,ME16799,"BENZODIAZOL 0,25 mg - 5 mg PASTILLAS SABOR A MENTA X 16 masticable","BENZODIAZOL 0,25 mg - 5 mg X 16 PASTILLAS SABOR A MENTA",PASTILLA,PASTILLAS SABOR A MENTA,limpio
E.F.33.045,ME33045/2,"BENZODIAZOL 0,25 mg - 5 mg PASTILLAS SABOR A TUTTI FRUTTI X 4 dispersable","BENZODIAZOL 0,25 mg - 5 mg X 4 PASTILLAS SABOR A TUTTI FRUTTI",PASTILLA,PASTILLAS SABOR A TUTTI FRUTTI,limpio
E.F.33.045,ME33045/3,"BENZODIAZOL 0,25 mg - 5 mg PASTILLAS SABOR A TUTTI FRUTTI X 16 tabletas","BENZODIAZOL 0,25 mg - 5 mg X 16 PASTILLAS SABOR A TUTTI FRUTTI",PASTILLA,PASTILLAS SABOR A TUTTI FRUTTI,limpio
E.F.37.878,ME37878,"BETADUO 6,430 mg - 2,631 mg / mL SUSPENSION INYECTABLE X 1 inyectable","BETADUO 6,430 mg - 2,631 mg / mL X 1 AMPOLLAS",INYECTABLE,SUSPENSION INYECTABLE,limpio
E.F.16.114,HO16114,BETAGEN 4 mg / mL SOLUCION INYECTABLE X 1 solucion inyectable,BETAGEN 4 mg / mL X 1 AMPOLLAS,INYECTABLE,SOLUCION INYECTABLE,limpio
E.F.34.949,HO34949,BETAGEN 12 mg / 3 mL SOLUCION INYECTABLE X 1 inyectable,BETAGEN 12 mg / 3 mL X 1 AMPOLLAS,INYECTABLE,SOLUCION INYECTABLE,limpio
E.F.16.115,ME16115,BETAGEN SOLSPEN SUSPENSION INYECTABLE X 1 solucion inyectable,BETAGEN SOLSPEN X 1 AMPOLLAS,INYECTABLE,SUSPENSION INYECTABLE,limpio
E.F.G.38.280,ME38280,BETAHISTINA 16 mg TABLETAS RECUBIERTAS X 20 recubierta,BETAHISTINA 16 mg X 20 TABLETAS RECUBIERTAS,TABLETAS,TABLETAS RECUBIERTAS,limpio
E.F.G.36.271,HO36271/2,BETAMETASONA 4mg/mL SOLUCION INYECTABLE X 1 inyectable,BETAMETASONA 4mg/mL X 1 AMPOLLAS,INYECTABLE,SOLUCION INYECTABLE,limpio
E.F.G.36.271,HO36271/3,BETAMETASONA 4mg/mL SOLUCION INYECTABLE X 10 inyectable,BETAMETASONA 4mg/mL X 10 AMPOLLAS,INYECTABLE,SOLUCION INYECTABLE,limpio
E.F.42.551,ME42551,"BILOL 2,5 mg TABLETAS RECUBIERTAS X 10 recubierta","BILOL 2,5 mg X 10 TABLETAS RECUBIERTAS",TABLETAS,TABLETAS RECUBIERTAS,limpio
E.F.41.747,ME41747,BIOCOR AMLO 20 mg - 5 mg TABLETAS RECUBIERTAS X 30 recubierta,BIOCOR AMLO 20 mg - 5 mg X 30 TABLETAS RECUBIERTAS,TABLETAS,TABLETAS RECUBIERTAS,limpio
E.F.41.748,ME41748,BIOCOR AMLO 40 mg - 5 mg TABLETAS RECUBIERTAS X 30 recubierta,BIOCOR AMLO 40 mg - 5 mg X 30 TABLETAS RECUBIERTAS,TABLETAS,TABLETAS RECUBIERTAS,limpio
E.F.41.691,ME41691,BIOCOR 40 mg TABLETAS RECUBIERTAS X 30 recubierta,BIOCOR 40 mg X 30 TABLETAS RECUBIERTAS,TABLETAS,TABLETAS RECUBIERTAS,limpio
E.F.38.247,ME38247/2,"BIOTALOL 2,5 mg COMPRIMIDOS RECUBIERTOS X 10 recubierta","BIOTALOL 2,5 mg X 10 COMPRIMIDOS RECUBIERTOS",COMPRIMIDOS,COMPRIMIDOS RECUBIERTOS,limpio
E.F.38.247,ME38247/3,"BIOTALOL 2,5 mg COMPRIMIDOS RECUBIERTOS X 30 recubierta","BIOTALOL 2,5 mg X 30 COMPRIMIDOS RECUBIERTOS",COMPRIMIDOS,COMPRIMIDOS RECUBIERTOS,limpio
E.F.42.096,ME42096,"BIOTALOL 1,25 mg COMPRIMIDOS RECUBIERTOS X 30 recubierta","BIOTALOL 1,25 mg X 30 COMPRIMIDOS RECUBIERTOS",COMPRIMIDOS,COMPRIMIDOS RECUBIERTOS,limpio
E.F.38.403,ME38403,BIOTALOL 10 mg COMPRIMIDOS RECUBIERTOS X 30 recubierta,BIOTALOL 10 mg X 30 COMPRIMIDOS RECUBIERTOS,COMPRIMIDOS,COMPRIMIDOS RECUBIERTOS,limpio
E.F.28.126,ME28126,BIPRIN 300 mg CAPSULAS BLANDAS X 10 blanda,BIPRIN 300 mg X 10 CAPSULAS BLANDAS,CAPSULAS,CAPSULAS BLANDAS,limpio
E.F.44.259,ME44259/3,"BIPROLIL HCT 5 mg - 6,25 mg COMPRIMIDOS RECUBIERTOS X 30 recubierta","BIPROLIL HCT 5 mg - 6,25 mg X 30 COMPRIMIDOS RECUBIERTOS",COMPRIMIDOS,COMPRIMIDOS RECUBIERTOS,limpio
E.F.44.259,ME44259/2,"BIPROLIL HCT 5 mg - 6,25 mg COMPRIMIDOS RECUBIERTOS X 15 recubierta","BIPROLIL HCT 5 mg - 6,25 mg X 15 COMPRIMIDOS RECUBIERTOS",COMPRIMIDOS,COMPRIMIDOS RECUBIERTOS,limpio
E.F.G.43.626,ME43626,BISACODILO 5 mg TABLETAS GASTRORRESISTENTES X 10 tabletas,BISACODILO 5 mg X 10 TABLETAS GASTRORRESISTENTES,TABLETAS,TABLETAS GASTRORRESISTENTES,limpio
E.F.G.38.626,ME38626,BISOPROLOL FUMARATO 5 mg TABLETAS RECUBIERTAS X 30 tabletas,BISOPROLOL FUMARATO 5 mg X 30 TABLETAS RECUBIERTAS,TABLETAS,TABLETAS RECUBIERTAS,limpio
E.F.G.39.140,ME39140,"BISOPROLOL FUMARATO 2,5 mg COMPRIMIDOS RECUBIERTOS X 30 comprimidos","BISOPROLOL FUMARATO 2,5 mg X 30 COMPRIMIDOS RECUBIERTOS",COMPRIMIDOS,COMPRIMIDOS RECUBIERTOS,limpio
E.F.G.36.891,ME36891,"BISOPROLOL FUMARATO - HIDROCLOROTIAZIDA 5 mg - 6,25 mg TABLETAS X 30 tabletas","BISOPROLOL FUMARATO - HIDROCLOROTIAZIDA 5 mg - 6,25 mg X 30 TABLETAS",TABLETAS,TABLETAS,limpio
E.F.G.42.421,ME42421,BISOPROLOL FUMARATO 10 mg COMPRIMIDOS RECUBIERTOS X 30 tabletas,BISOPROLOL FUMARATO 10 mg X 30 COMPRIMIDOS RECUBIERTOS,COMPRIMIDOS,COMPRIMIDOS RECUBIERTOS,limpio
E.F.G.43.801,ME43801,BISOPROLOL FUMARATO 10 mg TABLETAS RECUBIERTAS X 30 tabletas,BISOPROLOL FUMARATO 10 mg X 30 TABLETAS RECUBIERTAS,TABLETAS,TABLETAS RECUBIERTAS,limpio
E.F.G.44.328,ME44328,BISOPROLOL FUMARATO 5MG TABLETAS RECUBIERTAS X 30 tabletas,BISOPROLOL FUMARATO 5MG X 30 TABLETAS RECUBIERTAS,TABLETAS,TABLETAS RECUBIERTAS,limpio
E.F.G.43.390,ME43390,"BISOPROLOL FUMARATO 1,25 mg TABLETAS RECUBIERTAS X 15 tabletas","BISOPROLOL FUMARATO 1,25 mg X 15 TABLETAS RECUBIERTAS",TABLETAS,TABLETAS RECUBIERTAS,limpio
E.F.40.147,ME40147/2,"BLOCAX PLUS 16 mg - 12,5 mg TABLETAS X 10 tabletas","BLOCAX PLUS 16 mg - 12,5 mg X 10 TABLETAS",TABLETAS,TABLETAS,limpio
E.F.40.147,ME40147/3,"BLOCAX PLUS 16 mg - 12,5 mg TABLETAS X 30 tabletas","BLOCAX PLUS 16 mg - 12,5 mg X 30 TABLETAS",TABLETAS,TABLETAS,limpio
E.F.41.273,ME41273/2,BLOCAX 8 mg TABLETAS X 10 tabletas,BLOCAX 8 mg X 10 TABLETAS,TABLETAS,TABLETAS,limpio
E.F.41.273,ME41273/3,BLOCAX 8 mg TABLETAS X 30 tabletas,BLOCAX 8 mg X 30 TABLETAS,TABLETAS,TABLETAS,limpio
E.F.22.761,ME22761,BLOKIUM 100 mg COMPRIMIDOS X 30 comprimidos,BLOKIUM 100 mg X 30 COMPRIMIDOS,COMPRIMIDOS,COMPRIMIDOS,limpio
E.F.35.863,ME35863,BRASARTAN 80 mg TABLETAS RECUBIERTAS X 30 capsulas,BRASARTAN 80 mg X 30 TABLETAS RECUBIERTAS,TABLETAS,TABLETAS RECUBIERTAS,limpio
E.F.42.224,ME42224/2,"BRASARTAN CTDN 80 mg - 12,5 mg TABLETAS RECUBIERTAS X 10 recubierta","BRASARTAN CTDN 80 mg - 12,5 mg X 10 TABLETAS RECUBIERTAS",TABLETAS,TABLETAS RECUBIERTAS,limpio
E.F.42.224,ME42224/3,"BRASARTAN CTDN 80 mg - 12,5 mg TABLETAS RECUBIERTAS X 30 recubierta","BRASARTAN CTDN 80 mg - 12,5 mg X 30 TABLETAS RECUBIERTAS",TABLETAS,TABLETAS RECUBIERTAS,limpio
E.F.35.864,ME35864,BRASARTAN 160 mg TABLETAS RECUBIERTAS X 30 recubierta,BRASARTAN 160 mg X 30 TABLETAS RECUBIERTAS,TABLETAS,TABLETAS RECUBIERTAS,limpio
E.F.22.276,ME22276,BREINOX 800 mg TABLETAS X 30 tabletas,BREINOX 800 mg X 30 TABLETAS,TABLETAS,TABLETAS,limpio
E.F.43.812,ME43812/2,BRESIS 600 mg COMPRIMIDOS RECUBIERTOS X 20 recubierta,BRESIS 600 mg X 20 COMPRIMIDOS RECUBIERTOS,COMPRIMIDOS,COMPRIMIDOS RECUBIERTOS,limpio
E.F.43.812,ME43812/3,BRESIS 600 mg COMPRIMIDOS RECUBIERTOS X 30 recubierta,BRESIS 600 mg X 30 COMPRIMIDOS RECUBIERTOS,COMPRIMIDOS,COMPRIMIDOS RECUBIERTOS,limpio
E.F.40.082,ME40082,BROLAT 5 mg - 30 mg TABLETAS X 10 tabletas,BROLAT 5 mg - 30 mg X 10 TABLETAS,TABLETAS,TABLETAS,limpio
E.F.G.31.206,ME31206,BROMAZEPAM 3 mg COMPRIMIDOS X 30 comprimidos,BROMAZEPAM 3 mg X 30 COMPRIMIDOS,COMPRIMIDOS,COMPRIMIDOS,limpio
E.F.G.31.207,ME31207,BROMAZEPAM 6 mg COMPRIMIDOS X 30 comprimidos,BROMAZEPAM 6 mg X 30 COMPRIMIDOS,COMPRIMIDOS,COMPRIMIDOS,limpio
E.F.41.040,ME41040,BRUDOL 200 mg - 65 mg COMPRIMIDOS RECUBIERTOS X 20 recubierta,BRUDOL 200 mg - 65 mg X 20 COMPRIMIDOS RECUBIERTOS,COMPRIMIDOS,COMPRIMIDOS RECUBIERTOS,limpio
E.F.40.856,ME40856,BRUDOL 400 mg - 65 mg COMPRIMIDOS RECUBIERTOS X 20 recubierta,BRUDOL 400 mg - 65 mg X 20 COMPRIMIDOS RECUBIERTOS,COMPRIMIDOS,COMPRIMIDOS RECUBIERTOS,limpio
E.F.19.149,ME19149,BRUGESIC 400 mg COMPRIMIDOS X 10 comprimidos,BRUGESIC 400 mg X 10 COMPRIMIDOS,COMPRIMIDOS,COMPRIMIDOS,limpio
E.F.36.416,ME36416,BRUGESIC FORTE 200 mg / 5 mL SUSPENSION ORAL X 10 recubierta,BRUGESIC FORTE 200 mg / 5 mL X 10 SUSPENSION ORAL,SUSPENSION ORAL,SUSPENSION ORAL,limpio
E.F.40.290,ME40290,BRUGESIC FORTE 800 mg COMPRIMIDOS X 10 comprimidos,BRUGESIC FORTE 800 mg X 10 COMPRIMIDOS,COMPRIMIDOS,COMPRIMIDOS,limpio
E.F.29.895,ME29895,BRUGESIC PLUS 600 mg POLVO PARA SOLUCION ORAL X 10 grajeas,BRUGESIC PLUS 600 mg X 10 POLVO PARA SOLUCION ORAL,POLVO PARA RECONSTITUCION,POLVO PARA SOLUCION ORAL,limpio
E.F.41.132,ME41132,BUCOXOLGAR 3 mg - 1 mg TABLETAS MASTICABLES SABOR A MIEL LIMON X 12 tabletas,BUCOXOLGAR 3 mg - 1 mg X 12 TABLETAS MASTICABLES SABOR A MIEL LIMON,TABLETAS,TABLETAS MASTICABLES SABOR A MIEL LIMON,limpio
E.F.24.616,HO24616,"BUMELEX 0,5 mg / 2 mL SOLUCION INYECTABLE X 3 solucion inyectable","BUMELEX 0,5 mg / 2 mL X 3 AMPOLLAS",INYECTABLE,SOLUCION INYECTABLE,limpio
E.F.22.582,ME22582/3,BUMELEX 1 mg COMPRIMIDOS X 30 comprimidos,BUMELEX 1 mg X 30 COMPRIMIDOS,COMPRIMIDOS,COMPRIMIDOS,limpio
E.F.22.582,ME22582/2,BUMELEX 1 mg COMPRIMIDOS X 16 comprimidos,BUMELEX 1 mg X 16 COMPRIMIDOS,COMPRIMIDOS,COMPRIMIDOS,limpio
E.F.32.358,ME32358,BUMETIN RETARD 300 mg TABLETAS DE LIBERACION PROLONGADA X 20 tabletas,BUMETIN RETARD 300 mg X 20 TABLETAS DE LIBERACION PROLONGADA,TABLETAS,TABLETAS DE LIBERACION PROLONGADA,limpio
E.F.43.035,ME43035/3,BUTAL 8 mg TABLETAS RECUBIERTAS X 20 recubierta,BUTAL 8 mg X 20 TABLETAS RECUBIERTAS,TABLETAS,TABLETAS RECUBIERTAS,limpio
E.F.43.035,ME43035/2,BUTAL 8 mg TABLETAS RECUBIERTAS X 10 tabletas,BUTAL 8 mg X 10 TABLETAS RECUBIERTAS,TABLETAS,TABLETAS RECUBIERTAS,limpio
E.F.23.141,ME23141,BUTILAMINA COMPUESTA 10 mg - 250 mg TABLETAS RECUBIERTAS X 20 recubierta,BUTILAMINA COMPUESTA 10 mg - 250 mg X 20 TABLETAS RECUBIERTAS,TABLETAS,TABLETAS RECUBIERTAS,limpio
E.F.37.532,ME37532,"CABERTRIX 0,5 mg COMPRIMIDOS X 4 comprimidos","CABERTRIX 0,5 mg X 4 COMPRIMIDOS",COMPRIMIDOS,COMPRIMIDOS,limpio
E.F.30.197,ME30197,CALCIBON 200 mg TABLETAS RECUBIERTOS X 30 tabletas,CALCIBON 200 mg X 30 TABLETAS RECUBIERTOS,TABLETAS,TABLETAS RECUBIERTOS,limpio
E.F.G.42.932,ME42932/4,VITAMINA C - ZINC 500 mg - 15 mg TABLETAS MASTICABLES SABOR A MANDARINA X 60 capsulas,VITAMINA C - ZINC 500 mg - 15 mg X 60 TABLETAS MASTICABLES SABOR A MANDARINA,TABLETAS,TABLETAS MASTICABLES SABOR A MANDARINA,limpio
E.F.G.42.932,ME42932/3,VITAMINA C - ZINC 500 mg - 15 mg TABLETAS MASTICABLES SABOR A MANDARINA X 30 tabletas,VITAMINA C - ZINC 500 mg - 15 mg X 30 TABLETAS MASTICABLES SABOR A MANDARINA,TABLETAS,TABLETAS MASTICABLES SABOR A MANDARINA,limpio
E.F.G.42.932,ME42932/2,VITAMINA C - ZINC 500 mg - 15 mg TABLETAS MASTICABLES SABOR A MANDARINA X 10 tabletas,VITAMINA C - ZINC 500 mg - 15 mg X 10 TABLETAS MASTICABLES SABOR A MANDARINA,TABLETAS,TABLETAS MASTICABLES SABOR A MANDARINA,limpio
E.F.34.121,ME34121,CALCITREX D3 950 mg - 200 UI TABLETAS X 30 tabletas,CALCITREX D3 950 mg - 200 UI X 30 TABLETAS,TABLETAS,TABLETAS,limpio
E.F.30.823,ME30823/2,CALMOX 15 mg TABLETAS X 10 tabletas,CALMOX 15 mg X 10 TABLETAS,TABLETAS,TABLETAS,limpio
E.F.30.823,ME30823/3,CALMOX 15 mg TABLETAS X 20 tabletas,CALMOX 15 mg X 20 TABLETAS,TABLETAS,TABLETAS,limpio
E.F.30.822,ME30822,"CALMOX 7,5 mg TABLETAS X 10 tabletas","CALMOX 7,5 mg X 10 TABLETAS",TABLETAS,TABLETAS,limpio
E.F.36.763,ME36763/2,CALOXPIRINA 81 mg TABLETAS ENTERICAS X 30 tabletas,CALOXPIRINA 81 mg X 30 TABLETAS ENTERICAS,TABLETAS,TABLETAS ENTERICAS,limpio
E.F.36.763,ME36763/3,CALOXPIRINA 81 mg TABLETAS ENTERICAS X 100 tabletas,CALOXPIRINA 81 mg X 100 TABLETAS ENTERICAS,TABLETAS,TABLETAS ENTERICAS,limpio
E.F.25.320,ME25320,CAMPAL 50 mg TABLETAS ENTERICAS X 20 grajeas,CAMPAL 50 mg X 20 TABLETAS ENTERICAS,TABLETAS,TABLETAS ENTERICAS,limpio
E.F.40.363,ME40363/3,"CANDER HCT 16 mg - 12,5 mg TABLETAS X 30 tabletas","CANDER HCT 16 mg - 12,5 mg X 30 TABLETAS",TABLETAS,TABLETAS,limpio
E.F.40.363,ME40363/2,"CANDER HCT 16 mg - 12,5 mg TABLETAS X 10 tabletas","CANDER HCT 16 mg - 12,5 mg X 10 TABLETAS",TABLETAS,TABLETAS,limpio
E.F.41.061,ME41061/3,CANDER 32 mg TABLETAS X 30 tabletas,CANDER 32 mg X 30 TABLETAS,TABLETAS,TABLETAS,limpio
E.F.41.061,ME41061/2,CANDER 32 mg TABLETAS X 15 tabletas,CANDER 32 mg X 15 TABLETAS,TABLETAS,TABLETAS,limpio
E.F.37.346,ME37346/2,CANDER 8 mg TABLETAS X 10 tabletas,CANDER 8 mg X 10 TABLETAS,TABLETAS,TABLETAS,limpio
E.F.37.346,ME37346/3,CANDER 8 mg TABLETAS X 30 tabletas,CANDER 8 mg X 30 TABLETAS,TABLETAS,TABLETAS,limpio
E.F.G.43.971,ME43971,CANDESARTAN CILEXETILO 16 mg COMPRIMIDOS X 10 comprimidos,CANDESARTAN CILEXETILO 16 mg X 10 COMPRIMIDOS,COMPRIMIDOS,COMPRIMIDOS,limpio
E.F.G.32.214,ME32214/2,CANDESARTAN 8 mg COMPRIMIDOS X 10 comprimidos,CANDESARTAN 8 mg X 10 COMPRIMIDOS,COMPRIMIDOS,COMPRIMIDOS,limpio
E.F.G.32.214,ME32214/3,CANDESARTAN 8 mg COMPRIMIDOS X 30 comprimidos,CANDESARTAN 8 mg X 30 COMPRIMIDOS,COMPRIMIDOS,COMPRIMIDOS,limpio
E.F.G.35.007,ME35007/3,CANDESARTAN CILEXETIL 16 mg TABLETAS X 28 recubierta,CANDESARTAN CILEXETIL 16 mg X 28 TABLETAS,TABLETAS,TABLETAS,limpio
E.F.G.35.007,ME35007/2,CANDESARTAN CILEXETIL 16 mg TABLETAS X 10 tabletas,CANDESARTAN CILEXETIL 16 mg X 10 TABLETAS,TABLETAS,TABLETAS,limpio
E.F.G.35.007,ME35007/4,CANDESARTAN CILEXETIL 16 mg TABLETAS X 30 tabletas,CANDESARTAN CILEXETIL 16 mg X 30 TABLETAS,TABLETAS,TABLETAS,limpio
E.F.G.35.006,ME35006,CANDESARTAN CILEXETIL 8 mg TABLETAS X 28 recubierta,CANDESARTAN CILEXETIL 8 mg X 28 TABLETAS,TABLETAS,TABLETAS,limpio
E.F.G.37.841,ME37841,CANDESARTAN 8 mg TABLETAS X 30 tabletas,CANDESARTAN 8 mg X 30 TABLETAS,TABLETAS,TABLETAS,limpio
E.F.42.861,ME42861,CANDETIQUE 16 mg TABLETAS X 30 tabletas,CANDETIQUE 16 mg X 30 TABLETAS,TABLETAS,TABLETAS,limpio
E.F.40.335,ME40335,CANFIR 500 mg COMPRIMIDOS RECUBIERTOS DE LIBERACION PROLONGADA X 30 comprimidos,CANFIR 500 mg X 30 COMPRIMIDOS RECUBIERTOS DE LIBERACION PROLONGADA,COMPRIMIDOS,COMPRIMIDOS RECUBIERTOS DE LIBERACION PROLONGADA,limpio
E.F.43.829,ME43829,CANTIP 16 mg COMPRIMIDOS X 30 comprimidos,CANTIP 16 mg X 30 COMPRIMIDOS,COMPRIMIDOS,COMPRIMIDOS,limpio
E.F.43.828,ME43828,CANTIP 8 mg COMPRIMIDOS X 30 comprimidos,CANTIP 8 mg X 30 COMPRIMIDOS,COMPRIMIDOS,COMPRIMIDOS,limpio
E.F.G.25.978,ME25978/3,CAPTOPRIL 25 mg COMPRIMIDOS X 30 comprimidos,CAPTOPRIL 25 mg X 30 COMPRIMIDOS,COMPRIMIDOS,COMPRIMIDOS,limpio
E.F.G.25.978,ME25978/2,CAPTOPRIL 25 mg COMPRIMIDOS X 20 tabletas,CAPTOPRIL 25 mg X 20 COMPRIMIDOS,COMPRIMIDOS,COMPRIMIDOS,limpio
E.F.G.25.738,ME25738/2,CAPTOPRIL 25 mg TABLETAS X 20 tabletas,CAPTOPRIL 25 mg X 20 TABLETAS,TABLETAS,TABLETAS,limpio
E.F.G.25.738,ME25738/3,CAPTOPRIL 25 mg TABLETAS X 30 tabletas,CAPTOPRIL 25 mg X 30 TABLETAS,TABLETAS,TABLETAS,limpio
E.F.G.25.737,ME25737,CAPTOPRIL 50 mg TABLETAS X 30 tabletas,CAPTOPRIL 50 mg X 30 TABLETAS,TABLETAS,TABLETAS,limpio
E.F.G.27.075,ME27075,CARBAMAZEPINA 200 mg COMPRIMIDOS X 30 comprimidos,CARBAMAZEPINA 200 mg X 30 COMPRIMIDOS,COMPRIMIDOS,COMPRIMIDOS,limpio
E.F.G.24.815,ME24815/4,CARBAMAZEPINA 200 mg COMPRIMIDOS X 30 comprimidos,CARBAMAZEPINA 200 mg X 30 COMPRIMIDOS,COMPRIMIDOS,COMPRIMIDOS,limpio
E.F.G.24.815,ME24815/2,CARBAMAZEPINA 200 mg COMPRIMIDOS X 10 tabletas,CARBAMAZEPINA 200 mg X 10 COMPRIMIDOS,COMPRIMIDOS,COMPRIMIDOS,limpio
E.F.G.24.815,ME24815/3,CARBAMAZEPINA 200 mg COMPRIMIDOS X 20 tabletas,CARBAMAZEPINA 200 mg X 20 COMPRIMIDOS,COMPRIMIDOS,COMPRIMIDOS,limpio
E.F.G.28.957,ME28957,CARBAMAZEPINA 200 mg TABLETAS X 30 tabletas,CARBAMAZEPINA 200 mg X 30 TABLETAS,TABLETAS,TABLETAS,limpio
E.F.G.43.783,ME43783,CARBAMAZEPINA 200 mg TABLETAS X 30 tabletas,CARBAMAZEPINA 200 mg X 30 TABLETAS,TABLETAS,TABLETAS,limpio
E.F.G.43.998,ME43998,CARBAMAZEPINA 400 mg TABLETAS X 30 tabletas,CARBAMAZEPINA 400 mg X 30 TABLETAS,TABLETAS,TABLETAS,limpio
E.F.33.422,ME33422/3,"CARBATIL 12,5 mg TABLETAS X 30 tabletas","CARBATIL 12,5 mg X 30 TABLETAS",TABLETAS,TABLETAS,limpio
E.F.33.422,ME33422/2,"CARBATIL 12,5 mg TABLETAS X 10 tabletas","CARBATIL 12,5 mg X 10 TABLETAS",TABLETAS,TABLETAS,limpio
E.F.33.523,ME33523,"CARBATIL 6,25 mg TABLETAS X 30 tabletas","CARBATIL 6,25 mg X 30 TABLETAS",TABLETAS,TABLETAS,limpio
E.F.G.32.430,ME32430,CARBONATO DE LITIO 300 mg CAPSULAS X 20 capsulas,CARBONATO DE LITIO 300 mg X 20 CAPSULAS,CAPSULAS,CAPSULAS,limpio
P.F.G.1.642,ME1642,CARBONATO DE LITIO 300 mg CAPSULAS X 20 tabletas,CARBONATO DE LITIO 300 mg X 20 CAPSULAS,CAPSULAS,CAPSULAS,limpio
E.F.31.896,ME31896,CARDIPIRINA 80 mg CAPSULAS CON MICROGRANULOS CON CUBIERTA ENTERICA X 30 capsulas,CARDIPIRINA 80 mg X 30 CAPSULAS CON MICROGRANULOS CON CUBIERTA ENTERICA,CAPSULAS,CAPSULAS CON MICROGRANULOS CON CUBIERTA ENTERICA,limpio
E.F.39.963,ME39963,CARIBAN 10 mg-10 mg COMPRIMIDOS ENTERICOS X 30 recubierta,CARIBAN 10 mg-10 mg X 30 COMPRIMIDOS ENTERICOS,COMPRIMIDOS,COMPRIMIDOS ENTERICOS,limpio
E.F.33.780,ME33780,"CARVEDIL 12,5 mg TABLETAS RECUBIERTAS X 30 tabletas","CARVEDIL 12,5 mg X 30 TABLETAS RECUBIERTAS",TABLETAS,TABLETAS RECUBIERTAS,limpio
E.F.33.806,ME33806,"CARVEDIL 6,25 mg TABLETAS RECUBIERTAS X 30 tabletas","CARVEDIL 6,25 mg X 30 TABLETAS RECUBIERTAS",TABLETAS,TABLETAS RECUBIERTAS,limpio
E.F.G.31.747,ME31747,"CARVEDILOL 12,5 mg COMPRIMIDOS X 30 comprimidos","CARVEDILOL 12,5 mg X 30 COMPRIMIDOS",COMPRIMIDOS,COMPRIMIDOS,limpio
E.F.G.38.916,ME38916/3,"CARVEDILOL 6,5mg TABLETAS X 15 comprimidos","CARVEDILOL 6,5mg X 15 TABLETAS",TABLETAS,TABLETAS,limpio
E.F.G.38.916,ME38916/6,"CARVEDILOL 6,5mg TABLETAS X 30 comprimidos","CARVEDILOL 6,5mg X 30 TABLETAS",TABLETAS,TABLETAS,limpio
E.F.G.38.916,ME38916/4,"CARVEDILOL 6,5mg TABLETAS X 20 tabletas","CARVEDILOL 6,5mg X 20 TABLETAS",TABLETAS,TABLETAS,limpio
E.F.G.38.916,ME38916/2,"CARVEDILOL 6,5mg TABLETAS X 14 recubierta","CARVEDILOL 6,5mg X 14 TABLETAS",TABLETAS,TABLETAS,limpio
E.F.G.38.916,ME38916/5,"CARVEDILOL 6,5mg TABLETAS X 28 recubierta","CARVEDILOL 6,5mg X 28 TABLETAS",TABLETAS,TABLETAS,limpio
E.F.G.31.748,ME31748/3,CARVEDILOL 25 mg COMPRIMIDOS X 30 comprimidos,CARVEDILOL 25 mg X 30 COMPRIMIDOS,COMPRIMIDOS,COMPRIMIDOS,limpio
E.F.G.31.748,ME31748/2,CARVEDILOL 25 mg COMPRIMIDOS X 15 comprimidos,CARVEDILOL 25 mg X 15 COMPRIMIDOS,COMPRIMIDOS,COMPRIMIDOS,limpio
E.F.G.35.572,ME35572/3,"CARVEDILOL 6,25 mg TABLETAS RECUBIERTAS X 30 tabletas","CARVEDILOL 6,25 mg X 30 TABLETAS RECUBIERTAS",TABLETAS,TABLETAS RECUBIERTAS,limpio
E.F.G.35.572,ME35572/2,"CARVEDILOL 6,25 mg TABLETAS RECUBIERTAS X 20 tabletas","CARVEDILOL 6,25 mg X 20 TABLETAS RECUBIERTAS",TABLETAS,TABLETAS RECUBIERTAS,limpio
E.F.G.36.321,ME36321/2,CARVEDILOL 25 mg TABLETAS RECUBIERTAS X 14 recubierta,CARVEDILOL 25 mg X 14 TABLETAS RECUBIERTAS,TABLETAS,TABLETAS RECUBIERTAS,limpio
E.F.G.36.321,ME36321/3,CARVEDILOL 25 mg TABLETAS RECUBIERTAS X 28 recubierta,CARVEDILOL 25 mg X 28 TABLETAS RECUBIERTAS,TABLETAS,TABLETAS RECUBIERTAS,limpio
E.F.23.270,ME23270,CEBION 1 g TABLETAS EFERVESCENTES SABOR A NARANJA X 10 tabletas,CEBION 1 g X 10 TABLETAS EFERVESCENTES SABOR A NARANJA,TABLETAS,TABLETAS EFERVESCENTES SABOR A NARANJA,limpio
E.F.G.30.368,ME30368,CEFADROXILO 500 mg CAPSULAS X 10 capsulas,CEFADROXILO 500 mg X 10 CAPSULAS,CAPSULAS,CAPSULAS,limpio
E.F.G.27.532,ME27532,CEFADROXILO 500 mg CAPSULAS X 10 capsulas,CEFADROXILO 500 mg X 10 CAPSULAS,CAPSULAS,CAPSULAS,limpio
E.F.G.28.103,ME28103,CEFADROXILO 500 mg CAPSULAS X 10 capsulas,CEFADROXILO 500 mg X 10 CAPSULAS,CAPSULAS,CAPSULAS,limpio
E.F.G.42.857,ME42857,CEFADROXILO 500 mg TABLETAS X 10 tabletas,CEFADROXILO 500 mg X 10 TABLETAS,TABLETAS,TABLETAS,limpio
E.F.G.25.482,HO25482,CEFALOTINA 1 g INYECTABLE X 10 inyectable,CEFALOTINA 1 g X 10 AMPOLLAS,INYECTABLE,INYECTABLE,limpio
E.F.G.44.435,HO44435,CEFAZOLINA 1g POLVO PARA SOLUCIÓN INYECTABLE X 10 inyectable,CEFAZOLINA 1g X 10 AMPOLLAS,INYECTABLE,POLVO PARA SOLUCIÓN INYECTABLE,limpio
E.F.G.40.533,ME40533,CEFIXIMA 400 mg CAPSULAS X 5 capsulas,CEFIXIMA 400 mg X 5 CAPSULAS,CAPSULAS,CAPSULAS,limpio
E.F.G.44.329,ME44329,CEFIXIMA 400 mg TABLETAS RECUBIERTAS X 5 tabletas,CEFIXIMA 400 mg X 5 TABLETAS RECUBIERTAS,TABLETAS,TABLETAS RECUBIERTAS,limpio
E.F.G.44.129,ME44129,CEFIXIMA 400 mg TABLETAS DISPERSABLES   X 10 tabletas,CEFIXIMA 400 mg X 10 TABLETAS DISPERSABLES,TABLETAS,TABLETAS DISPERSABLES,limpio
E.F.27.816,ME27816,CEFONAX 500 mg CAPSULAS X 16 capsulas,CEFONAX 500 mg X 16 CAPSULAS,CAPSULAS,CAPSULAS,limpio
E.F.G.43.171,HO43171,"CEFOPERAZONA - SULBACTAM 1 g - 0,5 g POLVO PARA SOLUCION INYECTABLE X 1 solucion","CEFOPERAZONA - SULBACTAM 1 g - 0,5 g X 1 AMPOLLAS",INYECTABLE,POLVO PARA SOLUCION INYECTABLE,limpio
E.F.43.917,ME43917,CEFOTAS 500 mg CAPSULAS X 20 capsulas,CEFOTAS 500 mg X 20 CAPSULAS,CAPSULAS,CAPSULAS,limpio
E.F.G.33.864,HO33864,CEFTRIAXONA 1 g POLVO PARA SOLUCION INYECTABLE X 1 solucion inyectable,CEFTRIAXONA 1 g X 1 AMPOLLAS,INYECTABLE,POLVO PARA SOLUCION INYECTABLE,limpio
E.F.G.41.586,ME41586,CELECOXIB 200 mg CAPSULAS X 10 capsulas,CELECOXIB 200 mg X 10 CAPSULAS,CAPSULAS,CAPSULAS,limpio
E.F.44.307,ME44307,"CELESTREN 0,075 mg TABLETAS RECUBIERTAS X 28 tabletas","CELESTREN 0,075 mg X 28 TABLETAS RECUBIERTAS",TABLETAS,TABLETAS RECUBIERTAS,limpio
E.F.G.31.148,ME31148,CETIRIZINA DICLORHIDRATO 10 mg TABLETAS RECUBIERTAS X 10 blanda,CETIRIZINA DICLORHIDRATO 10 mg X 10 TABLETAS RECUBIERTAS,TABLETAS,TABLETAS RECUBIERTAS,limpio
E.F.G.42.717,ME42717,CETIRIZINA CLORHIDRATO 10 mg TABLETAS RECUBIERTAS X 10 tabletas,CETIRIZINA CLORHIDRATO 10 mg X 10 TABLETAS RECUBIERTAS,TABLETAS,TABLETAS RECUBIERTAS,limpio
E.F.G.27.761,ME27761,CETIRIZINA 10 mg COMPRIMIDOS RECUBIERTOS X 10 comprimidos,CETIRIZINA 10 mg X 10 COMPRIMIDOS RECUBIERTOS,COMPRIMIDOS,COMPRIMIDOS RECUBIERTOS,limpio
E.F.29.095,ME29095,CETRAL 10 mg TABLETAS X 10 tabletas,CETRAL 10 mg X 10 TABLETAS,TABLETAS,TABLETAS,limpio
E.F.G.33.334,ME33334/2,VITAMINA C 500 mg TABLETAS MASTICABLES SABOR A PIÑA X 15 blanda,VITAMINA C 500 mg X 15 TABLETAS MASTICABLES SABOR A PIÑA,TABLETAS,TABLETAS MASTICABLES SABOR A PIÑA,limpio
E.F.G.33.334,ME33334/3,VITAMINA C 500 mg TABLETAS MASTICABLES SABOR A PIÑA X 30 blanda,VITAMINA C 500 mg X 30 TABLETAS MASTICABLES SABOR A PIÑA,TABLETAS,TABLETAS MASTICABLES SABOR A PIÑA,limpio
E.F.33.112,ME33112,CIALIS 20 mg COMPRIMIDOS RECUBIERTOS X 1 tabletas,CIALIS 20 mg X 1 COMPRIMIDOS RECUBIERTOS,COMPRIMIDOS,COMPRIMIDOS RECUBIERTOS,limpio
E.F.41.522,HO41522/2,CIATAL 500 mg / 2 mL SOLUCION INYECTABLE X 1 inyectable,CIATAL 500 mg / 2 mL X 1 AMPOLLAS,INYECTABLE,SOLUCION INYECTABLE,limpio
E.F.41.522,HO41522/3,CIATAL 500 mg / 2 mL SOLUCION INYECTABLE X 9 inyectable,CIATAL 500 mg / 2 mL X 9 AMPOLLAS,INYECTABLE,SOLUCION INYECTABLE,limpio
E.F.36.631,HO36631,CICLOKAN 500 mg / 5 mL SOLUCION INYECTABLE PARA INFUSION INTRAVENOSA X 1 solucion inyectable,CICLOKAN 500 mg / 5 mL X 1 AMPOLLAS,INYECTABLE,SOLUCION INYECTABLE PARA INFUSION INTRAVENOSA,limpio
E.F.41.819,ME41819,CICLOKAN 500 mg COMPRIMIDOS RECUBIERTOS X 21 recubierta,CICLOKAN 500 mg X 21 COMPRIMIDOS RECUBIERTOS,COMPRIMIDOS,COMPRIMIDOS RECUBIERTOS,limpio
E.F.9.190,HO9190,CIFARCAINA AL 2 % SOLUCION INYECTABLE X 2 solucion inyectable,CIFARCAINA AL 2 % X 2 AMPOLLAS,INYECTABLE,SOLUCION INYECTABLE,limpio
E.F.G.43.391,ME43391,CILOSTAZOL 50 mg TABLETAS RECUBIERTAS X 30 tabletas,CILOSTAZOL 50 mg X 30 TABLETAS RECUBIERTAS,TABLETAS,TABLETAS RECUBIERTAS,limpio
E.F.G.42.967,ME42967,CILOSTAZOL 100 mg TABLETAS X 30 recubierta,CILOSTAZOL 100 mg X 30 TABLETAS,TABLETAS,TABLETAS,limpio
E.F.24.520,ME24520,CINAREN 75 mg CAPSULAS X 20 capsulas,CINAREN 75 mg X 20 CAPSULAS,CAPSULAS,CAPSULAS,limpio
E.F.24.519,ME24519,CINAREN 25 mg COMPRIMIDOS X 30 comprimidos,CINAREN 25 mg X 30 COMPRIMIDOS,COMPRIMIDOS,COMPRIMIDOS,limpio
E.F.G.35.819,ME35819,CINNARIZINA 75 mg CAPSULAS X 10 capsulas,CINNARIZINA 75 mg X 10 CAPSULAS,CAPSULAS,CAPSULAS,limpio
E.F.39.629,ME39629,PROFITIP 100 mg TABLETAS X 30 tabletas,PROFITIP 100 mg X 30 TABLETAS,TABLETAS,TABLETAS,limpio
E.F.25.520,ME25520,CIPROFLOX 500 mg TABLETAS RECUBIERTAS X 12 tabletas,CIPROFLOX 500 mg X 12 TABLETAS RECUBIERTAS,TABLETAS,TABLETAS RECUBIERTAS,limpio
E.F.G.28.283,ME28283/3,CIPROFLOXACINA 500 mg TABLETAS RECUBIERTAS X 14 recubierta,CIPROFLOXACINA 500 mg X 14 TABLETAS RECUBIERTAS,TABLETAS,TABLETAS RECUBIERTAS,limpio
E.F.G.28.283,ME28283/2,CIPROFLOXACINA 500 mg TABLETAS RECUBIERTAS X 6 recubierta,CIPROFLOXACINA 500 mg X 6 TABLETAS RECUBIERTAS,TABLETAS,TABLETAS RECUBIERTAS,limpio
E.F.G.27.827,ME27827/4,CIPROFLOXACINA 500 mg TABLETAS RECUBIERTAS X 10 tabletas,CIPROFLOXACINA 500 mg X 10 TABLETAS RECUBIERTAS,TABLETAS,TABLETAS RECUBIERTAS,limpio
E.F.G.27.827,ME27827/3,CIPROFLOXACINA 500 mg TABLETAS RECUBIERTAS X 6 tabletas,CIPROFLOXACINA 500 mg X 6 TABLETAS RECUBIERTAS,TABLETAS,TABLETAS RECUBIERTAS,limpio
E.F.G.27.827,ME27827/5,CIPROFLOXACINA 500 mg TABLETAS RECUBIERTAS X 14 tabletas,CIPROFLOXACINA 500 mg X 14 TABLETAS RECUBIERTAS,TABLETAS,TABLETAS RECUBIERTAS,limpio
E.F.G.27.827,ME27827/2,CIPROFLOXACINA 500 mg TABLETAS RECUBIERTAS X 5 tabletas,CIPROFLOXACINA 500 mg X 5 TABLETAS RECUBIERTAS,TABLETAS,TABLETAS RECUBIERTAS,limpio
E.F.G.26.487,ME26487/3,CIPROFLOXACINA 500 mg COMPRIMIDOS RECUBIERTOS X 10 tabletas,CIPROFLOXACINA 500 mg X 10 COMPRIMIDOS RECUBIERTOS,COMPRIMIDOS,COMPRIMIDOS RECUBIERTOS,limpio
E.F.G.26.487,ME26487/2,CIPROFLOXACINA 500 mg COMPRIMIDOS RECUBIERTOS X 6 tabletas,CIPROFLOXACINA 500 mg X 6 COMPRIMIDOS RECUBIERTOS,COMPRIMIDOS,COMPRIMIDOS RECUBIERTOS,limpio
E.F.G.42.422,ME42422,CIPROFLOXACINO 500 mg TABLETAS RECUBIERTAS X 10 tabletas,CIPROFLOXACINO 500 mg X 10 TABLETAS RECUBIERTAS,TABLETAS,TABLETAS RECUBIERTAS,limpio
E.F.G.30.890,ME30890,CIPROFLOXACINO 500 mg TABLETAS RECUBIERTAS X 14 tabletas,CIPROFLOXACINO 500 mg X 14 TABLETAS RECUBIERTAS,TABLETAS,TABLETAS RECUBIERTAS,limpio
E.F.G.35.266,ME35266,CITALOPRAM 40 mg TABLETAS RECUBIERTAS X 10 tabletas,CITALOPRAM 40 mg X 10 TABLETAS RECUBIERTAS,TABLETAS,TABLETAS RECUBIERTAS,limpio
E.F.G.41.565,ME41565/2,CITICOLINA 500 mg TABLETAS RECUBIERTAS X 10 tabletas,CITICOLINA 500 mg X 10 TABLETAS RECUBIERTAS,TABLETAS,TABLETAS RECUBIERTAS,limpio
E.F.G.41.565,ME41565/3,CITICOLINA 500 mg TABLETAS RECUBIERTAS X 30 tabletas,CITICOLINA 500 mg X 30 TABLETAS RECUBIERTAS,TABLETAS,TABLETAS RECUBIERTAS,limpio
E.F.G.36.822,ME36822/3,CITRATO DE CALCIO 1190 mg TABLETAS MASTICABLES SABOR A MANDARINA X 60 capsulas,CITRATO DE CALCIO 1190 mg X 60 TABLETAS MASTICABLES SABOR A MANDARINA,TABLETAS,TABLETAS MASTICABLES SABOR A MANDARINA,limpio
E.F.G.36.822,ME36822/2,CITRATO DE CALCIO 1190 mg TABLETAS MASTICABLES SABOR A MANDARINA X 30 tabletas,CITRATO DE CALCIO 1190 mg X 30 TABLETAS MASTICABLES SABOR A MANDARINA,TABLETAS,TABLETAS MASTICABLES SABOR A MANDARINA,limpio
E.F.33.790,ME33790,CALCITREX D3 1500 mg - 200 UI TABLETAS X 30 tabletas,CALCITREX D3 1500 mg - 200 UI X 30 TABLETAS,TABLETAS,TABLETAS,limpio
E.F.G.31.140,ME31140,CLARITROMICINA 500 mg TABLETAS RECUBIERTAS X 10 tabletas,CLARITROMICINA 500 mg X 10 TABLETAS RECUBIERTAS,TABLETAS,TABLETAS RECUBIERTAS,limpio
E.F.23.978,ME23978/2,"CLENBUNAL 0,020 mg COMPRIMIDOS X 10 comprimidos","CLENBUNAL 0,020 mg X 10 COMPRIMIDOS",COMPRIMIDOS,COMPRIMIDOS,limpio
E.F.23.978,ME23978/3,"CLENBUNAL 0,020 mg COMPRIMIDOS X 20 comprimidos","CLENBUNAL 0,020 mg X 20 COMPRIMIDOS",COMPRIMIDOS,COMPRIMIDOS,limpio
E.F.42.462,ME42462,CLENOSAN 90 mg COMPRIMIDOS RECUBIERTOS X 30 recubierta,CLENOSAN 90 mg X 30 COMPRIMIDOS RECUBIERTOS,COMPRIMIDOS,COMPRIMIDOS RECUBIERTOS,limpio
E.F.G.27.704,HO27704,CLINDAMICINA 600 mg / 4 mL SOLUCION INYECTABLE X 1 solucion inyectable,CLINDAMICINA 600 mg / 4 mL X 1 AMPOLLAS,INYECTABLE,SOLUCION INYECTABLE,limpio
E.F.G.44.654,ME44654,CLINDAMICINA 300 mg CAPSULAS  X 16 capsulas,CLINDAMICINA 300 mg X 16 CAPSULAS,CAPSULAS,CAPSULAS,limpio
E.F.G.31.466,ME31466,CLINDAMICINA 300 mg CAPSULAS X 20 capsulas,CLINDAMICINA 300 mg X 20 CAPSULAS,CAPSULAS,CAPSULAS,limpio
E.F.17.975,ME17975,CLODOXIN 10 mg - 100 mg COMPRIMIDOS RECUBIERTOS X 10 comprimidos,CLODOXIN 10 mg - 100 mg X 10 COMPRIMIDOS RECUBIERTOS,COMPRIMIDOS,COMPRIMIDOS RECUBIERTOS,limpio
E.F.29.523,ME29523,CLOFEN 100 mg CAPSULAS DE ACCION PROLONGADA X 10 capsulas,CLOFEN 100 mg X 10 CAPSULAS DE ACCION PROLONGADA,CAPSULAS,CAPSULAS DE ACCION PROLONGADA,limpio
E.F.G.42.956,ME42956,CLOMIFENO CITRATO 50 mg TABLETAS X 30 tabletas,CLOMIFENO CITRATO 50 mg X 30 TABLETAS,TABLETAS,TABLETAS,limpio
E.F.33.200,ME33200,"CLONATRIL 0,5 mg COMPRIMIDOS X 30 comprimidos","CLONATRIL 0,5 mg X 30 COMPRIMIDOS",COMPRIMIDOS,COMPRIMIDOS,limpio
E.F.42.084,ME42084,CLONATRIL 1 mg COMPRIMIDOS X 30 comprimidos,CLONATRIL 1 mg X 30 COMPRIMIDOS,COMPRIMIDOS,COMPRIMIDOS,limpio
E.F.33.201,ME33201,CLONATRIL 2 mg COMPRIMIDOS X 30 comprimidos,CLONATRIL 2 mg X 30 COMPRIMIDOS,COMPRIMIDOS,COMPRIMIDOS,limpio
E.F.G.38.584,ME38584,"CLONAZEPAM 0,5 mg TABLETAS X 30 tabletas","CLONAZEPAM 0,5 mg X 30 TABLETAS",TABLETAS,TABLETAS,limpio
E.F.G.38.585,ME38585,CLONAZEPAM 2 mg TABLETAS X 30 tabletas,CLONAZEPAM 2 mg X 30 TABLETAS,TABLETAS,TABLETAS,limpio
E.F.G.31.483,HO31483/2,"CLONIDINA CLORHIDRATO 0,150 mg / mL SOLUCION INYECTABLE X 2 solucion inyectable","CLONIDINA CLORHIDRATO 0,150 mg / mL X 2 AMPOLLAS",INYECTABLE,SOLUCION INYECTABLE,limpio
E.F.G.31.483,HO31483/3,"CLONIDINA CLORHIDRATO 0,150 mg / mL SOLUCION INYECTABLE X 30 tabletas","CLONIDINA CLORHIDRATO 0,150 mg / mL X 30 AMPOLLAS",INYECTABLE,SOLUCION INYECTABLE,limpio
E.F.22.956,ME22956,"CLONIPRES 0,150 mg COMPRIMIDOS X 20 comprimidos","CLONIPRES 0,150 mg X 20 COMPRIMIDOS",COMPRIMIDOS,COMPRIMIDOS,limpio
E.F.23.370,HO23370,"CLONIPRES 0,150 mg / mL SOLUCION INYECTABLE X 3 solucion inyectable","CLONIPRES 0,150 mg / mL X 3 AMPOLLAS",INYECTABLE,SOLUCION INYECTABLE,limpio
E.F.40.816,ME40816,"CLONZEP 0,5 mg TABLETAS X 30 tabletas","CLONZEP 0,5 mg X 30 TABLETAS",TABLETAS,TABLETAS,limpio
E.F.40.818,ME40818,CLONZEP 2 mg TABLETAS X 30 tabletas,CLONZEP 2 mg X 30 TABLETAS,TABLETAS,TABLETAS,limpio
E.F.39.070,ME39070,CLOPIDEX 75 mg TABLETAS RECUBIERTAS X 30 recubierta,CLOPIDEX 75 mg X 30 TABLETAS RECUBIERTAS,TABLETAS,TABLETAS RECUBIERTAS,limpio
E.F.G.34.084,ME34084/2,CLOPIDOGREL 75 mg COMPRIMIDOS RECUBIERTOS X 14 comprimidos,CLOPIDOGREL 75 mg X 14 COMPRIMIDOS RECUBIERTOS,COMPRIMIDOS,COMPRIMIDOS RECUBIERTOS,limpio
E.F.G.34.084,ME34084/3,CLOPIDOGREL 75 mg COMPRIMIDOS RECUBIERTOS X 20 tabletas,CLOPIDOGREL 75 mg X 20 COMPRIMIDOS RECUBIERTOS,COMPRIMIDOS,COMPRIMIDOS RECUBIERTOS,limpio
E.F.G.34.084,ME34084/4,CLOPIDOGREL 75 mg COMPRIMIDOS RECUBIERTOS X 30 tabletas,CLOPIDOGREL 75 mg X 30 COMPRIMIDOS RECUBIERTOS,COMPRIMIDOS,COMPRIMIDOS RECUBIERTOS,limpio
E.F.G.36.122,ME36122,CLOPIDOGREL 75 mg TABLETAS RECUBIERTAS X 14 recubierta,CLOPIDOGREL 75 mg X 14 TABLETAS RECUBIERTAS,TABLETAS,TABLETAS RECUBIERTAS,limpio
E.F.G.37.534,ME37534,CLOPIDOGREL 75 mg TABLETAS RECUBIERTAS X 30 tabletas,CLOPIDOGREL 75 mg X 30 TABLETAS RECUBIERTAS,TABLETAS,TABLETAS RECUBIERTAS,limpio
E.F.G.43.375,ME43375,CLOPIDOGREL 75 mg TABLETAS RECUBIERTAS X 30 tabletas,CLOPIDOGREL 75 mg X 30 TABLETAS RECUBIERTAS,TABLETAS,TABLETAS RECUBIERTAS,limpio
E.F.G.34.774,ME34774,CLOPIDOGREL 75 mg TABLETAS RECUBIERTAS X 30 recubierta,CLOPIDOGREL 75 mg X 30 TABLETAS RECUBIERTAS,TABLETAS,TABLETAS RECUBIERTAS,limpio
E.F.37.160,ME37160,CLOPIVAL 75 mg TABLETAS RECUBIERTAS X 30 recubierta,CLOPIVAL 75 mg X 30 TABLETAS RECUBIERTAS,TABLETAS,TABLETAS RECUBIERTAS,limpio
E.F.43.778,ME43778,CLOPTAN 75 mg TABLETAS RECUBIERTAS X 30 tabletas,CLOPTAN 75 mg X 30 TABLETAS RECUBIERTAS,TABLETAS,TABLETAS RECUBIERTAS,limpio
E.F.29.690,ME29690/3,CLORACE 500 mg - 4 mg TABLETAS X 20 tabletas,CLORACE 500 mg - 4 mg X 20 TABLETAS,TABLETAS,TABLETAS,limpio
E.F.29.690,ME29690/2,CLORACE 500 mg - 4 mg TABLETAS X 10 tabletas,CLORACE 500 mg - 4 mg X 10 TABLETAS,TABLETAS,TABLETAS,limpio
E.F.43.585,ME43585/4,DOPALEN 200 mg CÁPSULAS DE LIBERACIÓN PROLONGADA  X 30 capsulas,DOPALEN 200 mg X 30 CÁPSULAS DE LIBERACIÓN PROLONGADA,CAPSULAS,CÁPSULAS DE LIBERACIÓN PROLONGADA,limpio
E.F.43.585,ME43585/2,DOPALEN 200 mg CÁPSULAS DE LIBERACIÓN PROLONGADA  X 10 capsulas,DOPALEN 200 mg X 10 CÁPSULAS DE LIBERACIÓN PROLONGADA,CAPSULAS,CÁPSULAS DE LIBERACIÓN PROLONGADA,limpio
E.F.43.585,ME43585/3,DOPALEN 200 mg CÁPSULAS DE LIBERACIÓN PROLONGADA  X 20 tabletas,DOPALEN 200 mg X 20 CÁPSULAS DE LIBERACIÓN PROLONGADA,CAPSULAS,CÁPSULAS DE LIBERACIÓN PROLONGADA,limpio
E.F.G.34.033,ME34033,CLORTALIDONA 25 mg TABLETAS X 30 tabletas,CLORTALIDONA 25 mg X 30 TABLETAS,TABLETAS,TABLETAS,limpio
E.F.G.43.751,ME43751,CLOTRIMAZOL 100 mg ÓVULOS VAGINALES X 6 ovulos,CLOTRIMAZOL 100 mg X 6 ÓVULOS VAGINALES,OVULOS,ÓVULOS VAGINALES,limpio
E.F.G.39.062,ME39062,CLOTRIMAZOL 500 mg OVULOS VAGINALES X 1 ovulos,CLOTRIMAZOL 500 mg X 1 OVULOS VAGINALES,OVULOS,OVULOS VAGINALES,limpio
E.F.25.498,ME25498,CO-SULTRIN 40 mg - 200 mg / 5 mL SUSPENSION X 20 tabletas,CO-SULTRIN 40 mg - 200 mg / 5 mL X 20 SUSPENSION,SUSPENSION ORAL,SUSPENSION,limpio
E.F.33.110,ME33110,COLFENE 400 mg - 4 mg COMPRIMIDOS RECUBIERTOS X 10 comprimidos,COLFENE 400 mg - 4 mg X 10 COMPRIMIDOS RECUBIERTOS,COMPRIMIDOS,COMPRIMIDOS RECUBIERTOS,limpio
E.F.39.320,ME39320,COLFENE 600 mg - 4 mg COMPRIMIDOS RECUBIERTOS X 15 recubierta,COLFENE 600 mg - 4 mg X 15 COMPRIMIDOS RECUBIERTOS,COMPRIMIDOS,COMPRIMIDOS RECUBIERTOS,limpio
E.F.38.685,ME38685,COLGESIC 400 mg - 40 mg COMPRIMIDOS RECUBIERTOS X 15 comprimidos,COLGESIC 400 mg - 40 mg X 15 COMPRIMIDOS RECUBIERTOS,COMPRIMIDOS,COMPRIMIDOS RECUBIERTOS,limpio
P.B.1.491,ME1491,"COLOZIN® (LACTOBACILLUS PLANTARUM - PEDIOCOCCUS ACIDILACTICI) 150 mg (3,0 x 10⁹ ufc) CAPSULAS X 30 capsulas","COLOZIN® (LACTOBACILLUS PLANTARUM - PEDIOCOCCUS ACIDILACTICI) 150 mg (3,0 x 10⁹ ufc) X 30 CAPSULAS",CAPSULAS,CAPSULAS,limpio
E.F.23.524,ME23524,COLVAL 4 mg COMPRIMIDOS X 12 comprimidos,COLVAL 4 mg X 12 COMPRIMIDOS,COMPRIMIDOS,COMPRIMIDOS,limpio
E.F.32.060,ME32060,COLYPAN 200 mg TABLETAS X 10 tabletas,COLYPAN 200 mg X 10 TABLETAS,TABLETAS,TABLETAS,limpio
P.F.1.587,HO1587,COMPLEJO DE VITAMINA B INYECTABLE X 3 solucion inyectable,COMPLEJO DE VITAMINA B X 3 AMPOLLAS,INYECTABLE,INYECTABLE,limpio
E.F.34.013,ME34013,CONEXINE 50 mg COMPRIMIDOS RECUBIERTOS X 30 comprimidos,CONEXINE 50 mg X 30 COMPRIMIDOS RECUBIERTOS,COMPRIMIDOS,COMPRIMIDOS RECUBIERTOS,limpio
E.F.28.460,ME28460,CORAZEM 60 mg TABLETAS RECUBIERTAS X 20 tabletas,CORAZEM 60 mg X 20 TABLETAS RECUBIERTAS,TABLETAS,TABLETAS RECUBIERTAS,limpio
E.F.40.574,ME40574,CORBIS 10 mg COMPRIMIDOS RECUBIERTOS X 30 comprimidos,CORBIS 10 mg X 30 COMPRIMIDOS RECUBIERTOS,COMPRIMIDOS,COMPRIMIDOS RECUBIERTOS,limpio
E.F.42.767,ME42767,CORBIS 5 mg COMPRIMIDOS RECUBIERTOS X 30 comprimidos,CORBIS 5 mg X 30 COMPRIMIDOS RECUBIERTOS,COMPRIMIDOS,COMPRIMIDOS RECUBIERTOS,limpio
E.F.35.619,ME35619/2,CORENTEL 10 mg COMPRIMIDOS RECUBIERTOS X 10 recubierta,CORENTEL 10 mg X 10 COMPRIMIDOS RECUBIERTOS,COMPRIMIDOS,COMPRIMIDOS RECUBIERTOS,limpio
E.F.35.619,ME35619/3,CORENTEL 10 mg COMPRIMIDOS RECUBIERTOS X 30 recubierta,CORENTEL 10 mg X 30 COMPRIMIDOS RECUBIERTOS,COMPRIMIDOS,COMPRIMIDOS RECUBIERTOS,limpio
E.F.39.494,ME39494/2,"CORENTEL 1,25 mg COMPRIMIDOS RECUBIERTOS X 10 recubierta","CORENTEL 1,25 mg X 10 COMPRIMIDOS RECUBIERTOS",COMPRIMIDOS,COMPRIMIDOS RECUBIERTOS,limpio
E.F.39.494,ME39494/3,"CORENTEL 1,25 mg COMPRIMIDOS RECUBIERTOS X 30 recubierta","CORENTEL 1,25 mg X 30 COMPRIMIDOS RECUBIERTOS",COMPRIMIDOS,COMPRIMIDOS RECUBIERTOS,limpio
E.F.35.620,ME35620/3,CORENTEL 5 mg COMPRIMIDOS RECUBIERTOS X 30 recubierta,CORENTEL 5 mg X 30 COMPRIMIDOS RECUBIERTOS,COMPRIMIDOS,COMPRIMIDOS RECUBIERTOS,limpio
E.F.35.620,ME35620/2,CORENTEL 5 mg COMPRIMIDOS RECUBIERTOS X 10 recubierta,CORENTEL 5 mg X 10 COMPRIMIDOS RECUBIERTOS,COMPRIMIDOS,COMPRIMIDOS RECUBIERTOS,limpio
E.F.38.312,ME38312/2,"COROPRES HCT 16 mg - 12,5 mg COMPRIMIDOS X 10 comprimidos","COROPRES HCT 16 mg - 12,5 mg X 10 COMPRIMIDOS",COMPRIMIDOS,COMPRIMIDOS,limpio
E.F.38.312,ME38312/3,"COROPRES HCT 16 mg - 12,5 mg COMPRIMIDOS X 30 comprimidos","COROPRES HCT 16 mg - 12,5 mg X 30 COMPRIMIDOS",COMPRIMIDOS,COMPRIMIDOS,limpio
E.F.35.926,ME35926,COROPRES 8 mg COMPRIMIDOS X 30 comprimidos,COROPRES 8 mg X 30 COMPRIMIDOS,COMPRIMIDOS,COMPRIMIDOS,limpio
E.F.31.743,ME31743,"COVENTROL 6,25 mg COMPRIMIDOS X 30 comprimidos","COVENTROL 6,25 mg X 30 COMPRIMIDOS",COMPRIMIDOS,COMPRIMIDOS,limpio
E.F.41.808,ME41808/2,CRISOMET 50 mg - 500 mg TABLETAS RECUBIERTAS X 10 recubierta,CRISOMET 50 mg - 500 mg X 10 TABLETAS RECUBIERTAS,TABLETAS,TABLETAS RECUBIERTAS,limpio
E.F.41.808,ME41808/3,CRISOMET 50 mg - 500 mg TABLETAS RECUBIERTAS X 30 recubierta,CRISOMET 50 mg - 500 mg X 30 TABLETAS RECUBIERTAS,TABLETAS,TABLETAS RECUBIERTAS,limpio
E.F.37.867,ME37867,CRISPLUS 120 mg CAPSULAS X 30 capsulas,CRISPLUS 120 mg X 30 CAPSULAS,CAPSULAS,CAPSULAS,limpio
E.F.35.933,ME35933/2,"CURPINOL 6,25 mg COMPRIMIDOS X 10 comprimidos","CURPINOL 6,25 mg X 10 COMPRIMIDOS",COMPRIMIDOS,COMPRIMIDOS,limpio
E.F.35.933,ME35933/3,"CURPINOL 6,25 mg COMPRIMIDOS X 30 comprimidos","CURPINOL 6,25 mg X 30 COMPRIMIDOS",COMPRIMIDOS,COMPRIMIDOS,limpio
E.F.27.157,ME27157/2,CYPRAL 500 mg TABLETAS RECUBIERTAS X 14 tabletas,CYPRAL 500 mg X 14 TABLETAS RECUBIERTAS,TABLETAS,TABLETAS RECUBIERTAS,limpio
E.F.27.157,ME27157/3,CYPRAL 500 mg TABLETAS RECUBIERTAS X 20 recubierta,CYPRAL 500 mg X 20 TABLETAS RECUBIERTAS,TABLETAS,TABLETAS RECUBIERTAS,limpio
E.F.27.452,ME27452,CYPRAL 750 mg TABLETAS RECUBIERTAS X 6 tabletas,CYPRAL 750 mg X 6 TABLETAS RECUBIERTAS,TABLETAS,TABLETAS RECUBIERTAS,limpio
E.F.24.979,ME24979,DALPAS 5 mg TABLETAS X 30 tabletas,DALPAS 5 mg X 30 TABLETAS,TABLETAS,TABLETAS,limpio
E.F.30.715,ME30715/2,DALTAZEN 60 mg COMPRIMIDOS X 10 comprimidos,DALTAZEN 60 mg X 10 COMPRIMIDOS,COMPRIMIDOS,COMPRIMIDOS,limpio
E.F.30.715,ME30715/3,DALTAZEN 60 mg COMPRIMIDOS X 20 comprimidos,DALTAZEN 60 mg X 20 COMPRIMIDOS,COMPRIMIDOS,COMPRIMIDOS,limpio
E.F.30.715,ME30715/4,DALTAZEN 60 mg COMPRIMIDOS X 30 tabletas,DALTAZEN 60 mg X 30 COMPRIMIDOS,COMPRIMIDOS,COMPRIMIDOS,limpio
E.F.13.931,HO13931,DECALONA 4 mg / mL SOLUCION INYECTABLE X 1 solucion inyectable,DECALONA 4 mg / mL X 1 AMPOLLAS,INYECTABLE,SOLUCION INYECTABLE,limpio
E.F.21.267,ME21267/2,"DECOBEL 0,5 mg TABLETAS X 10 comprimidos","DECOBEL 0,5 mg X 10 TABLETAS",TABLETAS,TABLETAS,limpio
E.F.21.267,ME21267/3,"DECOBEL 0,5 mg TABLETAS X 30 tabletas","DECOBEL 0,5 mg X 30 TABLETAS",TABLETAS,TABLETAS,limpio
E.F.42.577,ME42577,DEFLARIN 6 mg COMPRIMIDOS X 10 comprimidos,DEFLARIN 6 mg X 10 COMPRIMIDOS,COMPRIMIDOS,COMPRIMIDOS,limpio
E.F.G.37.306,ME37306/2,DEFLAZACORT 30 mg TABLETAS X 10 tabletas,DEFLAZACORT 30 mg X 10 TABLETAS,TABLETAS,TABLETAS,limpio
E.F.G.37.306,ME37306/3,DEFLAZACORT 30 mg TABLETAS X 30 tabletas,DEFLAZACORT 30 mg X 30 TABLETAS,TABLETAS,TABLETAS,limpio
E.F.G.37.255,ME37255,DEFLAZACORT 6 mg TABLETAS X 10 tabletas,DEFLAZACORT 6 mg X 10 TABLETAS,TABLETAS,TABLETAS,limpio
E.F.G.32.194,ME32194/2,DEFLAZACORT 6 mg COMPRIMIDOS X 10 tabletas,DEFLAZACORT 6 mg X 10 COMPRIMIDOS,COMPRIMIDOS,COMPRIMIDOS,limpio
E.F.G.32.194,ME32194/3,DEFLAZACORT 6 mg COMPRIMIDOS X 30 tabletas,DEFLAZACORT 6 mg X 30 COMPRIMIDOS,COMPRIMIDOS,COMPRIMIDOS,limpio
E.F.38.371,ME38371,DENUAL 150 mg COMPRIMIDOS RECUBIERTOS X 1 comprimidos,DENUAL 150 mg X 1 COMPRIMIDOS RECUBIERTOS,COMPRIMIDOS,COMPRIMIDOS RECUBIERTOS,limpio
E.F.43.769,ME43769,DEPOFEM 150mgmL SUSPENSIÓN INYECTABLE X 1 inyectable,DEPOFEM 150mgmL X 1 AMPOLLAS,INYECTABLE,SUSPENSIÓN INYECTABLE,limpio
E.F.41.984,ME41984,DEROVIT 1000 UI CAPSULAS BLANDAS X 30 blanda,DEROVIT 1000 UI X 30 CAPSULAS BLANDAS,CAPSULAS,CAPSULAS BLANDAS,limpio
E.F.44.408,HO44408,DESKEFLAS 50 mg / 2 mL SOLUCION INYECTABLE X 3 inyectable,DESKEFLAS 50 mg / 2 mL X 3 AMPOLLAS,INYECTABLE,SOLUCION INYECTABLE,limpio
E.F.44.407,ME44407,DESKEFLAS 25 mg TABLETAS RECUBIERTAS X 10 tabletas,DESKEFLAS 25 mg X 10 TABLETAS RECUBIERTAS,TABLETAS,TABLETAS RECUBIERTAS,limpio
E.F.36.632,ME36632,DESLER 5 mg TABLETAS RECUBIERTAS X 10 tabletas,DESLER 5 mg X 10 TABLETAS RECUBIERTAS,TABLETAS,TABLETAS RECUBIERTAS,limpio
E.F.34.405,ME34405/2,DESLORAT 5 mg TABLETAS RECUBIERTAS X 10 tabletas,DESLORAT 5 mg X 10 TABLETAS RECUBIERTAS,TABLETAS,TABLETAS RECUBIERTAS,limpio
E.F.34.405,ME34405/3,DESLORAT 5 mg TABLETAS RECUBIERTAS X 20 tabletas,DESLORAT 5 mg X 20 TABLETAS RECUBIERTAS,TABLETAS,TABLETAS RECUBIERTAS,limpio
E.F.G.36.268,ME36268,DESLORATADINA 2.5mg/5ml JARABE X 10 recubierta,DESLORATADINA 2.5mg/5ml X 10 JARABE,JARABE,JARABE,limpio
E.F.G.37.996,ME37996,DESLORATADINA 5 mg TABLETAS RECUBIERTAS X 10 tabletas,DESLORATADINA 5 mg X 10 TABLETAS RECUBIERTAS,TABLETAS,TABLETAS RECUBIERTAS,limpio
E.F.G.35.486,ME35486,DESLORATADINA 5 mg COMPRIMIDOS RECUBIERTOS X 10 tabletas,DESLORATADINA 5 mg X 10 COMPRIMIDOS RECUBIERTOS,COMPRIMIDOS,COMPRIMIDOS RECUBIERTOS,limpio
E.F.G.43.543,ME43543,MONTELUKAST  - DESLORATADINA 10 mg - 5 mg TABLETAS RECUBIERTAS X 10 recubierta,MONTELUKAST - DESLORATADINA 10 mg - 5 mg X 10 TABLETAS RECUBIERTAS,TABLETAS,TABLETAS RECUBIERTAS,limpio
E.F.44.013,ME44013,DESTREL 75 mcg COMPRIMIDOS RECUBIERTOS X 28 comprimidos,DESTREL 75 mcg X 28 COMPRIMIDOS RECUBIERTOS,COMPRIMIDOS,COMPRIMIDOS RECUBIERTOS,limpio
E.F.G.42.492,ME42492/2,DEXAMETASONA 4 mg COMPRIMIDOS X 10 comprimidos,DEXAMETASONA 4 mg X 10 COMPRIMIDOS,COMPRIMIDOS,COMPRIMIDOS,limpio
E.F.G.42.492,ME42492/3,DEXAMETASONA 4 mg COMPRIMIDOS X 100 tabletas,DEXAMETASONA 4 mg X 100 COMPRIMIDOS,COMPRIMIDOS,COMPRIMIDOS,limpio
E.F.G.43.012,HO43012,DEXAMETASONA FOSFATO 8 mg / 2 mL SOLUCION INYECTABLE X 1 inyectable,DEXAMETASONA FOSFATO 8 mg / 2 mL X 1 AMPOLLAS,INYECTABLE,SOLUCION INYECTABLE,limpio
E.F.G.42.601,HO42601,DEXAMETASONA 8 mg / 2 mL SOLUCION INYECTABLE X 10 inyectable,DEXAMETASONA 8 mg / 2 mL X 10 AMPOLLAS,INYECTABLE,SOLUCION INYECTABLE,limpio
E.F.G.26.356,ME26356,"DEXAMETASONA 0,5 mg TABLETAS X 30 tabletas","DEXAMETASONA 0,5 mg X 30 TABLETAS",TABLETAS,TABLETAS,limpio
E.F.G.44.066,ME44066,DEXKETOPROFENO 25 mg / 10 mL SOLUCION ORAL X 20 sobre,DEXKETOPROFENO 25 mg / 10 mL X 20 SOLUCION ORAL,SOLUCION ORAL,SOLUCION ORAL,limpio
E.F.42.573,ME42573,"DEXTAMIN 0,5 mg / mL SOLUCION ORAL X 10 recubierta","DEXTAMIN 0,5 mg / mL X 10 SOLUCION ORAL",SOLUCION ORAL,SOLUCION ORAL,limpio
E.F.10.432,ME10432,DI-EUDRIN 50 mg TABLETAS X 30 tabletas,DI-EUDRIN 50 mg X 30 TABLETAS,TABLETAS,TABLETAS,limpio
E.F.G.43.584,ME43584,DIACEREINA 50 mg CAPSULAS X 10 capsulas,DIACEREINA 50 mg X 10 CAPSULAS,CAPSULAS,CAPSULAS,limpio
E.F.38.358,ME38358,DIAFORMINA 1000 mg COMPRIMIDOS RECUBIERTOS X 30 recubierta,DIAFORMINA 1000 mg X 30 COMPRIMIDOS RECUBIERTOS,COMPRIMIDOS,COMPRIMIDOS RECUBIERTOS,limpio
E.F.30.872,ME30872,DIAFORMINA 500 mg COMPRIMIDOS RECUBIERTOS X 30 recubierta,DIAFORMINA 500 mg X 30 COMPRIMIDOS RECUBIERTOS,COMPRIMIDOS,COMPRIMIDOS RECUBIERTOS,limpio
E.F.33.474,HO33474/2,DIAGESIC 75 mg / 3 mL SOLUCION INYECTABLE X 1 solucion inyectable,DIAGESIC 75 mg / 3 mL X 1 AMPOLLAS,INYECTABLE,SOLUCION INYECTABLE,limpio
E.F.33.474,HO33474/3,DIAGESIC 75 mg / 3 mL SOLUCION INYECTABLE X 2 inyectable,DIAGESIC 75 mg / 3 mL X 2 AMPOLLAS,INYECTABLE,SOLUCION INYECTABLE,limpio
E.F.24.715,ME24715,DIANE 35 mcg - 2 mg GRAGEAS X 21 grajeas,DIANE 35 mcg - 2 mg X 21 GRAGEAS,GRAGEAS,GRAGEAS,limpio
E.F.25.910,ME25910,DIARONA 200 mg TABLETAS X 10 tabletas,DIARONA 200 mg X 10 TABLETAS,TABLETAS,TABLETAS,limpio
E.F.44.533,ME44533,Dicarvex 25mg Tabletas  X 30 tabletas,Dicarvex 25mg X 30 Tabletas,TABLETAS,Tabletas,limpio
E.F.36.464,ME36464,DICLODEX 50 mg TABLETAS RECUBIERTAS X 20 tabletas,DICLODEX 50 mg X 20 TABLETAS RECUBIERTAS,TABLETAS,TABLETAS RECUBIERTAS,limpio
E.F.G.35.435,MI35435/2,DICLOFENAC POT X 6 pediatrica,DICLOFENAC POT X 6 UNIDADES,,,sin_coincidencia
E.F.G.35.435,MI35435/3,DICLOFENAC POT X 10 recubierta,DICLOFENAC POT X 10 UNIDADES,,,sin_coincidencia
E.F.G.35.435,MI35435/4,DICLOFENAC POT X 30 recubierta,DICLOFENAC POT X 30 UNIDADES,,,sin_coincidencia
E.F.G.36.803,HO36803/2,DICLOFENACO SODICO 75mg/3ml SOLUCION INYECTABLE X 1 solucion inyectable,DICLOFENACO SODICO 75mg/3ml X 1 AMPOLLAS,INYECTABLE,SOLUCION INYECTABLE,limpio
E.F.G.36.803,HO36803/3,DICLOFENACO SODICO 75mg/3ml SOLUCION INYECTABLE X 10 solucion inyectable,DICLOFENACO SODICO 75mg/3ml X 10 AMPOLLAS,INYECTABLE,SOLUCION INYECTABLE,limpio
E.F.G.43.045,ME43045/2,DICLOFENACO POTASICO 50 mg TABLETAS RECUBIERTAS X 10 comprimidos,DICLOFENACO POTASICO 50 mg X 10 TABLETAS RECUBIERTAS,TABLETAS,TABLETAS RECUBIERTAS,limpio
E.F.G.43.045,ME43045/4,DICLOFENACO POTASICO 50 mg TABLETAS RECUBIERTAS X 30 comprimidos,DICLOFENACO POTASICO 50 mg X 30 TABLETAS RECUBIERTAS,TABLETAS,TABLETAS RECUBIERTAS,limpio
E.F.G.43.045,ME43045/3,DICLOFENACO POTASICO 50 mg TABLETAS RECUBIERTAS X 20 tabletas,DICLOFENACO POTASICO 50 mg X 20 TABLETAS RECUBIERTAS,TABLETAS,TABLETAS RECUBIERTAS,limpio
E.F.G.28.851,ME28851,DICLOFENAC SODICO 50 mg TABLETAS CON RECUBRIMIENTO ENTERICO X 20 tabletas,DICLOFENAC SODICO 50 mg X 20 TABLETAS CON RECUBRIMIENTO ENTERICO,TABLETAS,TABLETAS CON RECUBRIMIENTO ENTERICO,limpio
E.F.G.43.099,ME43099,DICLOFENACO POTASICO 50 mg TABLETAS CON RECUBRIMIENTO ENTERICO X 20 tabletas,DICLOFENACO POTASICO 50 mg X 20 TABLETAS CON RECUBRIMIENTO ENTERICO,TABLETAS,TABLETAS CON RECUBRIMIENTO ENTERICO,limpio
E.F.39.086,ME39086,DIECAPS 120 mg CAPSULAS X 30 capsulas,DIECAPS 120 mg X 30 CAPSULAS,CAPSULAS,CAPSULAS,limpio
E.F.40.899,ME40899,DIECAPS 60 mg CAPSULAS X 30 capsulas,DIECAPS 60 mg X 30 CAPSULAS,CAPSULAS,CAPSULAS,limpio
E.F.29.117,ME29117/2,DIFEN TABLETAS RECUBIERTAS X 10 tabletas,DIFEN X 10 TABLETAS RECUBIERTAS,TABLETAS,TABLETAS RECUBIERTAS,limpio
E.F.29.117,ME29117/3,DIFEN TABLETAS RECUBIERTAS X 20 tabletas,DIFEN X 20 TABLETAS RECUBIERTAS,TABLETAS,TABLETAS RECUBIERTAS,limpio
E.F.41.496,ME41496,DIGLET 1000 U.I. COMPRIMIDOS ORODISPERSABLES X 30 comprimidos,DIGLET 1000 U.I. X 30 COMPRIMIDOS ORODISPERSABLES,COMPRIMIDOS,COMPRIMIDOS ORODISPERSABLES,limpio
E.F.42.648,ME42648,DIGLET 5000 U.I. COMPRIMIDOS RECUBIERTOS X 10 recubierta,DIGLET 5000 U.I. X 10 COMPRIMIDOS RECUBIERTOS,COMPRIMIDOS,COMPRIMIDOS RECUBIERTOS,limpio
E.F.32.831,ME32831,DIKLASON 100 mg COMPRIMIDOS DE ACCION PROLONGADA X 20 comprimidos,DIKLASON 100 mg X 20 COMPRIMIDOS DE ACCION PROLONGADA,COMPRIMIDOS,COMPRIMIDOS DE ACCION PROLONGADA,limpio
E.F.43.230,ME43230,DIKLASON BI 150 mg COMPRIMIDOS DE LIBERACION CONTROLADA X 10 comprimidos,DIKLASON BI 150 mg X 10 COMPRIMIDOS DE LIBERACION CONTROLADA,COMPRIMIDOS,COMPRIMIDOS DE LIBERACION CONTROLADA,limpio
E.F.27.240,ME27240,DILOTEX 5 mg COMPRIMIDOS X 30 comprimidos,DILOTEX 5 mg X 30 COMPRIMIDOS,COMPRIMIDOS,COMPRIMIDOS,limpio
E.F.27.234,ME27234,DILOTEX 10 mg COMPRIMIDOS X 10 comprimidos,DILOTEX 10 mg X 10 COMPRIMIDOS,COMPRIMIDOS,COMPRIMIDOS,limpio
E.F.42.159,ME42159,DILUXEN 60 mg TABLETAS X 20 tabletas,DILUXEN 60 mg X 20 TABLETAS,TABLETAS,TABLETAS,limpio
E.F.G.43.969,ME43969/4,DIOSMINA 600 mg COMPRIMIDOS RECUBIERTOS X 30 recubierta,DIOSMINA 600 mg X 30 COMPRIMIDOS RECUBIERTOS,COMPRIMIDOS,COMPRIMIDOS RECUBIERTOS,limpio
E.F.G.43.969,ME43969/2,DIOSMINA 600 mg COMPRIMIDOS RECUBIERTOS X 10 tabletas,DIOSMINA 600 mg X 10 COMPRIMIDOS RECUBIERTOS,COMPRIMIDOS,COMPRIMIDOS RECUBIERTOS,limpio
E.F.G.43.969,ME43969/3,DIOSMINA 600 mg COMPRIMIDOS RECUBIERTOS X 15 recubierta,DIOSMINA 600 mg X 15 COMPRIMIDOS RECUBIERTOS,COMPRIMIDOS,COMPRIMIDOS RECUBIERTOS,limpio
E.F.G.38.177,ME38177/3,DIOSMINA 600 mg TABLETAS RECUBIERTAS X 28 tabletas,DIOSMINA 600 mg X 28 TABLETAS RECUBIERTAS,TABLETAS,TABLETAS RECUBIERTAS,limpio
E.F.G.38.177,ME38177/2,DIOSMINA 600 mg TABLETAS RECUBIERTAS X 14 tabletas,DIOSMINA 600 mg X 14 TABLETAS RECUBIERTAS,TABLETAS,TABLETAS RECUBIERTAS,limpio
E.F.G.38.177,ME38177/4,DIOSMINA 600 mg TABLETAS RECUBIERTAS X 30 tabletas,DIOSMINA 600 mg X 30 TABLETAS RECUBIERTAS,TABLETAS,TABLETAS RECUBIERTAS,limpio
E.F.G.36.420,ME36420,DIOSMINA - HESPERIDINA 450 mg - 50 mg TABLETAS RECUBIERTAS X 30 recubierta,DIOSMINA - HESPERIDINA 450 mg - 50 mg X 30 TABLETAS RECUBIERTAS,TABLETAS,TABLETAS RECUBIERTAS,limpio
E.F.30.051,HO30051,DIPIDOL 500 mg / mL SOLUCION INYECTABLE X 3 inyectable,DIPIDOL 500 mg / mL X 3 AMPOLLAS,INYECTABLE,SOLUCION INYECTABLE,limpio
E.F.42.021,ME42021,DIPLOZ 1 mg TABLETAS RECUBIERTAS X 30 tabletas,DIPLOZ 1 mg X 30 TABLETAS RECUBIERTAS,TABLETAS,TABLETAS RECUBIERTAS,limpio
E.F.37.926,ME37926,PENTASA 500 mg COMPRIMIDOS DE LIBERACION PROLONGADA X 30 tabletas,PENTASA 500 mg X 30 COMPRIMIDOS DE LIBERACION PROLONGADA,COMPRIMIDOS,COMPRIMIDOS DE LIBERACION PROLONGADA,limpio
E.F.40.299,ME40299/3,DOBRACID 300 mg COMPRIMIDOS RECUBIERTOS DE LIBERACION PROLONGADA X 30 comprimidos,DOBRACID 300 mg X 30 COMPRIMIDOS RECUBIERTOS DE LIBERACION PROLONGADA,COMPRIMIDOS,COMPRIMIDOS RECUBIERTOS DE LIBERACION PROLONGADA,limpio
E.F.40.299,ME40299/2,DOBRACID 300 mg COMPRIMIDOS RECUBIERTOS DE LIBERACION PROLONGADA X 10 comprimidos,DOBRACID 300 mg X 10 COMPRIMIDOS RECUBIERTOS DE LIBERACION PROLONGADA,COMPRIMIDOS,COMPRIMIDOS RECUBIERTOS DE LIBERACION PROLONGADA,limpio
E.F.G.42.487,HO42487,DOBUTAMINA 250 mg / 5 mL SOLUCION INYECTABLE X 5 solucion inyectable,DOBUTAMINA 250 mg / 5 mL X 5 AMPOLLAS,INYECTABLE,SOLUCION INYECTABLE,limpio
E.F.26.655,ME26655/3,DOL TABLETAS RECUBIERTAS X 10 tabletas,DOL X 10 TABLETAS RECUBIERTAS,TABLETAS,TABLETAS RECUBIERTAS,limpio
E.F.26.655,ME26655/4,DOL TABLETAS RECUBIERTAS X 20 tabletas,DOL X 20 TABLETAS RECUBIERTAS,TABLETAS,TABLETAS RECUBIERTAS,limpio
E.F.26.655,ME26655/2,DOL TABLETAS RECUBIERTAS X 4 tabletas,DOL X 4 TABLETAS RECUBIERTAS,TABLETAS,TABLETAS RECUBIERTAS,limpio
E.F.27.426,ME27426/3,DOLAK 10 mg COMPRIMIDOS X 20 comprimidos,DOLAK 10 mg X 20 COMPRIMIDOS,COMPRIMIDOS,COMPRIMIDOS,limpio
E.F.27.426,ME27426/2,DOLAK 10 mg COMPRIMIDOS X 10 comprimidos,DOLAK 10 mg X 10 COMPRIMIDOS,COMPRIMIDOS,COMPRIMIDOS,limpio
E.F.27.438,ME27438,DOLAK 20 mg COMPRIMIDOS RECUBIERTOS X 10 comprimidos,DOLAK 20 mg X 10 COMPRIMIDOS RECUBIERTOS,COMPRIMIDOS,COMPRIMIDOS RECUBIERTOS,limpio
E.F.32.091,ME32091,DOLKIDS 160 mg TABLETAS MASTICABLES X 20 tabletas,DOLKIDS 160 mg X 20 TABLETAS MASTICABLES,TABLETAS,TABLETAS MASTICABLES,limpio
E.F.42.184,ME42184,DOLNIX 150 mg CAPSULAS X 20 capsulas,DOLNIX 150 mg X 20 CAPSULAS,CAPSULAS,CAPSULAS,limpio
E.F.G.44.581,ME44581/2,Domperidona 10mg Tabletas X 10 tabletas,Domperidona 10mg X 10 Tabletas,TABLETAS,Tabletas,limpio
E.F.G.44.581,ME44581/3,Domperidona 10mg Tabletas X 15 tabletas,Domperidona 10mg X 15 Tabletas,TABLETAS,Tabletas,limpio
E.F.G.44.581,ME44581/4,Domperidona 10mg Tabletas X 30 tabletas,Domperidona 10mg X 30 Tabletas,TABLETAS,Tabletas,limpio
E.F.36.325,ME36325,DOMPESIN 10 mg COMPRIMIDOS X 30 comprimidos,DOMPESIN 10 mg X 30 COMPRIMIDOS,COMPRIMIDOS,COMPRIMIDOS,limpio
E.F.44.460,ME44460/3,DONEPEZILO CLORHIDRATO 10 mg CÁPSULAS X 56 recubierta,DONEPEZILO CLORHIDRATO 10 mg X 56 CÁPSULAS,CAPSULAS,CÁPSULAS,limpio
E.F.44.460,ME44460/2,DONEPEZILO CLORHIDRATO 10 mg CÁPSULAS X 10 tabletas,DONEPEZILO CLORHIDRATO 10 mg X 10 CÁPSULAS,CAPSULAS,CÁPSULAS,limpio
E.F.32.119,ME32119/4,DORIXINA FLEX 125 mg - 5 mg COMPRIMIDOS RECUBIERTOS X 20 recubierta,DORIXINA FLEX 125 mg - 5 mg X 20 COMPRIMIDOS RECUBIERTOS,COMPRIMIDOS,COMPRIMIDOS RECUBIERTOS,limpio
E.F.32.119,ME32119/2,DORIXINA FLEX 125 mg - 5 mg COMPRIMIDOS RECUBIERTOS X 5 recubierta,DORIXINA FLEX 125 mg - 5 mg X 5 COMPRIMIDOS RECUBIERTOS,COMPRIMIDOS,COMPRIMIDOS RECUBIERTOS,limpio
E.F.32.119,ME32119/3,DORIXINA FLEX 125 mg - 5 mg COMPRIMIDOS RECUBIERTOS X 10 comprimidos,DORIXINA FLEX 125 mg - 5 mg X 10 COMPRIMIDOS RECUBIERTOS,COMPRIMIDOS,COMPRIMIDOS RECUBIERTOS,limpio
E.F.G.43.060,ME43060,DOXICICLINA 100 mg CAPSULAS X 10 capsulas,DOXICICLINA 100 mg X 10 CAPSULAS,CAPSULAS,CAPSULAS,limpio
E.F.G.20.337,ME20337,DOXICICLINA 100 mg CAPSULAS X 10 capsulas,DOXICICLINA 100 mg X 10 CAPSULAS,CAPSULAS,CAPSULAS,limpio
E.F.21.021,ME21021,DOXIUM 500 mg CAPSULAS X 30 capsulas,DOXIUM 500 mg X 30 CAPSULAS,CAPSULAS,CAPSULAS,limpio
E.F.G.42.749,ME42749,DULOXETINA 60 mg TABLETAS GASTRORRESISTENTES X 28 capsulas,DULOXETINA 60 mg X 28 TABLETAS GASTRORRESISTENTES,TABLETAS,TABLETAS GASTRORRESISTENTES,limpio
E.F.32.615,ME32615/3,DUROVAL 50 mg TABLETAS RECUBIERTAS X 2 tabletas,DUROVAL 50 mg X 2 TABLETAS RECUBIERTAS,TABLETAS,TABLETAS RECUBIERTAS,limpio
E.F.32.615,ME32615/2,DUROVAL 50 mg TABLETAS RECUBIERTAS X 1 tabletas,DUROVAL 50 mg X 1 TABLETAS RECUBIERTAS,TABLETAS,TABLETAS RECUBIERTAS,limpio
E.F.32.615,ME32615/4,DUROVAL 50 mg TABLETAS RECUBIERTAS X 3 tabletas,DUROVAL 50 mg X 3 TABLETAS RECUBIERTAS,TABLETAS,TABLETAS RECUBIERTAS,limpio
E.F.32.615,ME32615/5,DUROVAL 50 mg TABLETAS RECUBIERTAS X 10 recubierta,DUROVAL 50 mg X 10 TABLETAS RECUBIERTAS,TABLETAS,TABLETAS RECUBIERTAS,limpio
E.F.44.389,ME44389/2,"TAMSULON DUO 0,5 mg - 0,4 mg CÁPSULAS DE LIBERACION PROLONGADA X 10 capsulas","TAMSULON DUO 0,5 mg - 0,4 mg X 10 CÁPSULAS DE LIBERACION PROLONGADA",CAPSULAS,CÁPSULAS DE LIBERACION PROLONGADA,limpio
E.F.44.389,ME44389/3,"TAMSULON DUO 0,5 mg - 0,4 mg CÁPSULAS DE LIBERACION PROLONGADA X 30 capsulas","TAMSULON DUO 0,5 mg - 0,4 mg X 30 CÁPSULAS DE LIBERACION PROLONGADA",CAPSULAS,CÁPSULAS DE LIBERACION PROLONGADA,limpio
E.F.11.176,ME11176,DUVADILAN 10 mg COMPRIMIDOS X 30 comprimidos,DUVADILAN 10 mg X 30 COMPRIMIDOS,COMPRIMIDOS,COMPRIMIDOS,limpio
E.F.36.415,ME36415,EDAGAN 200 mg COMPRIMIDOS RECUBIERTOS X 30 comprimidos,EDAGAN 200 mg X 30 COMPRIMIDOS RECUBIERTOS,COMPRIMIDOS,COMPRIMIDOS RECUBIERTOS,limpio
E.F.36.330,ME36330,EDAGAN 25 mg COMPRIMIDOS RECUBIERTOS X 30 comprimidos,EDAGAN 25 mg X 30 COMPRIMIDOS RECUBIERTOS,COMPRIMIDOS,COMPRIMIDOS RECUBIERTOS,limpio
E.F.30.096,HO30096,EDEMID 10 mg / mL SOLUCION INYECTABLE X 5 solucion inyectable,EDEMID 10 mg / mL X 5 AMPOLLAS,INYECTABLE,SOLUCION INYECTABLE,limpio
E.F.G.44.046,ME44046,EMPAGLIFLOZINA - LINAGLIPTINA 10 mg - 5 mg COMPRIMIDOS RECUBIERTOS X 30 tabletas,EMPAGLIFLOZINA - LINAGLIPTINA 10 mg - 5 mg X 30 COMPRIMIDOS RECUBIERTOS,COMPRIMIDOS,COMPRIMIDOS RECUBIERTOS,limpio
E.F.G.44.045,ME44045,EMPAGLIFLOZINA - LINAGLIPTINA 25 mg - 5 mg COMPRIMIDOS RECUBIERTOS X 30 tabletas,EMPAGLIFLOZINA - LINAGLIPTINA 25 mg - 5 mg X 30 COMPRIMIDOS RECUBIERTOS,COMPRIMIDOS,COMPRIMIDOS RECUBIERTOS,limpio
E.F.G.26.688,ME26688,ENALAPRIL MALEATO 10 mg COMPRIMIDOS RECUBIERTOS X 20 comprimidos,ENALAPRIL MALEATO 10 mg X 20 COMPRIMIDOS RECUBIERTOS,COMPRIMIDOS,COMPRIMIDOS RECUBIERTOS,limpio
E.F.G.43.620,ME43620,LERCANIDIPINA CLORHIDRATO – ENALAPRIL MALEATO 10 mg – 20 mg COMPRIMIDOS RECUBIERTOS X 30 comprimidos,LERCANIDIPINA CLORHIDRATO – ENALAPRIL MALEATO 10 mg – 20 mg X 30 COMPRIMIDOS RECUBIERTOS,COMPRIMIDOS,COMPRIMIDOS RECUBIERTOS,limpio
E.F.G.43.619,ME43619,LERCANIDIPINA CLORHIDRATO - ENALAPRIL MALEATO 10 mg - 10 mg COMPRIMIDOS RECUBIERTOS X 30 tabletas,LERCANIDIPINA CLORHIDRATO - ENALAPRIL MALEATO 10 mg - 10 mg X 30 COMPRIMIDOS RECUBIERTOS,COMPRIMIDOS,COMPRIMIDOS RECUBIERTOS,limpio
E.F.G.34.887,ME34887,ENALAPRIL MALEATO 10 mg TABLETAS X 30 tabletas,ENALAPRIL MALEATO 10 mg X 30 TABLETAS,TABLETAS,TABLETAS,limpio
E.F.G.26.416,ME26416/2,ENALAPRIL 20 mg TABLETAS X 20 tabletas,ENALAPRIL 20 mg X 20 TABLETAS,TABLETAS,TABLETAS,limpio
E.F.G.26.416,ME26416/3,ENALAPRIL 20 mg TABLETAS X 30 tabletas,ENALAPRIL 20 mg X 30 TABLETAS,TABLETAS,TABLETAS,limpio
E.F.G.34.824,ME34824,ENALAPRIL MALEATO 20 mg TABLETAS X 30 tabletas,ENALAPRIL MALEATO 20 mg X 30 TABLETAS,TABLETAS,TABLETAS,limpio
P.B.1.103,ME1103,ENTEROGERMINA (ESPORAS DE BACILLUS CLAUSII) 2 MILLARDOS / 5 mL SUSPENSION ORAL X 10 oral,ENTEROGERMINA (ESPORAS DE BACILLUS CLAUSII) 2 MILLARDOS / 5 mL X 10 SUSPENSION ORAL,SOLUCION ORAL,SUSPENSION ORAL,limpio
E.F.43.715,ME43715,EPITRAL 25 MG TABLETAS X 30 tabletas,EPITRAL 25 MG X 30 TABLETAS,TABLETAS,TABLETAS,limpio
E.F.42.128,ME42128,EPITRAL 100 mg TABLETAS X 30 recubierta,EPITRAL 100 mg X 30 TABLETAS,TABLETAS,TABLETAS,limpio
E.F.42.127,ME42127,EPITRAL 50 mg TABLETAS X 30 recubierta,EPITRAL 50 mg X 30 TABLETAS,TABLETAS,TABLETAS,limpio
E.F.G.37.000,ME37000,ERITROMICINA 500 mg TABLETAS RECUBIERTAS X 10 tabletas,ERITROMICINA 500 mg X 10 TABLETAS RECUBIERTAS,TABLETAS,TABLETAS RECUBIERTAS,limpio
E.F.G.40.959,ME40959/4,ESCITALOPRAM 10 mg COMPRIMIDOS RECUBIERTOS X 56 comprimidos,ESCITALOPRAM 10 mg X 56 COMPRIMIDOS RECUBIERTOS,COMPRIMIDOS,COMPRIMIDOS RECUBIERTOS,limpio
E.F.G.40.959,ME40959/2,ESCITALOPRAM 10 mg COMPRIMIDOS RECUBIERTOS X 14 tabletas,ESCITALOPRAM 10 mg X 14 COMPRIMIDOS RECUBIERTOS,COMPRIMIDOS,COMPRIMIDOS RECUBIERTOS,limpio
E.F.G.40.959,ME40959/3,ESCITALOPRAM 10 mg COMPRIMIDOS RECUBIERTOS X 30 tabletas,ESCITALOPRAM 10 mg X 30 COMPRIMIDOS RECUBIERTOS,COMPRIMIDOS,COMPRIMIDOS RECUBIERTOS,limpio
E.F.G.40.960,ME40960/3,ESCITALOPRAM 20 mg COMPRIMIDOS RECUBIERTOS X 30 recubierta,ESCITALOPRAM 20 mg X 30 COMPRIMIDOS RECUBIERTOS,COMPRIMIDOS,COMPRIMIDOS RECUBIERTOS,limpio
E.F.G.40.960,ME40960/2,ESCITALOPRAM 20 mg COMPRIMIDOS RECUBIERTOS X 28 tabletas,ESCITALOPRAM 20 mg X 28 COMPRIMIDOS RECUBIERTOS,COMPRIMIDOS,COMPRIMIDOS RECUBIERTOS,limpio
E.F.G.38.504,ME38504/3,ESCITALOPRAM 10 mg TABLETAS RECUBIERTAS X 30 tabletas,ESCITALOPRAM 10 mg X 30 TABLETAS RECUBIERTAS,TABLETAS,TABLETAS RECUBIERTAS,limpio
E.F.G.38.504,ME38504/2,ESCITALOPRAM 10 mg TABLETAS RECUBIERTAS X 28 tabletas,ESCITALOPRAM 10 mg X 28 TABLETAS RECUBIERTAS,TABLETAS,TABLETAS RECUBIERTAS,limpio
E.F.G.41.771,ME41771/3,ESCITALOPRAM 20 mg TABLETAS RECUBIERTAS X 30 tabletas,ESCITALOPRAM 20 mg X 30 TABLETAS RECUBIERTAS,TABLETAS,TABLETAS RECUBIERTAS,limpio
E.F.G.41.771,ME41771/2,ESCITALOPRAM 20 mg TABLETAS RECUBIERTAS X 14 recubierta,ESCITALOPRAM 20 mg X 14 TABLETAS RECUBIERTAS,TABLETAS,TABLETAS RECUBIERTAS,limpio
E.F.G.43.340,ME43340,ESCITALOPRAM 5 mg TABLETAS RECUBIERTAS X 30 tabletas,ESCITALOPRAM 5 mg X 30 TABLETAS RECUBIERTAS,TABLETAS,TABLETAS RECUBIERTAS,limpio
E.F.G.43.163,ME43163,ESCITALOPRAM 10 mg TABLETAS RECUBIERTAS X 28 recubierta,ESCITALOPRAM 10 mg X 28 TABLETAS RECUBIERTAS,TABLETAS,TABLETAS RECUBIERTAS,limpio
E.F.40.578,ME40578,ESMIRTAL 20 mg COMPRIMIDOS RECUBIERTOS X 30 comprimidos,ESMIRTAL 20 mg X 30 COMPRIMIDOS RECUBIERTOS,COMPRIMIDOS,COMPRIMIDOS RECUBIERTOS,limpio
E.F.44.181,ME44181,ESOCOF 10 mg TABLETAS RECUBIERTAS X 30 recubierta,ESOCOF 10 mg X 30 TABLETAS RECUBIERTAS,TABLETAS,TABLETAS RECUBIERTAS,limpio
E.F.G.35.847,ME35847/2,ESOMEPRAZOL 40mg TABLETAS RECUBIERTAS X 10 capsulas,ESOMEPRAZOL 40mg X 10 TABLETAS RECUBIERTAS,TABLETAS,TABLETAS RECUBIERTAS,limpio
E.F.G.35.847,ME35847/5,ESOMEPRAZOL 40mg TABLETAS RECUBIERTAS X 20 capsulas,ESOMEPRAZOL 40mg X 20 TABLETAS RECUBIERTAS,TABLETAS,TABLETAS RECUBIERTAS,limpio
E.F.G.35.847,ME35847/4,ESOMEPRAZOL 40mg TABLETAS RECUBIERTAS X 16 capsulas,ESOMEPRAZOL 40mg X 16 TABLETAS RECUBIERTAS,TABLETAS,TABLETAS RECUBIERTAS,limpio
E.F.G.35.847,ME35847/3,ESOMEPRAZOL 40mg TABLETAS RECUBIERTAS X 14 recubierta,ESOMEPRAZOL 40mg X 14 TABLETAS RECUBIERTAS,TABLETAS,TABLETAS RECUBIERTAS,limpio
E.F.G.37.458,ME37458/2,ESOMEPRAZOL 20 mg CAPSULAS CON MICROGRANULOS DE LIBERACION ENTERICA X 16 capsulas,ESOMEPRAZOL 20 mg X 16 CAPSULAS CON MICROGRANULOS DE LIBERACION ENTERICA,CAPSULAS,CAPSULAS CON MICROGRANULOS DE LIBERACION ENTERICA,limpio
E.F.G.37.458,ME37458/3,ESOMEPRAZOL 20 mg CAPSULAS CON MICROGRANULOS DE LIBERACION ENTERICA X 28 capsulas,ESOMEPRAZOL 20 mg X 28 CAPSULAS CON MICROGRANULOS DE LIBERACION ENTERICA,CAPSULAS,CAPSULAS CON MICROGRANULOS DE LIBERACION ENTERICA,limpio
E.F.G.38.579,ME38579,ESOMEPRAZOL 20 mg TABLETAS CON CUBIERTA ENTERICA X 20 capsulas,ESOMEPRAZOL 20 mg X 20 TABLETAS CON CUBIERTA ENTERICA,TABLETAS,TABLETAS CON CUBIERTA ENTERICA,limpio
E.F.G.35.130,ME35130/3,ESOMEPRAZOL 20 mg TABLETAS RECUBIERTAS X 20 tabletas,ESOMEPRAZOL 20 mg X 20 TABLETAS RECUBIERTAS,TABLETAS,TABLETAS RECUBIERTAS,limpio
E.F.G.35.130,ME35130/2,ESOMEPRAZOL 20 mg TABLETAS RECUBIERTAS X 14 recubierta,ESOMEPRAZOL 20 mg X 14 TABLETAS RECUBIERTAS,TABLETAS,TABLETAS RECUBIERTAS,limpio
E.F.35.407,ME35407/3,ESOZ 20 mg TABLETAS RECUBIERTAS X 14 capsulas,ESOZ 20 mg X 14 TABLETAS RECUBIERTAS,TABLETAS,TABLETAS RECUBIERTAS,limpio
E.F.35.407,ME35407/4,ESOZ 20 mg TABLETAS RECUBIERTAS X 28 capsulas,ESOZ 20 mg X 28 TABLETAS RECUBIERTAS,TABLETAS,TABLETAS RECUBIERTAS,limpio
E.F.35.407,ME35407/2,ESOZ 20 mg TABLETAS RECUBIERTAS X 7 capsulas,ESOZ 20 mg X 7 TABLETAS RECUBIERTAS,TABLETAS,TABLETAS RECUBIERTAS,limpio
E.F.34.984,ME34984/3,ESOZ 40 mg TABLETAS RECUBIERTAS DE LIBERACION RETARDADA X 14 capsulas,ESOZ 40 mg X 14 TABLETAS RECUBIERTAS DE LIBERACION RETARDADA,TABLETAS,TABLETAS RECUBIERTAS DE LIBERACION RETARDADA,limpio
E.F.34.984,ME34984/4,ESOZ 40 mg TABLETAS RECUBIERTAS DE LIBERACION RETARDADA X 28 capsulas,ESOZ 40 mg X 28 TABLETAS RECUBIERTAS DE LIBERACION RETARDADA,TABLETAS,TABLETAS RECUBIERTAS DE LIBERACION RETARDADA,limpio
E.F.34.984,ME34984/2,ESOZ 40 mg TABLETAS RECUBIERTAS DE LIBERACION RETARDADA X 7 capsulas,ESOZ 40 mg X 7 TABLETAS RECUBIERTAS DE LIBERACION RETARDADA,TABLETAS,TABLETAS RECUBIERTAS DE LIBERACION RETARDADA,limpio
E.F.35.208,ME35208,"ESPARFLIN 0,5 mg / mL JARABE X 10 recubierta","ESPARFLIN 0,5 mg / mL X 10 JARABE",JARABE,JARABE,limpio
E.F.G.33.352,ME33352/2,ESPIRONOLACTONA 25 mg TABLETAS X 10 tabletas,ESPIRONOLACTONA 25 mg X 10 TABLETAS,TABLETAS,TABLETAS,limpio
E.F.G.33.352,ME33352/4,ESPIRONOLACTONA 25 mg TABLETAS X 30 tabletas,ESPIRONOLACTONA 25 mg X 30 TABLETAS,TABLETAS,TABLETAS,limpio
E.F.G.33.352,ME33352/3,ESPIRONOLACTONA 25 mg TABLETAS X 20 tabletas,ESPIRONOLACTONA 25 mg X 20 TABLETAS,TABLETAS,TABLETAS,limpio
E.F.43.795,ME43795,ESQUIDONE 1 mg/mL SOLUCIÓN ORAL  X 30 recubierta,ESQUIDONE 1 mg/mL X 30 SOLUCIÓN ORAL,SOLUCION ORAL,SOLUCIÓN ORAL,limpio
E.F.40.159,ME40159,ESQUIDONE 2 mg TABLETAS RECUBIERTAS X 30 recubierta,ESQUIDONE 2 mg X 30 TABLETAS RECUBIERTAS,TABLETAS,TABLETAS RECUBIERTAS,limpio
E.F.39.561,ME39561,ESQUIDONE 3 mg TABLETAS RECUBIERTAS X 30 recubierta,ESQUIDONE 3 mg X 30 TABLETAS RECUBIERTAS,TABLETAS,TABLETAS RECUBIERTAS,limpio
E.F.G.41.333,ME41333,ETORICOXIB 60 mg TABLETAS RECUBIERTAS X 10 tabletas,ETORICOXIB 60 mg X 10 TABLETAS RECUBIERTAS,TABLETAS,TABLETAS RECUBIERTAS,limpio
E.F.G.41.306,ME41306,ETORICOXIB 90 mg TABLETAS RECUBIERTAS X 10 tabletas,ETORICOXIB 90 mg X 10 TABLETAS RECUBIERTAS,TABLETAS,TABLETAS RECUBIERTAS,limpio
E.F.39.929,ME39929,EUKENE 40 mg COMPRIMIDOS RECUBIERTOS X 30 comprimidos,EUKENE 40 mg X 30 COMPRIMIDOS RECUBIERTOS,COMPRIMIDOS,COMPRIMIDOS RECUBIERTOS,limpio
E.F.42.010,ME42010,"EUKENE HCT 40 mg - 12,5 mg COMPRIMIDOS RECUBIERTOS X 30 comprimidos","EUKENE HCT 40 mg - 12,5 mg X 30 COMPRIMIDOS RECUBIERTOS",COMPRIMIDOS,COMPRIMIDOS RECUBIERTOS,limpio
E.F.42.009,ME42009,EUKENE HCT 40 mg - 25 mg COMPRIMIDOS RECUBIERTOS X 30 comprimidos,EUKENE HCT 40 mg - 25 mg X 30 COMPRIMIDOS RECUBIERTOS,COMPRIMIDOS,COMPRIMIDOS RECUBIERTOS,limpio
E.F.23.115,ME23115/3,EUSILEN 4 mg COMPRIMIDOS X 15 comprimidos,EUSILEN 4 mg X 15 COMPRIMIDOS,COMPRIMIDOS,COMPRIMIDOS,limpio
E.F.23.115,ME23115/2,EUSILEN 4 mg COMPRIMIDOS X 8 comprimidos,EUSILEN 4 mg X 8 COMPRIMIDOS,COMPRIMIDOS,COMPRIMIDOS,limpio
E.F.39.742,ME39742,EUTEBROL 20 mg COMPRIMIDOS X 30 comprimidos,EUTEBROL 20 mg X 30 COMPRIMIDOS,COMPRIMIDOS,COMPRIMIDOS,limpio
E.F.44.070,ME44070,EVABOLIN 25 mg TABLETAS RECUBIERTAS X 30 recubierta,EVABOLIN 25 mg X 30 TABLETAS RECUBIERTAS,TABLETAS,TABLETAS RECUBIERTAS,limpio
E.F.43.622,ME43622,EXOM 20 MG CAPSULAS CON MICROGRANULOS GASTRORRESISTENTES X 14 capsulas,EXOM 20 MG X 14 CAPSULAS CON MICROGRANULOS GASTRORRESISTENTES,CAPSULAS,CAPSULAS CON MICROGRANULOS GASTRORRESISTENTES,limpio
E.F.43.210,ME43210,EXOVIS DUO 875 mg - 125 mg TABLETAS RECUBIERTAS X 14 tabletas,EXOVIS DUO 875 mg - 125 mg X 14 TABLETAS RECUBIERTAS,TABLETAS,TABLETAS RECUBIERTAS,limpio
E.F.43.398,ME43398,EZOLIUM 20 mg CAPSULAS X 30 capsulas,EZOLIUM 20 mg X 30 CAPSULAS,CAPSULAS,CAPSULAS,limpio
E.F.43.399,ME43399,EZOLIUM 40 mg CAPSULAS X 30 capsulas,EZOLIUM 40 mg X 30 CAPSULAS,CAPSULAS,CAPSULAS,limpio
E.F.28.167,ME28167,FAMULCER 40 mg TABLETAS X 10 tabletas,FAMULCER 40 mg X 10 TABLETAS,TABLETAS,TABLETAS,limpio
E.F.32.558,ME32558,FEBRILIX 500 mg TABLETAS X 20 tabletas,FEBRILIX 500 mg X 20 TABLETAS,TABLETAS,TABLETAS,limpio
E.F.43.813,ME43813,FEBRIP 500 mg COMPRIMIDOS  X 20 comprimidos,FEBRIP 500 mg X 20 COMPRIMIDOS,COMPRIMIDOS,COMPRIMIDOS,limpio
E.F.39.949,ME39949,FEMMEXTRA 200 mg - 10 mg CAPSULAS X 10 capsulas,FEMMEXTRA 200 mg - 10 mg X 10 CAPSULAS,CAPSULAS,CAPSULAS,limpio
E.F.G.35.889,HO35889/3,FENITOINA SODICA 250 mg / 5 mL SOLUCION INYECTABLE X 30 tabletas,FENITOINA SODICA 250 mg / 5 mL X 30 AMPOLLAS,INYECTABLE,SOLUCION INYECTABLE,limpio
E.F.G.35.889,HO35889/2,FENITOINA SODICA 250 mg / 5 mL SOLUCION INYECTABLE X 10 solucion inyectable,FENITOINA SODICA 250 mg / 5 mL X 10 AMPOLLAS,INYECTABLE,SOLUCION INYECTABLE,limpio
E.F.27.405,ME27405/2,FERGANIC 40 mg CAPSULAS X 14 capsulas,FERGANIC 40 mg X 14 CAPSULAS,CAPSULAS,CAPSULAS,limpio
E.F.27.405,ME27405/3,FERGANIC 40 mg CAPSULAS X 24 capsulas,FERGANIC 40 mg X 24 CAPSULAS,CAPSULAS,CAPSULAS,limpio
E.F.27.405,ME27405/4,FERGANIC 40 mg CAPSULAS X 30 capsulas,FERGANIC 40 mg X 30 CAPSULAS,CAPSULAS,CAPSULAS,limpio
E.F.33.240,ME33240/3,FERGANIC FOLIC 40 mg - 360 mcg / 15 mL JARABE X 20 masticable,FERGANIC FOLIC 40 mg - 360 mcg / 15 mL X 20 JARABE,JARABE,JARABE,limpio
E.F.33.240,ME33240/2,FERGANIC FOLIC 40 mg - 360 mcg / 15 mL JARABE X 1 ampollas,FERGANIC FOLIC 40 mg - 360 mcg / 15 mL X 1 JARABE,JARABE,JARABE,limpio
E.F.33.240,ME33240/4,FERGANIC FOLIC 40 mg - 360 mcg / 15 mL JARABE X 30 capsulas,FERGANIC FOLIC 40 mg - 360 mcg / 15 mL X 30 JARABE,JARABE,JARABE,limpio
E.F.43.195,HO43195,FERGANIC 100 mg / 5 mL SOLUCION INYECTABLE X 1 inyectable,FERGANIC 100 mg / 5 mL X 1 AMPOLLAS,INYECTABLE,SOLUCION INYECTABLE,limpio
E.F.14.878,ME14878,FERROCE 300 mg - 50 mg TABLETAS ENTERICAS X 30 grajeas,FERROCE 300 mg - 50 mg X 30 TABLETAS ENTERICAS,TABLETAS,TABLETAS ENTERICAS,limpio
P.B.1.319,ME1319/2,FESTAL (PANCREATINA DE ORIGEN PORCINO) GRAGEAS X 10 grajeas,FESTAL (PANCREATINA DE ORIGEN PORCINO) X 10 GRAGEAS,GRAGEAS,GRAGEAS,limpio
P.B.1.319,ME1319/3,FESTAL (PANCREATINA DE ORIGEN PORCINO) GRAGEAS X 20 grajeas,FESTAL (PANCREATINA DE ORIGEN PORCINO) X 20 GRAGEAS,GRAGEAS,GRAGEAS,limpio
E.F.G.36.163,ME36163,FEXOFENADINA CLORHIDRATO 180 mg TABLETAS RECUBIERTAS X 10 tabletas,FEXOFENADINA CLORHIDRATO 180 mg X 10 TABLETAS RECUBIERTAS,TABLETAS,TABLETAS RECUBIERTAS,limpio
E.F.G.36.180,ME36180,FEXOFENADINA CLORHIDRATO 120 mg TABLETAS RECUBIERTAS X 10 tabletas,FEXOFENADINA CLORHIDRATO 120 mg X 10 TABLETAS RECUBIERTAS,TABLETAS,TABLETAS RECUBIERTAS,limpio
E.F.G.30.089,ME30089,FINASTERIDE 5 mg TABLETAS RECUBIERTAS X 30 tabletas,FINASTERIDE 5 mg X 30 TABLETAS RECUBIERTAS,TABLETAS,TABLETAS RECUBIERTAS,limpio
E.F.784,ME784,NIAZOL 1mg / mL SOLUCION NASAL X 10 solucion,NIAZOL 1mg / mL X 10 SOLUCION NASAL,SOLUCION NASAL,SOLUCION NASAL,limpio
E.F.13.715,ME13715,MONOSULPA SOLUCION NASAL X 260 solucion,MONOSULPA X 260 SOLUCION NASAL,SOLUCION NASAL,SOLUCION NASAL,limpio
E.F.38.634,ME38634/2,FITEX 20 mg TABLETAS X 1 tabletas,FITEX 20 mg X 1 TABLETAS,TABLETAS,TABLETAS,limpio
E.F.38.634,ME38634/3,FITEX 20 mg TABLETAS X 2 tabletas,FITEX 20 mg X 2 TABLETAS,TABLETAS,TABLETAS,limpio
E.F.39.597,ME39597/2,FITEX 5 mg TABLETAS X 10 recubierta,FITEX 5 mg X 10 TABLETAS,TABLETAS,TABLETAS,limpio
E.F.39.597,ME39597/3,FITEX 5 mg TABLETAS X 30 tabletas,FITEX 5 mg X 30 TABLETAS,TABLETAS,TABLETAS,limpio
E.F.29.074,ME29074,FLAVOL 300 mg CAPSULAS X 20 capsulas,FLAVOL 300 mg X 20 CAPSULAS,CAPSULAS,CAPSULAS,limpio
E.F.G.40.011,ME40011/2,FLAVOXATO 200 mG COMPRIMIDOS RECUBIERTOS X 10 tabletas,FLAVOXATO 200 mG X 10 COMPRIMIDOS RECUBIERTOS,COMPRIMIDOS,COMPRIMIDOS RECUBIERTOS,limpio
E.F.G.40.011,ME40011/3,FLAVOXATO 200 mG COMPRIMIDOS RECUBIERTOS X 20 recubierta,FLAVOXATO 200 mG X 20 COMPRIMIDOS RECUBIERTOS,COMPRIMIDOS,COMPRIMIDOS RECUBIERTOS,limpio
E.F.G.44.088,ME44088,FLAVOXATO 200 mg TABLETAS RECUBIERTAS X 30 tabletas,FLAVOXATO 200 mg X 30 TABLETAS RECUBIERTAS,TABLETAS,TABLETAS RECUBIERTAS,limpio
E.F.G.41.029,ME41029,FLAVOXATO CLORHIDRATO 200 mg TABLETAS RECUBIERTAS X 10 recubierta,FLAVOXATO CLORHIDRATO 200 mg X 10 TABLETAS RECUBIERTAS,TABLETAS,TABLETAS RECUBIERTAS,limpio
E.F.24.421,HO24421,FLEMIBAR 20 mg - 2500 mg / 5 mL SOLUCION INYECTABLE X 3 solucion inyectable,FLEMIBAR 20 mg - 2500 mg / 5 mL X 3 AMPOLLAS,INYECTABLE,SOLUCION INYECTABLE,limpio
E.F.24.420,ME24420,FLEMIBAR 10 mg - 250 mg COMPRIMIDOS RECUBIERTOS X 10 comprimidos,FLEMIBAR 10 mg - 250 mg X 10 COMPRIMIDOS RECUBIERTOS,COMPRIMIDOS,COMPRIMIDOS RECUBIERTOS,limpio
E.F.35.680,ME35680,"FLINAS 0,05% SUSPENSION NASAL PARA NEBULIZAR X 140 suspension","FLINAS 0,05% X 140 SUSPENSION NASAL PARA NEBULIZAR",SUSPENSION ORAL,SUSPENSION NASAL PARA NEBULIZAR,limpio
E.F.27.243,ME27243,FLUCON 150 mg CAPSULAS X 2 capsulas,FLUCON 150 mg X 2 CAPSULAS,CAPSULAS,CAPSULAS,limpio
E.F.41.686,ME41686,FLUCON 200 mg CAPSULAS X 4 capsulas,FLUCON 200 mg X 4 CAPSULAS,CAPSULAS,CAPSULAS,limpio
E.F.36.216,HO36216,EXOMAX 200mg/100mL SOLUCION INYECTABLE PARA INFUSION INTRAVENOSA X 1 solucion inyectable,EXOMAX 200mg/100mL X 1 AMPOLLAS,INYECTABLE,SOLUCION INYECTABLE PARA INFUSION INTRAVENOSA,limpio
E.F.G.27.527,ME27527,FLUCONAZOL 150 mg CAPSULAS X 2 capsulas,FLUCONAZOL 150 mg X 2 CAPSULAS,CAPSULAS,CAPSULAS,limpio
E.F.G.43.733,ME43733,FLUCONAZOL 150 mg CAPSULAS X 2 capsulas,FLUCONAZOL 150 mg X 2 CAPSULAS,CAPSULAS,CAPSULAS,limpio
E.F.G.28.339,ME28339,FLUCONAZOL 150 mg CAPSULAS X 2 capsulas,FLUCONAZOL 150 mg X 2 CAPSULAS,CAPSULAS,CAPSULAS,limpio
E.F.G.34.692,ME34692,FLUCONAZOL 150 mg CAPSULAS X 2 capsulas,FLUCONAZOL 150 mg X 2 CAPSULAS,CAPSULAS,CAPSULAS,limpio
E.F.G.42.709,ME42709/2,FLUCONAZOL 150 mg TABLETAS X 2 tabletas,FLUCONAZOL 150 mg X 2 TABLETAS,TABLETAS,TABLETAS,limpio
E.F.G.42.709,ME42709/3,FLUCONAZOL 150 mg TABLETAS X 4 tabletas,FLUCONAZOL 150 mg X 4 TABLETAS,TABLETAS,TABLETAS,limpio
E.F.28.326,ME28326/2,FLUDIL 10 mg TABLETAS X 20 tabletas,FLUDIL 10 mg X 20 TABLETAS,TABLETAS,TABLETAS,limpio
E.F.28.326,ME28326/3,FLUDIL 10 mg TABLETAS X 40 tabletas,FLUDIL 10 mg X 40 TABLETAS,TABLETAS,TABLETAS,limpio
E.F.G.42.815,HO42815,"FLUMAZENIL 0,5 mg / 5 mL SOLUCION INYECTABLE X 1 solucion inyectable","FLUMAZENIL 0,5 mg / 5 mL X 1 AMPOLLAS",INYECTABLE,SOLUCION INYECTABLE,limpio
E.F.G.43.024,ME43024,FLUNARIZINA 10 mg TABLETAS RECUBIERTAS X 30 tabletas,FLUNARIZINA 10 mg X 30 TABLETAS RECUBIERTAS,TABLETAS,TABLETAS RECUBIERTAS,limpio
E.F.G.31.214,ME31214,FLUOXETINA 20 mg CAPSULAS X 14 capsulas,FLUOXETINA 20 mg X 14 CAPSULAS,CAPSULAS,CAPSULAS,limpio
E.F.G.28.981,ME28981,FLUOXETINA 20 mg CAPSULAS X 14 capsulas,FLUOXETINA 20 mg X 14 CAPSULAS,CAPSULAS,CAPSULAS,limpio
E.F.G.28.948,ME28948,FLUOXETINA 20 mg CAPSULAS X 28 capsulas,FLUOXETINA 20 mg X 28 CAPSULAS,CAPSULAS,CAPSULAS,limpio
E.F.G.43.528,ME43528,FLUOXETINA 20 mg TABLETAS RECUBIERTAS X 30 tabletas,FLUOXETINA 20 mg X 30 TABLETAS RECUBIERTAS,TABLETAS,TABLETAS RECUBIERTAS,limpio
E.F.21.985,ME21985,FOLIFER B-12 TABLETAS X 30 tabletas,FOLIFER B-12 X 30 TABLETAS,TABLETAS,TABLETAS,limpio
E.F.G.44.703,ME44703,"TIMOLOL - DORZOLAMIDA 0,5% - 2% SOLUCIÓN OFTALMICA X 28 comprimidos","TIMOLOL - DORZOLAMIDA 0,5% - 2% X 28 SOLUCIÓN OFTALMICA",SOLUCION OFTALMICA,SOLUCIÓN OFTALMICA,limpio
E.F.31.637,ME31637,FULGRAM 875 mg - 125 mg COMPRIMIDOS RECUBIERTOS X 16 recubierta,FULGRAM 875 mg - 125 mg X 16 COMPRIMIDOS RECUBIERTOS,COMPRIMIDOS,COMPRIMIDOS RECUBIERTOS,limpio
E.F.43.354,ME43354,FUNTRAZOL 100 mg CAPSULAS X 10 capsulas,FUNTRAZOL 100 mg X 10 CAPSULAS,CAPSULAS,CAPSULAS,limpio
E.F.G.32.365,HO32365,FUROSEMIDA 20 mg / 2 mL SOLUCION INYECTABLE X 3 solucion inyectable,FUROSEMIDA 20 mg / 2 mL X 3 AMPOLLAS,INYECTABLE,SOLUCION INYECTABLE,limpio
E.F.G.33.438,ME33438/2,FUROSEMIDA 20 mg TABLETAS X 12 tabletas,FUROSEMIDA 20 mg X 12 TABLETAS,TABLETAS,TABLETAS,limpio
E.F.G.33.438,ME33438/3,FUROSEMIDA 20 mg TABLETAS X 24 tabletas,FUROSEMIDA 20 mg X 24 TABLETAS,TABLETAS,TABLETAS,limpio
E.F.G.23.618,ME23618,FUROSEMIDA 40 mg COMPRIMIDOS X 12 tabletas,FUROSEMIDA 40 mg X 12 COMPRIMIDOS,COMPRIMIDOS,COMPRIMIDOS,limpio
E.F.G.33.388,ME33388/2,FUROSEMIDA 40 mg TABLETAS X 12 tabletas,FUROSEMIDA 40 mg X 12 TABLETAS,TABLETAS,TABLETAS,limpio
E.F.G.33.388,ME33388/3,FUROSEMIDA 40 mg TABLETAS X 24 tabletas,FUROSEMIDA 40 mg X 24 TABLETAS,TABLETAS,TABLETAS,limpio
E.F.G.21.300,ME21300,FUROSEMIDA 40 mg TABLETAS X 24 tabletas,FUROSEMIDA 40 mg X 24 TABLETAS,TABLETAS,TABLETAS,limpio
E.F.G.37.992,ME37992,GABAPANTINA 300 mg CAPSULAS X 20 capsulas,GABAPANTINA 300 mg X 20 CAPSULAS,CAPSULAS,CAPSULAS,limpio
E.F.G.34.981,ME34981/2,GABAPENTINA 300 mg CAPSULAS X 14 tabletas,GABAPENTINA 300 mg X 14 CAPSULAS,CAPSULAS,CAPSULAS,limpio
E.F.G.34.981,ME34981/3,GABAPENTINA 300 mg CAPSULAS X 30 tabletas,GABAPENTINA 300 mg X 30 CAPSULAS,CAPSULAS,CAPSULAS,limpio
E.F.20.787,ME20787,GABOX 200 mg COMPRIMIDOS X 20 tabletas,GABOX 200 mg X 20 COMPRIMIDOS,COMPRIMIDOS,COMPRIMIDOS,limpio
E.F.26.651,ME26651,GARDENAL 100 mg COMPRIMIDOS X 30 tabletas,GARDENAL 100 mg X 30 COMPRIMIDOS,COMPRIMIDOS,COMPRIMIDOS,limpio
E.F.39.975,ME39975/3,GENESA 3mg-20 mcg COMPRIMIDOS RECUBIERTOS X 28 recubierta,GENESA 3mg-20 mcg X 28 COMPRIMIDOS RECUBIERTOS,COMPRIMIDOS,COMPRIMIDOS RECUBIERTOS,limpio
E.F.39.975,ME39975/2,GENESA 3mg-20 mcg COMPRIMIDOS RECUBIERTOS X 21 comprimidos,GENESA 3mg-20 mcg X 21 COMPRIMIDOS RECUBIERTOS,COMPRIMIDOS,COMPRIMIDOS RECUBIERTOS,limpio
E.F.G.36.306,HO36306/3,GENTAMICINA 160mg / 2mL SOLUCION INYECTABLE X 10 solucion inyectable,GENTAMICINA 160mg / 2mL X 10 AMPOLLAS,INYECTABLE,SOLUCION INYECTABLE,limpio
E.F.G.36.306,HO36306/2,GENTAMICINA 160mg / 2mL SOLUCION INYECTABLE X 5 inyectable,GENTAMICINA 160mg / 2mL X 5 AMPOLLAS,INYECTABLE,SOLUCION INYECTABLE,limpio
E.F.24.164,ME24164,GENURIN 200 mg COMPRIMIDOS RECUBIERTOS X 10 grajeas,GENURIN 200 mg X 10 COMPRIMIDOS RECUBIERTOS,COMPRIMIDOS,COMPRIMIDOS RECUBIERTOS,limpio
E.F.G.33.501,ME33501,GLIBENCLAMIDA 5 mg COMPRIMIDOS X 10 tabletas,GLIBENCLAMIDA 5 mg X 10 COMPRIMIDOS,COMPRIMIDOS,COMPRIMIDOS,limpio
E.F.G.26.275,ME26275,GLIBENCLAMIDA 5 mg TABLETAS X 30 tabletas,GLIBENCLAMIDA 5 mg X 30 TABLETAS,TABLETAS,TABLETAS,limpio
E.F.G.43.877,ME43877,"GLICERINA 2,44g SUPOSITORIOS X 6 pediatrica","GLICERINA 2,44g X 6 SUPOSITORIOS",SUPOSITORIOS,SUPOSITORIOS,limpio
E.F.27.630,ME27630,GLIDAN 80 mg TABLETAS X 20 tabletas,GLIDAN 80 mg X 20 TABLETAS,TABLETAS,TABLETAS,limpio
E.F.43.215,ME43215,GLIFORMIN 1000 mg TABLETAS RECUBIERTAS X 30 tabletas,GLIFORMIN 1000 mg X 30 TABLETAS RECUBIERTAS,TABLETAS,TABLETAS RECUBIERTAS,limpio
E.F.43.214,ME43214,GLIFORMIN 850 mg TABLETAS RECUBIERTAS X 30 tabletas,GLIFORMIN 850 mg X 30 TABLETAS RECUBIERTAS,TABLETAS,TABLETAS RECUBIERTAS,limpio
E.F.G.32.187,ME32187,GLIMEPIRIDA 2 mg COMPRIMIDOS X 30 comprimidos,GLIMEPIRIDA 2 mg X 30 COMPRIMIDOS,COMPRIMIDOS,COMPRIMIDOS,limpio
E.F.G.36.207,ME36207,GLIMEPIRIDA 4 mg COMPRIMIDOS X 15 comprimidos,GLIMEPIRIDA 4 mg X 15 COMPRIMIDOS,COMPRIMIDOS,COMPRIMIDOS,limpio
E.F.32.727,ME32727,GLIMERID 2 mg TABLETAS X 30 tabletas,GLIMERID 2 mg X 30 TABLETAS,TABLETAS,TABLETAS,limpio
E.F.44.696,ME44696/2,GLIPTIN 500 mg - 50 mg COMPRIMIDOS RECUBIERTOS X 10 recubierta,GLIPTIN 500 mg - 50 mg X 10 COMPRIMIDOS RECUBIERTOS,COMPRIMIDOS,COMPRIMIDOS RECUBIERTOS,limpio
E.F.44.696,ME44696/3,GLIPTIN 500 mg - 50 mg COMPRIMIDOS RECUBIERTOS X 30 recubierta,GLIPTIN 500 mg - 50 mg X 30 COMPRIMIDOS RECUBIERTOS,COMPRIMIDOS,COMPRIMIDOS RECUBIERTOS,limpio
E.F.35.866,ME35866,GLUCOFAGE 500 mg XR TABLETAS DE LIBERACION RETARDADA X 30 tabletas,GLUCOFAGE 500 mg XR X 30 TABLETAS DE LIBERACION RETARDADA,TABLETAS,TABLETAS DE LIBERACION RETARDADA,limpio
E.F.44.000,ME44000,GLUCOVAL 10 mg TABLETAS RECUBIERTAS X 30 recubierta,GLUCOVAL 10 mg X 30 TABLETAS RECUBIERTAS,TABLETAS,TABLETAS RECUBIERTAS,limpio
E.F.44.001,ME44001,GLUCOVAL 25 mg TABLETAS RECUBIERTAS X 30 recubierta,GLUCOVAL 25 mg X 30 TABLETAS RECUBIERTAS,TABLETAS,TABLETAS RECUBIERTAS,limpio
E.F.35.669,ME35669,GLYMAR 2 mg TABLETAS X 20 tabletas,GLYMAR 2 mg X 20 TABLETAS,TABLETAS,TABLETAS,limpio
E.F.35.616,ME35616,GLYMAR 4 mg TABLETAS X 20 tabletas,GLYMAR 4 mg X 20 TABLETAS,TABLETAS,TABLETAS,limpio
E.F.35.120,ME35120,GRATIO 500 mg TABLETAS RECUBIERTAS X 10 recubierta,GRATIO 500 mg X 10 TABLETAS RECUBIERTAS,TABLETAS,TABLETAS RECUBIERTAS,limpio
E.F.25.838,ME25838,"GYNODERAIN 0,6 g OVULOS X 6 ovulos","GYNODERAIN 0,6 g X 6 OVULOS",OVULOS,OVULOS,limpio
E.F.43.566,ME43566,GYNOMET 750 mg - 200 mg OVULOS X 7 ovulos,GYNOMET 750 mg - 200 mg X 7 OVULOS,OVULOS,OVULOS,limpio
E.F.G.32.537,HO32537,HALOPERIDOL 5 mg / mL SOLUCION INYECTABLE X 30 tabletas,HALOPERIDOL 5 mg / mL X 30 AMPOLLAS,INYECTABLE,SOLUCION INYECTABLE,limpio
E.F.25.273,ME25273,HELAL 200 mg COMPRIMIDOS X 2 comprimidos,HELAL 200 mg X 2 COMPRIMIDOS,COMPRIMIDOS,COMPRIMIDOS,limpio
E.F.28.801,ME28801,HEPAFOL B12 TABLETAS RECUBIERTAS X 30 tabletas,HEPAFOL B12 X 30 TABLETAS RECUBIERTAS,TABLETAS,TABLETAS RECUBIERTAS,limpio
E.F.36.675,ME36675,"HEPROX 0,4 mg CAPSULAS DE LIBERACION PROLONGADA X 30 capsulas","HEPROX 0,4 mg X 30 CAPSULAS DE LIBERACION PROLONGADA",CAPSULAS,CAPSULAS DE LIBERACION PROLONGADA,limpio
E.F.G.35.183,ME35183/3,LOSARTAN POTASICO - HIDROCLOROTIAZIDA 100 mg - 25 mg COMPRIMIDOS RECUBIERTOS X 30 comprimidos,LOSARTAN POTASICO - HIDROCLOROTIAZIDA 100 mg - 25 mg X 30 COMPRIMIDOS RECUBIERTOS,COMPRIMIDOS,COMPRIMIDOS RECUBIERTOS,limpio
E.F.G.35.183,ME35183/2,LOSARTAN POTASICO - HIDROCLOROTIAZIDA 100 mg - 25 mg COMPRIMIDOS RECUBIERTOS X 10 tabletas,LOSARTAN POTASICO - HIDROCLOROTIAZIDA 100 mg - 25 mg X 10 COMPRIMIDOS RECUBIERTOS,COMPRIMIDOS,COMPRIMIDOS RECUBIERTOS,limpio
E.F.G.36.876,ME36876,VALSARTAN -HIDROCLOROTIAZIDA 160 mg-25 mg TABLETAS RECUBIERTAS X 20 comprimidos,VALSARTAN -HIDROCLOROTIAZIDA 160 mg-25 mg X 20 TABLETAS RECUBIERTAS,TABLETAS,TABLETAS RECUBIERTAS,limpio
E.F.G.31.250,ME31250/3,"LOSARTAN POTASICO - HIDROCLOROTIAZIDA 50 mg -12,5 mg TABLETAS RECUBIERTAS X 30 tabletas","LOSARTAN POTASICO - HIDROCLOROTIAZIDA 50 mg -12,5 mg X 30 TABLETAS RECUBIERTAS",TABLETAS,TABLETAS RECUBIERTAS,limpio
E.F.G.31.250,ME31250/2,"LOSARTAN POTASICO - HIDROCLOROTIAZIDA 50 mg -12,5 mg TABLETAS RECUBIERTAS X 10 tabletas","LOSARTAN POTASICO - HIDROCLOROTIAZIDA 50 mg -12,5 mg X 10 TABLETAS RECUBIERTAS",TABLETAS,TABLETAS RECUBIERTAS,limpio
E.F.G.36.980,ME36980/2,LOSARTAN POTASICO - HIDROCLOROTIAZIDA 100 mg - 25 mg COMPRIMIDOS RECUB X 10 tabletas,LOSARTAN POTASICO - HIDROCLOROTIAZIDA 100 mg - 25 mg X 10 COMPRIMIDOS RECUB,COMPRIMIDOS,COMPRIMIDOS RECUB,limpio
E.F.G.36.980,ME36980/3,LOSARTAN POTASICO - HIDROCLOROTIAZIDA 100 mg - 25 mg COMPRIMIDOS RECUB X 30 recubierta,LOSARTAN POTASICO - HIDROCLOROTIAZIDA 100 mg - 25 mg X 30 COMPRIMIDOS RECUB,COMPRIMIDOS,COMPRIMIDOS RECUB,limpio
E.F.39.520,ME39520,"HIDROTEN 12,5 mg TABLETAS X 30 tabletas","HIDROTEN 12,5 mg X 30 TABLETAS",TABLETAS,TABLETAS,limpio
E.F.43.845,ME43845,PASIM FEM 20 mg - 400 mg COMPRIMIDOS RECUBIERTOS X 10 tabletas,PASIM FEM 20 mg - 400 mg X 10 COMPRIMIDOS RECUBIERTOS,COMPRIMIDOS,COMPRIMIDOS RECUBIERTOS,limpio
E.F.39.098,ME39098,HISTALER 5 mg TABLETAS RECUBIERTAS X 10 recubierta,HISTALER 5 mg X 10 TABLETAS RECUBIERTAS,TABLETAS,TABLETAS RECUBIERTAS,limpio
E.F.41.648,ME41648,HISTIVERT 16 mg COMPRIMIDOS X 30 comprimidos,HISTIVERT 16 mg X 30 COMPRIMIDOS,COMPRIMIDOS,COMPRIMIDOS,limpio
E.F.41.649,ME41649,HISTIVERT 24 mg COMPRIMIDOS X 30 comprimidos,HISTIVERT 24 mg X 30 COMPRIMIDOS,COMPRIMIDOS,COMPRIMIDOS,limpio
E.F.38.784,ME38784,IBANDROMET 150 mg TABLETAS RECUBIERTAS X 1 recubierta,IBANDROMET 150 mg X 1 TABLETAS RECUBIERTAS,TABLETAS,TABLETAS RECUBIERTAS,limpio
E.F.42.272,ME42272,IBECAR 150 mg TABLETAS RECUBIERTAS X 30 recubierta,IBECAR 150 mg X 30 TABLETAS RECUBIERTAS,TABLETAS,TABLETAS RECUBIERTAS,limpio
E.F.42.142,ME42142,IBECAR 300 mg TABLETAS RECUBIERTAS X 30 recubierta,IBECAR 300 mg X 30 TABLETAS RECUBIERTAS,TABLETAS,TABLETAS RECUBIERTAS,limpio
E.F.43.775,ME43775,IBLUFEN 800 mg TABLETAS X 10 tabletas,IBLUFEN 800 mg X 10 TABLETAS,TABLETAS,TABLETAS,limpio
E.F.39.249,ME39249/2,IBUCOLVAL 600 mg - 4 mg TABLETAS RECUBIERTAS X 10 tabletas,IBUCOLVAL 600 mg - 4 mg X 10 TABLETAS RECUBIERTAS,TABLETAS,TABLETAS RECUBIERTAS,limpio
E.F.39.249,ME39249/3,IBUCOLVAL 600 mg - 4 mg TABLETAS RECUBIERTAS X 20 recubierta,IBUCOLVAL 600 mg - 4 mg X 20 TABLETAS RECUBIERTAS,TABLETAS,TABLETAS RECUBIERTAS,limpio
E.F.21.722,ME21722,IBUFENAC 400 mg CAPSULAS X 20 capsulas,IBUFENAC 400 mg X 20 CAPSULAS,CAPSULAS,CAPSULAS,limpio
E.F.44.745,ME44745,IBUN 600 mg TABLETAS RECUBIERTAS X 10 tabletas,IBUN 600 mg X 10 TABLETAS RECUBIERTAS,TABLETAS,TABLETAS RECUBIERTAS,limpio
E.F.44.025,ME44025,IBUN 800 mg TABLETAS RECUBIERTAS X 10 recubierta,IBUN 800 mg X 10 TABLETAS RECUBIERTAS,TABLETAS,TABLETAS RECUBIERTAS,limpio
E.F.G.26.800,ME26800,IBUPROFENO 600 mg COMPRIMIDOS RECUBIERTOS X 10 comprimidos,IBUPROFENO 600 mg X 10 COMPRIMIDOS RECUBIERTOS,COMPRIMIDOS,COMPRIMIDOS RECUBIERTOS,limpio
E.F.G.40.877,ME40877,IBUPROFENO 800 mg COMPRIMIDOS X 10 comprimidos,IBUPROFENO 800 mg X 10 COMPRIMIDOS,COMPRIMIDOS,COMPRIMIDOS,limpio
E.F.G.38.405,ME38405,IBUPROFENO 400 mg TABLETAS X 20 tabletas,IBUPROFENO 400 mg X 20 TABLETAS,TABLETAS,TABLETAS,limpio
E.F.G.30.509,ME30509,IBUPROFENO 600 mg TABLETAS X 10 tabletas,IBUPROFENO 600 mg X 10 TABLETAS,TABLETAS,TABLETAS,limpio
E.F.G.31.850,ME31850,IBUPROFENO 800 mg TABLETAS RECUBIERTAS X 10 tabletas,IBUPROFENO 800 mg X 10 TABLETAS RECUBIERTAS,TABLETAS,TABLETAS RECUBIERTAS,limpio
E.F.G.38.318,ME38318,IBUPROFENO - TIOCOLCHICOSIDO 400 mg - 4 mg TABLETAS RECUBIERTAS X 10 recubierta,IBUPROFENO - TIOCOLCHICOSIDO 400 mg - 4 mg X 10 TABLETAS RECUBIERTAS,TABLETAS,TABLETAS RECUBIERTAS,limpio
E.F.G.27.688,ME27688/2,IBUPROFENO 400 mg TABLETAS RECUBIERTAS X 10 recubierta,IBUPROFENO 400 mg X 10 TABLETAS RECUBIERTAS,TABLETAS,TABLETAS RECUBIERTAS,limpio
E.F.G.27.688,ME27688/3,IBUPROFENO 400 mg TABLETAS RECUBIERTAS X 20 tabletas,IBUPROFENO 400 mg X 20 TABLETAS RECUBIERTAS,TABLETAS,TABLETAS RECUBIERTAS,limpio
E.F.G.33.973,ME33973,IBUPROFENO 400 mg TABLETAS RECUBIERTAS ENTERICAS X 10 recubierta,IBUPROFENO 400 mg X 10 TABLETAS RECUBIERTAS ENTERICAS,TABLETAS,TABLETAS RECUBIERTAS ENTERICAS,limpio
E.F.G.35.615,ME35615,IBUPROFENO 600 mg TABLETAS RECUBIERTAS X 10 recubierta,IBUPROFENO 600 mg X 10 TABLETAS RECUBIERTAS,TABLETAS,TABLETAS RECUBIERTAS,limpio
E.F.42.600,ME42600,IBUTAN 200 mg TABLETAS X 10 tabletas,IBUTAN 200 mg X 10 TABLETAS,TABLETAS,TABLETAS,limpio
E.F.19.994,ME19994/2,IBUTAN 400 mg TABLETAS X 10 tabletas,IBUTAN 400 mg X 10 TABLETAS,TABLETAS,TABLETAS,limpio
E.F.19.994,ME19994/3,IBUTAN 400 mg TABLETAS X 20 tabletas,IBUTAN 400 mg X 20 TABLETAS,TABLETAS,TABLETAS,limpio
E.F.39.059,ME39059,IBUTAN 600 mg TABLETAS X 10 tabletas,IBUTAN 600 mg X 10 TABLETAS,TABLETAS,TABLETAS,limpio
E.F.40.927,ME40927/2,IBUTANCOL 400 mg - 4 mg TABLETAS X 10 tabletas,IBUTANCOL 400 mg - 4 mg X 10 TABLETAS,TABLETAS,TABLETAS,limpio
E.F.40.927,ME40927/3,IBUTANCOL 400 mg - 4 mg TABLETAS X 20 tabletas,IBUTANCOL 400 mg - 4 mg X 20 TABLETAS,TABLETAS,TABLETAS,limpio
E.F.39.405,ME39405/2,IBUTANCOL 600 mg - 4 mg TABLETAS X 10 tabletas,IBUTANCOL 600 mg - 4 mg X 10 TABLETAS,TABLETAS,TABLETAS,limpio
E.F.39.405,ME39405/3,IBUTANCOL 600 mg - 4 mg TABLETAS X 20 tabletas,IBUTANCOL 600 mg - 4 mg X 20 TABLETAS,TABLETAS,TABLETAS,limpio
E.F.42.479,ME42479/2,IBUTANFEM 400 mg - 20 mg TABLETAS RECUBIERTAS X 20 tabletas,IBUTANFEM 400 mg - 20 mg X 20 TABLETAS RECUBIERTAS,TABLETAS,TABLETAS RECUBIERTAS,limpio
E.F.42.479,ME42479/3,IBUTANFEM 400 mg - 20 mg TABLETAS RECUBIERTAS X 30 tabletas,IBUTANFEM 400 mg - 20 mg X 30 TABLETAS RECUBIERTAS,TABLETAS,TABLETAS RECUBIERTAS,limpio
E.F.32.276,ME32276,IDOXEN 75 mg CAPSULAS DE LIBERACION PROLONGADA X 30 capsulas,IDOXEN 75 mg X 30 CAPSULAS DE LIBERACION PROLONGADA,CAPSULAS,CAPSULAS DE LIBERACION PROLONGADA,limpio
E.F.32.277,ME32277,IDOXEN 150 mg CAPSULAS DE LIBERACION PROLONGADA X 10 capsulas,IDOXEN 150 mg X 10 CAPSULAS DE LIBERACION PROLONGADA,CAPSULAS,CAPSULAS DE LIBERACION PROLONGADA,limpio
E.F.37.122,ME37122,ILANA 600 mg CAPSULA BLANDA VAGINAL X 1 ovulos,ILANA 600 mg X 1 CAPSULA BLANDA VAGINAL,CAPSULAS,CAPSULA BLANDA VAGINAL,limpio
E.F.38.150,ME38150,ILTUX 20 mg COMPRIMIDOS RECUBIERTOS X 28 comprimidos,ILTUX 20 mg X 28 COMPRIMIDOS RECUBIERTOS,COMPRIMIDOS,COMPRIMIDOS RECUBIERTOS,limpio
E.F.42.948,ME42948,IMAZOL DUAL 500 mg CAPSULA BLANDA VAGINAL + 1 % CREMA VAGINAL X 1 crema,IMAZOL DUAL 500 mg CAPSULA BLANDA VAGINAL + 1 % X 1 CREMA VAGINAL,CREMA,CREMA VAGINAL,limpio
E.F.20.148,ME20148,IMAZOL 100 mg TABLETAS VAGINALES X 6 tabletas,IMAZOL 100 mg X 6 TABLETAS VAGINALES,TABLETAS,TABLETAS VAGINALES,limpio
E.F.41.339,ME41339,INIBIL 20 mg COMPRIMIDOS CON CUBIERTA ENTERICA X 14 comprimidos,INIBIL 20 mg X 14 COMPRIMIDOS CON CUBIERTA ENTERICA,COMPRIMIDOS,COMPRIMIDOS CON CUBIERTA ENTERICA,limpio
E.F.41.338,ME41338,INIBIL 40 mg COMPRIMIDOS CON CUBIERTA ENTERICA X 14 comprimidos,INIBIL 40 mg X 14 COMPRIMIDOS CON CUBIERTA ENTERICA,COMPRIMIDOS,COMPRIMIDOS CON CUBIERTA ENTERICA,limpio
E.F.40.027,ME40027,FLUTIXAIR 125 mg - 25 mcg / DOSIS SUSPENSION  INHALACION ORAL X 200 solucion,FLUTIXAIR 125 mg - 25 mcg / DOSIS X 200 SUSPENSION INHALACION ORAL,SOLUCION ORAL,SUSPENSION INHALACION ORAL,limpio
E.F.27.981,ME27981,IPROXIN 500 mg TABLETAS RECUBIERTAS X 12 tabletas,IPROXIN 500 mg X 12 TABLETAS RECUBIERTAS,TABLETAS,TABLETAS RECUBIERTAS,limpio
E.F.44.404,ME44404,IPROXIN 750 mg TABLETAS RECUBIERTAS X 10 recubierta,IPROXIN 750 mg X 10 TABLETAS RECUBIERTAS,TABLETAS,TABLETAS RECUBIERTAS,limpio
E.F.G.36.068,ME36068/3,IRBESARTAN 150 mg TABLETAS X 28 recubierta,IRBESARTAN 150 mg X 28 TABLETAS,TABLETAS,TABLETAS,limpio
E.F.G.36.068,ME36068/2,IRBESARTAN 150 mg TABLETAS X 10 tabletas,IRBESARTAN 150 mg X 10 TABLETAS,TABLETAS,TABLETAS,limpio
E.F.G.36.068,ME36068/4,IRBESARTAN 150 mg TABLETAS X 30 tabletas,IRBESARTAN 150 mg X 30 TABLETAS,TABLETAS,TABLETAS,limpio
E.F.G.35.908,ME35908/3,IRBESARTAN 300 mg TABLETAS X 28 recubierta,IRBESARTAN 300 mg X 28 TABLETAS,TABLETAS,TABLETAS,limpio
E.F.G.35.908,ME35908/2,IRBESARTAN 300 mg TABLETAS X 10 tabletas,IRBESARTAN 300 mg X 10 TABLETAS,TABLETAS,TABLETAS,limpio
E.F.G.36.807,ME36807,"IRBESARTAN -HIDROCLOROTIAZIDA 150 mg -12,5 mg TABLETAS X 28 tabletas","IRBESARTAN -HIDROCLOROTIAZIDA 150 mg -12,5 mg X 28 TABLETAS",TABLETAS,TABLETAS,limpio
E.F.43.716,ME43716,"IRBETIAZID 150 mg - 12,5 mg TABLETAS X 28 tabletas","IRBETIAZID 150 mg - 12,5 mg X 28 TABLETAS",TABLETAS,TABLETAS,limpio
E.F.42.354,ME42354,"ISBELA 2 mg - 0,035 mg TABLETAS RECUBIERTAS X 21 tabletas","ISBELA 2 mg - 0,035 mg X 21 TABLETAS RECUBIERTAS",TABLETAS,TABLETAS RECUBIERTAS,limpio
E.F.G.43.740,ME43740,Itraconazol 100 mg Cápsulas X 10 capsulas,Itraconazol 100 mg X 10 Cápsulas,CAPSULAS,Cápsulas,limpio
E.F.44.504,ME44504,"ITRASEC 33,33 mg – 166,66 mg CÁPSULAS X 12 capsulas","ITRASEC 33,33 mg – 166,66 mg X 12 CÁPSULAS",CAPSULAS,CÁPSULAS,limpio
E.F.G.35.570,ME35570,IVERMECTINA 6 mg TABLETAS X 4 tabletas,IVERMECTINA 6 mg X 4 TABLETAS,TABLETAS,TABLETAS,limpio
E.F.43.469,ME43469,IZABAN 10 mg COMPRIMIDOS RECUBIERTOS X 30 comprimidos,IZABAN 10 mg X 30 COMPRIMIDOS RECUBIERTOS,COMPRIMIDOS,COMPRIMIDOS RECUBIERTOS,limpio
E.F.44.047,ME44047,IZABAN DPP 25 mg - 5 mg COMPRIMIDOS RECUBIERTOS X 30 comprimidos,IZABAN DPP 25 mg - 5 mg X 30 COMPRIMIDOS RECUBIERTOS,COMPRIMIDOS,COMPRIMIDOS RECUBIERTOS,limpio
E.F.35.154,ME35154/2,KAPET 75 mg TABLETAS RECUBIERTAS X 14 recubierta,KAPET 75 mg X 14 TABLETAS RECUBIERTAS,TABLETAS,TABLETAS RECUBIERTAS,limpio
E.F.35.154,ME35154/3,KAPET 75 mg TABLETAS RECUBIERTAS X 30 tabletas,KAPET 75 mg X 30 TABLETAS RECUBIERTAS,TABLETAS,TABLETAS RECUBIERTAS,limpio
E.F.38.074,HO38074,KATRIN 30 mg / mL SOLUCION INYECTABLE X 1 solucion inyectable,KATRIN 30 mg / mL X 1 AMPOLLAS,INYECTABLE,SOLUCION INYECTABLE,limpio
E.F.30.748,HO30748/2,KELAC 30 mg / mL SOLUCION INYECTABLE X 1 inyectable,KELAC 30 mg / mL X 1 AMPOLLAS,INYECTABLE,SOLUCION INYECTABLE,limpio
E.F.30.748,HO30748/3,KELAC 30 mg / mL SOLUCION INYECTABLE X 3 inyectable,KELAC 30 mg / mL X 3 AMPOLLAS,INYECTABLE,SOLUCION INYECTABLE,limpio
E.F.30.748,HO30748/4,KELAC 30 mg / mL SOLUCION INYECTABLE X 4 tabletas,KELAC 30 mg / mL X 4 AMPOLLAS,INYECTABLE,SOLUCION INYECTABLE,limpio
E.F.42.343,ME42343,KELAC 30 mg TABLETAS SUBLINGUALES. X 4 tabletas,KELAC 30 mg X 4 TABLETAS SUBLINGUALES.,TABLETAS,TABLETAS SUBLINGUALES.,limpio
E.F.31.304,ME31304,KELFEN 50 mg CAPSULAS X 10 capsulas,KELFEN 50 mg X 10 CAPSULAS,CAPSULAS,CAPSULAS,limpio
E.F.28.589,ME28589,KELFEN 100 mg COMPRIMIDOS CON CUBIERTA ENTERICA X 20 comprimidos,KELFEN 100 mg X 20 COMPRIMIDOS CON CUBIERTA ENTERICA,COMPRIMIDOS,COMPRIMIDOS CON CUBIERTA ENTERICA,limpio
E.F.37.980,ME37980,KEPPRA 1000 mg TABLETAS RECUBIERTAS X 30 tabletas,KEPPRA 1000 mg X 30 TABLETAS RECUBIERTAS,TABLETAS,TABLETAS RECUBIERTAS,limpio
E.F.37.979,ME37979,KEPPRA 500 mg TABLETAS RECUBIERTAS X 30 tabletas,KEPPRA 500 mg X 30 TABLETAS RECUBIERTAS,TABLETAS,TABLETAS RECUBIERTAS,limpio
E.F.25.867,ME25867,KETAZOL 400 mg OVULOS X 3 ovulos,KETAZOL 400 mg X 3 OVULOS,OVULOS,OVULOS,limpio
E.F.42.916,ME42916,KETODEX 100 mg TABLETAS CON RECUBRIMIENTO ENTERICO X 10 tabletas,KETODEX 100 mg X 10 TABLETAS CON RECUBRIMIENTO ENTERICO,TABLETAS,TABLETAS CON RECUBRIMIENTO ENTERICO,limpio
E.F.G.35.019,HO35019/2,KETOPROFENO 100mg / 2 mL SOLUCION INYECTABLE INTRAVENOSA X 1 solucion inyectable,KETOPROFENO 100mg / 2 mL X 1 AMPOLLAS,INYECTABLE,SOLUCION INYECTABLE INTRAVENOSA,limpio
E.F.G.35.019,HO35019/3,KETOPROFENO 100mg / 2 mL SOLUCION INYECTABLE INTRAVENOSA X 2 solucion inyectable,KETOPROFENO 100mg / 2 mL X 2 AMPOLLAS,INYECTABLE,SOLUCION INYECTABLE INTRAVENOSA,limpio
E.F.G.35.019,HO35019/4,KETOPROFENO 100mg / 2 mL SOLUCION INYECTABLE INTRAVENOSA X 10 recubierta,KETOPROFENO 100mg / 2 mL X 10 AMPOLLAS,INYECTABLE,SOLUCION INYECTABLE INTRAVENOSA,limpio
E.F.G.35.019,HO35019/5,KETOPROFENO 100mg / 2 mL SOLUCION INYECTABLE INTRAVENOSA X 20 recubierta,KETOPROFENO 100mg / 2 mL X 20 AMPOLLAS,INYECTABLE,SOLUCION INYECTABLE INTRAVENOSA,limpio
E.F.G.29.236,ME29236/2,KETOPROFENO 100 mg CAPSULAS X 10 capsulas,KETOPROFENO 100 mg X 10 CAPSULAS,CAPSULAS,CAPSULAS,limpio
E.F.G.29.236,ME29236/3,KETOPROFENO 100 mg CAPSULAS X 20 capsulas,KETOPROFENO 100 mg X 20 CAPSULAS,CAPSULAS,CAPSULAS,limpio
E.F.G.41.682,ME41682/2,KETOPROFENO 100 mg CAPSULAS X 10 capsulas,KETOPROFENO 100 mg X 10 CAPSULAS,CAPSULAS,CAPSULAS,limpio
E.F.G.41.682,ME41682/3,KETOPROFENO 100 mg CAPSULAS X 20 capsulas,KETOPROFENO 100 mg X 20 CAPSULAS,CAPSULAS,CAPSULAS,limpio
E.F.G.35.351,ME35351/2,KETOPROFENO 100 mg CAPSULAS X 10 capsulas,KETOPROFENO 100 mg X 10 CAPSULAS,CAPSULAS,CAPSULAS,limpio
E.F.G.35.351,ME35351/3,KETOPROFENO 100 mg CAPSULAS X 20 capsulas,KETOPROFENO 100 mg X 20 CAPSULAS,CAPSULAS,CAPSULAS,limpio
E.F.42.483,ME42483,KETOREL 30 mg COMPRIMIDOS ORODISPERSABLE X 4 comprimidos,KETOREL 30 mg X 4 COMPRIMIDOS ORODISPERSABLE,COMPRIMIDOS,COMPRIMIDOS ORODISPERSABLE,limpio
E.F.G.42.668,HO42668/3,KETOROLACO TROMETAMOL 30 mg / mL SOLUCION INYECTABLE X 10 solucion inyectable,KETOROLACO TROMETAMOL 30 mg / mL X 10 AMPOLLAS,INYECTABLE,SOLUCION INYECTABLE,limpio
E.F.G.42.668,HO42668/2,KETOROLACO TROMETAMOL 30 mg / mL SOLUCION INYECTABLE X 8 comprimidos,KETOROLACO TROMETAMOL 30 mg / mL X 8 AMPOLLAS,INYECTABLE,SOLUCION INYECTABLE,limpio
E.F.G.42.686,HO42686,KETOROLACO TROMETAMINA 30 mg / mL SOLUCION INYECTABLE X 3 solucion inyectable,KETOROLACO TROMETAMINA 30 mg / mL X 3 AMPOLLAS,INYECTABLE,SOLUCION INYECTABLE,limpio
E.F.G.36.886,ME36886,KETOROLAC TROMETAMINA 20 mg COMPRIMIDOS X 10 tabletas,KETOROLAC TROMETAMINA 20 mg X 10 COMPRIMIDOS,COMPRIMIDOS,COMPRIMIDOS,limpio
E.F.43.754,ME43754/2,KEYDOL 400 mg  - 4 mg COMPRIMIDOS RECUBIERTOS X 10 recubierta,KEYDOL 400 mg - 4 mg X 10 COMPRIMIDOS RECUBIERTOS,COMPRIMIDOS,COMPRIMIDOS RECUBIERTOS,limpio
E.F.43.754,ME43754/3,KEYDOL 400 mg  - 4 mg COMPRIMIDOS RECUBIERTOS X 20 recubierta,KEYDOL 400 mg - 4 mg X 20 COMPRIMIDOS RECUBIERTOS,COMPRIMIDOS,COMPRIMIDOS RECUBIERTOS,limpio
E.F.43.753,ME43753/2,KEYDOL 600 mg - 4 mg COMPRIMIDOS RECUBIERTOS X 10 recubierta,KEYDOL 600 mg - 4 mg X 10 COMPRIMIDOS RECUBIERTOS,COMPRIMIDOS,COMPRIMIDOS RECUBIERTOS,limpio
E.F.43.753,ME43753/3,KEYDOL 600 mg - 4 mg COMPRIMIDOS RECUBIERTOS X 20 recubierta,KEYDOL 600 mg - 4 mg X 20 COMPRIMIDOS RECUBIERTOS,COMPRIMIDOS,COMPRIMIDOS RECUBIERTOS,limpio
E.F.25.409,ME25409,KLAS 100 mg CAPSULAS X 20 capsulas,KLAS 100 mg X 20 CAPSULAS,CAPSULAS,CAPSULAS,limpio
E.F.36.925,ME36925/2,LACTBET 3000 U CAPSULAS X 10 capsulas,LACTBET 3000 U X 10 CAPSULAS,CAPSULAS,CAPSULAS,limpio
E.F.36.925,ME36925/3,LACTBET 3000 U CAPSULAS X 20 capsulas,LACTBET 3000 U X 20 CAPSULAS,CAPSULAS,CAPSULAS,limpio
E.F.16.175,ME16175,"LARFACAINA 2 mg - 1,5 mg PASTILLAS SABOR A TUTTI - FRUTTI X 16 tabletas","LARFACAINA 2 mg - 1,5 mg X 16 PASTILLAS SABOR A TUTTI - FRUTTI",PASTILLA,PASTILLAS SABOR A TUTTI - FRUTTI,limpio
E.F.G.42.656,ME42656,VITAMINA C 500 mg TABLETAS MASTICABLES SABOR A TUTTI FRUTTI X 16 tabletas,VITAMINA C 500 mg X 16 TABLETAS MASTICABLES SABOR A TUTTI FRUTTI,TABLETAS,TABLETAS MASTICABLES SABOR A TUTTI FRUTTI,limpio
E.F.44.410,ME44410,LAMICTAL 25 mg TABLETAS DISPERSABLES-MASTICABLES  X 30 comprimidos,LAMICTAL 25 mg X 30 TABLETAS DISPERSABLES-MASTICABLES,TABLETAS,TABLETAS DISPERSABLES-MASTICABLES,limpio
E.F.G.42.689,ME42689,LAMOTRIGINA 100 mg TABLETAS RECUBIERTAS X 30 tabletas,LAMOTRIGINA 100 mg X 30 TABLETAS RECUBIERTAS,TABLETAS,TABLETAS RECUBIERTAS,limpio
E.F.G.44.647,ME44647,LAMOTRIGINA 100 mg TABLETAS DE LIBERACION PROLONGADA X 28 tabletas,LAMOTRIGINA 100 mg X 28 TABLETAS DE LIBERACION PROLONGADA,TABLETAS,TABLETAS DE LIBERACION PROLONGADA,limpio
E.F.44.183,HO44183,LAMPRAL 4 mg / 2 mL SOLUCION INYECTABLE X 2 solucion inyectable,LAMPRAL 4 mg / 2 mL X 2 AMPOLLAS,INYECTABLE,SOLUCION INYECTABLE,limpio
E.F.G.28.874,ME28874,LANSOPRAZOL 30 mg CAPSULAS X 28 capsulas,LANSOPRAZOL 30 mg X 28 CAPSULAS,CAPSULAS,CAPSULAS,limpio
E.F.30.537,ME30537,ARAVA 20 mg TABLETAS RECUBIERTAS X 30 tabletas,ARAVA 20 mg X 30 TABLETAS RECUBIERTAS,TABLETAS,TABLETAS RECUBIERTAS,limpio
E.F.38.587,ME38587,LENTOCILIN 6.3.3 POLVO PARA SUSPENSION INYECTABLE X 1 solucion inyectable,LENTOCILIN 6.3.3 X 1 AMPOLLAS,INYECTABLE,POLVO PARA SUSPENSION INYECTABLE,limpio
E.F.37.188,ME37188,LEPRIT 25 mg TABLETAS X 30 tabletas,LEPRIT 25 mg X 30 TABLETAS,TABLETAS,TABLETAS,limpio
E.F.17.826,ME17826,LEPTAZINE 10 mg COMPRIMIDOS X 24 comprimidos,LEPTAZINE 10 mg X 24 COMPRIMIDOS,COMPRIMIDOS,COMPRIMIDOS,limpio
E.F.16.386,ME16386,LEPTAZINE 5 mg COMPRIMIDOS X 30 comprimidos,LEPTAZINE 5 mg X 30 COMPRIMIDOS,COMPRIMIDOS,COMPRIMIDOS,limpio
E.F.G.44.041,ME44041/2,LERCANIDIPINO 20 mg COMPRIMIDOS RECUBIERTOS X 10 recubierta,LERCANIDIPINO 20 mg X 10 COMPRIMIDOS RECUBIERTOS,COMPRIMIDOS,COMPRIMIDOS RECUBIERTOS,limpio
E.F.G.44.041,ME44041/3,LERCANIDIPINO 20 mg COMPRIMIDOS RECUBIERTOS X 30 recubierta,LERCANIDIPINO 20 mg X 30 COMPRIMIDOS RECUBIERTOS,COMPRIMIDOS,COMPRIMIDOS RECUBIERTOS,limpio
E.F.G.43.991,ME43991,LERCANIDIPINO CLOHIDRATO 10 mg TABLETAS RECUBIERTAS X 30 recubierta,LERCANIDIPINO CLOHIDRATO 10 mg X 30 TABLETAS RECUBIERTAS,TABLETAS,TABLETAS RECUBIERTAS,limpio
E.F.G.44.311,ME44311,LERCANIDIPNO 20 mg TABLETAS RECUBIERTAS X 30 recubierta,LERCANIDIPNO 20 mg X 30 TABLETAS RECUBIERTAS,TABLETAS,TABLETAS RECUBIERTAS,limpio
E.F.37.396,ME37396,LESTECOL 20 mg TABLETAS RECUBIERTAS X 30 recubierta,LESTECOL 20 mg X 30 TABLETAS RECUBIERTAS,TABLETAS,TABLETAS RECUBIERTAS,limpio
E.F.33.641,ME33641/2,LETISAN 500 mg COMPRIMIDOS RECUBIERTOS DE ACCION PROLONGADA X 10 capsulas,LETISAN 500 mg X 10 COMPRIMIDOS RECUBIERTOS DE ACCION PROLONGADA,COMPRIMIDOS,COMPRIMIDOS RECUBIERTOS DE ACCION PROLONGADA,limpio
E.F.33.641,ME33641/3,LETISAN 500 mg COMPRIMIDOS RECUBIERTOS DE ACCION PROLONGADA X 30 capsulas,LETISAN 500 mg X 30 COMPRIMIDOS RECUBIERTOS DE ACCION PROLONGADA,COMPRIMIDOS,COMPRIMIDOS RECUBIERTOS DE ACCION PROLONGADA,limpio
E.F.37.661,ME37661,"LETROZOL 2,5 mg TABLETAS RECUBIERTAS X 30 recubierta","LETROZOL 2,5 mg X 30 TABLETAS RECUBIERTAS",TABLETAS,TABLETAS RECUBIERTAS,limpio
E.F.42.905,ME42905,LEVAMOX 750 mg TABLETAS RECUBIERTAS X 10 tabletas,LEVAMOX 750 mg X 10 TABLETAS RECUBIERTAS,TABLETAS,TABLETAS RECUBIERTAS,limpio
E.F.G.41.919,ME41919,LEVETIRACETAM 1000 mg COMPRIMIDOS RECUBIERTOS X 10 tabletas,LEVETIRACETAM 1000 mg X 10 COMPRIMIDOS RECUBIERTOS,COMPRIMIDOS,COMPRIMIDOS RECUBIERTOS,limpio
E.F.G.43.729,ME43729,LEVETIRACETAM 500 mg TABLETAS RECUBIERTAS X 30 recubierta,LEVETIRACETAM 500 mg X 30 TABLETAS RECUBIERTAS,TABLETAS,TABLETAS RECUBIERTAS,limpio
E.F.G.43.817,ME43817,LEVOFLOXACINO 500 mg TABLETAS RECUBIERTAS X 10 tabletas,LEVOFLOXACINO 500 mg X 10 TABLETAS RECUBIERTAS,TABLETAS,TABLETAS RECUBIERTAS,limpio
E.F.G.32.188,ME32188,LEVOFLOXACINA 500 mg COMPRIMIDOS RECUBIERTOS X 10 tabletas,LEVOFLOXACINA 500 mg X 10 COMPRIMIDOS RECUBIERTOS,COMPRIMIDOS,COMPRIMIDOS RECUBIERTOS,limpio
E.F.G.43.531,ME43531/2,LEVOFLOXACINA 750 mg TABLETAS RECUBIERTAS X 5 tabletas,LEVOFLOXACINA 750 mg X 5 TABLETAS RECUBIERTAS,TABLETAS,TABLETAS RECUBIERTAS,limpio
E.F.G.43.531,ME43531/3,LEVOFLOXACINA 750 mg TABLETAS RECUBIERTAS X 7 tabletas,LEVOFLOXACINA 750 mg X 7 TABLETAS RECUBIERTAS,TABLETAS,TABLETAS RECUBIERTAS,limpio
E.F.G.43.531,ME43531/4,LEVOFLOXACINA 750 mg TABLETAS RECUBIERTAS X 10 recubierta,LEVOFLOXACINA 750 mg X 10 TABLETAS RECUBIERTAS,TABLETAS,TABLETAS RECUBIERTAS,limpio
E.F.G.35.920,ME35920/3,LEVOFLOXACINA 500 mg TABLETAS RECUBIERTAS X 10 recubierta,LEVOFLOXACINA 500 mg X 10 TABLETAS RECUBIERTAS,TABLETAS,TABLETAS RECUBIERTAS,limpio
E.F.G.35.920,ME35920/2,LEVOFLOXACINA 500 mg TABLETAS RECUBIERTAS X 7 recubierta,LEVOFLOXACINA 500 mg X 7 TABLETAS RECUBIERTAS,TABLETAS,TABLETAS RECUBIERTAS,limpio
E.F.G.38.925,ME38925/3,LEVOFLOXACINO 500 mg TABLETAS RECUBIERTAS X 7 comprimidos,LEVOFLOXACINO 500 mg X 7 TABLETAS RECUBIERTAS,TABLETAS,TABLETAS RECUBIERTAS,limpio
E.F.G.38.925,ME38925/4,LEVOFLOXACINO 500 mg TABLETAS RECUBIERTAS X 10 tabletas,LEVOFLOXACINO 500 mg X 10 TABLETAS RECUBIERTAS,TABLETAS,TABLETAS RECUBIERTAS,limpio
E.F.G.38.925,ME38925/2,LEVOFLOXACINO 500 mg TABLETAS RECUBIERTAS X 5 recubierta,LEVOFLOXACINO 500 mg X 5 TABLETAS RECUBIERTAS,TABLETAS,TABLETAS RECUBIERTAS,limpio
E.F.G.38.926,ME38926,LEVOFLOXACINO 750 mg TABLETAS RECUBIERTAS X 5 comprimidos,LEVOFLOXACINO 750 mg X 5 TABLETAS RECUBIERTAS,TABLETAS,TABLETAS RECUBIERTAS,limpio
E.F.G.43.297,ME43297,"LEVONORGESTREL 1,5 mg TABLETAS RECUBIERTAS X 1 tabletas","LEVONORGESTREL 1,5 mg X 1 TABLETAS RECUBIERTAS",TABLETAS,TABLETAS RECUBIERTAS,limpio
E.F.43.586,ME43586,LEVOPRIDE 25 MG COMPRIMIDOS X 30 comprimidos,LEVOPRIDE 25 MG X 30 COMPRIMIDOS,COMPRIMIDOS,COMPRIMIDOS,limpio
E.F.42.231,ME42231,LEVORAT 5 mg / mL SOLUCION ORAL X 10 recubierta,LEVORAT 5 mg / mL X 10 SOLUCION ORAL,SOLUCION ORAL,SOLUCION ORAL,limpio
E.F.G.43.890,ME43890,LEVOSULPIRIDA 25 mg TABLETAS X 30 tabletas,LEVOSULPIRIDA 25 mg X 30 TABLETAS,TABLETAS,TABLETAS,limpio
E.F.G.37.085,ME37085,LEVOSULPIRIDE 25 mg TABLETAS X 30 tabletas,LEVOSULPIRIDE 25 mg X 30 TABLETAS,TABLETAS,TABLETAS,limpio
E.F.G.42.576,ME42576/2,LEVOTIROXINA SODICA 100 mcg TABLETAS X 10 tabletas,LEVOTIROXINA SODICA 100 mcg X 10 TABLETAS,TABLETAS,TABLETAS,limpio
E.F.G.42.576,ME42576/3,LEVOTIROXINA SODICA 100 mcg TABLETAS X 50 tabletas,LEVOTIROXINA SODICA 100 mcg X 50 TABLETAS,TABLETAS,TABLETAS,limpio
E.F.G.43.141,ME43141,LEVOTIROXINA SODICA 50 mcg TABLETAS X 50 tabletas,LEVOTIROXINA SODICA 50 mcg X 50 TABLETAS,TABLETAS,TABLETAS,limpio
E.F.43.146,ME43146,LIBERDUX 5 mg TABLETAS RECUBIERTAS X 10 tabletas,LIBERDUX 5 mg X 10 TABLETAS RECUBIERTAS,TABLETAS,TABLETAS RECUBIERTAS,limpio
P.B.318,MI318,LIOLACTIL SOBRES X 20 capsulas,LIOLACTIL X 20 SOBRES,,SOBRES,limpio
P.B.1.264,ME1264,"LIOLACTIL (Lactobacilos rhamnosus) 1,5g POLVO PARA SUSPENSION ORAL SOBRES X 6 sobre","LIOLACTIL (Lactobacilos rhamnosus) 1,5g X 6 POLVO PARA SUSPENSION ORAL SOBRES",POLVO PARA RECONSTITUCION,POLVO PARA SUSPENSION ORAL SOBRES,limpio
E.F.39.972,ME39972,LIPACOMB 40 mg - 10 mg TABLETAS X 30 tabletas,LIPACOMB 40 mg - 10 mg X 30 TABLETAS,TABLETAS,TABLETAS,limpio
E.F.44.241,ME44241,LIPEND 10 mg COMPRIMIDOS RECUBIERTOS X 30 comprimidos,LIPEND 10 mg X 30 COMPRIMIDOS RECUBIERTOS,COMPRIMIDOS,COMPRIMIDOS RECUBIERTOS,limpio
E.F.44.242,ME44242,LIPEND 20 mg COMPRIMIDOS RECUBIERTOS X 30 comprimidos,LIPEND 20 mg X 30 COMPRIMIDOS RECUBIERTOS,COMPRIMIDOS,COMPRIMIDOS RECUBIERTOS,limpio
E.F.28.540,ME28540,LIPONTAL 900 mg TABLETAS X 10 tabletas,LIPONTAL 900 mg X 10 TABLETAS,TABLETAS,TABLETAS,limpio
E.F.26.675,ME26675,LISILET 10 mg COMPRIMIDOS X 30 comprimidos,LISILET 10 mg X 30 COMPRIMIDOS,COMPRIMIDOS,COMPRIMIDOS,limpio
E.F.29.414,ME29414,"LISILETIC 20 mg -12,5 mg COMPRIMIDOS X 30 comprimidos","LISILETIC 20 mg -12,5 mg X 30 COMPRIMIDOS",COMPRIMIDOS,COMPRIMIDOS,limpio
E.F.43.571,ME43571,LODESTAR 100 mg TABLETAS RECUBIERTAS X 30 recubierta,LODESTAR 100 mg X 30 TABLETAS RECUBIERTAS,TABLETAS,TABLETAS RECUBIERTAS,limpio
E.F.41.446,ME41446,"LODESTAR HCT 50 mg - 12,5 mg TABLETAS RECUBIERTAS X 30 recubierta","LODESTAR HCT 50 mg - 12,5 mg X 30 TABLETAS RECUBIERTAS",TABLETAS,TABLETAS RECUBIERTAS,limpio
E.F.41.901,ME41901,LODIPIN 10 mg COMPRIMIDOS X 10 comprimidos,LODIPIN 10 mg X 10 COMPRIMIDOS,COMPRIMIDOS,COMPRIMIDOS,limpio
E.F.39.867,ME39867,LODIPIN VL 10 mg - 160 mg CAPSULAS X 30 recubierta,LODIPIN VL 10 mg - 160 mg X 30 CAPSULAS,CAPSULAS,CAPSULAS,limpio
E.F.28.967,ME28967,LOFLOX 400 mg TABLETAS RECUBIERTAS X 10 tabletas,LOFLOX 400 mg X 10 TABLETAS RECUBIERTAS,TABLETAS,TABLETAS RECUBIERTAS,limpio
E.F.39.217,ME39217,LONGACEF 400 mg CAPSULAS X 5 capsulas,LONGACEF 400 mg X 5 CAPSULAS,CAPSULAS,CAPSULAS,limpio
E.F.22.142,ME22142/2,LOPERAM 2 mg TABLETAS X 4 dispersable,LOPERAM 2 mg X 4 TABLETAS,TABLETAS,TABLETAS,limpio
E.F.22.142,ME22142/3,LOPERAM 2 mg TABLETAS X 10 tabletas,LOPERAM 2 mg X 10 TABLETAS,TABLETAS,TABLETAS,limpio
E.F.G.40.887,ME40887,LOPERAMIDA 2 mg TABLETAS X 10 tabletas,LOPERAMIDA 2 mg X 10 TABLETAS,TABLETAS,TABLETAS,limpio
E.F.G.43.709,ME43709,LOPERAMIDA 2 mg COMPRIMIDOS X 100 tabletas,LOPERAMIDA 2 mg X 100 COMPRIMIDOS,COMPRIMIDOS,COMPRIMIDOS,limpio
E.F.36.543,ME36543,LORADEX 10 mg TABLETAS X 10 tabletas,LORADEX 10 mg X 10 TABLETAS,TABLETAS,TABLETAS,limpio
E.F.G.28.127,ME28127,LORATADINA 10 mg COMPRIMIDOS X 10 comprimidos,LORATADINA 10 mg X 10 COMPRIMIDOS,COMPRIMIDOS,COMPRIMIDOS,limpio
E.F.G.27.529,ME27529/2,LORATADINA 10 mg TABLETAS X 10 tabletas,LORATADINA 10 mg X 10 TABLETAS,TABLETAS,TABLETAS,limpio
E.F.G.27.529,ME27529/3,LORATADINA 10 mg TABLETAS X 20 tabletas,LORATADINA 10 mg X 20 TABLETAS,TABLETAS,TABLETAS,limpio
E.F.G.39.257,ME39257,LORATADINA 10 mg TABLETAS X 10 tabletas,LORATADINA 10 mg X 10 TABLETAS,TABLETAS,TABLETAS,limpio
E.F.G.39.177,ME39177,LORATADINA 10 mg TABLETAS X 10 tabletas,LORATADINA 10 mg X 10 TABLETAS,TABLETAS,TABLETAS,limpio
E.F.G.43.383,ME43383,LORATADINA - AMBROXOL CLORHIDRATO 5 mg - 30 mg TABLETAS X 10 tabletas,LORATADINA - AMBROXOL CLORHIDRATO 5 mg - 30 mg X 10 TABLETAS,TABLETAS,TABLETAS,limpio
E.F.29.176,ME29176,LORAVAL 10 mg TABLETAS X 10 tabletas,LORAVAL 10 mg X 10 TABLETAS,TABLETAS,TABLETAS,limpio
E.F.G.29.469,ME29469/4,LOSARTAN POTASICO 50 mg COMPRIMIDOS RECUBIERTOS X 30 tabletas,LOSARTAN POTASICO 50 mg X 30 COMPRIMIDOS RECUBIERTOS,COMPRIMIDOS,COMPRIMIDOS RECUBIERTOS,limpio
E.F.G.29.469,ME29469/2,LOSARTAN POTASICO 50 mg COMPRIMIDOS RECUBIERTOS X 10 comprimidos,LOSARTAN POTASICO 50 mg X 10 COMPRIMIDOS RECUBIERTOS,COMPRIMIDOS,COMPRIMIDOS RECUBIERTOS,limpio
E.F.G.29.469,ME29469/3,LOSARTAN POTASICO 50 mg COMPRIMIDOS RECUBIERTOS X 20 recubierta,LOSARTAN POTASICO 50 mg X 20 COMPRIMIDOS RECUBIERTOS,COMPRIMIDOS,COMPRIMIDOS RECUBIERTOS,limpio
E.F.G.37.542,ME37542/2,LOSARTAN POTASICO - HIDROCLOROTIAZIDA 100 mg - 25 mg TABLETAS RECUBIERTAS X 10 recubierta,LOSARTAN POTASICO - HIDROCLOROTIAZIDA 100 mg - 25 mg X 10 TABLETAS RECUBIERTAS,TABLETAS,TABLETAS RECUBIERTAS,limpio
E.F.G.37.542,ME37542/3,LOSARTAN POTASICO - HIDROCLOROTIAZIDA 100 mg - 25 mg TABLETAS RECUBIERTAS X 30 recubierta,LOSARTAN POTASICO - HIDROCLOROTIAZIDA 100 mg - 25 mg X 30 TABLETAS RECUBIERTAS,TABLETAS,TABLETAS RECUBIERTAS,limpio
E.F.G.35.008,ME35008,LOSARTAN POTASICO 50 mg TABLETAS RECUBIERTAS X 30 recubierta,LOSARTAN POTASICO 50 mg X 30 TABLETAS RECUBIERTAS,TABLETAS,TABLETAS RECUBIERTAS,limpio
E.F.G.35.402,ME35402/3,"LOSARTAN POTASICO - HIDROCLOROTIAZIDA 50 mg - 12,5 mg COMPRIMIDOS RECU X 30 tabletas","LOSARTAN POTASICO - HIDROCLOROTIAZIDA 50 mg - 12,5 mg X 30 COMPRIMIDOS RECU",COMPRIMIDOS,COMPRIMIDOS RECU,limpio
E.F.G.35.402,ME35402/2,"LOSARTAN POTASICO - HIDROCLOROTIAZIDA 50 mg - 12,5 mg COMPRIMIDOS RECU X 15 tabletas","LOSARTAN POTASICO - HIDROCLOROTIAZIDA 50 mg - 12,5 mg X 15 COMPRIMIDOS RECU",COMPRIMIDOS,COMPRIMIDOS RECU,limpio
E.F.G.42.945,ME42945,LOSARTAN POTASICO 50 mg TABLETAS RECUBIERTAS X 30 tabletas,LOSARTAN POTASICO 50 mg X 30 TABLETAS RECUBIERTAS,TABLETAS,TABLETAS RECUBIERTAS,limpio
E.F.G.36.110,ME36110/2,LOSARTAN POTASICO - HIDROCLOROTIZADA 100 mg - 25 mg TABLETAS RECUBIERTAS X 10 recubierta,LOSARTAN POTASICO - HIDROCLOROTIZADA 100 mg - 25 mg X 10 TABLETAS RECUBIERTAS,TABLETAS,TABLETAS RECUBIERTAS,limpio
E.F.G.36.110,ME36110/3,LOSARTAN POTASICO - HIDROCLOROTIZADA 100 mg - 25 mg TABLETAS RECUBIERTAS X 30 recubierta,LOSARTAN POTASICO - HIDROCLOROTIZADA 100 mg - 25 mg X 30 TABLETAS RECUBIERTAS,TABLETAS,TABLETAS RECUBIERTAS,limpio
E.F.G.31.205,ME31205/2,LOSARTAN POTASICO 50 mg TABLETAS RECUBIERTAS X 10 recubierta,LOSARTAN POTASICO 50 mg X 10 TABLETAS RECUBIERTAS,TABLETAS,TABLETAS RECUBIERTAS,limpio
E.F.G.31.205,ME31205/4,LOSARTAN POTASICO 50 mg TABLETAS RECUBIERTAS X 30 recubierta,LOSARTAN POTASICO 50 mg X 30 TABLETAS RECUBIERTAS,TABLETAS,TABLETAS RECUBIERTAS,limpio
E.F.G.31.205,ME31205/3,LOSARTAN POTASICO 50 mg TABLETAS RECUBIERTAS X 20 tabletas,LOSARTAN POTASICO 50 mg X 20 TABLETAS RECUBIERTAS,TABLETAS,TABLETAS RECUBIERTAS,limpio
E.F.G.34.265,ME34265,LOSARTAN POTASICO 50 mg TABLETAS RECUBIERTAS X 30 recubierta,LOSARTAN POTASICO 50 mg X 30 TABLETAS RECUBIERTAS,TABLETAS,TABLETAS RECUBIERTAS,limpio
E.F.G.34.979,ME34979,LOSARTAN POTASICO 100 mg COMPRIMIDOS RECUBIERTOS X 30 tabletas,LOSARTAN POTASICO 100 mg X 30 COMPRIMIDOS RECUBIERTOS,COMPRIMIDOS,COMPRIMIDOS RECUBIERTOS,limpio
E.F.32.377,HO32377,LOWPRES 150 mcg / mL SOLUCION INYECTABLE X 5 inyectable,LOWPRES 150 mcg / mL X 5 AMPOLLAS,INYECTABLE,SOLUCION INYECTABLE,limpio
E.F.42.760,ME42760,LUDROX 75 mg TABLETAS RECUBIERTAS X 30 recubierta,LUDROX 75 mg X 30 TABLETAS RECUBIERTAS,TABLETAS,TABLETAS RECUBIERTAS,limpio
E.F.24.925,ME24925,LUMBAX 200 mg TABLETAS X 10 tabletas,LUMBAX 200 mg X 10 TABLETAS,TABLETAS,TABLETAS,limpio
E.F.29.063,ME29063,LUMBAX 400 mg TABLETAS X 10 tabletas,LUMBAX 400 mg X 10 TABLETAS,TABLETAS,TABLETAS,limpio
E.F.30.211,ME30211,LUMBAX 600 mg TABLETAS X 10 tabletas,LUMBAX 600 mg X 10 TABLETAS,TABLETAS,TABLETAS,limpio
E.F.37.320,ME37320,LUMBAX 800 mg COMPRIMIDOS RECUBIERTOS X 6 tabletas,LUMBAX 800 mg X 6 COMPRIMIDOS RECUBIERTOS,COMPRIMIDOS,COMPRIMIDOS RECUBIERTOS,limpio
E.F.16.065,ME16065,MACRODANTINA 50 mg CAPSULAS X 30 capsulas,MACRODANTINA 50 mg X 30 CAPSULAS,CAPSULAS,CAPSULAS,limpio
E.F.37.893,ME37893,MAALOX 460 mg - 400 mg / 4.3 mL SUSPENSION X 30 capsulas,MAALOX 460 mg - 400 mg / 4.3 mL X 30 SUSPENSION,SUSPENSION ORAL,SUSPENSION,limpio
E.F.38.235,ME38235,GLETOP 20 mg TABLETAS CON CUBIERTA ENTERICA X 60 capsulas,GLETOP 20 mg X 60 TABLETAS CON CUBIERTA ENTERICA,TABLETAS,TABLETAS CON CUBIERTA ENTERICA,limpio
E.F.34.990,ME34990/2,MAILEN 5 mg COMPRIMIDOS RECUBIERTOS X 10 comprimidos,MAILEN 5 mg X 10 COMPRIMIDOS RECUBIERTOS,COMPRIMIDOS,COMPRIMIDOS RECUBIERTOS,limpio
E.F.34.990,ME34990/3,MAILEN 5 mg COMPRIMIDOS RECUBIERTOS X 30 comprimidos,MAILEN 5 mg X 30 COMPRIMIDOS RECUBIERTOS,COMPRIMIDOS,COMPRIMIDOS RECUBIERTOS,limpio
E.F.39.216,ME39216,MARTESIA 25 mg CAPSULAS X 30 capsulas,MARTESIA 25 mg X 30 CAPSULAS,CAPSULAS,CAPSULAS,limpio
E.F.38.501,ME38501,MARTESIA 300 mg CAPSULAS X 14 capsulas,MARTESIA 300 mg X 14 CAPSULAS,CAPSULAS,CAPSULAS,limpio
E.F.38.503,ME38503,MARTESIA 75 mg CAPSULAS X 14 capsulas,MARTESIA 75 mg X 14 CAPSULAS,CAPSULAS,CAPSULAS,limpio
E.F.41.135,ME41135,MATERNAVIT CAPSULAS BLANDAS X 30 blanda,MATERNAVIT X 30 CAPSULAS BLANDAS,CAPSULAS,CAPSULAS BLANDAS,limpio
E.F.44.317,ME44317,MAXIFUR 50 mg CAPSULAS X 30 capsulas,MAXIFUR 50 mg X 30 CAPSULAS,CAPSULAS,CAPSULAS,limpio
E.F.42.290,ME42290,MAXOTEN 25 mg COMPRIMIDOS RECUBIERTOS X 30 recubierta,MAXOTEN 25 mg X 30 COMPRIMIDOS RECUBIERTOS,COMPRIMIDOS,COMPRIMIDOS RECUBIERTOS,limpio
E.F.G.43.537,ME43537/2,Medroxiprogesterona 10mg Tabletas  X 10 tabletas,Medroxiprogesterona 10mg X 10 Tabletas,TABLETAS,Tabletas,limpio
E.F.G.43.537,ME43537/3,Medroxiprogesterona 10mg Tabletas  X 28 tabletas,Medroxiprogesterona 10mg X 28 Tabletas,TABLETAS,Tabletas,limpio
E.F.44.574,ME44574,MELIF 50 mg - 500 mg COMPRIMIDOS RECUBIERTOS X 30 recubierta,MELIF 50 mg - 500 mg X 30 COMPRIMIDOS RECUBIERTOS,COMPRIMIDOS,COMPRIMIDOS RECUBIERTOS,limpio
E.F.43.285,ME43285,MELIGEN 10 mg TABLETAS RECUBIERTAS X 30 tabletas,MELIGEN 10 mg X 30 TABLETAS RECUBIERTAS,TABLETAS,TABLETAS RECUBIERTAS,limpio
E.F.G.33.048,ME33048,MELOXICAM 15 mg TABLETAS X 10 blanda,MELOXICAM 15 mg X 10 TABLETAS,TABLETAS,TABLETAS,limpio
E.F.G.30.977,ME30977,MELOXICAM 15 mg TABLETAS X 10 comprimidos,MELOXICAM 15 mg X 10 TABLETAS,TABLETAS,TABLETAS,limpio
E.F.G.30.530,ME30530,MELOXICAM 15 mg COMPRIMIDOS X 10 comprimidos,MELOXICAM 15 mg X 10 COMPRIMIDOS,COMPRIMIDOS,COMPRIMIDOS,limpio
E.F.G.30.976,ME30976,"MELOXICAM 7,5 mg TABLETAS X 10 comprimidos","MELOXICAM 7,5 mg X 10 TABLETAS",TABLETAS,TABLETAS,limpio
E.F.G.43.017,ME43017/2,MEMANTINA CLORHIDRATO 10 mg TABLETAS RECUBIERTAS X 10 tabletas,MEMANTINA CLORHIDRATO 10 mg X 10 TABLETAS RECUBIERTAS,TABLETAS,TABLETAS RECUBIERTAS,limpio
E.F.G.43.017,ME43017/4,MEMANTINA CLORHIDRATO 10 mg TABLETAS RECUBIERTAS X 28 tabletas,MEMANTINA CLORHIDRATO 10 mg X 28 TABLETAS RECUBIERTAS,TABLETAS,TABLETAS RECUBIERTAS,limpio
E.F.G.43.017,ME43017/3,MEMANTINA CLORHIDRATO 10 mg TABLETAS RECUBIERTAS X 14 recubierta,MEMANTINA CLORHIDRATO 10 mg X 14 TABLETAS RECUBIERTAS,TABLETAS,TABLETAS RECUBIERTAS,limpio
E.F.G.34.365,HO34365,MEROPENEM 1 g POLVO PARA SOLUCION INYECTABLE INTRAVENOSA X 10 solucion inyectable,MEROPENEM 1 g X 10 AMPOLLAS,INYECTABLE,POLVO PARA SOLUCION INYECTABLE INTRAVENOSA,limpio
E.F.G.42.154,HO42154,"MEROPENEM 1 g - 0,5 g POLVO PARA SOLUCION INYECTABLE X 1 inyectable","MEROPENEM 1 g - 0,5 g X 1 AMPOLLAS",INYECTABLE,POLVO PARA SOLUCION INYECTABLE,limpio
E.F.41.258,HO41258,MESPEN 500 mg POLVO PARA SOLUCION INYECTABLE X 1 solucion inyectable,MESPEN 500 mg X 1 AMPOLLAS,INYECTABLE,POLVO PARA SOLUCION INYECTABLE,limpio
E.F.G.21.983,HO21983/2,DIPIRONA 1 g / 2 mL SOLUCION INYECTABLE X 3 solucion inyectable,DIPIRONA 1 g / 2 mL X 3 AMPOLLAS,INYECTABLE,SOLUCION INYECTABLE,limpio
E.F.G.21.983,HO21983/3,DIPIRONA 1 g / 2 mL SOLUCION INYECTABLE X 5 ampollas,DIPIRONA 1 g / 2 mL X 5 AMPOLLAS,INYECTABLE,SOLUCION INYECTABLE,limpio
E.F.G.37.735,ME37735,CLORHIDRATO DE METFORMINA 500 mg TABLETAS RECUBIERTAS X 30 tabletas,CLORHIDRATO DE METFORMINA 500 mg X 30 TABLETAS RECUBIERTAS,TABLETAS,TABLETAS RECUBIERTAS,limpio
E.F.G.43.925,ME43925/4,Metformina Clorhidrato 850mg Tabletas Recubiertas X 30 tabletas,Metformina Clorhidrato 850mg X 30 Tabletas Recubiertas,TABLETAS,Tabletas Recubiertas,limpio
E.F.G.43.925,ME43925/2,Metformina Clorhidrato 850mg Tabletas Recubiertas X 14 tabletas,Metformina Clorhidrato 850mg X 14 Tabletas Recubiertas,TABLETAS,Tabletas Recubiertas,limpio
E.F.G.43.925,ME43925/3,Metformina Clorhidrato 850mg Tabletas Recubiertas X 28 tabletas,Metformina Clorhidrato 850mg X 28 Tabletas Recubiertas,TABLETAS,Tabletas Recubiertas,limpio
E.F.G.42.410,ME42410,METFORMINA CLORHIDRATO 1000 mg TABLETAS RECUBIERTAS X 30 tabletas,METFORMINA CLORHIDRATO 1000 mg X 30 TABLETAS RECUBIERTAS,TABLETAS,TABLETAS RECUBIERTAS,limpio
E.F.G.42.358,ME42358,METFORMINA CLORHIDRATO 500 mg TABLETAS X 28 tabletas,METFORMINA CLORHIDRATO 500 mg X 28 TABLETAS,TABLETAS,TABLETAS,limpio
E.F.G.36.815,ME36815,METFORMINA  500 mg TABLETAS RECUBIERTAS X 30 tabletas,METFORMINA 500 mg X 30 TABLETAS RECUBIERTAS,TABLETAS,TABLETAS RECUBIERTAS,limpio
E.F.G.44.619,ME44619,METFORMINA 500 mg TABLETAS RECUBIERTAS X 30 tabletas,METFORMINA 500 mg X 30 TABLETAS RECUBIERTAS,TABLETAS,TABLETAS RECUBIERTAS,limpio
E.F.G.37.538,ME37538,METFORMINA CLORHIDRATO 500 mg TABLETAS RECUBIERTAS X 30 tabletas,METFORMINA CLORHIDRATO 500 mg X 30 TABLETAS RECUBIERTAS,TABLETAS,TABLETAS RECUBIERTAS,limpio
E.F.G.32.508,ME32508/3,METFORMINA CLORHIDRATO 850 mg TABLETAS X 30 tabletas,METFORMINA CLORHIDRATO 850 mg X 30 TABLETAS,TABLETAS,TABLETAS,limpio
E.F.G.32.508,ME32508/2,METFORMINA CLORHIDRATO 850 mg TABLETAS X 28 tabletas,METFORMINA CLORHIDRATO 850 mg X 28 TABLETAS,TABLETAS,TABLETAS,limpio
E.F.G.41.036,MI41036,SITAGLIPTINA-METFORMINA CLORHIDRATO 50 mg-1000mg COMP RECUBIERTOS X 30 tabletas,SITAGLIPTINA-METFORMINA CLORHIDRATO 50 mg-1000mg X 30 COMP RECUBIERTOS,,COMP RECUBIERTOS,limpio
E.F.G.42.625,ME42625,METFORMINA CLORHIDRATO 1000 mg TABLETAS RECUBIERTAS X 30 tabletas,METFORMINA CLORHIDRATO 1000 mg X 30 TABLETAS RECUBIERTAS,TABLETAS,TABLETAS RECUBIERTAS,limpio
E.F.G.40.568,ME40568,SITAGLIPTINA -METFORMINA CLORHIDRATO 50 mg-500 mg COMPRIMIDOS X 30 tabletas,SITAGLIPTINA -METFORMINA CLORHIDRATO 50 mg-500 mg X 30 COMPRIMIDOS,COMPRIMIDOS,COMPRIMIDOS,limpio
E.F.G.43.316,HO43316,METILPREDNISOLONA 125 mg POLVO LIOFILIZADO PARA SOLUCION INYECTABLE X 1 solucion inyectable,METILPREDNISOLONA 125 mg X 1 AMPOLLAS,INYECTABLE,POLVO LIOFILIZADO PARA SOLUCION INYECTABLE,limpio
E.F.G.44.684,HO44684,METOCLOPRAMIDA 10 mg / 2 mL SOLUCIÓN INYECTABLE X 3 solucion inyectable,METOCLOPRAMIDA 10 mg / 2 mL X 3 AMPOLLAS,INYECTABLE,SOLUCIÓN INYECTABLE,limpio
E.F.G.26.028,HO26028,METOCLOPRAMIDA 10 mg / 2 mL SOLUCION INYECTABLE X 6 solucion inyectable,METOCLOPRAMIDA 10 mg / 2 mL X 6 AMPOLLAS,INYECTABLE,SOLUCION INYECTABLE,limpio
E.F.G.36.811,ME36811,METOCLOPRAMIDA 10 mg TABLETAS X 10 tabletas,METOCLOPRAMIDA 10 mg X 10 TABLETAS,TABLETAS,TABLETAS,limpio
E.F.37.626,ME37626,"BETALOCZOK 47,5 mg COMPRIMIDOS DE LIBERACION CONTROLADA X 30 tabletas","BETALOCZOK 47,5 mg X 30 COMPRIMIDOS DE LIBERACION CONTROLADA",COMPRIMIDOS,COMPRIMIDOS DE LIBERACION CONTROLADA,limpio
E.F.29.532,ME29532/2,METREN 500 mg CAPSULAS BLANDAS VAGINALES X 10 blanda,METREN 500 mg X 10 CAPSULAS BLANDAS VAGINALES,CAPSULAS,CAPSULAS BLANDAS VAGINALES,limpio
E.F.29.532,ME29532/3,METREN 500 mg CAPSULAS BLANDAS VAGINALES X 15 blanda,METREN 500 mg X 15 CAPSULAS BLANDAS VAGINALES,CAPSULAS,CAPSULAS BLANDAS VAGINALES,limpio
E.F.28.780,ME28780,METREN 500 mg TABLETAS X 10 tabletas,METREN 500 mg X 10 TABLETAS,TABLETAS,TABLETAS,limpio
E.F.G.42.530,ME42530,METRONIDAZOL 500 mg OVULOS VAGINALES X 10 ovulos,METRONIDAZOL 500 mg X 10 OVULOS VAGINALES,OVULOS,OVULOS VAGINALES,limpio
E.F.G.28.549,ME28549/2,METRONIDAZOL 500 mg TABLETAS X 10 tabletas,METRONIDAZOL 500 mg X 10 TABLETAS,TABLETAS,TABLETAS,limpio
E.F.G.28.549,ME28549/3,METRONIDAZOL 500 mg TABLETAS X 30 tabletas,METRONIDAZOL 500 mg X 30 TABLETAS,TABLETAS,TABLETAS,limpio
E.F.G.43.038,ME43038,METRONIDAZOL 500 mg TABLETAS X 30 tabletas,METRONIDAZOL 500 mg X 30 TABLETAS,TABLETAS,TABLETAS,limpio
E.F.G.43.956,ME43956,METRONIDAZOL - MICONAZOL 750 mg - 200 mg ÓVULOS X 6 ovulos,METRONIDAZOL - MICONAZOL 750 mg - 200 mg X 6 ÓVULOS,OVULOS,ÓVULOS,limpio
E.F.42.156,ME42156,METSIGLIN 500 mg - 50 mg COMPRIMIDOS RECUBIERTOS X 30 tabletas,METSIGLIN 500 mg - 50 mg X 30 COMPRIMIDOS RECUBIERTOS,COMPRIMIDOS,COMPRIMIDOS RECUBIERTOS,limpio
E.F.34.758,ME34758,MICROSER 16 mg TABLETAS X 20 tabletas,MICROSER 16 mg X 20 TABLETAS,TABLETAS,TABLETAS,limpio
E.F.31.976,ME31976/2,MIGRAVAL 100 mg COMPRIMIDOS RECUBIERTOS X 2 comprimidos,MIGRAVAL 100 mg X 2 COMPRIMIDOS RECUBIERTOS,COMPRIMIDOS,COMPRIMIDOS RECUBIERTOS,limpio
E.F.31.976,ME31976/3,MIGRAVAL 100 mg COMPRIMIDOS RECUBIERTOS X 4 comprimidos,MIGRAVAL 100 mg X 4 COMPRIMIDOS RECUBIERTOS,COMPRIMIDOS,COMPRIMIDOS RECUBIERTOS,limpio
E.F.31.976,ME31976/4,MIGRAVAL 100 mg COMPRIMIDOS RECUBIERTOS X 8 comprimidos,MIGRAVAL 100 mg X 8 COMPRIMIDOS RECUBIERTOS,COMPRIMIDOS,COMPRIMIDOS RECUBIERTOS,limpio
E.F.42.475,ME42475,MILAX 50% SOLUCION ORAL X 20 sobre,MILAX 50% X 20 SOLUCION ORAL,SOLUCION ORAL,SOLUCION ORAL,limpio
E.F.23.464,HO23464/3,MIOVIT COMPOSITUM CON LIDOCAINA SOLUCION INYECTABLE X 3 solucion inyectable,MIOVIT COMPOSITUM CON LIDOCAINA X 3 AMPOLLAS,INYECTABLE,SOLUCION INYECTABLE,limpio
E.F.23.464,HO23464/2,MIOVIT COMPOSITUM CON LIDOCAINA SOLUCION INYECTABLE X 1 inyectable,MIOVIT COMPOSITUM CON LIDOCAINA X 1 AMPOLLAS,INYECTABLE,SOLUCION INYECTABLE,limpio
E.F.23.464,HO23464/4,MIOVIT COMPOSITUM CON LIDOCAINA SOLUCION INYECTABLE X 6 inyectable,MIOVIT COMPOSITUM CON LIDOCAINA X 6 AMPOLLAS,INYECTABLE,SOLUCION INYECTABLE,limpio
E.F.22.476,ME22476/2,MIOVIT COMPRIMIDOS RECUBIERTOS X 10 grajeas,MIOVIT X 10 COMPRIMIDOS RECUBIERTOS,COMPRIMIDOS,COMPRIMIDOS RECUBIERTOS,limpio
E.F.22.476,ME22476/3,MIOVIT COMPRIMIDOS RECUBIERTOS X 30 grajeas,MIOVIT X 30 COMPRIMIDOS RECUBIERTOS,COMPRIMIDOS,COMPRIMIDOS RECUBIERTOS,limpio
E.F.G.43.124,ME43124,MIRTAZAPINA 15 mg TABLETAS RECUBIERTAS X 30 tabletas,MIRTAZAPINA 15 mg X 30 TABLETAS RECUBIERTAS,TABLETAS,TABLETAS RECUBIERTAS,limpio
E.F.G.37.308,ME37308,MIRTAZAPINA 30 mg TABLETAS RECUBIERTAS X 30 tabletas,MIRTAZAPINA 30 mg X 30 TABLETAS RECUBIERTAS,TABLETAS,TABLETAS RECUBIERTAS,limpio
E.F.43.794,ME43794/3,MIRTAZAVAL 15 mg TABLETAS RECUBIERTAS X 30 tabletas,MIRTAZAVAL 15 mg X 30 TABLETAS RECUBIERTAS,TABLETAS,TABLETAS RECUBIERTAS,limpio
E.F.43.794,ME43794/2,MIRTAZAVAL 15 mg TABLETAS RECUBIERTAS X 10 comprimidos,MIRTAZAVAL 15 mg X 10 TABLETAS RECUBIERTAS,TABLETAS,TABLETAS RECUBIERTAS,limpio
E.F.G.33.690,ME33690/2,MONTELUKAST 10 mg TABLETAS RECUBIERTAS X 10 tabletas,MONTELUKAST 10 mg X 10 TABLETAS RECUBIERTAS,TABLETAS,TABLETAS RECUBIERTAS,limpio
E.F.G.33.690,ME33690/3,MONTELUKAST 10 mg TABLETAS RECUBIERTAS X 30 tabletas,MONTELUKAST 10 mg X 30 TABLETAS RECUBIERTAS,TABLETAS,TABLETAS RECUBIERTAS,limpio
E.F.G.35.286,ME35286,MONTELUKAST 5 mg TABLETAS MASTICABLES X 30 masticable,MONTELUKAST 5 mg X 30 TABLETAS MASTICABLES,TABLETAS,TABLETAS MASTICABLES,limpio
E.F.38.837,ME38837/2,MONTRAX 10 mg TABLETAS X 10 tabletas,MONTRAX 10 mg X 10 TABLETAS,TABLETAS,TABLETAS,limpio
E.F.38.837,ME38837/3,MONTRAX 10 mg TABLETAS X 30 tabletas,MONTRAX 10 mg X 30 TABLETAS,TABLETAS,TABLETAS,limpio
E.F.39.173,ME39173,MONTRAX 4 mg TABLETAS MASTICABLES X 10 masticable,MONTRAX 4 mg X 10 TABLETAS MASTICABLES,TABLETAS,TABLETAS MASTICABLES,limpio
E.F.39.174,ME39174/2,MONTRAX 5 mg TABLETAS MASTICABLES X 10 masticable,MONTRAX 5 mg X 10 TABLETAS MASTICABLES,TABLETAS,TABLETAS MASTICABLES,limpio
E.F.39.174,ME39174/3,MONTRAX 5 mg TABLETAS MASTICABLES X 30 masticable,MONTRAX 5 mg X 30 TABLETAS MASTICABLES,TABLETAS,TABLETAS MASTICABLES,limpio
E.F.35.105,ME35105,MONUKAST 5 mg TABLETAS MASTICABLES X 30 masticable,MONUKAST 5 mg X 30 TABLETAS MASTICABLES,TABLETAS,TABLETAS MASTICABLES,limpio
E.F.43.308,ME43308,MOPERID 10 mg TABLETAS X 20 tabletas,MOPERID 10 mg X 20 TABLETAS,TABLETAS,TABLETAS,limpio
E.F.35.996,ME35996,MOVIMEX 15 mg TABLETAS X 10 tabletas,MOVIMEX 15 mg X 10 TABLETAS,TABLETAS,TABLETAS,limpio
E.F.G.37.148,ME37148,MOXIFLOXACINA 400 mg TABLETAS RECUBIERTAS X 7 recubierta,MOXIFLOXACINA 400 mg X 7 TABLETAS RECUBIERTAS,TABLETAS,TABLETAS RECUBIERTAS,limpio
E.F.G.36.486,ME36486,MOXIFLOXACINA 400 mg COMPRIMIDOS RECUBIERTOS X 10 tabletas,MOXIFLOXACINA 400 mg X 10 COMPRIMIDOS RECUBIERTOS,COMPRIMIDOS,COMPRIMIDOS RECUBIERTOS,limpio
E.F.G.37.302,ME37302,MOXIFLOXACINA 400 mg TABLETAS RECUBIERTAS X 5 recubierta,MOXIFLOXACINA 400 mg X 5 TABLETAS RECUBIERTAS,TABLETAS,TABLETAS RECUBIERTAS,limpio
E.F.40.642,ME40642,MUCLAR 30mg - 5mg COMPRIMIDOS X 10 comprimidos,MUCLAR 30mg - 5mg X 10 COMPRIMIDOS,COMPRIMIDOS,COMPRIMIDOS,limpio
E.F.11.776,ME11776,MULTIVIRAL CAPSULAS X 30 capsulas,MULTIVIRAL X 30 CAPSULAS,CAPSULAS,CAPSULAS,limpio
E.F.38.101,ME38101,MUVETT 300 mg TABLETAS RECUBIERTAS DE LIBERACION PROLONGADA X 20 tabletas,MUVETT 300 mg X 20 TABLETAS RECUBIERTAS DE LIBERACION PROLONGADA,TABLETAS,TABLETAS RECUBIERTAS DE LIBERACION PROLONGADA,limpio
E.F.G.36.014,HO36014,N-BUTIL BROMURO DE HIOSCINA 20 mg / mL SOLUCION INYECTABLE X 5 solucion inyectable,N-BUTIL BROMURO DE HIOSCINA 20 mg / mL X 5 AMPOLLAS,INYECTABLE,SOLUCION INYECTABLE,limpio
E.F.22.739,ME22739,"NACLODIN 0,150 mg TABLETAS X 30 tabletas","NACLODIN 0,150 mg X 30 TABLETAS",TABLETAS,TABLETAS,limpio
E.F.G.34.793,ME34793,NAPROXENO 250 mg TABLETAS X 10 comprimidos,NAPROXENO 250 mg X 10 TABLETAS,TABLETAS,TABLETAS,limpio
E.F.43.615,ME43615,TRASS (Naproxeno Sódico 500 mg + Sumatriptan 85 mg) TABLETAS RECUBIERTAS X 10 recubierta,TRASS (Naproxeno Sódico 500 mg + Sumatriptan 85 mg) X 10 TABLETAS RECUBIERTAS,TABLETAS,TABLETAS RECUBIERTAS,limpio
E.F.41.823,ME41823,NEFROTAL AMLO 50 mg - 5 mg COMPRIMIDOS X 30 comprimidos,NEFROTAL AMLO 50 mg - 5 mg X 30 COMPRIMIDOS,COMPRIMIDOS,COMPRIMIDOS,limpio
E.F.31.384,ME31384/5,"NEFROTAL H 50 mg - 12,5 mg COMPRIMIDOS RECUBIERTOS X 30 comprimidos","NEFROTAL H 50 mg - 12,5 mg X 30 COMPRIMIDOS RECUBIERTOS",COMPRIMIDOS,COMPRIMIDOS RECUBIERTOS,limpio
E.F.31.384,ME31384/4,"NEFROTAL H 50 mg - 12,5 mg COMPRIMIDOS RECUBIERTOS X 15 comprimidos","NEFROTAL H 50 mg - 12,5 mg X 15 COMPRIMIDOS RECUBIERTOS",COMPRIMIDOS,COMPRIMIDOS RECUBIERTOS,limpio
E.F.31.384,ME31384/2,"NEFROTAL H 50 mg - 12,5 mg COMPRIMIDOS RECUBIERTOS X 10 comprimidos","NEFROTAL H 50 mg - 12,5 mg X 10 COMPRIMIDOS RECUBIERTOS",COMPRIMIDOS,COMPRIMIDOS RECUBIERTOS,limpio
E.F.31.384,ME31384/3,"NEFROTAL H 50 mg - 12,5 mg COMPRIMIDOS RECUBIERTOS X 14 comprimidos","NEFROTAL H 50 mg - 12,5 mg X 14 COMPRIMIDOS RECUBIERTOS",COMPRIMIDOS,COMPRIMIDOS RECUBIERTOS,limpio
E.F.35.488,ME35488/4,NEFROTAL 100 mg COMPRIMIDOS RECUBIERTOS X 30 comprimidos,NEFROTAL 100 mg X 30 COMPRIMIDOS RECUBIERTOS,COMPRIMIDOS,COMPRIMIDOS RECUBIERTOS,limpio
E.F.35.488,ME35488/2,NEFROTAL 100 mg COMPRIMIDOS RECUBIERTOS X 10 recubierta,NEFROTAL 100 mg X 10 COMPRIMIDOS RECUBIERTOS,COMPRIMIDOS,COMPRIMIDOS RECUBIERTOS,limpio
E.F.35.488,ME35488/3,NEFROTAL 100 mg COMPRIMIDOS RECUBIERTOS X 14 recubierta,NEFROTAL 100 mg X 14 COMPRIMIDOS RECUBIERTOS,COMPRIMIDOS,COMPRIMIDOS RECUBIERTOS,limpio
E.F.35.489,ME35489,NEFROTAL H 100 mg - 25 mg COMPRIMIDOS RECUBIERTOS X 10 comprimidos,NEFROTAL H 100 mg - 25 mg X 10 COMPRIMIDOS RECUBIERTOS,COMPRIMIDOS,COMPRIMIDOS RECUBIERTOS,limpio
E.F.G.7.099,HO7099/2,"NEOSTIGMINA 0,5 mg / mL SOLUCION INYECTABLE X 3 inyectable","NEOSTIGMINA 0,5 mg / mL X 3 AMPOLLAS",INYECTABLE,SOLUCION INYECTABLE,limpio
E.F.G.7.099,HO7099/3,"NEOSTIGMINA 0,5 mg / mL SOLUCION INYECTABLE X 6 inyectable","NEOSTIGMINA 0,5 mg / mL X 6 AMPOLLAS",INYECTABLE,SOLUCION INYECTABLE,limpio
E.F.41.608,ME41608,NEULEVAL 500 mg TABLETAS RECUBIERTAS X 10 recubierta,NEULEVAL 500 mg X 10 TABLETAS RECUBIERTAS,TABLETAS,TABLETAS RECUBIERTAS,limpio
E.F.41.609,ME41609,NEULEVAL 750 mg TABLETAS RECUBIERTAS X 5 recubierta,NEULEVAL 750 mg X 5 TABLETAS RECUBIERTAS,TABLETAS,TABLETAS RECUBIERTAS,limpio
E.F.38.422,ME38422,NEURIXA 150 mg CAPSULAS X 14 capsulas,NEURIXA 150 mg X 14 CAPSULAS,CAPSULAS,CAPSULAS,limpio
E.F.38.421,ME38421/2,NEURIXA 75 mg CAPSULAS X 14 capsulas,NEURIXA 75 mg X 14 CAPSULAS,CAPSULAS,CAPSULAS,limpio
E.F.38.421,ME38421/3,NEURIXA 75 mg CAPSULAS X 21 capsulas,NEURIXA 75 mg X 21 CAPSULAS,CAPSULAS,CAPSULAS,limpio
E.F.43.041,ME43041,NEUROMIX SOLUCION ORAL X 30 recubierta,NEUROMIX X 30 SOLUCION ORAL,SOLUCION ORAL,SOLUCION ORAL,limpio
E.F.G.28.779,ME28779,NIFEDIPINA 10 mg CAPSULAS X 14 capsulas,NIFEDIPINA 10 mg X 14 CAPSULAS,CAPSULAS,CAPSULAS,limpio
E.F.G.25.984,ME25984/3,NIFEDIPINA 10 mg COMPRIMIDOS DISPERSABLES X 30 comprimidos,NIFEDIPINA 10 mg X 30 COMPRIMIDOS DISPERSABLES,COMPRIMIDOS,COMPRIMIDOS DISPERSABLES,limpio
E.F.G.25.984,ME25984/2,NIFEDIPINA 10 mg COMPRIMIDOS DISPERSABLES X 10 tabletas,NIFEDIPINA 10 mg X 10 COMPRIMIDOS DISPERSABLES,COMPRIMIDOS,COMPRIMIDOS DISPERSABLES,limpio
E.F.G.43.990,ME43990,NIFEDIPINO 10 mg TABLETAS RECUBIERTAS X 30 tabletas,NIFEDIPINO 10 mg X 30 TABLETAS RECUBIERTAS,TABLETAS,TABLETAS RECUBIERTAS,limpio
E.F.G.38.246,ME38246,NIMODIPINA 30 mg COMPRIMIDOS X 30 tabletas,NIMODIPINA 30 mg X 30 COMPRIMIDOS,COMPRIMIDOS,COMPRIMIDOS,limpio
E.F.39.909,ME39909,"NIPE 100 mg - 0,25 mg / mL SOLUCION ORAL EN GOTAS X 6 sobre","NIPE 100 mg - 0,25 mg / mL X 6 SOLUCION ORAL EN GOTAS",SOLUCION ORAL,SOLUCION ORAL EN GOTAS,limpio
E.F.42.837,ME42837,NITAX 500 mg TABLETAS RECUBIERTAS X 6 recubierta,NITAX 500 mg X 6 TABLETAS RECUBIERTAS,TABLETAS,TABLETAS RECUBIERTAS,limpio
E.F.G.37.921,ME37921,NITAZOXANIDA 500 mg TABLETAS RECUBIERTAS X 6 recubierta,NITAZOXANIDA 500 mg X 6 TABLETAS RECUBIERTAS,TABLETAS,TABLETAS RECUBIERTAS,limpio
E.F.G.43.051,ME43051/3,NITROFURANTOINA 100 mg TABLETAS RECUBIERTAS X 300 capsulas,NITROFURANTOINA 100 mg X 300 TABLETAS RECUBIERTAS,TABLETAS,TABLETAS RECUBIERTAS,limpio
E.F.G.43.051,ME43051/2,NITROFURANTOINA 100 mg TABLETAS RECUBIERTAS X 10 tabletas,NITROFURANTOINA 100 mg X 10 TABLETAS RECUBIERTAS,TABLETAS,TABLETAS RECUBIERTAS,limpio
E.F.G.44.220,ME44220/2,NITROFURANTOINA 50 mg TABLETAS RECUBIERTAS X 10 tabletas,NITROFURANTOINA 50 mg X 10 TABLETAS RECUBIERTAS,TABLETAS,TABLETAS RECUBIERTAS,limpio
E.F.G.44.220,ME44220/3,NITROFURANTOINA 50 mg TABLETAS RECUBIERTAS X 30 recubierta,NITROFURANTOINA 50 mg X 30 TABLETAS RECUBIERTAS,TABLETAS,TABLETAS RECUBIERTAS,limpio
E.F.42.319,ME42319/2,NONAFOL 10 mg TABLETAS X 10 tabletas,NONAFOL 10 mg X 10 TABLETAS,TABLETAS,TABLETAS,limpio
E.F.42.319,ME42319/3,NONAFOL 10 mg TABLETAS X 20 tabletas,NONAFOL 10 mg X 20 TABLETAS,TABLETAS,TABLETAS,limpio
E.F.42.319,ME42319/4,NONAFOL 10 mg TABLETAS X 30 tabletas,NONAFOL 10 mg X 30 TABLETAS,TABLETAS,TABLETAS,limpio
E.F.42.320,ME42320/2,NONAFOL 5 mg TABLETAS X 10 tabletas,NONAFOL 5 mg X 10 TABLETAS,TABLETAS,TABLETAS,limpio
E.F.42.320,ME42320/3,NONAFOL 5 mg TABLETAS X 20 tabletas,NONAFOL 5 mg X 20 TABLETAS,TABLETAS,TABLETAS,limpio
E.F.42.320,ME42320/4,NONAFOL 5 mg TABLETAS X 30 tabletas,NONAFOL 5 mg X 30 TABLETAS,TABLETAS,TABLETAS,limpio
E.F.36.695,ME36695,NORMIX 200 mg TABLETAS RECUBIERTAS X 12 tabletas,NORMIX 200 mg X 12 TABLETAS RECUBIERTAS,TABLETAS,TABLETAS RECUBIERTAS,limpio
E.F.35.872,ME35872,NORSINA 500 mg - 10 mg TABLETAS X 12 tabletas,NORSINA 500 mg - 10 mg X 12 TABLETAS,TABLETAS,TABLETAS,limpio
E.F.43.718,ME43718,NORTRICOL 200 mg CÁPSULAS X 20 capsulas,NORTRICOL 200 mg X 20 CÁPSULAS,CAPSULAS,CÁPSULAS,limpio
E.F.27.271,ME27271/3,NOTOLAC 20 mg TABLETAS X 10 tabletas,NOTOLAC 20 mg X 10 TABLETAS,TABLETAS,TABLETAS,limpio
E.F.27.271,ME27271/2,NOTOLAC 20 mg TABLETAS X 4 tabletas,NOTOLAC 20 mg X 4 TABLETAS,TABLETAS,TABLETAS,limpio
E.F.23.563,ME23563,NOVARONA 200 mg COMPRIMIDOS X 10 comprimidos,NOVARONA 200 mg X 10 COMPRIMIDOS,COMPRIMIDOS,COMPRIMIDOS,limpio
E.F.42.194,ME42194,NOXPIRIN GRIP TABLETAS X 12 tabletas,NOXPIRIN GRIP X 12 TABLETAS,TABLETAS,TABLETAS,limpio
E.F.37.707,ME37707,NYTAXIN 500 mg CAPSULAS BLANDAS X 6 blanda,NYTAXIN 500 mg X 6 CAPSULAS BLANDAS,CAPSULAS,CAPSULAS BLANDAS,limpio
E.F.38.888,ME38888,OFAFLAN 50 mg COMPRIMIDOS CON CUBIERTA ENTERICA X 10 comprimidos,OFAFLAN 50 mg X 10 COMPRIMIDOS CON CUBIERTA ENTERICA,COMPRIMIDOS,COMPRIMIDOS CON CUBIERTA ENTERICA,limpio
E.F.G.42.964,ME42964,OLANZAPINA 5 mg TABLETAS ORODISPERSABLES X 30 tabletas,OLANZAPINA 5 mg X 30 TABLETAS ORODISPERSABLES,TABLETAS,TABLETAS ORODISPERSABLES,limpio
E.F.39.403,ME39403,OLMECAR 20 mg COMPRIMIDOS RECUBIERTOS X 30 recubierta,OLMECAR 20 mg X 30 COMPRIMIDOS RECUBIERTOS,COMPRIMIDOS,COMPRIMIDOS RECUBIERTOS,limpio
E.F.39.297,ME39297,OLMECAR 40 mg COMPRIMIDOS RECUBIERTOS X 30 tabletas,OLMECAR 40 mg X 30 COMPRIMIDOS RECUBIERTOS,COMPRIMIDOS,COMPRIMIDOS RECUBIERTOS,limpio
E.F.G.40.904,ME40904,"OLMESARTAN MEDOXOMIL 40 mg - HIDROLOCOTIAZIDA 12,5 mg TABLETAS RECUBIERTAS X 30 comprimidos","OLMESARTAN MEDOXOMIL 40 mg - HIDROLOCOTIAZIDA 12,5 mg X 30 TABLETAS RECUBIERTAS",TABLETAS,TABLETAS RECUBIERTAS,limpio
E.F.G.42.752,ME42752/2,OLMESARTAN MEDOXOMILO 20 mg TABLETAS RECUBIERTAS X 10 tabletas,OLMESARTAN MEDOXOMILO 20 mg X 10 TABLETAS RECUBIERTAS,TABLETAS,TABLETAS RECUBIERTAS,limpio
E.F.G.42.752,ME42752/3,OLMESARTAN MEDOXOMILO 20 mg TABLETAS RECUBIERTAS X 30 recubierta,OLMESARTAN MEDOXOMILO 20 mg X 30 TABLETAS RECUBIERTAS,TABLETAS,TABLETAS RECUBIERTAS,limpio
E.F.G.40.779,ME40779,OLMESARTAN MEDOXOMIL 20 mg TABLETAS RECUBIERTAS X 30 tabletas,OLMESARTAN MEDOXOMIL 20 mg X 30 TABLETAS RECUBIERTAS,TABLETAS,TABLETAS RECUBIERTAS,limpio
E.F.G.42.751,ME42751/2,OLMESARTAN MEDOXOMILO 40 mg TABLETAS RECUBIERTAS X 10 tabletas,OLMESARTAN MEDOXOMILO 40 mg X 10 TABLETAS RECUBIERTAS,TABLETAS,TABLETAS RECUBIERTAS,limpio
E.F.G.42.751,ME42751/3,OLMESARTAN MEDOXOMILO 40 mg TABLETAS RECUBIERTAS X 30 recubierta,OLMESARTAN MEDOXOMILO 40 mg X 30 TABLETAS RECUBIERTAS,TABLETAS,TABLETAS RECUBIERTAS,limpio
E.F.42.770,ME42770,OLMETIQUE 20 mg TABLETAS RECUBIERTAS X 30 tabletas,OLMETIQUE 20 mg X 30 TABLETAS RECUBIERTAS,TABLETAS,TABLETAS RECUBIERTAS,limpio
E.F.G.27.785,ME27785/3,OMEPRAZOL 20 mg CAPSULAS CON MICROGRANULOS ENTERICOS X 10 capsulas,OMEPRAZOL 20 mg X 10 CAPSULAS CON MICROGRANULOS ENTERICOS,CAPSULAS,CAPSULAS CON MICROGRANULOS ENTERICOS,limpio
E.F.G.27.785,ME27785/4,OMEPRAZOL 20 mg CAPSULAS CON MICROGRANULOS ENTERICOS X 14 capsulas,OMEPRAZOL 20 mg X 14 CAPSULAS CON MICROGRANULOS ENTERICOS,CAPSULAS,CAPSULAS CON MICROGRANULOS ENTERICOS,limpio
E.F.G.27.785,ME27785/5,OMEPRAZOL 20 mg CAPSULAS CON MICROGRANULOS ENTERICOS X 28 capsulas,OMEPRAZOL 20 mg X 28 CAPSULAS CON MICROGRANULOS ENTERICOS,CAPSULAS,CAPSULAS CON MICROGRANULOS ENTERICOS,limpio
E.F.G.27.785,ME27785/6,OMEPRAZOL 20 mg CAPSULAS CON MICROGRANULOS ENTERICOS X 30 capsulas,OMEPRAZOL 20 mg X 30 CAPSULAS CON MICROGRANULOS ENTERICOS,CAPSULAS,CAPSULAS CON MICROGRANULOS ENTERICOS,limpio
E.F.G.27.785,ME27785/2,OMEPRAZOL 20 mg CAPSULAS CON MICROGRANULOS ENTERICOS X 7 capsulas,OMEPRAZOL 20 mg X 7 CAPSULAS CON MICROGRANULOS ENTERICOS,CAPSULAS,CAPSULAS CON MICROGRANULOS ENTERICOS,limpio
E.F.G.28.613,ME28613/3,OMEPRAZOL 20 mg CAPSULAS CON MICROGRANULOS CON CUBIERTA ENTERICA X 30 capsulas,OMEPRAZOL 20 mg X 30 CAPSULAS CON MICROGRANULOS CON CUBIERTA ENTERICA,CAPSULAS,CAPSULAS CON MICROGRANULOS CON CUBIERTA ENTERICA,limpio
E.F.G.28.613,ME28613/2,OMEPRAZOL 20 mg CAPSULAS CON MICROGRANULOS CON CUBIERTA ENTERICA X 8 capsulas,OMEPRAZOL 20 mg X 8 CAPSULAS CON MICROGRANULOS CON CUBIERTA ENTERICA,CAPSULAS,CAPSULAS CON MICROGRANULOS CON CUBIERTA ENTERICA,limpio
E.F.G.43.675,ME43675/4,OMEPRAZOL 20 mg CAPSULAS GASTRORRESISTENTES X 10 capsulas,OMEPRAZOL 20 mg X 10 CAPSULAS GASTRORRESISTENTES,CAPSULAS,CAPSULAS GASTRORRESISTENTES,limpio
E.F.G.43.675,ME43675/5,OMEPRAZOL 20 mg CAPSULAS GASTRORRESISTENTES X 20 capsulas,OMEPRAZOL 20 mg X 20 CAPSULAS GASTRORRESISTENTES,CAPSULAS,CAPSULAS GASTRORRESISTENTES,limpio
E.F.G.43.675,ME43675/6,OMEPRAZOL 20 mg CAPSULAS GASTRORRESISTENTES X 30 capsulas,OMEPRAZOL 20 mg X 30 CAPSULAS GASTRORRESISTENTES,CAPSULAS,CAPSULAS GASTRORRESISTENTES,limpio
E.F.G.43.675,ME43675/2,OMEPRAZOL 20 mg CAPSULAS GASTRORRESISTENTES X 7 capsulas,OMEPRAZOL 20 mg X 7 CAPSULAS GASTRORRESISTENTES,CAPSULAS,CAPSULAS GASTRORRESISTENTES,limpio
E.F.G.43.675,ME43675/3,OMEPRAZOL 20 mg CAPSULAS GASTRORRESISTENTES X 8 capsulas,OMEPRAZOL 20 mg X 8 CAPSULAS GASTRORRESISTENTES,CAPSULAS,CAPSULAS GASTRORRESISTENTES,limpio
E.F.G.42.404,ME42404/3,OMEPRAZOL 40 mg CAPSULAS CON MICROGRANULOS GASTRORRESISTENTES X 30 capsulas,OMEPRAZOL 40 mg X 30 CAPSULAS CON MICROGRANULOS GASTRORRESISTENTES,CAPSULAS,CAPSULAS CON MICROGRANULOS GASTRORRESISTENTES,limpio
E.F.G.42.404,ME42404/2,OMEPRAZOL 40 mg CAPSULAS CON MICROGRANULOS GASTRORRESISTENTES X 7 capsulas,OMEPRAZOL 40 mg X 7 CAPSULAS CON MICROGRANULOS GASTRORRESISTENTES,CAPSULAS,CAPSULAS CON MICROGRANULOS GASTRORRESISTENTES,limpio
E.F.G.41.965,ME41965/3,OMEPRAZOL 40 mg CAPSULAS GASTRORRESISTENTES X 30 capsulas,OMEPRAZOL 40 mg X 30 CAPSULAS GASTRORRESISTENTES,CAPSULAS,CAPSULAS GASTRORRESISTENTES,limpio
E.F.G.41.965,ME41965/2,OMEPRAZOL 40 mg CAPSULAS GASTRORRESISTENTES X 10 capsulas,OMEPRAZOL 40 mg X 10 CAPSULAS GASTRORRESISTENTES,CAPSULAS,CAPSULAS GASTRORRESISTENTES,limpio
E.F.44.039,ME44039,JUVILOC 20 mg TABLETAS GASTRORRESISTENTE X 20 tabletas,JUVILOC 20 mg X 20 TABLETAS GASTRORRESISTENTE,TABLETAS,TABLETAS GASTRORRESISTENTE,limpio
E.F.G.33.836,HO33836,OMEPRAZOL 40 mg POLVO LIOFILIZADO PARA INFUSION INTRAVENOSA X 1 inyectable,OMEPRAZOL 40 mg X 1 AMPOLLAS,INYECTABLE,POLVO LIOFILIZADO PARA INFUSION INTRAVENOSA,limpio
P.B.1.221,ME1221,OMMUNAL (LISADO BACTERIANO) 7 mg CAPSULAS X 10 capsulas,OMMUNAL (LISADO BACTERIANO) 7 mg X 10 CAPSULAS,CAPSULAS,CAPSULAS,limpio
E.F.G.30.342,ME30342,ONDANSETRON 4 mg COMPRIMIDOS X 10 comprimidos,ONDANSETRON 4 mg X 10 COMPRIMIDOS,COMPRIMIDOS,COMPRIMIDOS,limpio
E.F.G.30.344,ME30344,ONDANSETRON 8 mg COMPRIMIDOS X 10 comprimidos,ONDANSETRON 8 mg X 10 COMPRIMIDOS,COMPRIMIDOS,COMPRIMIDOS,limpio
E.F.G.37.763,HO37763/2,ONDANSETRON 8 mg / 4 mL SOLUCION INYECTABLE INTRAVENOSA X 1 inyectable,ONDANSETRON 8 mg / 4 mL X 1 AMPOLLAS,INYECTABLE,SOLUCION INYECTABLE INTRAVENOSA,limpio
E.F.G.37.763,HO37763/3,ONDANSETRON 8 mg / 4 mL SOLUCION INYECTABLE INTRAVENOSA X 5 inyectable,ONDANSETRON 8 mg / 4 mL X 5 AMPOLLAS,INYECTABLE,SOLUCION INYECTABLE INTRAVENOSA,limpio
E.F.G.30.228,HO30228,ONDANSETRON 2 mg / mL SOLUCION INYECTABLE X 1 inyectable,ONDANSETRON 2 mg / mL X 1 AMPOLLAS,INYECTABLE,SOLUCION INYECTABLE,limpio
E.F.35.150,HO35150/2,ONDATRIN 2 mg / mL SOLUCION INYECTABLE X 1 solucion inyectable,ONDATRIN 2 mg / mL X 1 AMPOLLAS,INYECTABLE,SOLUCION INYECTABLE,limpio
E.F.35.150,HO35150/3,ONDATRIN 2 mg / mL SOLUCION INYECTABLE X 5 solucion inyectable,ONDATRIN 2 mg / mL X 5 AMPOLLAS,INYECTABLE,SOLUCION INYECTABLE,limpio
E.F.41.670,ME41670,ORALZINC SALES DE REHIDRATACION POLVO PARA SOLUCION ORAL SABOR A COCO X 1 sobre,ORALZINC SALES DE REHIDRATACION X 1 POLVO PARA SOLUCION ORAL SABOR A COCO,POLVO PARA RECONSTITUCION,POLVO PARA SOLUCION ORAL SABOR A COCO,limpio
E.F.39.093,ME39093,ORLIDIET 120 mg CAPSULAS X 30 capsulas,ORLIDIET 120 mg X 30 CAPSULAS,CAPSULAS,CAPSULAS,limpio
E.F.40.197,ME40197,ORLIDIET 60 mg CAPSULAS X 30 capsulas,ORLIDIET 60 mg X 30 CAPSULAS,CAPSULAS,CAPSULAS,limpio
E.F.G.36.024,ME36024,ORLISTAT 120 mg CAPSULAS X 30 capsulas,ORLISTAT 120 mg X 30 CAPSULAS,CAPSULAS,CAPSULAS,limpio
E.F.G.43.862,ME43862,OXCARBAZEPINA 300 mg TABLETAS RECUBIERTAS X 30 tabletas,OXCARBAZEPINA 300 mg X 30 TABLETAS RECUBIERTAS,TABLETAS,TABLETAS RECUBIERTAS,limpio
E.F.38.580,ME38580,OXIDREN 150 mg COMPRIMIDOS RECUBIERTOS X 1 comprimidos,OXIDREN 150 mg X 1 COMPRIMIDOS RECUBIERTOS,COMPRIMIDOS,COMPRIMIDOS RECUBIERTOS,limpio
E.F.G.37.274,ME37274,PANTOPRAZOL 40 mg COMPRIMIDOS CON CUBIERTA DE LIBERACION ENTERICA X 10 comprimidos,PANTOPRAZOL 40 mg X 10 COMPRIMIDOS CON CUBIERTA DE LIBERACION ENTERICA,COMPRIMIDOS,COMPRIMIDOS CON CUBIERTA DE LIBERACION ENTERICA,limpio
E.F.G.39.516,HO39516,PANTOPRAZOL 40 mg POLVO PARA SOLUCION INYECTABLE X 1 inyectable,PANTOPRAZOL 40 mg X 1 AMPOLLAS,INYECTABLE,POLVO PARA SOLUCION INYECTABLE,limpio
E.F.G.43.468,ME43468,PANTOPRAZOL 40 mg TABLETAS DE LIBERACION RETARDADA X 7 tabletas,PANTOPRAZOL 40 mg X 7 TABLETAS DE LIBERACION RETARDADA,TABLETAS,TABLETAS DE LIBERACION RETARDADA,limpio
E.F.G.37.850,ME37850,PAROXETINA 20 mg COMPRIMIDOS RECUBIERTAS X 30 tabletas,PAROXETINA 20 mg X 30 COMPRIMIDOS RECUBIERTAS,COMPRIMIDOS,COMPRIMIDOS RECUBIERTAS,limpio
E.F.43.713,ME43713,PASIM PLUS 10 mg - 500 mg COMPRIMIDOS RECUBIERTOS X 10 recubierta,PASIM PLUS 10 mg - 500 mg X 10 COMPRIMIDOS RECUBIERTOS,COMPRIMIDOS,COMPRIMIDOS RECUBIERTOS,limpio
E.F.34.116,ME34116,PAXIL CR 25 mg TABLETAS DE LIBERACION CONTROLADA X 30 tabletas,PAXIL CR 25 mg X 30 TABLETAS DE LIBERACION CONTROLADA,TABLETAS,TABLETAS DE LIBERACION CONTROLADA,limpio
E.F.39.670,ME39670/2,PEGYT 150 mg CAPSULAS X 20 capsulas,PEGYT 150 mg X 20 CAPSULAS,CAPSULAS,CAPSULAS,limpio
E.F.39.670,ME39670/3,PEGYT 150 mg CAPSULAS X 30 capsulas,PEGYT 150 mg X 30 CAPSULAS,CAPSULAS,CAPSULAS,limpio
E.F.43.568,ME43568,PEGYT 25 mg CAPSULAS X 30 capsulas,PEGYT 25 mg X 30 CAPSULAS,CAPSULAS,CAPSULAS,limpio
E.F.39.669,ME39669,PEGYT 75 mg CAPSULAS X 20 capsulas,PEGYT 75 mg X 20 CAPSULAS,CAPSULAS,CAPSULAS,limpio
E.F.G.38.517,HO38517,PENTOXIFILINA 300 mg / 15 mL SOLUCION PARA INFUSION X 5 solucion inyectable,PENTOXIFILINA 300 mg / 15 mL X 5 AMPOLLAS,INYECTABLE,SOLUCION PARA INFUSION,limpio
E.F.G.27.020,ME27020,PENTOXIFILINA 400 mg COMPRIMIDOS RECUBIERTOS DE ACCION PROLONGADA X 30 tabletas,PENTOXIFILINA 400 mg X 30 COMPRIMIDOS RECUBIERTOS DE ACCION PROLONGADA,COMPRIMIDOS,COMPRIMIDOS RECUBIERTOS DE ACCION PROLONGADA,limpio
E.F.41.064,ME41064,PERTEN 250 mg TABLETAS X 20 tabletas,PERTEN 250 mg X 20 TABLETAS,TABLETAS,TABLETAS,limpio
E.F.42.325,ME42325,PIGRAL 75 mg COMPRIMIDOS RECUBIERTOS X 14 comprimidos,PIGRAL 75 mg X 14 COMPRIMIDOS RECUBIERTOS,COMPRIMIDOS,COMPRIMIDOS RECUBIERTOS,limpio
E.F.44.538,ME44538,PIMADOL 10 mg  TABLETAS RECUBIERTAS X 10 tabletas,PIMADOL 10 mg X 10 TABLETAS RECUBIERTAS,TABLETAS,TABLETAS RECUBIERTAS,limpio
E.F.G.37.698,ME37698/2,PINAVERIUM BROMURO 100 mg TABLETAS RECUBIERTAS X 20 recubierta,PINAVERIUM BROMURO 100 mg X 20 TABLETAS RECUBIERTAS,TABLETAS,TABLETAS RECUBIERTAS,limpio
E.F.G.37.698,ME37698/3,PINAVERIUM BROMURO 100 mg TABLETAS RECUBIERTAS X 30 recubierta,PINAVERIUM BROMURO 100 mg X 30 TABLETAS RECUBIERTAS,TABLETAS,TABLETAS RECUBIERTAS,limpio
E.F.40.606,ME40606/3,PINAVIX 100 mg COMPRIMIDOS RECUBIERTOS X 30 recubierta,PINAVIX 100 mg X 30 COMPRIMIDOS RECUBIERTOS,COMPRIMIDOS,COMPRIMIDOS RECUBIERTOS,limpio
E.F.40.606,ME40606/2,PINAVIX 100 mg COMPRIMIDOS RECUBIERTOS X 20 recubierta,PINAVIX 100 mg X 20 COMPRIMIDOS RECUBIERTOS,COMPRIMIDOS,COMPRIMIDOS RECUBIERTOS,limpio
E.F.34.513,ME34513,BREINOX 400 mg TABLETAS X 30 tabletas,BREINOX 400 mg X 30 TABLETAS,TABLETAS,TABLETAS,limpio
E.F.G.23.852,ME23852,PIROXICAM 20 mg CAPSULAS X 10 capsulas,PIROXICAM 20 mg X 10 CAPSULAS,CAPSULAS,CAPSULAS,limpio
E.F.30.588,ME30588,PLAVIX 75 mg COMPRIMIDOS RECUBIERTOS X 14 tabletas,PLAVIX 75 mg X 14 COMPRIMIDOS RECUBIERTOS,COMPRIMIDOS,COMPRIMIDOS RECUBIERTOS,limpio
E.F.31.051,ME31051,PLIDAN COMPUESTO 10 mg / 125 mg COMPRIMIDOS RECUBIERTOS X 10 comprimidos,PLIDAN COMPUESTO 10 mg / 125 mg X 10 COMPRIMIDOS RECUBIERTOS,COMPRIMIDOS,COMPRIMIDOS RECUBIERTOS,limpio
E.F.31.052,HO31052/2,PLIDAN COMPUESTO 15 mg / 2 mL - 100 mg / 2 mL SOLUCION INYECTABLE X 1 inyectable,PLIDAN COMPUESTO 15 mg / 2 mL - 100 mg / 2 mL X 1 AMPOLLAS,INYECTABLE,SOLUCION INYECTABLE,limpio
E.F.31.052,HO31052/3,PLIDAN COMPUESTO 15 mg / 2 mL - 100 mg / 2 mL SOLUCION INYECTABLE X 2 ampollas,PLIDAN COMPUESTO 15 mg / 2 mL - 100 mg / 2 mL X 2 AMPOLLAS,INYECTABLE,SOLUCION INYECTABLE,limpio
E.F.30.697,ME30697,"POSTINOR 2 0,75 mg COMPRIMIDOS X 2 comprimidos","POSTINOR 2 0,75 mg X 2 COMPRIMIDOS",COMPRIMIDOS,COMPRIMIDOS,limpio
E.F.42.051,ME42051,POTAX 10 mEq TABLETAS DE LIBERACION PROLONGADA X 100 tabletas,POTAX 10 mEq X 100 TABLETAS DE LIBERACION PROLONGADA,TABLETAS,TABLETAS DE LIBERACION PROLONGADA,limpio
E.F.41.289,ME41289,PRALINA 75 mg CAPSULAS X 14 capsulas,PRALINA 75 mg X 14 CAPSULAS,CAPSULAS,CAPSULAS,limpio
E.F.15.805,ME15805/2,PRAXONA 150 mg COMPRIMIDOS X 10 tabletas,PRAXONA 150 mg X 10 COMPRIMIDOS,COMPRIMIDOS,COMPRIMIDOS,limpio
E.F.15.805,ME15805/3,PRAXONA 150 mg COMPRIMIDOS X 24 tabletas,PRAXONA 150 mg X 24 COMPRIMIDOS,COMPRIMIDOS,COMPRIMIDOS,limpio
E.F.G.43.039,ME43039/2,PREDNISOLONA 5 mg TABLETAS X 10 tabletas,PREDNISOLONA 5 mg X 10 TABLETAS,TABLETAS,TABLETAS,limpio
E.F.G.43.039,ME43039/3,PREDNISOLONA 5 mg TABLETAS X 30 tabletas,PREDNISOLONA 5 mg X 30 TABLETAS,TABLETAS,TABLETAS,limpio
E.F.G.42.866,ME42866/2,PREDNISOLONA 5 mg TABLETAS X 10 tabletas,PREDNISOLONA 5 mg X 10 TABLETAS,TABLETAS,TABLETAS,limpio
E.F.G.42.866,ME42866/3,PREDNISOLONA 5 mg TABLETAS X 30 tabletas,PREDNISOLONA 5 mg X 30 TABLETAS,TABLETAS,TABLETAS,limpio
E.F.G.27.150,ME27150,PREDNISONA 50 mg TABLETAS X 10 tabletas,PREDNISONA 50 mg X 10 TABLETAS,TABLETAS,TABLETAS,limpio
E.F.G.34.836,ME34836,PREDNISONA 50 mg TABLETAS. X 10 tabletas,PREDNISONA 50 mg X 10 TABLETAS.,TABLETAS,TABLETAS.,limpio
E.F.G.12.419,ME12419/2,PREDNISONA 5 mg TABLETAS X 10 tabletas,PREDNISONA 5 mg X 10 TABLETAS,TABLETAS,TABLETAS,limpio
E.F.G.12.419,ME12419/4,PREDNISONA 5 mg TABLETAS X 100 tabletas,PREDNISONA 5 mg X 100 TABLETAS,TABLETAS,TABLETAS,limpio
E.F.G.12.419,ME12419/3,PREDNISONA 5 mg TABLETAS X 30 tabletas,PREDNISONA 5 mg X 30 TABLETAS,TABLETAS,TABLETAS,limpio
E.F.G.32.934,ME32934,PREDNISONA 5 mg TABLETAS X 10 tabletas,PREDNISONA 5 mg X 10 TABLETAS,TABLETAS,TABLETAS,limpio
E.F.G.42.570,ME42570/3,PREGABALINA 150 mg CAPSULAS X 30 capsulas,PREGABALINA 150 mg X 30 CAPSULAS,CAPSULAS,CAPSULAS,limpio
E.F.G.42.570,ME42570/2,PREGABALINA 150 mg CAPSULAS X 20 capsulas,PREGABALINA 150 mg X 20 CAPSULAS,CAPSULAS,CAPSULAS,limpio
E.F.44.579,ME44579/3,PREGALIS  75MG CAPSULAS X 30 capsulas,PREGALIS 75MG X 30 CAPSULAS,CAPSULAS,CAPSULAS,limpio
E.F.44.579,ME44579/2,PREGALIS  75MG CAPSULAS X 14 tabletas,PREGALIS 75MG X 14 CAPSULAS,CAPSULAS,CAPSULAS,limpio
E.F.41.141,ME41141,PRELIVAL 150 mg CAPSULAS X 20 capsulas,PRELIVAL 150 mg X 20 CAPSULAS,CAPSULAS,CAPSULAS,limpio
E.F.41.142,ME41142,PRELIVAL 75 mg CAPSULAS X 20 capsulas,PRELIVAL 75 mg X 20 CAPSULAS,CAPSULAS,CAPSULAS,limpio
E.F.G.39.191,ME39191,PROPRANOLOL 40mg TABLETAS X 20 comprimidos,PROPRANOLOL 40mg X 20 TABLETAS,TABLETAS,TABLETAS,limpio
E.F.G.26.036,ME26036,PROPRANOLOL 10 mg TABLETAS X 20 tabletas,PROPRANOLOL 10 mg X 20 TABLETAS,TABLETAS,TABLETAS,limpio
E.F.35.378,ME35378,PROXIME 750 mg COMPRIMIDOS RECUBIERTOS X 5 recubierta,PROXIME 750 mg X 5 COMPRIMIDOS RECUBIERTOS,COMPRIMIDOS,COMPRIMIDOS RECUBIERTOS,limpio
E.F.G.43.431,ME43431/2,QUETIAPINA 100 mg TABLETAS RECUBIERTAS X 10 tabletas,QUETIAPINA 100 mg X 10 TABLETAS RECUBIERTAS,TABLETAS,TABLETAS RECUBIERTAS,limpio
E.F.G.43.431,ME43431/3,QUETIAPINA 100 mg TABLETAS RECUBIERTAS X 30 tabletas,QUETIAPINA 100 mg X 30 TABLETAS RECUBIERTAS,TABLETAS,TABLETAS RECUBIERTAS,limpio
E.F.G.43.426,ME43426,QUETIAPINA 25 mg TABLETAS RECUBIERTAS X 30 tabletas,QUETIAPINA 25 mg X 30 TABLETAS RECUBIERTAS,TABLETAS,TABLETAS RECUBIERTAS,limpio
E.F.39.822,ME39822,QUETIAZIC 300 mg COMPRIMIDOS RECUBIERTOS X 30 tabletas,QUETIAZIC 300 mg X 30 COMPRIMIDOS RECUBIERTOS,COMPRIMIDOS,COMPRIMIDOS RECUBIERTOS,limpio
E.F.42.736,ME42736,QUETIVAL 100 mg TABLETAS RECUBIERTAS X 30 recubierta,QUETIVAL 100 mg X 30 TABLETAS RECUBIERTAS,TABLETAS,TABLETAS RECUBIERTAS,limpio
E.F.43.563,ME43563,QUETIVAL 200 mg TABLETAS RECUBIERTAS  X 30 recubierta,QUETIVAL 200 mg X 30 TABLETAS RECUBIERTAS,TABLETAS,TABLETAS RECUBIERTAS,limpio
E.F.42.737,ME42737,QUETIVAL 25 mg TABLETAS RECUBIERTAS X 30 recubierta,QUETIVAL 25 mg X 30 TABLETAS RECUBIERTAS,TABLETAS,TABLETAS RECUBIERTAS,limpio
E.F.40.243,ME40243,RAMIPRES 5 mg COMPRIMIDOS X 30 comprimidos,RAMIPRES 5 mg X 30 COMPRIMIDOS,COMPRIMIDOS,COMPRIMIDOS,limpio
E.F.G.37.058,ME37058,"RAMIPRIL 2,5 mg COMPRIMIDOS X 30 tabletas","RAMIPRIL 2,5 mg X 30 COMPRIMIDOS",COMPRIMIDOS,COMPRIMIDOS,limpio
E.F.G.30.929,HO30929,RANITIDINA 50 mg/2 mL SOLUCION INYECTABLE X 10 solucion inyectable,RANITIDINA 50 mg/2 mL X 10 AMPOLLAS,INYECTABLE,SOLUCION INYECTABLE,limpio
E.F.G.26.538,ME26538,RANITIDINA 150 mg COMPRIMIDOS RECUBIERTOS X 10 tabletas,RANITIDINA 150 mg X 10 COMPRIMIDOS RECUBIERTOS,COMPRIMIDOS,COMPRIMIDOS RECUBIERTOS,limpio
E.F.G.31.884,ME31884,RANITIDINA 300mg TABLETAS X 10 tabletas,RANITIDINA 300mg X 10 TABLETAS,TABLETAS,TABLETAS,limpio
E.F.39.265,ME39265,REGULIP 20 mg TABLETAS X 30 tabletas,REGULIP 20 mg X 30 TABLETAS,TABLETAS,TABLETAS,limpio
E.F.44.650,ME44650,REUMAQUINE 200 mg TABLETAS RECUBIERTAS X 20 comprimidos,REUMAQUINE 200 mg X 20 TABLETAS RECUBIERTAS,TABLETAS,TABLETAS RECUBIERTAS,limpio
E.F.30.106,ME30106,RIDAL 2 mg COMPRIMIDOS RECUBIERTOS X 20 comprimidos,RIDAL 2 mg X 20 COMPRIMIDOS RECUBIERTOS,COMPRIMIDOS,COMPRIMIDOS RECUBIERTOS,limpio
E.F.30.105,ME30105,RIDAL 3 mg COMPRIMIDOS RECUBIERTOS X 20 comprimidos,RIDAL 3 mg X 20 COMPRIMIDOS RECUBIERTOS,COMPRIMIDOS,COMPRIMIDOS RECUBIERTOS,limpio
E.F.36.450,ME36450,RIDAL 1 mg COMPRIMIDOS RECUBIERTOS X 20 recubierta,RIDAL 1 mg X 20 COMPRIMIDOS RECUBIERTOS,COMPRIMIDOS,COMPRIMIDOS RECUBIERTOS,limpio
E.F.39.775,ME39775/3,RIFAMIX 200 mg COMPRIMIDOS RECUBIERTOS X 12 recubierta,RIFAMIX 200 mg X 12 COMPRIMIDOS RECUBIERTOS,COMPRIMIDOS,COMPRIMIDOS RECUBIERTOS,limpio
E.F.39.775,ME39775/2,RIFAMIX 200 mg COMPRIMIDOS RECUBIERTOS X 10 recubierta,RIFAMIX 200 mg X 10 COMPRIMIDOS RECUBIERTOS,COMPRIMIDOS,COMPRIMIDOS RECUBIERTOS,limpio
E.F.40.087,ME40087,"RINARIS 2,5 mg - 30 mg /5 mL SOLUCION ORAL X 10 recubierta","RINARIS 2,5 mg - 30 mg /5 mL X 10 SOLUCION ORAL",SOLUCION ORAL,SOLUCION ORAL,limpio
E.F.32.231,ME32231,RINOLAST 120 mg TABLETAS RECUBIERTAS X 10 tabletas,RINOLAST 120 mg X 10 TABLETAS RECUBIERTAS,TABLETAS,TABLETAS RECUBIERTAS,limpio
E.F.28.992,ME28992,RISPERID 2 mg COMPRIMIDOS RECUBIERTOS X 30 comprimidos,RISPERID 2 mg X 30 COMPRIMIDOS RECUBIERTOS,COMPRIMIDOS,COMPRIMIDOS RECUBIERTOS,limpio
E.F.28.993,ME28993,RISPERID 3 mg COMPRIMIDOS RECUBIERTOS X 30 comprimidos,RISPERID 3 mg X 30 COMPRIMIDOS RECUBIERTOS,COMPRIMIDOS,COMPRIMIDOS RECUBIERTOS,limpio
E.F.36.861,ME36861,RISPERID 1 mg/ mL SOLUCION ORAL X 30 recubierta,RISPERID 1 mg/ mL X 30 SOLUCION ORAL,SOLUCION ORAL,SOLUCION ORAL,limpio
E.F.36.375,ME36375,RISPERID 1 mg COMPRIMIDOS RECUBIERTOS X 20 tabletas,RISPERID 1 mg X 20 COMPRIMIDOS RECUBIERTOS,COMPRIMIDOS,COMPRIMIDOS RECUBIERTOS,limpio
E.F.G.38.180,ME38180,RISPERIDONA 2 mg TABLETAS RECUBIERTAS X 20 tabletas,RISPERIDONA 2 mg X 20 TABLETAS RECUBIERTAS,TABLETAS,TABLETAS RECUBIERTAS,limpio
E.F.44.735,ME44735,RISTONEL 100 mg COMPRIMIDOS RECUBIERTOS X 30 comprimidos,RISTONEL 100 mg X 30 COMPRIMIDOS RECUBIERTOS,COMPRIMIDOS,COMPRIMIDOS RECUBIERTOS,limpio
E.F.44.734,ME44734,RISTONEL 50 mg COMPRIMIDOS RECUBIERTOS X 30 comprimidos,RISTONEL 50 mg X 30 COMPRIMIDOS RECUBIERTOS,COMPRIMIDOS,COMPRIMIDOS RECUBIERTOS,limpio
E.F.42.436,ME42436,RITROMI 500 mg TABLETAS RECUBIERTAS X 10 recubierta,RITROMI 500 mg X 10 TABLETAS RECUBIERTAS,TABLETAS,TABLETAS RECUBIERTAS,limpio
E.F.G.42.922,ME42922,RIVAROXABAN 15 mg TABLETAS RECUBIERTAS X 30 tabletas,RIVAROXABAN 15 mg X 30 TABLETAS RECUBIERTAS,TABLETAS,TABLETAS RECUBIERTAS,limpio
E.F.G.42.923,ME42923/2,RIVAROXABAN 20 mg TABLETAS RECUBIERTAS X 10 tabletas,RIVAROXABAN 20 mg X 10 TABLETAS RECUBIERTAS,TABLETAS,TABLETAS RECUBIERTAS,limpio
E.F.G.42.923,ME42923/3,RIVAROXABAN 20 mg TABLETAS RECUBIERTAS X 14 recubierta,RIVAROXABAN 20 mg X 14 TABLETAS RECUBIERTAS,TABLETAS,TABLETAS RECUBIERTAS,limpio
E.F.43.974,ME43974,RONARES 500 mg - 4 mg COMPRIMIDOS X 10 comprimidos,RONARES 500 mg - 4 mg X 10 COMPRIMIDOS,COMPRIMIDOS,COMPRIMIDOS,limpio
E.F.44.475,ME44475,ROSUTAN 10 mg TABLETAS RECUBIERTAS X 30 tabletas,ROSUTAN 10 mg X 30 TABLETAS RECUBIERTAS,TABLETAS,TABLETAS RECUBIERTAS,limpio
E.F.G.37.264,ME37264,ROSUVASTATINA 20 mg COMPRIMIDOS RECUBIERTOS X 30 tabletas,ROSUVASTATINA 20 mg X 30 COMPRIMIDOS RECUBIERTOS,COMPRIMIDOS,COMPRIMIDOS RECUBIERTOS,limpio
E.F.G.42.632,ME42632/2,ROSUVASTATINA 20 mg TABLETAS RECUBIERTAS X 10 recubierta,ROSUVASTATINA 20 mg X 10 TABLETAS RECUBIERTAS,TABLETAS,TABLETAS RECUBIERTAS,limpio
E.F.G.42.632,ME42632/3,ROSUVASTATINA 20 mg TABLETAS RECUBIERTAS X 30 recubierta,ROSUVASTATINA 20 mg X 30 TABLETAS RECUBIERTAS,TABLETAS,TABLETAS RECUBIERTAS,limpio
E.F.G.42.676,ME42676,ROSUVASTATINA 10 mg TABLETAS RECUBIERTAS X 30 recubierta,ROSUVASTATINA 10 mg X 30 TABLETAS RECUBIERTAS,TABLETAS,TABLETAS RECUBIERTAS,limpio
E.F.35.905,ME35905,ROVARTAL 10 mg COMPRIMIDOS RECUBIERTOS X 30 recubierta,ROVARTAL 10 mg X 30 COMPRIMIDOS RECUBIERTOS,COMPRIMIDOS,COMPRIMIDOS RECUBIERTOS,limpio
E.F.38.325,ME38325,ROVARTAL 40 mg COMPRIMIDOS RECUBIERTOS X 30 recubierta,ROVARTAL 40 mg X 30 COMPRIMIDOS RECUBIERTOS,COMPRIMIDOS,COMPRIMIDOS RECUBIERTOS,limpio
E.F.37.201,ME37201/2,ROWELUK 5 mg COMPRIMIDOS MASTICABLES X 10 masticable,ROWELUK 5 mg X 10 COMPRIMIDOS MASTICABLES,COMPRIMIDOS,COMPRIMIDOS MASTICABLES,limpio
E.F.37.201,ME37201/3,ROWELUK 5 mg COMPRIMIDOS MASTICABLES X 30 masticable,ROWELUK 5 mg X 30 COMPRIMIDOS MASTICABLES,COMPRIMIDOS,COMPRIMIDOS MASTICABLES,limpio
E.F.37.202,ME37202,ROWELUK 10 mg COMPRIMIDOS RECUBIERTOS X 10 recubierta,ROWELUK 10 mg X 10 COMPRIMIDOS RECUBIERTOS,COMPRIMIDOS,COMPRIMIDOS RECUBIERTOS,limpio
E.F.37.200,ME37200/3,ROWELUK 4 mg COMPRIMIDOS MASTICABLES X 30 masticable,ROWELUK 4 mg X 30 COMPRIMIDOS MASTICABLES,COMPRIMIDOS,COMPRIMIDOS MASTICABLES,limpio
E.F.37.200,ME37200/2,ROWELUK 4 mg COMPRIMIDOS MASTICABLES X 10 pediatrica,ROWELUK 4 mg X 10 COMPRIMIDOS MASTICABLES,COMPRIMIDOS,COMPRIMIDOS MASTICABLES,limpio
E.F.43.848,ME43848,RUBIZON 20 mg TABLETAS RECUBIERTAS X 35 recubierta,RUBIZON 20 mg X 35 TABLETAS RECUBIERTAS,TABLETAS,TABLETAS RECUBIERTAS,limpio
E.F.43.810,ME43810,SADOXOL 50 mg TABLETAS X 30 tabletas,SADOXOL 50 mg X 30 TABLETAS,TABLETAS,TABLETAS,limpio
E.F.16.041,ME16041,SALBUTAN 100 mcg / DOSIS SUSPENSION PARA INHALACION ORAL X 200 suspension,SALBUTAN 100 mcg / DOSIS X 200 SUSPENSION PARA INHALACION ORAL,SUSPENSION ORAL,SUSPENSION PARA INHALACION ORAL,limpio
E.F.20.265,ME20265,"SARIFAN COMPOSITUM 0,01 g - 0,25 g TABLETAS RECUBIERTAS X 20 tabletas","SARIFAN COMPOSITUM 0,01 g - 0,25 g X 20 TABLETAS RECUBIERTAS",TABLETAS,TABLETAS RECUBIERTAS,limpio
E.F.38.854,ME38854,SAVER 200 mg / 5 mL POLVO PARA SUSPENSION ORAL X 37 suspension,SAVER 200 mg / 5 mL X 37 POLVO PARA SUSPENSION ORAL,POLVO PARA RECONSTITUCION,POLVO PARA SUSPENSION ORAL,limpio
E.F.29.493,ME29493,SAVER 500 mg COMPRIMIDOS RECUBIERTOS X 5 comprimidos,SAVER 500 mg X 5 COMPRIMIDOS RECUBIERTOS,COMPRIMIDOS,COMPRIMIDOS RECUBIERTOS,limpio
E.F.G.30.953,ME30953,SECNIDAZOL 500 mg TABLETAS RECUBIERTAS X 4 tabletas,SECNIDAZOL 500 mg X 4 TABLETAS RECUBIERTAS,TABLETAS,TABLETAS RECUBIERTAS,limpio
E.F.G.37.061,ME37061,SECNIDAZOL 1 g TABLETAS RECUBIERTAS X 2 tabletas,SECNIDAZOL 1 g X 2 TABLETAS RECUBIERTAS,TABLETAS,TABLETAS RECUBIERTAS,limpio
E.F.G.31.560,ME31560,SECNIDAZOL 1 g TABLETAS RECUBIERTAS X 2 tabletas,SECNIDAZOL 1 g X 2 TABLETAS RECUBIERTAS,TABLETAS,TABLETAS RECUBIERTAS,limpio
E.F.G.37.852,ME37852,SECNIDAZOL 500 mg COMPRIMIDOS X 4 tabletas,SECNIDAZOL 500 mg X 4 COMPRIMIDOS,COMPRIMIDOS,COMPRIMIDOS,limpio
E.F.G.37.617,ME37617,SECNIDAZOL 1 g TABLETAS RECUBIERTAS X 2 recubierta,SECNIDAZOL 1 g X 2 TABLETAS RECUBIERTAS,TABLETAS,TABLETAS RECUBIERTAS,limpio
E.F.37.680,ME37680,SECNIDEX 500 mg TABLETAS RECUBIERTAS X 4 recubierta,SECNIDEX 500 mg X 4 TABLETAS RECUBIERTAS,TABLETAS,TABLETAS RECUBIERTAS,limpio
E.F.33.722,ME33722,SELENE 400 UI - 70 mcg CAPSULAS BLANDAS X 30 blanda,SELENE 400 UI - 70 mcg X 30 CAPSULAS BLANDAS,CAPSULAS,CAPSULAS BLANDAS,limpio
E.F.37.708,ME37708,SELENE 100 UI - 70 mcg CAPSULAS BLANDAS X 60 capsulas,SELENE 100 UI - 70 mcg X 60 CAPSULAS BLANDAS,CAPSULAS,CAPSULAS BLANDAS,limpio
E.F.31.374,ME31374,SERETIDE 25 mcg - 50 mcg DOSIS SUSPENSION PARA INHALACION ORAL X 120 suspension,SERETIDE 25 mcg - 50 mcg DOSIS X 120 SUSPENSION PARA INHALACION ORAL,SUSPENSION ORAL,SUSPENSION PARA INHALACION ORAL,limpio
E.F.32.712,ME32712,SERLINE 100 mg COMPRIMIDOS X 10 comprimidos,SERLINE 100 mg X 10 COMPRIMIDOS,COMPRIMIDOS,COMPRIMIDOS,limpio
E.F.30.171,ME30171/2,SERLINE 50 mg COMPRIMIDOS X 10 comprimidos,SERLINE 50 mg X 10 COMPRIMIDOS,COMPRIMIDOS,COMPRIMIDOS,limpio
E.F.30.171,ME30171/3,SERLINE 50 mg COMPRIMIDOS X 30 tabletas,SERLINE 50 mg X 30 COMPRIMIDOS,COMPRIMIDOS,COMPRIMIDOS,limpio
E.F.G.32.466,ME32466/3,SERTRALINA 50 mg TABLETAS X 30 recubierta,SERTRALINA 50 mg X 30 TABLETAS,TABLETAS,TABLETAS,limpio
E.F.G.32.466,ME32466/4,SERTRALINA 50 mg TABLETAS X 56 recubierta,SERTRALINA 50 mg X 56 TABLETAS,TABLETAS,TABLETAS,limpio
E.F.G.32.466,ME32466/2,SERTRALINA 50 mg TABLETAS X 10 recubierta,SERTRALINA 50 mg X 10 TABLETAS,TABLETAS,TABLETAS,limpio
E.F.G.31.067,ME31067/2,SERTRALINA 50 mg COMPRIMIDOS RECUBIERTOS X 10 tabletas,SERTRALINA 50 mg X 10 COMPRIMIDOS RECUBIERTOS,COMPRIMIDOS,COMPRIMIDOS RECUBIERTOS,limpio
E.F.G.31.067,ME31067/3,SERTRALINA 50 mg COMPRIMIDOS RECUBIERTOS X 14 tabletas,SERTRALINA 50 mg X 14 COMPRIMIDOS RECUBIERTOS,COMPRIMIDOS,COMPRIMIDOS RECUBIERTOS,limpio
E.F.G.31.067,ME31067/4,SERTRALINA 50 mg COMPRIMIDOS RECUBIERTOS X 30 tabletas,SERTRALINA 50 mg X 30 COMPRIMIDOS RECUBIERTOS,COMPRIMIDOS,COMPRIMIDOS RECUBIERTOS,limpio
E.F.G.43.842,ME43842,Sertralina 50 mg Tabletas Recubiertas X 14 tabletas,Sertralina 50 mg X 14 Tabletas Recubiertas,TABLETAS,Tabletas Recubiertas,limpio
E.F.34.530,ME34530,SESAREN XR 150 mg CAPSULAS CON MICROGRANULOS DE LIBERACION PROLONGADA X 15 capsulas,SESAREN XR 150 mg X 15 CAPSULAS CON MICROGRANULOS DE LIBERACION PROLONGADA,CAPSULAS,CAPSULAS CON MICROGRANULOS DE LIBERACION PROLONGADA,limpio
E.F.43.900,ME43900,SIDAZOL 100 mg TABLETAS X 30 tabletas,SIDAZOL 100 mg X 30 TABLETAS,TABLETAS,TABLETAS,limpio
E.F.43.899,ME43899,SIDAZOL 50 mg TABLETAS X 30 tabletas,SIDAZOL 50 mg X 30 TABLETAS,TABLETAS,TABLETAS,limpio
E.F.44.582,ME44582,SIGLUTAN 50 mg-500 mg TABLETAS RECUBIERTAS X 30 tabletas,SIGLUTAN 50 mg-500 mg X 30 TABLETAS RECUBIERTAS,TABLETAS,TABLETAS RECUBIERTAS,limpio
E.F.G.43.690,ME43690/2,SILDENAFILO 50mg TABLETAS RECUBIERTAS X 1 tabletas,SILDENAFILO 50mg X 1 TABLETAS RECUBIERTAS,TABLETAS,TABLETAS RECUBIERTAS,limpio
E.F.G.43.690,ME43690/3,SILDENAFILO 50mg TABLETAS RECUBIERTAS X 2 tabletas,SILDENAFILO 50mg X 2 TABLETAS RECUBIERTAS,TABLETAS,TABLETAS RECUBIERTAS,limpio
E.F.G.43.690,ME43690/4,SILDENAFILO 50mg TABLETAS RECUBIERTAS X 4 recubierta,SILDENAFILO 50mg X 4 TABLETAS RECUBIERTAS,TABLETAS,TABLETAS RECUBIERTAS,limpio
E.F.42.444,ME42444/2,SILDEX 100 mg TABLETAS RECUBIERTAS X 1 tabletas,SILDEX 100 mg X 1 TABLETAS RECUBIERTAS,TABLETAS,TABLETAS RECUBIERTAS,limpio
E.F.42.444,ME42444/3,SILDEX 100 mg TABLETAS RECUBIERTAS X 2 tabletas,SILDEX 100 mg X 2 TABLETAS RECUBIERTAS,TABLETAS,TABLETAS RECUBIERTAS,limpio
E.F.37.030,ME37030/2,SILDEX 50 mg TABLETAS RECUBIERTAS X 1 tabletas,SILDEX 50 mg X 1 TABLETAS RECUBIERTAS,TABLETAS,TABLETAS RECUBIERTAS,limpio
E.F.37.030,ME37030/3,SILDEX 50 mg TABLETAS RECUBIERTAS X 2 recubierta,SILDEX 50 mg X 2 TABLETAS RECUBIERTAS,TABLETAS,TABLETAS RECUBIERTAS,limpio
E.F.G.43.259,ME43259/3,SITAGLIPTINA - METFORMINA CLORHIDRATO 50 mg - 500 mg TABLETAS RECUBIERTAS X 30 tabletas,SITAGLIPTINA - METFORMINA CLORHIDRATO 50 mg - 500 mg X 30 TABLETAS RECUBIERTAS,TABLETAS,TABLETAS RECUBIERTAS,limpio
E.F.G.43.259,ME43259/2,SITAGLIPTINA - METFORMINA CLORHIDRATO 50 mg - 500 mg TABLETAS RECUBIERTAS X 10 tabletas,SITAGLIPTINA - METFORMINA CLORHIDRATO 50 mg - 500 mg X 10 TABLETAS RECUBIERTAS,TABLETAS,TABLETAS RECUBIERTAS,limpio
E.F.G.44.367,ME44367,METFORMINA CLORHIDRATO - SITAGLIPTINA 850 mg - 50 mg TABLETAS RECUBIERTAS X 28 tabletas,METFORMINA CLORHIDRATO - SITAGLIPTINA 850 mg - 50 mg X 28 TABLETAS RECUBIERTAS,TABLETAS,TABLETAS RECUBIERTAS,limpio
E.F.40.375,ME40375,SITAGLIS MET 50 mg-1000 mg COMPRIMIDOS RECUBIERTOS X 28 recubierta,SITAGLIS MET 50 mg-1000 mg X 28 COMPRIMIDOS RECUBIERTOS,COMPRIMIDOS,COMPRIMIDOS RECUBIERTOS,limpio
E.F.31.026,ME31026,SOMAZINA 500 mg COMPRIMIDOS RECUBIERTOS X 30 comprimidos,SOMAZINA 500 mg X 30 COMPRIMIDOS RECUBIERTOS,COMPRIMIDOS,COMPRIMIDOS RECUBIERTOS,limpio
E.F.33.901,HO33901,SOMAZINA 1000 mg / 4 mL SOLUCION INYECTABLE X 5 inyectable,SOMAZINA 1000 mg / 4 mL X 5 AMPOLLAS,INYECTABLE,SOLUCION INYECTABLE,limpio
E.F.G.43.073,ME43073/3,SUCRALFATO 1 g TABLETAS X 20 tabletas,SUCRALFATO 1 g X 20 TABLETAS,TABLETAS,TABLETAS,limpio
E.F.G.43.073,ME43073/2,SUCRALFATO 1 g TABLETAS X 10 tabletas,SUCRALFATO 1 g X 10 TABLETAS,TABLETAS,TABLETAS,limpio
E.F.43.187,ME43187,"SULIXTRA 0,4 mg CAPSULAS DE LIBERACION PROLONGADA X 30 capsulas","SULIXTRA 0,4 mg X 30 CAPSULAS DE LIBERACION PROLONGADA",CAPSULAS,CAPSULAS DE LIBERACION PROLONGADA,limpio
E.F.43.279,ME43279/2,"SULIXTRA DUO 0,4 mg - 0,5 mg CAPSULAS DE LIBERACION PROLONGADA X 10 capsulas","SULIXTRA DUO 0,4 mg - 0,5 mg X 10 CAPSULAS DE LIBERACION PROLONGADA",CAPSULAS,CAPSULAS DE LIBERACION PROLONGADA,limpio
E.F.43.279,ME43279/3,"SULIXTRA DUO 0,4 mg - 0,5 mg CAPSULAS DE LIBERACION PROLONGADA X 30 capsulas","SULIXTRA DUO 0,4 mg - 0,5 mg X 30 CAPSULAS DE LIBERACION PROLONGADA",CAPSULAS,CAPSULAS DE LIBERACION PROLONGADA,limpio
E.F.44.472,ME44472,SULPIR 25mg COMPRIMIDOS X 30 comprimidos,SULPIR 25mg X 30 COMPRIMIDOS,COMPRIMIDOS,COMPRIMIDOS,limpio
E.F.G.31.596,ME31596,SULTAMICILINA 750 mg TABLETAS RECUBIERTAS X 10 tabletas,SULTAMICILINA 750 mg X 10 TABLETAS RECUBIERTAS,TABLETAS,TABLETAS RECUBIERTAS,limpio
E.F.44.577,ME44577,SULTRIM 400 mg – 80 mg TABLETAS X 20 tabletas,SULTRIM 400 mg – 80 mg X 20 TABLETAS,TABLETAS,TABLETAS,limpio
E.F.28.856,ME28856,SUPRAMYCINA FORTE 200 mg TABLETAS X 10 tabletas,SUPRAMYCINA FORTE 200 mg X 10 TABLETAS,TABLETAS,TABLETAS,limpio
E.F.28.673,ME28673,SUPRAMYCINA 100 mg TABLETAS X 10 tabletas,SUPRAMYCINA 100 mg X 10 TABLETAS,TABLETAS,TABLETAS,limpio
E.F.39.943,ME39943,SURIDE 25 mg COMPRIMIDOS RECUBIERTOS X 30 comprimidos,SURIDE 25 mg X 30 COMPRIMIDOS RECUBIERTOS,COMPRIMIDOS,COMPRIMIDOS RECUBIERTOS,limpio
E.F.40.210,ME40210,TACHIFORTE 1 g TABLETAS X 20 tabletas,TACHIFORTE 1 g X 20 TABLETAS,TABLETAS,TABLETAS,limpio
E.F.35.368,ME35368,TACHIFORTE 650 mg TABLETAS X 10 tabletas,TACHIFORTE 650 mg X 10 TABLETAS,TABLETAS,TABLETAS,limpio
E.F.23.819,ME23819,TACHIPIRIN 125 mg SUPOSITORIOS X 6 pediatrica,TACHIPIRIN 125 mg X 6 SUPOSITORIOS,SUPOSITORIOS,SUPOSITORIOS,limpio
E.F.38.718,ME38718/2,TADAFOX 20 mg TABLETAS RECUBIERTAS X 1 recubierta,TADAFOX 20 mg X 1 TABLETAS RECUBIERTAS,TABLETAS,TABLETAS RECUBIERTAS,limpio
E.F.38.718,ME38718/3,TADAFOX 20 mg TABLETAS RECUBIERTAS X 2 recubierta,TADAFOX 20 mg X 2 TABLETAS RECUBIERTAS,TABLETAS,TABLETAS RECUBIERTAS,limpio
E.F.G.38.493,ME38493/2,TADALAFILO 20 mg TABLETAS RECUBIERTAS X 1 tabletas,TADALAFILO 20 mg X 1 TABLETAS RECUBIERTAS,TABLETAS,TABLETAS RECUBIERTAS,limpio
E.F.G.38.493,ME38493/3,TADALAFILO 20 mg TABLETAS RECUBIERTAS X 2 tabletas,TADALAFILO 20 mg X 2 TABLETAS RECUBIERTAS,TABLETAS,TABLETAS RECUBIERTAS,limpio
E.F.G.43.450,ME43450,TADALAFILO 5 mg TABLETAS RECUBIERTAS X 30 recubierta,TADALAFILO 5 mg X 30 TABLETAS RECUBIERTAS,TABLETAS,TABLETAS RECUBIERTAS,limpio
E.F.41.780,ME41780,TADIFIL 5 mg COMPRIMIDOS RECUBIERTOS X 30 comprimidos,TADIFIL 5 mg X 30 COMPRIMIDOS RECUBIERTOS,COMPRIMIDOS,COMPRIMIDOS RECUBIERTOS,limpio
E.F.38.637,ME38637/2,TADIFIL 20 mg COMPRIMIDOS RECUBIERTOS X 1 recubierta,TADIFIL 20 mg X 1 COMPRIMIDOS RECUBIERTOS,COMPRIMIDOS,COMPRIMIDOS RECUBIERTOS,limpio
E.F.38.637,ME38637/3,TADIFIL 20 mg COMPRIMIDOS RECUBIERTOS X 2 recubierta,TADIFIL 20 mg X 2 COMPRIMIDOS RECUBIERTOS,COMPRIMIDOS,COMPRIMIDOS RECUBIERTOS,limpio
E.F.32.057,ME32057,TALERC 10 mg COMPRIMIDOS X 10 comprimidos,TALERC 10 mg X 10 COMPRIMIDOS,COMPRIMIDOS,COMPRIMIDOS,limpio
E.F.41.156,ME41156/2,TALYSTO 5 mg TABLETAS MASTICABLES X 10 masticable,TALYSTO 5 mg X 10 TABLETAS MASTICABLES,TABLETAS,TABLETAS MASTICABLES,limpio
E.F.41.156,ME41156/3,TALYSTO 5 mg TABLETAS MASTICABLES X 30 tabletas,TALYSTO 5 mg X 30 TABLETAS MASTICABLES,TABLETAS,TABLETAS MASTICABLES,limpio
E.F.28.274,ME28274,TALZIC 10 mg COMPRIMIDOS RECUBIERTOS X 10 comprimidos,TALZIC 10 mg X 10 COMPRIMIDOS RECUBIERTOS,COMPRIMIDOS,COMPRIMIDOS RECUBIERTOS,limpio
E.F.18.855,ME18855,TAMOA 250 mg / 5 mL SUSPENSION X 6 masticable,TAMOA 250 mg / 5 mL X 6 SUSPENSION,SUSPENSION ORAL,SUSPENSION,limpio
E.F.42.467,ME42467/3,"TAMOSTIN 0,4 mg CAPSULAS DE LIBERACION PROLONGADA X 30 capsulas","TAMOSTIN 0,4 mg X 30 CAPSULAS DE LIBERACION PROLONGADA",CAPSULAS,CAPSULAS DE LIBERACION PROLONGADA,limpio
E.F.42.467,ME42467/2,"TAMOSTIN 0,4 mg CAPSULAS DE LIBERACION PROLONGADA X 20 capsulas","TAMOSTIN 0,4 mg X 20 CAPSULAS DE LIBERACION PROLONGADA",CAPSULAS,CAPSULAS DE LIBERACION PROLONGADA,limpio
E.F.30.979,ME30979,"TAMSULON 0,4 mg CAPSULAS DE LIBERACION CONTROLADA X 30 capsulas","TAMSULON 0,4 mg X 30 CAPSULAS DE LIBERACION CONTROLADA",CAPSULAS,CAPSULAS DE LIBERACION CONTROLADA,limpio
E.F.G.36.676,ME36676/3,"TAMSULOSINA HCL 0,4 mg CAPSULAS DE LIBERACION PROGRAMADA X 30 capsulas","TAMSULOSINA HCL 0,4 mg CAPSULAS DE LIBERACION PROGRAMADA X 30 CAPSULAS",CAPSULAS,,sin_coincidencia
E.F.G.36.676,ME36676/2,"TAMSULOSINA HCL 0,4 mg CAPSULAS DE LIBERACION PROGRAMADA X 10 capsulas","TAMSULOSINA HCL 0,4 mg CAPSULAS DE LIBERACION PROGRAMADA X 10 CAPSULAS",CAPSULAS,,sin_coincidencia
E.F.G.42.589,ME42589,"TAMSULOSINA CLORHIDRATO 0,4 mg CAPSULAS DE LIBERACION PROLONGADA X 30 tabletas","TAMSULOSINA CLORHIDRATO 0,4 mg X 30 CAPSULAS DE LIBERACION PROLONGADA",CAPSULAS,CAPSULAS DE LIBERACION PROLONGADA,limpio
E.F.2.955,ME2955,TAPAZOL 5 mg TABLETAS X 60 recubierta,TAPAZOL 5 mg X 60 TABLETAS,TABLETAS,TABLETAS,limpio
E.F.36.643,ME36643/2,TEKRON 200 mg COMPRIMIDOS RECUBIERTOS X 10 recubierta,TEKRON 200 mg X 10 COMPRIMIDOS RECUBIERTOS,COMPRIMIDOS,COMPRIMIDOS RECUBIERTOS,limpio
E.F.36.643,ME36643/3,TEKRON 200 mg COMPRIMIDOS RECUBIERTOS X 30 recubierta,TEKRON 200 mg X 30 COMPRIMIDOS RECUBIERTOS,COMPRIMIDOS,COMPRIMIDOS RECUBIERTOS,limpio
E.F.28.561,ME28561/3,TENSOMAX 30 mg CAPSULAS DE LIBERACION PROLONGADA X 30 capsulas,TENSOMAX 30 mg X 30 CAPSULAS DE LIBERACION PROLONGADA,CAPSULAS,CAPSULAS DE LIBERACION PROLONGADA,limpio
E.F.28.561,ME28561/2,TENSOMAX 30 mg CAPSULAS DE LIBERACION PROLONGADA X 10 capsulas,TENSOMAX 30 mg X 10 CAPSULAS DE LIBERACION PROLONGADA,CAPSULAS,CAPSULAS DE LIBERACION PROLONGADA,limpio
E.F.44.418,ME44418/2,TERAGRIPFORTE 650mg-20mg-2mg GRANULADO PARA SOLUCION ORAL X 6 recubierta,TERAGRIPFORTE 650mg-20mg-2mg X 6 GRANULADO PARA SOLUCION ORAL,SOLUCION ORAL,GRANULADO PARA SOLUCION ORAL,limpio
E.F.44.418,ME44418/3,TERAGRIPFORTE 650mg-20mg-2mg GRANULADO PARA SOLUCION ORAL X 10 recubierta,TERAGRIPFORTE 650mg-20mg-2mg X 10 GRANULADO PARA SOLUCION ORAL,SOLUCION ORAL,GRANULADO PARA SOLUCION ORAL,limpio
E.F.44.418,ME44418/4,TERAGRIPFORTE 650mg-20mg-2mg GRANULADO PARA SOLUCION ORAL X 20 tabletas,TERAGRIPFORTE 650mg-20mg-2mg X 20 GRANULADO PARA SOLUCION ORAL,SOLUCION ORAL,GRANULADO PARA SOLUCION ORAL,limpio
E.F.38.849,ME38849,TIALIN 100 mg COMPRIMIDOS X 10 comprimidos,TIALIN 100 mg X 10 COMPRIMIDOS,COMPRIMIDOS,COMPRIMIDOS,limpio
E.F.30.062,ME30062/2,TIALIN 50 mg COMPRIMIDOS X 10 comprimidos,TIALIN 50 mg X 10 COMPRIMIDOS,COMPRIMIDOS,COMPRIMIDOS,limpio
E.F.30.062,ME30062/3,TIALIN 50 mg COMPRIMIDOS X 30 comprimidos,TIALIN 50 mg X 30 COMPRIMIDOS,COMPRIMIDOS,COMPRIMIDOS,limpio
E.F.G.22.060,ME22060,TINIDAZOL 500 mg TABLETAS RECUBIERTAS X 4 recubierta,TINIDAZOL 500 mg X 4 TABLETAS RECUBIERTAS,TABLETAS,TABLETAS RECUBIERTAS,limpio
E.F.42.787,ME42787,TIOCHAX PLUS 400 mg - 4 mg TABLETAS RECUBIERTAS X 10 recubierta,TIOCHAX PLUS 400 mg - 4 mg X 10 TABLETAS RECUBIERTAS,TABLETAS,TABLETAS RECUBIERTAS,limpio
E.F.21.386,ME21386,TIOCHAX 4 mg COMPRIMIDOS X 12 tabletas,TIOCHAX 4 mg X 12 COMPRIMIDOS,COMPRIMIDOS,COMPRIMIDOS,limpio
E.F.39.852,ME39852,TIOCOL 8 mg TABLETAS RECUBIERTAS X 10 recubierta,TIOCOL 8 mg X 10 TABLETAS RECUBIERTAS,TABLETAS,TABLETAS RECUBIERTAS,limpio
E.F.G.27.849,HO27849/2,TIOCOLCHICOSIDO 4 mg / 2 mL SOLUCION INYECTABLE X 1 solucion inyectable,TIOCOLCHICOSIDO 4 mg / 2 mL X 1 AMPOLLAS,INYECTABLE,SOLUCION INYECTABLE,limpio
E.F.G.27.849,HO27849/4,TIOCOLCHICOSIDO 4 mg / 2 mL SOLUCION INYECTABLE X 50 solucion inyectable,TIOCOLCHICOSIDO 4 mg / 2 mL X 50 AMPOLLAS,INYECTABLE,SOLUCION INYECTABLE,limpio
E.F.G.27.849,HO27849/3,TIOCOLCHICOSIDO 4 mg / 2 mL SOLUCION INYECTABLE X 2 solucion inyectable,TIOCOLCHICOSIDO 4 mg / 2 mL X 2 AMPOLLAS,INYECTABLE,SOLUCION INYECTABLE,limpio
E.F.G.26.806,ME26806,TIOCOLCHICOSIDO 4 mg COMPRIMIDOS X 10 comprimidos,TIOCOLCHICOSIDO 4 mg X 10 COMPRIMIDOS,COMPRIMIDOS,COMPRIMIDOS,limpio
E.F.G.34.453,ME34453,TIOCOLCHICOSIDO 4 mg TABLETAS X 12 tabletas,TIOCOLCHICOSIDO 4 mg X 12 TABLETAS,TABLETAS,TABLETAS,limpio
E.F.G.37.086,ME37086,TIOCOLCHICOSIDO 4 mg TABLETAS X 12 tabletas,TIOCOLCHICOSIDO 4 mg X 12 TABLETAS,TABLETAS,TABLETAS,limpio
E.F.37.625,ME37625,TIOCOLFEN 600 mg - 4 mg TABLETAS RECUBIERTAS X 10 tabletas,TIOCOLFEN 600 mg - 4 mg X 10 TABLETAS RECUBIERTAS,TABLETAS,TABLETAS RECUBIERTAS,limpio
E.F.G.43.629,ME43629,TIZANIDINA 2 MG TABLETAS  X 10 tabletas,TIZANIDINA 2 MG X 10 TABLETAS,TABLETAS,TABLETAS,limpio
E.F.42.035,ME42035,TONERVOL 5 mg TABLETAS X 30 tabletas,TONERVOL 5 mg X 30 TABLETAS,TABLETAS,TABLETAS,limpio
E.F.34.350,ME34350,TONUM 10 mg TABLETAS X 30 tabletas,TONUM 10 mg X 30 TABLETAS,TABLETAS,TABLETAS,limpio
E.F.41.710,ME41710,TORIVAS 50 mg TABLETAS RECUBIERTAS X 30 recubierta,TORIVAS 50 mg X 30 TABLETAS RECUBIERTAS,TABLETAS,TABLETAS RECUBIERTAS,limpio
E.F.40.295,ME40295,TRACEVAL 500 mg - 50 mg TABLETAS X 20 tabletas,TRACEVAL 500 mg - 50 mg X 20 TABLETAS,TABLETAS,TABLETAS,limpio
E.F.40.448,ME40448,"TRACEVAL 325 mg - 37,5 mg TABLETAS RECUBIERTAS X 20 recubierta","TRACEVAL 325 mg - 37,5 mg X 20 TABLETAS RECUBIERTAS",TABLETAS,TABLETAS RECUBIERTAS,limpio
E.F.42.277,ME42277,TRACTIL FORTE 8 mg COMPRIMIDOS X 10 comprimidos,TRACTIL FORTE 8 mg X 10 COMPRIMIDOS,COMPRIMIDOS,COMPRIMIDOS,limpio
E.F.20.834,ME20834,TRACTIL 4 mg COMPRIMIDOS X 12 tabletas,TRACTIL 4 mg X 12 COMPRIMIDOS,COMPRIMIDOS,COMPRIMIDOS,limpio
E.F.44.131,ME44131,TRALIX 50 mg TABLETAS X 30 tabletas,TRALIX 50 mg X 30 TABLETAS,TABLETAS,TABLETAS,limpio
E.F.30.065,ME30065,TRAMAL LONG 150 mg TABLETAS RECUBIERTAS DE LIBERACION PROLONGADA X 20 capsulas,TRAMAL LONG 150 mg X 20 TABLETAS RECUBIERTAS DE LIBERACION PROLONGADA,TABLETAS,TABLETAS RECUBIERTAS DE LIBERACION PROLONGADA,limpio
E.F.43.933,ME43933,TRICOX 60 mg TABLETAS RECUBIERTAS X 14 recubierta,TRICOX 60 mg X 14 TABLETAS RECUBIERTAS,TABLETAS,TABLETAS RECUBIERTAS,limpio
E.F.43.627,ME43627,TRIMBUTOP 200 MG COMPRIMIDOS X 10 comprimidos,TRIMBUTOP 200 MG X 10 COMPRIMIDOS,COMPRIMIDOS,COMPRIMIDOS,limpio
E.F.28.553,ME28553/2,TRIMEBUTINA MALEATO 200 mg TABLETAS X 10 tabletas,TRIMEBUTINA MALEATO 200 mg X 10 TABLETAS,TABLETAS,TABLETAS,limpio
E.F.28.553,ME28553/3,TRIMEBUTINA MALEATO 200 mg TABLETAS X 30 tabletas,TRIMEBUTINA MALEATO 200 mg X 30 TABLETAS,TABLETAS,TABLETAS,limpio
E.F.G.40.389,ME40389,TRIMEBUTINA 300 mg COMPRIMIDOS RECUBIERTOS DE LIBERACION PROLONGADA X 10 tabletas,TRIMEBUTINA 300 mg X 10 COMPRIMIDOS RECUBIERTOS DE LIBERACION PROLONGADA,COMPRIMIDOS,COMPRIMIDOS RECUBIERTOS DE LIBERACION PROLONGADA,limpio
E.F.40.028,ME40028,FLUTIXAIR 250 mcg -25 mcg / DOSIS SUSPENSION PARA INHALACION ORAL X 120 spray,FLUTIXAIR 250 mcg -25 mcg / DOSIS X 120 SUSPENSION PARA INHALACION ORAL,SOLUCION ORAL,SUSPENSION PARA INHALACION ORAL,limpio
E.F.23.718,ME23718,TRIPUR 80 mg - 400 mg COMPRIMIDOS X 20 comprimidos,TRIPUR 80 mg - 400 mg X 20 COMPRIMIDOS,COMPRIMIDOS,COMPRIMIDOS,limpio
E.F.22.572,ME22572,TRITTICO 100 mg TABLETAS X 30 tabletas,TRITTICO 100 mg X 30 TABLETAS,TABLETAS,TABLETAS,limpio
E.F.22.699,ME22699,TRITTICO 50 mg TABLETAS X 30 tabletas,TRITTICO 50 mg X 30 TABLETAS,TABLETAS,TABLETAS,limpio
E.F.25.349,ME25349,ULCENOL 20 mg TABLETAS X 10 tabletas,ULCENOL 20 mg X 10 TABLETAS,TABLETAS,TABLETAS,limpio
E.F.25.348,ME25348,ULCENOL 40 mg TABLETAS X 20 tabletas,ULCENOL 40 mg X 20 TABLETAS,TABLETAS,TABLETAS,limpio
E.F.25.477,ME25477,ULCON 1 g TABLETAS X 20 tabletas,ULCON 1 g X 20 TABLETAS,TABLETAS,TABLETAS,limpio
E.F.36.772,ME36772/2,ULGARIN 20 mg CAPSULAS X 16 capsulas,ULGARIN 20 mg X 16 CAPSULAS,CAPSULAS,CAPSULAS,limpio
E.F.36.772,ME36772/3,ULGARIN 20 mg CAPSULAS X 28 capsulas,ULGARIN 20 mg X 28 CAPSULAS,CAPSULAS,CAPSULAS,limpio
E.F.36.645,ME36645/2,ULGARIN 40 mg CAPSULAS X 16 capsulas,ULGARIN 40 mg X 16 CAPSULAS,CAPSULAS,CAPSULAS,limpio
E.F.36.645,ME36645/3,ULGARIN 40 mg CAPSULAS X 32 capsulas,ULGARIN 40 mg X 32 CAPSULAS,CAPSULAS,CAPSULAS,limpio
E.F.43.344,ME43344,ULTAMYN 750 mg TABLETAS RECUBIERTAS X 10 tabletas,ULTAMYN 750 mg X 10 TABLETAS RECUBIERTAS,TABLETAS,TABLETAS RECUBIERTAS,limpio
E.F.43.520,ME43520,URODUTAN 200 mg TABLETAS RECUBIERTAS X 10 tabletas,URODUTAN 200 mg X 10 TABLETAS RECUBIERTAS,TABLETAS,TABLETAS RECUBIERTAS,limpio
E.F.43.451,ME43451,"UROSINA 0,4 mg TABLETAS RECUBIERTAS DE LIBERACION PROLONGADA X 30 capsulas","UROSINA 0,4 mg X 30 TABLETAS RECUBIERTAS DE LIBERACION PROLONGADA",TABLETAS,TABLETAS RECUBIERTAS DE LIBERACION PROLONGADA,limpio
E.F.G.38.639,ME38639,VALACICLOVIR 500 mg TABLETAS RECUBIERTAS X 10 tabletas,VALACICLOVIR 500 mg X 10 TABLETAS RECUBIERTAS,TABLETAS,TABLETAS RECUBIERTAS,limpio
E.F.G.44.208,ME44208/2,VALSARTÁN 160mg COMPRIMIDOS RECUBIERTOS X 10 tabletas,VALSARTÁN 160mg X 10 COMPRIMIDOS RECUBIERTOS,COMPRIMIDOS,COMPRIMIDOS RECUBIERTOS,limpio
E.F.G.44.208,ME44208/3,VALSARTÁN 160mg COMPRIMIDOS RECUBIERTOS X 28 recubierta,VALSARTÁN 160mg X 28 COMPRIMIDOS RECUBIERTOS,COMPRIMIDOS,COMPRIMIDOS RECUBIERTOS,limpio
E.F.G.44.208,ME44208/4,VALSARTÁN 160mg COMPRIMIDOS RECUBIERTOS X 30 tabletas,VALSARTÁN 160mg X 30 COMPRIMIDOS RECUBIERTOS,COMPRIMIDOS,COMPRIMIDOS RECUBIERTOS,limpio
E.F.G.31.624,ME31624/3,VALSARTAN 160 mg CAPSULAS X 14 capsulas,VALSARTAN 160 mg X 14 CAPSULAS,CAPSULAS,CAPSULAS,limpio
E.F.G.31.624,ME31624/2,VALSARTAN 160 mg CAPSULAS X 7 capsulas,VALSARTAN 160 mg X 7 CAPSULAS,CAPSULAS,CAPSULAS,limpio
E.F.G.38.559,ME38559/3,"VALSARTAN - HIDROCLOROTIAZIDA 160 mg - 12,5 mg TABLETAS RECUBIERTAS X 30 capsulas","VALSARTAN - HIDROCLOROTIAZIDA 160 mg - 12,5 mg X 30 TABLETAS RECUBIERTAS",TABLETAS,TABLETAS RECUBIERTAS,limpio
E.F.G.38.559,ME38559/2,"VALSARTAN - HIDROCLOROTIAZIDA 160 mg - 12,5 mg TABLETAS RECUBIERTAS X 14 recubierta","VALSARTAN - HIDROCLOROTIAZIDA 160 mg - 12,5 mg X 14 TABLETAS RECUBIERTAS",TABLETAS,TABLETAS RECUBIERTAS,limpio
E.F.G.31.623,ME31623/2,VALSARTAN 80 mg CAPSULAS X 14 capsulas,VALSARTAN 80 mg X 14 CAPSULAS,CAPSULAS,CAPSULAS,limpio
E.F.G.31.623,ME31623/3,VALSARTAN 80 mg CAPSULAS X 30 capsulas,VALSARTAN 80 mg X 30 CAPSULAS,CAPSULAS,CAPSULAS,limpio
E.F.G.35.562,ME35562/3,"VALSARTAN - HIDROCLOROTIAZIDA 80 mg - 12,5 mg TABLETAS RECUBIERTAS X 20 capsulas","VALSARTAN - HIDROCLOROTIAZIDA 80 mg - 12,5 mg X 20 TABLETAS RECUBIERTAS",TABLETAS,TABLETAS RECUBIERTAS,limpio
E.F.G.35.562,ME35562/5,"VALSARTAN - HIDROCLOROTIAZIDA 80 mg - 12,5 mg TABLETAS RECUBIERTAS X 30 capsulas","VALSARTAN - HIDROCLOROTIAZIDA 80 mg - 12,5 mg X 30 TABLETAS RECUBIERTAS",TABLETAS,TABLETAS RECUBIERTAS,limpio
E.F.G.35.562,ME35562/4,"VALSARTAN - HIDROCLOROTIAZIDA 80 mg - 12,5 mg TABLETAS RECUBIERTAS X 28 recubierta","VALSARTAN - HIDROCLOROTIAZIDA 80 mg - 12,5 mg X 28 TABLETAS RECUBIERTAS",TABLETAS,TABLETAS RECUBIERTAS,limpio
E.F.G.35.562,ME35562/2,"VALSARTAN - HIDROCLOROTIAZIDA 80 mg - 12,5 mg TABLETAS RECUBIERTAS X 14 recubierta","VALSARTAN - HIDROCLOROTIAZIDA 80 mg - 12,5 mg X 14 TABLETAS RECUBIERTAS",TABLETAS,TABLETAS RECUBIERTAS,limpio
E.F.G.38.613,ME38613,"VALSARTAN - HIDROCLOROTIAZIDA 80 mg - 12,5 mg TABLETAS RECUBIERTAS X 30 recubierta","VALSARTAN - HIDROCLOROTIAZIDA 80 mg - 12,5 mg X 30 TABLETAS RECUBIERTAS",TABLETAS,TABLETAS RECUBIERTAS,limpio
E.F.33.646,ME33646/2,"VASATEN HCT 80 mg - 12,5 mg COMPRIMIDOS RECUBIERTOS X 10 recubierta","VASATEN HCT 80 mg - 12,5 mg X 10 COMPRIMIDOS RECUBIERTOS",COMPRIMIDOS,COMPRIMIDOS RECUBIERTOS,limpio
E.F.33.646,ME33646/3,"VASATEN HCT 80 mg - 12,5 mg COMPRIMIDOS RECUBIERTOS X 14 tabletas","VASATEN HCT 80 mg - 12,5 mg X 14 COMPRIMIDOS RECUBIERTOS",COMPRIMIDOS,COMPRIMIDOS RECUBIERTOS,limpio
E.F.G.35.526,ME35526/2,"VALSARTAN - HIDROCLOROTIAZIDA 80 mg - 12,5 mg TABLETAS RECUBIERTAS X 10 tabletas","VALSARTAN - HIDROCLOROTIAZIDA 80 mg - 12,5 mg X 10 TABLETAS RECUBIERTAS",TABLETAS,TABLETAS RECUBIERTAS,limpio
E.F.G.35.526,ME35526/3,"VALSARTAN - HIDROCLOROTIAZIDA 80 mg - 12,5 mg TABLETAS RECUBIERTAS X 30 tabletas","VALSARTAN - HIDROCLOROTIAZIDA 80 mg - 12,5 mg X 30 TABLETAS RECUBIERTAS",TABLETAS,TABLETAS RECUBIERTAS,limpio
E.F.G.44.465,ME44465,VALSARTAN 160 MG TABLETAS RECUBIERTAS X 30 recubierta,VALSARTAN 160 MG X 30 TABLETAS RECUBIERTAS,TABLETAS,TABLETAS RECUBIERTAS,limpio
E.F.G.37.644,ME37644/2,VALSARTAN 80 mg CAPSULAS X 14 recubierta,VALSARTAN 80 mg X 14 CAPSULAS,CAPSULAS,CAPSULAS,limpio
E.F.G.37.644,ME37644/3,VALSARTAN 80 mg CAPSULAS X 30 recubierta,VALSARTAN 80 mg X 30 CAPSULAS,CAPSULAS,CAPSULAS,limpio
E.F.43.273,ME43273/3,VASPITOR 20 mg COMPRIMIDOS RECUBIERTOS X 30 recubierta,VASPITOR 20 mg X 30 COMPRIMIDOS RECUBIERTOS,COMPRIMIDOS,COMPRIMIDOS RECUBIERTOS,limpio
E.F.43.273,ME43273/2,VASPITOR 20 mg COMPRIMIDOS RECUBIERTOS X 10 recubierta,VASPITOR 20 mg X 10 COMPRIMIDOS RECUBIERTOS,COMPRIMIDOS,COMPRIMIDOS RECUBIERTOS,limpio
E.F.43.342,ME43342/3,VASPITOR 40 mg COMPRIMIDOS RECUBIERTOS X 30 recubierta,VASPITOR 40 mg X 30 COMPRIMIDOS RECUBIERTOS,COMPRIMIDOS,COMPRIMIDOS RECUBIERTOS,limpio
E.F.43.342,ME43342/2,VASPITOR 40 mg COMPRIMIDOS RECUBIERTOS X 10 recubierta,VASPITOR 40 mg X 10 COMPRIMIDOS RECUBIERTOS,COMPRIMIDOS,COMPRIMIDOS RECUBIERTOS,limpio
E.F.43.211,ME43211/2,VECTUS 20 mg TABLETAS RECUBIERTAS X 1 recubierta,VECTUS 20 mg X 1 TABLETAS RECUBIERTAS,TABLETAS,TABLETAS RECUBIERTAS,limpio
E.F.43.211,ME43211/3,VECTUS 20 mg TABLETAS RECUBIERTAS X 2 recubierta,VECTUS 20 mg X 2 TABLETAS RECUBIERTAS,TABLETAS,TABLETAS RECUBIERTAS,limpio
E.F.43.394,ME43394/2,VECTUS 5 mg TABLETAS RECUBIERTAS X 10 recubierta,VECTUS 5 mg X 10 TABLETAS RECUBIERTAS,TABLETAS,TABLETAS RECUBIERTAS,limpio
E.F.43.394,ME43394/3,VECTUS 5 mg TABLETAS RECUBIERTAS X 20 recubierta,VECTUS 5 mg X 20 TABLETAS RECUBIERTAS,TABLETAS,TABLETAS RECUBIERTAS,limpio
E.F.43.394,ME43394/4,VECTUS 5 mg TABLETAS RECUBIERTAS X 30 recubierta,VECTUS 5 mg X 30 TABLETAS RECUBIERTAS,TABLETAS,TABLETAS RECUBIERTAS,limpio
E.F.G.43.348,ME43348/3,DIOSMINA - HESPERIDINA 450 mg - 50 mg CAPSULAS BLANDAS X 30 blanda,DIOSMINA - HESPERIDINA 450 mg - 50 mg X 30 CAPSULAS BLANDAS,CAPSULAS,CAPSULAS BLANDAS,limpio
E.F.G.43.348,ME43348/2,DIOSMINA - HESPERIDINA 450 mg - 50 mg CAPSULAS BLANDAS X 10 capsulas,DIOSMINA - HESPERIDINA 450 mg - 50 mg X 10 CAPSULAS BLANDAS,CAPSULAS,CAPSULAS BLANDAS,limpio
E.F.35.075,ME35075,VESTAX 650 mg TABLETAS X 10 tabletas,VESTAX 650 mg X 10 TABLETAS,TABLETAS,TABLETAS,limpio
E.F.32.103,ME32103,VIAJESAN 50 mg TABLETAS RECUBIERTAS X 10 tabletas,VIAJESAN 50 mg X 10 TABLETAS RECUBIERTAS,TABLETAS,TABLETAS RECUBIERTAS,limpio
E.F.32.610,ME32610/3,VIASEk 50 mg COMPRIMIDOS RECUBIERTOS X 2 comprimidos,VIASEk 50 mg X 2 COMPRIMIDOS RECUBIERTOS,COMPRIMIDOS,COMPRIMIDOS RECUBIERTOS,limpio
E.F.32.610,ME32610/2,VIASEk 50 mg COMPRIMIDOS RECUBIERTOS X 1 recubierta,VIASEk 50 mg X 1 COMPRIMIDOS RECUBIERTOS,COMPRIMIDOS,COMPRIMIDOS RECUBIERTOS,limpio
E.F.32.611,ME32611,VIGRASOL 50 mg COMPRIMIDOS RECUBIERTOS X 1 comprimidos,VIGRASOL 50 mg X 1 COMPRIMIDOS RECUBIERTOS,COMPRIMIDOS,COMPRIMIDOS RECUBIERTOS,limpio
E.F.G.42.486,ME42486,VILDAGLIPTINA 50 mg COMPRIMIDOS X 30 tabletas,VILDAGLIPTINA 50 mg X 30 COMPRIMIDOS,COMPRIMIDOS,COMPRIMIDOS,limpio
E.F.41.583,ME41583,DARLIDE 1.000 UI CAPSULAS BLANDAS X 100 capsulas,DARLIDE 1.000 UI X 100 CAPSULAS BLANDAS,CAPSULAS,CAPSULAS BLANDAS,limpio
E.F.39.856,ME39856/3,FARMAD 1000 UI TABLETAS RECUBIERTAS X 60 capsulas,FARMAD 1000 UI X 60 TABLETAS RECUBIERTAS,TABLETAS,TABLETAS RECUBIERTAS,limpio
E.F.39.856,ME39856/4,FARMAD 1000 UI TABLETAS RECUBIERTAS X 100 tabletas,FARMAD 1000 UI X 100 TABLETAS RECUBIERTAS,TABLETAS,TABLETAS RECUBIERTAS,limpio
E.F.39.856,ME39856/2,FARMAD 1000 UI TABLETAS RECUBIERTAS X 30 tabletas,FARMAD 1000 UI X 30 TABLETAS RECUBIERTAS,TABLETAS,TABLETAS RECUBIERTAS,limpio
E.F.G.26.226,HO26226,VITAMINA B12 5 mg / mL SOLUCION INYECTABLE X 1 solucion inyectable,VITAMINA B12 5 mg / mL X 1 AMPOLLAS,INYECTABLE,SOLUCION INYECTABLE,limpio
E.F.G.6.024,ME6024,VITAMINA B12 500 mcg CAPSULAS X 20 capsulas,VITAMINA B12 500 mcg X 20 CAPSULAS,CAPSULAS,CAPSULAS,limpio
E.F.G.27.999,HO27999,VITAMINA C 500 mg / 5 mL SOLUCION INYECTABLE X 10 solucion inyectable,VITAMINA C 500 mg / 5 mL X 10 AMPOLLAS,INYECTABLE,SOLUCION INYECTABLE,limpio
E.F.44.594,ME44594/2,DEROVIT 5000 UI CÁPSULAS BLANDAS X 60 capsulas,DEROVIT 5000 UI X 60 CÁPSULAS BLANDAS,CAPSULAS,CÁPSULAS BLANDAS,limpio
E.F.44.594,ME44594/3,DEROVIT 5000 UI CÁPSULAS BLANDAS X 100 masticable,DEROVIT 5000 UI X 100 CÁPSULAS BLANDAS,CAPSULAS,CÁPSULAS BLANDAS,limpio
E.F.G.44.099,ME44099/3,VITAMINA C 500 mg TABLETAS MASTICABLES SABOR A NARANJA X 15 blanda,VITAMINA C 500 mg X 15 TABLETAS MASTICABLES SABOR A NARANJA,TABLETAS,TABLETAS MASTICABLES SABOR A NARANJA,limpio
E.F.G.44.099,ME44099/4,VITAMINA C 500 mg TABLETAS MASTICABLES SABOR A NARANJA X 30 tabletas,VITAMINA C 500 mg X 30 TABLETAS MASTICABLES SABOR A NARANJA,TABLETAS,TABLETAS MASTICABLES SABOR A NARANJA,limpio
E.F.G.44.099,ME44099/2,VITAMINA C 500 mg TABLETAS MASTICABLES SABOR A NARANJA X 10 masticable,VITAMINA C 500 mg X 10 TABLETAS MASTICABLES SABOR A NARANJA,TABLETAS,TABLETAS MASTICABLES SABOR A NARANJA,limpio
E.F.G.32.842,ME32842/2,VITAMINA E 400 UI CAPSULAS BLANDAS X 30 blanda,VITAMINA E 400 UI X 30 CAPSULAS BLANDAS,CAPSULAS,CAPSULAS BLANDAS,limpio
E.F.G.32.842,ME32842/3,VITAMINA E 400 UI CAPSULAS BLANDAS X 50 blanda,VITAMINA E 400 UI X 50 CAPSULAS BLANDAS,CAPSULAS,CAPSULAS BLANDAS,limpio
E.F.G.16.233,HO16233,VITAMINA K1 10 mg / mL SOLUCION INYECTABLE X 3 solucion inyectable,VITAMINA K1 10 mg / mL X 3 AMPOLLAS,INYECTABLE,SOLUCION INYECTABLE,limpio
E.F.31.004,ME31004/2,VITADYN C 500 mg TABLETAS MASTICABLES SABOR A FRUTAS TROPICALES X 10 tabletas,VITADYN C 500 mg TABLETAS MASTICABLES SABOR A FRUTAS TROPICALES X 10 TABLETAS,TABLETAS,,sin_coincidencia
E.F.31.004,ME31004/3,VITADYN C 500 mg TABLETAS MASTICABLES SABOR A FRUTAS TROPICALES X 30 tabletas,VITADYN C 500 mg TABLETAS MASTICABLES SABOR A FRUTAS TROPICALES X 30 TABLETAS,TABLETAS,,sin_coincidencia
E.F.27.330,ME27330,VITAMINA E 100 mg CAPSULAS BLANDAS X 60 capsulas,VITAMINA E 100 mg X 60 CAPSULAS BLANDAS,CAPSULAS,CAPSULAS BLANDAS,limpio
E.F.36.327,ME36327,HISTAGRIP FORTE TABLETAS RECUBIERTAS X 10 tabletas,HISTAGRIP FORTE X 10 TABLETAS RECUBIERTAS,TABLETAS,TABLETAS RECUBIERTAS,limpio
E.F.30.487,ME30487/2,VIZERUL 75 mg COMPRIMIDOS RECUBIERTOS X 10 comprimidos,VIZERUL 75 mg X 10 COMPRIMIDOS RECUBIERTOS,COMPRIMIDOS,COMPRIMIDOS RECUBIERTOS,limpio
E.F.30.487,ME30487/3,VIZERUL 75 mg COMPRIMIDOS RECUBIERTOS X 20 comprimidos,VIZERUL 75 mg X 20 COMPRIMIDOS RECUBIERTOS,COMPRIMIDOS,COMPRIMIDOS RECUBIERTOS,limpio
E.F.38.380,ME38380,VIZERUL 150 mg / 10 mL SOLUCION ORAL X 10 recubierta,VIZERUL 150 mg / 10 mL X 10 SOLUCION ORAL,SOLUCION ORAL,SOLUCION ORAL,limpio
E.F.42.691,HO42691,VOLCOFEN 75 mg / 3 mL SOLUCION INYECTABLE X 1 solucion inyectable,VOLCOFEN 75 mg / 3 mL X 1 AMPOLLAS,INYECTABLE,SOLUCION INYECTABLE,limpio
E.F.44.590,ME44590,VONAU FLASH 4mg TABLETAS DE DESINTEGRACION ORAL  X 10 tabletas,VONAU FLASH 4mg TABLETAS DE DESINTEGRACION ORAL X 10 TABLETAS,TABLETAS,,sin_coincidencia
E.F.41.121,HO41121/2,XANEXTRA 500 mg / 5 mL SOLUCION INYECTABLE X 1 solucion inyectable,XANEXTRA 500 mg / 5 mL X 1 AMPOLLAS,INYECTABLE,SOLUCION INYECTABLE,limpio
E.F.41.121,HO41121/3,XANEXTRA 500 mg / 5 mL SOLUCION INYECTABLE X 21 comprimidos,XANEXTRA 500 mg / 5 mL X 21 AMPOLLAS,INYECTABLE,SOLUCION INYECTABLE,limpio
E.F.43.896,ME43896,XAROX 10 mg TABLETAS RECUBIERTAS. X 30 tabletas,XAROX 10 mg X 30 TABLETAS RECUBIERTAS.,TABLETAS,TABLETAS RECUBIERTAS.,limpio
E.F.43.897,ME43897,XAROX 15 mg TABLETAS RECUBIERTAS X 30 tabletas,XAROX 15 mg X 30 TABLETAS RECUBIERTAS,TABLETAS,TABLETAS RECUBIERTAS,limpio
E.F.43.895,ME43895,XAROX 20 mg TABLETAS RECUBIERTAS X 30 tabletas,XAROX 20 mg X 30 TABLETAS RECUBIERTAS,TABLETAS,TABLETAS RECUBIERTAS,limpio
E.F.37.761,ME37761,XEROGRAX 120 mg CAPSULAS X 60 capsulas,XEROGRAX 120 mg X 60 CAPSULAS,CAPSULAS,CAPSULAS,limpio
E.F.G.44.211,ME44211,PRAMIPEXOL 1 mg TABLETAS X 28 comprimidos,PRAMIPEXOL 1 mg X 28 TABLETAS,TABLETAS,TABLETAS,limpio
E.F.33.445,ME33445,"ZALDIAR 37,5 mg - 325 mg COMPRIMIDOS RECUBIERTOS X 20 comprimidos","ZALDIAR 37,5 mg - 325 mg X 20 COMPRIMIDOS RECUBIERTOS",COMPRIMIDOS,COMPRIMIDOS RECUBIERTOS,limpio
E.F.43.300,ME43300,ZILDON 10 mg TABLETAS RECUBIERTAS X 30 recubierta,ZILDON 10 mg X 30 TABLETAS RECUBIERTAS,TABLETAS,TABLETAS RECUBIERTAS,limpio
E.F.32.695,ME32695,REDOXON ZINC COMPRIMIDOS EFERVESCENTES X 100 tabletas,REDOXON ZINC X 100 COMPRIMIDOS EFERVESCENTES,COMPRIMIDOS,COMPRIMIDOS EFERVESCENTES,limpio
E.F.43.669,ME43669/2,"VITADYN C ZINC 500mg - 7,5mg CÁPSULAS X 30 capsulas","VITADYN C ZINC 500mg - 7,5mg X 30 CÁPSULAS",CAPSULAS,CÁPSULAS,limpio
E.F.43.669,ME43669/3,"VITADYN C ZINC 500mg - 7,5mg CÁPSULAS X 60 capsulas","VITADYN C ZINC 500mg - 7,5mg X 60 CÁPSULAS",CAPSULAS,CÁPSULAS,limpio
E.F.33.820,ME33820/2,ZOLPIDEX 10 mg COMPRIMIDOS RECUBIERTOS X 10 comprimidos,ZOLPIDEX 10 mg X 10 COMPRIMIDOS RECUBIERTOS,COMPRIMIDOS,COMPRIMIDOS RECUBIERTOS,limpio
E.F.33.820,ME33820/3,ZOLPIDEX 10 mg COMPRIMIDOS RECUBIERTOS X 20 comprimidos,ZOLPIDEX 10 mg X 20 COMPRIMIDOS RECUBIERTOS,COMPRIMIDOS,COMPRIMIDOS RECUBIERTOS,limpio
E.F.39.051,ME39051,ZONIUM 20 mg CAPSULAS CON MICROGRANULOS ENTERICOS X 14 capsulas,ZONIUM 20 mg X 14 CAPSULAS CON MICROGRANULOS ENTERICOS,CAPSULAS,CAPSULAS CON MICROGRANULOS ENTERICOS,limpio
E.F.39.050,ME39050,ZONIUM 40 mg CAPSULAS CON MICROGRANULOS ENTERICOS X 14 capsulas,ZONIUM 40 mg X 14 CAPSULAS CON MICROGRANULOS ENTERICOS,CAPSULAS,CAPSULAS CON MICROGRANULOS ENTERICOS,limpio
E.F.G.43.207,ME43207,"ZOPICLONA 7,5 mg TABLETAS RECUBIERTAS X 10 tabletas","ZOPICLONA 7,5 mg X 10 TABLETAS RECUBIERTAS",TABLETAS,TABLETAS RECUBIERTAS,limpio
E.F.33.888,ME33888/2,ZOST 50 mg COMPRIMIDOS X 1 comprimidos,ZOST 50 mg X 1 COMPRIMIDOS,COMPRIMIDOS,COMPRIMIDOS,limpio
E.F.33.888,ME33888/3,ZOST 50 mg COMPRIMIDOS X 2 comprimidos,ZOST 50 mg X 2 COMPRIMIDOS,COMPRIMIDOS,COMPRIMIDOS,limpio
E.F.33.888,ME33888/4,ZOST 50 mg COMPRIMIDOS X 4 comprimidos,ZOST 50 mg X 4 COMPRIMIDOS,COMPRIMIDOS,COMPRIMIDOS,limpio
E.F.25.566,ME25566,ZYRTEC 10 mg COMPRIMIDOS RECUBIERTOS X 20 tabletas,ZYRTEC 10 mg X 20 COMPRIMIDOS RECUBIERTOS,COMPRIMIDOS,COMPRIMIDOS RECUBIERTOS,limpio
E.F.G.33.906,ME33906,ACETAMINOFEN 650 mg TABLETAS X 10 tabletas,ACETAMINOFEN 650 mg X 10 TABLETAS,TABLETAS,TABLETAS,limpio
E.F.G.43.427,ME43427/2,ACETAMINOFEN 500 mg TABLETAS X 10 tabletas,ACETAMINOFEN 500 mg X 10 TABLETAS,TABLETAS,TABLETAS,limpio
E.F.G.43.427,ME43427/3,ACETAMINOFEN 500 mg TABLETAS X 30 tabletas,ACETAMINOFEN 500 mg X 30 TABLETAS,TABLETAS,TABLETAS,limpio
E.F.G.41.663,ME41663,ACETAMINOFEN 650 mg COMPRIMIDOS X 10 tabletas,ACETAMINOFEN 650 mg X 10 COMPRIMIDOS,COMPRIMIDOS,COMPRIMIDOS,limpio
E.F.G.42.908,ME42908,ACETAMINOFEN 120 mg / 5 mL SOLUCION ORAL X 10 tabletas,ACETAMINOFEN 120 mg / 5 mL X 10 SOLUCION ORAL,SOLUCION ORAL,SOLUCION ORAL,limpio
E.F.G.37.056,ME37056,ACIDO ACETIL SALICILICO 81 mg COMPRIMIDOS ENTERICOS X 30 tabletas,ACIDO ACETIL SALICILICO 81 mg X 30 COMPRIMIDOS ENTERICOS,COMPRIMIDOS,COMPRIMIDOS ENTERICOS,limpio
E.F.G.29.911,ME29911/2,ACIDO FOLICO 10 mg TABLETAS X 20 tabletas,ACIDO FOLICO 10 mg X 20 TABLETAS,TABLETAS,TABLETAS,limpio
E.F.G.29.911,ME29911/3,ACIDO FOLICO 10 mg TABLETAS X 30 tabletas,ACIDO FOLICO 10 mg X 30 TABLETAS,TABLETAS,TABLETAS,limpio
E.F.G.29.912,ME29912,ACIDO FOLICO 5 mg TABLETAS X 30 tabletas,ACIDO FOLICO 5 mg X 30 TABLETAS,TABLETAS,TABLETAS,limpio
E.F.33.777,ME33777/2,AIRON 5 mg TABLETAS MASTICABLES X 10 tabletas,AIRON 5 mg X 10 TABLETAS MASTICABLES,TABLETAS,TABLETAS MASTICABLES,limpio
E.F.33.777,ME33777/3,AIRON 5 mg TABLETAS MASTICABLES X 30 tabletas,AIRON 5 mg X 30 TABLETAS MASTICABLES,TABLETAS,TABLETAS MASTICABLES,limpio
E.F.G.39.048,ME39048/2,ALBENDAZOL 200 mg TABLETAS MASTICABLES SABOR A BANANA X 2 tabletas,ALBENDAZOL 200 mg X 2 TABLETAS MASTICABLES SABOR A BANANA,TABLETAS,TABLETAS MASTICABLES SABOR A BANANA,limpio
E.F.G.39.048,ME39048/3,ALBENDAZOL 200 mg TABLETAS MASTICABLES SABOR A BANANA X 6 tabletas,ALBENDAZOL 200 mg X 6 TABLETAS MASTICABLES SABOR A BANANA,TABLETAS,TABLETAS MASTICABLES SABOR A BANANA,limpio
E.F.G.37.677,ME37677,"SECNIDAZOL - ITRACONAZOL 166,66 mg - 33,33 mg CAPSULAS X 12 capsulas","SECNIDAZOL - ITRACONAZOL 166,66 mg - 33,33 mg X 12 CAPSULAS",CAPSULAS,CAPSULAS,limpio
E.F.34.717,ME34717,ALIPAL FORTE NOCHE 650 mg - 4 mg CAPSULAS X 12 capsulas,ALIPAL FORTE NOCHE 650 mg - 4 mg X 12 CAPSULAS,CAPSULAS,CAPSULAS,limpio
E.F.G.30.270,ME30270/2,AMLODIPINA 10 mg TABLETAS X 20 tabletas,AMLODIPINA 10 mg X 20 TABLETAS,TABLETAS,TABLETAS,limpio
E.F.G.30.270,ME30270/3,AMLODIPINA 10 mg TABLETAS X 30 tabletas,AMLODIPINA 10 mg X 30 TABLETAS,TABLETAS,TABLETAS,limpio
E.F.G.42.427,ME42427,AMLODIPINO 10 mg COMPRIMIDOS X 20 tabletas,AMLODIPINO 10 mg X 20 COMPRIMIDOS,COMPRIMIDOS,COMPRIMIDOS,limpio
E.F.G.42.428,ME42428,AMLODIPINO 5 mg COMPRIMIDOS X 20 tabletas,AMLODIPINO 5 mg X 20 COMPRIMIDOS,COMPRIMIDOS,COMPRIMIDOS,limpio
E.F.G.30.269,ME30269,AMLODIPINA 5 mg TABLETAS X 30 tabletas,AMLODIPINA 5 mg X 30 TABLETAS,TABLETAS,TABLETAS,limpio
E.F.32.836,ME32836/2,AMOVIN 500 mg TABLETAS RECUBIERTAS X 3 tabletas,AMOVIN 500 mg X 3 TABLETAS RECUBIERTAS,TABLETAS,TABLETAS RECUBIERTAS,limpio
E.F.32.836,ME32836/3,AMOVIN 500 mg TABLETAS RECUBIERTAS X 6 tabletas,AMOVIN 500 mg X 6 TABLETAS RECUBIERTAS,TABLETAS,TABLETAS RECUBIERTAS,limpio
E.F.G.35.012,ME35012,AMOXICILINA 500 mg CAPSULAS X 12 capsulas,AMOXICILINA 500 mg X 12 CAPSULAS,CAPSULAS,CAPSULAS,limpio
E.F.42.339,ME42339,"AMPROVIL 0,5 mg CAPSULAS. X 30 capsulas","AMPROVIL 0,5 mg X 30 CAPSULAS.",CAPSULAS,CAPSULAS.,limpio
E.F.40.060,ME40060/3,"ANTAAR 2,5 mg TABLETAS RECUBIERTAS X 30 tabletas","ANTAAR 2,5 mg X 30 TABLETAS RECUBIERTAS",TABLETAS,TABLETAS RECUBIERTAS,limpio
E.F.40.060,ME40060/2,"ANTAAR 2,5 mg TABLETAS RECUBIERTAS X 10 tabletas","ANTAAR 2,5 mg X 10 TABLETAS RECUBIERTAS",TABLETAS,TABLETAS RECUBIERTAS,limpio
E.F.40.058,ME40058,ANTAAR 5 mg TABLETAS RECUBIERTAS X 30 tabletas,ANTAAR 5 mg X 30 TABLETAS RECUBIERTAS,TABLETAS,TABLETAS RECUBIERTAS,limpio
E.F.41.982,ME41982,"ANTAAR HCT 2,5 mg - 6,25 mg TABLETAS X 30 tabletas","ANTAAR HCT 2,5 mg - 6,25 mg X 30 TABLETAS",TABLETAS,TABLETAS,limpio
E.F.36.411,ME36411,ANTIFOM 125 mg TABLETAS MASTICABLES X 10 tabletas,ANTIFOM 125 mg X 10 TABLETAS MASTICABLES,TABLETAS,TABLETAS MASTICABLES,limpio
E.F.33.576,ME33576,ANTILAX 2 mg TABLETAS X 10 tabletas,ANTILAX 2 mg X 10 TABLETAS,TABLETAS,TABLETAS,limpio
E.F.42.368,ME42368/2,APLACAL 750 mg TABLETAS MASTICABLES SABOR A FRAMBUESA X 10 tabletas,APLACAL 750 mg TABLETAS MASTICABLES SABOR A FRAMBUESA X 10 TABLETAS,TABLETAS,,sin_coincidencia
E.F.42.368,ME42368/3,APLACAL 750 mg TABLETAS MASTICABLES SABOR A FRAMBUESA X 80 tabletas,APLACAL 750 mg TABLETAS MASTICABLES SABOR A FRAMBUESA X 80 TABLETAS,TABLETAS,,sin_coincidencia
E.F.42.365,ME42365/2,APLACAL 750 mg TABLETAS MASTICABLES SABOR A MENTA X 10 tabletas,APLACAL 750 mg X 10 TABLETAS MASTICABLES SABOR A MENTA,TABLETAS,TABLETAS MASTICABLES SABOR A MENTA,limpio
E.F.42.365,ME42365/4,APLACAL 750 mg TABLETAS MASTICABLES SABOR A MENTA X 120 tabletas,APLACAL 750 mg X 120 TABLETAS MASTICABLES SABOR A MENTA,TABLETAS,TABLETAS MASTICABLES SABOR A MENTA,limpio
E.F.42.365,ME42365/3,APLACAL 750 mg TABLETAS MASTICABLES SABOR A MENTA X 80 tabletas,APLACAL 750 mg X 80 TABLETAS MASTICABLES SABOR A MENTA,TABLETAS,TABLETAS MASTICABLES SABOR A MENTA,limpio
E.F.42.367,ME42367,APLACAL 750 mg TABLETAS MASTICABLES SABOR A MANDARINA X 80 tabletas,APLACAL 750 mg X 80 TABLETAS MASTICABLES SABOR A MANDARINA,TABLETAS,TABLETAS MASTICABLES SABOR A MANDARINA,limpio
E.F.38.655,ME38655/2,ARANDA 5 mg - 50 mg CAPSULAS X 10 capsulas,ARANDA 5 mg - 50 mg X 10 CAPSULAS,CAPSULAS,CAPSULAS,limpio
E.F.38.655,ME38655/3,ARANDA 5 mg - 50 mg CAPSULAS X 30 capsulas,ARANDA 5 mg - 50 mg X 30 CAPSULAS,CAPSULAS,CAPSULAS,limpio
E.F.40.610,ME40610,"ARESAN HCT 20 mg - 12,5 mg TABLETAS RECUBIERTAS X 10 tabletas","ARESAN HCT 20 mg - 12,5 mg X 10 TABLETAS RECUBIERTAS",TABLETAS,TABLETAS RECUBIERTAS,limpio
E.F.31.478,ME31478,ARTRODAR 50 mg CAPSULAS X 30 capsulas,ARTRODAR 50 mg X 30 CAPSULAS,CAPSULAS,CAPSULAS,limpio
E.F.43.205,ME43205,ASPIXAN 81 mg TABLETAS CON RECUBRIMIENTO ENTERICO X 100 tabletas,ASPIXAN 81 mg X 100 TABLETAS CON RECUBRIMIENTO ENTERICO,TABLETAS,TABLETAS CON RECUBRIMIENTO ENTERICO,limpio
E.F.43.853,ME43853,ASTRIMOL 5 mg TABLETAS RECUBIERTAS X 30 tabletas,ASTRIMOL 5 mg X 30 TABLETAS RECUBIERTAS,TABLETAS,TABLETAS RECUBIERTAS,limpio
E.F.33.009,ME33009,ATAMEL PLUS 500 mg - 32 mg TABLETAS X 10 tabletas,ATAMEL PLUS 500 mg - 32 mg X 10 TABLETAS,TABLETAS,TABLETAS,limpio
E.F.G.27.910,ME27910,ATENOLOL 50 mg COMPRIMIDOS X 30 tabletas,ATENOLOL 50 mg X 30 COMPRIMIDOS,COMPRIMIDOS,COMPRIMIDOS,limpio
E.F.G.39.007,ME39007,ATORVASTATINA 40 mg TABLETAS RECUBIERTAS X 30 tabletas,ATORVASTATINA 40 mg X 30 TABLETAS RECUBIERTAS,TABLETAS,TABLETAS RECUBIERTAS,limpio
E.F.36.258,ME36258,ATROVERAN 10 mg TABLETAS RECUBIERTAS X 10 tabletas,ATROVERAN 10 mg X 10 TABLETAS RECUBIERTAS,TABLETAS,TABLETAS RECUBIERTAS,limpio
E.F.16.167,ME16167,"BETADERM CON GENTAMICINA 0,1 % - 0,1 % CREMA X 1 ampollas","BETADERM CON GENTAMICINA 0,1 % - 0,1 % X 1 CREMA",CREMA,CREMA,limpio
E.F.G.22.899,HO22899,BETAMETASONA 4 mg / mL SOLUCION INYECTABLE X 1 ampollas,BETAMETASONA 4 mg / mL X 1 AMPOLLAS,INYECTABLE,SOLUCION INYECTABLE,limpio
E.F.G.32.578,HO32578,BICARBONATO DE SODIO AL 5 % SOLUCION INYECTABLE X 1 ampollas,BICARBONATO DE SODIO AL 5 % X 1 AMPOLLAS,INYECTABLE,SOLUCION INYECTABLE,limpio
E.F.41.690,ME41690,BIOCOR 20 mg TABLETAS RECUBIERTAS X 30 tabletas,BIOCOR 20 mg X 30 TABLETAS RECUBIERTAS,TABLETAS,TABLETAS RECUBIERTAS,limpio
E.F.G.38.313,ME38313,OLMESARTAN MEDOXOMILO 40 mg TABLETAS RECUBIERTAS X 30 tabletas,OLMESARTAN MEDOXOMILO 40 mg X 30 TABLETAS RECUBIERTAS,TABLETAS,TABLETAS RECUBIERTAS,limpio
E.F.44.036,ME44036,CARIBAN FORTE 20 mg - 20 mg COMPRIMIDOS RECUBIERTOS DE LIBERACION CONTROLADA X 20 capsulas,CARIBAN FORTE 20 mg - 20 mg X 20 COMPRIMIDOS RECUBIERTOS DE LIBERACION CONTROLADA,COMPRIMIDOS,COMPRIMIDOS RECUBIERTOS DE LIBERACION CONTROLADA,limpio
E.F.G.39.139,ME39139,"BISOPROLOL FUMARATO 2,5 mg TABLETAS RECUBIERTAS X 30 tabletas","BISOPROLOL FUMARATO 2,5 mg X 30 TABLETAS RECUBIERTAS",TABLETAS,TABLETAS RECUBIERTAS,limpio
E.F.37.009,ME37009,BONAMES 150 mg TABLETAS RECUBIERTAS X 1 tabletas,BONAMES 150 mg X 1 TABLETAS RECUBIERTAS,TABLETAS,TABLETAS RECUBIERTAS,limpio
E.F.16.263,HO16263/3,BRAL 500 mg / mL SOLUCION INYECTABLE X 100 tabletas,BRAL 500 mg / mL X 100 AMPOLLAS,INYECTABLE,SOLUCION INYECTABLE,limpio
E.F.16.263,HO16263/2,BRAL 500 mg / mL SOLUCION INYECTABLE X 20 tabletas,BRAL 500 mg / mL X 20 AMPOLLAS,INYECTABLE,SOLUCION INYECTABLE,limpio
E.F.41.912,ME41912,BRASARTAN 80 mg CAPSULAS X 30 capsulas,BRASARTAN 80 mg X 30 CAPSULAS,CAPSULAS,CAPSULAS,limpio
E.F.42.373,ME42373,"BRASARTAN CTDN 160 mg - 12,5 mg TABLETAS RECUBIERTAS X 30 tabletas","BRASARTAN CTDN 160 mg - 12,5 mg X 30 TABLETAS RECUBIERTAS",TABLETAS,TABLETAS RECUBIERTAS,limpio
E.F.40.193,ME40193,BROLAT 5 mg  - 30 mg / 5 mL SOLUCION ORAL X 10 tabletas,BROLAT 5 mg - 30 mg / 5 mL X 10 SOLUCION ORAL,SOLUCION ORAL,SOLUCION ORAL,limpio
E.F.37.021,ME37021,CALCIO OSTELIN FORTE 300 mg - 200 UI / 5 mL SUSPENSION X 30 tabletas,CALCIO OSTELIN FORTE 300 mg - 200 UI / 5 mL X 30 SUSPENSION,SUSPENSION ORAL,SUSPENSION,limpio
E.F.G.28.953,ME28953/3,CAPTOPRIL 25 mg TABLETAS X 30 tabletas,CAPTOPRIL 25 mg X 30 TABLETAS,TABLETAS,TABLETAS,limpio
E.F.G.28.953,ME28953/2,CAPTOPRIL 25 mg TABLETAS X 20 tabletas,CAPTOPRIL 25 mg X 20 TABLETAS,TABLETAS,TABLETAS,limpio
E.F.43.807,ME43807,CARBETAL 16 mg TABLETAS X 30 tabletas,CARBETAL 16 mg X 30 TABLETAS,TABLETAS,TABLETAS,limpio
E.F.43.806,ME43806,CARBETAL 8 mg TABLETAS X 30 tabletas,CARBETAL 8 mg X 30 TABLETAS,TABLETAS,TABLETAS,limpio
E.F.G.35.571,ME35571/2,"CARVEDILOL 12,5 mg TABLETAS RECUBIERTAS X 20 tabletas","CARVEDILOL 12,5 mg X 20 TABLETAS RECUBIERTAS",TABLETAS,TABLETAS RECUBIERTAS,limpio
E.F.G.35.571,ME35571/3,"CARVEDILOL 12,5 mg TABLETAS RECUBIERTAS X 30 recubierta","CARVEDILOL 12,5 mg X 30 TABLETAS RECUBIERTAS",TABLETAS,TABLETAS RECUBIERTAS,limpio
E.F.G.40.369,ME40369,CARVEDILOL 25 mg TABLETAS RECUBIERTAS X 20 tabletas,CARVEDILOL 25 mg X 20 TABLETAS RECUBIERTAS,TABLETAS,TABLETAS RECUBIERTAS,limpio
E.F.G.33.073,HO33073,CLORHIDRATO DE MORFINA 10 mg / mL SOLUCION INYECTABLE X 10 tabletas,CLORHIDRATO DE MORFINA 10 mg / mL X 10 AMPOLLAS,INYECTABLE,SOLUCION INYECTABLE,limpio
E.F.13.532,HO13532,CIFARCAINA HIPERBARA AL 5 % SOLUCION INYECTABLE X 2 ampollas,CIFARCAINA HIPERBARA AL 5 % X 2 AMPOLLAS,INYECTABLE,SOLUCION INYECTABLE,limpio
E.F.G.30.837,ME30837,CIPROFLOXACINA 500 mg TABLETAS RECUBIERTAS X 6 tabletas,CIPROFLOXACINA 500 mg X 6 TABLETAS RECUBIERTAS,TABLETAS,TABLETAS RECUBIERTAS,limpio
E.F.G.42.557,ME42557,CLINDAMICINA 300 mg CAPSULAS X 16 capsulas,CLINDAMICINA 300 mg X 16 CAPSULAS,CAPSULAS,CAPSULAS,limpio
E.F.44.238,ME44238/2,CLORACE 500 mg – 4 mg GRANULOS PARA SOLUCIÓN ORAL SABOR A LIMÓN X 10 capsulas,CLORACE 500 mg – 4 mg X 10 GRANULOS PARA SOLUCIÓN ORAL SABOR A LIMÓN,SOLUCION ORAL,GRANULOS PARA SOLUCIÓN ORAL SABOR A LIMÓN,limpio
E.F.44.238,ME44238/3,CLORACE 500 mg – 4 mg GRANULOS PARA SOLUCIÓN ORAL SABOR A LIMÓN X 20 tabletas,CLORACE 500 mg – 4 mg X 20 GRANULOS PARA SOLUCIÓN ORAL SABOR A LIMÓN,SOLUCION ORAL,GRANULOS PARA SOLUCIÓN ORAL SABOR A LIMÓN,limpio
E.F.G.32.581,HO32581,"CLORURO DE POTASIO 7,5 % SOLUCION HIPERTONICA INYECTABLE INTRAVENOSA X 1 ampollas","CLORURO DE POTASIO 7,5 % SOLUCION HIPERTONICA X 1 AMPOLLAS",INYECTABLE,INYECTABLE INTRAVENOSA,limpio
E.F.44.093,ME44093,COFASUR 160 mg TABLETAS RECUBIERTAS X 30 tabletas,COFASUR 160 mg X 30 TABLETAS RECUBIERTAS,TABLETAS,TABLETAS RECUBIERTAS,limpio
E.F.44.636,ME44636,"COFASUR PLUS 80 mg - 12,5 mg TABLETAS RECUBIERTAS X 30 tabletas","COFASUR PLUS 80 mg - 12,5 mg X 30 TABLETAS RECUBIERTAS",TABLETAS,TABLETAS RECUBIERTAS,limpio
E.F.23.451,HO23451,COLVAL 4 mg / 2 mL SOLUCION INYECTABLE X 2 ampollas,COLVAL 4 mg / 2 mL X 2 AMPOLLAS,INYECTABLE,SOLUCION INYECTABLE,limpio
P.B.1.278,HO1278,TIMOGLOBULINA (INMUNOGLOBULINA DE CONEJO ANTITIMOCITOS HUMANOS) 5 mg / mL POLVO LIOFILIZADO PARA SOLUCION INYECTABLE INTRAVENOSA X 3 ampollas,TIMOGLOBULINA (INMUNOGLOBULINA DE CONEJO ANTITIMOCITOS HUMANOS) 5 mg / mL X 3 AMPOLLAS,INYECTABLE,POLVO LIOFILIZADO PARA SOLUCION INYECTABLE INTRAVENOSA,limpio
P.F.1.412,ME1412,COMPLEJO DE VITAMINA B TABLETAS X 20 tabletas,COMPLEJO DE VITAMINA B X 20 TABLETAS,TABLETAS,TABLETAS,limpio
E.F.34.030,ME34030,TERAGRIPFORTE DIA 650 mg - 30 mg TABLETAS RECUBIERTAS X 20 tabletas,TERAGRIPFORTE DIA 650 mg - 30 mg X 20 TABLETAS RECUBIERTAS,TABLETAS,TABLETAS RECUBIERTAS,limpio
E.F.41.809,ME41809/2,CRISOMET 50 mg - 850 mg TABLETAS RECUBIERTAS X 10 tabletas,CRISOMET 50 mg - 850 mg X 10 TABLETAS RECUBIERTAS,TABLETAS,TABLETAS RECUBIERTAS,limpio
E.F.41.809,ME41809/3,CRISOMET 50 mg - 850 mg TABLETAS RECUBIERTAS X 30 tabletas,CRISOMET 50 mg - 850 mg X 30 TABLETAS RECUBIERTAS,TABLETAS,TABLETAS RECUBIERTAS,limpio
E.F.39.525,ME39525/3,DOL FORTE 500 mg - 65 mg TABLETAS X 10 capsulas,DOL FORTE 500 mg - 65 mg X 10 TABLETAS,TABLETAS,TABLETAS,limpio
E.F.39.525,ME39525/2,DOL FORTE 500 mg - 65 mg TABLETAS X 4 tabletas,DOL FORTE 500 mg - 65 mg X 4 TABLETAS,TABLETAS,TABLETAS,limpio
E.F.42.426,ME42426,ZARCOT 6 mg TABLETAS X 10 tabletas,ZARCOT 6 mg X 10 TABLETAS,TABLETAS,TABLETAS,limpio
E.F.G.36.359,ME36359,DESLORATADINA 5 mg TABLETAS RECUBIERTAS X 10 tabletas,DESLORATADINA 5 mg X 10 TABLETAS RECUBIERTAS,TABLETAS,TABLETAS RECUBIERTAS,limpio
E.F.G.43.091,ME43091,DESLORATADINA 5 mg TABLETAS RECUBIERTAS X 10 tabletas,DESLORATADINA 5 mg X 10 TABLETAS RECUBIERTAS,TABLETAS,TABLETAS RECUBIERTAS,limpio
E.F.G.36.983,ME36983/2,DICLOFENAC POTASICO 50 mg TABLETAS RECUBIERTAS X 10 tabletas,DICLOFENAC POTASICO 50 mg X 10 TABLETAS RECUBIERTAS,TABLETAS,TABLETAS RECUBIERTAS,limpio
E.F.G.36.983,ME36983/3,DICLOFENAC POTASICO 50 mg TABLETAS RECUBIERTAS X 30 tabletas,DICLOFENAC POTASICO 50 mg X 30 TABLETAS RECUBIERTAS,TABLETAS,TABLETAS RECUBIERTAS,limpio
E.F.G.30.174,ME30174,DICLOFENACO POTASICO 50 mg TABLETAS RECUBIERTAS X 20 tabletas,DICLOFENACO POTASICO 50 mg X 20 TABLETAS RECUBIERTAS,TABLETAS,TABLETAS RECUBIERTAS,limpio
E.F.G.35.439,ME35439,DICLOFENAC POTASICO 50 mg COMPRIMIDOS RECUBIERTOS X 20 tabletas,DICLOFENAC POTASICO 50 mg X 20 COMPRIMIDOS RECUBIERTOS,COMPRIMIDOS,COMPRIMIDOS RECUBIERTOS,limpio
E.F.38.307,ME38307,DIFEN PLUS TABLETAS X 10 tabletas,DIFEN PLUS X 10 TABLETAS,TABLETAS,TABLETAS,limpio
E.F.G.43.966,ME43966,LERCANIDIPINO 10 mg COMPRIMIDOS RECUBIERTOS X 10 tabletas,LERCANIDIPINO 10 mg X 10 COMPRIMIDOS RECUBIERTOS,COMPRIMIDOS,COMPRIMIDOS RECUBIERTOS,limpio
E.F.36.449,HO36449,DIKLASON 75 mg / 3 mL SOLUCION INYECTABLE X 1 ampollas,DIKLASON 75 mg / 3 mL X 1 AMPOLLAS,INYECTABLE,SOLUCION INYECTABLE,limpio
E.F.41.759,ME41759,DOLGRIP CAPSULAS X 10 tabletas,DOLGRIP X 10 CAPSULAS,CAPSULAS,CAPSULAS,limpio
E.F.32.341,HO32341,DURACAINA HIPERBARA 5 mg - 80 mg / mL SOLUCION INYECTABLE X 1 ampollas,DURACAINA HIPERBARA 5 mg - 80 mg / mL X 1 AMPOLLAS,INYECTABLE,SOLUCION INYECTABLE,limpio
E.F.G.27.590,ME27590,ENALAPRIL MALEATO 20 mg TABLETAS X 30 tabletas,ENALAPRIL MALEATO 20 mg X 30 TABLETAS,TABLETAS,TABLETAS,limpio
E.F.G.36.883,ME36883,ESOMEPRAZOL 40 mg CAPSULAS CON MICROGRANULOS DE LIBERACION ENTERICA. X 16 capsulas,ESOMEPRAZOL 40 mg X 16 CAPSULAS CON MICROGRANULOS DE LIBERACION ENTERICA.,CAPSULAS,CAPSULAS CON MICROGRANULOS DE LIBERACION ENTERICA.,limpio
E.F.27.693,HO27693/2,EUSILEN 4 mg / 2 mL SOLUCION INYECTABLE X 1 ampollas,EUSILEN 4 mg / 2 mL X 1 AMPOLLAS,INYECTABLE,SOLUCION INYECTABLE,limpio
E.F.27.693,HO27693/3,EUSILEN 4 mg / 2 mL SOLUCION INYECTABLE X 2 ampollas,EUSILEN 4 mg / 2 mL X 2 AMPOLLAS,INYECTABLE,SOLUCION INYECTABLE,limpio
E.F.44.071,ME44071,EVABOLIN 10 mg TABLETAS RECUBIERTAS X 30 tabletas,EVABOLIN 10 mg X 30 TABLETAS RECUBIERTAS,TABLETAS,TABLETAS RECUBIERTAS,limpio
E.F.G.31.252,ME31252,FAMOTIDINA 40 mg COMPRIMIDOS X 10 tabletas,FAMOTIDINA 40 mg X 10 COMPRIMIDOS,COMPRIMIDOS,COMPRIMIDOS,limpio
E.F.44.388,ME44388/3,FARMAD 200UI/gota SOLUCION ORAL X 30 tabletas,FARMAD 200UI/gota X 30 SOLUCION ORAL,GOTAS,SOLUCION ORAL,limpio
E.F.44.388,ME44388/2,FARMAD 200UI/gota SOLUCION ORAL X 10 tabletas,FARMAD 200UI/gota X 10 SOLUCION ORAL,GOTAS,SOLUCION ORAL,limpio
E.F.33.238,ME33238/4,FERGANIC FOLIC 40 mg - 350 mcg TABLETAS MASTICABLES X 24 capsulas,FERGANIC FOLIC 40 mg - 350 mcg X 24 TABLETAS MASTICABLES,TABLETAS,TABLETAS MASTICABLES,limpio
E.F.33.238,ME33238/2,FERGANIC FOLIC 40 mg - 350 mcg TABLETAS MASTICABLES X 14 capsulas,FERGANIC FOLIC 40 mg - 350 mcg X 14 TABLETAS MASTICABLES,TABLETAS,TABLETAS MASTICABLES,limpio
E.F.33.238,ME33238/5,FERGANIC FOLIC 40 mg - 350 mcg TABLETAS MASTICABLES X 30 tabletas,FERGANIC FOLIC 40 mg - 350 mcg X 30 TABLETAS MASTICABLES,TABLETAS,TABLETAS MASTICABLES,limpio
E.F.33.238,ME33238/3,FERGANIC FOLIC 40 mg - 350 mcg TABLETAS MASTICABLES X 20 tabletas,FERGANIC FOLIC 40 mg - 350 mcg X 20 TABLETAS MASTICABLES,TABLETAS,TABLETAS MASTICABLES,limpio
E.F.G.28.575,ME28575,FLUCONAZOL 150 mg CAPSULAS X 2 capsulas,FLUCONAZOL 150 mg X 2 CAPSULAS,CAPSULAS,CAPSULAS,limpio
E.F.G.37.496,ME37496,GABAPENTINA 300 mg CAPSULAS X 20 capsulas,GABAPENTINA 300 mg X 20 CAPSULAS,CAPSULAS,CAPSULAS,limpio
E.F.G.37.521,ME37521,GABAPENTINA 400 mg CAPSULAS X 20 capsulas,GABAPENTINA 400 mg X 20 CAPSULAS,CAPSULAS,CAPSULAS,limpio
E.F.43.741,ME43741,GEMKAST 10 mg TABLETAS RECUBIERTAS X 30 tabletas,GEMKAST 10 mg X 30 TABLETAS RECUBIERTAS,TABLETAS,TABLETAS RECUBIERTAS,limpio
E.F.43.742,ME43742/2,GEMKAST 4 mg TABLETAS MASTICABLES X 10 tabletas,GEMKAST 4 mg X 10 TABLETAS MASTICABLES,TABLETAS,TABLETAS MASTICABLES,limpio
E.F.43.742,ME43742/3,GEMKAST 4 mg TABLETAS MASTICABLES X 30 tabletas,GEMKAST 4 mg X 30 TABLETAS MASTICABLES,TABLETAS,TABLETAS MASTICABLES,limpio
E.F.43.743,ME43743/3,GEMKAST 5 mg TABLETAS MASTICABLES X 30 tabletas,GEMKAST 5 mg X 30 TABLETAS MASTICABLES,TABLETAS,TABLETAS MASTICABLES,limpio
E.F.43.743,ME43743/2,GEMKAST 5 mg TABLETAS MASTICABLES X 10 tabletas,GEMKAST 5 mg X 10 TABLETAS MASTICABLES,TABLETAS,TABLETAS MASTICABLES,limpio
E.F.42.452,ME42452,GLUTAPTIN MET 50 mg - 500 mg TABLETAS RECUBIERTAS X 30 tabletas,GLUTAPTIN MET 50 mg - 500 mg X 30 TABLETAS RECUBIERTAS,TABLETAS,TABLETAS RECUBIERTAS,limpio
E.F.37.715,ME37715,GLYMAR 4 mg TABLETAS X 20 tabletas,GLYMAR 4 mg X 20 TABLETAS,TABLETAS,TABLETAS,limpio
E.F.G.30.069,ME30069,IBUPROFENO 400 mg TABLETAS RECUBIERTAS X 10 tabletas,IBUPROFENO 400 mg X 10 TABLETAS RECUBIERTAS,TABLETAS,TABLETAS RECUBIERTAS,limpio
E.F.34.966,ME34966,IBUCAF 200 mg - 30 mg TABLETAS X 10 tabletas,IBUCAF 200 mg - 30 mg X 10 TABLETAS,TABLETAS,TABLETAS,limpio
E.F.42.947,ME42947,IMAZOL DUAL 100 mg CAPSULAS BLANDAS VAGINALES - 1 % CREMA VAGINAL X 6 capsulas,IMAZOL DUAL 100 mg CAPSULAS BLANDAS VAGINALES - 1 % X 6 CREMA VAGINAL,CAPSULAS,CREMA VAGINAL,limpio
E.F.G.36.204,ME36204,IRBESARTAN 150 mg TABLETAS X 28 tabletas,IRBESARTAN 150 mg X 28 TABLETAS,TABLETAS,TABLETAS,limpio
E.F.43.717,ME43717,"IRBETIAZID 300 mg - 12,5 mg TABLETAS X 28 tabletas","IRBETIAZID 300 mg - 12,5 mg X 28 TABLETAS",TABLETAS,TABLETAS,limpio
E.F.43.610,ME43610,IRGEM 150 mg TABLETAS X 30 tabletas,IRGEM 150 mg X 30 TABLETAS,TABLETAS,TABLETAS,limpio
E.F.43.609,ME43609/2,IRGEM 300 mg TABLETAS X 10 tabletas,IRGEM 300 mg X 10 TABLETAS,TABLETAS,TABLETAS,limpio
E.F.43.609,ME43609/3,IRGEM 300 mg TABLETAS X 30 tabletas,IRGEM 300 mg X 30 TABLETAS,TABLETAS,TABLETAS,limpio
E.F.43.668,ME43668,"IRGEM PLUS 300 mg - 12,5 mg TABLETAS  X 30 tabletas","IRGEM PLUS 300 mg - 12,5 mg X 30 TABLETAS",TABLETAS,TABLETAS,limpio
E.F.33.620,ME33620,IVAGAN FORTE TABLETAS RECUBIERTAS X 100 tabletas,IVAGAN FORTE X 100 TABLETAS RECUBIERTAS,TABLETAS,TABLETAS RECUBIERTAS,limpio
E.F.G.33.101,HO33101/2,KETOPROFENO 100 mg / 2 mL SOLUCION INYECTABLE X 10 capsulas,KETOPROFENO 100 mg / 2 mL X 10 AMPOLLAS,INYECTABLE,SOLUCION INYECTABLE,limpio
E.F.G.33.101,HO33101/3,KETOPROFENO 100 mg / 2 mL SOLUCION INYECTABLE X 20 capsulas,KETOPROFENO 100 mg / 2 mL X 20 AMPOLLAS,INYECTABLE,SOLUCION INYECTABLE,limpio
E.F.G.30.273,HO30273/3,KETOPROFENO 100 mg / 2 mL SOLUCION INYECTABLE X 10 tabletas,KETOPROFENO 100 mg / 2 mL X 10 AMPOLLAS,INYECTABLE,SOLUCION INYECTABLE,limpio
E.F.G.30.273,HO30273/2,KETOPROFENO 100 mg / 2 mL SOLUCION INYECTABLE X 1 ampollas,KETOPROFENO 100 mg / 2 mL X 1 AMPOLLAS,INYECTABLE,SOLUCION INYECTABLE,limpio
E.F.40.973,ME40973,KLINCOSAL 262 mg - 100 mg TABLETAS MASTICABLES SABOR A UVA X 30 tabletas,KLINCOSAL 262 mg - 100 mg X 30 TABLETAS MASTICABLES SABOR A UVA,TABLETAS,TABLETAS MASTICABLES SABOR A UVA,limpio
E.F.43.612,ME43612,LAGEMIN 25 mg TABLETAS DISPERSABLES X 30 tabletas,LAGEMIN 25 mg X 30 TABLETAS DISPERSABLES,TABLETAS,TABLETAS DISPERSABLES,limpio
E.F.43.611,ME43611/3,LAGEMIN 50 mg TABLETAS DISPERSABLES X 30 tabletas,LAGEMIN 50 mg X 30 TABLETAS DISPERSABLES,TABLETAS,TABLETAS DISPERSABLES,limpio
E.F.43.611,ME43611/2,LAGEMIN 50 mg TABLETAS DISPERSABLES X 10 tabletas,LAGEMIN 50 mg X 10 TABLETAS DISPERSABLES,TABLETAS,TABLETAS DISPERSABLES,limpio
E.F.43.637,ME43637/2,LAGEMIN 100 mg TABLETAS DISPERSABLES  X 10 tabletas,LAGEMIN 100 mg X 10 TABLETAS DISPERSABLES,TABLETAS,TABLETAS DISPERSABLES,limpio
E.F.43.637,ME43637/3,LAGEMIN 100 mg TABLETAS DISPERSABLES  X 30 tabletas,LAGEMIN 100 mg X 30 TABLETAS DISPERSABLES,TABLETAS,TABLETAS DISPERSABLES,limpio
E.F.38.543,ME38543,LETISAN 500 mg TABLETAS MASTICABLES SABOR UVA X 10 tabletas,LETISAN 500 mg X 10 TABLETAS MASTICABLES SABOR UVA,TABLETAS,TABLETAS MASTICABLES SABOR UVA,limpio
E.F.G.36.662,ME36662,LOSARTAN POTASICO 50 mg TABLETAS RECUBIERTAS X 14 tabletas,LOSARTAN POTASICO 50 mg X 14 TABLETAS RECUBIERTAS,TABLETAS,TABLETAS RECUBIERTAS,limpio
E.F.G.36.589,ME36589,LOSARTAN POTASICO 100 mg TABLETAS RECUBIERTAS X 10 tabletas,LOSARTAN POTASICO 100 mg X 10 TABLETAS RECUBIERTAS,TABLETAS,TABLETAS RECUBIERTAS,limpio
E.F.16.064,ME16064,MACRODANTINA 100 mg CAPSULAS X 30 capsulas,MACRODANTINA 100 mg X 30 CAPSULAS,CAPSULAS,CAPSULAS,limpio
E.F.42.469,ME42469,"ROWELUK PLUS 5 mg - 2,5 mg COMPRIMIDOS MASTICABLES X 10 tabletas","ROWELUK PLUS 5 mg - 2,5 mg X 10 COMPRIMIDOS MASTICABLES",COMPRIMIDOS,COMPRIMIDOS MASTICABLES,limpio
E.F.G.42.819,ME42819,"MELOXICAM 7,5 mg TABLETAS X 10 tabletas","MELOXICAM 7,5 mg X 10 TABLETAS",TABLETAS,TABLETAS,limpio
E.F.G.42.761,ME42761,METFORMINA CLORHIDRATO 500 mg TABLETAS X 30 tabletas,METFORMINA CLORHIDRATO 500 mg X 30 TABLETAS,TABLETAS,TABLETAS,limpio
E.F.G.32.763,ME32763,SECNIDAZOL 500 mg TABLETAS X 10 tabletas,SECNIDAZOL 500 mg X 10 TABLETAS,TABLETAS,TABLETAS,limpio
E.F.44.313,ME44313,MIDOL 500 mg TABLETAS X 10 tabletas,MIDOL 500 mg X 10 TABLETAS,TABLETAS,TABLETAS,limpio
E.F.44.314,ME44314,MIDOL FORTE 650 mg TABLETAS X 10 tabletas,MIDOL FORTE 650 mg X 10 TABLETAS,TABLETAS,TABLETAS,limpio
E.F.G.37.063,ME37063,MONTELUKAST 10 mg TABLETAS RECUBIERTAS X 10 tabletas,MONTELUKAST 10 mg X 10 TABLETAS RECUBIERTAS,TABLETAS,TABLETAS RECUBIERTAS,limpio
E.F.G.42.894,ME42894,MONTELUKAST 5 mg TABLETAS MASTICABLES X 30 tabletas,MONTELUKAST 5 mg X 30 TABLETAS MASTICABLES,TABLETAS,TABLETAS MASTICABLES,limpio
E.F.42.653,ME42653,NEBLUM 50 mg TABLETAS RECUBIERTAS X 30 tabletas,NEBLUM 50 mg X 30 TABLETAS RECUBIERTAS,TABLETAS,TABLETAS RECUBIERTAS,limpio
E.F.44.715,HO44715,NEULEVAL 500 mg/100 mL SOLUCIÓN INYECTABLE X 10 tabletas,NEULEVAL 500 mg/100 mL X 10 AMPOLLAS,INYECTABLE,SOLUCIÓN INYECTABLE,limpio
E.F.42.092,ME42092,NONAFOL 10 mg / mL SOLUCION ORAL X 10 tabletas,NONAFOL 10 mg / mL X 10 SOLUCION ORAL,SOLUCION ORAL,SOLUCION ORAL,limpio
E.F.G.38.415,ME38415,OLMESARTAN MEDOXOMILO 20 mg TABLETAS RECUBIERTAS X 30 tabletas,OLMESARTAN MEDOXOMILO 20 mg X 30 TABLETAS RECUBIERTAS,TABLETAS,TABLETAS RECUBIERTAS,limpio
E.F.G.43.452,ME43452/2,OMEPRAZOL 40 mg CAPSULAS GASTRORRESISTENTES X 7 capsulas,OMEPRAZOL 40 mg X 7 CAPSULAS GASTRORRESISTENTES,CAPSULAS,CAPSULAS GASTRORRESISTENTES,limpio
E.F.G.43.452,ME43452/3,OMEPRAZOL 40 mg CAPSULAS GASTRORRESISTENTES X 30 capsulas,OMEPRAZOL 40 mg X 30 CAPSULAS GASTRORRESISTENTES,CAPSULAS,CAPSULAS GASTRORRESISTENTES,limpio
E.F.G.30.489,ME30489,OMEPRAZOL 20 mg CAPSULAS X 28 capsulas,OMEPRAZOL 20 mg X 28 CAPSULAS,CAPSULAS,CAPSULAS,limpio
E.F.G.35.417,ME35417/3,OMEPRAZOL 20 mg CAPSULAS X 30 capsulas,OMEPRAZOL 20 mg X 30 CAPSULAS,CAPSULAS,CAPSULAS,limpio
E.F.G.35.417,ME35417/2,OMEPRAZOL 20 mg CAPSULAS X 7 capsulas,OMEPRAZOL 20 mg X 7 CAPSULAS,CAPSULAS,CAPSULAS,limpio
E.F.43.569,ME43569,PEGYT 50 mg CAPSULAS X 30 capsulas,PEGYT 50 mg X 30 CAPSULAS,CAPSULAS,CAPSULAS,limpio
E.F.39.374,ME39374,REGULIP 10 mg TABLETAS X 30 tabletas,REGULIP 10 mg X 30 TABLETAS,TABLETAS,TABLETAS,limpio
E.F.35.116,ME35116,RINARIS 5 mg - 60 mg TABLETAS RECUBIERTAS X 10 tabletas,RINARIS 5 mg - 60 mg X 10 TABLETAS RECUBIERTAS,TABLETAS,TABLETAS RECUBIERTAS,limpio
E.F.G.34.458,ME34458,SILDENAFIL 50 mg TABLETAS RECUBIERTAS X 2 tabletas,SILDENAFIL 50 mg X 2 TABLETAS RECUBIERTAS,TABLETAS,TABLETAS RECUBIERTAS,limpio
E.F.G.34.567,ME34567,SILDENAFIL 50 mg TABLETAS RECUBIERTAS X 4 tabletas,SILDENAFIL 50 mg X 4 TABLETAS RECUBIERTAS,TABLETAS,TABLETAS RECUBIERTAS,limpio
E.F.43.701,ME43701,SITALUX 100 mg tabletas recubiertas X 30 tabletas,SITALUX 100 mg X 30 tabletas recubiertas,TABLETAS,tabletas recubiertas,limpio
E.F.40.123,ME40123,STAMYLFORTE 300 mg - 100 mg TABLETAS RECUBIERTAS X 20 tabletas,STAMYLFORTE 300 mg - 100 mg X 20 TABLETAS RECUBIERTAS,TABLETAS,TABLETAS RECUBIERTAS,limpio
E.F.43.593,ME43593,TACHIGRIP FORTE POLVO PARA SOLUCION ORAL  X 6 sobres,TACHIGRIP FORTE X 6 POLVO PARA SOLUCION ORAL,POLVO PARA RECONSTITUCION,POLVO PARA SOLUCION ORAL,limpio
E.F.19.288,ME19288,TACHIPIRIN 500 mg TABLETAS X 20 tabletas,TACHIPIRIN 500 mg X 20 TABLETAS,TABLETAS,TABLETAS,limpio
E.F.44.195,ME44195/2,TARVINA 20 mg TABLETAS RECUBIERTAS    X 10 tabletas,TARVINA 20 mg X 10 TABLETAS RECUBIERTAS,TABLETAS,TABLETAS RECUBIERTAS,limpio
E.F.44.195,ME44195/3,TARVINA 20 mg TABLETAS RECUBIERTAS    X 30 tabletas,TARVINA 20 mg X 30 TABLETAS RECUBIERTAS,TABLETAS,TABLETAS RECUBIERTAS,limpio
E.F.44.196,ME44196,TARVINA 40 mg TABLETAS RECUBIERTAS    X 10 tabletas,TARVINA 40 mg X 10 TABLETAS RECUBIERTAS,TABLETAS,TABLETAS RECUBIERTAS,limpio
E.F.28.562,ME28562,TENSOMAX 60 mg CAPSULAS DE LIBERACION PROLONGADA X 10 capsulas,TENSOMAX 60 mg X 10 CAPSULAS DE LIBERACION PROLONGADA,CAPSULAS,CAPSULAS DE LIBERACION PROLONGADA,limpio
E.F.44.419,ME44419/3,TERAGRIPFORTE NOCHE 650mg-4mg GRANULADO PARA SOLUCION ORAL X 6 sobres,TERAGRIPFORTE NOCHE 650mg-4mg X 6 GRANULADO PARA SOLUCION ORAL,GRANULADOS,GRANULADO PARA SOLUCION ORAL,limpio
E.F.44.419,ME44419/2,TERAGRIPFORTE NOCHE 650mg-4mg GRANULADO PARA SOLUCION ORAL X 4 tabletas,TERAGRIPFORTE NOCHE 650mg-4mg X 4 GRANULADO PARA SOLUCION ORAL,GRANULADOS,GRANULADO PARA SOLUCION ORAL,limpio
E.F.44.419,ME44419/4,TERAGRIPFORTE NOCHE 650mg-4mg GRANULADO PARA SOLUCION ORAL X 10 tabletas,TERAGRIPFORTE NOCHE 650mg-4mg X 10 GRANULADO PARA SOLUCION ORAL,GRANULADOS,GRANULADO PARA SOLUCION ORAL,limpio
E.F.37.166,ME37166,TERAGRIPSUPRA TABLETAS RECUBIERTAS X 10 tabletas,TERAGRIPSUPRA X 10 TABLETAS RECUBIERTAS,TABLETAS,TABLETAS RECUBIERTAS,limpio
E.F.G.43.730,HO43730,TIOCOLCHICOSIDO 4 mg / 2 mL SOLUCION INYECTABLE  X 12 tabletas,TIOCOLCHICOSIDO 4 mg / 2 mL X 12 AMPOLLAS,INYECTABLE,SOLUCION INYECTABLE,limpio
E.F.G.37.915,HO37915,TIOCOLCHICOSIDO 4 mg / 2 mL SOLUCION INYECTABLE X 12 tabletas,TIOCOLCHICOSIDO 4 mg / 2 mL X 12 AMPOLLAS,INYECTABLE,SOLUCION INYECTABLE,limpio
E.F.43.779,ME43779/2,"VALGEM PLUS 160 mg-12,5 mg TABLETAS RECUBIERTAS  X 10 tabletas","VALGEM PLUS 160 mg-12,5 mg X 10 TABLETAS RECUBIERTAS",TABLETAS,TABLETAS RECUBIERTAS,limpio
E.F.43.779,ME43779/3,"VALGEM PLUS 160 mg-12,5 mg TABLETAS RECUBIERTAS  X 30 tabletas","VALGEM PLUS 160 mg-12,5 mg X 30 TABLETAS RECUBIERTAS",TABLETAS,TABLETAS RECUBIERTAS,limpio
E.F.G.42.451,ME42451,VALSARTAN 160 mg CAPSULAS X 20 capsulas,VALSARTAN 160 mg X 20 CAPSULAS,CAPSULAS,CAPSULAS,limpio
E.F.G.36.230,ME36230,"VALSARTAN-HIDROCLOROTIAZIDA 160 mg-12,5 mg COMPRIMIDOS RECUBIERTOS X 30 capsulas","VALSARTAN-HIDROCLOROTIAZIDA 160 mg-12,5 mg X 30 COMPRIMIDOS RECUBIERTOS",COMPRIMIDOS,COMPRIMIDOS RECUBIERTOS,limpio
E.F.43.946,HO43946,VERALEN P 75 mg / 3 mL SOLUCIÓN INYECTABLE X 1 ampollas,VERALEN P 75 mg / 3 mL X 1 AMPOLLAS,INYECTABLE,SOLUCIÓN INYECTABLE,limpio
E.F.31.438,ME31438,VITADYN C 1 g COMPRIMIDOS EFERVESCENTES SABOR A GRAPEFRUIT X 10 tabletas,VITADYN C 1 g COMPRIMIDOS EFERVESCENTES SABOR A GRAPEFRUIT X 10 COMPRIMIDOS,COMPRIMIDOS,,sin_coincidencia
E.F.31.002,ME31002,VITADYN C 500 mg TABLETAS MASTICABLES SABOR A FRESA X 30 tabletas,VITADYN C 500 mg X 30 TABLETAS MASTICABLES SABOR A FRESA,TABLETAS,TABLETAS MASTICABLES SABOR A FRESA,limpio
E.F.6.025,ME6025/2,VITAMINA B12 250 mcg CAPSULAS X 3 ampollas,VITAMINA B12 250 mcg X 3 CAPSULAS,CAPSULAS,CAPSULAS,limpio
E.F.6.025,ME6025/3,VITAMINA B12 250 mcg CAPSULAS X 20 capsulas,VITAMINA B12 250 mcg X 20 CAPSULAS,CAPSULAS,CAPSULAS,limpio
E.F.21.870,ME21870,SAX SOLUCION X 10 capsulas,SAX X 10 SOLUCION,LOCION,SOLUCION,limpio
E.F.34.071,ME34071,ALERVAX 120 mg TABLETAS RECUBIERTAS X 10 recubierta,ALERVAX 120 mg X 10 TABLETAS RECUBIERTAS,TABLETAS,TABLETAS RECUBIERTAS,limpio
E.F.34.809,ME34809,ANALPERNAX 250 mg CAPSULAS X 10 capsulas,ANALPERNAX 250 mg X 10 CAPSULAS,CAPSULAS,CAPSULAS,limpio
E.F.41.681,ME41681,ANAPIR 400 mg CAPSULAS BLANDAS X 10 blanda,ANAPIR 400 mg X 10 CAPSULAS BLANDAS,CAPSULAS,CAPSULAS BLANDAS,limpio
P.B.1.482,ME1482,ANGIOFLUX (SULODEXIDA) 250 LSU CAPSULAS BLANDAS X 25 blanda,ANGIOFLUX (SULODEXIDA) 250 LSU X 25 CAPSULAS BLANDAS,CAPSULAS,CAPSULAS BLANDAS,limpio
E.F.G.43.734,ME43734,ARIPIPRAZOL 15mg TABLETAS X 30 tabletas,ARIPIPRAZOL 15mg X 30 TABLETAS,TABLETAS,TABLETAS,limpio
E.F.43.632,ME43632,APIRETFLU 24 HORAS GRANULADO X 6 sobre,APIRETFLU 24 HORAS X 6 GRANULADO,GRANULADOS,GRANULADO,limpio
E.F.38.633,ME38633,APRIX 125 mg CAPSULAS BLANDAS X 10 blanda,APRIX 125 mg X 10 CAPSULAS BLANDAS,CAPSULAS,CAPSULAS BLANDAS,limpio
E.F.31.240,ME31240,"CO-APROVEL 150 mg - 12,5 mg COMPRIMIDOS RECUBIERTOS X 28 recubierta","CO-APROVEL 150 mg - 12,5 mg X 28 COMPRIMIDOS RECUBIERTOS",COMPRIMIDOS,COMPRIMIDOS RECUBIERTOS,limpio
E.F.34.821,ME34821,ULTRAFEN FORTE 650 mg CAPSULAS BLANDAS X 10 blanda,ULTRAFEN FORTE 650 mg X 10 CAPSULAS BLANDAS,CAPSULAS,CAPSULAS BLANDAS,limpio
E.F.44.038,ME44038,ASPIANDEX 81 mg TABLETAS CON RECUBRIMIENTO ENTERICO X 30 recubierta,ASPIANDEX 81 mg X 30 TABLETAS CON RECUBRIMIENTO ENTERICO,TABLETAS,TABLETAS CON RECUBRIMIENTO ENTERICO,limpio
E.F.44.711,ME44711,ATAPEC 25 mg COMPRIMIDOS RECUBIERTOS X 30 recubierta,ATAPEC 25 mg X 30 COMPRIMIDOS RECUBIERTOS,COMPRIMIDOS,COMPRIMIDOS RECUBIERTOS,limpio
E.F.37.481,ME37481,ATOVAROL 20 mg CAPSULAS BLANDAS X 30 blanda,ATOVAROL 20 mg X 30 CAPSULAS BLANDAS,CAPSULAS,CAPSULAS BLANDAS,limpio
E.F.G.36.689,ME36689,AZITROMICINA 500 mg TABLETA RECUBIERTA X 3 recubierta,AZITROMICINA 500 mg X 3 TABLETA RECUBIERTA,TABLETAS,TABLETA RECUBIERTA,limpio
E.F.37.882,HO37882,PREDNIDET 500 mg POLVO LIOFILIZADO PARA SOLUCION INYECTABLE X 1 polvo,PREDNIDET 500 mg X 1 AMPOLLAS,INYECTABLE,POLVO LIOFILIZADO PARA SOLUCION INYECTABLE,limpio
E.F.43.492,ME43492,BIRGIT PLUS 50 mg - 850 mg COMPRIMIDOS RECUBIERTOS X 30 recubierta,BIRGIT PLUS 50 mg - 850 mg X 30 COMPRIMIDOS RECUBIERTOS,COMPRIMIDOS,COMPRIMIDOS RECUBIERTOS,limpio
E.F.42.416,ME42416,BLOKXA 20 mg TABLETAS RECUBIERTAS X 28 recubierta,BLOKXA 20 mg X 28 TABLETAS RECUBIERTAS,TABLETAS,TABLETAS RECUBIERTAS,limpio
E.F.G.43.037,ME43037,HIOSCINA N-BUTILBROMURO 10 mg TABLETAS RECUBIERTAS X 10 tabletas,HIOSCINA N-BUTILBROMURO 10 mg X 10 TABLETAS RECUBIERTAS,TABLETAS,TABLETAS RECUBIERTAS,limpio
E.F.44.550,ME44550,CIBROLIP 100 mg CAPSULAS X 30 capsulas,CIBROLIP 100 mg X 30 CAPSULAS,CAPSULAS,CAPSULAS,limpio
E.F.38.185,ME38185,CILOSTAL 100 mg TABLETAS X 30 tabletas,CILOSTAL 100 mg X 30 TABLETAS,TABLETAS,TABLETAS,limpio
E.F.G.40.067,ME40067,CITICOLINA 500 mg COMPRIMIDOS RECUBIERTOS X 30 recubierta,CITICOLINA 500 mg X 30 COMPRIMIDOS RECUBIERTOS,COMPRIMIDOS,COMPRIMIDOS RECUBIERTOS,limpio
E.F.43.843,ME43843,"CLORDITAN 12,5 mg Tabletas X 30 tabletas","CLORDITAN 12,5 mg X 30 Tabletas",TABLETAS,Tabletas,limpio
E.F.32.823,ME32823,COMENTER 30 mg COMPRIMIDOS RECUBIERTOS X 30 recubierta,COMENTER 30 mg X 30 COMPRIMIDOS RECUBIERTOS,COMPRIMIDOS,COMPRIMIDOS RECUBIERTOS,limpio
E.F.31.523,ME31523,CORASPIRINA 81 mg TABLETAS CON CUBIERTA ENTERICA X 100 recubierta,CORASPIRINA 81 mg X 100 TABLETAS CON CUBIERTA ENTERICA,TABLETAS,TABLETAS CON CUBIERTA ENTERICA,limpio
E.F.G.37.545,ME37545,ISOTRETINOINA 10 mg CAPSULAS BLANDAS X 30 blanda,ISOTRETINOINA 10 mg X 30 CAPSULAS BLANDAS,CAPSULAS,CAPSULAS BLANDAS,limpio
E.F.33.257,ME33257,CYNT 20 mg COMPRIMIDOS RECUBIERTOS X 20 recubierta,CYNT 20 mg X 20 COMPRIMIDOS RECUBIERTOS,COMPRIMIDOS,COMPRIMIDOS RECUBIERTOS,limpio
E.F.33.255,ME33255,CYNT 40 mg COMPRIMIDOS RECIBIERTOS X 10 recubierta,CYNT 40 mg COMPRIMIDOS RECIBIERTOS X 10 COMPRIMIDOS,COMPRIMIDOS,,sin_coincidencia
E.F.44.385,ME44385,DUNIXI 10 mg COMPRIMIDOS RECUBIERTOS X 30 tabletas,DUNIXI 10 mg X 30 COMPRIMIDOS RECUBIERTOS,COMPRIMIDOS,COMPRIMIDOS RECUBIERTOS,limpio
E.F.43.822,ME43822,DAVINTEX 60 mg COMPRIMIDOS RECUBIERTOS X 10 recubierta,DAVINTEX 60 mg X 10 COMPRIMIDOS RECUBIERTOS,COMPRIMIDOS,COMPRIMIDOS RECUBIERTOS,limpio
E.F.37.218,ME37218,MEDIGRIP DIA 500mg - 2mg - 3mg COMPRIMIDOS X 10 blanda,MEDIGRIP DIA 500mg - 2mg - 3mg X 10 COMPRIMIDOS,COMPRIMIDOS,COMPRIMIDOS,limpio
E.F.G.26.290,HO26290,DEXAMETASONA 21-FOLATO 4 mg/mL SOLUCION INYECTABLE X 10 tabletas,DEXAMETASONA 21-FOLATO 4 mg/mL X 10 AMPOLLAS,INYECTABLE,SOLUCION INYECTABLE,limpio
E.F.39.603,ME39603/3,DESLER M 5 mg - 10 mg TABLETAS RECUBIERTAS X 30 masticable,DESLER M 5 mg - 10 mg X 30 TABLETAS RECUBIERTAS,TABLETAS,TABLETAS RECUBIERTAS,limpio
E.F.39.603,ME39603/2,DESLER M 5 mg - 10 mg TABLETAS RECUBIERTAS X 10 tabletas,DESLER M 5 mg - 10 mg X 10 TABLETAS RECUBIERTAS,TABLETAS,TABLETAS RECUBIERTAS,limpio
E.F.33.867,ME33867,"MARVELON 28 0,15 mg - 0,03 mg COMPRIMIDOS X 21 tabletas","MARVELON 28 0,15 mg - 0,03 mg X 21 COMPRIMIDOS",COMPRIMIDOS,COMPRIMIDOS,limpio
E.F.44.743,HO44743,DEXABIOL 4mg / mL SOLUCIÓN INYECTABLE X 1 inyectable,DEXABIOL 4mg / mL X 1 AMPOLLAS,INYECTABLE,SOLUCIÓN INYECTABLE,limpio
E.F.24.522,ME24522,DIFENAC 100 mg COMPRIMIDOS RECUBIERTOS X 10 recubierta,DIFENAC 100 mg X 10 COMPRIMIDOS RECUBIERTOS,COMPRIMIDOS,COMPRIMIDOS RECUBIERTOS,limpio
E.F.43.166,ME43166,IBUVIN 600 mg CAPSULAS BLANDAS X 20 blanda,IBUVIN 600 mg X 20 CAPSULAS BLANDAS,CAPSULAS,CAPSULAS BLANDAS,limpio
E.F.G.36.125,ME36125,"CLOTRIMAZOL - NEOMICINA - DEXAMETASONA 1% - 0,5% - 0.04% CREMA X 1 crema","CLOTRIMAZOL - NEOMICINA - DEXAMETASONA 1% - 0,5% - 0.04% X 1 CREMA",CREMA,CREMA,limpio
E.F.24.286,ME24286,DEOXICAL 500 mg CAPSULAS X 30 capsulas,DEOXICAL 500 mg X 30 CAPSULAS,CAPSULAS,CAPSULAS,limpio
E.F.38.932,ME38932/4,DOLAK 30 mg COMPRIMIDOS SUBLINGUALES X 4 comprimidos,DOLAK 30 mg X 4 COMPRIMIDOS SUBLINGUALES,COMPRIMIDOS,COMPRIMIDOS SUBLINGUALES,limpio
E.F.38.932,ME38932/2,DOLAK 30 mg COMPRIMIDOS SUBLINGUALES X 1 inyectable,DOLAK 30 mg X 1 COMPRIMIDOS SUBLINGUALES,COMPRIMIDOS,COMPRIMIDOS SUBLINGUALES,limpio
E.F.38.932,ME38932/3,DOLAK 30 mg COMPRIMIDOS SUBLINGUALES X 2 inyectable,DOLAK 30 mg X 2 COMPRIMIDOS SUBLINGUALES,COMPRIMIDOS,COMPRIMIDOS SUBLINGUALES,limpio
E.F.39.862,ME39862,DROPIL 100 mg COMPRIMIDOS RECUBIERTOS X 40 recubierta,DROPIL 100 mg X 40 COMPRIMIDOS RECUBIERTOS,COMPRIMIDOS,COMPRIMIDOS RECUBIERTOS,limpio
E.F.39.861,ME39861,DROPIL 200 mg COMPRIMIDOS RECUBIERTOS X 40 recubierta,DROPIL 200 mg X 40 COMPRIMIDOS RECUBIERTOS,COMPRIMIDOS,COMPRIMIDOS RECUBIERTOS,limpio
E.F.G.42.542,ME42542,CARBONATO DE CALCIO 750 mg TABLETAS MASTICABLES SABOR MENTA X 20 masticable,CARBONATO DE CALCIO 750 mg X 20 TABLETAS MASTICABLES SABOR MENTA,TABLETAS,TABLETAS MASTICABLES SABOR MENTA,limpio
E.F.G.42.647,ME42647,CLOTRIMAZOL 200 mg OVULOS VAGINALES X 3 ovulos,CLOTRIMAZOL 200 mg X 3 OVULOS VAGINALES,OVULOS,OVULOS VAGINALES,limpio
E.F.36.507,ME36507,INSPRA 50 mg TABLETAS RECUBIERTAS X 30 tabletas,INSPRA 50 mg X 30 TABLETAS RECUBIERTAS,TABLETAS,TABLETAS RECUBIERTAS,limpio
E.F.42.489,ME42489,ESOFLUX 20 mg TABLETAS CON RECUBRIMIENTO ENTERICO X 30 capsulas,ESOFLUX 20 mg X 30 TABLETAS CON RECUBRIMIENTO ENTERICO,TABLETAS,TABLETAS CON RECUBRIMIENTO ENTERICO,limpio
E.F.35.246,ME35246/2,EVIGAX 125 mg CAPSULAS BLANDAS X 10 blanda,EVIGAX 125 mg X 10 CAPSULAS BLANDAS,CAPSULAS,CAPSULAS BLANDAS,limpio
E.F.35.246,ME35246/3,EVIGAX 125 mg CAPSULAS BLANDAS X 20 blanda,EVIGAX 125 mg X 20 CAPSULAS BLANDAS,CAPSULAS,CAPSULAS BLANDAS,limpio
E.F.42.994,ME42994,EZENTIUS 20 mg COMPRIMIDOS RECUBIERTOS X 20 recubierta,EZENTIUS 20 mg X 20 COMPRIMIDOS RECUBIERTOS,COMPRIMIDOS,COMPRIMIDOS RECUBIERTOS,limpio
E.F.31.488,ME31488,DOLOGINEX 125 mg - 10 mg COMPRIMIDOS RECUBIERTOS X 10 recubierta,DOLOGINEX 125 mg - 10 mg X 10 COMPRIMIDOS RECUBIERTOS,COMPRIMIDOS,COMPRIMIDOS RECUBIERTOS,limpio
E.F.39.967,ME39967,FLATVIN 125 mg CAPSULAS BLANDAS X 10 blanda,FLATVIN 125 mg X 10 CAPSULAS BLANDAS,CAPSULAS,CAPSULAS BLANDAS,limpio
E.F.44.069,ME44069,FLEVOMAX - D 600 mg COMPRIMIDOS RECUBIERTOS X 15 recubierta,FLEVOMAX - D 600 mg X 15 COMPRIMIDOS RECUBIERTOS,COMPRIMIDOS,COMPRIMIDOS RECUBIERTOS,limpio
E.F.32.076,ME32076,"SYMBICORT TURBUHALER 160 mcg - 4,5 mcg / DOSIS POLVO INHALACION ORAL X 60 capsulas","SYMBICORT TURBUHALER 160 mcg - 4,5 mcg / DOSIS X 60 POLVO INHALACION ORAL",POLVO PARA RECONSTITUCION,POLVO INHALACION ORAL,limpio
E.F.35.724,ME35724,GABICTAL 400 mg COMPRIMIDOS RECUBIERTOS X 15 capsulas,GABICTAL 400 mg X 15 COMPRIMIDOS RECUBIERTOS,COMPRIMIDOS,COMPRIMIDOS RECUBIERTOS,limpio
E.F.35.723,ME35723,GABICTAL 300 mg COMPRIMIDOS RECUBIERTOS X 30 tabletas,GABICTAL 300 mg X 30 COMPRIMIDOS RECUBIERTOS,COMPRIMIDOS,COMPRIMIDOS RECUBIERTOS,limpio
E.F.43.614,ME43614,GESTAGENO 100 mg CAPSULAS DE GELATINA BLANDA X 10 blanda,GESTAGENO 100 mg CAPSULAS DE GELATINA BLANDA X 10 CAPSULAS,CAPSULAS,,sin_coincidencia
E.F.43.613,ME43613,GESTAGENO 200 mg CAPSULAS DE GELATINA BLANDA X 10 blanda,GESTAGENO 200 mg CAPSULAS DE GELATINA BLANDA X 10 CAPSULAS,CAPSULAS,,sin_coincidencia
E.F.G.32.507,ME32507,GLICLAZIDA 80 mg TABLETAS X 20 recubierta,GLICLAZIDA 80 mg X 20 TABLETAS,TABLETAS,TABLETAS,limpio
E.F.43.923,ME43923,Glidex 500 mg Tabletas Recubiertas X 30 recubierta,Glidex 500 mg X 30 Tabletas Recubiertas,TABLETAS,Tabletas Recubiertas,limpio
E.F.43.924,ME43924,Glidex 850 mg Tabletas Recubiertas X 30 recubierta,Glidex 850 mg X 30 Tabletas Recubiertas,TABLETAS,Tabletas Recubiertas,limpio
E.F.42.581,ME42581,PEDIALYTE ZINC 60 mEq SOLUCION ELECTROLITICA DE USO ORAL SABOR A UVA X 60 capsulas,PEDIALYTE ZINC 60 mEq SOLUCION ELECTROLITICA DE USO ORAL SABOR A UVA X 60 SOLUCION ORAL,SOLUCION ORAL,,sin_coincidencia
E.F.41.500,HO41500/2,GLUTANIL AL 20 % SOLUCION PARA INFUSION X 30 blanda,GLUTANIL AL 20 % X 30 AMPOLLAS,INYECTABLE,SOLUCION PARA INFUSION,limpio
E.F.41.500,HO41500/3,GLUTANIL AL 20 % SOLUCION PARA INFUSION X 60 blanda,GLUTANIL AL 20 % X 60 AMPOLLAS,INYECTABLE,SOLUCION PARA INFUSION,limpio
E.F.G.34.920,HO34920,HIDROCORTISONA 100 mg POLVO LIOFILIZADO PARA SOLUCION INYECTABLE X 10 solucion,HIDROCORTISONA 100 mg X 10 AMPOLLAS,INYECTABLE,POLVO LIOFILIZADO PARA SOLUCION INYECTABLE,limpio
E.F.44.584,HO44584,Biocortin 500mg Polvo Liofilizado para Solución Inyectable X 1 solucion,Biocortin 500mg X 1 AMPOLLAS,INYECTABLE,Polvo Liofilizado para Solución Inyectable,limpio
E.F.44.135,ME44135,IBUFEN 800 mg COMPRIMIDOS RECUBIERTOS X 6 recubierta,IBUFEN 800 mg X 6 COMPRIMIDOS RECUBIERTOS,COMPRIMIDOS,COMPRIMIDOS RECUBIERTOS,limpio
E.F.43.580,ME43580,IMOL 20 mg COMPRIMIDOS RECUBIERTOS X 30 recubierta,IMOL 20 mg X 30 COMPRIMIDOS RECUBIERTOS,COMPRIMIDOS,COMPRIMIDOS RECUBIERTOS,limpio
E.F.G.44.524,ME44524,IVABRADINA 5 mg TABLETAS RECUBIERTAS X 30 tabletas,IVABRADINA 5 mg X 30 TABLETAS RECUBIERTAS,TABLETAS,TABLETAS RECUBIERTAS,limpio
E.F.41.832,ME41832,JARIT 100 mg CAPSULAS BLANDAS X 30 blanda,JARIT 100 mg X 30 CAPSULAS BLANDAS,CAPSULAS,CAPSULAS BLANDAS,limpio
E.F.33.435,ME33435,KATIVIL 1 g / 10 mL SOLUCION ORAL X 60 tabletas,KATIVIL 1 g / 10 mL X 60 SOLUCION ORAL,SOLUCION ORAL,SOLUCION ORAL,limpio
E.F.44.412,ME44412,LAMICTAL 100 mg TABLETAS DISPERSABLES-MASTICABLES X 30 masticable,LAMICTAL 100 mg X 30 TABLETAS DISPERSABLES-MASTICABLES,TABLETAS,TABLETAS DISPERSABLES-MASTICABLES,limpio
E.F.44.411,ME44411,LAMICTAL 50 mg TABLETAS DISPERSABLES - MASTICABLES	 X 30 masticable,LAMICTAL 50 mg X 30 TABLETAS DISPERSABLES - MASTICABLES,TABLETAS,TABLETAS DISPERSABLES - MASTICABLES,limpio
E.F.36.952,ME36952,LESTECOL 40 mg TABLETAS RECUBIERTAS X 30 recubierta,LESTECOL 40 mg X 30 TABLETAS RECUBIERTAS,TABLETAS,TABLETAS RECUBIERTAS,limpio
E.F.42.025,ME42025,"MANTIXA 2,5 mg COMPRIMIDOS RECUBIERTOS X 30 recubierta","MANTIXA 2,5 mg X 30 COMPRIMIDOS RECUBIERTOS",COMPRIMIDOS,COMPRIMIDOS RECUBIERTOS,limpio
E.F.44.316,ME44316,MAXIFURFORTE 100 mg CAPSULAS X 30 capsulas,MAXIFURFORTE 100 mg X 30 CAPSULAS,CAPSULAS,CAPSULAS,limpio
E.F.16.930,ME16930,DEPO - PROVERA 150 mg / mL SUSPENSION INYECTABLE X 1 inyectable,DEPO - PROVERA 150 mg / mL X 1 AMPOLLAS,INYECTABLE,SUSPENSION INYECTABLE,limpio
E.F.G.43.010,ME43010,DESLORATADINA - MONTELUKAST 5 mg - 10 mg TABLETAS RECUBIERTAS X 30 pediatrica,DESLORATADINA - MONTELUKAST 5 mg - 10 mg X 30 TABLETAS RECUBIERTAS,TABLETAS,TABLETAS RECUBIERTAS,limpio
E.F.44.057,ME44057/3,ACECOL 600 mg POLVO PARA SOLUCIÓN ORAL X 100 capsulas,ACECOL 600 mg X 100 POLVO PARA SOLUCIÓN ORAL,POLVO PARA RECONSTITUCION,POLVO PARA SOLUCIÓN ORAL,limpio
E.F.44.057,ME44057/2,ACECOL 600 mg POLVO PARA SOLUCIÓN ORAL X 10 sobre,ACECOL 600 mg X 10 POLVO PARA SOLUCIÓN ORAL,POLVO PARA RECONSTITUCION,POLVO PARA SOLUCIÓN ORAL,limpio
E.F.39.021,HO39021/2,NEUROALFA SOLUCION INYECTABLE X 1 inyectable,NEUROALFA X 1 AMPOLLAS,INYECTABLE,SOLUCION INYECTABLE,limpio
E.F.39.021,HO39021/3,NEUROALFA SOLUCION INYECTABLE X 3 inyectable,NEUROALFA X 3 AMPOLLAS,INYECTABLE,SOLUCION INYECTABLE,limpio
E.F.G.34.528,ME34528,NIFEDIPINA 30 mg CAPSULAS DE LIBERACION PROLONGADA X 30 tabletas,NIFEDIPINA 30 mg X 30 CAPSULAS DE LIBERACION PROLONGADA,CAPSULAS,CAPSULAS DE LIBERACION PROLONGADA,limpio
E.F.G.44.444,HO44444,OMEPRAZOL 40 mg POLVO LIOFILIZADO PARA SOLUCION INYECTABLE X 10 liofilizado,OMEPRAZOL 40 mg X 10 AMPOLLAS,INYECTABLE,POLVO LIOFILIZADO PARA SOLUCION INYECTABLE,limpio
E.F.44.095,ME44095,OPRABLU 20 mg CAPSULAS X 30 capsulas,OPRABLU 20 mg X 30 CAPSULAS,CAPSULAS,CAPSULAS,limpio
E.F.44.280,HO44280,OLXAC 40 mg POLVO LIOFILIZADO PARA SOLUCIÓN INYECTABLE X 1 inyectable,OLXAC 40 mg X 1 AMPOLLAS,INYECTABLE,POLVO LIOFILIZADO PARA SOLUCIÓN INYECTABLE,limpio
E.F.42.565,ME42565,PATFLUX 40 mg TABLETAS CON RECUBRIMIENTO ENTERICO X 1 inyectable,PATFLUX 40 mg X 1 TABLETAS CON RECUBRIMIENTO ENTERICO,TABLETAS,TABLETAS CON RECUBRIMIENTO ENTERICO,limpio
E.F.G.34.155,ME34155,PENTOXIFILINA 400 mg TABLETAS RECUBIERTAS DE LIBERACION PROLONGADA X 30 recubierta,PENTOXIFILINA 400 mg X 30 TABLETAS RECUBIERTAS DE LIBERACION PROLONGADA,TABLETAS,TABLETAS RECUBIERTAS DE LIBERACION PROLONGADA,limpio
E.F.44.522,ME44522,PEPSADEL 262 mg TABLETAS MASTICABLES X 12 masticable,PEPSADEL 262 mg X 12 TABLETAS MASTICABLES,TABLETAS,TABLETAS MASTICABLES,limpio
E.F.44.199,ME44199,PREGATAN 75 mg CAPSULAS X 30 tabletas,PREGATAN 75 mg X 30 CAPSULAS,CAPSULAS,CAPSULAS,limpio
E.F.G.40.781,ME40781,RANITIDINA 150 mg / 10 mL SOLUCION ORAL X 10 recubierta,RANITIDINA 150 mg / 10 mL X 10 SOLUCION ORAL,SOLUCION ORAL,SOLUCION ORAL,limpio
E.F.44.237,ME44237,RESECAL 10 mg POLVO PARA SUSPENSIÓN ORAL X 10 sobre,RESECAL 10 mg X 10 POLVO PARA SUSPENSIÓN ORAL,POLVO PARA RECONSTITUCION,POLVO PARA SUSPENSIÓN ORAL,limpio
E.F.42.149,ME42149,RIFAMIX 550 mg COMPRIMIDOS RECUBIERTOS X 10 recubierta,RIFAMIX 550 mg X 10 COMPRIMIDOS RECUBIERTOS,COMPRIMIDOS,COMPRIMIDOS RECUBIERTOS,limpio
E.F.43.643,ME43643,RIVAREX 10 mg COMPRIMIDOS RECUBIERTOS X 30 recubierta,RIVAREX 10 mg X 30 COMPRIMIDOS RECUBIERTOS,COMPRIMIDOS,COMPRIMIDOS RECUBIERTOS,limpio
E.F.38.530,ME38530,ESOZ 10 mg MICROGRANULOS ENTERICOS PARA SUSPENSION ORAL X 10 sobre,ESOZ 10 mg X 10 MICROGRANULOS ENTERICOS PARA SUSPENSION ORAL,SOLUCION ORAL,MICROGRANULOS ENTERICOS PARA SUSPENSION ORAL,limpio
E.F.44.529,ME44529,SACUMIC 50 mg COMPRIMIDOS RECUBIERTOS X 30 recubierta,SACUMIC 50 mg X 30 COMPRIMIDOS RECUBIERTOS,COMPRIMIDOS,COMPRIMIDOS RECUBIERTOS,limpio
E.F.G.42.230,HO42230,"CLORURO DE SODIO 0,9% - GLUCOSA 5% SOLUCION PARA INFUSION X 10 sobre","CLORURO DE SODIO 0,9% - GLUCOSA 5% X 10 AMPOLLAS",INYECTABLE,SOLUCION PARA INFUSION,limpio
E.F.43.590,ME43590,SIMULTAN DUO 50 mg - 850 mg COMPRIMIDOS RECUBIERTOS X 30 recubierta,SIMULTAN DUO 50 mg - 850 mg X 30 COMPRIMIDOS RECUBIERTOS,COMPRIMIDOS,COMPRIMIDOS RECUBIERTOS,limpio
E.F.43.556,ME43556/2,SINMEGAS 125 mg CÁPSULAS BLANDAS X 20 blanda,SINMEGAS 125 mg X 20 CÁPSULAS BLANDAS,CAPSULAS,CÁPSULAS BLANDAS,limpio
E.F.43.556,ME43556/3,SINMEGAS 125 mg CÁPSULAS BLANDAS X 30 blanda,SINMEGAS 125 mg X 30 CÁPSULAS BLANDAS,CAPSULAS,CÁPSULAS BLANDAS,limpio
E.F.44.749,ME44749,ESLIPEL MET 50mg - 1000 mg COMPRIMIDOS RECUBIERTOS X 10 tabletas,ESLIPEL MET 50mg - 1000 mg X 10 COMPRIMIDOS RECUBIERTOS,COMPRIMIDOS,COMPRIMIDOS RECUBIERTOS,limpio
E.F.26.303,ME26303,ULCIRAM 1g/5 mL SUSPENSION ORAL X 20 tabletas,ULCIRAM 1g/5 mL X 20 SUSPENSION ORAL,SUSPENSION ORAL,SUSPENSION ORAL,limpio
E.F.43.518,ME43518,SYNARTROS 60 mg TABLETAS RECUBIERTAS X 10 recubierta,SYNARTROS 60 mg X 10 TABLETAS RECUBIERTAS,TABLETAS,TABLETAS RECUBIERTAS,limpio
E.F.44.180,ME44180,TADAFER 5 mg TABLETAS RECUBIERTAS X 15 recubierta,TADAFER 5 mg X 15 TABLETAS RECUBIERTAS,TABLETAS,TABLETAS RECUBIERTAS,limpio
E.F.43.947,ME43947,TALFIDEX 20 mg Tabletas Recubiertas X 2 recubierta,TALFIDEX 20 mg X 2 Tabletas Recubiertas,TABLETAS,Tabletas Recubiertas,limpio
E.F.43.499,ME43499,TALYSTOR 20 mg TABLETAS MASTICABLES X 1 masticable,TALYSTOR 20 mg X 1 TABLETAS MASTICABLES,TABLETAS,TABLETAS MASTICABLES,limpio
E.F.26.140,ME26140,TAXUS 20 mg COMPRIMIDOS X 30 comprimidos,TAXUS 20 mg X 30 COMPRIMIDOS,COMPRIMIDOS,COMPRIMIDOS,limpio
E.F.39.978,ME39978,UDOX 75 mg CAPSULAS X 10 capsulas,UDOX 75 mg X 10 CAPSULAS,CAPSULAS,CAPSULAS,limpio
E.F.44.209,ME44209,VERICOLAN 450 mg - 50 mg TABLETAS RECUBIERTAS X 30 tabletas,VERICOLAN 450 mg - 50 mg X 30 TABLETAS RECUBIERTAS,TABLETAS,TABLETAS RECUBIERTAS,limpio
E.F.42.255,ME42255,VAXIDUO 100 mg - 400 mg OVULOS VAGINALES X 7 ovulos,VAXIDUO 100 mg - 400 mg X 7 OVULOS VAGINALES,OVULOS,OVULOS VAGINALES,limpio
E.F.24.761,ME24761,VIZERUL 300 mg COMPRIMIDOS X 10 recubierta,VIZERUL 300 mg X 10 COMPRIMIDOS,COMPRIMIDOS,COMPRIMIDOS,limpio
E.F.42.702,ME42702,REHIDROSOL ZINC 60 mEq / L SOLUCION ELECTROLITICA USO ORAL SABOR A MANZANA X 30 blanda,REHIDROSOL ZINC 60 mEq / L SOLUCION ELECTROLITICA USO ORAL SABOR A MANZANA X 30 SOLUCION ORAL,SOLUCION ORAL,,sin_coincidencia
E.F.43.206,ME43206,"ZOCLONAX 7,5 mg TABLETAS RECUBIERTAS X 10 recubierta","ZOCLONAX 7,5 mg X 10 TABLETAS RECUBIERTAS",TABLETAS,TABLETAS RECUBIERTAS,limpio