proveedor,descripcion,costo,ef,estado,motivo
cobeca,ABECAB TAB 5/20MG X30 CAPSUV,10.11,,sin_match,sin_candidato
cobeca,ABINTRA PVO ALIM/GLUTAMINA NJA 27G MEG,8.57,,sin_match,score_bajo
cobeca,ABRETIA CAP 10MG X10 MEG,20,E.F.36.296,matched,score=0.736
cobeca,ABRETIA CAP 18MG X10 MEG,27.01,E.F.36.437,matched,score=0.693
cobeca,ABRETIA CAP 25MG X20 MEG,45.71,E.F.36.438,matched,score=0.736
cobeca,AC FOLICO COMP 5MG X20 MEG,1.43,E.F.G.4.629,matched,score=0.878
cobeca,AC FOLICO TAB 10MG X10 BIOQ,2.65,E.F.G.43.837,matched,score=0.857
cobeca,AC FOLICO TAB 10MG X10 PLX,1.06,E.F.G.36.224,matched,score=0.857
cobeca,AC FOLICO TAB 5MG X10 BIOQ,1.66,E.F.G.43.836,matched,score=0.878
cobeca,AC IBANDRONICO TAB 150MG X1 ZUZU,3.64,E.F.G.43.094,matched,score=0.826
cobeca,AC TRANEXAMICO TAB 500MG X10 KMP,5.17,E.F.G.43.992,matched,score=0.826
cobeca,AC VALPROICO JBE 250MG/5ML 180ML MED/SUP,12.86,E.F.G.44.030,matched,score=0.683
cobeca,AC VALPROICO TAB REC 500MG X30 GEAG,17.94,E.F.23.174,matched,score=0.627
cobeca,ACALIX TAB 60MG X30 VARG,10.26,E.F.23.534,matched,score=0.859
cobeca,ACECLOFENACO TAB DISP 100MG X10 CR MT,2.87,E.F.G.42.665,matched,score=0.769
cobeca,ACEITA MINERAL 30ML RECETT,1.75,,no_farmaco,
cobeca,ACEITE BRONCEADOR HAWAIIAN TROPIC 240ML,12,,no_farmaco,
cobeca,ACEITE CARBONELL EXTRA VIRGEN 750ML,22.04,,no_farmaco,
cobeca,ACEITE CARBONELL PURO SPRAY X 200ML,7.19,,no_farmaco,
cobeca,ACEITE CARBONELL SPR EXT/VIRGEN X 200ML,7.65,,sin_match,score_bajo
cobeca,ACEITE CORP IE ARNICA 250ML,9.52,,no_farmaco,
cobeca,ACEITE CORP IE HIDRAT COCO 400ML,13.01,,no_farmaco,
cobeca,ACEITE COTTAGE DUCHA COCO X 560ML,7.79,,no_farmaco,
cobeca,ACEITE CREMOSO FC ARNICA 250ML,10.39,,no_farmaco,
cobeca,ACEITE D/AGUACATE KALDINI EXT VIRG 250ML,12.24,,no_farmaco,
cobeca,ACEITE D/ALMEN BIOF DULCE 30ML,2.23,,no_farmaco,
cobeca,ACEITE D/ALMEN RECETT AER 70ML,8.96,,sin_match,score_bajo
cobeca,ACEITE D/ALMENDRA ARTEZA 200ML,8.39,,no_farmaco,
cobeca,ACEITE D/ALMENDRA ARTEZA X 100ML,5.06,,no_farmaco,
cobeca,ACEITE D/CASTOR 30ML BIOF,5.34,,no_farmaco,
cobeca,ACEITE D/COCO ARTEZA 200ML,8.39,,no_farmaco,
cobeca,ACEITE D/COCO ARTEZA X 100ML,5.06,,no_farmaco,
cobeca,ACEITE D/COCO BIOF 30ML,3.19,,no_farmaco,
cobeca,ACEITE D/COCO RECETT 30ML,2.06,,no_farmaco,
cobeca,ACEITE D/COCO RECETT 60ML,3.79,,no_farmaco,
cobeca,ACEITE D/COCO RECETT AER 70ML,7.31,,sin_match,score_bajo
cobeca,ACEITE D/DUCHA BIODERMA ATODERM 200ML,36.79,,no_farmaco,
cobeca,ACEITE D/DUCHA COTTAGE ARGAN 560ML,10.1,,no_farmaco,
cobeca,ACEITE D/DUCHA COTTAGE MONOI 560ML,10.07,,no_farmaco,
cobeca,ACEITE D/OLIVA PURO 500ML,14.66,,no_farmaco,
cobeca,ACEITE D/OREGANO GTS 30ML NAT PREM,9.09,,sin_match,score_bajo
cobeca,ACEITE D/PALO 30ML RECETT,4.06,,no_farmaco,
cobeca,ACEITE D/PESCADO CAP BLD 1000MGX30 LINOF,9.96,,sin_match,score_bajo
cobeca,ACEITE D/PESCADO CAP BLD 1000MGX60 LINOF,14.04,,sin_match,score_bajo
cobeca,ACEITE D/RICINO 30ML BIOF,3.99,,no_farmaco,
cobeca,ACEITE D/RICINO 30ML LYA,4.22,,no_farmaco,
cobeca,ACEITE D/RICINO ALPHA BMT GTA 30ML,5.7,,no_farmaco,
cobeca,ACEITE D/RICINO PLUS 30ML CHEM/S,5.52,,no_farmaco,
cobeca,ACEITE D/RICINO RECETT 30ML,4.08,,no_farmaco,
cobeca,ACEITE D/RICINO RECETT AER 70ML,6.57,,sin_match,score_bajo
cobeca,ACEITE D/RICINO REVLON ORGANICO 50ML,16.69,,no_farmaco,
cobeca,ACEITE DE ALMENDRAS RECETTEMARK X30ML,3.77,,no_farmaco,
cobeca,ACEITE DERMISA HIDRAT/CORP 125ML,22.5,,no_farmaco,
cobeca,ACEITE DERNIER CREMOSO BABY 200 G,1.94,,no_farmaco,
cobeca,ACEITE EXTRA VIRGEN 500ML,15.66,,no_farmaco,
cobeca,ACEITE LIMP SUPERF PLEDGE CER 500ML,8.4,,no_farmaco,
cobeca,ACEITE MINERAL 30ML BIOF,2.16,,no_farmaco,
cobeca,ACEITE MINERAL X 100ML,4.13,,no_farmaco,
cobeca,ACEITE MOSQUETA ROSA DEL SUR X 15ML,16.54,,no_farmaco,
cobeca,ACEITE OGX ARGAN OIL MOROCCO 100ML,17.85,,no_farmaco,
cobeca,ACEITE OGX MIST COCONUT OIL 118ML,17.85,,no_farmaco,
cobeca,ACEITE OZONIZ OZONEPIU GIRASOL COCO 30ML,6.79,,no_farmaco,
cobeca,ACEITE OZONIZ OZONEPIU GIRASOL COCO 60ML,13.1,,no_farmaco,
cobeca,ACEMUK COM/EFERV 200MG X 10 MEYER,26.21,,sin_match,sin_candidato
cobeca,ACEMUK JBE 2G/100ML X 100ML,32,,sin_match,sin_candidato
cobeca,ACETAB TAB 250MG X20 L.O,14.37,,sin_match,score_bajo
cobeca,"ACETACLOR JBE 125MG/0,5MG/5ML 120ML BIOF",3.25,,sin_match,score_bajo
cobeca,ACETAFEN FORTE JBE 180MG/5ML 120ML BIOF,3.19,,sin_match,score_bajo
cobeca,ACETAMINOFEN COMP 500MG X10 LETI,2.12,E.F.G.33.539,matched,score=0.922
cobeca,ACETAMINOFEN COMP 650MG X10 BIOQ,2.19,E.F.G.43.639,matched,score=0.957
cobeca,ACETAMINOFEN COMP 650MG X10 LETI,1.63,E.F.G.43.639,matched,score=0.957
cobeca,ACETAMINOFEN COMP 650MG X20 BIOQ,3.14,E.F.G.43.639,matched,score=0.957
cobeca,ACETAMINOFEN COMP 650MG X30 LETI,4.86,E.F.G.43.639,matched,score=0.957
cobeca,ACETAMINOFEN COMP 750MG X10 BIOQ,3.88,E.F.G.43.639,matched,score=0.830
cobeca,ACETAMINOFEN JBE PED 150MG/120ML PHARME,4.66,E.F.G.43.707,matched,score=0.687
cobeca,ACETAMINOFEN SOL 120MG/5ML 100ML BIOQ,4.44,E.F.G.40.083,matched,score=0.859
cobeca,ACETAMINOFEN SOL 120MG/5ML 120ML BIOQ,4.86,E.F.G.40.083,matched,score=0.878
cobeca,ACETAMINOFEN SOL 180MG/5ML 120ML BIOQ,4.7,E.F.G.40.084,matched,score=0.826
cobeca,ACETAMINOFEN SOL 180MG/5ML 120ML LETI,4.53,E.F.G.42.488,matched,score=0.870
cobeca,ACETAMINOFEN SOL ORAL 120MG/5ML X60ML OF,2.18,E.F.G.40.083,matched,score=0.792
cobeca,ACETAMINOFEN SUP 125MG X 6 ALESS,2.51,,no_farmaco,
cobeca,ACETAMINOFEN SUP 125MG X8 VARG,3.38,,no_farmaco,
cobeca,ACETAMINOFEN SUP 250MG X 6 ALESS,2.92,,no_farmaco,
cobeca,ACETAMINOFEN TAB 500MG X 10 OFT,0.83,E.F.G.25.466,matched,score=0.786
cobeca,ACETAMINOFEN TAB 500MG X 30 OFT,2.81,E.F.G.25.466,matched,score=0.786
cobeca,ACETAMINOFEN TAB 500MG X10 CLX,0.43,E.F.G.31.234,matched,score=0.922
cobeca,ACETAMINOFEN TAB 500MG X10 KMP,0.82,E.F.G.23.275,matched,score=0.878
cobeca,ACETAMINOFEN TAB 500MG X12 BIOQ,1.55,E.F.G.23.275,matched,score=0.878
cobeca,ACETAMINOFEN TAB 500MG X20 ALESS,1.06,E.F.G.37.101,matched,score=0.820
cobeca,ACETAMINOFEN TAB 500MG X20 PHARME,1.23,E.F.G.37.095,matched,score=0.906
cobeca,ACETAMINOFEN TAB 500MG X24 BIOQ,3.16,E.F.G.23.275,matched,score=0.878
cobeca,ACETAMINOFEN TAB 650 MG X10 ZUZU,0.49,E.F.G.37.101,matched,score=0.929
cobeca,ACETAMINOFEN TAB 650MG X10 CLX,0.56,E.F.G.43.639,matched,score=0.957
cobeca,ACETAMINOFEN TAB 650MG X10 L.O,0.75,E.F.G.43.639,matched,score=0.734
cobeca,ACETAMINOFEN TAB 650MG X10 PHARME,0.7,E.F.G.43.639,matched,score=0.957
cobeca,ACETAMINOFEN TAB 650MG X10 PLX,0.92,E.F.G.43.639,matched,score=0.957
cobeca,ACETAMINOFEN/CLORF JBE 125/1MG/5ML BIOQ,6.19,E.F.G.40.713,matched,score=0.847
cobeca,"ACETAMINOFEN/TRAM TAB 325/37,5 X10 CLX",4.88,E.F.G.39.115,matched,score=0.768
cobeca,ACETAZOLAMIDA TAB 250MG X 20 ZUZU,5.86,E.F.G.34.148,matched,score=0.878
cobeca,ACETAZOLAMIDA TAB 250MG X10 CR MT,5.59,E.F.G.34.148,matched,score=0.918
cobeca,ACETAZOLAMIDA TAB 250MG X20 KMP,14.74,E.F.G.34.148,matched,score=0.878
cobeca,ACETOBEN JBE 120ML RNV,5.6,,sin_match,score_bajo
cobeca,ACEVAL GTS SOL 100MG/ML 30ML VLM,4.19,E.F.24.875,matched,score=0.671
cobeca,ACEVAL SOL PED 180MG/5ML 120ML VLM,4.36,,sin_match,score_bajo
cobeca,ACEVAL TAB 650MG X10 VLM,1.97,E.F.30.496,matched,score=0.719
cobeca,ACEVAL TAB 650MG X50 VLM,7.86,E.F.30.496,matched,score=0.719
cobeca,ACIBATH-S DERMOLIMP 120G MEY,15.56,,no_farmaco,
cobeca,ACICLOR AP COMP 1G X10 LETI,58.61,E.F.31.082,matched,score=0.700
cobeca,ACICLOR CREM 5% 10G LETI,16.32,E.F.24.209,matched,score=0.650
cobeca,ACICLOVIR CREM 5% 20G CR DAC,4.46,E.F.G.26.178,matched,score=0.761
cobeca,ACICLOVIR CREM 5% 20G SGG,10.35,E.F.G.26.178,matched,score=0.761
cobeca,ACICLOVIR CREM 5% 5G KMPLUS,2.96,E.F.G.43.512,matched,score=0.678
cobeca,ACICLOVIR CREM 5% 5G PORTU,2.73,E.F.G.43.512,matched,score=0.697
cobeca,ACICLOVIR CREM 5% X 10G DISTRI,8.78,E.F.G.43.512,matched,score=0.678
cobeca,ACICLOVIR CREM 50MG/20G PLN,9.81,E.F.G.40.581,matched,score=0.665
cobeca,ACICLOVIR PVO SOL INY 250MG VIAL X1 DIST,9.12,P.B.1.046,matched,score=0.717
cobeca,ACICLOVIR PVO SUSP 200MG/5ML 100ML DIST,15.52,E.F.28.634,matched,score=0.679
cobeca,ACICLOVIR TAB 200MG X 20 POLINAC,6.01,E.F.G.26.178,matched,score=0.702
cobeca,ACICLOVIR TAB 200MG X10 CR LATT,1.95,E.F.G.26.178,matched,score=0.878
cobeca,ACICLOVIR TAB 200MG X24 PHARME,6.61,E.F.G.26.178,matched,score=0.878
cobeca,ACICLOVIR TAB 200MG X25 CLX,6.65,E.F.G.31.108,matched,score=0.922
cobeca,ACICLOVIR TAB 400G X100 CR FAHD,18.24,E.F.G.42.505,matched,score=0.908
cobeca,ACICLOVIR TAB AP 1000MG X10 CR LATT,11.69,,sin_match,score_bajo
cobeca,"ACICLOVIR UNG OFT 3% 4,5G DIST",11.81,E.F.G.44.064,matched,score=0.731
cobeca,ACIDO ACETILSALIC TAB 81MG X24 L.O,4.02,E.F.G.34.553,matched,score=0.763
cobeca,ACIDO ASCORBICO AMP 500MG/5MLX10 CR DIST,20.32,E.F.G.44.464,matched,score=0.852
cobeca,ACIDO ASCORBICO SOL GTS 100MG 30ML BIOQ,6,E.F.G.42.963,matched,score=0.912
cobeca,ACIDO BORICO 20G LYA,1.74,,no_farmaco,
cobeca,ACIDO BORICO 20G X20 FCH,26.23,,no_farmaco,
cobeca,ACIDO BORICO 25G X12 RECETT,26.49,,no_farmaco,
cobeca,ACIDO BORICO CAP VAG 400MG X10 LYA,5.35,,sin_match,score_bajo
cobeca,ACIDO BORICO SOB 20G BIOF,1.47,P.B.1.457,matched,score=0.605
cobeca,ACIDO FOLICO AMP 10MG/2ML X10 CR DIST,34.74,E.F.G.3.187,matched,score=0.875
cobeca,ACIDO FOLICO AMP 10MG/ML X3 MEG,10.78,E.F.G.3.187,matched,score=0.867
cobeca,ACIDO FOLICO COMP 10MG 20G VARG,1.61,E.F.G.33.347,matched,score=0.886
cobeca,ACIDO FOLICO COMP 10MG X20 MEG,2.21,E.F.G.4.630,matched,score=0.935
cobeca,ACIDO FOLICO COMP 10MG X30 LETI,3.68,E.F.G.38.298,matched,score=0.935
cobeca,ACIDO FOLICO COMP 10MG X30 MEG,3.12,E.F.G.4.630,matched,score=0.935
cobeca,ACIDO FOLICO COMP 5MG X30 MEG,2.21,E.F.G.4.629,matched,score=0.957
cobeca,ACIDO FOLICO GTS 10MG 15ML MEY,8.75,E.F.G.4.631,matched,score=0.859
cobeca,ACIDO FOLICO GTS 10MG/ML 30ML BIOQ,6.7,E.F.G.4.631,matched,score=0.794
cobeca,ACIDO FOLICO GTS 15ML MEG,8.57,E.F.G.4.631,matched,score=0.848
cobeca,ACIDO FOLICO TAB 10MG X 30 CLX,1.69,E.F.G.33.559,matched,score=0.935
cobeca,ACIDO FOLICO TAB 10MG X10 MEY,1.29,E.F.G.4.630,matched,score=0.891
cobeca,ACIDO FOLICO TAB 10MG X20 MEY,2.45,E.F.G.4.630,matched,score=0.891
cobeca,ACIDO FOLICO TAB 10MG X20 PLX,1.89,E.F.G.36.224,matched,score=0.935
cobeca,ACIDO FOLICO TAB 10MG X30 MEY,3.32,E.F.G.4.630,matched,score=0.891
cobeca,ACIDO FOLICO TAB 10MG X30 PLX,2.5,E.F.G.36.224,matched,score=0.935
cobeca,ACIDO FOLICO TAB 5MG X10 MEY,1.17,E.F.G.4.629,matched,score=0.913
cobeca,ACIDO FOLICO TAB 5MG X20 MEY,2.09,E.F.G.4.629,matched,score=0.913
cobeca,ACIDO FOLICO TAB 5MG X30 MEY,3.32,E.F.G.4.629,matched,score=0.913
cobeca,ACIDO FOLICO TAB 5MG X30 PLX,2.44,E.F.G.36.039,matched,score=0.957
cobeca,ACIDO FUSIDICO CREM 2% 15G CR MT,11.32,E.F.37.466,matched,score=0.689
cobeca,ACIDO FUSIDICO CREM 2% X 15G VINC,17.75,E.F.37.466,matched,score=0.659
cobeca,ACIDO MEFENAMICO TAB 500MG X 10 FM,1.83,E.F.G.43.542,matched,score=0.904
cobeca,ACIDO VALPROICO TAB 500MG X10 MED/SUP,8.04,E.F.23.174,matched,score=0.803
cobeca,ACLER TAB REC 150MG X1 CLX,3.97,,sin_match,score_bajo
cobeca,ACLOVIRAX CREM 5% 20G PHARME,10.45,,sin_match,score_bajo
cobeca,ACON DRENE COMPLEX 3 MINUTOS 200ML,3.24,,no_farmaco,
cobeca,ACON DRENE COMPLEX CAB/LISO 200ML,3.09,,no_farmaco,
cobeca,ACON DRENE COMPLEX CAB/QUEBRAD 370ML,5.01,,no_farmaco,
cobeca,ACON DRENE PROH QUEBRADIZO 200ML,3.06,,no_farmaco,
cobeca,ACON ELVIVE CAIDA/RESIST X 370ML,8.58,,no_farmaco,
cobeca,ACON EVERY NIGHT BIO CER M/ACT 365ML,4.93,,no_farmaco,
cobeca,ACON EVERY NIGHT BIO COCO 365ML,4.97,,no_farmaco,
cobeca,ACON EVERY NIGHT BIO T/VERD/ALOE 365ML,4.97,,no_farmaco,
cobeca,ACOND DOVE RECONST COMPLETA 370ML,8.73,,no_farmaco,
cobeca,ACOND DOVE REGEN EXTREMA 370ML,9.41,,no_farmaco,
cobeca,ACOND ELVIVE DREAM LISO 370ML,8.58,,no_farmaco,
cobeca,ACOND EVERY NIGHT BIO COCO 210 ML,3.03,,no_farmaco,
cobeca,ACOND NUTRIBELA BIOKERATINA 370ML,6.06,,no_farmaco,
cobeca,ACOND NUTRIBELA CELULAS MADRES 370ML,6.37,,no_farmaco,
cobeca,ACOND NUTRIBELA ENZIMOTERAPIA 370ML,6.43,,no_farmaco,
cobeca,ACOND NUTRIBELA PROHIALUR 370ML,6.12,,no_farmaco,
cobeca,ACOND NUTRIBELA REPARA INTEN 370ML,6.12,,no_farmaco,
cobeca,ACOND NUTRIBELA REPARACION INT 200ML,3.95,,no_farmaco,
cobeca,ACOND OGX ARGAN OIL MOROCCO 385ML,16.55,,no_farmaco,
cobeca,ACOND OGX BIOTIN COLLAGEN 385ML,16.55,,no_farmaco,
cobeca,ACOND OGX COCONUT CURLS 385ML,16.55,,no_farmaco,
cobeca,ACOND OGX COCONUT MIRACLE OIL 385ML,18.54,,no_farmaco,
cobeca,ACOND REVLON ARGAN/MACAD 700ML,15.54,,no_farmaco,
cobeca,ACOND REVLON COCO/VIT E 700ML,15.54,,no_farmaco,
cobeca,ACOND REVLON KERATI/ALMEN 700ML,15.54,,no_farmaco,
cobeca,ACOND SAVITAL ARGAN/SABILA 490ML,7.29,,no_farmaco,
cobeca,ACOND SAVITAL M/OLEOS 490ML,7.29,,no_farmaco,
cobeca,ACOND SAVITAL M/VITAMINAS 490ML,7.29,,no_farmaco,
cobeca,ACOND SEDAL CELULAS MADRES 340ML,6.09,,no_farmaco,
cobeca,ACOND SEDAL CERAMIDAS 340ML,6.09,,no_farmaco,
cobeca,ACOND SEDAL LISO PERFECT 340ML,6.09,,no_farmaco,
cobeca,ACOND SEDAL LUMINOSO UV 340ML,6.09,,no_farmaco,
cobeca,ACRYLARM GEL OFT 10G MEG,27.4,,sin_match,score_bajo
cobeca,ACTICAR JBE 1G/10ML X 120ML,7.94,,sin_match,sin_candidato
cobeca,ACTIVITON EXT CAP BLD X30 G PHAR,11.91,,sin_match,sin_candidato
cobeca,"ACTUMIR DUO TAB REC 12,5MG/1000MG X30",19.35,,sin_match,score_bajo
cobeca,"ACTUMIR DUO TAB REC 12,5MG/850MG X30",19.35,E.F.44.457,matched,score=0.622
cobeca,ACTUMIR TAB REC 25MG X30 FARMA,47.32,,sin_match,score_bajo
cobeca,"ADAPALENO GEL TOP 0,1% 15G CR MT",6.38,E.F.G.43.334,matched,score=0.739
cobeca,"ADAPALENO GEL TOP 0,1% 15G HM",1.95,,sin_match,score_bajo
cobeca,"ADAPALENO/CLINDAMIC GEL 0,1%/1X15G CR MT",7.73,E.F.G.43.334,matched,score=0.698
cobeca,ADEL UNG 50G PONCE,4.88,,sin_match,score_bajo
cobeca,ADEMINA 3E CREM DERMO PROT 60G LEF,5.19,,sin_match,sin_candidato
cobeca,ADEMINA KIDS CREM A/PAÑALITIS 60G LEF,5.19,,sin_match,score_bajo
cobeca,"ADH D/PAPEL BLAN 2,54CM X 4,57M",2.1,,no_farmaco,
cobeca,"ADH D/PAPEL PIEL 2,54 CM X 4,57M",2.1,,no_farmaco,
cobeca,"ADH D/PLASTICO TRANSP 2,54CM X 4,57M",2.42,,no_farmaco,
cobeca,ADH D/TELA BLAN 2.54CM X 4.57M,3.64,,no_farmaco,
cobeca,ADH D/TELA BLAN 5.08CM X 9.15M,11.23,,no_farmaco,
cobeca,ADH ITN PAPEL BLAN 3  X5YDS X6 ROLLO,10.53,,no_farmaco,
cobeca,ADH PHARMAFIX 10CM X 10M,18.22,,no_farmaco,
cobeca,"ADH PROMEINT DURAPORE 1"" X 10 YDS X 12",63.81,,no_farmaco,
cobeca,"ADH PROMEINT DURAPORE 1"" X 5 YDS X 12",25.65,,no_farmaco,
cobeca,ADH PROMEINT DURAPORE 2  X5 YDS X6,25.65,,no_farmaco,
cobeca,"ADH PROMEINT DURAPORE 2"" X 10 YDS X 6",42.6,,no_farmaco,
cobeca,"ADH PROMEINT MICROPORE 1"" X 10 X 12",31.55,,no_farmaco,
cobeca,"ADH PROMEINT MICROPORE 1"" X 5 YDS X 12",17.08,,no_farmaco,
cobeca,"ADH PROMEINT MICROPORE 1/2"" X 10 YDS X24",57.66,,no_farmaco,
cobeca,"ADH PROMEINT MICROPORE 1/2"" X 5 YDS X 24",16.91,,no_farmaco,
cobeca,"ADH PROMEINT MICROPORE 2"" X 10 YDS X 6",26.66,,no_farmaco,
cobeca,"ADH PROMEINT MICROPORE 2"" X 5 YDS X 6",17.18,,no_farmaco,
cobeca,"ADH PROMEINT MICROPORE 3"" X 5 YDS X 6",17.01,,no_farmaco,
cobeca,ADH PROMEINT MICROPORE PIEL 1/2X5YDS X24,16.2,,no_farmaco,
cobeca,ADH PROMEINT MICROPORE PIEL 1X5YDS X12,16.2,,no_farmaco,
cobeca,ADH PROMEINT MICROPORE PIEL 2X5YDS X6,16.2,,no_farmaco,
cobeca,ADH PROMEINT TRANSP PLUS 1  X5YDS X12,19.24,,no_farmaco,
cobeca,ADH PROMEINT TRANSP PLUS 1/2  X10YDS X24,53.99,,no_farmaco,
cobeca,ADH PROMEINT TRANSP PLUS 1/2  X5YDS X24,16.16,,no_farmaco,
cobeca,ADH PROMEINT TRANSP PLUS 2  X10YDS X6,23.19,,no_farmaco,
cobeca,ADH PROMEINT TRANSP PLUS 2  X5YDS X6,23.35,,no_farmaco,
cobeca,"ADH PROMEINT TRANSPORE 1"" X 10 X 12",23.75,,no_farmaco,
cobeca,"ADH ZUVISS PE TRANSP 1,25CM X 9.10M",1.76,,no_farmaco,
cobeca,ADH ZUVISS PE TRANSP 5CM X 9.10M,3.64,,no_farmaco,
cobeca,"ADH ZUVISS TELA 1,25CM X 9.10M",2.25,,no_farmaco,
cobeca,ADOBO MAGGI BOTELLA X 200G,3.78,,no_farmaco,
cobeca,ADOBO MC CORMICK COMPLET 124G,2.16,,no_farmaco,
cobeca,ADRENALINA SOL INY 1MG/ML X5 DIST,5.03,E.F.G.34.745,matched,score=0.776
cobeca,ADUANTAS COMP REC 40MG X10 FC,4.34,,sin_match,sin_candidato
cobeca,ADUANTAS COMP/REC 20MG X30 FC PHARMA,5.14,,sin_match,sin_candidato
cobeca,ADUANTAS COMP/REC 40MG X30 FC PHARMA,6.75,,sin_match,sin_candidato
cobeca,ADUANTAS DUO COMP REC 20MG/10MG X30 FC,23.38,,sin_match,score_bajo
cobeca,AEROCAMARA BOTELL MASK,22.47,,no_farmaco,
cobeca,AEROCHAMBER INH AER FLEXMED 1-5AÑOS T M,11.25,,sin_match,sin_candidato
cobeca,AEROFLAT GTS 80MG/ML 20ML COFA,6.02,,sin_match,score_bajo
cobeca,AEROFLOW BLESS FLOW-VU ADU,23.31,,no_farmaco,
cobeca,AEROFLOW BLESS FLOW-VU PED,23.31,,sin_match,sin_candidato
cobeca,AFEIT PERSONNA MATRIX 3 HOMBRE X3,5.36,,no_farmaco,
cobeca,AFLAMAX SUP 12.5MG X 6,6.08,,no_farmaco,
cobeca,AFLAMAX SUP 50MG X 6,5.72,,no_farmaco,
cobeca,AFLAMAX TAB REC 50MG X10 L.O,2.86,,sin_match,score_bajo
cobeca,AFLAMAX TAB REC 50MG X20 L.O,4.36,,sin_match,score_bajo
cobeca,AFOKLIN COMP 5MG X20 MEG,1.56,E.F.27.634,matched,score=0.761
cobeca,AFOKLIN GTS 10MG 15ML MEG,8.57,E.F.27.414,matched,score=0.696
cobeca,AG ESPINAL GIDAGUS 23G/3 1/2 X50,50.54,,no_farmaco,
cobeca,AG ESPINAL GIDAGUS 25G/3 1/2 X50,53.14,,no_farmaco,
cobeca,AG HIPODERMICA PLUSMEDIC 23G 1  X100,4.62,,no_farmaco,
cobeca,AG HIPODERMICA PLUSMEDIC 23G 1 1/2  X100,5,,no_farmaco,
cobeca,AG HIPODERMICA PLUSMEDIC 30G 1/2  X100,6.67,,no_farmaco,
cobeca,AG PLUSMEDIC ESPINAL 25G X50,52.19,,no_farmaco,
cobeca,AG PLUSMEDIC ESPINAL 26G X50,52.19,,no_farmaco,
cobeca,AG PLUSMEDIC ESPINAL 27G X50,52.19,,no_farmaco,
cobeca,AGUA D/ALIBOUR 120ML RECETT,1.99,,no_farmaco,
cobeca,AGUA D/COLONIA AGRADO FRESCA 750ML,8.22,,no_farmaco,
cobeca,AGUA D/COLONIA JEAN NATE X 443ML,13.51,,no_farmaco,
cobeca,AGUA D/MAR HIPERTON MARIMER 100ML,17.73,,no_farmaco,
cobeca,AGUA D/MAR HIPERTON MARIMER BABY 100ML,17.73,,no_farmaco,
cobeca,AGUA D/MAR ISOTON MARIMER 100ML,17.73,,no_farmaco,
cobeca,AGUA D/MAR ISOTON MARIMER BABY 100ML,17.73,,no_farmaco,
cobeca,AGUA D/MAR ZAFIRE HIPERTON FORTE X 100ML,15.85,,no_farmaco,
cobeca,AGUA D/MAR ZAFIRE ISOTONICA DALY X 100ML,15.85,,no_farmaco,
cobeca,AGUA D/MAR ZAFIRE ISOTONICA PED X 100ML,15.85,,sin_match,score_bajo
cobeca,AGUA D/ROSAS MICELAR CLARESS 180CM3,9.1,,no_farmaco,
cobeca,AGUA D/ROSAS RECETT 120ML,3.57,,no_farmaco,
cobeca,AGUA DESTILADA 1L RECETT,4.34,,no_farmaco,
cobeca,AGUA DESTILADA 500ML RECETT,2.55,,no_farmaco,
cobeca,AGUA DESTILADA INY NUM49 500ML BHR,5.57,E.F.G.32.804,matched,score=0.628
cobeca,AGUA ESTERIL PISA INY 500ML,7.97,E.F.G.1.694,matched,score=0.656
cobeca,AGUA MICELAR CLARESS ALOE VERA 180CM3,8.41,,no_farmaco,
cobeca,AGUA MICELAR DERNIER PIEL NORM 200ML,4.39,,no_farmaco,
cobeca,AGUA MICELAR DERNIER PIEL SENSI 200ML,2.81,,no_farmaco,
cobeca,AGUA MICELAR L OREAL C/AC HIALUR 200ML,11.14,,no_farmaco,
cobeca,AGUA MICELAR NIVEA AGUA D/ROSAS 100ML,5.39,,no_farmaco,
cobeca,AGUA MICELAR NIVEA AGUA D/ROSAS 400ML,10.39,,no_farmaco,
cobeca,AGUA MICELAR NIVEA PIEL MIX/GRAS,10.39,,no_farmaco,
cobeca,AGUA MICELAR SENSIBIO H2O 250ML,28.48,,no_farmaco,
cobeca,AGUA MICELAR VERABELL AC HIALUR 200ML,8.35,,no_farmaco,
cobeca,AGUA MICELAR ZOAH A/EDAD 250ML,3.64,,no_farmaco,
cobeca,AGUA OXIG 120ML LAFARQ,0.46,,no_farmaco,
cobeca,AGUA OXIG 240ML LAFARQ,0.68,,no_farmaco,
cobeca,AGUA OXIG 500ML ALNA,1.64,,no_farmaco,
cobeca,AGUA OXIG 500ML LAFARQ,1.15,,no_farmaco,
cobeca,AGUA OXIG ALFAPARF 30VOL 450ML,4.37,,no_farmaco,
cobeca,AGUA OXIG ALFAPARF 30VOL 90ML,1.5,,no_farmaco,
cobeca,AGUA OXIG ALVA 3% 120ML,0.71,,no_farmaco,
cobeca,AGUA OXIG ALVA 3% 240ML,1.08,,no_farmaco,
cobeca,AGUA OXIG ALVA 3% 500ML,1.68,,no_farmaco,
cobeca,AGUA OXIG ALVA AL 3% 1L,3.36,,no_farmaco,
cobeca,AGUA OXIG AMERICAN VOL20 60ML,0.81,,no_farmaco,
cobeca,AGUA OXIG AMERICAN VOL30 60ML,0.81,,no_farmaco,
cobeca,AGUA OXIG LAFARQUIM 1L,1.98,,no_farmaco,
cobeca,"AGUA OXIG LAFARQUIM 3% VOL10 3,79L",6.63,,no_farmaco,
cobeca,AGUA OXIG STEPHANIE 6% VOL20 120ML,2.6,,no_farmaco,
cobeca,AGUA OXIG STEPHANIE 9% VOL30 120ML,2.6,,no_farmaco,
cobeca,AGUA OZONIZ OZONEPIU 120ML,5.25,,no_farmaco,
cobeca,AGUA OZONIZ OZONEPIU 400ML,10.54,,no_farmaco,
cobeca,AGUAS TERMALES DERNIER MOISES X195ML,9.8,,no_farmaco,
cobeca,AGUAS TERMALES DERNIER MUSUI X195ML,9.8,,no_farmaco,
cobeca,AGURIN COMP 1G X20 ADIUM,3.62,,sin_match,score_bajo
cobeca,"AIRCOF PLUS TAB MAST 5MG/2,5MG X30 COFA",5.66,,sin_match,score_bajo
cobeca,AIRCOF PLUS TAB REC 10MG/5MG X30 COFA,6.45,,sin_match,score_bajo
cobeca,AIRCOF TAB MAST 10MG X30 COFA,6.45,,sin_match,score_bajo
cobeca,AIRCOF TAB MAST 5MG X30 COFA,5.07,,sin_match,score_bajo
cobeca,"AIREX SOL NASAL 0,05% 15ML PHARME",5.62,E.F.20.628,matched,score=0.609
cobeca,AIRFEN GTS AD 15ML COFA,5.72,,sin_match,score_bajo
cobeca,AIRFEN GTS PED 15ML COFA,5.72,,sin_match,score_bajo
cobeca,AIRON DUO TAB REC 10MG/5MG L.O.,6.09,,sin_match,score_bajo
cobeca,AIRON TAB MAST 4MG X10 L.O,2.45,,sin_match,score_bajo
cobeca,AIRON TAB MAST 4MG X30 L.O,5.65,,sin_match,score_bajo
cobeca,AIRON TAB MAST PED 5MG X30 L.O,7.56,,sin_match,score_bajo
cobeca,AIRON TAB REC 10MG X30 L.O,10.37,,sin_match,score_bajo
cobeca,AJAX BICLORO 1L,5.25,,no_farmaco,
cobeca,AJO MCCORMICK HIERBAS 94G,3.66,,no_farmaco,
cobeca,AJO MCCORMICK MOLIDO 70G,3.66,,no_farmaco,
cobeca,AJO MCCORMICK PICADO 73G,3.66,,no_farmaco,
cobeca,AJO MCCORMICK ROSTIZADO 110G,3.66,,no_farmaco,
cobeca,AJOMIX MCCORMICK 90G,3.53,,no_farmaco,
cobeca,ALANTAMIDA PMDA 20G MEY,8.69,,no_farmaco,
cobeca,ALBAHACA MCCORMICK HOJAS 25G,2.73,,no_farmaco,
cobeca,ALBEDOX TAB 400MG X10 CR 2N,1.25,,sin_match,sin_candidato
cobeca,ALBEMER SUSP ORAL 400MG/10ML BOOZ,1.65,,sin_match,sin_candidato
cobeca,ALBENDAZOL 400MG TAB MAST X10 ZUZU,1.7,E.F.G.43.288,matched,score=0.739
cobeca,ALBENDAZOL SUSP 100MG/5ML 20ML PORTU,2.73,,sin_match,score_bajo
cobeca,ALBENDAZOL SUSP 10ML CR FAHD,2.27,E.F.G.27.081,matched,score=0.859
cobeca,ALBENDAZOL SUSP 400MG 20ML PHARME,5.9,E.F.G.27.081,matched,score=0.839
cobeca,ALBENDAZOL SUSP 400MG/ML 10ML PLX,3.9,E.F.G.27.081,matched,score=0.732
cobeca,ALBENDAZOL TAB 200MG X2 PHARME,1.38,E.F.G.40.605,matched,score=0.906
cobeca,ALBENDAZOL TAB 200MG X2 PLX,1.64,E.F.G.34.122,matched,score=0.922
cobeca,ALBENDAZOL TAB 200MG X6 PHARME,2.62,E.F.G.40.605,matched,score=0.906
cobeca,ALBENDAZOL TAB 200MG X6 PLX,3.68,E.F.G.34.122,matched,score=0.922
cobeca,ALBENDAZOL TAB MAST 200MG X6 CLX,2.36,E.F.G.35.827,matched,score=0.783
cobeca,ALBENDAZOL TAB MAST T/FRUTTI 200MGX2 CLX,1.18,,sin_match,score_bajo
cobeca,ALBICAR SUSP 400MG 10ML ELM,3.9,E.F.28.826,matched,score=0.700
cobeca,ALBICAR TAB 200MG X2 ELM,1.1,E.F.27.447,matched,score=0.739
cobeca,ALBICAR TAB 200MG X6 ELM,3.3,E.F.27.447,matched,score=0.739
cobeca,"ALBISEC CAP 666MG/133,33MG X12 VIV",13.31,,sin_match,score_bajo
cobeca,ALCACHOFA/CENT ASIAT CAP 350MG X60 HERB,12.58,,sin_match,sin_candidato
cobeca,ALCANFOR 10G LYA,1.73,,no_farmaco,
cobeca,ALCOHOL 70% 120ML LAFARQ,0.58,,no_farmaco,
cobeca,ALCOHOL 70% 1L LAFARQ,3.46,,no_farmaco,
cobeca,ALCOHOL 70% 240ML LAFARQ,1.03,,no_farmaco,
cobeca,"ALCOHOL 70% 3,79L LAFARQUIM",12.66,,no_farmaco,
cobeca,ALCOHOL 70% 500ML LAFARQ,1.81,,no_farmaco,
cobeca,ALCOHOL ABSOLUTO 120ML ALNA,1.21,,no_farmaco,
cobeca,ALCOHOL ABSOLUTO 120ML BIOF,3,,no_farmaco,
cobeca,ALCOHOL ABSOLUTO 120ML RECETT,2.96,,no_farmaco,
cobeca,ALCOHOL ABSOLUTO 240ML RECETT,4.69,,no_farmaco,
cobeca,ALCOHOL ABSOLUTO 500ML RECETT,7.18,,no_farmaco,
cobeca,ALCOHOL ABSOLUTO 96% 30ML LYA,1.84,,no_farmaco,
cobeca,ALCOHOL ABSOLUTO BIOF 240ML,4.73,,no_farmaco,
cobeca,ALCOHOL ABSOLUTO FRAMBUESA 60ML RECETT,3.03,,no_farmaco,
cobeca,ALCOHOL ABSOLUTO LIMON 60ML RECETT,3.03,,no_farmaco,
cobeca,ALCOHOL ABSOLUTO MANDA 60ML RECETT,3.03,,no_farmaco,
cobeca,ALCOHOL ANTISEPTICO ALNA 100ML,0.86,,no_farmaco,
cobeca,ALCOHOL ANTISEPTICO ALNA 120ML,0.99,,no_farmaco,
cobeca,ALCOHOL ANTISEPTICO ALNA 240ML,1.69,,no_farmaco,
cobeca,ALCOHOL ANTISEPTICO ALNA 500ML,2.9,,no_farmaco,
cobeca,ALCOHOL ANTISEPTICO ALNA 70% V/V 950ML,5.49,,no_farmaco,
cobeca,ALCOHOL ANTISEPTICO ALVA 70% 240ML,1.66,,no_farmaco,
cobeca,ALCOHOL ANTISEPTICO ALVA 70% 500ML,2.96,,no_farmaco,
cobeca,ALCOHOL BIOF ANTISEPTICO 70% V/V X 120ML,2.62,,no_farmaco,
cobeca,ALCOHOL ESSENZA FAMILY CARE 980ML F/COSM,6.73,,no_farmaco,
cobeca,ALCOHOL ISOPROPILICO ALVA 70% 120ML,0.99,,no_farmaco,
cobeca,ALCOHOL ISOPROPILICO ALVA 70% 1L,6.14,,no_farmaco,
cobeca,ALCOHOL ISOPROPILICO ALVA 70% 500ML,3.01,,no_farmaco,
cobeca,ALCOHOL SANOL 70% V/V X120ML,1.04,,no_farmaco,
cobeca,"ALCOHOL SANOL 70% X3,785L",20,,no_farmaco,
cobeca,ALCOHOL SPRAY 70 % 240ML CHEM/S,5.94,,no_farmaco,
cobeca,ALCOHOL SPRAY 70% 60ML VIN,4.19,,no_farmaco,
cobeca,ALCOHOL YODADO SPRAY BIOFARCO 120ML,4.66,,no_farmaco,
cobeca,ALCOHOL YODADO SPRAY BIOFARCO 60ML,3.86,,no_farmaco,
cobeca,ALENDRONATO SOD TAB 70MG X 4 ZUZU,4.21,E.F.G.32.131,matched,score=0.677
cobeca,ALENTIK TAB 70MG X 4,7.17,E.F.43.312,matched,score=0.724
cobeca,ALERGOT SOL OFT 0.05% 5ML L.O,13.21,,sin_match,score_bajo
cobeca,ALESPIRINA TAB ENT 81MG X30 ALESS,1.64,,sin_match,score_bajo
cobeca,"ALFADYN SOL OFT 0,20% 5ML L.O",16.73,,sin_match,score_bajo
cobeca,ALFOMBRA ABSORB BRUNI P/PERROS X10,6.91,,no_farmaco,
cobeca,"ALGIOL COMP 2,5MG X30 DLR",4.97,E.F.42.912,matched,score=0.844
cobeca,ALGIOL COMP 5MG X30 DLR,6.49,E.F.42.912,matched,score=0.844
cobeca,ALGIOL HCT COMP 5MG/6.25MG X 30,12.16,E.F.42.912,matched,score=0.781
cobeca,ALGODON ASEPTICO PLUSMEDIC 100G,4.24,,no_farmaco,
cobeca,ALGODON ASEPTICO PLUSMEDIC 10G,0.8,,no_farmaco,
cobeca,ALGODON ASEPTICO PLUSMEDIC 25G,1.44,,no_farmaco,
cobeca,ALGODON ASEPTICO PLUSMEDIC 50G,2.05,,no_farmaco,
cobeca,ALGODON GROSSMED NO ESTERIL ROLLO 500G,5.51,,no_farmaco,
cobeca,ALGODON GROSSMED ROLLO NO ESTERIL 50G,0.72,,no_farmaco,
cobeca,ALGODON HIDROF PLUSMEDICF ASEPTICO 500G,7.01,,no_farmaco,
cobeca,ALGODON HIDROFILO ALGOBAP 10G,0.58,,no_farmaco,
cobeca,ALGODON HIDROFILO ALGOBAP 25G,0.86,,no_farmaco,
cobeca,ALGOREN TAB 10MG X20 RNV,3.94,E.F.16.713,matched,score=0.797
cobeca,ALGOREN TAB 40MG X20 RNV,4.16,E.F.16.713,matched,score=0.672
cobeca,"ALILUB SOL OFT 1,4 % 15ML PHARME",7.12,,sin_match,score_bajo
cobeca,ALIM LACTEO NIDO FORTICRECE 400G,8.62,,no_farmaco,
cobeca,"ALIM P/GATO CAT CHOW CAR AD 1,5KG",16.71,,no_farmaco,
cobeca,"ALIM P/GATO CAT CHOW ESTER PESCADO 1,5KG",17.54,,no_farmaco,
cobeca,"ALIM P/GATO CAT CHOW HOGAR PREB 1,5KG",19.23,,no_farmaco,
cobeca,"ALIM P/GATO CAT CHOW PESC AD 1,5KG",16.71,,no_farmaco,
cobeca,ALIM P/GATO GATSY PESC/ARR/ESPIN 3KG,20.78,,no_farmaco,
cobeca,ALIM P/GATO GATSY POLLO/ZANAH/ESPIN 3KG,20.78,,no_farmaco,
cobeca,ALIM P/PERRO DOG CHOW ALT PROT AD 2KG,17.15,,no_farmaco,
cobeca,ALIM P/PERRO DOG CHOW CONTROL D/PESO 2KG,17.67,,no_farmaco,
cobeca,ALIM P/PERRO DOG CHOW GRAN COM CACH 2KG,18.41,,sin_match,sin_candidato
cobeca,ALIM P/PERRO DOG CHOW GRAN COMIENZO 4KG,31.25,,no_farmaco,
cobeca,ALIM P/PERRO DOG CHOW TRIP PROT 2KG,17.15,,no_farmaco,
cobeca,ALIM P/PERRO KNINA CAR/CER/ARR AD 4KG,17.29,,no_farmaco,
cobeca,ALIM P/PERRO KNINA CAR/CER/ARR CACH 4KG,18.92,,no_farmaco,
cobeca,ALIM P/PERRO KNINA POLLO/VEG AD 4KG,17.29,,no_farmaco,
cobeca,ALIMENTO LACTEO MAH +24M 400G,13.94,,no_farmaco,
cobeca,ALIMENTO PVO NIDO CRECIMIENTO 1+ 800G,19.82,,sin_match,score_bajo
cobeca,ALIPAL FORTE CAP 650/4/32MG D/N X12 BIOT,5.1,E.F.34.716,matched,score=0.625
cobeca,ALIVAX FORTE CAP BLD 650MG X10 VIV,3.23,,sin_match,score_bajo
cobeca,ALIVERIUM CAP BLD 100/300MG X10 VIN,9.09,,sin_match,score_bajo
cobeca,ALIVET COMP DIAX8/NOCHX4 LETI,9.76,,sin_match,score_bajo
cobeca,ALIVET FA COM/REC X 10,8.81,,sin_match,score_bajo
cobeca,"ALIVET JBE 125MG/0,5MG 120ML LETI",8.72,,sin_match,score_bajo
cobeca,ALIVET PLUS COMP 650/20/10/4MG X10 LETI,7.61,,sin_match,score_bajo
cobeca,ALIVET PLUS SOB 650/20/10/4MG X8 LETI,11.97,,sin_match,score_bajo
cobeca,ALIVET SOB GRANU LIMON 10G X1 LETI,9.85,,sin_match,score_bajo
cobeca,ALIVETNOC FORTE SOB GRANU X6 LETI,9.76,,sin_match,score_bajo
cobeca,ALL-DOVARI CREM 90G,5.5,,sin_match,sin_candidato
cobeca,ALLERFEX TAB REC 120MG X10 PHARME,7.1,,sin_match,sin_candidato
cobeca,ALLIXON JBE NAR 240ML LETI,6.92,,sin_match,sin_candidato
cobeca,ALMOHADILLA ALGOBAP X 100,1.81,,no_farmaco,
cobeca,ALMOHADILLA ALGOBAP X 60,1.09,,no_farmaco,
cobeca,ALMOHADILLA ALGOBAP X 80,1.49,,no_farmaco,
cobeca,ALOPURINOL TAB 100MG X30 ANG/H,4.68,E.F.G.44.004,matched,score=0.894
cobeca,"ALPRAM TAB 0,5 MG X30 VLM",4.53,E.F.33.170,matched,score=0.783
cobeca,ALPRAM TAB 1MG X30 VLM,6.35,E.F.33.214,matched,score=0.813
cobeca,ALPRAM TAB 2MG X30 VLM,8.56,E.F.33.171,matched,score=0.813
cobeca,"ALPRAZOLAM TAB 0,5MG X30 CLX",3.69,E.F.G.28.860,matched,score=0.935
cobeca,ALPRAZOLAM TAB 0.5MG X30,3.77,E.F.G.28.860,matched,score=0.932
cobeca,ALPRAZOLAM TAB 1MG X30,5.19,E.F.G.28.861,matched,score=0.932
cobeca,ALPRAZOLAM TAB 1MG X30 CLX,5.1,E.F.G.28.861,matched,score=0.935
cobeca,ALPRAZOLAM TAB 2MG X30,7.08,E.F.G.39.231,matched,score=0.932
cobeca,ALSART CAP 160MG X10 MEY,4,E.F.33.085,matched,score=0.878
cobeca,ALSART CAP 160MG X30 MEY,9.65,E.F.33.085,matched,score=0.878
cobeca,ALSART CAP 80MG X10 MEY,3.7,E.F.33.084,matched,score=0.859
cobeca,ALSART CAP 80MG X30 MEY,7.39,E.F.33.084,matched,score=0.859
cobeca,ALUMBRE 20G LYA,1.64,,no_farmaco,
cobeca,ALUMBRE EN PIEDRA 20G X15 FCH,22.6,,no_farmaco,
cobeca,ALUMBRE EN PIEDRA 25G X12 RECETT,19.95,,no_farmaco,
cobeca,ALUMBRE PVO 25G X12 RECETT,19.95,,sin_match,sin_candidato
cobeca,ALUMBRE PVO 25G X25 FCH,45.13,,sin_match,sin_candidato
cobeca,ALUMBRE PVO SOB 20G BIOF,1.29,,sin_match,sin_candidato
cobeca,ALURON COMP 300MG X20 RNV,7.07,E.F.41.242,matched,score=0.726
cobeca,ALURON TAB 100MG X30 RNV,5.09,E.F.16.002,matched,score=0.726
cobeca,AMANIRIS COMP C/ENT 81MG X 30,3.64,E.F.44.324,matched,score=0.630
cobeca,AMBIENT AER GLADE ABRAZOS D/VAIN 175G,20.64,,sin_match,sin_candidato
cobeca,AMBIENT AER GLADE ABRAZOS D/VAIN 360ML,3.96,,sin_match,sin_candidato
cobeca,AMBIENT AER GLADE FRES LEMON 360ML,3.96,,sin_match,sin_candidato
cobeca,AMBIENT AER GLADE LAVAND 235ML,3.44,,sin_match,sin_candidato
cobeca,AMBIENT AER GLADE LAVANDA 360ML,3.96,,sin_match,sin_candidato
cobeca,AMBIENT AER GLADE MANZ/CANE 235ML,3.44,,sin_match,sin_candidato
cobeca,AMBIENT AER GLADE MANZ/CANE 360ML,3.96,,sin_match,sin_candidato
cobeca,AMBIENT AER GLADE PARAISO AZUL 360ML,3.96,,sin_match,sin_candidato
cobeca,AMBIENT GLADE ABRAZOS D/VAIN AP/REP 21ML,8.28,,no_farmaco,
cobeca,AMBIENT GLADE AUTO SPORT ACQUA 7CM3,8.44,,no_farmaco,
cobeca,AMBROXOL JBE 30MG/5ML 120ML VIV,5.92,E.F.G.28.493,matched,score=0.816
cobeca,AMBROXOL JBE PED 15MG/120ML KIMIC,3.17,,sin_match,score_bajo
cobeca,AMBROXOL JBE PED 15MG/120ML PHARME,4.22,E.F.G.29.182,matched,score=0.731
cobeca,AMBROXOL SOL ORAL 30MG/5ML 120ML BIOQ,4.88,E.F.G.29.181,matched,score=0.898
cobeca,AMBROXOL/LORATAD JBE 30MG/5MG 120ML BIOQ,5.68,E.F.G.37.587,matched,score=0.821
cobeca,AMBROXOL/LORATAD JBE 30MG/5MG 60ML BIOQ,5.36,E.F.G.37.587,matched,score=0.829
cobeca,AMEDIN TAB 100MG X30 FC,20,,sin_match,sin_candidato
cobeca,AMIKACINA AMP 500MG X1 RNV,4.71,E.F.G.23.247,matched,score=0.878
cobeca,AMIKACINA AMP 500MG/2ML TAO,3.18,E.F.G.24.946,matched,score=0.904
cobeca,AMIKACINA AMP 500MG/2ML X1 ADN,3,E.F.G.24.946,matched,score=0.904
cobeca,AMIKACINA INY IM/IV 100MG/2ML X10 KMP,14.66,E.F.G.26.424,matched,score=0.658
cobeca,AMIKACIS CREM 5% 20G BOOZ,3.61,,sin_match,sin_candidato
cobeca,AMINOFUNI AMP 250MG/10ML X10 AMP UNIPH,12.57,,sin_match,sin_candidato
cobeca,AMIODARONA COMP 200MG X10 VLM,6.22,E.F.G.31.452,matched,score=0.922
cobeca,AMIODARONA TAB 200MG X10 BIOTECH,10.03,E.F.G.32.403,matched,score=0.922
cobeca,AMIODARONA TAB 200MG X10 KMP,3.9,E.F.G.31.452,matched,score=0.878
cobeca,AMIODARONATAB 200MG X10 FMED,1.3,,no_farmaco,
cobeca,AMLODIPINA COMP 10MG X30 LETI,4.72,E.F.G.30.206,matched,score=0.902
cobeca,AMLODIPINA COMP 10MG X60 DORO,7.49,E.F.G.30.206,matched,score=0.859
cobeca,AMLODIPINA COMP 5MG X30 LETI,5.14,E.F.G.38.145,matched,score=0.935
cobeca,AMLODIPINA TAB 10MG X10 CLX,1.13,E.F.G.32.016,matched,score=0.902
cobeca,AMLODIPINA TAB 10MG X10 PHARME,1.43,E.F.G.30.206,matched,score=0.859
cobeca,AMLODIPINA TAB 10MG X20 KIMIC,2.19,E.F.G.39.126,matched,score=0.740
cobeca,AMLODIPINA TAB 10MG X30 CLX,2.43,E.F.G.32.016,matched,score=0.902
cobeca,AMLODIPINA TAB 10MG X30 KIMIC,2.69,E.F.G.39.126,matched,score=0.740
cobeca,AMLODIPINA TAB 10MG X30 PHARME,3.58,E.F.G.30.206,matched,score=0.859
cobeca,AMLODIPINA TAB 5MG X10 CLX,1.32,E.F.G.28.705,matched,score=0.935
cobeca,AMLODIPINA TAB 5MG X10 PHARME,1.74,E.F.G.28.705,matched,score=0.891
cobeca,AMLODIPINA TAB 5MG X30 ALESS,1.27,E.F.G.31.230,matched,score=0.833
cobeca,AMLODIPINA TAB 5MG X30 CLX,2.29,E.F.G.28.705,matched,score=0.935
cobeca,AMLODIPINA TAB 5MG X30 KIMIC,2.47,E.F.G.31.230,matched,score=0.773
cobeca,AMLODIPINA TAB 5MG X30 PHARME,3.54,E.F.G.28.705,matched,score=0.891
cobeca,AMLODIPINA TAB 5MG X30 ZUZU,2.45,E.F.G.28.705,matched,score=0.891
cobeca,AMLODIPINA/VALSART TAB 5/160MG X30 ANG/H,13,E.F.G.40.038,matched,score=0.875
cobeca,AMLODIPINA/VALSART TAB REC5/160MGX10 BIU,4.42,E.F.G.40.038,matched,score=0.690
cobeca,AMOCLIN CAP 500MG X10 ZUZU,1.62,,sin_match,sin_candidato
cobeca,AMODET TAB 500MG/125MG X 14,11.52,,sin_match,sin_candidato
cobeca,AMOKLAVIN-BID PVO SUSP 400/57MG 70ML PLN,8.26,,sin_match,score_bajo
cobeca,AMOX/AC CLAV SUSP 250MG/62.5MG X60ML ANG,2.21,E.F.G.42.534,matched,score=0.627
cobeca,AMOXIC/AC CLAV COM/REC 875/125MGX14 LETI,25.04,,sin_match,score_bajo
cobeca,"AMOXIC/AC CLAV PVO/SUS 600MG/42,9MG DAC",7.71,,sin_match,score_bajo
cobeca,AMOXIC/CLAV PVO SUSP 400/57MG 70ML KIMIC,7.69,,sin_match,score_bajo
cobeca,AMOXICI/AC CLAV 400MG/57MG 70ML CLX,8.69,,no_farmaco,
cobeca,AMOXICI/AC CLAV TAB 875/125MG X14 ADN,11.73,E.F.44.341,matched,score=0.600
cobeca,AMOXICI/AC CLAV TAB 875/125MG X14 CLX,17.13,E.F.44.341,matched,score=0.600
cobeca,AMOXICI/AC CLAVUL TAB 875/125MG X14 GEAG,17.32,E.F.43.309,matched,score=0.640
cobeca,AMOXICILINA AMOXIPRA CAP 500MG X10 ADN,2.39,E.F.G.43.040,matched,score=0.777
cobeca,AMOXICILINA CAP 500MG X 10 DISTR,4,E.F.G.44.669,matched,score=0.756
cobeca,AMOXICILINA CAP 500MG X 12 GENCER,4.64,E.F.G.44.669,matched,score=0.775
cobeca,AMOXICILINA CAP 500MG X10 FMED,1.83,E.F.G.20.340,matched,score=0.878
cobeca,AMOXICILINA CAP 500MG X12 LETI,5.25,E.F.G.26.817,matched,score=0.922
cobeca,AMOXICILINA CAP 500MG X12 PHARME,4.79,E.F.G.20.340,matched,score=0.878
cobeca,AMOXICILINA CAP 500MG X6 PHARME,3.42,E.F.G.20.340,matched,score=0.878
cobeca,AMOXICILINA PVO PED 250MG/5ML 60ML CLX,5.18,E.F.G.35.002,matched,score=0.740
cobeca,AMOXICILINA SUS PED 250/5ML 100ML KMP,8.91,E.F.G.20.104,matched,score=0.696
cobeca,AMOXICILINA SUSP 125MG/5ML BIU,1.95,E.F.G.23.745,matched,score=0.800
cobeca,AMOXICILINA SUSP 250MG/5ML 60ML CR DIST,2.35,E.F.G.25.639,matched,score=0.711
cobeca,AMOXICILINA SUSP 250MG/5ML 60ML FMED,1.3,E.F.G.25.639,matched,score=0.711
cobeca,AMOXICILINA SUSP ORAL 250MG/ML 45ML VLM,3.57,E.F.G.23.745,matched,score=0.658
cobeca,AMOXICILINA/AC CLAV TAB 500/125MGX10 ADN,7.62,E.F.G.32.409,matched,score=0.774
cobeca,AMOXIDUO COMP 875MG X14 MEG,12.34,E.F.31.313,matched,score=0.712
cobeca,AMOXIDUO PVO SUSP 750MG 70ML MEG,11.56,,sin_match,score_bajo
cobeca,"AMOXIVAL AC PVO SUSP 250/62,5MG 60ML VLM",10.21,,sin_match,score_bajo
cobeca,AMOXIVAL AC PVO SUSP 400/57MG 60ML VLM,11.43,,sin_match,score_bajo
cobeca,AMOXIVAL CAP 500MG X12 VLM,5.38,E.F.21.824,matched,score=0.783
cobeca,AMOXIVAL PVO SUSP 750MG/5ML 70ML VLM,10.64,E.F.37.262,matched,score=0.616
cobeca,AMOXIVAL SUSP 250MG 90ML VLM,7.99,E.F.22.089,matched,score=0.619
cobeca,AMOXIVAL TAB REC 875MG X20 VLM,16.19,E.F.40.054,matched,score=0.662
cobeca,AMOXTIN SUSP ORAL 400MG/57MG 60ML ALESS,6.72,,sin_match,sin_candidato
cobeca,AMP CAPIL BRIZNA MIEL 10ML X10,14.88,,sin_match,sin_candidato
cobeca,AMP CAPIL SOLANO SABI 10ML X10,14.88,,sin_match,sin_candidato
cobeca,AMP GELLY A/CAIDA 10ML X10,14.88,,sin_match,sin_candidato
cobeca,AMP NK REPARAC INTEN 15ML X3,4.44,,sin_match,sin_candidato
cobeca,AMP NK SECADO PERFECTO 15ML X3,4.44,,sin_match,sin_candidato
cobeca,AMP NK THERAPY CONTROL CAIDA 15ML X3,4.44,,sin_match,sin_candidato
cobeca,AMP NK THERAPY PRO 15ML X3,4.44,,sin_match,sin_candidato
cobeca,AMP PASARELA A/CAIDA 10ML X4,5.41,,sin_match,sin_candidato
cobeca,AMP PASARELA MATIZADORA 10ML X4,5.41,,sin_match,sin_candidato
cobeca,AMP SLIK ANTICAIDA 10ML X25,17.74,,sin_match,sin_candidato
cobeca,AMP SLIK PLAC/OVEJO 10ML X25,17.74,,sin_match,sin_candidato
cobeca,AMP SOLANO KERAT/L CABRA 10ML X10,14.88,,sin_match,sin_candidato
cobeca,"AMPIBLUX PVO LIOF 1G/0,5G X1 BLUE/M",2.58,,sin_match,sin_candidato
cobeca,AMPICILINA SUSP 250MG 60ML PHARME,5.81,E.F.G.24.809,matched,score=0.757
cobeca,AMPICILINA SUSP PED 125/5ML 100ML KMP,4.29,E.F.G.24.809,matched,score=0.739
cobeca,AMPLIDER CAP 50MG X10 VIV,1.51,E.F.43.076,matched,score=0.797
cobeca,AMSARTIQUE TAB REC 160MG/10MG X30 PHARME,18.47,,sin_match,score_bajo
cobeca,AMSARTIQUE TAB REC 80MG/5MG X30 PHARME,13.16,,sin_match,score_bajo
cobeca,ANAFLEX TAB 250MG X10 CAPSUV,6.22,,sin_match,sin_candidato
cobeca,ANALPER FEM PLUS TAB 200/10MG X10 PHARME,7.68,E.F.35.424,matched,score=0.683
cobeca,ANALPER NAX CAP 250MG X10 PHARME,3.87,,sin_match,score_bajo
cobeca,ANALPER PLUS TAB 500MG X10 PHARME,5.39,E.F.35.424,matched,score=0.825
cobeca,ANALPER SOL ORAL 180MG/5ML 120ML PHARME,3.45,,sin_match,score_bajo
cobeca,ANANTY FORTE JBE PED 160MG/5ML 120ML PLX,3.25,,sin_match,score_bajo
cobeca,ANANTY FORTE SUSP 160MG/5ML 60ML PLX,2.01,E.F.40.477,matched,score=0.663
cobeca,ANANTY SUSP 120MG/5ML 120ML PLX,3.23,E.F.38.820,matched,score=0.661
cobeca,ANANTY TAB 650MG X 10,1.19,E.F.42.977,matched,score=0.680
cobeca,ANAPIR CAP BLD S/AZU 400MG X10 FC,3.14,,sin_match,score_bajo
cobeca,ANAPIR TAB 200MG X20 FC,3.57,,sin_match,score_bajo
cobeca,ANAPIRFLEX TAB 600MG/4MG X10 FC,5.03,E.F.44.118,matched,score=0.617
cobeca,"ANASMOL COMP 2,5MG X10 MEG",5.84,E.F.24.592,matched,score=0.698
cobeca,"ANASMOL COMP 2,5MG X30 MEG",8.05,E.F.24.592,matched,score=0.698
cobeca,ANASMOL COMP 5MG X30 MEG,13.12,E.F.24.592,matched,score=0.698
cobeca,ANASTROZOL COMP REC 1MG X30 DORO,25.86,E.F.G.42.609,matched,score=0.770
cobeca,ANASTROZOL TAB 1MG X30 CR MT,17.96,E.F.G.42.609,matched,score=0.932
cobeca,ANCITAM TAB 500MG X30 APF,8.44,,sin_match,sin_candidato
cobeca,ANDADERA C/RUEDAS NEXT STEP,46.79,,no_farmaco,
cobeca,ANDADERA RECIPROCAL DOVANT 2 EN 1,74.42,,no_farmaco,
cobeca,ANGIOFLUX CAP BLD 250LSU X25 LETI,69.22,,sin_match,score_bajo
cobeca,ANGRIP COMP DIA 500MG X8 MEG,5.26,E.F.31.329,matched,score=0.666
cobeca,ANGRIP COMP NOCH 500MG X4 MEG,2.99,E.F.31.329,matched,score=0.666
cobeca,ANGRIP FORTE COM/REC 650MG/20MG DIA X 10,4.68,,sin_match,score_bajo
cobeca,ANGRIP FORTE COM/REC 650MG/4MG NOCHE X 5,3.9,,sin_match,score_bajo
cobeca,ANGRIP FORTE COMP 650/4/2MG D/N X15 MEG,6.23,E.F.31.329,matched,score=0.717
cobeca,ANILLO VIBRADOR + PRESERVATIVO MZONE X2,4.66,,no_farmaco,
cobeca,ANILLO VIBRADOR PRUDENCE X1 DKT,16.68,,no_farmaco,
cobeca,ANILLO VIBRADOR SENSE,36.06,,no_farmaco,
cobeca,ANIS ESTRELLADO 5G X15 FCH,23.57,,no_farmaco,
cobeca,ANOMEX SUP X10 TIAR,11.18,,no_farmaco,
cobeca,"ANSILAN COMP 0,5MG X30 MEG",4.42,E.F.30.811,matched,score=0.722
cobeca,ANSILAN COMP 1MG X30 MEG,5.84,E.F.30.871,matched,score=0.722
cobeca,ANSILAN COMP 2MG X30 MEG,8.05,E.F.41.688,matched,score=0.722
cobeca,"ANTAAR TAB 2,5MG/6,25MG X30 CLX",8.74,E.F.43.410,matched,score=0.844
cobeca,ANTAAR TAB REC 10MG X30 CLX,10.53,,sin_match,score_bajo
cobeca,"ANTAAR TAB REC 2,5MG X10 CLX",2.68,E.F.43.410,matched,score=0.731
cobeca,"ANTAAR TAB REC 2,5MG X30 CLX",5.52,E.F.43.410,matched,score=0.731
cobeca,ANTAAR TAB REC 5MG X10 CLX,4.16,E.F.43.410,matched,score=0.731
cobeca,ANTAAR TAB REC 5MG X30 CLX,6.53,E.F.43.410,matched,score=0.731
cobeca,ANTAAR TAB/REC 1.25MG X 30,4.06,E.F.43.410,matched,score=0.663
cobeca,"ANTAAR/HCT TAB 5MG/6,25MG X30 CLX",15.06,E.F.43.410,matched,score=0.768
cobeca,ANTIBACT MR MUSCULO CARICIAS BEBE 900ML,2.81,,no_farmaco,
cobeca,ANTIBACT MR MUSCULO LAVAND 900ML,2.81,,no_farmaco,
cobeca,ANTIFOM FORTE COMP REC 160MG X10 VARG,7.56,,sin_match,score_bajo
cobeca,ANTIFOM SUSP/ORAL 80MF/ML X 20ML,6.31,,sin_match,score_bajo
cobeca,ANTIFON TAB/MAST 125MG X 10,5.52,,sin_match,sin_candidato
cobeca,ANTILAX TAB 2MG X10 FAR,3.05,E.F.40.266,matched,score=0.750
cobeca,ANTIP TAB REC 40MG X30 BEHR,10.06,,sin_match,score_bajo
cobeca,ANTITRANSP AER NIVEA INV B&W CLEAR 150ML,6.84,,sin_match,sin_candidato
cobeca,ANTITRANSP AER NIVEA PEARL&BEAUTY 150ML,6.67,,sin_match,sin_candidato
cobeca,ANTITRANSP DERNIER ROLL ON ÉL 90 ML,1.75,,no_farmaco,
cobeca,ANTITRANSP DERNIER ROLL ON ELLA 90 ML,1.79,,no_farmaco,
cobeca,ANTITRANSP NIVEA AER T/NAT C/TOUCHX150ML,6.84,,sin_match,sin_candidato
cobeca,ANTITRANSP NIVEA B&W AER MEN FRESHX150ML,5.53,,sin_match,sin_candidato
cobeca,ANTITRANSP NIVEA B&W AER MEN ORIG X150ML,6.84,,sin_match,sin_candidato
cobeca,ANTITRANSP NIVEA D/BLACK AER MEN X 150ML,6.84,,sin_match,sin_candidato
cobeca,ANTOVEN TAB 15MG X30 FC,15.56,,sin_match,sin_candidato
cobeca,"ANTUX SOL 0,6% CEREZA 120ML LETI",11.53,,sin_match,score_bajo
cobeca,APETININ JBE 240ML ARC IRIS,10,,sin_match,sin_candidato
cobeca,APIRET FORTE TAB 650MG X 10,1.77,E.F.43.225,matched,score=0.694
cobeca,APIRET SOL ORAL 180MG 120ML L.O,5.04,E.F.42.864,matched,score=0.664
cobeca,APIRET SOL ORAL 180MG/5ML 60ML L.O,2.52,E.F.42.860,matched,score=0.657
cobeca,APIRET SUP 125MG X6 L.O,5.52,,no_farmaco,
cobeca,APIRET SUP 250MG X6 L.O,6.59,,no_farmaco,
cobeca,APIRET TAB 500 MG X 10,1.77,E.F.43.224,matched,score=0.702
cobeca,APIRETFLU SOB 8G DIA MIEL/LIMON X6 LO,9.86,,sin_match,score_bajo
cobeca,APIRETFLU SOB 8G NOCH MIEL/LIMON X6 LO,10.14,,sin_match,score_bajo
cobeca,APITENA COM 5MG X 30,24.33,E.F.44.489,matched,score=0.773
cobeca,APIXABAN TAB 5MG X60 CCM,32.21,E.F.43.847,matched,score=0.870
cobeca,APLACAL TAB MAST 750MG BAN X80 TARRO,13.61,,sin_match,score_bajo
cobeca,APLACAL TAB MAST 750MG FRAM DISPX120 MEY,72.34,,sin_match,score_bajo
cobeca,APLACAL TAB MAST 750MG FRAMB X80 TARRO,13.61,,sin_match,score_bajo
cobeca,APLACAL TAB MAST 750MG MAND DISPX120 MEY,72.34,,sin_match,score_bajo
cobeca,APLACAL TAB MAST 750MG MANDA X10 MEY,9.36,,sin_match,score_bajo
cobeca,APLACAL TAB MAST 750MG MANDA X80 TARRO,13.61,,sin_match,score_bajo
cobeca,APLACAL TAB MAST 750MG MENTA X80 TARRO,13.61,,sin_match,score_bajo
cobeca,APLACAL TAB MAST 750MG SURT X80 SIEG,13.61,,sin_match,score_bajo
cobeca,APLACAL TAB MAST BAN 750MG DISP 30X4 MEY,72.34,,sin_match,score_bajo
cobeca,APLACAL TAB MAST BAN 750MG X10 MEY,9.36,,sin_match,score_bajo
cobeca,APLACAL TAB MAST MENT 750MG DISPX120 MEY,72.34,,sin_match,score_bajo
cobeca,APLACAL TAB MAST MENTA 750MG X10 MEY,9.36,,sin_match,score_bajo
cobeca,APLEXIL TAB REC 550MG X10 COFA,3.27,,sin_match,score_bajo
cobeca,APLICADOR C/ALGODON PLUSMEDIC X100,2.08,,no_farmaco,
cobeca,APOSITO ABSOCL DRES CLORH 10 X 12CM X25,12.12,,no_farmaco,
cobeca,APOSITO BRIUTCARE CIRCULARES X100,6.97,,no_farmaco,
cobeca,APOSITO BRIUTCARE CLAS X20,2.7,,no_farmaco,
cobeca,APOSITO BRIUTCARE FLEXIBLES X20,2.7,,no_farmaco,
cobeca,APOSITO BRIUTCARE KIDS X20,2.7,,no_farmaco,
cobeca,APOSITO BRIUTCARE MIX X20,2.7,,no_farmaco,
cobeca,APOSITO BRIUTCARE TRANSP X20,2.7,,no_farmaco,
cobeca,APOSITO ESTERIL NANOSKIN 10 X 10CM X5,107.31,,no_farmaco,
cobeca,APOSITO PHARMA ALFI F 10CM X 10CM X10,56.38,,no_farmaco,
cobeca,APOSITO PHARMA ALFI F 10CM X 20CM X10,81.76,,no_farmaco,
cobeca,APOSITO PHARMACOLL AG 10CM X 10CM X 10,73.19,,no_farmaco,
cobeca,APOSITO PHARMAP FRAME STYLE 7 X 9CM X20,29.38,,no_farmaco,
cobeca,"APOSITO PHARMAP FRAME STYLE 8,5CM X20",37.6,,no_farmaco,
cobeca,"APOSITO PHARMAP PED 5CM X 5,7CM X20",22.31,,sin_match,score_bajo
cobeca,APRESTO NIAGARA SPRAY HEAVY 567G,7.42,,no_farmaco,
cobeca,APRESTO NIAGARA SPRAY LAVANDA 567G,10.5,,no_farmaco,
cobeca,APRESTO NIAGARA SPRAY ORIG 567G,8.69,,no_farmaco,
cobeca,APRIX CAP BLD 125MG X10 PLN,5.97,,sin_match,score_bajo
cobeca,APROVEL COMP REC 150MG X28 CLX,40.26,,sin_match,score_bajo
cobeca,APYRENE CAP BLD 650MG X10 FC,3.43,,sin_match,sin_candidato
cobeca,AQUATOP CREM REST INTENSIVA X 250G,38.31,,sin_match,sin_candidato
cobeca,AQUATOP LIMP LIQ PH 5.5 X 400ML,25.71,,no_farmaco,
cobeca,"ARANDA CAP 2,5MG/50MG X10 FAR",3.77,E.F.37.211,matched,score=0.663
cobeca,"ARANDA CAP 2,5MG/50MG X30 FAR",10.49,E.F.37.211,matched,score=0.663
cobeca,ARANDA CAP 5MG/100MG X10 FAR,4.58,E.F.37.212,matched,score=0.676
cobeca,ARBIXIL JBE AD 120ML MEY,13.77,,sin_match,score_bajo
cobeca,ARBIXIL JBE PED 120ML MEY,12.52,,sin_match,score_bajo
cobeca,"ARBIXIL SOL GTS PED 7,5MG/5MCG 15ML MEY",7.36,,sin_match,score_bajo
cobeca,ARCILLA P/MODELAR CRAYOLA,8.25,,no_farmaco,
cobeca,ARCOVAL TAB 60MG X10 VLM,5.71,E.F.41.482,matched,score=0.689
cobeca,ARCOVAL TAB 90MG X10 VLM,8.18,E.F.41.483,matched,score=0.689
cobeca,ARENA P/GATOS KATTY CAT 3KG,2.13,,no_farmaco,
cobeca,ARENA P/GATOS KATTY CAT 5KG,3.54,,no_farmaco,
cobeca,ARESAN TAB 40MG X30 BIOTECH,17.96,E.F.40.810,matched,score=0.734
cobeca,ARESAN TAB REC 20MG X10 BIOT,5.51,E.F.40.810,matched,score=0.684
cobeca,ARESAN TAB REC 20MG X30 BIOTECH,11.01,E.F.40.810,matched,score=0.684
cobeca,ARESAN TAB REC 40MG X10 BIOT,8.09,,sin_match,score_bajo
cobeca,ARIPIPRAZOL TAB DESINT 10MGX10 CR MT,5.88,,sin_match,score_bajo
cobeca,ARMONYL TAB REC DIA X20 PLN,6.01,,sin_match,score_bajo
cobeca,ARMONYL TAB REC NOCH X20 PLN,6.88,,sin_match,sin_candidato
cobeca,ARNICA D6 GLOBULOS 30G SANAV,7.16,,no_farmaco,
cobeca,ARNICA FC AER ORIGINAL X 75G,7.26,,sin_match,sin_candidato
cobeca,ARNICA FC FORTE GEL MANGO 250G FC,5.44,,sin_match,score_bajo
cobeca,ARNICA FC FORTE GEL ROLL ON MANGO 90G FC,3.38,,sin_match,score_bajo
cobeca,ARNICA FC GEL CORP PLUS 250G FC,5.68,,sin_match,sin_candidato
cobeca,ARNICA FC GEL ROLL ON 90G FC,3.34,,sin_match,sin_candidato
cobeca,ARNICA FC GEL ROLL ON TERMOACT 90G FC,3.48,,sin_match,sin_candidato
cobeca,ARNICA GEL 250G FC,5.88,,sin_match,sin_candidato
cobeca,ARNICA GEL 80G IND COR,5.77,,sin_match,score_bajo
cobeca,ARNICA GEL ROLL ON 60G IND COR,4.95,,sin_match,score_bajo
cobeca,ARNICA GEL ROLL ON MENTOL 45G RECETT,2.74,,sin_match,score_bajo
cobeca,ARNICA GTS 30ML RECETT,2.54,,sin_match,sin_candidato
cobeca,ARNICA GTS 60ML RECETT,3.26,,sin_match,sin_candidato
cobeca,ARNICA PMDA 60G RECETT,6.29,,no_farmaco,
cobeca,AROMAT MOSQUITAN ADH FAMILY X24,4.32,,no_farmaco,
cobeca,AROMAT MOSQUITAN ADH NIÑO X24,4.32,,no_farmaco,
cobeca,AROMAT MOSQUITAN STICKERS X30,3.25,,no_farmaco,
cobeca,ARTENOLOL TAB 100MG X30 RNV,5.86,E.F.23.768,matched,score=0.844
cobeca,ARTHROCURE PVO P/SOL SOB 10G X 30,48.78,,sin_match,sin_candidato
cobeca,ARTOZ TAB REC 10MG X30 ARVEST,10.3,,sin_match,sin_candidato
cobeca,ARTROSAN CAP X60 WALF,11.99,,sin_match,sin_candidato
cobeca,ARUDIL TAB 15MG X10 FAR,6.46,E.F.41.487,matched,score=0.653
cobeca,ARUDIL TAB 15MG X30 FAR,22.34,E.F.41.487,matched,score=0.653
cobeca,ARUDIL TAB REC 10MG X10 FAR,4.7,,sin_match,score_bajo
cobeca,ARUDIL TAB REC 10MG X30 FAR,11.81,,sin_match,score_bajo
cobeca,ARUDIL TAB REC 20MG X10 FAR,8.25,,sin_match,score_bajo
cobeca,ARUDIL TAB REC 20MG X30 FAR,24.25,,sin_match,score_bajo
cobeca,ASAPROL COMP 81MG X100 LETI,9.91,E.F.32.453,matched,score=0.859
cobeca,ASAPROL COMP 81MG X40 LETI,4.29,E.F.32.453,matched,score=0.859
cobeca,ASARAP COM 10MG X 30,24.46,E.F.42.249,matched,score=0.666
cobeca,ASARAP COMP/REC 15 MG X 30,33.84,,sin_match,score_bajo
cobeca,ASARAP COMP/REC 20 MG X 30,34.97,,sin_match,score_bajo
cobeca,ASCAFYL GRAG X10 MEY,4.74,,sin_match,score_bajo
cobeca,ASCAFYL PLUS TAB X10 MEY,5.42,E.F.17.492,matched,score=0.702
cobeca,ASCAFYL-SC GTS 15ML MEY,6.43,,sin_match,score_bajo
cobeca,ASHWAGANDHA CAP 450MG X30 HERB,10.66,,sin_match,sin_candidato
cobeca,ASHWAGANDHA CAP 450MG X60 HERB,14.06,,sin_match,sin_candidato
cobeca,ASHWAGANDHA CAP 500MG X30 LINOF,8.06,,sin_match,sin_candidato
cobeca,ASPIANDEX TAB REC 81MG X30 PLX,3.18,,sin_match,score_bajo
cobeca,ASPIRADOR NASAL BLESS,6.85,,no_farmaco,
cobeca,ASPRINIL TAB REC 81MG X40 BIOT,3.57,E.F.38.676,matched,score=0.684
cobeca,ASPRINIL TAB REC ENT 81MG X100 BIOT,7.87,E.F.38.676,matched,score=0.614
cobeca,ASTEFOR COMP REC 500MG X10 MEG,8.44,,sin_match,score_bajo
cobeca,"ASTRIMOL TAB REC 2,5MG X30 BIOT",6.6,E.F.43.710,matched,score=0.630
cobeca,ASTRIMOL TAB REC 5MG X30 BIOT,7.68,E.F.43.710,matched,score=0.630
cobeca,ATAMEL FORTE TAB 650MG X10 CLX,3.19,E.F.33.008,matched,score=0.732
cobeca,ATAMEL JBE PED 120MG/5ML 120ML CLX,3.78,,sin_match,score_bajo
cobeca,ATAMEL JBE PED 120MG/5ML 60ML CLX,2.03,,sin_match,score_bajo
cobeca,ATAMEL PLUS TAB 500MG/32MG X10 CLX,3.4,E.F.19.621,matched,score=0.705
cobeca,ATAMEL TAB 500MG X20 CLX,3.79,E.F.19.621,matched,score=0.744
cobeca,ATAPEC COMP REC 25MG X30 FC,4.92,,sin_match,score_bajo
cobeca,ATAPEC TAB 100MG X30 FC,9.09,E.F.43.445,matched,score=0.825
cobeca,ATENOLOL COM 100 MG X 30 GENVEN,10.54,E.F.G.25.816,matched,score=0.698
cobeca,ATENOLOL TAB 100MG X30 BLUE/M,1.52,E.F.G.42.297,matched,score=0.922
cobeca,ATENOLOL TAB 100MG X30 PHARME,7.56,E.F.G.25.816,matched,score=0.878
cobeca,ATENOLOL TAB 50MG X30 BUKA,2.13,E.F.G.25.817,matched,score=0.859
cobeca,ATENOLOL TAB 50MG X30 KIMIC,6.23,E.F.G.25.982,matched,score=0.674
cobeca,ATENOLOL TAB 50MG X30 PHARME,7.32,E.F.G.25.817,matched,score=0.859
cobeca,ATENOLOL TAB 50MG X30 ZUZU,3.08,E.F.G.25.817,matched,score=0.859
cobeca,ATORVACOF TAB 20MG X14 COFA,3.01,E.F.39.468,matched,score=0.738
cobeca,ATORVASTATINA COMP 20MG X10 LETI,4.02,E.F.G.32.690,matched,score=0.902
cobeca,ATORVASTATINA COMP 40MG X30 LETI,17.86,E.F.G.35.911,matched,score=0.902
cobeca,ATORVASTATINA COMP REC 20MG X30 LETI,10.68,E.F.G.36.444,matched,score=0.763
cobeca,ATORVASTATINA COMP/REC 40MG X20 SPEFAR,5.45,,sin_match,score_bajo
cobeca,ATORVASTATINA COMP/REC 80MG X20 SPEFAR,6.58,,sin_match,score_bajo
cobeca,ATORVASTATINA TAB 20MG X14 PHARME,4.13,E.F.G.32.690,matched,score=0.859
cobeca,ATORVASTATINA TAB 20MG X30 ALESS,3,E.F.G.37.775,matched,score=0.800
cobeca,ATORVASTATINA TAB 20MG X30 FMED,2.6,E.F.G.32.690,matched,score=0.859
cobeca,ATORVASTATINA TAB 40 MG X 30 CALOX,9.42,E.F.G.37.775,matched,score=0.929
cobeca,ATORVASTATINA TAB 40MG X30 CR DAC,5.35,E.F.G.35.340,matched,score=0.859
cobeca,ATORVASTATINA TAB 40MG X30 FMED,2.9,E.F.G.35.340,matched,score=0.859
cobeca,ATORVASTATINA TAB REC 20MG X30 PHARME,7.96,E.F.G.32.812,matched,score=0.737
cobeca,ATORVASTATINA TAB REC 20MG X30 VLM,5.43,E.F.G.36.444,matched,score=0.780
cobeca,ATORVASTATINA TAB REC 40MG X14 PHARME,7.92,E.F.G.35.340,matched,score=0.737
cobeca,ATORVASTATINA TAB REC 40MG X30 PHARME,13.17,E.F.G.35.340,matched,score=0.737
cobeca,ATORVASTATINA TAB REC 40MG X30 VLM,10.84,E.F.G.35.340,matched,score=0.737
cobeca,ATOVAROL CAP BLD 20MG X30 VIV,6.87,,sin_match,score_bajo
cobeca,ATOVAROL CAP BLD 40MG X30 VIV,11.03,,sin_match,score_bajo
cobeca,ATRIMON COMP 10MG X10 ADIUM,4.18,E.F.30.954,matched,score=0.757
cobeca,ATRIZINA COMP REC 500MG X5 RNV,5.63,,sin_match,sin_candidato
cobeca,ATROBEL SOL GTS 10MG/ML 15ML RNV,6.5,E.F.40.958,matched,score=0.797
cobeca,ATROPINA SOL INY AMP 1MG/ML X10 CR DIST,7.49,E.F.G.35.376,matched,score=0.875
cobeca,ATROPINA SULFATO AMP 1MG/1ML X10 ZUZU,6.69,E.F.G.35.376,matched,score=0.844
cobeca,ATROVERAN COMP REC 10MG/250MG X10 VARG,5.68,E.F.36.259,matched,score=0.700
cobeca,ATROVERAN FEM COMP REC 10/200MG X10 VARG,5.45,E.F.44.345,matched,score=0.626
cobeca,ATROVERAN PLUS COMP REC 10/500MGX10 VARG,4.78,,sin_match,score_bajo
cobeca,ATROVERAN SOL 10MG/ML 15ML VARG,6.92,E.F.36.259,matched,score=0.930
cobeca,ATROVERAN TAB REC 10MG X10 VARG,6.9,E.F.36.259,matched,score=0.775
cobeca,AUGMENTIN ES PVO/SUS 600MG X100ML GSK,24.23,,sin_match,score_bajo
cobeca,AUGMENTIN PVO/SUSP 400MG/5ML X 70ML GSK,16.92,,sin_match,score_bajo
cobeca,AUGMENTIN TAB 500MG/125MG X 10 GSK,19.96,E.F.25.538,matched,score=0.631
cobeca,AUGMENTIN TAB 875MG/125MG X 14 GSK,34.08,E.F.29.902,matched,score=0.631
cobeca,AUPREL COMP/REC 90MG X 20,24.34,,sin_match,score_bajo
cobeca,AUTOBRONCEADO AUSTRALIAN GOLD DEEP 177ML,16.57,,no_farmaco,
cobeca,AVAFONTAN I SOL INY 1G/2ML X3 CR MT,3.45,,sin_match,sin_candidato
cobeca,AVAFONTAN TAB 500MG X10 CR MT,3.14,,sin_match,sin_candidato
cobeca,AVELOX COM 400 MG X 5,33.18,E.F.30.878,matched,score=0.929
cobeca,AVELOX IV SOL P/INF 400MG/250ML AVPH,29.99,,sin_match,score_bajo
cobeca,AVENA TIGO TRADICIONAL HOJUELAS 400G,1.56,,no_farmaco,
cobeca,"AVODART CAP 0,5MG X30 GLAX",17.27,E.F.34.732,matched,score=0.615
cobeca,"AVOST SOL OFT 0,004% 3ML CAPSUV",13.36,,sin_match,score_bajo
cobeca,AXET-20 TAB 20MG X30 BUKA,7.79,,sin_match,sin_candidato
cobeca,AXOKINE COMP REC 400G X5 LETI,73.18,,sin_match,score_bajo
cobeca,AXOPRAM TAB 20MG X30 TODO,7.88,,sin_match,sin_candidato
cobeca,AZACARD TAB 81MG X30 L.O,3.79,E.F.33.685,matched,score=0.742
cobeca,AZACARD TAB 81MG X60 L.O,6.39,E.F.33.685,matched,score=0.742
cobeca,AZACARD TAB ENT 81MG X100 L.O,7.75,E.F.33.685,matched,score=0.719
cobeca,AZAHAR GTS 30ML RECETT,2.69,,sin_match,sin_candidato
cobeca,AZAHAR PMDA 60G RECETT,6.31,,no_farmaco,
cobeca,AZIMAKROL COMP 1G X2 MEG,6.49,E.F.36.378,matched,score=0.699
cobeca,AZIMAKROL COMP REC 500 X5 MEG,3.25,E.F.36.378,matched,score=0.605
cobeca,AZITRODEX TAB REC 500MG X3 PLX,2.96,E.F.36.516,matched,score=0.648
cobeca,AZITRODEX TAB REC 500MG X5 PLX,4.15,E.F.36.516,matched,score=0.648
cobeca,AZITROMICINA COMP 500MG X5 LETI,10.73,E.F.G.31.564,matched,score=0.957
cobeca,AZITROMICINA PVO SUSP 200MG 15ML CR DAC,3.99,E.F.G.42.509,matched,score=0.839
cobeca,AZITROMICINA SUSP 200MG 15ML PHARME,4.97,E.F.G.42.509,matched,score=0.839
cobeca,AZITROMICINA SUSP 200MG 15ML PORTU,3.88,E.F.G.42.509,matched,score=0.701
cobeca,AZITROMICINA SUSP 200MG/15ML 15ML ANG/H,2.01,E.F.G.42.509,matched,score=0.820
cobeca,AZITROMICINA SUSP 200MG/5ML 15ML BLUE/M,2.29,E.F.G.42.509,matched,score=0.836
cobeca,AZITROMICINA SUSP 200MG/5ML 15ML CR DIST,3.79,E.F.G.42.509,matched,score=0.836
cobeca,AZITROMICINA SUSP 200MG/5ML 15ML FMED,2.29,E.F.G.42.509,matched,score=0.836
cobeca,"AZITROMICINA SUSP 200MG/5ML 22,5ML ALESS",3.1,E.F.G.42.509,matched,score=0.701
cobeca,AZITROMICINA TAB 500 MG X 5 CALOX,2.35,E.F.G.42.465,matched,score=0.929
cobeca,AZITROMICINA TAB 500MG X3 CLX,1.77,E.F.G.31.564,matched,score=0.957
cobeca,AZITROMICINA TAB 500MG X3 CR DIST,1.9,E.F.G.31.564,matched,score=0.957
cobeca,AZITROMICINA TAB 500MG X3 ZUZU,2.02,E.F.G.31.564,matched,score=0.957
cobeca,AZITROMICINA TAB 500MG X5 ALESS,1.88,E.F.G.42.465,matched,score=0.820
cobeca,AZITROMICINA TAB 500MG X5 DIST,3.61,E.F.G.31.564,matched,score=0.957
cobeca,AZITROMICINA TAB REC 500MG X5 ADN,3.21,E.F.G.31.564,matched,score=0.798
cobeca,AZITROMICINA TAB REC 500MG X5 PHARME,3.37,E.F.G.31.564,matched,score=0.798
cobeca,AZITROMICINA TAB REC 500MG X5 VLM,5.06,E.F.G.34.643,matched,score=0.800
cobeca,AZITROMICINA TAB/REC 500MG X 3 LA SANTE,2.27,,sin_match,score_bajo
cobeca,AZUCARADAS LONCH DISP 25G X6,1.88,,sin_match,sin_candidato
cobeca,AZUCARADAS MAIZORITOS 240G,2.47,,no_farmaco,
cobeca,AZUFRE 25G X12 RECETT,9.51,,no_farmaco,
cobeca,AZUFRE PMDA 10% 60G RECETT,5.59,,no_farmaco,
cobeca,AZUFRE PVO 20G,1.21,,sin_match,sin_candidato
cobeca,AZUFRE PVO 25G X20 FCH,27.01,,sin_match,sin_candidato
cobeca,AZUL D/METILENO 30ML LYA,2.45,,no_farmaco,
cobeca,AZUL D/METILENO BIOFARCO 30ML,2.27,,no_farmaco,
cobeca,AZUTAN COLUT 180ML BIOTECH,5.58,,no_farmaco,
cobeca,BACITRACINA UNG 15G KIMIC,3.4,E.F.G.1.645,matched,score=0.715
cobeca,BACITRACINA UNG 15G MEG,5.58,E.F.G.1.645,matched,score=0.891
cobeca,BACITRACINA UNG 15G RNV,3.91,E.F.G.1.645,matched,score=0.891
cobeca,BACITRACINA UNG 500UI 15G SGG,6.96,E.F.G.20.140,matched,score=0.817
cobeca,BACITRACINA UNG 500UI 15G TIAR,3.14,E.F.G.20.140,matched,score=0.817
cobeca,BACITRACINA UNG 500UI 20G CR DAC,3.12,E.F.G.20.140,matched,score=0.817
cobeca,BACITRACINA UNG 500UI/G X 20G DISTRILAB,3.95,E.F.G.20.140,matched,score=0.701
cobeca,BACTEVAL CAP 50MG/250MG X24 VLM,10.05,E.F.14.109,matched,score=0.654
cobeca,"BACTIN D SOL OFT 0,3%/0,1% 5ML CAPSUV",10.58,,sin_match,sin_candidato
cobeca,"BACTIN SOL/OFT 0,3% 5ML CAPSUV",7.57,,sin_match,sin_candidato
cobeca,BACTRIM FORTE TAB 800/160MG X10 MEY,29.94,E.F.35.252,matched,score=0.606
cobeca,BACTRIM TAB 400/80MG X20 MEY,32.61,,sin_match,sin_candidato
cobeca,BACTRIZOL SOL INY 5MG/ML 100ML BHR,8.56,E.F.30.851,matched,score=0.650
cobeca,BACTROCIS CREM 8MG 20G BOOZ,3.06,,sin_match,sin_candidato
cobeca,BACTRON FORTE TAB 160/800MG X10 RNV,8.76,E.F.35.252,matched,score=0.654
cobeca,BACTRON SUSP 100ML RNV,5.04,,sin_match,score_bajo
cobeca,BACTRON TAB 80MG X20 RNV,7.27,E.F.18.573,matched,score=0.620
cobeca,"BACUMER CREM 2%/2,5%/1% 20G BOOZ",4.05,,sin_match,sin_candidato
cobeca,BALANZA CORP DOVANT BIANOVA 300,34.2,,no_farmaco,
cobeca,BALSADER PMDA 30G KIMIC,2.78,,no_farmaco,
cobeca,BALSAMO LABIAL DERNIER REPARADOR X 20G,3.68,,no_farmaco,
cobeca,BALSAMO LIMP DERNIER 50ML,7.45,,no_farmaco,
cobeca,BAN INTIMO PERLAVIS FEMME BIO PLUS 360ML,10.61,,no_farmaco,
cobeca,BAÑ/INTIMO PERLAVIS FEMME 200ML,5.47,,no_farmaco,
cobeca,BAÑ/INTIMO PERLAVIS FEMME 360ML,9.35,,no_farmaco,
cobeca,BAÑ/INTIMO PERLAVIS FEMME TEENS 200ML,5.73,,no_farmaco,
cobeca,BAÑ/INTIMO PERLAVIS HOMME 200ML,10.32,,no_farmaco,
cobeca,BANDAS ADH ELAST ZUVISS PIEL X20,1.55,,no_farmaco,
cobeca,BANDAS ADH ELAST ZUVISS REDOND PIEL X25,1.54,,no_farmaco,
cobeca,BANDAS ADH ZUVISS ELAST MIX PIEL X20,1.54,,no_farmaco,
cobeca,BANDAS ADH ZUVISS ELAST MIX TRANSP X20,1.54,,no_farmaco,
cobeca,BANTINA TAB 100MG X 30 ANGELUS,9.38,,sin_match,sin_candidato
cobeca,BARGONIL UNG 2% 30G MEG,26.23,,sin_match,score_bajo
cobeca,BARGONIL UNG RECTAL 10G MEG,13.64,,sin_match,score_bajo
cobeca,BARRA DERMISA CARBON 85G,13.13,,sin_match,sin_candidato
cobeca,BARRA DERMO BRUCEN CLEAN P/GRASA 90G,4.88,,sin_match,sin_candidato
cobeca,BARRA DERMO BRUCEN CLEAN P/MIXTA 90G,4.88,,sin_match,sin_candidato
cobeca,BARRA DERMO BRUCEN CLEAN P/SECA 90G,5.8,,sin_match,sin_candidato
cobeca,BARRA DERMO LIMP BRUCEN KIDS 90G,5.8,,sin_match,sin_candidato
cobeca,BARRA DERMOLIMP BIOS BEBE LAVANDA X90G,3.13,,sin_match,sin_candidato
cobeca,BARRA DERMOLIMP BIOS BEBE MANZANILLAX90G,3.19,,sin_match,sin_candidato
cobeca,BARRA DERMOLIMP BIOS BEBE NEUTRO X 90G,2.9,,sin_match,score_bajo
cobeca,BARRA DERMOLIMP BIOS BLU X 80G,2.55,,sin_match,sin_candidato
cobeca,BARRA DERMOLIMP BIOS LIMP/FAC X 90G,2.93,,sin_match,sin_candidato
cobeca,BARRA DERMOLIMP BIOS MAXPRO X 80G,2.58,,sin_match,sin_candidato
cobeca,BARRA LIMP BIODERMA ATODERM INTEN 150G,24.3,,sin_match,sin_candidato
cobeca,BARRA NATURE VALLEY TRAIL MIX 35G X48,72,,sin_match,sin_candidato
cobeca,BARRA PRO BAR CARAM SALADO 70G DISP X12,73.65,,sin_match,sin_candidato
cobeca,BARRA PRO BAR PEANUT/CHOCO 70G DISP X12,73.65,,sin_match,sin_candidato
cobeca,BARROCUTINA GEL FAC INVISIBLE 20G FC,8.64,,sin_match,sin_candidato
cobeca,BARROCUTINA GEL LIMP FAC 120ML FC,13.34,,sin_match,sin_candidato
cobeca,BASE D/COLOSTOM PLUSMEDIC 57MM SOB X10,79.86,,sin_match,score_bajo
cobeca,BASE FLUIDA LUMED TONO CLA 40G,24.68,,no_farmaco,
cobeca,BASE P/PASTA SACHET BECHAMEL 50G X24,27.8,,no_farmaco,
cobeca,BASTON D/ALUM DOVANT 1 PUNTO,14.9,,no_farmaco,
cobeca,BASTON D/RASTREO NEXT STEP,15.63,,no_farmaco,
cobeca,BAYGON ESPIRAL X12,2.81,,no_farmaco,
cobeca,BB CREM ZOAH A/EDAD CLARO 50ML,5.38,,sin_match,sin_candidato
cobeca,BB CREM ZOAH A/EDAD MEDIO 50ML,5.38,,sin_match,sin_candidato
cobeca,BEBIDA ACHOCOLATADA LIQ TIGO 200ML,0.96,,no_farmaco,
cobeca,BEBIDA D/ALMENDRAS VILAY S/AZU 1L,3.56,,no_farmaco,
cobeca,BEBIDA HIDRAT GOING LIMON D/COCO 10G X24,52.02,,no_farmaco,
cobeca,BEBIDA HIDRAT GOING UVA 10G X24,52.02,,no_farmaco,
cobeca,BEBIDA LACTEA PVO MONTAÑA FRESCA 125G,1.81,,sin_match,score_bajo
cobeca,BEBIDA LACTEA PVO MONTAÑA FRESCA 400G,5.35,,sin_match,score_bajo
cobeca,BEBIDA LACTEA PVO MONTAÑA FRESCA 900G,11.68,,sin_match,score_bajo
cobeca,BEBIDA PVO NESQUIK CHOCO 570G,10.4,,sin_match,sin_candidato
cobeca,BEBIDA PVO NESQUIK FRESA 532G,6.91,,sin_match,score_bajo
cobeca,BECLOMETASONA INH 100MCG X200 DOSIS ZUZU,10.05,,no_farmaco,
cobeca,BECLOMETASONA INH 250MCG X200D ZUZU,18.82,,no_farmaco,
cobeca,BECLOMETASONA INH 250MCG X200DOSIS KMP,17.46,,no_farmaco,
cobeca,BECLOMETASONA INH 50MCG X200 DOSIS ZUZU,7.45,,no_farmaco,
cobeca,"BECUTENPLUS CREM 0,05/1/0,5% 30G TIAR",3.77,,sin_match,sin_candidato
cobeca,"BEDEX SOL BUCAL 0,15% 120ML PLX",4.97,,sin_match,score_bajo
cobeca,BEHKACIN SOL INY 500MG/2ML X1 BHR.,4.14,E.F.29.957,matched,score=0.726
cobeca,BENCIDAMINA SOL BUCAL 120ML COFA,3.36,E.F.G.29.570,matched,score=0.725
cobeca,BENCIDAMINA SOL BUCAL 240ML COFA,5.11,E.F.G.29.570,matched,score=0.725
cobeca,BENDAMEN SUSP 100MG/5ML 30ML MEY,11.42,E.F.22.165,matched,score=0.684
cobeca,BENDAMEN TAB 100MG X6 MEY,8.77,E.F.21.687,matched,score=0.726
cobeca,BENFLUX JBE 120ML PLN,4.01,,sin_match,score_bajo
cobeca,BENFLUX TAB X20 PLN,5.35,E.F.25.332,matched,score=0.619
cobeca,BENZODIAZOL TAB MAST LIMON X16 MEY,4.56,E.F.39.719,matched,score=0.786
cobeca,BENZODIAZOL TAB MAST MENTA X16 MEY,4.56,E.F.16.799,matched,score=0.603
cobeca,"BENZODIAZOL TAB MAST NAR 0,25/5MGX16 MEY",4.56,,sin_match,score_bajo
cobeca,BENZODIAZOL TAB TUTTI FRUTI DISP X4 MEY,29.34,E.F.33.045,matched,score=0.659
cobeca,BENZODIAZOL TAB TUTTI FRUTI X16 MEY,4.56,E.F.33.045,matched,score=0.643
cobeca,BENZODIAZOL TABMAST LIM/MIEL X16 SIEG,4.56,,no_farmaco,
cobeca,"BEPRODERM CREM 0,05%/0,1% 15G BIOTECH",6.23,E.F.38.253,matched,score=0.688
cobeca,BEPROSPEN SUSP INY 7MG/ML + JER X1 BIOT,11.51,,sin_match,sin_candidato
cobeca,BEPROSPEN SUSP/INY 7MG/ML X 1 AMP,9.12,,sin_match,sin_candidato
cobeca,BERBERINA CAP 500MG X60 HERB,25.17,,sin_match,sin_candidato
cobeca,BERRO JBE 120ML RECETT,3.51,,sin_match,sin_candidato
cobeca,BERRO JBE 240ML ARC IRIS,10.65,,sin_match,sin_candidato
cobeca,BERRO JBE X 180ML BIOF,4.97,,sin_match,sin_candidato
cobeca,BERRYDOPHILUS TAB/MAST 2BILLION X 60,22.86,,sin_match,sin_candidato
cobeca,BETADAC SUSP INY 4MG/3MG/ML X1 CR DAC,4.27,,sin_match,sin_candidato
cobeca,BETADERM GENTAMICINA CREM 15G BIOTECH,6.03,E.F.16.167,matched,score=0.737
cobeca,"BETADEX CREM 15G 0,1% LIALI",1.81,,sin_match,sin_candidato
cobeca,BETADINE JAB 180ML FAR,14.3,,sin_match,score_bajo
cobeca,BETADINE SOL 120ML FAR,8.73,E.F.26.475,matched,score=0.650
cobeca,"BETADUO INY 6,460MG/2,631MG/1ML X1 VIV",8.74,E.F.37.878,matched,score=0.625
cobeca,"BETAGEMER CREM 0,1%/0,1% 20G BOOZ",4.52,,sin_match,sin_candidato
cobeca,BETAGEN AMP 4MG/1ML X1 BIOTECH,4.86,E.F.16.114,matched,score=0.761
cobeca,BETAGEN SOL INY 12MG/3ML X1 BIOTECH,8.21,E.F.34.949,matched,score=0.739
cobeca,BETAGEN SOLSPEN AMP 1ML X1 BIOTECH,9.04,E.F.16.115,matched,score=0.714
cobeca,BETAHISTINA COMP REC 16MG X20 ZUZU,5.51,E.F.G.38.280,matched,score=0.737
cobeca,BETAHISTINA TAB 16MG X20 FMED,2.02,E.F.G.38.280,matched,score=0.859
cobeca,BETAHISTINA TAB 16MG X20 PHARME,7.99,E.F.G.38.280,matched,score=0.859
cobeca,"BETAME/GENTA/CLOTR CREM 0,5/1/10MG ALESS",2.48,,sin_match,sin_candidato
cobeca,"BETAMER CREM 0,1% 20G BOOZ",4.31,,sin_match,sin_candidato
cobeca,BETAMET/CLOTRIM/GENTAM CREM 30G KM,3.97,,sin_match,sin_candidato
cobeca,"BETAMETASONA CREM 0,05% 20G HM",2.71,E.F.G.42.631,matched,score=0.739
cobeca,"BETAMETASONA CREM 0,5% 20G ANG/H",4.4,E.F.G.42.631,matched,score=0.739
cobeca,BETAMETASONA INY 4MG/1ML X1 VLM,4.27,E.F.G.36.271,matched,score=0.913
cobeca,BETAMETASONA SOL INY 8MG/2ML X10 CR DIST,17.88,E.F.G.36.271,matched,score=0.783
cobeca,"BETAMETASONA/LORAT JBE 0,05/1MG 100ML HM",1.04,,sin_match,score_bajo
cobeca,"BETAPLUS CREM 0,05% 20G PORTU",2.99,,sin_match,sin_candidato
cobeca,"BETARRETIN CREM 0,025% 30G MEG",11.95,,sin_match,score_bajo
cobeca,"BETARRETIN CREM 0,05% 30G MEG",14.42,,sin_match,score_bajo
cobeca,"BETARRETIN GEL 0,025% 30G MEG",13.38,,sin_match,score_bajo
cobeca,BETARRETIN H CREM 5% 30G MEG,16.1,,sin_match,score_bajo
cobeca,BETARRETIN H LOC 5% 60ML MEG,20.52,,sin_match,score_bajo
cobeca,"BETARRETIN LOC 0,05% 60ML MEG",19.35,,sin_match,score_bajo
cobeca,"BETASALICIS CREM 0,1%/0,05% 20G BOOZ",4.03,,sin_match,sin_candidato
cobeca,"BETASKIN CREM TOP 0,05% 15G TIAR",2.51,,sin_match,sin_candidato
cobeca,BETASOL UNG 30G SEF,5.78,,sin_match,sin_candidato
cobeca,BETAYODINE SOL 10% X100ML LYA,8.45,,sin_match,sin_candidato
cobeca,BETAYODINE SOL/JAB LYA 10% X 100 ML,8.87,,sin_match,sin_candidato
cobeca,BEUSAN JBE CEBOLLA MORAD 240ML HERB,5.32,,sin_match,sin_candidato
cobeca,BEUSAN JBE EXPECTORANTE 240ML HERB,6.07,,sin_match,sin_candidato
cobeca,BEUSAN JBE PLUS 240ML HERB,6.07,,sin_match,sin_candidato
cobeca,"BEXADERM CREM 1%/0,01%/0,05% 20G PORTU",3.27,,sin_match,sin_candidato
cobeca,BEXILON JAB 4MG/5ML 120ML PLX,3.53,E.F.22.866,matched,score=0.655
cobeca,BICARBONATO D/SOD 20G LYA,1.7,,no_farmaco,
cobeca,BICARBONATO D/SOD 25G X30 FCH,38.57,,no_farmaco,
cobeca,BICARBONATO D/SOD SOL INY 5% 100ML BHR,11.09,E.F.G.32.578,matched,score=0.612
cobeca,"BICOL COMP REC 160/12,5MG X14 MEY",14.18,,sin_match,sin_candidato
cobeca,"BICOL COMP REC 80MG/12,5MG X14 MEY",7.45,,sin_match,sin_candidato
cobeca,"BILOL TAB REC 2,5MG X10 ALESS",1.15,E.F.42.551,matched,score=0.647
cobeca,BIOCOR AMLO TAB REC 20MG/5MG X30 CLX,14.88,E.F.41.747,matched,score=0.645
cobeca,BIOCOR AMLO TAB REC 40MG/5MG X30 CLX,22.3,E.F.41.748,matched,score=0.645
cobeca,BIOCOR TAB REC 20MG X30 CLX,12.62,E.F.41.747,matched,score=0.622
cobeca,BIOCOR TAB REC 40MG X30 CLX,21.66,E.F.41.691,matched,score=0.684
cobeca,"BIOCOR/HCT TAB 20MG/12,5MG X30 CLX",16.13,E.F.41.747,matched,score=0.705
cobeca,"BIOCOR/HTC TAB REC 40MG/12,5MG X30 CLX",19.47,,sin_match,score_bajo
cobeca,BIODERMA PHOTODERM AR SPF50+ 30ML,32.78,,no_farmaco,
cobeca,BIODERMA PIGMENTBIO DAILY SPF50+ 40ML,41.19,,no_farmaco,
cobeca,BIODERMA PIGMENTBIO NIGHT RENEWER 50ML,52.18,,no_farmaco,
cobeca,BIODERMA PIGMENTBIO SENSITIVE AREAS 75ML,41.19,,no_farmaco,
cobeca,BIODERMA SEBIUM H2O SOL X 100 ML,20.09,,sin_match,sin_candidato
cobeca,BIOFENIT AMP IV/IM 250MG/5ML X10 CR BIO,12.64,,sin_match,sin_candidato
cobeca,BIOMYCIN SOL OFT 3MG/ML X5ML CR BIO,3.4,,sin_match,score_bajo
cobeca,BIOS SYNDET LIGHTFILL 400ML,21.44,,no_farmaco,
cobeca,BIOSONA PVO LIOFIZ VIAL 500MG X1 CR BIO,12.53,,sin_match,score_bajo
cobeca,BIOTALOL COM/REC 2.5MG X 10,3.68,E.F.38.247,matched,score=0.658
cobeca,BIOTALOL COM/REC 5 MG X 10,5.11,E.F.38.247,matched,score=0.669
cobeca,"BIOTALOL COMP REC 1,25MG X30 LETI",10.56,E.F.42.096,matched,score=0.632
cobeca,BIOTALOL COMP REC 10MG X30 LETI,19.46,E.F.38.403,matched,score=0.632
cobeca,"BIOTALOL COMP REC 2,5MG X30 LETI",11,E.F.38.247,matched,score=0.679
cobeca,BIOTALOL COMP REC 5MG X30 LETI,13.55,E.F.38.247,matched,score=0.679
cobeca,"BIOTALOL HCT COMP 10MG/6,25MG X30 LETI",20.87,E.F.38.403,matched,score=0.744
cobeca,"BIOTALOL HCT COMP 5MG/6,25MG X30 LETI",23.29,E.F.38.247,matched,score=0.768
cobeca,"BIOTALOL HCT COMP REC 2,5/6,25MGX30 LETI",11.5,,sin_match,score_bajo
cobeca,BIOTIC HC SOL 1% X5ML CR BIO,8.23,,sin_match,sin_candidato
cobeca,"BIOTILOL SOL OFT 0,5% X10 ML CR BIO",3.95,,sin_match,sin_candidato
cobeca,BIOTINA CAP 5000MCG X30 VAL,11.75,,sin_match,sin_candidato
cobeca,BIOTOPIX SPF50+ 50G,33.12,,no_farmaco,
cobeca,BIPRIN CAP BLD 300MG X10 VIV,7.45,E.F.28.126,matched,score=0.606
cobeca,"BIPROLIL COM/REC 1,25MG X 30",5.1,E.F.44.259,matched,score=0.637
cobeca,"BIPROLIL COMP REC 2,5MG X15 VARG",3.42,E.F.44.259,matched,score=0.685
cobeca,"BIPROLIL COMP REC 2,5MG X30 VARG",5.61,E.F.44.259,matched,score=0.685
cobeca,BIPROLIL COMP REC 5MG X15 VARG,4.87,E.F.44.259,matched,score=0.685
cobeca,BIPROLIL COMP REC 5MG X30 VARG,6.36,E.F.44.259,matched,score=0.685
cobeca,"BIPROLIL HCT COMP REC 2,5/6,25MGX30 VARG",6.92,,sin_match,score_bajo
cobeca,"BIPROLIL HCT COMP REC 5/6,25MG X30 VARG",6.92,E.F.44.259,matched,score=0.606
cobeca,BIRGIT COMP REC 100MG X10 MEG,4.42,,sin_match,score_bajo
cobeca,BIRGIT COMP REC 100MG X30 MEG,16.23,,sin_match,score_bajo
cobeca,BIRGIT PLUS COM/REC 50MG/1000MG X 30,28.18,,sin_match,score_bajo
cobeca,BIRGIT PLUS COMP REC 50MG/500MG X30 MEG,23.12,,sin_match,score_bajo
cobeca,BIRGIT PLUS COMP REC 50MG/850MG X30 MEG,28.57,,sin_match,score_bajo
cobeca,BISACODILO TAB 5MG X 10 FM,1.83,E.F.G.43.626,matched,score=0.891
cobeca,"BISMUALIV SUSP/ORAL 87,33MG/5ML X 150ML",5.38,,sin_match,sin_candidato
cobeca,BISOBLOC TAB 10MG X30 GFARM,13.97,,sin_match,score_bajo
cobeca,"BISOBLOC TAB 2,5MG X30 GFAR",9.16,E.F.40.280,matched,score=0.770
cobeca,BISOBLOC TAB 5MG X30 GFAR,12.14,E.F.40.280,matched,score=0.770
cobeca,"BISOBLOC/HCT TAB 10MG/6,25MG X30 GFARM",16.48,,sin_match,score_bajo
cobeca,"BISOBLOC/HCT TAB 2,5MG/6,25MG X30 GFAR",11.47,E.F.40.280,matched,score=0.624
cobeca,"BISOBLOC/HCT TAB 5/6,25MG X30 GFAR",16.48,E.F.40.280,matched,score=0.618
cobeca,"BISOPROLOL FUM TAB 2,5MG X30 ALESS",3.13,E.F.G.38.626,matched,score=0.781
cobeca,"BISOPROLOL FUMARATO COMP 2,5MG X30 LETI",6.28,E.F.G.39.140,matched,score=0.957
cobeca,BISOPROLOL FUMARATO COMP 5MG X30 LETI,8.18,E.F.G.39.140,matched,score=0.957
cobeca,"BISOPROLOL TAB 1,25MG X 30 CALOX",3.86,E.F.G.36.891,matched,score=0.902
cobeca,BISOPROLOL TAB 10MG X30 ANG/H,2.48,E.F.G.42.421,matched,score=0.859
cobeca,BISOPROLOL TAB 10MG X30 CLX,11.12,E.F.G.43.801,matched,score=0.902
cobeca,"BISOPROLOL TAB 2,5MG X 30 CALOX",4.19,E.F.G.44.328,matched,score=0.957
cobeca,BISOPROLOL TAB 2.5MG X 30 ANGELUS,1.79,E.F.G.38.626,matched,score=0.808
cobeca,BISOPROLOL TAB 5MG X 30 CALOX,5.66,E.F.G.44.328,matched,score=0.957
cobeca,"BISOPROLOL/HCT TAB 2,5/6,25MG X15 ALESS",2.13,E.F.G.43.390,matched,score=0.727
cobeca,BITRILVA TAB 100MG X30 ZORIAK,25.74,,sin_match,sin_candidato
cobeca,BITRILVA TAB 50MG X 30,22.52,,sin_match,sin_candidato
cobeca,"BLOCAX PLUS TAB 16MG/12,5MG X10 BIOT",5.66,E.F.40.147,matched,score=0.641
cobeca,"BLOCAX PLUS TAB 16MG/12,5MG X30 BIOTECH",14.99,E.F.40.147,matched,score=0.641
cobeca,BLOCAX TAB 16MG X10 BIOT,5.09,E.F.40.147,matched,score=0.652
cobeca,BLOCAX TAB 16MG X30 BIOTECH,9.47,E.F.40.147,matched,score=0.652
cobeca,BLOCAX TAB 8MG X 10,3.58,E.F.41.273,matched,score=0.645
cobeca,BLOCAX TAB 8MG X30 BIOTECH,7.56,E.F.41.273,matched,score=0.661
cobeca,BLOCK CARIBE ESPIRAL DIBUJO X1,3.06,,no_farmaco,
cobeca,BLOCK SOLITA CARTULINA/CONSTRUCCION 10H,2.45,,no_farmaco,
cobeca,BLOKIUM COMP 100MG X30 LETI,33.76,E.F.22.761,matched,score=0.617
cobeca,BLOKXA TAB REC 10MG X14 CLX,5.58,,sin_match,score_bajo
cobeca,BLOKXA TAB REC 10MG X28 CLX,9.53,,sin_match,score_bajo
cobeca,BLOKXA TAB REC 15MG X28 CLX,14.03,,sin_match,score_bajo
cobeca,BLOKXA TAB REC 20MG X14 CLX,10.36,,sin_match,score_bajo
cobeca,BLOKXA TAB REC 20MG X28 CLX,17.82,,sin_match,score_bajo
cobeca,BLUDHES TAB REC 500MG X30 BLUE,11.45,,sin_match,sin_candidato
cobeca,BLUFEN PLUS TAB 800MG X10 BLUE/M,0.61,,sin_match,sin_candidato
cobeca,BLUXCEDRIN TAB/REC 250MG/250MG/65 X 10,1.53,,sin_match,sin_candidato
cobeca,BLUXIMA PVO SUSP 100MG/5ML 60ML BLUE/M,3.9,,sin_match,sin_candidato
cobeca,BOLA D/MASAJE KT RECOVERY FRIO/CALOR,81.6,,no_farmaco,
cobeca,BOLARIA COMP REC 16MG X60 MEG,19.87,,sin_match,score_bajo
cobeca,BOLIKRUNCH MUNCHY 85G,1.01,,no_farmaco,
cobeca,BOLIKRUNCH XXL X 180G,2.04,,no_farmaco,
cobeca,BOLSA D/COLOSTOM PLUSMEDIC 57MM 5PAQ X 2,60.93,,no_farmaco,
cobeca,BOLSA D/ORINA BRIUT C/VALVULA 2000ML X10,23.64,,no_farmaco,
cobeca,BOLSA D/ORINA PLUSMEDIC ESTERIL 2L X10,10.11,,no_farmaco,
cobeca,BOLSA D/SANGRE PLUSMEDIC CPDA-1 450ML X2,10.38,,no_farmaco,
cobeca,BOLSA P/HIELO PLUSMEDIC BLESS,8.77,,no_farmaco,
cobeca,BOLSO ECOLOGICO AUTANA REUTILIZABLE II,6.87,,no_farmaco,
cobeca,BOLSO ECOLOGICO AUTANA REUTILIZABLE III,6.87,,no_farmaco,
cobeca,BOLSO ECOLOGICO BAN,6.87,,no_farmaco,
cobeca,BOLSO ECOLOGICO LIMON,6.87,,no_farmaco,
cobeca,BOMBON NESTLE ESPECIAL 251G,6.8,,no_farmaco,
cobeca,BON O BON BLANCO/CREM MANI DISP 15G X 15,9.26,,sin_match,sin_candidato
cobeca,BON O BON BLANCO/CREM MANI DISP 15G X 30,9.26,,sin_match,sin_candidato
cobeca,BON O BON CHOCO CHOCO DISP 15G X 15,5.26,,sin_match,sin_candidato
cobeca,BON O BON CHOCO-CHOCOFRESA 15G X 5,1.89,,no_farmaco,
cobeca,BON O BON CHOCO-COOKIES & CREAM 15G X 30,9.26,,no_farmaco,
cobeca,BON O BON CHOCO/CREM MANI DISP 15G X 15,5.26,,sin_match,sin_candidato
cobeca,BON O BON CHOCO/CREM MANI DISP 15G X 30,9.26,,sin_match,sin_candidato
cobeca,BONAC GEL 4% 30G MEG,18.44,,sin_match,score_bajo
cobeca,BONAMES TAB REC 150MG FAR,4.36,,sin_match,score_bajo
cobeca,BONITROP GRAG 100MG X20 COFA,7.18,,sin_match,sin_candidato
cobeca,BOOZ SPORT CREM 40G BOOZ,2.17,,sin_match,sin_candidato
cobeca,BORIFEM CAP/VAG X 30,12.48,,sin_match,sin_candidato
cobeca,BORIFEM CREM INTIMA 2% X 25G,9.55,,sin_match,sin_candidato
cobeca,BORRADOR KORES DUST NEON X 1,0.61,,no_farmaco,
cobeca,BORRADOR NATA 624 X 24,9.62,,no_farmaco,
cobeca,BORRADOR SOLITA ATOMIC,1.66,,no_farmaco,
cobeca,BOTELLA MANAPLAS ELEGANCE MED X 1.10L,3.24,,no_farmaco,
cobeca,BOTELLA MANAPLAS ELEGANCE MINI X 0.29L,1.66,,no_farmaco,
cobeca,BOTELLA SAN REMO INDIVIDUAL 810ML,4.81,,no_farmaco,
cobeca,BRAL TAB 500MG BLIS 25X4 BIOTECH,27.52,,sin_match,score_bajo
cobeca,BRASARTAN CAP 80MG X30 FAR,13.04,E.F.35.863,matched,score=0.801
cobeca,"BRASARTAN CTDN TAB REC 80/12,5MG X10 FAR",5.74,E.F.42.224,matched,score=0.683
cobeca,"BRASARTAN CTDN TAB REC 80/12,5MG X30 FAR",15.81,E.F.42.224,matched,score=0.683
cobeca,"BRASARTAN CTDN TAB/REC 160MG-12,5MG X 30",32.79,E.F.35.864,matched,score=0.638
cobeca,BREINOX TAB 800MG X30 FAR,15.19,E.F.22.276,matched,score=0.651
cobeca,BRESIS COMP REC 600MG X20 MEG,8.96,,sin_match,score_bajo
cobeca,BRESIS COMP REC 600MG X30 MEG,12.21,,sin_match,score_bajo
cobeca,BRESIS PLUS COM/REC 500MG X 30,18.31,,sin_match,score_bajo
cobeca,BREXIN GTS 100MG/ML FRESA 15ML COFA,3.1,E.F.21.818,matched,score=0.624
cobeca,BREXIN JBE 180MG/5ML 120ML COFA,2.77,,sin_match,score_bajo
cobeca,"BRIMOPRESS SOL OFT 0,2% 5ML MEG",14.68,,sin_match,score_bajo
cobeca,BRIXIA SOL/OFT X 6ML,12.86,,sin_match,score_bajo
cobeca,BRODILIN JBE PED 120ML VARG,5.77,,sin_match,score_bajo
cobeca,BROFLEMA JBE 8MG/5 ML 120ML BIOTECH,4.03,E.F.39.097,matched,score=0.638
cobeca,BROFLEMA SOL ORAL 4MG/5ML PED 120ML BIOT,3.78,,sin_match,score_bajo
cobeca,BROLAT JBE 5MG/30MG 60ML MEY,6.68,,sin_match,score_bajo
cobeca,BROLAT TAB 5MG/30MG X10 MEY,4.9,E.F.40.082,matched,score=0.658
cobeca,BROM D/IPRAT INH 20MCG X200D ZUZU,13.32,,no_farmaco,
cobeca,BROM IPRAT-SALB INH 20/100MCG X200 ZUZU,16.65,,no_farmaco,
cobeca,BROM IPRATROP INH 20MCGX200DOSIS CR DIST,26.94,,no_farmaco,
cobeca,BROMAZEPAM COM 3 MG X 30 MEGALABS,8.44,E.F.G.31.206,matched,score=0.867
cobeca,BROMAZEPAM COMP 6MG X30 MEG,10.13,E.F.G.31.207,matched,score=0.935
cobeca,BROMECOR JBE 4MG/5ML 120ML BIOQ,4.05,,sin_match,sin_candidato
cobeca,BROMEXINA JBE 100ML COFA,1.9,E.F.G.26.069,matched,score=0.722
cobeca,BROMEXINA JBE 120ML PLN,3.65,E.F.G.26.069,matched,score=0.722
cobeca,BROMEXINA JBE 4MG/5ML 120ML BIOQ,4.45,E.F.G.40.260,matched,score=0.759
cobeca,BROMEXINA JBE 8MG/5ML 120ML ADN,3.18,E.F.G.26.069,matched,score=0.802
cobeca,BROMHEXINA CLORH JBE 8MG/ML 120ML BIOQ,4.53,E.F.G.35.158,matched,score=0.771
cobeca,BROMHEXINA JBE PED4MG/5ML 120ML PHARME,4.57,E.F.G.36.318,matched,score=0.759
cobeca,BROMURO D/IPRATROP INH 20MCG X200 KMP,26.23,,no_farmaco,
cobeca,BROMURO D/IPRATROP SOL 250MCG/20ML MEDV,16.1,E.F.G.44.085,matched,score=0.666
cobeca,BROMURO D/TIOTROP INH 9MCG X200D KMP,39.99,,no_farmaco,
cobeca,BRONCEADOR BIORGANIC CREM SPF 4 X 200G,3.34,,sin_match,sin_candidato
cobeca,BRONCEADOR DERNIER CREM SPF 2 X 75G,5.37,,sin_match,sin_candidato
cobeca,BRONCEADOR DERNIER CREM SPF 2 X1605G,5.63,,sin_match,sin_candidato
cobeca,BROXOL ALERG SOLORAL30/5/5ML 100MLPHARME,8.05,,no_farmaco,
cobeca,BROXOL FLEM JBE AD 120ML PHARME,8.01,,sin_match,score_bajo
cobeca,BROXOL FLEM JBE PED 120ML PHARME,6.79,,sin_match,score_bajo
cobeca,BROXOL GRIP JBE PED 120ML PHARME,6.77,,sin_match,score_bajo
cobeca,BROXOL JBE PED 50/5ML S/AZU 120ML PHARME,5.62,,sin_match,score_bajo
cobeca,BROXOL TOS AD S/AZUC JBE X 120 ML,6.83,,sin_match,score_bajo
cobeca,BRUDOL COMP REC 200MG/65MG X20 ELM,3.97,,sin_match,score_bajo
cobeca,BRUDOL COMP REC 400MG/65MG X20 ELM,4.58,,sin_match,score_bajo
cobeca,BRUGESIC COMP 400MG X10 ELM,2.06,E.F.19.149,matched,score=0.678
cobeca,BRUGESIC COMP REC 200MG X10 ELM,1.71,,sin_match,score_bajo
cobeca,BRUGESIC FORTE COMP 800MG X10 ELM,6.09,E.F.40.290,matched,score=0.704
cobeca,BRUGESIC FORTE PED SUSP 60ML ELM,3.61,E.F.36.416,matched,score=0.604
cobeca,BRUGESIC GRAG 600MG X10 ELM,3.22,,sin_match,score_bajo
cobeca,BRUGESINA COMP REC 300MG/10MG X10 ELM,5.13,,sin_match,score_bajo
cobeca,BRUMA SOLAR AGRADO FACIAL SPF 50+ X 75ML,8.7,,no_farmaco,
cobeca,BUCALEX CARAM 3MG X10 DISK,2.84,,no_farmaco,
cobeca,BUCOFAINA TAB 3MG MIEL/LIMON X12 MAGNA,2.87,E.F.41.132,matched,score=0.671
cobeca,"BUCOXOLGAR 0,15/0,25 % MIEL120ML PHARME",5.55,,no_farmaco,
cobeca,"BUCOXOLGAR 0,15/0,25% F/ROJ 120ML PHARME",5.55,,no_farmaco,
cobeca,"BUCOXOLGAR 0,15/0,25% MENTA 120ML PHARME",5.55,,no_farmaco,
cobeca,BUCOXOLGAR TAB MAST 3/1MG F/ROJX10PHARME,3.77,,sin_match,score_bajo
cobeca,BUCOXOLGAR TAB MAST 3/1MG MENTX10 PHARME,4.18,,sin_match,score_bajo
cobeca,BUDECORT AER INH 200MCG X100DOSIS L.O,12.86,,sin_match,score_bajo
cobeca,BUDECORT SUSP P/INH 1 MG/ML X 15ML,13.5,,sin_match,score_bajo
cobeca,BUDENAS SUSP ATO 1MG X200DOSIS L.O,17.16,,sin_match,score_bajo
cobeca,BUDENAS SUSP NASAL GTS 32MCG 15ML L.O,16.64,E.F.13.715,matched,score=0.625
cobeca,BUDEQUIT SUSP INH 1MG/1ML X10ML CR 2N,5.64,E.F.44.539,matched,score=0.610
cobeca,BUDESONIDA INH 100MCG X200 DOSIS ZUZU,6.86,,no_farmaco,
cobeca,BUDESONIDA INH 200MCG X200DOSIS CR DIST,16.82,,no_farmaco,
cobeca,BUDESONIDA INH PED 50MCG X200DOSIS MDF,21.27,,sin_match,score_bajo
cobeca,BUDESONIDA/FORMOTEROL SUSP P/INH 120D KM,19.14,,sin_match,score_bajo
cobeca,BUMELEX AMP 2ML X3 MEG,11.17,E.F.24.616,matched,score=0.752
cobeca,BUMELEX COM 1 MG X 30,19.87,E.F.22.582,matched,score=0.752
cobeca,BUMELEX COMP 1MG X16 MEG,10.39,E.F.22.582,matched,score=0.752
cobeca,BUMETIN RETARD TAB 300MG X20 PHARME,12.05,E.F.32.358,matched,score=0.711
cobeca,"BUPIVACAINA INY 0,50% 10ML MEDV",4.68,E.F.G.43.908,matched,score=0.902
cobeca,BURETA PLUSMEDIC CALIBRA/ESTE 150ML X10,23.4,,no_farmaco,
cobeca,BURETA PLUSMEDIC CALIBRA/ESTER 100ML X10,22.5,,no_farmaco,
cobeca,BUSCOSYN TAB 10MG X20 DOLLY,6.21,,sin_match,sin_candidato
cobeca,BUTAL TAB REC 8MG X20 SIEG,7.05,,sin_match,score_bajo
cobeca,BUTAL TAB/REC 16MG X 10 MEYER,7.56,,sin_match,score_bajo
cobeca,BUTAL TAB/REC 16MG X 20 MEYER,14.38,,sin_match,score_bajo
cobeca,BUTILAMINA COMP TAB REC X20 PLX,7.24,E.F.23.141,matched,score=0.633
cobeca,BUTILATT PLUS TAB 500MG/10MG X10 CR LATT,5.58,,sin_match,sin_candidato
cobeca,BUTILATT TAB 10MG X10 CR LATT,5.19,,sin_match,sin_candidato
cobeca,BUTILBROM D/HIOSCINA TAB 10MG X10 DIST,5.69,E.F.G.37.101,matched,score=0.734
cobeca,BUTILBROM D/HIOSCINA TAB 10MGX10 BLUE/M,1.84,E.F.G.43.037,matched,score=0.688
cobeca,BUTILBROM D/HIOSCINA TAB 10MGX14 CR LATT,3.9,E.F.G.43.037,matched,score=0.688
cobeca,BUTILLAT SOL ORAL 5MG/5ML 20ML CR LATT,3.27,,sin_match,sin_candidato
cobeca,BUTOSOL INH X200DOSIS MDF,17.87,,no_farmaco,
cobeca,BUTROPINA GTS PED 20ML VIN,6.49,,sin_match,score_bajo
cobeca,CAB-5 TAB 5MG X30 CAPSUV,2.64,,sin_match,sin_candidato
cobeca,CABERTRIX COM 0.5MG X 4,10.55,E.F.37.532,matched,score=0.787
cobeca,CABEZAL P/CEPILLO ICEBERG SONIC KIDS X2,7.54,,no_farmaco,
cobeca,CABEZALES CEPILLO DENT ICEBERG X2,5.83,,sin_match,sin_candidato
cobeca,CABOZERO CAP X60 HERB,13.29,,sin_match,sin_candidato
cobeca,CADENA P/LENTES KATENA ACRILICA VARIOS,6.25,,no_farmaco,
cobeca,CADENA P/LENTES KATENA VARIOS,3.75,,no_farmaco,
cobeca,CAFE LA PROTECTORA GOURMET 100G,1.45,,no_farmaco,
cobeca,CAFE LA PROTECTORA GOURMET 200G,2.91,,no_farmaco,
cobeca,CAFE LA PROTECTORA GOURMET 250G,3.79,,no_farmaco,
cobeca,CAFE LA PROTECTORA GOURMET 500G,7.28,,no_farmaco,
cobeca,CAFE NESCAFE CLASICO DECAF 100G,7.59,,no_farmaco,
cobeca,CAFE OSOLE X 200G,2.64,,no_farmaco,
cobeca,CAFE OSOLE X 500G,6.57,,no_farmaco,
cobeca,CAFE SAN DOMINGO 1KG,19.22,,no_farmaco,
cobeca,CAFE SAN DOMINGO 200G,3.84,,no_farmaco,
cobeca,CAFE SAN DOMINGO 500G,9.61,,no_farmaco,
cobeca,CAFE VERDE CAP 450MG X60 HERB,10.45,,sin_match,sin_candidato
cobeca,CALAMICIS LOC 200ML BOOZ,3.9,,sin_match,sin_candidato
cobeca,CALAMINA LOC/TOPICA REFRESC X 110ML BIOF,4.97,,sin_match,score_bajo
cobeca,CALAMINA LOC/TOPICA REFRESC X 180ML BIOF,7.06,,sin_match,score_bajo
cobeca,CALCIBON D TAB REC 1500MG/800UI X30 FAR,12.76,,sin_match,score_bajo
cobeca,CALCIBON NATAL FORTE TAB X30 FAR,10.56,E.F.30.197,matched,score=0.607
cobeca,CALCIFOR PRENATAL TAB X 30,16.42,,sin_match,sin_candidato
cobeca,CALCIO C/VIT D TAB 600MG X30 NAT NUT,11.61,,sin_match,score_bajo
cobeca,CALCIO/MAGNES/ZINC CAP X60 CR DP,4.94,E.F.G.42.932,matched,score=0.608
cobeca,CALCIO/VIT D TAB 600MG/400UIX60 ARC IRIS,9.29,,sin_match,score_bajo
cobeca,CALCITREX D3 TAB 950MG/200UI X30 L.O,14.49,E.F.34.121,matched,score=0.739
cobeca,CALDO D/POLLO MAGGY DISP 35G X12,9.07,,sin_match,sin_candidato
cobeca,CALEN/MANZ/ZAB GEL 60G RECETT,4.4,,sin_match,sin_candidato
cobeca,CALMOX TAB 15MG X10 MEY,6.82,E.F.30.823,matched,score=0.622
cobeca,CALMOX TAB 15MG X20 MEY,9.21,E.F.30.823,matched,score=0.622
cobeca,"CALMOX TAB 7,5MG X10 MEY",5.32,E.F.30.822,matched,score=0.655
cobeca,CALOXPIRINA TAB 81MG X30 CLX,2.09,E.F.36.763,matched,score=0.859
cobeca,CALOXPIRINA TAB ENTERICAS 81MG X100,5.52,E.F.36.763,matched,score=0.900
cobeca,CALPAL D TAB 1500MG X30 BIOTECH,15.95,,sin_match,score_bajo
cobeca,CAMOLYN PLUS SOL OFT 15ML,5.02,,sin_match,score_bajo
cobeca,CAMPAL CREM 1% 50G MEY,12.84,E.F.25.320,matched,score=0.656
cobeca,CAMPAL CREM 20G MEY,8.16,,sin_match,score_bajo
cobeca,"CAMPAL GEL 1,16 % 25G SIEG",5.01,,sin_match,score_bajo
cobeca,"CAMPAL GEL 1,16% 50G SIEG",8.95,E.F.25.320,matched,score=0.688
cobeca,CAMPAL GRAG X20 MEY,5.95,E.F.25.320,matched,score=0.750
cobeca,"CANDER HCT TAB 16MG/12,5MG X30 VLM",15.31,E.F.40.363,matched,score=0.883
cobeca,"CANDER HCT TAB 8MG/12,5MG X30 VLM",10.66,E.F.40.363,matched,score=0.781
cobeca,CANDER TAB 16MG X 10,4.83,E.F.40.363,matched,score=0.850
cobeca,CANDER TAB 16MG X30 VLM,12.27,E.F.40.363,matched,score=0.859
cobeca,CANDER TAB 32MG X 30,18.93,E.F.41.061,matched,score=0.753
cobeca,CANDER TAB 32MG X15 VLM,10.58,E.F.41.061,matched,score=0.764
cobeca,CANDER TAB 8MG X 10,3.34,E.F.37.346,matched,score=0.787
cobeca,CANDER TAB 8MG X30 VLM,8.59,E.F.37.346,matched,score=0.796
cobeca,CANDESARTAN CILEXET COMP 16MG X30 GVN,14.05,E.F.G.43.971,matched,score=0.852
cobeca,CANDESARTAN CILEXETIL TAB 16MG X 30 GENC,10.21,E.F.G.43.971,matched,score=0.878
cobeca,CANDESARTAN CILEXETIL TAB 8MG X10 GENCER,2.65,E.F.G.43.341,matched,score=0.796
cobeca,CANDESARTAN CILEXTILO COMP 16MG X10 LETI,4.84,E.F.G.43.971,matched,score=0.907
cobeca,CANDESARTAN COMP 8MG X10 LETI,2.94,E.F.G.32.214,matched,score=0.935
cobeca,CANDESARTAN COMP 8MG X30 LETI,7.74,E.F.G.32.214,matched,score=0.935
cobeca,CANDESARTAN COMP REC 16MG X28 ADN,4.35,E.F.G.35.007,matched,score=0.737
cobeca,CANDESARTAN COMP REC 8MG X28 ADN,2.73,E.F.G.35.006,matched,score=0.770
cobeca,CANDESARTAN TAB 16MG X 10 GENCER,3.82,E.F.G.35.007,matched,score=0.717
cobeca,CANDESARTAN TAB 16MG X10 PHARME,3.34,E.F.G.35.007,matched,score=0.859
cobeca,CANDESARTAN TAB 16MG X30 CLX,7.75,E.F.G.35.007,matched,score=0.859
cobeca,CANDESARTAN TAB 16MG X30 CR DIST,8.49,E.F.G.35.007,matched,score=0.859
cobeca,CANDESARTAN TAB 16MG X30 PHARME,9.78,E.F.G.35.007,matched,score=0.859
cobeca,CANDESARTAN TAB 16MG X30 ZUZU,7.53,E.F.G.35.007,matched,score=0.859
cobeca,CANDESARTAN TAB 8MG X 30 ANGELUS,2.64,E.F.G.37.841,matched,score=0.808
cobeca,CANDESARTAN TAB 8MG X 30 GENCER,7.34,E.F.G.37.841,matched,score=0.788
cobeca,CANDESARTAN TAB 8MG X10 PHARME,2.64,E.F.G.32.214,matched,score=0.891
cobeca,CANDESARTAN TAB 8MG X30 CLX,5.91,E.F.G.32.214,matched,score=0.891
cobeca,CANDESARTAN TAB 8MG X30 PHARME,7.23,E.F.G.32.214,matched,score=0.891
cobeca,CANDESARTAN TAB REC 16MG X30 DAC,3.6,E.F.G.35.007,matched,score=0.737
cobeca,CANDETIQUE TAB 16MG X30 PHARME,10.89,E.F.42.861,matched,score=0.693
cobeca,"CANDEXIL PLUS TAB 16MG/12,5MG X28 DORO",11.58,,sin_match,sin_candidato
cobeca,"CANDEXIL PLUS TAB 32MG/12,5MG X28 DORO",14,,sin_match,sin_candidato
cobeca,CANDIDA SUPPORT CAP X 90,33.95,,sin_match,sin_candidato
cobeca,CANELA MCCORMICK MOLIDA 51G,5.12,,no_farmaco,
cobeca,CANELA RECETT ASTILLA 10G X12,27.58,,no_farmaco,
cobeca,CANFIR COMP LP 500MG X30 LETI,22.2,E.F.40.335,matched,score=0.756
cobeca,CANTIP COMP 16MG X 30,7.9,E.F.43.829,matched,score=0.695
cobeca,CANTIP COMP 8MG X 30,6.6,E.F.43.828,matched,score=0.729
cobeca,CANULA D/OXIGENO GIDAGUS NASAL PED,0.96,E.F.G.1.290,matched,score=0.833
cobeca,CANULA D/OXIGENO PLUSMEDIC NASAL AD,1.52,,no_farmaco,
cobeca,CANULA D/OXIGENO PLUSMEDIC NASAL PED,1.23,E.F.G.1.290,matched,score=0.833
cobeca,CANULA YANKAUER PLUSMEDIC,5.27,,no_farmaco,
cobeca,CAPTOPRIL COMP 25MG X30 LETI,6.05,E.F.G.25.978,matched,score=0.902
cobeca,CAPTOPRIL TAB 25MG X20 KIMIC,2.81,E.F.G.25.978,matched,score=0.691
cobeca,CAPTOPRIL TAB 25MG X20 PHARME,3.82,E.F.G.25.738,matched,score=0.859
cobeca,CAPTOPRIL TAB 25MG X30 BLUE/M,2.66,E.F.G.25.738,matched,score=0.859
cobeca,CAPTOPRIL TAB 25MG X30 CLX,3.86,E.F.G.25.738,matched,score=0.902
cobeca,CAPTOPRIL TAB 25MG X30 KIMIC,3.92,E.F.G.25.978,matched,score=0.691
cobeca,CAPTOPRIL TAB 50MG X30 CLX,3.88,E.F.G.25.737,matched,score=0.902
cobeca,CAPTOPRIL TAB 50MG X30 PHARME,3.92,E.F.G.25.737,matched,score=0.859
cobeca,CARAM GOMBY DOTZ ACIDITOS 30G DISP X16,11.4,,sin_match,sin_candidato
cobeca,"CARAM HALLS CHERRY LYPTUS 25,2G DISP X12",5,,sin_match,sin_candidato
cobeca,"CARAM HALLS EXTRASTRONG 24,75G DISP X12",5,,sin_match,sin_candidato
cobeca,CARAM HALLS MENTHOL LIPTUS DISP X12,5,,sin_match,sin_candidato
cobeca,CARBAMAZEPINA COMP 200MG X30 LETI,10.96,E.F.G.27.075,matched,score=0.922
cobeca,CARBAMAZEPINA COMP 200MG X30 VLM,6.34,E.F.G.24.815,matched,score=0.922
cobeca,CARBAMAZEPINA TAB 200MG X10 ZUZU,1.3,E.F.G.24.815,matched,score=0.878
cobeca,CARBAMAZEPINA TAB 200MG X20 CR DAC,3.72,E.F.G.24.815,matched,score=0.878
cobeca,CARBAMAZEPINA TAB 200MG X20 FMED,2.14,E.F.G.24.815,matched,score=0.878
cobeca,CARBAMAZEPINA TAB 200MG X30 ALESS,3.2,E.F.G.28.957,matched,score=0.743
cobeca,CARBAMAZEPINA TAB 200MG X30 ANG/H,4.39,E.F.G.43.783,matched,score=0.922
cobeca,CARBAMAZEPINA TAB 200MG X30 BLUE/M,4.31,E.F.G.24.815,matched,score=0.878
cobeca,CARBAMAZEPINA TAB 400MG X 30 ANGELUS,12.43,E.F.G.43.998,matched,score=0.726
cobeca,"CARBATIL TAB 12,5MG X30 BIOTECH",8.57,E.F.33.422,matched,score=0.783
cobeca,"CARBATIL TAB 6,25 MG X10 BIOT",2.66,E.F.33.422,matched,score=0.817
cobeca,"CARBATIL TAB 6,25MG X30 BIOTECH",6.18,E.F.33.523,matched,score=0.750
cobeca,CARBONATO D/LITIO CAP 300MG X20 BIOTECH,5.82,E.F.G.32.430,matched,score=0.861
cobeca,CARBONATO D/LITIO TAB 300MG X 20 FM,2.29,P.F.G.1.642,matched,score=0.709
cobeca,"CARBOXIMETIL CELUL SOD 0,5% 10ML MED/SUP",3.71,,no_farmaco,
cobeca,CARDIMAR CAP X90 ARC IRIS,13.41,,sin_match,sin_candidato
cobeca,CARDIPIRINA CAP 80MG X30 ZUO,4.68,E.F.31.896,matched,score=0.630
cobeca,CARDO LECHOSO CAP 370MG X60 HERB,13.18,,sin_match,sin_candidato
cobeca,CARIBAN COMP REC 10MG X30 LETI,16.5,E.F.39.963,matched,score=0.632
cobeca,CARICEL COMR 2MG/30MCG X 21,31.17,,no_farmaco,
cobeca,CARLEUNI TAB 25MG/250MG X30 UNIPH,11.21,,sin_match,sin_candidato
cobeca,CARNISIN SOL ORAL 1G/10ML UVA 120ML LETI,12.24,E.F.38.877,matched,score=0.624
cobeca,CARTILLA SOLITA INTEG,7.41,,no_farmaco,
cobeca,CARTUCHOS DURAVEL M5 X3,4.12,,no_farmaco,
cobeca,CARTUCHOS SILUET PRO X2,4.12,,no_farmaco,
cobeca,"CARVEDIL TAB 12,5MG X30 BHR",6.75,E.F.33.780,matched,score=0.891
cobeca,"CARVEDIL TAB 6,25MG X30 BHR",4.87,E.F.33.806,matched,score=0.859
cobeca,CARVEDILOL COM 6.25 MG X 30,7.91,E.F.G.31.747,matched,score=0.952
cobeca,"CARVEDILOL COMP 12,5 MG X 30 GENVEN",9.17,E.F.G.31.747,matched,score=0.717
cobeca,"CARVEDILOL COMP 12,5MG X15 LETI",4.94,E.F.G.38.916,matched,score=0.957
cobeca,"CARVEDILOL COMP 12,5MG X30 CCM",5.08,E.F.G.38.916,matched,score=0.957
cobeca,CARVEDILOL COMP 25MG X30 CCM,7.88,E.F.G.31.748,matched,score=0.859
cobeca,"CARVEDILOL COMP 6,25MG X15 LETI",4.21,E.F.G.31.748,matched,score=0.902
cobeca,"CARVEDILOL TAB 12,5MG X20 ADN",2.52,E.F.G.38.916,matched,score=0.957
cobeca,"CARVEDILOL TAB 12,5MG X30 ANG/H",4.19,E.F.G.38.916,matched,score=0.957
cobeca,"CARVEDILOL TAB 12,5MG X30 CR DIST",6.74,E.F.G.38.916,matched,score=0.957
cobeca,"CARVEDILOL TAB 12,5MG X30 ZUZU",5.26,E.F.G.38.916,matched,score=0.957
cobeca,"CARVEDILOL TAB 6,25MG X30 ADN",2.44,E.F.G.31.748,matched,score=0.859
cobeca,"CARVEDILOL TAB 6,25MG X30 ALESS",3.4,E.F.G.35.572,matched,score=0.736
cobeca,"CARVEDILOL TAB REC 12,5 MGS X30 PHARMA",2.54,,sin_match,score_bajo
cobeca,"CARVEDILOL TAB REC 12,5MG X14 CLX",3.03,E.F.G.38.916,matched,score=0.835
cobeca,"CARVEDILOL TAB REC 12,5MG X20 KIMIC",4.09,E.F.G.38.916,matched,score=0.620
cobeca,"CARVEDILOL TAB REC 12,5MG X30 KIMIC",5.75,E.F.G.38.916,matched,score=0.620
cobeca,"CARVEDILOL TAB REC 12,5MG X30 PHARME",7.03,E.F.G.38.916,matched,score=0.835
cobeca,CARVEDILOL TAB REC 25MG X14 CLX,4.4,E.F.G.36.321,matched,score=0.780
cobeca,CARVEDILOL TAB REC 25MG X20 KIMIC,6.03,,sin_match,score_bajo
cobeca,CARVEDILOL TAB REC 25MG X30 KIMIC,8.61,,sin_match,score_bajo
cobeca,"CARVEDILOL TAB REC 6,25MG X14 CLX",2.75,E.F.G.36.321,matched,score=0.780
cobeca,"CARVEDILOL TAB REC 6,25MG X20 KIMIC",3.39,,sin_match,score_bajo
cobeca,"CARVEDILOL TAB REC 6,25MG X30 BLUE/M",2.14,E.F.G.35.572,matched,score=0.737
cobeca,"CARVEDILOL TAB REC 6,25MG X30 KIMIC",5.03,,sin_match,score_bajo
cobeca,"CARVEDILOL TAB REC 6,25MG X30 PHARMA",2.25,,sin_match,score_bajo
cobeca,"CARVEDILOL TAB REC 6,25MG X30 PHARME",5.97,E.F.G.35.572,matched,score=0.737
cobeca,CARVEDILOL TAB/REC 12.5MG X 28 CLX,5.18,E.F.G.38.916,matched,score=0.835
cobeca,CARVEDILOL TAB/REC 25MG X 28 CLX,8.32,E.F.G.36.321,matched,score=0.780
cobeca,CARVEDILOL TAB/REC 6.25 MG X 28 CLX,4.92,E.F.G.36.321,matched,score=0.767
cobeca,"CARVETOP COMP 12,5MG X 30",6,,sin_match,sin_candidato
cobeca,"CARVETOP COMP 6,25MG X 30",5.44,,sin_match,sin_candidato
cobeca,CARVIX CAP BLD X30 VIV,8.83,,sin_match,score_bajo
cobeca,CASCARA SAGRADA CAP 300MG X60 NAT PREM,9.77,,sin_match,sin_candidato
cobeca,CASCARA SAGRADA CAP 430MG X30 HERB,7.79,,sin_match,sin_candidato
cobeca,CASCARA SAGRADA CAP 430MG X60 HERB,10.36,,sin_match,sin_candidato
cobeca,CASCARA SAGRADA CAP 450MG X100 NOW,16.82,,sin_match,sin_candidato
cobeca,CASTAÑA D/INDIA CAP 450MG X30 HERB,10.66,,sin_match,sin_candidato
cobeca,CASTAÑO D/INDIAS CAP 400MG X60 ARC IRIS,12.86,,sin_match,sin_candidato
cobeca,CASTAÑO D/INDIAS CAP 450MG X60 HERB,13.18,,sin_match,sin_candidato
cobeca,CASTAÑO D/INDIAS CAP 450MG X60 WALF,11.25,,sin_match,sin_candidato
cobeca,CASTAÑO D/INDIAS CAP 500MG X70 ABEJ,9.75,,sin_match,sin_candidato
cobeca,CATETER FOLEY 2/VIAS D/LATEX F20 X10,7.5,,no_farmaco,
cobeca,CATETER FOLEY 3/VIAS D/LATEX F20 X10,8.75,,no_farmaco,
cobeca,CATETER FOLEY 3/VIAS D/SILIC F20 X10,47.11,,no_farmaco,
cobeca,CATETER FOLEY BRIUTCARE 2VIAS FR14 X10,19.09,,no_farmaco,
cobeca,CATETER FOLEY BRIUTCARE 2VIAS FR16 X10,19.09,,no_farmaco,
cobeca,CATETER FOLEY BRIUTCARE 2VIAS FR18 X10,19.09,,no_farmaco,
cobeca,CATETER FOLEY BRIUTCARE 2VIAS FR20 X10,19.09,,no_farmaco,
cobeca,CATETER FOLEY BRIUTCARE 2VIAS FR22 X10,19.09,,no_farmaco,
cobeca,CATETER FOLEY BRIUTCARE 3VIAS FR20 X10,23.77,,no_farmaco,
cobeca,CATETER FOLEY BRIUTCARE 3VIAS FR22 X10,23.77,,no_farmaco,
cobeca,CATETER FOLEY BRIUTCARE 3VIAS FR24 X10,28.18,,no_farmaco,
cobeca,CATETER FOLEY BRIUTCARE 3VIAS FR26 X10,28.18,,no_farmaco,
cobeca,CATETER IV PLUSMEDIC N 20 X50,41.89,,no_farmaco,
cobeca,CATETER IV PLUSMEDIC N 22 X50,41.89,,no_farmaco,
cobeca,CATETER IV PLUSMEDIC N 24 X50,41.89,,no_farmaco,
cobeca,CATETER PLUSMEDIC #18 X50,41.47,,no_farmaco,
cobeca,CATETER VEINCARE IV N. 14 X 50,32.81,,no_farmaco,
cobeca,CATETER VEINCARE IV N. 18 X 50,28.88,,no_farmaco,
cobeca,CATETER VEINCARE IV N. 20 X 50,28.88,,no_farmaco,
cobeca,CATETER VEINCARE IV N. 22 X 50,28.88,,no_farmaco,
cobeca,CATETER VEINCARE IV N. 24 X 50,28.88,,no_farmaco,
cobeca,CEBION MINIS TAB MAST X45 X10SOB FAR,68.96,,sin_match,score_bajo
cobeca,CEBION TAB EFERV NAR TUBO 1G X10 FAR,9.9,E.F.23.270,matched,score=0.680
cobeca,CEBION TAB MAST TROPI 500MG DISP12X12FAR,51.9,,sin_match,score_bajo
cobeca,CEBOLLA MCCORMICK MOLIDA 70G,3.59,,no_farmaco,
cobeca,CEDROX CAP 500MG X 10 FC PHARMA,6.42,,sin_match,sin_candidato
cobeca,CEDROXYL TAB 500MG X10 ZUZU,3.64,,sin_match,sin_candidato
cobeca,CEFADROXILO CAP 500MG X 10 ANGELUS,4.77,E.F.G.30.368,matched,score=0.795
cobeca,CEFADROXILO CAP 500MG X10 BUKA,3.99,E.F.G.27.532,matched,score=0.878
cobeca,CEFADROXILO CAP 500MG X10 CR DIST,5.9,E.F.G.27.532,matched,score=0.878
cobeca,CEFADROXILO CAP 500MG X10 GEAG,7.44,E.F.G.27.532,matched,score=0.878
cobeca,CEFADROXILO CAP 500MG X10 LETI,11.53,E.F.G.28.103,matched,score=0.922
cobeca,CEFADROXILO SUSP 250MG 60ML PHARME,6.92,E.F.G.31.345,matched,score=0.714
cobeca,CEFADROXILO SUSP 250MG/5ML 100ML CR DIST,6.99,E.F.G.31.345,matched,score=0.701
cobeca,CEFADROXILO SUSP 250MG/5ML 60ML CLX,6.08,E.F.G.31.345,matched,score=0.711
cobeca,CEFADROXILO TAB 500MG X10 FMED,2.75,E.F.G.42.857,matched,score=0.878
cobeca,CEFADROXILO TAB 500MG X10 KMP,6.1,E.F.G.42.857,matched,score=0.878
cobeca,CEFALEXINA SUSP ORAL 125MG/5ML 60ML KM,5.26,E.F.G.40.269,matched,score=0.683
cobeca,CEFALOTINA PVO SOL INY 1G X10 CR DIST,67.48,E.F.G.25.482,matched,score=0.859
cobeca,CEFAZOLINA SOD PVO SOL INY 1G X10 DIST,72.21,E.F.G.44.435,matched,score=0.859
cobeca,CEFIPLUS CREM VAG 15%/4% 40G DLR,12.19,,sin_match,score_bajo
cobeca,CEFIXIMA CAP 400MG X5 LETI,40,E.F.G.40.533,matched,score=0.922
cobeca,CEFIXIMA PVO SUSP 100MG/5ML 60ML CR DIST,8.48,E.F.G.40.063,matched,score=0.711
cobeca,CEFIXIMA SUSP PED 100MG/5ML 60ML KMP,8.29,E.F.G.40.063,matched,score=0.697
cobeca,CEFIXIMA TAB 400 MG X 5 CALOX,28.13,E.F.G.44.329,matched,score=0.850
cobeca,CEFIXIMA TAB 400MG X10 CR DAC,12.35,E.F.G.44.129,matched,score=0.878
cobeca,CEFIXINA PVO SUS 100MG/5ML PED 60ML LETI,29.98,,sin_match,sin_candidato
cobeca,CEFONAX CAP 500MG X16 ELM,10.06,E.F.27.816,matched,score=0.685
cobeca,CEFONAX PVO SUSP ORAL 250MG/5ML 60ML ELM,7.81,,sin_match,score_bajo
cobeca,"CEFOPERAZONA SULB PVO/SOL 1,5G X 1 ZUZU",0.97,E.F.G.43.171,matched,score=0.662
cobeca,CEFOTAS CAP 500MG X 20,12.83,E.F.43.917,matched,score=0.716
cobeca,CEFOTAS PVO/SUSP 250MG/5ML X 100ML,8.31,,sin_match,score_bajo
cobeca,CEFTRIAXONA AMP IM/IV 1G X1 CR GM,2.48,E.F.G.33.864,matched,score=0.632
cobeca,CEFTRIAXONA PVO SOL INY 1G CR DIST,2.6,E.F.G.29.420,matched,score=0.859
cobeca,CELAY SOL 5MG/5ML 100ML COFA,3.76,E.F.38.332,matched,score=0.633
cobeca,CELAY SOL GTS PED 10MG 15ML COFA,1.96,,sin_match,score_bajo
cobeca,CELECOXIB CAP 200MG X10 VIN,10.56,E.F.G.41.586,matched,score=0.878
cobeca,CELESTREN TAB 0.075MG X28 TIAR,9.77,E.F.44.307,matched,score=0.740
cobeca,CELISTIA PVO SUSP ORAL 100/5ML 100ML FC,18.84,,sin_match,score_bajo
cobeca,CENTAB-BETA TAB VIT/MINERALES X30 G PHAR,13.67,,sin_match,score_bajo
cobeca,CENTELLA ASIATICA CAP 300MG X60 NAT PREM,10.94,,sin_match,sin_candidato
cobeca,CENTELLA ASIATICA CAP 450MG X30 HERB,10.66,,sin_match,sin_candidato
cobeca,CENTELLA ASIATICA CAP 450MG X60 HERB,11.56,,sin_match,sin_candidato
cobeca,CENTELLA ASIATICA CAP 500MG X60 WALF,11.54,,sin_match,sin_candidato
cobeca,CENTELLA ASIATICA PLUS TAB 500MG X30 VAL,13.69,,sin_match,sin_candidato
cobeca,CENTELLA/ALCAC CAP 120/180MGX60 NAT PREM,9.62,,sin_match,sin_candidato
cobeca,CENTELLACIS CREM 1% 20G BOOZ,6.42,,sin_match,sin_candidato
cobeca,CENTELLALAB CAP 500MG X70 ABEJ,9.77,,sin_match,sin_candidato
cobeca,CENTELLASAN CAP 300MG X90 ARC IRIS,13.51,,sin_match,sin_candidato
cobeca,CENTRAVIT SILVER 50+ TAB HOMBR X60 ALESS,16.75,,sin_match,sin_candidato
cobeca,CENTRAVIT SILVER 50+ TAB MUJER X60 ALESS,17,,sin_match,sin_candidato
cobeca,CENTRAVIT TAB HOMBR X60 ALESS,14.7,,sin_match,sin_candidato
cobeca,CENTRAVIT TAB MUJER X60 ALESS,15.08,,sin_match,sin_candidato
cobeca,CENTRO CAMA CLINICAS X10,6.25,,no_farmaco,
cobeca,CENTRO CAMA MIMLOT T U X10,5.4,,no_farmaco,
cobeca,CENTRO CAMA TWO5MED X10,7.81,,no_farmaco,
cobeca,CENTRO D/CAMA BIO NATURAL X10,5.94,,no_farmaco,
cobeca,CENTRO D/CAMA PLUSMEDIC ABSORB 75G X10,8.91,,no_farmaco,
cobeca,CENTRO D/CAMA PLUSMEDIC EX ABSOR 75G X10,9.14,,no_farmaco,
cobeca,CEPILLO BIO SCRUB DESINFECTANTE,0.62,,no_farmaco,
cobeca,CEPILLO BIO SCRUB S/IMPREGNAR,0.43,,no_farmaco,
cobeca,CEPILLO DENT COLGATE SLIM CARBON 2PACK,5.91,,sin_match,sin_candidato
cobeca,CEPILLO DENT ELECT ICEBERG KIDS GIRL,22.65,,sin_match,score_bajo
cobeca,CEPILLO DENT ELECT ICEBERG SONIC PRO,30.17,,sin_match,sin_candidato
cobeca,CEPILLO QUIRURG BIO SCRUB IODO,0.62,,no_farmaco,
cobeca,CEPILLO/DENT COLGATE 360 LUMIN/WH X2,5.91,,sin_match,sin_candidato
cobeca,CEPILLO/DENT COLGATE 360 TOTAL12 ADV X2,5.91,,sin_match,sin_candidato
cobeca,CEPILLO/DENT COLGATE 360° M,3.62,,sin_match,sin_candidato
cobeca,CEPILLO/DENT COLGATE ENCIAS THERAPY X2,8.05,,sin_match,sin_candidato
cobeca,CEPILLO/DENT COLGATE GUMMY SENSITIVE X2,9.58,,sin_match,sin_candidato
cobeca,CEPILLO/DENT COLGATE PREMIER CLEAN,1.07,,sin_match,sin_candidato
cobeca,CEPILLO/DENT COLGATE PRO CUIDADO SUAV X4,5.05,,sin_match,sin_candidato
cobeca,CEPILLO/DENT COLGATE PROCUID CARB 2PACK,4.23,,sin_match,sin_candidato
cobeca,CEPILLO/DENT COLGATE SLIMSOFT ADV X2,9.52,,sin_match,sin_candidato
cobeca,CEPILLO/DENT COLGATE SLIMSOFT17 CHARCOAL,3.59,,sin_match,sin_candidato
cobeca,CEPILLO/DENT COLGATE SMILES NIÑOS 2-5,3.61,,sin_match,sin_candidato
cobeca,CEPILLO/DENT COLGATE T/ACCION,1.59,,sin_match,score_bajo
cobeca,CEPILLO/DENT COLGATE T/ACCION X2,2.71,,sin_match,score_bajo
cobeca,CEPILLO/DENT COLGATE TANDY KIDS +5 X1,1.16,,sin_match,sin_candidato
cobeca,CEPILLO/DENT COLGATE TOTAL LIMP ESPUMOSA,3.59,,sin_match,score_bajo
cobeca,CEPILLO/DENT COLGATE TWISTER FRESH X2,3.15,,sin_match,sin_candidato
cobeca,CEPILLO/DENT COLGATE ZIG ZAG CARB 2PACK,4.23,,sin_match,sin_candidato
cobeca,CEPILLO/DENT COLGATE ZIG ZAG CHARCOAL X1,1.6,,sin_match,sin_candidato
cobeca,CEPILLO/DENT ICEBERG ACQUA P/AD,0.69,,sin_match,sin_candidato
cobeca,CEPILLO/DENT ICEBERG ADVAN PRO CERDA MED,0.7,,sin_match,sin_candidato
cobeca,CEPILLO/DENT ICEBERG ADVAN PRO MAN P/AD,0.7,,sin_match,sin_candidato
cobeca,CEPILLO/DENT ICEBERG ADVANCED PRO MED,1.05,,sin_match,sin_candidato
cobeca,CEPILLO/DENT ICEBERG CRI/CLEAN AD CE/MED,0.65,,sin_match,sin_candidato
cobeca,CEPILLO/DENT ICEBERG DASHER P/NIÑOS,0.59,,sin_match,sin_candidato
cobeca,CEPILLO/DENT ICEBERG INTERDENT X5,1.93,,sin_match,sin_candidato
cobeca,CEPILLO/DENT ICEBERG ORTODONCIA,1.4,,sin_match,sin_candidato
cobeca,CEPILLO/DENT ICEBERG PENGUIN P/NIÑOS +3,0.62,,sin_match,sin_candidato
cobeca,CEPILLO/DENT ICEBERG SMILE P/NIÑOS,0.56,,sin_match,sin_candidato
cobeca,CEPILLO/DENT ICEBERG TOTAL CLEAN MAN AD,0.68,,sin_match,score_bajo
cobeca,CEPILLO/DENT ICEBERG WAVE CERD/MEDIA AD,0.43,,sin_match,score_bajo
cobeca,CEPILLO/DENT VIAJERO ICEBERG,0.76,,sin_match,sin_candidato
cobeca,CERA MR MUSCULO BRILLOSITA 900 ML,4.23,,no_farmaco,
cobeca,CERA TAPA AMARILLA NEUTRA X 1L,3.01,,no_farmaco,
cobeca,CERA TAPA AMARILLA NEUTRA X 500ML,1.56,,no_farmaco,
cobeca,CERA TAPA AMARILLA ROJA X 1L,6.76,,no_farmaco,
cobeca,CERA TAPA AMARILLA VERDE X 1L,6.76,,no_farmaco,
cobeca,"CERCIORAT COMP 0,75MG X2 CCM",5.94,,sin_match,score_bajo
cobeca,CEREAL AROS AVENA ORIG 200G,2.52,,no_farmaco,
cobeca,CEREAL CHOCOSAFARI 240G,2.52,,no_farmaco,
cobeca,CEREAL CHOCOSAFARI LONC DISP 25G X6,1.88,,sin_match,sin_candidato
cobeca,CEREAL FRUTY AROS LONC DISP 20G X6,1.88,,sin_match,sin_candidato
cobeca,CEREAL MAH INSTANTANEO 5 CEREALES 200G,3.17,,no_farmaco,
cobeca,CEREAL MAH INSTANTANEO AVENA 200G,2.95,,no_farmaco,
cobeca,CEREAL NATURAL MIX BAN/NUECES 270G,3.94,,no_farmaco,
cobeca,CEREAL NATURAL MIX GRANOLA/ALMEN 270G,3.94,,no_farmaco,
cobeca,CEREAL NESTUM 3 CER 50G,1.17,,no_farmaco,
cobeca,CEREAL NESTUM 3 CER BOLS 225G,4.01,,no_farmaco,
cobeca,CEREAL NESTUM 5 CER +7M 270G,4.41,,no_farmaco,
cobeca,CEREAL NESTUM ARR BOLS 225G,4.01,,no_farmaco,
cobeca,CEREAL NESTUM ARR/MAIZ BOLS 225G,4.01,,no_farmaco,
cobeca,CEREAL NESTUM CHOCO 270G,4.41,,no_farmaco,
cobeca,CEREAL NESTUM TRIGO MIEL BOLS 225G,4.01,,no_farmaco,
cobeca,CEREAL POP CRONCH CHOCO 240G,2.52,,no_farmaco,
cobeca,CEREAL VIVO CHECK 360G,5.63,,no_farmaco,
cobeca,CEREAL VIVO CHECK CACAO 360G,5.63,,no_farmaco,
cobeca,CEREAL VIVO CHECK YOGURT 350G,5.63,,no_farmaco,
cobeca,CEREAL VIVO LINE INTEGRAL 350G,5.63,,no_farmaco,
cobeca,CERELAC BOLS 100G,1.93,,no_farmaco,
cobeca,CERELAC BOLS 400G,6.05,,no_farmaco,
cobeca,CERELAC BOLS 900G,11.96,,no_farmaco,
cobeca,CETERIX SOL ORAL PED 5MG/5ML 60ML MEG,3.7,,sin_match,score_bajo
cobeca,CETIDEX SOL ORAL 5MG/5ML 120ML PLX,5.29,E.F.44.376,matched,score=0.693
cobeca,CETIDEX TAB/REC 10MG X10 PLX,1.72,,sin_match,score_bajo
cobeca,CETIRIVAX CAP BLD 10MG X10 VIV,1.48,,sin_match,sin_candidato
cobeca,CETIRIZINA ALERBLOC TAB 10MG X10 ADN,1.05,E.F.G.42.717,matched,score=0.660
cobeca,CETIRIZINA CLORH COMP 10MG X10 PLX,1.59,E.F.G.42.717,matched,score=0.820
cobeca,CETIRIZINA COMP 10MG X10 LETI,4.2,E.F.G.27.761,matched,score=0.902
cobeca,CETIRIZINA JBE 1MG/ML 60ML KIMIC,2.77,,sin_match,score_bajo
cobeca,CETIRIZINA SOL ORAL 5MG/5ML 60ML PHARME,4.3,E.F.G.44.603,matched,score=0.875
cobeca,CETIRIZINA SOL PED 1M/ML 60ML LETI,4.48,,sin_match,score_bajo
cobeca,CETIRIZINA TAB 10MG X10 PHARME,1.47,E.F.G.27.761,matched,score=0.859
cobeca,CETIRIZINA TAB REC 10MG X10 CLX,1.39,E.F.G.31.148,matched,score=0.780
cobeca,CETRAL D SOL ORAL 5MG/5ML 60ML MEY,7.86,E.F.37.217,matched,score=0.806
cobeca,CETRAL SOL GTS 10MG 10ML MEY,3.12,E.F.29.123,matched,score=0.643
cobeca,CETRAL SOL ORAL 5MG/5ML 60ML MEY,4.64,E.F.37.217,matched,score=0.773
cobeca,CETRAL TAB 10MG X10 MEY,1.77,E.F.29.095,matched,score=0.676
cobeca,CETRIAXIN PVO LIOF INY 1G X1 BLUE/M,3.14,,sin_match,sin_candidato
cobeca,CEUMID COMP REC 1000MG X30 MEG,36.36,,sin_match,score_bajo
cobeca,CEUMID SOL ORAL 100MG/ML 150ML MEG,32.86,,sin_match,score_bajo
cobeca,CEVAX CAP BLD 500MG X15 VIV,4.96,,sin_match,score_bajo
cobeca,CEVAX CAP BLD VIT C 500MG X30 VIV,8.08,,sin_match,score_bajo
cobeca,CEVITMER CREM 10% 40G BOOZ,11.04,,sin_match,sin_candidato
cobeca,CHAM DRENE ANTICASPA ANTICAIDA 200ML,3.53,,no_farmaco,
cobeca,CHAM DRENE ANTICASPA GRASO 200ML,3.53,,no_farmaco,
cobeca,CHAM DRENE PROH QUEBRADIZO 200ML,3.06,,no_farmaco,
cobeca,CHAM DRENE PROH RIZADO 200ML,3.06,,no_farmaco,
cobeca,CHAM EVERY NIGHT TE VERDE/ALOE 210ML,3,,no_farmaco,
cobeca,CHAMPIÑONES VIVALDI JARRA 280G,2.19,,no_farmaco,
cobeca,CHAMPU AL SECO ZOAH CLEAN HAIR 240ML,8.36,,sin_match,sin_candidato
cobeca,CHAMPU ALEA BEBE MANZANILLA 400ML,4.83,,sin_match,sin_candidato
cobeca,CHAMPU ALEA NIÑOS RIZOS 350ML,5.42,,sin_match,sin_candidato
cobeca,CHAMPU AMALFI A/CASPA 500ML,4.19,,sin_match,sin_candidato
cobeca,CHAMPU AMALFI ALMEN 400ML,3.38,,sin_match,sin_candidato
cobeca,CHAMPU AMALFI ALOE VERA 400ML,3.38,,sin_match,sin_candidato
cobeca,CHAMPU AMALFI FAMILIAR A/CASPA 750ML,4.31,,sin_match,sin_candidato
cobeca,CHAMPU AMALFI FAMILIAR ALOE VERA 750ML,4.31,,sin_match,sin_candidato
cobeca,CHAMPU AMALFI FAMILIAR FRESA 750ML,4.31,,sin_match,score_bajo
cobeca,CHAMPU AMALFI FAMILIAR MANZ 750ML,4.31,,sin_match,sin_candidato
cobeca,CHAMPU AMALFI FAMILIAR MELOCOTON 750ML,4.31,,sin_match,sin_candidato
cobeca,CHAMPU AMALFI FRESA 400ML,3.38,,sin_match,score_bajo
cobeca,CHAMPU AMALFI MANZ 400ML,3.38,,sin_match,sin_candidato
cobeca,CHAMPU AMALFI MELOCOTON 400ML,3.38,,sin_match,sin_candidato
cobeca,CHAMPU AMALFI MIEL 400ML,3.38,,sin_match,sin_candidato
cobeca,CHAMPU AMY BEBE 200ML,2.84,,sin_match,sin_candidato
cobeca,CHAMPU AVISPA CONTRA LIEND/PIOJ 120ML,3.7,,sin_match,score_bajo
cobeca,CHAMPU AVISPA CONTRA LIENDRA/PIOJO 60ML,3.13,,sin_match,score_bajo
cobeca,CHAMPU AVISPA LIEND/PIOJ 220ML INTERCOS,4.73,,sin_match,sin_candidato
cobeca,CHAMPU BETAPIROX A/CASPA 120ML,24.55,,sin_match,sin_candidato
cobeca,CHAMPU BIODERMA NODE DS+ 125ML,25.96,,sin_match,sin_candidato
cobeca,CHAMPU BLUE CAP X 150ML,37.01,,sin_match,sin_candidato
cobeca,CHAMPU CHICCO MANZA 100ML,2.25,,sin_match,sin_candidato
cobeca,CHAMPU CHICCO ORIG 100ML,2.15,,sin_match,sin_candidato
cobeca,CHAMPU CHICCO ROMERO 100ML,2.15,,sin_match,sin_candidato
cobeca,CHAMPU COTTAGE DUCH CAFE FRAP/MEN 250 ML,4.7,,sin_match,sin_candidato
cobeca,CHAMPU COTTAGE DUCH PIMIENTO MEN 250ML,4.7,,sin_match,sin_candidato
cobeca,CHAMPU DRENE A/CASPA A/CAIDA 370ML,5.56,,sin_match,sin_candidato
cobeca,CHAMPU DRENE A/CASPA CAB/GRAS 370ML,5.56,,sin_match,sin_candidato
cobeca,CHAMPU DRENE A/CASPA CAB/SEC 370ML,5.56,,sin_match,sin_candidato
cobeca,CHAMPU DRENE COMPLEX CAB/LISO 200ML,3.09,,sin_match,score_bajo
cobeca,CHAMPU DRENE COMPLEX CAB/QUEBRAD 370ML,5.01,,sin_match,score_bajo
cobeca,CHAMPU DUCHA COTTAGE LIMON ESP/MEN 250ML,4.7,,sin_match,score_bajo
cobeca,CHAMPU ELVIVE COLOR VIVE 370ML,8.16,,sin_match,sin_candidato
cobeca,CHAMPU EVERY NIGHT BABY PROTEIN 200ML,2.9,,sin_match,sin_candidato
cobeca,CHAMPU EVERY NIGHT BIO CAC/F ROJ 210ML,3.03,,sin_match,sin_candidato
cobeca,CHAMPU EVERY NIGHT BIO CER M/ACT 210ML,3.03,,sin_match,sin_candidato
cobeca,CHAMPU EVERY NIGHT BIO COCO 210ML,3.03,,sin_match,sin_candidato
cobeca,CHAMPU EVERY NIGHT BIO TE VER/ALOE 365ML,4.97,,sin_match,sin_candidato
cobeca,CHAMPU HUGGIES HORA D/SOÑAR 400ML,6.35,,sin_match,sin_candidato
cobeca,CHAMPU IE P/ATOPICAS 300ML,13.59,,sin_match,sin_candidato
cobeca,CHAMPU JOHNSONS BABY ORIG 400ML,7.68,,sin_match,sin_candidato
cobeca,CHAMPU LOREAL KIDS MANZA 265ML,7.91,,sin_match,score_bajo
cobeca,CHAMPU NUTRIBELA BIOKERATINA 400ML,6.06,,sin_match,sin_candidato
cobeca,CHAMPU NUTRIBELA CELULAS MADRES 400ML,6.12,,sin_match,sin_candidato
cobeca,CHAMPU NUTRIBELA ENZIMOTERAPIA 400ML,6.37,,sin_match,sin_candidato
cobeca,CHAMPU NUTRIBELA PRO HIALUR 200ML,3.95,,sin_match,sin_candidato
cobeca,CHAMPU NUTRIBELA REPARACION INT 200ML,3.95,,sin_match,sin_candidato
cobeca,CHAMPU OGX ARGAN OIL MOROCCO 385ML,16.55,,sin_match,sin_candidato
cobeca,CHAMPU OGX BIOTIN COLLAGEN 385ML,16.55,,sin_match,sin_candidato
cobeca,CHAMPU OGX COCONUT CURLS 385ML,16.55,,sin_match,sin_candidato
cobeca,CHAMPU OGX COCONUT MIRACLE OIL 385ML,18.54,,sin_match,sin_candidato
cobeca,CHAMPU PALMOLIVE OPTIMS 2/1 400ML,7.38,,sin_match,sin_candidato
cobeca,CHAMPU PALMOLIVE OPTIMS AC HIALUR 400ML,7.66,,sin_match,score_bajo
cobeca,CHAMPU PIRIMED 120ML,19.35,,sin_match,sin_candidato
cobeca,CHAMPU REVLON ARGAN/MACAD 700ML,21.54,,sin_match,sin_candidato
cobeca,CHAMPU REVLON COCO/VIT E 700ML,21.54,,sin_match,score_bajo
cobeca,CHAMPU REVLON KERATI/ALMEN 700ML,21.54,,sin_match,sin_candidato
cobeca,CHAMPU RINTI P/PERRO 240ML,5.22,,sin_match,sin_candidato
cobeca,CHAMPU SAVITAL A/CASPA 510ML,7.6,,sin_match,sin_candidato
cobeca,CHAMPU SAVITAL ARGAN/SABILA 510ML,7.29,,sin_match,sin_candidato
cobeca,CHAMPU SAVITAL M/OLEOS 510ML,7.29,,sin_match,sin_candidato
cobeca,CHAMPU SAVITAL M/VITAMINAS 510ML,7.29,,sin_match,score_bajo
cobeca,CHAMPU/BANO LIQ CORAMODEL P/BEBE X 175ML,5.11,,sin_match,sin_candidato
cobeca,CHANCA PIEDRA CAP 400MG X30 HERB,9.35,,sin_match,sin_candidato
cobeca,CHANCA PIEDRA CAP 400MG X60 HERB,13.18,,sin_match,sin_candidato
cobeca,CHANCAPIEDRA CAP 500MG X70 ABEJ,7.19,,sin_match,sin_candidato
cobeca,CHEESE TRIS 150G,1.67,,no_farmaco,
cobeca,CHEESE TRIS 450G,4.48,,no_farmaco,
cobeca,CHEESE TRIS 50G X12,9.11,,no_farmaco,
cobeca,CHEETOS BOLIQUESO 150G,2.28,,no_farmaco,
cobeca,CHEETOS BOLIQUESO DISP 25G X12,7.05,,sin_match,sin_candidato
cobeca,CHEETOS FLAMIN HOT 120G,1.76,,no_farmaco,
cobeca,CHEETOS FLAMIN HOT DISP 38G X12,9.08,,sin_match,sin_candidato
cobeca,CHEETOS MEGA PUFF 110G,1.76,,no_farmaco,
cobeca,CHEETOS MEGA PUFF 270G,4.1,,no_farmaco,
cobeca,CHEETOS MEGA PUFF DISP 28G X12,9.11,,sin_match,sin_candidato
cobeca,CHESITOS X 70G,0.64,,no_farmaco,
cobeca,CHICHA LIQ SAN SIMON C/LECHE 1L,3.33,,no_farmaco,
cobeca,CHICHA PVO SAN SIMON 250G,2.06,,sin_match,score_bajo
cobeca,CHICHA PVO SAN SIMON 500G,4.2,,sin_match,score_bajo
cobeca,CHICHARRON CRIOLLO X 90G,3.01,,no_farmaco,
cobeca,CHICHARRON JACKS PICANTE 60G,2.41,,no_farmaco,
cobeca,CHICHARRON PICANTE XXL X 190G,5.2,,no_farmaco,
cobeca,CHICHARRON SON MUNCHY PICANTE 62G,2.24,,no_farmaco,
cobeca,CHICHARRON VINAGRE LIMON 62G,2.24,,no_farmaco,
cobeca,CHINCHES IDEOFFICE 100 PZS X 1,1.56,,no_farmaco,
cobeca,CHINCHES IDEOFFICE P/MAPAS 50 PZS X1,0.96,,no_farmaco,
cobeca,CHIPS AHOY OW 168G,2.36,,no_farmaco,
cobeca,CHISKESITOS MUNCHY 145G,1.46,,no_farmaco,
cobeca,CHISKESITOS TOCINETA PICANTE 145G,1.46,,no_farmaco,
cobeca,CHISKESITOS TOCINETA X 145G,1.46,,no_farmaco,
cobeca,CHISKESITOS TOCINETA XXL X 450G,3.97,,no_farmaco,
cobeca,CHISKESITOS XXL X 450G,3.97,,no_farmaco,
cobeca,CHOCO CARRE AVELL DISP 100G X10,40.61,,sin_match,sin_candidato
cobeca,CHOCO CARRE SAVOY AVELL MINI DISP 25GX16,18.73,,sin_match,sin_candidato
cobeca,CHOCO CRICRI 60G DISP X9,18.9,,sin_match,sin_candidato
cobeca,CHOCO CRICRI DISP 123G X5,17.68,,sin_match,sin_candidato
cobeca,CHOCO GALAK BLAN DISP 130G X5,17.68,,sin_match,sin_candidato
cobeca,CHOCO GALAK BLAN DISP 30G X12,12.73,,sin_match,sin_candidato
cobeca,CHOCO GALAK TUBO 16G X30,10.48,,no_farmaco,
cobeca,CHOCO INST SAN SIMON CHOCO RICO 400G,3.59,,no_farmaco,
cobeca,"CHOCO M&M PEANUT BUTTER INDIV 46,20G X24",51.3,,no_farmaco,
cobeca,"CHOCO MILKY WAY INDIV 52,2G X36",76.5,,no_farmaco,
cobeca,CHOCO NESTLE CHOCOTRIO 90G,27.8,,no_farmaco,
cobeca,CHOCO NESTLE CHOCOTRIO COOKIES/CREAM 90G,27.8,,no_farmaco,
cobeca,CHOCO OSCUR SAVOY 75ANIVERSARIO DISP X10,28.9,,sin_match,sin_candidato
cobeca,CHOCO SAVOY 75ANIVERSARIO DISP X10,28.9,,sin_match,sin_candidato
cobeca,CHOCO SAVOY C/LECHE DISP 130G X5,17.68,,sin_match,score_bajo
cobeca,CHOCO SAVOY C/LECHE DISP 30G X12,12.73,,sin_match,score_bajo
cobeca,CHOCO SAVOY C/LECHE DISP 70G X9,19.43,,sin_match,score_bajo
cobeca,CHOCO SAVOY CRICRI DISP 27G X12,12.73,,sin_match,sin_candidato
cobeca,CHOCO SAVOY POSTRE DISP OSCUR40% 200G X4,20.39,,sin_match,sin_candidato
cobeca,CHOCO SAVOY POSTRE DISP OSCUR55% 200G X4,20.64,,sin_match,sin_candidato
cobeca,CHOCO SAVOY RIKITI DISP 30G X12,12.73,,sin_match,sin_candidato
cobeca,CHOCO SAVOY RIKITI MANI 130G X5,17.68,,no_farmaco,
cobeca,"CHOCO SNICKERS ORIG INDIV 52,70G X48",102,,no_farmaco,
cobeca,"CHOCO TWIX INDIV 50,7G X36",76.5,,no_farmaco,
cobeca,CHOCOLATE  SAVOY DELIGHT 0% 324G X12,16.68,,no_farmaco,
cobeca,CHOCOLATE SAVOY BOLSA 150G,5.61,,no_farmaco,
cobeca,CHUPON GENIAL C/BROCHE X1,7.5,,no_farmaco,
cobeca,CHUPON GENIAL X1,5.63,,no_farmaco,
cobeca,CIALIS COMP REC 5MG X14 CR CCM,116.94,,sin_match,score_bajo
cobeca,CIALIS TAB 20MG X1 CR CCM,39.92,E.F.33.112,matched,score=0.646
cobeca,CIATAL SOL INY 500MG/2ML X1 SIEG,4.58,E.F.41.522,matched,score=0.648
cobeca,CIATAL SOL INY 500MG/2ML X9 MEY,36.38,E.F.41.522,matched,score=0.648
cobeca,CIBRALIP CAP 100MG X30 FC,17.79,,sin_match,sin_candidato
cobeca,CICLOFTAL SOL OFT 1% 15ML L.O,39.63,,sin_match,sin_candidato
cobeca,"CICLOGYNON TAB REC 0,15/0,03MG X21 TIAR",9.43,,sin_match,score_bajo
cobeca,CICLOKAN AMP 500MG/5ML X1,7.01,E.F.36.631,matched,score=0.661
cobeca,CICLOKAN COMP REC 500MG X21 MEG,21.56,,sin_match,score_bajo
cobeca,CIFARCAINA HIPERBARA AMP 5% 2ML X2 BHR,9.6,E.F.9.190,matched,score=0.700
cobeca,CIFARCAINA SOL 1% 100ML BHR,9.86,,sin_match,score_bajo
cobeca,CIFLOX COMP REC 500MG X14 MEG,7.79,,sin_match,score_bajo
cobeca,CIFLOX COMP REC 750MG X7 MEG,6.1,,sin_match,score_bajo
cobeca,CILOSTAZOL TAB 50MG X30 CLEO,7.61,E.F.G.43.391,matched,score=0.859
cobeca,CILOSTAZOL TAB REC 100MG X30 CLEO,10.3,E.F.G.42.967,matched,score=0.757
cobeca,CILOSTAZOL TAB REC 50MG X30 DAC,5.78,E.F.G.43.391,matched,score=0.737
cobeca,CINAREN CAP 75MG X20 DLR,5.27,E.F.24.520,matched,score=0.720
cobeca,CINAREN COM 25 MG X 30,5.03,E.F.24.519,matched,score=0.801
cobeca,CINNARIZINA CAP 75MG X10 CLX,2.3,E.F.G.35.819,matched,score=0.902
cobeca,"CINTA AUTOADH AIROPLAST 1,25CM X 5MM",3.47,,no_farmaco,
cobeca,"CINTA AUTOADH SILKPLAST 1,25CM X 5M",3.92,,no_farmaco,
cobeca,"CINTA AUTOADH SILKPLAST 2,5CM X 5M",6.8,,no_farmaco,
cobeca,CINTA AUTOADH SILKPLAST 5CM X 5M,9.74,,no_farmaco,
cobeca,"CINTA AUTOADH SILKPLAST 7,5CM X 9,14M",18.36,,no_farmaco,
cobeca,CINTA CORALITE KINESIOLOGY 2PZA,9.82,,no_farmaco,
cobeca,CINTA D/ALGODON KT TAPE NEGR,28.05,,no_farmaco,
cobeca,CINTA ELAST ZUVISS AUTOADH 7.5X4.5CM X 1,2.21,,no_farmaco,
cobeca,CINTA KT PREVENCION D/AMPOLLAS,20.4,,no_farmaco,
cobeca,CINTA KT TAPE PRO AZUL,43.35,,no_farmaco,
cobeca,CINTA KT TAPE PRO NEGRA,43.35,,no_farmaco,
cobeca,"CINTA MICROPOROSA BLAN RELA X1,2 CM X10M",6.13,,no_farmaco,
cobeca,"CINTA MICROPOROSA RELA BEIG 1,2CM X10M",5.9,,no_farmaco,
cobeca,"CINTA MICROPOROSA RELA BEIG 1,2CM X4,5M",3.86,,no_farmaco,
cobeca,"CINTA MICROPOROSA RELA BEIG 10CM X4,5M",16.29,,no_farmaco,
cobeca,"CINTA MICROPOROSA RELA BEIG 2,5CM X10M",10.07,,no_farmaco,
cobeca,"CINTA MICROPOROSA RELA BEIG 5CM X4,5M",9.05,,no_farmaco,
cobeca,"CINTA MICROPOROSA RELA BLAN 1,2CM X4,5M",3.86,,no_farmaco,
cobeca,"CINTA MICROPOROSA RELA BLAN 2,5CM X10M",10.07,,no_farmaco,
cobeca,"CINTA MICROPOROSA RELA BLAN 2,5CM X4,5M",6.11,,no_farmaco,
cobeca,CINTA MICROPOROSA RELA BLAN 5CM X10M,15.77,,no_farmaco,
cobeca,CINTA P/RODILLA KT FLEX,31.88,,no_farmaco,
cobeca,CINTA REACTIVA GLUCARE GLS-78 AUTOCODE,11.3,,no_farmaco,
cobeca,CIPROFIBRATO TAB 100MG X30 PHARME,17.25,E.F.39.629,matched,score=0.764
cobeca,CIPROFLOX TAB 500MG X12 ELM,6.13,E.F.25.520,matched,score=0.888
cobeca,CIPROFLOXACINA 200MG/100ML BLUE/M,1.71,,no_farmaco,
cobeca,CIPROFLOXACINA COMP REC 500 X14 LETI,6,E.F.G.28.283,matched,score=0.771
cobeca,CIPROFLOXACINA COMP REC 500MG X14 VARG,5.68,E.F.G.28.283,matched,score=0.690
cobeca,CIPROFLOXACINA COMP REC 500MG X6 VARG,2.43,E.F.G.28.283,matched,score=0.690
cobeca,CIPROFLOXACINA INF INY200MG/100ML CRDIST,1.49,,no_farmaco,
cobeca,CIPROFLOXACINA INF IV 200MG/100 GLOB MED,2.25,,no_farmaco,
cobeca,CIPROFLOXACINA SOL INY 200MG/100ML GKV,2.9,E.F.G.44.719,matched,score=0.787
cobeca,CIPROFLOXACINA SOL INY 400MG/200ML DIST,12.34,E.F.G.44.679,matched,score=0.691
cobeca,CIPROFLOXACINA TAB 500MG X 10 LA SANTE,4.7,E.F.G.27.827,matched,score=0.770
cobeca,CIPROFLOXACINA TAB 500MG X10 ANG/H,1.86,E.F.G.26.487,matched,score=0.825
cobeca,CIPROFLOXACINA TAB 500MG X10 CR DAC,3.72,E.F.G.26.487,matched,score=0.825
cobeca,CIPROFLOXACINA TAB 500MG X10 CR DIST,4.05,E.F.G.26.487,matched,score=0.825
cobeca,CIPROFLOXACINA TAB 500MG X6 ADN,1.42,E.F.G.26.487,matched,score=0.825
cobeca,CIPROFLOXACINA TAB 500MG X6 ALESS,1.07,E.F.G.27.827,matched,score=0.820
cobeca,CIPROFLOXACINA TAB 500MG X6 KIMIC,2.57,E.F.G.26.487,matched,score=0.775
cobeca,CIPROFLOXACINA TAB 500MG X6 PHARME,3.18,E.F.G.26.487,matched,score=0.825
cobeca,CIPROFLOXACINA TAB REC 500MG X6 VENEQ,1.62,,sin_match,score_bajo
cobeca,CIPROFLOXACINO TAB 500MG X10 CCM,3.74,E.F.G.42.422,matched,score=0.878
cobeca,CIPROFLOXACINO TAB 500MG X14 VLM,4.78,E.F.G.30.890,matched,score=0.888
cobeca,CIPROFLOXACINO TAB REC 500MG X10 BLUE,1.3,E.F.G.42.422,matched,score=0.757
cobeca,CIPROLYP TAB 100MG X30 D&N,19.48,,sin_match,sin_candidato
cobeca,CIPROQUIN SOL IV 2MG/ML 200MG 100ML BHR,6.43,,sin_match,score_bajo
cobeca,CIPROTAN TAB 500MG X20 ZORIAK,6.04,,sin_match,sin_candidato
cobeca,CIPROXINA INF 400MG/200ML AVPH,30,,no_farmaco,
cobeca,CIRGREL TAB REC 75MG X30 PHARME,9.69,,sin_match,score_bajo
cobeca,CIRUELAX FORTE COMP 125MG BLIS10X10 MEG,33.43,,sin_match,score_bajo
cobeca,CIRUELAX MINITAB COMP 75MG BLIS10X10 MEG,28.36,,sin_match,sin_candidato
cobeca,CIRUGIA CAPIL NK PACKS C/KERAT 450ML,16.16,,no_farmaco,
cobeca,CIRUGIA CAPIL NK PACKS C/KERAT 60ML,6.06,,no_farmaco,
cobeca,CIRUGIA CAPIL NK PACKS C/KERAT 950ML,28.28,,no_farmaco,
cobeca,CISTAFLUX TAB 100MG X30 ZORIAK,7.88,,sin_match,sin_candidato
cobeca,CISTAFLUX TAB 50MG X30 ZORIAK,5.13,,sin_match,sin_candidato
cobeca,CITALOPRAM TAB  40MG X10 CR MT,5.16,E.F.G.35.266,matched,score=0.898
cobeca,CITIC COMP REC 500MG X30 VARG,20.78,,sin_match,sin_candidato
cobeca,CITICOLINA TAB 500MG X10 CLX,11.87,E.F.G.41.565,matched,score=0.922
cobeca,CITICOLINA TAB 500MG X30 CLX,31.04,E.F.G.41.565,matched,score=0.922
cobeca,CITICOLINA TAB REC 500MG X30 CR DIST,34.06,E.F.G.41.565,matched,score=0.757
cobeca,CITRATO D/MAGNESIO CAP 500MG X 60 NAT P,9.04,E.F.G.36.822,matched,score=0.630
cobeca,CITRATO D/MAGNESIO CAP 500MG X60 HERBAP,11.7,,sin_match,score_bajo
cobeca,CITRATO D/MAGNESIO CAP 500MG X70 ABEJ,8.7,,sin_match,score_bajo
cobeca,CITRATO D/MAGNESIO TAB 200MG X30 NOW,17.14,E.F.33.790,matched,score=0.616
cobeca,CITRATO D/POTA EDUL SOL 10% 1L BIOF,10.19,,sin_match,score_bajo
cobeca,CITRATO D/POTA JBE 10% 120ML RECETT,2.66,,sin_match,score_bajo
cobeca,CITRATO D/POTA SOL 240ML LYA,4.94,,sin_match,score_bajo
cobeca,CITRATO D/POTA SOL 500ML BIOF,7.36,,sin_match,score_bajo
cobeca,CITRATO D/POTA SOL 500ML LYA,7.78,,sin_match,score_bajo
cobeca,CITRATO D/POTASIO JBE 10% S/AZUC X 120ML,2.47,,sin_match,score_bajo
cobeca,CITRATO D/POTASIO JBE 10% S/AZUC X 500ML,6.17,,sin_match,score_bajo
cobeca,CITRATO D/POTASIO SOL 10% 1L ABEJ,12.7,,sin_match,score_bajo
cobeca,CITRATO D/POTASIO SOL X 1LT RECETT,8.29,E.F.42.521,matched,score=0.631
cobeca,CITRATO D/POTASIO SOL X 500ML RECETT,4.94,E.F.42.521,matched,score=0.607
cobeca,CITRATO MAGNESIO TAB 500MG X30 VAL,12.44,E.F.G.36.822,matched,score=0.615
cobeca,"CLAMOLIN SUSP 600MG/42,9MG 60ML ZUZU",7.82,,sin_match,sin_candidato
cobeca,CLAMOLIN TAB 875MG/125MG X10 ZUZU,9.99,,sin_match,sin_candidato
cobeca,CLARASOL SOL OFT 15ML L.O,5.56,,sin_match,score_bajo
cobeca,CLARITROMICINA SUSP 250MG/5ML 50ML PORTU,12.39,,sin_match,score_bajo
cobeca,CLARITROMICINA TAB 500MG X 10 CALOX,7.6,E.F.G.31.140,matched,score=0.922
cobeca,CLARITROMICINA TAB 500MG X10 ANG/H,4.3,E.F.G.31.140,matched,score=0.878
cobeca,CLARITROMICINA TAB 500MG X10 PHARME,8.23,E.F.G.31.140,matched,score=0.878
cobeca,"CLARIX SOL GTS 0,05% 15ML L.O",9.15,E.F.25.929,matched,score=0.688
cobeca,CLARIX SOL NASAL PED 15ML L.O,9.15,,sin_match,score_bajo
cobeca,CLARIX SOL OFT 15ML L.O,4.89,,sin_match,score_bajo
cobeca,"CLARIX SPRAY NASAL 0,05% 15ML L.O",9.4,,no_farmaco,
cobeca,CLASOL SOL ORAL 15MG/5ML 120ML ANG/H,2.86,,sin_match,sin_candidato
cobeca,"CLAVOXILIN SUSP 250/62,5MG/5ML120ML DORO",6.16,,sin_match,score_bajo
cobeca,CLAVUMEDC TAB 500MG/125MG X10 IPS,8.39,,sin_match,sin_candidato
cobeca,CLAVUMOX PLUS 875MG/125MG X16 MEG,19.74,,no_farmaco,
cobeca,CLAVUTAN TAB 875MG/125MG X10 ZORIAK,9.81,,sin_match,sin_candidato
cobeca,CLEANMED GEL TOP 1% 15G FMED,1.99,,sin_match,sin_candidato
cobeca,"CLENBUNAL COMP 0,020MG X10 MEG",4.42,E.F.23.978,matched,score=0.811
cobeca,CLENBUNAL COMP X20 MEG,5.84,E.F.23.978,matched,score=0.879
cobeca,"CLENBUNAL JBE AD 0,010MG 120ML MEG",7.14,,sin_match,score_bajo
cobeca,"CLENBUNAL JBE PED 0,005MG 120ML MEG",6.62,E.F.23.979,matched,score=0.612
cobeca,CLENBUNAL SOL GTS 15ML MEG,5.97,E.F.29.289,matched,score=0.734
cobeca,CLENBUTEROL JBE 10MCG/5ML 120ML PLX,3.37,E.F.G.28.118,matched,score=0.813
cobeca,"CLENBUTEROL SOL 0,005MG/5ML 120ML BIOQ",5.18,E.F.G.31.537,matched,score=0.826
cobeca,"CLENBUTEROL SOL 0,01MG/5ML 120ML BIOQ",5.17,E.F.G.31.538,matched,score=0.865
cobeca,"CLENBUXOL JBE 0,01MG/5ML 120ML MEG",7.79,,sin_match,score_bajo
cobeca,CLENBUXOL SOL GTS PED 20ML MEG,5.58,,sin_match,score_bajo
cobeca,CLENOSAN COMP REC 90MG X30 LETI,53.5,,sin_match,score_bajo
cobeca,"CLEXANE 60MG/0,6ML X2JER CLX",57.6,,no_farmaco,
cobeca,CLIKET DUO OVU 100MG/400MG X5 TIAR,10.01,,sin_match,score_bajo
cobeca,"CLIMABEL COMP 2,5MG X30 CR CCM",39.04,,sin_match,score_bajo
cobeca,CLIMASOY CAP 100MG X30 FAR,9.94,,sin_match,sin_candidato
cobeca,CLINAC GEL 1%/5% X 30 G,30.13,E.F.41.052,matched,score=0.650
cobeca,CLINDAMER CREM 1%/5% 20G BOOZ,5.69,,sin_match,sin_candidato
cobeca,CLINDAMICINA AMP 600MG/4ML X1 LETI,18.48,E.F.G.27.704,matched,score=0.904
cobeca,CLINDAMICINA CAP 300MG X16 SPEFAR,11.51,E.F.G.44.654,matched,score=0.711
cobeca,CLINDAMICINA CAP 300MG X20 PHARME,16.32,E.F.G.31.466,matched,score=0.878
cobeca,CLINDAMICINA FOSFAT GEL TOP 1% 15G CR MT,8.29,,sin_match,score_bajo
cobeca,CLINDAMICINA GEL TOP 1% 15G CR ZUK,18.45,,sin_match,score_bajo
cobeca,CLINDAMICINA SUP VAG 100MG X5 TIAR,9.95,,no_farmaco,
cobeca,CLINDASKIN GEL 1% X 25G,10.49,,sin_match,sin_candidato
cobeca,CLINFAST OVU 100/200MG X3 TIAR,13.55,,sin_match,sin_candidato
cobeca,CLINFOL DUO CAP VAG 100MG/400MG X7 ADIUM,8.36,,sin_match,score_bajo
cobeca,CLIP IDEOFFICE 33MM/100PZS X1,0.9,,no_farmaco,
cobeca,CLIP P/LIGADURA ARIZI TITAN GDE 20PAQ X6,189,,no_farmaco,
cobeca,CLIP P/LIGADURA ARIZI TITAN MED 20PAQ X6,157.59,,no_farmaco,
cobeca,CLISMALAX ENEMA RECTAL 100ML AV,10.39,,no_farmaco,
cobeca,"CLOBESKIN CREM TOP 0,05% 30G TIAR",4.81,,sin_match,sin_candidato
cobeca,CLODOXIM COMP 10MG X20 PLX,6.94,,sin_match,sin_candidato
cobeca,CLODOXIM GTS 1MG/ML 30ML PLX,3.9,,sin_match,sin_candidato
cobeca,CLODOXIM JBE 5ML 120ML PLX,5.73,,sin_match,sin_candidato
cobeca,CLODOXIN COMP 10MG X 10,4.16,E.F.17.975,matched,score=0.850
cobeca,CLOFEN CAP AP 100MG X10 DLR,6.23,E.F.29.523,matched,score=0.604
cobeca,"CLOFEN SUSP 1,8MG 120ML DLR",7.64,E.F.33.581,matched,score=0.762
cobeca,CLOMIFEM TAB/REC 50MG X 30,9.6,,sin_match,sin_candidato
cobeca,CLOMIFENO TAB 50MG X 30 FM,3.82,E.F.G.42.956,matched,score=0.859
cobeca,"CLONATRIL COMP 0,5MG X30 MEG",6.49,E.F.33.200,matched,score=0.783
cobeca,CLONATRIL COMP 1MG X30 MEG,7.53,E.F.42.084,matched,score=0.783
cobeca,CLONATRIL COMP 2MG X30 MEG,9.61,E.F.33.201,matched,score=0.783
cobeca,CLONAZEPAM TAB 0.5 MG X 30,5.39,E.F.G.38.584,matched,score=0.952
cobeca,CLONAZEPAM TAB 2MG X30,7.92,E.F.G.38.585,matched,score=0.932
cobeca,CLONEDAC CREM 20G CR DAC,4.46,,sin_match,score_bajo
cobeca,"CLONIDINA CLORHID AMP 0,150MG/ML X2 VLM",4.81,E.F.G.31.483,matched,score=0.893
cobeca,"CLONIDINA COMP 0,15MG X20 CCM",3.18,E.F.22.956,matched,score=0.772
cobeca,"CLONIPRES AMP 0,150MG/1ML X3 MEG",7.14,E.F.23.370,matched,score=0.769
cobeca,CLONIPRES COMP X20 MEG,5.19,E.F.22.956,matched,score=0.852
cobeca,"CLONZEP TAB 0,5MG X30 VLM",6.56,E.F.40.816,matched,score=0.843
cobeca,CLONZEP TAB 2MG X30 VLM,9.68,E.F.40.818,matched,score=0.843
cobeca,CLOPID TAB REC 75MG X30 BHR,6.68,,sin_match,sin_candidato
cobeca,CLOPIDEX TAB REC 75MG X30 PLX,10.37,E.F.39.070,matched,score=0.626
cobeca,CLOPIDOGREL COMP 75MG X14 PHARME,5.1,E.F.G.34.084,matched,score=0.859
cobeca,CLOPIDOGREL COMP REC 75MG X14 LETI,4.07,E.F.G.36.122,matched,score=0.763
cobeca,CLOPIDOGREL TAB 75MG X20 FMED,0.78,E.F.G.34.084,matched,score=0.859
cobeca,CLOPIDOGREL TAB 75MG X30 ALESS,3.4,E.F.G.37.534,matched,score=0.800
cobeca,CLOPIDOGREL TAB 75MG X30 ANG,3.88,E.F.G.43.375,matched,score=0.902
cobeca,CLOPIDOGREL TAB 75MG X30 BLUE/M,3.35,E.F.G.34.084,matched,score=0.859
cobeca,CLOPIDOGREL TAB 75MG X30 BUKA,2.86,E.F.G.34.084,matched,score=0.859
cobeca,CLOPIDOGREL TAB 75MG X30 PHARMA,2.89,E.F.G.37.534,matched,score=0.736
cobeca,CLOPIDOGREL TAB REC 75MG X30 PHARME,8.64,E.F.G.34.774,matched,score=0.737
cobeca,CLOPIDOGREL TAB/REC 75MG X 30 DAC,3.27,E.F.G.34.774,matched,score=0.737
cobeca,CLOPIDOGREL TABR 75MGX30 VLM,5.45,,no_farmaco,
cobeca,CLOPIVAL TAB REC 75MG X30 VLM,9.93,E.F.37.160,matched,score=0.642
cobeca,CLOPTAN TAB 75MG X30 ZORIAK,5.13,E.F.43.778,matched,score=0.603
cobeca,"CLORACE JBE125/0,5MG/5ML S/AZU120ML COFA",5.75,,no_farmaco,
cobeca,"CLORACE SOL ORAL GTS 80/0,5MG 30ML COFA",6.78,E.F.29.314,matched,score=0.844
cobeca,CLORACE TAB 500 MG/4MG X20 COFA,5.11,E.F.29.690,matched,score=0.938
cobeca,CLORACE TAB 500MG/4MG X10 COFA,2.96,E.F.29.690,matched,score=0.863
cobeca,CLORACOLD SOL ORAL 30MG/5MG 120ML COFA,6.12,E.F.43.777,matched,score=0.666
cobeca,CLORHID D/MEBEVERINA CAP 200MG X30 CR MT,16.02,E.F.43.585,matched,score=0.673
cobeca,CLORO LAVALIN EXT/DESINFECCION X 1LT,1.43,,no_farmaco,
cobeca,CLORO TAPA AMARILLA NATURAL X 1L,1.43,,no_farmaco,
cobeca,CLORO TAPA AMARILLA NATURAL X 500ML,1.56,,no_farmaco,
cobeca,"CLORTALIDONA TAB 12,5MG X30 CR MT",4.89,E.F.G.34.033,matched,score=0.932
cobeca,"CLORTIDEN TAB 12,5MG X30 ZORIAK",3.54,,sin_match,sin_candidato
cobeca,CLORURO D/MAGNE SOL COCO 240ML RECETT,4.48,,sin_match,score_bajo
cobeca,CLORURO D/MAGNE SOL FRAMB 240ML RECETT,4.48,,sin_match,score_bajo
cobeca,CLORURO D/MAGNE SOL LIMON 240ML RECETT,4.48,,sin_match,score_bajo
cobeca,CLORURO D/MAGNE SOL NAR 240ML RECETT,4.48,,sin_match,score_bajo
cobeca,CLORURO D/MAGNE SOL PARCHI 240ML RECETT,4.48,,sin_match,score_bajo
cobeca,CLORURO D/MAGNES 20ML NAR X5 RECETT,3.29,,no_farmaco,
cobeca,CLORURO D/MAGNES 25G FCH,1.86,,no_farmaco,
cobeca,"CLORURO D/MAGNES GRANU 16,7G LYA",2.4,,no_farmaco,
cobeca,CLORURO D/MAGNES JBE 240ML ARC IRIS,7.79,,sin_match,score_bajo
cobeca,CLORURO D/MAGNES SOB 33G X12 RECETT,33.35,,sin_match,score_bajo
cobeca,CLORURO D/MAGNES SOL 1000L BIOF,7.79,,sin_match,score_bajo
cobeca,CLORURO D/MAGNES SOL 500ML BIOF,5.83,,sin_match,score_bajo
cobeca,CLORURO D/MAGNESIO ALPHA BMT SOB X 25G,3.25,,sin_match,score_bajo
cobeca,CLORURO D/MAGNESIO SOL S/FRAMBUES 20MLX5,3.29,,sin_match,score_bajo
cobeca,CLORURO D/MAGNESIO SOL S/LIMON 20ML X5,3.29,,sin_match,score_bajo
cobeca,"CLORURO D/POTA AMP 1,49G/5ML X100 MEDV",122.43,,sin_match,score_bajo
cobeca,"CLORURO D/POTA SOL INY 7,5% 100ML BHR",10.53,E.F.G.37.055,matched,score=0.626
cobeca,"CLORURO D/SOD SOL 0,9% 500ML BLUE/M",1.54,,sin_match,score_bajo
cobeca,"CLORURO D/SOD SOL 0,9%100ML BLUE/M",1.6,,sin_match,score_bajo
cobeca,"CLORURO D/SOD SOL INY 0,9% 100ML IPS",1.7,P.F.1.672,matched,score=0.618
cobeca,"CLORURO D/SOD SOL INY 0,9% 500ML GKV",3.69,P.F.1.672,matched,score=0.618
cobeca,"CLORURO D/SOD SOL INY 0,9% 500ML IPS",1.73,P.F.1.672,matched,score=0.618
cobeca,CLORURO D/SOD SOL INY 0.9% 100ML GKV,2.95,P.F.1.672,matched,score=0.618
cobeca,"CLORURO SODIO SOL 0,45% 100ML ZUZU",1.74,E.F.G.32.566,matched,score=0.700
cobeca,CLOTRIMAZOL 1% 20G LETI,5.95,,no_farmaco,
cobeca,CLOTRIMAZOL CREM 1% 20G CLX,3.78,E.F.G.43.020,matched,score=0.804
cobeca,CLOTRIMAZOL CREM 1% 20G KIMIC,3.56,E.F.G.36.125,matched,score=0.621
cobeca,CLOTRIMAZOL CREM 1% 20G PORTU,2.18,,sin_match,score_bajo
cobeca,CLOTRIMAZOL CREM 1% 50G KIMIC,5.86,E.F.42.948,matched,score=0.653
cobeca,CLOTRIMAZOL CREM TOP 1% 20G ALESS,2.63,,sin_match,score_bajo
cobeca,CLOTRIMAZOL CREM VAG 1% X 50G TIAR,5.43,E.F.42.948,matched,score=0.641
cobeca,CLOTRIMAZOL CREM VAG 2% 20G LETI,7.81,,sin_match,score_bajo
cobeca,CLOTRIMAZOL CREM VAG 2% X 30G TIAR,4.69,,sin_match,score_bajo
cobeca,CLOTRIMAZOL CREM VAG/CANULA 10% 5G KIMIC,4.43,,sin_match,score_bajo
cobeca,CLOTRIMAZOL CREM/VAG 1% X 40G CALOX,8.16,,sin_match,score_bajo
cobeca,CLOTRIMAZOL OVUL 100MG X6 TIAR,3.43,E.F.G.43.751,matched,score=0.878
cobeca,CLOTRIMAZOL OVUL 500MG X1 TIAR,3.09,E.F.G.39.062,matched,score=0.878
cobeca,CLOTRIMAZOL/NEOMIC/DEXAM CREM 20G PHARME,6.5,,sin_match,score_bajo
cobeca,CLOUSAN TAB 1000MG X30 CLEO,13.71,,sin_match,sin_candidato
cobeca,CLX OVUL CUMLAUDE LAB X10 MANCENT,31.39,,sin_match,sin_candidato
cobeca,CO SULTRIN SUSP 100ML VLM,5.26,E.F.25.498,matched,score=0.763
cobeca,CO SULTRIN TAB X20 VLM,5.9,E.F.25.498,matched,score=0.752
cobeca,"COAPROVEL COMP REC 150MG/12,5MG X28 CLX",42.51,,sin_match,sin_candidato
cobeca,COCHE ORTOPEDICO NEXT STEP PED,535.86,,sin_match,sin_candidato
cobeca,CODEBROMIL PLUS JBE 15MG/3MG 90ML VIN,10.39,E.F.41.502,matched,score=0.696
cobeca,COENZIMA Q10 CAP 150MG X60 PREV,30.08,,sin_match,sin_candidato
cobeca,COENZIMA Q10 CAP 400MG X 60 ETERNAL,23,,sin_match,sin_candidato
cobeca,COFADOR T SOL OFT 5ML COFA,8.99,,sin_match,sin_candidato
cobeca,COFASTANE SOL OFT 15ML COFA,12.24,,sin_match,sin_candidato
cobeca,COFATIC CAP X30 COFA,6.49,,sin_match,sin_candidato
cobeca,"COFFE MATE PVO NESTLE 453,5G",8.06,,sin_match,sin_candidato
cobeca,COL DERNIER BABY 200 ML,3.31,,no_farmaco,
cobeca,COLA D/CABALLO CAP 300MG X60 NAT PREM,5.73,,sin_match,sin_candidato
cobeca,COLA D/CABALLO CAP 500MG X30 HERB,8.18,,sin_match,sin_candidato
cobeca,COLA D/CABALLO CAP 500MG X60 HERB,9.74,,sin_match,sin_candidato
cobeca,COLADO GERBER FRUTAS MIXTAS 113G,1.49,,no_farmaco,
cobeca,COLADO GERBER POUCH MANZ 100G,1.62,,no_farmaco,
cobeca,COLADO GERBER POUCH PERA 100G,1.62,,no_farmaco,
cobeca,COLADO GERBER POUCH PLATANO 100G,1.62,,no_farmaco,
cobeca,COLADO GERBER PURE BAN 113G,1.49,,no_farmaco,
cobeca,COLADO GERBER PURE MANZ 113G,1.49,,no_farmaco,
cobeca,COLADO GERBER PURE PERA 113G,1.49,,no_farmaco,
cobeca,COLADO HEINZ FRUTAS MIX 186G,0.8,,no_farmaco,
cobeca,COLADO HEINZ MANZ 186G,0.8,,no_farmaco,
cobeca,COLADO HEINZ PERA 186G,0.8,,no_farmaco,
cobeca,COLADO HEINZ POUCH PERA 113G,0.78,,no_farmaco,
cobeca,COLADO OSOLE POUCH D/CIRUELA 100G,0.52,,no_farmaco,
cobeca,COLADO OSOLE POUCH D/DURAZNO 100G,0.52,,no_farmaco,
cobeca,COLADO OSOLE POUCH D/FRUTAS MIX 100G,0.52,,no_farmaco,
cobeca,COLADO OSOLE POUCH D/MANZ 100G,0.52,,no_farmaco,
cobeca,COLADO OSOLE POUCH D/PERA 100G,0.52,,no_farmaco,
cobeca,COLADO POLLY MANZ 100G,0.58,,no_farmaco,
cobeca,COLAGENO CAP 550MG X60 WALF,12.28,,sin_match,sin_candidato
cobeca,COLAGENO CAP VIT C 400MG X60 ARC IRIS,13.51,,sin_match,score_bajo
cobeca,COLAGENO COMPLEX CAP 400MG X60 HERB,13.18,,sin_match,score_bajo
cobeca,COLAGENO HIDRO PVO MO4T 454G,62.83,,sin_match,sin_candidato
cobeca,COLAGENO HIDROLIZ PVO VAIN 200G LINOF,21.6,,sin_match,sin_candidato
cobeca,COLAGENO HIDROLIZADO OPTIMUM 330G,35.37,,no_farmaco,
cobeca,COLAGENO HIDROLIZADO PVO 10G SOB X25 FCH,37.01,,sin_match,sin_candidato
cobeca,COLAGENO HIDROLIZADO PVO 200G FCH,14.01,,sin_match,sin_candidato
cobeca,COLAGENO VIT C CAP 500MG X60 NAT PREM,11.36,,sin_match,score_bajo
cobeca,COLAGENO VIT C CAP BLD 450/50MGX30 LINOF,8.71,,sin_match,score_bajo
cobeca,COLAGENO VIT C CAP BLD 450/50MGX60 LINOF,11.35,,sin_match,score_bajo
cobeca,COLAGENO ZAFIRE SOB INSTANT 10G X 30,35.37,,sin_match,sin_candidato
cobeca,COLAGENO ZAFIRE SOB OPTIMUM 11G X 30,35.37,,sin_match,sin_candidato
cobeca,COLAGENO/MAGNESIO CAP 420/80MG X30 LINOF,8.45,,sin_match,score_bajo
cobeca,COLAGENO/MAGNESIO CAP 420/80MG X60 LINOF,11.35,,sin_match,score_bajo
cobeca,COLAGENO/VIT C/MAGNESIO CAP X30 VAL,13.7,,sin_match,score_bajo
cobeca,COLAGENOL LIFE CAP 550MG X60 WALF,11.84,,sin_match,sin_candidato
cobeca,COLAYTE PVO P/RECONSTITUIR SOB X 4,28.8,,sin_match,score_bajo
cobeca,COLCHICINA TAB 1G X 30 FM,1.25,,sin_match,sin_candidato
cobeca,COLCHICINA TAB 500MCG X 30 FM,0.98,,sin_match,sin_candidato
cobeca,COLCHON ANTIESCARAS REIER,63.11,,no_farmaco,
cobeca,COLEZE TAB 10MG X 30,9.65,,sin_match,sin_candidato
cobeca,COLFENE COMP 400MG/4MG X10 ELM,5.71,E.F.33.110,matched,score=0.691
cobeca,COLFENE COMP REC 600MG/4MG X15 ELM,6.94,,sin_match,score_bajo
cobeca,COLGESIC COMP 400MG/4MG X15 BIOTECH,7.34,E.F.38.685,matched,score=0.701
cobeca,COLLAGEN/VIT C CAP X60 ETER,9.17,,sin_match,score_bajo
cobeca,COLLOVAR SOL TOP 10ML VARG,4.86,,sin_match,score_bajo
cobeca,COLODION SALICILADO 10ML BIOF,6.62,,no_farmaco,
cobeca,COLONIA ALEA NIÑA 250ML,3.92,,no_farmaco,
cobeca,COLONIA ALEA NIÑO 250ML,3.92,,no_farmaco,
cobeca,COLONIA CHICCO BABY SKIN 100ML,2.51,,no_farmaco,
cobeca,COLONIA CORAMODEL P/BEBE X 175ML,5.14,,no_farmaco,
cobeca,COLONIA RINTI 240ML,6.53,,no_farmaco,
cobeca,COLONVITAL LIFE CAP X60 WALF,12.28,,sin_match,sin_candidato
cobeca,COLOZIN CAP 150MG X30 LETI,34.51,P.B.1.491,matched,score=0.825
cobeca,COLVAL AMP SOL INY IM/IV 2ML X2 VLM,6.23,,sin_match,score_bajo
cobeca,COLVAL COMP 4MG X12 VLM,4.78,E.F.23.524,matched,score=0.691
cobeca,COLYPAN TAB 200MG X10 FAR,3.31,E.F.32.060,matched,score=0.888
cobeca,COLYPAN TAB REC LIB/PRO 300MG X20 FAR,11.7,,sin_match,score_bajo
cobeca,COMENTER COM/REC 30MG X 30,9.41,,sin_match,score_bajo
cobeca,COMINO MC CORMICK MOLIDO 49G,3.59,,no_farmaco,
cobeca,COMPAS SOLITA ESCOLAR C/MINA 2MM,3.53,,no_farmaco,
cobeca,COMPLEJO B AMP 2 ML X3 VIV,3.25,P.F.1.587,matched,score=0.768
cobeca,COMPOTA TIGO CIRUELA 113G,1.25,,no_farmaco,
cobeca,COMPOTA VIVO MIFRUT BANAN 90G,0.87,,no_farmaco,
cobeca,COMPRESA D/LAPARAT PLUSMEDIC X 5,5.4,,no_farmaco,
cobeca,COMPRESAS D/LAPARAT COMPOMEDICA 18X18 X5,3.04,,no_farmaco,
cobeca,"CONCOR TAB REC 2,5MG X30 DOLLY",15.21,,sin_match,score_bajo
cobeca,CONCOR TAB REC 5MG X30 DOLLY,18.63,,sin_match,score_bajo
cobeca,CONDIMENTO MCCORMICK MEDITERRANEO 90G,3.75,,no_farmaco,
cobeca,CONEXINE COM 50MG X 30,6.97,E.F.34.013,matched,score=0.643
cobeca,CONSERVADOR MANAPLAS CUAD/PEQ X 1,3.82,,no_farmaco,
cobeca,CONSERVADOR MANAPLAS MULTI LUNCH X 1,5.98,,no_farmaco,
cobeca,CONTENEDOR TOMI TIPI P/LECHE,8.6,,no_farmaco,
cobeca,CONTORNO D/OJOS BIOMAS 30G,7.34,,no_farmaco,
cobeca,CONTORNO D/OJOS DERNIER X 20G,2.99,,no_farmaco,
cobeca,CONTORNO D/OJOS NIVEA Q10 A/ARRUGAS 15ML,9.99,,no_farmaco,
cobeca,CONTORNO D/OJOS/LABIOS GEODERM CREM 10ML,24.65,,sin_match,sin_candidato
cobeca,CONTRADOL SOL/GTA 100MG 15ML,17.05,E.F.43.002,matched,score=0.670
cobeca,COQ10 CAP 60MG X60 NOW,33.12,,sin_match,sin_candidato
cobeca,CORATAB TAB REC 81MG FRASCO X100 COFA,5.94,,sin_match,score_bajo
cobeca,CORAZEM TAB 60MG X20 FAR,9.61,E.F.28.460,matched,score=0.859
cobeca,CORBIS COMP 10MG X30 MEY,7.52,E.F.40.574,matched,score=0.615
cobeca,"CORBIS COMP 2,5MG X30 MEY",6.43,E.F.42.767,matched,score=0.648
cobeca,CORBIS COMP 5MG X30 MEY,6.55,E.F.42.767,matched,score=0.648
cobeca,CORDON P/LENTES DEPORTIVOS KATENA VARIOS,2.5,,no_farmaco,
cobeca,CORENTEL COM/REC 2.5 MG X 10,1.82,E.F.35.619,matched,score=0.669
cobeca,"CORENTEL COMP REC 1,25 MG X30 MEG",5.06,E.F.35.619,matched,score=0.740
cobeca,"CORENTEL COMP REC 1,25MG X10 MEG",1.69,E.F.39.494,matched,score=0.632
cobeca,"CORENTEL COMP REC 2,5MG X30 MEG",5.19,E.F.35.620,matched,score=0.679
cobeca,CORENTEL COMP REC 5MG X10 MEG,3.88,E.F.35.620,matched,score=0.679
cobeca,CORENTEL COMP REC 5MG X30 MEG,8.71,E.F.35.620,matched,score=0.679
cobeca,CORENTEL COMP/REC 10MG X30,8.7,E.F.35.619,matched,score=0.608
cobeca,CORENTEL H COM/REC 5/6.25MG X 10,6.1,E.F.39.494,matched,score=0.608
cobeca,"CORENTEL H COMP 10MG/6,25MG X10 MEG",6.88,E.F.35.619,matched,score=0.813
cobeca,"CORENTEL H COMP REC 10/6,25MG X30 MEG",12.6,E.F.39.494,matched,score=0.632
cobeca,"CORENTEL H COMP REC 5/6,25MG X30 MEG",14.89,E.F.39.494,matched,score=0.632
cobeca,COROPRES COMP 16MG X10 MEG,3.64,E.F.38.312,matched,score=0.669
cobeca,COROPRES COMP 8MG X30 MEG,8.56,E.F.35.926,matched,score=0.686
cobeca,"COROPRES H COMP 16MG/12,5MG X10 MEG",7.01,E.F.38.312,matched,score=0.659
cobeca,"COROPRES H COMP 16MG/12,5MG X30 MEG",17.59,E.F.38.312,matched,score=0.659
cobeca,"COROPRES H COMP 8MG/12,5MG X30 MEG",12.2,E.F.35.926,matched,score=0.664
cobeca,"COROPRES HCT COM 32/12,5 MG X 10",11.88,E.F.38.312,matched,score=0.688
cobeca,CORRECTIVO P/JUANETE ORTHO PAUHER 3EN1,7.58,,no_farmaco,
cobeca,CORRECTOR D/IMPERFECCIONES CLARESS 15G,5.61,,no_farmaco,
cobeca,CORRECTOR LIQ OFICA,1.24,,no_farmaco,
cobeca,CORTA UÑA GENIAL BEBE,5,,no_farmaco,
cobeca,CORTA UÑA GENIAL C/ESTUCHE BEBE,5,,no_farmaco,
cobeca,CORTA UÑA/LIMA GENIAL BEBE,7.31,,no_farmaco,
cobeca,CORTIMED SOL INY IM 5MG/ML 1ML PHAR,6.58,,sin_match,sin_candidato
cobeca,"CORTYNASE REFORM SUSP 0,05%X140DOSIS L.O",18.72,,sin_match,score_bajo
cobeca,"CORTYNASE SUSP 0,05% 50MCG X80DOSIS L.O",11.01,,sin_match,score_bajo
cobeca,COVENTROL COMP 25MG X30 LETI,25.35,E.F.31.743,matched,score=0.750
cobeca,"COVENTROL COMP 6,25MG X30 LETI",14.78,E.F.31.743,matched,score=0.750
cobeca,CRANBERRY CAP 500MG X60 HERB,14.06,,sin_match,sin_candidato
cobeca,CRANBERRY/VIT C CAP X30 VAL,12.58,,sin_match,score_bajo
cobeca,CRAYONES CRAYOLA CLASICOS COLORES,2.55,,no_farmaco,
cobeca,CREATINA CAP 750MG X120 NOW,32.86,,sin_match,sin_candidato
cobeca,CREM A/ARRUGAS GEODERM DIA/NOCHE 50ML,56.57,,sin_match,score_bajo
cobeca,CREM A/MANCHAS GEODERM HIDRAT NOCH 50ML,62.38,,sin_match,sin_candidato
cobeca,CREM ANTISEPTICA SANALO 55G,5.05,,sin_match,score_bajo
cobeca,CREM BALS AMALFI SUAV 1000 ML,8.31,,sin_match,sin_candidato
cobeca,CREM BEDUCIS C/GLICERINA 200ML,5.21,,sin_match,score_bajo
cobeca,CREM BETA GRANULOS 60G,23.9,,sin_match,score_bajo
cobeca,CREM BIODERMA CICABIO REP SUAV 40ML,28.17,,sin_match,sin_candidato
cobeca,CREM BIODERMA SEBIUM KERATO+ 30ML,41.45,,sin_match,sin_candidato
cobeca,CREM BODY EXPRESS HIDRAT 400ML,8.62,,sin_match,sin_candidato
cobeca,CREM BRUCEN NUTRI C/AC HIALUR 1% 80G,16.73,,sin_match,score_bajo
cobeca,CREM BRUCEN NUTRI/RESTAURADORA Q10 80G,9.27,,sin_match,sin_candidato
cobeca,CREM BRUCETIN C/PANTENOL 80G,8.93,,sin_match,sin_candidato
cobeca,CREM CELUOFF T/ACCION ANTICELULIT 200ML,7.98,,sin_match,score_bajo
cobeca,CREM CERO ALOE VERA 50G,5.48,,sin_match,sin_candidato
cobeca,CREM CHERRY NEGR 30G,4.81,,sin_match,sin_candidato
cobeca,CREM CHERRY NEGRO 12G,1.84,,sin_match,sin_candidato
cobeca,CREM CORAMODEL ANTIPAÑ/ALOE VERA X 80G,9.09,,sin_match,sin_candidato
cobeca,CREM CORP ADEMINA PLUS 30G,3.25,,sin_match,sin_candidato
cobeca,CREM CORP ADEMINA PLUS 60G,4.55,,sin_match,sin_candidato
cobeca,CREM CORP ARTRI FRESH 200G,6.31,,sin_match,sin_candidato
cobeca,CREM CORP BODY MILK AMALFI AL/VERA 500ML,4.19,,sin_match,sin_candidato
cobeca,CREM CORP BODY MILK AMALFI COCO 500ML,6.01,,sin_match,sin_candidato
cobeca,CREM CORP BODY MILK AMALFI OLIV 500ML,4.19,,sin_match,sin_candidato
cobeca,CREM CORP BODY MILK AMALFI RO/MOSQ 500ML,4.19,,sin_match,sin_candidato
cobeca,CREM CORP BODY MILK AMALFI VIT E 500ML,6.01,,sin_match,score_bajo
cobeca,CREM CORP CALIENTE HOT CREAM 200G,8.26,,sin_match,sin_candidato
cobeca,CREM CORP GEODERM HIDRAT/PROFU 200ML,25.32,,sin_match,sin_candidato
cobeca,CREM CORP HUMECT COHER 240ML,11.69,,sin_match,sin_candidato
cobeca,CREM CORP KANDU ALOE/TE VERD 200ML,3.25,,sin_match,sin_candidato
cobeca,CREM CORP KANDU VIT E/PANTENOL 200ML,3.25,,sin_match,score_bajo
cobeca,CREM CORP PSO SKIN EMOLIENTE 12% X250ML,15.87,,sin_match,sin_candidato
cobeca,CREM CORP PSO SKIN EX/HIDRAT 10% X400ML,20.97,,sin_match,sin_candidato
cobeca,CREM DENT COLGATE PRO ALIVI INM X 140G,6.18,,sin_match,sin_candidato
cobeca,CREM DENT COLGATE SENS/PRO A/ENC X 140G,6.24,,sin_match,sin_candidato
cobeca,CREM DENT COLGATE TOTAL 12 ENC/REF 75ML,4.4,,sin_match,score_bajo
cobeca,CREM DERMOPROT BRUCEN AD 100G,10.09,,sin_match,sin_candidato
cobeca,CREM DERMOPROT BRUCEN CENT AD 30G,8.03,,sin_match,sin_candidato
cobeca,CREM DERMOPROT BRUCETIN KIDS 50G,9.21,,sin_match,sin_candidato
cobeca,CREM DERNIER ANTIPAÑALITIS 50 G,3.68,,sin_match,sin_candidato
cobeca,CREM DHIABETINAT PODO REPARADORA 120ML,9.42,,sin_match,sin_candidato
cobeca,CREM FACIAL HIDRAT DERNIER 120G,5.52,,sin_match,sin_candidato
cobeca,CREM FACIAL PONDS DIA AGE MIRACLE 50G,17.15,,sin_match,score_bajo
cobeca,CREM FACIAL PONDS NOCH AGE MIRACLE 50G,17.15,,sin_match,sin_candidato
cobeca,CREM FULL ACTION 100G RECETT,5.14,,sin_match,sin_candidato
cobeca,CREM FULL ACTION ROLL ON 90G RECETT,3.7,,sin_match,sin_candidato
cobeca,CREM GEL BRUCEN A/ACNE 20G,7.36,,sin_match,sin_candidato
cobeca,CREM HIDRAMER C/VIT E 200ML,5.58,,sin_match,score_bajo
cobeca,CREM HIDRAT BIOS COLAG Q10 120ML,10.64,,sin_match,sin_candidato
cobeca,CREM HIDRAT BIOS GERMEN D/TRI 60G,7.71,,sin_match,sin_candidato
cobeca,CREM HIDRAT GEODERM DIA/NOCH 50ML,46.43,,sin_match,score_bajo
cobeca,CREM HIDRAT SEXYAMOURS C/AROMA 200ML,9.01,,sin_match,sin_candidato
cobeca,CREM HIDRAT UV DEFENDER FPS50 40G,13.81,,sin_match,sin_candidato
cobeca,CREM IE ALOE 400ML,10.03,,sin_match,sin_candidato
cobeca,CREM IE UREA 400ML,10.76,,sin_match,sin_candidato
cobeca,CREM IE UREA 50ML,2.75,,sin_match,sin_candidato
cobeca,CREM LIMP BIODERMA PIGMENTBIO FOAM 200ML,35.64,,sin_match,sin_candidato
cobeca,CREM LIMP FAC BIOMAS 120G,6.46,,sin_match,sin_candidato
cobeca,CREM LUBRIPIU CUMLAUDE LAB HIG INT 200ML,31.76,,sin_match,sin_candidato
cobeca,CREM LYA CICATRIMED 30G LYA,5.67,,sin_match,sin_candidato
cobeca,CREM MINERAL UVEBLOCK SPF 50+ 40ML,26.62,,sin_match,sin_candidato
cobeca,CREM NIVEA REGENERADORA INTEN 72H 400ML,8.21,,sin_match,sin_candidato
cobeca,CREM OFF FAMILY 196G,6.38,,sin_match,sin_candidato
cobeca,CREM ONC CORP ANTIOXID P/IRRADIADA 120ML,9.58,,sin_match,sin_candidato
cobeca,CREM OXIG NK OXY VOL10 120ML,0.95,,sin_match,sin_candidato
cobeca,CREM OXIG NK OXY VOL30 120ML,0.95,,sin_match,sin_candidato
cobeca,CREM OXIG NK OXY VOL40 120ML,0.95,,sin_match,sin_candidato
cobeca,CREM OZONEPIU MENTHOL EUB 30G,2.62,,sin_match,sin_candidato
cobeca,CREM OZONEPIU MENTHOL EUB 60G,4.08,,sin_match,sin_candidato
cobeca,CREM P/MANOS BRUCEN PROTEC/SOL COLAG 50G,6.05,,sin_match,sin_candidato
cobeca,CREM P/MANOS BRUCEN PROTEC/SOL VIT E 50G,6.05,,sin_match,score_bajo
cobeca,CREM P/MANOS CORAMODIO GUANTE SILIC 80 G,5.37,,sin_match,sin_candidato
cobeca,CREM P/MANOS GEODERM REPARADORA 75ML,14.89,,sin_match,sin_candidato
cobeca,CREM P/MANOS IE UREA20% 75ML,5.51,,sin_match,sin_candidato
cobeca,CREM P/OJOS PONDS AGE MIRACLE 15ML,9.02,,sin_match,sin_candidato
cobeca,CREM P/PEIN DRENE CAB SEC/MALT 240ML,3.8,,sin_match,sin_candidato
cobeca,CREM P/PEIN DRENE CAB/LISO 240ML,3.8,,sin_match,sin_candidato
cobeca,CREM P/PEIN ELVIVE CAIDA/RESIST X 300G,8.05,,sin_match,sin_candidato
cobeca,CREM P/PEIN EVERY NIGHT BIO CER 300ML,3.86,,sin_match,sin_candidato
cobeca,CREM P/PEIN EVERY NIGHT BIO TEVERD 300ML,3.86,,sin_match,sin_candidato
cobeca,CREM P/PEIN SEDAL RIZOS OBEDIENT 300ML,6.54,,sin_match,sin_candidato
cobeca,CREM P/PEINAR ELVIVE GLYCO GLOSS 300ML,8.05,,sin_match,sin_candidato
cobeca,CREM P/PIES URIFOOT UREA 10% 200ML,8.06,,sin_match,sin_candidato
cobeca,CREM PONDS CLARANT B3 PIEL NORM/GRAS 50G,5.04,,sin_match,sin_candidato
cobeca,CREM PROTECT ALEA 120G,3.49,,sin_match,sin_candidato
cobeca,CREM QUITACALLOS LYA AC SALICILICO 8G,6.21,,sin_match,score_bajo
cobeca,CREM REVITALIFT AC/HIALUR OJOS 15ML,20.82,,sin_match,score_bajo
cobeca,CREM SEDAL D/PEINAR CELULAS MADRES 300ML,6.14,,sin_match,sin_candidato
cobeca,CREM SOLAR AGRADO 50+ X 100ML,6.65,,sin_match,sin_candidato
cobeca,CREM SOLAR AGRADO KIDS 50+ VIT E X200ML,17.11,,sin_match,score_bajo
cobeca,CREM SUAVIZANTE AMALFI PROF T/ACCION 1L,6.11,,sin_match,score_bajo
cobeca,CREM URIBODY ULTRHIDRAT UREA 20%,7.68,,sin_match,sin_candidato
cobeca,CREM ZOAH MANOS/CODOS/PIES X 50ML,3.31,,sin_match,sin_candidato
cobeca,CREM/DENT COLGATE 90G,1.43,,sin_match,sin_candidato
cobeca,CREM/DENT COLGATE LUMIN/WH 75ML,4.4,,sin_match,sin_candidato
cobeca,CREM/DENT COLGATE LUMIN/WH CARB ACT 75ML,4.4,,sin_match,sin_candidato
cobeca,CREM/DENT COLGATE LUMIN/WH LOVERS 70G,6.61,,sin_match,sin_candidato
cobeca,CREM/DENT COLGATE LUMINOUS WHITE 61ML,2.73,,sin_match,sin_candidato
cobeca,CREM/DENT COLGATE MAX FRESH 90ML,3.74,,sin_match,sin_candidato
cobeca,CREM/DENT COLGATE MENTA S/ECON 100G,2.93,,sin_match,score_bajo
cobeca,CREM/DENT COLGATE MINIONS S/BUBBLE 75ML,6.04,,sin_match,sin_candidato
cobeca,CREM/DENT COLGATE NAT/EXTRAC PURIF 140G,7.45,,sin_match,sin_candidato
cobeca,CREM/DENT COLGATE SENSITIVE PRO 110G,5.29,,sin_match,sin_candidato
cobeca,CREM/DENT COLGATE T/ACCION 100G,3.14,,sin_match,score_bajo
cobeca,CREM/DENT COLGATE T/ACCION 60G,1.64,,sin_match,score_bajo
cobeca,CREM/DENT COLGATE T/ACCION 75ML,2.42,,sin_match,score_bajo
cobeca,CREM/DENT COLGATE T/ACCION BLANCURA 75G,2.95,,sin_match,score_bajo
cobeca,CREM/DENT COLGATE T/ACCION EX BLAN 150ML,5,,sin_match,score_bajo
cobeca,CREM/DENT COLGATE TOTAL MINT ORIG 150ML,8.22,,sin_match,score_bajo
cobeca,CREM/DENT COLGATE TOTAL MINT ORIG 75ML,4.4,,sin_match,score_bajo
cobeca,CREM/DENT COLGATE TOTAL WHITENING 150ML,8.22,,sin_match,score_bajo
cobeca,CREM/DENT COLGATE TOTAL WHITENING 75ML,4.4,,sin_match,score_bajo
cobeca,CREM/DENT COLGATE TOTAL12 A/SARRO 75ML,4.4,,sin_match,sin_candidato
cobeca,CREM/DENT ICEBERG ADVANCED CRISTALS 120G,0.97,,sin_match,sin_candidato
cobeca,CREM/DESMAQU SOM FRIA A/EDAD 50G,4.95,,sin_match,sin_candidato
cobeca,CREMA CERO 30G,2.99,,sin_match,sin_candidato
cobeca,CREMA CERO C/ALOE VERA 30G,2.99,,sin_match,sin_candidato
cobeca,CREMA CERO CALEN/VIT E 30G,2.99,,sin_match,score_bajo
cobeca,CREMA CERO CONCENTRADO X 114G,11.89,,sin_match,score_bajo
cobeca,CREMA CERO CONCENTRADO X 30G,3.66,,sin_match,score_bajo
cobeca,CREMA CETOPIC VIT C 50G,29.48,,sin_match,sin_candidato
cobeca,CREMA CHANTILLY PVO TIGO 200G,2.73,,sin_match,sin_candidato
cobeca,CREMA CORP BRUCEN EX HIDRAT DIA-B 220ML,15,,sin_match,score_bajo
cobeca,CREMA CORP BRUCEN EX HIDRAT DIA-B 400ML,21.72,,sin_match,score_bajo
cobeca,CREMA CORP CLARESS DESPIGAMENTANTE 90G,14.48,,sin_match,sin_candidato
cobeca,CREMA CORP RECETT FULL ACTION FORTE 60G,4.78,,sin_match,score_bajo
cobeca,CREMA D/ARR POLLY ENRIQUECIDA BOLS 450G,1.14,,sin_match,sin_candidato
cobeca,CREMA D/ARR POLLY ENRIQUECIDA BOLS 900G,2.29,,sin_match,sin_candidato
cobeca,CREMA D/LECHE TIGO CULINARIA 1L,6,,sin_match,score_bajo
cobeca,CREMA FACIAL BIO+ HIDRAT 90CM3,7.1,,sin_match,sin_candidato
cobeca,CREMA HIDRAT DERMOX HYDR LECHE 365ML,4.52,,sin_match,score_bajo
cobeca,CREMA HIDRAT EVERY NIGHT COCO/AVEN 800ML,7.8,,sin_match,score_bajo
cobeca,CREMA HIDRAT JOHNSONS BABY 200ML,4.88,,sin_match,sin_candidato
cobeca,CREMA HIDRAT SPA LINE CHERRY BERRY 240ML,4.8,,sin_match,sin_candidato
cobeca,CREMA HUMEC DERMOX HYDR GLICERINA 200ML,3.37,,sin_match,score_bajo
cobeca,CREMA LOREAL GLYCOL BRIGHT DIA 50ML,22.44,,sin_match,sin_candidato
cobeca,CREMA LOREAL GLYCOL BRIGHT NOCHE 50ML,22.44,,sin_match,score_bajo
cobeca,CREMA PROTEC HUGGIES ALMEN 80G,7.61,,sin_match,sin_candidato
cobeca,CREMA REAFIRM DERMOX HYDR COLAG 200ML,3.37,,sin_match,sin_candidato
cobeca,CREMA REAFIRM DERMOX HYDR COLAG 365ML,4.52,,sin_match,sin_candidato
cobeca,CREMA RESTAURA BRUCEN DIA-B PIES 80G,7.38,,sin_match,score_bajo
cobeca,CREYONES D/CERA SOLITA X6,2.37,,no_farmaco,
cobeca,CREYONES SOLITA CERA X12,7.21,,no_farmaco,
cobeca,CRISOMET TAB REC 50MG/500MG X10 FAR,7.49,,sin_match,score_bajo
cobeca,CRISOMET TAB REC 50MG/500MG X30 FAR,15.7,,sin_match,score_bajo
cobeca,CRISOMET TAB REC 50MG/850MG X10 FAR,7.73,,sin_match,score_bajo
cobeca,CRISOMET TAB REC 50MG/850MG X30 FAR,19.01,,sin_match,score_bajo
cobeca,CRISPLUS CAP 120MG X30 ZUO,20.6,E.F.37.867,matched,score=0.650
cobeca,CROMOFTAL SOL OFT 4% 10ML L.O,8.34,,sin_match,score_bajo
cobeca,"CROMUS UNG DERMICO 0,1% 15G VIV",43.04,,sin_match,score_bajo
cobeca,CRONCH FLAKES 300G,2.4,,no_farmaco,
cobeca,CUADERNO CARIBE MIX EMPAST CUADRICU 100H,1.83,,no_farmaco,
cobeca,CUADERNO CARIBE MIX EMPAST DOB LINEA100H,1.83,,no_farmaco,
cobeca,CUADERNO CRISVI COSI MARFIL 1 LINEA 100,1.83,,no_farmaco,
cobeca,"CUBITAN PLUS TAB REC 24,3/25,7MG X30 DAC",22.2,,sin_match,sin_candidato
cobeca,CUBITO D/POLLO MAGGI X12,3.27,,no_farmaco,
cobeca,CUBITO MAGGI ARROZ C/POLLO 92G DISP X 8,2.27,,sin_match,sin_candidato
cobeca,CUBITO MAGGI CALDO D/POLLO X8,2.27,,no_farmaco,
cobeca,CUBITO MAGGI COSTILLA CRIOLLA X8,2.27,,no_farmaco,
cobeca,CUBITO MAGGI POLLO 184G X16,3.93,,no_farmaco,
cobeca,CUBO AROMAT GLADE FLORES TROP EXOT 180G,4.49,,no_farmaco,
cobeca,CUENTOS P/COLOREAR SOLITA SURT,16.87,,no_farmaco,
cobeca,CURAS CUREBAND PREMIUM IMP X30,4.85,,no_farmaco,
cobeca,CURAS CUREBAND PREMIUM TRANSP X20,3.9,,no_farmaco,
cobeca,CURCUMA CAP 400MG X60 SANAV,9.23,,sin_match,sin_candidato
cobeca,CURCUMA CAP 500MG X 60 HERB,12.34,,sin_match,sin_candidato
cobeca,CURCUMA MCCORMICK 58G,3.59,,no_farmaco,
cobeca,CURCUMA/PIMIENTA NEGRA CAP X30 VAL,12.86,,sin_match,sin_candidato
cobeca,CURITA ADH TWO5MED P/NIÑOS X100,5,,no_farmaco,
cobeca,CURITA CURE AID CLASSIC X100,6.3,,no_farmaco,
cobeca,CURITA CURE AID SURT KIDS X20,4.49,,no_farmaco,
cobeca,CURITA ZUVISS NIÑOS X20,1.55,,no_farmaco,
cobeca,CURITAS KIDS X20 PROMEINT,2.15,,no_farmaco,
cobeca,CURITAS PROMEINT PIEL ADU X 20,2.15,,no_farmaco,
cobeca,CURITAS PROMEINT REDONDAS X 100,6.1,,no_farmaco,
cobeca,"CURPINOL COMP 12,5MG X10 MEG",2.73,E.F.35.933,matched,score=0.783
cobeca,"CURPINOL COMP 12,5MG X30 MEG",9.51,E.F.35.933,matched,score=0.783
cobeca,CURPINOL COMP 25MG X10 MEG,4.56,E.F.35.933,matched,score=0.750
cobeca,CURPINOL COMP 25MG X30 MEG,10.29,E.F.35.933,matched,score=0.750
cobeca,"CURPINOL COMP 6,25MG X10 MEG",2.6,E.F.35.933,matched,score=0.750
cobeca,CURRY MCCORMICK 55G,4.08,,no_farmaco,
cobeca,CUTICLIN CAP BLD 10MG X30 VIV,26.96,,sin_match,sin_candidato
cobeca,CUTICLIN CAP BLD 20MG X30 VIV,34.96,,sin_match,sin_candidato
cobeca,"CUTIMER CREM 6%/6%/2,5% 20G BOOZ",7.99,,sin_match,sin_candidato
cobeca,CYNT COMP REC 20MG X20 DLR,3.45,,sin_match,score_bajo
cobeca,CYNT COMP REC 40MG X10 DLR,3.45,,sin_match,score_bajo
cobeca,CYPRAL TAB 500MG X14 MEY,7.19,E.F.27.157,matched,score=0.661
cobeca,CYPRAL TAB 750MG X6 MEY,5.79,E.F.27.452,matched,score=0.661
cobeca,CYPRAL TAB REC 500MG X20 PLX,10.78,,sin_match,score_bajo
cobeca,DACMINA PLUS TAB REC 450MG/50MG X30 DAC,10.42,,sin_match,sin_candidato
cobeca,DAGLITAN TAB 5MG/1000MG X30 ZORIAK,22.2,,sin_match,sin_candidato
cobeca,DALCITRIN UNG 2% X 15G,7.1,E.F.42.913,matched,score=0.604
cobeca,DALPAS TAB 5MG X30 BIOTECH,5.57,E.F.24.979,matched,score=0.664
cobeca,DALTAZEN COM 60 MG X 10,5.84,E.F.30.715,matched,score=0.841
cobeca,DALTAZEN COMP 60MG X20 MEG,10.39,E.F.30.715,matched,score=0.801
cobeca,DAMENZOL SUSP 100MG/5ML 30ML ZUZU,4.45,,sin_match,sin_candidato
cobeca,DANI 35 TAB REC 35MCG X21 TIAR,15.43,,sin_match,sin_candidato
cobeca,DAPAGLIFLOZINA TAB 10MG X30 CR MT,19.76,,sin_match,sin_candidato
cobeca,DAPAGLIFLOZINA TAB 5MG X30 CR MT,14.83,,sin_match,sin_candidato
cobeca,DAPAXIT TAB 10MG X30 ZORIAK,19.19,,sin_match,sin_candidato
cobeca,DARLIDE CAP BLD 1000UI X30 FC,6.17,,sin_match,score_bajo
cobeca,DAVINTEX COMP REC 60MG X10 MEG,5.06,,sin_match,score_bajo
cobeca,DAVINTEX COMP REC 90MG X10 MEG,6.88,,sin_match,score_bajo
cobeca,DAYFLU CAP BLD 500/10/2MG DIA/NOCX15 VIV,7.17,,sin_match,score_bajo
cobeca,DAYFLU CAP BLD 500MG/10MG/2MG DIAX10 VIV,5.78,,sin_match,sin_candidato
cobeca,DAYFLU CAP BLD 500MG/2MG NOCH X10 VIV,5.26,,sin_match,sin_candidato
cobeca,DECA LENTER COMPLEX AMP KIT 2MLX3 BIOTEC,5.69,E.F.33.373,matched,score=0.652
cobeca,DECALONA AMP 2ML X1,4.36,E.F.13.931,matched,score=0.767
cobeca,DECOBEL COMP 4MG X 10,5.74,E.F.21.267,matched,score=0.602
cobeca,DECOBEL SOL INY 8MG/2ML 2ML RNV,4.39,E.F.20.294,matched,score=0.797
cobeca,"DECOBEL TAB 0,5MG X30 RNV",4.65,E.F.21.267,matched,score=0.663
cobeca,DECOLORANTE PVO NK DICOLOR BLOND 180G,7.21,,sin_match,sin_candidato
cobeca,DEFLANUV TAB 6MG X10 NUV,5.79,,sin_match,sin_candidato
cobeca,DEFLARIN COMP 30MG X10 CCM,8.36,E.F.42.577,matched,score=0.606
cobeca,DEFLAZACORT TAB 30MG X10 CLX,11.74,E.F.G.37.306,matched,score=0.902
cobeca,DEFLAZACORT TAB 30MG X30 CLX,29.23,E.F.G.37.306,matched,score=0.902
cobeca,DEFLAZACORT TAB 6MG X10 CLX,9.29,E.F.G.37.255,matched,score=0.935
cobeca,DEFLAZACORT TAB 6MG X10 CR BEL,2.9,E.F.G.32.194,matched,score=0.891
cobeca,DEFLAZACORT TAB 6MG X10 KMP,5.38,E.F.G.32.194,matched,score=0.891
cobeca,DEFLAZACORT TAB 6MG X30 CR BEL,4.16,E.F.G.32.194,matched,score=0.891
cobeca,DEKOR COMP 4MG X20 DORO,3.7,,sin_match,sin_candidato
cobeca,DEMASQ D/OJOS NIVEA BIFASICO 125ML,7.55,,no_farmaco,
cobeca,DENAF TAB REC 50MG X1 L.O,1.03,,sin_match,score_bajo
cobeca,DENAF TAB REC 50MG X2 L.O,1.93,,sin_match,score_bajo
cobeca,DENCOFEN CREM-GEL X20GR,3.56,E.F.34.903,matched,score=1.000
cobeca,DENCOFEN GEL 1% 40G PONCE,5.09,,sin_match,score_bajo
cobeca,DENCORUB CREM 40G PONCE,4.29,,sin_match,score_bajo
cobeca,DENCORUB GEL 40G PONCE,4.72,,sin_match,score_bajo
cobeca,DENCORUB GEL ICE ARNICA 40G,2.94,E.F.4.931,matched,score=0.602
cobeca,DENCORUB ICE GEL 40G PONCE,2.66,,sin_match,score_bajo
cobeca,DENCORUB ICE ROLL ON 80G,3.2,,no_farmaco,
cobeca,DENCORUB ROLL ON ICE ARNICA 80G,3.38,,no_farmaco,
cobeca,DENCORUB SPRAY ICE 120ML,4.26,,no_farmaco,
cobeca,DENCORUB SPRAY ICE ARNICA 115G X12 PONCE,4.6,,no_farmaco,
cobeca,"DENTALIV GEL TOP 7,5% 10G PLN",13.94,,sin_match,sin_candidato
cobeca,DENUAL COMP 150MG X1 MEG,3.9,E.F.38.371,matched,score=0.888
cobeca,DEPOFEM SOL/INY 150MG X 1,15.65,E.F.43.769,matched,score=0.690
cobeca,DERAIN CREM 15G LETI,28,E.F.25.685,matched,score=0.732
cobeca,DERAIN GASA X10 LETI,51.67,,no_farmaco,
cobeca,"DERMACORTINE CREM 0,1% 15G MEG",10.52,,sin_match,score_bajo
cobeca,DERMACORTINE EMUL 60ML MEG,17.79,,sin_match,score_bajo
cobeca,"DERMACORTINE LOC 0,1% 30ML MEG",13.9,,sin_match,score_bajo
cobeca,DERMAPIL CREM 0.1 % X 15G,11.61,,sin_match,sin_candidato
cobeca,"DERMAZOL CREM 0,05% 30G MEG",12.47,E.F.41.291,matched,score=0.688
cobeca,"DERMAZOL UNG 0,05% 30G MEG",15.32,E.F.41.291,matched,score=0.688
cobeca,DERMOLIMP ACIBATH SCRUB 120G SIEG,15.43,,no_farmaco,
cobeca,DERMOSUPRIL C CREM 01%/3% 15G MEG,13.38,,sin_match,score_bajo
cobeca,"DERMOSUPRIL CREM 0,05% 15G MEG",9.22,,sin_match,score_bajo
cobeca,DERMOSUPRIL CREM 01% 15G MEG,10.13,,sin_match,score_bajo
cobeca,DERMOSUPRIL EMUL TOPICA 120ML MEG,23.64,,sin_match,score_bajo
cobeca,"DERMOVATE CREM 0,05% X 30G",19.65,E.F.21.432,matched,score=0.667
cobeca,DEROVIT CAP BLD 1000UI X30 VIV,3.7,E.F.41.984,matched,score=0.625
cobeca,DEROVIT CAP/BLD 2000UI X30 CALOX,4.32,,sin_match,score_bajo
cobeca,DES BIORGANIC S/ALCOHOL X 90G,1.48,,no_farmaco,
cobeca,DES DOVE AER DAMA DERMOACLARANTE 150ML,7.93,,sin_match,score_bajo
cobeca,DES REXONA AER ACTIVE EMOTION 150ML,7.08,,sin_match,score_bajo
cobeca,DES REXONA AER ANTIB/INVISIB 150ML,7.08,,sin_match,score_bajo
cobeca,DES REXONA AER XTRA COOL 150ML,7.08,,sin_match,score_bajo
cobeca,DES REXONA ROLL-ON ACTIVE EMOTION 50ML,3.25,,no_farmaco,
cobeca,DES REXONA ROLL-ON ANTIB/INVISIBLE 50ML,3.25,,no_farmaco,
cobeca,DES REXONA ROLL-ON PERFECT TONE 50ML,3.25,,no_farmaco,
cobeca,DES REXONA STICK ANTIB/INVISIBLE 45G,5.91,,no_farmaco,
cobeca,DESAZONA TAB 4MG X10 PORTU,1.57,,sin_match,sin_candidato
cobeca,DESENGRAS MR MUSCULO NAR REPU 500ML,3.44,,no_farmaco,
cobeca,DESENGRAS MR MUSCULO VERD REPU 500ML,3.44,,no_farmaco,
cobeca,DESENGRASANTE TAPA AMARILLA X 1L,7.61,,no_farmaco,
cobeca,DESGRASADOR TAPA AMARILLA X 1L,7.4,,no_farmaco,
cobeca,DESINFECT AJAX M/SUPERFIC 1L,5.25,,no_farmaco,
cobeca,DESINFECT AJAX M/SUPERFIC 500ML,2.9,,no_farmaco,
cobeca,DESINFECT SPRAY SOMTEX 240ML,5.4,,no_farmaco,
cobeca,DESINFECTANTE PUREZA M-SUP C/VALV X100ML,5.91,,no_farmaco,
cobeca,DESKEFLAS SOL INY 50MG/2ML X3 CR MT,9.31,E.F.44.408,matched,score=0.682
cobeca,DESKEFLAS TAB 25MG X10 CR MT,8.24,E.F.44.407,matched,score=0.693
cobeca,"DESLER JBE PED 0,5MG 60ML PHARME",5.49,,sin_match,score_bajo
cobeca,"DESLER M GRANU PED1,25/4MG SOBX10 PHARME",4.39,,no_farmaco,
cobeca,"DESLER M TAB 2,5MG/5MG X10 PHARME",4.57,E.F.36.632,matched,score=0.682
cobeca,DESLER M TAB 5MG/10MG X10 PHARME,5.89,E.F.36.632,matched,score=0.661
cobeca,"DESLER M TAB MAST 2,5/5MG X30 PHARME",9.84,,sin_match,score_bajo
cobeca,DESLER M TAB REC 5MG/10MG X30 PHARME,17.4,,sin_match,score_bajo
cobeca,DESLER TAB 5MG X10 PHARME,3.38,E.F.36.632,matched,score=0.704
cobeca,"DESLORAT 0,5MG 60ML L.O",4.83,,no_farmaco,
cobeca,DESLORAT TAB 5MG X10 L.O,2.94,E.F.34.405,matched,score=0.643
cobeca,DESLORAT TAB 5MG X20 L.O,4.62,E.F.34.405,matched,score=0.643
cobeca,DESLORATAD/MONTELUK COM 2.5/5MG X 30 CRB,2.65,,sin_match,sin_candidato
cobeca,DESLORATADINA COMP REC 5MG X10 LETI,3.53,E.F.G.36.268,matched,score=0.843
cobeca,"DESLORATADINA JBE 0,5MG/ML 60ML LETI",6.04,E.F.G.36.998,matched,score=0.761
cobeca,"DESLORATADINA JBE 2,5MG 60ML KIMIC",3.78,E.F.G.36.268,matched,score=0.720
cobeca,"DESLORATADINA JBE PED 2,5/5ML60ML PHARME",4.86,E.F.G.36.268,matched,score=0.706
cobeca,"DESLORATADINA JBE PED 2,5MG/5ML 60ML MEY",7.01,E.F.G.36.268,matched,score=0.768
cobeca,"DESLORATADINA SOL PED 2,5MG/5ML 60ML MEY",6.75,E.F.G.36.268,matched,score=0.768
cobeca,DESLORATADINA TAB 5MG X10 CLX,2.17,E.F.G.37.996,matched,score=0.935
cobeca,DESLORATADINA TAB 5MG X10 PHARME,2.74,E.F.G.35.486,matched,score=0.891
cobeca,DESLORATADINA TAB REC 5MG X10 KIMIC,2.13,E.F.G.43.543,matched,score=0.612
cobeca,DESLORATADINA TAB/REC 5MG X 10 MEYER,2.68,E.F.G.36.268,matched,score=0.605
cobeca,DESMANCHADOR TAPA AMARILLA TOD/COLOR X1L,5.83,,no_farmaco,
cobeca,DESMAQ LIVING BI FACIL 120ML,4.12,,no_farmaco,
cobeca,DESOD A/TRANSP OZONEPIU CABALLERO 90G,3.49,,no_farmaco,
cobeca,DESOD AER AXE APOLLO 88G,5.01,,sin_match,sin_candidato
cobeca,DESOD AER AXE APOLLO BODYSPRAY 150ML,5.01,,sin_match,sin_candidato
cobeca,DESOD AER AXE BLACK 88G,4.85,,sin_match,sin_candidato
cobeca,DESOD AER AXE BLACK BODYSPRAY 150ML,5.01,,sin_match,sin_candidato
cobeca,DESOD AER AXE DARK TEMPTATION 150ML,5.01,,sin_match,sin_candidato
cobeca,DESOD AER AXE DARK TEMPTATION 88G,4.85,,sin_match,sin_candidato
cobeca,DESOD AER DOVE ORIG 150ML,7.93,,sin_match,sin_candidato
cobeca,DESOD AER LADY SPEED STICK CARB AB 150ML,7.66,,sin_match,sin_candidato
cobeca,DESOD AER REXONA BAMBOO 89G/150ML,7.08,,sin_match,sin_candidato
cobeca,DESOD AER REXONA PERFECT TONE 89G/150ML,7.08,,sin_match,sin_candidato
cobeca,DESOD AER ZOAH DAILY CARE 210ML,5.74,,sin_match,sin_candidato
cobeca,DESOD BARRA DOVE INV DRY MEN 45G,6.69,,sin_match,sin_candidato
cobeca,DESOD BARRA LADY SPEED STICK CARB AB 45G,6.75,,sin_match,sin_candidato
cobeca,DESOD BARRA LADY SPEED STICK CLI/CO 45G,7.6,,sin_match,sin_candidato
cobeca,DESOD BARRA LADY SPEED STICK OMEGA 3 45G,5.71,,sin_match,sin_candidato
cobeca,DESOD BARRA LADY SPEED STICK PRO5 45G,6.5,,sin_match,sin_candidato
cobeca,DESOD BARRA REXONA PERFECT TONE 45G,5.91,,sin_match,sin_candidato
cobeca,DESOD BARRA SPEED STICK 50G,6.5,,sin_match,sin_candidato
cobeca,DESOD BARRA SPEED STICK CARB AB 50G,6.75,,sin_match,sin_candidato
cobeca,DESOD BARRA SPEED STICK CLI/CO 50G,7.6,,sin_match,sin_candidato
cobeca,DESOD BARRA SPEED STICK STAINGUARD 50G,6.5,,sin_match,sin_candidato
cobeca,DESOD EVERY NIGHT BABY PINK 50G,4.57,,no_farmaco,
cobeca,DESOD EVERY NIGHT BIO BABY PINK 90G,2.11,,no_farmaco,
cobeca,DESOD EVERY NIGHT BIO DEO POWD 50G,4.57,,no_farmaco,
cobeca,DESOD EVERY NIGHT BIO FRESH APPLE 90G,2.03,,no_farmaco,
cobeca,DESOD EVERY NIGHT BIO HAPPY COCO 90G,2.03,,no_farmaco,
cobeca,DESOD EVERY NIGHT BIO PURE ROSE 90G,2.03,,no_farmaco,
cobeca,DESOD EVERY NIGHT DEO FOR MEN SPORT 50G,4.57,,no_farmaco,
cobeca,DESOD EVERY NIGHT DEO FRES F/MEN 50G,4.57,,no_farmaco,
cobeca,DESOD INTIMO LACTIBON BIOLUBE 35G,18.83,,no_farmaco,
cobeca,DESOD P/PIES ARTEZA FOOT DEODORANT 200ML,7.21,,no_farmaco,
cobeca,DESOD ROLL ON DIOXOGEN ALOE 90G,2.61,,no_farmaco,
cobeca,DESOD ROLL ON DIOXOGEN BICARBONATO 90G,2.61,,no_farmaco,
cobeca,DESOD ROLL ON IE PIELES ATOPICAS 75ML,8.55,,no_farmaco,
cobeca,DESOD ROLL ON IE UREA 75ML,10.44,,no_farmaco,
cobeca,DESOD ROLL ON LADY SPEED STICK FRES 50ML,3.51,,no_farmaco,
cobeca,DESOD ROLL ON LADY SPEED STICK OMEGA350G,3.51,,no_farmaco,
cobeca,DESOD ROLL ON LADY SPEED STICK PRO5 50ML,3.51,,no_farmaco,
cobeca,DESOD ROLL ON NEUTRO BALANCE 65ML,3.86,,no_farmaco,
cobeca,DESOD ROLL ON NIVEA CLASSIC TOUCH 50ML,2.56,,no_farmaco,
cobeca,DESOD ROLL ON NIVEA INVIS B&W MEN 50ML,2.98,,no_farmaco,
cobeca,DESOD ROLL ON NIVEA INVIS B&W WOMEN 50ML,2.98,,no_farmaco,
cobeca,DESOD ROLL ON NIVEA MEN FRES ICE 50ML,2.98,,no_farmaco,
cobeca,DESOD ROLL ON NIVEA PEARL&BEAUTY 50ML,2.98,,no_farmaco,
cobeca,DESOD ROLL ON REXONA A/BACT INV MAN 50ML,3.25,,no_farmaco,
cobeca,DESOD ROLL ON REXONA BAMBOO 50ML,3.25,,no_farmaco,
cobeca,DESOD ROLL ON REXONA V8 50ML,3.25,,no_farmaco,
cobeca,DESOD ROLL ON REXONA XTRA COOL 50ML,3.25,,no_farmaco,
cobeca,DESOD ROLL ON SPEED STICK MULTI 50ML,3.51,,no_farmaco,
cobeca,DESOD ROLL ON ZOAH DAILY CARE 90ML,1.84,,no_farmaco,
cobeca,DESOD SPRAY LADY SPEED STICK CLI/CO150ML,8.74,,no_farmaco,
cobeca,DESOD SPRAY LADY SPEED STICK PRO 5 150ML,7.66,,no_farmaco,
cobeca,DESOD SPRAY SPEED STICK 5EN1 91G,7.66,,no_farmaco,
cobeca,DESOD SPRAY SPEED STICK STAINGUARD 91G,7.66,,no_farmaco,
cobeca,"DESOLON TAB 0,15MG/0,03MG X21 CAPSUV",12.66,,sin_match,sin_candidato
cobeca,"DESONIDA CREM 0,1% 15G MEY",14.96,E.F.G.44.106,matched,score=0.739
cobeca,DESTAPA D/CAÑERIAS DRANO MAX GEL 946ML,10.32,,sin_match,sin_candidato
cobeca,DESTREL COM 75MCG X 28 EURO,12.31,E.F.44.013,matched,score=0.811
cobeca,DETERGENTE LIQ VEL ROSA 1L,10.32,,no_farmaco,
cobeca,DETERGENTE LIQ WOOLITE BEBE 900ML,9.9,,no_farmaco,
cobeca,DETERGENTE TAPA AMARILLA LIQ X 1L,4.31,,no_farmaco,
cobeca,DETFORGLIN TAB 500/50MGX30 CR DIST,10.97,,sin_match,sin_candidato
cobeca,DETODITO RESUELTO 110G,2.22,,no_farmaco,
cobeca,DETODITO RESUELTO 280G,4.39,,no_farmaco,
cobeca,DETODITO RESUELTO 360G,5.81,,no_farmaco,
cobeca,DETODITO RESUELTO 40G X12,10.27,,no_farmaco,
cobeca,DETOX CAP X60 ETER,8.12,,sin_match,sin_candidato
cobeca,DETOX COMPLEX CAP 300MG X60 ARC IRIS,9.22,,sin_match,score_bajo
cobeca,DEVOLEN TAB REC 10MG X30 ARVEST,10.13,,sin_match,sin_candidato
cobeca,DEXACORT SOL INY 4MG/ML 2L X1 BHR,3.08,,sin_match,sin_candidato
cobeca,DEXAMETASONA COMP 4MG X10 SPEFAR,4.17,E.F.G.42.492,matched,score=0.727
cobeca,DEXAMETASONA DEXAPIL TAB 4MG X10 ADN,2.26,E.F.G.42.492,matched,score=0.725
cobeca,DEXAMETASONA F/SOD SOL INY 4MG/1MLX10 DT,3.87,E.F.G.42.510,matched,score=0.727
cobeca,DEXAMETASONA F/SOD SOL INY 8MG/2MLX10 DT,7.38,E.F.G.42.502,matched,score=0.727
cobeca,DEXAMETASONA FOSF SOL INY 8MG/2ML X1 VLM,2.25,E.F.G.43.012,matched,score=0.893
cobeca,DEXAMETASONA SOL INY 8MG/2ML X10 ADN,8.75,E.F.G.42.601,matched,score=0.870
cobeca,DEXAMETASONA SOL INY 8MG/2ML X10 BLUE/M,4.23,E.F.G.42.601,matched,score=0.870
cobeca,"DEXAMETASONA TAB 0,5MG X30 VARG",3.64,E.F.G.26.356,matched,score=0.935
cobeca,DEXAMETASONA TAB 4MG X10 KMP,1.16,E.F.G.42.492,matched,score=0.891
cobeca,DEXAMETASONA TAB 4MG X100 PORTU,11.56,E.F.G.42.492,matched,score=0.729
cobeca,DEXKETOPROFENO SOB 25MG/10ML X20 CLX,25.47,E.F.G.44.066,matched,score=0.736
cobeca,DEXOPRAL CAP 30MG X 30 MEYER,32.21,,sin_match,sin_candidato
cobeca,"DEXTAMIN SOL ORAL 0,5MG/ML X 120ML",4.48,E.F.42.573,matched,score=0.671
cobeca,"DEXTAMIN SOL ORAL PED 0,5MG/ML 60ML PLX",3.86,,sin_match,score_bajo
cobeca,DEXTAMIN TAB REC 5MG X10 PLX,2.78,E.F.42.573,matched,score=0.637
cobeca,DEXTONIL JBE 15MG/5ML 120ML PLX,5.21,,sin_match,score_bajo
cobeca,DEXTROMET JBE 15MG/5ML 120ML ZUZU,3.23,,sin_match,sin_candidato
cobeca,DEXTROMETLAT JBE 15MG/3MG 120ML ZUZU,3.57,,sin_match,sin_candidato
cobeca,DEXTROMETORFANO JBE 120ML CR BEL,2.29,E.F.14.784,matched,score=0.644
cobeca,DEXTROMETORFANO JBE 15MG/5ML 120ML BIOQ,5.78,E.F.G.42.537,matched,score=0.798
cobeca,DEXTROMETORFANO SOL 2MG/ML 200ML DORO,2.84,E.F.40.663,matched,score=0.636
cobeca,DEXTROSA AGUA DESTILADA #1 5% 500ML BHR,4.4,,no_farmaco,
cobeca,DEXTROSA AGUA DESTILADA #2 10% 500ML BHR,4.48,,no_farmaco,
cobeca,"DEXTROSA SOL 0,30% N28 500ML BHR",4.81,,sin_match,score_bajo
cobeca,"DEXTROSA SOL 0,45% N29 500ML BHR",5.49,,sin_match,score_bajo
cobeca,DEXTROSA SOL 30% 500ML BHR,11.43,,sin_match,score_bajo
cobeca,DEXTROSA SOL 5% 500ML BIOVITAK,4.58,,sin_match,score_bajo
cobeca,DEXTROSA SOL INY IV 5% 500NL BLUE/M,2.45,E.F.G.39.066,matched,score=0.800
cobeca,"DEXTROSALINA SOL INY 0,45% 500ML GKV",3.62,,sin_match,sin_candidato
cobeca,DI BENZOL SOL 200MG/5ML PED FRESA X 10ML,3.1,,sin_match,score_bajo
cobeca,"DI-EUDRIN TAB 12,5MG X30 BIOTECH",7.15,E.F.10.432,matched,score=0.697
cobeca,DIACEREINA CAP 50MG X 10 MT,5.16,E.F.G.43.584,matched,score=0.898
cobeca,DIACERINA TAB 50MG X30 ANG/H,15.32,,sin_match,sin_candidato
cobeca,DIACORT SOL ORAL 3MG/ML 60ML CR DIST,6.42,,sin_match,sin_candidato
cobeca,DIADALTONE TAB 25MG X20 DIST,7.7,,sin_match,sin_candidato
cobeca,DIADEX PHIS 120ML,3.92,,no_farmaco,
cobeca,DIAFORMINA COMP REC 1000MG X30 MEG,18.31,E.F.38.358,matched,score=0.679
cobeca,DIAFORMINA COMP REC 500MG X30 MEG,9.22,E.F.30.872,matched,score=0.636
cobeca,"DIAFORMINA PLUS COMP 2,5MG X30 MEG",15.32,E.F.30.872,matched,score=0.882
cobeca,DIAGESIC AMP 75MG/3ML X1 BIOT,8.23,E.F.33.474,matched,score=0.698
cobeca,DIAGESIC SOL INY 75MG/3ML X2 BIOTECH,13.83,E.F.33.474,matched,score=0.698
cobeca,"DIAGESIC SUSP PED 1,8MG/ML 120ML BIOTECH",7.86,E.F.35.040,matched,score=0.685
cobeca,"DIAGESIC SUSP PED 1,8MG/ML 60ML BIOT",7.38,E.F.35.040,matched,score=0.699
cobeca,DIALPRON SUSP 250MG/5ML 120ML CR DIST,11.52,,sin_match,sin_candidato
cobeca,DIALPRON TAB 500MG X30 CR DIST,6.84,,sin_match,sin_candidato
cobeca,"DIANALPER GEL 1,16% 30G PHARME",5.32,,sin_match,score_bajo
cobeca,DIANE 35 GRAG X21 AVPH,21.33,E.F.24.715,matched,score=0.636
cobeca,DIANIDIP TAB 10MG X10 CR DIST,5.61,,sin_match,sin_candidato
cobeca,DIANIDIP TAB 20MG X10 CR DIST,6.68,,sin_match,sin_candidato
cobeca,DIANITIN SOL 150MG/10ML X 120ML,8.94,,sin_match,sin_candidato
cobeca,DIARONA TAB 200MG X10 VIN,10.45,E.F.25.910,matched,score=0.757
cobeca,"DICARVEX TAB 6,25MG X30 PLX",5.65,E.F.44.533,matched,score=0.787
cobeca,DICEA COMP REC 3MG/0.02MG X28 MEG,19.09,,sin_match,score_bajo
cobeca,DICEA COMP REC 3MG/0.03MG X28 MEG,14.55,,sin_match,score_bajo
cobeca,DICIGEL SUSP 240ML PHARME,12.76,,sin_match,score_bajo
cobeca,DICLODEX 50MG X10 PLX,1.31,,no_farmaco,
cobeca,"DICLODEX SUSP ORAL 1,8 MG/ML 120ML PLX",6.89,E.F.43.814,matched,score=0.633
cobeca,DICLODEX TAB 50MG X20 PLX,2.59,E.F.36.464,matched,score=0.780
cobeca,"DICLOFENAC DIETILAM GEL 1,16% 30G ALESS",2.38,,sin_match,score_bajo
cobeca,"DICLOFENAC POT SUP PED 12,5MG X6 VARG",3.4,E.F.G.35.435,matched,score=0.740
cobeca,DICLOFENAC POT TAB/REC 50MG X 10 CALOX,0.74,E.F.G.35.435,matched,score=0.710
cobeca,DICLOFENAC POTA AMP 75MG/3ML X1 CR GM,1.71,E.F.G.36.803,matched,score=0.748
cobeca,DICLOFENAC POTA COMP 50MG X10 LETI,13.46,E.F.G.43.045,matched,score=0.814
cobeca,DICLOFENAC POTA COMP 50MG X30 LETI,14.21,E.F.G.43.045,matched,score=0.814
cobeca,DICLOFENAC POTA COMP REC 100MG X10 ZUZU,0.73,E.F.G.35.435,matched,score=0.674
cobeca,DICLOFENAC POTA TAB 50MG X10 PHARME,0.81,E.F.G.43.045,matched,score=0.814
cobeca,DICLOFENAC POTA TAB 50MG X20 ALESS,0.78,E.F.G.28.851,matched,score=0.737
cobeca,DICLOFENAC POTA TAB 50MG X20 CR DAC,0.65,E.F.G.43.045,matched,score=0.814
cobeca,DICLOFENAC POTA TAB REC 50MG X10 ADN,0.51,E.F.G.43.045,matched,score=0.692
cobeca,DICLOFENAC POTA TAB REC 50MG X10 L.O,0.57,E.F.G.35.435,matched,score=0.675
cobeca,DICLOFENAC POTA TAB REC 50MG X30 L.O,2.1,E.F.G.35.435,matched,score=0.675
cobeca,DICLOFENAC SOD AMP 75MG/3ML X 10 BLUE/M,2.12,E.F.G.36.803,matched,score=0.899
cobeca,DICLOFENAC SOD GEL 1% 50G SGG,9.65,E.F.G.29.516,matched,score=0.696
cobeca,DICLOFENAC SOD SUP 100MG X10 CR DIST,6.32,,no_farmaco,
cobeca,DICLOFENAC SOD SUP 100MG X5 ADN,2.68,,no_farmaco,
cobeca,DICLOFENAC SOD SUP 100MG X5 KMP,2.7,,no_farmaco,
cobeca,DICLOFENAC SOD SUP 50MG X10 ALESS,2.69,,no_farmaco,
cobeca,DICLOFENAC SOD SUP 50MG X10 VARG,4.35,,no_farmaco,
cobeca,DICLOFENAC SOD TAB 50MG X20 ALESS,0.98,E.F.G.28.851,matched,score=0.775
cobeca,DICLOFENACO POT TAB REC 50MG X10 BLUE/M,0.43,E.F.G.35.435,matched,score=0.821
cobeca,DICLOFENACO POTA TAB 50MG X20 KIMIC,1.53,E.F.G.43.099,matched,score=0.737
cobeca,DICLOFENACO SOD SOL INY 75MG/3ML X10 CCM,19.26,E.F.G.36.803,matched,score=0.818
cobeca,DICLOPRAM SUSP 5MG/5ML 100ML CR DIST,5.4,,sin_match,sin_candidato
cobeca,"DICLORET SUSP 1,8MG/ML 60ML L.O",7.1,,sin_match,score_bajo
cobeca,DICLOXACILINA PVO SUSP 250/5MLX80ML SANT,7.96,E.F.G.43.220,matched,score=0.685
cobeca,DIDRAMINA TAB 50MG X10 CR DIST,5.4,,sin_match,sin_candidato
cobeca,DIECAPS CAP 120MG X30 MEG,21.82,E.F.39.086,matched,score=0.655
cobeca,DIECAPS CAP 60MG X30 MEG,13.38,E.F.40.899,matched,score=0.636
cobeca,DIEPILEP TAB 100MG X30 CR DIST,13.55,,sin_match,sin_candidato
cobeca,DIFEN PLUS TAB X10 MEY,2.51,E.F.29.117,matched,score=0.762
cobeca,DIFEN PLUS TAB X20 MEY,4.92,E.F.29.117,matched,score=0.762
cobeca,DIFEN TAB X10 MEY,2.39,E.F.29.117,matched,score=0.762
cobeca,DIFENAC FORTE COMP REC 100MG X10 DLR,4.42,,sin_match,score_bajo
cobeca,DIFENAC GEL 30ML DLR,5.56,E.F.27.774,matched,score=0.602
cobeca,DIFEPIN COMP LP 30MG X30 ZUZU,4.13,,sin_match,sin_candidato
cobeca,DIFLURYL TAB REC 10MG X30 CR DIST,6.92,,sin_match,sin_candidato
cobeca,DIFURAZ CREM 0.2% X 30G,15.92,,sin_match,sin_candidato
cobeca,DIGESAN CAP X90 ARC IRIS,10,,sin_match,sin_candidato
cobeca,DIGESTIL CAP X60 NAT PREM,7.06,,sin_match,sin_candidato
cobeca,DIGFLOXIN TAB 10MG X40 DIST,18.14,,sin_match,sin_candidato
cobeca,DIGLET COM 2000 UI X 30,9.89,E.F.41.496,matched,score=0.929
cobeca,DIGLET COMP REC 5000UI X10 LETI,7.61,E.F.42.648,matched,score=0.679
cobeca,DIGLET SOL ORAL GTAS 200UI 20ML LETI,15.88,E.F.42.496,matched,score=0.768
cobeca,DIHIDROLIP COMP REC 10MG X10 VARG,5.31,,sin_match,sin_candidato
cobeca,DIHIDROLIP COMP REC 10MG X30 VARG,15.4,,sin_match,sin_candidato
cobeca,DIHIDROLIP COMP REC 20MG X10 VARG,7.64,,sin_match,sin_candidato
cobeca,DIHIDROLIP COMP REC 20MG X30 VARG,21.55,,sin_match,sin_candidato
cobeca,"DIISFLOR 1,3G SOB X15 CR DIST",13.57,,sin_match,sin_candidato
cobeca,DIKLASON AP COMP 100MG X20 LETI,18.55,E.F.32.831,matched,score=0.769
cobeca,DIKLASON B1 COM 150MG X 10,19.46,E.F.43.230,matched,score=0.825
cobeca,DIKLASON GRAG 50MG X10 LETI,3.62,E.F.43.230,matched,score=0.655
cobeca,"DIKLASON SUSP PED 1,8MG 120ML LETI",14.07,,sin_match,score_bajo
cobeca,DILFAMID CREM 1% X 50G,12.42,,sin_match,sin_candidato
cobeca,DILOTEX COM 5MG X 30,2.94,E.F.27.240,matched,score=0.900
cobeca,DILOTEX COMP 10MG X10 DLR,2.56,E.F.27.234,matched,score=0.797
cobeca,DILTIAZEM TAB 60MG X 30 ANGELUS,8.94,E.F.30.715,matched,score=0.610
cobeca,DILTIAZEM TAB 60MG X20 CCM,8.35,E.F.30.715,matched,score=0.793
cobeca,DILTIAZEM TAB 60MG X20 KMP,10.64,E.F.30.715,matched,score=0.793
cobeca,DILTIAZEM TAB 60MG X30 ZUZU,9.17,E.F.30.715,matched,score=0.793
cobeca,DILTIAZEM TAB LP 120MG X30 ANG/H,23.62,,sin_match,score_bajo
cobeca,DILUXEN TAB 60MG X20 FAR,10.39,E.F.42.159,matched,score=0.685
cobeca,DIMETIN TAB REC 200MG X20 CR DIST,4.62,,sin_match,sin_candidato
cobeca,DIMEVLOR COMP 2MG/1000MG X30 FC,20.55,,sin_match,sin_candidato
cobeca,DIMEVLOR COMP 2MG/500MG X30 FC,24.08,,sin_match,sin_candidato
cobeca,DIMIDON SUSP 40MG/ML 200ML CCM,8.35,,sin_match,sin_candidato
cobeca,"DINAMONT GRANU 4/1,25MG X20 CR DIST",8.16,,no_farmaco,
cobeca,DINAMONT PLUS TAB 10/5MG X20 CR DIST,9.79,,sin_match,sin_candidato
cobeca,DIOFLON TAB 450MG/50MG X10 CR 2N,3.12,,sin_match,sin_candidato
cobeca,DIOSMINA COMP REC 600MG X30 VARG,13.78,E.F.G.43.969,matched,score=0.764
cobeca,DIOSMINA TAB 600MG X 10 FARMAMED,2.44,E.F.G.43.969,matched,score=0.675
cobeca,DIOSMINA TAB 600MG X 28 CLX,10.95,E.F.G.38.177,matched,score=0.922
cobeca,DIOSMINA TAB 600MG X14 CLX,6.7,E.F.G.38.177,matched,score=0.922
cobeca,DIOSMINA TAB 600MG X30 ZUZU,10.12,E.F.G.38.177,matched,score=0.878
cobeca,DIOSMINA TAB REC 600MG X30 CR DIST,10.48,E.F.G.38.177,matched,score=0.757
cobeca,DIOSMINA TAB REC 600MG X30 DAC,10.73,E.F.G.38.177,matched,score=0.757
cobeca,DIOSMINA/HESP TAB/REC 450/50MG X 30 PHAR,12.57,E.F.G.36.420,matched,score=0.687
cobeca,DIOSMINA/HESPER COM 450M/50MG X30 GENFAR,16.62,E.F.40.371,matched,score=0.757
cobeca,DIOSMINA/HESPER TAB 450/50MG X30 CR DIST,12.12,E.F.G.36.420,matched,score=0.832
cobeca,DIOSMINA/HESPER TAB 450MG/50MG X30 ANG/H,12.43,E.F.G.36.420,matched,score=0.824
cobeca,DIOSMINA/HESPER TAB REC 450/50X10 PHARME,8.99,,sin_match,score_bajo
cobeca,DIOXOGEN GEL LIMP 280ML PONCE,4.74,,sin_match,score_bajo
cobeca,DIOXOGEN SOL ANTIBACT 115ML PONCE,1.45,,sin_match,score_bajo
cobeca,DIOXOGEN SOL ANTIBACT 460ML PONCE,2.5,,sin_match,score_bajo
cobeca,DIPIDOL SOL INY 500MG/ML 2ML X3 BHR,4.4,E.F.30.051,matched,score=0.665
cobeca,DIPLOZ TAB 1MG X30 CLX,12.91,E.F.42.021,matched,score=0.844
cobeca,DISBAC TRIO CREM 10MG X 40G,4.34,,sin_match,sin_candidato
cobeca,DISBIOTIC 1G FRESA SOB X15 CR DIST,17.49,,sin_match,score_bajo
cobeca,DISBUFEN KIDS SUSP 100MG/5ML X 120ML,3.21,,sin_match,sin_candidato
cobeca,DISBUFEN MAXX CAP BLD 600MG X20 CR DIST,6.87,,sin_match,sin_candidato
cobeca,DISCAPINA COMPOS TAB 10/250MGX20 CR DIST,8,,sin_match,sin_candidato
cobeca,DISCAPINA KIDS SUSP 5MG/ML 20ML CR DIST,4.87,,sin_match,score_bajo
cobeca,"DISCARVEX TAB 12,5 X30 PLX",5.18,,sin_match,sin_candidato
cobeca,DISCETAM SUSP 100MG 150ML CR DIST,39.82,,sin_match,sin_candidato
cobeca,DISCETAM TAB 1000MG X30 CR DIST,16.25,,sin_match,sin_candidato
cobeca,"DISCOLAYTE 69,7G X10 CR DIST",60.16,,no_farmaco,
cobeca,DISCOS D/ALGODON F&S DESECH X70,1.79,,no_farmaco,
cobeca,DISCOS D/ALGODON LADYFACE 80UND 3X2,6.92,,no_farmaco,
cobeca,DISCRALFAT SUSP 1G/5ML 150ML CR DIST,18.45,,sin_match,sin_candidato
cobeca,DISCRALFAT TAB 1G X20 CR DIST,9.65,,sin_match,sin_candidato
cobeca,DISCRODANTINA CAP 50MG X30 CR DIST,7.32,,sin_match,sin_candidato
cobeca,DISDERM CREM 20G X 1,3.45,,sin_match,sin_candidato
cobeca,DISFENAC AMP IV/IM 75MG/3ML X5 CR DIST,16.35,,sin_match,sin_candidato
cobeca,"DISFENAC GEL 1,16% 50G CR DIST",6.74,,sin_match,sin_candidato
cobeca,DISFENAC MAX TAB 100MG X 10,2.22,,sin_match,sin_candidato
cobeca,"DISFENAC SUSP 1,8MG/ML 120ML CR DIST",4.1,,sin_match,sin_candidato
cobeca,DISLEPTAL SUSP 300MG/5ML 100ML CR DIST,13.4,,sin_match,sin_candidato
cobeca,DISLEPTAL TAB 300MG X30 CR DIST,9.45,,sin_match,sin_candidato
cobeca,DISMEXINA JBE 8MG/5ML X 120ML,5.16,,sin_match,sin_candidato
cobeca,DISMEXINA KIDS JBE 4MG/5ML X 120ML,3.3,,sin_match,sin_candidato
cobeca,"DISMOVAT CREM 0,05% 50G CR DIST",6.99,,sin_match,sin_candidato
cobeca,DISOMEZ GRANU PED 10MG X20 CR DIST,18.96,,sin_match,sin_candidato
cobeca,DISPERID TAB 450MG/50MG X30 ZUZU,11.34,,sin_match,sin_candidato
cobeca,DISPROZIN SOL ORAL 6MG/ML 120ML CR DIST,4.62,,sin_match,sin_candidato
cobeca,DISTAFEN SOL KIDS 120MG/5ML X 120ML,2.42,,sin_match,sin_candidato
cobeca,DISTAFLU CAP 75MG X10 DIST,53.05,,sin_match,sin_candidato
cobeca,DISTAMIN B MULTIVIT JBE X 120ML,13.17,,sin_match,sin_candidato
cobeca,DISTAMIN C JBE 200MG/5ML X 120ML,8.61,,sin_match,sin_candidato
cobeca,DISTIAZEM TAB REC 60MG X30 CR DIST,8,,sin_match,sin_candidato
cobeca,"DISTRILAX PVO SOL ORAL 8,5MG 120G CRDIST",8.03,,sin_match,sin_candidato
cobeca,DISTROINMUNE L CAP 668MG/300MG X30 DIST,61.65,,sin_match,sin_candidato
cobeca,DISTROMAG CAP 1642MG X60 DIST,20.45,,sin_match,sin_candidato
cobeca,DISTRONAD+ CAP 400MG X30 CR DIST,58.71,,sin_match,sin_candidato
cobeca,DISTROSIL Q FORTE CAP X30 DIST,31.38,,sin_match,score_bajo
cobeca,DISTROSLEEP CAP 854MG/10MG X60 DIST,19.95,,sin_match,sin_candidato
cobeca,DISTROVIT FORTE GEL 120G DIST,24.29,,sin_match,score_bajo
cobeca,DISVENAL ANTIVARICOSO CAP 500MG X30 DIST,15.53,,sin_match,sin_candidato
cobeca,DITOSXIL JBE 250MG/5ML 120ML ADU,5.18,,sin_match,sin_candidato
cobeca,DITOSXIL SUSP 100MG/5ML 120ML CR DIST,6.13,,sin_match,sin_candidato
cobeca,DITRIL TAB REC 200MG X30 ARVEST,28.71,,sin_match,score_bajo
cobeca,DITRIL TAB REC 50MG X30 ARVEST,17.73,,sin_match,score_bajo
cobeca,DIVIDIVI GEL HEMORROIDAL 5% X30G CR GMA,10.39,,sin_match,sin_candidato
cobeca,DIXINATO RELAX TAB 125MG/5MG X 10,10.86,,sin_match,sin_candidato
cobeca,DIXTORFAN GTA/ORAL 2MG/ML PED X 30ML,7.35,,sin_match,sin_candidato
cobeca,DIXTORFAN SOL/ORAL 3MG/5ML X 120ML,3.47,,sin_match,sin_candidato
cobeca,DIZACOL MESALAZINA TAB 500MG X30,24.68,E.F.37.926,matched,score=0.625
cobeca,DIZONIDE SUSP 100MG/5ML 60ML CR DIST,13.48,,sin_match,sin_candidato
cobeca,DIZONIDE TAB REC 500MG X10 CR DIST,7.47,,sin_match,sin_candidato
cobeca,DIZUCLOC GEL 1% 30G ZUZU,2.83,,sin_match,sin_candidato
cobeca,DLORACE TAB REC 500MG/4MG X20 CR DIST,5.45,,sin_match,sin_candidato
cobeca,DOBET SOL OFT 5ML L.O,17.78,E.F.30.873,matched,score=0.711
cobeca,DOBRACID COMP LP 300MG X30 LETI,21.38,E.F.40.299,matched,score=0.756
cobeca,DOBRACID LP COM 300MG X 10,7.65,E.F.40.299,matched,score=0.825
cobeca,DOBUTAMINA AMP 250MG/5ML X5 MEDV,30.66,E.F.G.42.487,matched,score=0.861
cobeca,DOCE PLEX ELIX  120ML MEY,16.82,,no_farmaco,
cobeca,DODOQUIN SUSP/ORAL 42MG/ML X 100ML,9.72,,sin_match,sin_candidato
cobeca,DODOQUIN TAB 650MG X10 ZUZU,6.78,,sin_match,sin_candidato
cobeca,DODOQUIN TAB 650MG X20 ZUZU,12.04,,sin_match,sin_candidato
cobeca,DOL DUO TAB/REC 500MG/10MG X 10,4.48,,sin_match,score_bajo
cobeca,DOL PLUS TAB 650MG X10 CLX,2.43,,sin_match,score_bajo
cobeca,DOL PLUS TAB 650MG X20 CLX,3.6,,sin_match,score_bajo
cobeca,DOL TAB 450/40/1MG BLIS 4 X20 CLX,20.44,,sin_match,score_bajo
cobeca,DOL TAB X10 CLX,2.1,E.F.26.655,matched,score=0.706
cobeca,DOL TAB X20 CLX,3.35,E.F.26.655,matched,score=0.706
cobeca,DOLAK COMP 10MG X20 DLR,4.38,E.F.27.426,matched,score=0.797
cobeca,DOLAK COMP 20MG X10 DLR,4.57,E.F.27.438,matched,score=0.797
cobeca,DOLAK SL COMP 10MG X10 DLR,5.31,E.F.27.426,matched,score=0.694
cobeca,DOLAK SL COMP 30MG X4 DLR,4.26,,sin_match,score_bajo
cobeca,DOLAK SOL INY 30MG/ML X1 DLR,4.98,,sin_match,score_bajo
cobeca,DOLAK SOL INY 30MG/ML X2 DLR,9.01,,sin_match,score_bajo
cobeca,DOLCAN SUSP ORAL PED 9MG/5ML 120ML MEG,7.01,E.F.43.320,matched,score=0.610
cobeca,DOLCAN SUSP ORAL PED 9MG/5ML 60ML MEG,5.58,E.F.43.320,matched,score=0.624
cobeca,DOLGENAL COMP SL 30MG X8 ADIUM,9.76,,sin_match,sin_candidato
cobeca,DOLKIDS TAB 160MG X20 CLX,4.86,E.F.32.091,matched,score=0.643
cobeca,DOLNIX CAP 150MG X20 DLR,8.63,E.F.42.184,matched,score=0.602
cobeca,DOLNIX CAP 75MG X20 DLR,4.66,,sin_match,score_bajo
cobeca,DOLO ICE LOC GEL MENTOLADA 120ML DAW,3.17,,sin_match,sin_candidato
cobeca,DOLO ICE LOC GEL MENTOLADA 250ML DAW,4.36,,sin_match,sin_candidato
cobeca,DOLO ICE LOC ROLL ON MENTOLADA 90ML DAW,3.27,,sin_match,sin_candidato
cobeca,DOLOGESICCAF CAP BLD 400/60MG X10 PLN,5.32,,sin_match,score_bajo
cobeca,DOLORUB GEL 5% 60G CCM,8.58,,sin_match,sin_candidato
cobeca,DOMPERIDONA TAB 10MG X10 KMP,1.29,E.F.G.44.581,matched,score=0.957
cobeca,DOMPERIDONA TAB 10MG X15 CLX,2.09,E.F.G.44.581,matched,score=0.957
cobeca,DOMPERIDONA TAB 10MG X30 ANG/H,3.08,E.F.G.44.581,matched,score=0.957
cobeca,DOMPERIDONA TAB 10MG X30 CLX,3.73,E.F.G.44.581,matched,score=0.957
cobeca,DOMPERIDONA TAB 10MG X30 PHARME,4.17,E.F.G.44.581,matched,score=0.957
cobeca,DOMPESIN COMP 10MG X30 DLR,3.42,E.F.36.325,matched,score=0.748
cobeca,DOMPESIN SUSP 1MG/ML 120ML DLR,5.17,E.F.38.983,matched,score=0.672
cobeca,DONEPEZILO COMP REC 10MG X56 DORO,27.6,E.F.44.460,matched,score=0.702
cobeca,DONEPEZILO TAB 10MG X10 CR MT,3.72,E.F.44.460,matched,score=0.784
cobeca,DONEPEZILO TAB 5MG X10 CR MT,4.89,E.F.44.460,matched,score=0.727
cobeca,DOPALEN CAP LIB/PROL 200MG X 10,10.88,,sin_match,score_bajo
cobeca,DOPRIL SOL ORAL 3MG/ML X 60ML PED,4.81,,sin_match,score_bajo
cobeca,DORITOS MEGA QUESO 150G,2.64,,no_farmaco,
cobeca,DORITOS MEGA QUESO 420G,6.52,,no_farmaco,
cobeca,DORITOS MEGA QUESO 45G X12,11.13,,no_farmaco,
cobeca,DORIXINA FLEX COM/REC 125MG/5MG X 20,21.17,,sin_match,score_bajo
cobeca,DORIXINA FLEX COM/REC 125MG/5MG X 5,7.27,,sin_match,score_bajo
cobeca,DORIXINAFLEX COMP 125MG/5MG X10 MEG,12.99,,sin_match,sin_candidato
cobeca,DOVALPRON JBE 250MG 120ML ZUZU,8.56,,sin_match,sin_candidato
cobeca,DOVIL TAB 50MG X30 ARVEST,9.8,,sin_match,sin_candidato
cobeca,DOVIL-MET TAB 50MG/850MG X30 ARVEST,11.82,,sin_match,score_bajo
cobeca,DOXAZOSINATAB 4MG X 30 MT,4.96,,no_farmaco,
cobeca,DOXICICLINA CAP 100MG X 10 ANGELUS,8.29,E.F.G.43.060,matched,score=0.724
cobeca,DOXICICLINA CAP 100MG X10 CR MT,13.2,E.F.G.20.337,matched,score=0.918
cobeca,DOXICICLINA TAB 100 MG X 10 KMP,11.15,E.F.G.43.060,matched,score=0.688
cobeca,DOXICICLINA TAB 100MG X10 FMED,2.75,E.F.G.20.337,matched,score=0.770
cobeca,"DOXICLAV FORTE KIDS 600/42,9MG 60ML DIST",15.38,,no_farmaco,
cobeca,DOXIUM CAP 500MG X30 LETI,21.49,E.F.21.021,matched,score=0.709
cobeca,DRENE COLOR OXID CREM VOL30 100ML,1.51,,sin_match,sin_candidato
cobeca,DROPIL COMP REC 100MG X40 DLR,11.34,,sin_match,score_bajo
cobeca,DROPIL COMP REC 200MG X40 DLR,14.76,,sin_match,score_bajo
cobeca,DROPIL COMP REC 25MG X40 DLR,7.15,,sin_match,score_bajo
cobeca,"DROSPIR/ETINILEST TAB 3/0,03MGX21 BLUE/M",6.51,,sin_match,sin_candidato
cobeca,DUCHA COTTAGE LECHE CARAMELO X 750ML,8.65,,no_farmaco,
cobeca,DUCHA COTTAGE LECHE MALVADISCO X 750ML,11.19,,no_farmaco,
cobeca,DUCHA VAG NATALCARE TIPO PERA,17.51,,no_farmaco,
cobeca,DULCOXUNI TAB 5MG X10 UNIPH,1.88,,sin_match,sin_candidato
cobeca,DULOXETINA CAP 30MG X28 CCM,19.78,E.F.G.42.749,matched,score=0.772
cobeca,DUMS TAB MAST 750MG X20 CR DIST,7.78,,sin_match,sin_candidato
cobeca,DUO N EXPRESS SOL/LIMP+SOL/ACOND X 120ML,19.29,,sin_match,score_bajo
cobeca,DUOVENT SOL INH 15ML L.O,24.48,,sin_match,score_bajo
cobeca,"DURACAINA HIPERBAR SOL INY 0,5%3MLX5 BHR",31.43,,sin_match,score_bajo
cobeca,DUROVAL TAB 100MG X 2,4.08,E.F.32.615,matched,score=0.687
cobeca,DUROVAL TAB 100MG X1 VLM,2.58,E.F.32.615,matched,score=0.706
cobeca,DUROVAL TAB 50MG X1 VLM,1.42,E.F.32.615,matched,score=0.859
cobeca,DUROVAL TAB 50MG X3 VLM,3.44,E.F.32.615,matched,score=0.859
cobeca,DUROVAL TAB REC 50MG X10 VLM,10.47,E.F.32.615,matched,score=0.684
cobeca,DUROVAL TAB REC 50MG X2 VLM,2.41,E.F.32.615,matched,score=0.684
cobeca,"DUTAPROS CAP 0,5MG X30 ZORIAK",10.46,,sin_match,sin_candidato
cobeca,"DUTASTERIDE/TAMSUL CAP 0,5/0,04MGX30 DAC",14.31,,sin_match,score_bajo
cobeca,"DUTASTERIDE/TAMSUL CAP 0,5/0,4MG X10 KMP",7.4,E.F.44.389,matched,score=0.705
cobeca,DUVADILAN COMP 10MG X30 ZUO,13.48,E.F.11.176,matched,score=0.797
cobeca,DYGEFLAT FORTE TAB 300/100MG X20 CR DIST,7.47,,sin_match,score_bajo
cobeca,DYMACIN CREM/VAG 2% X 40G DISTR,17.68,,sin_match,sin_candidato
cobeca,DYMAZOL 3 OVUL 200MG X3 CR DIST,4.44,,sin_match,sin_candidato
cobeca,DYMAZOL CREM/VAG 2% X 50G DISTR,4.69,,sin_match,sin_candidato
cobeca,DYMAZOL DUAL OVUL/CREM 200MG/1% CR DIST,6.05,,sin_match,score_bajo
cobeca,DYNAZOL FORTE CREM X 40G,17.22,,sin_match,score_bajo
cobeca,ECHINACEA CAP 390MG X60 HERB,9.09,,sin_match,sin_candidato
cobeca,EDAGAN 200 COMP 200MG X30 MEG,23.51,E.F.36.415,matched,score=0.692
cobeca,EDAGAN 25 COMP 25MG X30 MEG,8.7,E.F.36.330,matched,score=0.672
cobeca,EDEMID SOL INY 10MG/2ML X 5 AMP,11.25,E.F.30.096,matched,score=0.695
cobeca,EFERCID SOB 5G X10 CR 2N,4.55,,sin_match,sin_candidato
cobeca,EKICAL SUSP 300MG 120ML BIOTECH,8.81,,sin_match,sin_candidato
cobeca,ELECTRO BISTURI PLUSMEDIC,4.5,,no_farmaco,
cobeca,ELECTRODO DESECH PLUSMEDIC AD SOB X50,10.1,,sin_match,sin_candidato
cobeca,ELECTRODO DESECH PLUSMEDIC PED SOB X50,9.5,,sin_match,sin_candidato
cobeca,ELECTRODO ECG GIDAGUS PED X50,9.94,,sin_match,sin_candidato
cobeca,ELECTRODOS P/ECG GROSSMED 48X45MM X50,7.22,,no_farmaco,
cobeca,ELMETACIN SOL TOP 1% 30ML COMP,9.35,,sin_match,score_bajo
cobeca,ELOK CREM 20G LIALI,2.17,,sin_match,score_bajo
cobeca,"EMCON TAB 1,5MG X1 CAPSUV",2.33,,sin_match,sin_candidato
cobeca,EMPAGLIFLOZINA TAB 10MG X30 DIST,13.82,E.F.G.44.046,matched,score=0.859
cobeca,EMPAGLIFLOZINA TAB 25MG X30 DIST,45.04,E.F.G.44.045,matched,score=0.859
cobeca,EMPAGLU COMP REC 10MG X30 ZUOZ,18.01,,sin_match,score_bajo
cobeca,EMPAGLU COMP REC 25MG X30 ZUOZ,28.08,,sin_match,score_bajo
cobeca,EMUGEL ACLA LUMED SPF50+ 40G,25.97,,no_farmaco,
cobeca,EMUL CETOPIC AMP 2ML X15,19.22,,sin_match,sin_candidato
cobeca,EMUL EMOLIENTE EMOLIN NEO 240G,29.48,,sin_match,sin_candidato
cobeca,EMULGEL C/MICROESFER B HYALIX 60G,23.12,,no_farmaco,
cobeca,EMULSION LIMP/FAC GLYCOLICO X 110ML,6.8,,no_farmaco,
cobeca,ENALAPRIL COMP 10MG X20 PHARME,2.04,E.F.G.26.688,matched,score=0.859
cobeca,ENALAPRIL MALEATO COMP 10MG X 30 GNV,3.64,E.F.G.43.619,matched,score=0.891
cobeca,ENALAPRIL MALEATO COMP 20MG X30 LETI,4.24,E.F.G.43.620,matched,score=0.935
cobeca,ENALAPRIL MALEATO TAB 10MG X30 BLUE/M,2.12,E.F.G.43.619,matched,score=0.891
cobeca,ENALAPRIL TAB 10MG X30 PLX,2.72,E.F.G.34.887,matched,score=0.859
cobeca,ENALAPRIL TAB 20MG X20 PHARME,2.91,E.F.G.26.416,matched,score=0.859
cobeca,ENALAPRIL TAB 20MG X30 CLX,2.71,E.F.G.26.416,matched,score=0.902
cobeca,ENALAPRIL TAB 20MG X30 KIMIC,2.87,E.F.G.43.620,matched,score=0.698
cobeca,ENALAPRIL TAB 20MG X30 PHARME,3.97,E.F.G.26.416,matched,score=0.859
cobeca,ENALAPRIL TAB 20MG X30 PLX,3.57,E.F.G.34.824,matched,score=0.902
cobeca,"ENALAPRIL/HIDROCL TAB 20MG/12,5MG CR MT",4.33,E.F.G.44.613,matched,score=0.761
cobeca,ENEMA SALUDX SOL X 130ML,6.68,,sin_match,sin_candidato
cobeca,ENERGYPLANT CAP 450MG X30 HERB,10.78,,sin_match,sin_candidato
cobeca,ENERGYPLANT CAP 450MG X60 HERB,12.86,,sin_match,sin_candidato
cobeca,ENGRAPADORA ESTERIL D/PIEL MEDIPLER,10.64,,no_farmaco,
cobeca,ENJ BUC COLGATE PLAX ICE INFINITY 250ML,3.69,,no_farmaco,
cobeca,ENJ BUC DERNIER ADU 250ML,2.3,,no_farmaco,
cobeca,ENJ BUC DERNIER KIDS 250ML,2.31,,no_farmaco,
cobeca,ENJ BUC PLAX ICE X 1 LT,10.29,,no_farmaco,
cobeca,ENJ BUC PLAX ODOR CONTROL X 250ML,3.65,,no_farmaco,
cobeca,ENJ BUCAL DENT-OLSA MENTA 240ML,3.3,,sin_match,score_bajo
cobeca,ENJ BUCAL DENT-OLTOTAL CANELA 240ML,3.25,,sin_match,score_bajo
cobeca,ENJ BUCAL LISTERINE COOLMINT 360ML,5.94,,no_farmaco,
cobeca,ENJ BUCAL LISTERINE COOLMINT 500ML,7.56,,no_farmaco,
cobeca,ENJ BUCAL LISTERINE CUID TOT ZERO 500ML,8.65,,no_farmaco,
cobeca,ENJ/BUC AMALFI MENTA 500ML,3.15,,no_farmaco,
cobeca,ENJ/BUC BRUCEN COOL MINT 250ML,4,,no_farmaco,
cobeca,ENJ/BUC BRUCEN HIERBABUENA 250ML,3.36,,no_farmaco,
cobeca,ENJ/BUC BRUCEN MENTA 250ML,3.36,,no_farmaco,
cobeca,ENJ/BUC COLGATE CLEAN MINT 500ML,6.7,,no_farmaco,
cobeca,ENJ/BUC COLGATE KIDS PAX MINIONS 250ML,3.65,,no_farmaco,
cobeca,ENJ/BUC COLGATE LUMIN/WH 250ML,3.65,,no_farmaco,
cobeca,ENJ/BUC COLGATE PERIOG S/ALCOHOL 250 ML,9.29,,no_farmaco,
cobeca,ENJ/BUC COLGATE PLAX ICE 250ML,3.65,,no_farmaco,
cobeca,ENJ/BUC COLGATE PLAX ICE GLACIAL 250ML,3.65,,no_farmaco,
cobeca,ENJ/BUC COLGATE PLAX ICE INFINITY 500ML,6.7,,no_farmaco,
cobeca,ENJ/BUC COLGATE TOTAL A/TARTAR 250ML,3.65,,no_farmaco,
cobeca,ENJ/BUC DENTOL 250ML,3.51,,no_farmaco,
cobeca,ENJ/BUC FLODONT 180ML,6.36,,no_farmaco,
cobeca,ENJ/BUC OZONEPIU 250ML,4.62,,no_farmaco,
cobeca,ENJ/BUC RINTI 240ML,4.28,,no_farmaco,
cobeca,ENJ/BUC ZAHN CALCULO CONTROL 250ML,2.55,,no_farmaco,
cobeca,ENJ/BUC ZAHN CITRUS FRES 250ML,2.55,,no_farmaco,
cobeca,ENJ/BUC ZAHN HIERBABUENA FRES 250ML,2.55,,no_farmaco,
cobeca,ENJ/BUC ZAHN KOLITA FRES KIDS 250ML,2.87,,no_farmaco,
cobeca,ENJ/BUC ZAHN MENTA FRES 250ML,2.55,,no_farmaco,
cobeca,ENJ/BUC ZAHN ORIGINAL 250ML,2.55,,no_farmaco,
cobeca,ENJ/BUC ZAHN PERIOZAHN ALIEN FRESC 500ML,5.2,,no_farmaco,
cobeca,ENJ/BUC ZAHN PERIOZAHN MANTENIMI 500ML,5.2,,no_farmaco,
cobeca,ENJ/BUC ZAHN PERIOZAHN PLUS 250ML,4.23,,no_farmaco,
cobeca,ENJ/BUC ZAHN PERIOZAHN PRO TRAT 250ML,3.09,,no_farmaco,
cobeca,ENJ/BUC ZAHN UVA FRES KIDS 250ML,2.71,,no_farmaco,
cobeca,ENTEREX DIABETIC PVO VAIN 400G DELM,21.56,,sin_match,sin_candidato
cobeca,ENTEREX HEPATIC VAIN 110G MEG,25.58,,no_farmaco,
cobeca,ENTEREX PROTEINEX PVO 275G MEG,50.13,,sin_match,sin_candidato
cobeca,ENTEREX PROTICAL VAIN 420G MEG,53.64,,no_farmaco,
cobeca,ENTEREX TOTAL LIQ CHOCO 237ML MEG,5.19,,no_farmaco,
cobeca,ENTEREX TOTAL PVO FRESA 400G MEG,26.1,,sin_match,score_bajo
cobeca,ENTEREX TOTAL PVO VAIN 400G MEG,26.1,,sin_match,score_bajo
cobeca,ENTEROGERMINA SUSP ORAL 2000/5ML X10 CLX,23.94,P.B.1.103,matched,score=0.906
cobeca,ENVASE SAN REMO HERMET/CUADRAD 530ML X 3,5.25,,no_farmaco,
cobeca,ENVASE SAN REMO HERMET/FIAMBRE 2.4L,10.5,,no_farmaco,
cobeca,EPAX CAP BLD X30 VIV,18.02,,sin_match,sin_candidato
cobeca,EPITRAL TAB 25MG X30 VLM,4.64,E.F.43.715,matched,score=0.653
cobeca,EPITRAL TAB REC 100MG X30 VLM,10.85,,sin_match,score_bajo
cobeca,EPITRAL TAB REC 50MG X30 VLM,7.25,,sin_match,score_bajo
cobeca,EPLENON TAB 25MG X30 ZORIAK,18.66,,sin_match,sin_candidato
cobeca,EPLERUNI TAB 50MG X30 UNIPH,31.91,,sin_match,sin_candidato
cobeca,EQUALIV TAB 100MG/50MG DISP X30 MEY,72.62,,sin_match,sin_candidato
cobeca,EQUALIV TAB X30 MEY,8.52,,sin_match,sin_candidato
cobeca,EQUIPO PERICRANEAL BRIUTCARE 21 X100,25.97,,no_farmaco,
cobeca,EQUIPO PERICRANEAL BRIUTCARE 23G X100,25.97,,no_farmaco,
cobeca,EQUIPO PERICRANEAL GROSSMED 19G X 100,7.81,,no_farmaco,
cobeca,EQUIPO PERICRANEAL GROSSMED 25G X 100,7.81,,no_farmaco,
cobeca,"ERILON CREM 0,1% 15G BIOTECH",11.13,E.F.19.381,matched,score=0.688
cobeca,"ERILON CREM TUB 0,05% 15G BIOTECH",9.22,,sin_match,score_bajo
cobeca,ERITROMICINA TAB 500MG X10 ZUZU,3.24,E.F.G.37.000,matched,score=0.878
cobeca,ESCITALOPRAM COMP 10MG X56 DORO,11.69,E.F.G.40.959,matched,score=0.859
cobeca,ESCITALOPRAM COMP REC 20MG X30 MEG,11.95,E.F.G.40.960,matched,score=0.744
cobeca,ESCITALOPRAM SOL ORAL 1MG/ML 120ML MEG,6.49,E.F.G.40.835,matched,score=0.769
cobeca,ESCITALOPRAM TAB 10MG X 30 LA SANTE,8.86,E.F.G.38.504,matched,score=0.750
cobeca,ESCITALOPRAM TAB 10MG X14 CR LATT,5.19,E.F.G.40.959,matched,score=0.859
cobeca,ESCITALOPRAM TAB 10MG X30 CLEO,7.25,E.F.G.40.959,matched,score=0.859
cobeca,ESCITALOPRAM TAB 20MG X 30 LA SANTE,13.79,E.F.G.41.771,matched,score=0.697
cobeca,ESCITALOPRAM TAB 20MG X28 CLX,12.14,E.F.G.40.960,matched,score=0.859
cobeca,ESCITALOPRAM TAB 5MG X30 CLEO,6.71,E.F.G.43.340,matched,score=0.844
cobeca,ESCITALOPRAM TAB REC 10MG X28 CLX,8.05,E.F.G.43.163,matched,score=0.737
cobeca,ESCITALOPRAM TAB/REC 20MG X 14 CLX,6.79,E.F.G.41.771,matched,score=0.737
cobeca,ESENCIA D/VAIN MCCORMICK 150G,3.07,,no_farmaco,
cobeca,ESMIRTAL COMP 10MG X30 MEG,10.39,E.F.40.578,matched,score=0.710
cobeca,ESMIRTAL COMP 20MG X30 MEG,14.94,E.F.40.578,matched,score=0.835
cobeca,ESOCOF TAB REC 10MG X30 COFA,6.2,,sin_match,score_bajo
cobeca,ESOGASTAN TAB REC 40MG X30 ZORIAK,4.5,,sin_match,score_bajo
cobeca,ESOMEPRAZOL CAP 40MG X10 FMED,1.27,E.F.G.35.847,matched,score=0.957
cobeca,ESOMEPRAZOL CAP 40MG X10 KMP,3.01,E.F.G.35.847,matched,score=0.957
cobeca,ESOMEPRAZOL CAP 40MG X20 ZUZU,4.37,E.F.G.35.847,matched,score=0.957
cobeca,ESOMEPRAZOL CAP LE 20MG X16 LETI,8.46,E.F.G.37.458,matched,score=0.734
cobeca,ESOMEPRAZOL CAP LE 20MG X28 LETI,13.76,E.F.G.37.458,matched,score=0.734
cobeca,ESOMEPRAZOL CAP LE 40MG X16 LETI,9.5,E.F.G.35.847,matched,score=0.750
cobeca,ESOMEPRAZOL CAP LP 20MG X20 ZUZU,3.89,E.F.G.38.579,matched,score=0.680
cobeca,ESOMEPRAZOL TAB 20MG X20 VIV,7.68,E.F.G.35.130,matched,score=0.859
cobeca,ESOMEPRAZOL TAB REC 20MG X14 PHARME,6.77,E.F.G.35.130,matched,score=0.737
cobeca,ESOMEPRAZOL TAB REC 40MG X14 PHARME,7.52,E.F.G.35.847,matched,score=0.835
cobeca,ESONUV CAP 20MG X 30,6.14,,sin_match,sin_candidato
cobeca,ESOZ CAP 20MG X14 PHARME,9.27,E.F.35.407,matched,score=0.665
cobeca,ESOZ CAP 20MG X28 PHARME,15.49,E.F.35.407,matched,score=0.665
cobeca,ESOZ CAP 20MG X7 MMF,5.35,E.F.35.407,matched,score=0.665
cobeca,ESOZ CAP 40MG X14 PHARME,11.26,E.F.34.984,matched,score=0.665
cobeca,ESOZ CAP 40MG X28 PHARME,22.93,E.F.34.984,matched,score=0.665
cobeca,ESOZ CAP 40MG X7 PHARME,5.78,E.F.34.984,matched,score=0.665
cobeca,ESOZ HP TAB REC 40MG X14 PHARME,60.05,,sin_match,score_bajo
cobeca,ESOZHP TAB 40MG X10 PHARME,48.06,,sin_match,score_bajo
cobeca,ESP SOLAR AGRADO SECA 50+ C/VIT E X200ML,12.99,,no_farmaco,
cobeca,ESPARFLIN COMP REC 5MG X10 MEG,3.38,E.F.35.208,matched,score=0.608
cobeca,ESPECULO VAG PLUSMEDIC L,1.68,,no_farmaco,
cobeca,ESPECULO VAGINAL PLUSMEDIC TALLA M,1.61,,no_farmaco,
cobeca,ESPECULO VAGINAL PLUSMEDIC TALLA S,1.61,,no_farmaco,
cobeca,ESPIRON TAB REC 100MG X20 DOLLY,9,,sin_match,sin_candidato
cobeca,ESPIRONOLACTONA COM 100MG X 20 GENFAR,16.66,,sin_match,score_bajo
cobeca,ESPIRONOLACTONA COM 25MG X 20 GENFAR,14.61,E.F.G.33.352,matched,score=0.676
cobeca,ESPIRONOLACTONA TAB 100MG X10 HM,5.44,E.F.G.33.352,matched,score=0.752
cobeca,ESPIRONOLACTONA TAB 100MG X10 MEY,6.84,E.F.G.33.352,matched,score=0.752
cobeca,ESPIRONOLACTONA TAB 100MG X30 D&N,18.18,E.F.G.33.352,matched,score=0.796
cobeca,ESPIRONOLACTONA TAB 25MG X20 MEY,5.26,E.F.G.33.352,matched,score=0.859
cobeca,ESPIRONOLACTONA TAB 25MG X30 DAC,6.54,E.F.G.33.352,matched,score=0.859
cobeca,ESPIRONOLACTONA TAB 25MG X30 SIEG,8.95,E.F.G.33.352,matched,score=0.902
cobeca,ESPONJA ABRASIVA CALIDEX TITAN X1,0.71,,no_farmaco,
cobeca,ESPONJA BLINDAC ABRASIVA X10,2.26,,no_farmaco,
cobeca,ESPONJA BLINDAC DOBLE USO X3,2.1,,no_farmaco,
cobeca,ESPONJA CALIDEX DOB/USO X1,0.7,,no_farmaco,
cobeca,ESPONJA CALIDEX M/USO M/COL X1,1.27,,no_farmaco,
cobeca,ESPONJA CALIDEX ORO X1,1.27,,no_farmaco,
cobeca,ESPONJA CUIDA UÑA 2X3,2.59,,no_farmaco,
cobeca,ESPONJA CUIDA UÑA X1,1.3,,no_farmaco,
cobeca,ESPONJA D/GASA COMPOMEDICA EST 4X4   X25,4,,no_farmaco,
cobeca,ESPONJA D/LAPAROTOMIA BRIUTCARE X5,10.3,,no_farmaco,
cobeca,ESPONJA ETERNA INOXIDABLE ABRASIVA 2,1.95,,no_farmaco,
cobeca,ESPONJA FIBRA DOB/USO X2,1.76,,no_farmaco,
cobeca,ESPONJA FIBRA ETERNA DOB/USO ACC X1,0.97,,no_farmaco,
cobeca,ESPONJA FLASH 2X3,2.65,,no_farmaco,
cobeca,ESPONJA FLASH X1,1.1,,no_farmaco,
cobeca,ESPONJA SCOTCH-BRITE CERO RAYAS 3X2,3.56,,no_farmaco,
cobeca,ESPONJA SCOTCH-BRITE M/USO OVAL,2.35,,no_farmaco,
cobeca,ESPONJA SCOTCH-BRITE M/USOS RECT,2.91,,no_farmaco,
cobeca,ESPONJA SCOTCH-BRITE SALVAUÑAS,3.05,,no_farmaco,
cobeca,ESPUMA BLUE CAP X 100ML,38.31,,sin_match,score_bajo
cobeca,ESPUMA D/AFE NIVEA DEEP CARBON NEG 200ML,7.41,,no_farmaco,
cobeca,ESPUMA LIMP GEODERM VEGANA 150ML,24.37,,no_farmaco,
cobeca,ESPUMA MOLDEADORA AMALF EX/FUERTE 200ML,5.39,,no_farmaco,
cobeca,ESPUMA RAZOR F/MEN 200G,2.31,,no_farmaco,
cobeca,ESPUMA RAZOR F/WOMEN 200G,2.31,,no_farmaco,
cobeca,ESPUMA RINTI BAÑO AL SECO 220ML,11.49,,no_farmaco,
cobeca,ESQUIDONE TAB REC 1MG X30 VLM,7.26,E.F.43.795,matched,score=0.635
cobeca,ESQUIDONE TAB REC 2MG X30 VLM,8.57,E.F.40.159,matched,score=0.647
cobeca,ESQUIDONE TAB REC 3MG X30 VLM,10.87,E.F.39.561,matched,score=0.647
cobeca,ESTAMBRE M/COL X4,5.6,,no_farmaco,
cobeca,ESTAMBRE METALIZADO X4,5.6,,no_farmaco,
cobeca,ESTAMBRE NEON X4,5.6,,no_farmaco,
cobeca,ESTAMBRE PASTEL X4,5.6,,no_farmaco,
cobeca,ESTAMBRE PRIMARIOS X4,5.6,,no_farmaco,
cobeca,ESTIMULADOR PLUSONE INTIMO FLUTT/AROU,77.56,,no_farmaco,
cobeca,ESTIMULADOR PLUSONE INTIMO MINI MASSAGER,57.86,,no_farmaco,
cobeca,ESTIN JBE 240ML ARC IRIS,11.43,,sin_match,sin_candidato
cobeca,"ESTRASYN CREM VAG 0,01% 30G TIAR",16.97,,sin_match,sin_candidato
cobeca,"ESTROGIN CREM VAG 0,1% 15G TIAR",13.57,,sin_match,sin_candidato
cobeca,ETORICOXIB TAB 60MG X 10 ANGELUS,4.55,E.F.G.41.333,matched,score=0.687
cobeca,ETORICOXIB TAB 60MG X10 CLX,4.62,E.F.G.41.333,matched,score=0.902
cobeca,ETORICOXIB TAB 90MG X 10 ANGELUS,6.19,E.F.G.41.306,matched,score=0.687
cobeca,ETORICOXIB TAB REC 90MG X10 CLX,6.82,E.F.G.41.306,matched,score=0.780
cobeca,EUKENE COMP 20MG X30 MEG,8.31,E.F.39.929,matched,score=0.734
cobeca,EUKENE COMP 40MG X30 MEG,18.54,E.F.39.929,matched,score=0.859
cobeca,"EUKENE HCT COMP 20/12,5MG X30 MEG",14.58,E.F.42.010,matched,score=0.694
cobeca,"EUKENE HCT COMP 40/12,5MG X30 MEG",16.49,E.F.42.010,matched,score=0.694
cobeca,EUKENE HCT COMP 40/25MG X30 MEG,21.86,E.F.42.009,matched,score=0.657
cobeca,EUSILEN COMP 4MG X15 COFA,3.03,E.F.23.115,matched,score=0.651
cobeca,EUSILEN COMP 4MG X8 COFA,2.08,E.F.23.115,matched,score=0.651
cobeca,EUSILEN DUAL TAB REC 600MG/4MG X15 COFA,5.74,,sin_match,score_bajo
cobeca,EUSILEN DUALTAB 600MG/4MG X10 COFA,3.22,,no_farmaco,
cobeca,EUTEBROL COMP 20MG X30 ADIUM,14.56,E.F.39.742,matched,score=0.718
cobeca,EUTIROX TAB 100MCG X50 DOLLY,15.21,,sin_match,sin_candidato
cobeca,EVABOLIN TAB REC 25MG X30 COFA,23.9,,sin_match,score_bajo
cobeca,EVENING PRIMROSE CAP BLD 500MG X100 NOW,20.78,,sin_match,sin_candidato
cobeca,EVIGAX CAP BLD 125MG X10 VIV,7.04,,sin_match,score_bajo
cobeca,EVIGAX CAP BLD 125MG X20 VIV,10.31,,sin_match,score_bajo
cobeca,"EXANIA EMUL 0,05% 60ML MEY",26.3,,sin_match,sin_candidato
cobeca,"EXELRING ANILLO VAG 0,120MG/0,015MG CCM",29.4,,no_farmaco,
cobeca,EXFOLIANTE BODY SUGAR SCR/APRICOT 500G,11.43,,no_farmaco,
cobeca,EXFOLIANTE BODY SUGAR SCR/KIWI 500G,11.43,,no_farmaco,
cobeca,EXFOLIANTE BODY SUGAR SCR/WATERMEL 500G,11.43,,no_farmaco,
cobeca,EXFOLIANTE FAC ST IVES ALBARICOQUE 170G,4.98,,no_farmaco,
cobeca,EXOM CAP 20MG X14 DISK,3.03,E.F.43.622,matched,score=0.637
cobeca,EXOM CAP 40MG X14 DISK,4.06,,sin_match,score_bajo
cobeca,EXOVIS DUO PVO SUSP PED 400MG 50ML FC,8.4,,sin_match,score_bajo
cobeca,EXOVIS DUO TAB 875MG/125MG X14 FC,15.29,E.F.43.210,matched,score=0.652
cobeca,EXTRACTO D/TOMATE OLE 340G,1.51,,no_farmaco,
cobeca,EXTRACTO D/TOMATE OSOLE X 300G,1.29,,no_farmaco,
cobeca,EXTRATO D/TOMATE OLE 300GR,1.45,,no_farmaco,
cobeca,EZENTIUS COMP REC 10MG X20 MEG,7.79,,sin_match,score_bajo
cobeca,EZENTIUS COMP REC 20MG X20 MEG,10.52,,sin_match,score_bajo
cobeca,EZOLIUM CAP 20MG X30 VIV,12.87,E.F.43.398,matched,score=0.797
cobeca,EZOLIUM CAP 40MG X30 VIV,16.32,E.F.43.399,matched,score=0.797
cobeca,FAMULCER TAB 40MG X10 PLX,3.23,E.F.28.167,matched,score=0.689
cobeca,FANTER COMP REC 10MG X30 ADIUM,24,,sin_match,sin_candidato
cobeca,FARBICIL CREM 1% 15G MEG,7.66,E.F.37.251,matched,score=0.688
cobeca,FARBICIL SOL 1% 30ML MEG,10,,sin_match,score_bajo
cobeca,FARMA D GTAS 200UI 10ML FARMA,5.68,,no_farmaco,
cobeca,FARMA D TAB 1000UI X30 FAR,3.56,,sin_match,sin_candidato
cobeca,FARMA D TAB REC 2000UI X30 FAR,4.36,,sin_match,sin_candidato
cobeca,FARMA D TAB REC 5000UI X10 FAR,3.45,,sin_match,sin_candidato
cobeca,FARSENTAL TAB REC 10/125MG X10 DISK,7.95,,sin_match,sin_candidato
cobeca,FATSLIM CAP X60 WALF,11.69,,sin_match,sin_candidato
cobeca,FAZOL GRANU SUSP 500MG 15ML DRL,5.05,,sin_match,score_bajo
cobeca,FEBRATIC GTS 15MG/ML 15ML MEG,2.99,E.F.42.311,matched,score=0.643
cobeca,FEBRATIC SUSP 10MG/5ML 120ML MEG,9.61,E.F.42.311,matched,score=0.673
cobeca,FEBRILIX GRIP TAB X10 KIMIC,2.3,,sin_match,score_bajo
cobeca,FEBRILIX SOL 120MG/5ML 120ML KIMIC,2.77,E.F.31.439,matched,score=0.657
cobeca,FEBRILIX TAB 500MG X20 KIMIC,1.31,,sin_match,score_bajo
cobeca,FEBRIP COMP 500MG X20 MEG,2.21,E.F.43.813,matched,score=0.668
cobeca,FEBRIP SOL 180MG/5ML 120ML MEG,3.51,E.F.42.457,matched,score=0.616
cobeca,FEDRILOX SOL ORAL GTS 20MG/ML 20ML PROV,3.9,,sin_match,sin_candidato
cobeca,FEM DUCHA VAG 250MG/100ML 135ML BIOTECH,4.68,,no_farmaco,
cobeca,FEMADONA COMP REC X20 LETI,24.93,,sin_match,sin_candidato
cobeca,FEMI-BALANCE MENOPAUSE CAP X60 PHARCORP,14.81,,sin_match,sin_candidato
cobeca,FEMMEX ULTRA TAB REC 200/30MG X10 FAR,3.32,,sin_match,score_bajo
cobeca,FEMMEXTRA CAP 200MG/10MG X10 FAR,5.21,E.F.39.949,matched,score=0.612
cobeca,FENITOINA SOD SOL INY 250MG/5MLX1 ADN,1.17,E.F.G.41.409,matched,score=0.703
cobeca,FENITOINA SOD TAB 100MG X50 CR CCM,13.84,,sin_match,score_bajo
cobeca,FENITOINA SUSP 125MG/5ML VIN,6.91,,sin_match,score_bajo
cobeca,FENITOINA TAB 100MG X 30 ANGELUS,7.66,,sin_match,score_bajo
cobeca,FENITOINA TAB 100MG X30 CR MT,7.85,E.F.G.35.889,matched,score=0.641
cobeca,FENOSSALIL  SOL 60ML BIOF,5.4,,sin_match,sin_candidato
cobeca,FERGANIC CAP 40MG X14 MEG,10.13,E.F.27.405,matched,score=0.859
cobeca,FERGANIC CAP 40MG X24 MEG,16.75,E.F.27.405,matched,score=0.859
cobeca,FERGANIC CAP 40MG X30 MEG,18.05,E.F.27.405,matched,score=0.859
cobeca,FERGANIC FOLIC GTS 20MG/80MCG 30ML MEG,12.21,E.F.27.552,matched,score=0.750
cobeca,FERGANIC FOLIC JBE 40MG/360 120ML MEG,18.18,E.F.33.240,matched,score=0.791
cobeca,FERGANIC FOLIC JBE 40MG/360MCG 180ML MEG,20.52,E.F.33.240,matched,score=0.773
cobeca,FERGANIC FOLIC TAB MAST 40MG X20 MEG,13.25,E.F.33.240,matched,score=0.729
cobeca,FERGANIC JBE 120ML MEG,13.64,E.F.33.240,matched,score=0.643
cobeca,FERGANIC SOL GTS 15ML MEG,10.13,E.F.27.514,matched,score=0.859
cobeca,FERGANIC SOL INY 100MG/5ML X1 MEG,27.92,E.F.43.195,matched,score=0.863
cobeca,FERROCE GRAG X30 MEY,16.73,E.F.14.878,matched,score=0.738
cobeca,FERROCE JBE 120ML MEY,10,,sin_match,score_bajo
cobeca,FERRUMIA SOL INY 500MG/10ML X1 ZORIAK,83.64,,sin_match,sin_candidato
cobeca,FERYFOL JBE 18MG AVELL 120ML,5.4,,sin_match,sin_candidato
cobeca,FESTAL GRAG 210MG/4G BLIS X25 CLX,49.88,,sin_match,score_bajo
cobeca,FESTAL GRAG X10 CLX,5.87,P.B.1.319,matched,score=0.959
cobeca,FESTAL GRAG X20 CLX,9.31,P.B.1.319,matched,score=0.959
cobeca,FESTASIM TAB MAST 125MG X12 CLX,5.88,,sin_match,sin_candidato
cobeca,FEXOFENADINA CLORH 120MG X10 PHARME,6.05,,no_farmaco,
cobeca,FEXOFENADINA CLORH 30MG/5ML 120ML PHARME,11.58,,no_farmaco,
cobeca,FEXOFENADINA CLORHID TAB 180MG X 10 FMED,1.68,E.F.G.36.163,matched,score=0.857
cobeca,FEXOFENADINA TAB 120MG X10 CLX,5.86,E.F.G.36.180,matched,score=0.922
cobeca,FEXOMED SUSP 30MG/5ML 120ML PHAR,4.09,,sin_match,sin_candidato
cobeca,FEXORAT SUSP ORAL 30MG/5ML PED 120ML L.O,9.18,,sin_match,score_bajo
cobeca,FIBERFIT PLUS SOB 1G/3G X20 LETI,27.15,,sin_match,sin_candidato
cobeca,FIDEO EXPRESS 4 QUESOS X 88G,0.72,,no_farmaco,
cobeca,FIDEO RENATA EXPRESS CAR,0.7,,no_farmaco,
cobeca,FIDEO RENATA EXPRESS GALLINA,0.7,,no_farmaco,
cobeca,FIDEO RENATA EXPRESS VERDURAS,0.7,,no_farmaco,
cobeca,FINASTERIDE TAB 5MG X30 ANG/H,3.64,E.F.G.30.089,matched,score=0.844
cobeca,FINASTERIDE TAB 5MG X30 CLX,6.36,E.F.G.30.089,matched,score=0.906
cobeca,FISIOLIN SOL NASAL 3ML X10 L.O,11.76,E.F.784,matched,score=0.670
cobeca,FISIOLIN SOL NASAL DOSIS 26ML X260 L.O,11.2,E.F.13.715,matched,score=0.669
cobeca,FISIOLIN SOL NASAL PED 15ML L.O,5.69,,sin_match,score_bajo
cobeca,FITEX TAB 20MG X1 FAR,1.05,E.F.38.634,matched,score=0.628
cobeca,FITEX TAB 20MG X2 FAR,2.01,E.F.38.634,matched,score=0.628
cobeca,FITEX TAB REC 5MG X10 FAR,2.06,,sin_match,score_bajo
cobeca,FITZERO CAP X60 HERB,13.18,,sin_match,sin_candidato
cobeca,FLAMEX TAB 400MG X30 CAPSUV,4.09,,sin_match,sin_candidato
cobeca,FLAN SONRISSA S/CARAM 46G,1.17,,no_farmaco,
cobeca,FLAN VIVO CHOCO/CARAM 90G,2.35,,no_farmaco,
cobeca,FLAN VIVO VAIN/CARAM 80G,2.1,,no_farmaco,
cobeca,FLATORIL SUSP GTS 80MG/ML 20ML ELM,9.34,,sin_match,score_bajo
cobeca,FLATVIN CAP BLD 125MG X10 VIN,8,,sin_match,score_bajo
cobeca,FLAVOL CAP 300MG X20 RNV,7.15,E.F.29.074,matched,score=0.825
cobeca,FLAVOXATO TAB 200MG X10 CLX,5.44,E.F.G.40.011,matched,score=0.878
cobeca,FLAVOXATO TAB 200MG X10 FMED,1.99,E.F.G.40.011,matched,score=0.878
cobeca,FLAVOXATO TAB 200MG X30 ANG/H,5.19,E.F.G.44.088,matched,score=0.922
cobeca,FLAVOXATO TAB REC 200MG X10 PHARME,5.55,E.F.G.41.029,matched,score=0.757
cobeca,FLEBOSMIN TAB REC 500MG X30 FAR,17.96,,sin_match,score_bajo
cobeca,FLEMIBAR AMP 20MG/2500MG/5ML X 3,8.7,E.F.24.421,matched,score=0.616
cobeca,FLEMIBAR COM 10MG/250MG X 10,5.84,E.F.24.420,matched,score=0.630
cobeca,"FLEMIBAR SOL 6,67MG/333,40MG/ML 20ML MEG",6.62,,sin_match,score_bajo
cobeca,FLENOX JBE AD 120ML BIOTECH,4.39,,sin_match,score_bajo
cobeca,FLENOX JBE PED 120ML BIOTECH,4.3,,sin_match,score_bajo
cobeca,FLENOX SOL ORAL PED 15MG/5ML 60ML BIOT,1.99,,sin_match,score_bajo
cobeca,FLESPAN COMP REC 10MG X20 CR FAHD,4.52,,sin_match,score_bajo
cobeca,FLEVOMAX-D COMP REC 600MG X15 FAHD,3.76,,sin_match,score_bajo
cobeca,FLEXAVIT CAP X30 CR 2N,5.84,,sin_match,sin_candidato
cobeca,FLEXIVAL TAB REC 125MG/5MG X10 VLM,10.42,,sin_match,score_bajo
cobeca,FLEXURAT TAB 500MG/400MG X30 BIOTECH,14.25,,sin_match,sin_candidato
cobeca,"FLINAS SUS P/NEB DOSIS 0,05%MCG X 140",19.04,,sin_match,score_bajo
cobeca,FLIPS CHOCO 120G,1.59,,no_farmaco,
cobeca,FLIPS CHOCO 220G,2.74,,no_farmaco,
cobeca,FLIPS CHOCO FUDGE DISP 50G X14,17.63,,sin_match,sin_candidato
cobeca,FLIPS CHOCOFUDGE CHOCOLATE 50G X 6,7.84,,no_farmaco,
cobeca,FLIPS CHOCOFUDGE FRESA 50G X 6,7.84,,no_farmaco,
cobeca,FLIPS CHOCOLATE 400G,4.93,,no_farmaco,
cobeca,FLIPS CRUNCHY CREMA TRIPACK 27G,2.03,,sin_match,sin_candidato
cobeca,FLIPS DISP CHOCO 28G X6,2.81,,sin_match,sin_candidato
cobeca,FLIPS DULC D/LECHE 120G,1.59,,no_farmaco,
cobeca,FLIPS DULC D/LECHE 220G,2.74,,no_farmaco,
cobeca,FLIPS DULC D/LECHE DISP 28G X6,2.81,,sin_match,score_bajo
cobeca,FLIPS DULCE LECHE 400G,4.93,,no_farmaco,
cobeca,FLIXOTIDE INH 50MCG X120 DOSIS FAR,23.01,,no_farmaco,
cobeca,FLIXOTIDE SUSP/INH 250MCG X 60 DOSIS,31.03,,sin_match,score_bajo
cobeca,FLODONT UNG TOPICO BUCAL 15G MEG,4.81,E.F.27.670,matched,score=0.777
cobeca,FLOGAREX SUSP/ORAL 2000MM/5ML X10 BLUE/M,12.44,,sin_match,sin_candidato
cobeca,"FLOMED SOL TOP BUC 0,15ML/0,25%145ML ELM",6.26,E.F.41.019,matched,score=0.775
cobeca,"FLOMED SOL TOP BUC 0,15ML/0,25%180ML ELM",4.08,E.F.41.019,matched,score=0.753
cobeca,"FLOROMOX SOL OFT 0,5% 5ML CAPSUV",4.66,,sin_match,sin_candidato
cobeca,FLOXABID AC TAB REC 500MG X10 CAPSUV,5.27,,sin_match,score_bajo
cobeca,FLUCON CAP 150MG X2 MEG,3.49,E.F.27.243,matched,score=0.922
cobeca,FLUCON CAP 200MG X4 MEG,4.42,E.F.41.686,matched,score=0.922
cobeca,FLUCONAZOL AMP 200MG/100ML X1 ZUZU,1.58,E.F.36.216,matched,score=0.865
cobeca,FLUCONAZOL CAP 150MG X2 BLUE/M,1.44,E.F.G.27.527,matched,score=0.878
cobeca,FLUCONAZOL CAP 150MG X2 CLX,2.04,E.F.G.27.527,matched,score=0.922
cobeca,FLUCONAZOL CAP 150MG X2 KIMIC,2.13,E.F.G.43.733,matched,score=0.697
cobeca,FLUCONAZOL CAP 150MG X2 LETI,7.49,E.F.G.28.339,matched,score=0.922
cobeca,FLUCONAZOL CAP 150MG X2 PHARME,3.14,E.F.G.27.527,matched,score=0.878
cobeca,FLUCONAZOL CAP 150MG X2 VLM,2.57,E.F.G.34.692,matched,score=0.922
cobeca,FLUCONAZOL CAP 200MG X 4 GENFAR,4.49,E.F.G.43.904,matched,score=0.691
cobeca,FLUCONAZOL INY 2MG/100ML IPS,1.65,E.F.G.40.840,matched,score=0.861
cobeca,FLUCONAZOL SOL INF 200MG/100ML KMP,2.2,,sin_match,score_bajo
cobeca,FLUCONAZOL SOL INY 200MG/100ML BLUE,1.55,E.F.36.216,matched,score=0.865
cobeca,FLUCONAZOL TAB 150MG X2 KMP,2.83,E.F.G.42.709,matched,score=0.878
cobeca,FLUCONAZOL TAB 150MG X4 ZUZU,2.92,E.F.G.42.709,matched,score=0.878
cobeca,FLUDIL TAB 10MG X20 PHARME,8.64,E.F.28.326,matched,score=0.665
cobeca,FLUDIL TAB 10MG X40 PHARME,16.23,E.F.28.326,matched,score=0.665
cobeca,FLUIDO NIVEA LUMIN630 A/MANCHAS FPS50,23.69,,no_farmaco,
cobeca,FLUMAZENIL AMP 0.5MG/5ML X 1 MEDVAL,12.49,E.F.G.42.815,matched,score=0.800
cobeca,"FLUMAZENIL SOL INY 0,5MG/5ML 5ML X1 ADN",9.78,E.F.G.42.815,matched,score=0.797
cobeca,FLUNARIZINA TAB 10MG X30 CCM,8.77,E.F.G.43.024,matched,score=0.859
cobeca,FLUOXETINA CAP 20MG X 14 PHARMETIQ,3.36,E.F.G.31.214,matched,score=0.760
cobeca,FLUOXETINA CAP 20MG X14 BIOTECH,3.47,E.F.G.28.981,matched,score=0.902
cobeca,FLUOXETINA CAP 20MG X28 PHARME,4.66,E.F.G.28.948,matched,score=0.859
cobeca,FLUOXETINA TAB 20MG X30 ANG/H,3.87,E.F.G.43.528,matched,score=0.902
cobeca,FLUTICASONA DOSIS 125MCG X120 DOSIS ZUZU,14.43,,no_farmaco,
cobeca,FLUTICASONA/SALMET 125/25MCG X120D ZUZU,24.33,,no_farmaco,
cobeca,FLUTICASONA/SALMET 250/25MCG X120D ZUZU,19.59,,no_farmaco,
cobeca,FLUTICASONA/SALMET 50/25MCG X120D ZUZU,24.26,,no_farmaco,
cobeca,FLUTIXAIR SUSP INH 125/25MCG X120 MEG,45.31,,sin_match,score_bajo
cobeca,FLUTIXAIR SUSP INH 250/25MCG X120 MEG,53.35,,sin_match,score_bajo
cobeca,FLUVIRIN JBE 120ML LETI,12.36,,sin_match,sin_candidato
cobeca,FOAMI BAMBARY TEXTURIZ 3D SURT X10,2.84,,no_farmaco,
cobeca,FOAMI CARTA CREMA X12,2.63,,sin_match,sin_candidato
cobeca,FOAMI CARTA MEL X12,2.63,,no_farmaco,
cobeca,FOLIFER B12 TAB X30 RNV,8.42,E.F.21.985,matched,score=0.654
cobeca,"FOMENE COM 2,5 MG X 28",40.6,,sin_match,sin_candidato
cobeca,FOMENTERA ELECTRICA BRIUTCARE 32X40CM,57.92,,no_farmaco,
cobeca,FORMAGX CAP X30 CR 2N,6.49,,sin_match,sin_candidato
cobeca,FORMULA CAPIL BIOS A/CAIDA 200ML,19.43,,no_farmaco,
cobeca,FORMULA FORMIDABLE CRECER 0-6M 1 400G,10.45,,no_farmaco,
cobeca,FORMULA INF PRE NAN 400G,17.89,,no_farmaco,
cobeca,FORMULA MAH ADAPT P/LACTANTE +6M 400G,14.73,,no_farmaco,
cobeca,FORMULA MAH ADAPT P/LACTANTE 0-6M 400G,14.73,,no_farmaco,
cobeca,FORMULA MAH S/LACTOSA LACTANT 0-12M 400G,21.02,,no_farmaco,
cobeca,FORMULA NAN  EXPERT PRO HA X 400 G,20.34,,no_farmaco,
cobeca,FORMULA NAN EXPERT PRO SOYA 800G,27.32,,no_farmaco,
cobeca,FORTICRECE PVO NIDO 800G,16.54,,sin_match,sin_candidato
cobeca,FOSFATO D/POTASIO SOL INY 1MEQ X 10ML,7.19,E.F.G.21.515,matched,score=0.721
cobeca,"FOSFOLIT SOL ORAL 21,6/8,1G 45ML VARG",14.22,E.F.41.993,matched,score=0.717
cobeca,FOTOPROT UMBRELLA INTEL SPF50+ 50G,24.81,,no_farmaco,
cobeca,FOTOPROT UMBRELLA SKIN SPF50+ T OSC 50G,29.61,,no_farmaco,
cobeca,FOTOPROT UMBRELLA SKIN T CLA SPF50+ 50G,29.61,,no_farmaco,
cobeca,FOTOPROTEC UMBRELLA URBAN MIX SPF50 50G,27.14,,no_farmaco,
cobeca,FOTORRETIN SOL OFT 0.5%/5% X 5 ML,11.56,E.F.31.562,matched,score=0.649
cobeca,FRAILEJON JBE 120ML CHEM/S,4.6,,sin_match,sin_candidato
cobeca,FRAILEJON JBE 120ML RECETT,3.51,,sin_match,sin_candidato
cobeca,FRIXONIL SPRAY 60ML VIN,6.52,,no_farmaco,
cobeca,FRONDOS CAP BLD VAG 400MG/100MG X7 FC,11.39,,sin_match,score_bajo
cobeca,FRUTACID TAB 500MG SAB/SURT X 60,14.9,,sin_match,score_bajo
cobeca,FUGOLIN CREM 20G VIN,6.91,,sin_match,score_bajo
cobeca,FUGOLIN CREM VAG 1%  50G X6 APLIC VIN,8.97,,sin_match,score_bajo
cobeca,FUGOLIN SOL 1G/100ML 30ML VIN,5.35,,sin_match,score_bajo
cobeca,"FULBARYL CAP INH 160MCG/4,5MCG X60 LETI",67.39,,sin_match,score_bajo
cobeca,FULGRAM COMP REC 875MG/125MG X16 LETI,45.2,E.F.31.637,matched,score=0.623
cobeca,FULGRAM SUSP 600MG 60ML LETI,26.67,,sin_match,score_bajo
cobeca,FUNGEX CREM 1% X 15G,6.39,,sin_match,sin_candidato
cobeca,FUNGOSIN CAP 100MG X14 DLR,11.16,,sin_match,sin_candidato
cobeca,FUNGOSIN CAP 100MG X28 DLR,16.32,,sin_match,sin_candidato
cobeca,FUNGOSIN CAP 100MG X6 DLR,5.37,,sin_match,sin_candidato
cobeca,FUNTRAZOL CAP 100MG X10 ANG/H,5.21,E.F.43.354,matched,score=0.685
cobeca,FURADANTINA CAP 50MG X30 ALESS,4.28,,sin_match,sin_candidato
cobeca,FURFURIL PMDA 30G MEG,9.35,,no_farmaco,
cobeca,"FUROATO D/MOMET SPRAY 0,05% 18G PHARME",8.19,,no_farmaco,
cobeca,FUROSEMIDA AMP 20MG/2ML X 3 DISTRILAB,2.9,E.F.G.32.365,matched,score=0.706
cobeca,FUROSEMIDA TAB 20MG X12 MEY,5.39,E.F.G.33.438,matched,score=0.859
cobeca,FUROSEMIDA TAB 20MG X24 SIEG,9.29,E.F.G.33.438,matched,score=0.902
cobeca,FUROSEMIDA TAB 40MG X12 PLX,3.99,E.F.G.23.618,matched,score=0.902
cobeca,FUROSEMIDA TAB 40MG X12 SIEG,6.43,E.F.G.33.388,matched,score=0.902
cobeca,FUROSEMIDA TAB 40MG X24 MEY,13.04,E.F.G.21.300,matched,score=0.859
cobeca,"FUXAL UNG 0,2G/100G 30G CR ZUK",9.91,,sin_match,score_bajo
cobeca,FX HIDROGEL 200G SANAV,20.71,,no_farmaco,
cobeca,"G-FRESH SOL OFT 0,5/0,9% 10ML CAPSUV",8.02,,sin_match,sin_candidato
cobeca,GABAPENTINA CAP 300MG X20 CLX,6,E.F.G.37.992,matched,score=0.904
cobeca,GABAPENTINA TAB 300MG X14 CR LATT,5.19,E.F.G.34.981,matched,score=0.770
cobeca,GABAPENTINA TAB 300MG X30 ANG/H,6.65,E.F.G.34.981,matched,score=0.770
cobeca,GABAPRA TAB 75MG X14 ADN,2.83,,sin_match,sin_candidato
cobeca,GABAROL CAP 150MG X20 CAPSUV,13.52,,sin_match,sin_candidato
cobeca,GABAROL CAP 25MG X30 CAPSUV,8.47,,sin_match,sin_candidato
cobeca,GABOX TAB 200MG X20 RNV,6.7,E.F.20.787,matched,score=0.621
cobeca,GALL MARILU CHOCO VAINILLA X 24,4.73,,no_farmaco,
cobeca,GALL MARILU FRESA 18G X24,4.73,,no_farmaco,
cobeca,GALL OREO AMERICANO TUBO X 96G,1.11,,no_farmaco,
cobeca,GALL OREO CHOCOLATE 192G X 6,2.1,,no_farmaco,
cobeca,GALL OREO CHOCOLATE MOSTRADOR 768G X16,8.45,,no_farmaco,
cobeca,GALL OREO FUDGE 156G X6,2.62,,no_farmaco,
cobeca,GALL OREO VAINILLA MOSTRADOR 768G X16,8.45,,no_farmaco,
cobeca,GALL RENATA CREAM CRACKERS X 170G,1.01,,no_farmaco,
cobeca,GALLETA BELVITA HONY 252G X9,2.43,,no_farmaco,
cobeca,GALLETA BELVITA KRAKER DISP 234G X9,2.43,,sin_match,sin_candidato
cobeca,GALLETA CHIQUILIN CINNAMON CANE 200G,1.74,,no_farmaco,
cobeca,GALLETA CLUB SOCIAL DISP 156G X6,1.33,,sin_match,sin_candidato
cobeca,GALLETA COCOSETTE MAXI DISP 50G X18,12.95,,sin_match,sin_candidato
cobeca,GALLETA COCOSETTE MAXI MULT 50G X4,2.93,,no_farmaco,
cobeca,GALLETA COOKY CHIPS CHOCO 200G,2.94,,no_farmaco,
cobeca,GALLETA DELICIAS MARIA CHOCO 136G,5.15,,no_farmaco,
cobeca,GALLETA DELICIAS MARIA CHOCO DISP 34GX18,11.59,,sin_match,sin_candidato
cobeca,GALLETA ELITE CHOCO TUBULAR 100G,0.94,,no_farmaco,
cobeca,GALLETA FAMILY CLUB 300G,1.94,,no_farmaco,
cobeca,GALLETA KATY DISP 32G X24,12.37,,sin_match,sin_candidato
cobeca,GALLETA KATY VAIN 128G X4,2.06,,no_farmaco,
cobeca,GALLETA MAH DULCES FIRST COOKIES 100G,2.87,,no_farmaco,
cobeca,GALLETA MAH PURE LOVE BAN 100G,2.87,,no_farmaco,
cobeca,GALLETA MAH PURE LOVE S/GLUTEN 125G,3.39,,no_farmaco,
cobeca,GALLETA MARIA MINI 200G,1.53,,no_farmaco,
cobeca,GALLETA MARIA S/AZU 250G,2.28,,no_farmaco,
cobeca,GALLETA MARILU CHOCO TUBULAR 216G,1.99,,no_farmaco,
cobeca,GALLETA MARILU CHOCO VAIN 216G,1.99,,no_farmaco,
cobeca,GALLETA MARILU FRESA TUBULAR 216G,1.99,,no_farmaco,
cobeca,GALLETA MARILU MINI CHOCO 100G,1.09,,no_farmaco,
cobeca,GALLETA MARILU MINI VAIN 100G,1.09,,no_farmaco,
cobeca,GALLETA MARILU VAIN TUBULAR 216G,1.99,,no_farmaco,
cobeca,GALLETA MARILU VAIN X24,4.73,,no_farmaco,
cobeca,GALLETA NIC NAC 200G,1.67,,no_farmaco,
cobeca,GALLETA OREO AMERICANO 192G X6,2.1,,no_farmaco,
cobeca,GALLETA PUIG EL SOL SODA 240G,1.56,,sin_match,sin_candidato
cobeca,GALLETA PUIG LIMON TV TUBULAR 90G,0.87,,no_farmaco,
cobeca,GALLETA PUIG SODA 240G,1.56,,no_farmaco,
cobeca,GALLETA PUIG SODA INTEG 290G,1.76,,no_farmaco,
cobeca,GALLETA Q-KISS 200G,2.85,,no_farmaco,
cobeca,GALLETA RENATA CHOCO CHISP/CHOCO 100G,1.46,,no_farmaco,
cobeca,GALLETA RENATA VAIN CHISP/CHOCO 100G,1.46,,no_farmaco,
cobeca,GALLETA RENATA WAFER BRIGADEIRO 115G,0.87,,no_farmaco,
cobeca,GALLETA RENATA WAFER CHOCO 115G,0.87,,no_farmaco,
cobeca,GALLETA RENATA WAFER LIMON 115G,0.87,,no_farmaco,
cobeca,GALLETA RENATA WAFER MORANGO 115G,0.87,,no_farmaco,
cobeca,GALLETA REX BOLS 200G,1.35,,no_farmaco,
cobeca,GALLETA SALTINES 250G,1.73,,no_farmaco,
cobeca,GALLETA SAMBA CHOCO DISP 32G X20,15.61,,sin_match,sin_candidato
cobeca,GALLETA SAMBA FRESA 16G X35,16.84,,no_farmaco,
cobeca,GALLETA SAMBA FRESA DISP 32G X20,15.61,,sin_match,score_bajo
cobeca,GALLETA SODA PREMIUM 156G X6,1.3,,no_farmaco,
cobeca,GALLETA SUSY CHOCO MAXI DISP 50G X18,12.95,,sin_match,sin_candidato
cobeca,GALLETA SUSY MAXI MULT 50G X4,2.93,,no_farmaco,
cobeca,GALLETA TIGO TARTALETAS CHOCO 140G,1.1,,no_farmaco,
cobeca,GALLETA TIGO TARTALETAS CHOCO/VAIN 140G,1.1,,no_farmaco,
cobeca,GALLETA TIGO TARTALETAS FRESA 140G,1.1,,no_farmaco,
cobeca,GALLETA TIGO TARTALETAS LIMON 140G,1.1,,no_farmaco,
cobeca,GALLETA TIGO TARTALETAS PARCH 140G,1.1,,sin_match,sin_candidato
cobeca,GALLETA WAFER TIGO CHOCO 115G,1.13,,no_farmaco,
cobeca,GALLETA WAFER TIGO CHOCO 80G,0.76,,no_farmaco,
cobeca,GALLETA WAFER TIGO CHOCO/CHOCO 115G,1.13,,no_farmaco,
cobeca,GALLETA WAFER TIGO FRESA 115G,1.13,,no_farmaco,
cobeca,GALLETA WAFER TIGO FRESA 80G,0.76,,no_farmaco,
cobeca,GALLETA WAFER TIGO VAIN 115G,1.13,,no_farmaco,
cobeca,GALLETA WAFER TIGO VAIN 80G,0.76,,no_farmaco,
cobeca,GALLETAS DANETTE 170G,5.59,,no_farmaco,
cobeca,GALLETAS GERBER NUTRIPUFF FRESA/BAN 142G,2.88,,no_farmaco,
cobeca,GALLETAS MINI MARIA PUIG LONCHERA 180G,1.67,,no_farmaco,
cobeca,GALLETAS TIGO CHOCO 131G,1.03,,no_farmaco,
cobeca,GALLETAS TIGO CHOCO/VAIN 90G,0.91,,no_farmaco,
cobeca,GALLETAS TIGO COOKIES CHOCOLATE 80G,1.18,,no_farmaco,
cobeca,GALLETAS TIGO TRADICIONAL MANTEQ 131G,1.03,,no_farmaco,
cobeca,"GAMBI SOL OFT 0,03% 3ML L.O",22.65,,sin_match,score_bajo
cobeca,GAMERAL CAP 400MG X30 AV,7.79,,sin_match,sin_candidato
cobeca,"GAMPRESS SOL OFT 0,03/0,5% 3ML L.O",23.64,,sin_match,score_bajo
cobeca,GANCHO MANAPLAS D/ROPA MULT X 6,5.86,,no_farmaco,
cobeca,GANCHO MANAPLAS GUARDARROPA X 4,7.59,,no_farmaco,
cobeca,GAPENT COMP REC 10MG X30 MEY,8.58,,sin_match,score_bajo
cobeca,GAPENT COMP REC 20MG X30 MEY,10.05,,sin_match,score_bajo
cobeca,GAPRIDOL CAP 400MG X15 CR MT,7,,sin_match,sin_candidato
cobeca,GAPTAN TAB 300MG X30 ZORIAK,6.92,,sin_match,sin_candidato
cobeca,GARABET SOL OFT 5ML L.O,11.81,,sin_match,score_bajo
cobeca,GARDENAL TAB 100MG X30 CLX,12.55,E.F.26.651,matched,score=0.719
cobeca,"GASA EBEN CLINICA 1,20M",2.89,,no_farmaco,
cobeca,"GASA EBEN SUPER CLINICA 2,4M",3.81,,no_farmaco,
cobeca,"GASA EBEN SUPER CLINICA ECONOMICA 2,4M",2.54,,no_farmaco,
cobeca,"GASA ESTER PLUSMEDIC 4""X4"" X2 CAJ X50",15.75,,no_farmaco,
cobeca,GASA ESTERIL PROMEINT PARAFIN 10X10,7.2,,no_farmaco,
cobeca,GASA P/QUEMADO BRIUTCARE ESTERIL ROLLO,4.22,,no_farmaco,
cobeca,GASA PLUSMEDIC 100YDS,32.39,,no_farmaco,
cobeca,"GASA PLUSMEDIC ESTERIL 3""X3"" CAJ X50",9.9,,no_farmaco,
cobeca,GASA PROMEINT EST PARAF C/CLOR 10X10 X10,7.92,,no_farmaco,
cobeca,GASAS BRIUTCARE ESTER 2X2   SOB X20,3.9,,sin_match,score_bajo
cobeca,GASAS BRIUTCARE ESTER 3X3   SOB X20,5.97,,sin_match,score_bajo
cobeca,GASAS BRIUTCARE ESTER 4X4   SOB X20,8.57,,sin_match,score_bajo
cobeca,GASAS BRIUTCARE ESTER 4X8   SOB X20,15.58,,sin_match,score_bajo
cobeca,GASAS CUREBAND 10X10CM SOBX24,14.2,,no_farmaco,
cobeca,GASAS SOB ALGOBAP ESTERIL 2CMX2CM CAJX50,4.12,,sin_match,score_bajo
cobeca,GASAS SOB ALGOBAP ESTERIL 3CMX3CM CAJX50,7.04,,sin_match,score_bajo
cobeca,GASTRO ALIV SUSP 120ML PLN,7,,sin_match,sin_candidato
cobeca,GASTRO ALIV TAB MAST 262MG X10 PLN,6.01,,sin_match,sin_candidato
cobeca,GEL AKNFREE PUNTUAL IMPERFECCIONES 15ML,5.39,,sin_match,sin_candidato
cobeca,GEL ALNA ULTRASONIDO X 250ML,2.14,,sin_match,sin_candidato
cobeca,GEL ANTIBACT ESSENZA FAMILY CARE 480ML,4.79,,sin_match,sin_candidato
cobeca,GEL ANTIBACT ESSENZA FAMILY CARE 980ML,8.3,,sin_match,sin_candidato
cobeca,GEL ANTIBACT PULPLUS ACTIVE 90G,2.73,,sin_match,sin_candidato
cobeca,GEL ANTIBACT PUREZA TEENS UVA 80G,4.44,,sin_match,score_bajo
cobeca,GEL ANTIBACT SANOL 230ML,3.25,,sin_match,sin_candidato
cobeca,GEL AQUASONIC 100 CLEAR X 0.25L,11.53,,sin_match,sin_candidato
cobeca,GEL AQUASONIC 100 ULTRASONIDO X 0.25L,11.7,,sin_match,sin_candidato
cobeca,GEL AQUASONIC 100 ULTRASONIDO X 1L,36.83,,sin_match,sin_candidato
cobeca,GEL BRUCEN A/ACNE PIEL GRAS 120ML,11.8,,sin_match,sin_candidato
cobeca,GEL BRUCEN HYDRO MATT PIEL GRAS 120ML,10.72,,sin_match,sin_candidato
cobeca,GEL CALAMINOL PICALIV 16G VITA,4.58,,sin_match,sin_candidato
cobeca,GEL COLGATE KIDS FRUTILLA 50G,1.77,,sin_match,score_bajo
cobeca,GEL COLGATE PLAX REFRESC/BUCAL 100ML,3.54,,sin_match,score_bajo
cobeca,GEL CORP VIBRA NAT FRIO 200G,5.4,,sin_match,sin_candidato
cobeca,GEL CREM BIODERMA ATODERM INTEN 200ML,32.6,,sin_match,sin_candidato
cobeca,GEL CREM BIODERMA HYDRABIO 40ML,31.88,,sin_match,sin_candidato
cobeca,GEL D/BAÑO ALEA NIÑOS 350ML,5.06,,sin_match,sin_candidato
cobeca,GEL D/BANO IE GLICERINA 750ML,9.38,,sin_match,score_bajo
cobeca,GEL D/BAÑO SPA LINE CHERRY BERRY 200ML,7.2,,sin_match,sin_candidato
cobeca,GEL D/BAÑO SPA LINE MANDAR/COCO 200ML,7.2,,sin_match,sin_candidato
cobeca,GEL DERNIER AFTER SUN X 160G,7.63,,sin_match,sin_candidato
cobeca,GEL DERNIER ARNICA MONTANA GEL 200 ML,2.38,,sin_match,sin_candidato
cobeca,GEL DERNIER PURIFIC Y MINIM D/POROS X20G,3.9,,sin_match,sin_candidato
cobeca,GEL EXFOL CLARESS 75G,7.1,,sin_match,sin_candidato
cobeca,GEL FACIAL HIDRAT AKNFREE 50ML,6.05,,sin_match,sin_candidato
cobeca,GEL FACIAL HUMECT BIOS SCRUB 120ML,16.49,,sin_match,sin_candidato
cobeca,GEL FACIAL LIMP NIVEA AGUA D/ROSAS 150ML,13.85,,sin_match,score_bajo
cobeca,GEL FIJ EVERY NIGHT FOR MEN BLACK 250G,2.74,,sin_match,sin_candidato
cobeca,GEL FIJ EVERY NIGHT FOR MEN BLACK 500G,3.56,,sin_match,sin_candidato
cobeca,GEL FIJ EVERY NIGHT FRES 100G,1.74,,sin_match,sin_candidato
cobeca,GEL FIJ EVERY NIGHT FRES 250G,2.74,,sin_match,sin_candidato
cobeca,GEL FIJ EVERY NIGHT FRES 500G,3.56,,sin_match,sin_candidato
cobeca,GEL FIJ EVERY NIGHT POW 100G,1.74,,sin_match,sin_candidato
cobeca,GEL FIJ EVERY NIGHT POW 500G,3.56,,sin_match,sin_candidato
cobeca,GEL FIJ EVERY NIGHT STRONG 100G,1.74,,sin_match,sin_candidato
cobeca,GEL FIJ EVERY NIGHT STRONG 250G,2.74,,sin_match,sin_candidato
cobeca,GEL FIJ EVERY NIGHT STRONG 500G,3.56,,sin_match,sin_candidato
cobeca,GEL FIJ EVERY NIGHT WINNER 100G,1.74,,sin_match,sin_candidato
cobeca,GEL FIJ EVERY NIGHT WINNER 500G,3.56,,sin_match,sin_candidato
cobeca,GEL GLADE CAR ACQUA 70G,3.21,,sin_match,sin_candidato
cobeca,GEL GLADE CAR CITRUS 70G,3.21,,sin_match,sin_candidato
cobeca,GEL HIDRAT AG TATTOO AFTERCARE 60G,10.87,,sin_match,sin_candidato
cobeca,GEL HIDRAT CLARESS PIEL GRAS 75G,7.7,,sin_match,sin_candidato
cobeca,GEL HIDRAT DERNIER A/EDAD REPAR NOCH 50G,13.1,,sin_match,sin_candidato
cobeca,GEL HIDRAT ZOAH ACNE RESCUE 50ML,4.35,,sin_match,sin_candidato
cobeca,GEL INTIMO PHFEM DELICADO 280ML,5.82,,sin_match,sin_candidato
cobeca,GEL INTIMO PHFEM HIDRAT 280ML,5.82,,sin_match,sin_candidato
cobeca,GEL INTIMO SABILADERM LAVAND 200ML,6.86,,sin_match,sin_candidato
cobeca,GEL INTIMO SABILADERM MANZA 240ML,6.86,,sin_match,sin_candidato
cobeca,GEL LIMP BIODERMA SEBIUM MOUSSANT 200G,38.16,,sin_match,sin_candidato
cobeca,GEL LIMP BIODERMA SENSIBIO MOUSSAN 200ML,30.77,,sin_match,sin_candidato
cobeca,GEL LIMP CAPIL BRUCEN UREA12% 400ML,19.4,,sin_match,sin_candidato
cobeca,GEL LIMP CORP BRUCEN UREA12% 250ML,13.8,,sin_match,sin_candidato
cobeca,GEL LIMP FACIAL BEDUCEN PROB5 200ML,18.39,,sin_match,sin_candidato
cobeca,GEL LIMP PATO SARRO/MUGRE 710ML,5.84,,sin_match,sin_candidato
cobeca,GEL LIVING ALOE VERA REVITALIS 100ML,2.75,,sin_match,sin_candidato
cobeca,GEL LIVING LIMP D/POROS 120ML,4.17,,sin_match,sin_candidato
cobeca,GEL LUBRICANTE PRUDENCE FRESA DKT,14.65,,sin_match,score_bajo
cobeca,GEL LUBRICANTE PRUDENCE NATURAL DKT,14.65,,sin_match,sin_candidato
cobeca,GEL PATO ACC PROFU MARINE 500ML,4.43,,sin_match,sin_candidato
cobeca,GEL PATO ACC PROFU PINE 500ML,4.43,,sin_match,sin_candidato
cobeca,GEL RHELEN COOL ICE AZUL 250G INTERV,6.49,,sin_match,sin_candidato
cobeca,GEL ZOAH ALOE VERA ROSTRO/CUERPO 400G,4.37,,sin_match,sin_candidato
cobeca,GEL/BAÑ AMALFI AVENA 750ML,4.48,,sin_match,sin_candidato
cobeca,GEL/BAÑ AMALFI DERMOPROT 750ML,7.9,,sin_match,sin_candidato
cobeca,GEL/BAÑ AMALFI DUC/PA 750ML,7.9,,sin_match,sin_candidato
cobeca,GEL/BAÑ AMALFI DUCHA RELAX 750ML,5.58,,sin_match,score_bajo
cobeca,GEL/BAÑ EXFOL SPA LINE ORQ SALVAJE 250ML,4.2,,sin_match,sin_candidato
cobeca,GEL/BAÑ IE BEBE 500ML,14.75,,sin_match,sin_candidato
cobeca,GEL/BAÑ IE PIEL ATOPICA 500ML,14.35,,sin_match,sin_candidato
cobeca,GEL/BAÑ SPA LINE BLUEBE/ORANGE 250ML,4.2,,sin_match,sin_candidato
cobeca,GEL/BAÑ Y DUCHA AMALFI LOVE 750ML,7.9,,sin_match,score_bajo
cobeca,GELAFUNDIN SOL 4% 500ML MEDV,52.25,,sin_match,sin_candidato
cobeca,GELATINA SONRISSA CEREZA DISP 132G X12,23.13,,sin_match,score_bajo
cobeca,GELATINA SONRISSA FRAMBUESA DISP 132GX12,23.13,,sin_match,score_bajo
cobeca,GELATINA SONRISSA FRESA 66G,1.42,,no_farmaco,
cobeca,GELATINA SONRISSA FRESA DISP 132G X12,23.13,,sin_match,score_bajo
cobeca,GELATINA SONRISSA LIMON 132G,2.22,,no_farmaco,
cobeca,GELATINA SONRISSA PIÑ 66G,1.42,,no_farmaco,
cobeca,GELATINA SONRISSA UVA 132G,2.27,,no_farmaco,
cobeca,GELATINA SONRISSA UVA 66G,1.42,,no_farmaco,
cobeca,GELATINA VIVO BERRIES S/AZU 22G,1.36,,no_farmaco,
cobeca,GEMKAST TAB MAST 4MG X10 GEMA,0.51,E.F.43.742,matched,score=0.630
cobeca,GEMKAST TAB MAST 4MG X30 GEMA,1.46,E.F.43.742,matched,score=0.630
cobeca,GEMKAST TAB MAST 5MG X10 GEMA,0.64,E.F.43.743,matched,score=0.630
cobeca,GEMKAST TAB MAST 5MG X30 GEMA,1.84,E.F.43.743,matched,score=0.630
cobeca,GEMKAST TAB REC 10MG X10 GEMA,1.94,E.F.43.741,matched,score=0.614
cobeca,"GENCICOF SOL TOP BUCAL 0,15%-0,15% X15ML",6.41,E.F.26.475,matched,score=0.740
cobeca,GENESA COM/REC 3MG/20MCG X 28,29.52,E.F.39.975,matched,score=0.678
cobeca,GENESA COMP 3MG/30 MCG X21 LETI,29.61,E.F.39.975,matched,score=0.972
cobeca,GENLET CAP 200MG X 10,10,,sin_match,sin_candidato
cobeca,GENTAMICINA AMP 160MG/2ML X 10 BLUE/M,3.69,E.F.G.36.306,matched,score=0.957
cobeca,GENTAMICINA CREM 1% 15G PHARME,6.49,E.F.16.167,matched,score=0.739
cobeca,"GENTAMICINA GTS 0,3% 10ML CR DIST",4.78,E.F.G.26.131,matched,score=0.723
cobeca,GENTAMICINA SOL INY 160MG/2ML X5 DIST,5.84,E.F.G.36.306,matched,score=0.957
cobeca,"GENTAMICINA SOL OFT 0,3% 5ML L.O",4.66,,sin_match,score_bajo
cobeca,GENTAPLUS GTS OFT 0.3% KMP,7.66,,sin_match,sin_candidato
cobeca,GENURIN GRAG 200MG X10 ELM,6.81,E.F.24.164,matched,score=0.683
cobeca,GERIATECH CAP BLD VIT/MINERAL X30 G PHAR,11.3,,sin_match,score_bajo
cobeca,GESTAGENO CAP BLD 100MG X30 CR CCM,31.86,,sin_match,score_bajo
cobeca,GESTAGENO CAP BLD 200MG X30 CR CCM,40.88,,sin_match,score_bajo
cobeca,GESTASYN I CAP BLD 100MG X10 TIARES,13.55,,sin_match,sin_candidato
cobeca,GESTASYN II CAP BLD 200MG X10 TIARES,16.29,,sin_match,sin_candidato
cobeca,"GESTRELLA TAB REC 0,075MG X28 GCP",20.35,,sin_match,score_bajo
cobeca,GINACOL SOL VAG 135ML BIOTECH,4.06,,sin_match,score_bajo
cobeca,GINESAL SOL VAG 130ML AV,6.49,,sin_match,score_bajo
cobeca,GINIWA V CAP X 14,28.23,,sin_match,sin_candidato
cobeca,GINKGO BILOBA CAP 300MG X30 HERB,10.66,,sin_match,sin_candidato
cobeca,GINKGO BILOBA CAP 300MG X60 ARC IRIS,12.86,,sin_match,sin_candidato
cobeca,GINKGO BILOBA CAP 300MG X60 HERB,11.56,,sin_match,sin_candidato
cobeca,GINKGO BILOBA CAP 300MG X60 NAT PREM,9.73,,sin_match,sin_candidato
cobeca,GINKGO BILOBA CAP 60MG X60 NOW,19.99,,sin_match,sin_candidato
cobeca,GINKGO SENG DH TAB X60 NAT PREM,7.36,,sin_match,sin_candidato
cobeca,GINKOLA CAP 500MG X30 HERB,9.48,,sin_match,sin_candidato
cobeca,GIVOTAN PVO SUSP 100MG 30ML MEG,16.62,,sin_match,score_bajo
cobeca,GIVOTAN PVO SUSP 100MG 60ML MEG,19.61,,sin_match,score_bajo
cobeca,GIVOTAN TAB REC 500MG X6 MEG,15.19,,sin_match,score_bajo
cobeca,GLADE ACEIT NATU SANDIA REFR REP X3 21ML,12.79,,no_farmaco,
cobeca,GLADE ACEITE NAT ABRAZOS VAINI 63ML X3,12.79,,no_farmaco,
cobeca,GLADE ACEITE NAT MANZ/CANE 21ML,8.28,,no_farmaco,
cobeca,GLADE ACEITE NAT MANZ/CANE 63ML X3,12.79,,no_farmaco,
cobeca,GLADE ACEITE NAT PARAISO AZUL 21ML,8.28,,no_farmaco,
cobeca,GLADE ACEITES NAT HAWAI/BREEZE 63ML X 3,12.79,,no_farmaco,
cobeca,GLADE AUTO GEL ODISEA AZUL 70G,3.21,,sin_match,sin_candidato
cobeca,GLADE AUTO LAVAND/MARINA REP 7ML,4.93,,no_farmaco,
cobeca,GLADE AUTO NITRO 7ML,8.44,,no_farmaco,
cobeca,GLADE AUTO SPORT CARRO NUEVO REP 7ML,4.93,,no_farmaco,
cobeca,GLADE AUTO SPORT LAVANDA MARINA 7ML,8.44,,no_farmaco,
cobeca,GLADE AUTOMAT MANZ/CANE 175G,20.64,,no_farmaco,
cobeca,GLADE AUTOMAT MANZ/CANE REP 175G,7.03,,no_farmaco,
cobeca,GLADE AUTOMAT PARAISO AZUL REP 175G,7.03,,no_farmaco,
cobeca,GLADE AUTOMAT SANDIA REFRES 175G,20.13,,no_farmaco,
cobeca,GLADE AUTOMAT SANDIA REFRES REP 175G,6.85,,no_farmaco,
cobeca,"GLAMOR SOL OFT 0,2/0,2% 10ML CAPSUV",8.55,,sin_match,sin_candidato
cobeca,"GLAUCOPROST SOL OFT 0,004% 3ML MEG",11.82,,sin_match,score_bajo
cobeca,GLAUCOTENSIL D SOL OFT 5ML MEG,13.9,,sin_match,score_bajo
cobeca,GLAUCOTENSIL T SOL OFT 5ML MEG,14.68,,sin_match,score_bajo
cobeca,GLIBENCAMIDA TAB 5MG X10 VIN,3.35,,sin_match,sin_candidato
cobeca,GLIBENCLAMIDA TAB 5 MG X 10 KMPLUS,1.41,E.F.G.33.501,matched,score=0.684
cobeca,GLIBENCLAMIDA TAB 5MG X 30 ANGELUS,3.25,E.F.G.26.275,matched,score=0.735
cobeca,GLIBENCLAMIDA TAB 5MG X30 FMED,2.29,E.F.G.26.275,matched,score=0.891
cobeca,GLIBENCLAMIDA/METFOR TAB 5/500MGX30 BUKA,6.23,E.F.G.39.843,matched,score=0.682
cobeca,"GLICAZET TAB 500MG/2,5MG X40 GFARM",15.74,E.F.40.365,matched,score=0.616
cobeca,GLICAZET TAB 500MG/5MG X40 GFARM,16.69,E.F.40.365,matched,score=0.616
cobeca,GLICAZIDA TAB 80MG X20 MT GLOB,9.53,,sin_match,sin_candidato
cobeca,GLICERAMIN AMP 3%/500ML X 1,40.42,,sin_match,score_bajo
cobeca,GLICERIN ADULTO SUP 2.58G X6 TIAR,6.56,,no_farmaco,
cobeca,GLICERIN BABY SUP 0.86G X6 TIAR,4.88,,no_farmaco,
cobeca,GLICERIN KIDS SUP 1.72G X6 TIAR,5.14,,no_farmaco,
cobeca,GLICERINA 120ML RECETT,6.43,,no_farmaco,
cobeca,GLICERINA 30G RECETT,2.74,,no_farmaco,
cobeca,GLICERINA 30ML BIOF,2.57,,no_farmaco,
cobeca,GLICERINA 30ML LYA,2.61,,no_farmaco,
cobeca,GLICERINA 60ML RECETT,3.95,,no_farmaco,
cobeca,GLICERINA ALPHA BMT 30ML,3.51,,no_farmaco,
cobeca,GLICERINA ALPHA BMT GTA 30ML,3.51,,no_farmaco,
cobeca,"GLICERINA SUP AD 2,44G X6 ELM",5.77,,no_farmaco,
cobeca,"GLICERINA SUP PED 1,11G X6 ELM",4.58,E.F.G.43.877,matched,score=0.667
cobeca,GLICINATO D/MAGNESIO  TAB 300MG X30 SAAS,11.32,,sin_match,score_bajo
cobeca,GLICINATO D/MAGNESIO CAP 500MG X60 HERB,11.04,,sin_match,score_bajo
cobeca,GLICINATO D/MAGNESIO CAP 500MG X70 ABEJ,8.88,,sin_match,score_bajo
cobeca,GLICLAZ TAB REC 80MG X20 ALESS,4.97,,sin_match,sin_candidato
cobeca,GLIDAN TAB 80MG X20 MEG,9.22,E.F.27.630,matched,score=0.859
cobeca,GLIDEX TAB REC 500MG X30 PLX,7.1,,sin_match,score_bajo
cobeca,GLIDEX TAB REC 850MG X30 PLX,9.3,,sin_match,score_bajo
cobeca,GLIFORMIN TAB 1000MG X30 MEY,16.44,E.F.43.215,matched,score=0.770
cobeca,GLIFORMIN TAB 850MG X30 MEY,15.81,E.F.43.214,matched,score=0.825
cobeca,GLIMAGX CAP 550MG X30 CR 2N,6.49,,sin_match,sin_candidato
cobeca,GLIMEPIRIDA COMP 2MG X30 LETI,7.8,E.F.G.32.187,matched,score=0.935
cobeca,GLIMEPIRIDA COMP 4MG X15 LETI,5.65,E.F.G.36.207,matched,score=0.935
cobeca,GLIMEPIRIDA COMP 4MG X30 GVN,11.1,E.F.G.32.878,matched,score=0.891
cobeca,GLIMEPIRIDA TAB 2MG X30 ANG/H,2.44,E.F.G.32.187,matched,score=0.891
cobeca,GLIMEPIRIDE TAB 2 MG X 30 LA SANTE,8.17,,sin_match,score_bajo
cobeca,GLIMEPIRIDE TAB 2MG X16 PHARME,4.78,,sin_match,sin_candidato
cobeca,GLIMEPIRIDE TAB 2MG X30 ZUZU,3.16,,sin_match,sin_candidato
cobeca,GLIMEPIRIDE TAB 4MG X16 PHARME,5.43,,sin_match,sin_candidato
cobeca,GLIMEPIRIDE TAB 4MG X30 PHARME,10.12,,sin_match,sin_candidato
cobeca,GLIMERID TAB 4MG X30 PHARME,12.45,E.F.32.727,matched,score=0.721
cobeca,GLIPTIN-M COMP REC 500/50MG X10 ZUO,6.25,E.F.44.696,matched,score=0.701
cobeca,GLIPTIN-M COMP REC 500/50MG X30 ZUO,18.16,E.F.44.696,matched,score=0.701
cobeca,GLIZIGEN SPRAY 30ML AV,30.52,,no_farmaco,
cobeca,GLOMY XR TAB 1000MG X30 ARVEST,7.6,,sin_match,sin_candidato
cobeca,GLOMY XR TAB 500MG X30 ARVEST,5.91,,sin_match,sin_candidato
cobeca,GLOMY XR TAB 750MG X30 ARVEST,6.76,,sin_match,sin_candidato
cobeca,GLUCERNA LIQ VAIN 237ML CR SUPP,9.17,,no_farmaco,
cobeca,GLUCOFAGE XR TAB LR 750MG X30 DOLLY,15.52,E.F.35.866,matched,score=0.639
cobeca,GLUCOMETRO DIGITAL GE X1,27.94,,no_farmaco,
cobeca,GLUCOMETRO FLEXMED KIT,18.13,,no_farmaco,
cobeca,GLUCOMETRO GE333,34.15,,no_farmaco,
cobeca,GLUCOMETRO GLUCARE GLM-78,14.62,,no_farmaco,
cobeca,GLUCON PLUS PVO/SOLUBLE SOB LIMON X15,19.55,,sin_match,score_bajo
cobeca,GLUCONATO D/CALCIO 10% 100ML BHR,10.82,,no_farmaco,
cobeca,GLUCONATO D/ZINC CAP 170MG X60 HERBAP,11.56,,sin_match,score_bajo
cobeca,GLUCONATO FERROS SOL ORAL 50MG 15ML BIOQ,5.35,E.F.G.37.958,matched,score=0.888
cobeca,GLUCOPHAGE XR TAB 1000MG X30 DOLLY,19.4,,sin_match,sin_candidato
cobeca,GLUCOPHAGE XR TAB 500MG X30 DOLLY,14.44,,sin_match,sin_candidato
cobeca,GLUCOSAM/CONDRO PLUS TAB 200MG X30 SAAS,11.84,,sin_match,sin_candidato
cobeca,GLUCOSAM/CONDRO TAB 1500/1200MG X30 NOW,17.14,,sin_match,sin_candidato
cobeca,GLUCOSAMINA CAP 500MG X60 ARC IRIS,12.86,,sin_match,sin_candidato
cobeca,GLUCOSAMINA/CONDRO TAB 500/400MG X30 VAL,16.18,,sin_match,sin_candidato
cobeca,GLUCOSAMINE CAP 2850MG X90 ETER,15.03,,sin_match,sin_candidato
cobeca,GLUCOSAMINE CAP 2865MG X90 PHARMAC,16.49,,sin_match,sin_candidato
cobeca,GLUCOSAMINE/CHONDRO TAB 1500/1200 X60NOW,32.14,,sin_match,sin_candidato
cobeca,GLUCOSAMINE/CONDRO SOB 1500/1200X15PHARM,15.3,,sin_match,sin_candidato
cobeca,GLUCOSAMINE/MSM CAP X60 NOW,17.53,,sin_match,sin_candidato
cobeca,GLUCOTRIN CAP X60,11.24,,sin_match,sin_candidato
cobeca,GLUCOVAL TAB REC 10MG X30 VLM,23.18,,sin_match,score_bajo
cobeca,GLUCOVAL TAB REC 25MG X30 VLM,30.77,,sin_match,score_bajo
cobeca,GLUCOZIN TAB 500 MG X 30,4.53,,sin_match,sin_candidato
cobeca,GLUSTAR TAB 20MG X30 PHARME,9.26,,sin_match,score_bajo
cobeca,GLUSTAR TAB REC 40MG X30 PHARME,12.94,,sin_match,score_bajo
cobeca,GLUTAMINA CAP BLD 500MG X30,8.92,,sin_match,score_bajo
cobeca,GLUTAMINA CAP BLD 500MG X60,12.48,,sin_match,score_bajo
cobeca,GLUTAPAK R SUPLEM ALIM 15G MEG,8.31,,no_farmaco,
cobeca,GLUTAPAK-10 SOB X 15G,10.47,,sin_match,sin_candidato
cobeca,GLUTATHIONE CAP 500MG X 30,35.94,,sin_match,sin_candidato
cobeca,GLYCEMPLUS TAB X 30,13.85,,sin_match,sin_candidato
cobeca,GLYMAR TAB 2MG X20 MEY,7.88,E.F.35.669,matched,score=0.698
cobeca,GLYMAR TAB 4MG X20 MEY,13.42,E.F.35.616,matched,score=0.741
cobeca,GOM GOMBY CUBIX 100G,1.01,,no_farmaco,
cobeca,GOM GOMBY ROCO ESPACIAL 100G,1.01,,no_farmaco,
cobeca,GOM GOMBY ROCO ESPACIAL 30G DISP X12,6.3,,sin_match,sin_candidato
cobeca,GOM TROLLI FUNIVERSE SOUR MIX 100G,1.75,,no_farmaco,
cobeca,GOM TROLLI OCTOPUS 100G,1.75,,no_farmaco,
cobeca,"GOTAS ARTIF SOL OFT 0,3% X15ML CR BIO",4.71,,sin_match,sin_candidato
cobeca,GOTAS DEL CARMEN 60ML RECETT,4.64,,sin_match,sin_candidato
cobeca,GOTAS VALERIANA 30ML RECETT,2.55,,sin_match,sin_candidato
cobeca,GRAPADORA MAPED ESTAR D/MESA,8.4,,no_farmaco,
cobeca,GRAPADORA MAPED VIVO MINI,3.33,,no_farmaco,
cobeca,GRAPADORA OFICA FUSION DUO,24.51,,no_farmaco,
cobeca,GRAPAS IDEOFFICE CORRUGADAS 5000 PZS X1,4.6,,no_farmaco,
cobeca,GRATIO TAB REC 500MG X10 RNV,2.92,E.F.35.120,matched,score=0.650
cobeca,GRATIO TAB REC 750MG X10 RNV,4.99,,sin_match,score_bajo
cobeca,GRAVIOLA CAP X60 NAT PREM,5.73,,sin_match,sin_candidato
cobeca,GREIT TAB REC 10MG X30 FC,10.64,,sin_match,score_bajo
cobeca,GRIFFI SHOES MARRON X 75ML,7.01,,no_farmaco,
cobeca,GRIFFI SHOES NEGRO X 75ML,7.01,,no_farmaco,
cobeca,GRINATOS JBE 180ML NAT PREM,6.21,,sin_match,sin_candidato
cobeca,GUAIFENESINA SOL ORAL 100/5ML 120ML BIOQ,6.62,E.F.G.42.539,matched,score=0.878
cobeca,GUANTE CALIDEX DOMEST/CORRUGADOS T XL,3.61,,no_farmaco,
cobeca,GUANTE ETERNA COCINA CLAS T 7,3.01,,no_farmaco,
cobeca,"GUANTE ETERNA COCINA CLAS T 7,5",3.01,,no_farmaco,
cobeca,GUANTE ETERNA COCINA CLAS T 8,3.01,,no_farmaco,
cobeca,"GUANTE ETERNA COCINA CLAS T 8,5",3.01,,no_farmaco,
cobeca,GUANTE PLUSMEDIC ESTERIL T 7 X50,50.39,,no_farmaco,
cobeca,"GUANTE PLUSMEDIC ESTERIL T 8,5 X50",50.39,,no_farmaco,
cobeca,"GUANTE QUIRURGICO ONE UP T 6,5",0.98,,no_farmaco,
cobeca,GUANTE QUIRURGICO ONE UP T 7,0.98,,no_farmaco,
cobeca,GUANTE TWO5MED NITRILO NEGR T/L X100,11.25,,no_farmaco,
cobeca,GUANTES D/LATEX GROSSMED S/PVO 7.5 X 50,30.19,,sin_match,sin_candidato
cobeca,GUANTES D/NIT GROSSMED S/PVO M AZUL X100,9.85,,sin_match,sin_candidato
cobeca,GUANTES D/NIT GROSSMED S/PVO S AZUL X100,9.85,,sin_match,sin_candidato
cobeca,GUANTES ETERNA TRAB/PESADO T 8,3.16,,no_farmaco,
cobeca,GUANTES ETERNA TRAB/PESADO T 8.5,3.16,,no_farmaco,
cobeca,GUANTES ETERNA TRAB/PESADO T 9,3.16,,no_farmaco,
cobeca,GUANTES ETERNA TRAB/PESADO T 9.5,3.16,,no_farmaco,
cobeca,"GUATA ORTOBAN 4"" X3YD",4.84,,no_farmaco,
cobeca,"GUATA ORTOBAN 6"" X3YD X1",7.7,,no_farmaco,
cobeca,GUATA ORTOBAN 8PLG X3YD X1,8.35,,no_farmaco,
cobeca,"GUATA PROMEINT ORTOPED 6X3"" X6",14.65,,no_farmaco,
cobeca,"GUATA PROMEINT ORTOPED 8X3"" X 6",16.74,,no_farmaco,
cobeca,GUISANTES TIGO LATA 300G,1.62,,no_farmaco,
cobeca,GULAPER GTS 50MG/ML 30ML MEG,5.58,E.F.24.672,matched,score=0.859
cobeca,GULAPER JBE AD 250MG 120ML MEG,7.79,,sin_match,score_bajo
cobeca,GULAPER JBE PED 100MG 120ML MEG,9.79,E.F.22.169,matched,score=0.601
cobeca,GULAPER JBE PED 100MG 60ML MEG,5.06,E.F.22.169,matched,score=0.620
cobeca,GULAPER SOL ORAL 250MG/5ML 200ML MEG,11.04,E.F.24.672,matched,score=0.813
cobeca,"GYNERIN ANILLO VAG 0,120/0,015MG TIAR",23.99,,no_farmaco,
cobeca,GYNKOLA CAP 500MG X60 HERB,11.82,,sin_match,sin_candidato
cobeca,GYNO-ZUMETRONIN TAB VAG 500MG X10 ZUZU,5.59,,sin_match,score_bajo
cobeca,GYNOCARE TAB REC 150MCG/30MCG X21 BRIUT,4.75,,sin_match,sin_candidato
cobeca,GYNODERAIN CREM VAG 20% 60G LETI,58.18,,sin_match,score_bajo
cobeca,"GYNODERAIN OVU 0,6G X6 LETI",38.72,E.F.25.838,matched,score=0.615
cobeca,GYNOMET CREM VAG 15/4% 40G LETI,25.67,,sin_match,score_bajo
cobeca,GYNOMET OVUL VAG 750MG/200MG X7 LETI,19.76,,sin_match,score_bajo
cobeca,GYNOTRAN CREM 15%/4% 40G CR CCM,21.34,,sin_match,score_bajo
cobeca,GYNOVIT SOL VAG 130ML VARG,4.44,,sin_match,score_bajo
cobeca,HALLS DISP CHERRY LYPTUS 3G X 100,2.86,,sin_match,sin_candidato
cobeca,HALLS DISP EXTRA STRONG 3G X 100,2.86,,sin_match,sin_candidato
cobeca,HALLS DISP MENTHOL LYPTUS 3G X 100,2.86,,sin_match,sin_candidato
cobeca,HALOPERIDOL TAB 2MG X 20 FARMAMED,1.99,,sin_match,score_bajo
cobeca,HALOPERIDOL TAB 5MG X30 CLEO,17.73,E.F.G.32.537,matched,score=0.752
cobeca,HALOPERIL SOL ORAL 2MG/ML 15ML CR MT,8.58,,sin_match,sin_candidato
cobeca,HATIAL TAB 50MG X30 GFARM,14.25,,sin_match,score_bajo
cobeca,HEDRALIV JBE 120ML PHARME,9.47,,sin_match,sin_candidato
cobeca,HELAL COMP 200MG X2 MEG,1.74,E.F.25.273,matched,score=0.709
cobeca,HEMORROIMED CREM 30G LYA,6.16,,sin_match,sin_candidato
cobeca,HEMOVAR CREM 10% 40G SANAV,6.39,,sin_match,sin_candidato
cobeca,HENOVI-C GTS 30ML VARG,8.65,,sin_match,sin_candidato
cobeca,HEPADESICOL CAP BLD 325MG X24 ELM,16.05,,sin_match,sin_candidato
cobeca,HEPAFOL FORTE JBE 120ML MEY,19.39,,sin_match,score_bajo
cobeca,HEPAFOL JBE 120ML MEY,17.23,,sin_match,score_bajo
cobeca,HEPAFOL TAB X30 MEY,15.64,E.F.28.801,matched,score=0.667
cobeca,HEPAGRAS CAP 120MG X30 LETI,56,,sin_match,sin_candidato
cobeca,HEPAROID GEL 250G X 30G,12.34,,sin_match,sin_candidato
cobeca,"HEPROX CAP 0,4MG X30 DLR",11.57,E.F.36.675,matched,score=0.615
cobeca,"HEPTADEX TAB 4MG/0,25MG X30 CR 2N",2.6,,sin_match,sin_candidato
cobeca,HERBAHELIX JBE 240ML HERB,5.03,,sin_match,sin_candidato
cobeca,HERBAMIEL JBE 240ML HERB,4.42,,sin_match,sin_candidato
cobeca,HEXANT JBE ELIX 30MG/5ML 120ML MEG,4.04,,sin_match,score_bajo
cobeca,HEXANTFLEM SOL ORAL 100MG/5ML 120ML MEG,7.21,E.F.43.345,matched,score=0.659
cobeca,HEXANTFLEM SOL ORAL 250MG/5ML 120ML MEG,6.92,E.F.43.345,matched,score=0.813
cobeca,HEXOMEDINE COLUT AER 30G CLX,8.25,,sin_match,score_bajo
cobeca,HIDRALIT SOL COCO 500ML PROBI,3.38,,sin_match,score_bajo
cobeca,HIDRAT INTIMO CUMLAUDE LAB EXTERNO 30ML,23.5,,no_farmaco,
cobeca,HIDRAT VAG CUMLAUDE LAB DELIGYN 30ML,22.34,,no_farmaco,
cobeca,HIDRATATEX SOB 21G X10 ZUZU,5.67,,sin_match,sin_candidato
cobeca,"HIDROCLOR TAB 12,5MG X30 UNIPH",4.6,,sin_match,sin_candidato
cobeca,"HIDROCLOROTIAZIDA COMP 12,5MG X30 LETI",8.02,E.F.G.35.183,matched,score=0.935
cobeca,HIDROCLOROTIAZIDA COMP 25MG X20 SPEFAR,4.69,E.F.G.36.876,matched,score=0.750
cobeca,"HIDROCLOROTIAZIDA TAB 12,5MG X30 CR DIST",5.94,E.F.G.31.250,matched,score=0.891
cobeca,"HIDROCLOROTIAZIDA TAB 12,5MG X30 PHARME",7.48,E.F.G.31.250,matched,score=0.891
cobeca,HIDROCLOROTIAZIDA TAB 25MG X10 KMPLUS,1.3,E.F.G.36.980,matched,score=0.755
cobeca,HIDROCOLSONA VIAL+DILUYENT 100MG X1 PROV,1.95,,no_farmaco,
cobeca,HIDROCORTISONA CREM 1% 15G KMPLUS,6.16,,sin_match,score_bajo
cobeca,HIDROCORTISONA PVO P/SOL 100MG DISTRILAB,3.34,,sin_match,score_bajo
cobeca,HIDROCORTISONA SOD PVO INY 500MG CR DIST,5.48,E.F.44.584,matched,score=0.727
cobeca,HIDROCORTISONA SOL IM/IV 100MG X10 ADN,19.58,,sin_match,score_bajo
cobeca,HIDROCORTISONA SOL IM/IV 500MG X1 ADN,6.36,,sin_match,score_bajo
cobeca,"HIDROTEN TAB 12,5MG X30 FAR",4.56,E.F.39.520,matched,score=0.681
cobeca,HIERBAS MCCORMICK FRANCESAS 33G,3.88,,no_farmaco,
cobeca,HIERBAS MCCORMICK ITALIANAS 20G,3.88,,no_farmaco,
cobeca,HIERRO/AC FOLIC GTAS PED 30ML ZUZU,5.27,,sin_match,score_bajo
cobeca,HIERRO/AC FOLIC JBE 40/360MCG 120ML ZUZU,5.77,E.F.33.240,matched,score=0.660
cobeca,HIERRO/AC FOLICO 40MG/350MCG X10 VIN,6.61,,no_farmaco,
cobeca,HILO DENT COLGATE TOTAL FLUOR/MENTA 25M,3.2,,sin_match,score_bajo
cobeca,HILO DENT ICEBERG ENCERADO MENTA,1.18,,sin_match,score_bajo
cobeca,HILO DENT ICEBERG ULTRA FLOSS PTFE,1.18,,sin_match,score_bajo
cobeca,HIOSCIL TAB REC 10G X10 FMED,2.19,,sin_match,sin_candidato
cobeca,HIOSCINA/BUTILBROM AMP IV/IM 20MGX5ALESS,5.34,E.F.G.35.867,matched,score=0.727
cobeca,HIOSCINA/IBUPROF TAB 20/400MG X10 VIN,7.77,E.F.43.845,matched,score=0.712
cobeca,HIOSCINA/PARACETAM TAB 10MG/325MG X10 HM,3.88,E.F.G.37.101,matched,score=0.775
cobeca,HIRUDOID GEL 20G,9.48,P.B.1.384,matched,score=0.667
cobeca,HIRUDOID GEL 40G COM,13.77,,sin_match,score_bajo
cobeca,HIRUDOID PMDA 14G,6.62,,no_farmaco,
cobeca,HIRUDOID PMDA 40G COM,13.77,,sin_match,score_bajo
cobeca,HISOPOS F&S COTTON A/CYLINDER X100,1.29,,no_farmaco,
cobeca,HISOPOS XPERIAN MEDICAL X100,1.89,,no_farmaco,
cobeca,"HISTALER JBE PED 0,5MG/ML 60ML VLM",3.51,,sin_match,score_bajo
cobeca,HISTALER TAB/REC 5MG X 10,1.7,,sin_match,score_bajo
cobeca,HISTIVERT COM 16MG X 30,7.16,E.F.41.648,matched,score=0.666
cobeca,HISTIVERT COM 24MG X 30,12.61,E.F.41.649,matched,score=0.666
cobeca,HOJAS D/SEN 5G LYA,1.99,,no_farmaco,
cobeca,HOJILLA D/BIST GROSSMED ACERO N11 X 100,8.01,,no_farmaco,
cobeca,HOJILLA D/BIST GROSSMED ACERO N20 X 100,8.01,,no_farmaco,
cobeca,HOJILLA D/BIST GROSSMED N10 X 100,8.01,,no_farmaco,
cobeca,HOJILLA D/BISTURI PLUSMEDIC C/MAN N11X10,25.6,,no_farmaco,
cobeca,HOJILLA D/BISTURI PLUSMEDIC C/MAN N12X10,25.6,,no_farmaco,
cobeca,HOJILLA D/BISTURI PLUSMEDIC C/MAN N20X10,31.06,,no_farmaco,
cobeca,HOJILLA D/BISTURI PLUSMEDIC C/MAN N21X10,25.6,,no_farmaco,
cobeca,HOJILLA D/BISTURI PLUSMEDIC C/MAN N24X10,25.6,,no_farmaco,
cobeca,HOJILLA D/BISTURI PLUSMEDIC N10 X100,9.16,,no_farmaco,
cobeca,HOJILLA D/BISTURI PLUSMEDIC N15 X100,9.16,,no_farmaco,
cobeca,HOJILLA D/BISTURI PLUSMEDIC N20 X100,11.12,,no_farmaco,
cobeca,HOJILLA D/BISTURI PLUSMEDIC N23 X100,9.16,,no_farmaco,
cobeca,HYDRORAL COCO 500ML,4.25,,no_farmaco,
cobeca,HYDRORAL FRESA 500ML,3.57,,no_farmaco,
cobeca,HYDRORAL PRO + ZINC 500ML BIOF,4.29,,no_farmaco,
cobeca,HYDRORAL UVA 500ML,3.57,,no_farmaco,
cobeca,IBAMES COMP REC 150MG X1 ALESS,3.87,,sin_match,sin_candidato
cobeca,IBANDROMET TAB REC 150MG X1 MEY,9.39,E.F.38.784,matched,score=0.646
cobeca,IBECAR TAB REC 150MG X30 VLM,13.99,E.F.42.272,matched,score=0.648
cobeca,IBECAR TAB REC 300MG X30 VLM,21.22,E.F.42.142,matched,score=0.648
cobeca,IBLUFEN TAB 800MG X10 BLUE/M,1.6,E.F.43.775,matched,score=0.726
cobeca,IBUCOLVAL TAB 600MG/4MG X 10,5.97,E.F.39.249,matched,score=0.709
cobeca,IBUCOLVAL TAB REC 600MG/4MG X20 VLM,10.81,,sin_match,score_bajo
cobeca,IBUCOLVAL TAB/REC 400 MG/4 MG X 10,4.17,,sin_match,score_bajo
cobeca,IBUFEN COMP REC 800MG X6 FAHD,4.29,,sin_match,score_bajo
cobeca,IBUFENAC CAP 400MG X20 RNV,9.03,E.F.21.722,matched,score=0.726
cobeca,IBUMAX SUSP/ORAL 100MG/5ML X 60ML,3.84,E.F.43.466,matched,score=0.651
cobeca,IBUN TAB 600MG X10 COFA,2.73,E.F.44.745,matched,score=0.739
cobeca,IBUN TAB REC 800MG X10 COFA,4.54,E.F.44.025,matched,score=0.617
cobeca,IBUPROF/TIOCO COM/REC 600MG/4MG X10 VARG,5.05,,sin_match,sin_candidato
cobeca,IBUPROFEN SUSP 100MG X60ML KIMIC,3.14,,sin_match,sin_candidato
cobeca,IBUPROFEN TAB 400MG X10 KIMIC,1.66,,sin_match,sin_candidato
cobeca,IBUPROFENO COMP 600MG X10 LETI,6.79,E.F.G.26.800,matched,score=0.922
cobeca,IBUPROFENO COMP 800MG X 10 LETI,10.04,E.F.G.40.877,matched,score=0.922
cobeca,IBUPROFENO SUSP 100MG/5ML 60ML PHARME,3.69,E.F.G.34.468,matched,score=0.864
cobeca,IBUPROFENO SUSP 100MG/5ML 90ML LETI,6.88,E.F.G.32.828,matched,score=0.879
cobeca,IBUPROFENO TAB 400MG X20 BIOQ,3.74,E.F.G.38.405,matched,score=0.922
cobeca,IBUPROFENO TAB 600MG X 10 VARG,3.18,E.F.G.30.509,matched,score=0.922
cobeca,IBUPROFENO TAB 600MG X10 FMED,1.3,E.F.G.26.800,matched,score=0.878
cobeca,IBUPROFENO TAB 600MG X10 KMP,2.96,E.F.G.26.800,matched,score=0.878
cobeca,IBUPROFENO TAB 800MG X10 CR LATT,2.34,E.F.G.31.850,matched,score=0.878
cobeca,IBUPROFENO TAB 800MG X10 PHARME,8.92,E.F.G.31.850,matched,score=0.878
cobeca,IBUPROFENO TAB REC 400MG X10 ALESS,1.2,E.F.G.38.318,matched,score=0.612
cobeca,IBUPROFENO TAB REC 400MG X10 CLX,1.47,E.F.G.27.688,matched,score=0.800
cobeca,IBUPROFENO TAB REC 400MG X10 PLX,2.55,E.F.G.33.973,matched,score=0.800
cobeca,IBUPROFENO TAB REC 600MG X10 CLX,3.13,E.F.G.35.615,matched,score=0.800
cobeca,IBUPROFENO/TIOCOL TAB 400/4MG X10 CLX,5.19,E.F.G.38.318,matched,score=0.878
cobeca,IBUPROFENO/TIOCOL TAB 400/4MG X14CR LATT,4.55,E.F.G.38.318,matched,score=0.835
cobeca,IBUPROFENO/TIOCOL TAB 600/4MG X10 CR DAC,3.88,E.F.G.38.318,matched,score=0.835
cobeca,IBUTAN SUSP 100MG/5ML 60ML MEY,3.97,E.F.27.398,matched,score=0.653
cobeca,IBUTAN SUSP 200MG/5ML 60ML MEY,4.82,E.F.38.880,matched,score=0.653
cobeca,IBUTAN TAB 200MG X10 MEY,1.58,E.F.42.600,matched,score=0.696
cobeca,IBUTAN TAB 400MG X10 MEY,2.75,E.F.19.994,matched,score=0.696
cobeca,IBUTAN TAB 400MG X20 MEY,5.1,E.F.19.994,matched,score=0.696
cobeca,IBUTAN TAB 600MG X10 MEY,3.52,E.F.39.059,matched,score=0.696
cobeca,IBUTANCOL TAB 400MG/4MG X10 MEY,4.95,E.F.40.927,matched,score=0.648
cobeca,IBUTANCOL TAB 400MG/4MG X20 MEY,8.91,E.F.40.927,matched,score=0.648
cobeca,IBUTANCOL TAB 600MG/4MG X10 MEY,6.14,E.F.39.405,matched,score=0.648
cobeca,IBUTANCOL TAB 600MG/4MG X20 MEY,12.34,E.F.39.405,matched,score=0.648
cobeca,IBUTANFEM TAB 400MG/20MG X20 MEY,15.13,E.F.42.479,matched,score=0.687
cobeca,IBUTANFEM TAB 400MG/20MG X30 MEY,22.08,E.F.42.479,matched,score=0.687
cobeca,IBUTANFEM TAB REC 400/20MG X10 MEY,8.66,,sin_match,score_bajo
cobeca,IBUTANMIGRA TAB 400MG/40MG X10 MEY,5.34,,sin_match,score_bajo
cobeca,IBUTANMIGRA TAB 400MG/40MG X20 MEY,10.48,,sin_match,score_bajo
cobeca,IBUTIL FORTE COM/REC 600MG/8MG X 10,9.3,,sin_match,score_bajo
cobeca,IDOXEN CAP LIB/PRO 75MG X 30,29.23,E.F.32.276,matched,score=0.713
cobeca,IDOXEN CAP LP 150MG X10 DLR,19.31,E.F.32.277,matched,score=0.698
cobeca,ILANA OVU 600MG X1 VIV,7.44,E.F.37.122,matched,score=0.669
cobeca,ILTUX COMP 20MG X28 ADIUM,11.32,E.F.38.150,matched,score=0.740
cobeca,ILTUX COMP REC 40MG X28 ADIUM,18.04,,sin_match,score_bajo
cobeca,IMAZOL CREM 20G MEY,5.18,E.F.42.948,matched,score=0.739
cobeca,IMAZOL CREM VAG 1% 50G MEY,7.09,E.F.42.948,matched,score=0.631
cobeca,IMAZOL DUAL OVU 500MG X1 + CREM 10G MEY,4.66,E.F.42.948,matched,score=0.658
cobeca,IMAZOL OVU VAG 500MG X1 MEY,2.99,,sin_match,score_bajo
cobeca,IMAZOL PVO 1% 20G MEY,4.58,E.F.30.271,matched,score=0.674
cobeca,IMAZOL SOL 20ML MEY,4.81,E.F.30.272,matched,score=0.707
cobeca,IMAZOL SPRAY 1% 25ML MEY,8.57,,no_farmaco,
cobeca,IMAZOL TAB VAG X6 MEY,6.17,,sin_match,score_bajo
cobeca,IMLASTIN PVO SOL INY 250MG/250MG ZUZU,11.21,,sin_match,sin_candidato
cobeca,IMLASTIN PVO SOL INY 500MG/500MG ZUZU,16.3,,sin_match,sin_candidato
cobeca,IMMUNE SUPPORT CAP X60 PREV,19.83,,sin_match,sin_candidato
cobeca,IMOL COMP REC 20MG X30 DLR,7.32,,sin_match,score_bajo
cobeca,IMOL COMP REC 40MG X30 DLR,13.09,,sin_match,score_bajo
cobeca,"IMOL HCT COMP REC 20MG/12,5MG X30 DLR",11.11,,sin_match,score_bajo
cobeca,INFUSION MC FRUTOS D/BOSQUE X20,3.36,,no_farmaco,
cobeca,INFUSION MCCORMICK BUEN PROVECHO X20,3.95,,no_farmaco,
cobeca,INFUSION MCCORMICK CURCUMA X20,3.95,,no_farmaco,
cobeca,INFUSION MCCORMICK DULC SUEÑO X10,2.1,,no_farmaco,
cobeca,INFUSION MCCORMICK DULC SUEÑO X20,3.95,,no_farmaco,
cobeca,INFUSION MCCORMICK RELAX X10,2.1,,no_farmaco,
cobeca,INFUSION MCCORMICK TE VERD X10,1.94,,no_farmaco,
cobeca,INHILAC PVO INH CAP 100/50MCG X60 LETI,48.57,,sin_match,score_bajo
cobeca,INHILAC PVO INH CAP 250/50MCG X60 LETI,54.15,,sin_match,score_bajo
cobeca,INHILAC PVO INH CAP 500/50MCG X60 LETI,60.55,,sin_match,score_bajo
cobeca,INIBIL COMP 20MG X14 DLR,4.54,E.F.41.339,matched,score=0.610
cobeca,INIBIL COMP 40MG X14 DLR,5.65,E.F.41.338,matched,score=0.610
cobeca,INMUBIOTIC CAP 50 BILL X30 ARCO IRIS,20.79,,sin_match,sin_candidato
cobeca,INMUBIOTIC CAP 50B X60 ARC IRIS,28.57,,sin_match,sin_candidato
cobeca,INMUNEPLUS CAP X60 PREV,33.5,,sin_match,sin_candidato
cobeca,INMUNEX PLUS VAIN LATTE 131G MEG,18.05,,no_farmaco,
cobeca,INOSITOL CAP 500MG X100 NOW,22.75,,sin_match,sin_candidato
cobeca,INSECT AER BAYGON VERD 235ML,4.05,,sin_match,sin_candidato
cobeca,INSECT AER BAYGON VERD 360ML,5.37,,sin_match,sin_candidato
cobeca,INSECT AER BAYGON VOLADORES AZUL 360ML,5.46,,sin_match,sin_candidato
cobeca,INSECT AER BAYGON VOLADORES DOB/AC 360ML,6.16,,sin_match,sin_candidato
cobeca,INSECT AER RAID GOLD RASTREROS 235ML,4.93,,sin_match,sin_candidato
cobeca,INSECT AER RAID GOLD RASTREROS 360ML,6.6,,sin_match,sin_candidato
cobeca,INSECT AER RAID HOGAR 360ML,5.99,,sin_match,sin_candidato
cobeca,INSECT AER RAID MAX 235ML,4.84,,sin_match,sin_candidato
cobeca,INSECT AER RAID ZANCUDO/MOSCA 235ML,5.01,,sin_match,sin_candidato
cobeca,INSECT AER RAID ZANCUDO/MOSCA 360ML,6.34,,sin_match,sin_candidato
cobeca,INSECTIC AER BAYGON AZUL 235ML,4.23,,sin_match,sin_candidato
cobeca,INTYPROB PROBIOTICOS/PREBIOTICOS CAP X60,49.35,,sin_match,sin_candidato
cobeca,IODOPOVIDONA SPRAY 10% 30ML RECETT,2.13,,no_farmaco,
cobeca,IPALAT CREM 20G COFA,5.66,,sin_match,score_bajo
cobeca,IPATRIXAIR SOL INH 12ML X200 DOSIS MEG,24.24,E.F.40.027,matched,score=0.713
cobeca,IPORET SUSP 40MG/ML 60ML L.O,5.53,,sin_match,score_bajo
cobeca,IPROXIN TAB 500MG X12 PLX,6.93,E.F.27.981,matched,score=0.888
cobeca,IPROXIN TAB/REC 750MG X10 PLX,6.61,E.F.44.404,matched,score=0.648
cobeca,IRBERSARTAN TAB 150MG X30 CR BEL,4.64,,sin_match,sin_candidato
cobeca,IRBESARTAN COMP REC 150MG X28 DORO,17.9,E.F.G.36.068,matched,score=0.757
cobeca,IRBESARTAN COMP REC 300MG X28 DORO,26.92,E.F.G.35.908,matched,score=0.757
cobeca,IRBESARTAN TAB 150 MG X 28 CLX,10.23,E.F.G.36.807,matched,score=1.000
cobeca,IRBESARTAN TAB 150MG X10 PHARME,6.4,E.F.G.36.068,matched,score=0.906
cobeca,IRBESARTAN TAB 150MG X30 PHARME,12.52,E.F.G.36.068,matched,score=0.906
cobeca,IRBESARTAN TAB 300 MG X 28 CLX,18.91,E.F.G.36.807,matched,score=1.000
cobeca,IRBESARTAN TAB 300MG X10 KMP,6.88,E.F.G.35.908,matched,score=0.878
cobeca,IRBESARTAN TAB 300MG X10 PHARME,8.82,E.F.G.35.908,matched,score=0.878
cobeca,"IRBESARTAN/HCT COMP 300/12,5MG X28 DORO",20.06,E.F.G.36.807,matched,score=0.721
cobeca,"IRBETIAZID TAB 300/12,5MG X28 MEY",34.12,E.F.43.716,matched,score=0.730
cobeca,"IRGEM PLUS TAB 300MG/12,5MG X30 GEMA",20.24,E.F.43.609,matched,score=0.691
cobeca,"IRGEM PLUS TAB 300MG/12,5MGG X10 GEMA",7.23,E.F.43.609,matched,score=0.670
cobeca,IRGEM TAB 300MG X10 GEMA,2.16,E.F.43.609,matched,score=0.709
cobeca,IRGEM TAB 300MG X30 GEMA,6.39,E.F.43.609,matched,score=0.709
cobeca,"ISBELA TAB 2MG/0,035MG X21 VIV",13.34,E.F.42.354,matched,score=0.640
cobeca,ISOFLURANO LIQ/INH 100% X 100ML ZUZU,80.39,,no_farmaco,
cobeca,ISOR TAB 10MG X10 CR 2N,2.08,,sin_match,sin_candidato
cobeca,"ISOSPRAY PLUS 0,15%/0,25% 120ML BIOT",5.19,,no_farmaco,
cobeca,"ISOSPRAY PLUS 0,15%/0,25% 180ML BIOTECH",5.97,,no_farmaco,
cobeca,ISPERIN COM/REC 1MG X 30,8.39,,sin_match,sin_candidato
cobeca,ISPERIN COM/REC 2MG X 30,9.65,,sin_match,sin_candidato
cobeca,ITISONA CREM 30G PHARME,8.79,,sin_match,score_bajo
cobeca,ITRACONAZOL CAP 100MG X 10 FM,2.29,E.F.G.43.740,matched,score=0.878
cobeca,ITRACONAZOL CAP 100MG X10 ALESS,4.2,E.F.G.43.740,matched,score=0.699
cobeca,ITRACONAZOL CAP 100MG X10 BUKA,5.19,E.F.G.43.740,matched,score=0.878
cobeca,"ITRASEC 12 CAP 33,33MG/166,6MG X12 TIAR",13.19,E.F.44.504,matched,score=0.654
cobeca,IVAGAN FORTE TAB 650MG X10 BIOTECH,2.55,,sin_match,score_bajo
cobeca,IVAGAN FORTE TAB REC 650/1/40MGX25BIOTEC,34.58,,sin_match,score_bajo
cobeca,IVANOVA TAB 5MG X30 ZORIAK,12.55,,sin_match,sin_candidato
cobeca,IVARALAN TAB 5MG X30 UNIPH,10.26,,sin_match,sin_candidato
cobeca,IVERMECTINA TAB 6MG X4 CLX,3.92,E.F.G.35.570,matched,score=0.891
cobeca,IVERMECTINA TAB 6MG X4 FC,4.14,E.F.G.35.570,matched,score=0.891
cobeca,IZABAN COM 10MG X 30,45.07,E.F.43.469,matched,score=0.666
cobeca,IZABAN COM 25MG X 30,49.05,E.F.44.047,matched,score=0.659
cobeca,IZABAN DPP COMP REC 25MG/5MG X30 LETI,63.66,,sin_match,score_bajo
cobeca,JAB ANTIBACT EVERY NIGHT AVENA 110G,1.41,,sin_match,sin_candidato
cobeca,JAB ANTIBACT EVERY NIGHT MANZ 110G,1.41,,sin_match,sin_candidato
cobeca,JAB ANTIBACT EVERY NIGHT TROPICAL 110G,1.41,,sin_match,sin_candidato
cobeca,JAB ANTISEP SANIDEX 120ML,2.08,,sin_match,sin_candidato
cobeca,JAB BARRA BABY DOVE HUMECT ENRIQ 75G,2.04,,sin_match,sin_candidato
cobeca,JAB BARRA BABY DOVE HUMECT SENSIB 75G,2.04,,sin_match,sin_candidato
cobeca,JAB BARRA DERMAX NEUTRO 90G,3.38,,sin_match,score_bajo
cobeca,JAB BARRA LUX ORQUIDEA NEGR 110G,1.31,,sin_match,sin_candidato
cobeca,JAB BARRA LUX ROSAS FRANCESAS 110G,1.31,,sin_match,sin_candidato
cobeca,JAB BARRA MIMLOT BABY SOFT BABY 90G,0.8,,sin_match,sin_candidato
cobeca,JAB BARRA MIMLOT BABY SWEET BABY 90G,0.8,,sin_match,sin_candidato
cobeca,JAB BARRA PALMOLIVE CAFE/ALMEN 110G X3,4.83,,sin_match,sin_candidato
cobeca,JAB BARRA PALMOLIVE MANDA/ROMERO 110G X3,4.83,,sin_match,sin_candidato
cobeca,JAB BARRA PALMOLIVE NEUTRO BALAN 100G X3,5.56,,sin_match,score_bajo
cobeca,JAB BARRA PEDI AZUFRADO 100G,2.83,,sin_match,sin_candidato
cobeca,JAB BARRA PEDI BORICADO 100G,2.83,,sin_match,sin_candidato
cobeca,JAB BARRA PEDI OXIDO D/ZINC 100G,2.83,,sin_match,score_bajo
cobeca,JAB BARRA PEDI YODADO 100G,2.83,,sin_match,sin_candidato
cobeca,JAB BARRA PROTEX FRESH 110G X3,5.36,,sin_match,sin_candidato
cobeca,JAB BARRA PROTEX NUTRI MACADAMIA 110G X3,5.42,,sin_match,sin_candidato
cobeca,JAB BARRA PROTEX NUTRI OMEGA 3 110G X3,5.42,,sin_match,sin_candidato
cobeca,JAB BIOS PIEL GRAS 90G,2.91,,sin_match,sin_candidato
cobeca,JAB BIOS PIEL SEC 90G,3,,sin_match,sin_candidato
cobeca,JAB CORP LIQ PALMOLIVE NEUTROBALAN 390ML,6.92,,sin_match,sin_candidato
cobeca,JAB CREM AMALFI CHERRY 500ML,6.15,,sin_match,sin_candidato
cobeca,JAB CREM AMALFI CREM FRUTOS D/BOSQ 500ML,3.53,,sin_match,score_bajo
cobeca,JAB CREM AMALFI SPA 500ML,3.53,,sin_match,sin_candidato
cobeca,JAB D/TOCADOR MIMLOT ALMEN TRIPACK 270G,1.6,,sin_match,sin_candidato
cobeca,JAB D/TOCADOR MIMLOT ALOE VERA 125G,0.72,,sin_match,sin_candidato
cobeca,JAB D/TOCADOR MIMLOT FRESA 90G,0.54,,sin_match,score_bajo
cobeca,JAB D/TOCADOR MIMLOT FRESA TRIPACK 270G,1.6,,sin_match,score_bajo
cobeca,JAB D/TOCADOR MIMLOT LIMON 125G,0.72,,sin_match,score_bajo
cobeca,JAB D/TOCADOR MIMLOT MANZ TRIPACK 375G,2.13,,sin_match,sin_candidato
cobeca,JAB D/TOCADOR MIMLOT PEP 90G,0.54,,sin_match,sin_candidato
cobeca,JAB DERMOLIMP BIOS NEUTRA 90G,2.91,,sin_match,score_bajo
cobeca,JAB DERMOLIMP PALMOLIVE NEUTROBALAN 100G,1.96,,sin_match,sin_candidato
cobeca,JAB DOVE BARRA KARITE 90G X 3,5.61,,sin_match,sin_candidato
cobeca,JAB DOVE BARRA KARITE/VAINILLA 90G,2.5,,sin_match,sin_candidato
cobeca,JAB DOVE BARRA LECHE D/COCO 90G,2.5,,sin_match,score_bajo
cobeca,JAB DOVE BLAN 90G,2.04,,sin_match,sin_candidato
cobeca,JAB DOVE LECHE D/COCO Y JAZMIN 90G X 3,5.61,,sin_match,score_bajo
cobeca,JAB DOVE ORIGINAL 90G X 3,5.61,,sin_match,sin_candidato
cobeca,JAB EVERY NIGHT BIO COCO 110G,1.41,,sin_match,sin_candidato
cobeca,JAB EVERY NIGHT BIO COLAG COCO 110G X3,3.83,,sin_match,sin_candidato
cobeca,JAB EVERY NIGHT BIO MANDARINA 110G,1.41,,sin_match,score_bajo
cobeca,JAB EVERY NIGHT BIOCOLAG AVENA 110G X3,3.85,,sin_match,sin_candidato
cobeca,JAB EVERY NIGHT BIOCOLAG E/TROPI 110G X3,3.85,,sin_match,sin_candidato
cobeca,JAB EVERY NIGHT BIOCOLAG MANZ 110G X3,3.85,,sin_match,sin_candidato
cobeca,JAB FACIAL BARRA DERMAX AZUFRE 45G,2.46,,sin_match,sin_candidato
cobeca,JAB FACIAL BARRA DERMAX NEUTRO 45G,2.46,,sin_match,score_bajo
cobeca,JAB FACIAL GLYCOLICO X 110ML,8.91,,sin_match,sin_candidato
cobeca,JAB GEL BIOLACT P/DAMAS 200ML,3.75,,sin_match,sin_candidato
cobeca,JAB INTIMO FRIENDS 240ML,4.67,,sin_match,sin_candidato
cobeca,JAB INTIMO NIVEA 250ML,6.24,,sin_match,sin_candidato
cobeca,JAB INTIMO NOSOTRAS AGUA D/ROSAS 200ML,5.66,,sin_match,score_bajo
cobeca,JAB LIQ ANTIBACT DIOXOGEN 240ML,3.95,,sin_match,sin_candidato
cobeca,JAB LIQ ANTIBACT PROTEX AVENA 221ML,4.91,,sin_match,sin_candidato
cobeca,JAB LIQ BACTERICIDA IODINEX 120ML,6.22,,sin_match,sin_candidato
cobeca,JAB LIQ CORP PALMOLIVE SANDIA/LYCH 390ML,6.36,,sin_match,sin_candidato
cobeca,JAB LIQ CORP PROTEX AVENA 250ML,4.16,,sin_match,sin_candidato
cobeca,JAB LIQ CORP PROTEX MEN 250ML,4.08,,sin_match,sin_candidato
cobeca,JAB LIQ NIVEA DIAMOND/ARGAN 500ML,8.13,,sin_match,sin_candidato
cobeca,JAB LIQ NIVEA MEN DEEP CLEAN 3EN1 500ML,8.16,,sin_match,sin_candidato
cobeca,JAB LIQ PALMOLIVE NAT CEREZA/COCO 390ML,6.36,,sin_match,score_bajo
cobeca,JAB LIQ PROTEX ALOE 221ML,4.91,,sin_match,sin_candidato
cobeca,JAB LIQ SOMHEX 48H 240ML,6.19,,sin_match,sin_candidato
cobeca,JAB P/MANOS MIMLOT CRANBERRY 500ML,1.73,,sin_match,sin_candidato
cobeca,JAB P/MANOS MIMLOT PLUM 500ML,1.73,,sin_match,sin_candidato
cobeca,JAB P/TOCADOR PROTEX AVENA 110G,1.98,,sin_match,sin_candidato
cobeca,JAB PALMOLIVE ALOE/OLIVA 110G,1.75,,sin_match,sin_candidato
cobeca,JAB PALMOLIVE AVENA AZUCAR MORENA 110G,1.75,,sin_match,score_bajo
cobeca,JAB PALMOLIVE BARRA ALOE/OLIVA 110GX3,4.83,,sin_match,sin_candidato
cobeca,JAB PALMOLIVE BARRA NEUT/BALAN BABY X90G,2.03,,sin_match,sin_candidato
cobeca,JAB PALMOLIVE BARRA POMEGRANATE 110GX3,4.83,,sin_match,sin_candidato
cobeca,JAB PALMOLIVE NEUTRO BALANCE DERMO 221ML,5.4,,sin_match,score_bajo
cobeca,JAB PROTEX AVENA 100G X6,9.56,,sin_match,sin_candidato
cobeca,JAB PROTEX AVENA 110G X3,5.36,,sin_match,sin_candidato
cobeca,JAB PROTEX BARRA ALOE 110G X 3,5.36,,sin_match,sin_candidato
cobeca,JAB PROTEX CARBON 110G X3,5.42,,sin_match,sin_candidato
cobeca,JAB PROTEX F/MEN SPORT 110G X3,5.36,,sin_match,sin_candidato
cobeca,JAB PROTEX FRES 110G,1.98,,sin_match,sin_candidato
cobeca,JAB PROTEX LIMP PROFU 110G X3,5.36,,sin_match,sin_candidato
cobeca,JAB REXONA ANTIBACT AVENA 110G,1.66,,sin_match,sin_candidato
cobeca,JAB REXONA ANTIBACT BAMBOO 100G,1.66,,sin_match,sin_candidato
cobeca,JAB REXONA ANTIBACT BAMBOO 110G X 3,4.6,,sin_match,sin_candidato
cobeca,JAB REXONA ANTIBACT FRESH 110G,1.66,,sin_match,sin_candidato
cobeca,JAB REXONA ANTIBACT LIMPIEZA 110G,1.66,,sin_match,sin_candidato
cobeca,JAB REXONA ANTIBACT LIMPIEZA 110G X 3,4.6,,sin_match,sin_candidato
cobeca,JAB REXONA BARRA ANTIB FRESH 110G X 3,4.6,,sin_match,sin_candidato
cobeca,JAB RINTI AZUFRADO 90G,5.4,,sin_match,sin_candidato
cobeca,JAB RINTI MEDICADO 90G,6.38,,sin_match,sin_candidato
cobeca,JAB/INTIMO AGRADO 500 ML,5.61,,sin_match,sin_candidato
cobeca,JABON CHLORHEXIDEX 2% X 250ML,20.16,,sin_match,sin_candidato
cobeca,JABON LIQ P/MANOS GEODERM 500ML,22.34,,sin_match,sin_candidato
cobeca,JACKS CHICHARRON PICANTE 180G,5.84,,no_farmaco,
cobeca,JALZER MET TAB 50MG/850MG X 30,16.72,,sin_match,score_bajo
cobeca,JARIT CAP BLD 100MG X30 VIV,37.14,,sin_match,score_bajo
cobeca,JENGIBRE JBE 120ML RECETT,4.23,,sin_match,sin_candidato
cobeca,JENGIBRE MIEL JBE 120ML ARC IRIS,10,,sin_match,score_bajo
cobeca,JENGIBRE MIEL JBE 120ML FC,7.71,,sin_match,score_bajo
cobeca,JENGIBRE/BERRO JBE S/AZUCAR X 120ML,4.19,,sin_match,score_bajo
cobeca,JENGIBRE/ZINC/VIT C JBE 180 BIOF,7.55,,sin_match,score_bajo
cobeca,JER BRIUTCARE EXTRAC D/SANGRE 21 X25,30.84,,no_farmaco,
cobeca,JER DESC BRIUTCARE C/AG 10ML X100,31.17,,no_farmaco,
cobeca,JER DESC BRIUTCARE C/AG 1ML X100,19.48,,no_farmaco,
cobeca,JER DESC BRIUTCARE C/AG 3ML X100,23.38,,no_farmaco,
cobeca,JER DESC BRIUTCARE C/AG 5ML X100,23.38,,no_farmaco,
cobeca,JER GROSSMED 0.5 C/AGUJ INT 30G 1/2X100,14.18,,no_farmaco,
cobeca,JER GROSSMED 1 C/AGUJ INT 30G 1/2X100,10.38,,no_farmaco,
cobeca,JER GROSSMED 1 C/AGUJA 27G 1/2 X 100,6.96,,no_farmaco,
cobeca,JER GROSSMED 3 C/AGUJA 21G 1 1/2 X 100,6.18,,no_farmaco,
cobeca,JER GROSSMED 5 C/AGUJA 21G 1 1/2 X 100,7.16,,no_farmaco,
cobeca,JER GROSSMED 60 S/AGUJA TOOMEY X 50,19.95,,no_farmaco,
cobeca,JER PLUSMEDIC 10ML 21 1/2 X100,17.64,,no_farmaco,
cobeca,JER PLUSMEDIC 1ML 30GX5/16   X100,15.36,,no_farmaco,
cobeca,JER PLUSMEDIC 20ML 21 X1 1/2 X50,16.87,,no_farmaco,
cobeca,JER PLUSMEDIC 3ML 21 1/2 X100,13.35,,no_farmaco,
cobeca,JER PLUSMEDIC 5ML 21 1/2 X100,14.4,,no_farmaco,
cobeca,JER PLUSMEDIC PED 3ML 22G 1 X100,14.85,,sin_match,sin_candidato
cobeca,JUEGO GEOMETRICO FLEXIBLE 30CM X 4,3.5,,no_farmaco,
cobeca,JUEGO GEOMETRICO FLEXIBLE X 3PZA,2.27,,no_farmaco,
cobeca,JUEGO GEOMETRICO TRANSPARENTE 30CM X4,1.92,,no_farmaco,
cobeca,JUGO VIVO BERRIES S/AZU SOB 7G X10,0.4,,sin_match,score_bajo
cobeca,KADOLEX TAB 25MG X10 ANG/H,6.55,,sin_match,sin_candidato
cobeca,KAPET TAB REC 75MG X14 MEY,4.66,,sin_match,score_bajo
cobeca,KATIVIL SOL ORAL 1/10ML S/AZU 240ML COFA,9.79,,sin_match,score_bajo
cobeca,KATIVIL SOL ORAL 1G/10ML S/AZU 90ML COFA,4.3,,sin_match,score_bajo
cobeca,KATIVIL SOL ORAL 1G/10ML S/AZU120ML COFA,5.99,,sin_match,score_bajo
cobeca,KATRIN AMP 30MG/ML X 1,7.75,E.F.38.074,matched,score=0.797
cobeca,KAYIVIS SOL X 10 ML,9.96,E.F.42.567,matched,score=0.719
cobeca,KAZEPINA PVO PED100MG/5ML NAR 60ML ANG/H,3.39,,sin_match,sin_candidato
cobeca,KEGEL TRAINER PLUSONE,136.3,,no_farmaco,
cobeca,KELAC SOL INY 30MG/ML X1,4.81,E.F.30.748,matched,score=0.723
cobeca,KELAC SOL INY 30MG/ML X3 MEG,9.61,E.F.30.748,matched,score=0.732
cobeca,KELAC TAB SL 30MG X4 MEG,4.55,E.F.42.343,matched,score=0.617
cobeca,KELFEN CAP 50MG X10 MEG,4.16,E.F.31.304,matched,score=0.736
cobeca,KELFEN COMP 100MG X20 MEG,6.49,E.F.28.589,matched,score=0.756
cobeca,KEPPRA SOL/ORAL 100MG/MG X 300ML,101.18,,sin_match,score_bajo
cobeca,KEPPRA TAB 1000MG X 30,57.87,E.F.37.980,matched,score=0.687
cobeca,KEPPRA TAB 500MG X 30,33.12,E.F.37.979,matched,score=0.673
cobeca,KEPRORET JBE 1MG/ML 120ML L.O,8.22,,sin_match,score_bajo
cobeca,KERATIUM CAP 300MG X60 NAT PREM,7.29,,sin_match,sin_candidato
cobeca,KESITOS MUNCHY 85G,1.01,,no_farmaco,
cobeca,KESITOS XXL X 180G,2.1,,no_farmaco,
cobeca,KETAZOL CHAMPU 60ML VARG,14.79,E.F.25.621,matched,score=0.639
cobeca,KETAZOL CREM 15G VARG,4.66,E.F.25.126,matched,score=0.607
cobeca,KETAZOL OVU VAG 400MG X3 VARG,13.1,E.F.25.867,matched,score=0.667
cobeca,KETOBLUX AMP 100MG/2ML X10 BLUE/M,25.97,,sin_match,sin_candidato
cobeca,KETOCONAZOL CHAMPU 2% 100ML TIAR,10.91,E.F.G.43.274,matched,score=0.704
cobeca,KETOCONAZOL CREM 2% 15G KIMIC,3.7,,sin_match,score_bajo
cobeca,KETOCONAZOL CREM 2% 20G PORTU,2.31,,sin_match,score_bajo
cobeca,KETOCONAZOL CREM TOP 2% 30G TIAR,3.74,,sin_match,score_bajo
cobeca,KETODEX TAB ENT 100MG X10 PLX,4.3,E.F.42.916,matched,score=0.659
cobeca,"KETOGEL GEL TOP 2,5% 30G TIAR",4.68,,sin_match,sin_candidato
cobeca,KETOGESIC 10 CAP BLD 100MG X10 PLN,5.79,,sin_match,score_bajo
cobeca,KETOMED CHAMPU 100ML MEG,26.62,,sin_match,score_bajo
cobeca,KETOPROFENO AMP 100MG X1 COFA,2.6,E.F.G.35.019,matched,score=0.957
cobeca,KETOPROFENO AMP 100MG/2ML X2 LETI,15.23,E.F.G.35.019,matched,score=0.913
cobeca,KETOPROFENO AMP IV/IM 100MG X10 TIAR,21.26,,sin_match,score_bajo
cobeca,KETOPROFENO CAP 100MG X10 ADN,2.42,E.F.G.29.236,matched,score=0.878
cobeca,KETOPROFENO CAP 100MG X10 CLX,3.26,E.F.G.41.682,matched,score=0.922
cobeca,KETOPROFENO CAP 100MG X10 LETI,2.62,E.F.G.35.351,matched,score=0.922
cobeca,KETOPROFENO CAP 100MG X10 MEDV,2.25,E.F.G.29.236,matched,score=0.878
cobeca,KETOPROFENO CAP 100MG X20 CLX,4.83,E.F.G.41.682,matched,score=0.922
cobeca,KETOPROFENO CAP 100MG X20 LETI,7.92,E.F.G.35.351,matched,score=0.922
cobeca,KETOPROFENO CAP 100MG X20 PHARME,5.81,E.F.G.29.236,matched,score=0.878
cobeca,KETOPROFENO COMP REC 100MG X10 PLX,3.94,E.F.G.35.019,matched,score=0.800
cobeca,"KETOPROFENO GEL 2,5% 50G DIST",8.88,E.F.G.43.918,matched,score=0.752
cobeca,KETOPROFENO TAB REC 100MG X20 PLX,6.15,E.F.G.35.019,matched,score=0.800
cobeca,KETOREL COM/ORODISP 30MG X 4,7.28,E.F.42.483,matched,score=0.695
cobeca,KETOROLAC SOL IM/IV 30MG/ML X10 ADN,12.57,,sin_match,score_bajo
cobeca,KETOROLAC/TROM TAB SUBL 30MGX4 PHARME,4.51,,sin_match,score_bajo
cobeca,KETOROLACO AMP 30MG/1ML X 10 CR GM,14.55,E.F.G.42.668,matched,score=0.848
cobeca,KETOROLACO AMP 30MG/ML X3 TAO,4.49,E.F.G.42.686,matched,score=0.844
cobeca,KETOROLACO SOL INY 30MG/ML X3 CR CCM,13.42,E.F.G.42.686,matched,score=0.844
cobeca,KETOROLACO TROMETAMINA TAB 20MG X10 FMED,1.33,E.F.G.36.886,matched,score=0.863
cobeca,KETOVEN CREM 2% 30G SGG,8.26,,sin_match,sin_candidato
cobeca,KEYDOL COMP REC 400MG/4MG X10 MEG,3.92,,sin_match,score_bajo
cobeca,KEYDOL COMP REC 400MG/4MG X20 MEG,6.21,,sin_match,score_bajo
cobeca,KEYDOL COMP REC 600MG/4MG X10 MEG,5.06,,sin_match,score_bajo
cobeca,KEYDOL COMP REC 600MG/4MG X20 MEG,8.78,,sin_match,score_bajo
cobeca,KIDCAL SUSP 300MG TUTTI FRUTTI 180ML FAR,9.84,,sin_match,score_bajo
cobeca,KINEX TAB 2MG X 30,19.98,,sin_match,sin_candidato
cobeca,KIT AVISPA PROTEC LIENDRES/PIOJOS,14.7,,no_farmaco,
cobeca,KIT BOLSA D/COMBINACION PLUSMEDIC 2000ML,13.16,,no_farmaco,
cobeca,KIT CATETER HEMODIAL PLUSMEDIC FR12 20CM,57.94,,no_farmaco,
cobeca,KIT CATETER IV PLUSMEDIC FR7F 20CM,61.45,,no_farmaco,
cobeca,KIT CLINICO MASC MANAPLAS,14.99,,no_farmaco,
cobeca,KIT D/CUIDADO GENIAL BEBE,10,,no_farmaco,
cobeca,KIT P/NEBULIZAR PLUSMEDIC AD,2.41,,no_farmaco,
cobeca,KIT P/NEBULIZAR PLUSMEDIC PED,2.41,,sin_match,score_bajo
cobeca,KIT RINTI CONSENTIDOR,17.25,,no_farmaco,
cobeca,KIT RINTI PREVENTIVO,17.25,,no_farmaco,
cobeca,"KIT TINTE DRENE COLOR CAS CLA CAO 5,5 X2",8.89,,sin_match,score_bajo
cobeca,KIT TINTE DRENE COLOR RUB/OSC CHOCO 6.53,5.69,,sin_match,sin_candidato
cobeca,KIT TINTE DRENE COLOR RUB/OSCURO 6.0,5.69,,sin_match,sin_candidato
cobeca,KLAS CAP 100MG X20 ELM,3.26,E.F.25.409,matched,score=0.643
cobeca,KLAS JBE 120ML ELM,4.13,,sin_match,score_bajo
cobeca,KLAS JBE 60ML ELM,2.78,,sin_match,score_bajo
cobeca,KLINCOSAL SUSP SAB/UVA X 180ML,9.09,,sin_match,score_bajo
cobeca,KLINCOSAL TAB MAST 202MG/100MG UVAX30MEG,9.74,,sin_match,score_bajo
cobeca,KLINCOSAL TAB/MAST 262MG/100MG FRESA X30,9.74,,sin_match,score_bajo
cobeca,KOENZYM Q10 CAP 100MG X30 DOLLY,15.21,,sin_match,sin_candidato
cobeca,KOMENCY TAB/REC 10MG X 30,10.65,,sin_match,score_bajo
cobeca,KOMENCY TAB/REC 20MG X 30,14.36,,sin_match,score_bajo
cobeca,"KUARA SOL OFT 0,2% 3ML MEG",9.61,,sin_match,score_bajo
cobeca,KURD & CARE PVO SUSP ORAL 250ML,2.83,,sin_match,sin_candidato
cobeca,L-ARGININA/L-CITRULINA CAP X30 VAL,13.69,,sin_match,score_bajo
cobeca,L-CARNITINA CAP 500MG X30 VAL,16.6,,sin_match,score_bajo
cobeca,L-CARNITINA CAP BLD 500MG X30,10.44,,sin_match,score_bajo
cobeca,L-CARNITINA CAP BLD 500MG X60,13.87,,sin_match,score_bajo
cobeca,L-CARNITINA SOL ORAL 1G/10ML 120ML FC,7.21,E.F.G.35.022,matched,score=0.757
cobeca,L-CARNITINA TAB X 60 ARC IRIS,16.23,,sin_match,score_bajo
cobeca,L-GLUTAMINA CAP 500MG X30 VAL,11.06,,sin_match,score_bajo
cobeca,L-GLUTAMINA CAP X60 NAT PREM,7.3,,sin_match,score_bajo
cobeca,L-GLUTAMINA/VIT B12 X 60 HERBAPLANT,13.18,,no_farmaco,
cobeca,L-TAURINA CAP 500MG X100 NOW,16.75,,sin_match,sin_candidato
cobeca,L-TREONATO D/MAGENSIO CAP 670MG X30 VAL,34.57,,sin_match,sin_candidato
cobeca,LABIAL LABELLO PROT MED REPAIR FPS 15,3.28,,no_farmaco,
cobeca,"LABIAL LABELLO PROTEC FRESA 4,8G",3.5,,no_farmaco,
cobeca,LABIAL PROTECTOR NEVADA COCO,2.49,,no_farmaco,
cobeca,LABIAL PROTECTOR NEVADA MANZ,2.49,,no_farmaco,
cobeca,LABIAL PROTECTOR NEVADA NAT,2.49,,no_farmaco,
cobeca,LABIAL PROTECTOR NIVEA BLACK BERRY SHINE,3.5,,no_farmaco,
cobeca,LABIAL PROTECTOR NIVEA ORIG CARE,3.5,,no_farmaco,
cobeca,LACA FIJ AMALFI FUERTE 200ML,6.87,,no_farmaco,
cobeca,LACRIDOS SOL OFT 15ML L.O,9.6,,sin_match,score_bajo
cobeca,LACRIFORT SOL OFT 15ML L.O,11.01,,sin_match,score_bajo
cobeca,LACTBET CAP 3000U X10 BIOT,6.25,E.F.36.925,matched,score=0.719
cobeca,"LACTIBON BARRA SYNDET PH3,5 120G",14.29,,sin_match,sin_candidato
cobeca,LACTOVAC LACTOBACIL ADIPHILUS 12ML PROBI,5.71,,no_farmaco,
cobeca,LACTOVIGOR SAN SIMON PVO 400G,3.76,,sin_match,score_bajo
cobeca,LACTOVIGOR SAN SIMON PVO 900G,7.34,,sin_match,score_bajo
cobeca,LAFARCAINA PAST MIEL/LIMON X 16,3.62,,no_farmaco,
cobeca,LAFARCAINA TAB NAR X16 ELM,3.62,,sin_match,score_bajo
cobeca,LAFARCAINA TAB TUTTI FRUTTI X 16,3.62,E.F.G.42.656,matched,score=0.621
cobeca,LAGEMIN TAB DISPER 100MG X10 GEMA,1.78,E.F.43.637,matched,score=0.647
cobeca,LAGEMIN TAB DISPER 25MG X10 GEMA,1.21,E.F.43.612,matched,score=0.634
cobeca,LAGEMIN TAB DISPER 25MG X30 GEMA,3.01,E.F.43.612,matched,score=0.634
cobeca,LAGEMIN TAB DISPER 50MG X10 GEMA,1.25,E.F.43.611,matched,score=0.634
cobeca,LAGEMIN TAB DISPER 50MG X30 GEMA,2.92,E.F.43.611,matched,score=0.634
cobeca,LAGRICOF SOL OFT 15ML COFA,9.96,,sin_match,sin_candidato
cobeca,LAGRIMAS ARTIFICIALES SOL OFT 15ML L.O,8.48,,sin_match,sin_candidato
cobeca,LAMEDOR C/ZABILA JBE ADU S/AZUCAR X120ML,5.05,,sin_match,score_bajo
cobeca,LAMEDOR C/ZABILA JBE PED 120ML RECETT,4.05,,sin_match,sin_candidato
cobeca,LAMEDOR C/ZABILA JBE PED S/AZUCAR X120ML,3.55,,sin_match,score_bajo
cobeca,LAMEDOR JBE 120ML CHEM/S,5.82,,sin_match,sin_candidato
cobeca,LAMEDOR JBE ADU S/AZUCAR X 120ML,3.55,,sin_match,score_bajo
cobeca,LAMEDOR JBE COMPU 120ML CHEM/S,5.82,,sin_match,sin_candidato
cobeca,LAMEDOR JBE PED S/AZUCAR X 120ML,3.01,,sin_match,score_bajo
cobeca,LAMICTAL COMP 25MG X30 FAR,12.99,E.F.44.410,matched,score=0.665
cobeca,LAMICTAL TAB MAST 100 MG X30 FARMA,30.86,,sin_match,score_bajo
cobeca,LAMICTAL TAB/MAST 50MG X 30,20.06,,sin_match,score_bajo
cobeca,"LAMOFLOX SOL OFT 0,5% 5ML DIEMA",13.12,,sin_match,score_bajo
cobeca,LAMOTRIGINA TAB 100MG X10 GEAG,4.04,E.F.G.42.689,matched,score=0.878
cobeca,LAMOTRIGINA TAB 100MG X30 CR LATT,7.79,E.F.G.42.689,matched,score=0.878
cobeca,LAMOTRIGINA TAB AD 100MG X28 CR CCM,7.88,E.F.G.44.647,matched,score=0.662
cobeca,LAMPRAL SOL/INY 4MG/2ML X2 AMP BIOTECH,4.05,E.F.44.183,matched,score=0.629
cobeca,LANCERAN SOL ORAL 5MG/5ML 120ML BIOQ,4.91,,sin_match,sin_candidato
cobeca,LANCETAS BLESS EXTRAIBLES 30G X 100,4.67,,no_farmaco,
cobeca,LANCETERO LANCING DEVICE GE X1,6.21,,no_farmaco,
cobeca,LANOLZINC PMDA TUBO 60G VLM,8.16,,no_farmaco,
cobeca,LANSOPRAZOL CAP 30MG X28 CLX,7.64,E.F.G.28.874,matched,score=0.902
cobeca,LANTUS SOLOSTAR 3ML/100UI X1CART CLX,46.97,,no_farmaco,
cobeca,LANTUS VIAL 100UI 10ML X1 CLX,53.06,,no_farmaco,
cobeca,LANZADOR MED 20 DARDOS,95.6,,no_farmaco,
cobeca,LANZADOR MED 6 DARDOS,36.87,,no_farmaco,
cobeca,LAPICES BICOLOR SOLITA X12,3.43,,no_farmaco,
cobeca,LAPICES COLORES SOLITA PLAST X12,2.85,,no_farmaco,
cobeca,"LAPICES D/COLORES BAMBARY HEAXGON 7""X12",3.85,,no_farmaco,
cobeca,"LAPICES D/COLORES BAMBARY HEXAGON 7""X24",8.58,,no_farmaco,
cobeca,LAPICES D/COLORES BAMBARY MIN/TRIANG X12,1.58,,no_farmaco,
cobeca,LAPICES D/COLORES SOLITA PREMIUM X12,5.65,,no_farmaco,
cobeca,LAPICES D/COLORES SOLITA PREMIUM X24,11.33,,no_farmaco,
cobeca,LAPICES D/COLORES SOLITA PREMIUM X36,16.99,,no_farmaco,
cobeca,LAPICES D/COLORES X36,8.14,,no_farmaco,
cobeca,LAPIZ D/COL BORRABLES X12,3.64,,no_farmaco,
cobeca,LAPIZ JUMBO D/COL TRIANG C/SAC,10.5,,no_farmaco,
cobeca,LAPIZ JUMBO D/COL TRIANGULARES X12,9.62,,no_farmaco,
cobeca,LAPIZ SOLITA GRAFITO HEXAGONAL X12,2.58,,no_farmaco,
cobeca,LASIX COMP 40MG X12 CLX,5.4,,sin_match,score_bajo
cobeca,"LATACOF DUO SOL OFT 2,5ML COFA",13.32,,sin_match,score_bajo
cobeca,"LATACOF SOL OFT 2,5ML COFA",15.84,,sin_match,sin_candidato
cobeca,LAVAP CREM AXION BICARBONATO 7EN1 450G,3.86,,sin_match,score_bajo
cobeca,LAVAP CREM AXION M/USO 450G,3.56,,sin_match,sin_candidato
cobeca,LAVAP LIQ AXION BICARBONATO 7EN1 750ML,7.46,,no_farmaco,
cobeca,LAVAP LIQ AXION LIMON 400ML,4.43,,no_farmaco,
cobeca,LAVAP LIQ AXION LIMON 750ML,7.46,,no_farmaco,
cobeca,LAVAP LIQ VENSOL MARACUYA 500ML,2.89,,no_farmaco,
cobeca,LAVAPLATOS AXION CREM LIMON X850G,6.12,,sin_match,score_bajo
cobeca,LAVAPLATOS BRISOL LIQ X 825ML,7.13,,no_farmaco,
cobeca,LAXALIX TAB LR 5MG X100 PORTU,11.48,,sin_match,sin_candidato
cobeca,LAXOPRO COMP REC 5MG X10 DISK,2.03,,sin_match,score_bajo
cobeca,LECHE CONDENSADA TIGO LATA 395G,2.69,,no_farmaco,
cobeca,LECHE CONDESADA NESTLE AZUCARADA 395G,3.85,,no_farmaco,
cobeca,LECHE DESCREM PVO SVELTY 400G,9.69,,sin_match,score_bajo
cobeca,LECHE DESLACTO NIDO FORTICRECE 800G,25.53,,no_farmaco,
cobeca,LECHE EVAPORADA CARNATION 395G,3.3,,no_farmaco,
cobeca,LECHE EVAPORADA TIGO LATA 354ML,2.63,,no_farmaco,
cobeca,LECHE LA CAMPESINA COMP HIERRO/VIT 400G,8.24,,sin_match,score_bajo
cobeca,LECHE LA CAMPESINA COMPLE HIERRO/VIT800G,14.27,,no_farmaco,
cobeca,LECHE LA CAMPESINA PVO NUTRIRINDE X 400G,5.32,,sin_match,score_bajo
cobeca,LECHE LIMP FACIAL DERNIER 120ML,5.01,,no_farmaco,
cobeca,LECHE LIMP FACIAL VERABELL 200ML,6.43,,no_farmaco,
cobeca,LECHE LIMP LIVING C/AC LACTICO 120ML,4.54,,no_farmaco,
cobeca,LECHE MAGNESIA SALUDX SUSP ORAL X 100ML,3.74,,sin_match,score_bajo
cobeca,"LECHE MAGNESIA SUSP ORAL 8,5G 120ML BIOF",6.01,P.F.352,matched,score=0.681
cobeca,LECHE MAGNESIA SUSP ORAL MENTA120ML BIOF,6.01,P.F.352,matched,score=0.621
cobeca,LECHE NIDO 1+ DESLACT LATA 800G,24.44,,no_farmaco,
cobeca,LECHE PVO SAN SIMON COMPLE 125G,2.65,,sin_match,score_bajo
cobeca,LECHE PVO SAN SIMON COMPLE 400G,7.69,,sin_match,score_bajo
cobeca,LECHE PVO SAN SIMON COMPLE 900G,15.5,,sin_match,score_bajo
cobeca,LECHE PVO SAN SIMON SEMIDES DESLACT 400G,8.88,,sin_match,score_bajo
cobeca,LECHE PVO SAN SIMON SEMIDESCREM 900G,18.19,,sin_match,score_bajo
cobeca,LECHE SAN SIMON DESCREM 400G,8.19,,no_farmaco,
cobeca,LECHE SAN SIMON SEMIDESCREM 400G,8,,no_farmaco,
cobeca,LECHE SVELTY C/COLAG DESCREM S/LACT 500G,18.79,,no_farmaco,
cobeca,LECHE SVELTY SEMIDESCREM 400G,9.3,,no_farmaco,
cobeca,LECHE UHT SAN SIMON DESCREM 1L,3.11,,no_farmaco,
cobeca,LECHE UHT SAN SIMON DESLACTO 1L,3.13,,no_farmaco,
cobeca,LECHE UHT SAN SIMON ENTERA 1L,3.12,,no_farmaco,
cobeca,LECITHIN CAP 1200MG X100 NOW,22,,sin_match,sin_candidato
cobeca,LEFLUNOMIDA TAB 20MG X30 CR MT,18.64,E.F.30.537,matched,score=0.730
cobeca,LEJIA TAPA AMARILLA JABONOSA X 1L,2.05,,no_farmaco,
cobeca,LENTE DELTAPLUS SEGURIDAD CLA,5.99,,no_farmaco,
cobeca,LENTES D/CONTACTO RADIANCE AVELL X2,6.6,,no_farmaco,
cobeca,LENTES D/CONTACTO RADIANCE GRIS X2,6.6,,no_farmaco,
cobeca,LENTES D/CONTACTO RADIANCE MIEL X2,6.6,,no_farmaco,
cobeca,LENTES D/CONTACTO RADIANCE VERD X2,6.6,,no_farmaco,
cobeca,"LENTES D/LECTURA OPTIKO 102023 AZUL +1,5",6.63,,no_farmaco,
cobeca,"LENTES D/LECTURA OPTIKO 102023 AZUL +2,0",6.63,,no_farmaco,
cobeca,"LENTES D/LECTURA OPTIKO 102023 AZUL +2,5",6.63,,no_farmaco,
cobeca,"LENTES D/LECTURA OPTIKO 102023 AZUL +3,0",6.63,,no_farmaco,
cobeca,"LENTES D/LECTURA OPTIKO 102041 GRIS +1,5",6.63,,no_farmaco,
cobeca,"LENTES D/LECTURA OPTIKO 102041 GRIS +2,0",6.63,,no_farmaco,
cobeca,"LENTES D/LECTURA OPTIKO 102041 GRIS +2,5",6.63,,no_farmaco,
cobeca,"LENTES D/LECTURA OPTIKO 102041 GRIS +3,0",6.63,,no_farmaco,
cobeca,"LENTES D/LECTURA OPTIKO 102041 NEGR +1,5",6.63,,no_farmaco,
cobeca,"LENTES D/LECTURA OPTIKO 102041 NEGR +2,0",6.63,,no_farmaco,
cobeca,"LENTES D/LECTURA OPTIKO 102041 NEGR +3,0",6.63,,no_farmaco,
cobeca,"LENTES D/LECTURA OPTIKO 127073 BURG +1,5",6.63,,no_farmaco,
cobeca,"LENTES D/LECTURA OPTIKO 127073 BURG +2,0",6.63,,no_farmaco,
cobeca,"LENTES D/LECTURA OPTIKO 127073 BURG +2,5",6.63,,no_farmaco,
cobeca,"LENTES D/LECTURA OPTIKO 127073 BURG +3,0",6.63,,no_farmaco,
cobeca,LENTOCILIN AMP 6.3.3 X1 DORO,9.74,E.F.38.587,matched,score=0.929
cobeca,LEOVAL TAB 500MG X30 FC PHARMA,17.73,,sin_match,sin_candidato
cobeca,LEPRIT TAB 25MG X30 PHARME,8.67,E.F.37.188,matched,score=0.797
cobeca,LEPTAZINE COMP 10MG X24 MEG,8.18,E.F.17.826,matched,score=0.720
cobeca,LEPTAZINE COMP 5MG X30 MEG,6.1,E.F.16.386,matched,score=0.752
cobeca,LERCANIDIPINA CLORH COMP REC 10MGX30 GNV,27.31,,sin_match,score_bajo
cobeca,LERCANIDIPINA COMP REC 10MG X30 VARG,13.61,E.F.G.43.619,matched,score=0.704
cobeca,LERCANIDIPINA COMP REC 20MG X30 VARG,19.04,E.F.G.43.620,matched,score=0.704
cobeca,LERCANIDIPINA HCL COMP REC 20MG X10 LETI,7.1,,sin_match,score_bajo
cobeca,LERCANIDIPINA HCL COMP REC 20MG X30 LETI,30.39,,sin_match,score_bajo
cobeca,LERCANIDIPINO TAB REC 10MG X30 CLX,12.43,E.F.G.43.991,matched,score=0.737
cobeca,LERCANIDIPINO TAB REC 20MG X30 CLX,17.32,E.F.G.44.311,matched,score=0.722
cobeca,LESTECOL TAB REC 20MG X30 BIOTECH,8.77,,sin_match,score_bajo
cobeca,LESTECOL TAB REC 40MG X30 BIOTECH,12.99,,sin_match,score_bajo
cobeca,LETISAN CAP 500MG X10 LETI,4.68,E.F.33.641,matched,score=0.706
cobeca,LETISAN CAP 500MG X30 LETI,11.41,E.F.33.641,matched,score=0.706
cobeca,LETISAN COM/REC 1000MG X 30,12.42,,sin_match,score_bajo
cobeca,LETISAN GTS PED 20ML LETI,13.16,,sin_match,score_bajo
cobeca,LETISAN SOL ORAL 100MG/ML 120ML LEIT,10.84,,sin_match,score_bajo
cobeca,LETISAN TAB MAST 500MG FRUTAS X10 LETI,4.74,,sin_match,score_bajo
cobeca,LETISAN TAB/MAST 500MG UVA X 10,10.59,,sin_match,score_bajo
cobeca,"LETROZOL TAB REC 2,5MG X30 CR MT",10.26,E.F.37.661,matched,score=0.805
cobeca,LEVADURA D/CERVEZA CAP 500MGX60 ARC IRIS,13.64,,sin_match,sin_candidato
cobeca,LEVAMOX TAB 750MG X10 FC,13.09,E.F.42.905,matched,score=0.825
cobeca,LEVETIRACETAM JBE 100MG/ML 300ML DORO,30.19,,sin_match,score_bajo
cobeca,LEVETIRACETAM TAB 1000MG X10 MED/SUP,10.22,E.F.G.41.919,matched,score=0.932
cobeca,LEVETIRACETAM TAB REC 500MG X30 CLEO,10.95,E.F.G.43.729,matched,score=0.757
cobeca,LEVOFERIN JBE 30MG/5ML 90ML VIN,9.75,,sin_match,score_bajo
cobeca,LEVOFLOXACINA COMP REC 500MG X10 GVN,15.68,E.F.G.35.920,matched,score=0.757
cobeca,LEVOFLOXACINA INF INY 500MG/100ML BLUE/M,1.51,E.F.G.37.449,matched,score=0.727
cobeca,LEVOFLOXACINA INF INY 500MG/100ML CRDIST,2.75,E.F.G.37.449,matched,score=0.662
cobeca,LEVOFLOXACINA TAB 500MG X10 ANG/H,8.12,E.F.G.43.817,matched,score=0.907
cobeca,LEVOFLOXACINA TAB 500MG X10 BLUE/M,8.13,E.F.G.32.188,matched,score=0.878
cobeca,LEVOFLOXACINA TAB 500MG X10 CR DIST,4.65,E.F.G.32.188,matched,score=0.878
cobeca,LEVOFLOXACINA TAB 750MG X5 CLX,9.14,E.F.G.43.531,matched,score=0.878
cobeca,LEVOFLOXACINA TAB 750MG X7 CR LATT,3.9,E.F.G.43.531,matched,score=0.878
cobeca,LEVOFLOXACINA TAB REC 500MG X10 BIU,3.09,E.F.G.35.920,matched,score=0.757
cobeca,LEVOFLOXACINA TAB REC 500MG X7 PHARME,8.42,E.F.G.35.920,matched,score=0.757
cobeca,LEVOFLOXACINA TAB REC 750MG X10 CR DIST,9.71,E.F.G.43.531,matched,score=0.757
cobeca,LEVOFLOXACINO COMP 500MG X7 RNV,3.96,E.F.G.38.925,matched,score=0.855
cobeca,LEVOFLOXACINO COMP 750MG X5 RNV,5.29,E.F.G.38.926,matched,score=0.855
cobeca,LEVOFLOXACINO TAB 500MG X10 CLX,9.94,E.F.G.38.925,matched,score=0.855
cobeca,LEVOFLOXACINO TAB REC 500MG X5 ADN,3,E.F.G.38.925,matched,score=0.733
cobeca,LEVOFLOXACINO TAB REC 500MG X5 CLX,5.45,E.F.G.38.925,matched,score=0.733
cobeca,LEVOFLOXACINO TAB REC 750MG X5 ADN,4.87,E.F.G.38.926,matched,score=0.733
cobeca,"LEVONORGESTREL TAB 1,5MG X1 GEAG",3.11,E.F.G.43.297,matched,score=0.891
cobeca,"LEVONORGESTREL TAB 1,5MG X1 HM",3.88,E.F.G.43.297,matched,score=0.891
cobeca,"LEVONORGESTREL TAB 1,5MG X1 TIAR",3.77,E.F.G.43.297,matched,score=0.891
cobeca,"LEVONORGESTREL TAB REC 1,5MG X1 BRIUT",3.12,,sin_match,score_bajo
cobeca,LEVOPRIDE COMP 25MG X 30,7.03,E.F.43.586,matched,score=0.775
cobeca,LEVORAT SOL ORAL 5MG/ML 30ML L.O,8.83,E.F.42.231,matched,score=0.635
cobeca,LEVORAT TAB REC 5MG X10 L.O,7.32,,sin_match,score_bajo
cobeca,LEVOSULPIRIDA TAB 25MG X30 CLX,6.08,E.F.G.43.890,matched,score=0.902
cobeca,LEVOSULPIRIDE TAB 25MG X30 PHARME,6.78,E.F.G.37.085,matched,score=0.797
cobeca,LEVOTEC SOL IV 5MG/ML 500MG 100ML BHR,5.82,,sin_match,score_bajo
cobeca,LEVOTEC SOL IV 750MG 150ML BHR,11.58,,sin_match,score_bajo
cobeca,LEVOTIROXINA SOD TAB 100MCG X10 CR DIST,2.75,E.F.G.42.576,matched,score=0.826
cobeca,LEVOTIROXINA SOD TAB 100MCG X50 ALESS,7.1,E.F.G.42.576,matched,score=0.696
cobeca,LEVOTIROXINA SOD TAB 100MCG X50 CR DIST,4.96,E.F.G.42.576,matched,score=0.826
cobeca,LEVOTIROXINA SOD TAB 50MCG X50 ALESS,5.78,E.F.G.43.141,matched,score=0.707
cobeca,LEXYN SOL ORAL 5/30MG/5ML CER 100ML LETI,11.13,,sin_match,score_bajo
cobeca,"LIBERDUX JBE 2,5MG/5ML 60ML MEY",5.87,,sin_match,score_bajo
cobeca,"LIBERDUX SOL ORAL 2,5MG/5ML 60ML MEY",5.78,,sin_match,score_bajo
cobeca,LIBERDUX TAB 5MG X 10 MEYER,3.06,,sin_match,score_bajo
cobeca,LIBRETA CARIBE EMPAST MIX U/LINEA 100H,1.83,,no_farmaco,
cobeca,LIBRETA CARIBE JEANS DOB/ARGOLLA 6MX168H,7.28,,no_farmaco,
cobeca,LIBRETA CRISVI EMPAST D/LINEA,1.83,,no_farmaco,
cobeca,LIDOCAINA AMP 2%/2ML INTRAD X5 GMEDIC,12.21,E.F.G.32.824,matched,score=0.675
cobeca,"LIDOCAINA C/ADRENALINA AMP 1,8MLX50 TIAR",47.79,E.F.G.43.916,matched,score=0.870
cobeca,LIDOCAINA GEL TOP 2% 35G TIAR,6.78,,sin_match,score_bajo
cobeca,LIDOCAINA SOL INY 2% 30ML X1 ALESS,5.23,,sin_match,score_bajo
cobeca,LIDOMED CREM 5% 30G PHAR,10.09,,sin_match,sin_candidato
cobeca,LIDOMED JAL 2% 30G PHAR,9.29,,no_farmaco,
cobeca,LIDOMED SPRAY 10% 115ML PHAR,20.69,,no_farmaco,
cobeca,LIMIAR CAP BLD 150MG X30 EURO,16.27,,sin_match,score_bajo
cobeca,LIMONADA LAXANTE 240ML BIOF,5.16,,no_farmaco,
cobeca,LIMP AER PRIDE NAR 360ML,6.16,,sin_match,sin_candidato
cobeca,LIMP AER PRIDE NAT 360ML,6.16,,sin_match,sin_candidato
cobeca,LIMP AJAX BICARBONAT NAR/LIMON X1L,5.25,,no_farmaco,
cobeca,LIMP ANTIBACT FABULOSO LAVAND 2L,8.52,,no_farmaco,
cobeca,LIMP ANTIBACT FABULOSO LAVAND 500ML,2.63,,no_farmaco,
cobeca,LIMP FABULOSO A/BACTERIAL ENERGIA NAR 1L,4.78,,no_farmaco,
cobeca,LIMP FABULOSO FRESCO AMANECER 1L,5.25,,no_farmaco,
cobeca,LIMP FACIAL PONDS AGE MIRACLE 100G,9.02,,no_farmaco,
cobeca,LIMP M/SUPERFICIES VENSOL C/AT 500ML,3.8,,no_farmaco,
cobeca,LIMP M/SUPERFICIES VENSOL C/AT 946ML,4.8,,no_farmaco,
cobeca,LIMP M/SUPERFICIES VENSOL S/AT 500ML,3.17,,no_farmaco,
cobeca,LIMP M/SUPERFICIES VENSOL S/AT 946ML,3.66,,no_farmaco,
cobeca,LIMP PLEDGE ACERO INOXID POTPURRI 378ML,7.65,,no_farmaco,
cobeca,LIMP PLEDGE LIMON 378ML,7.65,,no_farmaco,
cobeca,LIMP VENSOL C/AROMA 500ML,2.76,,no_farmaco,
cobeca,LIMP/BAÑ MR MUSCULO MULT/PISTO 500ML,4.57,,no_farmaco,
cobeca,LIMPIADOR FABULOSO BABY X 1LT,4.74,,no_farmaco,
cobeca,LIMPIADOR TAPA AMARILLA BRISA MARINA X1L,2.49,,no_farmaco,
cobeca,LIMPIADOR TAPA AMARILLA DULZ/FRUTAL X 1L,2.49,,no_farmaco,
cobeca,LIMPIADOR TAPA AMARILLA GLAM/BOUQUET X1L,2.49,,no_farmaco,
cobeca,LIMPIADOR TAPA AMARILLA JARD/LIMONES X1L,2.49,,no_farmaco,
cobeca,LIMPIADOR TAPA AMARILLA PVO X 450G,2.63,,sin_match,sin_candidato
cobeca,LIMPIAVIDRIOS VENSOL S/AT 500ML,3.19,,no_farmaco,
cobeca,LINAZA CAP 500MG X30 HERB,8.18,,sin_match,sin_candidato
cobeca,LINAZA CAP 500MG X60 HERB,8.44,,sin_match,sin_candidato
cobeca,LINEZID SOL INY 600MG/2MG/ML 300ML BHR,18.57,E.F.40.559,matched,score=0.640
cobeca,LINEZOLID/LINEPRA AMP 600MG/300ML X1 ADN,13.86,,sin_match,sin_candidato
cobeca,LIOLACTIL CAP X20 ELM,11.35,P.B.318,matched,score=1.000
cobeca,"LIOLACTIL SOB 1,5G X6 ELM",14.18,P.B.1.264,matched,score=0.780
cobeca,LIPACOMB TAB 10MG/20MG X30 FAR,12.21,E.F.39.972,matched,score=0.813
cobeca,LIPEND COMP 10MG X30 FC,19.56,E.F.44.241,matched,score=0.648
cobeca,LIPEND COMP 20MG X30 FC,19.69,E.F.44.242,matched,score=0.648
cobeca,LIPO2 FAT BURNER CAP X60 PHARMAC,22.08,,sin_match,sin_candidato
cobeca,LIPONTAL TAB 900MG X10 MEY,10.69,E.F.28.540,matched,score=0.625
cobeca,LISILET COMP 10MG X30 LETI,37.36,E.F.26.675,matched,score=0.720
cobeca,"LISILETIC COMP 20MG/12,5MG X30 LETI",59.05,E.F.29.414,matched,score=0.739
cobeca,LISIN BE SUPLEM ALIMENTICIO120ML BIOTECH,8.9,,no_farmaco,
cobeca,LISINORVA TAB 10MG X30 UNIPH,8.55,,sin_match,sin_candidato
cobeca,LISOMUCIN JBE 4MG X120ML PLN,3.67,E.F.17.740,matched,score=0.844
cobeca,LISOMUCIN JBE 8MG 120ML PLN,3.36,E.F.22.407,matched,score=0.762
cobeca,"LIT ENEMA 10,8/4,5G PED 67,5ML VARG",11.23,,sin_match,score_bajo
cobeca,LIT ENEMA 16/6G AD 100ML VARG,11.61,,no_farmaco,
cobeca,LITONATE CREM 1% 15G BIOT,10,,sin_match,sin_candidato
cobeca,LITONATE PVO 2% 10G BIOT,23.95,,sin_match,sin_candidato
cobeca,LITONATE TAB 30 MG X30,15.48,,sin_match,sin_candidato
cobeca,LOC A/CASPA BIPROX BIOS PHAR 400ML,28.51,,sin_match,sin_candidato
cobeca,LOC ACELERA BRONC AUSTRALIAN GOLD 237ML,17.36,,sin_match,sin_candidato
cobeca,LOC ANALGESICA SPRAY 60ML RECETT,2.74,,sin_match,sin_candidato
cobeca,LOC CAPIL MANDY SUAV TRI/LIN 2 200ML,6.35,,sin_match,sin_candidato
cobeca,LOC CAPIL MANDY TRIGO LINAZ PASO 1 200ML,6.93,,sin_match,sin_candidato
cobeca,LOC CORP AMALFI BODY MILK Q10 500ML,4.19,,sin_match,sin_candidato
cobeca,LOC CORP BEDUCEN PROB5 HIDRAT 400ML,23.79,,sin_match,sin_candidato
cobeca,LOC CORP BEDUCIS NEUTRA 200ML,4.55,,sin_match,score_bajo
cobeca,LOC CORP BRUCEN ADULTCARE 250ML,13,,sin_match,sin_candidato
cobeca,LOC CORP BRUCEN ADULTCARE 400ML,18.36,,sin_match,sin_candidato
cobeca,LOC CORP BRUCEN HYDRO BODY 250ML,13.28,,sin_match,sin_candidato
cobeca,LOC CORP BRUCEN HYDRO BODY 400ML,15.03,,sin_match,sin_candidato
cobeca,LOC CORP BRUCETIN BODY LOTION 200ML,11.6,,sin_match,sin_candidato
cobeca,LOC CORP COHER PIEL SENSI EXHUMECT 240ML,8.09,,sin_match,sin_candidato
cobeca,LOC CORP COHER REPARAC/INT 240ML,8.34,,sin_match,sin_candidato
cobeca,LOC CORP ROLL ON ARTRI FRESH 90G,3,,sin_match,sin_candidato
cobeca,LOC CORP ROSA DEL SUR AC/ROSA MO X 200ML,7.7,,sin_match,score_bajo
cobeca,LOC CORP ST IVES AVENA/KARIT 621ML,16.21,,sin_match,sin_candidato
cobeca,LOC CORP VASELINE ADVANCE STRENGTH 200ML,4.54,,sin_match,sin_candidato
cobeca,LOC CORP VASELINE ADVANCE STRENGTH 400ML,9.02,,sin_match,sin_candidato
cobeca,LOC CORP VASELINE ALOE SOOTHE 200ML,4.54,,sin_match,sin_candidato
cobeca,LOC COSMOLIVE MANOS/CUERPO BERRIES 100ML,3.02,,sin_match,sin_candidato
cobeca,LOC COSMOLIVE MANOS/CUERPO CITRUS 100ML,6.85,,sin_match,sin_candidato
cobeca,LOC COSMOLIVE MANOS/CUERPO COCO 100ML,6.85,,sin_match,sin_candidato
cobeca,LOC COSMOLIVE MANOS/CUERPO MANGOES 100ML,6.85,,sin_match,sin_candidato
cobeca,LOC DIADEX PHIS C/VALVULA 1L,20.9,,sin_match,sin_candidato
cobeca,LOC DIADEX PHIS C/VALVULA 500ML,14.04,,sin_match,sin_candidato
cobeca,LOC EVERY NIGHT HIDRAT SUAV MILK 200ML,3.21,,sin_match,sin_candidato
cobeca,LOC EVERY NIGHT HIDRAT SUAV MILK 365ML,4.36,,sin_match,sin_candidato
cobeca,LOC EVERY NIGHT HIDRATPROFU MIELTRI200ML,3.21,,sin_match,sin_candidato
cobeca,LOC FACIAL BEDUCEN PROB5 HIDRAT NOC 50ML,18.39,,sin_match,sin_candidato
cobeca,LOC HAWAIIAN TROPIC A/OXIDAN SPF50 50ML,15.49,,sin_match,sin_candidato
cobeca,LOC HAWAIIAN TROPIC MATTE SPF30 50ML,15.49,,sin_match,sin_candidato
cobeca,LOC HAWAIIAN TROPIC SENSITIVE SPF50 50ML,15.49,,sin_match,sin_candidato
cobeca,LOC HAWAIIAN TROPIC SHEER SPF50 120ML,12.78,,sin_match,sin_candidato
cobeca,LOC HAWAIIAN TROPIC SHEER SPF50 240ML,18.7,,sin_match,sin_candidato
cobeca,LOC HAWAIIAN TROPIC SILK SPF50 180ML,19.12,,sin_match,sin_candidato
cobeca,LOC HIDRAT ADEMINA ROSA KIDS 170G,3.25,,sin_match,sin_candidato
cobeca,LOC HIDRAT BEDUCEN PROB5 HIDRAT DIA 50ML,18.39,,sin_match,sin_candidato
cobeca,LOC HIDRAT HIDRIBET 125ML,18.18,,sin_match,sin_candidato
cobeca,LOC HIDRAT HIDRIBET 5% 125ML,17.66,,sin_match,sin_candidato
cobeca,LOC HIDRAT IE ALOE 500ML,8.2,,sin_match,sin_candidato
cobeca,LOC HIDRAT ST IVES VIT E/AGUACATE 621ML,16.21,,sin_match,score_bajo
cobeca,LOC HIDRAT UREADERM LACTATO 225G,26.1,,sin_match,score_bajo
cobeca,LOC HIDRATANTE ADEMINA BLAN KIDS 170G,3.25,,sin_match,sin_candidato
cobeca,"LOC LACTIBON FEM PH3,5 240ML",21.95,,sin_match,score_bajo
cobeca,LOC LIMP ANIBACT KORILI SUNFLOWER 500ML,2.19,,sin_match,sin_candidato
cobeca,LOC LIMP BRUCEN ROSTRO/CUERP DIA-B 250ML,9.9,,sin_match,score_bajo
cobeca,LOC LIMP FACIAL BRUCEN SYNDET 120ML,10.49,,sin_match,sin_candidato
cobeca,LOC LIMP INTIMA LACTIBON BIOLUBE 155G,13.64,,sin_match,sin_candidato
cobeca,LOC LOP CEROPIOJOS 240ML,6.62,,sin_match,sin_candidato
cobeca,LOC PEDIA BEDUCIS 200ML,6.17,,sin_match,sin_candidato
cobeca,LOC ROLL ON MOSQUITAN DESP/PICADA 20ML,4.12,,sin_match,sin_candidato
cobeca,LOC ROLL ON VIBRA NAT PIERNAS CANSAD 90G,3.51,,sin_match,sin_candidato
cobeca,LOC ZUKADRYL 100ML,11.1,,sin_match,sin_candidato
cobeca,LOCION CAPI AVISPA 120ML,3.6,,no_farmaco,
cobeca,LOCION HIDRAT IE ARNICA 500ML,11.61,,no_farmaco,
cobeca,LOCION SPRAY BIODERMA CICABIO 40ML,28.17,,no_farmaco,
cobeca,LODESTAR TAB REC 100MG X30 VLM,6.91,E.F.43.571,matched,score=0.648
cobeca,LODESTAR TAB REC 50MG X30 VLM,4.55,E.F.41.446,matched,score=0.628
cobeca,"LODESTAR TAB REC HCT 50MG/12,5MG X30 VLM",7.35,,sin_match,score_bajo
cobeca,LODIPIN COMP 10MG X10 MEG,2.73,E.F.41.901,matched,score=0.859
cobeca,LODIPIN COMP REC 10MG X30 MEG,5.84,E.F.39.867,matched,score=0.634
cobeca,LOFLOX TAB 400MG X10 MEY,5.61,E.F.28.967,matched,score=0.825
cobeca,LOGANIL JAB PED 120ML BIOTECH,5.56,,sin_match,score_bajo
cobeca,LOGANIL JBE AD 120ML BIOTECH,7.27,E.F.22.858,matched,score=0.606
cobeca,LOGANIL JBE PED 100MG/5ML 60ML BIOT,3.81,E.F.22.859,matched,score=0.627
cobeca,LOKARIN JBE 5MG/60MG/5ML 60ML BIOTECH,6.74,E.F.30.293,matched,score=0.717
cobeca,LONAC 50 SUP 50MG X10 TIAR,5.53,,no_farmaco,
cobeca,LONGACEF CAP 400MG X5 LETI,60.69,E.F.39.217,matched,score=0.617
cobeca,LONGACEF SUSP 100MG 60ML LETI,43.67,,sin_match,score_bajo
cobeca,LOPERAM TAB DISP 50 X4 VARG,74.88,E.F.22.142,matched,score=0.844
cobeca,LOPERAM TAB X10 VARG,3.69,E.F.22.142,matched,score=1.000
cobeca,LOPERAMIDA CAP 2MG X10 GEAG,3.51,E.F.G.40.887,matched,score=0.891
cobeca,LOPERAMIDA TAB 2MG X10 BIOQ,3.51,E.F.G.40.887,matched,score=0.891
cobeca,LOPERAMIDA TAB 2MG X100 PORTU,7.34,E.F.G.43.709,matched,score=0.730
cobeca,LORACERT JBE PED CEREZA 60ML PHARME,6.64,,sin_match,score_bajo
cobeca,LORADEX JBE 1MG/ML 30ML PLX,2.4,,sin_match,score_bajo
cobeca,LORADEX JBE 1MG/ML 60ML PLX,2.9,,sin_match,score_bajo
cobeca,LORADEX TAB 10MG X10 PLX,1.73,E.F.36.543,matched,score=0.750
cobeca,LORATADINA AMBR SUSP 5MG/30ML 60ML KIMIC,4.47,E.F.G.37.587,matched,score=0.672
cobeca,LORATADINA COMP 10MG X10 LETI,2.08,E.F.G.28.127,matched,score=0.902
cobeca,LORATADINA JBE 1MG/MG 60ML KIMIC,2.27,E.F.G.30.034,matched,score=0.675
cobeca,LORATADINA LORAFIT TAB 10MG X10 ADN,0.94,E.F.G.27.529,matched,score=0.750
cobeca,LORATADINA SOL ORAL 5MG/5ML 60ML ALESS,1.38,E.F.G.40.440,matched,score=0.700
cobeca,LORATADINA SOL ORAL PED 1MG/ML 60ML L.O,4.58,,sin_match,score_bajo
cobeca,LORATADINA SUSP 5MG/5ML 60ML BUKA,1.7,E.F.G.28.201,matched,score=0.842
cobeca,LORATADINA TAB 10MG X10 BIOQ,2.16,E.F.G.39.257,matched,score=0.902
cobeca,LORATADINA TAB 10MG X10 CLX,1.61,E.F.G.27.529,matched,score=0.902
cobeca,LORATADINA TAB 10MG X10 KIMIC,1.4,E.F.G.39.177,matched,score=0.740
cobeca,LORATADINA TAB 10MG X10 L.O,2.32,E.F.G.39.177,matched,score=0.742
cobeca,LORATADINA TAB 10MG X10 PHARME,1.51,E.F.G.27.529,matched,score=0.859
cobeca,LORATADINA TAB 10MG X20 PHARME,2.83,E.F.G.27.529,matched,score=0.859
cobeca,LORATADINA/AMBROXOL TAB 5/30MG X 10 KIMI,3.7,E.F.G.43.383,matched,score=0.935
cobeca,"LORATADINA/BETAMET TAB 5/0,25MG X10 GEAG",3.64,E.F.G.42.490,matched,score=0.837
cobeca,LORAVAL JBE 5MG/ML 60ML VLM,2.66,E.F.29.808,matched,score=0.690
cobeca,LORAVAL TAB 10MG X10 VLM,1.81,E.F.29.176,matched,score=0.750
cobeca,LORECORT SOL ORAL 60ML L.O,21.37,E.F.37.256,matched,score=0.656
cobeca,LOREX JBE 1MG/1ML 60ML DLR,2.54,E.F.27.541,matched,score=0.629
cobeca,LORTADEX TAB/REC 50MG X30 PLX,3.57,,sin_match,score_bajo
cobeca,"LOSAR POT HCT COMP REC 50/12,5MG X30 VAR",6.08,,sin_match,score_bajo
cobeca,LOSARTAN HCT TAB REC 100/25MGX30 PHARME,11.14,,sin_match,score_bajo
cobeca,LOSARTAN POT COMP/REC 100MG X30 SPEFAR,5.95,,sin_match,score_bajo
cobeca,LOSARTAN POT TAB 100MG X 30 ANGELUS,1.29,E.F.G.36.980,matched,score=0.739
cobeca,LOSARTAN POT TAB 50MG X30 KMP,4.52,E.F.G.29.469,matched,score=0.810
cobeca,"LOSARTAN POT/HCT COMP R 100/12,5X30 VARG",6.88,E.F.G.36.979,matched,score=0.662
cobeca,LOSARTAN POT/HIDROC COM/REC 50/12.5MGX30,12.39,,sin_match,score_bajo
cobeca,LOSARTAN POTA COMP 50MG X10 LETI,3.59,E.F.G.29.469,matched,score=0.870
cobeca,LOSARTAN POTA COMP REC 100MG X10 GNV,3.67,E.F.G.36.110,matched,score=0.717
cobeca,LOSARTAN POTA COMP REC 100MG X10 VARG,2.16,E.F.G.37.542,matched,score=0.743
cobeca,LOSARTAN POTA COMP REC 100MG X30 LETI,10.31,E.F.G.37.542,matched,score=0.743
cobeca,LOSARTAN POTA COMP REC 100MG X30 VARG,6.56,E.F.G.37.542,matched,score=0.743
cobeca,LOSARTAN POTA COMP REC 50MG X30 LETI,8.57,E.F.G.35.008,matched,score=0.731
cobeca,LOSARTAN POTA COMP REC 50MG X30 VARG,2.81,E.F.G.35.008,matched,score=0.735
cobeca,LOSARTAN POTA TAB 100MG X30 KIMIC,5.12,E.F.G.36.980,matched,score=0.756
cobeca,LOSARTAN POTA TAB 50MG X30 ALESS,1.58,E.F.G.35.402,matched,score=0.730
cobeca,LOSARTAN POTA TAB 50MG X30 BIOTECH,2.86,E.F.G.42.945,matched,score=0.870
cobeca,LOSARTAN POTA TAB 50MG X30 CR DAC,1.26,E.F.G.29.469,matched,score=0.826
cobeca,LOSARTAN POTA TAB 50MG X30 KIMIC,1.47,E.F.G.35.402,matched,score=0.741
cobeca,LOSARTAN POTA TAB 50MG X30 PLX,2.12,E.F.G.29.469,matched,score=0.826
cobeca,LOSARTAN POTA TAB AD 50MG X30 CR CCM,1.05,E.F.G.35.402,matched,score=0.674
cobeca,LOSARTAN POTA TAB REC 100MG X10 KIMIC,1.82,,sin_match,score_bajo
cobeca,LOSARTAN POTA TAB REC 100MG X10 PHARME,2.48,E.F.G.36.110,matched,score=0.717
cobeca,LOSARTAN POTA TAB REC 100MG X30 BIU,3.05,E.F.G.36.110,matched,score=0.717
cobeca,LOSARTAN POTA TAB REC 100MG X30 CLX,5.39,E.F.G.36.110,matched,score=0.717
cobeca,LOSARTAN POTA TAB REC 50MG X10 ADN,0.64,E.F.G.31.205,matched,score=0.704
cobeca,LOSARTAN POTA TAB REC 50MG X20 KIMIC,1.3,,sin_match,score_bajo
cobeca,LOSARTAN POTA TAB REC 50MG X30 BIU,1.78,E.F.G.31.205,matched,score=0.704
cobeca,LOSARTAN POTA TAB REC 50MG X30 CLX,1.42,E.F.G.34.265,matched,score=0.748
cobeca,LOSARTAN POTA TAB REC 50MG X30 PHARME,2.03,E.F.G.31.205,matched,score=0.704
cobeca,LOSARTAN POTA TAB REC 50MG X30 VLM,5.04,E.F.G.35.008,matched,score=0.748
cobeca,"LOSARTAN POTA/HCT 50/12,5MG X10 KIMIC",2.83,,no_farmaco,
cobeca,"LOSARTAN POTA/HCT COMP 50/12,5MGX15 LETI",7.38,E.F.G.35.402,matched,score=0.707
cobeca,LOSARTAN POTA/HCT COMPR 100/25MGX30 LETI,9.62,,no_farmaco,
cobeca,LOSARTAN POTASICO TAB 100MG X30 PLX,6.36,E.F.G.34.979,matched,score=0.904
cobeca,LOSARTAN POTASICO TAB 50 MG X 30 DISTRIL,1.79,E.F.G.35.402,matched,score=0.870
cobeca,LOSARTAN POTASICO TAB 50MG X10 KMP,1.2,E.F.G.29.469,matched,score=0.891
cobeca,LOSARTAN/HCT COMP 100MG/25MG X30 DORO,7.75,E.F.G.36.980,matched,score=0.698
cobeca,"LOSARTAN/HCT TAB 50/12,5MG X15 PHARME",5.25,E.F.G.35.402,matched,score=0.734
cobeca,"LOSARTAN/HCT TAB 50MG/12,5MG X30 ANG/H",7.44,E.F.G.35.402,matched,score=0.715
cobeca,LOSARTAN/HCT TAB REC 100/25MG X10 PHARME,5.17,,sin_match,score_bajo
cobeca,LOSARTAN/HCT TABR 50MG/12.5MG X30 LA SAN,10.08,,no_farmaco,
cobeca,"LOSARTAN/HTC COMP REC 50/12,5MGX60BLUE/M",8.27,E.F.G.31.205,matched,score=0.678
cobeca,LOSIL-S SPRAY 1% 30ML CR CCM,8.79,,no_farmaco,
cobeca,LOTEMICIN SUSP OFT 0.5%/0.3% X 5 ML,11.56,E.F.38.053,matched,score=0.801
cobeca,LOTESOFT SUSP OFT EST 5ML MEG,12.6,,sin_match,score_bajo
cobeca,LOWPRES SOL INY 150MCG/ML X5 BHR,12.39,E.F.32.377,matched,score=0.844
cobeca,LUBRICANTE A BASE D/AGUA SENSE 50ML,8.3,,no_farmaco,
cobeca,LUBRICANTE A BASE D/AGUA SENSE 75ML,9.74,,no_farmaco,
cobeca,LUBRICANTE GEL CUMLAUDE LAB MUCUS 30ML,20.11,,sin_match,sin_candidato
cobeca,LUBRICANTE INTIMO BIOGEL CHICLE 60ML,3.38,,no_farmaco,
cobeca,LUBRICANTE INTIMO BIOGEL CHOCO 60ML,3.38,,no_farmaco,
cobeca,LUBRICANTE INTIMO BIOGEL NEUTRO 120ML,4.37,,no_farmaco,
cobeca,LUBRICANTE INTIMO BIOGEL NEUTRO 60ML,3.38,,no_farmaco,
cobeca,LUBRICANTE INTIMO BIOGEL PIÑ COLA 60ML,3.38,,no_farmaco,
cobeca,LUBRICANTE INTIMO GEL TIME+ RETAR 60ML,3.98,,sin_match,sin_candidato
cobeca,LUBRICANTE INTIMO SPRAY TIME+ RETAR 30ML,6.25,,no_farmaco,
cobeca,LUBRICANTE PRUDENCE GROSELLA 30ML DKT,6.55,,no_farmaco,
cobeca,LUBRICANTE PRUDENCE GROSELLA 75ML DKT,7.17,,no_farmaco,
cobeca,LUBRICANTE PRUDENCE NATU 75ML DKT,7.17,,no_farmaco,
cobeca,LUBRICANTE PRUDENCE UVA 30ML DKT,6.55,,no_farmaco,
cobeca,LUBRICANTE PRUDENCE UVA 75ML DKT,7.17,,no_farmaco,
cobeca,LUBRIPIU OVUL CUMLAUDE LAB X10 MANCENT,33.75,,sin_match,sin_candidato
cobeca,LUDROX TAB REC 75MG X30 BIOTECH,8.94,,sin_match,score_bajo
cobeca,LUMBAX TAB 200MG X 10,2.25,E.F.24.925,matched,score=0.632
cobeca,LUMBAX TAB 400MG X10 VARG,2.48,E.F.29.063,matched,score=0.648
cobeca,LUMBAX TAB 600MG X10 VARG,4.44,E.F.30.211,matched,score=0.648
cobeca,LUMBAX TAB 800MG X6 VARG,6.16,E.F.37.320,matched,score=0.648
cobeca,LYFLOX SOL OFT 3MG/ML 5ML CAPSUV,3.42,,sin_match,sin_candidato
cobeca,MABROXOL JBE 30MG/5ML 60ML ZUZU,2.65,,sin_match,sin_candidato
cobeca,MACA CAP 500MG X30 HERB,9.74,,sin_match,sin_candidato
cobeca,MACRODANTINA CAP 50MG X30 FAR,7.68,E.F.16.065,matched,score=0.760
cobeca,MACROGOTERO PLUSMEDIC Y X25,16.68,,no_farmaco,
cobeca,MADECASSOL PVO 2% 10G PLN,19.9,,sin_match,score_bajo
cobeca,MADECASSOL PVO 2% 5G PLN,12.84,,sin_match,score_bajo
cobeca,MADECASSOL UNG 1% 10G PLN,6.96,E.F.14.881,matched,score=0.625
cobeca,MADECASSOOL TAB 10MG X30 PLN,13.19,,sin_match,sin_candidato
cobeca,MAGALEX CAP MAGNES 100MG X30 FAR,6,,sin_match,sin_candidato
cobeca,MAGALEX CAP MAGNES 100MG X60 FAR,14.27,,sin_match,sin_candidato
cobeca,MAGNEFORTE CAP 500MG X60 HERB,11.1,,sin_match,sin_candidato
cobeca,MAGNEPLUS CAP X60 WALF,12.27,,sin_match,sin_candidato
cobeca,MAGNESIO AMINOQ CAP BLD 200MG X30 G PHAR,12.41,,sin_match,score_bajo
cobeca,MAGNESIO CAP 400MG X30 NOW,12.12,E.F.37.893,matched,score=0.622
cobeca,MAGNESIO GLICINATO CAP X60 ARC IRIS,11.82,,sin_match,score_bajo
cobeca,MAGNESIO KIDS TAB MAST ARAN/FRAM X60 VAL,17.97,,sin_match,score_bajo
cobeca,MAGNESIO KIDS TAB MAST UVA X60 VAL,17.97,,sin_match,score_bajo
cobeca,MAGNESIO LIFE CAP 500MG X60 WALF,10.34,,sin_match,score_bajo
cobeca,MAGNESIO NATURISTIK CAP 400MG X30 LINOF,8.45,,sin_match,score_bajo
cobeca,MAGNESIO NATURISTIK CAP 400MG X60 LINOF,11.35,,sin_match,score_bajo
cobeca,MAGNESIO PLUS 650MG CAP X60 PREV,23.93,E.F.38.235,matched,score=0.605
cobeca,MAGNESIO PLUS LIFE CAP X60 WALF,12.27,,sin_match,score_bajo
cobeca,MAGNESIUM CAP 400MG X180 NOW,34.42,,sin_match,sin_candidato
cobeca,MAGNESIUM CITRATE TAB 200MG X100 NOW,31.82,,sin_match,sin_candidato
cobeca,MAGNESIUM CITRATO CAP 350MG X 60 ETERNAL,16.6,,sin_match,score_bajo
cobeca,MAGNESIUM THREE CAP 400MG X60 PHARMAC,14.16,,sin_match,sin_candidato
cobeca,MAGNETUNI PLUS TAB 500MG X60 UNIPH,8.44,,sin_match,sin_candidato
cobeca,MAGTEIN CAP X 90,72.96,,sin_match,sin_candidato
cobeca,MAILEN COMP 5MG X10 MEG,3.38,E.F.34.990,matched,score=0.661
cobeca,MAILEN COMP 5MG X30 MEG,8.57,E.F.34.990,matched,score=0.661
cobeca,"MAILEN JBE 2,5MG/5ML 50ML MEG",4.42,E.F.34.952,matched,score=0.612
cobeca,MAIT AMP 50MG/5MG X 1 TIARES,12,,sin_match,sin_candidato
cobeca,MAIZ DULCE EN GRANOS X 280G,1.4,,no_farmaco,
cobeca,MAIZ EN GRANO TIGO 300G,1.75,,no_farmaco,
cobeca,MAIZINA AMERICANA 120G,0.83,,no_farmaco,
cobeca,MAIZINA AMERICANA 200G,1.39,,no_farmaco,
cobeca,MAIZINA AMERICANA 2KG,10.51,,no_farmaco,
cobeca,MAIZINA AMERICANA 400G,2.61,,no_farmaco,
cobeca,MAIZINA AMERICANA 90G,0.69,,no_farmaco,
cobeca,MAIZINA AMERICANA DISP 800G,4.66,,sin_match,sin_candidato
cobeca,MAIZORITOS ABCITOOS 240G,2.52,,no_farmaco,
cobeca,MAIZORITOS FRUTY AROS 240G,2.52,,no_farmaco,
cobeca,MAIZORITOS POP CRONCH 240G,2.52,,no_farmaco,
cobeca,MALLA LEGO MEGA TOYS 30PZA,7.5,,no_farmaco,
cobeca,MANI BOKAS JAPONES 170G,2.49,,no_farmaco,
cobeca,MANI BOKAS SALADO BOLS 170G,2.23,,no_farmaco,
cobeca,MANI JACKS SALADO 175G,2.73,,no_farmaco,
cobeca,MANITOL SOL INY #38 18% 500ML BHR,12.29,E.F.G.15.879,matched,score=0.713
cobeca,MANTECA D/CACAO X 25G,6.1,,no_farmaco,
cobeca,"MANTIXA COMP REC 2,5MG X30 MEG",21.69,,sin_match,score_bajo
cobeca,MANZANILLA 10G X 12 RECETT,31.48,,no_farmaco,
cobeca,MANZANILLA 5G LYA,2.22,,no_farmaco,
cobeca,MAPURITE CAP 300MG X90 ARC IRIS,10,,sin_match,sin_candidato
cobeca,MAQ D/AFE BEAUTYTRIM PERSONAL HAIR,30.91,,no_farmaco,
cobeca,MAQ D/AFE BIKINI TRIMMER,31.65,,no_farmaco,
cobeca,MAQ D/AFE ELECTRIC SHAVER WOMENS,36.05,,no_farmaco,
cobeca,MAQ D/AFE FULL BODY GROOMER,72.64,,no_farmaco,
cobeca,MAQUINA D/AFEIT DURAVEL M5 2CART,4.75,,no_farmaco,
cobeca,MAQUINA D/AFEIT DURAVEL SILUET PRO 2CART,4.75,,no_farmaco,
cobeca,MARADEX SUSP OFT 5ML L.O,17.84,,sin_match,score_bajo
cobeca,MARCADOR PERMANENTE OFICA NEGRO X12,8.25,,no_farmaco,
cobeca,MARCADORES SOLITA ESCOLAR 6 COLORES,2.63,,no_farmaco,
cobeca,MARTESIA CAP 150MG X14 MEG,11.17,,sin_match,score_bajo
cobeca,MARTESIA CAP 25MG X30 MEG,10.52,E.F.39.216,matched,score=0.653
cobeca,MARTESIA CAP 300MG X14 MEG,16.1,E.F.38.501,matched,score=0.673
cobeca,MARTESIA CAP 75MG X14 MEG,5.45,E.F.38.503,matched,score=0.653
cobeca,MASAJEADOR DOBLE PLUSONE,102.36,,no_farmaco,
cobeca,MASC RHELEN NUTRIT REVIT S/SAL 250ML,3.42,,no_farmaco,
cobeca,MASCARA D/OXIGENO PLUSMEDIC AD,1.98,,no_farmaco,
cobeca,MASCARA D/OXIGENO PLUSMEDIC PED,1.98,E.F.G.1.290,matched,score=0.778
cobeca,MASCARA MAYBELLINE WSH FIREWORK BLACK,16.63,,no_farmaco,
cobeca,MASCARA PLUSMEDIC C/RESERV AD,2.22,,no_farmaco,
cobeca,MASCARILLA BACC BARRO MAR MUERTO 200ML,7.7,,no_farmaco,
cobeca,MASCARILLA CAPI ELVIVE CAID/RESIST X300G,8.61,,no_farmaco,
cobeca,MASCARILLA CAPI ELVIVE GLYCO GLOSS 300G,8.61,,no_farmaco,
cobeca,MASCARILLA CAPI REVLON ARGAN/MACAD 300G,17.38,,no_farmaco,
cobeca,MASCARILLA CAPI REVLON COCO/VIT E 300G,17.38,,no_farmaco,
cobeca,MASCARILLA CAPI REVLON KERATI/ALMEN 300G,17.38,,no_farmaco,
cobeca,MASCARILLA DERNIER FACIAL X 120G,4.14,,no_farmaco,
cobeca,MASCARILLA DESC PLUSMEDIC X50,7.31,,no_farmaco,
cobeca,MASCARILLA FACIAL ZOAH DETOX PURIF 25G,0.76,,no_farmaco,
cobeca,MASCARILLA GEODERM NUTRI 150ML,48.72,,no_farmaco,
cobeca,MASCARILLA LIMP GEODERM 150ML,48.72,,no_farmaco,
cobeca,MATERNAVIT CAP BLD X30 MDF,18.64,E.F.41.135,matched,score=0.679
cobeca,"MATILOL SOL OFT 0,50% 6ML L.O",12.88,,sin_match,score_bajo
cobeca,MAX PIRULIN CHOCO DISP X12 34G,12.75,,sin_match,sin_candidato
cobeca,MAX PIRULIN CHOCO TWO PACK 34G,2.13,,no_farmaco,
cobeca,MAXIFUR CAP 50MG X 30,7.43,E.F.44.317,matched,score=0.648
cobeca,MAXIFUR FORTE CAP 100MG X30 TIAR,8.74,,sin_match,score_bajo
cobeca,MAXOTEN COMP REC 25MG X30 LETI,32,,sin_match,score_bajo
cobeca,MAXTHIO AMP 4MG/2ML X6 DORO,8.12,,sin_match,sin_candidato
cobeca,MAYONESA KRAFT 175G,2.02,,no_farmaco,
cobeca,MAYONESA KRAFT 445G,4.16,,no_farmaco,
cobeca,MEDIA ANTIEMBOLICA DYNAVE MUSLO T/GG,19.5,,no_farmaco,
cobeca,MEDIA ANTIEMBOLICA DYNAVEN MUSLO T/G,19.5,,no_farmaco,
cobeca,MEDIA ANTIEMBOLICA DYNAVEN MUSLO T/M,19.5,,no_farmaco,
cobeca,MEDIA ANTIEMBOLICA DYNAVEN MUSLO T/XG,19.5,,no_farmaco,
cobeca,MEDROXEL SOL INY 150MG/1ML JER X1 CCM,11.99,,sin_match,sin_candidato
cobeca,MEDROXIPROGESTER SOL INY 150MG/ML X1 VIN,9.14,,sin_match,sin_candidato
cobeca,MEDROXIPROGESTERONA TAB 10MG X10 KMP,6.49,E.F.G.43.537,matched,score=0.957
cobeca,MEDSEG INY USP 1G X1 MEDV,10.45,,sin_match,score_bajo
cobeca,MEFEDOL TAB 500MG X10 CR 2N,1.88,,sin_match,sin_candidato
cobeca,MEGAMOX SOL IV 400MG/250ML BHR,20.66,,sin_match,score_bajo
cobeca,MELATONIN CAP 3MG X 60 NOW,11.65,,sin_match,sin_candidato
cobeca,MELATONIN CAP 5MG X 60 NOW,14.86,,sin_match,sin_candidato
cobeca,MELATONINA CAP BLD 3MG X60 ARC IRIS,13.41,,sin_match,sin_candidato
cobeca,MELATONINA CAP BLD 5MG X30 BIOFAR,7.79,,sin_match,sin_candidato
cobeca,MELATONINA/ASHWAGAN CAP 5MG X30 NAT PREM,7.11,,sin_match,sin_candidato
cobeca,MELATONINA/VALERIAN/B6 CAP 10MG X60 HERB,14.66,,sin_match,sin_candidato
cobeca,MELIF COMP REC 50MG/500MG X30 ELM,15.43,,sin_match,score_bajo
cobeca,MELIGEN/MEMANTINA TAB 10MG X30 FC,11.82,E.F.43.285,matched,score=0.719
cobeca,MELIVAR COMP REC 10MG X30 MEY,18.96,,sin_match,score_bajo
cobeca,MELOVAX CAP BLD 15MG X10 VIV,5.66,,sin_match,score_bajo
cobeca,MELOXICAM COMP 15MG X10 L.O,6.57,E.F.G.30.977,matched,score=0.685
cobeca,MELOXICAM COMP 15MG X10 LETI,7.79,E.F.G.30.530,matched,score=0.902
cobeca,"MELOXICAM COMP 7,5MG X10 L.O",5.61,E.F.G.30.976,matched,score=0.707
cobeca,MELOXICAM TAB 15MG X 10 ANGELUS,2.18,E.F.G.30.977,matched,score=0.687
cobeca,MELOXICAM TAB 15MG X10 CR LATT,2.6,E.F.G.30.530,matched,score=0.859
cobeca,MELOXICAM TAB 15MG X10 FMED,1.04,E.F.G.30.530,matched,score=0.859
cobeca,MELOXICAM TAB 15MG X10 KIMIC,5,E.F.G.30.530,matched,score=0.709
cobeca,MELOXICAM TAB 15MG X10 PHARME,5.83,E.F.G.30.530,matched,score=0.859
cobeca,"MELOXICAM TAB 7,5MG X10 PHARME",4.21,E.F.G.30.530,matched,score=0.891
cobeca,MEMANTINA TAB 10MG X10 FMED,1.68,E.F.G.43.017,matched,score=0.859
cobeca,MEMANTINA TAB 10MG X28 CR CCM,13.84,E.F.G.43.017,matched,score=0.859
cobeca,MEMANTINA TAB REC 10MG X14 BIU,6.49,E.F.G.43.017,matched,score=0.737
cobeca,MEMANTINE TAB 10MG X30 MED/SUP,9.36,,sin_match,sin_candidato
cobeca,MEMANTINE TAB 5MG X30 MED/SUP,7.79,,sin_match,sin_candidato
cobeca,MEN XTRA PERFORMANCE TAB X30 G PHAR,14.69,,sin_match,sin_candidato
cobeca,MENOPAUSE AVANCED CAP X 30 ETERNAL,11.6,,sin_match,sin_candidato
cobeca,MENTHOL GEL 250ML DERNIER,4.18,,sin_match,sin_candidato
cobeca,MENTHOL ICE GEL 85 G,4.95,,sin_match,sin_candidato
cobeca,MENTHOL ICE GEL ROLL ON 60G IND COR,4.95,,sin_match,score_bajo
cobeca,MENTITAS GOMBY 18G DISP X14,6.82,,sin_match,sin_candidato
cobeca,MENTO SPR X 120ML BIOF,4.79,,sin_match,sin_candidato
cobeca,MENTOL CREM 50G BIOF,3.57,E.F.537,matched,score=0.698
cobeca,MENTOL CREM/ROLL ON X 80ML BIOF,3.56,,sin_match,score_bajo
cobeca,"MENTOL DAVIS UNG 28,35 X12 GCP",55.48,E.F.537,matched,score=0.786
cobeca,MENTOL UNG 10G LYA,1.97,E.F.4.470,matched,score=0.783
cobeca,MENTOL UNG 25G LYA,4.21,E.F.537,matched,score=0.698
cobeca,MENTORUB UNG CORP 30G FC,4.57,,sin_match,sin_candidato
cobeca,MENTORUB UNG CORP 60G FC,8.66,,sin_match,sin_candidato
cobeca,MENTORUB UNG MINI 10G X 12,22.34,,sin_match,sin_candidato
cobeca,MERENGADA POLLY CHOCO 450G,4.16,,no_farmaco,
cobeca,MERMELADA OSOLE FRESA X 200G,1.98,,no_farmaco,
cobeca,MERMELADA OSOLE FRUTOS ROJOS X 200G,1.98,,no_farmaco,
cobeca,MERMELADA OSOLE GUAYABA X 200G,1.98,,no_farmaco,
cobeca,MERMELADA VIVO BERRIES S/AZU 200G,1.9,,no_farmaco,
cobeca,MEROPENEM AMP 1G X10 CR DIST,123.51,E.F.G.34.365,matched,score=0.859
cobeca,"MEROPENEM PVO SOL INY 0,5G VIAL X1 DIST",5.26,E.F.G.42.154,matched,score=0.694
cobeca,MESPEN AMP 500MG X1 ALESS,4.24,E.F.41.258,matched,score=0.620
cobeca,METAMIZOL/DIPIRONA AMP 1G/2ML X 3,3.49,E.F.G.21.983,matched,score=0.758
cobeca,METAMUCIL PVO NAR 425G FAR,60.14,,sin_match,sin_candidato
cobeca,METFORM ACI TAB 500MG X30 CAPSUV,4.44,,sin_match,sin_candidato
cobeca,METFORMINA CLORH TAB 500MG X30 BIOTECH,7.78,E.F.G.37.735,matched,score=0.833
cobeca,METFORMINA CLORH TAB 500MG X30 BLUE/M,1.63,E.F.G.37.735,matched,score=0.833
cobeca,METFORMINA CLORH TAB 500MG X30 PLX,6.1,E.F.G.37.735,matched,score=0.833
cobeca,METFORMINA CLORH TAB REC 500MG X30 VLM,3.25,E.F.G.37.735,matched,score=0.711
cobeca,METFORMINA CLORHIDRATO TAB 850MG X30 PLX,7.19,E.F.G.43.925,matched,score=1.000
cobeca,METFORMINA COMP 500MG X30 GNV,6.46,E.F.G.37.538,matched,score=0.878
cobeca,METFORMINA COMP REC 850MG X30 CR CCM,6.66,E.F.G.43.925,matched,score=0.835
cobeca,METFORMINA HCL COMP REC 850MG X30 LETI,8.29,E.F.G.43.925,matched,score=0.619
cobeca,METFORMINA TAB 1G X30 ANG/H,4.19,E.F.G.42.410,matched,score=0.859
cobeca,METFORMINA TAB 500MG X28 CLX,5.38,E.F.G.42.358,matched,score=0.888
cobeca,METFORMINA TAB 500MG X30 ALESS,2.14,E.F.G.36.815,matched,score=0.820
cobeca,METFORMINA TAB 500MG X30 ANG/H,1.65,E.F.G.44.619,matched,score=0.922
cobeca,METFORMINA TAB 500MG X30 CR DAC,4.46,E.F.G.37.538,matched,score=0.878
cobeca,METFORMINA TAB 500MG X30 FMED,1.15,E.F.G.37.538,matched,score=0.878
cobeca,METFORMINA TAB 850MG X 30 ANGELUS,3.61,E.F.G.32.508,matched,score=0.795
cobeca,METFORMINA TAB 850MG X14 CLX,4.08,E.F.G.43.925,matched,score=0.957
cobeca,METFORMINA TAB 850MG X28 CLX,5.78,E.F.G.43.925,matched,score=0.957
cobeca,METFORMINA TAB 850MG X30 CR CCM,5.05,E.F.G.43.925,matched,score=0.957
cobeca,METFORMINA TAB 850MG X30 CR DIST,5.03,E.F.G.43.925,matched,score=0.957
cobeca,METFORMINA TAB 850MG X30 CR LATT,2.99,E.F.G.43.925,matched,score=0.957
cobeca,METFORMINA TAB LP 1000MG X30 CR LATT,7.79,E.F.G.41.036,matched,score=0.729
cobeca,METFORMINA TAB LP 1000MG X30 PHARMA,4.58,E.F.G.42.625,matched,score=0.714
cobeca,METFORMINA TAB LP 500MG X30 CR LATT,5.19,E.F.G.40.568,matched,score=0.706
cobeca,METFORMINA TAB LP 500MG X30 PHARMA,2.61,E.F.G.40.568,matched,score=0.710
cobeca,METFORMINA TAB LP 850MG X30 CR LATT,6.49,E.F.G.43.925,matched,score=0.704
cobeca,METFORMINA TAB REC 500MG X30 BIU,3.9,E.F.G.37.538,matched,score=0.757
cobeca,METGLUTAN TAB 500MG X30 ZORIAK,2.57,,sin_match,sin_candidato
cobeca,METILPREDNISOLONA SOD AMP 125MG X1 ADN,7.21,E.F.G.43.316,matched,score=0.722
cobeca,METOCLOPRAMIDA AMP 10MG/2ML X3 DISTRILAB,2.97,E.F.G.44.684,matched,score=0.703
cobeca,METOCLOPRAMIDA AMP 10MG/2ML X6 VLM,14.18,E.F.G.26.028,matched,score=0.891
cobeca,METOCLOPRAMIDA TAB 10MG X10 KMP,1.54,E.F.G.36.811,matched,score=0.859
cobeca,METOPROLOL TAB 50MG X 30 MT,8.71,E.F.37.626,matched,score=0.664
cobeca,METORMINA TAB LP 750MG X30 PHARMA,3.94,,sin_match,sin_candidato
cobeca,METREN CAP BLD VAG 500MG X10 MEY,11.08,,sin_match,score_bajo
cobeca,METREN SUSP 250MG/5ML 120ML MEY,19.45,E.F.29.922,matched,score=0.649
cobeca,METREN SUSP PED 125MG/5ML 120ML MEY,11.97,,sin_match,score_bajo
cobeca,METREN TAB 500MG X10 MEY,9.45,E.F.28.780,matched,score=0.701
cobeca,"METRONIDAZOL GEL 0,75% X 15 G ZUKATI",13.22,E.F.G.42.520,matched,score=0.633
cobeca,METRONIDAZOL INF 500MG/100ML GKV,2.9,,no_farmaco,
cobeca,METRONIDAZOL INF INY 500MG/100ML CR DIST,2.68,E.F.G.42.390,matched,score=0.737
cobeca,METRONIDAZOL INF IV 500MG/100ML GLOB MED,2.71,,no_farmaco,
cobeca,METRONIDAZOL OVU 500MG X10 ALESS,5.32,E.F.G.42.530,matched,score=0.695
cobeca,METRONIDAZOL SOL INY 500MG/100ML BLUE/M,1.45,E.F.G.33.361,matched,score=0.852
cobeca,METRONIDAZOL SOL INY 500MG/100ML IPS,1.65,E.F.G.33.361,matched,score=0.852
cobeca,METRONIDAZOL SUSP 125MG 120ML KIMIC,5.92,E.F.G.31.064,matched,score=0.730
cobeca,METRONIDAZOL SUSP 250G/5ML 100ML CR DIST,7.09,E.F.G.31.012,matched,score=0.841
cobeca,METRONIDAZOL SUSP 250MG 120ML KIMIC,11.17,E.F.G.31.012,matched,score=0.670
cobeca,METRONIDAZOL TAB 500MG X10 ALESS,1.18,E.F.G.28.549,matched,score=0.718
cobeca,METRONIDAZOL TAB 500MG X10 CLX,3.12,E.F.G.28.549,matched,score=0.878
cobeca,METRONIDAZOL TAB 500MG X10 CR DIST,1.79,E.F.G.28.549,matched,score=0.878
cobeca,METRONIDAZOL TAB 500MG X30 ANG/H,2.68,E.F.G.43.038,matched,score=0.922
cobeca,METRONIDAZOL TAB 500MG X30 BLUE/M,2.44,E.F.G.28.549,matched,score=0.878
cobeca,METRONIDAZOL TAB 500MG X30 CR CCM,10.03,E.F.G.28.549,matched,score=0.878
cobeca,METRONIDAZOL/MICON OVU 750/200MG X6 TIAR,9.39,E.F.G.43.956,matched,score=0.779
cobeca,METRONIDAZOLE INF 500MG/100ML KMP,2.45,,no_farmaco,
cobeca,METROVAX CAP BLD 500MG X15 VIV,8.82,,sin_match,sin_candidato
cobeca,METSIGLIN COMP RECU 500MG/50MG X10 RNV,6.58,,sin_match,score_bajo
cobeca,METSIGLIN TAB 50/500MG X 30,19.86,E.F.42.156,matched,score=0.706
cobeca,MEZCLA P/TORTA RENATA BRIGADEIRO 400G,1.93,,no_farmaco,
cobeca,MEZCLA P/TORTA RENATA CHOCO 400G,1.93,,no_farmaco,
cobeca,MEZCLA P/TORTA RENATA COCO 400G,1.93,,no_farmaco,
cobeca,MEZCLA P/TORTA RENATA LIMON 400G,1.93,,no_farmaco,
cobeca,MEZCLA P/TORTA RENATA NAR 400G,1.93,,no_farmaco,
cobeca,MEZCLA P/TORTA RENATA VAIN 400G,1.93,,no_farmaco,
cobeca,MI CHICHA POLLY INST 450G,2.89,,no_farmaco,
cobeca,MIA CARE INTRAUTERINO 52MG TIAR,155.84,,no_farmaco,
cobeca,MICONAX CREM VAG 40G MEY,13.18,,sin_match,score_bajo
cobeca,MICONAZOL CREM 2% 15G CR MT,5.69,E.F.40.057,matched,score=0.864
cobeca,"MICOSMER CREM 2%/2,5% 20G BOOZ",2.86,,sin_match,sin_candidato
cobeca,MICOTRIN PVO 2% 60G TIAR,6.23,,sin_match,sin_candidato
cobeca,MICROPILAS MAXELL LITHIUM CR1616 X 5,12.44,,no_farmaco,
cobeca,MICROPILAS MAXELL LITHIUM CR2025 X 5,9.5,,no_farmaco,
cobeca,MICROPILAS MAXELL MERCURY FREE LR-44 X10,16.38,,no_farmaco,
cobeca,MICROSER TAB 16 MG X 20 CCM,31.44,E.F.34.758,matched,score=0.701
cobeca,MIEL APIARIO PARAISO 120ML,2,,no_farmaco,
cobeca,MIEL APIARIO ZABILA 120ML,2,,no_farmaco,
cobeca,MIEL APIARIO ZABILA 180ML,2.5,,no_farmaco,
cobeca,MIEL D/BORAX 20ML BIOF,3.44,,no_farmaco,
cobeca,MIEL D/BORAX 60ML RECETT,6.13,,no_farmaco,
cobeca,MIGRA DORIXINA COMP 125/1MG X10 MEG,6.88,E.F.32.119,matched,score=0.708
cobeca,MIGRADORIXINA COM/REC 125MG/1MG X 5,4.56,,sin_match,score_bajo
cobeca,MIGRAVAL COMP 100MG X2 MEG,12.6,E.F.31.976,matched,score=0.700
cobeca,MIGRAVAL COMP 100MG X4 MEG,18.57,E.F.31.976,matched,score=0.700
cobeca,MIGRAVAL COMP 100MG X8 MEG,26.49,E.F.31.976,matched,score=0.700
cobeca,MIGREN COMP 650/50/1MG X10 LETI,5.67,,sin_match,score_bajo
cobeca,MIGREN COMP 650MG/50MG/1G X20 LETI,6.94,,sin_match,score_bajo
cobeca,MILAX PVO SOL ORAL 120G RNV,7.18,E.F.42.475,matched,score=0.602
cobeca,MILAX PVO SOL ORAL 360G RNV,14.81,E.F.42.475,matched,score=0.602
cobeca,MILAX PVO SOL ORAL SOB 8.5G X 20,14.82,E.F.42.475,matched,score=0.645
cobeca,MILAX SOL ORAL 50% 120ML RNV,6.99,,sin_match,score_bajo
cobeca,MILAX SOL ORAL 50% 180ML RNV,9.29,,sin_match,score_bajo
cobeca,MINAR TAB 5MG X 20,3.98,,sin_match,sin_candidato
cobeca,MINI BROWNIES PUIG 175G,1.63,,no_farmaco,
cobeca,MINI CHIPS VAIN 180G,1.58,,no_farmaco,
cobeca,MINI DUCHA VAG VIAJERA KERFUL,14.31,,no_farmaco,
cobeca,MINI TORTA RENATA BRIGADEIRO DISP 40GX20,11.57,,sin_match,sin_candidato
cobeca,MINI TORTA RENATA CHOCO DISP 40G X20,11.57,,sin_match,sin_candidato
cobeca,MINI TORTA RENATA VAIN/FRESA DISP 40GX20,11.57,,sin_match,score_bajo
cobeca,MINOXIDIL SOL TOP 5% X 60 ML LA SANTE,12.96,,sin_match,score_bajo
cobeca,MINOXIDIL TRAT P/CAB HOMBRES 5% 60ML SGG,19.99,,no_farmaco,
cobeca,MIOVIT AMP 3ML X3 COFA,5.47,E.F.23.464,matched,score=0.629
cobeca,MIOVIT GRAG X10 COFA,2.5,E.F.22.476,matched,score=0.766
cobeca,MIOVIT GRAG X30 COFA,7.93,E.F.22.476,matched,score=0.766
cobeca,MIOVIT GTS ORAL 20ML COFA,3.22,,sin_match,score_bajo
cobeca,MIOVIT INY C/LIDOCAINA 3ML C/JER X1 COFA,2.51,E.F.23.464,matched,score=0.625
cobeca,MIOVIT JBE S/AZU 90ML COFA,3.78,,sin_match,score_bajo
cobeca,MIOVIT JBE S/AZUCAR 180ML COFA,8.12,,sin_match,score_bajo
cobeca,MIOVIT SOL INY VI 3ML X1 COFA,2.41,,sin_match,score_bajo
cobeca,MIOVIT SOL INY/IM X6 COFA,9.49,E.F.23.464,matched,score=0.743
cobeca,"MIRSOL CREM 0,05% 15G BIOT",7.36,,sin_match,sin_candidato
cobeca,MIRTAPAX COM 15MG X 10,2.12,,sin_match,sin_candidato
cobeca,MIRTAPAX COM 30MG X 10,3.15,,sin_match,sin_candidato
cobeca,MIRTAZAPINA TAB 15MG X30 CLEO,5.68,E.F.G.43.124,matched,score=0.859
cobeca,MIRTAZAPINA TAB 30MG X30 CLX,8.78,E.F.G.37.308,matched,score=0.859
cobeca,MIRTAZAVAL TAB 30MG X30 VLM,11.29,E.F.43.794,matched,score=0.705
cobeca,MIRTAZAVAL TAB REC 15MG X30 VLM,6.05,E.F.43.794,matched,score=0.670
cobeca,MISELLIM COMP REC 10MG X20 MEG,7.85,,sin_match,score_bajo
cobeca,"MISULVAN COMP JBE AD 15/0,01MG 120ML PLX",7.94,,sin_match,score_bajo
cobeca,"MISULVAN COMP JBE PED7,5MG/5ML 120ML PLX",8.64,,sin_match,score_bajo
cobeca,MISULVAN FORTE JBE 30MG/5MG/ML 120ML PLX,7.39,E.F.28.425,matched,score=0.621
cobeca,"MISULVAN GTS 7,5MG 30ML PLX",3.07,E.F.42.742,matched,score=0.617
cobeca,MISULVAN JBE 15MG/5ML 120ML PLX,4.54,,sin_match,score_bajo
cobeca,MISULVAN JBE AD 30MG/5ML 120ML PLX,4.64,,sin_match,score_bajo
cobeca,MITAR SOL P/INH NASAL X 50MCG,10.74,,sin_match,score_bajo
cobeca,MIXEL 2% PVO 60ML MEY,21.91,,sin_match,sin_candidato
cobeca,MIXEL TAB REC 500MG X6 MEY,17.4,,sin_match,sin_candidato
cobeca,MODERAN JBE 120ML VARG,13.78,,sin_match,score_bajo
cobeca,MOLNUPIRAVIR TAB 200MG X40 CR DIST,84.42,,sin_match,sin_candidato
cobeca,"MOMEQ CREM 0,1% 15G PHARME",9.99,,sin_match,score_bajo
cobeca,"MOMEQ SPRAY NASAL 0,05% 18G PHARME",11.95,,no_farmaco,
cobeca,MONO CIRUJANO SURO T XL 35GRS,2.19,,no_farmaco,
cobeca,MONODOKS CAP 100MG X14 DORO,11.69,,sin_match,sin_candidato
cobeca,MONTDAC TAB/REC 10MG/5MG X 10,3.34,,sin_match,sin_candidato
cobeca,MONTELUKAST TAB 10MG X10 KMP,2.31,E.F.G.33.690,matched,score=0.859
cobeca,MONTELUKAST TAB 10MG X30 PLX,6.77,E.F.G.33.690,matched,score=0.859
cobeca,MONTELUKAST TAB MAST 5MG X30 ALESS,2.99,E.F.G.35.286,matched,score=0.611
cobeca,MONTELUKAST TAB MAST PED 5MG X30 L.O,7.44,,sin_match,score_bajo
cobeca,MONTELUKAST TAB REC 10MG X10 L.O,4.08,,sin_match,score_bajo
cobeca,MONTELUKAST TAB REC 10MG X10 PHARME,3.73,E.F.G.33.690,matched,score=0.737
cobeca,MONTELUKAST TAB REC 10MG X30 L.O,9.09,,sin_match,score_bajo
cobeca,MONTELUKAST TAB/REC 10 MG X 30 LA SANTE,8.23,,sin_match,score_bajo
cobeca,MONTRAX TAB 10MG X10 BIOTECH,6.02,E.F.38.837,matched,score=0.859
cobeca,MONTRAX TAB 10MG X30 BIOTECH,13.11,E.F.38.837,matched,score=0.859
cobeca,MONTRAX TAB MAST 4MG X10 BIOTECH,2.19,E.F.39.173,matched,score=0.706
cobeca,MONTRAX TAB MAST 5MG X10 BIOTECH,4.05,E.F.39.174,matched,score=0.706
cobeca,MONTRAX TAB MAST 5MG X30 BIOTECH,9,E.F.39.174,matched,score=0.706
cobeca,MONUKAST TAB/MAST 5MG X 30,6.43,E.F.35.105,matched,score=0.700
cobeca,MOPERID TAB 10MG X20 MEY,14.44,E.F.43.308,matched,score=0.720
cobeca,MORDISQUITO VAIN DISP 25G X24,5.73,,sin_match,sin_candidato
cobeca,MORINGA CAP X60 NAT PREM,5.73,,sin_match,sin_candidato
cobeca,MORRAL AMAZONIA GRIS GDE,22.5,,no_farmaco,
cobeca,MORRAL AMAZONIA ROJ,22.5,,no_farmaco,
cobeca,MORRAL PORTA LAPTOP ANIMAL PRINT GDE,27.5,,no_farmaco,
cobeca,MORRAL/LONCH/CART LOL SURPRISE,35,,no_farmaco,
cobeca,MORRAL/LONCH/CART MY LITTLE PONY,35,,no_farmaco,
cobeca,MORRAL/LONCH/CART SPIDERMAN,40.2,,no_farmaco,
cobeca,MORRAL/LONCH/CART TOP WING,61.45,,no_farmaco,
cobeca,MOSQUITAN SPR 100ML,4.23,,sin_match,sin_candidato
cobeca,MOSTAZA HEINZ 195G,1.84,,no_farmaco,
cobeca,MOSTAZA HONEY MUSTARD 310G,2.34,,no_farmaco,
cobeca,MOSTAZA MCCORMICK PICANTE 278G,2.34,,no_farmaco,
cobeca,MOSTAZA MCCORMICK PREPARADA 260G,2.17,,no_farmaco,
cobeca,MOTAS D/ALGODON AMY X50,2.39,,no_farmaco,
cobeca,MOTAS D/ALGODON CHICCO BABY SKIN X100,3.86,,no_farmaco,
cobeca,MOUSSE D/LIMP FAC CLARESS 120ML,9.91,,no_farmaco,
cobeca,MOUSSE D/LIMP INTIMO CLARESS 150CM3,10.93,,no_farmaco,
cobeca,MOUSSE INTIMO CUMLAUDE LAB PREBIOT 150ML,33.04,,no_farmaco,
cobeca,MOUSSE VIVO FRAMB 25G,2.1,,no_farmaco,
cobeca,MOVIMEX TAB 15MG X10 L.O,8.29,,sin_match,score_bajo
cobeca,"MOXIDEX SOL OFT 0,5%/0,1% 5ML L.O",18.75,E.F.40.494,matched,score=0.714
cobeca,MOXIFLOXACINA COMP REC 400MG X7 DORO,31.82,E.F.G.37.148,matched,score=0.733
cobeca,MOXIFLOXACINA TAB 400MG X10 CR BEL,10.05,E.F.G.36.486,matched,score=0.855
cobeca,MOXIFLOXACINA TAB 400MG X10 DIST,24.88,E.F.G.36.486,matched,score=0.855
cobeca,MOXIFLOXACINA TAB REC 400MG X5 CLX,12.39,E.F.G.37.302,matched,score=0.777
cobeca,MOXIFLOXACINA TAB REC 400MG X7 PHARME,14.97,E.F.G.37.148,matched,score=0.733
cobeca,MOXVAL TAB REC 400MG X5 VLM,13.66,,sin_match,score_bajo
cobeca,MR MUSCULO 5EN1 NATURALEZA 500ML,2.64,,no_farmaco,
cobeca,MR MUSCULO P/BAÑ REP 500ML,3.17,,no_farmaco,
cobeca,MR MUSCULO P/COCINA CITRUS 500ML,2.64,,no_farmaco,
cobeca,MUCLAR COMP 30MG/5MG X10 DLR,4.58,E.F.40.642,matched,score=0.938
cobeca,MUCLAR JBE 30MG/5MG/5ML 60ML DLR,6.02,E.F.40.642,matched,score=0.734
cobeca,MUCOBROL JBE 120ML COFA,2.17,E.F.20.385,matched,score=0.706
cobeca,MUCOFLEM JBE 240ML ARC IRIS,7.79,,sin_match,sin_candidato
cobeca,MUCOMAX JBE AD 30MG/5ML 120ML KIMIC,3.27,,sin_match,score_bajo
cobeca,MUCOMAX JBE PED 15MG/5ML 120ML KIMIC,3.75,,sin_match,score_bajo
cobeca,MUCOMAX PLUS SOL ORAL AD 30/5MG60ML KIMI,4.25,,sin_match,score_bajo
cobeca,MUCORAMA JBE 118ML VARG,5.43,,sin_match,score_bajo
cobeca,MUCOXOL JBE 30MG/5ML X 120ML,5.28,E.F.43.440,matched,score=0.734
cobeca,MULETA CANADIENSE DOVANT,19.43,,no_farmaco,
cobeca,MULETAS NEXT STEP T L,31.25,,no_farmaco,
cobeca,MULETAS UNIVERSALES AXILARES DOVANT T L,40.1,,no_farmaco,
cobeca,MULTI COLLAGEN PEPTIDES PVO 300G PHARMAC,28.75,,sin_match,sin_candidato
cobeca,MULTIDERM UNG 2% 15G BIOTECH,7.43,E.F.40.019,matched,score=0.629
cobeca,MULTIESPONJA SCOTCH-BRITE COLORS,2.56,,no_farmaco,
cobeca,MULTIHEAT ETER CAP X30 ETER,13.38,,sin_match,sin_candidato
cobeca,MULTIVINOL PRENATAL CAP X60 FC,12.08,,sin_match,sin_candidato
cobeca,MULTIVINOL TAB X30 FC,9.29,,sin_match,sin_candidato
cobeca,MULTIVIRAL CAP X30 MEY,13.34,E.F.11.776,matched,score=0.929
cobeca,MULTIVIT/GINSENG CAP X 60 HERBAPLANT,13.18,,sin_match,sin_candidato
cobeca,MULTIVITAMINICO CAP X30 LINOF,9.25,,sin_match,sin_candidato
cobeca,MULTIVITAMINICO CAP X60 PREV,15.72,,sin_match,sin_candidato
cobeca,MULTIVITAMINICO COMPLEJO B TABX30 BLUE/M,3.14,,no_farmaco,
cobeca,MUNCHYPS  YUQUITAS SALDAS 140G,2.94,,no_farmaco,
cobeca,MUNCHYPS TAJADITAS 150G,3.36,,no_farmaco,
cobeca,MUNCHYPS TOSTON ORIG 150G,2.96,,no_farmaco,
cobeca,MUNEQUERA UNIVERSAL  T/XL BEIGE,7.55,,no_farmaco,
cobeca,MUPIROCIN UNG X 30G DAC,6.95,,sin_match,score_bajo
cobeca,MUPROBAN UNG 2% 15G MEY,8.25,,sin_match,score_bajo
cobeca,MUPROBAN UNG 2% 30G MEY,13.12,,sin_match,score_bajo
cobeca,MUPROSKIN UNG 2% 15G TIAR,5.38,,sin_match,sin_candidato
cobeca,MUVETT TAB LP 300MG X20 VIV,9.74,E.F.38.101,matched,score=0.698
cobeca,MUXER CAP 500MG X30 HERB,10.78,,sin_match,sin_candidato
cobeca,MUXER CAP 500MG X60 HERB,12.86,,sin_match,sin_candidato
cobeca,MYCOFENTIN CREM TOPICA 2% 20G ELM,3.45,,sin_match,score_bajo
cobeca,MYCOFENTIN CREM VAG 2% 40G ELM,7.06,,sin_match,score_bajo
cobeca,N-ACETILCISTEINA SOB 600MG NAR X10 GEAG,18.34,,sin_match,score_bajo
cobeca,N-BUTILB D/HIOSCINA AMP 20MG/1ML X5 DIST,4.34,E.F.G.36.014,matched,score=0.769
cobeca,NAC CAP 600MG X100 NOW,35.06,,sin_match,sin_candidato
cobeca,NACLODIN TAB 0.150MG X 30,8.86,E.F.22.739,matched,score=0.880
cobeca,"NAFAZOL SOL NASAL 0,05% 15ML VIN",10.1,E.F.784,matched,score=0.665
cobeca,NAFINA CREM 1% 15G MEG,6.88,E.F.30.624,matched,score=0.688
cobeca,ÑAME SALVAJE CAP 365MG X30 HERB,9.35,,sin_match,sin_candidato
cobeca,ÑAME SALVAJE CAP 365MG X60 HERB,11.56,,sin_match,sin_candidato
cobeca,NAN OPTIPRO 1 5HMO 0-6M 400G,17.97,,no_farmaco,
cobeca,NAN OPTIPRO 1 5HMO 0-6M 900G,34.38,,no_farmaco,
cobeca,NAN OPTIPRO 2 5HMO 6-12M 400G,16.39,,no_farmaco,
cobeca,NAN OPTIPRO 3 5HMO +2AÑOS 800G,25.44,,no_farmaco,
cobeca,NAN PVO EXPERT PRO COMFORT 0-12M 400G,19.52,,sin_match,sin_candidato
cobeca,NAN PVO NESTLE S/LACTOSA 400G,19.43,,sin_match,sin_candidato
cobeca,NANO CREAN CREM A/PAÑALITIS 50G CHEM/S,5.14,,sin_match,sin_candidato
cobeca,NAPROXENO COMP 250MG X10 CCM,3.06,E.F.G.34.793,matched,score=0.878
cobeca,NAPROXENO SOD COMP REC 275MG X10 LETI,3.72,E.F.43.615,matched,score=0.604
cobeca,NAPROXENO TAB 500MG X 10 KMPLUS,2.79,E.F.43.615,matched,score=0.713
cobeca,"NARCAMED SOL INY 0,4MG/ML 1ML X5 PHAR",4.29,,sin_match,sin_candidato
cobeca,"NAS GTS SOL NASAL AD 0,1% 15ML L.O",2.73,E.F.13.715,matched,score=0.725
cobeca,"NAS GTS SOL NASAL PED 0,05% 15ML L.O",2.73,,sin_match,score_bajo
cobeca,NASAMIST NEILMED HIPERTONICO SPRAY 125ML,13.36,,no_farmaco,
cobeca,NASAMIST NEILMED SPRAY 75ML,10.6,,no_farmaco,
cobeca,NASIN SOL NASAL AD 15ML LETI,9.12,E.F.13.715,matched,score=0.688
cobeca,NATUCHIPS PLATAN MADURITOS 150G,4.46,,no_farmaco,
cobeca,NATUCHIPS PLATANITOS 250G,4.75,,no_farmaco,
cobeca,NATUCHIPS PLATANO NAT 150G,3.05,,no_farmaco,
cobeca,NATUCHIPS PLATANO ONDULADO 145G,3.17,,no_farmaco,
cobeca,NATURALAX CAP X30 JRC,10.78,,sin_match,sin_candidato
cobeca,NEBIVOLATT TAB 5MG X 30,9.09,,sin_match,sin_candidato
cobeca,NEBLUM TAB REC 100MG X30 FARMA,35.48,,sin_match,score_bajo
cobeca,NEBLUM TAB REC 200MG X30 FARMA,53.57,,sin_match,score_bajo
cobeca,NEBULIZADOR COMPACTO FAMILIAR REIER,40.92,,no_farmaco,
cobeca,NECTAR SAN SIMON DURAZNO 1L,2.12,,no_farmaco,
cobeca,NECTAR SAN SIMON DURAZNO 200ML,0.65,,no_farmaco,
cobeca,NECTAR SAN SIMON MANZ 1L,2.12,,no_farmaco,
cobeca,NECTAR SAN SIMON MANZANA 200ML,0.65,,no_farmaco,
cobeca,NECTAR SAN SIMON NAR 1L,2.64,,no_farmaco,
cobeca,NECTAR SAN SIMON NARANJA 200ML,0.84,,no_farmaco,
cobeca,NECTAR SAN SIMON PERA 1L,2.12,,no_farmaco,
cobeca,NECTAR SAN SIMON PERA 200ML,0.65,,no_farmaco,
cobeca,NECTAR TIGO DINO FRUTI DURAZ 200ML,0.59,,no_farmaco,
cobeca,NECTAR TIGO DINO FRUTI MANZ 200ML,0.59,,no_farmaco,
cobeca,NECTAR TIGO DINO FRUTI PERA 200ML,0.59,,no_farmaco,
cobeca,NECTAR VIVO PIÑA S/AZU 190ML TRIPACK X3,1.85,,no_farmaco,
cobeca,NEFROTAL AMLO COMP 50MG/5MG X30 MEG,12.6,E.F.41.823,matched,score=0.647
cobeca,NEFROTAL COM 50 MG X 30,4.94,E.F.31.384,matched,score=0.702
cobeca,NEFROTAL COMP 100MG X30 MEG,7.92,E.F.35.488,matched,score=0.693
cobeca,NEFROTAL COMP 50MG X15 MEG,3.55,E.F.31.384,matched,score=0.674
cobeca,NEFROTAL COMP REC 100MG X10 MEG,2.86,,sin_match,score_bajo
cobeca,NEFROTAL COMP REC 100MG X14 MEG,4.73,,sin_match,score_bajo
cobeca,"NEFROTAL H COMP 100/12,5MG X10 MEG",4.29,E.F.31.384,matched,score=0.707
cobeca,NEFROTAL H COMP 100/25MG X10 MEG,4.55,E.F.35.489,matched,score=0.669
cobeca,"NEFROTAL H COMP 50MG/12,5 X14 MEG",5.55,E.F.31.384,matched,score=0.674
cobeca,"NEFROTAL H COMP REC 100MG/12,5 X30 MEG",11.88,,sin_match,score_bajo
cobeca,NEFROTAL H COMP REC 100MG/25MG X30 MEG,15.21,,sin_match,score_bajo
cobeca,NEMAX SOL RECTAL 16%/6% AD 133ML CR FAHD,5.5,,sin_match,score_bajo
cobeca,NEMAX-P FCO SOL PED 16% 66.6ML CR FAHD,5.5,,sin_match,score_bajo
cobeca,NEMAZOL SUSP 400MG X 10ML,2.16,,sin_match,sin_candidato
cobeca,NEMODINE COMP REC 30MG X20 DLR,11.48,,sin_match,score_bajo
cobeca,NEMODINE COMP REC 40MG X20 DLR,12.93,,sin_match,score_bajo
cobeca,NEMODINE COMP REC 90MG X10 DLR,13.23,,sin_match,score_bajo
cobeca,NEOMICINA/BACIT CREM 500IU/5MG 15G KMP,5.73,E.F.43.802,matched,score=0.640
cobeca,"NEOSTIGMINA INY 0,5MG/1ML X3 MEG",10.78,E.F.G.7.099,matched,score=0.875
cobeca,"NEOSTIGMINA NEOPRA INY 0,5MG/1ML X6 ADN",5.78,E.F.G.7.099,matched,score=0.754
cobeca,NERSAN CAP 300MG X90 ARC IRIS,10.65,,sin_match,sin_candidato
cobeca,NESCAFE DOLCE GUSTO AU LAIT 110G CAP X10,11.66,,sin_match,sin_candidato
cobeca,NESCAFE DOLCE GUSTO CASEIRO 80G CAP X10,11.66,,sin_match,sin_candidato
cobeca,NESCAFE DOLCE GUSTO ESPRES 60G CAP X10,11.66,,sin_match,sin_candidato
cobeca,NESCAFE TRADICION FRASCO 170G,12.83,,no_farmaco,
cobeca,NESCAFE TRADICION FRASCO 85G,6.45,,no_farmaco,
cobeca,NESTEA DURAZNO 240G,3.53,,no_farmaco,
cobeca,NESTEA DURAZNO 450G,6.52,,no_farmaco,
cobeca,NESTEA DURAZNO 90G X12,17.92,,no_farmaco,
cobeca,NESTEA LIGHT DISP 55G X10,12.78,,sin_match,sin_candidato
cobeca,NESTEA LIMON 240G,3.53,,no_farmaco,
cobeca,NESTEA LIMON 450G,6.52,,no_farmaco,
cobeca,NESTEA LIMON 520G,6.44,,no_farmaco,
cobeca,NESTEA LIMON DISP 90G X12,17.92,,sin_match,score_bajo
cobeca,NESTEA PARCHITA DISP 90G X12,17.92,,sin_match,sin_candidato
cobeca,NESTEA TE VERDE C/LIMON DISP 48G X 10,12.78,,sin_match,score_bajo
cobeca,NESTOGENO 1 COMF GROW 0-6M 400G,10.6,,no_farmaco,
cobeca,NESTOGENO 2 COMF GROW 6-24M 400G,9.86,,no_farmaco,
cobeca,NESTUM 3 CEREALES INF BOLSA X 500G,8,,no_farmaco,
cobeca,NETUNAL SUSP/ORAL X 200ML,25.1,,sin_match,sin_candidato
cobeca,NEULEVAL TAB REC 500MG X10 VLM,9.82,E.F.41.608,matched,score=0.713
cobeca,NEULEVAL TAB REC 750MG X5 VLM,7.34,E.F.41.609,matched,score=0.713
cobeca,NEURIBE CAP/BLD 100MG/100MG/5MG X30 VIV,7.84,,sin_match,score_bajo
cobeca,NEURIXA CAP 150MG X14 FAR,6.64,E.F.38.422,matched,score=0.700
cobeca,NEURIXA CAP 75MG X14 FAR,3.68,E.F.38.421,matched,score=0.681
cobeca,NEUROMIX AMP SOL INY 3ML X1 LETI,5.03,,sin_match,score_bajo
cobeca,NEUROMIX AMP SOL INY 3ML X3 LETI,6.72,,sin_match,score_bajo
cobeca,NEUROMIX COMP REC X30 LETI,9.46,E.F.43.041,matched,score=0.603
cobeca,NEUROVITAL PVO FRUT ROJ 100G,11.05,,sin_match,sin_candidato
cobeca,NEUTEROL CAP X60 NAT PREM,6.61,,sin_match,sin_candidato
cobeca,"NEVAC SUSP OFT 0,1% 5ML L.O",25.35,,sin_match,score_bajo
cobeca,NIFED SOL COMP REC 30MG X30 CLX,19.77,,sin_match,sin_candidato
cobeca,NIFED SOL COMP REC LC 60MG X30 CLX,24.65,,sin_match,sin_candidato
cobeca,NIFEDIPINA CAP 10MG X14 PHARME,3.66,E.F.G.28.779,matched,score=0.859
cobeca,NIFEDIPINA COMP 10MG X30 LETI,9.08,E.F.G.25.984,matched,score=0.902
cobeca,NIFEDIPINA LP TAB 30 MG X 30 LAT,6.49,E.F.G.25.984,matched,score=0.624
cobeca,NIFEDIPINA LP TAB 30MG X30 CR DIST,5.44,,sin_match,score_bajo
cobeca,NIFEDIPINA SOL ORAL GTAS 20MG/ML CR LATT,5.19,,sin_match,score_bajo
cobeca,NIFEDIPINA TAB 20MG X30 CR LATT,3.9,E.F.G.25.984,matched,score=0.772
cobeca,NIFEDIPINA TAB 30MG X10 CR BEL,1.08,E.F.G.25.984,matched,score=0.772
cobeca,NIFEDIPINA TAB 30MG X30 ANG/H,3.14,E.F.G.43.990,matched,score=0.796
cobeca,NIFEDIPINA TAB REC LS 30MG X30 CR DAC,4.17,,sin_match,score_bajo
cobeca,NIMODIPINA SOL INY IV 10MG/50ML X1 ADN,18.34,,sin_match,score_bajo
cobeca,NIMODIPINA TAB 30MG X30 ANG/H,13.05,E.F.G.38.246,matched,score=0.797
cobeca,NINAZO GTS AD 15ML FAR,2.83,,sin_match,score_bajo
cobeca,NIOSILIN PMDA 20G VARG,6.09,,no_farmaco,
cobeca,NIPE GTS PED 15ML VARG,3.74,,sin_match,score_bajo
cobeca,NIPE JBE X 120 ML,4.97,E.F.35.202,matched,score=0.700
cobeca,NIPE PLUS GRANU FRUTAS TROPI SOB X6 VARG,6.56,,sin_match,score_bajo
cobeca,NISTATINA JBE 100000UI/5ML X 30ML,3.4,E.F.G.44.261,matched,score=0.760
cobeca,NISTATINA SUSP ORAL PED 100000UI UNIPH,4.57,,sin_match,score_bajo
cobeca,NITAX TAB REC 500MG X6 PHARME,15.65,E.F.42.837,matched,score=0.650
cobeca,NITAZOXAMIDA SUSP 100MG/5ML 30ML ZUZU,4.21,,sin_match,sin_candidato
cobeca,NITAZOXANIDA TAB REC 500MG X6 PHARME,12.7,E.F.G.37.921,matched,score=0.650
cobeca,NITRODET TAB 50MG X 30,4.68,,sin_match,sin_candidato
cobeca,NITROFURANTOINA CAP 100MG X300 LAPROFF,90,E.F.G.43.051,matched,score=0.709
cobeca,NITROFURANTOINA TAB 100MG X10 CLEO,2.05,E.F.G.43.051,matched,score=0.878
cobeca,NITROFURANTOINA TAB 100MG X10 KMP,2.16,E.F.G.43.051,matched,score=0.878
cobeca,NITROFURANTOINA TAB 50MG X10 KMP,2.08,E.F.G.44.220,matched,score=0.859
cobeca,NITROFURANTOINA TAB/REC 50MG X 30 CLX,4.06,E.F.G.44.220,matched,score=0.780
cobeca,NITROFURANTOINA TAB/REC 50MG X 30 DAC,4.42,E.F.G.44.220,matched,score=0.737
cobeca,"NITROFURAZONA UNG 0,2MG 30G HM",3.49,E.F.G.34.437,matched,score=0.783
cobeca,NODOL PARCHE TERMICO X3 DOLLY,10.24,,no_farmaco,
cobeca,NOGINOX CREM VAG 40G PHARME,6.91,,sin_match,score_bajo
cobeca,NONAFOL SOL GTS 10MG/ML 15ML MEY,7.96,E.F.42.092,matched,score=0.623
cobeca,NONAFOL TAB 10MG X10 MEY,1.13,E.F.42.319,matched,score=0.641
cobeca,NONAFOL TAB 10MG X20 MEY,2.09,E.F.42.319,matched,score=0.641
cobeca,NONAFOL TAB 10MG X30 MEY,2.78,E.F.42.319,matched,score=0.641
cobeca,NONAFOL TAB 5MG X10 MEY,1,E.F.42.320,matched,score=0.674
cobeca,NONAFOL TAB 5MG X20 MEY,1.64,E.F.42.320,matched,score=0.674
cobeca,NONAFOL TAB 5MG X30 MEY,2.47,E.F.42.320,matched,score=0.674
cobeca,NONNA JBE PREMIUM 180ML NAT PREM,6.3,,sin_match,sin_candidato
cobeca,NOODLES KALDINI CUP POLLO 60G,1.6,,no_farmaco,
cobeca,NOODLES KALDINI POLLO 70G,0.84,,no_farmaco,
cobeca,"NOPUCID CHAMPU 2EN1 0,02% 120ML",3.78,,sin_match,sin_candidato
cobeca,NOR-GYNA AMP 50MG/5MG 1ML X1 CR 2N,3.25,,sin_match,sin_candidato
cobeca,NORMIX TAB 200MG X12 FAR,12.55,E.F.36.695,matched,score=0.635
cobeca,"NORMOSILEN ANILLO VAG 0,120/0,015MG LETI",38.23,,no_farmaco,
cobeca,NORSINA TAB 500MG/10MG X12 BIOT,6.62,E.F.35.872,matched,score=0.629
cobeca,NORTRICOL CAP 200MG X20 MEY,37.96,E.F.43.718,matched,score=0.657
cobeca,NOTOLAC TAB 20MG X10 FAR,4.42,E.F.27.271,matched,score=0.859
cobeca,NOTOLAC TAB SL 30MG X4 FAR,3.74,E.F.27.271,matched,score=0.621
cobeca,NOTUSIN JBE PED 2MG/20MG/ML 120ML SIEG,8.66,,sin_match,sin_candidato
cobeca,NOVACODIN JBE REFORMUL 120ML VARG,4.84,,sin_match,score_bajo
cobeca,NOVARONA COMP 200MG X10 DLR,7.23,E.F.23.563,matched,score=0.757
cobeca,NOVE PAR JBE COMPLEJO B+CA 90ML VIN,3.74,,sin_match,score_bajo
cobeca,NOVHEPAR B12 JBE 180ML VIN,6.71,,sin_match,score_bajo
cobeca,NOXPIRIN DIA 15G SOB X6 MEY,9.77,,sin_match,score_bajo
cobeca,NOXPIRIN GRIP TAB BLIS 4X25 MEY,42.18,,sin_match,score_bajo
cobeca,NOXPIRIN GRIP TAB X12 MEY,7.9,E.F.42.194,matched,score=0.661
cobeca,NOXPIRIN GTS 15ML MEY,5.69,,sin_match,score_bajo
cobeca,NOXPIRIN NOCH 10G SOB DISP X12 MEY,18.65,,sin_match,score_bajo
cobeca,NOXPIRIN NOCH 10G SOB X24 MEY,31.66,,sin_match,score_bajo
cobeca,NOXPIRIN NOCH 10G SOB X6 MEY,11.66,,sin_match,score_bajo
cobeca,NOXPIRIN SOB DIA 15G DISP X12,19.55,,sin_match,score_bajo
cobeca,NOXPIRIN SOB DIA 15G X 24,39.1,,sin_match,score_bajo
cobeca,"NOXPIRIN SOL ORAL125/0,5MG/5ML 120ML MEY",4.81,,sin_match,score_bajo
cobeca,"NOXPIRIN SOL ORAL325/1,25MG/5ML120ML MEY",8.95,,sin_match,score_bajo
cobeca,NUCITA CACAO 200G,4.84,,no_farmaco,
cobeca,NUCITA CHOCOLATE ENVASE TRADICIONAL 280G,5.73,,no_farmaco,
cobeca,NUCITA DOBLE SABOR 200G,5.13,,no_farmaco,
cobeca,NUCITA DOBLE SABOR FRASCO 85G,2.43,,no_farmaco,
cobeca,NUCITA MERIENDITA DOBLE SABOR X12 20G,6.21,,no_farmaco,
cobeca,NUCITA TUBITO CHOCO DISP X12 35G,13.29,,sin_match,sin_candidato
cobeca,NUCITA TUBITO DOBLE SABOR DISP X12 35G,13.29,,sin_match,sin_candidato
cobeca,NUTRA TRAINING PVO PRO SPORT 200MG,17.13,,sin_match,sin_candidato
cobeca,"NUTRAMINT SOL  8,5% 500ML X1 BHR",47.45,,sin_match,sin_candidato
cobeca,NUTRAPLANT DETOX 200G,13.19,,no_farmaco,
cobeca,NUTRAPLANT PVO FITNESS 200G,13.14,,sin_match,sin_candidato
cobeca,NUTRAPLANT REDOX 200G,14.86,,no_farmaco,
cobeca,NUTRAPLAT PVO SUPERFOOD 200G,13.39,,sin_match,sin_candidato
cobeca,NUTRATRAINIG PRO AMINE 200G,19.77,,no_farmaco,
cobeca,NUTRATRAINIG PROFIT 200G,15.84,,no_farmaco,
cobeca,NUTRIBELA BIOKERATINA 300ML,4.85,,no_farmaco,
cobeca,NUTRIFARM CAP BLD HAIR/NAILS X30 G PHAR,9.23,,sin_match,sin_candidato
cobeca,NUTRISERUM BIO+ IVY 30CM3,11.89,,no_farmaco,
cobeca,NUTRIVIDA PRENATAL CAP X60 ETER,22.4,,sin_match,sin_candidato
cobeca,NYTAXIN CAP BLD 500MG X6 VIV,11.36,E.F.37.707,matched,score=0.606
cobeca,"OBBIAT CAP 2MG/0,03MG X21 CR CCM",15.01,,sin_match,score_bajo
cobeca,OBLEAS MORDISQUITOS CHOCOLATE 150G,1.56,,no_farmaco,
cobeca,OBLEAS MORDISQUITOS FRESA 150G,1.44,,no_farmaco,
cobeca,OBTURADOR/CATETER PLUSMEDIC AMARIL X100,16.17,,no_farmaco,
cobeca,OCUPRED SUSP OFT 1%  5ML L.O,15.38,,sin_match,score_bajo
cobeca,OFAFLAN COMP 50MG X10 OFA,1.36,E.F.38.888,matched,score=0.630
cobeca,"OFAFLAN SUP PED 12,5MG X6 ELM",5.01,,sin_match,score_bajo
cobeca,OFAFLAN SUSP GTS 15MG/ML 30ML ELM,2.17,,sin_match,score_bajo
cobeca,OFAFLAN SUSP ORAL 2MG/ML 120ML ELM,8.12,E.F.38.721,matched,score=0.869
cobeca,OFTABRIM SOL OFT 0.20% X5ML CR 2N,4.6,,sin_match,sin_candidato
cobeca,OFTAINE SOL OFT 15ML L.O,36.27,,sin_match,score_bajo
cobeca,OFTERRA UNG OFT X 7 G,21.29,E.F.26.287,matched,score=0.692
cobeca,OJOS MOVILES MULTICOLOR  BAMBARY,3,,no_farmaco,
cobeca,OLANZAPINA TAB 5MG X30 CLEO,25.97,E.F.G.42.964,matched,score=0.891
cobeca,OLMECAR COMP REC 20MG X30 LETI,15.07,E.F.39.403,matched,score=0.622
cobeca,OLMECAR TAB 40MG X30 LETI,23.81,E.F.39.297,matched,score=0.859
cobeca,OLMESART MEDO TAB REC 20MG X30 PHARME,8.44,,sin_match,sin_candidato
cobeca,OLMESART MEDOX/HC TAB 40/12.5MGX30 LA SA,17.09,,sin_match,sin_candidato
cobeca,"OLMESART/HCT TAB REC 40/12,5MGX10 PHARME",6.1,,sin_match,score_bajo
cobeca,OLMESARTAN MED/HCT COM 20/12.5MG X30 LET,22.16,E.F.G.40.904,matched,score=0.723
cobeca,OLMESARTAN MED/HCT COM 40/12.5MG X30 LET,22.94,E.F.G.40.904,matched,score=0.723
cobeca,OLMESARTAN MEDO TAB 20MG X10 PHARME,3.86,E.F.G.42.752,matched,score=0.813
cobeca,OLMESARTAN MEDO TAB 20MG X30 ALESS,3.96,E.F.G.40.779,matched,score=0.767
cobeca,OLMESARTAN MEDO TAB 40MG X10 PHARME,7.03,E.F.G.42.751,matched,score=0.813
cobeca,OLMESARTAN MEDO TAB 40MG X30 ALESS,5.85,E.F.G.40.904,matched,score=0.767
cobeca,OLMESARTAN MEDOXO TAB REC 40MGX30 PHARME,15.04,E.F.G.42.751,matched,score=0.689
cobeca,OLMESARTAN MEDOXOM COMP REC 20MGX14 LETI,5.55,E.F.G.42.752,matched,score=0.702
cobeca,OLMESARTAN MEDOXOM COMP REC 40MGX14 LETI,8.86,E.F.G.42.751,matched,score=0.702
cobeca,OLMESARTAN MEDOXOMIL COM/REC 20MG X 30,9.64,E.F.G.42.752,matched,score=0.791
cobeca,OLMESARTAN MEDOXOMIL COMP/REC 40MG X 30,16.6,E.F.G.42.751,matched,score=0.791
cobeca,OLMESARTAN MEDOXOMIL TAB 20MG X30 BLUE/M,3.96,E.F.G.42.752,matched,score=0.878
cobeca,OLMESARTAN TAB REC 20MG X30 KMP,4.73,E.F.G.42.752,matched,score=0.737
cobeca,OLMESARTAN TAB REC 40MG X30 KMP,7.88,E.F.G.42.751,matched,score=0.737
cobeca,OLMESARTAN TABR 20MG X 30 CALOX,6.49,,no_farmaco,
cobeca,OLMESARTAN TABR 40MG X 30 CALOX,13.01,,no_farmaco,
cobeca,OLMETIQUE TAB 20MG X30 PHARME,9.49,E.F.42.770,matched,score=0.676
cobeca,"OLTANA H COMP REC 40MG/12,5MG X30 EURO",15.83,,sin_match,score_bajo
cobeca,OMEBLOC PVO LIOF 40MG X10 BHR,20.79,,sin_match,sin_candidato
cobeca,OMEGA 3 CAP 1000MG X100 NOW,19.03,,sin_match,sin_candidato
cobeca,OMEGA 3 CAP 1000MG X45 NOW,12.53,,sin_match,sin_candidato
cobeca,OMEGA 3 CAP 1000MG X60 ARC IRIS,15.86,,sin_match,sin_candidato
cobeca,OMEGA 3 CAP BLD 1000MG X30 NOW,10.39,,sin_match,sin_candidato
cobeca,OMEGA 3 CAP BLD 1000MG X30 SAAS,9.66,,sin_match,sin_candidato
cobeca,OMEGA 3 CAP BLD 1000MG X30 VAL,12.17,,sin_match,sin_candidato
cobeca,OMEGA 3 CAP BLD 1000MG X60 HERB,14.81,,sin_match,sin_candidato
cobeca,OMEGA 3 CAP BLD 1000MG X60 PREV,15.72,,sin_match,sin_candidato
cobeca,OMEGA 3 CAP BLD 1000MG X60 VAL,17.97,,sin_match,sin_candidato
cobeca,OMEGA 3 CAP BLD 2000MG X60 PHARMAC,16.88,,sin_match,sin_candidato
cobeca,OMEGA 3 PLUS CAP BLD 1250MG X60 PREV,17.77,,sin_match,sin_candidato
cobeca,OMEGA 3/6/9 CAP BLD 1000MG X60 HERB,14.81,,sin_match,sin_candidato
cobeca,OMEGA 3/6/9 CAP X60 ARC IRIS,15.86,,sin_match,sin_candidato
cobeca,OMEPRAZOL CAP 20 MG X 10 KMPLUS,1.32,E.F.G.27.785,matched,score=0.856
cobeca,OMEPRAZOL CAP 20 MG X 30 LA SANTE,6.31,E.F.G.28.613,matched,score=0.827
cobeca,OMEPRAZOL CAP 20MG X10 FMED,1.07,E.F.G.43.675,matched,score=0.859
cobeca,OMEPRAZOL CAP 20MG X14 CLX,2.91,E.F.G.27.785,matched,score=0.859
cobeca,OMEPRAZOL CAP 20MG X20 CR DAC,2.25,E.F.G.43.675,matched,score=0.859
cobeca,OMEPRAZOL CAP 20MG X28 CLX,3.96,E.F.G.27.785,matched,score=0.859
cobeca,OMEPRAZOL CAP 20MG X30 L.O,7.79,E.F.G.27.785,matched,score=0.742
cobeca,OMEPRAZOL CAP 20MG X30 VARG,3.74,E.F.G.43.675,matched,score=0.859
cobeca,OMEPRAZOL CAP 20MG X7 L.O,3.82,E.F.G.27.785,matched,score=0.742
cobeca,OMEPRAZOL CAP 20MG X7 VARG,1.42,E.F.G.43.675,matched,score=0.859
cobeca,OMEPRAZOL CAP 20MG X8 LETI,3.44,E.F.G.28.613,matched,score=0.859
cobeca,OMEPRAZOL CAP 20MG X8 PHARME,2.78,E.F.G.43.675,matched,score=0.859
cobeca,OMEPRAZOL CAP 20MG/MCG DISP 10X7 VARG,8.43,,sin_match,score_bajo
cobeca,OMEPRAZOL CAP 40MG X 30 OFTALMI,14.66,E.F.G.42.404,matched,score=0.746
cobeca,OMEPRAZOL CAP 40MG X 7 OFTALMI,5.84,E.F.G.42.404,matched,score=0.746
cobeca,OMEPRAZOL CAP 40MG X30 PHARME,15.21,E.F.G.41.965,matched,score=0.797
cobeca,OMEPRAZOL CAP GAST 40MG X10 LETI,7.36,E.F.G.41.965,matched,score=0.766
cobeca,OMEPRAZOL CAP/MICRO G 20MG X 30 GENVEN,7.11,E.F.G.28.613,matched,score=0.720
cobeca,OMEPRAZOL JUVILOC TAB 20MG X20 ADN,1.95,E.F.44.039,matched,score=0.641
cobeca,OMEPRAZOL PVO P/SOL INY 40MG X1 CR DIST,2.84,E.F.G.33.836,matched,score=0.859
cobeca,OMMUNAL CAP 7MG X10 LETI,31.43,P.B.1.221,matched,score=0.844
cobeca,ONDANSETRON COMP 4MG X10 MEG,7.27,E.F.G.30.342,matched,score=0.935
cobeca,ONDANSETRON COMP 8MG X10 MEG,10.26,E.F.G.30.344,matched,score=0.935
cobeca,ONDANSETRON INY 2 MG/ML 4MG X1 MEG,4.42,E.F.G.37.763,matched,score=0.891
cobeca,ONDANSETRON INY 2MG/ML 8MG X1 MEG,6.62,E.F.G.30.228,matched,score=0.783
cobeca,ONDANSETRON INY IV/IM 8MG/4ML X5 DIST,15.51,E.F.G.37.763,matched,score=0.672
cobeca,ONDANSETRON SOL INY IM/IV 8MG/4ML X1 ADN,2.62,E.F.G.37.763,matched,score=0.672
cobeca,ONDANSETRON SOL ORAL 4MG/5ML 50ML MEG,8.83,E.F.G.42.197,matched,score=0.886
cobeca,ONDANSETRON TAB 4MG X10 HM,2.52,E.F.G.30.342,matched,score=0.891
cobeca,ONDANSETRON TAB 8MG X10 ADN,4.45,E.F.G.30.344,matched,score=0.891
cobeca,ONDANSETRON TAB 8MG X10 CLEO,6.9,E.F.G.30.344,matched,score=0.891
cobeca,ONDANSETRON TAB 8MG X10 HM,3.42,E.F.G.30.344,matched,score=0.891
cobeca,ONDATRIN AMP 2MG/4ML X1 BHR,7.62,E.F.35.150,matched,score=0.759
cobeca,ONDATRIN AMP 4MG/2ML X5 BHR,17.14,E.F.35.150,matched,score=0.672
cobeca,ONDAZIN AMP 8MG/4ML X 10 BLUE/M,21.19,,sin_match,sin_candidato
cobeca,ONOTO LIQ MCCORMICK 154G,1.74,,no_farmaco,
cobeca,"OPAT SOL OFT 0,1% 5ML L.O",10.02,,sin_match,score_bajo
cobeca,OPRANEX CAP 20MG X30 BLUE/M,2.36,,sin_match,sin_candidato
cobeca,OPRANEX PVO LIOF INY 40MG X1 BLUE/M,1.58,,sin_match,sin_candidato
cobeca,"ORALZINC PVO 23,21G COCO SOB X1 VARG",5.27,,sin_match,score_bajo
cobeca,ORALZINC PVO SOL ORAL FRUTAS TROP VARG,5.27,E.F.44.637,matched,score=0.622
cobeca,ORALZINC SOB MANDA X1 ZUO,5.27,,sin_match,score_bajo
cobeca,OREGANO MCCORMICK ENTERO 15G,3.17,,no_farmaco,
cobeca,OREGANO MCCORMICK MOLIDO 40G,3.16,,no_farmaco,
cobeca,ORLIDIET CAP 120MG X30 MEG,23.9,E.F.39.093,matched,score=0.808
cobeca,ORLIDIET CAP 60MG X30 MEG,14.68,E.F.40.197,matched,score=0.788
cobeca,ORLISTAT CAP 120MG X30 VIV,18.74,E.F.G.36.024,matched,score=0.878
cobeca,OROZIM COMP REC 192MG X10 BIOT,8.04,,sin_match,sin_candidato
cobeca,OROZIM COMP REC X20 BIOTECH,14.09,,sin_match,sin_candidato
cobeca,OSMIXACIN SOL INY 500MG/100ML ZUZU,3.4,,sin_match,sin_candidato
cobeca,OSTEOVIT CAP 500MG X60 HERB,9.62,,sin_match,sin_candidato
cobeca,"OTAN GTS 0,10/4MG 5ML VIN",15.27,,sin_match,score_bajo
cobeca,OTINUV SOL GTAS 5ML NUV,6.27,,sin_match,sin_candidato
cobeca,OTOCORT SOL OTICA 1MG/5MG/5000UI 5ML L.O,7.61,E.F.8.463,matched,score=0.712
cobeca,OTORIN +1 X 30ML,4.66,,no_farmaco,
cobeca,OVOMALTINA MAXI TUBO 100G,3.38,,no_farmaco,
cobeca,OVOMALTINA TUBO 35G X 3PACK,3.46,,no_farmaco,
cobeca,OVOMALTINA UNTABLE X 300G,4.95,,no_farmaco,
cobeca,"OVOREST TAB 0,15/0,03/75MG X28 CAPSUV",4.56,,sin_match,sin_candidato
cobeca,OXCARBAZEPINA TAB 300MG X30 ARVEST,7.62,E.F.G.43.862,matched,score=0.721
cobeca,OXCARBAZEPINA TAB 300MG X30 CLEO,10.47,E.F.G.43.862,matched,score=0.878
cobeca,OXCARBAZEPINA TAB 300MG X30 CR LATT,10.39,E.F.G.43.862,matched,score=0.878
cobeca,OXIDO D/CINC UNG 20% 30G LYA,4.42,,sin_match,score_bajo
cobeca,OXIDREN COMP 150MG X1 LETI,16.41,E.F.38.580,matched,score=0.700
cobeca,OXINORM CAP X30,18.86,,sin_match,sin_candidato
cobeca,"OXITETRA/POL UNGOFT 0,5%/10000UI6G CRZUK",18.18,,no_farmaco,
cobeca,OXOLAM/CITRAT JBE 50 MG/5ML X120ML LETI,7,,sin_match,score_bajo
cobeca,OXOLAMINA JBE AD 120ML VLM,4.16,E.F.G.25.936,matched,score=0.609
cobeca,OXOLAMINA JBE PED 120ML VLM,4.1,E.F.G.26.219,matched,score=0.613
cobeca,PALETA D/MADERA PEQUE M/COL,2.98,,no_farmaco,
cobeca,PALOMITAS GERBER 35G X15,38.6,,no_farmaco,
cobeca,"PALONOSETRON AMP 0,25MG/5ML MEDV",63.6,E.F.G.41.149,matched,score=0.848
cobeca,PAÑAL CHICCO BABY SKIN TALLA G X 20,5.67,,no_farmaco,
cobeca,PAÑAL CHICCO BABY SKIN TALLA M X 20,5.08,,no_farmaco,
cobeca,PAÑAL CHICCO BABY SKIN TALLA XG X 20,5.88,,no_farmaco,
cobeca,PAÑAL CHICCO BABY SKIN XXG X20,5.71,,no_farmaco,
cobeca,PAÑAL HUGGIES ACTIVE SEC G X25,11.87,,no_farmaco,
cobeca,PAÑAL HUGGIES ACTIVE SEC XG X25,15.44,,no_farmaco,
cobeca,PAÑAL HUGGIES ACTIVE SEC XXG X25,16.76,,no_farmaco,
cobeca,PAÑAL HUGGIES NATCARE M X 25,10.94,,no_farmaco,
cobeca,PAÑAL HUGGIES TRIPLE PROT G X 20,6.22,,no_farmaco,
cobeca,PAÑAL HUGGIES TRIPLE PROT XG X 20,7.61,,no_farmaco,
cobeca,PAÑAL HUGGIES TRIPLE PROT XXG X 20,8.27,,no_farmaco,
cobeca,PAÑAL MI BB +13KG T XG X10,2.8,,no_farmaco,
cobeca,PAÑAL MI BB 10-13KG T X10,2.68,,no_farmaco,
cobeca,PAÑAL MI BB 5-10KG T M X10,2.55,,no_farmaco,
cobeca,PAÑAL MI BB 5-10KG T M X20,4.78,,no_farmaco,
cobeca,PAÑAL MI BB EX GDE X20,5.35,,no_farmaco,
cobeca,PAÑAL MI BB EX GDE X40,10,,no_farmaco,
cobeca,PAÑAL MI BB GDE X40,9.55,,no_farmaco,
cobeca,PAÑAL MI BB MED X40,9.08,,no_farmaco,
cobeca,PAÑAL MI BB T G 10-13KG X20,5.03,,no_farmaco,
cobeca,PAÑAL MIMLOT AD T L X8,7.4,,no_farmaco,
cobeca,PAÑAL MIMLOT AD T M X8,6.19,,no_farmaco,
cobeca,PAÑAL MIMLOT BEBE T XXG X18,5.85,,no_farmaco,
cobeca,PAÑAL MIMLOT T G X20,5.85,,no_farmaco,
cobeca,PAÑAL MIMLOT T M X22,5.85,,no_farmaco,
cobeca,PAÑAL MIMLOT T P X24,5.85,,no_farmaco,
cobeca,PAÑAL MIMLOT T XG X18,5.85,,no_farmaco,
cobeca,PAÑAL MIMLOT TIPO PANTS AD T G X8,10.15,,no_farmaco,
cobeca,PAÑAL MIMLOT TIPO PANTS AD T M X9,10.15,,no_farmaco,
cobeca,PAÑAL MIMLOT TIPO PANTS AD T XG X7,9.89,,no_farmaco,
cobeca,PAÑAL SECUREZZA CLASSIC M AD X20,17.24,,no_farmaco,
cobeca,PAÑAL SECUREZZA CLASSIC TALLA L X20,20.34,,no_farmaco,
cobeca,PAÑAL SECUREZZA COMFORT M AD X20,19.36,,no_farmaco,
cobeca,PAÑAL SECUREZZA COMFORT MED X6,6.55,,no_farmaco,
cobeca,PAÑAL SECUREZZA COMFORT T/L P/PACKX20,21.94,,no_farmaco,
cobeca,PAÑAL SECUREZZA COMFORT T/L X6,7.72,,no_farmaco,
cobeca,PAÑAL SECUREZZA INCONTINENCIA CLAS GDEX6,7.63,,no_farmaco,
cobeca,PAÑAL SECUREZZA INCONTINENCIA CLAS MEDX6,6.47,,no_farmaco,
cobeca,PAÑAL SIEMPRESECO INCONTINENCIA T G X6,5.31,,no_farmaco,
cobeca,PAÑAL SIEMPRESECO INCONTINENCIA T M X6,4.82,,no_farmaco,
cobeca,PAÑAL TENA PANTS CLAS AD T L X8,8.2,,no_farmaco,
cobeca,PAÑAL TENA PANTS CLAS AD T M X8,10.47,,no_farmaco,
cobeca,PAÑAL TENA SLIP COMFORT AD T L X9,14.68,,no_farmaco,
cobeca,PAÑAL TENA SLIP COMFORT AD T M X9,13.04,,no_farmaco,
cobeca,PAÑAL TWO5MED INCONTINENCIA AD T L X10,14.01,,no_farmaco,
cobeca,PAÑAL TWO5MED INCONTINENCIA AD T XL X10,14.65,,no_farmaco,
cobeca,PAÑAL TWO5MED INCOTINENCIA AD T M X10,13.69,,no_farmaco,
cobeca,PAÑITOS HUM PEQUEÑIN AVENA X80,3.1,,no_farmaco,
cobeca,PAÑITOS HUM PEQUEÑIN M/CUIDADO X16,0.52,,no_farmaco,
cobeca,PAÑITOS HUM PEQUEÑIN M/CUIDADO X80,1.77,,no_farmaco,
cobeca,PAÑO ETERNA MICROFIBRA C/SURTIDO X3,5.56,,no_farmaco,
cobeca,PAÑO SCOTT DURAMAX REUTILIZABLE X52,4.26,,no_farmaco,
cobeca,PAÑO/ABSORB CALIDEX AMARIL X3,2.52,,no_farmaco,
cobeca,PAÑO/ABSORB CALIDEX ESTAMP X3,3.7,,no_farmaco,
cobeca,PANTALLA SOL BIO+ 50FPS COLOR CLA 60CM3,8.43,,sin_match,score_bajo
cobeca,PANTALLA SOL FACIAL ZOAH RETOUCH 50+ 51G,6.75,,sin_match,sin_candidato
cobeca,PANTALLA SOLAR BIOMAS C/COLOR MED 60G,8.43,,no_farmaco,
cobeca,PANTOPRAZOL COMP 40MG X10 LETI,8.11,E.F.G.37.274,matched,score=0.902
cobeca,PANTOPRAZOL SOL INY VIAL 40MG X1 KMPLUS,1.38,E.F.G.39.516,matched,score=0.680
cobeca,PANTOPRAZOL TAB 40MG X7 ALESS,1.29,E.F.G.43.468,matched,score=0.800
cobeca,PANTS SECUREZZA T M X10,12.38,,no_farmaco,
cobeca,PAÑUELOS KLEENEX ORIGINAL X50,2.04,,no_farmaco,
cobeca,PAÑUELOS KLEENEX POCKET 4X10,2.88,,no_farmaco,
cobeca,PAPAS PUNCH CEB/PEREJIL 80G,1.85,,no_farmaco,
cobeca,PAPAS TIGO CHIPS BBQ 70G,1.85,,no_farmaco,
cobeca,PAPAS TIGO CHIPS PIZZA 110G,2.4,,no_farmaco,
cobeca,PAPAYA TAB MAST X30 G PHAR,10.43,,sin_match,sin_candidato
cobeca,PAPEL CREPE NEON FUCSIA X1,1.75,,no_farmaco,
cobeca,PAPEL CREPE NEON NAR INTEN X1,1.75,,no_farmaco,
cobeca,PAPEL CREPE NEON NAR X1,1.75,,no_farmaco,
cobeca,PAPEL CREPE NEON VERD X1,1.75,,no_farmaco,
cobeca,PAPEL CREPE PERL AZUL CIELO CLA X1,1.75,,no_farmaco,
cobeca,PAPEL HIG JUMBO EXT/GDE 600H,4.05,,no_farmaco,
cobeca,PAPEL HIG SCOTT RINDEMAX X 4,7.93,,no_farmaco,
cobeca,PAPEL PLUSMEDIC P/ELECTRO 50MMX30M X5,32.55,,no_farmaco,
cobeca,PAPEL PLUSMEDIC P/ELECTRO 80MMX20M X5,32.55,,no_farmaco,
cobeca,PAPEL/HIG BLOOM VERD 310H DOB X4 ROLLO,3.59,,no_farmaco,
cobeca,PAPEL/HIG FAMILIA DELUX X4 ROLLO,5.22,,no_farmaco,
cobeca,PAPEL/HIG FAMILIA EX/GRANDE X4 ROLLO,2.16,,no_farmaco,
cobeca,PAPEL/HIG MIMLOT 215H X4 ROLLO,1.01,,no_farmaco,
cobeca,PAPEL/HIG MIMLOT 250H X4 ROLLOS,2.41,,no_farmaco,
cobeca,PAPEL/HIG MIMLOT 300H X4 ROLLO,1.6,,no_farmaco,
cobeca,PAPEL/HIG MIMLOT 400H X4 ROLLO,1.86,,no_farmaco,
cobeca,PAPEL/HIG MIMLOT 600H X4 ROLLO,2.95,,no_farmaco,
cobeca,PAPEL/HIG ROSAL PLUS 215H X2 ROLLO,0.45,,no_farmaco,
cobeca,PAPEL/HIG ROSAL PLUS VERD 215H X4 ROLLO,0.94,,no_farmaco,
cobeca,PAPEL/HIG SAAS 400H X4 ROLLO,1.75,,no_farmaco,
cobeca,PAPEL/HIG SUAVE GOLD SOFT CARE X6 ROLLO,4.89,,no_farmaco,
cobeca,PARACETAMOL GTS 100MG/ML 10ML PORTU,2.1,E.F.44.653,matched,score=0.661
cobeca,PARACETAMOL INF INY 1G/100ML BIOVITAK,5.31,E.F.G.44.116,matched,score=0.615
cobeca,PARACETAMOL INF INY 1G/100ML CR DIST,10.03,E.F.G.44.116,matched,score=0.655
cobeca,PARACETAMOL JBE 120MG/5ML 120ML PORTU,3.77,,sin_match,score_bajo
cobeca,PARACETAMOL TAMINOL INF IV 1G/100ML MEDV,5.34,,no_farmaco,
cobeca,PARAISO JBE 120ML RECETT,3.86,,sin_match,sin_candidato
cobeca,PARCHE CORALITE HEAT PATCH 2PZA,10.01,,no_farmaco,
cobeca,PARCHE CORALITE LARGE MENTHOL 1PZA,12.02,,no_farmaco,
cobeca,PARCHE CORALITE MUSCLE&JOINT 2PZA,10.08,,no_farmaco,
cobeca,PARCHE CORALITE PAIN RELIEF 20PZA,10.38,,no_farmaco,
cobeca,PARCHE D/SILICONA P/CICATRICES ZUVISS X3,8.12,,no_farmaco,
cobeca,PARCHE HIDROGEL REVLON A/OJERA AC HIALUR,10.66,,no_farmaco,
cobeca,PARCHE HIDROGEL REVLON A/OJERA COLAG,15.06,,no_farmaco,
cobeca,PARCHE P/OJO ZUVISS NIÑOS X10,4.93,,no_farmaco,
cobeca,PARCHES DERNIER CENTELLA ASIAT 100G,8.47,,no_farmaco,
cobeca,PARCHES DERNIER CONTROL GRAS/POROS 100G,8.47,,no_farmaco,
cobeca,PARCHES P/OJOS ZOAH DETOX PURIF,0.55,,no_farmaco,
cobeca,PARKEN TAB 25MG/250MG X30 MEY,25.47,,sin_match,score_bajo
cobeca,PAROXETINA TAB 20MG X30 CLEO,10.4,E.F.G.37.850,matched,score=0.859
cobeca,PARTY SMART CAP DISP X10,26.65,,sin_match,sin_candidato
cobeca,PASIFLORA ALPHA BMT GTA 30ML,4.55,,no_farmaco,
cobeca,PASIFLORA JBE 120ML ARC IRIS,5.71,,sin_match,sin_candidato
cobeca,PASIFLORA JBE 120ML RECETT,3.86,,sin_match,sin_candidato
cobeca,PASIFLORA/VALERIANA JBE S/AZUCAR X 120ML,4.19,,sin_match,score_bajo
cobeca,PASIM COMP REC 10MG X10 MEG,4.94,,sin_match,score_bajo
cobeca,PASIM FEM COMP REC 20MG/400MG X10 MEG,7.21,,sin_match,score_bajo
cobeca,PASIM PLUS COMP REC 10MG/500MG X10 MEG,5.19,,sin_match,score_bajo
cobeca,PASIM PLUS SOL ORAL 2/100MG/ML 15ML MEG,6.49,E.F.43.239,matched,score=0.646
cobeca,PASIM SOL GTS 10MG/ML 15ML MEG,6.05,E.F.41.590,matched,score=0.649
cobeca,PASOLAX PVO SOL ORAL 100G MEY,6.95,,sin_match,score_bajo
cobeca,PASSATA D/TOMATE HEINZ 480G,2.96,,no_farmaco,
cobeca,PASSATA D/TOMATE OSOLE X 300G,1.29,,no_farmaco,
cobeca,PAST GALO LASAGNA PRECOCIDA X 200 G,1.56,,no_farmaco,
cobeca,PASTA AL AGUA 100G BIOF,5.16,,no_farmaco,
cobeca,PASTA AL AGUA 100G RECETT,4.95,,no_farmaco,
cobeca,PASTA AL AGUA OZONIZADA B5+ RECETT 100G,6.06,,no_farmaco,
cobeca,PASTA D/LASSAR X 30G,6.19,,no_farmaco,
cobeca,PASTA D/TOMATE HEINZ 210G,2.24,,no_farmaco,
cobeca,PASTA GALO ESPAGUETES 500G,0.99,,no_farmaco,
cobeca,PASTA GALO LINGUINE 500G,0.99,,no_farmaco,
cobeca,PASTA GALO PARAFUSO 500G,0.99,,no_farmaco,
cobeca,PASTA GALO PENA 500G,0.99,,no_farmaco,
cobeca,PASTA GALO TORTIGLIONE 500G,0.99,,no_farmaco,
cobeca,PASTA SINDONI PREMIUM PLUMA 1KG,2.05,,no_farmaco,
cobeca,PASTA SINDONI PREMIUM PLUMA 500MG,1.1,,no_farmaco,
cobeca,PASTA SINDONI VERMICELLI 500G,1.03,,no_farmaco,
cobeca,PASTA/DENT COLGATE T/ACCION 150ML,4.55,,sin_match,score_bajo
cobeca,PASTEZINC CICATRIZANTE 50G CHEM/S,6.6,,no_farmaco,
cobeca,PASTICHO SINDONI DIRECTO AL HORNO 250G,1.79,,no_farmaco,
cobeca,PASTILLA P/TANQUE PATO MARINA 40G X4,6.14,,no_farmaco,
cobeca,"PATADINE PLUS SOL OFT 0,2% 5ML DIEMA",13.08,,sin_match,sin_candidato
cobeca,"PATALON SOL OFT 0,1% 5ML CAPSUV",7.13,,sin_match,sin_candidato
cobeca,PATFLUX PVO LIOF SOL INY 40MG X1 ALESS,1.64,,sin_match,score_bajo
cobeca,PATO CLINICO BRIUTCARE,15.99,,no_farmaco,
cobeca,PATO CLINICO PLUSMEDIC PLASTICO,7.31,,no_farmaco,
cobeca,PATO DISCOS ACT BRISA D/MAR 12G X2,2.7,,no_farmaco,
cobeca,PATO DISCOS ACT BRISA D/MAR 36ML,5.4,,no_farmaco,
cobeca,PATO DISCOS ACT LIMA FRESC REP 36ML,4.64,,no_farmaco,
cobeca,PATO DISCOS ACT LIMA FRESCA 12G X2,2.7,,no_farmaco,
cobeca,PATO DISCOS ACT LIMA FRESCA 36ML,5.4,,no_farmaco,
cobeca,PATO IN TANK PACK 160G X4,6.14,,no_farmaco,
cobeca,PATO PASTILLA P/TANQUE REP X 40G,1.7,,no_farmaco,
cobeca,PATO PUR DISCO ACT BRISA D/MAR REP 36ML,4.64,,no_farmaco,
cobeca,PAXIL CR TAB 25MG X 30,32.6,E.F.34.116,matched,score=0.707
cobeca,"PAXIL CR TAB/LIB PRO 12,5MGX 30",26.86,,sin_match,score_bajo
cobeca,PEDIACORT SOL ORAL 3MG/ML 60ML L.O,15.5,E.F.41.358,matched,score=0.650
cobeca,PEDIALYTE 60MEQ UVA 500ML CR SUPP,6.09,,no_farmaco,
cobeca,PEGA BAMBARY LIQ 125ML X 1,2.1,,no_farmaco,
cobeca,PEGA BAMBARY LIQ 250ML X 1,3.68,,no_farmaco,
cobeca,PEGA BAMBARY LIQ 60ML X 1,1.05,,no_farmaco,
cobeca,PEGA BARRA 9G X2,1.59,,sin_match,sin_candidato
cobeca,PEGA BARRA SOLITA 15G,1.59,,sin_match,sin_candidato
cobeca,PEGA BARRA SOLITA 8G,1.04,,sin_match,sin_candidato
cobeca,PEGYT CAP 150MG X20 LETI,20.22,E.F.39.670,matched,score=0.700
cobeca,PEGYT CAP 25MG X30 LETI,11.71,E.F.43.568,matched,score=0.681
cobeca,PEGYT CAP 50MG X30 LETI,13.34,E.F.39.670,matched,score=0.681
cobeca,PEGYT CAP 75MG X20 LETI,11.76,E.F.39.669,matched,score=0.681
cobeca,PEINE HTBRUSH MANGO ACERO C/NAR X1,8.03,,no_farmaco,
cobeca,PEINE HTBRUSH MANGO ACERO X1,8.19,,no_farmaco,
cobeca,PEINE YOLO SACA PIOJOS PLAST X1,2.25,,no_farmaco,
cobeca,PEKAGRA GEL ORAL 100MG CEREZ SOB X1 FC,1.49,,sin_match,sin_candidato
cobeca,PENASTIM AMP IV 500MG/500MG X1 ALESS,10.6,,sin_match,score_bajo
cobeca,PENTAMAG CAP X60 ARC IRIS,11.43,,sin_match,sin_candidato
cobeca,PENTOXIFILINA AMP 100MG/5ML X5 KMP,9.86,E.F.G.38.517,matched,score=0.748
cobeca,PENTOXIFILINA TAB 400MG X30 CR CCM,14.94,E.F.G.27.020,matched,score=0.878
cobeca,PENTOXIFILINA TAB LP 400MG X30 CR MT,15.6,E.F.G.27.020,matched,score=0.878
cobeca,PENTOXIFILINA TAB/REC 400MG X 30 ANGELUS,13.53,,sin_match,score_bajo
cobeca,PEPITO 180G,2.43,,no_farmaco,
cobeca,PEPITO DISP 25G X12,7.08,,sin_match,sin_candidato
cobeca,PEPITO MUNDO MARINO DISP 25G X12,7.08,,sin_match,sin_candidato
cobeca,PEPITO ORIG 80G,1.14,,no_farmaco,
cobeca,PEPSADEL SUSP ORAL 120ML DISK,7.84,,sin_match,score_bajo
cobeca,PEPSADEL TAB MAST 262MG X12 DISK,7.84,,sin_match,score_bajo
cobeca,PEPTO-BISMOL SUSP ORAL 473ML FARMA,34.07,E.F.44.126,matched,score=0.661
cobeca,PERA D/OIDO BLESS,6.6,,no_farmaco,
cobeca,PERA RECTAL BLESS FAMILY CARE,6.1,,no_farmaco,
cobeca,PEREBRON JBE AD 120ML ELM,5.82,E.F.12.460,matched,score=0.669
cobeca,PEREBRON JBE AD MIEL/LIMON 120ML ELM,4.53,E.F.41.148,matched,score=0.718
cobeca,PEREBRON JBE PED 120ML ELM,4.08,,sin_match,score_bajo
cobeca,PEREBRON JBE PED MIEL/LIMON 120ML ELM,4.05,,sin_match,score_bajo
cobeca,PERICRANEAL PLUSMEDIC #21 X100,13.09,,no_farmaco,
cobeca,PERICRANEAL PLUSMEDIC #23 X100,13.09,,no_farmaco,
cobeca,PERICRANEAL PLUSMEDIC N19 X100,13.09,,no_farmaco,
cobeca,PERICRANEAL PLUSMEDIC N25 X100,14.99,,no_farmaco,
cobeca,PERIDONT REFORM SOL TOPICA BUC 350ML L.O,14.74,E.F.29.292,matched,score=0.617
cobeca,PERIDONT SOL TOPICA BUCAL 240ML L.O,12.55,E.F.29.292,matched,score=0.695
cobeca,PERMADOL TAB REC 600MG/4MG X10 ANG/H,4.7,,sin_match,sin_candidato
cobeca,PEROXIDO D/BENZOILO GEL 5% 30G HM,2.71,E.F.G.42.593,matched,score=0.672
cobeca,PEROXIDO D/BENZOILO GEL 5% 30G SGG,6.73,E.F.G.42.593,matched,score=0.672
cobeca,PERTEN AER SOL TOPICA 1% 30ML MEY,15.18,E.F.40.348,matched,score=0.625
cobeca,PERTEN CREM 1% 20G MEY,10.13,,sin_match,score_bajo
cobeca,PERTEN GEL TOPICO 1% 20G MEY,11.3,E.F.40.357,matched,score=0.625
cobeca,PERTEN SOL TOPICA 1% 30ML MEY,14.4,E.F.40.348,matched,score=0.625
cobeca,PERTEN TAB 250MG X20 MEY,21.96,E.F.41.064,matched,score=0.657
cobeca,PHARMAFET TAB LP 500MG X30 CR MT,11.04,,sin_match,sin_candidato
cobeca,PHARMAFET TAB LP 750MG X30 CR MT,14.66,,sin_match,sin_candidato
cobeca,PHARMORAT FORTE CAP BLD 100MG X20 LETI,19.49,,sin_match,score_bajo
cobeca,PIEMONTE COMP MAST 4MG X30 EURO,5.69,,sin_match,sin_candidato
cobeca,PIGRAL COMP 75MG X14 MEG,5.97,E.F.42.325,matched,score=0.736
cobeca,PILA ALCALINA TOSHIBA AA X2,2.9,,no_farmaco,
cobeca,PILA ALCALINA TOSHIBA AAA X2,2.9,,no_farmaco,
cobeca,PILAS ALCALINAS BLINDAC 23A BLIS X5,7.79,,no_farmaco,
cobeca,PILAS BLINDAC ALCALINA 9V X1,6.86,,no_farmaco,
cobeca,PILAS BLINDAC BOTON D/LITIO CR2025 X5,6.59,,no_farmaco,
cobeca,PILAS BLINDAC SUPER HEAVY DUTY AA X4,2.73,,no_farmaco,
cobeca,PILAS BLINDAC ULTRA ALCALINA AA X2,2.58,,no_farmaco,
cobeca,PILAS BLINDAC ULTRA ALCALINA AA X4,4.66,,no_farmaco,
cobeca,PILAS BLINDAC ULTRA ALCALINA AAA X2,2.58,,no_farmaco,
cobeca,PILAS ENERGIZER ALKALINA AA X2,2.58,,no_farmaco,
cobeca,PILAS ENERGIZER ALKALINA AA X4,4.49,,no_farmaco,
cobeca,PILAS ENERGIZER ALKALINA AAA X4,4.49,,no_farmaco,
cobeca,PILAS ENERGIZER MAX ALKALINA AAA X2,2.58,,no_farmaco,
cobeca,PILAS KODAK MAX  ALKALINE AA X2,1.49,,no_farmaco,
cobeca,PILAS KODAK MAX ALKALINE AAA X2,1.49,,no_farmaco,
cobeca,PILAS KODAK MAX LITHIUM CR2016 X2,1.69,,no_farmaco,
cobeca,PILAS KODAK MAX LITHIUM CR2032 X2,1.69,,no_farmaco,
cobeca,PILAS MAXELL ALCALINAS 9V X 1,5.83,,no_farmaco,
cobeca,PILAS MAXELL ALCALINAS AA X 2,2.09,,no_farmaco,
cobeca,PILAS MAXELL ALCALINAS AA X 4,3.75,,no_farmaco,
cobeca,PILAS MAXELL ALCALINAS AA X 4+2,4.65,,no_farmaco,
cobeca,PILAS MAXELL ALCALINAS AAA X 2,2.09,,no_farmaco,
cobeca,PILAS MAXELL ALCALINAS AAA X 4,3.75,,no_farmaco,
cobeca,PILAS MAXELL ALCALINAS AAA X 4+2,4.65,,no_farmaco,
cobeca,PILAS PHILIPS ALCALINA 23A X5,5.65,,no_farmaco,
cobeca,PILAS PHILIPS ALCALINA 27A X5,5.65,,no_farmaco,
cobeca,PILAS PHILIPS BOTON LITIO 2016 X5,4.61,,no_farmaco,
cobeca,PILAS PHILIPS BOTON LITIO 2025 X5,4.61,,no_farmaco,
cobeca,PILAS PHILIPS BOTON LITIO 2032 X5,4.61,,no_farmaco,
cobeca,PILAS PHILIPS POWER ALCALINA 9V,3.79,,no_farmaco,
cobeca,PILAS PHILIPS POWER ALCALINA AA X2,1.55,,no_farmaco,
cobeca,PILAS PHILIPS POWER ALCALINA AA X4+2,3.09,,no_farmaco,
cobeca,PILAS PHILIPS POWER ALCALINA AAA X2,1.55,,no_farmaco,
cobeca,PILAS PHILIPS POWER ALCALINA AAA X4+2,3.09,,no_farmaco,
cobeca,PILAS PHILIPS POWER ALCALINA C X2,3.79,,no_farmaco,
cobeca,PILAS PHILIPS POWER ALCALINA D X2,5.12,,no_farmaco,
cobeca,PILAS TIANQIU A23 ALCALINA X5,7.51,,no_farmaco,
cobeca,PILAS TOSHIBA ALCALINA 23A BP X5,14.46,,no_farmaco,
cobeca,PIMADOL TAB 10MG X 10,1.73,E.F.44.538,matched,score=0.633
cobeca,PIMATINA TAB/REC 200MG X30 CLEO,7.81,,sin_match,sin_candidato
cobeca,PIMENTON ESPAÑOL MC CORMICK 61G,3.92,,no_farmaco,
cobeca,PINAVERIUM TAB REC 100MG X20 CLX,10.92,E.F.G.37.698,matched,score=0.713
cobeca,PINAVIX 100 COMP REC 100MG X30 MEG,17.4,E.F.40.606,matched,score=0.662
cobeca,PINAVIX COMP REC 100MG X20 MEG,12.6,E.F.40.606,matched,score=0.662
cobeca,PINCEL D/CERDA PLANA 00 X16,7.35,,no_farmaco,
cobeca,PINCELES ESCOLARES SOLITA X5,6.12,,no_farmaco,
cobeca,PING PONG 30G DISP X16,17.76,,sin_match,sin_candidato
cobeca,PINTURA SOLITA AL FRIO AMARIL 60ML,1.56,,no_farmaco,
cobeca,PINTURA SOLITA AL FRIO BLAN 60ML,1.56,,no_farmaco,
cobeca,PINTURA SOLITA AL FRIO ROJ 60ML,1.56,,no_farmaco,
cobeca,PINTURA SOLITA AL FRIO ROSA 60ML,1.56,,no_farmaco,
cobeca,PINVEX SOL 10ML COFA,7.19,,sin_match,score_bajo
cobeca,PINZA UMBILICAL PLUSMEDIC X100,35.11,,no_farmaco,
cobeca,PIPERAZINA HEX JBE 500MG/5ML 120ML BIOQ,4.53,E.F.G.40.639,matched,score=0.867
cobeca,PIRA GINKGO BILOBA CAP X60 HERB,13.18,,sin_match,sin_candidato
cobeca,PIRA/GINKGO BILOBA CAP X 30 HERB,11.56,,sin_match,sin_candidato
cobeca,PIRACETAM TAB 400MG X30 CR MT,7.63,E.F.34.513,matched,score=0.782
cobeca,PIRACETAM TAB 800MG X30 CR MT,13.3,E.F.22.276,matched,score=0.782
cobeca,PIROXICAM CAP 20MG X10 PHARME,4.69,E.F.G.23.852,matched,score=0.859
cobeca,PIRULIN CHOCO DISP 16G X25,11.38,,sin_match,sin_candidato
cobeca,PIRULIN CHOCO ENVASE 155G,4.77,,no_farmaco,
cobeca,PIRULIN CHOCO ESTUCHE 120G,3.97,,no_farmaco,
cobeca,PIRULIN CHOCO LATA 300G,9.25,,no_farmaco,
cobeca,PIRULIN CHOCOLATE DISP X12 60G,23.88,,sin_match,score_bajo
cobeca,PIRULIN COCO ENVASE 155G,4.66,,no_farmaco,
cobeca,PIRULIN LIME DISPLAY 16G X12,5.45,,no_farmaco,
cobeca,PISTOLA D/SILIC BAMBARY 10W/120V PEQ,9.62,,no_farmaco,
cobeca,PITO CLINICO BRIUTCARE,17.34,,no_farmaco,
cobeca,PITO PLASTICO PLUSMEDIC,7.13,,no_farmaco,
cobeca,PITO SELVA URINAL X1,7.45,,no_farmaco,
cobeca,"PLAN B TAB 0,75MG X2 UNIPH",1.56,,sin_match,sin_candidato
cobeca,"PLANIFERT COMP REC 2MG/0,03MG X21 CR CCM",17.88,,sin_match,score_bajo
cobeca,PLAVIX TAB 75MG X14 CLX,22.3,E.F.30.588,matched,score=0.610
cobeca,PLEXAMIN JBE 120ML MEY,6.56,,sin_match,score_bajo
cobeca,PLIDAN COMPUESTO COM REC 10/125MGX20 MEG,22.86,,sin_match,score_bajo
cobeca,PLIDAN COMPUESTO COM/REC 125MG/10MG X 5,6.36,,sin_match,score_bajo
cobeca,PLIDAN COMPUESTO COMP 125MG X10 MEG,12.21,E.F.31.051,matched,score=0.750
cobeca,PLIDAN COMPUESTO INY 100MG/2ML X1 MEG,8.7,E.F.31.052,matched,score=0.730
cobeca,PLIDAN SOL GTS 10MG 20ML MEG,10.93,,sin_match,score_bajo
cobeca,PLUSGEL X 250ML,3.15,,no_farmaco,
cobeca,POENBIOTIC SUS OFT 0.3/0.1% X 5 ML,9.74,,sin_match,score_bajo
cobeca,POENKERAT SOL OFT  0.5% 5ML MEG,9.09,,sin_match,score_bajo
cobeca,POENTOBRAL GEL 5G MEG,19.91,,sin_match,score_bajo
cobeca,POENTOBRAL PLUS SOL OFT 5ML MEG,7.14,,sin_match,score_bajo
cobeca,POENTOBRAL SOL OFT 5ML MEG,6.99,,sin_match,score_bajo
cobeca,POLI OTICO GTS 5ML MEG,7.01,E.F.8.400,matched,score=0.695
cobeca,POLIAMIN SOL INY 10% 500ML BHR,48.36,,sin_match,score_bajo
cobeca,POLIFIX ADH CREM PROTESIS DENT 40G,8.39,,sin_match,sin_candidato
cobeca,PONEDEX GTAS OTICAS 5ML ZUZU,2.02,,no_farmaco,
cobeca,PORTA PASTILLA XPERIAN MEDICAL DIARIO X1,2.85,,no_farmaco,
cobeca,"PORTAMINAS FIESTA PENTEL 0,5MM AZUL X12",18.91,,no_farmaco,
cobeca,"PORTAMINAS FIESTA PENTEL 0,5MM NEGR X12",18.91,,no_farmaco,
cobeca,"PORTAMINAS FIESTAII PENTEL 0,5M NEGR X12",18.91,,no_farmaco,
cobeca,POST TRAT ALFAPART COL PROTECTION 300ML,5.75,,no_farmaco,
cobeca,POST TRAT ALFAPART HYDRA NUTRI 300ML,5.75,,no_farmaco,
cobeca,POST TRAT ALFAPART LISS XTREM 300ML,5.75,,no_farmaco,
cobeca,POST TRAT CAPIL ALFAPART BB CREAM300ML,5.75,,no_farmaco,
cobeca,POST TRAT CAPIL AMALFI T/ACC 1L,11.2,,no_farmaco,
cobeca,POST TRAT NK N/SODIUM 450ML,4.88,,no_farmaco,
cobeca,POST TRAT NK N/SODIUM 950ML,7.5,,no_farmaco,
cobeca,"POSTINOR COMP 0,75MG X2",10.36,E.F.30.697,matched,score=0.625
cobeca,POTASSIUM CITRATE CAP X 180 NOW,22.44,,sin_match,sin_candidato
cobeca,POTAX TAB LP 10MG X100 MEG,40.13,E.F.42.051,matched,score=0.603
cobeca,POWERZERO CAP X60 HERB,13.29,,sin_match,sin_candidato
cobeca,PRALINA CAP 75MG X14 BIOTECH,4.83,E.F.41.289,matched,score=0.792
cobeca,PRAXONA TAB X10 MEG,5.45,E.F.15.805,matched,score=0.792
cobeca,PRAXONA TAB X24 MEG,9.74,E.F.15.805,matched,score=0.792
cobeca,PRE TRAT ALFAPART BB CREAM 300ML,5.75,,no_farmaco,
cobeca,PRE TRAT ALFAPART COL PROTECTION 300ML,5.75,,no_farmaco,
cobeca,PRE TRAT ALFAPART HYDRA NUTRI 300ML,5.75,,no_farmaco,
cobeca,PRE TRAT ALFAPART LISS XTREM 300ML,5.75,,no_farmaco,
cobeca,PREBIOTIC OVUL CUMLAUDE LAB X10 MANCENT,33.59,,sin_match,sin_candidato
cobeca,PREDCORT JBE 3MG/5ML 60ML ZUZU,3.64,,sin_match,sin_candidato
cobeca,PREDNA SOL ORAL 15MG/5ML 60ML VARG,9.17,E.F.37.032,matched,score=0.717
cobeca,PREDNISOLONA SOL ORAL 3MG/ML 60ML DAC,5.62,E.F.44.096,matched,score=0.687
cobeca,PREDNISOLONA SUSP OFT 1% 5ML CR DIST,12.83,E.F.G.43.177,matched,score=0.696
cobeca,PREDNISOLONA SUSP/OFT 1% X 5ML OFTALMI,11.33,E.F.G.43.177,matched,score=0.612
cobeca,PREDNISOLONA TAB 5 MG X 10 KMPLUS,1.26,E.F.G.43.039,matched,score=0.827
cobeca,PREDNISOLONA TAB 5MG X10 BLUE/M,0.94,E.F.G.42.866,matched,score=0.891
cobeca,PREDNISOLONA TAB 5MG X30 ANG/H,3.96,E.F.G.43.039,matched,score=0.906
cobeca,PREDNISOLONA TAB 5MG X30 BLUE/M,3.04,E.F.G.42.866,matched,score=0.891
cobeca,PREDNISONA SUSP 5MG/5ML 60ML PORTU,3.47,,sin_match,score_bajo
cobeca,PREDNISONA TAB 50MG X10 CLX,6.61,E.F.G.27.150,matched,score=0.902
cobeca,PREDNISONA TAB 50MG X10 VLM,5.82,E.F.G.34.836,matched,score=0.902
cobeca,PREDNISONA TAB 5MG X10 CLX,2.21,E.F.G.12.419,matched,score=0.935
cobeca,PREDNISONA TAB 5MG X10 VLM,2.34,E.F.G.32.934,matched,score=0.935
cobeca,PREDNISONA TAB 5MG X100 CR DIST,22.57,E.F.G.12.419,matched,score=0.891
cobeca,PREDNISONA TAB 5MG X30 CLX,5.81,E.F.G.12.419,matched,score=0.935
cobeca,PREGABALINA CAP 150MG X30 ALESS,8,E.F.G.42.570,matched,score=0.713
cobeca,PREGABALINA CAP 150MG X30 PHARMA,4.37,E.F.G.42.570,matched,score=0.731
cobeca,PREGABALINA CAP 75MG X30 ALESS,4.97,E.F.44.579,matched,score=0.718
cobeca,PREGABALINA CAP 75MG X30 FMED,2.44,E.F.44.579,matched,score=0.885
cobeca,PREGABALINA CAP 75MG X30 PHARMA,2.7,E.F.44.579,matched,score=0.732
cobeca,PREGABALINA TAB 75MG X14 CR LATT,3.9,E.F.44.579,matched,score=0.777
cobeca,PREGATAN TAB 75MG X30 ZORIAK,7.88,,sin_match,score_bajo
cobeca,PRELIVAL CAP 150MG X20 VLM,10.99,E.F.41.141,matched,score=0.756
cobeca,PRELIVAL CAP 75MG X20 VLM,5.97,E.F.41.142,matched,score=0.736
cobeca,PRESERVATIVO MZONE ACANALADO X4,2.22,,no_farmaco,
cobeca,PRESERVATIVO MZONE ANATOMICO X4,2.22,,no_farmaco,
cobeca,PRESERVATIVO MZONE HOT X4,2.22,,no_farmaco,
cobeca,PRESERVATIVO MZONE NAT X4,2.22,,no_farmaco,
cobeca,PRESERVATIVO MZONE RETARDANTE X4,2.22,,no_farmaco,
cobeca,PRESERVATIVO MZONE S/LATEX X3,4.66,,no_farmaco,
cobeca,PRESERVATIVO MZONE SABORES X4,2.22,,no_farmaco,
cobeca,PRESERVATIVO MZONE TEXTURIZ X4,2.22,,no_farmaco,
cobeca,PRESERVATIVO MZONE ULTRSENSI X4,2.22,,no_farmaco,
cobeca,PRESERVATIVO SENSE CALOR/FRIO X3,3.51,,no_farmaco,
cobeca,PRESERVATIVO SENSE CLAS X3,3.51,,no_farmaco,
cobeca,PRESERVATIVO SENSE EXTRA GRANDE X 3,3.51,,no_farmaco,
cobeca,PRESERVATIVO SENSE LIB/LATEX X 3,11.55,,no_farmaco,
cobeca,PRESERVATIVO SENSE RETARDANTE X3,3.51,,no_farmaco,
cobeca,PRESERVATIVO SENSE TEXTURIZ X3,3.51,,no_farmaco,
cobeca,PRESERVATIVO SENSE ULTRDELG X3,3.51,,no_farmaco,
cobeca,PRESERVATIVOS PRUDENCE CARIBBEAN X5 DKT,5.3,,no_farmaco,
cobeca,PRESERVATIVOS PRUDENCE CLAS X3 DKT,3.12,,no_farmaco,
cobeca,PRESERVATIVOS PRUDENCE EXT/FUERTE X3 DKT,3.58,,no_farmaco,
cobeca,PRESERVATIVOS PRUDENCE NEON X3 2PACK DKT,7.17,,no_farmaco,
cobeca,PRESERVATIVOS PRUDENCE SAB/AR MIX X5 DKT,6.38,,no_farmaco,
cobeca,PRESERVATIVOS PRUDENCE SENS X3 2PACK DKT,7.17,,no_farmaco,
cobeca,PRESERVATIVOS SENSE ESPERMICIDA X3,3.51,,no_farmaco,
cobeca,PRESIDERM UNG 2% 15G MEG,7.01,E.F.36.047,matched,score=0.629
cobeca,"PREVEGINAT COMP REC 0,075MG X28 CR CCM",9.05,,sin_match,score_bajo
cobeca,PREVERAL C/CODEINA JBE 3/10/5 120ML VARG,5.99,E.F.14.671,matched,score=0.688
cobeca,PREVERAL C/DEXTRO JBE REFORM 120ML VARG,5.66,,sin_match,score_bajo
cobeca,PREVIR-EM  TAB 300MG/200MG X 30,32.17,,sin_match,sin_candidato
cobeca,PRIDE AER CUIDADO D/MUEBLES LIMON 360ML,6.16,,sin_match,score_bajo
cobeca,PROBIOCONZINC PVO 2B UFC SOB 1G X10,7.86,,sin_match,sin_candidato
cobeca,PROBIOLITOS SOB 1G FRESA X10 BIOF,7.74,,sin_match,score_bajo
cobeca,PROBIOTICO-10 CAP 25 BILLONES X 50,43.77,,sin_match,sin_candidato
cobeca,PROBIOTICS/PREM CAP 25B X60 PHARMAC,21.17,,sin_match,sin_candidato
cobeca,PROCILUS SOB 1G X10 MMF,16.18,,sin_match,sin_candidato
cobeca,PROCTOGEL CREM TOP C/APLIC 30G CCM,19,,sin_match,sin_candidato
cobeca,PROFLOX SUSP PED1G/5ML MENTA 200ML ANG/H,16.14,,sin_match,score_bajo
cobeca,PROGEST CAP BLD 200MG X30 ZUO,37.44,,sin_match,sin_candidato
cobeca,"PROLARDII SOB 1,3G X10 MMF",18.35,,sin_match,sin_candidato
cobeca,PROMEDINA JBE 120ML VARG,5.61,,sin_match,score_bajo
cobeca,PROPRANOLOL CLORH COM 40MG X 20 MILAB,2.97,E.F.G.39.191,matched,score=0.886
cobeca,PROPRANOLOL COMP 40MG X20 PLX,5.45,E.F.G.39.191,matched,score=0.938
cobeca,PROPRANOLOL TAB 10MG X20 BIOTECH,5.53,E.F.G.26.036,matched,score=0.902
cobeca,PROPRANOLOL TAB 40MG X20 BIOTECH,5.79,E.F.G.39.191,matched,score=0.938
cobeca,PROSILOD CAP 8MG X 30,15.28,,sin_match,sin_candidato
cobeca,PROSPAN JBE 100ML MEG,10.78,,sin_match,sin_candidato
cobeca,PROSTAPLANT CAP 500MG X30 HERB,10.78,,sin_match,sin_candidato
cobeca,PROSTAPLANT CAP 500MG X60 HERB,12.86,,sin_match,sin_candidato
cobeca,PROSTINAT CAP 300MG X60 NAT PREM,9.69,,sin_match,sin_candidato
cobeca,PROT D/CAMA SIEMPRE SECO X 20,9.83,,no_farmaco,
cobeca,PROT DIAR FRIENDS REGULAR S/P X60,2.55,,no_farmaco,
cobeca,PROT NOSOTRAS LACTANCIA X 12,1.29,,no_farmaco,
cobeca,PROT SOL BIOS MAXPRO GEL T/CLAROX 50ML,15.61,,sin_match,sin_candidato
cobeca,PROT SOL BIOS MAXPRO GEL T/MED X 50ML,15.01,,sin_match,sin_candidato
cobeca,PROT SOL DERNIER SPRAY ADU 200ML,8.03,,sin_match,sin_candidato
cobeca,PROT SOL NIVEA SUN SWI/PLAY FPS50+ 150ML,18.18,,sin_match,sin_candidato
cobeca,PROT SOL SKIN FORLLED FPS 25 60 G,8.58,,sin_match,sin_candidato
cobeca,PROT SOL SKIN FORLLED FPS 40 60 G,10.95,,sin_match,sin_candidato
cobeca,PROT SOL UMBRELLA CREM SPORT ACTIV X170G,42.73,,sin_match,sin_candidato
cobeca,PROT SOL UMBRELLA MUY RESIST/AGUA 170G,43.25,,sin_match,sin_candidato
cobeca,PROT SOLAR BIORGANIC CORP 50+ X 200G,6.27,,no_farmaco,
cobeca,PROT SOLAR BIORGANIC CORP BABY 50+ X200G,6.87,,no_farmaco,
cobeca,PROT SOLAR DERNIER C/COLOR T/DARK X 50G,7.6,,no_farmaco,
cobeca,PROT SOLAR DERNIER C/COLOR T/LIGHT X 50G,7.52,,no_farmaco,
cobeca,PROT SOLAR DERNIER CORP 50+ X 160G,7.84,,no_farmaco,
cobeca,PROT SOLAR DERNIER CORP 50+ X 75G,5.78,,no_farmaco,
cobeca,PROT SOLAR DERNIER GEL 50+ X 50G,7.24,,sin_match,sin_candidato
cobeca,PROT/DIARIO TENA DISCREET EX/LARGO X15,1.35,,no_farmaco,
cobeca,PROT/SOLAR DERNIER CREM SPF50 BABY X160G,8.38,,sin_match,sin_candidato
cobeca,PROT/SOLAR DERNIER CREM SPF50 BABY X50G,5.06,,sin_match,sin_candidato
cobeca,PROT/SOLAR DERNIER PVO SPF45 DARK 7G,9.51,,sin_match,sin_candidato
cobeca,PROT/SOLAR DERNIER PVO SPF45 LIGHT 7G,9.51,,sin_match,sin_candidato
cobeca,PROT/SOLAR DERNIER PVO SPF45 MEDIUM 7G,9.51,,sin_match,sin_candidato
cobeca,PROT/SOLAR DERNIER PVO SPF45 TRANSLUC 7G,9.51,,sin_match,sin_candidato
cobeca,"PROTEC LAB VASELINE THERAPY ALOE 4,8G",3.66,,no_farmaco,
cobeca,"PROTEC LAB VASELINE THERAPY COCOA 4,8G",3.66,,no_farmaco,
cobeca,PROTEC LABIAL GLIZIGEN 5ML,13.64,,no_farmaco,
cobeca,"PROTEC LABIAL NIVEA MED REPAIR 4,80G",3.5,,no_farmaco,
cobeca,"PROTEC LABIAL VASELINA THERAPY 4,8G",1.62,,no_farmaco,
cobeca,PROTEC SOL DERMOX HYDR SPF50 90ML,9.08,,sin_match,sin_candidato
cobeca,PROTEC SOL FACIAL DERMOX HYDR SPF60 50ML,9.08,,sin_match,sin_candidato
cobeca,PROTEC SOL LOREAL UV DEF FLUID FPS50 40G,29.51,,sin_match,sin_candidato
cobeca,PROTECTOR D/CAMA SECUREZZA X10,7.41,,no_farmaco,
cobeca,"PROTECTOR LAB NIVEA STRAWBERR SHINE 4,8G",3.5,,no_farmaco,
cobeca,PROTECTOR P/SILLA D/RUEDA CLINICAS X10,5.35,,no_farmaco,
cobeca,PROTECTOR/DIAR ACTIVA SEC X80,4.28,,no_farmaco,
cobeca,PROTECTOR/DIAR FRIENDS LARGO X20,1.25,,no_farmaco,
cobeca,PROTECTOR/DIAR FRIENDS MANZA X20,1.25,,no_farmaco,
cobeca,PROTECTOR/DIAR FRIENDS MANZA X40,2.58,,no_farmaco,
cobeca,PROTECTOR/DIAR FRIENDS REG S/PERFUM X40,2.51,,no_farmaco,
cobeca,PROTECTOR/DIAR FRIENDS S/FRAGANCIA X20,1.25,,no_farmaco,
cobeca,PROTECTOR/DIAR KOTEX X15,1.48,,no_farmaco,
cobeca,PROTECTOR/DIAR LADYFREE X20,1.43,,no_farmaco,
cobeca,PROTECTOR/DIAR LADYFREE X40,2.45,,no_farmaco,
cobeca,PROTECTOR/SOL AFELIUS EXPERT 50SPF 60G,21,,sin_match,sin_candidato
cobeca,PROTECTOR/SOL AFELUIS MEN 50SPF 60G,17.58,,sin_match,sin_candidato
cobeca,PROTECTOR/SOL BARRA AUSTRALIAN GOLD FP50,13.86,,sin_match,sin_candidato
cobeca,PROTECTOR/SOL BRUCEN HYDRO AC HIALUR 50G,30.98,,sin_match,score_bajo
cobeca,PROTECTOR/SOL BRUCEN ROSTRO/CUELLO 50G,13.27,,sin_match,sin_candidato
cobeca,PROTECTOR/SOL CORP BRUCETIN 80G,19.14,,sin_match,sin_candidato
cobeca,PROTECTOR/SOL CREM BRUCEN 100G,22.88,,sin_match,sin_candidato
cobeca,PROTECTOR/SOL CREM UMBRELLA SPF50 60G,22.6,,sin_match,sin_candidato
cobeca,PROTECTOR/SOL FACIAL VERABELL 60ML,10.36,,sin_match,sin_candidato
cobeca,PROTECTOR/SOL FACIAL ZOAH A/EDAD 50ML,6.24,,sin_match,sin_candidato
cobeca,PROTECTOR/SOL GEL UMBRELLA 60G,20.91,,sin_match,sin_candidato
cobeca,PROTECTOR/SOL GEODERM SPF30 MINERAL 50ML,31.89,,sin_match,sin_candidato
cobeca,PROTECTOR/SOL GEODERM SPF50 MINERAL 50ML,35.06,,sin_match,sin_candidato
cobeca,PROTECTOR/SOL HIDRAT NIVEA SPF50+ 200ML,17.73,,sin_match,sin_candidato
cobeca,PROTECTOR/SOL NIVEA SUN KIDS FPS50 125ML,13.09,,sin_match,score_bajo
cobeca,PROTECTOR/SOL SPRAY UMBRELLA SPF50 120G,35.71,,sin_match,sin_candidato
cobeca,PROTECTORES CAREFREE C/PERFUME X100,8.28,,no_farmaco,
cobeca,PROTECTORES CAREFREE C/PERFUME X60,5.64,,no_farmaco,
cobeca,PROTECTORES CAREFREE TODOS LOS DIAS X100,8.53,,no_farmaco,
cobeca,PROTECTORES NOSOTRAS LARG ALAS MULTI X30,2.63,,no_farmaco,
cobeca,PROTECTORES NOSOTRAS NORMAL X60,4,,no_farmaco,
cobeca,PROTOSULFIL CREM 1% 15G MEG,5.45,,sin_match,score_bajo
cobeca,PROTOSULFIL CREM 30G MEG,10.52,,sin_match,score_bajo
cobeca,PROVICAR SOL ORAL 180ML ELM,10.52,E.F.40.343,matched,score=0.819
cobeca,PROVIM GRAG X20 PLX,6.73,,sin_match,sin_candidato
cobeca,PROVUNI TAB 10MG X28 UNIPH,3.71,,sin_match,sin_candidato
cobeca,PROVUNI TAB 5MG X30 UNIPH,2.55,,sin_match,sin_candidato
cobeca,PROXIME COMP REC 750MG X5 LETI,16.97,,sin_match,score_bajo
cobeca,PROXON COMP/REC 10MG/125MG X5 FC PHARMA,4.81,,sin_match,sin_candidato
cobeca,PRUEBA D/EMBARAZO BLESS DIAGNOSTIC,3.27,,no_farmaco,
cobeca,PRUEBA D/EMBARAZO FLEXMED TIRA X1,1.48,,no_farmaco,
cobeca,PRUEBA D/EMBARAZO NATALCARE X 2,3.38,,no_farmaco,
cobeca,PRUEBA D/EMBARAZO ONE ULTRA X1 DKT,4.83,,no_farmaco,
cobeca,PRUEBA D/EMBARAZO TWO5MED,3.94,,no_farmaco,
cobeca,PRUEBA D/OVUL NATALCARE X10,11.45,,sin_match,sin_candidato
cobeca,PRULAX TAB REC 1MG X30 FC,13.25,,sin_match,sin_candidato
cobeca,PUDIN SONRISSA VAIN 58G,1.17,,no_farmaco,
cobeca,PUDIN TIGO VAIN 50G,0.6,,no_farmaco,
cobeca,PULMOLET INH BUC 200MCG X200 DOSIS LETI,16.68,,no_farmaco,
cobeca,PULMOLET SUSP P/NEB 1MG/ML 15ML LETI,11.67,E.F.37.253,matched,score=0.609
cobeca,PULMOLIX PVO 600MG NAR SOB X10 MMF,20.97,,sin_match,sin_candidato
cobeca,PULPA D/TOMATE OLE PASSATA 300GR,1.45,,no_farmaco,
cobeca,PUNCH ON CEBO/PERE X 150G,2.9,,no_farmaco,
cobeca,PUNCH ON SAL X 150G,2.9,,no_farmaco,
cobeca,PUNCH SAL X 80G,1.85,,no_farmaco,
cobeca,PURE D/TOMATE HEINZ 190G,1.59,,no_farmaco,
cobeca,PURE D/TOMATE KALDINI PASSATA 680G,3.49,,no_farmaco,
cobeca,PURICOL SOB X4 CR 2N,14.18,,sin_match,sin_candidato
cobeca,PVO RINTI A/PULGA 100G,6.14,,sin_match,sin_candidato
cobeca,PVO/BASE FIT ME FRESH TINT SPF 05,13.84,,sin_match,score_bajo
cobeca,QLAIRA COMP REC X28 AVPH,27.76,,sin_match,score_bajo
cobeca,QUANOX CREM 1% 30G SIEG,8.68,,sin_match,sin_candidato
cobeca,QUANOX SOL GTS 0.6% 5ML MEY,15.13,,sin_match,sin_candidato
cobeca,QUERCETOL TAB 500MG X10 MEY,23.23,,sin_match,sin_candidato
cobeca,QUETIAPINA TAB 100MG X 10 FARMAMED,1.68,E.F.G.43.431,matched,score=0.745
cobeca,QUETIAPINA TAB 100MG X30 PHARMA,4.84,E.F.G.43.431,matched,score=0.760
cobeca,QUETIAPINA TAB 25MG X30 PHARMA,3.57,E.F.G.43.426,matched,score=0.740
cobeca,QUETIAPINA TAB 300MG X30 CR MT,12.64,E.F.39.822,matched,score=0.857
cobeca,QUETIVAL TAB REC 100MG X30 VLM,10.24,E.F.42.736,matched,score=0.648
cobeca,QUETIVAL TAB REC 200MG X30 VLM,12.37,E.F.43.563,matched,score=0.648
cobeca,QUETIVAL TAB REC 25MG X30 VLM,7.13,E.F.42.737,matched,score=0.628
cobeca,QUINCHONCHO CAP 300MG X60 NAT PREM,5.73,,sin_match,sin_candidato
cobeca,QUINCHONCHO CAP 300MG X90 ARC IRIS,10,,sin_match,sin_candidato
cobeca,QUINOCORT SUSP OFT 5ML L.O,20.17,,sin_match,score_bajo
cobeca,QUINOFTAL SOL OFT 5ML L.O,18.54,,sin_match,score_bajo
cobeca,"QUINOMAX SOL OFT 0,50% 5ML L.O",19.04,,sin_match,score_bajo
cobeca,QUINOTIC HC SUSP OTICA 5ML L.O,15.38,,sin_match,score_bajo
cobeca,"QUINOTIC SOL OTICA 0,3% 4ML L.O",15.22,E.F.29.673,matched,score=0.695
cobeca,QUITAMANCHAS LIQ VANISH BLAN 450ML,4.72,,no_farmaco,
cobeca,QUITAMANCHAS LIQ VANISH ROSA 450ML,4.72,,no_farmaco,
cobeca,QUITAMANCHAS LIQ VANISH ROSA 900ML,9.07,,no_farmaco,
cobeca,QUITAMANCHAS VANISH BLANCO MULTIP 240 G,11.19,,no_farmaco,
cobeca,RABANO YODADO JBE 120ML ARC IRIS,8.57,,sin_match,sin_candidato
cobeca,RABANO YODADO JBE 120ML RECETT,3.51,,sin_match,sin_candidato
cobeca,RAID MAX AER 360ML,5.99,,sin_match,sin_candidato
cobeca,RALLADOR 4 EN 1 MANAPLAS,2.89,,no_farmaco,
cobeca,"RAMIPRES COMP 2,5MG X30 MEG",7.79,E.F.40.243,matched,score=0.859
cobeca,RAMIPRES COMP 5MG X30 MEG,9.74,E.F.40.243,matched,score=0.859
cobeca,RAMIPRIL TAB 5MG X30 CR DAC,7.06,E.F.G.37.058,matched,score=0.891
cobeca,RANIFLUX COMP REC 150MG X10 ALESS,2.94,,sin_match,sin_candidato
cobeca,RANIFLUX COMP REC 150MG X30 ALESS,7.47,,sin_match,sin_candidato
cobeca,RANITIDINA AMP 50MG/2ML X10 BLUE/M,7.65,E.F.G.30.929,matched,score=0.848
cobeca,RANITIDINA SOL ORAL 150MG/10ML BIOQ,6.69,E.F.G.40.781,matched,score=0.839
cobeca,RANITIDINA TAB 150MG X10 MT GLOB,6.66,E.F.G.26.538,matched,score=0.878
cobeca,RANITIDINA TAB 300MG X10 MT GLOB,10.26,E.F.G.31.884,matched,score=0.957
cobeca,RASALIT TAB 1 MG X 30,18.02,,sin_match,sin_candidato
cobeca,RECOLECTOR D/HECES X250 STERIPHARMA,21.94,,no_farmaco,
cobeca,RECOLECTOR D/ORINA BRIUT PED 100ML X100,38.96,,sin_match,sin_candidato
cobeca,RECOLECTOR D/ORINA HMD X 100,16.25,,no_farmaco,
cobeca,RECOLECTOR D/ORINA PLUSMEDIC AD X100,19.2,,no_farmaco,
cobeca,REFLUXYL SUSP ORAL 120ML ZUO,11.35,,sin_match,score_bajo
cobeca,REFLUXYL SUSP ORAL 240ML VARG,12.96,,sin_match,score_bajo
cobeca,REFRESC BUC SPRAY OZONEPIU FRESH 40ML,2.65,,no_farmaco,
cobeca,REGLA FLEXIBLE 15CM X1,0.7,,no_farmaco,
cobeca,REGLA TRANSP 30CM X1,1.05,,no_farmaco,
cobeca,REGULADOR D/FLUJO PLUSMEDIC C/GOTAS X 25,61.02,,sin_match,sin_candidato
cobeca,REGULIP TAB 20MG X30 FAR,18.82,E.F.39.265,matched,score=0.668
cobeca,REHIDROSOL ZINC 60MEQ/L MANZ 600ML BHR,5.88,,no_farmaco,
cobeca,REMOVEDOR CUTEX ENDURECEDOR 200ML,4.05,,no_farmaco,
cobeca,RENALOF CAP X90 AVPH,37.66,,sin_match,sin_candidato
cobeca,RENANGIO TAB 80MG X10 ZORIAK,6.43,,sin_match,sin_candidato
cobeca,RENDICREAM COMICS X 1 PACK,1.21,,no_farmaco,
cobeca,RENDICREAM SERIOUS X 2 PACK,1.55,,no_farmaco,
cobeca,REPELENTE AER OFF FAMILY 170G,6.9,,sin_match,sin_candidato
cobeca,REPELENTE CREM AVISPA 100G,3.38,,sin_match,sin_candidato
cobeca,REPELENTE CREM AVISPA KIDS 100G,4.88,,sin_match,sin_candidato
cobeca,REPELENTE CREM OFF FAMILY 60G,2.35,,sin_match,sin_candidato
cobeca,REPELENTE DERNIER LOC SKINSEPT 200 G,2.48,,sin_match,sin_candidato
cobeca,REPELENTE DERNIER LOCION BABY 200 G,2.47,,no_farmaco,
cobeca,REPELENTE DERNIER SPRAY SKINSEPT 200 G,3.81,,no_farmaco,
cobeca,REPELENTE LIQ OFF EX DURACION 177ML,7.26,,no_farmaco,
cobeca,REPELENTE LIQ OFF! FAMILY 177ML,6.23,,no_farmaco,
cobeca,REPELENTE OFF EXTRA DURACION AER 170G,8.21,,sin_match,sin_candidato
cobeca,REPELENTE SPLASH AVISPA KIDS 240G,5.78,,no_farmaco,
cobeca,RESCUE REMEDY 30ML SANAV,8.51,,no_farmaco,
cobeca,RESECAL PVO 10MG SOB X10 DISK,15.74,,sin_match,score_bajo
cobeca,"RESEQUIL LOC/TOPICA 0,1% X 10ML",11.68,,sin_match,score_bajo
cobeca,RESPIRO INH 25MCG/250MCG X120DOSIS DORO,27.1,,no_farmaco,
cobeca,RESTAURAFLOR SACHET AD 10ML ORBE X12,14.39,,no_farmaco,
cobeca,RESVERAT/NAD CAP 400/200MG X60 NAT PREM,15.58,,sin_match,sin_candidato
cobeca,RESVERATROL COMPLEX CAP 500MGX30 PHARMAC,15,,sin_match,score_bajo
cobeca,RESVERATROL NAD+VID CAP 125MG X60 HERB,20.73,,sin_match,sin_candidato
cobeca,RESVIDOX + NAD CAP BLD X30 ARCO IRIS,26,,sin_match,sin_candidato
cobeca,REUMAQUINE COM 200MG X 20,8.07,E.F.44.650,matched,score=0.694
cobeca,REVERSAIR TAB 4MG X10 CAPSUV,2.81,,sin_match,sin_candidato
cobeca,REVITALIFT AC HIALURONICO A/BRILLO X 50G,24.69,,no_farmaco,
cobeca,REVITALIFT SERUM AC HIALUR P/OJOS X 20ML,26.8,,no_farmaco,
cobeca,RHELEN ARNICA CRISTAL 250G INTERV,5.32,,no_farmaco,
cobeca,RHELEN ARNICA PLUS SPRAY 120ML INTERV,4.27,,no_farmaco,
cobeca,RHELEN GEL ARNICA PLUS TARRO 250G INTERV,5.32,,sin_match,sin_candidato
cobeca,RHELEN GEL ROLLON ARNICA PLUS 90G INTERV,2.6,,sin_match,sin_candidato
cobeca,RIBEX COMP REC 10MG X30 EURO,21.57,,sin_match,sin_candidato
cobeca,RICA CHICHA 400G,4.05,,no_farmaco,
cobeca,RIDAL COMP 2MG X20 MEG,8.05,E.F.30.106,matched,score=0.713
cobeca,RIDAL COMP 3MG X20 MEG,10,E.F.30.105,matched,score=0.713
cobeca,RIDAL COMP REC 1MG X20 MEG,7.01,,sin_match,score_bajo
cobeca,RIDAL GTS 1MG/ML 20ML MEG,9.19,E.F.39.709,matched,score=0.656
cobeca,RIFAMICINA SOL ATOM 1% 25ML CR ZUK,14.76,,sin_match,sin_candidato
cobeca,RIFAMIX COMP REC 200MG X12 LETI,21.62,E.F.39.775,matched,score=0.642
cobeca,RIFENDI COMP REC 200MG X10 ZUOZ,12.96,,sin_match,sin_candidato
cobeca,RIFENDI COMP REC 550MG X10 ZUOZ,32.42,,sin_match,sin_candidato
cobeca,RINARIS TAB REC 5MG/60MG X10 FAR,3.83,E.F.40.087,matched,score=0.651
cobeca,RINGER LACTATO SOL #19 500ML BHR,4.79,,sin_match,score_bajo
cobeca,RINGER LACTATO SOL 500ML ZUZU,2.41,,sin_match,score_bajo
cobeca,RINGER LACTATO SOL INF 500ML BLUE/M,1.99,,sin_match,score_bajo
cobeca,RINGER LACTATO SOL INY 500ML IPS,1.98,P.F.1.370,matched,score=0.648
cobeca,RINGOS MUNCHY 62G,1.05,,no_farmaco,
cobeca,RINGOS XXL X 180G,2.71,,no_farmaco,
cobeca,"RINIFLU SOL ORAL 2,5MG/5ML 60ML BIOTECH",6.15,,sin_match,score_bajo
cobeca,RINITOR +6 X 30ML,4.66,,no_farmaco,
cobeca,RIÑOHEPATOL CAP X60 WALF,11.84,,sin_match,sin_candidato
cobeca,RINOLAST TAB 120MG X10 FAR,5.87,E.F.32.231,matched,score=0.668
cobeca,RINOMAX SOL NASAL 15ML L.O,17.49,E.F.30.711,matched,score=0.657
cobeca,RIÑONERA SELVA X1,0.74,,no_farmaco,
cobeca,RISPERDON SUSP ORAL 1MG/ML 20ML PROV,3.51,,sin_match,sin_candidato
cobeca,RISPERID COMP 2MG X30 MEG,9.09,E.F.28.992,matched,score=0.935
cobeca,RISPERID COMP 3MG X30 MEG,11.82,E.F.28.993,matched,score=0.935
cobeca,RISPERID COMP REC 1MG X30 MEG,8.05,E.F.36.861,matched,score=0.801
cobeca,RISPERID GTS 1MG/ML 20ML MEG,7.27,E.F.36.861,matched,score=0.725
cobeca,RISPERIDONA TAB 1MG X20 FMED,1.83,E.F.36.375,matched,score=0.838
cobeca,RISPERIDONA TAB 2MG X20 FMED,1.99,E.F.G.38.180,matched,score=0.891
cobeca,RISPERIDONA TAB REC 2MG X20 CLX,5.04,E.F.G.38.180,matched,score=0.813
cobeca,RISTONEL COMP 100MG X30 CLX,29.35,E.F.44.735,matched,score=0.655
cobeca,RISTONEL COMP 50MG X30 CLX,36.69,E.F.44.734,matched,score=0.636
cobeca,RITROMI TAB/REC 500MG X 10,12.47,E.F.42.436,matched,score=0.791
cobeca,RIVAPROF COMP REC 10MG X30 VLM,12.78,,sin_match,score_bajo
cobeca,RIVAPROF COMP REC 15MG X30 VLM,15.52,,sin_match,score_bajo
cobeca,RIVAREX COMP REC 10MG  X30 DLR,10.93,,sin_match,score_bajo
cobeca,RIVAREX COMP REC 15MG X30 DLR,13.17,,sin_match,score_bajo
cobeca,RIVAROXABAN TAB 15MG X30 CR DIST,12.04,E.F.G.42.922,matched,score=0.859
cobeca,RIVAROXABAN TAB 20MG X10 VIN,7.95,E.F.G.42.923,matched,score=0.859
cobeca,RIVAROXABAN TAB REC 20MG X14 KMP,6.33,E.F.G.42.923,matched,score=0.737
cobeca,RIXIGAL PVO SUSP 100MG/5ML 100ML PHARME,24.64,,sin_match,score_bajo
cobeca,RIXIGAL TAB REC 400MG X10 PHARME,21.52,,sin_match,score_bajo
cobeca,ROCARNIN SOL 10% 120ML RNV,3.88,,sin_match,sin_candidato
cobeca,ROCARNIN SOL 10% 180ML RNV,7.29,,sin_match,sin_candidato
cobeca,RODILLERA ICE SLEEVE KT HEALTH L-XL,61.2,,no_farmaco,
cobeca,RODILLERA ICE SLEEVE KT HEALTH S-M,61.2,,no_farmaco,
cobeca,"ROLASTYM INH 160ML/4,5MCG X120DOSIS DORO",32.53,,no_farmaco,
cobeca,ROLLO D/ALGODON 100G,2.11,,no_farmaco,
cobeca,ROLLO D/ALGODON 25G,1.1,,no_farmaco,
cobeca,ROLLO D/ALGODON 50G,1.3,,no_farmaco,
cobeca,RONARES COMP 500MG/4MG X10 RNV,2.82,E.F.43.974,matched,score=0.622
cobeca,RONAVIT AMP 2ML X1 RNV,2.84,,sin_match,score_bajo
cobeca,RONAVIT VIT B12/B1/B6 CAP X20 RNV,5.2,,sin_match,score_bajo
cobeca,RONIPRAZOL SOB 10G X10 RNV,13.91,,sin_match,sin_candidato
cobeca,RONIPRAZOL TAB 20MG X14 RNV,5.63,,sin_match,sin_candidato
cobeca,RONIPRAZOL TAB 40MG X14 RNV,6.47,,sin_match,sin_candidato
cobeca,ROSUTAN TAB 10MG X30 ZORIAK,6.11,E.F.44.475,matched,score=0.626
cobeca,ROSUVASTATINA COMR 20 MG X 30 LETI,25.3,,no_farmaco,
cobeca,ROSUVASTATINA TAB 20MG X30 ANG/H,4.51,E.F.G.37.264,matched,score=0.859
cobeca,ROSUVASTATINA TAB REC 10MG X30 PHARMA,4.21,,sin_match,score_bajo
cobeca,ROSUVASTATINA TAB REC 20MG X10 PHARME,7.87,E.F.G.42.632,matched,score=0.737
cobeca,ROSUVASTATINA TAB REC 20MG X30 PHARMA,6.92,,sin_match,score_bajo
cobeca,ROSUVASTATINA TAB/REC 10MG X 30 LA SANT,11.44,E.F.G.42.676,matched,score=0.737
cobeca,ROVARTAL COMP REC 10MG X30 MEG,14.03,,sin_match,score_bajo
cobeca,ROVARTAL COMP REC 20MG X30 MEG,19.87,,sin_match,score_bajo
cobeca,ROVARTAL COMP REC 40MG X30 MEG,24.68,E.F.38.325,matched,score=0.632
cobeca,"ROWELUK COM/MAST 5MG/2,5MG X 10",5.19,,sin_match,score_bajo
cobeca,"ROWELUK COM/MAST 5MG/2,5MG X 30",11.69,,sin_match,score_bajo
cobeca,ROWELUK COMP MAST 5MG X10 MEG,2.87,E.F.37.201,matched,score=0.611
cobeca,ROWELUK ULTRA COM/REC 10MG/5MG X 10,6.49,,sin_match,score_bajo
cobeca,ROWELUK-10 COMP MAST X30 MEG,8.05,E.F.37.200,matched,score=0.645
cobeca,ROWELUK-4 COMP MAST PED 4MG X10 MEG,2.21,E.F.37.200,matched,score=0.611
cobeca,ROWELUK-4 COMP MAST PED X30 MEG,4.94,E.F.37.200,matched,score=0.645
cobeca,ROWELUK-5 COMP MAST X30 MEG,6.49,E.F.37.200,matched,score=0.645
cobeca,ROWETOS JBE 7MG/ML 200ML MEG,13.9,,sin_match,sin_candidato
cobeca,ROWETOS JBE 7MG/ML 80ML MEG,6.23,,sin_match,sin_candidato
cobeca,RUBIZON TAB REC 20MG X35 COFA,9.48,,sin_match,score_bajo
cobeca,RUBLOX TAB/REC 10MG X 30,12.99,,sin_match,score_bajo
cobeca,RUBLOX TAB/REC 20MG X 30,20.66,,sin_match,score_bajo
cobeca,RYNAMED FORTE TAB 250/400/65MG X10 FMED,2.02,,sin_match,score_bajo
cobeca,SABE MIEL JBE BERR EUCALIP 180ML BIOFAR,4.55,,sin_match,score_bajo
cobeca,SABE MIEL JBE CEBOLLA MORAD 180ML BIOFAR,4.55,,sin_match,score_bajo
cobeca,SABE MIEL JBE PLUS 180ML BIOFAR,4.55,,sin_match,score_bajo
cobeca,SABILA CAP X60 HERB,10.26,,sin_match,sin_candidato
cobeca,SABILA JBE 120ML CHEM/S,5.82,,sin_match,sin_candidato
cobeca,SABILADERM CREM BABY A/PAÑALITIS 65G COH,5.63,,sin_match,sin_candidato
cobeca,SABILAX CAP 400MG X60 WALF,10.8,,sin_match,sin_candidato
cobeca,SACUBITRILO/VAL TAB REC 100MG X30 ARVEST,22.8,,sin_match,score_bajo
cobeca,SACUBITRILO/VALSA TAB REC 50MGX30 CRDIST,45.25,,sin_match,score_bajo
cobeca,SACUMIC COMP REC 100MG X30 MEG,33.77,,sin_match,score_bajo
cobeca,SACUMIC COMP REC 50MG X30 MEG,25.97,,sin_match,score_bajo
cobeca,SACUTAN COMP REC 50MG X30 ZUOZ,30.88,,sin_match,sin_candidato
cobeca,SADOXOL TAB 50MG X30 SIEG,4.16,E.F.43.810,matched,score=0.689
cobeca,SAL CRUZ DE ORO 1KG,0.7,,no_farmaco,
cobeca,SAL D/EPSOM 20G LYA,1.6,,no_farmaco,
cobeca,SAL D/EPSOM SOB 20G BIOF,1.35,,sin_match,sin_candidato
cobeca,SAL D/FRUTA 5G LYA,1.25,,no_farmaco,
cobeca,SAL D/FRUTA MAKENO PVO EFERV NAR X10 BIU,3.9,,sin_match,sin_candidato
cobeca,SAL D/HIGUERA 25G X20 FCH,34.81,,no_farmaco,
cobeca,SAL D/HIGUERA SOB 20G BIOF,1.35,,sin_match,sin_candidato
cobeca,SAL HIGUERA 25G X12 RECETT,21.35,,no_farmaco,
cobeca,SAL MARINA EL CONDOR 500G,3.51,,no_farmaco,
cobeca,SAL MCCORMICK GRUESA CONDIMENT/CAR 105G,3.39,,no_farmaco,
cobeca,SAL MCCORMICK GRUESA P/POLLO 98G,3.39,,no_farmaco,
cobeca,SAL REFINADA MONTE BLANCO 1KG,1.1,,no_farmaco,
cobeca,SALBUMED INH 100MCG X200DOSIS MDF,12.92,,no_farmaco,
cobeca,"SALBUROL SOL INH 0,5% X20 VLM",8.94,,sin_match,score_bajo
cobeca,SALBUTAMOL INH 100MCG X200DOSIS CR DIST,13.39,,no_farmaco,
cobeca,"SALBUTAMOL SOL INH 0,5% 5MG/ML 20ML DIST",10.08,,sin_match,score_bajo
cobeca,SALBUTAMOL SOL INH 5MG/ML 15ML L.O,9.87,,sin_match,score_bajo
cobeca,SALBUTAMOL SUSP INH 100MCG X200DOSIS,13.36,E.F.G.25.529,matched,score=0.859
cobeca,SALBUTAN SUSP INH X200 DOSIS FAR,12.36,E.F.16.041,matched,score=0.779
cobeca,"SALES D/REHIDRAT SOB 20,5G X10 KMP",10.41,,sin_match,score_bajo
cobeca,SALICIS CREM 1% 20G BOOZ,4.6,,sin_match,sin_candidato
cobeca,"SALINAX SOL NASAL 0,9% 50ML CLX",6.9,,sin_match,score_bajo
cobeca,SALMETEROL/FLUTIC INH 25/250MCGX120D KMP,27.91,,no_farmaco,
cobeca,SALSA HEINZ 57 378G,2.02,,no_farmaco,
cobeca,SALSA HEINZ KETCHUP 198G,1.23,,no_farmaco,
cobeca,SALSA HEINZ KETCHUP 397G,2.05,,no_farmaco,
cobeca,SALSA HEINZ KETCHUP S/AZU 367G,1.99,,no_farmaco,
cobeca,SALSA HEINZ PICANTE 150ML,1.34,,no_farmaco,
cobeca,SALSA HEINZ TOMATE PICANTE 397G,1.99,,no_farmaco,
cobeca,SALSA MC CORMICK AGRIDULCE 294G,2.63,,no_farmaco,
cobeca,SALSA MC CORMICK AJO 150G,1.36,,no_farmaco,
cobeca,SALSA MC CORMICK AJO 313G,2.46,,no_farmaco,
cobeca,SALSA MC CORMICK AJOMIX 150G,1.36,,no_farmaco,
cobeca,SALSA MC CORMICK BBQ AHUMADA 230ML,2.86,,no_farmaco,
cobeca,SALSA MC CORMICK BBQ ORIG 230ML,2.86,,no_farmaco,
cobeca,SALSA MC CORMICK INGLESA 150ML,1.41,,no_farmaco,
cobeca,SALSA MC CORMICK INGLESA 300ML,2.48,,no_farmaco,
cobeca,SALSA MC CORMICK INGLESA LIGHT 150ML,1.36,,no_farmaco,
cobeca,SALSA MC CORMICK INGLESA VINO BLAN 150G,1.51,,no_farmaco,
cobeca,SALSA MC CORMICK INGLESA VINO BLAN 300ML,2.81,,no_farmaco,
cobeca,SALSA MC CORMICK INGLESA VINOT 150ML,1.51,,no_farmaco,
cobeca,SALSA MC CORMICK INGLESA VINOT 300ML,2.81,,no_farmaco,
cobeca,SALSA MC CORMICK PICANTE CRIOLLO 150ML,1.63,,no_farmaco,
cobeca,SALSA MC CORMICK SOYA 150G,1.36,,no_farmaco,
cobeca,SALSA MC CORMICK SOYA 300G,2.48,,no_farmaco,
cobeca,SALSA MC CORMICK SOYA LIGHT 150ML,1.36,,no_farmaco,
cobeca,SALSA P/PASTA BOLOÑESA OLE 300GR,1.63,,no_farmaco,
cobeca,SALSA P/PASTA HEINZ BOLOGNESA 195G,1.51,,no_farmaco,
cobeca,SALSA P/PASTA HEINZ NAPOLITANA 195G,1.51,,no_farmaco,
cobeca,SALSA P/PASTA OSOLE BOLOÑESA X 340G,1.92,,no_farmaco,
cobeca,SALSA P/PASTA OSOLE NAPOLITANA X 340G,1.69,,no_farmaco,
cobeca,SALSA P/PASTA OSOLE PIZZA X 340G,1.69,,no_farmaco,
cobeca,SALSA P/PIZZA HEINZ TRADIC 480G,3.12,,no_farmaco,
cobeca,SALSA P/PIZZA OLE 300GR,1.45,,no_farmaco,
cobeca,SALSA TERIYAKI 279G,2.73,,no_farmaco,
cobeca,SALSA TIQUIRE FLORES AJO 150ML,1.12,,no_farmaco,
cobeca,SALSA TIQUIRE FLORES KETCHUP 397G,1.54,,no_farmaco,
cobeca,SALSA TIQUIRE FLORES SOYA 300ML,2.37,,no_farmaco,
cobeca,SANDW BISCUIT HAPPY CHOCO/VAIN 112G,0.66,,no_farmaco,
cobeca,SANDW RENATA CHOCO 112G,0.66,,no_farmaco,
cobeca,SANDW RENATA FRESA 112G,0.66,,no_farmaco,
cobeca,SANITARIO PORTA PLEGABLE DOVANT,110.78,,no_farmaco,
cobeca,SANITARIO PORTA PLEGABLE DOVANT C/RUEDAS,123.7,,no_farmaco,
cobeca,SANTEX ANTIACAROS 450ML,13.44,,no_farmaco,
cobeca,SARIFAN COMP TAB X20 RNV,7.19,E.F.20.265,matched,score=0.929
cobeca,SAVER COM PVO SUSP 200MG/5ML X 37.5ML,5.95,,sin_match,score_bajo
cobeca,SAVER COMP 500MG X5 ELM,3.17,E.F.29.493,matched,score=0.643
cobeca,SAW PALMETTO CAP 300MG X60 ARC IRIS,13.51,,sin_match,sin_candidato
cobeca,SAX DUCHA VAG 135ML BIOTECH,4.22,,no_farmaco,
cobeca,SAZON MCCORMINCK MEXICANA 75G,3.88,,no_farmaco,
cobeca,SAZONADOR MAGGI NATURISIMO 35G X15,12.99,,no_farmaco,
cobeca,SAZONATODO MAGGI 200G,3.68,,no_farmaco,
cobeca,SAZONATODO MAGGY DISP 35G X15,10.98,,sin_match,sin_candidato
cobeca,SECNIDAZOL  TAB 500MG X4 FMED,0.89,E.F.G.30.953,matched,score=0.878
cobeca,SECNIDAZOL COMP REC 1G X2 GENVEN,5.33,,sin_match,score_bajo
cobeca,SECNIDAZOL TAB 1G X2 CLX,2.99,E.F.G.37.061,matched,score=0.902
cobeca,SECNIDAZOL TAB 1G X2 VIV,3.39,E.F.G.31.560,matched,score=0.859
cobeca,SECNIDAZOL TAB 500MG X4 KIMIC,2.42,E.F.G.37.852,matched,score=0.703
cobeca,SECNIDAZOL TAB REC 1G X2 VLM,3.5,E.F.G.37.617,matched,score=0.780
cobeca,SECNIDEX TAB REC 500MG X4 PLX,3.46,E.F.37.680,matched,score=0.678
cobeca,SEDACONS SOL IV 100MCG/2ML X 1,10.9,,sin_match,score_bajo
cobeca,SEDIVAL TAB X30 MEY,8.99,,sin_match,sin_candidato
cobeca,SELENE CAP BLD 400UI/70MCG X30 VIV,11.97,E.F.33.722,matched,score=0.613
cobeca,SELENIO CAP 100MCG X60 HERB,11.56,E.F.37.708,matched,score=0.803
cobeca,SELENIUM TAB 100MCG X100 NOW,13.19,,sin_match,sin_candidato
cobeca,SEN 10G X12 RECETT,23.53,,no_farmaco,
cobeca,SEN D/HOJAS 5G X15 FCH,25.71,,no_farmaco,
cobeca,"SENOCOLAX TAB 8,6MG/50MG X10 TIAR",2.81,,sin_match,sin_candidato
cobeca,"SENOKOT/DOCUSATO TAB REC 8,6/50MGX10 FAR",3.74,,sin_match,sin_candidato
cobeca,SENSIBIO H2O SOL 100ML,24.1,,sin_match,sin_candidato
cobeca,SERETIDE SUSP INH 25MG/125MCG X120 DOSIS,32.43,E.F.31.374,matched,score=0.619
cobeca,SERETIDE SUSP INH 25MG/250MCG X120 DOSIS,42.01,E.F.31.374,matched,score=0.619
cobeca,SERETIDE SUSP INH 25MG/50MCG X120 DOSIS,39.74,E.F.31.374,matched,score=0.628
cobeca,SERLINE COMP 100MG X10 MEG,6.23,E.F.32.712,matched,score=0.800
cobeca,SERLINE COMP 50MG X10 MEG,4.68,E.F.30.171,matched,score=0.780
cobeca,SERTRALINA COMP 50MG X10 GNV,6.2,E.F.G.31.067,matched,score=0.859
cobeca,SERTRALINA COMP REC 50MG X30 CCM,10.57,E.F.G.32.466,matched,score=0.737
cobeca,SERTRALINA COMP REC 50MG X30 LETI,15.8,E.F.G.32.466,matched,score=0.763
cobeca,SERTRALINA COMP REC 50MG X56 DORO,10.6,E.F.G.32.466,matched,score=0.737
cobeca,SERTRALINA TAB 50MG X 30 LA SANTE,11.13,E.F.G.32.466,matched,score=0.702
cobeca,SERTRALINA TAB 50MG X10 CR LATT,2.6,E.F.G.31.067,matched,score=0.859
cobeca,SERTRALINA TAB 50MG X10 PHARME,4.9,E.F.G.31.067,matched,score=0.859
cobeca,SERTRALINA TAB 50MG X14 CR CCM,1.81,E.F.G.31.067,matched,score=0.859
cobeca,SERTRALINA TAB 50MG X14 MORO CCM,3.36,E.F.G.43.842,matched,score=0.683
cobeca,SERTRALINA TAB 50MG X30 CLEO,2.92,E.F.G.31.067,matched,score=0.859
cobeca,SERTRALINA TAB REC 50MG X10 CLX,3.6,E.F.G.32.466,matched,score=0.737
cobeca,SERTRALINA TAB REC 50MG X30 CLX,9.87,E.F.G.32.466,matched,score=0.737
cobeca,SERUM A/ARRUGAS GEODERM 30ML,51.77,,no_farmaco,
cobeca,SERUM A/EDAD VERABELL 30ML,7.09,,no_farmaco,
cobeca,SERUM A/MANCH LOREAL GLYCOL BRIGHT 30ML,28.3,,no_farmaco,
cobeca,SERUM A/MANCHAS GEODERM 30ML,51.77,,no_farmaco,
cobeca,SERUM A/OJERAS LOREAL GLYCOL BRIGHT 20G,24.36,,no_farmaco,
cobeca,SERUM BIO+ ADA HYDRO 30CM3,11.89,,no_farmaco,
cobeca,SERUM BIO+ GIGI PROTECTIVE 30CM3,11.89,,no_farmaco,
cobeca,SERUM BIO+ MAQUI LUMI 30CM3,11.89,,no_farmaco,
cobeca,SERUM BIODERMA SEBIUM 30ML,57.05,,no_farmaco,
cobeca,SERUM BIODERMA SENSIBIO DEFENSIVE 30ML,40.75,,no_farmaco,
cobeca,SERUM CLARESS CAP CERABLEND A/EDAD X30,19.3,,sin_match,sin_candidato
cobeca,SERUM CLARESS CAP CITRALICIOUS X30,19.3,,sin_match,sin_candidato
cobeca,SERUM CLARESS CAP RETINOL ADVANCE X30,19.3,,sin_match,sin_candidato
cobeca,SERUM CLARESS CITRUS POWER VIT C 30ML,13.76,,no_farmaco,
cobeca,SERUM CLARESS CORRECTOR PREBIOT 30ML,13.32,,no_farmaco,
cobeca,SERUM CLARESSS CONTORNO D/OJOS 30ML,11.57,,no_farmaco,
cobeca,SERUM CORP DERNIER HYDROREGEN 200ML,7.03,,no_farmaco,
cobeca,SERUM CORP DERNIER SMART RENAWAL 200ML,7.03,,no_farmaco,
cobeca,SERUM CORP DERNIER ZEROGRAVITY 200ML,7.03,,no_farmaco,
cobeca,SERUM DERNIER AMINOACIDOS X30G,4.76,,no_farmaco,
cobeca,SERUM DERNIER CELULAS MADRES X30G,5.43,,no_farmaco,
cobeca,SERUM DERNIER COMPLEJO D/PEPTIDOS X30G,4.76,,no_farmaco,
cobeca,SERUM DERNIER EXFOLINATE AHA + BHA X30G,4.76,,no_farmaco,
cobeca,SERUM DERNIER NIACINAMIDA/ZINC X 30G,4.81,,no_farmaco,
cobeca,SERUM DERNIER PROB + POST X30G,4.76,,no_farmaco,
cobeca,SERUM DERNIER RETINOL ANTI-AGING X 30G,4.76,,no_farmaco,
cobeca,SERUM DESPIGMENTANTE CLARESS 30ML,14.72,,no_farmaco,
cobeca,SERUM HIDRAT BIODERMA HYDRABIO 40ML,37.06,,no_farmaco,
cobeca,SERUM HIDRAT CLARESS AC HIALUR 30ML,11.91,,no_farmaco,
cobeca,SERUM HIDRAT GEODERM 30ML,46.43,,no_farmaco,
cobeca,SERUM HIDRAT LACTIBON BIOLUBE 32G,18.83,,no_farmaco,
cobeca,SERUM NIVEA CELL LUMIN630 A/MANCHAS 30ML,27.55,,no_farmaco,
cobeca,SERUM NIVEA LUMINOUS 630 A/EDAD 30ML,27.55,,no_farmaco,
cobeca,SERUM NIVEA LUMINOUS 630 A/MANCHAS 30ML,27.55,,no_farmaco,
cobeca,SERUM P/BARBA BIG DEKKER 30ML,8.41,,no_farmaco,
cobeca,SERUM PROTECTOR/SOL FACIAL VERABELL 30ML,10.5,,sin_match,sin_candidato
cobeca,SERUM REVITALIFT RETINOL NOCHE 30ML,32.35,,no_farmaco,
cobeca,SERUM SEDAL LUMINOSO UV 110ML,6.55,,no_farmaco,
cobeca,SERUM VERABELL AC GLICOLICO 30ML,8.58,,no_farmaco,
cobeca,SERUM VERABELL AC HIALUR 30ML,6.59,,no_farmaco,
cobeca,SERUM VERABELL AC RETINOICO 30ML,7.64,,no_farmaco,
cobeca,SERUM VERABELL AC SALICILICO 30ML,7.5,,no_farmaco,
cobeca,SERUM VERABELL NIACINAMIDA 30ML,7.08,,no_farmaco,
cobeca,SERUM VERABELL VIT C 30ML,10.39,,no_farmaco,
cobeca,SERVILLETA MIMLOT TIPO Z 160UND,0.75,,no_farmaco,
cobeca,SERVILLETAS FAMILIA ACOLCHAMAX X100,2.01,,no_farmaco,
cobeca,SERVILLETAS FAMILIA CAFETERIA X100,1.81,,no_farmaco,
cobeca,SERVILLETAS FAMILIA PRACTI-DIARIA X150,1.79,,no_farmaco,
cobeca,SERVILLETAS HOUSEHOLD NAPKINS X120,2.17,,no_farmaco,
cobeca,SERVILLETAS Z GDE 160UNDS,1.52,,no_farmaco,
cobeca,SERVILLETAS Z POLY PEQ 160UNDS,0.9,,no_farmaco,
cobeca,SESAREN XR CAP 150MG X15 MEG,28.57,E.F.34.530,matched,score=0.655
cobeca,SET D/COCINA 44 PZAS,29.78,,no_farmaco,
cobeca,SET D/COCINA DEPARTMENT STORE,19.76,,no_farmaco,
cobeca,SET D/COCINA FAST FOOD,19.76,,no_farmaco,
cobeca,SET D/COCINA HELLO KITTY,29.78,,no_farmaco,
cobeca,SET D/TETERO GENIAL 9OZ X3,15,,no_farmaco,
cobeca,SET INFUSION BRITUCARE 20G,1.35,,no_farmaco,
cobeca,SET INFUSION BRIUTCARE PED 60G,1.45,,sin_match,score_bajo
cobeca,SET INFUSION PLUSMEDIC PUNT 60GTS/ML X25,15.34,,no_farmaco,
cobeca,SET TRANSFUNSION PLUSMEDIC SANG 1ML,0.7,,no_farmaco,
cobeca,SHAM CHICCO ORIGINAL X 200ML,3.7,,no_farmaco,
cobeca,SHAMP SEDAL 2/1 DUO 340ML,6.84,,no_farmaco,
cobeca,SHAMP SEDAL CELULAS MADRES 340ML,6.09,,no_farmaco,
cobeca,SHAMP SEDAL LUMINOSO UV 340ML,6.09,,no_farmaco,
cobeca,SHAMP SEDAL RIZOS DEFINIDOS 340ML,6.09,,no_farmaco,
cobeca,SIDAZOL TAB 100MG X30 COFA,11.04,E.F.43.900,matched,score=0.770
cobeca,SIDAZOL TAB 50MG X30 COFA,4.63,E.F.43.899,matched,score=0.750
cobeca,SIGLUTAN TAB 50MG/500MG X30 ZORIAK,15.28,E.F.44.582,matched,score=0.643
cobeca,SIGTIPHIN COMP REC 200MG X10 MEY,8.78,,sin_match,score_bajo
cobeca,SIGTIPHIN COMP REC 200MG X20 MEY,15.99,,sin_match,score_bajo
cobeca,SILDENAFIL TAB 50MG X1 MEY,2.13,E.F.G.43.690,matched,score=0.939
cobeca,SILDENAFIL TAB 50MG X1 PHARME,1.26,E.F.G.43.690,matched,score=0.939
cobeca,SILDENAFIL TAB 50MG X2 KIMIC,1.95,E.F.G.43.690,matched,score=0.751
cobeca,SILDENAFIL TAB 50MG X2 MEY,3.48,E.F.G.43.690,matched,score=0.939
cobeca,SILDENAFIL TAB REC 50MG X4 MEY,5.62,E.F.G.43.690,matched,score=0.817
cobeca,SILDEX TAB 100MG X1 PLX,2.96,E.F.42.444,matched,score=0.888
cobeca,SILDEX TAB 100MG X2 PLX,4.26,E.F.42.444,matched,score=0.888
cobeca,SILDEX TAB 50MG X1 PLX,1.48,E.F.37.030,matched,score=0.750
cobeca,SILDEX TAB REC 50MG X2 PLX,2.87,E.F.37.030,matched,score=0.628
cobeca,SILICON BAMBARY LIQ 30 ML X 1,1.05,,no_farmaco,
cobeca,SILICON KEMAGEL 30G GCP,58.43,,no_farmaco,
cobeca,SILICON LIQ BAMBARY 100ML X12,33.61,,no_farmaco,
cobeca,SILICONA BARRA GRUESA 20CM X6,4.03,,sin_match,sin_candidato
cobeca,SILLA D/BAÑO DOVANT C/RESPALDAR,75.6,,no_farmaco,
cobeca,SILLA D/BAÑO DOVANT C/RESPALDAR/BRACERA,107.63,,no_farmaco,
cobeca,SILLA D/BAÑO DOVANT S/RESPALDAR,60.7,,no_farmaco,
cobeca,SILLA D/RUEDAS DEPORTIVA NEXT STEP,907.9,,no_farmaco,
cobeca,SILLA D/RUEDAS DOVANT ULTRALIGERA,274.9,,no_farmaco,
cobeca,SILLA D/RUEDAS NEXT STEP RESPALD RECLINA,374.71,,no_farmaco,
cobeca,SILVEDERMA CREM 1% X 50G,12.4,,sin_match,score_bajo
cobeca,SILVEDERMA CREM TOPICA 500G MDF,47.35,,sin_match,score_bajo
cobeca,SIMETICONA SALUDX CAP 125MG X 10 RJR,3.49,,sin_match,score_bajo
cobeca,SIMULTAN COMP REC 50MG/850MG X30 DLR,17.71,,sin_match,score_bajo
cobeca,SINALER M TAB REC 5MG/10MG X30 ALESS,7.58,,sin_match,sin_candidato
cobeca,SINALER TAB 5MG X10 ALESS,1.18,,sin_match,sin_candidato
cobeca,SINGRASS CAP X60 NAT PREM,6.75,,sin_match,sin_candidato
cobeca,SINMEGAS CAP BLD 125MG X20 SIEG,7.91,,sin_match,score_bajo
cobeca,SINMEGAS CAP BLD 125MG X30 SIEG,11.64,,sin_match,score_bajo
cobeca,SINUS RINSE NEILMED ADU KIT X 60 SACH,18.29,,no_farmaco,
cobeca,SINUS RINSE NEILMED ADU REFF X 50 SACH,15.14,,no_farmaco,
cobeca,SINUS RINSE NEILMED KIDS KIT X 30 SACH,16.39,,no_farmaco,
cobeca,SINUS RINSE NIELMED KIDS REFF X60 SACH,14.78,,no_farmaco,
cobeca,SINUTIL CAP BLD DIA 500MG/10MG/2MGX10 FC,4.79,,sin_match,score_bajo
cobeca,SINUTIL CAP BLD NOCH 500/2MG X5 FC,2.82,,sin_match,score_bajo
cobeca,"SINUTIL GTS 80/0,5 MG/ML 30ML VIN",3.7,E.F.41.645,matched,score=0.602
cobeca,SINUTIL JBE 90ML VIN,5.79,,sin_match,score_bajo
cobeca,SINUX TAB/REC 5MG/60MG X 10,5.7,,sin_match,sin_candidato
cobeca,SIROPE D/CHOCO 260ML,2.92,,no_farmaco,
cobeca,SIROPE MAPLE 260ML,3.3,,no_farmaco,
cobeca,SISTEMA D/DRENAJE PLUSVAC 1/4 18FR X 1,22.5,,no_farmaco,
cobeca,SISTEMA D/DRENAJE PLUSVAC 1/8 10FR X1,22.5,,no_farmaco,
cobeca,SITAGLIP/METFOR TAB 50/1000MG X30 PHARMA,9.09,,sin_match,sin_candidato
cobeca,SITAGLIPTINA METF TAB 50/500MG X30 ANG/H,9.43,E.F.G.43.259,matched,score=0.826
cobeca,SITAGLIPTINA/METFOR TAB 50/500MG X10 KMP,4.01,E.F.G.43.259,matched,score=0.852
cobeca,SITAGLIPTINA/METFOR TAB 50/850MG X28 ADN,14.66,E.F.G.44.367,matched,score=0.791
cobeca,SITAGLIS MET COMP REC 50/1000MG X28 LETI,49.13,E.F.40.375,matched,score=0.710
cobeca,SITAMET TAB/REC 50MG/500MG X 10,8.1,,sin_match,score_bajo
cobeca,SITAMET TAB/REC 50MG/500MG X 30,20.33,,sin_match,score_bajo
cobeca,SITAMET TAB/REC 50MG/850MG X 30,23.14,,sin_match,score_bajo
cobeca,SITOMET TAB 50MG/500MG X10 CAPSUV,9.19,,sin_match,sin_candidato
cobeca,SNACHOS QUESO 145G,2.15,,no_farmaco,
cobeca,SNACHOS QUESO XXL 360G,5.12,,no_farmaco,
cobeca,SOL BACTERICIDA IODINEX 120ML,6.22,,sin_match,sin_candidato
cobeca,"SOL CHLORHEXIDEX C/VALVULA 0,3% X250ML",17.16,,sin_match,sin_candidato
cobeca,SOL FISIOL GTS 15ML CHEM/S,1.81,,sin_match,sin_candidato
cobeca,SOL ISOT CLOR SOD 500ML #16 BHR,3.06,,sin_match,sin_candidato
cobeca,SOL JABONOSA ADEMINA 190ML,2.6,,sin_match,sin_candidato
cobeca,SOL LIMP DERNIER BABY P/CABELLO 200 ML,2.81,,sin_match,sin_candidato
cobeca,SOL LIMP DERNIER BABY P/LA PIEL 200 ML,2.79,,sin_match,sin_candidato
cobeca,SOL LIMP DERNIER FACIAL 200 ML,3.31,,sin_match,sin_candidato
cobeca,SOL LIMP DERNIER P/HIGIENE INTIMA 200 ML,3.26,,sin_match,sin_candidato
cobeca,SOL LIMP DERNIER P/MANOS Y CUERPO 200 ML,2.45,,sin_match,sin_candidato
cobeca,SOL OQ KERR FASTCLEAN 110ML,3.31,,sin_match,sin_candidato
cobeca,SOL OQ KERR FASTCLEAN 70ML,2.6,,sin_match,sin_candidato
cobeca,SOL P/LENTES SIMPLEX N EXPRESS X 120ML,10.86,,sin_match,sin_candidato
cobeca,SOL P/LENTES SIMPLEX N EXPRESS X 240ML,14.65,,sin_match,sin_candidato
cobeca,SOL P/LENTES SIMPLEX N EXPRESS X 60ML,7.86,,sin_match,sin_candidato
cobeca,"SOLUCION CS 0,9% 100ML ADN",2.08,,no_farmaco,
cobeca,SOLUHEX BABY LIQ 240ML INT,5.19,,no_farmaco,
cobeca,SOLUHEX LIQ LIMP 120ML INT,4.56,,no_farmaco,
cobeca,SOLUHEX LOC JAB INTIMO 240ML INT,5.82,,sin_match,sin_candidato
cobeca,SOLUHEX SPORT LIQ LIMP 240ML INT,5.19,,no_farmaco,
cobeca,SOLUMAR SOL HIPERTONICA 30ML EMP,8.49,,sin_match,score_bajo
cobeca,SOLUMAR SOL HIPERTONICA 60ML EMP,11.06,,sin_match,score_bajo
cobeca,SOMAZINA COM 500 MG X 30,53.5,E.F.31.026,matched,score=0.719
cobeca,SOMAZINA SOL INY 1000MG/4ML X 5,32.99,E.F.33.901,matched,score=0.686
cobeca,SOMERGAN LOC TOP 60ML INTERCOS,4.43,,sin_match,sin_candidato
cobeca,SONDA D/SUCCION PLUSMEDIC FR08 X80,42.74,,no_farmaco,
cobeca,SONDA D/SUCCION PLUSMEDIC FR16 X50,26.72,,no_farmaco,
cobeca,SONDA FOLEY PLUSMEDIC 16FR X10,14.13,,no_farmaco,
cobeca,SONDA FOLEY PLUSMEDIC 18FR X10,14.13,,no_farmaco,
cobeca,SONDA FOLEY PLUSMEDIC 20FR X10,14.13,,no_farmaco,
cobeca,SONDA NELATON BRIUTCARE DESC  18FR X50,29.22,,no_farmaco,
cobeca,SONDA NELATON BRIUTCARE DESC 24FR X50,29.22,,no_farmaco,
cobeca,SONDA NELATON PLUSMEDIC FR08 X80,48.91,,no_farmaco,
cobeca,SONDA NELATON PLUSMEDIC FR10 X60,30.23,,no_farmaco,
cobeca,SONDA NELATON PLUSMEDIC FR12 X60,30.23,,no_farmaco,
cobeca,SONDA NELATON PLUSMEDIC FR14 X50,25.2,,no_farmaco,
cobeca,SONDA NELATON PLUSMEDIC FR18 X50,30.57,,no_farmaco,
cobeca,SONDA NELATON SUQUIR 06 X50,11.87,,no_farmaco,
cobeca,SOPA CASERA MAGGI CRUZADO CRIOLLO 50GX12,14.81,,no_farmaco,
cobeca,SOPA MAGGI DISP CASERA D/POLLO 62G X 12,14.63,,sin_match,sin_candidato
cobeca,SOPA MAGGI POLLO FIDEO DISP 62G X12,14.63,,sin_match,sin_candidato
cobeca,SOPA MAGGI POLLO/ARR 65G SOB X12,14.63,,sin_match,sin_candidato
cobeca,SORBETICO VAIN LONCHERA 25G X4,1.12,,no_farmaco,
cobeca,SORBETICO WAFER CHOCOLATE FAMILIAR 105G,0.98,,no_farmaco,
cobeca,SORBETICOS FRESA LONCHERA 25G X4,1.12,,no_farmaco,
cobeca,SORBETICOS WAFER FRESA FAMILIAR 105G,0.98,,no_farmaco,
cobeca,SORBETICOS WAFER VAINILLA FAMILIAR 105G,0.98,,no_farmaco,
cobeca,SPARKIES CARAM FRUTA SURT X20,7.22,,no_farmaco,
cobeca,SPIRULINA CAP 500MG X60 ARC IRIS,12.08,,sin_match,sin_candidato
cobeca,SPLASH BRIZNA CORP HERBESS 240ML,6.76,,no_farmaco,
cobeca,SPLASH BRIZNA CORP PLUM FLOWER 240ML,6.76,,no_farmaco,
cobeca,SPLASH CORP HIDRAT VERSALES SEXYAMO240ML,9.4,,no_farmaco,
cobeca,SPLASH CORP HIDRAT VERSALES SPA 240ML,9.16,,no_farmaco,
cobeca,SPLASH CORP MANDY 240ML,8.86,,no_farmaco,
cobeca,SPLASH CORP SPA LINE CHERRY BERRY 150ML,4.8,,no_farmaco,
cobeca,SPLASH CORP SPA LINE MANDAR/COCO 150ML,4.8,,no_farmaco,
cobeca,SPLENDA ENDULZANTE SOB X100,8.75,,sin_match,sin_candidato
cobeca,SPLENDA ENDULZANTE SOB X50,5.22,,sin_match,sin_candidato
cobeca,SPLENDA LIQ 50ML X6,55.2,,no_farmaco,
cobeca,SPRAY BLUE CAP 50ML,31.82,,sin_match,sin_candidato
cobeca,SPRAY MAGIC RETOUCH RAICES OSC RUB CLA,7.8,,no_farmaco,
cobeca,STAMYL FORTE TAB REC 300MG/100MGX20 FAR,10.66,,sin_match,score_bajo
cobeca,STEVIA LIQ MO4T 250ML,23.04,,no_farmaco,
cobeca,STEVIA SPLENDA SOB X40,5.04,,sin_match,sin_candidato
cobeca,SUAV SUAVITEL FRESCA PRIMAVERA X 2L,7.44,,no_farmaco,
cobeca,"SUAVIZANTE SUAVITEL COMP FRESC PRIM 1,3L",8.31,,sin_match,sin_candidato
cobeca,SUAVIZANTE SUAVITEL FABRIC SOFT 500ML,2.16,,no_farmaco,
cobeca,SUAVIZANTE SUAVITEL FRES PRIMAV 700ML,4.71,,no_farmaco,
cobeca,SUAVIZANTE SUAVITEL FRESC PRIMAV 1L,4.29,,no_farmaco,
cobeca,SUAVIZANTE SUAVITEL FRESCA PRIMAV 750ML,4.29,,no_farmaco,
cobeca,SUCORIL TAB USP 1G X20 MEDV,7.73,,sin_match,score_bajo
cobeca,SUCRALFATO SUSP ORAL 1G/5ML 80ML ADN,13.56,E.F.G.44.260,matched,score=0.826
cobeca,SUCRALFATO TAB 1000MG X20 ADN,10.44,E.F.G.43.073,matched,score=0.707
cobeca,SUCRALFATO TAB 1G X10 CLEO,5,E.F.G.43.073,matched,score=0.859
cobeca,SUCRALFATO TAB 1G X20 KMP,9.69,E.F.G.43.073,matched,score=0.859
cobeca,SUERO ORAL SOB 30G LYA,4.08,,sin_match,score_bajo
cobeca,SUERO REVLON A/OJERAS CAFE + A/OXID 15ML,13.5,,no_farmaco,
cobeca,"SULBACZONA PVO/SOL INY 1,5G X 1",3.74,,sin_match,sin_candidato
cobeca,"SULBACZONA PVO/SOL INY 1,5G X 50",129.52,,sin_match,sin_candidato
cobeca,SULFADIAZINA D/PLATA CREM 1% 30G KIMIC,5.52,E.F.G.28.901,matched,score=0.612
cobeca,SULFATO D/GLUCOSAM+ CHONDRO CAP X60 HERB,11.56,,sin_match,score_bajo
cobeca,SULFATO D/MAGNESIO SOL INY 1MEQ X 10ML,7.56,E.F.G.37.696,matched,score=0.808
cobeca,SULFUROCIS CREM 10%/1% 40G BOOZ,3.83,,sin_match,sin_candidato
cobeca,"SULIXTRA CAP LP 0,4MG X30 FC",10.56,E.F.43.187,matched,score=0.711
cobeca,"SULIXTRA DUO CAP LP 0,4MG/0,5MG X10 FC",10.03,E.F.43.279,matched,score=0.764
cobeca,"SULIXTRA DUO CAP LP 0,4MG/0,5MG X30 FC",26.55,E.F.43.279,matched,score=0.764
cobeca,SULPIR COMP 25MG X30 ZUO,7.12,E.F.44.472,matched,score=0.957
cobeca,SULTAMICILINA SUSP 250MG/5/100ML CRDIST,18.3,,sin_match,score_bajo
cobeca,SULTAMICILINA TAB 750MG X10 CR DAC,16.66,E.F.G.31.596,matched,score=0.878
cobeca,SULTAMICILINA TAB 750MG X10 CR DIST,10.12,E.F.G.31.596,matched,score=0.878
cobeca,SULTRIM SUSP ORAL 200/40/5ML 100ML ALESS,4.05,,sin_match,score_bajo
cobeca,SULTRIM TAB 400MG/80MG X20 ALESS,3.6,E.F.44.577,matched,score=0.619
cobeca,"SULXIM AMP IV/IM 1G /0,5 G X1 ALESS",1.7,,sin_match,score_bajo
cobeca,"SUP D/GLICERINA 1,68 X6 VARG",5.47,,no_farmaco,
cobeca,SUP D/GLICERINA 1G X 20,10.06,,no_farmaco,
cobeca,SUP D/GLICERINA 3G X 10,9.97,,no_farmaco,
cobeca,"SUP GLICERINA AD 2,88G X6 VARG",7.36,,no_farmaco,
cobeca,SUPER RESCATE 30ML SANAV,8.51,,no_farmaco,
cobeca,SUPRAMYCINA FORTE TAB 200MG X10 CR CCM,24.61,E.F.28.856,matched,score=0.683
cobeca,SUPRAMYCINA TAB 100MG X10 CR CCM,15.96,E.F.28.673,matched,score=0.657
cobeca,SURIDE COM 25MG X30 BIOTECH,7.26,E.F.39.943,matched,score=0.715
cobeca,SUSPENSORIO FORMA ELASTICA AZUL T L,17.61,,no_farmaco,
cobeca,SUSPENSORIO FORMA ELASTICA AZUL T XL,17.61,,no_farmaco,
cobeca,SUSPENSORIO FORMA ELASTICA GRIS T M,17.61,,no_farmaco,
cobeca,SUSPENSORIO FORMAS ELASTICA GRIS T L,17.61,,no_farmaco,
cobeca,SUSPENSORIO T/L BLANCO,17.61,,no_farmaco,
cobeca,SUSPENSORIO T/L NEGRO,17.61,,no_farmaco,
cobeca,SUSPENSORIO T/M NEGRO,17.61,,no_farmaco,
cobeca,SUSPENSORIO T/XL NEGRO,17.61,,no_farmaco,
cobeca,SUTURA BLESS CROMICO 0 812T X 12,24.19,,no_farmaco,
cobeca,SUTURA BLESS CROMICO 0 914T X12,24.19,,no_farmaco,
cobeca,SUTURA BLESS CROMICO 0 SH G124T X 12,24.19,,no_farmaco,
cobeca,SUTURA BLESS CROMICO 1 813T X 12,25.15,,no_farmaco,
cobeca,SUTURA BLESS CROMICO 2 814T X 12,26.12,,no_farmaco,
cobeca,SUTURA BLESS CROMICO 2-0 SH G123T X 12,24.19,,no_farmaco,
cobeca,SUTURA BLESS CROMICO 3-0 810T X10,24.19,,no_farmaco,
cobeca,SUTURA BLESS CROMICO 3-0 G122T X 12,21.8,,no_farmaco,
cobeca,SUTURA BLESS CROMICO 4-0 121T X 12,19.76,,no_farmaco,
cobeca,SUTURA BLESS HOSPI CROMI 1REF 48G X12,25.16,,no_farmaco,
cobeca,SUTURA BLESS HOSPI CROMI 1REF 925 X12,30.56,,no_farmaco,
cobeca,SUTURA BLESS HOSPI CROMI 4-0REF U203TX12,26.96,,no_farmaco,
cobeca,SUTURA BLESS HOSPI MONO 4-0REF Y426 X12,50.35,,no_farmaco,
cobeca,SUTURA BLESS HOSPI NYLO 10/0REF G9003X12,61.15,,no_farmaco,
cobeca,SUTURA BLESS HOSPI PROLEN 3-0REF 8622X12,26.26,,no_farmaco,
cobeca,SUTURA BLESS HOSPI PROLEN 4-0REF 8183X12,26.26,,no_farmaco,
cobeca,SUTURA BLESS HOSPI PROLEN 5-0REF 9556X12,21.64,,no_farmaco,
cobeca,SUTURA BLESS HOSPI PROLEN 6-0REF 8160X12,21.64,,no_farmaco,
cobeca,SUTURA BLESS HOSPI PROLEN 6-0REF 8706X12,34.16,,no_farmaco,
cobeca,SUTURA BLESS HOSPI PROLENE 0REF 8412TX12,21.64,,no_farmaco,
cobeca,SUTURA BLESS HOSPI SEDA 0REF 86T X 12,34.16,,no_farmaco,
cobeca,SUTURA BLESS HOSPI SEDA 1REF 87T X 12,41.45,,no_farmaco,
cobeca,SUTURA BLESS HOSPI SEDA 2-0REF 85T X12,34.16,,no_farmaco,
cobeca,SUTURA BLESS HOSPI SEDA 3-0REF 184 X12,22.93,,no_farmaco,
cobeca,SUTURA BLESS HOSPI SEDA 4-0REF 183 X12,22.93,,no_farmaco,
cobeca,SUTURA BLESS HOSPI SEDA 4-0REF 267 X12,22.93,,no_farmaco,
cobeca,SUTURA BLESS HOSPI VICRYL 2-0REF J339X12,35.95,,no_farmaco,
cobeca,SUTURA BLESS HOSPICROMI 0 REF 47G X 12,30.54,,no_farmaco,
cobeca,SUTURA BLESS MONO PDS 1 Z127HT X12,58.93,,no_farmaco,
cobeca,SUTURA BLESS MONO PDS 2-0 339 X12,48.55,,no_farmaco,
cobeca,SUTURA BLESS MONO PDS 3-0 Z316H X12,48.55,,no_farmaco,
cobeca,SUTURA BLESS NYLON 10-0 7718G X12,59.35,,no_farmaco,
cobeca,SUTURA BLESS NYLON 2 628H C/AGUJA R X12,22.5,,no_farmaco,
cobeca,SUTURA BLESS NYLON 3-0 163T X 12,22.5,,no_farmaco,
cobeca,SUTURA BLESS NYLON 5-0 14501T X 12,22.5,,no_farmaco,
cobeca,SUTURA BLESS NYLON 6 160T C/AGUJA C X 12,25.75,,no_farmaco,
cobeca,SUTURA BLESS POLYESRTER RS21 X12,59.35,,no_farmaco,
cobeca,SUTURA BLESS PROLENE 0 8424T X 12,26.26,,no_farmaco,
cobeca,SUTURA BLESS PROLENE 1 8425H X 12,25.75,,no_farmaco,
cobeca,SUTURA BLESS PROLENE 2-0 8185T X 12,21.64,,no_farmaco,
cobeca,SUTURA BLESS PROLENE 2-0 8623H X 12,19.61,,no_farmaco,
cobeca,SUTURA BLESS SEDA 0 K834 X 12,17.96,,no_farmaco,
cobeca,SUTURA BLESS SEDA 1 K835 X 12,24.76,,no_farmaco,
cobeca,SUTURA BLESS SEDA 1 K845H X 12,16.16,,no_farmaco,
cobeca,SUTURA BLESS SEDA 2 K833H X 12,22.93,,no_farmaco,
cobeca,SUTURA BLESS SEDA 3-0 SA84T X12,41.35,,no_farmaco,
cobeca,SUTURA BLESS SIMPLE 0 844T X 12,27.28,,no_farmaco,
cobeca,SUTURA BLESS SIMPLE 1 845T X 12,22.93,,no_farmaco,
cobeca,SUTURA BLESS SIMPLE 2-0 843T X 12,27.81,,no_farmaco,
cobeca,SUTURA BLESS SIMPLE 3-0 842 X10,27.81,,no_farmaco,
cobeca,SUTURA BLESS SIMPLE 3-0 G322T X12,23.04,,no_farmaco,
cobeca,SUTURA BLESS VICRYL 3-0 CT1 J338H X12,59.35,,no_farmaco,
cobeca,SUTURA BLESS VICRYL 3-0 J305H X 12,34.01,,no_farmaco,
cobeca,SUTURA BLESS VICRYL 4-0 J304H X 12,32.36,,no_farmaco,
cobeca,SUTURA BLESS VICRYL 4-0 J315H X 12,32.36,,no_farmaco,
cobeca,SUTURAS ADH ZUVISS X12,5.45,,no_farmaco,
cobeca,SYNARTRON COMP REC 90MG X10 FC,6.48,,sin_match,sin_candidato
cobeca,SYNARTRON TAB REC 60MG X10 FC,5.06,,sin_match,sin_candidato
cobeca,TACHIFORTE TAB 1G X20 ELM,3.83,E.F.40.210,matched,score=0.674
cobeca,TACHIFORTE TAB 650MG X10 ELM,1.14,E.F.35.368,matched,score=0.693
cobeca,TACHIGRIP FORTE SOB 650/2/30MG X6 ELM,8.06,,sin_match,score_bajo
cobeca,TACHIGRIP TAB REC 500MG/30MG/2MG X10 ELM,1.94,,sin_match,score_bajo
cobeca,TACHIPIRIN FORTE JBE PED 120ML ELM,2.88,,sin_match,score_bajo
cobeca,TACHIPIRIN GTS PED 30ML ELM,4.19,,sin_match,score_bajo
cobeca,TACHIPIRIN SUP 250MG X6 ELM,5.1,,no_farmaco,
cobeca,TACHIPIRIN SUP PED 125MG X6 ELM,3.95,,sin_match,score_bajo
cobeca,"TACROLIMUS UNG 0,03% 15G BIU",5.19,E.F.G.44.534,matched,score=0.698
cobeca,"TACROLIMUS UNG 0,03% 20G CR MT",8.73,E.F.G.44.534,matched,score=0.773
cobeca,"TACROLIMUS UNG 0,1% 20G CR MT",19.52,E.F.G.44.534,matched,score=0.773
cobeca,TADAFOX TAB REC 20MG X1 VLM,1.43,E.F.38.718,matched,score=0.628
cobeca,TADAFOX TAB REC 20MG X2 VLM,2.53,E.F.38.718,matched,score=0.628
cobeca,TADAFOX TAB REC 5MG X30 VLM,8.23,,sin_match,score_bajo
cobeca,TADAFOX TAB/REC 5MG X 15,4.09,,sin_match,score_bajo
cobeca,TADALAFIL TAB 20MG X1 CLX,0.94,,sin_match,sin_candidato
cobeca,TADALAFIL TAB 20MG X2 CLX,1.83,,sin_match,sin_candidato
cobeca,TADALAFIL TAB REC 20MG X1 PLX,1.07,,sin_match,sin_candidato
cobeca,TADALAFILO COM/REC 5MG X 30 LETI,12.15,E.F.G.43.450,matched,score=0.795
cobeca,TADIFIL COMP 5MG X30 MEG,8.44,E.F.41.780,matched,score=0.813
cobeca,TADIFIL COMP REC 20MG X1 MEG,1.95,E.F.38.637,matched,score=0.622
cobeca,TADIFIL COMP REC 20MG X2 MEG,3.51,E.F.38.637,matched,score=0.622
cobeca,TALCO AMY BEBE 200G,5.08,,no_farmaco,
cobeca,TALCO ANTIBACT CERO 120G,5.05,,no_farmaco,
cobeca,TALCO ANTIBACT CERO 30G,2.23,,no_farmaco,
cobeca,TALCO BORICADO BIOFARCO 200G,5.16,,no_farmaco,
cobeca,TALCO BORICADO BIOFARCO 90G,3,,no_farmaco,
cobeca,TALCO BORICADO LYA 50G,3.34,,no_farmaco,
cobeca,TALCO P/PIES EVERY NIGHT 30G,1.5,,no_farmaco,
cobeca,TALCO P/PIES EVERY NIGHT 85G,2.98,,no_farmaco,
cobeca,TALERC COMP 10MG X10 DLR,1.95,E.F.32.057,matched,score=0.601
cobeca,TALERC SOL 1MG/ML 120ML DLR,4.14,,sin_match,score_bajo
cobeca,TALERC SOL GTS 10MG/ML 15ML DLR,2.19,,sin_match,score_bajo
cobeca,TALFIDEX TAB REC 20MG X2 PLX,1.71,,sin_match,score_bajo
cobeca,TALFIDEX TAB REC 5MG X30 PLX,6.28,,sin_match,score_bajo
cobeca,TALONERA SILICONA ORTHO PAUHER T/L X2,16.41,,no_farmaco,
cobeca,TALONERA SILICONA ORTHO PAUHER T/M X2,16.41,,no_farmaco,
cobeca,TALONERA SILICONA ORTHO PAUHER T/S X2,16.41,,no_farmaco,
cobeca,TALYSTOR TAB MAST 20MG X1 PHARME,1.57,,sin_match,score_bajo
cobeca,TALYSTOR TAB MAST 5MG X10 PHARME,3.36,,sin_match,score_bajo
cobeca,TALZIC COMP 10MG X10 ELM,1.73,E.F.28.274,matched,score=0.689
cobeca,TALZIC SOL GTS 10MG/ML 20ML ELM,2.78,E.F.29.348,matched,score=0.655
cobeca,TALZIC SOL ORAL PED 1MG/ML 120ML ELM,4.18,,sin_match,score_bajo
cobeca,"TAMDURIDE CAP 0,4/0,5MG X30 ZORIAK",17.69,,sin_match,sin_candidato
cobeca,TAMOA TAB MAST 250MG X6 BIOTECH,6.91,E.F.18.855,matched,score=0.671
cobeca,"TAMOSTIN CAP LP 0,4MG X30 LETI",15.3,E.F.42.467,matched,score=0.635
cobeca,TAMPON KOTEX MEDIUM X 8,7.41,,no_farmaco,
cobeca,TAMPON KOTEX SUPER X 8,8.14,,no_farmaco,
cobeca,TAMPONES KOTEX SUPER X12,4.86,,no_farmaco,
cobeca,TAMPONES NOSOTRAS REG C/APLIC X8,5.46,,no_farmaco,
cobeca,TAMPONES NOSOTRAS SUPER PLUS C/APLIC X8,5.46,,no_farmaco,
cobeca,"TAMSULON CAP LP 0,4MG X30 ADIUM",12.05,E.F.30.979,matched,score=0.706
cobeca,"TAMSULON DUO CAP 0,5MG/0,4MG X30 ADIUM",18.38,E.F.44.389,matched,score=0.712
cobeca,"TAMSULOSINA CAP 0,4MG X30 ALESS",3.99,E.F.G.36.676,matched,score=0.740
cobeca,"TAMSULOSINA CLORH TAB 0,4MG X30 BLUE/M",3.29,E.F.G.42.589,matched,score=0.609
cobeca,"TAMSULOSINA TAMSUHEM CAP 0,4MG X10 ADN",1.53,E.F.G.36.676,matched,score=0.759
cobeca,"TAMSULOSINA/DUTAS TAB 0,4/0,5MGX30 ANG/H",18.12,,sin_match,score_bajo
cobeca,"TAMSUPROS CAP 0,4MG X30 ZORIAK",14.24,,sin_match,sin_candidato
cobeca,TANG DISP PIÑA COLADA  20G X 15,8.51,,sin_match,score_bajo
cobeca,TANG LIMON DISP 20G X15,8.51,,sin_match,score_bajo
cobeca,TANG PARCHITA DISP 20G X15,5,,sin_match,sin_candidato
cobeca,"TANSUDEX PLUS CAP 0,4MG/0,5MG X30 PLX",23.32,,sin_match,sin_candidato
cobeca,TANTUM DUCHA VAG SOL X 140 ML,5.45,E.F.24.206,matched,score=0.663
cobeca,TANTUM SPRAY TOPICO BUCAL 45ML ELM,7.48,,no_farmaco,
cobeca,TANTUM TOPICO BUCAL 240ML ELM,7.49,,no_farmaco,
cobeca,"TANTUM VERDE PAST DENT 0,5% X 60G",5.74,,sin_match,score_bajo
cobeca,TAPAZOL TAB REC 5MG X60 FAR,8.18,E.F.2.955,matched,score=0.737
cobeca,TAUCARON COMP 15MG X10 MEG,3.9,,sin_match,score_bajo
cobeca,TAXUS COMP 20MG X30 ADIUM,13.54,,sin_match,score_bajo
cobeca,TAZA MEDIDORA MANAPLAS,2.94,,no_farmaco,
cobeca,TE LIPTON MANGO BLACKCURRANT,3,,no_farmaco,
cobeca,TE LIPTON RASPBERRY ELDERBERRY,3,,no_farmaco,
cobeca,TE MCCORMICK CANE CITRICA X20,3.49,,no_farmaco,
cobeca,TE MCCORMICK DELICIA D/DURAZNO X20,3.49,,no_farmaco,
cobeca,TE MCCORMICK F/ROJOS X20,3.36,,no_farmaco,
cobeca,TE MCCORMICK LIMON/MIEL X20,3.49,,no_farmaco,
cobeca,TE MCCORMICK MALOJILLO X20,3.44,,no_farmaco,
cobeca,TE MCCORMICK MANZA LIMON/MIEL X20,3.36,,no_farmaco,
cobeca,TE MCCORMICK MANZA MANZ/CANE X20,3.36,,no_farmaco,
cobeca,TE MCCORMICK MANZA X10,1.94,,no_farmaco,
cobeca,TE MCCORMICK MANZA X20,3.49,,no_farmaco,
cobeca,TE MCCORMICK NEGR X10,1.94,,no_farmaco,
cobeca,TE MCCORMICK NEGR X20,3.49,,no_farmaco,
cobeca,TE MCCORMICK RELAX X20,3.95,,no_farmaco,
cobeca,TE MCCORMICK ROSA JAMAICA X20,3.36,,no_farmaco,
cobeca,TE MCCORMICK VERD LIMON/MIEL X20,3.49,,no_farmaco,
cobeca,TE MCCORMICK VERD X20,3.49,,no_farmaco,
cobeca,TE PVO TANG DURAZ 13G DISP X12,4.82,,sin_match,sin_candidato
cobeca,TE VERDE LIPTON CITRUS,3,,no_farmaco,
cobeca,TE VERDE LIPTON CLASSIC,3,,no_farmaco,
cobeca,TECAPS VERD CAP 150MG X30 L.O,19.03,,sin_match,sin_candidato
cobeca,TEEN DERM K CONCENTRATE 30ML,27.92,,no_farmaco,
cobeca,"TEJANIA COMP REC 0,075MG X28",9.29,,sin_match,sin_candidato
cobeca,TEKRON COM/REC 200 MG X 10,17.83,,sin_match,score_bajo
cobeca,TEKRON COMP REC 200MG X30 LETI,52.78,,sin_match,score_bajo
cobeca,"TELA ADH RELA IMPER BLAN 1,2X4,5",4.37,,no_farmaco,
cobeca,"TELMISARTAN/HTC COMP 40/12,5MG X28 DORO",11.58,,sin_match,score_bajo
cobeca,"TELMISARTAN/HTC COMP 80/12,5MG X28 DORO",14.01,,sin_match,score_bajo
cobeca,TENEDOR/CUCHARA TOMI TIPI,6.18,,no_farmaco,
cobeca,TENSIOMETRO DIGITAL NEXT STEP,28.13,,no_farmaco,
cobeca,TENSIOMETRO FLEXMED DIG D/MUÑECA X 1,31.25,,no_farmaco,
cobeca,TENSOMAX LP CAP 30 MG X 30,29.08,,sin_match,score_bajo
cobeca,TENSOMED SUSP ORAL 20MG/ML 10ML PHAR,7.55,,sin_match,sin_candidato
cobeca,TENSOPIN GTS 20ML LETI,35.68,E.F.24.973,matched,score=0.689
cobeca,TEOFILINA SOL ORAL 80MG/15ML 100ML AND,2.55,E.F.22.980,matched,score=0.619
cobeca,TERAGRIP FORTE GRANU 650/4MG NOCH X6 FAR,7.08,,no_farmaco,
cobeca,TERAGRIP FORTE GRANU 650MG/2MG DIA X6,6.69,,no_farmaco,
cobeca,TERAGRIP FORTE TAB REC 650/4 NOCHX4 FAR,2.04,,sin_match,score_bajo
cobeca,TERAGRIP FORTE TAB REC 650MG X6,3,,sin_match,score_bajo
cobeca,TERAGRIP JBE PED 125MG/5ML UVA 120ML FAR,8.35,,sin_match,score_bajo
cobeca,TERAGRIP SUPRA TAB REC 650MG X10 FAR,7.31,,sin_match,score_bajo
cobeca,TERAGRIP TAB 24H 650MG X10+4 TAB FAR,5.73,,sin_match,score_bajo
cobeca,"TERATOSIL JBE 0,7% 120ML FAR",7.21,,sin_match,sin_candidato
cobeca,TERBICRYM CREM 1% 20G AV,7.01,,sin_match,score_bajo
cobeca,TERBICRYM LOC 1% 30ML AV,7.79,,sin_match,score_bajo
cobeca,TERBICRYM SPRAY 1% 30ML AV,9.09,,no_farmaco,
cobeca,TERBIFEET CREM TOP 1% 20G TIAR,2.92,,sin_match,sin_candidato
cobeca,TERBINAFINA CREM 1% 15G KIMIC,3.99,E.F.G.36.877,matched,score=0.600
cobeca,TERMOMETRO GENIAL ANIMALITOS,12.25,,no_farmaco,
cobeca,TERMOMETRO ORAL PLUSMEDIC MERCURIO X12,48.82,,sin_match,sin_candidato
cobeca,TERODINE CAP 2MG X 30,31.12,,sin_match,sin_candidato
cobeca,TEROVAN 100 COM/REC 49MG/51MG X 30,34.35,,sin_match,score_bajo
cobeca,TEROVAN 50 COM/REC 24MG/26MG X 30,26.01,,sin_match,score_bajo
cobeca,THIMEROSAL SPRAY 30ML RECETT,3.47,,no_farmaco,
cobeca,THIMEROSAL SPRAY INCOLORO 30ML RECETT,2.56,,no_farmaco,
cobeca,THYROX TAB 50MCG X30 CAPSUV,3.42,,sin_match,sin_candidato
cobeca,TIALIN COMP 100MG X10 MEG,6.23,E.F.38.849,matched,score=0.770
cobeca,TIALIN COMP 50MG X10 MEG,4.68,E.F.30.062,matched,score=0.859
cobeca,TIALIN COMP 50MG X30 MEG,12.08,E.F.30.062,matched,score=0.859
cobeca,TIAMAZOL TAB 5MG BLIS 6X10 CR BEL,4.91,,sin_match,score_bajo
cobeca,"TIDOR SOL OFT 2%/0,5% 5ML PHARME",12.71,E.F.43.421,matched,score=0.750
cobeca,TIJERA CHICCO P/UNA AZUL,3.27,,no_farmaco,
cobeca,TIJERA PUNTA ROMA P/ZURDOS 5PLG X 1,1.92,,no_farmaco,
cobeca,"TIJERA SOLITA BEBE CUCHILLAS PLAST 4""",2.25,,no_farmaco,
cobeca,TILODRIN GTS 15ML MEY,3.29,E.F.12.998,matched,score=0.672
cobeca,TILODRIN JBE 120ML MEY,4.25,E.F.17.508,matched,score=0.644
cobeca,"TIMOLOL SOL OFT 0,5% 10ML CR DIST",8.82,E.F.G.42.959,matched,score=0.730
cobeca,TINIDAZOL TAB/REC 500MG X 4 PLX,4.19,E.F.G.22.060,matched,score=0.800
cobeca,TINTE ALFAPARF A/AMARIL,7.38,,sin_match,sin_candidato
cobeca,"TINTE ALFAPARF CAS MED ROJ CAO 4,65",7.38,,sin_match,sin_candidato
cobeca,TINTE ALFAPARF RUB CLARISIMO 9,7.38,,sin_match,sin_candidato
cobeca,"TINTE ALFAPARF RUB CLARISIMO CEN 9,1",7.38,,sin_match,sin_candidato
cobeca,"TINTE ALFAPARF RUB MED DOR 7,3",7.38,,sin_match,sin_candidato
cobeca,"TINTE ALFAPARF RUB MED DOR CAO 7,35",7.38,,sin_match,sin_candidato
cobeca,"TINTE ALFAPARF RUB MED DOR IRISADO 7,32",7.38,,sin_match,sin_candidato
cobeca,"TINTE ALFAPARF RUB OSC 6,3",7.38,,sin_match,sin_candidato
cobeca,"TINTE ALFAPARF RUB OSC CAO DOR 6,53",7.38,,sin_match,sin_candidato
cobeca,"TINTE ALFAPARF RUB OSC CEN 6,1",7.38,,sin_match,sin_candidato
cobeca,"TINTE AMERICAN COLORS CAC 8,7",3.9,,sin_match,sin_candidato
cobeca,"TINTE AMERICAN COLORS CHOCO 6,7",3.9,,sin_match,sin_candidato
cobeca,"TINTE AMERICAN COLORS CHOCO CHUAO 7,7",3.9,,sin_match,sin_candidato
cobeca,"TINTE AMERICAN COLORS LIGHT HABANA 5,15",4.05,,sin_match,sin_candidato
cobeca,"TINTE AMERICAN COLORS LIGHT ROJAMOR 8,54",4.05,,sin_match,sin_candidato
cobeca,"TINTE AMERICAN COLORS ROJAMOR 8,54",3.9,,sin_match,sin_candidato
cobeca,"TINTE AMERICAN COLORS RUB AVELL 7,30",3.9,,sin_match,sin_candidato
cobeca,"TINTE AMERICAN COLORS RUB CEN OSC 6,1",3.9,,sin_match,sin_candidato
cobeca,"TINTE AMERICAN COLORS RUB CLA 8,0",3.9,,sin_match,sin_candidato
cobeca,"TINTE AMERICAN LIGHT CAS CLA 5,0",4.05,,sin_match,sin_candidato
cobeca,"TINTE AMERICAN LIGHT CHOCO 6,7",4.05,,sin_match,sin_candidato
cobeca,"TINTE AMERICAN LIGHT RUB CEN CLA 8,1",4.05,,sin_match,sin_candidato
cobeca,"TINTE AMERICAN LIGHT RUB CLA 8,0",4.05,,sin_match,sin_candidato
cobeca,"TINTE COLOR EFECT TABACCO #4,7 60G",3.6,,sin_match,sin_candidato
cobeca,TINTE COVERAGE COL BLAN CALIFORNIA 13,2.75,,sin_match,sin_candidato
cobeca,"TINTE COVERAGE COL CAS 4,0",2.75,,sin_match,sin_candidato
cobeca,"TINTE COVERAGE COL CAS CLA ROJ 5,4",2.75,,sin_match,score_bajo
cobeca,"TINTE COVERAGE COL MARR CEN 7,71",2.75,,sin_match,sin_candidato
cobeca,"TINTE COVERAGE COL MARR CEN CLA 8,71",2.75,,sin_match,sin_candidato
cobeca,"TINTE COVERAGE COL MARR CEN OSC 6,71",2.75,,sin_match,sin_candidato
cobeca,"TINTE COVERAGE COL MARR CLA 8,7",2.75,,sin_match,sin_candidato
cobeca,"TINTE COVERAGE COL MARR DOR CAS 5,73",2.75,,sin_match,sin_candidato
cobeca,"TINTE COVERAGE COL MARR INTEN PERL 7,77",2.75,,sin_match,sin_candidato
cobeca,"TINTE COVERAGE COL MARR OSC 6,7",2.75,,sin_match,sin_candidato
cobeca,"TINTE COVERAGE COL MARR PROFU 7,7",2.75,,sin_match,sin_candidato
cobeca,"TINTE COVERAGE COL ROJ CLA CAO 8,45",2.75,,sin_match,score_bajo
cobeca,"TINTE COVERAGE COL ROJ INTEN 5,44",2.75,,sin_match,sin_candidato
cobeca,"TINTE COVERAGE COL ROJ MED 7,44",2.75,,sin_match,sin_candidato
cobeca,"TINTE COVERAGE COL ROJ OSC CAO 6,45",2.75,,sin_match,sin_candidato
cobeca,"TINTE COVERAGE COL ROJ VIO INTEN 3,66",2.75,,sin_match,sin_candidato
cobeca,"TINTE COVERAGE COL ROJO CAO 7,45",2.75,,sin_match,sin_candidato
cobeca,"TINTE COVERAGE COL RUB CEN CLA 12,6",2.75,,sin_match,sin_candidato
cobeca,"TINTE COVERAGE COL RUB CEN INTEN 12,2",2.75,,sin_match,sin_candidato
cobeca,"TINTE COVERAGE COL RUB CEN MARR 12,3",2.75,,sin_match,sin_candidato
cobeca,"TINTE COVERAGE COL RUB CEN PERL 12,8",2.75,,sin_match,sin_candidato
cobeca,"TINTE COVERAGE COL RUB CLA 8,0",2.75,,sin_match,sin_candidato
cobeca,"TINTE COVERAGE COL RUB CLA MARR DOR 8,73",2.75,,sin_match,score_bajo
cobeca,"TINTE COVERAGE COL RUB DOR 10,73",2.75,,sin_match,sin_candidato
cobeca,"TINTE COVERAGE COL RUB DOR CEN 12,1",2.75,,sin_match,sin_candidato
cobeca,TINTE COVERAGE COL RUB DOR TENUE 12,2.75,,sin_match,sin_candidato
cobeca,"TINTE COVERAGE COL RUB EXCLA 10,0",2.75,,sin_match,sin_candidato
cobeca,"TINTE COVERAGE COL RUB MARR DOR 7,73",2.75,,sin_match,sin_candidato
cobeca,"TINTE COVERAGE COL RUB MUY CLA 9,0",2.75,,sin_match,sin_candidato
cobeca,"TINTE COVERAGE COL RUB OSC 6,0",2.75,,sin_match,sin_candidato
cobeca,"TINTE COVERAGE COL RUB OSC MARR DOR 6,73",2.75,,sin_match,sin_candidato
cobeca,"TINTE COVERAGE COL RUB OSC ROJ 6,4",2.75,,sin_match,sin_candidato
cobeca,"TINTE COVERAGE COL RUB ROJ INTEN 6,46",2.75,,sin_match,sin_candidato
cobeca,TINTE COVERAGE COLOR RUBIO COB/INTE 7.44,2.75,,sin_match,sin_candidato
cobeca,"TINTE DRENE COLOR CAS MED 4,0",4.15,,sin_match,sin_candidato
cobeca,"TINTE DRENE COLOR CAS OSC 3,0",4.15,,sin_match,sin_candidato
cobeca,"TINTE DRENE COLOR RUB CLA 8,0",4.15,,sin_match,sin_candidato
cobeca,"TINTE DRENE COLOR RUB EXCLA 10,0",4.15,,sin_match,sin_candidato
cobeca,"TINTE DRENE COLOR RUB MED CHOCO 7,53",4.15,,sin_match,sin_candidato
cobeca,"TINTE DRENE COLOR RUB OSC 6,0",4.15,,sin_match,sin_candidato
cobeca,TINTE DRENE RUB MED/MARRON INT 7.77 50ML,4.15,,sin_match,sin_candidato
cobeca,TINTE DRENE RUB MEDIO VIOLETA 7.20 50ML,4.15,,sin_match,sin_candidato
cobeca,TINTE DRENE RUB OSC/ROJ INT 6.66 50ML,4.15,,sin_match,sin_candidato
cobeca,TINTE EXCELLENCE CAS #4,10.15,,sin_match,sin_candidato
cobeca,"TINTE EXCELLENCE CAS CLA CAO 5,5",10.15,,sin_match,score_bajo
cobeca,"TINTE EXCELLENCE RUB CEN MATTE 7,17",10.23,,sin_match,sin_candidato
cobeca,"TINTE EXCELLENCE RUB DOR N6,34",10.15,,sin_match,sin_candidato
cobeca,"TINTE EXCELLENCE RUB OSC CEN #6,1",10.15,,sin_match,sin_candidato
cobeca,TINTE REVLON COLORSILK BORGOÑA 48,8.01,,sin_match,sin_candidato
cobeca,TINTE REVLON COLORSILK BORGOÑA OSC 034,8.01,,sin_match,sin_candidato
cobeca,TINTE REVLON COLORSILK CAS C/DOR 54,8.01,,sin_match,sin_candidato
cobeca,TINTE REVLON COLORSILK CAS COB PROFU 49,8.01,,sin_match,sin_candidato
cobeca,TINTE REVLON COLORSILK CAS MED CEN 40,12.69,,sin_match,sin_candidato
cobeca,TINTE REVLON COLORSILK CAS MED COB #42,8.01,,sin_match,sin_candidato
cobeca,TINTE REVLON COLORSILK CAS OSC COB 31,8.01,,sin_match,sin_candidato
cobeca,TINTE REVLON COLORSILK CAS ROJ CLA 55,8.01,,sin_match,sin_candidato
cobeca,TINTE REVLON COLORSILK CHOCO 37,8.01,,sin_match,sin_candidato
cobeca,TINTE REVLON COLORSILK NEGR AZUL 12,8.01,,sin_match,sin_candidato
cobeca,TINTE REVLON COLORSILK NEGR SUAV 11,8.01,,sin_match,sin_candidato
cobeca,TINTE REVLON COLORSILK NEGRO NATURAL 020,8.01,,sin_match,sin_candidato
cobeca,TINTE REVLON COLORSILK RUB COB 45,8.01,,sin_match,sin_candidato
cobeca,TINTE REVLON COLORSILK RUBIO PLATINAD 82,8.01,,sin_match,sin_candidato
cobeca,TINTURA ARNICA 30ML RECETT,1.86,,no_farmaco,
cobeca,TIOCHAX PLUS TAB REC 400/4MG X10 PLX,5.43,E.F.42.787,matched,score=0.610
cobeca,TIOCHAX TAB 4MG X12 PLX,5.29,E.F.21.386,matched,score=0.732
cobeca,TIOCOL TAB REC 8MG X10 PHARME,7.91,E.F.39.852,matched,score=0.770
cobeca,TIOCOLCHICOSIDO AMP 4MG/2ML X1 CR GM,1.62,E.F.G.27.849,matched,score=0.870
cobeca,TIOCOLCHICOSIDO AMP 4MG/2ML X50 ALESS,50.8,E.F.G.27.849,matched,score=0.712
cobeca,TIOCOLCHICOSIDO AMP IMP 4MG/2ML X2 ALESS,2.67,E.F.G.27.849,matched,score=0.635
cobeca,TIOCOLCHICOSIDO COMP 4MG X10 LETI,5.75,E.F.G.26.806,matched,score=0.935
cobeca,TIOCOLCHICOSIDO TAB 4MG X10 PHARME,5.04,E.F.G.26.806,matched,score=0.891
cobeca,TIOCOLCHICOSIDO TAB 4MG X12 BIOTECH,4.42,E.F.G.34.453,matched,score=0.935
cobeca,TIOCOLCHICOSIDO TAB 4MG X12 CLX,3.18,E.F.G.37.086,matched,score=0.935
cobeca,TIOCOLFEN TAB 600MG/4MG X10 MMF,7.78,E.F.37.625,matched,score=0.678
cobeca,TIPOFREN TAB REC 400MG/4MG X10 ZUZU,2.59,,sin_match,sin_candidato
cobeca,TIPOFREN TAB REC 600MG/4MG X10 ZUZU,2.11,,sin_match,sin_candidato
cobeca,"TIPRAXIN VIAL 4G/0,5G X1 DORO",11.38,,no_farmaco,
cobeca,TIRA LECHE PLASTICO BLESS,7.83,,no_farmaco,
cobeca,TIRAS NASALES ZUVISS 3CM X 1.5CM X 10,3.85,,no_farmaco,
cobeca,TIRAS REACTIVAS FLEXMED X 50,15,,no_farmaco,
cobeca,TIROXIN TAB 100MG X50 MEY,17.17,,sin_match,sin_candidato
cobeca,TIROXIN TAB 112MCG X 50,20.87,,sin_match,sin_candidato
cobeca,TIROXIN TAB 150MCG X 50,16.82,,sin_match,sin_candidato
cobeca,TIROXIN TAB 25MCG X50 MEY,11.94,,sin_match,sin_candidato
cobeca,TIROXIN TAB 50MG X50 MEY,16.27,,sin_match,sin_candidato
cobeca,TIRZOL TAB 5MG X60 DOLLY,7.61,,sin_match,sin_candidato
cobeca,TIZA SOLITA BLAN COMPACTA X10,1.4,,no_farmaco,
cobeca,TIZANIDINA TAB 2MG X 10 ANGELUS,10.61,E.F.G.43.629,matched,score=0.742
cobeca,TOA FRIENDS MALLA C/A NOCTURNA X 10,2.34,,no_farmaco,
cobeca,TOA HUM HUGGIES MANIT/CARITAS MORADX 48,2.71,,no_farmaco,
cobeca,TOA HUM HUGGIES MANITOS Y CARITAS X 80,3.72,,no_farmaco,
cobeca,TOA HUM MIMLOT TRIPACK ALOE X 72,3.71,,no_farmaco,
cobeca,TOA HUM SECUREZZA BODYCARE X 54,2.63,,no_farmaco,
cobeca,TOA HUMEDAS ALEA AVENA X72,5.21,,no_farmaco,
cobeca,TOA HUMEDAS ALEA MANZANILLA X72,1.55,,no_farmaco,
cobeca,TOA NOSOTRAS MATERNIDAD TELA X 10,3.63,,no_farmaco,
cobeca,TOA SAN ACTIVA SEC PERD/ABUND 6 X 20,2.76,,no_farmaco,
cobeca,TOA SAN FRIENDS REG X 14,2.21,,no_farmaco,
cobeca,TOA SAN KOTEX ESENCIAL TELA ALOE V X 8,1.23,,no_farmaco,
cobeca,TOA SAN KOTEX FITNESS UF X 10,3.25,,no_farmaco,
cobeca,TOA SAN KOTEX NOCT LARGA E/PROT 3D X6,3.17,,no_farmaco,
cobeca,TOALLA ACTIVA SEC PERDI ABUN X10,1.74,,no_farmaco,
cobeca,TOALLA CLINICA SECUREZZA P/PARTO PREMX10,2.1,,no_farmaco,
cobeca,TOALLA CLINICA SECUREZZA P/PARTO X15,2.54,,no_farmaco,
cobeca,TOALLA CLINICAS LARGAS X10,1.77,,no_farmaco,
cobeca,TOALLA DESMAQ D CHICAS T/TIPO D/PIEL X25,1.06,,no_farmaco,
cobeca,TOALLA DESMAQ FRESH SOFT NAT X20,1.13,,no_farmaco,
cobeca,TOALLA DESMAQ MIMLOT AZUL X25,0.85,,no_farmaco,
cobeca,TOALLA DESMAQ MIMLOT MORAD X25,0.85,,no_farmaco,
cobeca,TOALLA FAMILIA PRACTIDIARIAS X50,1,,no_farmaco,
cobeca,TOALLA HUM AMY SEC MANZA X72,1.52,,no_farmaco,
cobeca,TOALLA HUM ANTIBACT MEDIFRESH HS X40,3.49,,no_farmaco,
cobeca,TOALLA HUM ANTIBACT PULPLUS ACTIVE X40,1.49,,no_farmaco,
cobeca,TOALLA HUM CHICCO ORIG X24,0.83,,no_farmaco,
cobeca,TOALLA HUM DERMOX BABY ALOE VERA X48,1.24,,no_farmaco,
cobeca,TOALLA HUM DERMOX BABY ALOE VERA X72,1.52,,no_farmaco,
cobeca,TOALLA HUM DERMOX BABY MANZA X48,1.24,,no_farmaco,
cobeca,TOALLA HUM DERMOX BABY MANZA X72,1.5,,no_farmaco,
cobeca,TOALLA HUM FRESH SOFT BABY X40,0.76,,no_farmaco,
cobeca,TOALLA HUM FRESH SOFT BABY X64,1.19,,no_farmaco,
cobeca,TOALLA HUM FRESH SOFT DESECH X60,1.71,,no_farmaco,
cobeca,TOALLA HUM HUGGIES EFECTIVA X48,2.51,,no_farmaco,
cobeca,TOALLA HUM MI BB ALOE/MANZA X40,0.96,,no_farmaco,
cobeca,TOALLA HUM MI BB MANZ/VIT E X72,1.39,,no_farmaco,
cobeca,TOALLA HUM MI BB X20,0.69,,no_farmaco,
cobeca,TOALLA HUM MI BB X80,1.48,,no_farmaco,
cobeca,TOALLA HUM MIMLOT ALOE VERA BEBE X25,0.69,,no_farmaco,
cobeca,TOALLA HUM MIMLOT ALOE VERA X72,1.35,,no_farmaco,
cobeca,TOALLA HUM MIMLOT PURE WATER X50,1.86,,no_farmaco,
cobeca,TOALLA HUM PULPLUS 70% ALCOHOL X25,1.6,,no_farmaco,
cobeca,TOALLA INTERCALADA DON TOALLIN 180H,2.6,,no_farmaco,
cobeca,TOALLA PULPLUS INCONTINENCIA MOD X20,3.83,,no_farmaco,
cobeca,TOALLA PULPPLUS ACTIVE INCONTINENCIASX10,1.77,,no_farmaco,
cobeca,TOALLA SAN KOTEX TELA NOCT C/ALAS X8,7.06,,no_farmaco,
cobeca,TOALLA SAN NOSOTRAS BUENAS NOCH X10,2.81,,no_farmaco,
cobeca,TOALLA SANI ACTIVA SEC PERDI OCASION X40,2.88,,no_farmaco,
cobeca,TOALLA SANI FRIENDS MALLAS X14,2.21,,no_farmaco,
cobeca,TOALLA SANI KOTEX DISCRETAS ULTR FINAX10,2.3,,no_farmaco,
cobeca,TOALLA SANI KOTEX NOCT U/PROTECT X16,5.16,,no_farmaco,
cobeca,TOALLA SANI KOTEX NOCT X24,6.89,,no_farmaco,
cobeca,TOALLA SANI KOTEX NORM U/PROTECT X24,5,,no_farmaco,
cobeca,TOALLA SANI KOTEX TELA DIURNA C/ALAS X10,2.21,,no_farmaco,
cobeca,TOALLA SANI NOSOTRAS BUENAS NOCH INV X10,3.95,,no_farmaco,
cobeca,TOALLA SANI NOSOTRAS BUENAS NOCH TELAX24,5.44,,no_farmaco,
cobeca,TOALLA SANI NOSOTRAS EX PROTEC TELA X20,3.68,,no_farmaco,
cobeca,TOALLA SANI NOSOTRAS MULTIF INV CLAS X10,2.1,,no_farmaco,
cobeca,TOALLA SANI NOSOTRAS MULTIF INV X10,1.33,,no_farmaco,
cobeca,TOALLA SANI NOSOTRAS NAT INV X30,3.78,,no_farmaco,
cobeca,TOALLA SANI PULPLUS ACTIVE T M X10,2.11,,no_farmaco,
cobeca,TOALLA SANI STAYFREE NORM C/ALAS X42,7.98,,no_farmaco,
cobeca,TOALLA SANI STAYFREE PLUS ULTRADELG X42,7.98,,no_farmaco,
cobeca,TOALLA SANI TENA DISCREET LARGA C/ALA X8,2.17,,no_farmaco,
cobeca,TOALLAS HUM HUGGIES LIMP DIARIA X80,2.71,,no_farmaco,
cobeca,TOALLAS HUM SAAS P/BEBE X72,1.23,,no_farmaco,
cobeca,TOALLIN ACMAX EX GDE P/COCINA 80H,1.95,,no_farmaco,
cobeca,TOALLIN SCOTT COCINA MEGA ABSORB X 1,2.05,,no_farmaco,
cobeca,"TOBRAMICINA SOL OFT 0,3% 5ML L.O",4.74,E.F.G.37.412,matched,score=0.639
cobeca,"TOBRASOL SOL OFT 0,3% 5ML L.O",9.62,,sin_match,score_bajo
cobeca,"TOBRASOL UNG 7,5G L.O",21.61,,sin_match,score_bajo
cobeca,TOCINETIKAS MUNCHY ORIG 40G,0.9,,no_farmaco,
cobeca,TOCINETIKAS MUNCHY PICANTE 40G,0.9,,no_farmaco,
cobeca,TOCINETIKAS ORIGINAL XXL X 160G,2.94,,no_farmaco,
cobeca,TOCINETIKAS PICANTE XXL X 160G,2.94,,no_farmaco,
cobeca,TODENAC SOL OFT 5ML L.O,18.5,,sin_match,score_bajo
cobeca,TODEX SUSP OFT 5ML L.O,9.18,,sin_match,score_bajo
cobeca,"TODEX UNG OFT 7,5G L.O",24.35,,sin_match,score_bajo
cobeca,TOLNAFTAN CREM 30G MEG,6.1,E.F.14.318,matched,score=0.657
cobeca,TOLNAFTAN LOC 15ML MEG,6.1,E.F.14.318,matched,score=0.705
cobeca,TOMACORRIENTE VERT MET/CHINO TIE 15/250V,0.82,,no_farmaco,
cobeca,"TOMYCIN SOL OFT 0,3% 5ML CAPSUV",4.83,,sin_match,score_bajo
cobeca,TONERVOL TAB 5MG X30 FAR,17.81,E.F.42.035,matched,score=0.906
cobeca,TONGKAT ALI W/MACA CAP X30 PHARMAC,19.48,,sin_match,sin_candidato
cobeca,TONICO CAPIL BIOS A/CAIDA 120ML,11.18,,no_farmaco,
cobeca,TONICO FAC BIOMAS 200ML,7.19,,no_farmaco,
cobeca,TONICO LIVING BIO NUTRIENTE 120ML,4.54,,no_farmaco,
cobeca,TONICO LIVING PURIX 120ML,4.12,,no_farmaco,
cobeca,TONIFICANTE FACIAL SPRAY DERNIER 200ML,3.6,,no_farmaco,
cobeca,TONUM SUSP ORAL 1MG/ML 100ML BIOTECH,5.08,E.F.34.754,matched,score=0.632
cobeca,TONUM TAB 10MG X30 BIOTECH,4.52,E.F.34.350,matched,score=0.625
cobeca,TOPISEPT CREM 2% 15G MEY,25.31,,sin_match,score_bajo
cobeca,TOPPER METALIZA C/VELA FELIZ/C PLAT X10,17.25,,no_farmaco,
cobeca,TOPPER METALIZADO C/VELA F/D BRONCE X10,17.25,,no_farmaco,
cobeca,TOPPER METALIZADO C/VELA HAPPY/B DOR X10,17.25,,no_farmaco,
cobeca,TOPPER METALIZADO MOTIVO AMOR X10,17.25,,no_farmaco,
cobeca,TORIVAS TAB REC 100MG X30 CLX,18.06,,sin_match,score_bajo
cobeca,TORIVAS TAB REC 50MG X30 CLX,11.71,,sin_match,score_bajo
cobeca,TORONTO DARK 125G,6.74,,no_farmaco,
cobeca,TORONTO MIX NEVADO OSC 324G LAT,19.39,,no_farmaco,
cobeca,TORONTO SAVOY BOLS 125G,6.74,,no_farmaco,
cobeca,TORONTO SAVOY DISP 324G,17.56,,sin_match,sin_candidato
cobeca,TORTA RENATA CHOCO 300G,3.53,,no_farmaco,
cobeca,TORTA RENATA TRADI NAR 250G,3.02,,no_farmaco,
cobeca,TORTA RENATA TRADIC CHOCO 250G,3.02,,no_farmaco,
cobeca,TORTA RENATA TRADIC MEZCLADO 250G,3.02,,no_farmaco,
cobeca,TORTILLAS QUEST NACHO CHEESE 32G X8,60,,no_farmaco,
cobeca,TORTILLITAS JACKS PICANTE 190G,2.36,,no_farmaco,
cobeca,TOSBRON JBE 240ML WALF,5.62,,sin_match,sin_candidato
cobeca,TOSSIN SOL ORAL 15MG/5ML 120ML ALESS,3.07,,sin_match,sin_candidato
cobeca,TOSTITOS 140G,1.51,,no_farmaco,
cobeca,TOSTITOS ORIG 330G,2.79,,no_farmaco,
cobeca,TOSTON MUNCHYPS AJO 150G,2.96,,no_farmaco,
cobeca,TOSTONES DON JOSE 280G,3.65,,no_farmaco,
cobeca,TOSTONES DON JOSE 80G,1.09,,no_farmaco,
cobeca,TRACEVAL TAB 500MG/50MG X20 VLM,14.39,E.F.40.295,matched,score=0.831
cobeca,"TRACEVAL TAB REC 325MG/37,5MG X20 VLM",9.56,E.F.40.448,matched,score=0.688
cobeca,TRACTIL AMP 4MG/2ML KITX1 RNV,1.55,,sin_match,score_bajo
cobeca,TRACTIL FORTE COM 8 MG X 10,5.09,E.F.42.277,matched,score=0.663
cobeca,TRACTIL TAB 4MG X12 RNV,2.71,E.F.20.834,matched,score=0.648
cobeca,TRALIX TAB 50MG X 30,11.92,E.F.44.131,matched,score=0.739
cobeca,TRAMAL AMP INY IM/IV 50MG/1ML X5 CR CCM,20.92,,sin_match,score_bajo
cobeca,TRAMAL CAP 50MG X20 CR CCM,39.13,E.F.30.065,matched,score=0.797
cobeca,TRAMAL GTS 10ML CR CCM,34.92,E.F.23.882,matched,score=0.783
cobeca,TRANGOLATT TAB/REC 200MG X 10,5.19,,sin_match,sin_candidato
cobeca,TRAPERO ETERNA MICROFIBRA MANGO METAL,13.2,,no_farmaco,
cobeca,TRAT CAP NUTRIBELA BIOKERATINA 180ML,3.66,,sin_match,sin_candidato
cobeca,TRAT CAPIL ELVIVE GLYCOL GLOSS 6% 200ML,11.64,,no_farmaco,
cobeca,TRAT CAPIL EVERY NIGHT BIO CAC/FRO350G,5.29,,no_farmaco,
cobeca,TRAT CAPIL EVERY NIGHT BIO CER/MAC350G,5.29,,no_farmaco,
cobeca,TRAT CAPIL EVERY NIGHT BIO COCO 350G,5.24,,no_farmaco,
cobeca,TRAT CAPIL NK COLAG SENSIT PASO 1+2 450M,20,,no_farmaco,
cobeca,TRAT CAPIL NK COLAG SENSIT PASO 1+2 60ML,6.25,,no_farmaco,
cobeca,TRAT CAPIL NK COLAG SENSIT PASO 1+2 950M,33.75,,no_farmaco,
cobeca,TRAT CAPIL NUTRIBELA CEL MADRES 180ML,3.81,,no_farmaco,
cobeca,TRAT CAPIL NUTRIBELA CEL MADRES 300ML,6.16,,no_farmaco,
cobeca,TRAT CAPIL NUTRIBELA ENZIMOTERAPIA 180ML,3.7,,no_farmaco,
cobeca,TRAT CAPIL NUTRIBELA ENZIMOTERAPIA 300ML,4.9,,no_farmaco,
cobeca,TRAT CAPIL NUTRIBELA PRO HIALUR 180ML,4.69,,no_farmaco,
cobeca,TRAT CAPIL NUTRIBELA REPARA INTEN 180ML,3.7,,no_farmaco,
cobeca,TRAT CAPIL NUTRIBELA REPARA INTEN 300ML,5.43,,no_farmaco,
cobeca,TRAT CAPIL SELENIL CONT GRAS 108ML,8.06,,no_farmaco,
cobeca,TRAT CAPIL SELENIL HIDRAT 108ML,8.06,,no_farmaco,
cobeca,TRAT DRENE CAB SEC/MALTRAT 350G,5.2,,no_farmaco,
cobeca,TRAT DRENE CAB/LISO 350G,5.2,,no_farmaco,
cobeca,TRAT ELVIVE OLEO EXTRAORDINARIO 100ML,13.41,,no_farmaco,
cobeca,TRAT REVERSE A/EDAD 30G,22.04,,no_farmaco,
cobeca,TRAZEL INY 10ML X6 BHR,53.25,,sin_match,sin_candidato
cobeca,TRAZTEL AMP 10ML ADN,7.86,,sin_match,sin_candidato
cobeca,"TRESITEN TAB 2,5MG X50 FC PHARMA",23.78,,sin_match,sin_candidato
cobeca,"TRETINOINA GEL TOP 0,05% 20G HM",2.32,,sin_match,score_bajo
cobeca,TRICOX TAB/REC 60MG X 14,6.97,E.F.43.933,matched,score=0.643
cobeca,TRICUDERMA CREM 20G SGG,7.22,,sin_match,sin_candidato
cobeca,TRIDETARMON CREM 15G MEG,8.57,,sin_match,score_bajo
cobeca,TRIFLO PLUSMEDIC EJERCITADOR PULMONAR,10.6,,no_farmaco,
cobeca,TRILEPTAMEDC SUSP 6% 300MG/5ML 100ML IPS,12.34,,sin_match,sin_candidato
cobeca,TRIMBUTOP COMP 200MG X10 DISK,2.03,E.F.43.627,matched,score=0.768
cobeca,TRIMEBUTINA TAB 200MG X10 CLEO,3.25,E.F.28.553,matched,score=0.825
cobeca,TRIMEBUTINA TAB 200MG X10 KMP,4.92,E.F.28.553,matched,score=0.825
cobeca,TRIMEBUTINA TAB 200MG X10 PHARME,4.39,E.F.28.553,matched,score=0.825
cobeca,TRIMEBUTINA TAB 200MG X30 PHARME,11.42,E.F.28.553,matched,score=0.825
cobeca,TRIMEBUTINA TAB 300MG X10 GLOB/C,5.47,E.F.G.40.389,matched,score=0.878
cobeca,TRIMEBUTINA TAB 300MG X10 KMP,5.82,E.F.G.40.389,matched,score=0.878
cobeca,TRIMETOP/SULFAM SUSP 40/200MG 60ML KIMIC,2.86,,sin_match,sin_candidato
cobeca,TRIMIC FORTE L OVUL 750/200/100MGX7 TIAR,14.91,,sin_match,score_bajo
cobeca,TRIMOLEP TAB ORODISP 25MG X28 CR MT,5.06,,sin_match,sin_candidato
cobeca,TRINARIA SPR/NASAL 50MG X 120 DOSIS,10.65,E.F.40.028,matched,score=0.704
cobeca,TRIPLEPLAY MUNCHY 70G,1.59,,no_farmaco,
cobeca,TRIPUR COMP X20 PHARME,8.55,E.F.23.718,matched,score=0.643
cobeca,TRITTICO TAB 100MG X30 ELM,9.82,E.F.22.572,matched,score=0.685
cobeca,TRITTICO TAB 50MG X30 ELM,7.35,E.F.22.699,matched,score=0.665
cobeca,TRUSOMIDA SOL OFT 2% 5ML DIEMA,12.45,,sin_match,score_bajo
cobeca,TUBO D/SUCCION GIDAGUS F14 X50,13.75,,no_farmaco,
cobeca,TUBO D/SUCCION GIDAGUS F6 X50,24.75,,no_farmaco,
cobeca,"TUBO ENDOTRAQ VALEMEDIC C/BALON 6,5 X10",9,,no_farmaco,
cobeca,"TUBO ENDOTRAQ VALEMEDIC C/BALON 7,0 X10",9,,no_farmaco,
cobeca,"TUBO ENDOTRAQ VALEMEDIC C/BALON 7,5 X10",9,,no_farmaco,
cobeca,"TUBO ENDOTRAQUEAL GIDAGUS BALON 6,5 X10",12.37,,no_farmaco,
cobeca,"TUBO ENDOTRAQUEAL GIDAGUS C/BALON 7,5X10",15.96,,no_farmaco,
cobeca,TUBO EXTENSION PUSMEDIC K-50 X 50,20.7,,no_farmaco,
cobeca,TUBO PLUSMEDIC ENDOTRAQ C/BALON N7 X10,25.57,,no_farmaco,
cobeca,"TUBO PLUSMEDIC ENDOTRAQ C/BALON N7,5X10",21.07,,no_farmaco,
cobeca,TURMERIC/CURCUMA CAP 700MG X60 ETER,24.27,,sin_match,sin_candidato
cobeca,UDOX CAP 75MG X10 DLR,8.46,,sin_match,score_bajo
cobeca,ULCENOL TAB 20MG X10,2.18,,sin_match,score_bajo
cobeca,ULCENOL TAB 40MG X20 ELM,3.39,,sin_match,score_bajo
cobeca,ULCON TAB 1G X20 FAR,16.11,E.F.25.477,matched,score=0.659
cobeca,ULCRAF SUSP ORAL 1G/5ML S/NARANJA X200ML,32.68,E.F.43.430,matched,score=0.635
cobeca,ULGARIN CAP 20MG X16 LETI,11.49,E.F.36.772,matched,score=0.665
cobeca,ULGARIN CAP 20MG X28 LETI,18.86,E.F.36.772,matched,score=0.665
cobeca,ULGARIN CAP 40MG X16 LETI,15.28,E.F.36.645,matched,score=0.665
cobeca,ULGARIN CAP 40MG X32 LETI,25.59,E.F.36.645,matched,score=0.665
cobeca,ULTAMYN TAB 750MG X10 ANG/H,13.71,E.F.43.344,matched,score=0.825
cobeca,UNG CORP BRUCETIN REPARADOR 5% X 80G,11.43,,sin_match,sin_candidato
cobeca,URIGRON TAB LE 25MG X30 ZORIAK,24.45,,sin_match,sin_candidato
cobeca,UROCIT TAB LP 10MG X100 FAR,30.03,,sin_match,score_bajo
cobeca,URODUTAN TAB 200MG X10 FC,5.91,E.F.43.520,matched,score=0.629
cobeca,UROFIDE TAB 0.5MG X 30 ANGELUS,13.61,,sin_match,sin_candidato
cobeca,"UROSINA DUO CAP 0,4MG/0,5 MG X30 ANG/H",18.12,E.F.43.451,matched,score=0.797
cobeca,UVEBLOCK SPF50+ SPR KIDS 200ML,40.26,,sin_match,sin_candidato
cobeca,VAGILEN R OVUL 750MG/200MG X7 FC,13,,sin_match,sin_candidato
cobeca,VALACICLOVIR TAB 500MG X10 ADN,18.19,E.F.G.38.639,matched,score=0.825
cobeca,VALERIANA ALPHA BMT GTA 30ML,4.55,,no_farmaco,
cobeca,VALERIANA CAP 300MG X90 ARC IRIS,10,,sin_match,sin_candidato
cobeca,VALERIANA GTS 60ML RECETT,3.25,,sin_match,sin_candidato
cobeca,VALERIANA JBE 120ML CHEM/S,7.06,,sin_match,sin_candidato
cobeca,"VALGEM PLUS TAB REC 160/12,5MG X10 GEMA",4.18,E.F.43.779,matched,score=0.610
cobeca,"VALGEM PLUS TAB REC 160/12,5MG X30 GEMA",10.83,E.F.43.779,matched,score=0.610
cobeca,"VALGEM PLUS TAB REC 80MG/12,5MG X10 GEMA",2.25,,sin_match,score_bajo
cobeca,VALPIZOP TAB REC 10MG X20 VLM,8.31,,sin_match,score_bajo
cobeca,VALPRODAC TAB REC 500MG X30 DAC,10.22,,sin_match,sin_candidato
cobeca,VALPRON JBE 250MG 180ML FAR,18.65,E.F.23.835,matched,score=0.813
cobeca,VALPRON SOL 30ML FAR,8.73,,sin_match,score_bajo
cobeca,VALPRON TAB 500MG X30 FAR,17.09,E.F.23.174,matched,score=0.820
cobeca,VALPROTAN TAB REC 500MG X30 ZORIAK,13.13,,sin_match,sin_candidato
cobeca,VALSARTAN 10 TAB 160MG X10 FMED,0.92,E.F.G.44.208,matched,score=0.957
cobeca,VALSARTAN CAP 160MG X 14 LETI,5.64,E.F.G.31.624,matched,score=0.922
cobeca,VALSARTAN CAP 160MG X30 VLM,7.88,E.F.G.38.559,matched,score=0.922
cobeca,VALSARTAN CAP 160MG X7 LETI,6.17,E.F.G.31.624,matched,score=0.922
cobeca,VALSARTAN CAP 80MG X14 LETI,5.59,E.F.G.31.623,matched,score=0.902
cobeca,VALSARTAN CAP 80MG X20 SPEFAR,5.47,E.F.G.35.562,matched,score=0.750
cobeca,VALSARTAN CAP 80MG X30 GNV LETI,9.32,E.F.G.35.562,matched,score=0.656
cobeca,VALSARTAN CAP 80MG X30 KIMIC,6.39,E.F.G.35.562,matched,score=0.740
cobeca,VALSARTAN COMP REC 160MG X28 VARG,7.01,E.F.G.44.208,matched,score=0.842
cobeca,VALSARTAN COMP/REC 80MG X 30 VARGAS,6.84,E.F.G.38.613,matched,score=0.767
cobeca,"VALSARTAN HCT TAB REC 80/12,5MG X28 CLX",8.16,E.F.G.35.562,matched,score=0.609
cobeca,VALSARTAN HCT TAB/REC 80/12.5MG X10 VARG,3.74,E.F.33.646,matched,score=0.613
cobeca,VALSARTAN TAB 160MG X10 ANG/H,1.64,E.F.G.44.208,matched,score=0.957
cobeca,VALSARTAN TAB 160MG X10 KMP,3.14,E.F.G.44.208,matched,score=0.957
cobeca,VALSARTAN TAB 160MG X30 CR DAC,9.48,E.F.G.44.208,matched,score=0.957
cobeca,VALSARTAN TAB 160MG X30 ZUZU,8.3,E.F.G.44.208,matched,score=0.957
cobeca,VALSARTAN TAB 80MG X10 KMP,3.45,E.F.G.35.526,matched,score=0.859
cobeca,VALSARTAN TAB 80MG X30 BLUE/M,5.12,E.F.G.35.526,matched,score=0.859
cobeca,VALSARTAN TAB 80MG X30 GENCER,5.81,E.F.G.35.562,matched,score=0.755
cobeca,VALSARTAN TAB 80MG X30 ZUZU,5.1,E.F.G.35.526,matched,score=0.859
cobeca,VALSARTAN TAB REC 160MG X30 ANG/H,7.62,E.F.G.44.465,matched,score=0.800
cobeca,VALSARTAN TAB REC 160MG X30 CR DIST,15.82,E.F.G.44.208,matched,score=0.798
cobeca,VALSARTAN TAB REC 160MG X30 PHARME,13.92,E.F.G.44.208,matched,score=0.798
cobeca,VALSARTAN TAB REC 80MG X14 PHARME,4.42,E.F.G.37.644,matched,score=0.746
cobeca,VALSARTAN TAB REC 80MG X30 PHARME,7.67,E.F.G.37.644,matched,score=0.746
cobeca,VALSARTAN/AMLO TAB 80MG/5MG X30 LA SANTE,10.39,E.F.G.35.562,matched,score=0.730
cobeca,VALSARTAN/AMLO TAB REC 80/5MG X10 PHARME,5.84,,sin_match,score_bajo
cobeca,VALSARTAN/AMLO TABREC 160/10MGX10 PHARME,7.69,,no_farmaco,
cobeca,"VALSARTAN/HCT TAB 80/12,5 X14 PHARME",4.87,E.F.33.646,matched,score=0.744
cobeca,"VALSARTAN/HCT TAB REC 160MG/12,5 X14 VLM",7.53,,sin_match,score_bajo
cobeca,"VALSARTAN/HCT TAB REC 80/12,5MG X14 CLX",4.36,E.F.G.35.562,matched,score=0.609
cobeca,"VALSARTAN/HCT TAB REC 80/12,5MG X14 VLM",4,E.F.G.38.559,matched,score=0.603
cobeca,"VALSARTAN/HCT TABREC 80/12,5MGX30 PHARME",9.86,,no_farmaco,
cobeca,VALTAN TAB 160MG X30 ZORIAK,10.46,,sin_match,sin_candidato
cobeca,VANCOMEDC PVO P/INY X 0.5G,3.32,,sin_match,sin_candidato
cobeca,VANCOMICINA PVO SOL INY 1G VIAL X1 DIST,6.22,P.B.1.046,matched,score=0.707
cobeca,VANISH OXI MULTIPOWER BLAN 100G,5.42,,no_farmaco,
cobeca,VAPROX JBE 120ML CR 2N,5.01,,sin_match,sin_candidato
cobeca,VARIFLON TAB 450MG/50MG X30 TIAR,11.57,,sin_match,sin_candidato
cobeca,VARIPLANT CAP X30 JRC,12.03,,sin_match,sin_candidato
cobeca,VARISAN CAP 300MG X60 NAT PREM,9.96,,sin_match,sin_candidato
cobeca,VARITAS AROMAT GLADE ALEGR FLOR 100ML,8.52,,no_farmaco,
cobeca,VARITAS AROMAT GLADE CAMP LAVAN 100ML,8.52,,no_farmaco,
cobeca,VARITAS AROMAT GLADE MANZ/CANE 100ML,8.52,,no_farmaco,
cobeca,VARITROL CAP X60 WALF,11.84,,sin_match,sin_candidato
cobeca,VASELINA 60ML RECETT,4.34,,no_farmaco,
cobeca,VASELINA ALPHA BMT 30G,4.55,,no_farmaco,
cobeca,VASELINA BIOFARCO 25G,2.34,,no_farmaco,
cobeca,VASELINA BIOFARCO 50G,3,,no_farmaco,
cobeca,VASELINA DEPORT FREE LIFE STYLE 120ML,6.51,,no_farmaco,
cobeca,VASELINA EBEN 30G,2.2,,no_farmaco,
cobeca,VASELINA EBEN 50G,3.11,,no_farmaco,
cobeca,VASELINA LYA 10G,1.82,,no_farmaco,
cobeca,VASELINA LYA 30G,2.77,,no_farmaco,
cobeca,VASPITOR COM/REC 20MG X 30,7.53,,sin_match,score_bajo
cobeca,VASPITOR COM/REC 40MG X 30,12.08,E.F.43.342,matched,score=0.608
cobeca,VASPITOR COMP REC 20MG X10 MEG,2.73,,sin_match,score_bajo
cobeca,VASPITOR COMP REC 40MG X10 MEG,5.39,E.F.43.342,matched,score=0.632
cobeca,"VASSLUTEN H TAB 300MG/12,5MG X30 GFARM",28.9,E.F.40.793,matched,score=0.740
cobeca,VASSLUTEN TAB 150MG X30 GFARM,12.87,E.F.40.580,matched,score=0.720
cobeca,VASSLUTEN TAB 300MG X30 GFARM,18.48,E.F.40.793,matched,score=0.720
cobeca,"VASSLUTEN TAB HCT 150MG/12,5MG X30 GFARM",19.68,E.F.40.580,matched,score=0.792
cobeca,VASTRON JBE 250MG/5ML X 180ML,10.71,,sin_match,sin_candidato
cobeca,VASTRON TAB REC 500MG X30 CLEO,12.69,,sin_match,sin_candidato
cobeca,VAXIDUO OVU 100MG/400MG X7 CLX,10.84,,sin_match,score_bajo
cobeca,VECTUS TAB/REC 20MG X 1,1.36,,sin_match,score_bajo
cobeca,VECTUS TAB/REC 20MG X 2,2.7,,sin_match,score_bajo
cobeca,VECTUS TAB/REC 5MG X 10,2.66,,sin_match,score_bajo
cobeca,VECTUS TAB/REC 5MG X 20,5.32,,sin_match,score_bajo
cobeca,VECTUS TAB/REC 5MG X 30,7.99,,sin_match,score_bajo
cobeca,VEDINOR COMP REC 600MG X15 VARG,13.1,,sin_match,score_bajo
cobeca,VEHICULO TRACK RACING,32.45,,no_farmaco,
cobeca,VELA GLADE BIENVENIDA MANZ/CANE 65G,6.51,,no_farmaco,
cobeca,VENACARE CAP 460MG X30 HERB,10.78,,sin_match,sin_candidato
cobeca,VENACARE CAP 460MG X60,14.66,,sin_match,sin_candidato
cobeca,VENACTIN CAP BLD 450/50MG X10 VIV,7.6,,sin_match,score_bajo
cobeca,VENACTIN CAP BLD 450MG/50MG X30 CLX,16.99,,sin_match,score_bajo
cobeca,VENASPLANT CAP X30 CR JRC,12.7,,sin_match,sin_candidato
cobeca,VENAXEN CAP LP 150MG X10 FC PHARMA,15.98,,sin_match,sin_candidato
cobeca,VENDA D/YESO PROMEINT 4X3 YDS,3.29,,no_farmaco,
cobeca,VENDA D/YESO PROMEINT 6X3 YDS,4.86,,no_farmaco,
cobeca,VENDA D/YESO PROMEINT 8X3 YDS,5.31,,no_farmaco,
cobeca,VENDA EBEN ELASTICA ECONOMICA X10CM,2.1,,no_farmaco,
cobeca,VENDA EBEN ELASTICA ECONOMICA X5CM,1.75,,no_farmaco,
cobeca,VENDA EBEN ELASTICA X10CM,3.11,,no_farmaco,
cobeca,VENDA EBEN ELASTICA X15CM,4.12,,no_farmaco,
cobeca,VENDA ELASTICA PROMEINT 12CM X 4M X 12,18.4,,no_farmaco,
cobeca,VENDA ELASTICA PROMEINT 15CM X 4M X 12,20.65,,no_farmaco,
cobeca,VENDA ELASTICA PROMEINT 20CM X 4M X 6,12.01,,no_farmaco,
cobeca,VENDA ELASTICA PROMEINT 8CM X 4M X 12,14.57,,no_farmaco,
cobeca,VENDA ELASTICA SPORT X10CM,12.41,,no_farmaco,
cobeca,VENDA ELASTICA SPORT X12CM,15.1,,no_farmaco,
cobeca,VENDA ELASTICA SPORT X20CM,25.36,,no_farmaco,
cobeca,VENDA ELASTICA SPORT X5CM,6.34,,no_farmaco,
cobeca,VENDA ELASTICA SPORT X6CM,7.4,,no_farmaco,
cobeca,VENDA ELASTICA SPORT X8CM,11.31,,no_farmaco,
cobeca,VENDA KERFUL ELASTICA X8CM,6.41,,no_farmaco,
cobeca,VENDA ORTOPEDICA ELASTICA X12CM,13.43,,no_farmaco,
cobeca,VENDA ORTOPEDICA ELASTICA X15CM,17.21,,no_farmaco,
cobeca,VENDA ORTOPEDICA ELASTICA X20CM,22.71,,no_farmaco,
cobeca,VENDA ORTOPEDICA ELASTICA X7CM,8.01,,no_farmaco,
cobeca,VENDA ORTOPEDICA ELASTICA X8CM,9.55,,no_farmaco,
cobeca,"VENDA P/QUEMADO COMPOMEDICA 4,5""X4,1Y",1.25,,no_farmaco,
cobeca,"VENDA VENDAPRESS 7,5CM X4,5M",6.4,,no_farmaco,
cobeca,"VENDA ZUVISS DE FIBRA D/VIDRIO 10CMX3,6M",11.62,,no_farmaco,
cobeca,"VENDA ZUVISS FIBRA D/VIDRIO 5CMX3,6M",7.44,,no_farmaco,
cobeca,"VENDA ZUVISS FIBRA D/VIDRIO 7, 5CMX3,6M",9.94,,no_farmaco,
cobeca,VENDAORTOPEDICA ELASTICA X6CM,6.69,,no_farmaco,
cobeca,VENDITAS CUREBAND STAND X100,3.51,,no_farmaco,
cobeca,VENDITAS CUREBAND STAND X30,1.86,,no_farmaco,
cobeca,"VERALEN GEL 1,16% 50G COFA",6.72,,sin_match,score_bajo
cobeca,VERATROL DUO CAP BLD 50MG/200UI X30 FC,13,,sin_match,score_bajo
cobeca,"VERONIQ TAB 3MG/0,03MG X21 VIV",15.01,,sin_match,sin_candidato
cobeca,VERSATIS PARCHES 5% X5 CR CCM,53.94,,no_farmaco,
cobeca,VERTEX TAB 50MG X10 CR 2N,1.08,,sin_match,sin_candidato
cobeca,VESTAX TAB 650MG X10 VARG,1.31,E.F.35.075,matched,score=0.668
cobeca,VIAJESAN TAB 50MG X10 CLX,6.75,E.F.32.103,matched,score=0.641
cobeca,VIASEK COMP 50MG X2 LETI,3.08,E.F.32.610,matched,score=0.659
cobeca,VIASEK COMP REC 50MG X1 LETI,1.25,,sin_match,score_bajo
cobeca,VIBRADOR PLUSONE INTIMO BALA,44.87,,no_farmaco,
cobeca,VIBRADOR PLUSONE INTIMO VARA,97.38,,no_farmaco,
cobeca,"VICK 44 JBE PED 100/7,5MG CER 120ML FAR",9.62,,sin_match,score_bajo
cobeca,VICK VAPORUB 12G DISP X12 FAR,39.12,,sin_match,score_bajo
cobeca,VICK VAPORUB UNG 100G,21.51,,sin_match,score_bajo
cobeca,VICZIN TAB MAST 500MG/15MG X30 FC,10.64,,sin_match,sin_candidato
cobeca,VIGRASOL COMP 50MG X1 MEG,1.95,E.F.32.611,matched,score=0.689
cobeca,VILDAG/METF TAB REC 50M/500MG X30 ARVEST,10.98,,sin_match,sin_candidato
cobeca,VILDAGLIPTINA TAB 50MG X 30 MT,6.98,E.F.G.42.486,matched,score=0.898
cobeca,VINAGRE HEINZ 500ML,1.1,,no_farmaco,
cobeca,VINAGRE SIDRA D/MANZ CAP 500MG X30 VAL,12.86,,sin_match,sin_candidato
cobeca,VIOLETA D/GENCIANA 30ML LYA,2.68,,no_farmaco,
cobeca,VIOLETA D/GENCIANA 30ML RECETT,2.36,,no_farmaco,
cobeca,VIOLETA D/GENCIANA SPRAY 70ML RECETT,5.17,,no_farmaco,
cobeca,VIOLETA GENCIANA SOL 1% 30ML BIOF,2.4,,sin_match,sin_candidato
cobeca,VIORESP PVO INH ORAL CAP 13MCG X30 LETI,56.71,,sin_match,sin_candidato
cobeca,VIROSUPRIL CREM 5% 5G MEG,31.82,E.F.37.137,matched,score=0.615
cobeca,VIT A CAP 10.000UI X100 NOW,13.91,E.F.41.583,matched,score=0.748
cobeca,VIT A CAP 10000UI X60 PREV,14.36,E.F.39.856,matched,score=0.655
cobeca,VIT B12 AMP 2ML X1 PLN,8.01,E.F.G.26.226,matched,score=0.758
cobeca,VIT B12 CAP 250MG X20 MEG,5.97,E.F.G.6.024,matched,score=0.645
cobeca,VIT B12 SOL INY IM 1000MCG/ML X3 MEG,8.7,,sin_match,score_bajo
cobeca,VIT C AMP IM/IV 500MG/5ML X 10 BLUE/M,4.68,E.F.G.27.999,matched,score=0.602
cobeca,VIT C CAP 500MG X60 CR DP,5.32,E.F.44.594,matched,score=0.766
cobeca,VIT C CAP BLD 500MG X15 FC,6.34,E.F.G.44.099,matched,score=0.626
cobeca,VIT C CAP BLD S/AZU 500MG X30 FC,10.13,,sin_match,score_bajo
cobeca,VIT C JBE 120ML MEG,5.58,E.F.23.088,matched,score=0.622
cobeca,VIT C JBE PED 120ML FC,7.53,,sin_match,score_bajo
cobeca,VIT C SOL ORAL 100MG/ML X 120ML BIOQ,6.13,E.F.G.32.643,matched,score=0.709
cobeca,VIT C TAB 1000MG X100 NOW,24.51,E.F.39.856,matched,score=0.761
cobeca,VIT C TAB 1000MG X30 SAAS,9.45,E.F.39.856,matched,score=0.761
cobeca,VIT C TAB 1000MG X60 ETER,12.99,E.F.39.856,matched,score=0.761
cobeca,VIT C TAB 1000MG X60 PREV,14.36,E.F.39.856,matched,score=0.761
cobeca,VIT C TAB 500MG X30 BIOQ,7.35,E.F.G.44.099,matched,score=0.756
cobeca,VIT C TAB MAST 500MG CHICL BLISX10 PHARM,1.31,,sin_match,score_bajo
cobeca,VIT C TAB MAST 500MG MANDA BLISX10 PHARM,1.31,,sin_match,score_bajo
cobeca,VIT C TAB MAST 500MG NAR BLIS X10 PHARME,1.31,,sin_match,score_bajo
cobeca,VIT C TAB MAST 500MG X100 BLUE/M,5.19,E.F.44.594,matched,score=0.627
cobeca,VIT C TAB MAST TUTTI 500MG BLISX10 PHARM,1.31,,sin_match,score_bajo
cobeca,VIT C/ZINC TAB 500MG X30 VAL,13.27,E.F.G.42.932,matched,score=0.709
cobeca,VIT D3 CAP VEG 2000UI X30 SAAS,9.35,E.F.34.121,matched,score=0.623
cobeca,VIT D3 KIDS GOM CEREZ/MELOC X60 PREV,17.77,,no_farmaco,
cobeca,VIT D3/K2 TAB 2000IU/150MCG X30 PHARCORP,12.99,,sin_match,score_bajo
cobeca,VIT D3/VIT K CAP 5000UI/50MCG X60 PREV,15.72,E.F.44.594,matched,score=0.727
cobeca,VIT E C/SELENIO CAP BLD 50MG X30 G PHAR,14.53,,sin_match,score_bajo
cobeca,VIT E CAP BLD 400MG X30 VIV,13.72,E.F.G.32.842,matched,score=0.671
cobeca,VIT E CAP BLD 400UI X60 ARC IRIS,15.71,,sin_match,score_bajo
cobeca,VIT E-400 CAP BLD 400UI X50 NOW,16.47,E.F.G.32.842,matched,score=0.671
cobeca,"VIT K1 AMP 10MG/2,5ML X3 MEG",8.44,E.F.G.16.233,matched,score=0.795
cobeca,VITACELL CAP X60 NAT PREM,7.43,,sin_match,sin_candidato
cobeca,VITACON C SOL ORAL 100MG/ML 120ML BIOF,3.38,,sin_match,sin_candidato
cobeca,VITACON MINERALIS JBE PED 180ML NJA BIOF,4.23,,sin_match,sin_candidato
cobeca,"VITADOLL INOSITOL CAP 650/1,4MGX60 DOLLY",16.3,,sin_match,sin_candidato
cobeca,VITADOLL-C TAB EFERV 1000MG X20 DOLLY,7.45,,sin_match,sin_candidato
cobeca,VITADYN C JBE 200MG/5ML NAR 120ML L.O,9.28,,sin_match,score_bajo
cobeca,VITADYN C TAB EFERV GRAPEFRUIT X10 L.O,13.29,,sin_match,score_bajo
cobeca,VITADYN C TAB EFERV MANDA X10 L.O,12.3,E.F.31.004,matched,score=0.602
cobeca,VITADYN C TAB MAST FRUTAS TROP 10X10 L.O,14.86,,sin_match,score_bajo
cobeca,VITADYN C TAB S/AZUCAR 500MG X 30,11.19,E.F.31.004,matched,score=0.787
cobeca,VITADYN C VIT C TAB EFERV NAR X10 L.O,12.3,E.F.31.004,matched,score=0.624
cobeca,"VITADYN C+Z CAP 500MG/7,5G S/AZU X30 L.O",9.32,E.F.31.004,matched,score=0.725
cobeca,VITADYN TAB/MAST FRESA 500MG BLI 10X10,15.6,,sin_match,score_bajo
cobeca,VITALAC KIDS SOL ORAL 120ML B&M,2.86,,sin_match,score_bajo
cobeca,VITAMIN D3 TAB X60 ETER,15.58,,sin_match,sin_candidato
cobeca,VITAMINA C CAP 1000 MG X 60 PHARMAC,12.99,E.F.27.330,matched,score=0.835
cobeca,VITAMIX FORTE TAB X10 ADN,1.12,E.F.36.327,matched,score=0.601
cobeca,VITAOVULO OVU 3G X4 VIT OZ,7.48,,sin_match,score_bajo
cobeca,VITAOZONO GTAS 15ML VIT OZ,6.99,,no_farmaco,
cobeca,VITAPETIT JBE PED 180ML NJA BIOF,4.91,,sin_match,sin_candidato
cobeca,VITASUPOSITORIO SUP 3G X4 VIT OZ,7.48,,no_farmaco,
cobeca,VITAVISION CAP X30 L.O,18.23,,sin_match,sin_candidato
cobeca,VITENOL CREM 15G PONCE,3.07,E.F.9.592,matched,score=0.610
cobeca,VITISIVAL JBE X 180ML,9.68,,sin_match,score_bajo
cobeca,VITISIVAL PLUS SOL ORAL PED 180ML VLM,9.29,,sin_match,score_bajo
cobeca,VITOMIT COMP REC ENT 10MG/10MG X30 CCM,11.87,,sin_match,score_bajo
cobeca,VITREXON JBE 50MG 5ML 120ML VARG,4.23,,sin_match,score_bajo
cobeca,VITRUM 50 TAB ADU X 100 MA NAT,21.49,,sin_match,sin_candidato
cobeca,VIUSID SOB 4G X9 AV,24.03,,sin_match,sin_candidato
cobeca,VIVALDI CARAOTAS ROJAS 300G,1.22,,no_farmaco,
cobeca,VIVO ORGANICO MANZ/PERA 90G,1.56,,no_farmaco,
cobeca,VIZERUL COMP 75MG X10 DLR,3.1,E.F.30.487,matched,score=0.797
cobeca,VIZERUL COMP 75MG X20 DLR,5.28,E.F.30.487,matched,score=0.797
cobeca,VIZERUL COMP REC 150MG X10 DLR,6.06,E.F.38.380,matched,score=0.633
cobeca,VIZERUL COMP REC 300MG X10 DLR,10.21,,sin_match,score_bajo
cobeca,VIZERUL JBE 150MG/10ML 120ML DLR,10.15,,sin_match,score_bajo
cobeca,VOLCOFEN AMP 75MG/3ML X 1,3.05,E.F.42.691,matched,score=0.833
cobeca,"VOLTEN SOL OFT 0,1% 5ML L.O",13.8,,sin_match,sin_candidato
cobeca,VONAU FLASH TAB 4MG X10 FARMA,8.47,E.F.44.590,matched,score=0.708
cobeca,VONAU FLASH TAB 8MG X10 FARMA,13.52,,sin_match,score_bajo
cobeca,VORICONAZOL AMP 200MG X1 GLOB/C,68.35,E.F.33.694,matched,score=0.754
cobeca,VUSCOBRAS COM/REC 10MG/10MG X30,7.49,,sin_match,score_bajo
cobeca,WAMPOLE EMUL FRESA 200ML PONCE,3.49,,sin_match,score_bajo
cobeca,WAMPOLE EMUL FRESA 360ML PONCE,5.34,,sin_match,score_bajo
cobeca,WAMPOLE EMUL NAR 200ML PONCE,3.49,,sin_match,score_bajo
cobeca,WAMPOLE EMUL TUTI FRUTTI 200ML PONCE,3.49,,sin_match,score_bajo
cobeca,WAMPOLE EMUL TUTI FRUTTI 360ML PONCE,5.34,,sin_match,score_bajo
cobeca,WHEY PROTEIN NOW CHOCO 907G,80.48,,no_farmaco,
cobeca,WHEY PROTEIN NOW VAIN 907G,80.48,,no_farmaco,
cobeca,WINDEX ORIG DOYPACK 500ML,2.27,,no_farmaco,
cobeca,WINDEX ORIG TRIGG 640ML,5.41,,no_farmaco,
cobeca,WOMEN PROBIOTIC CAP 20BILLION X 50,49.35,,sin_match,sin_candidato
cobeca,XANEXTRA AMP 500MG/5ML X1 ALESS,4.2,E.F.41.121,matched,score=0.620
cobeca,XANEXTRA COM 500MG X 21,12,,sin_match,score_bajo
cobeca,XARELTO COM/REC 20MG X 14,20.94,,sin_match,score_bajo
cobeca,XARELTO COMP REC 10MG X10 AVPH,13.62,,sin_match,score_bajo
cobeca,XARELTO COMP REC 15MG X14 AVPH,19.68,,sin_match,score_bajo
cobeca,XAROBAN COMP REC 15MG X15 ADIUM,4.55,,sin_match,score_bajo
cobeca,XAROX TAB 10MG X30 PHARME,15.55,E.F.43.896,matched,score=0.665
cobeca,XAROX TAB 15MG X30 PHARME,21.57,E.F.43.897,matched,score=0.665
cobeca,XAROX TAB 20MG X30 PHARME,26.19,E.F.43.895,matched,score=0.665
cobeca,"XENDA SOL OFT 0,005% 3ML DIEMA",21.82,,sin_match,score_bajo
cobeca,XEROGRAX CAP 120MG X60 PHARME,43.61,E.F.37.761,matched,score=0.612
cobeca,XUMER COMP REC 60MG X14 ADIUM,7.45,,sin_match,score_bajo
cobeca,XUMER COMP REC 90MG X14 ADIUM,9.08,,sin_match,score_bajo
cobeca,XYLITOL PVO 454G,18.27,,sin_match,sin_candidato
cobeca,"YASMIN COMP REC 3MG/0,03MG X21 AVPH",21.33,,sin_match,score_bajo
cobeca,YAZ COMP 3 MG/0.02MG X28 AVPH,23.49,E.F.G.44.211,matched,score=0.614
cobeca,"YESO ORTOBAN 4""X3"" YDS 10CM X 2,7M",5.22,,no_farmaco,
cobeca,"YESO ORTOBAN 6""X3   YDS 15CM X 2,7M",7.86,,no_farmaco,
cobeca,"YESO ORTOBAN 8""X3   YDS 20CM X 2,7M",7.56,,no_farmaco,
cobeca,YODO BLANCO 30ML RECETT,3.91,,no_farmaco,
cobeca,YOGURT GERBER BERRY/MANZ/BAN 94ML,2.17,,no_farmaco,
cobeca,YOGURT GERBER MANZ 92ML,2.17,,no_farmaco,
cobeca,YOGURT GERBER PERA/BAN 92ML,2.17,,no_farmaco,
cobeca,YONAL JBE 120ML BIOTECH,7.05,,sin_match,score_bajo
cobeca,YONALAT JBE 15MG/3MG/5ML 120ML BIOTECH,7.13,,sin_match,score_bajo
cobeca,YONALIN SOL ORAL 4MG/ML PED 15ML BIOT,4.65,,sin_match,score_bajo
cobeca,ZABILA CAP 300MG X60 NAT PREM,9.01,,sin_match,sin_candidato
cobeca,ZABILA JBE AD 120ML RECETT,3.08,,sin_match,sin_candidato
cobeca,ZABILA JBE PED 120ML RECETT,3,,sin_match,sin_candidato
cobeca,ZABILA/LINAZA CAP 500MG X60,10.26,,sin_match,sin_candidato
cobeca,ZAF-200 TAB 200MG X30 CR MT,17.04,,sin_match,sin_candidato
cobeca,ZALDIAR COMP X20 CR CCM,31.94,E.F.33.445,matched,score=0.647
cobeca,ZANAX CREM VAG 2% 20G BLUE/M,4.09,,sin_match,sin_candidato
cobeca,ZANAX500 OVUL 500MG X1 BLUE,1.78,,sin_match,sin_candidato
cobeca,ZARZAPARRILLA CAP 300MG X 90 ARC IRIS,9.22,,sin_match,sin_candidato
cobeca,ZENTIM SOL ORAL PED 10MG/ML 20ML,13.61,,sin_match,score_bajo
cobeca,ZIFAR CAP BLD 50MG X30 BIOFAR,5.45,,sin_match,sin_candidato
cobeca,ZIGABAL COMP 300MG X60 DORO,32.29,,sin_match,sin_candidato
cobeca,ZILDON TAB REC 10MG X30 PHARME,8.96,E.F.43.300,matched,score=0.622
cobeca,ZINC TAB 50MG X60 ETER,16.6,E.F.G.42.932,matched,score=0.859
cobeca,ZINC TAB X100 NOW,15.09,E.F.32.695,matched,score=0.952
cobeca,ZINC/CA CAP 120MG/7MG X30 LINOF,7.92,E.F.43.669,matched,score=0.642
cobeca,ZINC/CA CAP 120MG/7MG X60 LINOF,10.56,E.F.43.669,matched,score=0.642
cobeca,ZINCOSOL JBE 15MG UVA 120ML,4.79,,sin_match,sin_candidato
cobeca,ZIPLOC ABRE FACIL GDE X10,3.24,,no_farmaco,
cobeca,ZIPLOC ORGANIZAR GDE X10,4.62,,no_farmaco,
cobeca,ZIPLOC ORGANIZAR MED X15,4.24,,no_farmaco,
cobeca,ZIPLOC SANDW X50,3.65,,no_farmaco,
cobeca,ZIPLOC SNACK X50,3.41,,no_farmaco,
cobeca,ZITOXIL SOL 5% X 60 ML,9.57,E.F.24.576,matched,score=0.733
cobeca,ZOCLONAX TAB/REC 7.5MG X 10 LA SANTE,6.84,,sin_match,score_bajo
cobeca,ZOLPIDEX COMP 10MG X10 MEG,5.32,E.F.33.820,matched,score=0.859
cobeca,ZOLPIDEX COMP 10MG X20 MEG,9.61,E.F.33.820,matched,score=0.859
cobeca,ZONIUM CAP 20MG X14 BIOTECH,8.79,E.F.39.051,matched,score=0.665
cobeca,ZONIUM CAP 40MG X14 BIOTECH,10.47,E.F.39.050,matched,score=0.665
cobeca,ZONTRICON SUSP PED 100MG/5ML 30ML LETI,25.31,E.F.36.302,matched,score=0.730
cobeca,ZOPICLONA TAB 7.5MG X 10 LA SANTE,4.58,E.F.G.43.207,matched,score=0.693
cobeca,ZOST COMP 50MG X1 DLR,1.21,E.F.33.888,matched,score=0.797
cobeca,ZOST COMP 50MG X2 DLR,1.66,E.F.33.888,matched,score=0.797
cobeca,ZOST COMP 50MG X4 DLR,2.84,E.F.33.888,matched,score=0.797
cobeca,ZOXAVAL PVO SUSP ORAL 100MG/5ML 30ML VLM,8.12,,sin_match,sin_candidato
cobeca,ZOXAVAL TAB REC 500MG X6 VLM,7.71,,sin_match,sin_candidato
cobeca,ZUCRAL TAB 1G X20 ZUZU,6.36,,sin_match,sin_candidato
cobeca,"ZUDENINA CREM TOPICA 0,1% 30G MEG",10.52,,sin_match,score_bajo
cobeca,"ZUDENINA FORTE GEL TOPICO 0,3% 30G MEG",11.3,,sin_match,score_bajo
cobeca,"ZUDENINA GEL TOPICO 0,1% 30G MEG",10.91,,sin_match,score_bajo
cobeca,"ZUDENINA PLUS GEL TOPICO 0,1/1,0%30G MEG",11.82,,sin_match,score_bajo
cobeca,ZULTINA SUSP 100MG/5ML X 30ML,3.31,,sin_match,score_bajo
cobeca,ZUMETRONIN SOL INY 500MG/100ML ZUZU,3.64,,sin_match,sin_candidato
cobeca,ZUMETRONIN SUSP 250MG/5ML 120ML ZUZU,4.08,,sin_match,sin_candidato
cobeca,ZYRTEC TAB 10MG X 20,10.74,E.F.25.566,matched,score=0.611
drovencentro,ABRETIA 10MG 10CAPS ATOMOXETINA,16.1092,E.F.36.296,matched,score=0.914
drovencentro,ABRETIA 18MG 10CAPS ATOMOXETINA,21.76,,sin_match,sin_candidato
drovencentro,ABRETIA 25MG  20CAPS ATOMOXETINA,41.154,E.F.36.438,matched,score=0.910
drovencentro,ACALIX 60MG 30TAB VARGAS,8.748,,sin_match,sin_candidato
drovencentro,ACEBLU+PLUS  650MG  10TAB ACETAMINOFEN BLUE MEDICAL,0.4,,sin_match,sin_candidato
drovencentro,ACECLOFENACO 100MG TAB DISP 10 MT GLOBAL CARE,1.73572,,sin_match,sin_candidato
drovencentro,ACEITE DE COCO 30ML FSI  1 FRASCO,1.99232,,sin_match,sin_candidato
drovencentro,ACEITE DE COCO 30ML RECETTMARKET,2.21063,,sin_match,sin_candidato
drovencentro,ACEITE DE COCO 60ML RECETTMARKET,4.05786,,sin_match,sin_candidato
drovencentro,ACEITE DE PALO 30ML RECETTMARKET,3.39691,,sin_match,sin_candidato
drovencentro,ACEITE DE RICINO 120ML ABEJITA,6.2696,,sin_match,sin_candidato
drovencentro,ACEITE DE RICINO 30ML  LYA,3.67264,,sin_match,sin_candidato
drovencentro,ACEITE DE RICINO 30ML FSI 1FRASCO,2.65408,,sin_match,sin_candidato
drovencentro,ACEITE DE RICINO 30ML RECETTMARKET,4.3449,,sin_match,sin_candidato
drovencentro,ACEITE DE RICINO PLUS SOL 30ML SOMA,5.232,,sin_match,sin_candidato
drovencentro,ACEITE MINERAL 30ML 1UNID FSI,1.5488,,sin_match,sin_candidato
drovencentro,ACEITE MINERAL 30ML RECETTMARKET,7.02205,,sin_match,sin_candidato
drovencentro,ACEITE OZONIZADO GIRASOL COCO 60ML OZONEPUI,10.76,,sin_match,sin_candidato
drovencentro,ACEMAX 650MG  10TAB ACETAMINOFEN SUPLIMEDIC,1.104,,sin_match,sin_candidato
drovencentro,ACEMAX 650MG 10TAB 10BLIS ACETAMINOFEN SUPLIMEDIC,5.904,,sin_match,sin_candidato
drovencentro,ACEMUK 200MG 10COMP EFEV SIEGFRIED,12.42,,sin_match,sin_candidato
drovencentro,ACETAB 250MG 20TAB OFTALMI,11.912,E.F.36.867,matched,score=0.874
drovencentro,ACETAMINOFEN  650MG10 TAB JKN MED,0.616,,sin_match,sin_candidato
drovencentro,ACETAMINOFEN + PLUS 800MG 10TAB BLUE MEDICAL,0.512,,sin_match,sin_candidato
drovencentro,ACETAMINOFEN 1000MG 10COMP SPEFAR,2.604,E.F.G.39.020,matched,score=0.908
drovencentro,ACETAMINOFEN 100MG/ML GOTERO  30ML LAPROFF,3.176,,sin_match,sin_candidato
drovencentro,ACETAMINOFEN 120MG/5ML JBE  60ML ZAKI,1.352,,sin_match,sin_candidato
drovencentro,ACETAMINOFEN 120MG/5ML JBE 120ML COFASA,2.176,E.F.G.31.636,matched,score=0.918
drovencentro,ACETAMINOFEN 120MG/5ML SOL ORAL 120ML BIOQUIMICA,2.6996,,sin_match,sin_candidato
drovencentro,ACETAMINOFEN 120MG/5ML SOL ORAL 60ML OFTALMI,1.48,E.F.G.42.908,matched,score=0.931
drovencentro,ACETAMINOFEN 125MG  6SUP ALESS,2.03553,,sin_match,sin_candidato
drovencentro,ACETAMINOFEN 125MG 8 SUPOSITORIOS VARGAS,2.88,E.F.G.43.970,matched,score=0.911
drovencentro,ACETAMINOFEN 125MG/5ML JBE 60ML BIO DE VZLA,1.0472,,sin_match,sin_candidato
drovencentro,ACETAMINOFEN 150MG/5ML 120ML LA SANTE,3.3728,,sin_match,sin_candidato
drovencentro,ACETAMINOFEN 150MG/5ML JBE  60ML LAPROFF,1.24,,sin_match,sin_candidato
drovencentro,ACETAMINOFEN 180MG/5ML JAB 120ML BIOQUIMICA,2.822,,sin_match,sin_candidato
drovencentro,ACETAMINOFEN 180MG/5ML JBE 120ML SPEFAR,4.476,,sin_match,sin_candidato
drovencentro,ACETAMINOFEN 180MG/5ML SOL ORAL 120ML  GENVEN,2.9792,E.F.G.42.488,matched,score=0.925
drovencentro,ACETAMINOFEN 250MG 6SUP ALESS,2.10313,,sin_match,sin_candidato
drovencentro,ACETAMINOFEN 500MG  10TAB  ZUZU,0.5888,,sin_match,sin_candidato
drovencentro,ACETAMINOFEN 500MG  10TAB ACETUNI,0.552,,sin_match,sin_candidato
drovencentro,ACETAMINOFEN 500MG  300TAB COASPHARMA,21.232,,sin_match,sin_candidato
drovencentro,ACETAMINOFEN 500MG 10BLISTER 10TAB LATTAN MEDIC,4.5756,,sin_match,sin_candidato
drovencentro,ACETAMINOFEN 500MG 10TAB CALOX,0.52,E.F.G.33.906,matched,score=0.895
drovencentro,ACETAMINOFEN 500MG 10TAB GENVEN,0.488,E.F.G.33.539,matched,score=0.757
drovencentro,ACETAMINOFEN 500MG 10TAB OFTALMI,0.688,E.F.G.43.427,matched,score=0.905
drovencentro,ACETAMINOFEN 500MG 12TAB BIOQUIMICA,0.7372,,sin_match,sin_candidato
drovencentro,ACETAMINOFEN 500MG 20 TAB QUIM-FAR,0.73967,,sin_match,sin_candidato
drovencentro,ACETAMINOFEN 500MG 20TAB LA SANTE,1.0944,,sin_match,sin_candidato
drovencentro,ACETAMINOFEN 500MG 24TAB BIOQUIMICA,1.4592,,sin_match,sin_candidato
drovencentro,ACETAMINOFEN 500MG 30BLT 10TAB  MULTIPACK LAPROFF,13.488,,sin_match,sin_candidato
drovencentro,ACETAMINOFEN 500MG 30TAB OFTALMI,1.496,E.F.G.43.427,matched,score=0.905
drovencentro,ACETAMINOFEN 650MG 10 TAB  ZUZU,0.5888,,sin_match,sin_candidato
drovencentro,ACETAMINOFEN 650MG 10TAB BIOQUIMICA,1.1476,,sin_match,sin_candidato
drovencentro,ACETAMINOFEN 650MG 10TAB CALOX,0.544,E.F.G.33.906,matched,score=0.905
drovencentro,ACETAMINOFEN 650MG 10TAB GENVEN,0.5032,E.F.G.41.663,matched,score=0.905
drovencentro,ACETAMINOFEN 650MG 10TAB LA SANTE,0.5696,,sin_match,sin_candidato
drovencentro,ACETAMINOFEN 650MG 10TAB OFTALMI,0.36,E.F.G.42.908,matched,score=0.901
drovencentro,ACETAMINOFEN 650MG 10TAB PLUSANDEX,0.64716,,sin_match,sin_candidato
drovencentro,ACETAMINOFEN 650MG 20TAB BIOQUIMICA,2.2192,,sin_match,sin_candidato
drovencentro,ACETAMINOFEN 650MG 30COMP LETI,1.472,E.F.G.41.663,matched,score=0.902
drovencentro,ACETAMINOFEN 750MG 10COMP SPEFAR,2.37424,,sin_match,sin_candidato
drovencentro,ACETAMINOFEN 750MG 10TAB BIOQUIMICA,3.2756,,sin_match,sin_candidato
drovencentro,ACETAMINOFEN CLORFENAMINA 125MG-1MG/5ML JBE 120ML SPEFAR,5.5624,,sin_match,sin_candidato
drovencentro,ACETAMINOFEN CLORFENIRAMINA 125MG/1MG/5ML JBE PED 120ML BIOQUIMICA,4.3016,,sin_match,sin_candidato
drovencentro,ACETAMINOFEN GOTAS 15ML QUIM-FAR,1.46985,P.F.1.388,matched,score=0.567
drovencentro,ACETAMINOFEN+CAFE+CLORF 6 SOBRES UNIGRIP FORTE,5.536,,sin_match,sin_candidato
drovencentro,ACETAZOLAMIDA 250MG  10TAB MT,3.6147,,sin_match,sin_candidato
drovencentro,ACETAZOLAMIDA 250MG  20TAB KMPLUS,10.0224,,sin_match,sin_candidato
drovencentro,ACETAZOLAMIDA 250MG 20TAB ZUZU,8.896,,sin_match,sin_candidato
drovencentro,ACEVAL 100MG/ML GOTAS 30ML VALMORCA,3.69768,E.F.24.875,matched,score=0.945
drovencentro,ACEVAL 180MG/5ML 120ML SOL PED VALMORCA,3.84648,E.F.42.976,matched,score=0.899
drovencentro,ACHICORIA JARABE FARMAGENIK,3.2832,,sin_match,sin_candidato
drovencentro,ACICLOR 5% CREMA 10GRS GENVEN,10.448,E.F.42.715,matched,score=0.779
drovencentro,ACICLOVIR  200MG/5ML P/P SOL ORAL 100ML DISTRILAB,14.11368,,sin_match,sin_candidato
drovencentro,"ACICLOVIR  3% UNG OFT  4,5G  DISTRILAB",11.31312,,sin_match,sin_candidato
drovencentro,ACICLOVIR  5% CR 10GR REMENY,4.368,,sin_match,sin_candidato
drovencentro,ACICLOVIR  5% CREMA  20GR MEDICAL GROUP,4.76464,,sin_match,sin_candidato
drovencentro,ACICLOVIR 1000MG  10TAB AP  LATTAN MEDIC,10.3044,,sin_match,sin_candidato
drovencentro,ACICLOVIR 200MG 10TAB REMENY,5.208,,sin_match,sin_candidato
drovencentro,ACICLOVIR 200MG 25TAB CALOX,6.304,E.F.G.31.108,matched,score=0.909
drovencentro,ACICLOVIR 200MG X 20 TAB POLINAC,4.8488,,sin_match,sin_candidato
drovencentro,ACICLOVIR 250MG IV 10AMP POLVO LIOF VITALIS,67.08,,sin_match,sin_candidato
drovencentro,ACICLOVIR 5% CR 20GR SOTO GLOBAL,3.7008,,sin_match,sin_candidato
drovencentro,ACICLOVIR 5% UNG 15GR COASPHARMA,5.72,,sin_match,sin_candidato
drovencentro,ACICLOVIR 5% UNG 15GR LAPROFF,3.544,,sin_match,sin_candidato
drovencentro,ACICLOVIR 800MG 5BLT 10TAB LAPROFF,33.072,,sin_match,sin_candidato
drovencentro,ACICLOVIR CREMA 10G  5% 1 TUBO DISTRILAB,4.54528,,sin_match,sin_candidato
drovencentro,ACICLOVIR CREMA 5% / 5G 1TUBO KMPLUS,1.75896,,sin_match,sin_candidato
drovencentro,ACICLOVIR CREMA 5% 5G  PORTUGAL,2.06976,,sin_match,sin_candidato
drovencentro,ACICLOVIR CREMA X 20G(R*)POLINAC,7.9496,,sin_match,sin_candidato
drovencentro,ACICLOVIR DAC 5% 20G CREMA DAC,4.35062,,sin_match,sin_candidato
drovencentro,ACICLOVIR POLVO PARA SOL INY 250MG 1AMP  DISTRILAB,7.66432,,sin_match,sin_candidato
drovencentro,ACIDO ACETIL SALICILICO 81MG  100TAB ASAPRUNI,4.304,,sin_match,sin_candidato
drovencentro,ACIDO ACETILSALICILICO 81MG 30TAB SPEFAR,4.14592,E.F.G.37.056,matched,score=0.898
drovencentro,ACIDO ALFA LIPOIC 250MG  60CAPS NOW,28.736,,sin_match,sin_candidato
drovencentro,ACIDO ASCORBICO 10AMPOLLAS IM/IV 100MG/ML ADN,12.0384,,sin_match,sin_candidato
drovencentro,ACIDO BORICO  25GR RECETTMARKET,2.35558,,sin_match,sin_candidato
drovencentro,ACIDO BORICO 100G  6 UNID.F.S.I,11.3696,,sin_match,sin_candidato
drovencentro,ACIDO BORICO 20G  6UNID F.S.I,6.17408,,sin_match,sin_candidato
drovencentro,ACIDO BORICO 20G 1 SOBRE INNOVATEK,1.1907,,sin_match,sin_candidato
drovencentro,ACIDO BORICO 20G SOB LYA,1.51616,,sin_match,sin_candidato
drovencentro,ACIDO BORICO 400MG 10CAPS VAG LYA,4.4568,,sin_match,sin_candidato
drovencentro,ACIDO BORICO 600MG  6OVULO SAN LORENZO,8.616,,sin_match,sin_candidato
drovencentro,ACIDO FOLICO 10MG  20TAB KLINOS,1.9912,E.F.G.3.187,matched,score=0.925
drovencentro,ACIDO FOLICO 10MG 10TAB  BIOQUIMICA,1.1552,,sin_match,sin_candidato
drovencentro,ACIDO FOLICO 10MG 10TAB PLUSANDEX,0.73125,,sin_match,sin_candidato
drovencentro,ACIDO FOLICO 10MG 20COMP GC,0.9932,E.F.G.33.347,matched,score=0.915
drovencentro,ACIDO FOLICO 10MG 20TAB PLUSANDEX,1.38659,,sin_match,sin_candidato
drovencentro,ACIDO FOLICO 10MG 20TAB SIEGFRIED,1.9788,E.F.G.29.911,matched,score=0.810
drovencentro,ACIDO FOLICO 10MG 30COMP GENVEN,1.5336,E.F.G.33.987,matched,score=0.912
drovencentro,ACIDO FOLICO 10MG 30TAB BIOQUIMICA,1.9584,,sin_match,sin_candidato
drovencentro,ACIDO FOLICO 10MG 30TAB DALIOL,2.364,E.F.G.29.911,matched,score=0.923
drovencentro,ACIDO FOLICO 10MG 30TAB PLUSANDEX,1.42342,,sin_match,sin_candidato
drovencentro,ACIDO FOLICO 10MG GOTAS 30ML BIOQUIMICA,5.0624,,sin_match,sin_candidato
drovencentro,ACIDO FOLICO 10MG/2ML  3AMP ANDILAB,4.2,,sin_match,sin_candidato
drovencentro,ACIDO FOLICO 10MG/ML 15ML GOTAS GENCER,5.576,E.F.G.22.033,matched,score=0.898
drovencentro,ACIDO FOLICO 10MG/ML 1ML  3AMP MEGALABS,8.6836,E.F.G.3.187,matched,score=0.933
drovencentro,ACIDO FOLICO 10MG/ML GOTAS 15ML KLINOS,8.12,E.F.G.4.631,matched,score=0.935
drovencentro,ACIDO FOLICO 10MG/ML SOL ORAL GTS 15ML LETI,6.888,E.F.G.33.987,matched,score=0.925
drovencentro,ACIDO FOLICO 5MG  10TAB JKN MED,0.304,,sin_match,sin_candidato
drovencentro,ACIDO FOLICO 5MG  20TAB KLINOS,1.2168,E.F.G.4.629,matched,score=0.920
drovencentro,ACIDO FOLICO 5MG 10BLT 10TAB  BALAXI,2.5024,,sin_match,sin_candidato
drovencentro,ACIDO FOLICO 5MG 10TAB BIOQUIMICA,1.216,,sin_match,sin_candidato
drovencentro,ACIDO FOLICO 5MG 30COMP KLINOS,2.096,E.F.G.4.629,matched,score=0.927
drovencentro,ACIDO FOLICO 5MG 30TAB BIOQUIMICA,2.3184,,sin_match,sin_candidato
drovencentro,ACIDO FOLICO 5MG 30TAB PLUSANDEX,1.38709,,sin_match,sin_candidato
drovencentro,ACIDO FOLICO 5MG 30TAB SIEGFRIED,2.8368,E.F.G.29.912,matched,score=0.921
drovencentro,ACIDO FOLICO BP 10MG/2ML 10 AMP DISTRILAB,28.79136,,sin_match,sin_candidato
drovencentro,ACIDO FOLICO GOTAS 15ML DALIOL,7.0516,E.F.G.31.178,matched,score=0.681
drovencentro,ACIDO FOLICO/HIERRO 360MCG/40MG/15ML JBE 120ML H&M,5.71912,,sin_match,sin_candidato
drovencentro,ACIDO FOLICO/HIERRO 80MCG/20MG/ML GOTAS 30ML H&M,1.7848,,sin_match,sin_candidato
drovencentro,ACIDO FUSIDICO 2% CREMA  15GR LAPROFF,5.072,,sin_match,sin_candidato
drovencentro,ACIDO FUSIDICO 2% CREMA 15GR  VINCENTI,12.7872,,sin_match,sin_candidato
drovencentro,ACIDO FUSIDICO 2% CREMA 15GR MT GLOBAL CARE,6.81663,,sin_match,sin_candidato
drovencentro,ACIDO HIALURONICO 2% 9 OVULOS SAN LORENZO,11.696,,sin_match,sin_candidato
drovencentro,ACIDO IBANDRONICO 150MG TAB JKN MED,1.552,,sin_match,sin_candidato
drovencentro,ACIDO MEFENÁMICO 500MG 10TAB FARMAMED,1.87347,,sin_match,sin_candidato
drovencentro,ACIDO TRANEXAMICO 500MG 10TAB KMPLUS,3.76376,,sin_match,sin_candidato
drovencentro,ACIDO VALPROICO  250MG SOL ORAL 120ML BIOGLASS,7.288,,sin_match,sin_candidato
drovencentro,ACIDO VALPROICO 250MG/5ML 180ML SUSP ZIEL PHARMA,6.648,,sin_match,sin_candidato
drovencentro,ACIDO VALPROICO 250MG/5ML JBE 120ML H&M,3.86448,,sin_match,sin_candidato
drovencentro,ACIDO VALPROICO 250MG/5ML JBE 60ML BIO DE VZLA,2.328,,sin_match,sin_candidato
drovencentro,ACIDO VALPROICO 250MG/5ML JBE 60ML ZAKI,2.5488,,sin_match,sin_candidato
drovencentro,ACIDO VALPROICO 500MG  30TAB GEAGAR,8.376,,sin_match,sin_candidato
drovencentro,ACIDO VALPROICO 500MG  30TAB KMPLUS,13.76064,,sin_match,sin_candidato
drovencentro,ACIDO VALPROICO 500MG 30TAB MEDRIKHA,19.696,,sin_match,sin_candidato
drovencentro,ACIDO VALPROICO VASTRON 500MG 30TAB CLEO,10.2204,,sin_match,sin_candidato
drovencentro,ACLER 150MG 1TB MCK  ACIDO IBANDRONICO,6.456,E.F.G.38.066,matched,score=0.772
drovencentro,ACRYLARM GEL OFT 0.2% 10GR,23.3712,,sin_match,sin_candidato
drovencentro,ACTICAR 1GR/10ML SOL ORAL 120ML PLUSANDEX,6.16534,,sin_match,sin_candidato
drovencentro,ACTIVITION EXTREME 30CAP BLANDAS PHARMATECH,9.93408,,sin_match,sin_candidato
drovencentro,ACTUMIR 10MG 30TAB REC FARMA,22.23412,,sin_match,sin_candidato
drovencentro,ACTUMIR 25MG 30TAB REC FARMA,25.96372,,sin_match,sin_candidato
drovencentro,ACTUMIR DUO 12.5MG/1000MG  30TAB REC FARMA,18.51454,E.F.44.457,matched,score=0.907
drovencentro,ACTUMIR DUO 12.5MG/850MG  30TAB REC FARMA,18.51454,E.F.44.457,matched,score=0.919
drovencentro,ACUAGEL 250ML GEL  SULCAGEL,3.528,,sin_match,sin_candidato
drovencentro,"ADAPALENO 0,1% GEL TUBO 15GR MT GLOBAL CARE",4.11964,,sin_match,sin_candidato
drovencentro,ADAPALENO 0.1 % GEL 15GR MEDICAL GROUP,2.29696,,sin_match,sin_candidato
drovencentro,ADAPALENO/CLINDAMICINA 0.1%/1%  GEL 15GR MT,4.68117,,sin_match,sin_candidato
drovencentro,ADEL UNGUENTO TUBOS X 50 GR.,4.304,,sin_match,sin_candidato
drovencentro,"ADHESIVO DE PAPEL C/BLANCO 2,54 CM 4,57M 12UND BRIUTICARE",18.9392,,sin_match,sin_candidato
drovencentro,ADHESIVO DE SEDA BLANCO 7.5CM X 9.1M 6UND JMW,22.128,,sin_match,sin_candidato
drovencentro,"ADHESIVO DE TELA BLANCO 2,54CM 4,57M 12UND BRIUTICARE",32.6952,,sin_match,sin_candidato
drovencentro,ADHESIVO DE TELA BLANCO 5.08CM 9.14M 6UND BRIUTICARE,50.5096,,sin_match,sin_candidato
drovencentro,"ADHESIVO PAPEL PIEL 2,54CM 4,57M 12UND BRIUTICARE",18.9392,,sin_match,sin_candidato
drovencentro,"ADHESIVO PHARMAMED 2,5CM 4,55M/ 12 UNID PAPEL",15.696,,sin_match,sin_candidato
drovencentro,ADHESIVO PHARMAMED 5CMx5M 1UNID PAPEL,2.632,,sin_match,sin_candidato
drovencentro,"ADHESIVO PLASTICO TRANSP 2,54CM 4,57METROS 12UND BRIUTCARE",21.7512,,sin_match,sin_candidato
drovencentro,"ADHESIVO SILKPLAST 2,5 CM X 5M 1 UND",4.112,,sin_match,sin_candidato
drovencentro,ADI GEL FIJADOR EXTRA FUERTE AZUL 250G SURA,2.656,,sin_match,sin_candidato
drovencentro,ADI GEL FIJADOR EXTRA FUERTE TRANSPARENTE 100G SURA,1.536,,sin_match,sin_candidato
drovencentro,ADNTYL 1GR  2TAB SEDNIDAZOL ADN,1.5624,,sin_match,sin_candidato
drovencentro,ADRENALINA 1MG/ML SOL INY 5AMP DISTRILAB,3.9296,,sin_match,sin_candidato
drovencentro,ADRENAPRA 1MG/ML 10AMP IV/IM ADN,6.1344,,sin_match,sin_candidato
drovencentro,AEROCHAMBER ADULTO BIOMERCY AEROCAMARA,24.544,,sin_match,sin_candidato
drovencentro,AEROCHAMBER FAMILY BIOMERCY AEROCAMARA,26.992,,sin_match,sin_candidato
drovencentro,AEROFLAT 125MG 10CAPS BLANDAS COFASA,3.7512,,sin_match,sin_candidato
drovencentro,AEROFLAT 125MG 30CAPS BLANDAS COFASA,9.9216,,sin_match,sin_candidato
drovencentro,AEROFLAT 80MG/ML GOTAS 20ML COFASA,5.36,,sin_match,sin_candidato
drovencentro,AFEITADORA ELECTRICA PALMPERFECT FULL BODY BRIUTCARE,51.6384,,sin_match,sin_candidato
drovencentro,AFEITADORA PALMPERFECT PERSONAL HAIR TRIMMER BRIUTCARE,24.408,,sin_match,sin_candidato
drovencentro,AFEITADORA SPEED 3.DESECHABLE 3 HOJAS.,4.208,,sin_match,sin_candidato
drovencentro,AFELIUS EXPERT EMULSION MEN SPF 50,15.8308,,sin_match,sin_candidato
drovencentro,AFLAMAX 50MG 10TAB REC OFTALMI,1.368,E.F.36.828,matched,score=0.870
drovencentro,AFLAMAX 50MG 20TAB REC OFTALMI,2.696,E.F.36.828,matched,score=0.870
drovencentro,AFLAMAX 50MG 6SUP OFTALMI,4.536,E.F.36.828,matched,score=0.746
drovencentro,AFOKLIN GOTAS 15ML ACIDO FOLICO,6.902,E.F.G.4.631,matched,score=0.783
drovencentro,AGUA DE ROSAS 120ML  SPRAY RECETTMARKET,4.62665,,sin_match,sin_candidato
drovencentro,AGUA DESTILADA N49 500ML BEHRENS,4.9704,E.F.G.32.565,matched,score=0.753
drovencentro,AGUA MICELAR 250ML ZOAH,4.5828,,sin_match,sin_candidato
drovencentro,AGUA MICELAR CUTIS GRASO 180ML FARMAGENIK,4.066,,sin_match,sin_candidato
drovencentro,AGUA MICELAR CUTIS NORMAL Y SECO 180ML FARMAGENIK,3.9976,,sin_match,sin_candidato
drovencentro,AGUA OXIGENADA 10 V/V 1000CC 1 GUARDIAN,1.992,,sin_match,sin_candidato
drovencentro,AGUA OXIGENADA 10 V/V 120ML 1 EL GUARDIAN,0.472,,sin_match,sin_candidato
drovencentro,AGUA OXIGENADA 10 V/V 240ML 1 EL GUARDIAN,0.688,,sin_match,sin_candidato
drovencentro,"AGUA OXIGENADA 10 V/V 3% 3,785 ML EL GUARDIAN",6.72,,sin_match,sin_candidato
drovencentro,AGUA OXIGENADA 10V/V 500ML 1 EL GUARDIAN,1.16,,sin_match,sin_candidato
drovencentro,AGUA OXIGENADA 20 VOL 6% STEPHANIE 120ML,3.04,,sin_match,sin_candidato
drovencentro,AGUA OXIGENADA 30VOL 9% STEPHANIE 120ML,3.04,,sin_match,sin_candidato
drovencentro,AGUA OZONIZADA 400ML OZONEPUI,8.736,,sin_match,sin_candidato
drovencentro,AGURIN 1GR  20COMP ADIUM,3.08953,,sin_match,sin_candidato
drovencentro,AIRCOF 10MG 30TAB MASTIC COFASA,4.624,E.F.43.889,matched,score=0.898
drovencentro,AIRCOF 5MG 30TAB MASTICABLES  COFASA,2.958,E.F.43.879,matched,score=0.924
drovencentro,"AIRCOF PLUS  5MG/2,5MG 30TAB REC COFASA",6.084,E.F.43.879,matched,score=0.923
drovencentro,"AIREX 0,05% 15ML SOL NASAL PHARMETIQUE C",4.352,E.F.43.679,matched,score=0.774
drovencentro,AIRFEN 0.05% ADULTO GOTAS 15ML COFASA,5.4,E.F.44.293,matched,score=0.588
drovencentro,AIRON 10MG 30TAB REC OFTALMI,8.624,E.F.33.783,matched,score=0.887
drovencentro,AIRON 4MG 10TAB OFTALMI,2.352,E.F.33.777,matched,score=0.761
drovencentro,AIRON 4MG 30TAB MAST OFTALMI,5.344,E.F.33.777,matched,score=0.753
drovencentro,AIRON 5MG 30TAB MAST OFTALMI,6.656,,sin_match,sin_candidato
drovencentro,AIRON DUO 10MG/5MG 10TAB REC OFTALMI,5.976,E.F.33.783,matched,score=0.699
drovencentro,AJO 570MG  60CAPS NATURAL P,4.94101,,sin_match,sin_candidato
drovencentro,"ALANTAMIDA 0,4% CREMA 20GR SIEGFRIED",7.7976,,sin_match,sin_candidato
drovencentro,ALBENDAZOL 200MG 10TAB  JKN MED,0.864,,sin_match,sin_candidato
drovencentro,ALBENDAZOL 200MG 25BLT  2TAB MULTIPACK LAPROFF,15.408,,sin_match,sin_candidato
drovencentro,ALBENDAZOL 200MG 2TAB LA SANTE,1.1084,,sin_match,sin_candidato
drovencentro,ALBENDAZOL 200MG 2TAB MAST TUTI FRUTTI CALOX,1.232,E.F.G.39.048,matched,score=0.886
drovencentro,ALBENDAZOL 200MG 2TAB PLUSANDEX,1.07624,,sin_match,sin_candidato
drovencentro,ALBENDAZOL 200MG 6TAB LA SANTE,1.9904,,sin_match,sin_candidato
drovencentro,ALBENDAZOL 200MG 6TAB MASTIC CALOX,2.312,E.F.G.39.048,matched,score=0.913
drovencentro,ALBENDAZOL 200MG 6TAB PLUSANDEX,2.41109,,sin_match,sin_candidato
drovencentro,ALBENDAZOL 200MG/5ML SUSP 10ML REMENY,2.2144,,sin_match,sin_candidato
drovencentro,ALBENDAZOL 400MG  10ML SUSP COASPHARMA,2.648,,sin_match,sin_candidato
drovencentro,ALBENDAZOL 400MG  2TAB MAST  BIOGLASS,0.888,,sin_match,sin_candidato
drovencentro,ALBENDAZOL 400MG 10 BLIST 10 TAB FAHD,9.3556,,sin_match,sin_candidato
drovencentro,ALBENDAZOL 400MG SUSP 10ML BIOQUIMICA,2.1568,,sin_match,sin_candidato
drovencentro,ALBENDAZOL 400MG/10ML 10ML SUSP PLUSANDEX,2.39221,,sin_match,sin_candidato
drovencentro,ALBENDAZOL 400MG/20ML SUSP 12 SACHET MULTIPACK LAPROFF,15.472,,sin_match,sin_candidato
drovencentro,ALBENDAZOL 400MG/20ML SUSP LA SANTE,4.7464,,sin_match,sin_candidato
drovencentro,ALBENDAZOL SUSP 100MG/5ML 20ML PORTUGAL,2.352,,sin_match,sin_candidato
drovencentro,ALBICAR 200MG 2TAB ELMOR,1.06624,E.F.27.447,matched,score=0.907
drovencentro,ALBICAR 200MG 6TAB ELMOR,2.4696,E.F.27.447,matched,score=0.907
drovencentro,ALBICAR 400MG SUSP 10ML ELMOR,3.40256,E.F.28.826,matched,score=0.911
drovencentro,"ALBISEC 166,66MG/33,33MG 12CAP VIVAX",12.6,E.F.G.37.677,matched,score=0.901
drovencentro,ALCACHOFA+CENTELLA ASIATI 350MG 60CAPS HERBAPLANT,8.8944,,sin_match,sin_candidato
drovencentro,ALCAMPRE 8MG 28TAB CANDESARTAN VERMA,3.824,,sin_match,sin_candidato
drovencentro,ALCANFOR 10G SOB LYA,1.4688,,sin_match,sin_candidato
drovencentro,ALCOHOL ABSOLUTO 120ML FARMAGENIK,2.496,,sin_match,sin_candidato
drovencentro,ALCOHOL ABSOLUTO 120ML FSI,1.89376,,sin_match,sin_candidato
drovencentro,ALCOHOL ABSOLUTO 120ML RECETTMARKET,3.15992,,sin_match,sin_candidato
drovencentro,ALCOHOL ABSOLUTO 240ML RECETTMARKET,5.00321,,sin_match,sin_candidato
drovencentro,ALCOHOL ABSOLUTO 250ML FARMAGENIK,3,,sin_match,sin_candidato
drovencentro,ALCOHOL ABSOLUTO 250ML FSI,2.5344,,sin_match,sin_candidato
drovencentro,ALCOHOL ABSOLUTO 60ML RECETTMARKET,1.89596,,sin_match,sin_candidato
drovencentro,ALCOHOL ABSOLUTO SPRAY 120ML RECETTMARKET,4.02364,,sin_match,sin_candidato
drovencentro,ALCOHOL ABSOLUTO SPRAY 240ML RECETTMARKET,6.06706,,sin_match,sin_candidato
drovencentro,ALCOHOL AL 70% 1000CC EL GUARDIAN,3.512,,sin_match,sin_candidato
drovencentro,ALCOHOL AL 70% 500ML 1 EL GUARDIAN,1.872,,sin_match,sin_candidato
drovencentro,ALCOHOL ANT 70% 120ML 1 EL GUARDIAN,0.608,,sin_match,sin_candidato
drovencentro,ALCOHOL ANT 70% 240ML 1 EL GUARDIAN,1.072,,sin_match,sin_candidato
drovencentro,ALCOHOL ANTISEPTICO 70% 1L DM,4.48,,sin_match,sin_candidato
drovencentro,"ALCOHOL ANTISEPTICO 70% 3,75L DM",15.36,,sin_match,sin_candidato
drovencentro,ALCOHOL ANTISEPTICO 70% 500ML DM,2.456,,sin_match,sin_candidato
drovencentro,ALCOHOL ANTISEPTICO 70% SPRAY 100ML DM,1.408,,sin_match,sin_candidato
drovencentro,ALCOHOL YODADO  120ML  F.S.I,1.95712,,sin_match,sin_candidato
drovencentro,ALCOHOL YODADO SPRAY 30ML RECETTMARKET,4.17253,,sin_match,sin_candidato
drovencentro,ALCOHOL YODADO SPRAY 60ML INNOVATEK,3.0309,,sin_match,sin_candidato
drovencentro,ALDER GEL LIMPIADOR PIEL SENSIBLE 223ML VITA,10,,sin_match,sin_candidato
drovencentro,ALENTIK 70MG 4TAB ACIDO ALENDRONICO PHARMETIQUE C,6.4524,,sin_match,sin_candidato
drovencentro,ALERBLOC (CETIRIZINA) 10 MG X 10 TAB (E),0.324,,sin_match,sin_candidato
drovencentro,"ALERGOT 0,05% SOL OFT 5ML OFTALMI",12.296,E.F.33.876,matched,score=0.782
drovencentro,ALERLIV 5MG 30TABL PORTUGAL,2.784,,sin_match,sin_candidato
drovencentro,ALFADYN 0.2% SOL OFT 5ML OFTALMI,13.08,E.F.35.409,matched,score=0.782
drovencentro,ALGIOL 2.5MG 30COMP DOLLDER,4.55254,,sin_match,sin_candidato
drovencentro,ALGIOL 5MG 30COMP DOLLDER,5.40262,,sin_match,sin_candidato
drovencentro,"ALGIOL HCT 5/6,25MG 30COMP DOLLDER",8.89074,,sin_match,sin_candidato
drovencentro,ALGODON 100 MOTAS ALVE,3.93,,sin_match,sin_candidato
drovencentro,ALGODON 100G ALVE,6.462,,sin_match,sin_candidato
drovencentro,ALGODON 10G ALVE,0.792,,sin_match,sin_candidato
drovencentro,ALGODON 150 MOTAS ALVE,5.64,,sin_match,sin_candidato
drovencentro,ALGODON 25G ALVE,1.746,,sin_match,sin_candidato
drovencentro,ALGODON 50 MOTAS ALVE,1.968,,sin_match,sin_candidato
drovencentro,ALGODON 50G ALVE,3.492,,sin_match,sin_candidato
drovencentro,"ALILUB 1,4% 15ML SOL OFT  LA SANTE",5.7324,,sin_match,sin_candidato
drovencentro,ALIPAL FORTE DIA Y NOCHE 4 DIAS 12CAPS BIOTECH,3.69072,E.F.34.717,matched,score=0.605
drovencentro,ALIVAX FORTE 650MG 10CAPS BLANDAS VIVAX,3.064,E.F.34.933,matched,score=0.735
drovencentro,ALIVERIUM 100MG / 300MG 10 CAP  VINCENTI,6.8928,,sin_match,sin_candidato
drovencentro,ALIVET 4 DIAS/8 COM DIA+4 COMP NOCHE,3.144,E.F.43.815,matched,score=0.569
drovencentro,ALIVET GRAN 6 SOBRES/10G LIMON GENVEN,5.1604,E.F.32.123,matched,score=0.720
drovencentro,ALIVET PLUS 10COMP REC LETI,4.9608,E.F.41.701,matched,score=0.654
drovencentro,ALIVET PLUS 10G 8 SOBRES LETI,9.432,E.F.41.701,matched,score=0.737
drovencentro,ALIVETFA 10COMP REC LETI,5.076,E.F.41.701,matched,score=0.620
drovencentro,ALIVETNOC FORTE 10G 6 SOBRES,6.5376,,sin_match,sin_candidato
drovencentro,ALLERFEX 120MG 10TAB REC PHARMETIQUE C,5.86032,,sin_match,sin_candidato
drovencentro,ALLIXON FRUTAS TROPICAL 240ML GENVEN,4.376,,sin_match,sin_candidato
drovencentro,ALLIXON NARANJA 240ML GENVEN,4.12,,sin_match,sin_candidato
drovencentro,ALOPURINOL 100MG 30TAB ANGELUS,3.5456,,sin_match,sin_candidato
drovencentro,ALROCET 5MG/5ML  JBE 60ML CETIRIZINA ADN,1.692,,sin_match,sin_candidato
drovencentro,ALSART 160MG 10CAPS VALSARTAN MEYER,5.106,E.F.33.085,matched,score=0.784
drovencentro,ALSART 160MG 30CAPS SIEGFRIED,9.4752,E.F.33.085,matched,score=0.898
drovencentro,ALSART 80MG 10CAPS SIEGFRIED,3.978,E.F.33.084,matched,score=0.893
drovencentro,ALSART 80MG 30CAPS SIEGFRIED,7.9424,E.F.33.084,matched,score=0.768
drovencentro,ALUMBRE 20G  SOB LYA,1.34688,,sin_match,sin_candidato
drovencentro,ALUMBRE EN POLVO  25GR RECETTMARKET,1.78249,,sin_match,sin_candidato
drovencentro,ALUMBRE EN POLVO 20GR  6UND  F.S.I,6.88512,,sin_match,sin_candidato
drovencentro,ALUMBRE POLVO 20G  1 SOBRE INNOVATEK,0.97422,,sin_match,sin_candidato
drovencentro,ALURON 300MG 20COMP RONAVA,6.19963,,sin_match,sin_candidato
drovencentro,ALUTRIN 50MG 30TAB SERTRALINA ARSAL,10.3032,,sin_match,sin_candidato
drovencentro,ALVINOR 15MG/5ML JBE 120ML DEXTROMETORFANO ADN,1.9512,,sin_match,sin_candidato
drovencentro,AMANIRIS 81MG 30COMP FC PHARMA,2.2412,,sin_match,sin_candidato
drovencentro,AMARENFEM(ACIDO IBANDRONICO)150MG X 1.SM FC PHARMA,2.48,,sin_match,sin_candidato
drovencentro,AMBIODIPINA 10MG 30TAB BIOMERCY AMLODIPINA,1.16,,sin_match,sin_candidato
drovencentro,AMBROXOL 15MG/5ML JBE 120ML BIOQUIMICA,3.5136,,sin_match,sin_candidato
drovencentro,AMBROXOL 15MG/5ML JBE PED  120ML LA SANTE,3.2,,sin_match,sin_candidato
drovencentro,AMBROXOL 15MG/5ML JBE PED 120ML LAPROFF,3.56,,sin_match,sin_candidato
drovencentro,AMBROXOL 15MG/5ML SOL PED 120ML  KIMICEG,2.80208,E.F.G.31.538,matched,score=0.803
drovencentro,AMBROXOL 30MG/5ML JBE 120ML BIOQUIMICA,3.7392,,sin_match,sin_candidato
drovencentro,AMBROXOL LORATADINA 30MG-5MG/5ML JBE 60ML SPEFAR,5.968,E.F.G.37.587,matched,score=0.773
drovencentro,AMBROXOL LORATADINA 30MG/5MG/5ML JBE 120ML BIOQUIMICA,4.408,,sin_match,sin_candidato
drovencentro,AMBROXOL LORATADINA 30MG/5MG/5ML JBE 60ML BIOQUIMICA,3.3912,,sin_match,sin_candidato
drovencentro,AMEDIN 100MG  30TAB AMANTADINA CLORH FC PHARMA,18.952,,sin_match,sin_candidato
drovencentro,AMIKACINA 100MG/2ML  I.M/I.V 10AMP KMPLUS,12.04776,,sin_match,sin_candidato
drovencentro,AMIKACINA 100MG/2ML 10AMP VITALIS,11.936,,sin_match,sin_candidato
drovencentro,AMIKACINA 500MG  2ML1AMP BIOKACIN BIOGLASS,1.736,,sin_match,sin_candidato
drovencentro,AMIKACINA 500MG 2ML.10AMP KMPLUS,15.98672,,sin_match,sin_candidato
drovencentro,AMIKACINA 500MG/2ML 10AMP VITALIS,21.664,,sin_match,sin_candidato
drovencentro,AMIKACINA 500MG/2ML AMP BIOSANO,1.664,,sin_match,sin_candidato
drovencentro,AMIKACINA 500MG/2ML IM IV AMPOLLA RONAVA,2.64107,,sin_match,sin_candidato
drovencentro,AMIKACINA 500MG/2ML SOL INY 1AMP MEDVAL,2.6752,,sin_match,sin_candidato
drovencentro,AMIODARONA 200 MG 10 TAB FARMAMED,1.56122,,sin_match,sin_candidato
drovencentro,AMIODARONA 200MG 10BLIST 10TAB PRISM,23.384,,sin_match,sin_candidato
drovencentro,AMIODARONA 200MG 10COMP GENCER,5.6012,E.F.G.31.452,matched,score=0.894
drovencentro,AMIODARONA 200MG 10TAB BIOTECH,4.736,E.F.G.32.403,matched,score=0.903
drovencentro,AMIODARONA 200MG 10TAB KMPLUS,2.8336,,sin_match,sin_candidato
drovencentro,AMIODARONA CLORH 150MG/3ML AMP BIOSANO,1.096,,sin_match,sin_candidato
drovencentro,AMIODARONA CLORHIDRATO  200MG  10TAB  MEDICAL GROUP,0.8924,,sin_match,sin_candidato
drovencentro,AMITRIPTILINA 25MG 40BLT 10TAB MULTIPACK LAPROFF,63.384,,sin_match,sin_candidato
drovencentro,AMLODIPINA 10MG  10COMP BLUEPHARMA,1.47097,,sin_match,sin_candidato
drovencentro,AMLODIPINA 10MG  30TAB ARTE MEDICO,2.056,,sin_match,sin_candidato
drovencentro,AMLODIPINA 10MG  30TAB BLUE MEDICAL,2.224,,sin_match,sin_candidato
drovencentro,AMLODIPINA 10MG 10TAB CALOX,1.184,E.F.G.32.016,matched,score=0.908
drovencentro,AMLODIPINA 10MG 10TAB LA SANTE,1.1492,,sin_match,sin_candidato
drovencentro,AMLODIPINA 10MG 20 TAB KIMICEG,1.73968,E.F.G.30.270,matched,score=0.750
drovencentro,AMLODIPINA 10MG 20TAB SPEFAR,3.4176,E.F.G.42.427,matched,score=0.835
drovencentro,AMLODIPINA 10MG 30 TAB KIMICEG,1.81272,E.F.G.30.270,matched,score=0.906
drovencentro,AMLODIPINA 10MG 30COMP LETI,2.536,E.F.G.40.042,matched,score=0.896
drovencentro,AMLODIPINA 10MG 30TAB ALESS,1.24114,,sin_match,sin_candidato
drovencentro,AMLODIPINA 10MG 30TAB BUKA,1.72093,,sin_match,sin_candidato
drovencentro,AMLODIPINA 10MG 30TAB CALOX,2.824,E.F.G.32.016,matched,score=0.900
drovencentro,AMLODIPINA 10MG 30TAB LA SANTE,2.72,,sin_match,sin_candidato
drovencentro,AMLODIPINA 10MG 30TAB OB MEDICAL,2.4656,,sin_match,sin_candidato
drovencentro,AMLODIPINA 5MG  30TAB  ZUZU,3.72,,sin_match,sin_candidato
drovencentro,AMLODIPINA 5MG  30TAB ARTE MEDICO,1.672,,sin_match,sin_candidato
drovencentro,AMLODIPINA 5MG  30TAB FAHD,2.2572,,sin_match,sin_candidato
drovencentro,AMLODIPINA 5MG 10COMP LETI,0.872,E.F.G.44.262,matched,score=0.910
drovencentro,AMLODIPINA 5MG 10TAB CALOX,1.24,E.F.G.28.705,matched,score=0.908
drovencentro,AMLODIPINA 5MG 10TAB LA SANTE,1.4008,,sin_match,sin_candidato
drovencentro,AMLODIPINA 5MG 20TAB SPEFAR,3.34328,E.F.G.42.428,matched,score=0.833
drovencentro,AMLODIPINA 5MG 30COMP  GENVEN,1.9656,E.F.G.40.038,matched,score=0.902
drovencentro,AMLODIPINA 5MG 30TAB ALESS,1.14206,,sin_match,sin_candidato
drovencentro,AMLODIPINA 5MG 30TAB CALOX,2.536,E.F.G.28.705,matched,score=0.908
drovencentro,AMLODIPINA 5MG 30TAB KIMICEG,1.93224,E.F.G.30.269,matched,score=0.910
drovencentro,AMLODIPINA 5MG 30TAB LA SANTE,2.7404,,sin_match,sin_candidato
drovencentro,AMLODIPINA 5MG 30TAB QUIM-FAR,0.76813,,sin_match,sin_candidato
drovencentro,AMLODIPINA VALSARTAN 5MG/160MG 30TAB ANGELUS,11.088,,sin_match,sin_candidato
drovencentro,AMLOTAN 5MG  30TAB ZORIAK AMLODIPINA,1.28244,,sin_match,sin_candidato
drovencentro,AMOVIN 500MG 3TAB COFASA,2.096,E.F.32.836,matched,score=0.902
drovencentro,AMOVIN 500MG 6TAB COFASA,3.6072,E.F.32.836,matched,score=0.902
drovencentro,AMOXICILINA 125MG/5ML 100ML BIUMAK,1.71864,,sin_match,sin_candidato
drovencentro,AMOXICILINA 250MG/5ML 100ML SUSP COASPHARMA,5.784,,sin_match,sin_candidato
drovencentro,AMOXICILINA 250MG/5ML SUSP 100ML FAHD,3.1236,,sin_match,sin_candidato
drovencentro,AMOXICILINA 250MG/5ML SUSP 45ML SPEFAR,4.71008,E.F.G.29.931,matched,score=0.767
drovencentro,AMOXICILINA 250MG/5ML SUSP 60ML BIO DE VZLA,2.142,,sin_match,sin_candidato
drovencentro,AMOXICILINA 250MG/5ML SUSP ORAL  60ML MEDICAL GROUP,2.38232,,sin_match,sin_candidato
drovencentro,AMOXICILINA 500 MG 10 CAP FARMAMED,1.87347,,sin_match,sin_candidato
drovencentro,AMOXICILINA 500MG  12CAPS BLUE MEDICAL,2.176,,sin_match,sin_candidato
drovencentro,AMOXICILINA 500MG  6CAP AMOXIGA LA SANTE,2.592,,sin_match,sin_candidato
drovencentro,AMOXICILINA 500MG 10CAP DISTRILAB,2.65472,,sin_match,sin_candidato
drovencentro,AMOXICILINA 500MG 10CAPS BIO DE VZLA,1.2928,,sin_match,sin_candidato
drovencentro,AMOXICILINA 500MG 10TAB ARTE MEDICO,2.416,,sin_match,sin_candidato
drovencentro,AMOXICILINA 500MG 12CAP AMOXIGA LA SANTE,3.9312,,sin_match,sin_candidato
drovencentro,AMOXICILINA 500MG 12CAP GENVEN,3.624,E.F.G.26.817,matched,score=0.891
drovencentro,AMOXICILINA 500MG 12CAPS GENCER,3.9528,E.F.G.35.012,matched,score=0.897
drovencentro,AMOXICILINA 500MG 30BLT 10TAB MULTIPACK LAPROFF,68.456,,sin_match,sin_candidato
drovencentro,AMOXICILINA 500MG 8CAPS QUIM-FAR,1.38637,,sin_match,sin_candidato
drovencentro,AMOXICILINA 500MG X10CAP KMPLUS,1.6456,,sin_match,sin_candidato
drovencentro,AMOXICILINA 750MG 10COMP SPEFAR,6.1992,E.F.G.32.087,matched,score=0.905
drovencentro,AMOXICILINA 875 MG AC CLAVULANICO 125MG 14TAB BUKA,6.88372,,sin_match,sin_candidato
drovencentro,"AMOXICILINA AC CLAVULANICO 250/62,5MG POL SUSP 60ML ANGELUS",2.096,,sin_match,sin_candidato
drovencentro,AMOXICILINA AC CLAVULANICO 250MG/62.5MG/5ML PPS 60ML PORTUGAL,5.76,,sin_match,sin_candidato
drovencentro,AMOXICILINA AC CLAVULANICO 400/57MG/5ML SUSP ORAL 60ML QUIM-FAR,5.04588,,sin_match,sin_candidato
drovencentro,AMOXICILINA AC CLAVULÁNICO  875MG/125MG  14TAB REC QUIM-FAR,7.32527,,sin_match,sin_candidato
drovencentro,"AMOXICILINA AC.CLAVULANICO 250MG-62,5/5ML PPS 60ML SPEFAR",6.8224,E.F.G.42.534,matched,score=0.835
drovencentro,AMOXICILINA ACID CLAV 875MG/125MG 14COMP REC GENVEN,16.992,E.F.G.32.409,matched,score=0.895
drovencentro,AMOXICILINA SUSP  250MG/5ML X100ML KMPLUS,5.21792,,sin_match,sin_candidato
drovencentro,AMOXICILINA SUSP 250 MG/5 ML 60 ML FARMAMED,1.56122,,sin_match,sin_candidato
drovencentro,"AMOXICILINA+AC CLAV 250/62,5MG/5ML  60ML DOXICLAV  DISTRILAB",6.14016,,sin_match,sin_candidato
drovencentro,"AMOXICILINA+AC CLAVU 250MG/62,5MG/5ML SUSP 100ML REMENY",6.9888,,sin_match,sin_candidato
drovencentro,AMOXICILINA+AC CLAVULANICO 400/57MG/5ML PPS 70ML LETI,9.584,E.F.G.34.160,matched,score=0.923
drovencentro,AMOXICILINA/ AC CLAV 875MG/125MG  14TAB BIO DE VZLA,9.108,,sin_match,sin_candidato
drovencentro,AMOXICILINA/AC CLAV 400MG-57MG/5ML SUSP ORAL PED 70ML KIMICEG,8.08088,,sin_match,sin_candidato
drovencentro,AMOXICLAV 875MG/125MG 14TAB ADN (CO-AMOXICLAV),11.3184,,sin_match,sin_candidato
drovencentro,AMOXIDUO 750MG/5ML SUSP 70ML MEGALABS,5.476,,sin_match,sin_candidato
drovencentro,AMOXIDUO 875MG 14COMP,5.848,,sin_match,sin_candidato
drovencentro,AMOXIPRA 500MG  10TAB AMOXICILINA ADN,1.188,,sin_match,sin_candidato
drovencentro,AMOXIVAL 250MG/5ML. 90 ML.P/P.SUSP.,7.03824,E.F.22.089,matched,score=0.763
drovencentro,AMOXIVAL 500MG 12CAP VALMORCA,4.73928,E.F.21.824,matched,score=0.899
drovencentro,AMOXIVAL 750MG/5ML P/P SUSP 70ML VALMORCA,10.08,E.F.37.262,matched,score=0.901
drovencentro,AMOXIVAL 875MG 20TAB REC VALMORCA,14.26992,E.F.40.054,matched,score=0.895
drovencentro,AMOXIVALAC 250MG/62.5MG/5ML P/P 60ML SUSP VALMORCA,9.672,E.F.43.043,matched,score=0.767
drovencentro,AMOXIVALAC 400/57MG/5ML P/PSO 60ML VALMORCA,10.832,,sin_match,sin_candidato
drovencentro,AMOXIVALAC 600MG/42.9MG/5ML P/P 60ML SUSP VALMORCA,12.50912,E.F.43.949,matched,score=0.767
drovencentro,AMOXY PLUS 312.5MG/5ML SUSP 100ML AMOXI/AC CLAV BALAXI,6.52,,sin_match,sin_candidato
drovencentro,AMPICILINA 1G AMP VITALIS,3.288,,sin_match,sin_candidato
drovencentro,AMPICILINA 1G I.V./ I.M SOL INY 1AMP OVEROL,3.208,,sin_match,sin_candidato
drovencentro,AMPICILINA SULBACTAM 1.5G  1AMP AMPIBLUX BLUE MEDICAL,2.416,,sin_match,sin_candidato
drovencentro,AMPICILINA SULBACTAM 1.5G IM/IV X 1AMP KMPLUS,1.48096,,sin_match,sin_candidato
drovencentro,AMPICILINA SUSP PED 125MG/5ML 100ML KMPLUS,3.11696,,sin_match,sin_candidato
drovencentro,AMPLIDER 50MG 10CAP VIVAX,1.552,,sin_match,sin_candidato
drovencentro,"AMPROVIL 0,5MG 30CAPS LETI",8.728,E.F.42.339,matched,score=0.876
drovencentro,AMSARTIQUE 160/10MG 30TAB PHARMETIQUE,14.8784,,sin_match,sin_candidato
drovencentro,AMSARTIQUE 80/5MG 30TAB PHARMETIQUE,10.5944,,sin_match,sin_candidato
drovencentro,AMY CHAMPU 200CC OVAL,3.432,,sin_match,sin_candidato
drovencentro,AMY HISOPOS X 60,1.01656,,sin_match,sin_candidato
drovencentro,AMY MOTAS DE ALGODON X 50 UNID.PHARSANA,2.24264,,sin_match,sin_candidato
drovencentro,AMY SEC TH MANZANILLA 72UND,1.42008,,sin_match,sin_candidato
drovencentro,ANALPER 180MG/5ML JBE 120ML PHARMETIQUE,2.6176,,sin_match,sin_candidato
drovencentro,ANALPER FEM PLUS 200/10MG 10TAB REC PHARMETIQUE C,6.1812,,sin_match,sin_candidato
drovencentro,ANALPER FORTE 650MG 10TAB PHARMETIQUE C,1.4008,,sin_match,sin_candidato
drovencentro,ANALPER NAX 250MG 10TAB PHARMETIQUE C,2.9376,,sin_match,sin_candidato
drovencentro,ANALPER PLUS 500/10MG 10TAB PHARMETIQUE C,3.91,,sin_match,sin_candidato
drovencentro,ANANTY 650MG 10TAB PLUSANDEX,0.9761,,sin_match,sin_candidato
drovencentro,ANANTY FORTE 160MG/5ML 120ML SUSP PLUSANDEX,1.85275,,sin_match,sin_candidato
drovencentro,ANANTY FORTE 160MG/5ML 60ML SUSP PED PLUSANDEX,1.47307,,sin_match,sin_candidato
drovencentro,ANAPIR 200MG X 10 CAPS.FC PHARMA IBUPROFENO,2.216,,sin_match,sin_candidato
drovencentro,ANAPIR 400MG X 10 CAPS BLANDAS,2.976,,sin_match,sin_candidato
drovencentro,ANAPIR FLEX 600MG/4 MG 10 TAB FC PHARMA,3.57,,sin_match,sin_candidato
drovencentro,"ANASMOL 2,5MG  10COMP",4.9824,E.F.27.042,matched,score=0.748
drovencentro,"ANASMOL 2,5MG 30COMP KLINOS",6.4872,E.F.27.042,matched,score=0.730
drovencentro,ANASMOL 5MG 30COMP KLINOS,10.5672,E.F.24.592,matched,score=0.712
drovencentro,ANASTROZOLE 1MG 30COMP REC FARMOZ,22.63021,,sin_match,sin_candidato
drovencentro,ANDIDOL 400MG 10CAP GEL IBUPROFENO ANDILAB,1.352,,sin_match,sin_candidato
drovencentro,ANDIDOL FORTE 800MG 10 TAB IBUPROFENO ANDILAB,1.784,,sin_match,sin_candidato
drovencentro,ANDIFLEX 100MG 10TABL LP DICLOFENAC POT ANDILAB,2.496,,sin_match,sin_candidato
drovencentro,ANGIOBLUX 20MG 30TAB OLMESARTAN BLUE MEDICAL,4.12,,sin_match,sin_candidato
drovencentro,ANGIOFLUX 250LSU  25CAP BLAN LETI,45.90432,,sin_match,sin_candidato
drovencentro,ANGRIP DIA 8 COMP KLINOS,1.826,E.F.42.104,matched,score=0.755
drovencentro,ANGRIP FORTE DIA 10 / NOCHE 5 COMP REC KLINOS,3.5424,E.F.42.104,matched,score=0.764
drovencentro,ANGRIP FORTE NOCHE  5 COMP REC,1.848,E.F.42.104,matched,score=0.703
drovencentro,ANGRIP NOCHE 4COMP REC GMP KLINOS,1.6992,E.F.42.001,matched,score=0.755
drovencentro,ANIS ESTRELLADO 5G  6UNID F.S.I,6.11072,,sin_match,sin_candidato
drovencentro,ANOMEX 10 SUPOSITORIOS ANTI-HERMORROLDALES TIARES,9.54,,sin_match,sin_candidato
drovencentro,ANTAAR 1.25MG 30TAB REC CALOX,3.856,E.F.43.410,matched,score=0.912
drovencentro,ANTAAR 10MG 30TAB REC CALOX,11.288,E.F.39.619,matched,score=0.894
drovencentro,"ANTAAR 2,5MG 30TAB REC CALOX",5.232,E.F.40.060,matched,score=0.917
drovencentro,ANTAAR 2.5MG 10TAB REC CALOX,2.816,E.F.40.060,matched,score=0.917
drovencentro,ANTAAR 5MG 30TAB REC CALOX,6.944,E.F.40.058,matched,score=0.901
drovencentro,"ANTAAR HCT 2,5/6,25MG 30TAB CALOX",8.28,E.F.41.982,matched,score=0.761
drovencentro,"ANTAAR HCT 5/6,25MG 30TAB CALOX",14.28,E.F.G.36.891,matched,score=0.898
drovencentro,ANTIESTRES GOTA 30ML RECETTMARKET,3.02826,,sin_match,sin_candidato
drovencentro,ANTIFOM 125MG  10TAB MAST SIMETICONA,4.7088,E.F.36.411,matched,score=0.742
drovencentro,ANTIFOM 40MG 10COMP REC VARGAS.,4.6272,E.F.18.498,matched,score=0.740
drovencentro,ANTIFOM 80MG/ML SUSP ORAL 20ML SIMETICONA VARGAS,5.3856,E.F.18.498,matched,score=0.926
drovencentro,ANTIFOM FORTE 160MG 10COMP VARGAS,6.444,E.F.40.192,matched,score=0.886
drovencentro,ANTILAX 2MG 10TAB,2.32383,E.F.33.576,matched,score=0.748
drovencentro,ANTIP 40MG  30TAB ATORVASTATINA BEHRENS,7.6288,,sin_match,sin_candidato
drovencentro,ANTOVEN 15MG  30TAB ARIPIPRAZOL FC PHARMA,14.744,,sin_match,sin_candidato
drovencentro,APETININ JARABE 240ML ARCOIRIS,9.48,,sin_match,sin_candidato
drovencentro,APIRET 125MG 6 SUPOSITORIOS OFTALMI,5.12,E.F.42.275,matched,score=0.911
drovencentro,APIRET 180MG/5ML SOL ORAL 120ML OFTALMI,3.24,E.F.34.032,matched,score=0.928
drovencentro,APIRET 180MG/5ML SOL ORAL 60ML OFTALMI,2.096,E.F.34.032,matched,score=0.931
drovencentro,APIRET 250MG 6 SUPOSITORIOS OFTALMI,6.112,E.F.42.141,matched,score=0.911
drovencentro,APIRET FORTE 650MG 10TAB OFTALMI,1.248,E.F.43.225,matched,score=0.920
drovencentro,APIRETFLU DIA 8MG 6 SOBRES OFTALMI,9.664,E.F.42.943,matched,score=0.634
drovencentro,APIRETFLU NOCHE 8MG 6 SOBRES OFTALMI,9.136,E.F.43.225,matched,score=0.540
drovencentro,APITENA 5MG 30COMP ADIUM,18.88624,,sin_match,sin_candidato
drovencentro,"APIXABAN 2,5MG  30TAB REC MT",11.89654,,sin_match,sin_candidato
drovencentro,APLACAL 750MG 10TAB MAST BANANA SIEGFRIED,9.3632,E.F.42.366,matched,score=0.659
drovencentro,APLACAL 750MG 10TAB MAST FRAMBUESA SIEGFRIED,8.3776,E.F.42.368,matched,score=0.659
drovencentro,APLACAL 750MG 10TAB MAST MENTA SIEGFRIED,9.5532,E.F.42.365,matched,score=0.660
drovencentro,APLACAL 750MG 120TAB MAST DISP MENTA SIEGFRIED,72.3672,E.F.42.365,matched,score=0.904
drovencentro,APLACAL 750MG TARRO 80TAB MAST BANANA SIEGFRIED,14.326,E.F.42.366,matched,score=0.650
drovencentro,APLACAL 750MG TARRO 80TAB MAST FRAMBUESA SIEGFRIED,13.6116,E.F.42.368,matched,score=0.650
drovencentro,APLACAL 750MG TARRO 80TAB MAST MANDARINA SIEGFRIED,13.6116,E.F.42.367,matched,score=0.650
drovencentro,APLACAL 750MG TARRO 80TAB MAST MENTA SIEGFRIED,12.8952,E.F.42.365,matched,score=0.651
drovencentro,APLEXIL 550MG 10TAB REC COFASA,2.81088,E.F.43.975,matched,score=0.742
drovencentro,APRIX 125MG  10CAPS  BLAN SIMETICONA  POLINAC,5.2516,,sin_match,sin_candidato
drovencentro,APROVEL 150MG  28COMP REC SANOFI,37.048,,sin_match,sin_candidato
drovencentro,APYRENE 650MG X 10 CAPS FC PHARMA,2.5984,,sin_match,sin_candidato
drovencentro,AQUASONIC 0.25 LT GEL BRIUTCARE GEL ULTRASONIDO,9.256,,sin_match,sin_candidato
drovencentro,AQUATOP CREMA REST 250GR MEGALABS,32.6736,,sin_match,sin_candidato
drovencentro,"ARANDA 2,5MG/50MG 10CAPS",3.58614,,sin_match,sin_candidato
drovencentro,"ARANDA 2,5MG/50MG 30CAP",9.92446,,sin_match,sin_candidato
drovencentro,ARANDA 5MG/100MG 10CAPS FARMA,4.38678,E.F.38.655,matched,score=0.731
drovencentro,ARANDA 5MG/100MG 30CAP,12.50982,E.F.38.655,matched,score=0.797
drovencentro,ARANDANO ROJO 500MG VIT C 30CAP VAL,10.45,,sin_match,sin_candidato
drovencentro,ARAVA 20MG 30TAB REC SANOFI,45.68,,sin_match,sin_candidato
drovencentro,ARBIXIL 15MG/10MCG/5ML JBE AD 120ML SIEGFRIED,12.3956,E.F.28.426,matched,score=0.740
drovencentro,"ARBIXIL 7,5/5MG/5ML JBE PED 120ML SIEGFRIED",11.2708,E.F.28.401,matched,score=0.610
drovencentro,ARBIXIL SOL GOTAS 15ML SIEGFRIED,3.488,E.F.31.091,matched,score=0.591
drovencentro,ARCOS DENTALES 30UND RECARE,17.0136,,sin_match,sin_candidato
drovencentro,ARCOVAL 60MG 10TAB REC VALMORCA,4.8744,E.F.41.482,matched,score=0.891
drovencentro,ARCOVAL 90MG 10TAB REC VALMORCA,6.9768,E.F.41.483,matched,score=0.891
drovencentro,ARESAN 20MG 10TAB REC BIOTECH,3.928,E.F.40.610,matched,score=0.891
drovencentro,ARESAN 40MG 10TAB REC BIOTECH,5.00832,,sin_match,sin_candidato
drovencentro,ARIPIPRAZOL 10MG  10TAB MT,3.79903,,sin_match,sin_candidato
drovencentro,ARIPIPRAZOL 15MG 10TAB CORPOMECA,2.84,,sin_match,sin_candidato
drovencentro,ARNICA 7 CH GLOBULIS BIOTECNOQUIMICA,7.52363,,sin_match,sin_candidato
drovencentro,ARNICA AEROSOL 75G FC,6.88,,sin_match,sin_candidato
drovencentro,ARNICA D30 GLOBULIS 8G BIOTECNOQUIMICA,7.52363,,sin_match,sin_candidato
drovencentro,ARNICA D6 GLOBULIS 8G BIOTECNOQUIMICA,7.52363,,sin_match,sin_candidato
drovencentro,ARNICA FC FORTE MANGO ROLL-ON 90G,2.24,,sin_match,sin_candidato
drovencentro,ARNICA FC GEL ROLL-ON 90 G,2.212,,sin_match,sin_candidato
drovencentro,ARNICA FC PLUS GEL TERMOACTIVO 250G,4.3008,,sin_match,sin_candidato
drovencentro,ARNICA FC PLUS ROLL-ON TERMOACTIVO 90G,2.3072,,sin_match,sin_candidato
drovencentro,ARNICA GEL NATURAL 237ML ETERNAL,7.3856,,sin_match,sin_candidato
drovencentro,ARNICA GOTAS 30ML RECETTMARKET,2.47527,,sin_match,sin_candidato
drovencentro,ARNICA GOTAS 60ML RECETTMARKET,3.15992,,sin_match,sin_candidato
drovencentro,ARNICA MENTOLADA 5% CREMA 90GR FSI,3.31584,,sin_match,sin_candidato
drovencentro,ARRURRU BAÑO LIQUIDO  SUAVIDAD & HUMECTACION 400ML RETCA,7.592,,sin_match,sin_candidato
drovencentro,ARRURRU COLONIA ORIGINAL NIÑA 400ML RETCA,7.504,,sin_match,sin_candidato
drovencentro,ARRURRU COLONIA ORIGINAL NIÑO 220ML RETCA,5.336,,sin_match,sin_candidato
drovencentro,ARRURRU COLONIA ORIGINAL NIÑO 400ML RETCA,7.504,,sin_match,sin_candidato
drovencentro,ARRURRU CREMA ORIGINAL 220ML RETCA,5.016,,sin_match,sin_candidato
drovencentro,ARRURRU CREMA ORIGINAL 400ML RETCA,7.008,,sin_match,sin_candidato
drovencentro,ARRURRU CREMA SUAVIDAD & HUMECTACION 220ML RETCA,5.016,,sin_match,sin_candidato
drovencentro,ARRURRU CREMA SUAVIDAD & HUMECTACION 400ML  RETCA,7.008,,sin_match,sin_candidato
drovencentro,ARRURRU SHAMPOO & BAÑO LIQUIDO  2EN1  DELICADA 400ML RETCA,7.592,,sin_match,sin_candidato
drovencentro,ARRURRU SHAMPOO & BAÑO LIQUIDO  2EN1 DELICADA 220ML RETCA,5.656,,sin_match,sin_candidato
drovencentro,ARRURRU SHAMPOO & BAÑO LIQUIDO 2EN1 ORIGINAL 220ML RETCA,5.656,,sin_match,sin_candidato
drovencentro,ARRURRU SHAMPOO & BAÑO LIQUIDO 2EN1 ORIGINAL 400ML RETCA,7.592,,sin_match,sin_candidato
drovencentro,ARRURRU SHAMPOO CABELLO OSCURO 400ML RETCA,6.6,,sin_match,sin_candidato
drovencentro,ARRURRU SHAMPOO SUAVIDAD & HUMECTACION 220ML RETCA,4.664,,sin_match,sin_candidato
drovencentro,ARRURRU SHAMPOO SUAVIDAD & HUMECTACION 400ML RETCA,6.6,,sin_match,sin_candidato
drovencentro,ARTENOLOL 100MG 30TAB RONAVA,5.13998,,sin_match,sin_candidato
drovencentro,ARTICORT 16MG 30TABMETILPREDNISOLONA NEOPHARMA,19.36,,sin_match,sin_candidato
drovencentro,ARTRI FRESH CREMA 200GR OZONEPUI,5.28,,sin_match,sin_candidato
drovencentro,ARTRI FRESH ROLL-ON 90GR OZONEPUI,2.512,,sin_match,sin_candidato
drovencentro,ARTROCEL 1% 5ML 5AMP BIOTECNOQUIMICA,24.16138,,sin_match,sin_candidato
drovencentro,ARTRODAR 50MG 30CAPS LETI,21.504,E.F.31.478,matched,score=0.844
drovencentro,ARTROSAN 500MG 60CAPS WALIFE,7.9424,,sin_match,sin_candidato
drovencentro,ARTROVIT 30 CAPS NATURLIFES,7.264,,sin_match,sin_candidato
drovencentro,ARTROZERO 1000MG 60 CAPS WALIFE,9.0984,,sin_match,sin_candidato
drovencentro,ARUDIL 10MG 10TAB REC FARMA,4.0365,,sin_match,sin_candidato
drovencentro,ARUDIL 10MG 30TAB REC FARMA,10.71174,,sin_match,sin_candidato
drovencentro,ARUDIL 15MG 10TAB REC FARMA,5.50432,E.F.41.487,matched,score=0.891
drovencentro,ARUDIL 15MG 30TAB REC FARMA,13.91426,E.F.41.487,matched,score=0.891
drovencentro,ARUDIL 20MG 10TAB REC FARMA,6.97214,E.F.41.488,matched,score=0.891
drovencentro,ARUDIL 20MG 30TAB REC FARMA,19.39906,E.F.41.488,matched,score=0.891
drovencentro,ARZOMIDOL 200MG/5ML SUSP 15ML  DOLLDER,5.21102,,sin_match,sin_candidato
drovencentro,ASAPROL 81MG 100COMP REC LETI,5.536,,sin_match,sin_candidato
drovencentro,ASAPROL 81MG 40COMP ENT LETI,2.352,,sin_match,sin_candidato
drovencentro,ASARAP 10MG 30COMP REC RIVAROXABAN LETI,13.88,E.F.42.249,matched,score=0.880
drovencentro,ASARAP 15MG 30COMP LETI,15.824,E.F.42.248,matched,score=0.893
drovencentro,ASARAP 20MG 30COMP LETI,26.192,E.F.42.294,matched,score=0.893
drovencentro,ASCAFYL PLUS 10TAB SIEGFRIED,4.3656,E.F.31.150,matched,score=0.772
drovencentro,ASCAFYL SC GOTAS 15ML SIEGFRIED,6.9464,E.F.41.093,matched,score=0.656
drovencentro,ASHWAGANDHA  60TAB FITOSANA,9.968,,sin_match,sin_candidato
drovencentro,ASHWAGANDHA 400MG  60CAPS WALIFE,8.7856,,sin_match,sin_candidato
drovencentro,ASHWAGANDHA 450MG 30CAPS HERBAPLANT,7.5344,,sin_match,sin_candidato
drovencentro,ASHWAGANDHA 450MG 60CAPS HERBAPLANT,9.9416,,sin_match,sin_candidato
drovencentro,ASHWAGANDHA 500MG  30CAPS NATURISTIK,5.712,,sin_match,sin_candidato
drovencentro,ASHWAGANDHA 700MG  60CAPS NATURAL SYSTEMS,29.328,,sin_match,sin_candidato
drovencentro,ASHWAGANDHA 700MG 10CAP 1 BLISTER NATURAL SYSTEMS,2.832,,sin_match,sin_candidato
drovencentro,ASHWAGANDHA 700MG 30CAP 3 BLISTER NATURAL SYSTEMS,8.496,,sin_match,sin_candidato
drovencentro,ASPIANDEX 81MG  30TAB PLUSANDEX,2.61138,,sin_match,sin_candidato
drovencentro,ASPRINIL 81MG  40 TAB REC BIOTECH,2.3688,,sin_match,sin_candidato
drovencentro,ASPRINIL 81MG 100TAB BIOTECH,5.2264,E.F.43.205,matched,score=0.875
drovencentro,ASTEFOR 500MG  10 COMP REC,6.8,,sin_match,sin_candidato
drovencentro,ASTEFOR 750MG  5COMP REC,7.384,,sin_match,sin_candidato
drovencentro,"ASTRIMOL 2,5MG  30TAB REC BIOTECH",5.43696,E.F.43.710,matched,score=0.912
drovencentro,ASTRIMOL 5MG  30TAB REC BIOTECH,6.33184,E.F.43.853,matched,score=0.895
drovencentro,ATAMEL  500MG   20TAB CALOX,3.592,E.F.19.621,matched,score=0.905
drovencentro,ATAMEL FORTE 650MG 10TAB CALOX,3.024,E.F.33.008,matched,score=0.924
drovencentro,ATAMEL JARABE 120MG/5ML TUTTI FRUTTI 120ML CALOX,3.2,E.F.19.620,matched,score=0.735
drovencentro,ATAMEL PLUS 500/32MG 10TAB CALOX,3.224,E.F.33.009,matched,score=0.933
drovencentro,ATAPEC  25MG 30COMP REC QUETIAPINA FC PHARMA,4.664,,sin_match,sin_candidato
drovencentro,ATAPEC 100MG 30TAB FC PHARMA QUETIAPINA,8.616,,sin_match,sin_candidato
drovencentro,ATENOLOL 100MG 30COMP LETI,6.448,E.F.G.26.047,matched,score=0.895
drovencentro,ATENOLOL 100MG 30TAB BLUE MEDICAL,1.424,,sin_match,sin_candidato
drovencentro,ATENOLOL 100MG 30TAB LA SANTE,6.086,,sin_match,sin_candidato
drovencentro,ATENOLOL 50MG   30 TAB  ZUZU,3.744,,sin_match,sin_candidato
drovencentro,ATENOLOL 50MG 30TAB BUKA,1.87151,,sin_match,sin_candidato
drovencentro,ATENOLOL 50MG 30TAB KIMICEG,4.50192,E.F.G.27.910,matched,score=0.899
drovencentro,ATENOLOL 50MG 30TAB(R*) LA SANTE,5.8956,,sin_match,sin_candidato
drovencentro,ATORVACOF 20MG  30TAB REC COFASA,4.624,E.F.39.468,matched,score=0.890
drovencentro,ATORVACOF 20MG 14TAB COFASA,2.5848,E.F.39.468,matched,score=0.899
drovencentro,ATORVACOF 40MG 30TAB COFASA,5.92296,,sin_match,sin_candidato
drovencentro,ATORVACOF 80MG  30TAB REC COFASA,11.68,,sin_match,sin_candidato
drovencentro,ATORVASTATIN 20MG  30TAB BIOMERCY,3.36,,sin_match,sin_candidato
drovencentro,ATORVASTATIN 40MG 30TAB BIOMERCY,3.936,,sin_match,sin_candidato
drovencentro,ATORVASTATINA  20MG 14TAB LA SANTE,3.3252,,sin_match,sin_candidato
drovencentro,ATORVASTATINA 20MG  30TAB BUKA,3.30418,,sin_match,sin_candidato
drovencentro,ATORVASTATINA 20MG  30TAB COASPHARMA,5.824,,sin_match,sin_candidato
drovencentro,ATORVASTATINA 20MG 10COMP REC GENVEN,2.472,E.F.G.43.982,matched,score=0.892
drovencentro,ATORVASTATINA 20MG 14COMP REC SPEFAR,3.50304,E.F.G.39.008,matched,score=0.882
drovencentro,ATORVASTATINA 20MG 30 TAB MEDICAL GROUP,3.87224,,sin_match,sin_candidato
drovencentro,ATORVASTATINA 20MG 30COMP REC GENVEN,5.44896,E.F.G.32.690,matched,score=0.885
drovencentro,ATORVASTATINA 20MG 30COMP REC PLUSANDEX,5.66328,,sin_match,sin_candidato
drovencentro,ATORVASTATINA 20MG 30TAB ALESS,2.1637,,sin_match,sin_candidato
drovencentro,ATORVASTATINA 20MG 30TAB ANGELUS,3.84,,sin_match,sin_candidato
drovencentro,ATORVASTATINA 20MG 30TAB FARMAMED,2.65409,,sin_match,sin_candidato
drovencentro,ATORVASTATINA 20MG 30TAB REC LA SANTE,6.0452,,sin_match,sin_candidato
drovencentro,ATORVASTATINA 40MG 14TAB LA SANTE,6.3852,,sin_match,sin_candidato
drovencentro,ATORVASTATINA 40MG 20COMP REC SPEFAR,4.23776,E.F.G.42.454,matched,score=0.882
drovencentro,ATORVASTATINA 40MG 30 TAB BLUE MEDICAL,4.8,,sin_match,sin_candidato
drovencentro,ATORVASTATINA 40MG 30 TAB MEDICAL GROUP,5.0052,,sin_match,sin_candidato
drovencentro,ATORVASTATINA 40MG 30COMP GENVEN,7.7256,E.F.G.35.911,matched,score=0.893
drovencentro,ATORVASTATINA 40MG 30TAB ANGELUS,4.1684,,sin_match,sin_candidato
drovencentro,ATORVASTATINA 40MG 30TAB BUKA,3.80326,,sin_match,sin_candidato
drovencentro,ATORVASTATINA 40MG 30TAB DAC55,5.22074,,sin_match,sin_candidato
drovencentro,ATORVASTATINA 40MG 30TAB FARMAMED,2.96633,,sin_match,sin_candidato
drovencentro,ATORVASTATINA 40MG 30TAB REC GENCER,10.28,E.F.G.39.007,matched,score=0.892
drovencentro,ATORVASTATINA 40MG 30TAB REC LA SANTE,9.826,,sin_match,sin_candidato
drovencentro,ATOVAROL 20MG 30CAPS BLANDAS VIVAX,8.04,,sin_match,sin_candidato
drovencentro,ATOVAROL 40MG 14CAPS VIVAX,7.464,,sin_match,sin_candidato
drovencentro,ATOVAROL 40MG 30CAPS BLANDAS VIVAX,11.608,,sin_match,sin_candidato
drovencentro,ATRIZINA 500MG 5COMP REC RONAVA,4.15634,,sin_match,sin_candidato
drovencentro,ATROBEL GOTAS 15CC HIOSCINA,4.79747,,sin_match,sin_candidato
drovencentro,ATROPINA 1MG/ML SOL INY 10AMP  DISTRILAB,4.98304,,sin_match,sin_candidato
drovencentro,ATROVERAN 10MG  10 TAB RECUBIERTAS VARGAS,5.8824,E.F.36.258,matched,score=0.775
drovencentro,ATROVERAN 10MG/15ML SOL GOTAS,5.904,E.F.44.273,matched,score=0.586
drovencentro,ATROVERAN COMPOSITUM 10COMP REC VARGAS,4.3008,,sin_match,sin_candidato
drovencentro,ATROVERAN FEM 10MG/200MG 10COMP REC VARGAS,4.1344,,sin_match,sin_candidato
drovencentro,ATROVERAN PLUS 10MG/500MG 10COMP REC VARGAS,4.0752,,sin_match,sin_candidato
drovencentro,AUGMENTIN 400MG/57/5ML POLV  SUSP ORAL 70ML,8.08969,,sin_match,sin_candidato
drovencentro,AUGMENTIN 500MG/125MG 10TAB REC,19.09833,,sin_match,sin_candidato
drovencentro,"AUGMENTIN 600MG/42,9MG/5ML POLV/SUSP 100ML",23.18488,,sin_match,sin_candidato
drovencentro,AUPREL 90MG 20 COMP REC TICAGRELOR  VARGAS,20.7576,E.F.42.005,matched,score=0.891
drovencentro,AVISPA CHAMPU 120ML,2.83808,,sin_match,sin_candidato
drovencentro,AVISPA CHAMPU 220ML,3.62208,,sin_match,sin_candidato
drovencentro,AVISPA CHAMPU 60ML,2.3424,,sin_match,sin_candidato
drovencentro,AVISPA REPELENTE AEROSOL 135 g,5.08416,,sin_match,sin_candidato
drovencentro,AVISPA REPELENTE AEROSOL 220 g,6.85056,,sin_match,sin_candidato
drovencentro,AVISPA REPELENTE CREMA TARRO 100GR.,2.64992,,sin_match,sin_candidato
drovencentro,AVISPA REPELENTE CREMA TUBO 100GR.,2.95568,,sin_match,sin_candidato
drovencentro,AVISPA REPELENTE CREMA TUBO KIDS 100GR,4.34336,,sin_match,sin_candidato
drovencentro,AVISPA REPELENTE LOCION SPLASH 110 cc,3.62208,,sin_match,sin_candidato
drovencentro,AVISPA REPELENTE SPLASH KIDS 110ML,3.54816,,sin_match,sin_candidato
drovencentro,AVOST 0.004% GOTAS OFT 3ML CAPSUVEN,5.508,,sin_match,sin_candidato
drovencentro,AXOKINE 400MG 5COMP REC LETI,19.584,E.F.33.902,matched,score=0.855
drovencentro,AXOPRAM 20MG 30TAB CITALOPRAM ARSAL,9.4176,,sin_match,sin_candidato
drovencentro,AZACARD 81MG 100TABL CUBIERTA ENTERICA,6.432,E.F.G.34.553,matched,score=0.919
drovencentro,AZACARD 81MG 30TAB CUBIERTA ENTERICA OFTALMI,3.48,E.F.G.34.553,matched,score=0.860
drovencentro,AZACARD 81MG 60TAB OFTALMI,6.024,,sin_match,sin_candidato
drovencentro,AZIMAKROL 1GR   2COMP REC ROWE,4.614,,sin_match,sin_candidato
drovencentro,AZIMAKROL 500MG 5COMP REC MEGALABS,2.926,,sin_match,sin_candidato
drovencentro,AZITRODEX 500MG 3TAB REC PLUSANDEX,1.81666,,sin_match,sin_candidato
drovencentro,AZITRODEX 500MG 5TAB REC PLUSANDEX,2.36466,,sin_match,sin_candidato
drovencentro,AZITROMICINA 200MG SOL ORAL 30ML BUKA,5.16278,,sin_match,sin_candidato
drovencentro,AZITROMICINA 200MG/5ML 15ML POLVO P/SUSP BLUE MEDICAL,4.016,,sin_match,sin_candidato
drovencentro,AZITROMICINA 200MG/5ML 15ML POLVO SUSP KMPLUS,2.63712,,sin_match,sin_candidato
drovencentro,AZITROMICINA 200MG/5ML 15ML SUSP COASPHARMA,4.304,,sin_match,sin_candidato
drovencentro,AZITROMICINA 200MG/5ML 15ML SUSP QUIMFAR,2.50137,,sin_match,sin_candidato
drovencentro,AZITROMICINA 200MG/5ML P/SUSP 30ML ZAKI,3.568,,sin_match,sin_candidato
drovencentro,AZITROMICINA 200MG/5ML PPS 15ML LA SANTE,4.0052,,sin_match,sin_candidato
drovencentro,AZITROMICINA 200MG/5ML SUSP 15ML ANGELUS,1.912,,sin_match,sin_candidato
drovencentro,AZITROMICINA 200MG/5ML SUSP 15ML PORTUGAL,3.0096,,sin_match,sin_candidato
drovencentro,"AZITROMICINA 200MG/5ML SUSP 22,5ML ALESS",1.67598,,sin_match,sin_candidato
drovencentro,AZITROMICINA 200MG/5ML SUSP 30ML BIO DE VZLA,2.7352,,sin_match,sin_candidato
drovencentro,AZITROMICINA 200MG/5ML SUSP ORAL 15ML FAHD,2.1052,,sin_match,sin_candidato
drovencentro,AZITROMICINA 200MG/5ML SUSP PED 60ML JKN MED,6.4,,sin_match,sin_candidato
drovencentro,AZITROMICINA 500MG  3 TAB MEDICAL GROUP,1.42008,,sin_match,sin_candidato
drovencentro,AZITROMICINA 500MG  3TAB BIO DE VZLA,1.8224,,sin_match,sin_candidato
drovencentro,AZITROMICINA 500MG  3TAB CAPSUVEN,1.9152,,sin_match,sin_candidato
drovencentro,AZITROMICINA 500MG  3TAB FARMAMED,0.93674,,sin_match,sin_candidato
drovencentro,AZITROMICINA 500MG  3TAB JKN MED,1.416,,sin_match,sin_candidato
drovencentro,AZITROMICINA 500MG  5COMP ARTE MEDICO,2.08,,sin_match,sin_candidato
drovencentro,AZITROMICINA 500MG  5TAB BIO DE VZLA,2.502,,sin_match,sin_candidato
drovencentro,AZITROMICINA 500MG  5TAB DISTRILAB,1.81248,,sin_match,sin_candidato
drovencentro,AZITROMICINA 500MG  5TABL ADN,2.592,,sin_match,sin_candidato
drovencentro,AZITROMICINA 500MG  6CAPS BLUE MEDICAL,1.896,,sin_match,sin_candidato
drovencentro,AZITROMICINA 500MG 10BLT 3TAB BALAXI,11.408,,sin_match,sin_candidato
drovencentro,AZITROMICINA 500MG 3 TAB DISTRILAB,1.41728,,sin_match,sin_candidato
drovencentro,AZITROMICINA 500MG 3 TAB REC  QUIM-FAR,1.25146,,sin_match,sin_candidato
drovencentro,AZITROMICINA 500MG 3TAB ANGELUS,1.296,,sin_match,sin_candidato
drovencentro,AZITROMICINA 500MG 3TAB AZITHRONAK,1.696,,sin_match,sin_candidato
drovencentro,AZITROMICINA 500MG 3TAB FAHD,1.352,,sin_match,sin_candidato
drovencentro,AZITROMICINA 500MG 3TAB REC PHARMETIQUE,1.6512,,sin_match,sin_candidato
drovencentro,AZITROMICINA 500MG 3TAB ZUZU,2.464,,sin_match,sin_candidato
drovencentro,AZITROMICINA 500MG 3TABL FELIRNI,1.464,,sin_match,sin_candidato
drovencentro,AZITROMICINA 500MG 5COMP GENVEN,2.272,E.F.G.28.805,matched,score=0.903
drovencentro,AZITROMICINA 500MG 5COMP SPEFAR,4.9152,E.F.G.31.564,matched,score=0.925
drovencentro,AZITROMICINA 500MG 5TAB ALESS,1.10446,,sin_match,sin_candidato
drovencentro,AZITROMICINA 500MG 5TAB BUKA,1.70372,,sin_match,sin_candidato
drovencentro,AZITROMICINA 500MG 5TAB REC GENCER,3.7872,E.F.G.34.643,matched,score=0.896
drovencentro,AZITROMICINA SUSP 200 MG/5ML 15ML FARMAMED,2.34184,,sin_match,sin_candidato
drovencentro,AZITROX 500MG  3TAB 10BLIS AZITROMICINA SUPLIMEDIC,14.648,,sin_match,sin_candidato
drovencentro,AZUFRE 20GR TARRO 1UNID F.S.I,1.67552,,sin_match,sin_candidato
drovencentro,AZUFRE 25GR RECETTMARKET,0.84564,,sin_match,sin_candidato
drovencentro,AZUFRE EN POLVO 20GR 12UND BOLSAS FSI,8.8352,,sin_match,sin_candidato
drovencentro,AZUFRE POLVO 20G X 1 SOBRE INNOVATEK,0.97422,,sin_match,sin_candidato
drovencentro,AZUL DE METILENO 30ML 1UNID FSI,1.36576,,sin_match,sin_candidato
drovencentro,AZUL DE METILENO 30ML RECETTMARKET,2.52794,,sin_match,sin_candidato
drovencentro,AZUL DE METILENO 30ML SPRAY INNOVATEK,1.73194,,sin_match,sin_candidato
drovencentro,"AZUTAN 0,15% COLUTORIO FCO 180ML BIOTECH",3.90288,E.F.19.054,matched,score=0.732
drovencentro,B-COMPLEX   60CAPS  COMPLEJO B ETERNAL,8.61856,,sin_match,sin_candidato
drovencentro,BACILLUS CLAUSSI 5ML 10 FRASCOS ENTERUNI,9.216,,sin_match,sin_candidato
drovencentro,BACITRACINA 20G UNG DAC,3.04543,,sin_match,sin_candidato
drovencentro,BACITRACINA 500UI 15GR UNG RONAVA,1.80322,,sin_match,sin_candidato
drovencentro,BACITRACINA 500UI UNG 15GR REMENY,3.68,,sin_match,sin_candidato
drovencentro,BACITRACINA 500UI UNG 15GR SPEFAR,4.128,,sin_match,sin_candidato
drovencentro,BACITRACINA 500UI UNG TOP 15GR TIARES,2.2968,,sin_match,sin_candidato
drovencentro,BACITRACINA 500UI/G  20G UNG DISTRILAB,2.3136,,sin_match,sin_candidato
drovencentro,BACITRACINA UNG 15GR KLINOS,4.2368,E.F.G.20.308,matched,score=0.740
drovencentro,BACITRACINA UNGUENTO 15G KIMICEG,2.46344,,sin_match,sin_candidato
drovencentro,BACITRACINA ZINC 500U.I. UNG 15GR SOTO GLOBAL,2.8008,,sin_match,sin_candidato
drovencentro,BACITRACINA/ NEOMICINA UNG X 15G KMPLUS,4.17032,,sin_match,sin_candidato
drovencentro,BACTEVAL 250MG/50MG 24TAB VALMORCA,9.0516,,sin_match,sin_candidato
drovencentro,"BACTIN 0,3% SOL OFT 5ML CAPSUVEN",3.3984,,sin_match,sin_candidato
drovencentro,BACTIN-D 0.3% 0.1% GOTAS OFT 5ML CAPSUVEN,4.752,,sin_match,sin_candidato
drovencentro,BACTRIM 400/80MG 20TAB SIEGFRIED,15.452,,sin_match,sin_candidato
drovencentro,BACTRIM FORTE  800/160MG 10TAB SIEGFRIED,26.9496,,sin_match,sin_candidato
drovencentro,BACTRIZOL 500MG/100ML 1 AMP BEHRENS,5.7912,,sin_match,sin_candidato
drovencentro,BACTRON  80MG/400MG 20TAB RONAVA,6.17621,,sin_match,sin_candidato
drovencentro,BACTRON FORTE 160MG/800MG 10TAB RONAVA,7.68279,,sin_match,sin_candidato
drovencentro,BAJA LENGUA DE MADERA 100UND SAGLAM JMW,1.904,,sin_match,sin_candidato
drovencentro,BALANCE B SUPER COMPLEX 100TAB NATURAL SYSTEMS,21.24,,sin_match,sin_candidato
drovencentro,BALSADER POMADA 30GRS KIMICEG,2.13144,E.F.19.402,matched,score=0.670
drovencentro,BARGONIL 2% TUBO 30G,23.6208,E.F.27.531,matched,score=0.769
drovencentro,BARGONIL UNG  RECTAL 10GRS,9.044,E.F.27.531,matched,score=0.647
drovencentro,BARRA DERMOLIMPIADORA NEUTRO 90 GR PHARMAX,2.822,,sin_match,sin_candidato
drovencentro,BARRA LIMPIADORA 90GR ZOAH,2.2344,,sin_match,sin_candidato
drovencentro,BARRA LIMPIADORA ACNE RESCUE 90GR ZOAH,3.23,,sin_match,sin_candidato
drovencentro,BARRA LIMPIADORA DETOX PURIFYNG 90GR ZOAH,2.3484,,sin_match,sin_candidato
drovencentro,BARROCUTINA TEENS GEL FACIAL INV 20G,8.184,,sin_match,sin_candidato
drovencentro,BARROCUTINA TEENS LIMPIADOR FACIAL 120ML,12.64,,sin_match,sin_candidato
drovencentro,BARROCUTINA TONICO FACIAL 120ML. FC PHARMA,13.76,,sin_match,sin_candidato
drovencentro,BASE BB CREAM TONO CLARO FPS 50+ 50ML ZOAH,5.004,,sin_match,sin_candidato
drovencentro,BASE BB CREAM TONO MEDIO FPS 50+ 50ML ZOAH,5.004,,sin_match,sin_candidato
drovencentro,BAÑO INTIMO HIDRATAN ANTIBACTERIAL 200ML OZONEPUI,3.2,,sin_match,sin_candidato
drovencentro,BECLOMETASONA INH 250MCG 200 DOSIS KMPLUS,14.35152,,sin_match,sin_candidato
drovencentro,BECUTEN PLUS CR TOP 30GR CLOTRI /BETAM/NEOMI TIARES,2.9232,,sin_match,sin_candidato
drovencentro,"BEDEX  0,15% SOL TOP BUCAL 120ML PLUSANDEX",3.86254,,sin_match,sin_candidato
drovencentro,BEDUCEN PROB5 GEL FACIAL  200ML  AV PHARMA,15.60326,,sin_match,sin_candidato
drovencentro,BEHKACIN 500MG/2ML SOL 1 AMP BEHRENS,4.104,E.F.29.957,matched,score=0.896
drovencentro,BELVITA KRAKER 9S  234GRS MONDELEZ,2.67456,,sin_match,sin_candidato
drovencentro,BENADOL 200MG  2TAB ALBENDAZOL ADN,0.6408,,sin_match,sin_candidato
drovencentro,BENCIDAMINA 0.15% TOPICO BUCAL 120ML COFASA,2.052,E.F.G.29.570,matched,score=0.803
drovencentro,BENCIDAMINA 0.15% TOPICO BUCAL 240ML COFASA,4.92,E.F.G.29.570,matched,score=0.803
drovencentro,BENDAMEN 100MG 6TAB SIEGFRIED,7.4808,E.F.21.687,matched,score=0.904
drovencentro,BENDAMEN SUSP 100MG/5ML 30ML SIEGFRIED,9.1936,E.F.22.165,matched,score=0.913
drovencentro,BENFLUX 15MG/5ML JBE 120ML POLINAC,2.4384,,sin_match,sin_candidato
drovencentro,BENFLUX X 20 TABLETAS,4.644,,sin_match,sin_candidato
drovencentro,BENPAZYL 70MG 4TABL ACIDO ALENDRONICO CLEO,3.0072,,sin_match,sin_candidato
drovencentro,BENZODIAZOL LIMON 16TAB MAST SIEGFRIED,3.456,E.F.16.799,matched,score=0.639
drovencentro,BENZODIAZOL LIMON/MIEL 16TAB MAST SIEGFRIED,3.456,E.F.16.799,matched,score=0.634
drovencentro,BENZODIAZOL MENTA 16TABS MAST SIEGFRIED,3.24,E.F.16.799,matched,score=0.671
drovencentro,BENZODIAZOL NARANJA 16TAB MAST SIEGFRIED,3.024,E.F.16.799,matched,score=0.643
drovencentro,BENZODIAZOL TUTIFRUTTI 16TABS SIEGFRIED,3.456,E.F.16.799,matched,score=0.635
drovencentro,"BEPRODERM 0,5%/0,1% CREMA 15GR BIOTECH",4.096,E.F.16.167,matched,score=0.779
drovencentro,BEPROSPEN 7MG/ML SUSP INY 1 AMP KIT BIOTECH,5.99344,,sin_match,sin_candidato
drovencentro,BEPROSPEN 7MG/ML SUSP INY EST 1ML 1 AMP BIOTECH,5.39184,,sin_match,sin_candidato
drovencentro,BERRO JARABE  240ML  ABEJITA,5.3584,,sin_match,sin_candidato
drovencentro,BERRO JBE 120ML RECETTMARKET,3.74226,,sin_match,sin_candidato
drovencentro,BERRO JBE EXPECTORANTE 240ML ARCOIRIS,10.096,,sin_match,sin_candidato
drovencentro,BERRYDOPHILUS KIDS  60CAP MAST PROBIOTICO NOW,21.664,,sin_match,sin_candidato
drovencentro,BETA / CLOTRI /GENTA CREMA X 30GR KMPLUS,3.63944,,sin_match,sin_candidato
drovencentro,BETABLUX 4MG/ML SOL INY  IM/IV 1AMP BETAMETASONA BLUE MEDICAL,0.976,,sin_match,sin_candidato
drovencentro,BETADAC 4MG/3MG SOL INY 1 AMP DAC,4.16934,,sin_match,sin_candidato
drovencentro,"BETADERM 0,05% CREMA TUBO 15GR BIOTECH",2.856,E.F.40.374,matched,score=0.782
drovencentro,"BETADERM C/GENTAMICINA 0,1%/0,1% CREMA15GR BIOTECH",3.14712,E.F.16.167,matched,score=0.809
drovencentro,"BETADEX 0,1% 15G CR BETAMET+DIPIONATO LIALI",1.78976,,sin_match,sin_candidato
drovencentro,BETADEX PLUS 20GR CR BETAMET+GENTA+CLOTRI LIALI,2.58139,,sin_match,sin_candidato
drovencentro,BETADINE 10% SOL 120ML NOVAPHARM,8.33989,,sin_match,sin_candidato
drovencentro,"BETADINE 7,5% JABON LIQUIDO 180ML FARMA",13.6774,,sin_match,sin_candidato
drovencentro,BETAGEN 12MG/3ML SOL INY 1 AMP BIOTECH,4.736,E.F.34.949,matched,score=0.709
drovencentro,BETAGEN 4MG/1ML 1AMP EST SIMPLE BIOTECH,2.47408,E.F.16.114,matched,score=0.895
drovencentro,BETAGEN SOLSPEN INY AMPOLLA 1ML 1 AMP BIOTECH,5.192,E.F.16.167,matched,score=0.729
drovencentro,BETAGLASS 4MG/1ML IV/IM 10AMP BIOGLASS,4.976,,sin_match,sin_candidato
drovencentro,BETAGRANULOS CREMA 60GR ROEMMERS,20.3832,E.F.37.124,matched,score=0.579
drovencentro,BETAHISTINA 16 MG 20 TAB FARMAMED,2.06082,,sin_match,sin_candidato
drovencentro,BETAHISTINA 16MG  10TAB KMPLUS,3.08976,,sin_match,sin_candidato
drovencentro,BETAHISTINA 16MG  20TAB  ZUZU,8.368,,sin_match,sin_candidato
drovencentro,BETAHISTINA 16MG  30TAB DISTRILAB,6.00912,,sin_match,sin_candidato
drovencentro,BETAHISTINA 8MG 20TAB LAPROFF,11.568,,sin_match,sin_candidato
drovencentro,BETAHISTINA CLORHIDRATO 16MG  30 TAB MEDICAL GROUP,4.76464,,sin_match,sin_candidato
drovencentro,"BETAMETASONA 0,05% /GENTA0,01% /CLOTRI 1% CR 20GR MEDICAL GROUP",2.85568,,sin_match,sin_candidato
drovencentro,"BETAMETASONA 0,1% CREMA SPEFAR",4.1152,E.F.G.42.490,matched,score=0.566
drovencentro,"BETAMETASONA 0,5MG /GENTA 1MG /CLOTRI 10MG CR 20GR ALESS",2.01261,,sin_match,sin_candidato
drovencentro,BETAMETASONA 0.05%  CREMA 20GR MEDICAL GROUP,2.49872,,sin_match,sin_candidato
drovencentro,BETAMETASONA 0.05% CR 40GR LAPROFF,3.8,,sin_match,sin_candidato
drovencentro,BETAMETASONA 0.05% CREMA 20G PORTUGAL,2.0064,,sin_match,sin_candidato
drovencentro,BETAMETASONA 0.1% CR  40GR LAPROFF,4.064,,sin_match,sin_candidato
drovencentro,"BETAMETASONA 20G 0,05% CREMA CLEO",2.5056,,sin_match,sin_candidato
drovencentro,BETAMETASONA 4MG/1ML 10AMP VITALIS,8.864,,sin_match,sin_candidato
drovencentro,BETAMETASONA 4MG/ML 3ML 1AMP GENCER,4.9392,E.F.G.22.899,matched,score=0.925
drovencentro,BETAMETASONA 8MG/2ML SOL INY 10AMP DISTRILAB,17.13824,,sin_match,sin_candidato
drovencentro,BETAMETASONA SOD FOSF 4MG/1ML 1AMP BIOSANO,0.64,,sin_match,sin_candidato
drovencentro,BETAMETASONA+CLOTR+NEOMICINA 15 GRS  ARTE MEDICO,1.95888,,sin_match,sin_candidato
drovencentro,BETAPIROX CHAMPU 120ML MEDIHEALTH,23.264,,sin_match,sin_candidato
drovencentro,"BETAPLUS - BETAMETASONA 0,05% 20GR PORTUGAL",2.26688,,sin_match,sin_candidato
drovencentro,"BETARRETIN CREAM 0,05%  30G ROEMMERS",12.9808,,sin_match,sin_candidato
drovencentro,"BETARRETIN CREMA 0,025%  30G ROEMMERS",7.924,,sin_match,sin_candidato
drovencentro,"BETARRETIN GEL 0,025 30G ROEMMERS",6.34,,sin_match,sin_candidato
drovencentro,"BETARRETIN H LOCION 0,05%  60ML",16.5308,,sin_match,sin_candidato
drovencentro,"BETARRETIN LOC 0,05%  60G ROEMMERS",15.5856,E.F.33.240,matched,score=0.555
drovencentro,BETASKIN 0.05% CR TOP 15GR BETAMETASONA TIARES,2.1384,,sin_match,sin_candidato
drovencentro,"BETASOL 0,05% UNG 30GR SEFARLA",5.48,,sin_match,sin_candidato
drovencentro,BETHINA 16MG  30TAB ZORIAK BETAHISTINA,6.09209,,sin_match,sin_candidato
drovencentro,BEUSAN CEBOLLA MORADA 240ML WALIFE,3.978,,sin_match,sin_candidato
drovencentro,BEUSAN EXPECTORANTE JENGIBRE 240ML WALIFE,4.68,,sin_match,sin_candidato
drovencentro,BEUSAN PLUS BERRO 240ML WALIFE,3.978,,sin_match,sin_candidato
drovencentro,BIANTIC  500MG/100ML  SOL INY I.V 1AMP METRONIDAZOL BIOGLASS,1.992,,sin_match,sin_candidato
drovencentro,BICARBONATO DE SODIO 100G FSI,3.03424,,sin_match,sin_candidato
drovencentro,BICARBONATO DE SODIO 20GR 1SOBRE LYA,1.48672,,sin_match,sin_candidato
drovencentro,BICARBONATO DE SODIO 5% 1 AMP 100ML BEHRENS,9.88,E.F.G.32.578,matched,score=0.770
drovencentro,BICARBONATO DE SODIO 6SOBRES 20G F.S.I,6.17408,,sin_match,sin_candidato
drovencentro,BICARBONATO DE SODIO TARRO 20G 1UNID  FSI,1.62624,,sin_match,sin_candidato
drovencentro,"BICOL 160/12,5MG 14TAB SIEGFRIED",16.2648,,sin_match,sin_candidato
drovencentro,"BICOL 80/12,5MG 14TAB SIEGFRIED",5.236,,sin_match,sin_candidato
drovencentro,BIOBROM 5MG/1ML SOL INH 20ML SALBUTAMOL BIOGLASS,5.096,,sin_match,sin_candidato
drovencentro,BIOCEFT 1 GR IV/IM POLVO 1 AMP CEFTRIAXONA BIOGLASS,2.28,,sin_match,sin_candidato
drovencentro,BIOCLORFEN 10MG/1ML IV/IM 10 AMP CLORFENAMINA BIOGLASS,4.5448,,sin_match,sin_candidato
drovencentro,BIOCOR 20MG 30TAB CALOX,13.28,E.F.41.690,matched,score=0.900
drovencentro,BIOCOR 40MG 30TAB REC CALOX,21.752,,sin_match,sin_candidato
drovencentro,BIOCOR AMLO 20MG/5MG  30TAB CALOX,14.104,E.F.41.690,matched,score=0.697
drovencentro,BIOCOR AMLO 40MG/5MG 30TAB CALOX,20.712,E.F.G.38.313,matched,score=0.672
drovencentro,"BIOCOR HCT 20/12,5MG 30TAB REC CALOX",15.296,E.F.41.690,matched,score=0.691
drovencentro,BIOCOR HCT 40MG/12.5MG 30TAB CALOX,18.448,,sin_match,sin_candidato
drovencentro,BIOCORTIN 500MG I.V I.M 1 AMP BIOGLASS,4.5828,,sin_match,sin_candidato
drovencentro,BIOCRON 1MG/1ML SOL INH 15ML BUDESONIDA BIOGLASS,4.6,,sin_match,sin_candidato
drovencentro,"BIODEX  0,3%/0,1%  UNG OFT  7,5G TOBRAMICINA/DEXAMETASONA BIOGLASS",10.264,,sin_match,sin_candidato
drovencentro,"BIODEX 0,30% SOL OFT 5ML TOBRA DEXA BIOGLASS",4.384,,sin_match,sin_candidato
drovencentro,BIODEXA 8MG/2ML 10AMP BIOGLASS,5.8444,,sin_match,sin_candidato
drovencentro,"BIODINA 0,20% SOL OFT 5ML BIOGLASS",6.632,,sin_match,sin_candidato
drovencentro,BIODIP 10MG/50ML SOL INY I.V 1AMP NIMODIPINA BIOGLASS,11.456,,sin_match,sin_candidato
drovencentro,BIODIPINA L.P 30MG  30TAB  BIOMERCY NIFEDIPINA,8.776,,sin_match,sin_candidato
drovencentro,BIOEZ  20MG  30TAB  BIOMERCY ESOMEPRAZOL,6.222,,sin_match,sin_candidato
drovencentro,BIOEZ 40MG 30TAB ESOMEPRAZOL BIOMERCY,7.236,,sin_match,sin_candidato
drovencentro,BIOFENAP 75MG/3ML I.V/I.M 10AMP BIOGLASS,22.896,,sin_match,sin_candidato
drovencentro,BIOFENIT 250MG/5ML IV/IM 10 AMP FENITOINA BIOGLASS,11.3772,,sin_match,sin_candidato
drovencentro,BIOFIXIMA 400MG 5TAB CEFIXIME BIOMERCY,9.824,,sin_match,sin_candidato
drovencentro,BIOFLAZACORT 6MG 30TAB DEFLAZACORT BIOMERCY,14.736,,sin_match,sin_candidato
drovencentro,BIOFLUZ  200MG/100 ML SOL INY I.V 1AMP FLUCONAZOL BIOGLASS,1.584,,sin_match,sin_candidato
drovencentro,BIOFOLIC 10MG/1ML 10AMP BIOGLASS,11.666,,sin_match,sin_candidato
drovencentro,BIOGAVALINA 75MG 30TAB  BIOMERCY PREGABALINA,4.464,,sin_match,sin_candidato
drovencentro,BIOINMUNITY 500MG 60CAPS BIOINFINITY,8.8944,,sin_match,sin_candidato
drovencentro,BIOLETISAN FORTE 50/500MG 20CAPS LETI,12.736,E.F.44.036,matched,score=0.544
drovencentro,BIOLID  600MG/300ML SOL INY I.V 1AMP LINEZOLID BIOGLASS,8.528,,sin_match,sin_candidato
drovencentro,BIOLOX 400MG/100ML SOL INY I.V 1AMP MOXIFLOXACINA BIOGLASS,7.704,,sin_match,sin_candidato
drovencentro,"BIOLTAM  1,5G  POLVO LIOFILIZADO IV/IM 1AMP AMPICILI + SULBAC BIOGLASS",2.24,,sin_match,sin_candidato
drovencentro,BIOMAG 500MG 60CAPS  BIOINFINITY,7.8472,,sin_match,sin_candidato
drovencentro,BIOMAS ADA HYDRO SERUM 30ML SATIVA,11.704,,sin_match,sin_candidato
drovencentro,BIOMAS CREMA CONTORNO DE OJOS 30CM3 SATIVA,7.224,,sin_match,sin_candidato
drovencentro,BIOMAS CREMA FACIAL HIDRA.90cm3 SATIVA,6.992,,sin_match,sin_candidato
drovencentro,BIOMAS CREMA LIMPIADORA FACIAL120GR SATIVA,6.36,,sin_match,sin_candidato
drovencentro,BIOMAS GIGI PROTECTIVE SERUM 30ML SATIVA,11.704,,sin_match,sin_candidato
drovencentro,BIOMAS IVY NUTRI SERMUM 30ML SATIVA,11.704,,sin_match,sin_candidato
drovencentro,BIOMAS MAQUILUMI SERUM  30ML SATIVA,11.704,,sin_match,sin_candidato
drovencentro,BIOMAS PANTALLA SOLAR TONO CLARO 60ML SATIVA,8.296,,sin_match,sin_candidato
drovencentro,BIOMAS TONICO FACIAL 200cm3 SATIVA,7.08,,sin_match,sin_candidato
drovencentro,BIOMIC 500MG POLVO LIOFILIZADO I.V  1AMP CLARITROMICINA BIOGLASS,7.36,,sin_match,sin_candidato
drovencentro,BIOMOD 20MG/1ML SOL INY I.M/I.V 10AMP BUTILB HIOSCINA BIOGLASS,14.152,,sin_match,sin_candidato
drovencentro,"BIOMYCIN  0,3% UNG OFT 7,5G TOBRAMICINA BIOGLASS",9.456,,sin_match,sin_candidato
drovencentro,BIOMYCIN SOLUCION OFTALMICA  5ML BIOGLASS,3.0628,,sin_match,sin_candidato
drovencentro,BIONAPRIL 10MG  30TAB  BIOMERCY ENALAPRIL,1.968,,sin_match,sin_candidato
drovencentro,BIONAPRIL 5MG 30TAB BIOMERCY ENALAPRIL,2.3552,,sin_match,sin_candidato
drovencentro,BIOPAF  0.1% SUSP OFT 5ML NEPAFENAC BIOGLASS,9.232,,sin_match,sin_candidato
drovencentro,BIOPUL 500MG/100ML SOL INY I.V 1AMP LEVOFLOXACINA BIOGLASS,1.584,,sin_match,sin_candidato
drovencentro,BIOREM 1000MG POLVO LIOFILIZADO I.V 1 VIAL MEROPENEM BIOGLASS,9.624,,sin_match,sin_candidato
drovencentro,"BIORIZ 2,5/1,75MG/1,25MG SOL NASAL 15ML CLORF/KANAM/FENILEF BIOGLASS",7.976,,sin_match,sin_candidato
drovencentro,BIORPES 250MG POLVO LIOFILIZADO I.V 1VIAL ACICLOVIR BIOGLASS,5.96,,sin_match,sin_candidato
drovencentro,BIORPES 3% UNG OFT 4.5G ACICLOVIR USP BIOGLASS,7.928,,sin_match,sin_candidato
drovencentro,BIOS BARRA DERMOLIMP ALOE VERA 90GR BIOS,1.16736,,sin_match,sin_candidato
drovencentro,BIOS BARRA DERMOLIMP AVENA Y GLICERINA 90GR BIOS,1.0944,,sin_match,sin_candidato
drovencentro,BIOS BARRA DERMOLIMP BEBES LAVANDA 90GR BIOS,2.4072,,sin_match,sin_candidato
drovencentro,BIOS BARRA DERMOLIMP BEBES MANZANILLA 90GR BIOS,2.71872,,sin_match,sin_candidato
drovencentro,BIOS BARRA DERMOLIMP BEBES NEUTRO 90GR BIOS,2.5488,,sin_match,sin_candidato
drovencentro,BIOS BARRA DERMOLIMP GLICERINA 90GR BIOS,1.11872,,sin_match,sin_candidato
drovencentro,BIOS BARRA DERMOLIMP P GRASA 90GR BIOS,2.60544,,sin_match,sin_candidato
drovencentro,BIOS BARRA DERMOLIMP P SECA 90GR BIOS,2.5488,,sin_match,sin_candidato
drovencentro,BIOS BARRA DERMOLIMP RENOVADORA 90G BIOS,2.5488,,sin_match,sin_candidato
drovencentro,BIOS BARRA DERMOLIMPI NEUTRA 90GR,2.4072,,sin_match,sin_candidato
drovencentro,BIOS BIPROX LOCION ESPUMOSA 400ML BIOS,22.7256,,sin_match,sin_candidato
drovencentro,BIOS BLU BARRA DERMOLIMPIADORA 80G BIOS,2.2392,,sin_match,sin_candidato
drovencentro,BIOS CREMA ANTIPAÑALITIS 200ML BIOS,7.7112,,sin_match,sin_candidato
drovencentro,BIOS CREMA CORPORAL HIDRATANTE 120ML BIOS,8.4168,,sin_match,sin_candidato
drovencentro,BIOS CREMA LIMPIAD HIDRATANTE 60ML BIOS,6.8328,,sin_match,sin_candidato
drovencentro,BIOS MAXPRO BARRA DERMOLIMPIADORA 80G BIOS,2.3636,,sin_match,sin_candidato
drovencentro,BIOS MAXPRO GEL PROTEC SOLAR UVA/UVB TONO CLARO 50ML BIOS,13.89696,,sin_match,sin_candidato
drovencentro,BIOS MAXPRO GEL PROTEC SOLAR UVA/UVB TONO MEDIO 50ML BIOS,12.5664,,sin_match,sin_candidato
drovencentro,BIOS SCRUB FACIAL 120ML BIOS PHARM,13.62624,,sin_match,sin_candidato
drovencentro,BIOS SHAMPOO ANTICAIDA 200ML BIOS,16.3944,,sin_match,sin_candidato
drovencentro,BIOS TONICO ANTICAIDA CAPILAR 120ML BIOS,9.64896,,sin_match,sin_candidato
drovencentro,BIOSONA 500MG IV/IM BIOGLASS,11.88,,sin_match,sin_candidato
drovencentro,BIOTAHISTIN  8MG 30TAB BIOMERCY BETAHISTINA,2.88,,sin_match,sin_candidato
drovencentro,"BIOTALOL 1,25MG 30COMP REC LETI",3.42,E.F.42.096,matched,score=0.705
drovencentro,BIOTALOL 10MG 30COMP REC LETI,10.48,E.F.44.721,matched,score=0.891
drovencentro,"BIOTALOL 2,5MG 10COMP LETI",1.848,E.F.43.579,matched,score=0.924
drovencentro,"BIOTALOL 2,5MG 30COMP REC LETI",4.48,E.F.43.579,matched,score=0.912
drovencentro,BIOTALOL 5MG 10COMP REC LETI,2.2896,E.F.44.717,matched,score=0.903
drovencentro,BIOTALOL 5MG 30COMP REC LETI,6.4152,E.F.44.717,matched,score=0.897
drovencentro,"BIOTALOL HCT 10MG-6,25MG 30 COMP REC LETI",11.936,,sin_match,sin_candidato
drovencentro,"BIOTALOL HCT 2,5MG-6,25MG 30 COMP REC LETI",7.672,E.F.43.579,matched,score=0.921
drovencentro,"BIOTIC HC SOL OFT 5ML CIPROFL 0,2% HIDROC 1% BIOGLASS",7.8,,sin_match,sin_candidato
drovencentro,"BIOTILOL 0,50% SOL OFT 10ML TIMOLOL BIOGLASS",3.5568,,sin_match,sin_candidato
drovencentro,BIOTIN COMPLEX 30 CAPS NATURLIFES,6.768,,sin_match,sin_candidato
drovencentro,BIOTINA 5000MCG  60CAP NOW,14.944,,sin_match,sin_candidato
drovencentro,BIOTINA 5000MCG 30CAP VEGETALES  VAL,9.766,,sin_match,sin_candidato
drovencentro,BIOTINA COMPLEX + CALCIO + ZINC  30CAPS NATURISTIK,6.444,,sin_match,sin_candidato
drovencentro,BIOTINA COMPLEX + CALCIO + ZINC  60CAPS NATURISTIK,9.4248,,sin_match,sin_candidato
drovencentro,BIOTRIZINA 1% CR TOP 30 GR BIOESTERIL,6.952,,sin_match,sin_candidato
drovencentro,BIOZARTAN 50MG  30TAB BIOMERCY LOSARTAN,0.7328,,sin_match,sin_candidato
drovencentro,BIOZOL 40MG  1 AMP I.V BIOGLASS,1.968,,sin_match,sin_candidato
drovencentro,BIPRIN 300MG 10CAPS BLANDAS VIVAX,7.064,,sin_match,sin_candidato
drovencentro,"BIPROLIL 1,25MG 30COMP REC BISOPROLOL VARGAS",3.872,,sin_match,sin_candidato
drovencentro,"BIPROLIL 2,5MG 30COMP REC BISOPROLOL VARGAS",4.256,,sin_match,sin_candidato
drovencentro,"BIPROLIL 2,5MG/6,25MG  30COMP REC BISOPROLOL VARGAS",5.904,,sin_match,sin_candidato
drovencentro,BIPROLIL 2.5MG X 15 COMP REC BISOPROLOL,2.592,E.F.41.847,matched,score=0.763
drovencentro,BIPROLIL 5MG 30COMP REC BISOPROLOL VARGAS,5.4288,,sin_match,sin_candidato
drovencentro,"BIPROLIL HCT 5MG/6,25MG 30COMP REC  VARGAS",9.848,,sin_match,sin_candidato
drovencentro,BIRGIT 100MG  10COMP REC SITAGLIPTINA,4.184,,sin_match,sin_candidato
drovencentro,BIRGIT 100MG  30 COMP REC SITAGLIPTINA,15.384,,sin_match,sin_candidato
drovencentro,BIRGIT PLUS 50/1000 MG  30COMP REC SITAGLIP+METFOR,22.6984,,sin_match,sin_candidato
drovencentro,BIRGIT PLUS 50/500MG  30 COMP REC SITAGLIP+METFOR,10.952,,sin_match,sin_candidato
drovencentro,BIRGIT PLUS 50MG/850MG  30COMP REC MEGALABS,23.018,,sin_match,sin_candidato
drovencentro,BISACODILO 5MG  10TAB DULCOXUNI,1.784,,sin_match,sin_candidato
drovencentro,BISACODILO 5MG  10TAB FARMAMED,1.87347,,sin_match,sin_candidato
drovencentro,BISACODILO 5MG  10TAB KMPLUS,1.7052,,sin_match,sin_candidato
drovencentro,BISACODILO 5MG  10TAB QUIM-FAR,1.24837,,sin_match,sin_candidato
drovencentro,BISACODYL  5MG  10TAB ARTE MEDICO,2.064,,sin_match,sin_candidato
drovencentro,"BISMUALIV 87,33/5ML SUSP 150ML PORTUGAL",4.624,,sin_match,sin_candidato
drovencentro,BISOBLOC 10MG   30TAB GLOBAL FARMA,7.42016,,sin_match,sin_candidato
drovencentro,"BISOBLOC 2,5MG 30TAB GLOBAL FARMA",4.86464,,sin_match,sin_candidato
drovencentro,BISOBLOC 5MG  30TAB GLOBAL FARMA,6.35712,,sin_match,sin_candidato
drovencentro,"BISOBLOC H 10MG/6,25MG 30TAB GLOBAL FARMA",9.06752,,sin_match,sin_candidato
drovencentro,"BISOBLOC HCT 2,5/6,25MG 30TAB GLOBAL FARMA",6.0896,,sin_match,sin_candidato
drovencentro,"BISOBLOC HCT 5MG/6,25MG 30TAB GLOBAL FARMA",8.75072,,sin_match,sin_candidato
drovencentro,"BISOLOL 2,5MG  30TAB BISOPROLOL  DPT",2.50378,,sin_match,sin_candidato
drovencentro,BISOLOL 5MG 30TAB BISOPROLOL DPT,3.8433,,sin_match,sin_candidato
drovencentro,BISOPROLOL 1.25MG 20 COMP REC SPEFAR CHICLIGHT,3.5752,E.F.G.42.418,matched,score=0.900
drovencentro,BISOPROLOL 10MG  30TAB CALOX,12.696,E.F.G.43.801,matched,score=0.900
drovencentro,BISOPROLOL 10MG 30TAB ANGELUS,2.352,,sin_match,sin_candidato
drovencentro,"BISOPROLOL 2,5 MG X 30 TAB CALOX",4.2,E.F.G.39.139,matched,score=0.916
drovencentro,"BISOPROLOL 2,5MG 30TAB ANGELUS",1.5264,,sin_match,sin_candidato
drovencentro,BISOPROLOL 2.5MG  10TAB KMPLUS,1.1424,,sin_match,sin_candidato
drovencentro,BISOPROLOL 5MG 20COMP SPEFAR,3.71296,E.F.G.42.420,matched,score=0.902
drovencentro,BISOPROLOL 5MG 30TAB ANGELUS,2.24,,sin_match,sin_candidato
drovencentro,BISOPROLOL 5MG 30TABL CALOX,6.264,E.F.G.36.891,matched,score=0.908
drovencentro,BISOPROLOL FUM 2.5MG 30TAB ALESS,2.11998,,sin_match,sin_candidato
drovencentro,BISOPROLOL FUM 5MG 30TAB ALESS,2.74444,,sin_match,sin_candidato
drovencentro,BISOPROLOL FUMARATO 10MG 20 COMP REC CHICLIGHT SPEFAR,3.81792,E.F.G.42.429,matched,score=0.902
drovencentro,"BISOPROLOL FUMARATO 2,5MG 30COMP REC LETI",4.312,E.F.G.39.033,matched,score=0.731
drovencentro,BISOPROLOL FUMARATO 2.5MG 20 COMP CHICLIGHT SPEFAR,3.61456,E.F.G.42.419,matched,score=0.923
drovencentro,BISOPROLOL FUMARATO 5MG 30COMP REC LETI,5.856,E.F.G.39.034,matched,score=0.910
drovencentro,BISOPROLOL HCL 2.5MG/6.25MG 15TAB ALESS,0.9621,,sin_match,sin_candidato
drovencentro,"BISOPROLOL HCT 5MG/6,25MG 20COMP SPEFAR",3.47024,,sin_match,sin_candidato
drovencentro,"BISOPROLOL HIDROCLOROTIAZIDA 10MG/6,25MG 20COMP SPEFAR",3.66048,,sin_match,sin_candidato
drovencentro,BITEX 30 TAB CAP NATURLIFES,5.416,,sin_match,sin_candidato
drovencentro,BITRILVA 50MG 30TAB SACUBRIL/VALSARTAN ZORIAK,21.22076,,sin_match,sin_candidato
drovencentro,BLANC D'OR SHAMPOO VIOLETA MATIZADOR 200CM3 ARNAMAR,4.048,,sin_match,sin_candidato
drovencentro,BLOCAX 16MG 10TAB BIOTECH,3.17344,E.F.40.147,matched,score=0.902
drovencentro,BLOCAX 16MG EST 30TAB BIOTECH,5.8,E.F.40.147,matched,score=0.886
drovencentro,BLOCAX 8MG 10TAB BIOTECH,1.9008,E.F.41.273,matched,score=0.910
drovencentro,BLOCAX 8MG 30TAB BIOTECH,5.112,E.F.41.273,matched,score=0.910
drovencentro,"BLOCAX PLUS 16MG/12,5MG 10TAB BIOTECH",4.92,E.F.40.147,matched,score=0.889
drovencentro,"BLOCAX PLUS 16MG/12,5MG 30TAB BIOTECH",10.01664,E.F.40.147,matched,score=0.889
drovencentro,BLOKXA 10MG 28TAB CALOX,12.824,,sin_match,sin_candidato
drovencentro,BLOKXA 10MG X 14 TAB RIVAROXABAN,5.296,,sin_match,sin_candidato
drovencentro,BLOKXA 15MG 14TAB CALOX,8.568,,sin_match,sin_candidato
drovencentro,BLOKXA 15MG 28TAB CALOX,19.592,,sin_match,sin_candidato
drovencentro,BLOKXA 20MG 14TAB CALOX,9.824,,sin_match,sin_candidato
drovencentro,BLOKXA 20MG 28TAB CALOX,23.928,,sin_match,sin_candidato
drovencentro,BLUDHES DIOSM+HESPER 450MG/50MG  30TAB REC BLUE MEDICAL,10.152,,sin_match,sin_candidato
drovencentro,BLUDIPIN LP  30MG  30TAB REC NIFEDIPINA  BLUE MEDICAL,4.24,,sin_match,sin_candidato
drovencentro,BLUXCEDRIN 10TAB REC BLUE MEDICAL,1.152,,sin_match,sin_candidato
drovencentro,BOLSA  DE ORINA PEDIATRICO 100ML 100UND BRIUTCARE,28.64992,,sin_match,sin_candidato
drovencentro,BOLSA DE ORINA 2000 ML CON VALVULA T BRIUTCARE,1.848,,sin_match,sin_candidato
drovencentro,BOLSA DE RECOLECCION DE ORINA PED 100ML 100UND GIDAGUS,20.304,,sin_match,sin_candidato
drovencentro,BOLSA RECOLECTORA DE ORINA 2000ML 10UND SAGLAM JMW,4.504,,sin_match,sin_candidato
drovencentro,BOLSA RECOLECTORA DE ORINA PED 200ML 100UND SAGLAM JMW,15.336,,sin_match,sin_candidato
drovencentro,BOMBONES CORAZON FOIL BOLSA 120G ST MORITZ,3.152,,sin_match,sin_candidato
drovencentro,BONAC GEL 4%  30G ROEMMERS,8.74,,sin_match,sin_candidato
drovencentro,BONAMES 150MG 1TAB REC FARMA,3.58614,E.F.37.009,matched,score=0.895
drovencentro,BONITROP 100MG 20TAB REC COFASA,6.024,,sin_match,sin_candidato
drovencentro,BOROCANFOR COOL POLVO 120G VITA,4.944,,sin_match,sin_candidato
drovencentro,BOTELL MASK AEROCAMARA MULTIUSOS,21.38256,,sin_match,sin_candidato
drovencentro,BRAL 500MG 100TAB BIOTECH,14.936,E.F.16.263,matched,score=0.907
drovencentro,BRAL 500MG 20TAB BIOTECH,3.744,E.F.16.263,matched,score=0.905
drovencentro,BRASARTAN 80MG 30CAPS FARMA,12.47646,E.F.41.912,matched,score=0.904
drovencentro,"BRASARTAN CTDN 160MG/12,5MG 30TAB REC FARMA",25.3032,E.F.42.373,matched,score=0.928
drovencentro,BRASARTAN CTDN 80MG/12.5MG 10TAB FARMA,5.48765,E.F.42.224,matched,score=0.936
drovencentro,BRASARTAN CTDN 80MG/12.5MG 30TAB FARMA,15.11186,E.F.42.224,matched,score=0.936
drovencentro,BREINOX 800MG 30TAB,9.75766,E.F.22.276,matched,score=0.868
drovencentro,BRESIS 600MG  20COMP REC MEGALABS,5.9472,E.F.43.812,matched,score=0.895
drovencentro,BREXIN 100MG/ML SOL GOTAS PED 15ML COFASA,2.7208,E.F.21.818,matched,score=0.909
drovencentro,BREXIN JBE 180MG/5ML 120ML COFASA,1.76,,sin_match,sin_candidato
drovencentro,"BRIMOPRESS 0,2% SOL 5ML MEDIHEALTH",11.8184,,sin_match,sin_candidato
drovencentro,"BRIXIA 0,05% SOL OFT  6ML",10.3564,,sin_match,sin_candidato
drovencentro,BROFLEMA 4MG/5ML SOL ORAL PED 120ML BIOTECH,2.2,E.F.43.576,matched,score=0.848
drovencentro,BROLAT 5MG/30MG 10TAB SIEGFRIED,4.176,E.F.40.193,matched,score=0.904
drovencentro,BROLAT 5MG/30MG SOL ORAL 60ML SIEGFRIED,5.0688,E.F.40.193,matched,score=0.922
drovencentro,BROMECOR 4MG/5ML JBE PED 120ML BIOQUIMICA,2.9232,,sin_match,sin_candidato
drovencentro,BROMEXINA  4MG/5ML JBE 100ML ZUZU,3.2192,,sin_match,sin_candidato
drovencentro,BROMEXINA 4MG JBE 100ML COFASA,1.624,,sin_match,sin_candidato
drovencentro,BROMEXINA 4MG/5ML JBE 120 PED LA SANTE,3.2704,,sin_match,sin_candidato
drovencentro,BROMEXINA 4MG/5ML JBE 120ML QUIM-FAR,1.70642,E.F.G.42.603,matched,score=0.852
drovencentro,BROMEXINA 4MG/5ML JBE PED 120ML BIOQUIMICA,3.132,,sin_match,sin_candidato
drovencentro,BROMEXINA 8MG/5ML JBE 120ML POLINAC,2.9488,,sin_match,sin_candidato
drovencentro,BROMEXINA 8MG/5ML JBE 120ML QUIM-FAR,1.72828,,sin_match,sin_candidato
drovencentro,BROMEXINA 8MG/5ML JBE AD 120ML BIOQUIMICA,2.9512,,sin_match,sin_candidato
drovencentro,BROMEXINA BEXILON 4MG 120ML PLUSANDEX,2.40876,,sin_match,sin_candidato
drovencentro,BROMURO DE IPRATROPIO 20MCG INH 200DOSIS DISTRILAB,15.8016,,sin_match,sin_candidato
drovencentro,BROMURO DE IPRATROPIO AER 20MCG  200DOSIS BIO DE VZLA,5.4236,,sin_match,sin_candidato
drovencentro,"BROMURO DE IPRATROPIO/FENOTEROL 0,25/0,50MG SOL INH 10ML CORPOMECA",5.752,,sin_match,sin_candidato
drovencentro,BROMURO IPRATROPIO 20MCG INH 200 DOSIS  KMPLUS,12.88352,,sin_match,sin_candidato
drovencentro,BRONCOGREEN  JBE 180ML GREEN CHOICE,5.848,,sin_match,sin_candidato
drovencentro,"BRONGLASS 0,25MG/1ML SUSP INH 20ML BROM IPRAT BIOGLASS",5.76,,sin_match,sin_candidato
drovencentro,"BRONGLASS PLUS 0,25/0,5MG/1ML SUSP INH 15ML BROM IPRAT/FENOT BIOGLASS",9.28,,sin_match,sin_candidato
drovencentro,BROSIDUAL 100/300MG 10CAPS BROM PINAV/SIMETI DISKAM,10.032,,sin_match,sin_candidato
drovencentro,BROXOL ALERG 30/5MG/5ML JAB 100ML PHARMETIQUE C,6.12,,sin_match,sin_candidato
drovencentro,BROXOL FLEM AD 750MG/15ML JARABE 120ML PHARMETIQUE C,6.086,,sin_match,sin_candidato
drovencentro,BROXOL FLEM PED 100ML/5ML JARABE 120ML PHARMETIQUE C,5.474,,sin_match,sin_candidato
drovencentro,BROXOL S/AZUCAR JBE AD 120ML PHARMETIQUE C,5.01552,,sin_match,sin_candidato
drovencentro,BROXOL S/AZUCAR JBE PED 120ML PHARMETIQUE C,4.5288,,sin_match,sin_candidato
drovencentro,BROXOLGRIP 125MG-1MG/5ML JBE 120ML PHARMETIQUE C,5.4468,,sin_match,sin_candidato
drovencentro,BRUCEN ADULCARE BODY LOT 250ML,8.68314,,sin_match,sin_candidato
drovencentro,BRUCEN ADULCARE BODY LOT 400ML,12.3554,,sin_match,sin_candidato
drovencentro,BRUCEN ADULCARE DERMOPROTEC 100G BRUPHARM,6.68325,,sin_match,sin_candidato
drovencentro,BRUCEN ADULCARE DERMOREST 30G CENTELLA ASIATICA BRUPHARM,6.61195,,sin_match,sin_candidato
drovencentro,BRUCEN ANTI ACNE GEL HIDRATANTE PARA PIELES GRASAS 120ML,8.06786,,sin_match,sin_candidato
drovencentro,BRUCEN BARRA DERMOLIMPIADORA PARA NIÑOS 90GR,4.06866,,sin_match,sin_candidato
drovencentro,BRUCEN BARRA HYDRO CLEAN  PIEL SECA 90GR,4.06866,,sin_match,sin_candidato
drovencentro,BRUCEN BARRA HYDRO CLEAN PIEL GRASA 90GR,4.06866,,sin_match,sin_candidato
drovencentro,BRUCEN BARRA HYDRO CLEAN PIEL MIXTA 90GR,4.06866,,sin_match,sin_candidato
drovencentro,BRUCEN DIA-B SKIN CR CORPORAL EXTRAHIDRATANTE 220ML,9.8081,,sin_match,sin_candidato
drovencentro,BRUCEN DIA-B SKIN CREMA RESTAURADORA PARA PIES 80GR,5.97217,,sin_match,sin_candidato
drovencentro,BRUCEN DIA-B SKIN LOCION LIMPIADORA 250ML,8.05822,,sin_match,sin_candidato
drovencentro,BRUCEN ENJUAGUE BUCAL MENTA 250ML,2.92765,,sin_match,sin_candidato
drovencentro,BRUCEN GEL CREMA ANTIACNE 20GR,5.7065,,sin_match,sin_candidato
drovencentro,BRUCEN HYDRO AGE 50G  PANTALLA SOLAR CON AC HIALURO,20.18891,,sin_match,sin_candidato
drovencentro,BRUCEN HYDRO AGE 80G CR NUTRITIVA CON AC HIALURO,10.42942,,sin_match,sin_candidato
drovencentro,BRUCEN HYDRO BODY LOTION 250ML,8.99822,,sin_match,sin_candidato
drovencentro,BRUCEN HYDRO BODY LOTION 400ML,11.90719,,sin_match,sin_candidato
drovencentro,BRUCEN HYDRO GEL HIDRATANTE PARA PIEL GRASAS 120 ML,9.35928,,sin_match,sin_candidato
drovencentro,BRUCEN PANTALLA SOLAR CUERPO 100G,14.97179,,sin_match,sin_candidato
drovencentro,BRUCEN PSO SKIN GEL SYNDET UREA 12% LIMPIADOR CORPORAL 250 ML,9.36932,,sin_match,sin_candidato
drovencentro,BRUCEN PSO-SKIN UREA 10% EXTRAHIDRA 400ML,14.20911,,sin_match,sin_candidato
drovencentro,BRUCEN PSO-SKIN UREA 12% CREMA EMOLOENT,10.63846,,sin_match,sin_candidato
drovencentro,BRUCETIN CREMA DERMOPROTECTORA 50G,6.32279,,sin_match,sin_candidato
drovencentro,BRUCETIN KIDS CR NUTRITIVA PANTENOL 80GR,7.05515,,sin_match,sin_candidato
drovencentro,BRUCETIN PANTALLA SOLAR CUERPO 80G,12.64698,,sin_match,sin_candidato
drovencentro,BRUCETIN UNG CORPORAL REP 80GR,9.03678,,sin_match,sin_candidato
drovencentro,BRUDOL 200MG/65MG 20COM RE ELMOR,2.64992,E.F.41.040,matched,score=0.896
drovencentro,BRUDOL 400MG/65MG 20COMP REC ELMOR,3.27712,E.F.40.856,matched,score=0.892
drovencentro,BRUGESIC 200MG 10COMP REC ELMOR,1.50528,E.F.36.416,matched,score=0.894
drovencentro,BRUGESIC 400MG 10COMP ELMOR,1.79536,E.F.19.149,matched,score=0.899
drovencentro,BRUGESIC 600MG 10COMP ELMOR,3.01056,E.F.29.895,matched,score=0.901
drovencentro,BRUGESIC FORTE 200MG/5ML SUSP 60ML ELMOR,3.28496,E.F.36.416,matched,score=0.925
drovencentro,BRUGESIC FORTE 800MG 10COMP ELMOR,6.05248,E.F.40.290,matched,score=0.919
drovencentro,BRUGESINA 300MG/10MG 10COMP ELMOR,4.85296,,sin_match,sin_candidato
drovencentro,BRULSAR 25MG INHALADOR 120 DOSIS FARMA HISPANA,20.4696,,sin_match,sin_candidato
drovencentro,BUCALEX 3MG 10CARAMELOS BENCIDIAMINA CLORHI DISKAM,4.232,,sin_match,sin_candidato
drovencentro,BUCOFAINA MIEL LIMON 3MG 12 PASTILLAS MAGNALAB,2.10204,,sin_match,sin_candidato
drovencentro,"BUCOXOLGAR 0,15-0,25% FRUT ROJOS SOL TOP 120ML PHARMETIQUE C",4.4676,,sin_match,sin_candidato
drovencentro,"BUCOXOLGAR 0,15-0,25% MIEL SOL TOP 120ML PHARMETIQUE C",4.2048,,sin_match,sin_candidato
drovencentro,BUCOXOLGAR 3MG/1MG FRUTOS ROJOS 10TAB MAST PHARMETIQUE C,2.8544,,sin_match,sin_candidato
drovencentro,BUCOXOLGAR 3MG/1MG MENTA-FRESCA 10TAB MAST PHARMETIQUE C,2.8544,,sin_match,sin_candidato
drovencentro,BUCOXOLGAR 3MG/1MG MIEL-LIMON  10TAB MAST PHARMETIQUE C,2.8544,,sin_match,sin_candidato
drovencentro,BUDECORT 1MG/ML SUSP P/INH 15ML OFTALMI,9.768,E.F.30.917,matched,score=0.913
drovencentro,BUDEMET 400 400/12MCG  30CAPS BUDESO/FORMOT NEOPHARMA,29.192,,sin_match,sin_candidato
drovencentro,BUDENAS 100MCG ATOMIZADOR NASAL 200 DOSIS OFTALMI,13.144,,sin_match,sin_candidato
drovencentro,BUDEPLUS X 60 CAP DURAS BUDESO/FORMOT,24.9241,,sin_match,sin_candidato
drovencentro,BUDESONIDA 200MCG INH 140DOSIS FELIRNI,10.376,,sin_match,sin_candidato
drovencentro,BUDESONIDA 200MCG INH 200 DOSIS BIUMAK,11.39808,,sin_match,sin_candidato
drovencentro,BUDESONIDA 200MCG INH 200 DOSIS MEDRIKHA,8.616,,sin_match,sin_candidato
drovencentro,BUDESONIDA 200MCG INH 200 DOSIS REMENY,15.328,,sin_match,sin_candidato
drovencentro,BUDESONIDA 200MCG INH 200DOSIS DISTRILAB,10.3572,,sin_match,sin_candidato
drovencentro,BUDESONIDA 50MCG/DOSIS 200 DOSIS MEDIFARM,17.03824,,sin_match,sin_candidato
drovencentro,BUMELEX 0.5MG 3 AMP 2ML*,8.9964,E.F.24.616,matched,score=0.772
drovencentro,BUMELEX 1MG  16 COMP ROWE,6.8936,E.F.22.582,matched,score=0.748
drovencentro,BUMELEX 1MG  30COMP ROWE,16.0072,E.F.22.582,matched,score=0.900
drovencentro,BUMETIN RETARD 300MG 20TAB PHARMETIQUE,9.7104,,sin_match,sin_candidato
drovencentro,BUNOCORT 1MG/ML GOTAS 15ML BUDESONIDA ADN,5.8608,,sin_match,sin_candidato
drovencentro,BUPIGLASS SIMPLE 50MG/10ML SOL INY 10AMP BIOGLASS,19.136,,sin_match,sin_candidato
drovencentro,BUSCORON 10 X 10MG  20TAB UNIPHARMA,3.68,,sin_match,sin_candidato
drovencentro,BUSIMA 10MG 10TAB BUTILBROMURO VERMA,2.008,,sin_match,sin_candidato
drovencentro,BUSIMA KIDS 5MG/ML SOL ORAL 20ML BUTILBROMURO VERMA,5.256,,sin_match,sin_candidato
drovencentro,BUTAL 8MG  10TAB REC SIEGFRIED,4.7728,E.F.43.035,matched,score=0.901
drovencentro,BUTIL BROMURO DE HIOSCINA 10MG 10TAB 10 BLISTER BIO DE VZLA,16.062,,sin_match,sin_candidato
drovencentro,BUTILAMINA 20TAB REC PLUSANDEX,5.30817,,sin_match,sin_candidato
drovencentro,BUTILATT  FEM  200MG/10MG 10TAB IBUPROF HIOSCINA LATTAN MEDIC,4.80624,,sin_match,sin_candidato
drovencentro,BUTILATT 10MG 10TAB BUTILBRO HIOSCI  LATTAN MEDIC,4.5756,,sin_match,sin_candidato
drovencentro,BUTILATT 5MG/5ML SOL ORAL GOTAS 20ML LATTAN,2.88672,,sin_match,sin_candidato
drovencentro,BUTILATT PLUS 500MG/10MG 10TAB ACETAMI+HIOSCINA LATTAN MEDIC,4.92528,,sin_match,sin_candidato
drovencentro,BUTILBROMURO DE HIOSCINA 10MG 10 TAB BLUE MEDICAL,4.032,,sin_match,sin_candidato
drovencentro,BUTILBROMURO DE HIOSCINA/PARACETAMOL 10MG/325MG 10 TAB MEDICAL GROUP,3.5696,,sin_match,sin_candidato
drovencentro,BUTILBROMURO HIOSCINA 10MG 14TAB  LATTAN MEDIC,3.43728,,sin_match,sin_candidato
drovencentro,BUTOSOL 100MCG/50MCG INH 200DOSIS MEDIFARM,16.04064,,sin_match,sin_candidato
drovencentro,BUTROPINA SOL GOTAS 5MG/ML 20ML VINCENTI,5.35224,,sin_match,sin_candidato
drovencentro,CABERGOLINA 0.5MG  4TAB UNIPHARMA CABERGUNI,7.952,,sin_match,sin_candidato
drovencentro,CABERGOLINA 0.5MG 4TAB BIOGLASS,7.432,,sin_match,sin_candidato
drovencentro,CABESTRILLO C/BOLSA AD AZUL FORMA ELASTICA,19.992,,sin_match,sin_candidato
drovencentro,CABESTRILLO C/BOLSA AD FUCSIA FORMA ELASTICA,19.992,,sin_match,sin_candidato
drovencentro,CABESTRILLO C/BOLSA PED NIÑA FORMA ELASTICA,16.504,,sin_match,sin_candidato
drovencentro,CABESTRILLO C/BOLSA PED NIÑO FORMA ELASTICA,16.504,,sin_match,sin_candidato
drovencentro,CALCIBON 315MG/800UI + VIT D 30TAB FARMA,11.50903,E.F.30.197,matched,score=0.602
drovencentro,CALCIBON SUPRA 30TAB MASTI FARMA,9.67426,E.F.37.021,matched,score=0.581
drovencentro,CALCIBONNATAL FORTE 30TAB REC,8.67848,,sin_match,sin_candidato
drovencentro,CALCIFOR PRENATAL  30TAB  PHARMATECH,10.2088,,sin_match,sin_candidato
drovencentro,CALCIO 1500 MG VIT D 300 UI 60 TAB  PREVENTUD,14.768,,sin_match,sin_candidato
drovencentro,CALCIO MAGNESIO ZINC MAS VITAMINA D 60TAB DROVENPLUS,6.032,,sin_match,sin_candidato
drovencentro,CALCIO MAGNESIO ZINC VIT D 30TAB VAL,10.3284,,sin_match,sin_candidato
drovencentro,CALCIO VIT D3 60CAPS BLAN ARCOIRIS,8.8,,sin_match,sin_candidato
drovencentro,CALCIO-VIT D 600MG/200 UI 30TAB VAL,9.6444,,sin_match,sin_candidato
drovencentro,CALCIUM CITRATE MAGNESIUM ZINC 600/15MG  100TAB NOW,18.28,,sin_match,sin_candidato
drovencentro,CALOSTRO DE BOVINO 400MG 60CAPS  BLAN ABEJITA,11.9544,,sin_match,sin_candidato
drovencentro,CALOSTRO PLUS 500MG 60CAPS PREVENTUD,21.536,,sin_match,sin_candidato
drovencentro,CALOXPIRINA 81MG 30TAB CALOX,2.336,,sin_match,sin_candidato
drovencentro,CAMOLYN PLUS 0.012% SOL OFT 15ML  OFTALMI,4.696,E.F.44.702,matched,score=0.574
drovencentro,CAMPAL 1% CREMA 20GR SIEGFRIED,7.334,E.F.44.634,matched,score=0.594
drovencentro,CAMPAL 1.16% GEL  25GR SIEGFRIED,4.5144,E.F.43.646,matched,score=0.710
drovencentro,CAMPAL 1.16% GEL 50GR SIEGFRIED,7.208,E.F.43.646,matched,score=0.710
drovencentro,CAMPAL CREMA 1% 50 GR SIEGFRIED,11.5672,E.F.44.634,matched,score=0.578
drovencentro,CANDEPRA-16 16MG 28 COMP REC ADN CANDESARTAN,2.3472,,sin_match,sin_candidato
drovencentro,CANDEPRA-8  8MG 28 COMP REC ADN CANDESARTAN,1.6272,,sin_match,sin_candidato
drovencentro,CANDER 16MG 10TAB VALMORCA,3.996,E.F.G.35.007,matched,score=0.878
drovencentro,CANDER 16MG 30TAB VALMORCA,10.4688,E.F.G.35.007,matched,score=0.878
drovencentro,CANDER 32MG 15 TAB VALMORCA,8.0256,E.F.41.061,matched,score=0.703
drovencentro,CANDER 32MG 30TAB VALMORCA,15.8256,E.F.41.061,matched,score=0.718
drovencentro,CANDER 8MG 30TAB VALMORCA,7.2576,E.F.37.346,matched,score=0.727
drovencentro,"CANDER HCT 16MG/12,5MG 30TAB VALMORCA",12.924,E.F.G.35.007,matched,score=0.691
drovencentro,CANDESARTAN 16MG  30TAB ANGELUS,2.464,,sin_match,sin_candidato
drovencentro,CANDESARTAN 16MG  30TAB DISTRILAB,2.84832,,sin_match,sin_candidato
drovencentro,CANDESARTAN 16MG 10 COMP LETI,2.592,E.F.G.43.971,matched,score=0.911
drovencentro,CANDESARTAN 16MG 10TAB GENCER,2.5312,E.F.G.35.007,matched,score=0.901
drovencentro,CANDESARTAN 16MG 10TAB LA SANTE,2.6928,,sin_match,sin_candidato
drovencentro,CANDESARTAN 16MG 30COMP LETI,7.816,E.F.G.43.971,matched,score=0.904
drovencentro,CANDESARTAN 16MG 30TAB CALOX,7.544,,sin_match,sin_candidato
drovencentro,CANDESARTAN 16MG 30TAB DAC55,2.90041,,sin_match,sin_candidato
drovencentro,CANDESARTAN 16MG 30TAB GENCER,5.9976,E.F.G.35.007,matched,score=0.901
drovencentro,CANDESARTAN 16MG 30TAB LA SANTE,7.8812,,sin_match,sin_candidato
drovencentro,CANDESARTAN 16MG 30TABL FELIRNI,3.248,,sin_match,sin_candidato
drovencentro,CANDESARTAN 8MG  30COMP ZUZU,6.4,,sin_match,sin_candidato
drovencentro,CANDESARTAN 8MG 10 COMP LETI,2.256,E.F.G.32.214,matched,score=0.729
drovencentro,CANDESARTAN 8MG 10TAB GENCER,2.512,E.F.37.346,matched,score=0.898
drovencentro,CANDESARTAN 8MG 10TAB LA SANTE,2.1216,,sin_match,sin_candidato
drovencentro,CANDESARTAN 8MG 30 COMP LETI,6.04,E.F.G.32.214,matched,score=0.729
drovencentro,CANDESARTAN 8MG 30COMP REC SPEFAR,3.86384,E.F.G.42.750,matched,score=0.889
drovencentro,CANDESARTAN 8MG 30TAB ANGELUS,1.7472,,sin_match,sin_candidato
drovencentro,CANDESARTAN 8MG 30TAB CALOX,5.6,,sin_match,sin_candidato
drovencentro,CANDESARTAN 8MG 30TAB GENCER,4.3064,E.F.37.346,matched,score=0.898
drovencentro,CANDESARTAN 8MG 30TABL FELIRNI,3.176,,sin_match,sin_candidato
drovencentro,CANDETIQUE 16MG 30TAB PHARMETIQUE,10.3632,,sin_match,sin_candidato
drovencentro,CANDEX 16MG 30TAB CANDESARTAN SUPLIMEDIC,2.704,,sin_match,sin_candidato
drovencentro,"CANDEXIL PLUS 32MG/12,5MG 28TAB DOROPHARMA",12.85395,,sin_match,sin_candidato
drovencentro,CANDIDA SUPPORT 90 CAP NOW,32.176,,sin_match,sin_candidato
drovencentro,CANFIR LP 500MG 30COMP LETI,14.44,,sin_match,sin_candidato
drovencentro,CANFIR LP 750MG 30COMP LETI,15.632,,sin_match,sin_candidato
drovencentro,CANTIP 16 MG COMP 30 FC PHARMA,6.732,,sin_match,sin_candidato
drovencentro,CANTIP 8 MG COMP 30 FC PHARMA,5.6304,,sin_match,sin_candidato
drovencentro,CANULA NASAL PEDIATRICO PRIMA SALUD,3.08,,sin_match,sin_candidato
drovencentro,CAPTOPRIL 25 MG 30TAB KIMICEG,3.21376,E.F.G.28.953,matched,score=0.941
drovencentro,CAPTOPRIL 25MG 10BLT 10TAB BALAXI,4.0128,,sin_match,sin_candidato
drovencentro,CAPTOPRIL 25MG 20TAB KIMICEG,2.43024,E.F.G.28.953,matched,score=0.902
drovencentro,CAPTOPRIL 25MG 20TAB LA SANTE,2.8928,,sin_match,sin_candidato
drovencentro,CAPTOPRIL 25MG 30COMP GENVEN,3.976,E.F.G.25.978,matched,score=0.884
drovencentro,CAPTOPRIL 50MG  10TAB KMPLUS,0.83448,,sin_match,sin_candidato
drovencentro,CAPTOPRIL 50MG 10BLT 10TAB  BALAXI,5.7304,,sin_match,sin_candidato
drovencentro,CAPTOPRIL 50MG 30TAB CALOX,3.608,E.F.G.25.737,matched,score=0.904
drovencentro,CARBAMAZEPINA 200MG  10TAB ARTE MEDICO,2.256,,sin_match,sin_candidato
drovencentro,CARBAMAZEPINA 200MG  10TAB KMPLUS,1.7696,,sin_match,sin_candidato
drovencentro,CARBAMAZEPINA 200MG  10TAB PROGRETAZ DROVENCA,1.904,,sin_match,sin_candidato
drovencentro,CARBAMAZEPINA 200MG  20TAB FARMAMED,2.18572,,sin_match,sin_candidato
drovencentro,CARBAMAZEPINA 200MG 20TAB DAC55,3.62551,,sin_match,sin_candidato
drovencentro,CARBAMAZEPINA 200MG 30BLT 10TAB MULTIPACK LAPROFF,96.344,,sin_match,sin_candidato
drovencentro,CARBAMAZEPINA 200MG 30COMP LETI,6.144,E.F.G.36.838,matched,score=0.866
drovencentro,CARBAMAZEPINA 200MG 30TAB ANGELUS,3.744,,sin_match,sin_candidato
drovencentro,CARBAMAZEPINA 400MG 30TAB ANGELUS,7.6544,,sin_match,sin_candidato
drovencentro,"CARBATIL 12,5MG 10TAB BIOTECH",1.984,E.F.33.422,matched,score=0.922
drovencentro,CARBETAL 16MG 30TAB COFASA,3.50208,E.F.43.807,matched,score=0.900
drovencentro,CARBETAL 8MG 30TAB COFASA,2.6424,E.F.43.806,matched,score=0.908
drovencentro,CARBIOLOL 25MG 30TAB CARVEDILOL BIOMERCY,3.568,,sin_match,sin_candidato
drovencentro,CARBOCERO  60CAPS HERBAPLANT,9.3092,,sin_match,sin_candidato
drovencentro,CARBONATO DE LITIO 300MG 20CAP BIOTECH,3.544,E.F.G.32.430,matched,score=0.936
drovencentro,CARBONATO DE LITIO 300MG 20CAP FARMAMED,2.34184,,sin_match,sin_candidato
drovencentro,CARBOXYMETIL CELLULOSSE 0.5% 5ML SOL OFT  ZIEL PHARMA,2.56,,sin_match,sin_candidato
drovencentro,CARDELIX 16  16MG  28TAB REC ANDILAB,3.8448,,sin_match,sin_candidato
drovencentro,CARDELIX 8 8MG  28TAB REC ANDILAB,3.1248,,sin_match,sin_candidato
drovencentro,"CARDELIX HCT 16MG/12,5MG 28TAB REC ANDILAB",6.4008,,sin_match,sin_candidato
drovencentro,CARDIMAR 90CAPS ARCOIRIS,11.448,,sin_match,sin_candidato
drovencentro,CARDIPIRINA 80 MG X 30 CAPS,2.12736,E.F.31.896,matched,score=0.783
drovencentro,CARDO LECHOZO 370MG  30CAPS HERBAPLANT,6.698,,sin_match,sin_candidato
drovencentro,CARDO LECHOZO 370MG  60CAPS HERBAPLANT,9.3092,,sin_match,sin_candidato
drovencentro,CAREFREE DIARIA 100UNID  DIVAR,9.12,,sin_match,sin_candidato
drovencentro,CAREFREE PROTEC C/PERFUM 15UNID  DIVAR,1.944,,sin_match,sin_candidato
drovencentro,CARIBAN 10MG/10MG 30COMP ENT LETI,13.264,,sin_match,sin_candidato
drovencentro,CARICEL 2MG/30MCG 21COMP REC LETI,19.52,E.F.43.086,matched,score=0.703
drovencentro,"CARLETOP 12,5MG 30COMP FC PHARMA",4.8348,,sin_match,sin_candidato
drovencentro,"CARLETOP 6,25MG 30COMP FC PHARMA",4.386,,sin_match,sin_candidato
drovencentro,CARLEUNI 25MG/250MG 30TAB CARB/LEVOD UNIPHARMA,10.624,,sin_match,sin_candidato
drovencentro,CARMIN 28 COMPRIMIDOS DESOGESTREL,10.36654,,sin_match,sin_candidato
drovencentro,CARNISIN 1GR/10ML S/AZUCAR SOL ORAL120ML GENVEN,5.76,E.F.38.877,matched,score=0.901
drovencentro,"CARVEDIL 12,5MG 30TAB BEHRENS",5.168,,sin_match,sin_candidato
drovencentro,"CARVEDILOL 12,5MG 14TAB REC CALOX",2.864,,sin_match,sin_candidato
drovencentro,"CARVEDILOL 12,5MG 15COMP LETI",3.072,E.F.G.31.747,matched,score=0.922
drovencentro,"CARVEDILOL 12,5MG 28TAB REC.CALOX",5.44,,sin_match,sin_candidato
drovencentro,"CARVEDILOL 12,5MG 30COMP GENFAR",4.71696,,sin_match,sin_candidato
drovencentro,"CARVEDILOL 12,5MG 30COMP LETI",5.384,E.F.G.31.747,matched,score=0.922
drovencentro,"CARVEDILOL 12,5MG 30TAB ALESS",2.7819,,sin_match,sin_candidato
drovencentro,"CARVEDILOL 12,5MG 30TAB LA SANTE",5.0304,,sin_match,sin_candidato
drovencentro,"CARVEDILOL 12,5MG 30TR KIMICEG",4.13008,E.F.G.35.571,matched,score=0.923
drovencentro,"CARVEDILOL 12,5MGS  30TAB PHARMARIS",2.44846,,sin_match,sin_candidato
drovencentro,CARVEDILOL 12.5MG  30COMP ZUZU,5.6,,sin_match,sin_candidato
drovencentro,CARVEDILOL 12.5MG  30TAB DISTRILAB,4.15296,,sin_match,sin_candidato
drovencentro,CARVEDILOL 12.5MG 20TAB KIMICEG,2.89504,E.F.G.35.571,matched,score=0.928
drovencentro,CARVEDILOL 12.5MG 30TAB ANGELUS,3.976,,sin_match,sin_candidato
drovencentro,CARVEDILOL 25MG 14 TAB OB MEDICAL,4.4528,,sin_match,sin_candidato
drovencentro,CARVEDILOL 25MG 14TAB CALOX,4.176,,sin_match,sin_candidato
drovencentro,CARVEDILOL 25MG 20TAB KIMICEG,4.48864,E.F.G.40.369,matched,score=0.902
drovencentro,CARVEDILOL 25MG 28TAB REC CALOX,9.104,,sin_match,sin_candidato
drovencentro,CARVEDILOL 25MG 30TR KIMICEG,6.93216,E.F.G.40.369,matched,score=0.896
drovencentro,"CARVEDILOL 6,25 MG  30 TABL BLUE MEDICAL",2,,sin_match,sin_candidato
drovencentro,"CARVEDILOL 6,25MG  30COMP  LETI",4.56,E.F.G.36.805,matched,score=0.715
drovencentro,"CARVEDILOL 6,25MG 14TAB CALOX",2.696,,sin_match,sin_candidato
drovencentro,"CARVEDILOL 6,25MG 15COMP LETI",2.488,E.F.G.36.805,matched,score=0.915
drovencentro,"CARVEDILOL 6,25MG 20COMP SPEFAR",3.4112,E.F.G.36.892,matched,score=0.911
drovencentro,"CARVEDILOL 6,25MG 28TAB CALOX",4.912,,sin_match,sin_candidato
drovencentro,"CARVEDILOL 6,25MG 30TAB LA SANTE",5.0976,,sin_match,sin_candidato
drovencentro,"CARVEDILOL 6,25MG 30TR  KIMICEG",3.74496,E.F.G.35.572,matched,score=0.916
drovencentro,"CARVEDILOL 6,25MGS  30TAB PHARMARIS",2.04603,,sin_match,sin_candidato
drovencentro,CARVEDILOL 6.25MG  30COMP ZUZU,6.768,,sin_match,sin_candidato
drovencentro,CARVEDILOL 6.25MG 20TAB KIMICEG,2.49664,E.F.G.35.572,matched,score=0.921
drovencentro,CARVIX 30CAPS BLANDAS VIVAX,8.384,,sin_match,sin_candidato
drovencentro,CASCARA SAGRADA 300MG  30CAPS NATURISTIK,5.5104,,sin_match,sin_candidato
drovencentro,CASCARA SAGRADA 300MG  60CAPS NATURAL P,5.28702,,sin_match,sin_candidato
drovencentro,CASCARA SAGRADA 450MG 100CAP NOW,15.936,,sin_match,sin_candidato
drovencentro,CASTAÑO DE INDIA 300MG 30CAPS NATURISTIK,6.048,,sin_match,sin_candidato
drovencentro,CASTAÑO DE INDIA 60CAPS ARCOIRIS,12.184,,sin_match,sin_candidato
drovencentro,CASTAÑO DE INDIAS 450MG 60CAPS HERBAPLANT,9.3092,,sin_match,sin_candidato
drovencentro,CASTAÑO DE INDIAS 450MG 60CAPS WALIFE,7.884,,sin_match,sin_candidato
drovencentro,CASTAÑO DE INDIAS 70CAPS ABEJITA,8.262,,sin_match,sin_candidato
drovencentro,CATETER INTRAVENOSO 20G 50UND VIPSALUD,29.536,,sin_match,sin_candidato
drovencentro,CAVIDAGEL 30G 1 TUBO,7.392,,sin_match,sin_candidato
drovencentro,CAVIDAGEL15G /1TUBO,3.904,,sin_match,sin_candidato
drovencentro,CEBION MAST TROP 500MG 12TAB SOBRE,2.06829,,sin_match,sin_candidato
drovencentro,CEDOKID 250MG/5ML SUSP ORAL 60MÑ CEFADROXILO TIARES,3.0456,,sin_match,sin_candidato
drovencentro,CEDROX 500MG 10 CAP CEFADROXILO FC PHARMA,4.256,,sin_match,sin_candidato
drovencentro,CEDROXYL 500MG 10TAB CEFADRO ZUZU,4.4288,,sin_match,sin_candidato
drovencentro,CEFADROXAN 500MG  10CAPS CEFADROXILO BLUE MEDICAL,5.2,,sin_match,sin_candidato
drovencentro,CEFADROXILO 250MG/5ML P/P SUSP 60ML CALOX MCK,5.76,,sin_match,sin_candidato
drovencentro,CEFADROXILO 250MG/5ML SUSP ORAL 60ML UNIDROXY,3.448,,sin_match,sin_candidato
drovencentro,CEFADROXILO 500 MG10 TAB FARMAMED,2.81021,,sin_match,sin_candidato
drovencentro,CEFADROXILO 500MG  10CAP BIO DE VZLA,3.222,,sin_match,sin_candidato
drovencentro,CEFADROXILO 500MG 10 CAP DISTRILAB,5.65264,,sin_match,sin_candidato
drovencentro,CEFADROXILO 500MG 10 CAPS QUIM-FAR,2.97686,,sin_match,sin_candidato
drovencentro,CEFADROXILO 500MG 10 TAB MEDICAL GROUP,4.76464,,sin_match,sin_candidato
drovencentro,CEFADROXILO 500MG 10CAPS 10BLISTER BIO DE VZLA,29.344,,sin_match,sin_candidato
drovencentro,CEFADROXILO 500MG 10CAPS ANGELUS,4.52,,sin_match,sin_candidato
drovencentro,CEFADROXILO 500MG 10CAPS BUKA,3.48316,,sin_match,sin_candidato
drovencentro,CEFADROXILO 500MG 10CAPS GENVEN,6.008,E.F.G.28.103,matched,score=0.897
drovencentro,CEFADROXILO 500MG 10TAB  PRISMADROX DROVENCA,3.696,,sin_match,sin_candidato
drovencentro,CEFADROXILO 500MG 10TAB KMPLUS,4.7232,,sin_match,sin_candidato
drovencentro,CEFADROXILO 500MG 10TAB UNIDROXY,4.144,,sin_match,sin_candidato
drovencentro,CEFADROXILO 500MG 10TAB.DAC 55,4.18747,,sin_match,sin_candidato
drovencentro,CEFADROXILO 500MG 12CAPS ALESS,3.46126,,sin_match,sin_candidato
drovencentro,CEFALEXINA  500MG  10TAB BUKA,4.30232,,sin_match,sin_candidato
drovencentro,CEFALEXINA 125MG/5ML SUSP 60ML  KMPLUS,3.58272,,sin_match,sin_candidato
drovencentro,CEFALEXINA 250MG/5ML P/P SUSP ORAL  60ML UNIPHARMA,5.08,,sin_match,sin_candidato
drovencentro,CEFALEXINA 500MG 10BLT 10TAB LAPROFF,51.904,,sin_match,sin_candidato
drovencentro,CEFALOTINA 1G P/P SOL INY 10 AMP DISTRILAB,54.75344,,sin_match,sin_candidato
drovencentro,CEFAZOLINA 1G P/P  SOL INY 10 AMP DISTRILAB,58.58472,,sin_match,sin_candidato
drovencentro,CEFIPLUS 15%/4% 40G CREMA VAG  DOLLDER,8.88889,,sin_match,sin_candidato
drovencentro,CEFIXIMA 100MG 5ML POLVO P/SUSP 60ML DAC55,3.04543,,sin_match,sin_candidato
drovencentro,CEFIXIMA 100MG/5ML 60ML POLVO P/SUSP  BLUE MEDICAL,3.6,,sin_match,sin_candidato
drovencentro,CEFIXIMA 100MG/5ML POLVO P/SUSP 30 ML ZAKI,3.2,,sin_match,sin_candidato
drovencentro,CEFIXIMA 100MG/5ML POLVO P/SUSP 60ML GENVEN,18.872,E.F.G.40.063,matched,score=0.918
drovencentro,CEFIXIMA 100MG/5ML SUSP 60ML DISTRILAB,4.144,,sin_match,sin_candidato
drovencentro,CEFIXIMA 400MG  10TAB DISPERSABLES QUIMFAR,7.09265,,sin_match,sin_candidato
drovencentro,CEFIXIMA 400MG 5CAP GENVEN,21.76,E.F.G.40.533,matched,score=0.899
drovencentro,CEFONAX 250MG/5ML P/P SOL ORAL 60ML ELMOR,5.12736,,sin_match,sin_candidato
drovencentro,CEFONAX 500MG 16CAPS ELMOR,7.30688,,sin_match,sin_candidato
drovencentro,CEFOTAS 250MG/5ML POLVO PARA SUSP ORAL100ML,7.092,,sin_match,sin_candidato
drovencentro,CEFOTAS 500MG 20CAPS,9.4696,,sin_match,sin_candidato
drovencentro,CEFTAZIDIMA 1GR I.M/I.V AMP RONAMEDIC,3.768,,sin_match,sin_candidato
drovencentro,CEFTRIAXONA 1GR AMP VITALIS,3.32,,sin_match,sin_candidato
drovencentro,CEFiXIMA 100MG/5ML SUSP 60ML ZUZU,1.48,,sin_match,sin_candidato
drovencentro,CELAY 5MG/5ML SOL ORAL 100ML COFASA,2.4928,E.F.38.332,matched,score=0.927
drovencentro,CELECOXIB 200 MG 10 CAPS.VINCENTI,8.5536,,sin_match,sin_candidato
drovencentro,"CELESTREN 0,075MG  28TAB TIARES",8.3376,,sin_match,sin_candidato
drovencentro,CENTAB-BETA 30TAB PHARMATECH,6.128,,sin_match,sin_candidato
drovencentro,CENTELLA ASIATICA 450MG  30CAPS HERBAPLANT,7.5344,,sin_match,sin_candidato
drovencentro,CENTELLA ASIATICA 450MG  60CAPS HERBAPLANT,9.3092,,sin_match,sin_candidato
drovencentro,CENTELLA ASIATICA 500MG 60CAPS WALIFE,8.4972,,sin_match,sin_candidato
drovencentro,CENTELLA ASIATICA 60TAB FITOSANA,7.2448,,sin_match,sin_candidato
drovencentro,CENTELLA ASIATICA GOTU KOLA 500MG  10CAPS  BLISTER NATURAL SYSTEMS,3.264,,sin_match,sin_candidato
drovencentro,CENTELLA ASIATICA PLUS 30TAB VAL,11.3544,,sin_match,sin_candidato
drovencentro,CENTELLALAB  70CAPS ABEJITA,8.2824,,sin_match,sin_candidato
drovencentro,CENTELLASAN 90CAPS ARCOIRIS,12.8,,sin_match,sin_candidato
drovencentro,CENTRAVIT HOMBRE 30TAB ALESS,6.74421,,sin_match,sin_candidato
drovencentro,CENTRAVIT HOMBRE 60TAB ALESS,11.9321,,sin_match,sin_candidato
drovencentro,CENTRAVIT HOMBRE SILVER  30TAB ALESS,7.99202,,sin_match,sin_candidato
drovencentro,CENTRAVIT HOMBRE SILVER  60TAB ALESS,13.59241,,sin_match,sin_candidato
drovencentro,CENTRAVIT MUJER  30TAB ALESS,6.85672,,sin_match,sin_candidato
drovencentro,CENTRAVIT MUJER  60TAB ALESS,12.2404,,sin_match,sin_candidato
drovencentro,CENTRAVIT MUJER SILVER 30TAB ALESS,8.12762,,sin_match,sin_candidato
drovencentro,CENTRAVIT MUJER SILVER 60TAB ALESS,13.79919,,sin_match,sin_candidato
drovencentro,CENTRUNEX  60TAB FITOSANA,7.9744,,sin_match,sin_candidato
drovencentro,CENTRUNEX WOMAN 60TAB FITOSANA,7.9744,,sin_match,sin_candidato
drovencentro,CEPILLO DENTAL ADVANCED MED C/SURTIDOS 12UND RECARE,9.8352,,sin_match,sin_candidato
drovencentro,CEPILLO DENTAL CLASICO SUAVE C/SURTIDOS 12UND RECARE,9.5688,,sin_match,sin_candidato
drovencentro,CEPILLO DENTAL HEROE JUNIOR C/SURTIDOS 12UND RECARE,10.6344,,sin_match,sin_candidato
drovencentro,CEPILLO DENTAL KIDS MONSTER SUAVE C/SURTIDOS 12UND RECARE,9.4392,,sin_match,sin_candidato
drovencentro,CEPILLO DENTAL KIDS RAINBOW SUAVE 12UND RECARE,10.9008,,sin_match,sin_candidato
drovencentro,CEPILLO DENTAL KIDS T-REX SUAVE 12UND RECARE,10.9008,,sin_match,sin_candidato
drovencentro,CEPILLO DENTAL NEON MEDIO C/SURTIDOS 12UND RECARE,10.1016,,sin_match,sin_candidato
drovencentro,CERAGESTREL 75MG 28TAB DESOGESTREL,7.744,,sin_match,sin_candidato
drovencentro,CERCIORAT 0.75MG  2COMP  EXELTIS,5.23032,,sin_match,sin_candidato
drovencentro,CERCIORAT 1.5MG 1COMP  EXELTIS,4.69464,,sin_match,sin_candidato
drovencentro,CEROPIOJOS L0P LOCION 240 ML,6.896,,sin_match,sin_candidato
drovencentro,CETAPHIL BARRA DERMOLIMPIADORA 127GR,8.912,,sin_match,sin_candidato
drovencentro,CETAPHIL CR HIDRAT FACIAL DIA 88 GR ARO ACIDO HIALURONICO,28.07431,,sin_match,sin_candidato
drovencentro,CETAPHIL CREMA 453GR HUMECTANTE HIDRATANTE,22.74533,,sin_match,sin_candidato
drovencentro,CETAPHIL EMULSION HIDRATANTE 473 ML.,22.96737,,sin_match,sin_candidato
drovencentro,CETAPHIL LIMPIADOR FACIAL DIARIO PIEL GRASA 473ML,22.98125,,sin_match,sin_candidato
drovencentro,CETAPHIL LOCION LIMP. PIEL GRASA 237 ML.,18.06859,,sin_match,sin_candidato
drovencentro,CETAPHIL LOCION LIMPIADORA 237 ML.,17.54124,,sin_match,sin_candidato
drovencentro,CETAPHIL LOCION LIMPIADORA 473 ML.,21.37145,,sin_match,sin_candidato
drovencentro,CETAPHIL LOCION ULTRA HUMECTANTE 226GR.,21.57528,,sin_match,sin_candidato
drovencentro,CETAPHIL LOCION ULTRA HUMECTANTE 473 ML.,30.40574,,sin_match,sin_candidato
drovencentro,CETAPHIL O.H. WATER GEL 48GR,29.51151,,sin_match,sin_candidato
drovencentro,CETERIX 10MG  10COMP MEGALABS,1.232,E.F.43.851,matched,score=0.904
drovencentro,CETERIX 5MG/5ML SOL ORAL 60ML MEGALABS,2.31,E.F.43.858,matched,score=0.927
drovencentro,CETIDEX 5MG/5ML SOL ORAL 120ML PLUSANDEX,3.19685,,sin_match,sin_candidato
drovencentro,CETIMAX 10MG  10TAB 10BLIS CETIRIZINA SUPLIMEDIC,8,,sin_match,sin_candidato
drovencentro,CETIRIN 10MG 10TAB CETIRIZINA BLUE MEDICAL,0.896,,sin_match,sin_candidato
drovencentro,CETIRIVAX 10MG 10CAPS BLANDAS VIVAX,1.736,E.F.G.31.148,matched,score=0.880
drovencentro,CETIRIZINA 10MG  10TAB KMPLUS,0.5916,,sin_match,sin_candidato
drovencentro,CETIRIZINA 10MG 10COMP PLUSANDEX,0.97229,,sin_match,sin_candidato
drovencentro,CETIRIZINA 10MG 10COMP REC LETI,1.136,E.F.G.27.761,matched,score=0.896
drovencentro,CETIRIZINA 10MG 10COMP SPEFAR,2.7552,E.F.G.36.608,matched,score=0.900
drovencentro,CETIRIZINA 10MG 10TAB BUKA,0.77442,,sin_match,sin_candidato
drovencentro,CETIRIZINA 10MG 10TAB LA SANTE,1.3504,,sin_match,sin_candidato
drovencentro,CETIRIZINA 10MG 40BLT 10TAB MULTIPACK LAPROFF,27.888,,sin_match,sin_candidato
drovencentro,CETIRIZINA 1MG/ML JBE 60ML KIMICEG,1.83264,E.F.G.32.490,matched,score=0.915
drovencentro,CETIRIZINA 1MG/ML SOL 60ML GENVEN,2.576,E.F.G.31.589,matched,score=0.925
drovencentro,CETIRIZINA 5MG/5ML 60ML SOL ORAL LA SANTE,3.264,,sin_match,sin_candidato
drovencentro,CETIRIZINA 5MG/5ML JBE 60ML MEDICAL GROUP,2.49872,,sin_match,sin_candidato
drovencentro,CETIRIZINA CLORHIDRATO 10MG 10TAB BIOTECH,1.192,E.F.G.33.073,matched,score=0.750
drovencentro,CETOPIC SERUM VIT C TOPICA 30ML,12.984,E.F.38.114,matched,score=0.602
drovencentro,CETRAL 10MG 10TAB SIEGFRIED,1.254,E.F.29.095,matched,score=0.906
drovencentro,CETRAL D SOL ORAL 5MG-60MG/5ML 60ML SIEGFRIED,6.3308,E.F.29.123,matched,score=0.586
drovencentro,CETRAL GOTAS 10MG 10ML SIEGFRIED,2.6568,E.F.29.123,matched,score=0.905
drovencentro,CETRAL SOL 5MG/5ML 60ML SIEGFRIED,3.882,E.F.32.977,matched,score=0.914
drovencentro,CETRIAXIN 1G  1AMP CEFTRIAXONA BLUE MEDICAL,2.944,,sin_match,sin_candidato
drovencentro,CEUMID 1000MG 30COMP REC KLINOS,34.464,,sin_match,sin_candidato
drovencentro,CEVAX 500MG 15CAPS BLANDAS VIVAX,5.672,E.F.G.33.334,matched,score=0.876
drovencentro,CEVAX 500MG 30CAP BLANDAS VIVAX,9.184,E.F.G.33.334,matched,score=0.873
drovencentro,CEVAX ZINC 500MG/7.5MG 15CAPS BLANDAS VIVAX,6.36,E.F.G.33.334,matched,score=0.752
drovencentro,CEVAX ZINC 500MG/7.5MG 30CAPS BLANDAS VIVAX,10.176,E.F.G.33.334,matched,score=0.752
drovencentro,CHAMPU BAF TRATAMIENTO CAPILAR 230 ML.,8.0332,,sin_match,sin_candidato
drovencentro,CHAMPU PIRITON TRATAMIENTO CAPILAR 230ML,7.5316,,sin_match,sin_candidato
drovencentro,CHAMPU VITAGENIK T CAPILAR ANTICAIDA 230ML,6.08,,sin_match,sin_candidato
drovencentro,CHANCA PIEDRA 400MG  60CAPS HERBAPLANT,9.3092,,sin_match,sin_candidato
drovencentro,CHANCA PIEDRA 400MG 30CAPS HERBAPLANT,7.5344,,sin_match,sin_candidato
drovencentro,CHANCAPIEDRA 500MG 70CAPS ABEJITA,5.7936,,sin_match,sin_candidato
drovencentro,CHERRY BETUN PARA CALZADO NEGRO 12GR,1.6728,,sin_match,sin_candidato
drovencentro,CHICCO CHAMPU MANZANILLA 200ML BABY SKIN,3.472,,sin_match,sin_candidato
drovencentro,CHICCO CHAMPU NORMAL BABY SKIN 100CC,2.088,,sin_match,sin_candidato
drovencentro,CHICCO CHAMPU ORIGINAL 200ML BABY SKIN,3.584,,sin_match,sin_candidato
drovencentro,CHICCO CHAMPU ORIGINAL 400ML BABY SKIN,6.76,,sin_match,sin_candidato
drovencentro,CHICCO CHAMPU ROMERO 400ML BABY SKIN,6.232,,sin_match,sin_candidato
drovencentro,CHICCO COLONIA BABY SKIN 220ML,4.32232,,sin_match,sin_candidato
drovencentro,CHICCO COTONCITO BABY SKIN 300 HISOPOS,2.792,,sin_match,sin_candidato
drovencentro,CHICCO COTONCITO BABY SKIN 60 HISOPOS,1.0476,,sin_match,sin_candidato
drovencentro,CHICCO JABON EN BARRA PARA NIÑOS 90G,1.73048,,sin_match,sin_candidato
drovencentro,CHICCO JABON LIQ HIDROLIZADA DE TRIGO BABY SKIN 400ML,9.672,,sin_match,sin_candidato
drovencentro,CHICCO LOCION BABY SKIN 100 CC,2.976,,sin_match,sin_candidato
drovencentro,CHICCO PAÑAL TALLA G REG 20UND,5.52512,,sin_match,sin_candidato
drovencentro,CHICCO PAÑAL TALLA M REG 20UND,5.13712,,sin_match,sin_candidato
drovencentro,CHICCO PAÑAL TALLA XG REG 20UND,5.7036,,sin_match,sin_candidato
drovencentro,CHICCO TALCO BABY SKIN  200 GR,4.71808,,sin_match,sin_candidato
drovencentro,CHICCO TALCO BABY SKIN 100G,2.66168,,sin_match,sin_candidato
drovencentro,CHICCO TH CON PROTEINA DE TRIGO 72 UND BABY SKIN,2.312,,sin_match,sin_candidato
drovencentro,CHICCO TH PROTEINA TRIGO BABY SKIN 24 UND,0.70616,,sin_match,sin_candidato
drovencentro,CHICCO TH PROTEINA TRIGO BABY SKIN 48 UND,1.21832,,sin_match,sin_candidato
drovencentro,CHIPS AHOY 6S 168 GRS  MONDELEZ,2.5636,,sin_match,sin_candidato
drovencentro,CHIQUILIN CINNAMON CANELA 16UND 200GR PUIG,1.768,,sin_match,sin_candidato
drovencentro,CHOCOLATE COOKY CHIPS BOLSA  200GR PUIG,2.968,,sin_match,sin_candidato
drovencentro,CHOLINE 250MG + INOSITOL 250MG  60CAPS WALIFE,10.2544,,sin_match,sin_candidato
drovencentro,CIBRALIP 100MG 30CAP CIPROFIBRATO FC P,14.4576,,sin_match,sin_candidato
drovencentro,CICA-BRU CREMA DERMORESTAURADORA  30GR,9.03054,,sin_match,sin_candidato
drovencentro,CICLESONA-T INH AD 200MCG/6MCG/ 9MC BIOMERCY,22.632,,sin_match,sin_candidato
drovencentro,CICLOFTAL 1% SOLUC OFT 15ML OFTALMI,33.24,E.F.27.924,matched,score=0.745
drovencentro,CICLOGYNON 0.15MG/0.03MG 21TAB TIARES,8.0424,,sin_match,sin_candidato
drovencentro,CICLOKAN 500MG 21COMP REC KLINOS,20.432,E.F.41.819,matched,score=0.775
drovencentro,CICLOKAN 500MG/5ML 1AMP ROEMMERS,4.6536,E.F.36.631,matched,score=0.719
drovencentro,CIFARCAINA 1% SOL 100ML BEHRENS,8.36,E.F.9.189,matched,score=0.761
drovencentro,CIFARCAINA HIPERBARA 5% 2ML SOL INY 2AMP BEHRENS,8.0788,E.F.13.532,matched,score=0.661
drovencentro,CIFLOX 500MG 14 COMP REC MEGALABS,6.2764,,sin_match,sin_candidato
drovencentro,CILOSTAZOL 100MG  30TAB REC CLEO,9.752,,sin_match,sin_candidato
drovencentro,CILOSTAZOL 50MG  30TAB CILOSTUNI,7.408,,sin_match,sin_candidato
drovencentro,CILOSTAZOL 50MG  30TAB H&M,4.12056,,sin_match,sin_candidato
drovencentro,CILOSTAZOL 50MG  30TAB REC DAC,5.35579,,sin_match,sin_candidato
drovencentro,CILOSTAZOL 50MG 30TAB CLEO,7.208,,sin_match,sin_candidato
drovencentro,CIMAKID 100MG/5ML SUSP ORAL 60ML CEFIXIMA TIARES,4.1544,,sin_match,sin_candidato
drovencentro,CINAREN 25MG 30COMP DOLLDER,3.64858,,sin_match,sin_candidato
drovencentro,CINAREN 75MG 20CAPS DOLLDER,3.65526,,sin_match,sin_candidato
drovencentro,CINNARIZINA 75MG 10 TAB CALOX,2.256,E.F.G.35.819,matched,score=0.880
drovencentro,CIPROFIBRATO 100MG 30TAB LA SANTE,13.8924,,sin_match,sin_candidato
drovencentro,CIPROFLOX 500MG 12TAB ELMOR,5.08816,E.F.25.520,matched,score=0.724
drovencentro,CIPROFLOXACINA 200MG/100ML SOL INY IPS,1.36,,sin_match,sin_candidato
drovencentro,CIPROFLOXACINA 400MG/200ML SOL INY 1 AMP DISTRILAB,5.79072,,sin_match,sin_candidato
drovencentro,CIPROFLOXACINA 400MG/200ML SOL INY 200ML 1AMP CIPROBAC MEDVAL,8.778,,sin_match,sin_candidato
drovencentro,CIPROFLOXACINA 500MG  10TAB JKN MED,1.6,,sin_match,sin_candidato
drovencentro,CIPROFLOXACINA 500MG  14 COMP REC VARGAS,4.8384,E.F.G.36.304,matched,score=0.881
drovencentro,CIPROFLOXACINA 500MG  6TAB VENEQUIMEX,1.1648,,sin_match,sin_candidato
drovencentro,CIPROFLOXACINA 500MG 10 TAB KMPLUS,2.7336,,sin_match,sin_candidato
drovencentro,CIPROFLOXACINA 500MG 10 TAB MEDICAL GROUP,1.358,,sin_match,sin_candidato
drovencentro,CIPROFLOXACINA 500MG 10 TAB QUIM-FAR,1.27864,,sin_match,sin_candidato
drovencentro,CIPROFLOXACINA 500MG 10TAB ANGELUS,1.76,,sin_match,sin_candidato
drovencentro,CIPROFLOXACINA 500MG 10TAB ARTE MEDICO,1.936,,sin_match,sin_candidato
drovencentro,CIPROFLOXACINA 500MG 10TAB DAC 55,3.62551,,sin_match,sin_candidato
drovencentro,CIPROFLOXACINA 500MG 10TAB DISTRILAB,1.98,,sin_match,sin_candidato
drovencentro,CIPROFLOXACINA 500MG 10TAB LA SANTE,3.7876,,sin_match,sin_candidato
drovencentro,CIPROFLOXACINA 500MG 14COMP REC LETI,4.56,E.F.G.40.297,matched,score=0.897
drovencentro,CIPROFLOXACINA 500MG 14TAB CALOX,4.872,E.F.G.27.827,matched,score=0.907
drovencentro,CIPROFLOXACINA 500MG 30BLT 10TAB MULTIPACK LAPROFF,97.512,,sin_match,sin_candidato
drovencentro,CIPROFLOXACINA 500MG 6TAB ALESS,0.82264,,sin_match,sin_candidato
drovencentro,CIPROFLOXACINA 500MG 6TAB KIMICEG,1.73968,E.F.G.30.837,matched,score=0.907
drovencentro,CIPROFLOXACINA 500MG 6TAB LA SANTE,2.5636,,sin_match,sin_candidato
drovencentro,CIPROFLOXACINA 500MG X 6 GEN DE CALIDAD,2.0736,,sin_match,sin_candidato
drovencentro,CIPROFLOXACINA 750MG 6COMP SPEFAR,4.73632,E.F.G.32.032,matched,score=0.904
drovencentro,CIPROFLOXACINO 200MG/100ML SOL INFUS BLUE MEDICAL,1.576,,sin_match,sin_candidato
drovencentro,CIPROFLOXACINO 500MG 10TAB REC BLUE MEDICAL,1.424,,sin_match,sin_candidato
drovencentro,CIPROMAX 500MG  10TAB  10BLIS CIPROFLOXACINA SUPLIMEDIC,12.92,,sin_match,sin_candidato
drovencentro,CIPROQUIN 200MG/100ML INF 1 BEHRENS,6.3688,,sin_match,sin_candidato
drovencentro,CIPROTAN 500MG  20TAB ZORIAK CIPROFLOXACINA,3.83801,,sin_match,sin_candidato
drovencentro,CIRNAPREM  60CAPS NATURAL P,3.55537,,sin_match,sin_candidato
drovencentro,CIRUELAX FORTE 125MG  24COMP REC,5.0976,,sin_match,sin_candidato
drovencentro,CIRUELAX FORTE 125MG 10BLISTER  10COMP REC,23.3712,,sin_match,sin_candidato
drovencentro,CIRUELAX MINITABS 75MG 10BLISTER  10COMP REC,18.7272,,sin_match,sin_candidato
drovencentro,CISTAFLUX 100MG  30TAB  ZORIAK CILOSTAZOL,7.6151,,sin_match,sin_candidato
drovencentro,CITALOPRAM 40MG 10TAB MT,2.70902,,sin_match,sin_candidato
drovencentro,CITIC 500MG  30COMP REC VARGAS,17.7264,,sin_match,sin_candidato
drovencentro,CITICOLINA 500 MG 10 TAB CALOX,14.712,E.F.G.41.565,matched,score=0.932
drovencentro,CITICOLINA 500MG  30TAB DISTRILAB,17.98416,,sin_match,sin_candidato
drovencentro,CITICOLINA 500MG 10COMP UNICOLINA,6.68,,sin_match,sin_candidato
drovencentro,CITICOLINA 500MG 30TAB CALOX,35.136,E.F.G.41.565,matched,score=0.905
drovencentro,CITRA MAGNESIO+VIT C 60TAB FITOSANA,7.2448,,sin_match,sin_candidato
drovencentro,CITRATO DE CALCIO C/ VIT D3 30TAB PHARMATECH,9.582,,sin_match,sin_candidato
drovencentro,CITRATO DE CALCIO+MAGNESIO 300/250MG 60CAPS BIOINFINITY,8.3708,,sin_match,sin_candidato
drovencentro,CITRATO DE CALCIO+VIT D3 500/250MG  60CAPS BIOINFINITY,9.418,,sin_match,sin_candidato
drovencentro,CITRATO DE MAGNESIO  500MG  60CAPS HERBAPLANT,8.262,,sin_match,sin_candidato
drovencentro,CITRATO DE MAGNESIO 500MG  30CAPS NATURISTIK,6.20928,,sin_match,sin_candidato
drovencentro,CITRATO DE MAGNESIO 500MG  60CAPS NATURISTIK,8.5176,,sin_match,sin_candidato
drovencentro,CITRATO DE MAGNESIO 500MG 10CAPS  BLISTER NATURAL SYSTEMS,2.648,,sin_match,sin_candidato
drovencentro,CITRATO DE MAGNESIO 500MG 70CAPS ABEJITA,7.378,,sin_match,sin_candidato
drovencentro,CITRATO DE POTASIO 1 LT RECETTMARKET,8.84778,,sin_match,sin_candidato
drovencentro,CITRATO DE POTASIO 10% FRESA 240ML FSI,2.65408,,sin_match,sin_candidato
drovencentro,CITRATO DE POTASIO 10% FRESA 950ML FSI,6.11776,,sin_match,sin_candidato
drovencentro,CITRATO DE POTASIO 10% JBE 1LT RECETTMARKET,13.87202,,sin_match,sin_candidato
drovencentro,"CITRATO DE POTASIO 10,8% SIN AZUCAR 500ML FARMAGENIK",5.616,,sin_match,sin_candidato
drovencentro,CITRATO DE POTASIO 10.8%  1L FARMAGENIK,7.1288,,sin_match,sin_candidato
drovencentro,CITRATO DE POTASIO 10.8% 500ML FARMAGENIK,4.6436,,sin_match,sin_candidato
drovencentro,CITRATO DE POTASIO 10.8% FRAMBUESA 950ML  FSI,6.27968,,sin_match,sin_candidato
drovencentro,CITRATO DE POTASIO 10.8% FRESA 240ML  FSI,2.7104,,sin_match,sin_candidato
drovencentro,CITRATO DE POTASIO 1000ML ABEJITA,10.234,,sin_match,sin_candidato
drovencentro,CITRATO DE POTASIO 240ML LYA,4.26144,,sin_match,sin_candidato
drovencentro,CITRATO DE POTASIO 500ML ABEJITA,7.31,,sin_match,sin_candidato
drovencentro,CITRATO DE POTASIO 500ML LYA,6.71232,,sin_match,sin_candidato
drovencentro,"CITRATO DE ZINC 73,20MG 70CAPS ABEJITA",6.528,,sin_match,sin_candidato
drovencentro,CITRATO MAGNESIO 120TAB FITOSANA,12.32,,sin_match,sin_candidato
drovencentro,CITRATO MAGNESIO 60TAB FITOSANA,7.2448,,sin_match,sin_candidato
drovencentro,CITRATO POTASIO 10% JBE S/A FRAMBUESA 500ML RECETTMARKET,6.59462,,sin_match,sin_candidato
drovencentro,CITROKID  200MG/5ML SUSP ORAL 15ML AZITROMICINA TIARES,1.3536,,sin_match,sin_candidato
drovencentro,"CLAMOLIN  600/42,9MG  SUSP 60ML AMOXI/CLAV ZUZU",9.504,,sin_match,sin_candidato
drovencentro,CLARASOL SOL OFT 15ML OFTALMI,3.32,E.F.33.876,matched,score=0.584
drovencentro,CLARITROMICINA 250MG/5ML SUSP 50ML PORTUGAL,9.6048,,sin_match,sin_candidato
drovencentro,CLARITROMICINA 500MG  10TAB  COASPHARMA,9.344,,sin_match,sin_candidato
drovencentro,CLARITROMICINA 500MG 10COMP SPEFAR,7.72112,E.F.G.33.398,matched,score=0.894
drovencentro,CLARITROMICINA 500MG 10TAB CALOX,7.664,E.F.G.31.140,matched,score=0.905
drovencentro,CLARITROMICINA 500MG 10TAB REC ANGELUS,4.072,,sin_match,sin_candidato
drovencentro,CLARITROMICINA 500MG 10TAB REC LA SANTE,6.63,,sin_match,sin_candidato
drovencentro,CLARIX AD SOL NASAL 15ML OFTALMI,5.808,,sin_match,sin_candidato
drovencentro,CLARIX PED SOL NASAL 15ML,5.392,,sin_match,sin_candidato
drovencentro,CLASOL 15MG/5ML SOL ORAL 120ML DEXTROMETORFANO ANGELUS,1.8984,,sin_match,sin_candidato
drovencentro,"CLAVOXILIN 600MG/42,9MG/5ML SOL ORAL 100ML AMOXI+AC CLAVU",10.18359,,sin_match,sin_candidato
drovencentro,CLAVUMEDC 250MGRS/5 ML SUSP100 ML AMOXICILINA IPS,1.70688,,sin_match,sin_candidato
drovencentro,CLAVUMEDC 875MG/125MG AMOXIC / AC CLAVULANICO 10TAB IPS,4.51952,,sin_match,sin_candidato
drovencentro,CLAVUMOX PLUS 875/125MG16COMP REC MEGALABS,18.704,,sin_match,sin_candidato
drovencentro,CLEANMED 1% GEL 15GR CLINDAMICINA FARMAMED,2.02959,,sin_match,sin_candidato
drovencentro,CLENBUNAL 0.020MG   20TAB,4.9824,,sin_match,sin_candidato
drovencentro,CLENBUNAL 0.020MG  10TAB,3.7656,,sin_match,sin_candidato
drovencentro,CLENBUNAL 0.10MG/5ML AD JBE 120ML,5.7528,,sin_match,sin_candidato
drovencentro,CLENBUNAL PED JBE 0.005MG/5ML 120ML,5.338,E.F.25.351,matched,score=0.767
drovencentro,CLENBUNAL SOL GOTAS PED 15ML,4.8144,,sin_match,sin_candidato
drovencentro,"CLENBUTEROL 0,005MG/5ML PED JBE 120ML BIOQUIMICA",3.952,,sin_match,sin_candidato
drovencentro,"CLENBUTEROL 0,01MG/5ML AD JBE 120ML BIOQUIMICA",3.9748,,sin_match,sin_candidato
drovencentro,CLENBUTEROL 10MG/5ML JBE 120ML PLUSANDEX,2.61956,,sin_match,sin_candidato
drovencentro,CLENBUXOL 0.01MG/5ML AD JBE120ML,6.6456,E.F.25.351,matched,score=0.912
drovencentro,CLENBUXOL GOTAS  20ML PED,4.5016,,sin_match,sin_candidato
drovencentro,CLENOSAN 90MG  30COMP REC LETI,27.576,E.F.42.462,matched,score=0.888
drovencentro,"CLEXANE 60MG/0,6ML SAFETY LOCK  2 JER",54.576,,sin_match,sin_candidato
drovencentro,CLEXANE 80MG/0.8ML 2 JERINGAS SANOFI,59.84,,sin_match,sin_candidato
drovencentro,CLIFE-Z  1000MG/10MG  60CAPS  WALIFE,8.7856,,sin_match,sin_candidato
drovencentro,CLIMASOY 100MG 30CAPS KONSUMA,9.50746,,sin_match,sin_candidato
drovencentro,CLIN 100MG  5 OVULOS CLINDAMICINA OKA,5.206,,sin_match,sin_candidato
drovencentro,CLINBIOT 300MG  10TAB CLINDAMICINA DPT,5.19535,,sin_match,sin_candidato
drovencentro,CLINDAMICINA 1% GEL TOPICO 15GR ZUKATI,17.152,,sin_match,sin_candidato
drovencentro,CLINDAMICINA 100MG 5SUP VAG TIARES,8.4816,,sin_match,sin_candidato
drovencentro,CLINDAMICINA 300MG  10CAP  MEDICAL GROUP,5.95968,,sin_match,sin_candidato
drovencentro,CLINDAMICINA 300MG  10CAPS KMPLUS,5.6264,,sin_match,sin_candidato
drovencentro,CLINDAMICINA 300MG  20CAPS  PHARMETIQUE C,12.3776,,sin_match,sin_candidato
drovencentro,CLINDAMICINA 300MG  24CAP COASPHARMA,14.84,,sin_match,sin_candidato
drovencentro,CLINDAMICINA 300MG 10CAPS JKN MED,3.816,,sin_match,sin_candidato
drovencentro,CLINDAMICINA 300MG 16CAP SPEFAR,8.94128,E.F.G.42.557,matched,score=0.899
drovencentro,CLINDAMICINA 300MG 16CAPS CLINDUNI,7.448,,sin_match,sin_candidato
drovencentro,CLINDAMICINA CR VAG 2% 40GR 7APLIC DYMACIN DISTRILAB,15.21344,,sin_match,sin_candidato
drovencentro,CLINDAMICINA FOSFATO 1% GEL 15GR MT GLOBAL CARE,5.35392,,sin_match,sin_candidato
drovencentro,CLINDOX-D 12MG/ML INF FB BEHRENS,7.4632,E.F.36.380,matched,score=0.925
drovencentro,CLINFAST 100MG/200MG 3 OVULOS TIARES,11.5488,,sin_match,sin_candidato
drovencentro,CLINUS 100MG-400MG X 7 OVULOS 7 APLICADORES,13.96083,,sin_match,sin_candidato
drovencentro,CLO-PRIM 10MG/2ML SOL INY 3AMP METOCLOPRAMIDA ARSAL,5.536,,sin_match,sin_candidato
drovencentro,CLOBE-1 CREMA 30G FARMAGENIK,4.7956,,sin_match,sin_candidato
drovencentro,CLOBESKIN 0.05% CR TOP 30GR CLOBETASOL TIARES,4.0968,,sin_match,sin_candidato
drovencentro,"CLOBETASOL 0,05% UNG 20GR SOTO GLOBAL",3.1248,,sin_match,sin_candidato
drovencentro,CLOBETASOL 0.05% CR 40GR LAPROFF,4.544,,sin_match,sin_candidato
drovencentro,CLOBETASOL 25GR ARTE MEDICO,3.496,,sin_match,sin_candidato
drovencentro,"CLOBETASOL PROPION 0,05% CR 30GR GENFAR CCM",6.85968,,sin_match,sin_candidato
drovencentro,"CLOBETASOL PROPIONATO 0,05% CREMA 30G CORPOMECA",2.464,,sin_match,sin_candidato
drovencentro,CLOBETASOL PROPIONATO 0.05% 20GR CALOX,8.296,,sin_match,sin_candidato
drovencentro,CLOBETASOL PROPIONATO 0.05% CR 30G KMPLUS,4.90688,,sin_match,sin_candidato
drovencentro,CLOBEX SHAMPOO 125ML 0.05% P.DE CLOBETASOL,25.24329,,sin_match,sin_candidato
drovencentro,CLOCIM 1% CREMA TOPICA 20GR KIMICEG,2.41032,E.F.34.986,matched,score=0.769
drovencentro,CLODOXIN 10MG 10COMP PLUSANDEX,2.55209,,sin_match,sin_candidato
drovencentro,CLODOXIN 10MG 20COMP PLUSANDEX,5.81162,,sin_match,sin_candidato
drovencentro,CLODOXIN 1MG/ML GOTAS 30ML PLUSANDEX,3.02938,,sin_match,sin_candidato
drovencentro,CLODOXIN 5MG/5ML JBE 120ML PLUSANDEX,3.95778,,sin_match,sin_candidato
drovencentro,CLOFACI PLUS VITAMINA C 1000MG+ZINC 10MG 30TAB COFASA,6.848,,sin_match,sin_candidato
drovencentro,CLOFACI VITAMINA C 1000MG 30TAB COFASA,5.184,,sin_match,sin_candidato
drovencentro,"CLOFEN 1,8MG/ML SUSP 120ML DOLLDER",6.28098,,sin_match,sin_candidato
drovencentro,"CLOFEN 1,8MG/ML SUSP ORAL 60ML DOLLDER",5.2831,,sin_match,sin_candidato
drovencentro,CLOFEN 50MG 30COMP DOLLDER,1.66895,,sin_match,sin_candidato
drovencentro,CLOFEN AP 100MG 10COMP DOLLDER,4.67445,,sin_match,sin_candidato
drovencentro,CLOFEN AP 100MG 20COMP DOLLDER,8.37286,,sin_match,sin_candidato
drovencentro,CLOFHIVEN 250MCG AER INHALADOR 200 DOSIS FARMA HISPANA,16.528,,sin_match,sin_candidato
drovencentro,CLOMIFEM 50MG 30TAB REC  TIARES,8.1864,,sin_match,sin_candidato
drovencentro,CLOMIFENO 50MG 30TAB FARMAMED,3.90306,,sin_match,sin_candidato
drovencentro,"CLOMIXIN  250MG/62,5MG/5ML SOL ORAL 60ML AMOX/AC CLAV ADN",2.3472,,sin_match,sin_candidato
drovencentro,CLONEDAC CREMA 20G DAC55 CLOTRIMAZOL + NEOM. + DEXAM.,3.62551,,sin_match,sin_candidato
drovencentro,"CLONIDINA 0,15MG 20COMP GENFAR",4.0176,,sin_match,sin_candidato
drovencentro,"CLONIPRES 0,150 MG/ML  3AMP KLINOS",6.0912,E.F.23.370,matched,score=0.810
drovencentro,CLONIPRES 0.150MG  20COMP,3.198,E.F.22.956,matched,score=0.939
drovencentro,CLOPIDEX 75MG 30TAB REC PLUSANDEX,7.16296,,sin_match,sin_candidato
drovencentro,CLOPIDOGREL 75MG  10TAB ARTE MEDICO,1.344,,sin_match,sin_candidato
drovencentro,CLOPIDOGREL 75MG  30COMP  ZUZU,5.3184,,sin_match,sin_candidato
drovencentro,CLOPIDOGREL 75MG  30TAB REC DAC,1.27618,,sin_match,sin_candidato
drovencentro,CLOPIDOGREL 75MG 10BLT 10TAB BALAXI,8.32,,sin_match,sin_candidato
drovencentro,CLOPIDOGREL 75MG 14COMP REC LETI,3.312,E.F.G.34.084,matched,score=0.885
drovencentro,CLOPIDOGREL 75MG 14COMP REC SPEFAR,3.68672,E.F.G.36.885,matched,score=0.885
drovencentro,CLOPIDOGREL 75MG 14TAB LA SANTE,4.114,,sin_match,sin_candidato
drovencentro,CLOPIDOGREL 75MG 20TAB FARMAMED,0.93674,,sin_match,sin_candidato
drovencentro,CLOPIDOGREL 75MG 30COMP REC LETI,6.536,E.F.G.34.084,matched,score=0.885
drovencentro,CLOPIDOGREL 75MG 30TAB ALESS,2.60872,,sin_match,sin_candidato
drovencentro,CLOPIDOGREL 75MG 30TAB BUKA,2.53665,,sin_match,sin_candidato
drovencentro,CLOPIDOGREL 75MG 30TAB LA SANTE,6.698,,sin_match,sin_candidato
drovencentro,CLOPIDOGREL 75MG 30TAB PHARMARIS,2.93958,,sin_match,sin_candidato
drovencentro,CLOPIDROGREL 75MG 30TAB BLUE MEDICAL,2.92,,sin_match,sin_candidato
drovencentro,CLOPIVAL 75MG 30TAB REC VALMORCA,7.2384,E.F.37.160,matched,score=0.888
drovencentro,"CLORACE 125MG/0,5MG/5ML JBE 120ML S/AZUCAR COFASA",4.04,,sin_match,sin_candidato
drovencentro,CLORACE 500MG/4MG 10CAPS COFASA,2.392,E.F.44.238,matched,score=0.879
drovencentro,CLORACE 500MG/4MG 20TAB COFASA,3.816,E.F.44.238,matched,score=0.916
drovencentro,"CLORACE 80MG/0,5MG/1ML SOL GOTAS 30ML COFASA",5.232,,sin_match,sin_candidato
drovencentro,CLORACOLD 30MG/5MG/ML SOL ORAL 120ML COFASA,4.84,E.F.43.777,matched,score=0.620
drovencentro,CLORFENIRAMINA 4MG  20TAB COASPHARMA,3.16,,sin_match,sin_candidato
drovencentro,CLORFENIRAMINA MALEATO 10MG IM/IV AMP BIOSANO,0.592,,sin_match,sin_candidato
drovencentro,CLORHIDRATO DE MEBEVERINA 200MG 30CAP LP MT GLOBAL CARE,10.80202,,sin_match,sin_candidato
drovencentro,"CLORTALIDONA 12,5MG 30TAB MT",3.15786,,sin_match,sin_candidato
drovencentro,"CLORTIDEN 12,5MG 30TAB CLORTALI ZORIAK",2.92421,,sin_match,sin_candidato
drovencentro,CLORURO DE CALCIO 5ML 5 AMP BIOTECNOQUIMICA,12.13536,,sin_match,sin_candidato
drovencentro,CLORURO DE MAGNESIO  240ML SAB COCO RECETTMARKET,4.78776,,sin_match,sin_candidato
drovencentro,CLORURO DE MAGNESIO 20ML 5 UNID SAB LIMON RECETTMARKET,3.51102,,sin_match,sin_candidato
drovencentro,CLORURO DE MAGNESIO 20ML 5UND SAB PARCHITA RECETTMARKET,3.51102,,sin_match,sin_candidato
drovencentro,CLORURO DE MAGNESIO 240ML  SAB NARANJA RECETTMARKET,4.78776,,sin_match,sin_candidato
drovencentro,CLORURO DE MAGNESIO 240ML ARCOIRIS,7.384,,sin_match,sin_candidato
drovencentro,CLORURO DE MAGNESIO 240ML SAB FRAMBUESA RECETTMARKET,4.78776,,sin_match,sin_candidato
drovencentro,CLORURO DE MAGNESIO 240ML SAB LIMON RECETTMARKET,4.78776,,sin_match,sin_candidato
drovencentro,CLORURO DE MAGNESIO 240ML SAB PARCHITA RECETTMARKET,4.78776,,sin_match,sin_candidato
drovencentro,CLORURO DE MAGNESIO 30GR ABEJITA,2.2304,,sin_match,sin_candidato
drovencentro,"CLORURO DE MAGNESIO 33,33G 1UNID FSI.",2.0064,,sin_match,sin_candidato
drovencentro,"CLORURO DE MAGNESIO x 1 SOBRE 16,66G P/P 1/2L SOB LYA",2.07552,,sin_match,sin_candidato
drovencentro,CLORURO DE POTASIO 7.5% 1 AMP 100ML BEHRENS,8.8616,E.F.G.32.581,matched,score=0.775
drovencentro,"CLORURO DE SODIO 0,9% SOLU. INFUSI 100ML BLUE MEDICAL",1.424,,sin_match,sin_candidato
drovencentro,CLORURO DE SODIO 20% 100ML SOL IV,8.2764,E.F.G.32.515,matched,score=0.787
drovencentro,"CLORURO DE SODIO AL 0,9% 100ML BC",2.056,,sin_match,sin_candidato
drovencentro,CLOTRIGEN CREMA 30GR  FARMAGENIK,3.4048,,sin_match,sin_candidato
drovencentro,"CLOTRIM-DEXAM-NEOMIC 1%0,04%/0,57% CR 20G REMENY",4.192,,sin_match,sin_candidato
drovencentro,CLOTRIMAZOL 1%  20GR  CREMA TOPICA CALOX MCK,3.816,E.F.G.43.020,matched,score=0.731
drovencentro,CLOTRIMAZOL 1%  CR 20GR ALESS,2.13357,,sin_match,sin_candidato
drovencentro,CLOTRIMAZOL 1% 20G CREMA KIMICEG,2.3904,E.F.G.34.772,matched,score=0.783
drovencentro,CLOTRIMAZOL 1% 40GR CREMA VAGINAL CALOX,7.728,E.F.G.43.020,matched,score=0.742
drovencentro,CLOTRIMAZOL 1% CR 20GR MEDICAL GROUP,3.21264,,sin_match,sin_candidato
drovencentro,CLOTRIMAZOL 1% CR VAG 40GR 6 APLIC COASPHARMA,6.656,,sin_match,sin_candidato
drovencentro,CLOTRIMAZOL 1% CREMA 20G GENVEN,3.28,E.F.G.26.813,matched,score=0.770
drovencentro,CLOTRIMAZOL 1% CREMA VAG 30GR ARTE MEDICO,5.056,,sin_match,sin_candidato
drovencentro,CLOTRIMAZOL 1% SOL  TOP 30ML LAPROFF,3.088,,sin_match,sin_candidato
drovencentro,CLOTRIMAZOL 1%CR VAGINAL 50GR  5 APLICADOR TIARES,2.408,,sin_match,sin_candidato
drovencentro,CLOTRIMAZOL 10% CREMA VAG 5GX1 APL KIMICEG,3.03448,E.F.G.37.900,matched,score=0.688
drovencentro,CLOTRIMAZOL 100MG 6TAB VAGINALES TIARES,2.5908,,sin_match,sin_candidato
drovencentro,CLOTRIMAZOL 2% CR VAG 20GR GENVEN,5.128,,sin_match,sin_candidato
drovencentro,CLOTRIMAZOL 2%CR VAGINAL 30GR 1 APLICADOR TIARES,3.536,,sin_match,sin_candidato
drovencentro,CLOTRIMAZOL 200MG  3 OVULOS COLMED,2.336,E.F.G.43.020,matched,score=0.890
drovencentro,CLOTRIMAZOL 500MG  2TAB VAGINAL PORTUGAL,1.35168,,sin_match,sin_candidato
drovencentro,CLOTRIMAZOL 500MG 1 OVULO VAGINAL TIARES,2.3324,,sin_match,sin_candidato
drovencentro,CLOTRIMAZOL 500MG 1OVULO ALESS,1.90768,,sin_match,sin_candidato
drovencentro,CLOTRIMAZOL CR  20GR  PROCLOTRI DROVENCA,2.464,,sin_match,sin_candidato
drovencentro,CLOTRIMAZOL CR VAG 20GR 1 APLIC PROCLOTRI DROVENCA,3.08,,sin_match,sin_candidato
drovencentro,CLOTRIMAZOL CREMA 1% / 20GR KMPLUS,2.00816,,sin_match,sin_candidato
drovencentro,CLOTRIMAZOL/NEOMICINA/DEXAM CR 20G LA SANTE,5.0912,,sin_match,sin_candidato
drovencentro,CLOUSAN LEVETIRACETAM 500MG 30TAB CLEO,8.8128,,sin_match,sin_candidato
drovencentro,CLOZAPINA100MG 30 TAB CLEO,20.984,,sin_match,sin_candidato
drovencentro,"CO-APROVEL 150/12,5MG 28COMP REC SANOFI",39.112,,sin_match,sin_candidato
drovencentro,"CO-APROVEL 300/12,5MG 28COMP REC SANOFI",51.928,,sin_match,sin_candidato
drovencentro,CO-SULTRIN 200MG/40MG/5ML SUSP 100ML VALMORCA,4.4856,,sin_match,sin_candidato
drovencentro,COCOSETTE MAXI 50GR X 18 UNID,11.50336,,sin_match,sin_candidato
drovencentro,COCOSETTE MAXI GALLETA 50G X 4 UNID (1x200G),2.89296,,sin_match,sin_candidato
drovencentro,CODEBROMIL PLUS 90ML VINCENTI,7.8784,E.F.41.502,matched,score=0.763
drovencentro,COENZIMA Q10  150MG 30CAPS PREVENTUD,18.464,,sin_match,sin_candidato
drovencentro,COENZIMA Q10 150MG 60 CAPS PREVENTUD,27.08,,sin_match,sin_candidato
drovencentro,COFADOR 2% SOL OFT 5ML COFASA,10.848,E.F.44.294,matched,score=0.739
drovencentro,COFADORYN 50MG 10TAB COFASA,0.48,,sin_match,sin_candidato
drovencentro,"COFASTANE 0,4%/0,3% SOL OFT 15ML COFASA",11.288,E.F.44.294,matched,score=0.731
drovencentro,COFASUR 160MG 30TAB REC COFASA,4.70256,E.F.44.093,matched,score=0.757
drovencentro,COFASURE 80MG 30TAB REC COFASA,5.848,E.F.44.636,matched,score=0.904
drovencentro,COFATIC 500MG 30 CAPS COFASA,4.976,,sin_match,sin_candidato
drovencentro,"COFATODEX 0,3%/0,1% SUSP OFT 5ML COFASA",5.44,,sin_match,sin_candidato
drovencentro,COGNIVIT 30 CAP NATURLIFES,6.768,,sin_match,sin_candidato
drovencentro,COLA DE CABALLO 350MG+DIENTE DE LEON 150MG 60CAPS WALIFE,8.70672,,sin_match,sin_candidato
drovencentro,COLACELL 60 CAP NATURLIFES,10.096,,sin_match,sin_candidato
drovencentro,COLADO GERBER BANANA 16 POUCH 100G,25.66816,,sin_match,sin_candidato
drovencentro,COLADO GERBER MANZANA 16 POUCH 100G,25.66816,,sin_match,sin_candidato
drovencentro,COLADO GERBER PERA 16 POUCH 100G,25.66816,,sin_match,sin_candidato
drovencentro,COLADO GERBER PURE MANZANA 113G. X 12,17.65568,,sin_match,sin_candidato
drovencentro,COLADO GERBER PURE PERA 113G. X 12,17.65568,,sin_match,sin_candidato
drovencentro,COLAGENO + MAGNESIO  30CAPS NATURISTIK,6.20928,,sin_match,sin_candidato
drovencentro,COLAGENO + MAGNESIO  60CAPS NATURISTIK,8.32832,,sin_match,sin_candidato
drovencentro,COLAGENO 1000 MG VIT C CITR DE MAGNESIO 30TABL VAL,12.6692,,sin_match,sin_candidato
drovencentro,COLAGENO 450MG 70CAPS ABEJITA,8.7856,,sin_match,sin_candidato
drovencentro,COLAGENO 550MG 60CAPS WALIFE,8.2944,,sin_match,sin_candidato
drovencentro,COLAGENO 60CAPS BIOINFINITY,9.848,,sin_match,sin_candidato
drovencentro,COLAGENO C/ELASTINA  60TAB FITOSANA,7.2448,,sin_match,sin_candidato
drovencentro,COLAGENO HIDROLIZADO + VITAMINA C  60CAPS NATURISTIK,8.32832,,sin_match,sin_candidato
drovencentro,COLAGENO HIDROLIZADO 60TAB FITOSANA,7.2448,,sin_match,sin_candidato
drovencentro,COLAGENO VIT C 60CAPS  ARCOIRIS,12.8,,sin_match,sin_candidato
drovencentro,COLAGENO+VIT C+AC HIALURONICO+MAGNESIO 60 CAPS GREEN CHOICE,13.536,,sin_match,sin_candidato
drovencentro,COLAGENOL LIFE 400MG 60CAPS WALIFE,8.1464,,sin_match,sin_candidato
drovencentro,COLAYTE 4 SOBRE,26.57727,,sin_match,sin_candidato
drovencentro,"COLCHICINA  0,5MG  30 TAB  ARO PHARMA",6.00898,,sin_match,sin_candidato
drovencentro,COLCHICINA 1MG  30TAB FARMAMED,1.28021,,sin_match,sin_candidato
drovencentro,COLCHICINA 500MCG  30TAB EVERMED,1.17092,,sin_match,sin_candidato
drovencentro,COLFENE 400MG/4MG 10COMP RE ELMOR,4.4688,E.F.33.110,matched,score=0.894
drovencentro,COLFENE 600MG/4MG 15COMP REC ELMOR,7.29904,E.F.39.320,matched,score=0.897
drovencentro,COLGESIC 400MG/4MG 15COMP REC BIOTECH,4.50448,E.F.38.685,matched,score=0.897
drovencentro,COLLAGEN + VIT C  60CAPS ETERNAL,7.3848,,sin_match,sin_candidato
drovencentro,COLLAGEN PEPTIDES DYDROLYZED 300GR PHARMACORP,25.4736,,sin_match,sin_candidato
drovencentro,COLLAGEN WITH VITAMIN C 60CAPS NATURAL SYSTEMS,20.76,,sin_match,sin_candidato
drovencentro,COLLAHIDROL-C 60CAPS WALIFE,9.2072,,sin_match,sin_candidato
drovencentro,COLLAR CERVICAL FORMA (PHILA) T-M FORMA ELASTICA,33.272,,sin_match,sin_candidato
drovencentro,COLLAR CERVICAL FORMA (PHILA) T-S FORMA ELASTICA,33.272,,sin_match,sin_candidato
drovencentro,COLLAR CERVICAL SUAVE T-M FORMA ELASTICA,21.328,,sin_match,sin_candidato
drovencentro,COLLOVAR SOLUCION 10ML VARGAS,4.14,E.F.34.845,matched,score=0.688
drovencentro,COLONPLANT 400MG 60CAPS HERBAPLANT,10.3564,,sin_match,sin_candidato
drovencentro,COLONVITAL LIFE 500MG 60CAPS WALIFE,7.6296,,sin_match,sin_candidato
drovencentro,COLOZIN 150MG 30CAPS LETI,22.424,,sin_match,sin_candidato
drovencentro,COLVAL 4MG 12COMP VALMORCA,4.0752,E.F.23.524,matched,score=0.899
drovencentro,COLVAL 4MG/2ML 2AMP VALMORCA,4.788,E.F.23.451,matched,score=0.908
drovencentro,COLYPAN 200MG 10TAB FARMA,2.72548,,sin_match,sin_candidato
drovencentro,COLYPAN 300MG 20TAB REC LP,9.61088,E.F.44.418,matched,score=0.561
drovencentro,COMENTER 30MG 30COMP ADIUM,7.96354,,sin_match,sin_candidato
drovencentro,COMPLEJO B  3AMP 2ML COLMED VIVAX,3.656,P.B.1.278,matched,score=0.535
drovencentro,COMPLEJO B  500MG  30TAB NATURISTIK,5.85648,,sin_match,sin_candidato
drovencentro,COMPLEJO B 20TAB SPEFAR,3.59488,P.F.1.412,matched,score=0.775
drovencentro,COMPLEJO B 30BLT 10TAB  MULTIPACK LAPROFF,26.624,,sin_match,sin_candidato
drovencentro,COMPLEJO B JARABE 120 ML ROBIMEN,1.74702,,sin_match,sin_candidato
drovencentro,COMPLEJO MULTIVITAMINICO 30TAB  BLUE MEDICAL,2.864,,sin_match,sin_candidato
drovencentro,COMPRESA DE LAPAROTOMIA ESTERIL 45CMx45CM 5UND SAGLAM JMW,5.536,,sin_match,sin_candidato
drovencentro,COMPRESA LAPAROTOMIA ESTERIL 18''Xx18'' 5PCS ITN,3.8608,,sin_match,sin_candidato
drovencentro,COMPRESAS DE GASAS ESTERILES 3X3 20 SOBRES BRIUTCARE,4.68,,sin_match,sin_candidato
drovencentro,COMPRESAS DE GASAS ESTERILES 4X4 20 SOBRES BRIUTCARE,6.648,,sin_match,sin_candidato
drovencentro,COMPRESAS DE GASAS ESTERILES 4X8 20 SOBRES BRIUTCARE,11.6888,,sin_match,sin_candidato
drovencentro,COMPRESAS GASAS ESTERILES 2X2 20 SOBRES BRIUTCARE,3.2,,sin_match,sin_candidato
drovencentro,COMTREX DIA 60 SOBRES  5GR PORTUGAL,27.744,,sin_match,sin_candidato
drovencentro,CONDON CLASSIC 3 UNID RECARE,1.332,,sin_match,sin_candidato
drovencentro,CONDON DELAY 3 UNID RECARE,1.332,,sin_match,sin_candidato
drovencentro,CONDON DIVERSION 3 UNID RECARE,1.332,,sin_match,sin_candidato
drovencentro,CONDON DOTTED 3 UNID TEXTURIZADO RECARE,1.332,,sin_match,sin_candidato
drovencentro,CONDON FREEZING 3 UNID RECARE,1.332,,sin_match,sin_candidato
drovencentro,CONDON RIBBED X 3 TEXTURIZADO RECARE,1.332,,sin_match,sin_candidato
drovencentro,CONEXINE 50MG 30COMP ADIUM,4.78038,,sin_match,sin_candidato
drovencentro,CONO URINARIO 10UND ALVE,3.978,,sin_match,sin_candidato
drovencentro,CONTENEDOR DE LECHE CON 3 DIVISIONES TOMI TIPI,8.216,,sin_match,sin_candidato
drovencentro,CONTORNO DE OJOS 15ML ZOAH,3.7012,,sin_match,sin_candidato
drovencentro,CONVIHALER DISPOSITIVO PARA INH NEOPHARMA,15.536,,sin_match,sin_candidato
drovencentro,COOLFRESH PASTILLAS 12 SOBRES 168 GR,8.864,,sin_match,sin_candidato
drovencentro,COQ10 60MG   60CAPS NOW,26.6764,,sin_match,sin_candidato
drovencentro,CORATAB 81MG 100TAB REC COFASA,5.0688,,sin_match,sin_candidato
drovencentro,CORATAB 81MG 30TAB COFASA,1.908,,sin_match,sin_candidato
drovencentro,CORAZEM 60MG 20TAB CUBIERTA,8.50668,E.F.34.030,matched,score=0.565
drovencentro,"CORBIS 2,5MG 30TAB SIEGFRIED",5.1816,,sin_match,sin_candidato
drovencentro,CORBIS 5MG 30TAB SIEGFRIED,5.27,,sin_match,sin_candidato
drovencentro,"CORENTEL 1,25MG  10COMP  REC (I) MEGALABS",1.36,,sin_match,sin_candidato
drovencentro,"CORENTEL 1,25MG  30COMP (I) MEGALABS",4.32,,sin_match,sin_candidato
drovencentro,"CORENTEL 1,25MG  30COMP ROEMMERS",4.8,,sin_match,sin_candidato
drovencentro,CORENTEL 10MG  30COMP,8.248,E.F.35.719,matched,score=0.806
drovencentro,CORENTEL 10MG  30COMP (I),7.4232,E.F.35.719,matched,score=0.889
drovencentro,"CORENTEL 2,5MG  30COMP REC (I) ROEMMERS",3.444,,sin_match,sin_candidato
drovencentro,"CORENTEL 2,5MG  30COMP REC ROEMMERS",3.444,,sin_match,sin_candidato
drovencentro,CORENTEL 5MG  30COMP,6.768,E.F.35.718,matched,score=0.817
drovencentro,CORENTEL 5MG  30COMP (I),6.768,E.F.35.718,matched,score=0.897
drovencentro,CORENTEL 5MG 10COMP,2.124,E.F.35.718,matched,score=0.817
drovencentro,CORENTEL 5MG 10COMP REC (I) MEGALABS,2.124,E.F.35.718,matched,score=0.882
drovencentro,"CORENTEL H 10/6,25MG  10COMP REC (I) MEGALABS",5.542,E.F.35.719,matched,score=0.901
drovencentro,"CORENTEL H 5/6,25MG  30COMP REC",11.568,E.F.35.718,matched,score=0.847
drovencentro,"CORENTEL H 5/6,25MG 10COMP REC (I) MEGALABS",4.338,E.F.35.718,matched,score=0.918
drovencentro,CORLIPEX OMEGA3 1200MG+VIT D3+COENZIMA Q10  30CAPS BLAN DPT,15.2228,,sin_match,sin_candidato
drovencentro,COROPRES 16MG   10COMP,3.448,E.F.35.927,matched,score=0.912
drovencentro,COROPRES 32MG   30COMP,14.768,E.F.42.233,matched,score=0.912
drovencentro,"COROPRES H 8MG/12,5MG  30COMP ROEMMERS",9.48,E.F.35.926,matched,score=0.688
drovencentro,"COROPRES HCT 16MG-12,5MG 10 COMP",4.6536,E.F.38.312,matched,score=0.918
drovencentro,"COROPRES HCT 16MG/12,5MG  30 COMP KLINOS",13.664,E.F.38.312,matched,score=0.904
drovencentro,"COROPRES HCT 32MG/12,5MG  10COMP KLINOS",4.616,E.F.42.233,matched,score=0.906
drovencentro,"COROPRES HCT 32MG/12,5MG  30COMP KLINOS",13.44,E.F.42.233,matched,score=0.915
drovencentro,"COROPRES HCT 8MG/12,5MG 10 COMP",2.9288,E.F.35.926,matched,score=0.686
drovencentro,CORRECTOR MATE FPS 45+ S/COLOR 50ML COHER,6.512,,sin_match,sin_candidato
drovencentro,CORRECTOR MATE FPS 45+ T/CLARO 50ML COHER,6.512,,sin_match,sin_candidato
drovencentro,CORRECTOR MATE FPS 45+ T/MEDIO 50ML COHER,6.512,,sin_match,sin_candidato
drovencentro,CORTIMED 5MG/2MG/ML SOL INY I.M 1AMP PHARMAMED,6.24,,sin_match,sin_candidato
drovencentro,CORTIPRA 100MG X 10 VIALES IM/IV,13.6944,,sin_match,sin_candidato
drovencentro,CORTIPRA 500MG 1 VIAL IM/IV ADN HIDROCORTISONA,5.0832,,sin_match,sin_candidato
drovencentro,"CORTYNASE 0,05% 50MCG 80DOSIS SUSP NASAL OFTALMI",6.864,E.F.44.702,matched,score=0.913
drovencentro,CORTYNASE 50MCG 140DOSIS SUSP NASAL OFTALMI,12.824,E.F.44.702,matched,score=0.930
drovencentro,CORZELAN CR 20GR ANGELUS,1.6776,,sin_match,sin_candidato
drovencentro,"COVENTROL 12,5MG 30COMP LETI",6.264,E.F.31.744,matched,score=0.923
drovencentro,"COVENTROL 6,25MG 30COMP LETI",5.288,E.F.31.743,matched,score=0.916
drovencentro,COVEX BARRA ANTIBACT ACTIVE PROTECTION 115G SURA,1.128,,sin_match,sin_candidato
drovencentro,COVEX BARRA ANTIBACT COOL PROTECTION 115G SURA,1.128,,sin_match,sin_candidato
drovencentro,COVEX BARRA ANTIBACT FRESH PROTECTION 115G SURA,1.128,,sin_match,sin_candidato
drovencentro,CQ10 400MG  60 CAPS ETERNAL,18.53,,sin_match,sin_candidato
drovencentro,CRANBERRY 500MG  60CAPS HERBAPLANT,9.9416,,sin_match,sin_candidato
drovencentro,CRANBERRY 500MG  60CAPS WALIFE,8.736,,sin_match,sin_candidato
drovencentro,CRANBERRY 500MG 30CAPS HERBAPLANT,7.5344,,sin_match,sin_candidato
drovencentro,CREATINA MONOHIDRATADA  60CAPS NATURISTIK,9.8328,,sin_match,sin_candidato
drovencentro,CREATINA MONOHIDRATO 1000MG  60CAPS WALIFE,8.7856,,sin_match,sin_candidato
drovencentro,CREATINE 750MG 120 CAP NOW,31.136,,sin_match,sin_candidato
drovencentro,CREMA ACLARANTE BRIGHT SKIN 50ML ZOAH,3.7924,,sin_match,sin_candidato
drovencentro,CREMA ACLARANTE W-2  30GR FARMAGENIK,7.0376,,sin_match,sin_candidato
drovencentro,CREMA ANTIPAÑALITIS BEBE 65G SABILADERM COHER,5.536,,sin_match,sin_candidato
drovencentro,CREMA BAF 80MG  FARMAGENIK,7.2504,,sin_match,sin_candidato
drovencentro,CREMA BLANQUEADORA W-1 30G FARMAGENIK,7.1668,,sin_match,sin_candidato
drovencentro,CREMA CALIENTE CORPORAL MANZANILLA 200GR OZONEPUI,6.92,,sin_match,sin_candidato
drovencentro,CREMA CICATRIMED 30G LYA,4.50432,,sin_match,sin_candidato
drovencentro,CREMA CORP ULTRAHIDR UREA 20%  200ML URIBODY COHER,7.56,,sin_match,sin_candidato
drovencentro,CREMA CORPORAL ANTIFRICCION 120ML FREE LIFE STYLE,6.696,,sin_match,sin_candidato
drovencentro,CREMA DE ARNICA 90GR F.S.I,3.19616,,sin_match,sin_candidato
drovencentro,CREMA DE AZAHARES 30G 1UNID F.S.I,1.85152,,sin_match,sin_candidato
drovencentro,CREMA DESMAQUILLANTE 120ML ZOAH,3.6784,,sin_match,sin_candidato
drovencentro,CREMA FRIA H-1 230G FARMAGENIK,4.92,,sin_match,sin_candidato
drovencentro,CREMA HAMAMELIS ANTIHEMORROIDAL 30G LYA,5.28448,,sin_match,sin_candidato
drovencentro,CREMA HIDRATANTE CORPORAL BABA DE CARACOL 200GR OZONEPUI,3.824,,sin_match,sin_candidato
drovencentro,CREMA NUTRITIVA NOCHE 50ML ZOAH,3.648,,sin_match,sin_candidato
drovencentro,CREMA RETI-1 30G FARMAGENIK,6.52,,sin_match,sin_candidato
drovencentro,CRI-CRI CHOC 27GR X 12 UNID,12.59104,,sin_match,sin_candidato
drovencentro,CRI-CRI CHOC 60GR  9UNID,18.23584,,sin_match,sin_candidato
drovencentro,CRI-CRI CHOC CON ARROZ 123G X 5 UNID,17.49104,,sin_match,sin_candidato
drovencentro,CRISOMET 50MG/500MG 10TAB FARMA,6.17151,E.F.41.808,matched,score=0.904
drovencentro,CRISOMET 50MG/500MG 30TAB FARMA,15.01178,E.F.41.808,matched,score=0.754
drovencentro,CRISOMET 50MG/850MG 10TAB FARMA,7.1723,E.F.41.809,matched,score=0.733
drovencentro,CRISOMET 50MG/850MG 30TAB REC,16.36285,E.F.41.809,matched,score=0.736
drovencentro,CRISPLUS 120MG 30 CAPS VARGAS,17.568,,sin_match,sin_candidato
drovencentro,CROMOFTAL 4% SOLOFTALMICO 10ML OFTALMI,7.024,,sin_match,sin_candidato
drovencentro,CROMUS 0.1% UNGUENTO 15GR VIVAX,40.784,,sin_match,sin_candidato
drovencentro,CUBITAN PLUS SACUBITRILO 24.3MG VALSARTAN 25.7MG 30TAB REC  DAC,20.57933,,sin_match,sin_candidato
drovencentro,CURCUMA 500MG 60CAPS HERBAPLANT,9.9416,,sin_match,sin_candidato
drovencentro,CURCUMA 60CAPS BIOINFINITY,8.8944,,sin_match,sin_candidato
drovencentro,CURCUMA/PIMIENTA NEGRA 30CAPS NATURISTIK,6.902,,sin_match,sin_candidato
drovencentro,CURE AID EYE PAD PARCHE OCUL ADUL 58MM 82MM/ 20UNID,6.272,,sin_match,sin_candidato
drovencentro,CURE AID EYE PAD PARCHE OCUL PED 50MM 62MM/ 20UNID,6.024,,sin_match,sin_candidato
drovencentro,CURITA  EN SPRAY FILMOGEL 40ML URGO,8.76658,,sin_match,sin_candidato
drovencentro,CURITAS  CICATRIZACION RAPIDA  8UND URGO,4.64893,,sin_match,sin_candidato
drovencentro,CURITAS  CLASICOS 20 UND BRIUTICARE,2.128,,sin_match,sin_candidato
drovencentro,CURITAS CALLICIDAS 12UND URGO,4.3833,,sin_match,sin_candidato
drovencentro,CURITAS CIRCULARES 100UND BRIUTCARE,5.528,,sin_match,sin_candidato
drovencentro,CURITAS CON DISEÑO ANIMAL  8UND URGO,1.51422,,sin_match,sin_candidato
drovencentro,CURITAS CURE AID CLEAR SURTIDO 20UND,2.92,,sin_match,sin_candidato
drovencentro,CURITAS CURE AID KIDS SURTIDO 20 UND,3.016,,sin_match,sin_candidato
drovencentro,CURITAS CURE AID WASHPROOF SURTIDO 20 UND,2.952,,sin_match,sin_candidato
drovencentro,CURITAS FLEXIBLES 20 UND BRIUTCARE,2.128,,sin_match,sin_candidato
drovencentro,CURITAS IMPERMEABLES 20UND URGO,2.68309,,sin_match,sin_candidato
drovencentro,CURITAS KIDS 20UND BRIUTCARE,2.128,,sin_match,sin_candidato
drovencentro,CURITAS MIXTAS 20UND BRIUTCARE,2.128,,sin_match,sin_candidato
drovencentro,CURITAS PARA DEDOS CICATRIZACION RAPIDA  8UND URGO,4.64893,,sin_match,sin_candidato
drovencentro,CURITAS PARA QUEMADURAS Y HERIDAS SUPERF 4UND URGO,9.61669,,sin_match,sin_candidato
drovencentro,CURITAS PARA QUEMADURAS Y HERIDAS SUPERF 6UND URGO,8.47439,,sin_match,sin_candidato
drovencentro,CURITAS RESISTENTES 20UND URGO,1.48767,,sin_match,sin_candidato
drovencentro,CURITAS SENSITIVE STRECH P/PIEL SENSIBLE  20UND URGO,2.28462,,sin_match,sin_candidato
drovencentro,CURITAS TRANSPARENTES 20 UND BRIUTCARE,2.128,,sin_match,sin_candidato
drovencentro,CURITAS TRASNPARENTES DISCRETOS  20UND URGO,1.56738,,sin_match,sin_candidato
drovencentro,CURITAS TRATAMIENTO DE AMPOLLAS  5UND URGO,7.83682,,sin_match,sin_candidato
drovencentro,"CURPINOL 12,5MG  10COMP",1.938,E.F.36.263,matched,score=0.942
drovencentro,"CURPINOL 12,5MG  30COMP ROEMMERS",5.1688,E.F.36.263,matched,score=0.925
drovencentro,CURPINOL 25MG  30 COMP ROEMMERS,8.864,E.F.36.264,matched,score=0.726
drovencentro,CUTICLIN 10MG 30CAPSULAS BLANDAS,25.552,,sin_match,sin_candidato
drovencentro,CUTICLIN 20MG 30CAPS BLAN VIVAX,33.136,,sin_match,sin_candidato
drovencentro,CYNT 20MG 20COMP DOLLDER,3.01386,,sin_match,sin_candidato
drovencentro,CYNT 40MG 10COMP DOLLDER,3.01386,,sin_match,sin_candidato
drovencentro,CYPRAL 500MG 14TAB SIEGFRIED,8.1016,E.F.27.157,matched,score=0.716
drovencentro,CYPRAL 500MG 20TAB REC SIEGFRIED,14.1312,E.F.27.157,matched,score=0.856
drovencentro,CYPRAL 750MG 6TAB SIEGFRIED,7.1672,E.F.27.452,matched,score=0.866
drovencentro,D-FEN 50MG 10 SUP DICLOFENAC SODICO NEOPHARMA,3.696,,sin_match,sin_candidato
drovencentro,DAC-LAX POLIETILENGLICOL POLVO P/SUSP ORAL 120G DAC55,4.89444,,sin_match,sin_candidato
drovencentro,DACLICIN 300MG  10CAP CLINDAMICINA  ZUZU,5.12,,sin_match,sin_candidato
drovencentro,DACMINA PLUS 450MG-50MG 30 TAB REC DIOSMI HESPER DAC,9.97016,,sin_match,sin_candidato
drovencentro,DAGLITAN 5MG-1000MG  30TAB ZORIAK  DAPAGL-METFOR,21.05384,,sin_match,sin_candidato
drovencentro,DALAN BARRA BABY ZERO ALOE VERA 90GR SURA,1.456,,sin_match,sin_candidato
drovencentro,DALAN BARRA BABY ZERO MANZANILLA 90GR SURA,1.456,,sin_match,sin_candidato
drovencentro,DALAN BARRA MICELAR FRUTA D DRAGON 125G SURA,1.152,,sin_match,sin_candidato
drovencentro,DALCITRIN 2% 15G DOLLDER,5.78078,,sin_match,sin_candidato
drovencentro,DALTAZEN 60MG  10COMP,4.4288,E.F.30.715,matched,score=0.912
drovencentro,DANI 2MG/35MCG 21TAB TIARES,13.1616,,sin_match,sin_candidato
drovencentro,DAPAGLIFLOZINA 10MG 30TAB MT,13.56563,,sin_match,sin_candidato
drovencentro,DAPAGLIFLOZINA 5MG 30TAB MT,9.89834,,sin_match,sin_candidato
drovencentro,DAPAXIT 10MG 30TAB DAPAGLIFOZINA ZORIAK,16.30579,,sin_match,sin_candidato
drovencentro,DARLIDE 1000 UI  30 CAPS VIT D3 FC PHARMA,2.924,,sin_match,sin_candidato
drovencentro,DARLIDE 1000UI  60CAPS  VIT D3 FC PHARMA,6.414,,sin_match,sin_candidato
drovencentro,DAVINTEX 60MG  10 COMP REC,2.4,,sin_match,sin_candidato
drovencentro,DAVINTEX 90MG 10COMP REC,5.542,,sin_match,sin_candidato
drovencentro,DAYFLU DIA 10CAPS VIVAX,5.488,,sin_match,sin_candidato
drovencentro,DAYFLU DIA/NOCHE 500MG 15CAPS BLANDAS VIVAX,7.552,,sin_match,sin_candidato
drovencentro,DAYFLU NOCHE 500MG/2MG 10CAPS VIVAX,5.536,E.F.39.525,matched,score=0.742
drovencentro,DAYZOL 600MG/4MG  10COMP REC LETI,6.672,E.F.42.243,matched,score=0.897
drovencentro,DECA LENTERMINA COMPLEX 3 AMP BIOTECH,3.68,,sin_match,sin_candidato
drovencentro,DECALONA 8MG/2ML  1 AMP 2ML BIOTECH,2.8,,sin_match,sin_candidato
drovencentro,DECOBEL 4MG 10TAB RONAVA,4.87234,,sin_match,sin_candidato
drovencentro,DECOBEL 8MG/2ML 1 VIAL MULTIDOSIS,2.83536,,sin_match,sin_candidato
drovencentro,DEFLANUV 6MG  10TAB  DEFLAZACORT NUVILLE,4.98582,,sin_match,sin_candidato
drovencentro,DEFLAZACORT 30MG 10TAB CALOX,11.128,E.F.G.37.306,matched,score=0.900
drovencentro,DEFLAZACORT 6MG 10COMP SPEFAR,3.81792,E.F.G.42.595,matched,score=0.756
drovencentro,DEFLAZACORT 6MG 10TAB CALOX,8.8,E.F.42.426,matched,score=0.881
drovencentro,DEFLAZACORT 6MG 10TAB KMPLUS,4.318,,sin_match,sin_candidato
drovencentro,DEFLAZACORT 6MG 30TAB OB MEDICAL,5.75552,,sin_match,sin_candidato
drovencentro,DELICIAS MARIA 136GR 4 PAQUETES PUIG,2.6,,sin_match,sin_candidato
drovencentro,DELICIAS MARIA CHOCOLATE DISP 18PAQ PUIG,11.712,,sin_match,sin_candidato
drovencentro,DELIGHT CHOCOLATE 100GR  6UND SAVOY,27.42432,,sin_match,sin_candidato
drovencentro,DENAF 50MG 1 TAB REC SILDENAFIL OFTALMI,0.84,,sin_match,sin_candidato
drovencentro,DENAF 50MG 2TAB REC SILDENAFIL OFTALMI,1.568,,sin_match,sin_candidato
drovencentro,"DENCOFEN 1,16% CREMA-GEL 40G",3.584,,sin_match,sin_candidato
drovencentro,"DENCOFEN 1,16%CREMA-GEL 20G.",2.384,,sin_match,sin_candidato
drovencentro,DENCORUB  ICE ARNICA ROLL ON 80G,2.736,,sin_match,sin_candidato
drovencentro,DENCORUB *ICE* 40 GRS.,1.8428,,sin_match,sin_candidato
drovencentro,DENCORUB CREMA 40 GRAMOS,3.016,E.F.4.931,matched,score=0.754
drovencentro,DENCORUB ICE ARNICA GEL 40GR,2.376,,sin_match,sin_candidato
drovencentro,DENCORUB ICE ARNICA SPRAY 115ML,3.584,,sin_match,sin_candidato
drovencentro,DENCORUB ICE ROLL ON 80GR,2.21,,sin_match,sin_candidato
drovencentro,DENCORUB ICE SPRAY 120CM,2.9376,,sin_match,sin_candidato
drovencentro,"DENTALIV GEL TOPICO 7,5% 100GR POLINAC",10.4176,,sin_match,sin_candidato
drovencentro,DENUAL 150MG  1COMP REC ROWE,2.0328,,sin_match,sin_candidato
drovencentro,DERAIN 15% 10 GASAS LETI,22.36,E.F.25.685,matched,score=0.770
drovencentro,DERAIN 15% CREMA 15GR GENVEN,13.264,E.F.25.685,matched,score=0.803
drovencentro,"DERMACORTINE 0,1% CR 15GR KLINOS",8.9712,E.F.37.124,matched,score=0.587
drovencentro,"DERMACORTINE 0,1% EMULSION  60ML",16.864,E.F.37.676,matched,score=0.633
drovencentro,"DERMACORTINE CREMA 0,1% 15GR KLINOS",8.9712,E.F.37.124,matched,score=0.607
drovencentro,"DERMAPIL 0,1% 15GR BIOTECH",6.312,,sin_match,sin_candidato
drovencentro,DERMASKIN CREMA 20G COASPHARMA,3.904,,sin_match,sin_candidato
drovencentro,DERMASKIN CREMA 40G COASPHARMA,7.56,,sin_match,sin_candidato
drovencentro,DERMAX BABY CREMA HUMECTANTE 240ML PHARMAX,10.4108,,sin_match,sin_candidato
drovencentro,DERMAX BABY JABON BARRA DERMOLIMPIADORA 90GR PHARMAX,2.822,,sin_match,sin_candidato
drovencentro,DERMAX BABY SHAMPOO 240ML PHARMAX,6.6436,,sin_match,sin_candidato
drovencentro,DERMAXEN LOCION 240ML PHARMAX,8.3164,,sin_match,sin_candidato
drovencentro,DERMAZOL 0.05% UNGUENTO 30G MEDIHEALTH,12.342,E.F.40.804,matched,score=0.751
drovencentro,DERMAZOL CREMA 30GR MEDIHEALTH,10.0436,E.F.40.790,matched,score=0.723
drovencentro,DERMO PROTECTORA CREMA 60 GR IMAGEN DM,11.32,,sin_match,sin_candidato
drovencentro,DERMO SUN PANTALLA SOLAR FTP 50+ 60 GR IMAGEN DM ACIDO HIALUR,11.696,,sin_match,sin_candidato
drovencentro,DERMOSUPRIL 0.05% CREM TOPICA 15GR KLIN,8.2992,E.F.38.114,matched,score=0.785
drovencentro,DERMOSUPRIL 0.1% CREM TOPICA 15GR KLINO,8.64,E.F.38.114,matched,score=0.799
drovencentro,DERMOSUPRIL C CREMA 15GR,10.778,E.F.38.114,matched,score=0.813
drovencentro,DERMOSUPRIL EMULSION 120ML MEDIHEALTH,19.04,E.F.38.114,matched,score=0.734
drovencentro,DEROVIT D3 1000 UI  30CAPS BLAN VIVAX,4.28,,sin_match,sin_candidato
drovencentro,DESAZONA 4MG 10TAB DEXAMETASONA PORTUGAL,1.2844,,sin_match,sin_candidato
drovencentro,DESKEFLAS 50MG/2ML SOL  INY 3AMP DEXKETOPROFENO MT,5.26677,,sin_match,sin_candidato
drovencentro,"DESLER 0,5MG/ML JBE 60ML PHARMETIQUE",4.4268,,sin_match,sin_candidato
drovencentro,DESLER 5MG 10TAB PHARMETIQUE,2.7268,,sin_match,sin_candidato
drovencentro,"DESLER M 2,5/5MG 30TAB MAST PHARMETIQUE",7.9288,,sin_match,sin_candidato
drovencentro,DESLER M 5/10MG 10TAB REC PHARMETIQUE,4.5628,,sin_match,sin_candidato
drovencentro,DESLONIL 2.5MG/5MG 30TAB DESLORAT+MONTEL BIOMERCY,4.784,,sin_match,sin_candidato
drovencentro,DESLONIL 5MG/10MG 30TAB DESLORAT+MONTEL BIOMERCY,5.168,,sin_match,sin_candidato
drovencentro,DESLORAT 5MG 20TAB OFTALMI,4.312,E.F.34.405,matched,score=0.903
drovencentro,DESLORAT 5MG/ML JBE 60ML OFTALMI,4.192,E.F.34.405,matched,score=0.894
drovencentro,"DESLORATADINA 0,5MG/5ML JBE 60ML BIOQUIMICA",3.496,,sin_match,sin_candidato
drovencentro,"DESLORATADINA 0,5MG/ML SOL ORAL 60ML GENVEN",3.72,E.F.G.35.191,matched,score=0.942
drovencentro,DESLORATADINA 0.05% JBE 60ML LAPROFF,4.064,,sin_match,sin_candidato
drovencentro,"DESLORATADINA 2,5MG/5ML JBE  60ML SIEGFRIED",4.18824,E.F.G.42.524,matched,score=0.928
drovencentro,"DESLORATADINA 2,5MG/5ML JBE 60ML KIMICEG",2.80872,E.F.G.36.268,matched,score=0.951
drovencentro,"DESLORATADINA 2,5MG/5ML JBE 60ML PHARMETIQUE",3.68,,sin_match,sin_candidato
drovencentro,"DESLORATADINA 2,5MG/5ML SOL  60ML SIEGFRIED",6.08,E.F.G.42.540,matched,score=0.927
drovencentro,DESLORATADINA 5MG 10COMP LETI,2.144,E.F.G.43.570,matched,score=0.912
drovencentro,DESLORATADINA 5MG 10TAB CALOX,2.168,E.F.G.37.996,matched,score=0.908
drovencentro,DESLORATADINA 5MG 10TAB KIMICEG,1.64008,E.F.G.36.359,matched,score=0.910
drovencentro,DESLORATADINA 5MG 10TAB PHARMETIQUE,2.288,,sin_match,sin_candidato
drovencentro,DESLORATADINA 5MG 10TAB SIEGFRIED,2.0288,E.F.G.43.091,matched,score=0.749
drovencentro,DESODORANTE AEROSOL 210ML ZOAH,5.4504,,sin_match,sin_candidato
drovencentro,DESODORANTE OZONE ANTITRANS CABALLERO 90 GR OZONEPUI,2.896,,sin_match,sin_candidato
drovencentro,DESODORANTE OZONE ANTITRANS DAMA 90GR OZONEPUI,2.896,,sin_match,sin_candidato
drovencentro,DESODORANTE ROLL ON 90ML ZOAH,1.4976,,sin_match,sin_candidato
drovencentro,DESOLON 0.15MG/0.03MG 21TAB CAPSUVEN,8.5392,,sin_match,sin_candidato
drovencentro,DESONIDA 0.1% CREMA 15GR SIEGFRIED,7.092,E.F.G.44.106,matched,score=0.799
drovencentro,DETFORGLIN 500/50MG 30TAB METF+SISTAG DISTRILAB,10.5056,,sin_match,sin_candidato
drovencentro,DETOX 890MG  60CAPS ETERNAL,6.1568,,sin_match,sin_candidato
drovencentro,DETOX COMPLEX  60CAP ARCOIRIS,8.736,,sin_match,sin_candidato
drovencentro,DEXACORT 4MG/ML  1AMP 2ML BEHRENS,2.7436,,sin_match,sin_candidato
drovencentro,"DEXAMETASONA 0,5MG  30TAB VARGAS",3.1032,E.F.G.26.356,matched,score=0.932
drovencentro,DEXAMETASONA 0.5MG 10 TAB MEDICAL GROUP,1.07864,,sin_match,sin_candidato
drovencentro,DEXAMETASONA 4MG 10 TABL KMPLUS,0.95352,,sin_match,sin_candidato
drovencentro,DEXAMETASONA 4MG 100TAB PORTUGAL,9.96,,sin_match,sin_candidato
drovencentro,DEXAMETASONA 4MG 10COMP SPEFAR,3.24064,E.F.G.42.492,matched,score=0.901
drovencentro,DEXAMETASONA 4MG/1ML V/IM 10AMP VITALIS,7.264,,sin_match,sin_candidato
drovencentro,DEXAMETASONA 4MG/ML IM/IV SOL INY 1ML 10AMP CORPOMECA,4.8256,,sin_match,sin_candidato
drovencentro,DEXAMETASONA 8MG/ 2ML  10AMP KMPLUS,4.96944,,sin_match,sin_candidato
drovencentro,DEXAMETASONA 8MG/2 ML 1AMP FELIRNI,1.216,,sin_match,sin_candidato
drovencentro,DEXAMETASONA 8MG/2ML 10AMP ADN,5.184,,sin_match,sin_candidato
drovencentro,DEXAMETASONA 8MG/2ML IM/IV SOL INY 10AMP CORPOMECA,5.9072,,sin_match,sin_candidato
drovencentro,DEXAMETASONA 8MG/2ML SOL INY IV/IM 10AMP BLUE MEDICAL,3.84,,sin_match,sin_candidato
drovencentro,DEXAMETASONA FOSFATO 8MG/2ML SOL INY 5AMP ALESS,2.46936,,sin_match,sin_candidato
drovencentro,DEXAPIL DEXAMETASONA 4 MG 10 TABL ADN,1.548,,sin_match,sin_candidato
drovencentro,DEXKETOPROFENO 25MG/10ML SOL ORAL 20SOB CALOX,24.136,E.F.G.44.066,matched,score=0.909
drovencentro,DEXTAMIN 0.5MG/ML SOL 60ML PLUSANDEX,2.6661,,sin_match,sin_candidato
drovencentro,DEXTAMIN 0.5MG/ML SOL ORAL 120ML DESLORAT PLUSANDEX,3.28925,,sin_match,sin_candidato
drovencentro,DEXTAMIN 5MG  10TAB REC DESLORAT PLUSANDEX,2.15719,,sin_match,sin_candidato
drovencentro,DEXTONIL 15MG/5ML JBE 120ML PLUSANDEX,3.82375,,sin_match,sin_candidato
drovencentro,DEXTRAN 70 0.1% LAGRIMAS ARTIFICIALES 15ML OFTALMI,4.744,,sin_match,sin_candidato
drovencentro,DEXTROMET 15MG/5ML JBE 120ML DEXTROME ZUZU,3.9232,,sin_match,sin_candidato
drovencentro,DEXTROMETLAT 15MG/3MG JBE 120ML DEXTRO/CLORFENA ZUZU,3.7968,,sin_match,sin_candidato
drovencentro,DEXTROMETORFANO 15MG/5ML JBE 120ML BIOQUIMICA,3.9304,,sin_match,sin_candidato
drovencentro,DEXTROMETORFANO 15MG/5ML LIBOLAL JARABE 120ML QUIM-FAR,1.90782,,sin_match,sin_candidato
drovencentro,DEXTROSA 10% SOL F 500ML N2 BEHRENS,5.0768,,sin_match,sin_candidato
drovencentro,DEXTROSA 30% SOL 500ML BEHRENS,10.184,E.F.G.32.565,matched,score=0.568
drovencentro,DEXTROSAL 0.30% 500ML SOL 28 BEHRENS,4.0356,,sin_match,sin_candidato
drovencentro,DEXUNI 8MG/2ML  10AMP DEXAMETASONA UNIPHARMA,4.864,,sin_match,sin_candidato
drovencentro,DI BENZOL ALBENDAZOL 200MG/5ML 10ML DISTRILAB,1.8768,,sin_match,sin_candidato
drovencentro,DIACEREINA 50MG 30TAB ANGELUS,14.528,,sin_match,sin_candidato
drovencentro,DIADALTONE  25MG  20TAB ESPIRONOLACTONA DISTRILAB,4.5168,,sin_match,sin_candidato
drovencentro,DIADEX CREMA 50g CON PANTENOL POLINAC,2.928,,sin_match,sin_candidato
drovencentro,DIADEX CREMA ANTIPAÑALITIS 50G C/ALOE VERA,3.936,,sin_match,sin_candidato
drovencentro,DIADEX PHIS LOCION SUST JABON 1LITRO C/VALVULA,19.24,,sin_match,sin_candidato
drovencentro,DIADEX PHIS LOCION SUST JABON 500 MLC/VALVULA,14.2,,sin_match,sin_candidato
drovencentro,DIADEX PHIS SUSTITUTO JABON LIQUIDO 120ML POLINAC,3.928,,sin_match,sin_candidato
drovencentro,DIAFORMINA 1000MG  30COMP REC ROEMMERS,14.7492,,sin_match,sin_candidato
drovencentro,DIAFORMINA 500MG  30COMP REC MEGALABS,7.8624,,sin_match,sin_candidato
drovencentro,DIAFORMINA PLUS 2.5MG/500MG  30 COMP,12.342,,sin_match,sin_candidato
drovencentro,DIAGESIC 1.8MG/ML SUSP PED 60ML BIOTECH,4.9608,,sin_match,sin_candidato
drovencentro,DIAGESIC 75MG/3ML SOL INY 1 AMP BIOTECH,4.4004,E.F.33.474,matched,score=0.863
drovencentro,DIAGESIC SOL INY 75MG/3ML EST  2 AMP BIOTECH,8.9832,E.F.33.474,matched,score=0.859
drovencentro,DIALPROM 250MG/5ML JBE PED 120ML AC VALPROICO DISTRILAB,11.03872,,sin_match,sin_candidato
drovencentro,DIALPRON 500MG  30TAB AC VALPROICO  DISTRILAB,10.78784,,sin_match,sin_candidato
drovencentro,DIANE 35MCG/2MG 21GRAGEAS,20.11746,,sin_match,sin_candidato
drovencentro,DIANIDIP 10MG 10TAB LERCANIDIPINA DISTRILAB,3.45744,,sin_match,sin_candidato
drovencentro,DIANIDIP 20MG 10TAB LERCANIDIPINA DISTRILAB,5.74464,,sin_match,sin_candidato
drovencentro,DIANITIN 150MG/10ML 120ML RANITIDINA DISTRILAB,5.93504,,sin_match,sin_candidato
drovencentro,DIAPAGLIX 10MG  30TAB  DAPAGLIFOZIN DPT,14.8304,,sin_match,sin_candidato
drovencentro,DIARONA 200MG 10TAB VINCENTI,7.9232,,sin_match,sin_candidato
drovencentro,DIATRILO 10MG GRANULADO 18SOB MCK CALOX,17.648,,sin_match,sin_candidato
drovencentro,DICARVEX 12.5MG 30TAB CARVEDILOL PLUSANDEX,3.39987,,sin_match,sin_candidato
drovencentro,DICARVEX 6.25MG  30TAB PLUSANDEX,3.7041,,sin_match,sin_candidato
drovencentro,"DICEA 3/0,02MG  28 COMP REC DROSPIR+ ETINILES",15.3816,,sin_match,sin_candidato
drovencentro,"DICEA 3/0,03MG  28 COMP REC DROSPIR+ ETINILES",12.4056,,sin_match,sin_candidato
drovencentro,DICIGEL SUSPENSION 240ML PHARMETIQUE C,9.52,,sin_match,sin_candidato
drovencentro,DICLODAC 30G GEL  DAC,2.53786,,sin_match,sin_candidato
drovencentro,"DICLODEX 1,8 MG/ML SUSP ORAL 120 ML PLUS ANDEX",4.01939,,sin_match,sin_candidato
drovencentro,DICLODEX 50MG 10TAB REC PLUSANDEX,0.80293,,sin_match,sin_candidato
drovencentro,DICLODEX 50MG 20TAB REC PLUSANDEX,1.58454,,sin_match,sin_candidato
drovencentro,"DICLOFENAC DIETILAMINA 1,16% GEL 30G ALESS",1.9352,,sin_match,sin_candidato
drovencentro,DICLOFENAC GEL 15GR SPEFAR,3.48336,E.F.G.31.107,matched,score=0.773
drovencentro,DICLOFENAC POT 50MG  20TAB ARTE MEDICO,0.8,,sin_match,sin_candidato
drovencentro,DICLOFENAC POT 50MG 10TAB REC MEDIGEN,0.328,E.F.G.36.983,matched,score=0.889
drovencentro,DICLOFENAC POT 50MG 20TAB KIMICEG,1.0624,E.F.G.30.174,matched,score=0.870
drovencentro,DICLOFENAC POT 50MG 30TAB MEDIGEN,2.112,E.F.G.36.983,matched,score=0.746
drovencentro,DICLOFENAC POTASICO 1.8MG/ML SUSP 120ML H&M,5.95968,,sin_match,sin_candidato
drovencentro,DICLOFENAC POTASICO 100MG 10COMP REC ZUZU,0.8832,,sin_match,sin_candidato
drovencentro,DICLOFENAC POTASICO 50MG 10COMP GENVEN,0.624,E.F.G.28.153,matched,score=0.916
drovencentro,DICLOFENAC POTASICO 50MG 10TAB ADN,0.3096,,sin_match,sin_candidato
drovencentro,DICLOFENAC POTASICO 50MG 10TAB PHARMETIQUE,0.684,,sin_match,sin_candidato
drovencentro,DICLOFENAC POTASICO 50MG 20TAB  DAC55,0.63446,,sin_match,sin_candidato
drovencentro,DICLOFENAC POTASICO 50MG 20TAB ALESS,0.63224,,sin_match,sin_candidato
drovencentro,DICLOFENAC POTASICO 50MG 20TAB SPEFAR,3.56208,E.F.G.35.439,matched,score=0.762
drovencentro,DICLOFENAC POTASICO 50MG 30COMP RE LETI,1.632,E.F.G.28.153,matched,score=0.904
drovencentro,DICLOFENAC SOD 50MG  10 SUPOSITORIOS VARGAS,3.708,E.F.G.44.052,matched,score=0.919
drovencentro,DICLOFENAC SOD 50MG 20 TAB QUIM-FAR,0.76813,,sin_match,sin_candidato
drovencentro,DICLOFENAC SOD 75MG/3ML IM/IV 10AMP VITALIS,6.896,,sin_match,sin_candidato
drovencentro,DICLOFENAC SODICO 1% GEL 50GR SOTO GLOBAL,3.8808,,sin_match,sin_candidato
drovencentro,DICLOFENAC SODICO 100MG  10 SUP DISTRILAB,2.66256,,sin_match,sin_candidato
drovencentro,DICLOFENAC SODICO 100MG  20TAB DPT,2.51629,,sin_match,sin_candidato
drovencentro,DICLOFENAC SODICO 50MG 10 SUP ALESS,2.17918,,sin_match,sin_candidato
drovencentro,DICLOFENAC SODICO 50MG 20TAB ALESS,0.61754,,sin_match,sin_candidato
drovencentro,DICLOFENAC SODICO 75MG/3ML IV/IM SOL INY 1AMP CORPOMECA,1.408,,sin_match,sin_candidato
drovencentro,DICLOFENAC SODICO 75MG/3ML X 5 AMP DOLFENAC,1.19434,,sin_match,sin_candidato
drovencentro,DICLOFENAC SODICO ADN 100MG 5 SUPOSITORIOS,2.052,,sin_match,sin_candidato
drovencentro,DICLOFENACO POTASICO 50MG  10TAB REC  BLUE MEDICAL,0.384,,sin_match,sin_candidato
drovencentro,DICLOMAX 100MG  10TAB 10BLIS DICLOFENAC POT SUPLIMEDIC,9.232,,sin_match,sin_candidato
drovencentro,DICLOMAX 50MG  10TAB 10BLIS DICLOFENAC POT SUPLIMEDIC,3.2,,sin_match,sin_candidato
drovencentro,DICLOMAX 50MG 10TAB DICLOFENA POT SUPLIMEDIC,0.736,,sin_match,sin_candidato
drovencentro,"DICLORET SUSP ORAL 1,8MG/ML 60ML PED OFTALMI",5.832,,sin_match,sin_candidato
drovencentro,DICLOXACILINA 250MG/5ML P/P SUSP 80ML PHARMETIQUE,6.4124,,sin_match,sin_candidato
drovencentro,DICLOXACILINA 500MG 50TAB COASPHARMA,17.376,,sin_match,sin_candidato
drovencentro,DICOTYL CENTELLA ASIATICA  30TAB NATURLIFES,8.12,,sin_match,sin_candidato
drovencentro,DIDRAMINA 50MG  10TAB DIMENHIDRINATO DISTRILAB,4.3824,,sin_match,sin_candidato
drovencentro,DIE DALGIET 2MG 28COMP EXELTIS,36.5676,,sin_match,sin_candidato
drovencentro,DIECAPS 120MG  30CAPS ROWE,16.544,E.F.39.086,matched,score=0.909
drovencentro,DIECAPS 60MG  30CAPS,10.144,E.F.40.899,matched,score=0.938
drovencentro,DIEPILEP 100MG 30TAB FENITOINA SOD DISTRILAB,12.98304,,sin_match,sin_candidato
drovencentro,DIFEN PLUS 650/50/1MG 10TAB SIEGFRIED,3.0096,E.F.38.307,matched,score=0.596
drovencentro,DIFENAC FORTE 100MG 10COMP DOLLDER,3.91556,,sin_match,sin_candidato
drovencentro,DIFENAC GEL 30GR DOLLDER,3.94053,,sin_match,sin_candidato
drovencentro,DIFLURYL 10MG 30TAB FLUNARIZINA DISTRILAB,4.0656,,sin_match,sin_candidato
drovencentro,DIFURAZ 0.2% CREMA  30G NITROFURAZONA N DISTRILAB,6.69424,,sin_match,sin_candidato
drovencentro,DIGESNAST PLUS 500MG 60CAPS WALIFE,7.4188,,sin_match,sin_candidato
drovencentro,DIGLET 200UI SOL ORAL 20ML SAB BANANA LETI,10.4576,,sin_match,sin_candidato
drovencentro,DIHIDROLIP 20MG  30COMP REC VARGAS,18.3744,,sin_match,sin_candidato
drovencentro,DIHIDROLIP 20MG 10TAB RECUBIERTAS LERCANDIPINA ARSAL,5.9368,E.F.G.43.966,matched,score=0.730
drovencentro,DIKLASON 50MG  10COMP  REC LETI,1.08,E.F.27.471,matched,score=0.704
drovencentro,DIKLASON 75MG/3ML SOL INY 1 AMP LETI,10.736,E.F.36.449,matched,score=0.863
drovencentro,DIKLASON B1 150MG 10COMP LC LETI,18.192,E.F.38.499,matched,score=0.537
drovencentro,"DIKLASON SUSP 1,8MG 120ML GENVEN",6.51744,E.F.34.580,matched,score=0.747
drovencentro,DILOTEX 10MG 10COMP DOLLDER,1.64866,,sin_match,sin_candidato
drovencentro,DILTIAZEM 120MG 30TAB ANGELUS,19.0264,,sin_match,sin_candidato
drovencentro,DILTIAZEM 60MG  20TAB KMPLUS,7.0392,,sin_match,sin_candidato
drovencentro,DILTIAZEM 60MG 30TAB ANGELUS,7.1944,,sin_match,sin_candidato
drovencentro,DILTIAZEM 60MG 30TAB ZUZU,13.936,,sin_match,sin_candidato
drovencentro,DILUXEN 60MG 20TAB FARMA,9.92446,E.F.42.159,matched,score=0.900
drovencentro,DINAMONT 5/10MG  20TAB DESLOR + MONTEL DISTRILAB,6.50624,,sin_match,sin_candidato
drovencentro,DINITRATO DE ISOSORBIDE 10MG 30BLT 10TAB  LAPROFF,41.832,,sin_match,sin_candidato
drovencentro,DIOSMINA 600 MG 10 TAB FARMAMED,3.90306,,sin_match,sin_candidato
drovencentro,DIOSMINA 600MG  10TAB UNIPHARMA,5.136,,sin_match,sin_candidato
drovencentro,DIOSMINA 600MG  15COMP ARTE MEDICO,7.776,,sin_match,sin_candidato
drovencentro,DIOSMINA 600MG  20TAB MEDRIKHA,9.6,,sin_match,sin_candidato
drovencentro,DIOSMINA 600MG  30COMPR REC VARGAS,11.7504,E.F.G.43.969,matched,score=0.893
drovencentro,DIOSMINA 600MG  30TAB  DISTRILAB,10.6232,,sin_match,sin_candidato
drovencentro,DIOSMINA 600MG 10TAB KMPLUS,6.31728,,sin_match,sin_candidato
drovencentro,DIOSMINA 600MG 14TAB CALOX,6.352,E.F.G.38.177,matched,score=0.905
drovencentro,DIOSMINA 600MG 28TAB CALOX,14.816,E.F.G.38.177,matched,score=0.905
drovencentro,DIOSMINA 600MG 30TAB REC DAC,9.94524,,sin_match,sin_candidato
drovencentro,DIOSMINA 600MG 30TAB ZUZU,12.3072,,sin_match,sin_candidato
drovencentro,DIOSMINA HESPERIDINA 450/50MG 10TAB LA SANTE,6.816,,sin_match,sin_candidato
drovencentro,DIOSMINA-HESPERIDINA 450MG/50MG 30TAB REC H&M,14.3172,,sin_match,sin_candidato
drovencentro,DIOSMINA/HESPERIDINA 450MG/50MG   30COMP REC BIO DE VZLA,8.368,,sin_match,sin_candidato
drovencentro,DIOSMINA/HESPERIDINA 450MG/50MG  30TAB REC ANGELUS,11.776,,sin_match,sin_candidato
drovencentro,DIOXOGEN ANTIBACTERIAL 50CC.,1.136,,sin_match,sin_candidato
drovencentro,DIOXOGEN GEL DE DUCHA HIP NTENS CARE 280C,3.824,,sin_match,sin_candidato
drovencentro,DIOXOGEN JABON LIQUIDO MED 240 ML,3.2,,sin_match,sin_candidato
drovencentro,DIOXOGEN MED SOLUCION X 115C,0.9928,,sin_match,sin_candidato
drovencentro,DIOXOGEN MED SOLUCION X 460 C,1.7272,,sin_match,sin_candidato
drovencentro,DIOXOGEN ROLL-ON DESOD ALOE 90G.,1.802,,sin_match,sin_candidato
drovencentro,DIOXOGEN ROLL-ON DESOD BICARB.90G.,1.802,,sin_match,sin_candidato
drovencentro,DIOXOGEN ROLL-ON DESOD ORIG 90G,1.802,,sin_match,sin_candidato
drovencentro,DIOXOGEN ROLL-ON DESOD TALCO 90G,1.802,,sin_match,sin_candidato
drovencentro,DIPIRONA 1G/2ML SOL INY 5AMP GENCER,6.9692,E.F.G.21.983,matched,score=0.893
drovencentro,DIPIRONA 500MG 10TAB KMPLUS,1.23192,,sin_match,sin_candidato
drovencentro,DIPIRONA 500MG/ML  2ML  1AMP VINCENTI,1.23,,sin_match,sin_candidato
drovencentro,DIPLOZ 1MG 30TAB CALOX,12.232,,sin_match,sin_candidato
drovencentro,DISBAC TRIO  BETA+CLOTR+GENTA 40 GR DISTRILAB,4.1552,,sin_match,sin_candidato
drovencentro,DISBUFEN KIDS 100MG/5ML S/ORAL PED 120ML IBUPRO DISTRILAB,2.60288,,sin_match,sin_candidato
drovencentro,DISBUFEN MAXX 600MG  20CAPS  IBUPROFENO DISTRILAB,4.5696,,sin_match,sin_candidato
drovencentro,DISCAPINA 10/250MG 20TAB HIOSC+ DIPIRO DISTRILAB,4.6944,,sin_match,sin_candidato
drovencentro,DISCETAM 1000MG  30TAB LEVETIRACETAM DISTRILAB,10.0044,,sin_match,sin_candidato
drovencentro,DISCETAM 100MG/150ML LEVETIRACETAM DISTRILAB,26.4656,,sin_match,sin_candidato
drovencentro,DISCOLAYTE  POLIETIENGLICOL PEG 3350 10SOBRES  DISTRILAB,34.10864,,sin_match,sin_candidato
drovencentro,DISCRALFAT SUCRALFATO 1GR   20TAB  DISTRILAB,10.23224,,sin_match,sin_candidato
drovencentro,DISCRALFAT SUCRALFATO 1GR/5ML  150ML  DISTRILAB,14.07744,,sin_match,sin_candidato
drovencentro,DISCRODANTINA NITROFURANTOINA 50MG  30CAPS DISTRILAB,4.42272,,sin_match,sin_candidato
drovencentro,DISDERM CREMA 20GR CLOTRIMAZOL NEOMICINA DEXA DISTRILAB,3.30848,,sin_match,sin_candidato
drovencentro,DISFENAC GEL 1.16%  50GR DICLOFENAC DIETIL DISTRILAB,6.46016,,sin_match,sin_candidato
drovencentro,DISFENAC MAX 100MG 10TAB DISTRILAB,1.58264,,sin_match,sin_candidato
drovencentro,DISFRUTA CLASICO  5 SOBRES POLINAC,2.68,,sin_match,sin_candidato
drovencentro,DISFRUTA CLASICO  60 SOBRES POLINAC,24.176,,sin_match,sin_candidato
drovencentro,DISFRUTA LIMON  5 SOBRES POLINAC,2.68,,sin_match,sin_candidato
drovencentro,DISLEPTAL 300MG  30TAB OXCARBAZEPINA DISTRILAB,8.5932,,sin_match,sin_candidato
drovencentro,DISLEPTAL 300MG  SUSP 5ML OXCARBAZEPINA DISTRILAB,11.52448,,sin_match,sin_candidato
drovencentro,DISMEXINA BROMEX CLORH 8MG/5ML SOL ORAL 120ML DISTRILAB,3.1752,,sin_match,sin_candidato
drovencentro,DISMEXINA KIDS BROMEX CLORH 4MG/5ML SOL ORAL 120ML DISTRILAB,1.9344,,sin_match,sin_candidato
drovencentro,DISMOVAT 0.05% CR 50G CLOBETASOL PROPIONATO DISTRILAB,6.01216,,sin_match,sin_candidato
drovencentro,DISOMEZ 10MG 20 SOBRES ESOMEPRAZOL DISTRILAB,10.75088,,sin_match,sin_candidato
drovencentro,DISPERID 450/50MG 30TAB DIOSMI/HESPER ZUZU,13.7856,,sin_match,sin_candidato
drovencentro,DISPROZIN 6MG/ML SOL ORAL 120ML DISTRILAB LEVODROPROPIZINA,4.4296,,sin_match,sin_candidato
drovencentro,DISTAMIN B JBE PED 120ML  DISTRILAB,8.75296,,sin_match,sin_candidato
drovencentro,DISTAMIN C 200MG/5ML JBE 120ML VIT C DISTRILAB,3.19808,,sin_match,sin_candidato
drovencentro,DISTRILAX 120GR POLVO POLIETINGLICOL DISTRILAB,4.1552,,sin_match,sin_candidato
drovencentro,DISTROINMUNE L  30CAPS DISTRILAB,50.02576,,sin_match,sin_candidato
drovencentro,DISTROMAG  60CAPS DISTRILAB,19.6,,sin_match,sin_candidato
drovencentro,DISTRONAD + 30CAPS RESVERATROL DISTRILAB,47.642,,sin_match,sin_candidato
drovencentro,DISTROSIL FORTE 30CAPS DISTRILAB,25.45776,,sin_match,sin_candidato
drovencentro,DISTROSLEEP  60CAPS DISTRILAB,23.89632,,sin_match,sin_candidato
drovencentro,DISTROVIT FORTE GEL 120G DISTRILAB,16.14048,,sin_match,sin_candidato
drovencentro,DISVENAL DOBESILATO DE CALCIO 500MG 30 CAPS DISTRILAB,10.32512,,sin_match,sin_candidato
drovencentro,DITOSXIL 100MG/5ML  120ML JBE CARBOXIMETILCISTEINA DISTRILAB,2.28,,sin_match,sin_candidato
drovencentro,DIVA NATURALS DELGADA DIA 24UND SURA,3.616,,sin_match,sin_candidato
drovencentro,DIVA NATURALS DELGADA DIA 8UND SURA,1.368,,sin_match,sin_candidato
drovencentro,DIVA NATURALS DELGADA NOCHE 7UND SURA,1.4,,sin_match,sin_candidato
drovencentro,DIVA NATURALS DELGADA NOCHE 24UND SURA,4.248,,sin_match,sin_candidato
drovencentro,DIVINA 21 COMP REC DROSPIRENONA/ETINIL,11.0743,,sin_match,sin_candidato
drovencentro,DIXINATO RELAX 125MG  10TAB  DISTRILAB,5.62648,,sin_match,sin_candidato
drovencentro,DIXTORFAN COMPOSITUM 3MG/5ML 120ML DISTRILAB,3.32416,,sin_match,sin_candidato
drovencentro,DIXTORFAN PED GOTAS 30ML DEXTROMETORFANO DISTRILAB,3.44832,,sin_match,sin_candidato
drovencentro,DIZONIDE 100MG/5ML SUSP  60ML NITAZOXANIDA DISTRILAB,5.00992,,sin_match,sin_candidato
drovencentro,DIZONIDE 500MG  10TAB NITAZOXANIDA DISTRILAB,4.96672,,sin_match,sin_candidato
drovencentro,DLORACE 500MG/4MG  20 TAB ACETAMI+CLORFE DISTRILAB,2.32704,,sin_match,sin_candidato
drovencentro,DOBET SOL OFT 5ML OFTALMI,13.608,E.F.30.297,matched,score=0.592
drovencentro,DOBRACID LP 300MG 30COMP LETI,13.16,E.F.G.40.389,matched,score=0.873
drovencentro,DOBUTAMINA 250MG SOL INY I.V 20ML ZUZU,9.6,,sin_match,sin_candidato
drovencentro,DOCE-PLEX ELIXIR 120 ML SIEGFRIED,7.968,,sin_match,sin_candidato
drovencentro,DOG CHOW SIN COLORANTE 4KG ADULTOS MEDIANOS Y GRANDES,28.224,,sin_match,sin_candidato
drovencentro,DOL  20TAB CALOX,3.176,E.F.26.655,matched,score=0.750
drovencentro,DOL 10TAB,1.992,E.F.26.655,matched,score=0.775
drovencentro,DOL DUO 10TAB ACETAMINOFEN HIOSCINA CALOX,4.248,E.F.39.525,matched,score=0.715
drovencentro,DOL KIDS 160MG 20TAB MAST CALOX,4.6,E.F.32.091,matched,score=0.884
drovencentro,DOL- 450MG DISP 20 BLISTER 4 TBL CALOX,19.376,E.F.39.525,matched,score=0.589
drovencentro,DOL- PLUS DISP  20BLIST 4TAB CALOX,22.192,E.F.26.655,matched,score=0.725
drovencentro,DOL-PLUS 650MG 10TAB CALOX,2.312,E.F.26.655,matched,score=0.691
drovencentro,DOL-PLUS 650MG 20TAB CALOX,4.52,E.F.26.655,matched,score=0.691
drovencentro,DOLAK 10MG  20COMP DOLLDER,3.85311,,sin_match,sin_candidato
drovencentro,DOLAK 20MG 10COMP DOLLDER,3.42299,,sin_match,sin_candidato
drovencentro,DOLAK 30MG/ML SOL INYEC 1AMP DOLLDER,4.18721,,sin_match,sin_candidato
drovencentro,DOLAK 30MG/ML SOL INYEC 2AMP DOLLDER,7.20974,,sin_match,sin_candidato
drovencentro,DOLAK SL 10MG 10COMP DOLLDER,3.86248,,sin_match,sin_candidato
drovencentro,DOLAK SL 30MG 4COMP DOLLDER,3.27727,,sin_match,sin_candidato
drovencentro,DOLGENAL 30MG  8COMP ADIUM,5.39418,,sin_match,sin_candidato
drovencentro,DOLGRIP 325/4/32MG 10CAPS CALOX,2.88,,sin_match,sin_candidato
drovencentro,DOLGRIP D 10TAB REC,6.648,E.F.41.759,matched,score=0.523
drovencentro,DOLICOX FORTE MAX  12TAB  COASPHARMA,5.168,,sin_match,sin_candidato
drovencentro,DOLICOX GRIP 12CAP  COASPHARMA,5.096,,sin_match,sin_candidato
drovencentro,DOLICOX GRIP NOC PANEL LIMON 24SOBR COASPHARMA,21.672,,sin_match,sin_candidato
drovencentro,DOLINFAR 100MG/Ml SOL ORAL 30ML ACETAMINOFEN COASPHARMA,2.618,,sin_match,sin_candidato
drovencentro,DOLNIX 150MG 20CAPS DOLLDER,7.25255,,sin_match,sin_candidato
drovencentro,DOLO ICE LOCION MENTOLADA 120 ML DAWGUT,2.448,,sin_match,sin_candidato
drovencentro,DOLO ICE LOCION MENTOLADA 250 ML DAWGUT,3.368,,sin_match,sin_candidato
drovencentro,DOLO ICE ROLL ON 90 ML DAWGUT,2.52,,sin_match,sin_candidato
drovencentro,DOLOGESICCAF 400/60MG  10CAPS BLAN POLINAC,3.99,,sin_match,sin_candidato
drovencentro,DOLORUB GEL 5% 60GR IBUPROFENO CCM,7.95336,,sin_match,sin_candidato
drovencentro,DOMPERIDONA 10MG  30TAB FAHD,2.3408,,sin_match,sin_candidato
drovencentro,DOMPERIDONA 10MG 10 TABL KMPLUS,0.99712,,sin_match,sin_candidato
drovencentro,DOMPERIDONA 10MG 15TAB CALOX,1.984,,sin_match,sin_candidato
drovencentro,DOMPERIDONA 10MG 20COMP SPEFAR,3.912,E.F.G.35.688,matched,score=0.893
drovencentro,DOMPERIDONA 10MG 30TAB ANGELUS,2.628,,sin_match,sin_candidato
drovencentro,DOMPERIDONA 10MG 30TAB CALOX,3.84,,sin_match,sin_candidato
drovencentro,DOMPERIDONA 10MG 30TAB LA SANTE,3.3592,,sin_match,sin_candidato
drovencentro,DOMPERIDONA 1MG/ML SUSP ORAL 60ML BIO DE VZLA,1.344,,sin_match,sin_candidato
drovencentro,DOMPESIN 10MG 30COMP DOLLDER,3.1333,,sin_match,sin_candidato
drovencentro,DOMPESIN 1MG/ML SUSP 120ML DOLLDER,4.02978,,sin_match,sin_candidato
drovencentro,DONEPEZILO 5MG  10TAB MT,3.48045,,sin_match,sin_candidato
drovencentro,DONEPEZILO10MG 56COMP REC DOROPHARMA,25.34583,,sin_match,sin_candidato
drovencentro,DOPALEN 200MG 10CAPS BIOTECH,6.464,E.F.43.585,matched,score=0.903
drovencentro,DOPRIL 3MG/ML 60ML PREDNISOLONA ANGELUS,2.9588,,sin_match,sin_candidato
drovencentro,DORIXINA FLEX (I)  125MG/5MG 10 COMP,9.8432,E.F.32.119,matched,score=0.917
drovencentro,DORIXINA FLEX 125MG/5MG  20COMP,20.064,E.F.32.119,matched,score=0.802
drovencentro,DORIXINA FLEX 125MG/5MG  5COMP REC (I) MEGALABS,5.8616,E.F.32.119,matched,score=0.829
drovencentro,DOVALPRON  250MG/5ML SUSP 120ML AC VALPROICO ZUZU,9.1056,,sin_match,sin_candidato
drovencentro,DOVE DESOD AER DERMO ACLARANT CALENDU 87G 150ML DIMASSI,7.56,,sin_match,sin_candidato
drovencentro,DOVE JAB BARRA BABY HUMECT SENSIBLE 75G DIMASSI,1.944,,sin_match,sin_candidato
drovencentro,DOVE JAB LIQUIDO BABY 200ML DIMASSI,5.416,,sin_match,sin_candidato
drovencentro,DOVE JABON KAR VAINILLA 3PACK 90G DIMASSI,5.352,,sin_match,sin_candidato
drovencentro,DOVE JABON LECHE DE COCO 3PACK 90G DIMASSI,5.352,,sin_match,sin_candidato
drovencentro,DOVE JABON ORIGINAL 3PACK 90G DIMASSI,5.352,,sin_match,sin_candidato
drovencentro,DOVILIN COMPLEJO B VIT C CALCIO JBE 120ML BIOQUIMICA,4.3852,,sin_match,sin_candidato
drovencentro,DOXICICLINA 100MG  10TAB  FARMAMED,2.81021,,sin_match,sin_candidato
drovencentro,DOXICICLINA 100MG 10 CAP  CLEO,7.848,,sin_match,sin_candidato
drovencentro,DOXICICLINA 100MG 10CAPS COASPHARMA,7.0984,,sin_match,sin_candidato
drovencentro,DOXICICLINA 100MG 10CAPS MT,7.74936,,sin_match,sin_candidato
drovencentro,DOXICICLINA TAB 100 MG X 10 KMPLUS,8.11272,,sin_match,sin_candidato
drovencentro,DOXICLAV FORTE KIDS AMOXI 600 MG + AC/CLAV 42.9 MG 60 ML DISTRILAB,9.47016,,sin_match,sin_candidato
drovencentro,DOXIUM 500MG 30CAPS  LETI,16.36,E.F.21.021,matched,score=0.901
drovencentro,DOZHER 10MG 30TAB SNC,7.4247,,sin_match,sin_candidato
drovencentro,DRENE ANTICASPA CHAMPU ANTICAIDA 370ML,5.8212,,sin_match,sin_candidato
drovencentro,DRENE ANTICASPA SECO 370ML FISA,5.88,,sin_match,sin_candidato
drovencentro,DRENE OXIDANTE CREMA 20 VOL 100CM3,1.624,,sin_match,sin_candidato
drovencentro,DRENE PROH CHA CAB QUEBRADIZO 370CC,5.2668,,sin_match,sin_candidato
drovencentro,DRENE PROH CHAMPU QUEBRADIZO 200ML,3.23928,,sin_match,sin_candidato
drovencentro,DRENE PROH CREMA P/PEINAR SECO MALTRAT 240CC,3.98376,,sin_match,sin_candidato
drovencentro,DROPIL 100MG 40COMP DOLLDER,8.90992,,sin_match,sin_candidato
drovencentro,DROPIL 200MG 40COMP DOLLDER,12.0348,,sin_match,sin_candidato
drovencentro,DROPIL 300MG 40COMP DOLLDER,13.25638,,sin_match,sin_candidato
drovencentro,DROXZEL 250MG/5ML SUSP 60ML CEFADROXILO ADN,3.6432,,sin_match,sin_candidato
drovencentro,DUMS 750MG  20TAB MASTIC CARBONATO DE CALCIO DISTRILAB,6.688,,sin_match,sin_candidato
drovencentro,DUO N' EXPRESS 2 ACONDICIONADORA 120ML GLOBAL FARMA,12.43264,,sin_match,sin_candidato
drovencentro,"DUOVENT 0,25MG/0,5MG/ML SOL P/INH 15ML OFTALMI",19,E.F.28.504,matched,score=0.752
drovencentro,"DURACAINA 0,5%MG/ML SOL INY 10ML 1 AMP BEHRENS",5.206,E.F.32.341,matched,score=0.670
drovencentro,DUROCOF 5MG 30TAB COFASA,3.648,,sin_match,sin_candidato
drovencentro,DUROVAL 100MG 1TAB VALMORCA,2.232,,sin_match,sin_candidato
drovencentro,DUROVAL 100MG 2TAB REC VALMORCA,3.55632,,sin_match,sin_candidato
drovencentro,DUROVAL 50MG 2TAB VALMORCA,2.0832,,sin_match,sin_candidato
drovencentro,DUROVAL 50MG 3TAB VALMORCA,2.976,,sin_match,sin_candidato
drovencentro,"DUTAPROS 0,5MG 30CAP ZORIAK DUTASTERIDE",9.74734,,sin_match,sin_candidato
drovencentro,DUTASTAM 0.5/0.4 30 CAPS MCK DUTASTERIDE TAMSULOSINA,17.936,,sin_match,sin_candidato
drovencentro,"DUTASTERIDE -TAMSULOSINA 0,5MG/0,04MG 30CAPS DAC55",13.95823,,sin_match,sin_candidato
drovencentro,DUVADILAN 10MG. X 30TAB,11.4984,,sin_match,sin_candidato
drovencentro,DYGEFLAT 300MG/100MG 20TAB DISTRILAB,6.26632,,sin_match,sin_candidato
drovencentro,DYMAZOL CLOTRIMAZOL 200MG  3 OVULOS DISTRILAB,2.51952,,sin_match,sin_candidato
drovencentro,DYMAZOL CLOTRIMAZOL CR VAG 2% 50 GR 3APLIC DISTRILAB,3.80472,,sin_match,sin_candidato
drovencentro,DYMAZOL DUAL CLOTRIMAZOL CR VAG 1% 20 GR 3APLIC DISTRILAB,2.83776,,sin_match,sin_candidato
drovencentro,ECHINACEA 390MG  60CAPS WALIFE,8.5272,,sin_match,sin_candidato
drovencentro,EDAGAN 200MG  30COMP REC ROEMMERS,20.052,,sin_match,sin_candidato
drovencentro,EDAGAN 25MG  30 COMP REC (I) ROEMMERS,7.4232,,sin_match,sin_candidato
drovencentro,EDEMID 20MG/2ML 5AMP BEHRENS,9.4696,,sin_match,sin_candidato
drovencentro,EFEDRINA SULFATO 6% 1ML AMP BIOSANO,6.192,,sin_match,sin_candidato
drovencentro,EKICAL ALIMENTO LIQUIDO SUSP 120ML BIOTECH,5.84,,sin_match,sin_candidato
drovencentro,ELECTROZIN PRO 5.6GR  6SOBRES ARTE MEDICO,5.056,,sin_match,sin_candidato
drovencentro,ELITE CHOCOLATE TUBULAR 100GR PUIG,0.952,,sin_match,sin_candidato
drovencentro,ELITE VAINILLA TUBULAR 100GR PUIG,0.824,,sin_match,sin_candidato
drovencentro,ELLALIFE 500MG 60CAPS WALIFE,7.6296,,sin_match,sin_candidato
drovencentro,ELMETACIN INDOMETACINA 1% SOL TOP 30ML COMPOMEDICA,8.864,,sin_match,sin_candidato
drovencentro,ELOK 20GR CR MOMETASONA FURUATO LIALI,2.15116,,sin_match,sin_candidato
drovencentro,EMCON 1.5MG 1TAB CAPSUVEN,1.4832,,sin_match,sin_candidato
drovencentro,EMOLIN NEO LOCION  240ML,25.1424,,sin_match,sin_candidato
drovencentro,EMPAGLIF 10 MG 30 TAB BUKA,11.53022,,sin_match,sin_candidato
drovencentro,EMPAGLIF 25 MG 30 TAB BUKA,12.39068,,sin_match,sin_candidato
drovencentro,EMPAGLIFLOZINA 10MG 30TAB REC DAC,12.50802,,sin_match,sin_candidato
drovencentro,EMPAGLIFOZINA 10MG  30TAB KMPLUS,11.7232,,sin_match,sin_candidato
drovencentro,EMPAGLIFOZINA 25MG  30TAB KMPLUS,17.4216,,sin_match,sin_candidato
drovencentro,ENALAPRIL 10MG  30TAB OB MEDICAL,1.89152,,sin_match,sin_candidato
drovencentro,ENALAPRIL 10MG 10BLISTER 10TAB PORTUGAL,2.352,,sin_match,sin_candidato
drovencentro,ENALAPRIL 20MG 20TAB LA SANTE,2.346,,sin_match,sin_candidato
drovencentro,ENALAPRIL 20MG 30COMP GENVEN,2.72,E.F.G.26.689,matched,score=0.893
drovencentro,ENALAPRIL 20MG 30TAB KIMICEG,2.43024,E.F.G.27.590,matched,score=0.902
drovencentro,ENALAPRIL 20MG 30TAB LA SANTE,3.0144,,sin_match,sin_candidato
drovencentro,ENALAPRIL 20MG 30TAB OB MEDICAL,2.0976,,sin_match,sin_candidato
drovencentro,ENALAPRIL 20MG 30TAB PLUSANDEX,1.98719,,sin_match,sin_candidato
drovencentro,ENALAPRIL 5MG  10TAB REMENY,1.8,,sin_match,sin_candidato
drovencentro,ENALAPRIL 5MG  30TAB  OB MEDICAL.,2.45824,,sin_match,sin_candidato
drovencentro,ENATAN 10MG  30TAB ZORIAK ENALAPRIL,1.5349,,sin_match,sin_candidato
drovencentro,ENDOLIS 100MG 40TAB CIPROFIBRATO GLOBAL FARMA,14.24896,,sin_match,sin_candidato
drovencentro,"ENEMA LIT 10,8G-4,05G/67,5ML PEDIATRICO 67,5ML VARGAS",9.5832,,sin_match,sin_candidato
drovencentro,ENEMA LIT 16g-6g/100mL ADULTO 100mL VARGAS,9.9,,sin_match,sin_candidato
drovencentro,ENERGIZER BAT AAA ALK RISTRA 12UND DIMASSI,15.36,,sin_match,sin_candidato
drovencentro,ENERGIZER MAX AA 2UND ALKALINA DIMASSI,1.848,,sin_match,sin_candidato
drovencentro,ENERGIZER MAX AA 4UND ALKALINA DIMASSI,3.21,,sin_match,sin_candidato
drovencentro,ENERGIZER MAX AAA 2UND ALKALINA DIMASSI,1.848,,sin_match,sin_candidato
drovencentro,ENERGIZER MAX AAA 4UND ALKALINA DIMASSI,3.21,,sin_match,sin_candidato
drovencentro,ENERGYLIFE 450MG  60CAPS WALIFE,7.8552,,sin_match,sin_candidato
drovencentro,ENJUAGUE BUCAL KIDS ZAHN UVA FRESH S/ALCOHOL 250ML VARGAS,3.272,,sin_match,sin_candidato
drovencentro,ENJUAGUE BUCAL ZAHN CITRUS FRESH 250ML VARGAS,3.16,,sin_match,sin_candidato
drovencentro,ENJUAGUE BUCAL ZAHN H/BUENA FRESH S/ALCOHOL 250ML VARGAS,3.16,,sin_match,sin_candidato
drovencentro,ENTEREX ABINTRA NARANJA 27 GRS.DELMECA,8.12,,sin_match,sin_candidato
drovencentro,ENTEREX DIABETIC POLVO 400 GRS.,20.432,E.F.28.589,matched,score=0.539
drovencentro,ENTEREX HEPATIC VAINILLA 110 GR,12.124,,sin_match,sin_candidato
drovencentro,ENTEREX PROTICAL 420 GR,45.7488,,sin_match,sin_candidato
drovencentro,ENTEREX TOTAL LIQUIDO FRESA 237ML 8OZ,4.92,,sin_match,sin_candidato
drovencentro,ENTEREX TOTAL LIQUIDO VAINILLA 237ML 8OZ,4.92,,sin_match,sin_candidato
drovencentro,ENTEREX TOTAL POLVO FRESA 400GR,23.4992,,sin_match,sin_candidato
drovencentro,ENTEREX TOTAL POLVO VAINILLA 400GR,24.736,,sin_match,sin_candidato
drovencentro,ENTEROGERMINA 2BCFU-5ML SUSP 10UND,22.68,,sin_match,sin_candidato
drovencentro,ENTEROLAC SOL ORAL 15ML B&M,1.992,,sin_match,sin_candidato
drovencentro,EPAX 1200MG 30CAPS VIVAX,17.784,,sin_match,sin_candidato
drovencentro,"EPIDUO 0,1% GEL 30G ARO PHARMA",31.48819,,sin_match,sin_candidato
drovencentro,EPIGENIK -M CREMA 60G FARMAGENIK,9.9408,,sin_match,sin_candidato
drovencentro,EPIGENIK-C CREMA  180GR FARMAGENIK,11.438,,sin_match,sin_candidato
drovencentro,EPIGENIK-U 20% CREMA 180GR FARMAGENIK,9.904,,sin_match,sin_candidato
drovencentro,EPIGENIK-U CREMA 180G FARMAGENIK,9.328,,sin_match,sin_candidato
drovencentro,EPITRAL 100MG 30TAB VALMORCA,9.7776,E.F.42.128,matched,score=0.901
drovencentro,EPITRAL 25MG 30TAB VALMORCA,3.6584,E.F.43.715,matched,score=0.896
drovencentro,EPITRAL 50MG 30TAB VALMORCA,6.53392,E.F.42.127,matched,score=0.896
drovencentro,EPIVITAL 15 CAPSULAS,11.336,,sin_match,sin_candidato
drovencentro,EPLERUNI 50MG  30TAB EPLERENONA UNIPHARMA,30.24,,sin_match,sin_candidato
drovencentro,EQUALIV PN DISPENSADOR 30 BLISTER 10TAB SIEGFRIED,68.818,,sin_match,sin_candidato
drovencentro,"ERILON 0,05% CREMA TUBO 15G BIOTECH",5.616,E.F.39.415,matched,score=0.783
drovencentro,ERILON 0.1% CREMA 15GR BIOTECH,7.592,E.F.19.270,matched,score=0.796
drovencentro,ESCITALOPRAM 10MG  30COMP REC KLINOS,6.698,E.F.G.40.959,matched,score=0.707
drovencentro,ESCITALOPRAM 10MG 14TAB LATTAN MEDIC,4.5756,,sin_match,sin_candidato
drovencentro,ESCITALOPRAM 10MG 28TAB CALOX,7.632,E.F.G.38.504,matched,score=0.904
drovencentro,ESCITALOPRAM 10MG 30TAB CLEO,4.1184,,sin_match,sin_candidato
drovencentro,ESCITALOPRAM 1MG/ML SOL ORAL 120ML KLIN,3.3836,E.F.G.40.835,matched,score=0.788
drovencentro,ESCITALOPRAM 20MG  30COMP REC KLINOS,10.754,E.F.G.40.960,matched,score=0.707
drovencentro,ESCITALOPRAM 20MG  30TAB LA SANTE,11.1112,,sin_match,sin_candidato
drovencentro,ESCITALOPRAM 20MG 14TAB CALOX,6.12,,sin_match,sin_candidato
drovencentro,ESCITALOPRAM 20MG 28TAB CALOX,11.504,,sin_match,sin_candidato
drovencentro,ESCITALOPRAM 5MG 30TAB CLEO,6.36,,sin_match,sin_candidato
drovencentro,ESOCOF 10MG 30TAB REC COFASA,6.0336,E.F.44.181,matched,score=0.888
drovencentro,ESOMEPRAZOL 20MG  16CAPS/MICRO/LE LETI,5.624,E.F.G.37.458,matched,score=0.898
drovencentro,ESOMEPRAZOL 20MG 14TAB REC LA SANTE,5.4536,,sin_match,sin_candidato
drovencentro,ESOMEPRAZOL 20MG 20TAB COLMED,7.272,E.F.G.38.579,matched,score=0.912
drovencentro,ESOMEPRAZOL 20MG 28CAPS /MICRO/LE LETI,10.288,E.F.G.37.458,matched,score=0.773
drovencentro,ESOMEPRAZOL 20MG 28TAB NEROXUM,3.592,,sin_match,sin_candidato
drovencentro,ESOMEPRAZOL 20MG 30TABL PLUSANDEX,6.93578,,sin_match,sin_candidato
drovencentro,ESOMEPRAZOL 40MG  16CAPS /MICRO/LE LETI,7.288,E.F.G.36.883,matched,score=0.898
drovencentro,ESOMEPRAZOL 40MG  28TAB  NEROXUM,4.8,,sin_match,sin_candidato
drovencentro,ESOMEPRAZOL 40MG 10 CAPS KMPLUS,2.414,,sin_match,sin_candidato
drovencentro,ESOMEPRAZOL 40MG 10BLT 10TAB BALAXI,9.984,,sin_match,sin_candidato
drovencentro,ESOMEPRAZOL 40MG 10TAB FARMAMED,1.17092,,sin_match,sin_candidato
drovencentro,ESOMEPRAZOL 40MG 14CAPS LA SANTE,6.0588,,sin_match,sin_candidato
drovencentro,ESOMEPRAZOL 40MG 20CAP LR ZUZU,4.7232,,sin_match,sin_candidato
drovencentro,ESOMEPRAZOL 40MG IV AMP 1 VIAL VITALIS,5.256,,sin_match,sin_candidato
drovencentro,ESOMEPRAZOL 40MG X 20 CÁPSULAS DAC55,3.80679,,sin_match,sin_candidato
drovencentro,ESONUV 20MG 30 CAPS ESOMEPRAZOL NUVILLE,4.74326,,sin_match,sin_candidato
drovencentro,ESONUV 40MG 30 CAPS ESOMEPRAZOL NUVILLE,5.78086,,sin_match,sin_candidato
drovencentro,ESOZ 20MG 14CAPS PHARMETIQUE,7.4664,,sin_match,sin_candidato
drovencentro,ESOZ 20MG 28CAPS PHARMETIQUE,12.478,,sin_match,sin_candidato
drovencentro,ESOZ 20MG 7CAPS PHARMETIQUE,4.3112,,sin_match,sin_candidato
drovencentro,ESOZ 40MG 14CAPS PHARMETIQUE,9.0712,,sin_match,sin_candidato
drovencentro,ESOZ 40MG 28CAPS PHARMETIQUE,17.102,,sin_match,sin_candidato
drovencentro,ESOZ 40MG 7CPS PHARMETIQUE,4.658,,sin_match,sin_candidato
drovencentro,ESOZ HP 10 DIAS  PHARMETIQUE,41.004,,sin_match,sin_candidato
drovencentro,ESOZ HP 14 DIAS PHARMETIQUE,48.3752,,sin_match,sin_candidato
drovencentro,ESPARFLIN 5MG 10 COMP,1.6,E.F.G.43.295,matched,score=0.712
drovencentro,ESPIDORM 450MG/50MG  20CAP MEYER,10.4976,,sin_match,sin_candidato
drovencentro,ESPIRON 100MG  20TAB  DOLLY,8.02963,,sin_match,sin_candidato
drovencentro,ESPIRONOLACTONA 100MG  10 TAB MEDICAL GROUP,5.84328,,sin_match,sin_candidato
drovencentro,ESPIRONOLACTONA 100MG 10TAB DALIOL,7.344,,sin_match,sin_candidato
drovencentro,ESPIRONOLACTONA 25MG  30TAB  DALIOL,9.418,E.F.G.33.352,matched,score=0.900
drovencentro,ESPIRONOLACTONA 25MG 10TAB MEDICAL GROUP,2.8324,,sin_match,sin_candidato
drovencentro,ESPIRONOLACTONA 25MG 20TAB DALIOL,4.564,E.F.G.33.352,matched,score=0.900
drovencentro,ESPIRONOLACTONA 25MG 30BLT 10TAB LAPROFF,51.088,,sin_match,sin_candidato
drovencentro,ESPIRONOLACTONA 25MG 30TABL DAC,5.80082,,sin_match,sin_candidato
drovencentro,ESPIRULINA  60TAB FITOSANA,9.736,,sin_match,sin_candidato
drovencentro,ESPONJA DE LAPARATOMIA ESTERIL 45X45CM BRIUTCARE,8.12,,sin_match,sin_candidato
drovencentro,ESQUIDONE 1MG 30TAB REC VALMORCA,6.88,E.F.43.795,matched,score=0.895
drovencentro,ESQUIDONE 2MG 30TAB REC VALMORCA,8.12,,sin_match,sin_candidato
drovencentro,ESQUIDONE 3MG 30TAB REC VALMORCA,10.304,E.F.39.561,matched,score=0.895
drovencentro,ESTIN JARABE 240ML ARCOIRIS,10.832,,sin_match,sin_candidato
drovencentro,ESTRASYN 30GR CREMA VAGINAL TIARES,14.472,,sin_match,sin_candidato
drovencentro,ESTROGIN 0.1% CR VAG 15GR ESTRIOL TIARES,11.5776,,sin_match,sin_candidato
drovencentro,ESTROL 1MG 28 COMP REC ESTRADIOL ZORIAK,8.52892,,sin_match,sin_candidato
drovencentro,ETOFENAMATO 1G/2ML I.M SOL INY 1AMP CORPOMECA,10.952,,sin_match,sin_candidato
drovencentro,ETORICOXIB 60MG 10TAB REC CALOX,4.6,E.F.G.41.333,matched,score=0.891
drovencentro,ETORICOXIB 90MG 10TAB ANGELUS,5.872,,sin_match,sin_candidato
drovencentro,ETORICOXIB 90MG 10TAB MEDICAL GROUP,2.49872,,sin_match,sin_candidato
drovencentro,ETORICOXIB 90MG 10TAB REC CALOX,6.808,E.F.G.41.306,matched,score=0.891
drovencentro,ETORIICOXIB 60MG 10TAB ANGELUS,4.312,,sin_match,sin_candidato
drovencentro,EUCAMIEL 120ML ARCOIRIS,6.768,,sin_match,sin_candidato
drovencentro,EUKENE 20MG  30 COMP REC,7.092,,sin_match,sin_candidato
drovencentro,"EUKENE HCT 20MG/12,5 MG 30COMP REC",9.622,E.F.39.326,matched,score=0.751
drovencentro,EUSILEN 4MG 8COMP COFASA,1.456,E.F.23.115,matched,score=0.906
drovencentro,EUSILEN 4MG/2ML SOL INY KIT 1 AMP COFASA,1.376,E.F.27.693,matched,score=0.697
drovencentro,EUSILEN 4MG/2ML SOL INY KIT 2 AMP COFASA,2.168,E.F.27.693,matched,score=0.752
drovencentro,EUSILEN DUAL 600/4MG 10TAB COFASA,2.768,E.F.44.745,matched,score=0.686
drovencentro,EUSILEN DUAL 600/4MG 15TAB COFASA,4.48,,sin_match,sin_candidato
drovencentro,EUTEBROL 20MG 30COMP ADIUM,12.90118,,sin_match,sin_candidato
drovencentro,EUTIROX 100MCG 50TAB DOLLY,13.56733,,sin_match,sin_candidato
drovencentro,EVABOLIN 10MG 30TAB REC COFASA,11.872,E.F.44.071,matched,score=0.888
drovencentro,EVABOLIN 25MG 30TAB REC COFASA,20.1456,E.F.44.070,matched,score=0.888
drovencentro,EVENING PRIMROSE OIL ONAGRA 500MG  100CAP NOW,19.696,,sin_match,sin_candidato
drovencentro,EVERY N  BIO JABON ANTIBACTERIAL MANDARINA 110GR,1.48896,,sin_match,sin_candidato
drovencentro,EVERY N  NIÑOS JABON COCO TRAVIESO 90GR,1.56816,,sin_match,sin_candidato
drovencentro,EVERY N  NIÑOS JABON SUAVE CARICIA 90GR,1.56816,,sin_match,sin_candidato
drovencentro,EVERY N BIO DES BARRA BABY PINK 50G FISA,4.79952,,sin_match,sin_candidato
drovencentro,EVERY N BIO JABON 3 PACK EXPL TROPICAL ANTIBACT 110GR FISA,4.088,,sin_match,sin_candidato
drovencentro,EVERY N BIO JABON 3 PACK MANZANA ANTIBACT 110GR FISA,4.088,,sin_match,sin_candidato
drovencentro,EVERY N CHAMPU NIÑOS MANZANILLA 365ML,5.00544,,sin_match,sin_candidato
drovencentro,EVERY N CHAMPU NIÑOS PROTEIN 365ML,5.056,,sin_match,sin_candidato
drovencentro,EVERY N FOR MEN DES BARRA FRESH 50G FISA,4.79952,,sin_match,sin_candidato
drovencentro,EVERY N FOR MEN DES BARRA SPORT 50G FISA,4.79952,,sin_match,sin_candidato
drovencentro,EVERY N GEL FIJ. POWER 100G,1.82952,,sin_match,sin_candidato
drovencentro,EVERY N GEL FIJ.WINNER 250G.,2.904,,sin_match,sin_candidato
drovencentro,EVERY N JABON MANZANA ANTIBAC 110GR  FISA,1.48896,,sin_match,sin_candidato
drovencentro,EVERY NIGHT FOR MEN BALS AFEIT 200CM/3ML,3.36,,sin_match,sin_candidato
drovencentro,EVERY NIGHT FOR MEN GEL AFEIT 200CM/3ML,3.408,,sin_match,sin_candidato
drovencentro,EVERY NIGHT GEL STRONG 100G.,1.848,,sin_match,sin_candidato
drovencentro,EVIGAX 125MG 10CAPS BLANDAS VIVAX,6.68,,sin_match,sin_candidato
drovencentro,EVIGAX 125MG 20CAPS BLANDAS VIVAX,9.776,,sin_match,sin_candidato
drovencentro,"EXANIA 0,05%/ 60ML EMULSION  SIEGFRIED",21.43808,,sin_match,sin_candidato
drovencentro,EXOVIS DUO 875MG-125MG X 14 AMOX/AC CLAV.FC,14.488,,sin_match,sin_candidato
drovencentro,EZENTIUS 20MG  20COMP REC MEGALABS,8.4728,,sin_match,sin_candidato
drovencentro,EZETIMIBA SIMVASTATINA 10/20MG 30TAB REC LA SANTE,10.5192,,sin_match,sin_candidato
drovencentro,EZOLIUM 20MG 30CAPS VIVAX,12.968,,sin_match,sin_candidato
drovencentro,EZOLIUM 40MG 30CAPS VIVAX,14.736,,sin_match,sin_candidato
drovencentro,FAMILY CLUB 10 30GR PUIG,1.944,,sin_match,sin_candidato
drovencentro,FAMOTIDINA 40MG 10TAB KIMICEG,1.23504,E.F.G.31.252,matched,score=0.899
drovencentro,FAMULCER 40MG 10TAB PLUSANDEX,2.51147,,sin_match,sin_candidato
drovencentro,FANASAL ADULTO GOTAS 15ML NAFAZOLINA,1.49878,,sin_match,sin_candidato
drovencentro,FANASAL NAFAZOLINA 15ML SOL GOTAS PED,1.48785,,sin_match,sin_candidato
drovencentro,FARBICIL 1% CREMA 15GR ROEMMERS,6.1744,,sin_match,sin_candidato
drovencentro,FARBICIL 1% LOCION 30ML,8.058,E.F.44.361,matched,score=0.549
drovencentro,FARMA D 1000 UI 30TAB REC FARMA,3.38599,,sin_match,sin_candidato
drovencentro,FARMA D 2000UI 30TAB REC FARMA,3.96978,E.F.44.388,matched,score=0.761
drovencentro,FARMA D 5000UI 10TAB REC FARMA,3.28591,E.F.44.388,matched,score=0.755
drovencentro,FARMA D3 GOTAS 10ML FARMA,5.10401,E.F.44.388,matched,score=0.759
drovencentro,FARMACAINA 5% POMADA 35G,8.30653,E.F.30.812,matched,score=0.523
drovencentro,FARSENTAL COMP 10/125MG 10TAB REC. PROPINOX/CLONI LISINA DISKAM,8,,sin_match,sin_candidato
drovencentro,FASIL 70CAPS ABEJITA,5.3448,,sin_match,sin_candidato
drovencentro,FAST KETO 700MG  60CAPS ETERNAL,6.0928,,sin_match,sin_candidato
drovencentro,FAT BURNER  60CAPS NATURAL SYSTEMS,20.256,,sin_match,sin_candidato
drovencentro,FATSLIM 500MG 60CAPS WALIFE,7.6296,,sin_match,sin_candidato
drovencentro,FAZOL 500MG SUSP 15ML DOLLDER,3.8263,,sin_match,sin_candidato
drovencentro,FEBRATIC 15MG/ML SUSP GOTAS 15ML,2.832,E.F.38.628,matched,score=0.754
drovencentro,FEBRILIX 120MG/5ML SOL 120ML KIMICEG,1.56704,E.F.31.439,matched,score=0.944
drovencentro,FEBRILIX 500MG 20TAB KIMICEG,0.94288,E.F.32.558,matched,score=0.907
drovencentro,FEBRIP 180MG/5ML  SOL ORAL 120ML  ACETAMINOFEN MEGALABS,2.656,E.F.42.457,matched,score=0.914
drovencentro,FEM DUCHA VAGINAL FCO 135ML C/CANULA BIOTECH,2.704,E.F.28.667,matched,score=0.754
drovencentro,FEMADONA 40MG 20COMP REC LETI,8.9352,,sin_match,sin_candidato
drovencentro,FEMESTROL 400MG 60CAPS WALIFE,8.70672,,sin_match,sin_candidato
drovencentro,FEMI-BALANCE MENOPAUSE 60CAPS PHARMACORP,12.6288,,sin_match,sin_candidato
drovencentro,FEMICLIM 60CAPS BIOINFINITY,8.8944,,sin_match,sin_candidato
drovencentro,FEMIGYNA 50MG/5MG I.M SOL INY 1ML 1AMP OVEROL,4.0192,,sin_match,sin_candidato
drovencentro,FEMIVITAL X 30 CAPS,11.168,,sin_match,sin_candidato
drovencentro,FEMIZOL 750/200MG  7 OVULOS VARGAS,11.7432,E.F.42.352,matched,score=0.606
drovencentro,FENITOINA 100MG 30TAB ANGELUS,7.264,,sin_match,sin_candidato
drovencentro,FENITOINA SOD 50MG/ML IM/IV 5ML 10AMP VITALIS,20.064,,sin_match,sin_candidato
drovencentro,FENITOINA SODICA 100MG/2ML 10AMP  ZUZU,18.1696,,sin_match,sin_candidato
drovencentro,"FER BABY GOTAS 30ML AC FOLI,COMPLEJO B Y HIERRO RIWA",16.88136,,sin_match,sin_candidato
drovencentro,FERCOR COMPUESTO 350MG/60MG/25MCG 30CAP BIOQUIMICA,7.0604,,sin_match,sin_candidato
drovencentro,FERGANIC 100MG/5ML SOL INY 1AMP ROWE,22.4944,E.F.33.240,matched,score=0.598
drovencentro,FERGANIC 40MG   24CAPS,15.88,E.F.33.238,matched,score=0.649
drovencentro,FERGANIC 40MG   30CAPS ROWE,17.104,E.F.33.240,matched,score=0.631
drovencentro,FERGANIC 40MG 14CAPS,9.6,E.F.33.238,matched,score=0.649
drovencentro,FERGANIC FOLIC  30 TAB MAST,14.9644,E.F.33.238,matched,score=0.786
drovencentro,FERGANIC FOLIC JARABE  120ML,8.616,E.F.33.240,matched,score=0.677
drovencentro,FERGANIC FOLIC MAST  20 TAB,12.552,E.F.33.238,matched,score=0.674
drovencentro,FERGANIC FOLIC SOL GOTAS  30ML,10.4112,E.F.33.240,matched,score=0.655
drovencentro,FERGANIC GOTAS 15ML.,8.64,E.F.33.240,matched,score=0.644
drovencentro,FERGANIC JARABE  120ML,12.92,E.F.33.240,matched,score=0.691
drovencentro,FERROCE 300MG/50MG 30TAB SIEGFRIED,13.4776,,sin_match,sin_candidato
drovencentro,FERROCE CON B12 JARABE 120ML SIEGFRIED,9.006,E.F.13.615,matched,score=0.625
drovencentro,FERROGLASS 100MG/5ML 10AMP BIOGLASS,34.7244,,sin_match,sin_candidato
drovencentro,FERRONORM 30CAPS MEDIFARM,13.97232,,sin_match,sin_candidato
drovencentro,FERRUMIA 500MG 10ML 1AMP HIERRO ZORIAK,73.56968,,sin_match,sin_candidato
drovencentro,FERSINOL 100MG/2ML SOL INY I.M 5 AMP ARTE MEDICO,20.232,,sin_match,sin_candidato
drovencentro,FESTAL 10 GRAGEAS CALOX,6.224,,sin_match,sin_candidato
drovencentro,FESTAL 20 GRAGEAS CALOX,10.328,,sin_match,sin_candidato
drovencentro,FESTAL 50 GRAGEAS CALOX,22.632,,sin_match,sin_candidato
drovencentro,FESTAL DISP 25 BLISTER 4 GRAGEAS CALOX,47.272,,sin_match,sin_candidato
drovencentro,FEXOFENADINA 120MG 10COMP REC SPEFAR,3.69328,,sin_match,sin_candidato
drovencentro,FEXOFENADINA 120MG 10TAB REC CALOX,5.832,E.F.G.36.180,matched,score=0.895
drovencentro,FEXOFENADINA CLORH 120MG 10TAB LA SANTE,5.4492,,sin_match,sin_candidato
drovencentro,FEXOFENADINA CLORH 30MG/5ML SUSP 120ML LA SANTE,9.3296,,sin_match,sin_candidato
drovencentro,FEXOMED 30MG/ 5ML JBE 120ML FEXOFENADINA PHARMAMED,3.88,,sin_match,sin_candidato
drovencentro,FEXORAT 30MG/5ML SUSP ORAL 120ML OFTALMI,7.648,E.F.41.359,matched,score=0.926
drovencentro,FILMOGEL AFTAS Y PEQUEÑAS HERIDAS BUCALES 6ML URGO,5.8178,,sin_match,sin_candidato
drovencentro,FILMOGEL TRATAMIENTO HERPES LABIAL 3ML URGO,8.58061,,sin_match,sin_candidato
drovencentro,"FILMOGEL TRATAMIENTO PARA UÑAS DAÑADAS 3,3ML URGO",7.83682,,sin_match,sin_candidato
drovencentro,FIN-ESPAM 10MG 10TAB LEBRIUT,4.32,,sin_match,sin_candidato
drovencentro,FIN-ESPAM FEM 20MG/400MG 10TAB LEBRIUT,6.816,,sin_match,sin_candidato
drovencentro,FINASTERIDE 5MG 30TAB CALOX,6.032,E.F.G.30.089,matched,score=0.908
drovencentro,FISIOLIN 10 VIALES 3ML SOL FISIOLOGICA OFTALMI,10.264,E.F.29.110,matched,score=0.743
drovencentro,FISIOLIN NEB NAS/ 260DOSIS OFTALMI,9.136,,sin_match,sin_candidato
drovencentro,FISIOLIN SOLUCION NASAL 15ML OFTALMI,4.448,E.F.29.110,matched,score=0.791
drovencentro,FISIOLOGICA GOTAS  15 ML SOMA,1.712,,sin_match,sin_candidato
drovencentro,FITEX 20MG 1TAB FARMA,0.90071,E.F.38.634,matched,score=0.900
drovencentro,FITEX 20MG 2TAB FARMA,1.91818,E.F.38.634,matched,score=0.900
drovencentro,FITEX 5MG 10TAB FARMA,1.96821,E.F.39.597,matched,score=0.908
drovencentro,FITEX 5MG 30TAB FARMA,5.42092,E.F.39.597,matched,score=0.908
drovencentro,FITZERO 60CAPS HERBAPLANT,9.3092,,sin_match,sin_candidato
drovencentro,FLAQUITO 2 BARQUILLAS X 30G,1.176,,sin_match,sin_candidato
drovencentro,FLAQUITO 4 BARQUILLAS X 30GR,2.168,,sin_match,sin_candidato
drovencentro,FLAQUITO DISPENSADOR 12 BARQUILLAS X 30GR,6.496,,sin_match,sin_candidato
drovencentro,FLAQUITO NEVADO 4 BARQUILLAS X 30GR,2.168,,sin_match,sin_candidato
drovencentro,FLAQUITO NEVADO DISPENSADOR 12 BARQUILLAS 30GR,6.496,,sin_match,sin_candidato
drovencentro,FLATORIL 125MG 20CAPS ELMOR,6.92272,,sin_match,sin_candidato
drovencentro,FLATORIL 80MG GOTAS 20ML ELMOR,6.79728,E.F.35.935,matched,score=0.935
drovencentro,FLATVIN 125MG 10CAPS VINCENTI,5.76,,sin_match,sin_candidato
drovencentro,FLAVOXATO 200MG  20TAB KMPLUS,4.5696,,sin_match,sin_candidato
drovencentro,FLAVOXATO 200MG 10TAB  FARMAMED,2.02959,,sin_match,sin_candidato
drovencentro,FLAVOXATO 200MG 10TAB CALOX,5.736,,sin_match,sin_candidato
drovencentro,FLAVOXATO 200MG 20TAB FLAVOXUNI,6.44,,sin_match,sin_candidato
drovencentro,FLAVOXATO 200MG 20TAB REC DAC55,5.07572,,sin_match,sin_candidato
drovencentro,FLAVOXATO 200MG 30TAB ANGELUS,3.198,,sin_match,sin_candidato
drovencentro,FLEBOSMIN 500MG 30TAB FARMA,17.18015,,sin_match,sin_candidato
drovencentro,FLEMAVEL 8MG/5ML SOL ORAL 120ML BROMHEXINA VERMA,2.216,,sin_match,sin_candidato
drovencentro,FLEMAXIN 200 MG X 12 TAB EFERV ARO N-ACETILCISTEINA,13.83594,,sin_match,sin_candidato
drovencentro,FLEMAXIN 600MG 10TAB EFERV ARO N-ACETILCISTEINA,11.47674,,sin_match,sin_candidato
drovencentro,FLEMIBAR (I)  20MG/2500MG/5ML SOL INY 3AMP,8.248,,sin_match,sin_candidato
drovencentro,"FLEMIBAR 6,67MG-333,40MG/ML SOL  20ML",4.396,,sin_match,sin_candidato
drovencentro,FLENOX 15MG/5ML JBE PED 120ML BIOTECH,2.66208,E.F.38.680,matched,score=0.887
drovencentro,FLENOX 15MG/5ML JBE PED 60ML BIOTECH,1.28592,E.F.38.680,matched,score=0.890
drovencentro,FLENOX 30MG/5ML JBE AD 120ML BIOTECH,2.7072,E.F.38.610,matched,score=0.889
drovencentro,FLESPAN 10MG  20COMP REC FAHD,2.704,,sin_match,sin_candidato
drovencentro,FLEVOMAX-D 600MG  15COMP REC FAHD,3.2,,sin_match,sin_candidato
drovencentro,FLEXTRIN 600MG 30CAP BLAND BIOFAR,8.00056,,sin_match,sin_candidato
drovencentro,FLEXURAT 500MG/400MG 30TAB BIOTECH,9.288,,sin_match,sin_candidato
drovencentro,"FLINAS 0,05% SUSP NASAL 140DOSIS OFTALMI",15.44,E.F.35.680,matched,score=0.623
drovencentro,FLIXOTIDE 250MCG SUSP INH 60DOSIS FARMA,14.845,,sin_match,sin_candidato
drovencentro,FLODONT ENJ  BUCAL 180ML,5.4288,E.F.21.233,matched,score=0.793
drovencentro,FLODONT UNGUENTO BUCAL 15G,4.0968,E.F.21.233,matched,score=0.806
drovencentro,FLOGAREX BACILLUS CLAUSSI 5ML 10 VIALES BLUE MEDICAL,11.608,,sin_match,sin_candidato
drovencentro,"FLOMED 0,15%-0,25% SOL TOP BUC ATOM 45ML ELMOR",4.34336,E.F.41.147,matched,score=0.611
drovencentro,"FLOMED 0,15%-0,25% SOL TOP BUCAL 180ML",3.2536,E.F.41.147,matched,score=0.615
drovencentro,FLOR DE JAMAICA 5G 6UND FSI,5.99808,,sin_match,sin_candidato
drovencentro,FLOXABID 500MG 10CAP CIPROFLOXACINA CAPSUVEN,3.7584,,sin_match,sin_candidato
drovencentro,FLUBIONAZOL 150MG  2TAB BIOMERCY FLUCONAZOL,1.096,,sin_match,sin_candidato
drovencentro,FLUCON 200MG  4CAPS KLINOS,3.5564,E.F.41.686,matched,score=0.915
drovencentro,FLUCONAZOL 150MG  2CAP ARTE MEDICO,1.856,,sin_match,sin_candidato
drovencentro,FLUCONAZOL 150MG  2CAPS GENCER,2.44,E.F.G.34.692,matched,score=0.904
drovencentro,FLUCONAZOL 150MG  2CAPS REMENY,1.5232,,sin_match,sin_candidato
drovencentro,FLUCONAZOL 150MG  2TAB  ODCAN DROVENCA,1.968,,sin_match,sin_candidato
drovencentro,FLUCONAZOL 150MG  4 TAB  ZUZU,3.1024,,sin_match,sin_candidato
drovencentro,FLUCONAZOL 150MG 1CAP BALAXI,0.44,,sin_match,sin_candidato
drovencentro,FLUCONAZOL 150MG 2 CAPS  BLUE MEDICAL,1.216,,sin_match,sin_candidato
drovencentro,FLUCONAZOL 150MG 2CAP LETI,2.024,E.F.G.28.339,matched,score=0.773
drovencentro,FLUCONAZOL 150MG 2CAPS  PORTUGAL,1.104,,sin_match,sin_candidato
drovencentro,FLUCONAZOL 150MG 2CAPS CALOX,2.152,E.F.G.27.527,matched,score=0.918
drovencentro,FLUCONAZOL 150MG 2CAPS KIMICEG,1.70648,E.F.G.28.575,matched,score=0.913
drovencentro,FLUCONAZOL 150MG 2CAPS LA SANTE,2.5296,,sin_match,sin_candidato
drovencentro,FLUCONAZOL 150MG X 2 CAPSULAS KMPLUS,2.004,,sin_match,sin_candidato
drovencentro,FLUCONAZOL 200MG 25BL 4CAP LAPROFF,48.688,,sin_match,sin_candidato
drovencentro,FLUCONAZOL 200MG 4CAP GENFAR,4.1664,,sin_match,sin_candidato
drovencentro,FLUCONAZOL 200MG/100ML SOL.INY IPS,1.36,,sin_match,sin_candidato
drovencentro,FLUDIL 10MG 40TAB PHARMETIQUE,13.0764,,sin_match,sin_candidato
drovencentro,FLUIXAN 5MG  30 TAB REC APiXABAN ANDILAB,10.1808,,sin_match,sin_candidato
drovencentro,FLUNARIZINA 10MG  20TAB COASPHARMA,3.68,,sin_match,sin_candidato
drovencentro,FLUOXETINA 20MG 14CAPS BIOTECH,2.2192,E.F.G.28.981,matched,score=0.898
drovencentro,FLUOXETINA 20MG 14CAPS LA SANTE,2.77704,,sin_match,sin_candidato
drovencentro,FLUOXETINA 20MG 14TAB  COASPHARMA,2.744,,sin_match,sin_candidato
drovencentro,FLUOXETINA 20MG 28CAPS LA SANTE,3.7536,,sin_match,sin_candidato
drovencentro,FLUOXETINA 20MG 30CAP ANGELUS,3.672,,sin_match,sin_candidato
drovencentro,FLUTISAL 250 250/50MCG  30CAPS FLUTICAS/SALMET NEOPHARMA,12.304,,sin_match,sin_candidato
drovencentro,FLUTIXAIR 125MCG-25MCG INH  120 DOSIS,35.2,,sin_match,sin_candidato
drovencentro,FLUTIXAIR 250MCG-25MCG/DOSIS AEROSOL,33.0616,,sin_match,sin_candidato
drovencentro,FLUVENIL 200 MG 60 CAPS ARO HIDROSMINA,26.57554,,sin_match,sin_candidato
drovencentro,FLUVIRIN 35MG/ML 120ML GENVEN,6.6,,sin_match,sin_candidato
drovencentro,FOLIFER B-12 30TAB RONAVA,6.52801,,sin_match,sin_candidato
drovencentro,"FOMENE 2,5MG 28COMP LETI",36.008,E.F.G.44.703,matched,score=0.542
drovencentro,FOMESIT 50MG/850MG 30COMP SNC,17.15481,,sin_match,sin_candidato
drovencentro,FORMOTEROL BUDESONIDA  6MCG INH 200 DOSIS KMPLUS,12.656,,sin_match,sin_candidato
drovencentro,FORMULA 0-6 MESES HMO+1 MAH LECHE,14.224,,sin_match,sin_candidato
drovencentro,FORMULA ALPHA PRO 2  6-12 MESES 400 G BALKER,12.304,,sin_match,sin_candidato
drovencentro,FORMULA ALPHA PRO RICE 0-12 MESES 400 G BALKER,16,,sin_match,sin_candidato
drovencentro,FORMULA MAYOR DE 2 AÑOS HMO 3 MAH LECHE,13.464,,sin_match,sin_candidato
drovencentro,FORMULA MAYOR DE 6 MESES HM0 2 MAH LECHE,14.224,,sin_match,sin_candidato
drovencentro,FORMULA PREMIUM S/LAC 0-12MESES 400G MAH,20.304,,sin_match,sin_candidato
drovencentro,FORMULA VIVASSE ALIMENTACION ENTERAL 400G BALKER,22.952,,sin_match,sin_candidato
drovencentro,FOSFATO DE POTASIO MONOBASICO 1MEQ/ML SOL INY  I.V.10ML BEHRENS,6.0496,E.F.G.21.515,matched,score=0.802
drovencentro,FOSFOLIT SOLUCION ORAL 45ML.GC,12.132,E.F.41.993,matched,score=0.658
drovencentro,FOTORRETIN COLIRIO 5 ML MEGALABS,5.476,,sin_match,sin_candidato
drovencentro,FRAILEJON JARABE 120ML SOMA,3.924,,sin_match,sin_candidato
drovencentro,FRIENDS PROTEC DIAR REG S/P X 40,3.16,,sin_match,sin_candidato
drovencentro,FRIENDS TS MALLA REGULAR X 14,2.816,,sin_match,sin_candidato
drovencentro,FRIENDS TS NOCTURNA SIN ALAS 10UND,2.19608,,sin_match,sin_candidato
drovencentro,FRIENDS TS TELA REGULAR 14 TOALLAS,2.10296,,sin_match,sin_candidato
drovencentro,FRIOPAK COMPRESAS,6.52,,sin_match,sin_candidato
drovencentro,FRIXONIL SOL SPRAY 180ML VINCENTI,7.84,E.F.11.043,matched,score=0.720
drovencentro,FRIXONIL SOL SPRAY 60ML VINCENTI,4.58016,E.F.11.043,matched,score=0.603
drovencentro,FRON DOS 100MG/400MG  7CAP BLANDAS VAG FC PHARMA,9.1732,,sin_match,sin_candidato
drovencentro,FRUTACID 60TAB MASTICABLES SABORES SURTIDOS CALOX,17.44,,sin_match,sin_candidato
drovencentro,FUGOLIN CREMA 1% 20GR VINCENTI,5.47008,E.F.24.373,matched,score=0.736
drovencentro,FUGOLIN CREMA VAG 1% 50G 6 APLICADORES VINCENTI,7.10336,,sin_match,sin_candidato
drovencentro,FUGOLIN SOL 30ML VINCENTI,4.3344,E.F.24.373,matched,score=0.726
drovencentro,FULBARYL 160MCG/4.5MCG 60CAPS PP INH LETI,44.576,,sin_match,sin_candidato
drovencentro,FULGRAM  875MG/125MG 16COMP REC GENVEN,26.2072,,sin_match,sin_candidato
drovencentro,FULGRAM SUSP 600MG 60ML GENVEN,13.15776,E.F.35.373,matched,score=0.912
drovencentro,FULL ACTION CREMA 60G RECETTMARKET,5.10694,,sin_match,sin_candidato
drovencentro,FULL ACTION LOCION SPRAY 60ML RECETTMARKET,2.9317,,sin_match,sin_candidato
drovencentro,FUNGEX 1% CREMA 15G PHARMETIQUE C,5.1476,,sin_match,sin_candidato
drovencentro,FUNGOSIN 100MG 14CAPS DOLLDER,9.16682,,sin_match,sin_candidato
drovencentro,FUNGOSIN 100MG 6CAPS DOLLDER,4.85742,,sin_match,sin_candidato
drovencentro,FUNTRAZOL 100MG 10CAP ANGELUS,5.184,,sin_match,sin_candidato
drovencentro,FURFURIL APOS SOLUB  30GR,6.2048,E.F.8.381,matched,score=0.777
drovencentro,FUROSEMIDA 20MG 12TAB DALIOL,4.90752,E.F.G.33.438,matched,score=0.900
drovencentro,FUROSEMIDA 20MG/2ML 10AMP ANDILAB,4.136,,sin_match,sin_candidato
drovencentro,FUROSEMIDA 20MG/2ML IM/IV SOL INY 10AMP CORPOMECA,7.36,,sin_match,sin_candidato
drovencentro,FUROSEMIDA 20MG/2ML INY 3AMP DISTRILAB,2.77536,,sin_match,sin_candidato
drovencentro,FUROSEMIDA 40MG  30 TAB MEDICAL GROUP,4.76464,,sin_match,sin_candidato
drovencentro,FUROSEMIDA 40MG  30BLISTER 10TABL LAPROFF,22.192,,sin_match,sin_candidato
drovencentro,FUROSEMIDA 40MG 12TAB PLUSANDEX,2.22167,,sin_match,sin_candidato
drovencentro,FUROSEMIDA 40MG 24TAB DALIOL,7.41312,E.F.G.33.388,matched,score=0.900
drovencentro,FUROSEMIDA 40MGS 12TAB  DALIOL,4.3848,E.F.G.33.388,matched,score=0.895
drovencentro,FUROSEMIDA TAB 40MG 10 KMPLUS,1.036,,sin_match,sin_candidato
drovencentro,FUXAL UNGUENTO 30GR,11.048,,sin_match,sin_candidato
drovencentro,G-FRESH 0.5% GOTAS OFT 5ML CAPSUVEN,5.7168,,sin_match,sin_candidato
drovencentro,GABAMOX 300MG  60CAPS GABAPE PENTAFARMA,15.38854,,sin_match,sin_candidato
drovencentro,GABAPENTINA 300MG 14CAPS LATTAN MEDIC,3.20664,,sin_match,sin_candidato
drovencentro,GABAPENTINA 300MG 20CAPS SPEFAR,5.22832,E.F.G.37.496,matched,score=0.905
drovencentro,GABAPENTINA 300MG 30TAB ANGELUS,6.304,,sin_match,sin_candidato
drovencentro,GABAPENTINA 400MG 20CAPS SPEFAR,5.58912,E.F.G.37.521,matched,score=0.905
drovencentro,GABAPRA 75MG 14 TAB PREGABALINA ADN,2.2392,,sin_match,sin_candidato
drovencentro,GABAROL 150MG 20CAP CAPSUVEN,8.1,,sin_match,sin_candidato
drovencentro,GABAROL 25MG 30TAB CAPSUVEN,5.076,,sin_match,sin_candidato
drovencentro,GALAK CHOCOLATE BLANCO 130G X 5 UNID,17.49104,,sin_match,sin_candidato
drovencentro,GALAK CHOCOLATE BLANCO 30GR X 12 UNID,12.59104,,sin_match,sin_candidato
drovencentro,GALLETAS Q-KISS BOLSA 16UND 200GR PUIG,2.872,,sin_match,sin_candidato
drovencentro,GAPENT 10MG 30COMP REC ESCITALOPRAM SIEGFRIED,7.48512,,sin_match,sin_candidato
drovencentro,GAPENT 20MG 30COMP REC ESCITALOPRAM SIEGFRIED,9.0516,,sin_match,sin_candidato
drovencentro,GAPRIDOL 400MG  15CAPS GABAPENTINA MT,3.67282,,sin_match,sin_candidato
drovencentro,GAPTAN 300MG 30CAP ZORIAK GABAPENTINA,6.5791,,sin_match,sin_candidato
drovencentro,GARABET 0.3%/0.1% SOL OFT 5ML OFTALMI,9.304,E.F.24.868,matched,score=0.651
drovencentro,"GASA 4"" X 4"" X 24 SOBRES CUREBAND (10CM X 10CM)",22.928,,sin_match,sin_candidato
drovencentro,GASTROFULL DOBLE ACCIO DISP 24 SAC COASPHARMA,29.6,,sin_match,sin_candidato
drovencentro,GASTROFULL MAX STICK 24PACK 10ML COASPHARMA,28.688,,sin_match,sin_candidato
drovencentro,GEL ALOE VERA CORPORAL 400GR ZOAH,4.7272,,sin_match,sin_candidato
drovencentro,GEL DE ALOE VERA  60GR RECETTMARKET,0.42696,,sin_match,sin_candidato
drovencentro,GEL EXFOL PIES UREA 6% 200ML URIFOOT COHER,11.52,,sin_match,sin_candidato
drovencentro,GEL EXFOLIANTE FACIAL PROFUNDO 50ML ZOAH,3.2148,,sin_match,sin_candidato
drovencentro,GEL FRIO CORPORAL 200 GR OZONEPUI,4.52,,sin_match,sin_candidato
drovencentro,GEL HIDRATANTE ACNE RESCUE 50ML ZOAH,4.3548,,sin_match,sin_candidato
drovencentro,GEL HIDRATANTE FACIAL 50ML AKN COHER,5.96,,sin_match,sin_candidato
drovencentro,GEL HIDRATANTE FACIAL DETOX PURIFYNG 50 ML  ZOAH,3.8836,,sin_match,sin_candidato
drovencentro,GEL INTIMO 200ML LAVANDA SABILADERM COHER,6.76,,sin_match,sin_candidato
drovencentro,GEL INTIMO DELICADO 280ML PHFEM,4.824,,sin_match,sin_candidato
drovencentro,GEL INTIMO HIDRATANTE 280ML PHFEM,4.824,,sin_match,sin_candidato
drovencentro,GEL INTIMO MANZANILLA 200ML SABILADERM COHER,6.76,,sin_match,sin_candidato
drovencentro,GEL LIMPIADOR FACIAL 120ML AKN COHER,6.632,,sin_match,sin_candidato
drovencentro,GEL LIMPIADOR FACIAL 120ML ZOAH,4.674,,sin_match,sin_candidato
drovencentro,GEL PUNTUAL ACNE RESCUE 15ML ZOAH,4.0128,,sin_match,sin_candidato
drovencentro,GEL PUNTUAL INPERFECCIONES 15ML AKN COHER,5.304,,sin_match,sin_candidato
drovencentro,GEMKAST 10MG  30TAB REC GEMA LABS,3.424,E.F.43.741,matched,score=0.899
drovencentro,GEMKAST 4MG  10TAB MASTIC GEMA LABS,0.496,E.F.43.742,matched,score=0.914
drovencentro,GEMKAST 4MG  30TAB MASTIC GEMA LABS,1.416,E.F.43.742,matched,score=0.914
drovencentro,GEMKAST 5MG  30TAB MASTIC GEMA LABS,1.784,E.F.43.743,matched,score=0.914
drovencentro,GEMKAST 5MG 10TAB MASTIC GEMA LABS,0.616,E.F.43.743,matched,score=0.914
drovencentro,"GENCICOF 0,15% SOL TOP BUCAL 15ML COFASA",6.248,E.F.44.127,matched,score=0.793
drovencentro,GENESA 3MG/20MCG 28COMP REC LETI,19.3896,,sin_match,sin_candidato
drovencentro,GENESA 3MG/30MCG 21COMP REC LETI,18.972,,sin_match,sin_candidato
drovencentro,GENLET 200MG 10COMP LETI,8.904,,sin_match,sin_candidato
drovencentro,GENODERM 21 COMP REC CIPROTERONA ETINIL,9.0343,,sin_match,sin_candidato
drovencentro,GENTAMICINA 0.1% CREMA 15GR PHARMETIQUE,5.2292,,sin_match,sin_candidato
drovencentro,GENTAMICINA 0.3% SOL OFT 10ML  DISTRILAB,3.64416,,sin_match,sin_candidato
drovencentro,GENTAMICINA 0.3% UNG OFTAL 5GR KMPLUS,3.29904,,sin_match,sin_candidato
drovencentro,GENTAMICINA 160 MG/2 ML  IM/IV 10 AMP BLUE MEDICAL,3.776,,sin_match,sin_candidato
drovencentro,GENTAMICINA 160MG/2ML M/IV 10AMP VITALIS,16.248,,sin_match,sin_candidato
drovencentro,GENTAMICINA 160MG/2ML SOL INY 5AMP DISTRILAB,3.87872,,sin_match,sin_candidato
drovencentro,GENTAMICINA 3MG GOTAS 5 ML OFTALMI,4.208,E.F.G.26.131,matched,score=0.734
drovencentro,GENTAMICINA 80MG/2ML IM/IV 1AMP BIOSANO,1.28,,sin_match,sin_candidato
drovencentro,"GENTAMICINA SOL OFT 0,3% 5ML UNIPHARMA",2.216,,sin_match,sin_candidato
drovencentro,GENTAMICINA SULFATO 160MG/2ML 10AMP BIO DE VZLA,4.92,,sin_match,sin_candidato
drovencentro,GENTAMICINA+BETAMETAS+CLOTRI 30G BLUE MEDICAL,4.096,,sin_match,sin_candidato
drovencentro,"GENTAPLUS 0,3% GOTAS OFT/OTICA 10ML GENTAMICINA KMPLUS",5.2128,,sin_match,sin_candidato
drovencentro,GENURIN 200MG 10COMP REC ELMOR,6.24848,,sin_match,sin_candidato
drovencentro,GERDEX FRASCO 240cc.,2.696,,sin_match,sin_candidato
drovencentro,GERDEX GALON 3785 LTS.,23.488,,sin_match,sin_candidato
drovencentro,GERDEX SPRAY 240cc.,3.248,,sin_match,sin_candidato
drovencentro,GERIATECH PHARMAVITON 30CAPS PHARMATECH,7.808,,sin_match,sin_candidato
drovencentro,GESTASYN I 100MG  10CAPS BLAN TIARES,11.5488,,sin_match,sin_candidato
drovencentro,GESTASYN II 200MG 10CAPS BLAN TIARES,13.8888,,sin_match,sin_candidato
drovencentro,GESTODENO ETINILESTRADIOL 75MCG/20MCG  21COMP REC OVEROL,3.696,,sin_match,sin_candidato
drovencentro,GINACOL 0.1% SOL VAGINAL 135ML BIOTECH,2.744,E.F.19.054,matched,score=0.681
drovencentro,GINIWA M 14 CAPS PROBIOTICO ZINEREO AMBIOS,24.616,,sin_match,sin_candidato
drovencentro,GINIWA V 14CAPS PROBIOTICO ZINEREO AMBIOS,24.616,,sin_match,sin_candidato
drovencentro,GINKGO BILOBA 300MG  30CAPS NATURISTIK,5.22,,sin_match,sin_candidato
drovencentro,GINKGO BILOBA 300MG  60CAPS HERBAPLANT,9.3092,,sin_match,sin_candidato
drovencentro,GINKGO BILOBA 500MG  70CAPS ABEJITA,8.0988,,sin_match,sin_candidato
drovencentro,GINKGO BILOBA 60CAPS ARCOIRIS,12.184,,sin_match,sin_candidato
drovencentro,GINKGO BILOBA 60MG  60CAP NOW,18.944,,sin_match,sin_candidato
drovencentro,GIVOTAN P/SUSP ORAL 100MG/5ML  30ML,11.0264,,sin_match,sin_candidato
drovencentro,GIVOTAN P/SUSP ORAL 100MG/5ML  60ML,16.7256,,sin_match,sin_candidato
drovencentro,GLASSMOL  1G/100ML SOL INY I.V 1AMP PARACETAMOL BIOGLASS,4.184,,sin_match,sin_candidato
drovencentro,GLAUCOTENSIL D 2% SOL OFT 5 ML,11.1928,,sin_match,sin_candidato
drovencentro,GLAUCOTENSIL T SOL OFT 5ML,13.2088,,sin_match,sin_candidato
drovencentro,GLIBENCLAMIDA 5MG  30TAB FARMAMED,2.34184,,sin_match,sin_candidato
drovencentro,GLIBENCLAMIDA 5MG 10TAB VINCENTI,1.8096,,sin_match,sin_candidato
drovencentro,GLIBENCLAMIDA 5MG 30 TAB COASPHARMA,3.656,,sin_match,sin_candidato
drovencentro,GLIBENCLAMIDA 5MG 30TAB BUKA,2.89116,,sin_match,sin_candidato
drovencentro,GLIBENCLAMIDA 5MG 330TABL DISP COASPHARMA,20.816,,sin_match,sin_candidato
drovencentro,GLIBENCLAMIDA METFORMINA 5MG/500 30TAB BUKA,5.85116,,sin_match,sin_candidato
drovencentro,GLIBENCLAMIDA TAB 5MG X 10KMPLUS,1.0624,,sin_match,sin_candidato
drovencentro,GLICERAMIN 3% SOL INY IV 500ML BEHRENS,34.0252,,sin_match,sin_candidato
drovencentro,GLICERIN ADULTO 2.58G  6 SUPOSITORIOS TIARES,5.5944,E.F.44.761,matched,score=0.729
drovencentro,GLICERIN BABY 0.86G  6 SUPOSITORIOS TIARES,4.1688,E.F.44.763,matched,score=0.762
drovencentro,GLICERIN KIDS  1.72G  6 SUPOSITORIOS TIARES,4.3848,E.F.44.761,matched,score=0.752
drovencentro,GLICERINA  250ML  FSI,6.20928,,sin_match,sin_candidato
drovencentro,GLICERINA  60ML RECETTMARKET,1.86962,,sin_match,sin_candidato
drovencentro,"GLICERINA 1,11G PEDIATRICO  6 SUP ELMOR",4.95488,,sin_match,sin_candidato
drovencentro,"GLICERINA 1,68G SUP PED X 6.GEN CAL",4.6656,E.F.G.33.712,matched,score=0.738
drovencentro,"GLICERINA 2,44G ADULTO 6 SUP ELMOR",5.03328,E.F.G.43.877,matched,score=0.754
drovencentro,"GLICERINA 2,88G SUP AD X 6.GEN CAL",6.2784,E.F.G.33.713,matched,score=0.725
drovencentro,GLICERINA 30ML  LYA,2.25216,,sin_match,sin_candidato
drovencentro,GLICERINA 30ML 1 UND FSI,1.84448,,sin_match,sin_candidato
drovencentro,GLICERINA 30ML RECETTMARKET,6.87283,,sin_match,sin_candidato
drovencentro,GLICERINA 30ML SAN LORENZO,2.464,,sin_match,sin_candidato
drovencentro,GLICERINA 60ML SAN LORENZO,2.952,,sin_match,sin_candidato
drovencentro,GLICERINA SOMA 30 ML,3.504,,sin_match,sin_candidato
drovencentro,GLICINATO DE MAGNESIO + VIT C 650MG/150MG  60CAPS WALIFE,8.7856,,sin_match,sin_candidato
drovencentro,GLICINATO DE MAGNESIO 500MG  30CAPS NATURISTIK,5.4864,,sin_match,sin_candidato
drovencentro,GLICINATO DE MAGNESIO 500MG  60CAPS HERBAPLANT,8.8944,,sin_match,sin_candidato
drovencentro,GLICINATO DE MAGNESIO 500MG 60CAP NATURAL SYSTEMS,26.016,,sin_match,sin_candidato
drovencentro,GLICINATO DE MAGNESIO 650MG  60CAPS WALIFE,7.4256,,sin_match,sin_candidato
drovencentro,GLICLAZ  80MG  20 TAB GLICLAZIDA ALESS,4.48589,,sin_match,sin_candidato
drovencentro,GLIDAN 80MG  20TAB MEGALABS,8.2992,,sin_match,sin_candidato
drovencentro,GLIDEX 500MG  30TAB REC PLUSANDEX,4.3498,,sin_match,sin_candidato
drovencentro,GLIDEX 850MG  30TAB  REC PLUSANDEX,6.33814,,sin_match,sin_candidato
drovencentro,GLIFORMIN 1000MG 30TAB SIEGFRIED,13.2464,E.F.43.215,matched,score=0.749
drovencentro,GLIFORMIN 850MG 30TAB SIEGFRIED,7.492,E.F.43.214,matched,score=0.702
drovencentro,GLIMAG 500MG 60CAP GLICINATO MAGNESIO NATURLIFE,8.12,,sin_match,sin_candidato
drovencentro,GLIMEBIO 4MG  30TAB GLIMEPIRIDA BIOMERCY,6.056,,sin_match,sin_candidato
drovencentro,GLIMEPIRIDA 2MG  30COMP LETI,6.656,E.F.G.32.187,matched,score=0.906
drovencentro,GLIMEPIRIDA 2MG 30TAB ANGELUS,1.9652,,sin_match,sin_candidato
drovencentro,GLIMEPIRIDA 4MG 15COMP LETI,4.56,E.F.G.36.207,matched,score=0.906
drovencentro,GLIMEPIRIDA 4MG 30COMP LETI,8.696,E.F.G.36.207,matched,score=0.906
drovencentro,GLIMEPIRIDE 2MG 16TAB PHARMETIQUE,3.8556,,sin_match,sin_candidato
drovencentro,GLIMEPIRIDE 2MG 30TAB  ZUZU,4.8,,sin_match,sin_candidato
drovencentro,GLIMEPIRIDE 2MG 30TAB PHARMETIQUE,6.5756,,sin_match,sin_candidato
drovencentro,GLIMEPIRIDE 4MG 16TAB PHARMETIQUE,4.3724,,sin_match,sin_candidato
drovencentro,GLIMERID 4MG 30TAB PHARMETIQUE,10.03,,sin_match,sin_candidato
drovencentro,GLINAMED 10MG 30TAB ANGELUS,17.616,,sin_match,sin_candidato
drovencentro,GLIPTIN-M 50/500MG  30 COMP REC VARGAS,15.4872,,sin_match,sin_candidato
drovencentro,GLIZIGEN 30ML SPRAY INTIMO AV PHARMA,26.93616,,sin_match,sin_candidato
drovencentro,GLIZIGEN GEL INTIMO 250ML AV PHARMA,26.93616,,sin_match,sin_candidato
drovencentro,GLIZIGEN LABIAL 5ML AV PHARMA,11.50903,,sin_match,sin_candidato
drovencentro,GLUCOMETRO GENERAL GE 333 DOLLY,30.45726,,sin_match,sin_candidato
drovencentro,GLUCONAT 400MG  60CAPS WALIFE,7.4188,,sin_match,sin_candidato
drovencentro,GLUCONATO DE CALCIO 10% 100ML I V BEHRENS,9.1048,E.F.G.32.556,matched,score=0.768
drovencentro,GLUCONATO DE ZINC 170MG 60CAPS WALIFE,7.7384,,sin_match,sin_candidato
drovencentro,GLUCONATO FERROSO 50MG HIERRO ELEMENTAL/15ML JBE 120ML BIOQUIMICA,3.9976,,sin_match,sin_candidato
drovencentro,GLUCOPHAGE XR 750MG 30COMP DOLLY,13.84421,,sin_match,sin_candidato
drovencentro,GLUCOSAM & CHONDRO1500/1200MG  30TAB NOW,16.248,,sin_match,sin_candidato
drovencentro,GLUCOSAMINA & CHONDROITIN  70CAPS ABEJITA,11.8116,,sin_match,sin_candidato
drovencentro,GLUCOSAMINA CHONDROITIN 1500/1200MG 60TAB NOW,30.464,,sin_match,sin_candidato
drovencentro,GLUCOSAMINA CHONDROITIN 1500/750MG 90 CAPS PHARMACORP,14.0688,,sin_match,sin_candidato
drovencentro,GLUCOSAMINA CONDROITINA 500/400MG 30TAB VAL,13.4368,,sin_match,sin_candidato
drovencentro,GLUCOSAMINA SULFATO + CONDROITINA SULFATO 1500/1200MG 15TAB LA SANTE,12.3216,,sin_match,sin_candidato
drovencentro,GLUCOSAMINE + CHONDROITIN  30CAPS NATURISTIK,6.0544,,sin_match,sin_candidato
drovencentro,GLUCOSAMINE 2850MG  90CAPS ETERNAL,13.5632,,sin_match,sin_candidato
drovencentro,GLUCOSAMINE 500MG+CHONDROITIN 400MG 10CAPS BLISTER NATURAL SYSTEMS,4.024,,sin_match,sin_candidato
drovencentro,GLUCOSAMINE 500MG+CHONDROITIN 400MG 60CAP NATURAL SYSTEMS,31.824,,sin_match,sin_candidato
drovencentro,GLUCOSAMINE CHONDROITIN 50 CAPS NATURLIFES,6.768,,sin_match,sin_candidato
drovencentro,GLUCOSAMINE+CHONDROITIN+ MSM WITH TURMERIC 60CAPS GREEN CHOICE,14.768,,sin_match,sin_candidato
drovencentro,GLUCOTRIN  60CAPS PHARMATECH,7.7248,,sin_match,sin_candidato
drovencentro,GLUCOVAL 10MG  30TAB REC EMPAGLIFLOZINA VALMORCA,19.3824,E.F.44.000,matched,score=0.881
drovencentro,GLUCOVAL 25MG  30TAB REC EMPAGLIFLOZINA VALMORCA,25.4736,E.F.44.001,matched,score=0.881
drovencentro,GLUCOZIM 500MG 30 TAB RONAVA,7.54551,,sin_match,sin_candidato
drovencentro,GLUTABOL 60CAPS EXAL,11.2064,,sin_match,sin_candidato
drovencentro,GLUTAMINA  60CAPS NATURISTIK,8.8536,,sin_match,sin_candidato
drovencentro,GLUTAPAK-10 SOBRE 15G,6.1056,E.F.G.16.233,matched,score=0.573
drovencentro,GLUTAPTIN MET 500/50 MG 30 TAB MCK,15.384,E.F.42.452,matched,score=0.930
drovencentro,GLUTATHIONE 500MG  30 CAPS NOW,34.056,,sin_match,sin_candidato
drovencentro,GLUVEX 25MG  30TAB REC EMPAGLIFLOZINA ANDILAB,11.268,,sin_match,sin_candidato
drovencentro,GLYMAR 4MG 20TAB SIEGFRIED,10.8052,E.F.37.715,matched,score=0.856
drovencentro,"GOTAS ARTIFICIALES AL 0,3% HPCM  15ML BIOGLASS",4.464,,sin_match,sin_candidato
drovencentro,GOTAS DEL CARMEN  30ML RECETTMARKET,2.87026,,sin_match,sin_candidato
drovencentro,GOTAS DEL CARMEN 30ML 1UNID FSI,1.38688,,sin_match,sin_candidato
drovencentro,GOTAS DEL CARMEN 60ML RECETTMARKET,4.95054,,sin_match,sin_candidato
drovencentro,GRAGEADO FRUTOS MIXTOS 12 X 40G ST MORITZ,17.528,,sin_match,sin_candidato
drovencentro,GRAGEADO FRUTOS MIXTOS S/AZUCAR 12X40G ST MORITZ,18.72,,sin_match,sin_candidato
drovencentro,GRAGEADO MANI 12X40GR ST MORITZ,15.912,,sin_match,sin_candidato
drovencentro,GRAGEADO MANI S/AZUCAR 12 X 40G ST MORITZ,15.272,,sin_match,sin_candidato
drovencentro,GRATIO 500MG 10TAB REC RONAVA,6.70981,,sin_match,sin_candidato
drovencentro,GRATIO 750MG 10TAB REC RONAVA,10.88556,,sin_match,sin_candidato
drovencentro,GRAVIOLA 500MG 100CAP  NOW,23.384,,sin_match,sin_candidato
drovencentro,GUANTES DE NITRILO TALLA S 100UND SAGLAM,5.96,,sin_match,sin_candidato
drovencentro,GULAPER 250MG/5ML SOL ORAL 200ML MEGALABS,7.848,E.F.44.629,matched,score=0.927
drovencentro,GULAPER GOT PED  30ML KLINOS,2.648,E.F.44.628,matched,score=0.739
drovencentro,GULAPER JBE  AD 120ML,5.538,E.F.44.629,matched,score=0.755
drovencentro,GULAPER JBE PED  60ML MEGALABS,2.5872,E.F.44.629,matched,score=0.744
drovencentro,GULAPER JBE PED 120ML,4.2816,E.F.44.628,matched,score=0.744
drovencentro,"GYNERING 0,120MG/0,015MG 1 ANILLO VAGINAL TIARES",20.4552,,sin_match,sin_candidato
drovencentro,GYNO DERAIN 20% CREMA VAGINAL 60GR GENVEN,26.3592,E.F.25.685,matched,score=0.721
drovencentro,"GYNOCARE 0,15MG/0,03MG  21TAB BRIUTICARE LABS",4.504,,sin_match,sin_candidato
drovencentro,"GYNODERAIN 0,6GR 6 OVULOS VAGINALES GENVEN",15.208,,sin_match,sin_candidato
drovencentro,GYNOMET 15/4% 40GR GENVEN,17.76,E.F.43.566,matched,score=0.707
drovencentro,GYNOMET 750MG/200MG  7 OVULOS VAG  LETI,15.888,E.F.43.566,matched,score=0.915
drovencentro,GYNOVIT 130 CC DUCHA VAGINAL VARGAS,3.7872,E.F.27.231,matched,score=0.771
drovencentro,HALOPERIDOL 2MG  20TAB FARMAMED,2.02959,,sin_match,sin_candidato
drovencentro,HALOPERIDOL 5MG 30 TAB CLEO,16.8,,sin_match,sin_candidato
drovencentro,HEDERIN JBE 240ML ABEJITA,5.7664,,sin_match,sin_candidato
drovencentro,HEDRALIV JARABE 120ML PHARMETIQUE C,7.6296,,sin_match,sin_candidato
drovencentro,HELAL 200MG  2COMP,1.648,,sin_match,sin_candidato
drovencentro,HEMZENIL 0.5 MG/5ML 1 AMP IV FLUMAZENIL  ADN,8.7984,,sin_match,sin_candidato
drovencentro,HEPAFOL B12 30TAB SIEGFRIED,11.26016,E.F.28.801,matched,score=0.672
drovencentro,HEPAFOL B12 JBE 120MLSIEGFRIED,13.8856,E.F.28.801,matched,score=0.673
drovencentro,HEPAFOL FORTE 150MG/15ML JBE 120ML SIEGFRIED,15.6264,,sin_match,sin_candidato
drovencentro,HEPAGRAS 120MG 30CAPS  LETI,32.984,,sin_match,sin_candidato
drovencentro,HEPAROID UNGT 30GR GEL TIARES,10.5264,,sin_match,sin_candidato
drovencentro,"HEPROX 0,4MG 30CAPS LP",9.62106,,sin_match,sin_candidato
drovencentro,HEXANTFLEM 100MG/5ML SOL ORAL PED 120ML KLINOS,3.6912,E.F.43.494,matched,score=0.910
drovencentro,HEXOMEDINE COLUTORIO 30G CALOX,7.816,E.F.15.830,matched,score=0.783
drovencentro,HIDRALITOS 45 SABOR CEREZA 500ML COASPHARMA,4.368,,sin_match,sin_candidato
drovencentro,HIDRALITOS 45 SABOR COCO 500ML COASPHARMA,4.368,,sin_match,sin_candidato
drovencentro,HIDRALITOS 45 SABOR UVA 500ML COASPHARMA,4.368,,sin_match,sin_candidato
drovencentro,HIDRALITOS 45+ZINC FRESA 500ML COASPHARMA,4.368,,sin_match,sin_candidato
drovencentro,HIDRATANTE EXTERNO ORIGYN 30ML CUMLAUDE LAB,23.136,,sin_match,sin_candidato
drovencentro,HIDRATANTE INTERNO DELIGYN 30ML CUMLAUDE LAB,20.704,,sin_match,sin_candidato
drovencentro,HIDRATATEX 21GR SALES DE REHID 10SOB ZUZU,8.616,,sin_match,sin_candidato
drovencentro,HIDRIBET 10% LOCION 125ML ROEMMERS,15.5088,,sin_match,sin_candidato
drovencentro,HIDRIBET 5% LOCION 125ML ROEMMERS,15.0624,,sin_match,sin_candidato
drovencentro,HIDROCLOR 12.5MG  30TAB CLORTALIDONA UNIPHARMA,4.36,,sin_match,sin_candidato
drovencentro,"HIDROCLOROTIAZIDA 12,5MG 10COMP SPEFAR",3.26688,E.F.G.42.460,matched,score=0.918
drovencentro,"HIDROCLOROTIAZIDA 12,5MG 30 TAB MEDICAL GROUP",2.85568,,sin_match,sin_candidato
drovencentro,"HIDROCLOROTIAZIDA 12,5MG 30COMP LETI",4.752,E.F.G.41.692,matched,score=0.921
drovencentro,"HIDROCLOROTIAZIDA 12,5MG 30TAB PHARMETIQUE C",5.6704,,sin_match,sin_candidato
drovencentro,HIDROCLOROTIAZIDA 12.5MG  30TAB OB MEDICAL,4.8944,,sin_match,sin_candidato
drovencentro,HIDROCLOROTIAZIDA 12.5MG 30TAB DISTRILAB,3.05776,,sin_match,sin_candidato
drovencentro,HIDROCLOROTIAZIDA 25MG  10TAB KMPLUS,0.76384,,sin_match,sin_candidato
drovencentro,HIDROCLOROTIAZIDA 25MG 20COMP SPEFAR,3.6408,E.F.G.42.590,matched,score=0.889
drovencentro,HIDROCLOROTIAZIDA 25MG 30TAB OB MEDICAL,3.63584,,sin_match,sin_candidato
drovencentro,HIDROCLOROTIAZIDA 25MG 40BLISTER 10TABL LAPROFF,21.552,,sin_match,sin_candidato
drovencentro,HIDROCORTISONA 1% CR 15GR COASPHARMA,5.096,,sin_match,sin_candidato
drovencentro,HIDROCORTISONA 100MG  SOL INY 1 VIAL DISTRILAB,1.72992,,sin_match,sin_candidato
drovencentro,HIDROCORTISONA 100MG I.M/I.V SOL INY 1AMP ANHYDRO,2.128,,sin_match,sin_candidato
drovencentro,HIDROCORTISONA 100MG IV/IM 10 AMP VITALIS,30.032,,sin_match,sin_candidato
drovencentro,HIDROCORTISONA 100MG SOL INY IV/IM 10AMP ANDILAB,7.04,,sin_match,sin_candidato
drovencentro,HIDROCORTISONA 500MG 10AMP VITALIS,63.632,,sin_match,sin_candidato
drovencentro,HIDROCORTISONA 500MG SOL INY  1AMP  DISTRILAB,5.24496,,sin_match,sin_candidato
drovencentro,HIDROCORTISONA CREMA 1% 15GR KMPLUS,4.26272,,sin_match,sin_candidato
drovencentro,"HIDROTEN 12,5MG 30TAB FARMA",4.04868,E.F.39.520,matched,score=0.927
drovencentro,HIDROX ALUMINIO MAG Y SIMETIC 150ML COASPHARMA,4.912,,sin_match,sin_candidato
drovencentro,HIDROXICLOROQUINA 200MG  20TAB MT,10.7975,,sin_match,sin_candidato
drovencentro,HIDROXIDO ALUMINIO MAGNESIO SIMETICONA 360ML COASPHARMA,9.096,,sin_match,sin_candidato
drovencentro,HIERRO AC FOLICO 40MG/350MCG 10TAB VINCENTI,5.2448,,sin_match,sin_candidato
drovencentro,HIERRO SACARATO 100MG/5ML IV 1AMP VITALIS,5.512,,sin_match,sin_candidato
drovencentro,HIERRO SACAROSA 100MG/5ML SOL INY 10AMP AIRON-AN,29.024,,sin_match,sin_candidato
drovencentro,HIERRO SUCROSA 100MG/5ML  1AMP ANDILAB,1.784,,sin_match,sin_candidato
drovencentro,HIERRO+AC FOLICO GOTAS 30ML ZUZU,5.6,,sin_match,sin_candidato
drovencentro,HIERROPRA 100MG/5ML I.V AMP ADN,2.988,,sin_match,sin_candidato
drovencentro,HILO DENTAL 50MT 24UND RECARE,32.436,,sin_match,sin_candidato
drovencentro,HIOSCINA 10MG  10TAB KMPLUS,2.34192,,sin_match,sin_candidato
drovencentro,HIOSCINA BUTILBROMURO 20MG/ML 1ML IV/IM 5AMP ALESS,2.40931,,sin_match,sin_candidato
drovencentro,HIOSCINA IBUPROFENO 20/400MG 10 TAB.VINCENTI,5.5936,,sin_match,sin_candidato
drovencentro,HIOSCINA N-BUTIL BROMURO 10MG  40BLISTER 10TABL REC  LAPROFF,83.664,,sin_match,sin_candidato
drovencentro,HIOSCINA N-BUTIL BROMURO 10MG 2BL  10TABL LAPROFF,5.264,,sin_match,sin_candidato
drovencentro,HIRUDOID GEL 20G GRUPO COMPOMEDICA,8.984,,sin_match,sin_candidato
drovencentro,HIRUDOID GEL 40G GRUPO COMPOMEDICA,13.048,,sin_match,sin_candidato
drovencentro,HIRUDOID POMADA 14G GRUPO COMPOMEDICA,6.28,,sin_match,sin_candidato
drovencentro,HISOPO BABY ENVASE PLASTICO 55UND RECARE,1.7136,,sin_match,sin_candidato
drovencentro,HISOPO FAMILY CAJA DE CARTON 100UND  RECARE,1.0512,,sin_match,sin_candidato
drovencentro,HISOPO FAMILY ENVASE PLASTICO 200UND RECARE,1.7136,,sin_match,sin_candidato
drovencentro,HISTALER 5MG 10TAB REC VALMORCA,1.616,E.F.39.098,matched,score=0.895
drovencentro,HOJAS DE SEN  5G  6 UNIDAD FSI,7.1456,,sin_match,sin_candidato
drovencentro,HOJAS DE SEN 25G  6UND FSI,9.09568,,sin_match,sin_candidato
drovencentro,HOJAS DE SEN 5G 25UND FSI,29.78624,,sin_match,sin_candidato
drovencentro,HOJAS DE SEN 5G SOB LYA,1.67808,,sin_match,sin_candidato
drovencentro,HUGGIES PAÑAL ACTIVE SEC  XXG 25UND DIMASSI,12.544,,sin_match,sin_candidato
drovencentro,HUGGIES PAÑAL ACTIVE SEC DISNEY XG 25UND DIMASSI,14.448,,sin_match,sin_candidato
drovencentro,HUGGIES TOALLAS HUMEDAS LIMP/COTI (AMARILLOS) 80UN DIMASSI,2.0672,,sin_match,sin_candidato
drovencentro,HUGGIES TOALLAS HUMEDAS LIMP/EFEC (VERDES) C/TAPA 48UN DIMASSI,1.92,,sin_match,sin_candidato
drovencentro,HUGGIES TOALLAS HUMEDAS MANITAS 48UN DIMASSI,2.584,,sin_match,sin_candidato
drovencentro,HYALIX GEL  60GR,21.904,,sin_match,sin_candidato
drovencentro,HYPERSOL B 100MCG SUSP SPRAY NASAL 10ML/100 DOSIS,5.62042,,sin_match,sin_candidato
drovencentro,HYPERSOL B 50MCG SUSP SPRAY NASAL 10ML/200 DOSIS,5.55102,,sin_match,sin_candidato
drovencentro,IBALAM 150MG 1TAB OKA,2.8728,,sin_match,sin_candidato
drovencentro,IBECAR 150MG 30TAB VALMORCA,13.256,E.F.42.272,matched,score=0.856
drovencentro,IBECAR 300MG 30TAB REC VALMORCA,20.112,E.F.42.142,matched,score=0.855
drovencentro,IBUCOLVAL 600MG/4MG 20TAB REC VALMORCA,9.216,E.F.39.249,matched,score=0.900
drovencentro,IBUFEN 800MG  6COMPR REC FAHD,3.458,,sin_match,sin_candidato
drovencentro,IBUFENAC 400MG 20CAPS RONAVA,7.66361,,sin_match,sin_candidato
drovencentro,IBUMAX 100MG/5ML SUSP 60ML PHARMETIQUE C,3.276,,sin_match,sin_candidato
drovencentro,IBUN 600MG 10TAB COFASA,1.90872,E.F.44.745,matched,score=0.902
drovencentro,IBUPROFENO  800MG  10TAB RELIFEN MEDVAL,1.8088,,sin_match,sin_candidato
drovencentro,IBUPROFENO  800MG  10TAB UNIPHARMA,1.648,,sin_match,sin_candidato
drovencentro,IBUPROFENO  800MG  20 TAB MEDICAL GROUP,4.76464,,sin_match,sin_candidato
drovencentro,IBUPROFENO + TIOCOLCHICOSIDO 400MG/4MG 10COMP SPEFAR,4.59888,E.F.G.39.472,matched,score=0.922
drovencentro,IBUPROFENO 100MG/5ML SUSP 120ML BIOQUIMICA,3.7224,,sin_match,sin_candidato
drovencentro,IBUPROFENO 100MG/5ML SUSP 120ML COASPHARMA,4.784,,sin_match,sin_candidato
drovencentro,IBUPROFENO 100MG/5ML SUSP 60ML LA SANTE,2.9716,,sin_match,sin_candidato
drovencentro,IBUPROFENO 100MG/5ML SUSP 60ML SPEFAR,5.552,E.F.G.30.199,matched,score=0.766
drovencentro,IBUPROFENO 100MG/5ML SUSP 90ML GENVEN,4.584,E.F.G.32.828,matched,score=0.916
drovencentro,IBUPROFENO 200MG 10TAB REC LA SANTE,1.4976,,sin_match,sin_candidato
drovencentro,IBUPROFENO 200MG/5ML SUSP ORAL  60ML BIOQUIMICA,3.08,,sin_match,sin_candidato
drovencentro,IBUPROFENO 400MG  10TAB ARTE MEDICO,0.872,,sin_match,sin_candidato
drovencentro,IBUPROFENO 400MG  10TAB REMENY,1.4016,,sin_match,sin_candidato
drovencentro,IBUPROFENO 400MG  20TAB VENEQUIMEX,1.344,,sin_match,sin_candidato
drovencentro,IBUPROFENO 400MG 10COMP REC GENVEN,1.768,E.F.G.26.698,matched,score=0.708
drovencentro,IBUPROFENO 400MG 10TAB BIOQUIMICA,1.71,,sin_match,sin_candidato
drovencentro,IBUPROFENO 400MG 10TAB CALOX,1.352,E.F.G.27.688,matched,score=0.905
drovencentro,IBUPROFENO 400MG 10TAB KIMICEG,1.4276,E.F.G.30.069,matched,score=0.857
drovencentro,IBUPROFENO 400MG 10TAB LATTAN MEDIC,1.71864,,sin_match,sin_candidato
drovencentro,IBUPROFENO 400MG 10TAB PLUSANDEX,1.7807,,sin_match,sin_candidato
drovencentro,IBUPROFENO 400MG 10TAB REC ALESS,1.08577,,sin_match,sin_candidato
drovencentro,IBUPROFENO 400MG 20TAB BIOQUIMICA,2.7936,,sin_match,sin_candidato
drovencentro,IBUPROFENO 400MG 20TAB CALOX,4.568,E.F.G.27.688,matched,score=0.905
drovencentro,IBUPROFENO 400MG 20TAB QUINFAR,1.2129,,sin_match,sin_candidato
drovencentro,IBUPROFENO 600MG 10COMP REC LETI,2.76,E.F.G.26.800,matched,score=0.889
drovencentro,IBUPROFENO 600MG 10TAB CALOX,2.968,E.F.G.35.615,matched,score=0.905
drovencentro,IBUPROFENO 600MG 10TAB FARMAMED,1.32704,,sin_match,sin_candidato
drovencentro,IBUPROFENO 600MG 10TAB KMPLUS,1.59144,,sin_match,sin_candidato
drovencentro,IBUPROFENO 600MG 10TAB VARGAS,2.7144,E.F.G.30.509,matched,score=0.911
drovencentro,IBUPROFENO 600MG 20 TAB MEDICAL GROUP,1.42784,,sin_match,sin_candidato
drovencentro,IBUPROFENO 800MG  60TAB COASPHARMA,10.336,,sin_match,sin_candidato
drovencentro,IBUPROFENO 800MG 10COMP GENVEN,6.032,E.F.G.40.877,matched,score=0.899
drovencentro,IBUPROFENO 800MG 10TAB LA SANTE,6.3808,,sin_match,sin_candidato
drovencentro,IBUPROFENO 800MG 30BL  10TAB MULTIPACK LAPROFF,44.368,,sin_match,sin_candidato
drovencentro,IBUPROFENO SUSP 100MG/5ML 60ML KIMICEG,2.3904,E.F.G.30.286,matched,score=0.915
drovencentro,IBUPROFENO TIOCOLCHICOSIDO 600MG/4MG 10TAB DAC55,3.40798,,sin_match,sin_candidato
drovencentro,IBUPROFENO TIOCOLCHICOSIDO 600MG/4MG 10TAB KMPLUS,3.78512,,sin_match,sin_candidato
drovencentro,IBUPROFENO+METOCARBAMOL 200/500MH 24TAB COASPHARMA,11.664,,sin_match,sin_candidato
drovencentro,IBUPROFENO+TIOCOLCHICOSIDO 600/4MG  10TAB IBOTUNI,3.68,,sin_match,sin_candidato
drovencentro,IBUPROFENO-TIOCOLCHICOSIDO 400/4MG 10TAB CALOX,4.936,E.F.G.38.318,matched,score=0.939
drovencentro,IBUPROFENO-TIOCOLCHICOSIDO 600MG-4MG 10CR VARGAS,4.5448,E.F.G.39.079,matched,score=0.923
drovencentro,IBUTAN 100MG/5ML SUSP 60ML PED SIEGFRIED,3.3912,E.F.27.398,matched,score=0.902
drovencentro,IBUTAN 200MG/5ML 60ML SIEGFRIED,3.876,E.F.38.880,matched,score=0.919
drovencentro,IBUTAN 400MG 10TAB SIEGFRIED,2.2168,E.F.19.994,matched,score=0.902
drovencentro,IBUTAN 400MG 20TAB SIEGFRIED,2.42,E.F.19.994,matched,score=0.902
drovencentro,IBUTAN 600MG 10TAB SIEGFRIED,2.8288,E.F.39.059,matched,score=0.902
drovencentro,IBUTANCOL 400MG/4MG 10TAB SIEGFRIED,4.4268,E.F.40.927,matched,score=0.905
drovencentro,IBUTANCOL 400MG/4MG 20TAB SIEGFRIED,7.6032,E.F.40.927,matched,score=0.905
drovencentro,IBUTANCOL 600MG/4MG 10TAB SIEGFRIED,6.596,E.F.39.405,matched,score=0.905
drovencentro,IBUTANCOL 600MG/4MG 20TAB SIEGFRIED,11.6892,E.F.39.405,matched,score=0.905
drovencentro,IBUTANFEM 400/20MG 20TAB REC SIEGFRIED,7.168,E.F.40.927,matched,score=0.705
drovencentro,IBUTANMIGRA 400/40/1MG 10TAB SIEGFRIED,6.4144,,sin_match,sin_candidato
drovencentro,IBUTANMIGRA 400/40/1MG 20TAB SIEGFRIED,11.65824,,sin_match,sin_candidato
drovencentro,IBUTIL FORTE 600MG/8MG 10CAP RONAVA,8.58674,,sin_match,sin_candidato
drovencentro,IBUVAX FEM 200MG/30MG 10TAB VIVAX,3.704,E.F.34.966,matched,score=0.877
drovencentro,IDOXEN 150MG 10CAPS LP DOLLDER,15.57158,,sin_match,sin_candidato
drovencentro,IDOXEN 75MG 30CAPS DOLLDER,30.02238,,sin_match,sin_candidato
drovencentro,ILANA 600MG 1OVULO VIVAX,7.056,,sin_match,sin_candidato
drovencentro,ILTUX 20MG 28COMP ADIUM,9.76774,,sin_match,sin_candidato
drovencentro,ILTUX 40MG 28COMP ADIUM,15.26306,,sin_match,sin_candidato
drovencentro,"ILTUX HCT 20MG/12,5MG 28COMP ADIUM",11.12126,,sin_match,sin_candidato
drovencentro,IMAZOL 100MG 6 OVULOS CAP BLANDA SIEGFRIED,3.5456,E.F.42.947,matched,score=0.895
drovencentro,IMAZOL 100MG 6CAPS BLAN VAG DUAL SIEGFRIED,5.236,E.F.42.947,matched,score=0.917
drovencentro,IMAZOL 500MG 1 CAP BLANDAS VAG SIEGFRIED,1.1112,E.F.42.948,matched,score=0.926
drovencentro,IMAZOL 500MG 10GR 1CAP BLAN VAG DUAL SIEGFRIED,2.596,E.F.42.948,matched,score=0.909
drovencentro,IMAZOL 6 TAB OVULOS VAGINALES SIEGFRIED,6.192,E.F.20.148,matched,score=0.741
drovencentro,IMAZOL CREMA 1% 20 GR SIEGFRIED,4.6208,E.F.42.947,matched,score=0.771
drovencentro,IMAZOL CREMA VAG 1% 50 GR SIEGFRIED,5.7188,E.F.42.948,matched,score=0.776
drovencentro,IMAZOL POLVO 1% 20 GR SIEGFRIED,2.556,E.F.30.271,matched,score=0.754
drovencentro,IMAZOL SOL 1% 20ML SIEGFRIED,4.2944,E.F.20.149,matched,score=0.761
drovencentro,IMAZOL SPRAY 1% SOL TOP 25ML SIEGFRIED,7.164,E.F.42.947,matched,score=0.551
drovencentro,IMIPENEN CILASTATINA 0.5G/0.5G IV 1 VIAL AMP VITALIS,20.92,,sin_match,sin_candidato
drovencentro,IMLASTIN 250/250MG  1 AMP IMIPEN-CILASTAT  ZUZU,13.6256,,sin_match,sin_candidato
drovencentro,IMMUNE SUPPORT 60 CAPS PREVENTUD,17.848,,sin_match,sin_candidato
drovencentro,IMOL 20MG 30COMP REC DOLLDER,5.7375,,sin_match,sin_candidato
drovencentro,IMOL 40MG 30COMP REC DOLLDER,10.55389,,sin_match,sin_candidato
drovencentro,"IMOL HCT 20MG-12,5MG 30COMP REC DOLLDER",9.32052,,sin_match,sin_candidato
drovencentro,"IMOL HCT 40MG-12,5MG 30COMP REC DOLLDER",10.63846,,sin_match,sin_candidato
drovencentro,INHILAC 100MCG/50MCG P/P INH 60CAPS+INH LETI,21.032,,sin_match,sin_candidato
drovencentro,INHILAC 250MCG/50MCG P/P INH 60CAPS+INH LETI,23.616,,sin_match,sin_candidato
drovencentro,INHILAC 500MCG/50MCG P/P INH 60CAPS+INH LETI,34.96,,sin_match,sin_candidato
drovencentro,INIBIL PANTOPRAZOL 20MG 14COMP DOLLDER,3.81156,,sin_match,sin_candidato
drovencentro,INMOVILIZADOR P/HOMBROS PED NIÑO FORMA ELASTICA,40.92,,sin_match,sin_candidato
drovencentro,INMUBIOTIC 60CAPS  ARCOIRIS,27.08,,sin_match,sin_candidato
drovencentro,INMUNEPLUS 30 CAPS PREVENTUD,22.152,,sin_match,sin_candidato
drovencentro,INMUNEPLUS 60 CAPS PREVENTUD,30.152,,sin_match,sin_candidato
drovencentro,INMUNEX PLUS VAINILLA 131G,8.552,,sin_match,sin_candidato
drovencentro,INMUNOLAB 555MG  70CAPS ABEJITA,10.302,,sin_match,sin_candidato
drovencentro,INMUNOLIFE 450MG 60CAPS WALIFE,8.0784,,sin_match,sin_candidato
drovencentro,INOSITOL 500MG 100CAPS NOW,21.56,,sin_match,sin_candidato
drovencentro,INTYLAC JABON LIQUIDO PARA ROPA INTIMA 400ML,8.4208,,sin_match,sin_candidato
drovencentro,INTYLACT ARANDANO  220ML JABON INTIMO,8.7552,,sin_match,sin_candidato
drovencentro,INTYLACT FLORAL 220ML JABON INTIMO,8.7552,,sin_match,sin_candidato
drovencentro,INTYLACT GEL HIDRATANTE  50ML,11.4912,,sin_match,sin_candidato
drovencentro,INTYLACT MANZANILLA  220ML JABON INTIMO,8.7552,,sin_match,sin_candidato
drovencentro,INTYLACT SIN FRAGANCIA 220ML JABON INTIMO,8.7552,,sin_match,sin_candidato
drovencentro,INTYLACT TH INTIMAS MANZANILLA 20UN,2.5916,,sin_match,sin_candidato
drovencentro,INTYPROB PROBIOTICOS  60CAP,46.208,,sin_match,sin_candidato
drovencentro,IODOPOVIDONA SPRAY 10%  30ML RECETTMARKET,2.26939,,sin_match,sin_candidato
drovencentro,IOFI 30TAB REC LAPROFF,19.656,,sin_match,sin_candidato
drovencentro,IOFI DHA + EPA 30CAP BLAN LAPROFF,19.656,,sin_match,sin_candidato
drovencentro,IPALAT 1% CREMA 20G COFASA,4.824,E.F.22.931,matched,score=0.783
drovencentro,IPATRIXAIR 20MCG AER INH 200DOSIS KLINOS,16.0072,,sin_match,sin_candidato
drovencentro,IPORET 40MG/ML 60ML OFTALMI,4.72,E.F.36.328,matched,score=0.937
drovencentro,IPROXIN 500MG 12TAB PLUSANDEX,5.38473,,sin_match,sin_candidato
drovencentro,IRBESARTAN 150MG  10TAB KMPLUS,3.14592,,sin_match,sin_candidato
drovencentro,IRBESARTAN 150MG 10 TAB MEDICAL GROUP,2.85568,,sin_match,sin_candidato
drovencentro,IRBESARTAN 150MG 10TAB LA SANTE,5.4576,,sin_match,sin_candidato
drovencentro,IRBESARTAN 150MG 28TAB CALOX,10.008,E.F.G.36.204,matched,score=0.905
drovencentro,IRBESARTAN 150MG 30TAB LA SANTE,9.4912,,sin_match,sin_candidato
drovencentro,IRBESARTAN 300MG 10TAB KMPLUS,4.67712,,sin_match,sin_candidato
drovencentro,IRBESARTAN 300MG 10TAB LA SANTE,7.106,,sin_match,sin_candidato
drovencentro,IRBESARTAN 300MG 10TAB MEDICAL GROUP,2.38232,,sin_match,sin_candidato
drovencentro,IRBESARTAN 300MG 28COMP REC  DOROPHARMA,23.55805,,sin_match,sin_candidato
drovencentro,IRBESARTAN 300MG 28TAB CALOX,17.92,E.F.G.35.908,matched,score=0.905
drovencentro,IRBESARTAN 300MG 30COMP SPEFAR,7.53744,E.F.G.42.456,matched,score=0.912
drovencentro,"IRBETIAZID 300MG/12,5MG 28TAB SIEGFRIED",28.6416,E.F.43.717,matched,score=0.901
drovencentro,IRGEM 150MG  30TAB IRBESARTAN GEMA LABS,8.824,E.F.43.610,matched,score=0.898
drovencentro,IRGEM 300MG  10TAB IRBESARTAN GEMA LABS,2.832,E.F.43.609,matched,score=0.898
drovencentro,IRGEM 300MG  30TAB IRBESARTAN GEMA LABS,6.744,E.F.43.609,matched,score=0.903
drovencentro,"IRGEM PLUS 300MG/12,5MG 30TAB IRBESARTAN/HCT  GEMA LABS",19.608,E.F.43.668,matched,score=0.917
drovencentro,ISBELA 2MG/0.035MG 21 G-TAB VIVAX,12.64,,sin_match,sin_candidato
drovencentro,"ISOSPRAY PLUS 0,15%/0,25% 120ML COLUTORIO",3.33312,E.F.39.925,matched,score=0.638
drovencentro,"ISOSPRAY PLUS 0,15%/0,25% 180ML COLUTORIO",3.7224,E.F.19.054,matched,score=0.731
drovencentro,ITISONA CREMA 30G PHARMETIQUE,7.0856,,sin_match,sin_candidato
drovencentro,ITRACONAZOL 100MG 10CAP FARMAMED,2.34184,,sin_match,sin_candidato
drovencentro,ITRACONAZOL 100MG 10CAPS ALESS,3.03202,,sin_match,sin_candidato
drovencentro,ITRASEC 33.33MG/166.6MG 12CAPS TIARES,11.2536,,sin_match,sin_candidato
drovencentro,IVAGAN FORTE 650/40/1MG 100TAB DISPENSADOR BIOTECH,15.7584,E.F.33.620,matched,score=0.722
drovencentro,IVANOVA 5MG  30TAB  ZORIAK IVABRADINA,12.18418,,sin_match,sin_candidato
drovencentro,IVARALAM 5MG  30TAB IVABRADINA UNIPHARMA,9.72,,sin_match,sin_candidato
drovencentro,IVERMECTINA 6MG  10TAB REMENY,2.84,,sin_match,sin_candidato
drovencentro,IVERMECTINA 6MG 4TAB CALOX,3.912,,sin_match,sin_candidato
drovencentro,IZABAN 10MG 30COMP REC LETI,22.8888,E.F.43.469,matched,score=0.885
drovencentro,IZABAN 25MG 30COMP REC LETI,41.072,E.F.44.047,matched,score=0.885
drovencentro,IZABAN DPP 10MG/5MG 30COMP REC LETI,43.9272,E.F.44.048,matched,score=0.909
drovencentro,IZABAN DPP 25/5MG 30COMP REC LETI,51.0336,E.F.44.047,matched,score=0.923
drovencentro,JABON AURORA 90GR ONCOVITA,3.08,,sin_match,sin_candidato
drovencentro,JABON BARRA 3PACK ANTIBACTERIAL 100GR RK,1.50496,,sin_match,sin_candidato
drovencentro,JABON BARRA 3PACK SURTIDAS 100GR RK,1.50496,,sin_match,sin_candidato
drovencentro,JABON BARRA DOVE KARITE Y VAINILLA 90GR DIMASSI,1.944,,sin_match,sin_candidato
drovencentro,JABON BARRA DOVE LECHE DE COCO/JAZMIN 90GR,1.944,,sin_match,sin_candidato
drovencentro,JABON BARRA DOVE ORIGINAL 90GR,1.944,,sin_match,sin_candidato
drovencentro,JABON BARRA GLICERINA AZUFRE 5% 75GR RK,2.17526,,sin_match,sin_candidato
drovencentro,JABON BARRA GLICERINA CON OZONO 75GR RK,2.17526,,sin_match,sin_candidato
drovencentro,JABON BARRA GLICERINA Y ZABILA 5% 75GR RK,2.17526,,sin_match,sin_candidato
drovencentro,"JABON BARRA GLICERINA,AVENA Y MANZANILLA 75GR RK",2.17526,,sin_match,sin_candidato
drovencentro,"JABON BARRA GLICERINA,AVENA Y MIEL 75GR RK",2.17526,,sin_match,sin_candidato
drovencentro,"JABON BARRA GLICERINA,CALENDULA,MANZANILLA Y ZABILA 75GR RK",2.17526,,sin_match,sin_candidato
drovencentro,JABON CONCHA DE NACAR 100GR SOE,2.464,,sin_match,sin_candidato
drovencentro,JALZER MET 50/850MG 30COMP REC ADIUM,14.16056,,sin_match,sin_candidato
drovencentro,JARABE DE BERRO 120 ML FARMAGENIK,3.2832,,sin_match,sin_candidato
drovencentro,JARABE LAMEDOR 120 ML.FARMAGENIK,3.3896,,sin_match,sin_candidato
drovencentro,JARIT 100MG 30CAPS VIVAX,35.2,,sin_match,sin_candidato
drovencentro,JENGIBRE CON MIEL JBE 120ML RECETTMARKET,4.10498,,sin_match,sin_candidato
drovencentro,JENGIBRE MIEL JBE 120ML ARCOIRIS,9.48,,sin_match,sin_candidato
drovencentro,JENGIBRE/BERRO JBE S/A 120ML RECETTMARKET,4.4871,,sin_match,sin_candidato
drovencentro,JENGIMIEL CURCUMA JARABE 120ML,6.656,,sin_match,sin_candidato
drovencentro,JENGIMIEL SABILA AD JARABE 120ML,6.656,,sin_match,sin_candidato
drovencentro,JERINGA DESCARTABLE 1ML 100UND LUER SLIP BRIUTCARE,15.5088,,sin_match,sin_candidato
drovencentro,JERINGA DESCARTABLE 3ML 100UND LUER LOCK BRIUTCARE,17.232,,sin_match,sin_candidato
drovencentro,JERINGA INSULINA DESECHABLE ESTERIL 1CC 100UND ITN,8.1852,,sin_match,sin_candidato
drovencentro,JOHNSONS BABY ACONDIC GOTAS BRILL 200ML DIVAR,5.472,,sin_match,sin_candidato
drovencentro,JOHNSONS BABY BAÑO LIQ PIE A CABEZ 400ML DIVAR,11.064,,sin_match,sin_candidato
drovencentro,JOHNSONS BABY CREMA LIQUIDA 200ML DIVAR,5.472,,sin_match,sin_candidato
drovencentro,JOHNSONS BABY CREMA PEINAR HIDR INTENS  200ML DIVAR,6.448,,sin_match,sin_candidato
drovencentro,JOHNSONS BABY SHAMPOO CABE/OSCURO 200ML DIVAR,5.472,,sin_match,sin_candidato
drovencentro,JOHNSONS BABY SHAMPOO CABE/OSCURO 400ML DIVAR,8.512,,sin_match,sin_candidato
drovencentro,JOHNSONS BABY SHAMPOO CABEL/OSC 100ML DIVAR,3.648,,sin_match,sin_candidato
drovencentro,JOHNSONS BABY SHAMPOO HIDRA/INTENSO 400ML DIVAR,8.512,,sin_match,sin_candidato
drovencentro,JOHNSONS BABY SHAMPOO MANZANILLA 100ML DIVAR,3.648,,sin_match,sin_candidato
drovencentro,JOHNSONS BABY SHAMPOO MANZANILLA 200ML DIVAR,5.472,,sin_match,sin_candidato
drovencentro,JOHNSONS BABY SHAMPOO MANZANILLA 400ML DIVAR,8.512,,sin_match,sin_candidato
drovencentro,JOHNSONS BABY SHAMPOO ORIGINAL GOLD 400ML DIVAR,8.512,,sin_match,sin_candidato
drovencentro,JUVILOC (OMEPRAZOL) 20 MG X 20 TAB (E),0.5184,,sin_match,sin_candidato
drovencentro,KANDU LOCION CORP ALOE Y TE VERDE 200ML.,3.624,,sin_match,sin_candidato
drovencentro,KAPET 75MG 30TAB REC SIEGFRIED,10.0776,E.F.35.154,matched,score=0.732
drovencentro,KASTDUO 10MG/5MG 20TABL MONTELUKAST LEVOCETIRIZINA DISKAM,9.568,,sin_match,sin_candidato
drovencentro,KATIVIL 1G/10ML SOL ORAL 120ML S/AZUCAR COFASA,4.504,E.F.33.435,matched,score=0.700
drovencentro,KATIVIL 1G/10ML SOL ORAL 240ML SIN AZUCAR COFASA,6.9692,E.F.33.435,matched,score=0.755
drovencentro,KATIVIL 1G/10ML SOL ORAL 90ML SIN AZUCAR COFASA,3.464,E.F.33.435,matched,score=0.757
drovencentro,KATRIN 30MG/ML SOL 3 AMP BEHRENS,6.9996,,sin_match,sin_candidato
drovencentro,KATY DISPLAY 24 PAQ PUIG,12.496,,sin_match,sin_candidato
drovencentro,KATY VAINILLA 4 PAQUETES 128G PUIG,2.08,,sin_match,sin_candidato
drovencentro,KAYIVIS 10% SOL 10ML VINCENTI,6.732,E.F.42.567,matched,score=0.765
drovencentro,KAZEPINA 100MG/ 5ML POLVO SUSP 60ML CEFIXIMA CLEO,3.208,,sin_match,sin_candidato
drovencentro,KELAC 30MG 4TAB SUBLINGUALES,2.152,E.F.30.748,matched,score=0.753
drovencentro,KELAC 30MG/ML  1 AMP KETOROLAC,3.6416,E.F.30.748,matched,score=0.763
drovencentro,KELAC SOL INY 30MG/ML 3AMP  3ML KLINOS,9.104,E.F.30.748,matched,score=0.759
drovencentro,KELFEN 100MG 20 COMP MEGALABS,5.2292,E.F.28.589,matched,score=0.782
drovencentro,KELFEN 50MG  10CAPS KLINOS,3.3456,E.F.31.304,matched,score=0.896
drovencentro,KELOR 100MG 10CAP BLANDAS KETOPROFENO SIEGFRIED,2.1488,,sin_match,sin_candidato
drovencentro,KELOR 100MG 20CAP BLAN KETOPROFENO SIEGFRIED,3.544,,sin_match,sin_candidato
drovencentro,KEMAGEL AMORPHOUS 30G 1 TUBO,5.704,,sin_match,sin_candidato
drovencentro,KEMAGEL SILICONE 30G/ 1TUBO,39.224,,sin_match,sin_candidato
drovencentro,KEPPRA 1000MG 30TAB REC FARMA,55.37682,,sin_match,sin_candidato
drovencentro,KEPPRA 100MG/ML SOL ORAL 300ML FARMA,64.5507,,sin_match,sin_candidato
drovencentro,KEPPRA 500MG 30TAB REC FARMA,31.69155,,sin_match,sin_candidato
drovencentro,KEPRORET 1MG/ML 120ML SOL ORAL OFTALMI,7.056,E.F.41.404,matched,score=0.939
drovencentro,KERATIUM  60CAPS NATURAL P,4.02517,,sin_match,sin_candidato
drovencentro,KETAZOL 400 MG. 3 OVULOS VAG.,11.1744,E.F.25.867,matched,score=0.794
drovencentro,KETAZOL CHAMPU X 60 ML.,12.6144,E.F.25.621,matched,score=0.737
drovencentro,KETAZOL CREMA X 15 GR,3.9744,E.F.25.126,matched,score=0.738
drovencentro,KETOBLUX 100MG/2ML  10AMP KETOPROFENO BLUE MEDICAL,24.256,,sin_match,sin_candidato
drovencentro,KETOCONAZOL 2% CHAMPU 100ML TIARES,9.3024,,sin_match,sin_candidato
drovencentro,KETOCONAZOL 2% CR 20GR MEDICAL GROUP,1.96328,,sin_match,sin_candidato
drovencentro,KETOCONAZOL 2% CR TOP 30GR TIARES,2.7936,,sin_match,sin_candidato
drovencentro,KETOCONAZOL 2% CREMA 20GR PORTUGAL,1.75296,,sin_match,sin_candidato
drovencentro,KETOCONAZOL 400MG 3 OVULOS FAHD,5.1224,,sin_match,sin_candidato
drovencentro,KETODEX 100MG 10TAB PLUSANDEX,3.00476,,sin_match,sin_candidato
drovencentro,KETOGEL 2% CREMA 30GR KETOPROFENO TIARES,3.9888,,sin_match,sin_candidato
drovencentro,KETOMED CHAMPU  100ML,25.232,,sin_match,sin_candidato
drovencentro,KETOPROFENO 100MG  10 TAB  MEDICAL GROUP,2.32024,,sin_match,sin_candidato
drovencentro,KETOPROFENO 100MG 10AMP IV/ IM TIARES,18.1296,,sin_match,sin_candidato
drovencentro,KETOPROFENO 100MG 10CAP ADN MEDICAL,1.7856,,sin_match,sin_candidato
drovencentro,KETOPROFENO 100MG 10CAP LETI,2.416,E.F.G.33.101,matched,score=0.913
drovencentro,KETOPROFENO 100MG 10CAPS CALOX,3.088,E.F.G.35.019,matched,score=0.929
drovencentro,KETOPROFENO 100MG 10COMP SPEFAR,4.1472,E.F.G.32.070,matched,score=0.906
drovencentro,KETOPROFENO 100MG 10TAB COFASA,2.752,E.F.G.30.273,matched,score=0.909
drovencentro,KETOPROFENO 100MG 10TAB LP KRUFEN MEDVAL,2.144,,sin_match,sin_candidato
drovencentro,KETOPROFENO 100MG 10TAB REC PLUSANDEX,2.24576,,sin_match,sin_candidato
drovencentro,KETOPROFENO 100MG 20CAP LETI,4.8,E.F.G.33.101,matched,score=0.903
drovencentro,KETOPROFENO 100MG 20CAPS CALOX,4.576,E.F.G.35.019,matched,score=0.923
drovencentro,KETOPROFENO 100MG 20CAPS LA SANTE,4.4032,,sin_match,sin_candidato
drovencentro,KETOPROFENO 100MG 20TAB REC PLUSANDEX,4.13985,,sin_match,sin_candidato
drovencentro,KETOPROFENO 100MG/2ML 1 AMP  COFASA,3.048,E.F.G.30.273,matched,score=0.904
drovencentro,KETOPROFENO 100MG/2ML SOL INY 2 LETI,6.28,E.F.G.33.101,matched,score=0.920
drovencentro,KETOPROFENO 2.5%  GEL 50GR DISTRILAB,3.73584,,sin_match,sin_candidato
drovencentro,KETOREL 30MG 4COMP ORODISP LETI,3.232,E.F.42.483,matched,score=0.902
drovencentro,KETOROLAC 10MG 20COMP SPEFAR,3.56208,E.F.G.36.355,matched,score=0.890
drovencentro,KETOROLAC 20MG 10COMP SPEFAR,3.52928,E.F.G.36.886,matched,score=0.893
drovencentro,KETOROLACO  20MG   10CAPS BLAN BIOGLASS,3.704,,sin_match,sin_candidato
drovencentro,KETOROLACO 30MG 4TAB SUB LA SANTE,3.6312,,sin_match,sin_candidato
drovencentro,KETOROLACO 30MG/1ML IM/IV 10 AMP BIOGLASS,12.136,,sin_match,sin_candidato
drovencentro,KETOROLACO 30MG/1ML IV/IM AMP BIOSANO,1.216,,sin_match,sin_candidato
drovencentro,KETOROLACO 30MG/ML IM/IV 10AMP GLOBAL MEDIC,15.264,,sin_match,sin_candidato
drovencentro,KETOROLACO 30MG/ML INY  IM/IV  10AMP KMPLUS,9.4464,,sin_match,sin_candidato
drovencentro,KETOROLACO 30MG/ML SOL INY  3AMP ONEMER MEDVAL,3.7848,,sin_match,sin_candidato
drovencentro,KETOROLACO IM/IV 30MG/ML X 10 AMP ADN,9.7776,,sin_match,sin_candidato
drovencentro,KETOROLACO TROMETAMINA 20MG  10TAB FARMAMED,1.29582,,sin_match,sin_candidato
drovencentro,KETOVEN 2% CR 30GR SOTO GLOBAL,3.1248,,sin_match,sin_candidato
drovencentro,KEYDOL 400MG/4MG  10COMP REC MEGALABS,3.0328,E.F.43.754,matched,score=0.899
drovencentro,KEYDOL 400MG/4MG  20COMP REC MEGALABS,4.8144,E.F.43.754,matched,score=0.899
drovencentro,KEYDOL 600MG/4MG  20COMP  REC MEGALABS,6.8,E.F.43.753,matched,score=0.899
drovencentro,KEYDOL 600MG/4MG 10COMP REC MEGALABS,4.08,E.F.43.753,matched,score=0.899
drovencentro,KHAM DETERGENTE GALON,7.296,,sin_match,sin_candidato
drovencentro,KIT MULTIVITAMINICO BIOGLASS,9.688,,sin_match,sin_candidato
drovencentro,KIT NEBULIZACION PEDIATRICO HOSPITALARIO PRIMA SALUD,2.56,,sin_match,sin_candidato
drovencentro,KLAS 100MG 20CAPS ELMOR,2.9008,,sin_match,sin_candidato
drovencentro,KLAS 100MG/10ML JB 60ML ELMOR,2.6264,,sin_match,sin_candidato
drovencentro,KLAS JARABE 100MG/10ML 120ML ELMOR,3.62992,,sin_match,sin_candidato
drovencentro,KLINCOSAL FRESA 30TAB MASTICABLE KLINOS,5.0776,E.F.40.973,matched,score=0.642
drovencentro,KLINCOSAL SUSP SABOR FRESA 180ML,7.3236,E.F.42.263,matched,score=0.702
drovencentro,KLINCOSAL SUSP SABOR UVA 180ML,7.3236,E.F.42.264,matched,score=0.702
drovencentro,KLINCOSAL UVA 30TAB MASTICABLE KLINOS,7.3856,E.F.40.973,matched,score=0.672
drovencentro,KOENZYM Q10 100MG 30CAP BLAND DOLLY,13.56733,,sin_match,sin_candidato
drovencentro,KOLNASI 500MG 30COMP SNC,23.08574,,sin_match,sin_candidato
drovencentro,"KOLZIDE 0,25MG 30COMP SNC",2.72059,,sin_match,sin_candidato
drovencentro,KOLZIDE 1MG 30COMP SNC,3.45438,,sin_match,sin_candidato
drovencentro,KOTEX LINER PROTECTOR DIARIO IND PH 15UND DIMASSI,1.552,,sin_match,sin_candidato
drovencentro,KOTEX LINER ULTRA FLEX 15UND DIMASSI,1.616,,sin_match,sin_candidato
drovencentro,KOTEX TOALLA FEM FITNESS UF 10UND DIMASSI,1.9856,,sin_match,sin_candidato
drovencentro,KOTEX TOALLA FEM UF PURE 10UND DIMASSI,2.0264,,sin_match,sin_candidato
drovencentro,KOTEX TOALLAS FEM DISCRETA 10UND DIMASSI,1.9728,,sin_match,sin_candidato
drovencentro,KOTEX TOALLAS FEM ESENCIAL C/ALAS 8UND DIMASSI,1.168,,sin_match,sin_candidato
drovencentro,KOTEX TOALLAS FEM NOCTURNA 8UND DIMASSI,2.3808,,sin_match,sin_candidato
drovencentro,KOTEX TOALLAS FEM NORMAL DIURNA 10UND DIMASSI,1.6832,,sin_match,sin_candidato
drovencentro,L-ARGININA  60TAB FITOSANA,7.9744,,sin_match,sin_candidato
drovencentro,L-ARGININA 1000MG  60CAPS WALIFE,8.7856,,sin_match,sin_candidato
drovencentro,L-ARGININA PLUS L-CITRULINA 500/250MG 30CAP VAL,11.3696,,sin_match,sin_candidato
drovencentro,L-ARGININE 500MG 100CAP NOW,21.44,,sin_match,sin_candidato
drovencentro,L-CARNITINA 1000MG  60CAPS WALIFE,8.7856,,sin_match,sin_candidato
drovencentro,L-CARNITINA 1GR/10ML SOL ORAL 120ML FC PHARMA,6.1488,,sin_match,sin_candidato
drovencentro,L-CARNITINA 500MG 30CAPS VAL,13.7712,,sin_match,sin_candidato
drovencentro,L-CARNITINA 60CAPS BLAN ARCOIRIS,15.384,,sin_match,sin_candidato
drovencentro,L-CARNITINE  30CAPS NATURISTIK,7.66656,,sin_match,sin_candidato
drovencentro,L-CARNITINE  60CAPS NATURISTIK,10.17984,,sin_match,sin_candidato
drovencentro,L-CARNITINE 50 CAPS  NATURLIFES,6.768,,sin_match,sin_candidato
drovencentro,L-GLUTAMINA 500MG  60CAPS WALIFE,7.1128,,sin_match,sin_candidato
drovencentro,L-GLUTAMINA+VITAMINA B12 60CAPS HERBAPLANT,9.3092,,sin_match,sin_candidato
drovencentro,L-GLUTAMINA 500MG 30CAP VAL,9.1808,,sin_match,sin_candidato
drovencentro,L-GLUTAMINE 500MG 50CAPS NATURLIFES,6.768,,sin_match,sin_candidato
drovencentro,LA CAMPESINA LECHE C/HIERRO 800G,13.50832,,sin_match,sin_candidato
drovencentro,LACRIDOS 1%/3%/1 SOL OFT LAGRIMAS ARTIF 15ML OFTALMI,7.792,,sin_match,sin_candidato
drovencentro,LACRIFORT 0.1%/0.3% SOLUCION 15ML OFTALMI,9.68,,sin_match,sin_candidato
drovencentro,LACTBET 3000 U  10CAPS BIOTECH,3.1236,E.F.36.925,matched,score=0.786
drovencentro,LACTBET 3000 U  20CAPS BIOTECH,6.194,E.F.36.925,matched,score=0.786
drovencentro,LACTIBON FEM LOCION 240ML MEDIHEALTH,19.76,E.F.G.3.187,matched,score=0.619
drovencentro,LACTIBON PH 3.5 LOCION LIMP 120ML,11.3392,E.F.36.631,matched,score=0.626
drovencentro,LACTIBON SYNDET PH 3.5 BARRA 120G,12.1824,E.F.36.631,matched,score=0.619
drovencentro,LACTOBACILLUS ACIDOPHILUS 108UFC/G  6 OV SAN LORENZO,10.464,,sin_match,sin_candidato
drovencentro,LACTULOSA SOLUCION ORAL 240ML LACTULOSA,12.01797,,sin_match,sin_candidato
drovencentro,LAFARCAINA MIEL-LIMON 16PAST ELMOR,3.2928,E.F.16.175,matched,score=0.725
drovencentro,"LAFARCAINA NARANJA 2/1,5MG 16TAB ELMOR",3.51232,E.F.16.175,matched,score=0.919
drovencentro,LAFARCAINA TUTTI FRUTT 16PAST ELMOR,3.2928,E.F.16.175,matched,score=0.768
drovencentro,LAGEMIN  25MG  30TAB DISP LAMOTRIGINA GEMA LABS,3.664,E.F.43.612,matched,score=0.893
drovencentro,LAGEMIN  50MG  30TAB DISP LAMOTRIGINA GEMA LABS,3.656,E.F.43.611,matched,score=0.893
drovencentro,LAGEMIN 100MG  10TAB DISP LAMOTRIGINA GEMA LABS,2.44,E.F.43.637,matched,score=0.900
drovencentro,LAGEMIN 100MG  30TAB DISP LAMOTRIGINA GEMA LABS,5.504,E.F.43.637,matched,score=0.896
drovencentro,LAGEMIN 50MG  10TAB DISP LAMOTRIGINA GEMA LABS,0.676,E.F.43.611,matched,score=0.893
drovencentro,LAMEDOR JBE AD 120ML RECETTMARKET,4.55794,,sin_match,sin_candidato
drovencentro,LAMEDOR JBE ADULTO S/A 120ML RECETTMARKET,3.7919,,sin_match,sin_candidato
drovencentro,LAMEDOR JBE PED 120ML RECETTMARKET,3.80772,,sin_match,sin_candidato
drovencentro,LAMEDOR JBE PEDIATRICO S/A 120ML RECETTMARKET,3.22312,,sin_match,sin_candidato
drovencentro,LAMEDOR/ZABILA JBE PED 120ML RECETTMARKET,4.32439,,sin_match,sin_candidato
drovencentro,LAMICTAL 100MG 30TAB DISPER FARMA,29.52318,,sin_match,sin_candidato
drovencentro,LAMICTAL 25MG 30TAB DISPERS FARMA,12.42642,,sin_match,sin_candidato
drovencentro,LAMICTAL 50MG 30TAB MAST FARMA,7.6727,,sin_match,sin_candidato
drovencentro,LAMOGIN  100MG 10BLIST 10TAB LAMOTRIGINA DROVENCA,18.464,,sin_match,sin_candidato
drovencentro,LAMOTRIGINA 100MG  30TAB OB MEDICAL.,6.27072,,sin_match,sin_candidato
drovencentro,LAMOTRIGINA 100MG 10TAB GEAGAR,2.312,,sin_match,sin_candidato
drovencentro,"LANCERAN 2,6 MG/ML GOTAS 30ML BIOQUIMICA",3.4732,,sin_match,sin_candidato
drovencentro,LANCERAN 5MG/5ML JBE 120ML BIOQUIMICA,3.9368,,sin_match,sin_candidato
drovencentro,LANCETERO GENERAL ELECTRIC,5.53768,,sin_match,sin_candidato
drovencentro,LANOL-ZINC POMADA 60GR VALMORCA,7.3416,,sin_match,sin_candidato
drovencentro,LANOLZINC 30GR POMADA VALMORCA,4.1952,E.F.6.400,matched,score=0.763
drovencentro,LANSOPRAZOL 30MG 28CAPS CALOX,7.24,E.F.G.28.874,matched,score=0.906
drovencentro,LANTUS INSULINA 100UI /ML VIAL 10ML,50.288,,sin_match,sin_candidato
drovencentro,LANTUS SOLOSTAR 100UI/ML CARTUCHO 3ML,44.528,,sin_match,sin_candidato
drovencentro,LASIX 20MG  24COMP CALOX,8.232,E.F.23.146,matched,score=0.904
drovencentro,LASIX 40 MG 12 COMP MCK,5.12,,sin_match,sin_candidato
drovencentro,"LATACOF 0,005% SOL OFT 2.5ML COFASA",13.96,,sin_match,sin_candidato
drovencentro,"LATACOF DUO 0,005%/0,5% SOL OFTAL  2.5ML COFASA",11.568,,sin_match,sin_candidato
drovencentro,LAXAPRO 10 G/15 ML SOL 250 ML ARTE MEDICO,11.544,,sin_match,sin_candidato
drovencentro,LECART 1G/10ML 60ML SIEGFRIED,6.1484,E.F.40.013,matched,score=0.909
drovencentro,LECHE CONDESADA 395G NESTLE,3.81024,,sin_match,sin_candidato
drovencentro,LECHE DE MAGNESIA 220 ML FARMAGENIK,5.282,,sin_match,sin_candidato
drovencentro,LECHE NAN EXPERTPRO SOYA 800GR,30.43488,,sin_match,sin_candidato
drovencentro,LECHE NAN HA EXPERT PRO  400G,19.26288,,sin_match,sin_candidato
drovencentro,LECHE NAN OPTIPRO 0 A 6 MESES  5HMO 400G,17.02064,,sin_match,sin_candidato
drovencentro,LECHE NAN OPTIPRO 3 800G,24.576,,sin_match,sin_candidato
drovencentro,LECHE NAN OPTIPRO HMO2 400G,15.5232,,sin_match,sin_candidato
drovencentro,LECHE NAN PREMATUROS DS200 400G,20.39968,,sin_match,sin_candidato
drovencentro,LECHE NAN SIN LACTOSA 400G,18.39264,,sin_match,sin_candidato
drovencentro,LECHE NIDO FORTICRECE 800G NESTLE,15.65648,,sin_match,sin_candidato
drovencentro,LECITHIN 1200MG 100CAP NOW,17.7208,,sin_match,sin_candidato
drovencentro,LECITHIN 1200MG 60 SOFTGELS NATURAL SYSTEMS,22.2848,,sin_match,sin_candidato
drovencentro,LEOVAL 500MG 30TABL  LEVETIRACETAM FC PHARMA,15.12,,sin_match,sin_candidato
drovencentro,LEPRIT 25MG 30TAB PHARMETIQUE,6.7184,,sin_match,sin_candidato
drovencentro,LEPTAZINE 10MG   24COMP,6.5892,E.F.17.826,matched,score=0.912
drovencentro,LEPTAZINE 5MG  30COMP,5.2056,E.F.16.386,matched,score=0.923
drovencentro,LERCANIDIPINA 10MG 30 TAB REC NICARLE GREEN PHARMA,6.78719,,sin_match,sin_candidato
drovencentro,LERCANIDIPINA 20MG 30COMP REC VARGAS,16.236,E.F.G.44.041,matched,score=0.844
drovencentro,LERCANIDIPINA 20MG 30TAB LECARDUNI UNIPHARMA,12.16,,sin_match,sin_candidato
drovencentro,LERCANIDIPINA 20MG 30TAB PRICARNID DROVENCA,11.08,,sin_match,sin_candidato
drovencentro,LERCANIDIPINO 10MG 30TAB REC CALOX,11.992,,sin_match,sin_candidato
drovencentro,LERCANIDIPINO 20MG 30TAB REC  CALOX,23.568,,sin_match,sin_candidato
drovencentro,LESTECOL 20MG 30TAB REC BIOTECH,4.68,E.F.37.396,matched,score=0.896
drovencentro,LESTECOL 40MG 30TAB REC BIOTECH,7.504,,sin_match,sin_candidato
drovencentro,LETALOP 100MG 30COMP SNC,7.33345,,sin_match,sin_candidato
drovencentro,LETALOP 200MG 30COMP SNC,8.44178,,sin_match,sin_candidato
drovencentro,LETALOP 25MG 30COMP SNC,5.30091,,sin_match,sin_candidato
drovencentro,LETISAN 1000MG  30COMP REC LETI,8.592,,sin_match,sin_candidato
drovencentro,LETISAN 500MG 10CAPS LETI,3.0744,,sin_match,sin_candidato
drovencentro,LETISAN 500MG 10TAB MAST SAB UVA LETI,0.72,E.F.38.543,matched,score=0.926
drovencentro,LETISAN 500MG 30CAPS LETI,8.5064,,sin_match,sin_candidato
drovencentro,LETISAN GOTAS 20ML GENVEN,6.97872,E.F.44.036,matched,score=0.521
drovencentro,LETISAN JARABE 120ML GENVEN,7.18928,E.F.44.036,matched,score=0.523
drovencentro,"LETROZOL 2,5MG 30 TABL REC MT GLOBAL CARE",7.04256,,sin_match,sin_candidato
drovencentro,LEVADURA DE CERVEZA 60CAPS ARCOIRIS,12.92,,sin_match,sin_candidato
drovencentro,LEVADURA DE CERVEZA 60TAB FITOSANA,7.2448,,sin_match,sin_candidato
drovencentro,LEVADURA DE CERVEZA 70CAPS ABEJITA,8.568,,sin_match,sin_candidato
drovencentro,LEVAMOX 750MG 10TAB FC PHARMA LEVOFLOXACINA,11.816,,sin_match,sin_candidato
drovencentro,LEVETIRACETAM 1000MG 30TAB LEVETUNI,13.352,,sin_match,sin_candidato
drovencentro,LEVETIRACETAM 500MG 10 TABL KMPLUS,3.50088,,sin_match,sin_candidato
drovencentro,LEVOCETIRICINA 5MG 10TAB LA SANTE,4.0528,,sin_match,sin_candidato
drovencentro,LEVODROPROPIZINA 30MG/5ML SOL ORAL 100ML BIUMAK,2.8644,,sin_match,sin_candidato
drovencentro,LEVOFERIN 30MG/5ML SOL 90ML VINCENTI,7.392,,sin_match,sin_candidato
drovencentro,LEVOFLOXACINA  500MG/100ML SOL INY DISTRILAB,2.37248,,sin_match,sin_candidato
drovencentro,LEVOFLOXACINA 500MG  10COMP REC LETI,11.056,E.F.G.32.188,matched,score=0.891
drovencentro,LEVOFLOXACINA 500MG  10TAB DISTRILAB,4.45312,,sin_match,sin_candidato
drovencentro,LEVOFLOXACINA 500MG 10TAB BLUE MEDICAL,6.808,,sin_match,sin_candidato
drovencentro,LEVOFLOXACINA 500MG 10TAB REMENY,5.208,,sin_match,sin_candidato
drovencentro,LEVOFLOXACINA 500MG 5TAB ADN,2.6928,,sin_match,sin_candidato
drovencentro,LEVOFLOXACINA 500MG/100ML SOL INYEC BLUE MEDICAL,1.344,,sin_match,sin_candidato
drovencentro,LEVOFLOXACINA 750MG 10TAB DISTRILAB,9.30608,,sin_match,sin_candidato
drovencentro,LEVOFLOXACINA 750MG 5TAB ADN,4.3776,,sin_match,sin_candidato
drovencentro,LEVOFLOXACINO 500MG 10TAB REC CALOX,12.312,E.F.G.27.827,matched,score=0.703
drovencentro,LEVOFLOXACINO 500MG 5TAB CALOX,5.336,E.F.G.27.827,matched,score=0.746
drovencentro,LEVOFLOXACINO 750MG 5TAB CALOX,10.192,,sin_match,sin_candidato
drovencentro,"LEVONORGESTREL 0,75MG 2TAB MEDICAL CARE",1.784,,sin_match,sin_candidato
drovencentro,"LEVONORGESTREL 1,5MG  1 TAB GEAGAR",2.304,,sin_match,sin_candidato
drovencentro,"LEVONORGESTREL 1,5MG 1 TAB MEDICAL GROUP",2.37456,,sin_match,sin_candidato
drovencentro,"LEVONORGESTREL 1,5MG 1TAB TIARES",3.2184,,sin_match,sin_candidato
drovencentro,"LEVONORGESTREL ETINILESTRA 0,03MG/0,15MG   21TAB REC OVEROL",5.04,,sin_match,sin_candidato
drovencentro,"LEVONORGESTREL-ETINILESTRADIOL (NORDUNI) 0,15/0,03MG 21 TAB",2.032,,sin_match,sin_candidato
drovencentro,LEVOPRIDE 25MG 30COMP FC PHARMA,6.336,,sin_match,sin_candidato
drovencentro,LEVORAT 5MG 10TAB REC OFTALMI,5.496,E.F.42.231,matched,score=0.902
drovencentro,LEVORAT 5MG/ML SOL ORAL 30ML OFTALMI,6.824,E.F.42.231,matched,score=0.942
drovencentro,LEVOSULPIRIDA 25MG  30TAB CALOX,5.76,E.F.G.43.890,matched,score=0.900
drovencentro,LEVOSULPIRIDE 25MG 30TAB LA SANTE,5.7816,,sin_match,sin_candidato
drovencentro,LEVOTEC 750MG 150ML BEHRENS,9.7508,E.F.36.034,matched,score=0.758
drovencentro,LEVOTIROXINA 100MCG  30TAB  ZUZU,7.384,,sin_match,sin_candidato
drovencentro,LEVOTIROXINA 100MCG 50TAB ALESS,5.16068,,sin_match,sin_candidato
drovencentro,LEVOTIROXINA 25MCG 10TAB REMENY,1.4016,,sin_match,sin_candidato
drovencentro,LEVOTIROXINA 50MCG 50TAB ALESS,4.26184,,sin_match,sin_candidato
drovencentro,LEVOTIROXINA SODICA 100MCG  10TAB DISTRILAB,2.64208,,sin_match,sin_candidato
drovencentro,"LIBERDUX 2,5/5ML JBE 60ML SIEGFRIED",5.004,E.F.43.146,matched,score=0.887
drovencentro,"LIBERDUX 2,5/5ML SOL 60ML SIEGFRIED",2.74,E.F.43.146,matched,score=0.884
drovencentro,LIDOCAINA 2% ADRENALINA 1:80.000 50AMP TIARES,40.7664,,sin_match,sin_candidato
drovencentro,LIDOCAINA 2% GEL 35GR TIARES,5.7816,,sin_match,sin_candidato
drovencentro,LIDOCAINA 5% GEL 30R MEDICAL GROUP,3.81016,,sin_match,sin_candidato
drovencentro,LIMOLAX(PURGANTE) 250ML.FARMAGENIK,4.7348,,sin_match,sin_candidato
drovencentro,LIMON TV TUBULAR 90 GR PUIG,0.88,,sin_match,sin_candidato
drovencentro,LINAZA 500MG  30CAPS HERBAPLANT,5.7664,,sin_match,sin_candidato
drovencentro,LINAZA 500MG  60CAPS HERBAPLANT,6.8,,sin_match,sin_candidato
drovencentro,LINEZID 600MG/300ML 2MG SOL INF BEHRENS,18.9772,,sin_match,sin_candidato
drovencentro,LINEZOLID LINEPRA 2MG/ML 300ML INTRAVENOSA ADN,5.1984,,sin_match,sin_candidato
drovencentro,LIPAZIL 60CAPS  NATURLIFES,11.448,,sin_match,sin_candidato
drovencentro,LIPEND 10MG  30COMP LERCANIDIPINA FC P,14.8288,,sin_match,sin_candidato
drovencentro,LIPEND 20MG 30COMP LERCANIDIPINA FC P,16.7904,,sin_match,sin_candidato
drovencentro,LIPIMET 850MG 10TAB  10BLISTER METFORMINA DROVENCA,11.08,,sin_match,sin_candidato
drovencentro,LIPO 2 FAT BURNER 750MG 60CAP PHARMACORP,16.736,,sin_match,sin_candidato
drovencentro,LIPONTAL 900MG 10TAB SIEGFRIED,9.1152,E.F.28.540,matched,score=0.721
drovencentro,LIPRIL 10MG 30COMP LISINOPRIL ALESS,7.96962,,sin_match,sin_candidato
drovencentro,LISILET 10MG 30COMP LETI,32.64,E.F.26.675,matched,score=0.898
drovencentro,LISILETIC 20MG/12.5MG 30COMP LETI,43.096,,sin_match,sin_candidato
drovencentro,LISIN-BE JBE 120ML BIOTECH,4.744,,sin_match,sin_candidato
drovencentro,LISINORVA 10MG  30TAB LISINOPLIL UNIPHARMA,8.096,,sin_match,sin_candidato
drovencentro,LISOMUCIN  8MG JARABE 120ML,2.9488,,sin_match,sin_candidato
drovencentro,LISOMUCIN 4MG/5ML  JBE 120ML POLINAC,2.9488,,sin_match,sin_candidato
drovencentro,LITONATE 1% CREMA 15GR BIOTECH,6.56208,,sin_match,sin_candidato
drovencentro,LITONATE 2%  POLVO  BIOTECH,12.13728,,sin_match,sin_candidato
drovencentro,LITONATE 30MG 30TAB BIOTECH,9.52776,,sin_match,sin_candidato
drovencentro,LOBEDRIN 6MG/ML SOL ORAL 120 DOSIS SPEFAR,6.856,E.F.43.371,matched,score=0.911
drovencentro,LOCERYL LACA 5% X 2.5ML,19.69226,,sin_match,sin_candidato
drovencentro,LOCION LIMPIADORA 110ML FARMAGENIK (AGUA DE ROSAS AC SALICILICO),4.9096,,sin_match,sin_candidato
drovencentro,LOCION MC ANTI-ACNE 110ML FARMAGENIK,5.13,,sin_match,sin_candidato
drovencentro,LOCION REFRES PIES SPRAY UREA 6% 240ML URIFOOT COHER,7.424,,sin_match,sin_candidato
drovencentro,LOCION TRICOPEL CONTROL CAIDA 140ML.FAR,5.624,,sin_match,sin_candidato
drovencentro,LODESTAR 100MG 30TAB REC VALMORCA,3.8012,E.F.43.571,matched,score=0.892
drovencentro,LODESTAR 50MG 30TAB REC VALMORCA,2.7976,E.F.41.446,matched,score=0.888
drovencentro,LODIPIN 10MG  30COMP ROEMMERS,4.4288,E.F.41.901,matched,score=0.748
drovencentro,LODIPIN 10MG 10COMP KLINOS,2.0672,E.F.41.901,matched,score=0.755
drovencentro,LOGANIL 250MG/5ML JBE ADULTO 120ML BIOTECH,4.45184,,sin_match,sin_candidato
drovencentro,LOKARIN JARABE 60ML BIOTECH,4.408,,sin_match,sin_candidato
drovencentro,LONAC-50 50MG 10SUPOSITORIOS TIARES,4.7232,,sin_match,sin_candidato
drovencentro,LONGACEF 400MG 5CAP GENVEN,30.624,E.F.39.217,matched,score=0.905
drovencentro,LONGACEF P/P SUSP 100MG/5ML 60ML GENVEN,20.556,E.F.27.475,matched,score=0.899
drovencentro,LONIFIN 30MG 14TAB NIFEDIPINA  ADN,1.2816,,sin_match,sin_candidato
drovencentro,LOPERAM 2MG 10TAB,3.1464,E.F.22.142,matched,score=0.928
drovencentro,LOPERAM 2MG 50BLISTER 4TAB DISP,63.8712,E.F.22.142,matched,score=0.890
drovencentro,LOPERAMIDA  2MG 10TAB KMPLUS,1.33352,,sin_match,sin_candidato
drovencentro,LOPERAMIDA 2MG  10TAB ARTE MEDICO,1.008,,sin_match,sin_candidato
drovencentro,LOPERAMIDA 2MG  10TAB BIOQUIMICA,2.7968,,sin_match,sin_candidato
drovencentro,LOPERAMIDA 2MG  10TAB GEAGAR,2.4,,sin_match,sin_candidato
drovencentro,LOPERAMIDA 2MG 100TAB PORTUGAL,6.328,,sin_match,sin_candidato
drovencentro,LOPERAMIDA 2MG 10BLISTER 10TAB  BALAXI,4.5504,,sin_match,sin_candidato
drovencentro,LOPERAMIDA 2MG 10COMP SPEFAR,3.31936,E.F.G.43.709,matched,score=0.757
drovencentro,LOPERAMIDA CLORHIDRATO 2MG  6TABL LAPROFF,40.9488,,sin_match,sin_candidato
drovencentro,LORACERT 5MG/60MG/5ML JARABE 60ML PHARMETIQUE,5.3448,,sin_match,sin_candidato
drovencentro,LORADEX 10MG 10TAB PLUSANDEX,0.96399,,sin_match,sin_candidato
drovencentro,LORADEX 1MG/ML JBE 60ML PLUSANDEX,2.24877,,sin_match,sin_candidato
drovencentro,LORAMAX 10MG 10TAB 10BLIS LORATADINA SUPLIMEDIC,8.616,,sin_match,sin_candidato
drovencentro,LORATADINA - AMBROXOL CLORH 5MG/30MG 10TAB KIMICEG,2.9216,E.F.G.43.383,matched,score=0.919
drovencentro,LORATADINA 10MG  10TAB COASPHARMA,1.104,,sin_match,sin_candidato
drovencentro,LORATADINA 10MG  40BLISTER 10TABL LAPROFF,31.696,,sin_match,sin_candidato
drovencentro,LORATADINA 10MG 10COMP LETI,1.208,E.F.G.28.127,matched,score=0.907
drovencentro,LORATADINA 10MG 10COMP SPEFAR,3.09632,E.F.G.29.812,matched,score=0.897
drovencentro,LORATADINA 10MG 10TAB BIOQUIMICA,1.6112,,sin_match,sin_candidato
drovencentro,LORATADINA 10MG 10TAB CALOX,1.344,E.F.G.27.529,matched,score=0.908
drovencentro,LORATADINA 10MG 10TAB LA SANTE,1.376,,sin_match,sin_candidato
drovencentro,LORATADINA 10MG 20TAB LA SANTE,2.4448,,sin_match,sin_candidato
drovencentro,LORATADINA 1MG/ML JARABE 60ML SPEFAR,4.64,E.F.G.30.034,matched,score=0.942
drovencentro,LORATADINA 1MG/ML JBE 60ML BIOQUIMICA,2.628,,sin_match,sin_candidato
drovencentro,LORATADINA 1MG/ML SOL ORAL 60ML OFTALMI,4.928,E.F.G.43.559,matched,score=0.627
drovencentro,LORATADINA 5MG JBE 60ML PROTIDINE DROVENCA,2.032,,sin_match,sin_candidato
drovencentro,LORATADINA 5MG/5ML  SOL ORAL 60ML ALESS,1.11646,,sin_match,sin_candidato
drovencentro,LORATADINA 5MG/5ML JBE  100ML LAPROFF,3.176,,sin_match,sin_candidato
drovencentro,LORATADINA AMBROXOL 5MG/30MG/5ML KIMICEG,3.4528,E.F.G.40.440,matched,score=0.937
drovencentro,"LORATADINA BETAMETASONA 5MG/0,25MG 10TAB GEAGAR",2.464,,sin_match,sin_candidato
drovencentro,LORATADINA JBE 60ML KIMICEG,1.67992,,sin_match,sin_candidato
drovencentro,LORATADINA SOL 5MG/5ML 60ML BUKA,1.5781,,sin_match,sin_candidato
drovencentro,LORAVAL 1MG/ML 60ML JBE VALMORCA,2.52,,sin_match,sin_candidato
drovencentro,"LORECORT 1MG/0,05G SUSP ORAL 60ML OFTALMI",15.408,E.F.G.43.559,matched,score=0.749
drovencentro,LOREX JBE  60ML DOLLDER,1.97963,,sin_match,sin_candidato
drovencentro,LORTEL 10MG/5MG  10TAB MONTEL-DESLORAT ADN,2.6064,,sin_match,sin_candidato
drovencentro,LOSAPRA 50MG X 10 TAB,0.2664,,sin_match,sin_candidato
drovencentro,LOSARMAX 50MG  10TAB 10BLIS LOSARTAN POT SUPLIMEDIC,11.08,,sin_match,sin_candidato
drovencentro,LOSARMAX 50MG 30TAB LOSARTAN POT  SUPLIMEDIC,1.72,,sin_match,sin_candidato
drovencentro,LOSARTAN 50MG 10COMP GENVEN,0.56,E.F.G.29.469,matched,score=0.893
drovencentro,LOSARTAN HCT 100/25MG 10TAB LA SANTE,4.1616,,sin_match,sin_candidato
drovencentro,"LOSARTAN HCT 100MG/12,5MG 30COMP REC VARGAS",6.0636,E.F.G.36.980,matched,score=0.899
drovencentro,LOSARTAN HCT 50-12.5MG 15TAB LA SANTE,4.37888,,sin_match,sin_candidato
drovencentro,"LOSARTAN HCT 50MG/12,5MG 30COMP REC GENVEN",8.824,,sin_match,sin_candidato
drovencentro,LOSARTAN HCT 50MG/12.5MG 10COMP REC BLUEPHARMA,1.81042,,sin_match,sin_candidato
drovencentro,LOSARTAN HCT 50MG/12.5MG 10TAB KIMICEG,2.11152,E.F.G.31.250,matched,score=0.911
drovencentro,LOSARTAN HCT 50MG/12.5MG 30TAB ANGELUS,5.9976,,sin_match,sin_candidato
drovencentro,LOSARTAN HCT 50MG/12.5MG 60COMP REC BLUEPHARMA,7.24167,,sin_match,sin_candidato
drovencentro,LOSARTAN POT  50MG 30TABL KMPLUS,1.53792,,sin_match,sin_candidato
drovencentro,LOSARTAN POT 100MG  30COMP REC GC,5.5944,E.F.G.36.980,matched,score=0.899
drovencentro,LOSARTAN POT 100MG 30COMP REC GENVEN,5.512,E.F.G.35.183,matched,score=0.887
drovencentro,LOSARTAN POT 100MG 30TAB REC LA SANTE,5.3176,,sin_match,sin_candidato
drovencentro,LOSARTAN POT 50MG 10TAB KMPLUS,0.53392,,sin_match,sin_candidato
drovencentro,LOSARTAN POT 50MG 14TAB REC SPEFAR,3.35216,E.F.G.36.662,matched,score=0.888
drovencentro,LOSARTAN POT 50MG 20TAB REC KIMICEG,0.996,E.F.G.31.205,matched,score=0.889
drovencentro,LOSARTAN POT 50MG 30COMP REC LETI,1.472,E.F.G.29.469,matched,score=0.886
drovencentro,LOSARTAN POT 50MG 30TAB CALOX,1.576,E.F.G.34.265,matched,score=0.895
drovencentro,LOSARTAN POT 50MG 30TAB GENCER,3.4748,E.F.G.35.008,matched,score=0.896
drovencentro,"LOSARTAN POT HCT 50/12,5MG 15COMP GENVEN",4.76,,sin_match,sin_candidato
drovencentro,LOSARTAN POT-HCT 100MG/25MG 30COMP REC LETI,9.272,,sin_match,sin_candidato
drovencentro,LOSARTAN POTASICO 100MG  30TAB BUKA,2.7793,,sin_match,sin_candidato
drovencentro,LOSARTAN POTASICO 100MG 10TAB GENVEN,1.944,E.F.G.35.183,matched,score=0.927
drovencentro,LOSARTAN POTASICO 100MG 10TAB KIMICEG,1.40104,E.F.G.36.589,matched,score=0.931
drovencentro,LOSARTAN POTASICO 100MG 300TAB MULTIPACK LAPROFF,59.584,,sin_match,sin_candidato
drovencentro,LOSARTAN POTASICO 100MG 30COMP REC SPEFAR,4.6248,E.F.G.42.439,matched,score=0.910
drovencentro,LOSARTAN POTASICO 100MG 30TAB  REC BIUMAK,5.88504,,sin_match,sin_candidato
drovencentro,LOSARTAN POTASICO 100MG 30TAB ANGELUS,0.7296,,sin_match,sin_candidato
drovencentro,LOSARTAN POTASICO 100MG 30TAB PLUSANDEX,4.71938,,sin_match,sin_candidato
drovencentro,LOSARTAN POTASICO 100MG 30TAB REC CALOX,4.64,,sin_match,sin_candidato
drovencentro,LOSARTAN POTASICO 100MG X 10 GEN DE CAL,1.734,E.F.G.36.980,matched,score=0.897
drovencentro,LOSARTAN POTASICO 50MG  30TAB  CAPSUVEN,0.9072,,sin_match,sin_candidato
drovencentro,LOSARTAN POTASICO 50MG  30TAB DISTRILAB,0.65272,,sin_match,sin_candidato
drovencentro,LOSARTAN POTASICO 50MG  30TAB ZUZU,3.096,,sin_match,sin_candidato
drovencentro,LOSARTAN POTASICO 50MG 10BLIST 10TAB FAHD,4.674,,sin_match,sin_candidato
drovencentro,LOSARTAN POTASICO 50MG 30COMP REC VARGAS,2.3904,E.F.G.36.979,matched,score=0.927
drovencentro,LOSARTAN POTASICO 50MG 30TAB  REC BIUMAK,1.56984,,sin_match,sin_candidato
drovencentro,LOSARTAN POTASICO 50MG 30TAB BLUE MEDICAL,0.96,,sin_match,sin_candidato
drovencentro,LOSARTAN POTASICO 50MG 30TAB BUKA,0.96372,,sin_match,sin_candidato
drovencentro,LOSARTAN POTASICO 50MG 30TAB DAC55,1.23267,,sin_match,sin_candidato
drovencentro,LOSARTAN POTASICO 50MG 30TAB FARMAMED,1.24898,,sin_match,sin_candidato
drovencentro,LOSARTAN POTASICO 50MG 30TAB LA SANTE,1.8428,,sin_match,sin_candidato
drovencentro,LOSARTAN POTASICO 50MG 30TAB PLUSANDEX,1.69859,,sin_match,sin_candidato
drovencentro,LOSARTAN POTASICO 50MG 30TAB REC BIOTECH,1.4288,E.F.G.42.945,matched,score=0.909
drovencentro,LOTESOFT SOL OFT  5ML,8.3552,,sin_match,sin_candidato
drovencentro,LUBRICANTE INTIMO MUCUS 30ML CUMLAUDE LAB,19.8,,sin_match,sin_candidato
drovencentro,LUBRICANTE SENSE BASE DE AGUA 50ML BRIUTCARE,5.8896,,sin_match,sin_candidato
drovencentro,LUBRICANTE SENSE BASE DE AGUA 75ML BRIUTCARE,6.9264,,sin_match,sin_candidato
drovencentro,LUBRIDERM HUMECTACION DIARIA 120ML DIVAR,4.624,,sin_match,sin_candidato
drovencentro,LUBRIDERM HUMECTACION DIARIA 200ML DIVAR,6.928,,sin_match,sin_candidato
drovencentro,LUBRIDERM HUMECTACION DIARIA 400ML DIVAR,11.432,,sin_match,sin_candidato
drovencentro,LUBRIDERM HUMECTACION DIARIA 946ML DIVAR,17.752,,sin_match,sin_candidato
drovencentro,LUBRIDERM REPARACION INTENSIVA 200ML DIVAR,8.272,,sin_match,sin_candidato
drovencentro,LUBRIDERM REPARACION INTENSIVA 400ML DIVAR,13.744,,sin_match,sin_candidato
drovencentro,LUBRIX GEL 120 GR SULCAGEL,3.336,,sin_match,sin_candidato
drovencentro,LUBRIX GEL 60CC,2.968,,sin_match,sin_candidato
drovencentro,LUBRIX GEL CALIDO 70G SULCAGEL,5.184,,sin_match,sin_candidato
drovencentro,LUBRIX GEL CHOCOLATE 60GR SULCAGEL,3.16,,sin_match,sin_candidato
drovencentro,LUBRIX GEL ESPERMATICIDA 120 GR SULCAGEL,3.48,,sin_match,sin_candidato
drovencentro,LUBRIX GEL FRESA 60 GR SULCAGEL,3.16,,sin_match,sin_candidato
drovencentro,LUBRIX GEL MENTA 60GR SULCAGEL,3.16,,sin_match,sin_candidato
drovencentro,LUBRIX GEL PIÑA COLADA 60 GR SULCAGEL,3.16,,sin_match,sin_candidato
drovencentro,LUBRIX SEDA TUBO 60CM,3.976,,sin_match,sin_candidato
drovencentro,LUDROX 75MG 30TAB REC BIOTECH,5.432,E.F.42.760,matched,score=0.888
drovencentro,LUMBAX 200MG 10TAB  VARGAS,1.9152,E.F.24.925,matched,score=0.911
drovencentro,LUMBAX 400MG  10COMP,2.1168,E.F.29.063,matched,score=0.918
drovencentro,LUMBAX 600MG 10TAB IBUPROFENO,3.7872,E.F.G.30.509,matched,score=0.901
drovencentro,LUMBAX 800MG X 6 COMP. REC.,5.2488,E.F.37.320,matched,score=0.880
drovencentro,MABROXOL 30MG/5ML JBE 60ML AMBROX ZUZU,2.8168,,sin_match,sin_candidato
drovencentro,MACA 300MG 30CAPS NATURISTIK,7.0344,,sin_match,sin_candidato
drovencentro,MACA 500MG  60CAPS HERBAPLANT,9.3092,,sin_match,sin_candidato
drovencentro,MACA LEPIDIUM MEYENI 500MG  60CAPS  NATURAL SYSTEMS,18.8032,,sin_match,sin_candidato
drovencentro,MACRODANTINA 50MG 30CAP,6.82536,E.F.16.064,matched,score=0.620
drovencentro,MACROGOTERO 20G 1 UNID  BRIUTCARE,1.056,,sin_match,sin_candidato
drovencentro,MADECASOL POLVO 2% FRASCO 5g.,12.752,,sin_match,sin_candidato
drovencentro,MADECASOL UNG. AL 1% X 20 GRS.,12.2,,sin_match,sin_candidato
drovencentro,MADECASSOL 1% UNG 10G POLINAC,6.72,,sin_match,sin_candidato
drovencentro,MADECASSOL 10MG X 30 TAB.POLINAC,12.728,,sin_match,sin_candidato
drovencentro,MADECASSOL POLVO  2% FRASCO 10 g.,19.504,,sin_match,sin_candidato
drovencentro,MAGALEX 100MG 30CAPS FARMA,4.81978,,sin_match,sin_candidato
drovencentro,MAGALEX 60CAPS,9.92779,,sin_match,sin_candidato
drovencentro,MAGNEFORTE 500MG  60CAPS HERBAPLANT,7.8472,,sin_match,sin_candidato
drovencentro,MAGNEPLUS 400MG/100MG 60CAPS WALIFE,8.67,,sin_match,sin_candidato
drovencentro,MAGNESIO  60CAPS NATURISTIK,7.85512,,sin_match,sin_candidato
drovencentro,MAGNESIO + VIT B6  60TAB FITOSANA,7.2448,,sin_match,sin_candidato
drovencentro,MAGNESIO + ZINC + CALCIO Y VIT D3 500MG  30TAB NATURISTIK,7.62432,,sin_match,sin_candidato
drovencentro,MAGNESIO 3 EN 1 PLUS  30CAPS NATURISTIK,6.60352,,sin_match,sin_candidato
drovencentro,MAGNESIO 30CAPS NATURISTIK,5.85648,,sin_match,sin_candidato
drovencentro,MAGNESIO 500MG 60CAPS PREVENTUD,11.08,,sin_match,sin_candidato
drovencentro,MAGNESIO AMINOQUELADO 200MG 30TAB PHARMATECH,6.80512,,sin_match,sin_candidato
drovencentro,MAGNESIO CITRATO 500MG VITAMINA B6  60 TABL VAL,17.2216,,sin_match,sin_candidato
drovencentro,MAGNESIO CITRATO 500MG VITAMINA B6 30TAB  VAL,10.4652,,sin_match,sin_candidato
drovencentro,MAGNESIO GLICINATO 60CAPS BLAN ARCOIRIS,10.096,,sin_match,sin_candidato
drovencentro,MAGNESIO HAPPY KIDS SAB FRAMBUESA 60TAB MAST VAL,14.858,,sin_match,sin_candidato
drovencentro,MAGNESIO HAPPY KIDS SAB UVA 60TAB MAST VAL,14.858,,sin_match,sin_candidato
drovencentro,MAGNESIO LIFE 500MG 60CAPS WALIFE,7.31,,sin_match,sin_candidato
drovencentro,MAGNESIO PLUS 650 MG CAPS 60 PREVENTUD,21.536,,sin_match,sin_candidato
drovencentro,MAGNESIO PLUS LIFE 450MG 60CAPS WALIFE,8.67,,sin_match,sin_candidato
drovencentro,MAGNESIO+POTASIO  60TAB FITOSANA,7.2448,,sin_match,sin_candidato
drovencentro,MAGNESIO+ZINC  60TAB FITOSANA,7.2448,,sin_match,sin_candidato
drovencentro,MAGNESIO+ZINC+VIT D Y K  60CAPS WALIFE,8.16,,sin_match,sin_candidato
drovencentro,MAGNESIUM 400MG 180CAPS NOW,32.616,,sin_match,sin_candidato
drovencentro,MAGNESIUM 400MG 30CAPS NOW,11.48,,sin_match,sin_candidato
drovencentro,MAGNESIUM CITRATE 200MG 100TAB NOW,30.152,,sin_match,sin_candidato
drovencentro,MAGNESIUM CITRATE 200MG 30TAB NOW,16.248,,sin_match,sin_candidato
drovencentro,MAGNESIUM CITRATE 350MG  60CAPS ETERNAL,8.80768,,sin_match,sin_candidato
drovencentro,MAGNESIUM GLICINATO DE MAGNESIO 325MG 30TAB VAL,14.4476,,sin_match,sin_candidato
drovencentro,MAGNESIUM L-THREONATE MAGTEIN 90 CAPS NOW,69.144,,sin_match,sin_candidato
drovencentro,MAGNETROL X5 650MG 60CAPS WALIFE,7.4256,,sin_match,sin_candidato
drovencentro,MAGNETUNI 500MG  60TAB MAGNESIO UNIPHARMA,8,,sin_match,sin_candidato
drovencentro,MAGTEIN L-TREONATO DE MAGNESIO 670MG 30CAPS VAL,28.6292,,sin_match,sin_candidato
drovencentro,MAILEN 5MG  10TAB,2.24,E.F.42.469,matched,score=0.711
drovencentro,MAILEN 5MG  30COMP REC ROEMMERS,5.684,E.F.42.469,matched,score=0.696
drovencentro,MAITE 50MG/5MG 1ML 1AMP  TIARES,10.2384,,sin_match,sin_candidato
drovencentro,MANHAE  30 CAP POLINAC,15.66,,sin_match,sin_candidato
drovencentro,MANITOL SOL 18% 500ML IV No 38 BEHRENS,10.3436,E.F.G.15.879,matched,score=0.748
drovencentro,"MANTIXA 2,5MG 30COMP",20.552,,sin_match,sin_candidato
drovencentro,MANZANILLA 5G  6UND FSI,6.23744,,sin_match,sin_candidato
drovencentro,MANZANILLA 5G SOB LYA,1.84,,sin_match,sin_candidato
drovencentro,MAPURITE 90CAPS ARCOIRIS,9.48,,sin_match,sin_candidato
drovencentro,MARE OFF 50MG  72 TAB COASPHARMA,23.432,,sin_match,sin_candidato
drovencentro,MARE OFF 50MG 12 TAB COASPHARMA,5.056,,sin_match,sin_candidato
drovencentro,MARIA PUIG INTEGRAL 250GR PUIG,1.728,,sin_match,sin_candidato
drovencentro,MARIA SELECTA 9PAQ 250GR PUIG,1.576,,sin_match,sin_candidato
drovencentro,MARIA SIN AZUCAR 250G PUIG,2.304,,sin_match,sin_candidato
drovencentro,MARILU CHOCO VAINILLA DISPLAY 24 PAQ PUIG,4.776,,sin_match,sin_candidato
drovencentro,MARILU CHOCOLATE TUBULAR 216GR 6 PAQ PUIG,2.008,,sin_match,sin_candidato
drovencentro,MARILU FRESA TUBULAR 216GR 6 PAQ PUIG,2.008,,sin_match,sin_candidato
drovencentro,MARILU MINI VAINILLA 100G PUIG PUIG,1.104,,sin_match,sin_candidato
drovencentro,MARILU VAINILLA DISPLAY 24 PAQ PUIG,4.776,,sin_match,sin_candidato
drovencentro,MARILU VAINILLA TUBULAR 6PAQ 216GR PUIG,2.008,,sin_match,sin_candidato
drovencentro,MARIMER SOLU HIPERTONICA BABY SPRAY NASAL 100ML MEDIFARM,15.7248,,sin_match,sin_candidato
drovencentro,MARIMER SOLU HIPERTONICA SPRAY NASAL 100ML MEDIFARM,15.7248,,sin_match,sin_candidato
drovencentro,MARIMER SOLU ISOTONICA BABY SPRAY NASAL 100ML,15.7248,,sin_match,sin_candidato
drovencentro,MARIMER SOLU ISOTONICA SPRAY NASAL 100ML,15.7248,,sin_match,sin_candidato
drovencentro,MARTESIA 150MG 14COMP ROEMMERS,9.5256,,sin_match,sin_candidato
drovencentro,MARTESIA 25MG 30CAPS ROEMMERS,8.4728,E.F.39.216,matched,score=0.894
drovencentro,MARTESIA 300MG 14CAPS ROEMMERS,13.7376,E.F.38.501,matched,score=0.899
drovencentro,MARTESIA 75MG 14COMP ROEMMERS,3.876,E.F.38.503,matched,score=0.890
drovencentro,MASCARA DE OXIGENO MANGUERA 7 MTS PRIMA SALUD,3.384,,sin_match,sin_candidato
drovencentro,MASCARA DE OXIGENO TALLA  M SAGLAM JMW,0.888,,sin_match,sin_candidato
drovencentro,MASCARILLA FACIAL PURIFICANTE 50ML AKN COHER,6.28,,sin_match,sin_candidato
drovencentro,MASCARILLA FACIAL PURIFYNG DETOX 1 UND 25 GR ZOAH,0.6992,,sin_match,sin_candidato
drovencentro,MATERNAVIT 30CAPS BLANDAS MEDIFARM,16.72512,,sin_match,sin_candidato
drovencentro,MATILOL 0.5% 6ML SOL OFT OFTALMI,11.96,E.F.23.582,matched,score=0.782
drovencentro,MAXIFUR FORTE 100MG  30CAPS TIARES,7.4592,,sin_match,sin_candidato
drovencentro,MAXOTEN  25MG 30COMP REC LETI,22.56,E.F.42.290,matched,score=0.704
drovencentro,MAXOTEN 50MG 30COMP REC LETI,37.704,E.F.42.291,matched,score=0.704
drovencentro,MEDIDOR DE GLUCOSA EN SANGRE GLUCARE,14.256,,sin_match,sin_candidato
drovencentro,MEDROXEL 150MG JERINGA PRELL 1ML EXELTIS,10.5648,,sin_match,sin_candidato
drovencentro,MEDROXIPROGESTERONA 10MG  10TAB KMPLUS,4.77984,,sin_match,sin_candidato
drovencentro,MELAMAG  60CAPS  ARCOIRIS,12.304,,sin_match,sin_candidato
drovencentro,MELATIANIN PLUS 30 CAPS NATURLIFES,6.768,,sin_match,sin_candidato
drovencentro,MELATONINA 10MG+VIT B6 25MG+VALERIANA 200MG 60CAPS WALIFE,9.52,,sin_match,sin_candidato
drovencentro,MELATONINA 3MG  60CAP NOW,11.04,,sin_match,sin_candidato
drovencentro,MELATONINA 3MG 60CAPS BLAN ARCOIRIS,11.448,,sin_match,sin_candidato
drovencentro,MELATONINA 3MG VIT B6 CITRATO DE MAGNESIO 30CAP  VAL,10.8984,,sin_match,sin_candidato
drovencentro,MELATONINA 5MG  60CAP NOW,14.08,,sin_match,sin_candidato
drovencentro,MELATONINA C/VIT B6 30CAP BLANDA BIOFAR,8,,sin_match,sin_candidato
drovencentro,MELENA DE LEON 250MG HONGO REISHI 250MG  60CAPS WALIFE,11.9272,,sin_match,sin_candidato
drovencentro,MELIF 50MG / 500MG 30COMP REC ELMOR,12.6224,E.F.44.574,matched,score=0.892
drovencentro,MELIGEN 20MG  30 COMP REC MEMANTINA CLORH FC PHARMA,14.784,,sin_match,sin_candidato
drovencentro,MELOVAX 15MG 10CAPS VIVAX,5.368,E.F.G.33.048,matched,score=0.817
drovencentro,MELOXICAM 15 MG 10 TAB FARMAMED,1.24898,,sin_match,sin_candidato
drovencentro,MELOXICAM 15MG  10 COMP FAHD,1.8848,,sin_match,sin_candidato
drovencentro,MELOXICAM 15MG  20TAB ARTE MEDICO,1.536,,sin_match,sin_candidato
drovencentro,MELOXICAM 15MG 10COMP LETI,5.192,E.F.G.30.530,matched,score=0.895
drovencentro,MELOXICAM 15MG 10TAB ANGELUS,2.064,,sin_match,sin_candidato
drovencentro,MELOXICAM 15MG 10TAB KIMICEG,3.16728,E.F.G.30.977,matched,score=0.902
drovencentro,MELOXICAM 15MG 10TAB LATTAN MEDIC,2.29152,,sin_match,sin_candidato
drovencentro,MELOXICAM 15MG 10TAB OFTALMI,6.128,E.F.G.42.819,matched,score=0.745
drovencentro,MELOXICAM 15MG 20COMP SPEFAR,3.5096,E.F.G.31.259,matched,score=0.890
drovencentro,MELOXICAM 15MG/1.5MG IM 10 AMP VITALIS,27.936,,sin_match,sin_candidato
drovencentro,"MELOXICAM 7,5MG 10COMP VIFAR OFTALMI",5.208,E.F.G.42.819,matched,score=0.907
drovencentro,MELOXICAN 15MG 10TAB LA SANTE,4.4224,,sin_match,sin_candidato
drovencentro,MELOXICAN 7.5MG 10TAB LA SANTE,3.1936,,sin_match,sin_candidato
drovencentro,MEMANTINA 10 MG 10 TAB FARMAMED,1.71735,,sin_match,sin_candidato
drovencentro,MEMANTINA 10MG 14TAB BIUMAK,2.29152,,sin_match,sin_candidato
drovencentro,MEN XTRA 30TAB PHARMATECH,6.974,,sin_match,sin_candidato
drovencentro,MENOPAUSE ADVANCED 30CAPS ETERNAL,6.15552,,sin_match,sin_candidato
drovencentro,MENTOL DAVIS 1 OUNCE 1 LATA GENIA CARE,3,,sin_match,sin_candidato
drovencentro,MENTOL UNG 10G LATA LYA,1.68544,,sin_match,sin_candidato
drovencentro,MENTOL UNG 25G TARRO LYA,3.59904,,sin_match,sin_candidato
drovencentro,MENTORUB DISPENSADOR MINI TARRO10G 12 UNID FC PHARMA,21.168,,sin_match,sin_candidato
drovencentro,MENTORUB UNG CORPORAL 30G TARRO FC PHARMA,3.252,,sin_match,sin_candidato
drovencentro,MENTORUB UNG CORPORAL 60G TARRO FC PHARMA,6.156,,sin_match,sin_candidato
drovencentro,MERCURIO CROMO 30CM 1UNID FSI,1.30944,,sin_match,sin_candidato
drovencentro,MEROPENEM 1G IV AMP VITALIS,16.296,,sin_match,sin_candidato
drovencentro,MEROPENEM 500MG IV 1 VIAL AMP VITALIS,10.928,,sin_match,sin_candidato
drovencentro,MEROPENEN 1G SOL INY DISTRILAB,10.01976,,sin_match,sin_candidato
drovencentro,MESALAZINA 500MG 30TAB KMPLUS,28.58536,,sin_match,sin_candidato
drovencentro,METAMUCIL 425GR GRANULADO SAB NARANJA FARMA,57.54519,,sin_match,sin_candidato
drovencentro,METAMUCIL NARANJA FRASCO 174 GR FARMA,26.18724,,sin_match,sin_candidato
drovencentro,METFORM 500MG 30TAB CAPSUVEN,2.6784,,sin_match,sin_candidato
drovencentro,METFORMIN 1000MG  30TAB LP LATTAN MEDIC,4.80624,,sin_match,sin_candidato
drovencentro,METFORMIN 500MG  30TAB LP LATTAN MEDIC,3.20664,,sin_match,sin_candidato
drovencentro,METFORMIN 850MG  30TAB LP LATTAN MEDIC,4.00272,,sin_match,sin_candidato
drovencentro,METFORMINA 1000MG   30TAB  PHARMARIS,4.6543,,sin_match,sin_candidato
drovencentro,METFORMINA 1000MG 30COMP SPEFAR,9.80064,E.F.G.42.459,matched,score=0.903
drovencentro,METFORMINA 1GR 30TAB ANGELUS,3.984,,sin_match,sin_candidato
drovencentro,METFORMINA 500MG  30TAB PHARMARIS,1.8123,,sin_match,sin_candidato
drovencentro,METFORMINA 500MG 28TAB CALOX,5.096,,sin_match,sin_candidato
drovencentro,METFORMINA 500MG 30COMP SPEFAR,6.864,E.F.G.37.583,matched,score=0.900
drovencentro,METFORMINA 500MG 30TAB  REC BIUMAK,2.46264,,sin_match,sin_candidato
drovencentro,METFORMINA 500MG 30TAB ANGELUS,1.568,,sin_match,sin_candidato
drovencentro,METFORMINA 500MG 30TAB BUKA,1.54883,,sin_match,sin_candidato
drovencentro,METFORMINA 500MG 30TAB CAPSUVEN,1.3968,,sin_match,sin_candidato
drovencentro,METFORMINA 500MG 30TAB DAC55,4.35062,,sin_match,sin_candidato
drovencentro,METFORMINA 500MG 30TAB FARMAMED,1.4051,,sin_match,sin_candidato
drovencentro,METFORMINA 500MG 30TAB PLUSANDEX,3.307,,sin_match,sin_candidato
drovencentro,METFORMINA 500MG 30TAB QUIM-FAR,1.19902,,sin_match,sin_candidato
drovencentro,METFORMINA 750MG  30 TAB PHARMARIS,3.36806,,sin_match,sin_candidato
drovencentro,METFORMINA 850MG  30TAB  CAPSUVEN,2.124,,sin_match,sin_candidato
drovencentro,METFORMINA 850MG  30TAB REC  DISTRILAB,4.81376,,sin_match,sin_candidato
drovencentro,METFORMINA 850MG 10TAB REMENY,1.784,,sin_match,sin_candidato
drovencentro,METFORMINA 850MG 28TAB CALOX,5.48,E.F.G.32.508,matched,score=0.905
drovencentro,METFORMINA 850MG 30COMP SPEFAR,6.36976,E.F.G.37.492,matched,score=0.900
drovencentro,METFORMINA 850MG 30TAB ANGELUS,3.416,,sin_match,sin_candidato
drovencentro,METFORMINA 850MG 30TAB LATTAN MEDIC,1.71864,,sin_match,sin_candidato
drovencentro,METFORMINA 850MG 30TABL FELIRNI,2.44,,sin_match,sin_candidato
drovencentro,METFORMINA CLORHIDRATO 500MG 30TAB BIOTECH,4.35408,E.F.G.42.761,matched,score=0.919
drovencentro,METFORMINA CLORHIDRATO 500MG 30TAB BLUE MEDICAL,1.232,,sin_match,sin_candidato
drovencentro,METFORMINA CLORHIDRATO 850MG  30TAB REC PLUSANDEX,5.31868,,sin_match,sin_candidato
drovencentro,METGLUTAN 500MG 30TAB ZORIAK METFORMINA,2.43683,,sin_match,sin_candidato
drovencentro,METILPREDNISOLONA 125MG IM/IV ADN,4.3056,,sin_match,sin_candidato
drovencentro,METILPREDNISOLONA 500MG IV/IM AMP VITALIS,16.64,,sin_match,sin_candidato
drovencentro,METOCLOPRAMIDA 10MG 10 TAB VINCENTI,1.7556,,sin_match,sin_candidato
drovencentro,METOCLOPRAMIDA 10MG/2ML 10AMP VITALIS,8.984,,sin_match,sin_candidato
drovencentro,METOCLOPRAMIDA 10MG/2ML 6AMP SOL INY GENCER,12.768,E.F.G.26.028,matched,score=0.894
drovencentro,METOCLOPRAMIDA 10MG/2ML IM/IV SOL INY 1AMP CORPOMECA,1.4784,,sin_match,sin_candidato
drovencentro,METOCLOPRAMIDA 10MG/2ML SOL INY 3AMP DISTRILAB,2.85376,,sin_match,sin_candidato
drovencentro,METOPROLOL 50MG  30TAB MT,6.38182,,sin_match,sin_candidato
drovencentro,METOPROLOL 50MG 10TAB REC VINCENTI,8.9472,,sin_match,sin_candidato
drovencentro,"METOTREXATO 2,5MG 10TAB VINCENTI",7.0416,,sin_match,sin_candidato
drovencentro,METREN 125MG/5ML SUSP PED 120ML SIEGFRIED,10.2168,,sin_match,sin_candidato
drovencentro,METREN 250/5ML SUSP AD 120ML SIEGFRIED,17.518,E.F.29.922,matched,score=0.909
drovencentro,METREN 500MG 10 OVULOS SIEGFRIED,8.3968,E.F.29.532,matched,score=0.749
drovencentro,METREN 500MG 10TAB SIEGFRIED,7.6092,E.F.28.780,matched,score=0.909
drovencentro,"METRONIDAZOL 0,75% GEL 15GR ZUKATI",14.736,,sin_match,sin_candidato
drovencentro,METRONIDAZOL 125MG/ML SUSP PED 60ML JKN MED,1.6,,sin_match,sin_candidato
drovencentro,METRONIDAZOL 250MG/5ML SUSP 100ML DISTRILAB,4.02288,,sin_match,sin_candidato
drovencentro,METRONIDAZOL 500MG 10COMP SPEFAR,4.78224,E.F.G.37.062,matched,score=0.894
drovencentro,METRONIDAZOL 500MG 10TAB CALOX,2.952,E.F.G.32.763,matched,score=0.724
drovencentro,METRONIDAZOL 500MG 10TAB LATTAN MEDIC,1.71864,,sin_match,sin_candidato
drovencentro,METRONIDAZOL 500MG 10TAB R LA SANTE,3.07632,,sin_match,sin_candidato
drovencentro,METRONIDAZOL 500MG 30BL 10TAB REC LAPROFF,35.496,,sin_match,sin_candidato
drovencentro,METRONIDAZOL 500MG 30TAB ANGELUS,2.536,,sin_match,sin_candidato
drovencentro,METRONIDAZOL 500MG 30TAB BLUE MEDICAL,2.288,,sin_match,sin_candidato
drovencentro,METRONIDAZOL 500MG/100ML SOL INY DISTRILAB,1.77888,,sin_match,sin_candidato
drovencentro,METRONIDAZOL 500MG/100ML SOL INY IPS,1.36,,sin_match,sin_candidato
drovencentro,METRONIDAZOL 500MG/100ML.INF KMPLUS,1.66464,,sin_match,sin_candidato
drovencentro,METRONIDAZOL 750MG MICONAZOL 200MG 6TAB VAGINALES TIARES,8.0064,,sin_match,sin_candidato
drovencentro,METRONIDAZOL B 125MG 120ML KIMICEG,4.09024,E.F.G.31.064,matched,score=0.897
drovencentro,METRONIDAZOL B 250MG 120ML KIMICEG,7.92816,E.F.G.31.012,matched,score=0.897
drovencentro,METROVAX 500MG 15CAPS VIVAX,9.28,,sin_match,sin_candidato
drovencentro,METROVIV 500MG SOL INY I.V 100ML VINTER,1.48,,sin_match,sin_candidato
drovencentro,METSIGLIN 500/50MG  30TAB SITAGLI/METFOR RONAVA,14.6672,,sin_match,sin_candidato
drovencentro,METSIGLIN 500MG 10COMP RONAVA,6.06797,,sin_match,sin_candidato
drovencentro,MEZHITIN 10MG 30COMP SNC,9.46363,,sin_match,sin_candidato
drovencentro,MEZHITIN 10MG 50COMP SNC,14.16542,,sin_match,sin_candidato
drovencentro,MICODERM ANTIMICOTICO 50G SOMA,5.08,,sin_match,sin_candidato
drovencentro,MICONAX CREMA 15%/4% 40GR SIEGFRIED,9.9904,E.F.40.057,matched,score=0.795
drovencentro,MICONAZOL 2% CREMA 15GR MT,3.4489,,sin_match,sin_candidato
drovencentro,MICOTRIN 2% POLVO TOPICO 60GR MICONAZOL TARES,5.3136,,sin_match,sin_candidato
drovencentro,MICROGOTERO 60G 1 UNID BRIUTCARE,1.136,,sin_match,sin_candidato
drovencentro,MICROGOTERO EN Y BIOMERCY,0.256,,sin_match,sin_candidato
drovencentro,"MICROPOR PIEL 1"" X 5YD CUREBAND BLISTER",7.968,,sin_match,sin_candidato
drovencentro,"MICROPOR PIEL 1/2"" X 5YD CUREBAND BLISTER",7.2,,sin_match,sin_candidato
drovencentro,MIDOL 500MG 10TAB ACETAMINOFEN GEMA LABS,0.432,E.F.44.313,matched,score=0.891
drovencentro,MIDOL 650MG 10TAB ACETAMINOFEN GEMA LABS,0.408,E.F.44.314,matched,score=0.891
drovencentro,MIEL DE BORAX 30ML 1UNID FSI,1.81632,,sin_match,sin_candidato
drovencentro,MIEL DE BORAX 30ML SOMA,4.624,,sin_match,sin_candidato
drovencentro,MIEL DE BORAX 60ML RECETTMARKET,6.54736,,sin_match,sin_candidato
drovencentro,MIGRADORIXINA 125/1MG  5COMP,3.1416,E.F.33.482,matched,score=0.902
drovencentro,MIGRAVAL 100MG  2COMP GMP,10.1456,E.F.31.976,matched,score=0.910
drovencentro,MIGRAVAL 100MG  4COMP ROWE,15.84,E.F.31.976,matched,score=0.903
drovencentro,MIGREN 650/50/1MG 10TAB LETI,1.972,,sin_match,sin_candidato
drovencentro,MIGREN 650/50/1MG 20COMP REC LETI,3.2832,,sin_match,sin_candidato
drovencentro,MILAX 50% SOL ORAL FCO 180 ML,6.85829,,sin_match,sin_candidato
drovencentro,MILAX POLVO PARA SOL ORAL 120G,5.96388,,sin_match,sin_candidato
drovencentro,MILAX POLVO PARA SOL ORAL 360G,12.3009,,sin_match,sin_candidato
drovencentro,MINI MARIA BOLSA 200GR PUIG,1.544,,sin_match,sin_candidato
drovencentro,MINI MARIA LONCHERA 180GR PUIG,1.688,,sin_match,sin_candidato
drovencentro,MINOXIDIL 2% SOL TOPICO  60ML SOTO GLOBAL,4.5576,,sin_match,sin_candidato
drovencentro,MINOXIDIL 5% SOL TOPICO 60ML SOTO GLOBAL,6.7536,,sin_match,sin_candidato
drovencentro,MINOXIDIL 5% SOLUCION TOPICA 60ML LA SANTE,10.4584,,sin_match,sin_candidato
drovencentro,MIOVIT 10 GRAGEAS COFASA,1.9992,,sin_match,sin_candidato
drovencentro,MIOVIT 30 GRAGEAS COFASA,6.328,,sin_match,sin_candidato
drovencentro,MIOVIT 60 GRAGEAS COFASA,8.904,,sin_match,sin_candidato
drovencentro,MIOVIT COMP KIT 3 AMP COFASA,4.232,,sin_match,sin_candidato
drovencentro,MIOVIT COMP KIT 6 AMP COFASA,8.864,,sin_match,sin_candidato
drovencentro,MIOVIT JARABE S/AZUCAR 180ML COFASA,6.248,,sin_match,sin_candidato
drovencentro,MIOVIT JBE 90ML S/AZUCAR COFASA,2.5688,,sin_match,sin_candidato
drovencentro,MIOVIT SOL INY S/LIDOCAINA 3ML 1AMP COFASA,2.96,,sin_match,sin_candidato
drovencentro,MIRALAX POLVO 120GR RONAMEDIC,6.768,,sin_match,sin_candidato
drovencentro,MIRAPIME 1G I.M/I.V 1 VIAL CEFEPIME RONAMEDIC.,4.784,,sin_match,sin_candidato
drovencentro,MIRAXONA 1G I.M / I.V AMP CEFTRIAXONA RONAMEDIC,2.144,,sin_match,sin_candidato
drovencentro,"MIRSOL 0,05 % CREMA 15GR BIOTECH",4.75264,E.F.43.809,matched,score=0.769
drovencentro,MIRTAPAX 15MG 10COMP ADIUM,1.63867,,sin_match,sin_candidato
drovencentro,MIRTAPAX 30MG 10COMP ADIUM,2.38785,,sin_match,sin_candidato
drovencentro,MIRTAZAPINA 15MG 30TAB CLEO,5.376,,sin_match,sin_candidato
drovencentro,MIRTAZAPINA 30MG  30 TAB CLEO,7.4048,,sin_match,sin_candidato
drovencentro,MIRTAZAPINA 30MG 30TAB REC CALOX,8.32,,sin_match,sin_candidato
drovencentro,MIRTAZAVAL 15MG 30TAB REC VALMORCA,5.736,E.F.43.794,matched,score=0.888
drovencentro,MIRTAZAVAL 30MG 30TAB REC VALMORCA,10.488,,sin_match,sin_candidato
drovencentro,MISELLIN 10MG  20COMP KLINOS,4.564,E.F.33.823,matched,score=0.891
drovencentro,MISULVAN COMP 7.5/0.005MG/5ML JBE PED 120ML PLUSANDEX,6.34315,,sin_match,sin_candidato
drovencentro,MISULVAN COMP AD 15MG-0.01MG/5ML JBE 120ML PLUSANDEX,5.82141,,sin_match,sin_candidato
drovencentro,MISULVAN FORTE 30MG-5MG/5ML SOL120ML PLUSANDEX,5.10402,,sin_match,sin_candidato
drovencentro,MISULVAN GOTAS 30ML 7.5MG/ML PED PLUSANDEX,2.51473,,sin_match,sin_candidato
drovencentro,MISULVAN JBE AD 30MG/5ML PLUSANDEX,3.60582,,sin_match,sin_candidato
drovencentro,MISULVAN JBE PED 15MG/5ML 120ML PLUSANDEX,3.52327,,sin_match,sin_candidato
drovencentro,MITAR 50MCG INH 120 DOSIS SIEGFRIED,9.1584,,sin_match,sin_candidato
drovencentro,MODERAN 10.1G/15ML SOLUCION 120 ML,11.7504,E.F.21.495,matched,score=0.812
drovencentro,"MOMEQ 0,1% CREMA 15G PHARMETIQUE",8.0444,,sin_match,sin_candidato
drovencentro,MOMETASONA 0.05% SPRAY NASAL 10ML KMPLUS,3.77136,,sin_match,sin_candidato
drovencentro,MOMETASONA FUROATO 0.1% CR 30G KMPLUS,3.67488,,sin_match,sin_candidato
drovencentro,MONOGYL 500MG/100ML SOL INY 1AMP METRONIDAZOL ADN,1.2816,,sin_match,sin_candidato
drovencentro,MONOSULPA SOL NASAL 250/125/175MG 15ML GENVEN,12.328,,sin_match,sin_candidato
drovencentro,MONTDAC 10/5MG  10TAB  REC  MONTEL/DESLO DAC,3.26296,,sin_match,sin_candidato
drovencentro,MONTELUKAS-DESLORATADINA 10/5MG 10TAB REC GREEN PHARMA,2.81144,,sin_match,sin_candidato
drovencentro,MONTELUKAST 10MG  10TAB KMPLUS,1.632,,sin_match,sin_candidato
drovencentro,MONTELUKAST 10MG  10TAB PRIMONTEL DROVENCA,2.336,,sin_match,sin_candidato
drovencentro,MONTELUKAST 10MG 10COMP REC LETI,2.512,E.F.G.35.447,matched,score=0.892
drovencentro,MONTELUKAST 10MG 10TAB LA SANTE,2.8288,,sin_match,sin_candidato
drovencentro,MONTELUKAST 10MG 10TAB REC MEDIGEN,3.776,E.F.G.33.690,matched,score=0.898
drovencentro,MONTELUKAST 10MG 10TAB REC SPEFAR,3.31936,E.F.G.37.063,matched,score=0.897
drovencentro,MONTELUKAST 10MG 30TAB REC MEDIGEN,8.408,E.F.G.33.690,matched,score=0.892
drovencentro,MONTELUKAST 5MG  30 TAB MASTIC ALESS,2.70073,,sin_match,sin_candidato
drovencentro,MONTELUKAST 5MG  30 TAB MASTICABLES OFTALMI,6.704,E.F.G.42.894,matched,score=0.910
drovencentro,MONTRAX 4MG 10TAB MAST BIOTECH,1.3756,,sin_match,sin_candidato
drovencentro,MONTRAX 4MG 30TAB MAST BIOTECH,3.6036,,sin_match,sin_candidato
drovencentro,MONUKAST 5MG 30TAB MAST LA SANTE,5.7836,,sin_match,sin_candidato
drovencentro,MORINGA  60CAPS NATURAL P,3.12005,,sin_match,sin_candidato
drovencentro,MORINGA GRAVIOLA 60CAPS NATURAL P,3.12005,,sin_match,sin_candidato
drovencentro,MOTIL BABY GOTAS 30ML ANTI ESTREÑIMIENTO RIWA,17.03016,,sin_match,sin_candidato
drovencentro,MOVIMEX 15MG 10TAB OFTALMI,7.016,E.F.35.996,matched,score=0.895
drovencentro,MOXIDEX SOL OFT 5ML OFTALMI,16.584,E.F.43.662,matched,score=0.590
drovencentro,MOXIFLOXACINA 400 MG 10 TAB DISTRILAB,11.67744,,sin_match,sin_candidato
drovencentro,MOXIFLOXACINA 400MG  5TAB  KMPLUS,5.45528,,sin_match,sin_candidato
drovencentro,MOXIFLOXACINA 400MG 5TAB CALOX,13.808,E.F.G.37.302,matched,score=0.905
drovencentro,MUCLAR 30MG-5MG/5ML JAR 60ML DOLLDER,5.18258,,sin_match,sin_candidato
drovencentro,MUCLAR 30MG/5MG 10COMP DOLLDER,3.95458,,sin_match,sin_candidato
drovencentro,MUCOBROL 4MG/5ML JBE 120ML COFASA,1.584,,sin_match,sin_candidato
drovencentro,MUCOFLEM JBE 240ML ARCOIRIS,7.384,,sin_match,sin_candidato
drovencentro,MUCOLYT 250MG/5ML JBE 120ML CARBOCISTEINA ADN,3.78,,sin_match,sin_candidato
drovencentro,MUCOMAX 15MG/5ML SOL ORAL PED 120ML KIMICEG,3.01456,E.F.40.502,matched,score=0.913
drovencentro,MUCOMAX 30MG/5ML SOLUC ORAL 120ML KIMICEG,2.64272,E.F.G.29.181,matched,score=0.931
drovencentro,MUCOMAX PLUS 5MG/30MG/5ML SOL ORAL 60ML KIMICEG,3.47936,E.F.G.40.440,matched,score=0.901
drovencentro,MUCOXOL 30MG/5ML 120ML OFTALMI,5.128,E.F.43.440,matched,score=0.908
drovencentro,MULTIDERM 2% UNG TUBO 15G BIOTECH,4.75264,,sin_match,sin_candidato
drovencentro,MULTIFIBRA  MEZCLA PARA BEBIDA 300GR NATURISTIK,11.44704,,sin_match,sin_candidato
drovencentro,MULTIHEAT 30 CAPS MULTIVITAMINICO ETERNAL,4.92048,,sin_match,sin_candidato
drovencentro,MULTIVINOL 30TAB FC PHARMA VIT MINERALES,8.8,,sin_match,sin_candidato
drovencentro,MULTIVINOL PRENATAL 60 CAP FC PHARMA,11.448,,sin_match,sin_candidato
drovencentro,MULTIVIRAL 30CAP SIEGFRIED,8.6476,,sin_match,sin_candidato
drovencentro,MULTIVITAMINICO  30CAPS PREVENTUD,10.464,,sin_match,sin_candidato
drovencentro,MULTIVITAMINICO + GINSENG 60 CAPS BIOINFINITY,8.8944,,sin_match,sin_candidato
drovencentro,MULTIVITAMINICO + GINSENG 60CAPS WALIFE,8.7856,,sin_match,sin_candidato
drovencentro,MULTIVITAMINICO 10CAPS  BLISTER NATURAL SYSTEMS,3.024,,sin_match,sin_candidato
drovencentro,MULTIVITAMINICO 60 CAPS PREVENTUD,14.152,,sin_match,sin_candidato
drovencentro,MULTIVITAMINICO 60TAB NATURAL SYSTEMS,22.24,,sin_match,sin_candidato
drovencentro,MULTIVITAMINICO 9 - VIT AMP  I.V 10ML DPT,15.22944,,sin_match,sin_candidato
drovencentro,MULTIVITAMINICO LONGEVITY 60TAB DROVENPLUS,6.032,,sin_match,sin_candidato
drovencentro,MULTIVITAMINICO+GINSENG 60CAPS  HERBAPLANT,9.3092,,sin_match,sin_candidato
drovencentro,MUPIROCIN 2% UNG 15GR SOTO GLOBAL,4.14,,sin_match,sin_candidato
drovencentro,MUPIROCIN UNG 30G DAC,6.77971,,sin_match,sin_candidato
drovencentro,MUPIROCINA 2% UNGT 15GR MEDICAL GROUP,5.84328,,sin_match,sin_candidato
drovencentro,MUPIROGEN CREMA 30G FARMAGENIK,5.0008,,sin_match,sin_candidato
drovencentro,MUPROBAN 2% UNG 15G SIEGFRIED,6.6436,E.F.G.35.710,matched,score=0.741
drovencentro,MUPROBAN 2%UNG 30GR SIEGFRIED,10.5672,E.F.G.35.710,matched,score=0.741
drovencentro,MUPROSKIN 2% UNG 15GR MUPIROCINA TIARES,4.2768,,sin_match,sin_candidato
drovencentro,MUXER 500MG 30CAPS HERBAPLANT,8.6836,,sin_match,sin_candidato
drovencentro,MUÑEQUERA C/FERULA DER T-L FORMA ELASTICA,22.536,,sin_match,sin_candidato
drovencentro,MUÑEQUERA C/FERULA DER T-M FORMA ELASTICA,22.536,,sin_match,sin_candidato
drovencentro,MUÑEQUERA NEOPULGAR DER  L/XL FORMA ELASTICA,30.736,,sin_match,sin_candidato
drovencentro,MUÑEQUERA UNIVERSAL C/BEIGE T-L  FORMA ELASTICA,7.112,,sin_match,sin_candidato
drovencentro,MUÑEQUERA UNIVERSAL C/BEIGE T-M  FORMA ELASTICA,7.112,,sin_match,sin_candidato
drovencentro,MUÑEQUERA UNIVERSAL C/BEIGE T-S  FORMA ELASTICA,7.112,,sin_match,sin_candidato
drovencentro,MUÑEQUERA UNIVERSAL C/NEGRO T-L FORMA ELASTICA,7.112,,sin_match,sin_candidato
drovencentro,MUÑEQUERA UNIVERSAL C/NEGRO T-S  FORMA ELASTICA,7.112,,sin_match,sin_candidato
drovencentro,MYCOFENTIN 2% USO TOPICO 20GR ELMOR,3.1752,E.F.28.565,matched,score=0.735
drovencentro,MYCOFENTIN 2% VAG 40GR ELMOR,5.3704,E.F.28.565,matched,score=0.734
drovencentro,MYDROX 1% SOL OFT 5ML OFTALMI,24.584,E.F.30.661,matched,score=0.722
drovencentro,MYPEN2 DISPOSITIVO PARA INSULINA REUSABLE 1UND NOZOMI,7.56326,,sin_match,sin_candidato
drovencentro,N-BUTIL BROMURO DE HIOS 20MG/1ML 10AMP VITALIS,18.216,,sin_match,sin_candidato
drovencentro,N-BUTILBROMURO DE HIOSCINA 20MG/1ML  5 AMP IV/IM DISTRILAB,4.1552,,sin_match,sin_candidato
drovencentro,N-BUTILBROMURO DE HIOSCINA 20MG/1ML IM/IV 1 AMP GLOBAL MEDIC,2.168,,sin_match,sin_candidato
drovencentro,N-BUTILBROMURO HIOSCINA / DIPIRONA 5ML 10 AMP VITALIS,28.064,,sin_match,sin_candidato
drovencentro,NAC ACETYL CYSTEINA 600MG  100CAPS NOW,33.232,,sin_match,sin_candidato
drovencentro,NACLODIN 0.150MG 30TAB CLONIDINA,6.9336,E.F.G.31.483,matched,score=0.934
drovencentro,NAD + RESVELIFE 900MG  60CAPS WALIFE,18.6184,,sin_match,sin_candidato
drovencentro,NAD+ 60TAB FITOSANA,7.9744,,sin_match,sin_candidato
drovencentro,NAFAZOL 15ML GOTAS NASALES VINCENTI,7.182,,sin_match,sin_candidato
drovencentro,"NAFAZOLINA HCL 0,12MG/ML SOL OFT 15ML LETI",2.904,E.F.G.42.756,matched,score=0.918
drovencentro,NAFINA 1% CREMA 15GR KLINOS,6.52,E.F.30.624,matched,score=0.673
drovencentro,NALOSAR SPRAY NASAL 50 MCG 150 DOSIS LAB CASSARA,6.77225,,sin_match,sin_candidato
drovencentro,NANOCREAM POMADA 50G SOMA,4.872,,sin_match,sin_candidato
drovencentro,NAPROXENO 250MG 10TAB COASPHARMA,2.976,,sin_match,sin_candidato
drovencentro,NAPROXENO 500MG 30BL  10TAB MULTIPACK LAPROFF,82.176,,sin_match,sin_candidato
drovencentro,NAPROXENO SODICO 275MG  10COMP REC LETI,2.888,E.F.G.40.982,matched,score=0.908
drovencentro,NAPROXENO TAB 500MG  10TAB KMPLUS,2.02664,,sin_match,sin_candidato
drovencentro,NAS 0.1% ADULTO 15 ML SOL NASAL,2.072,,sin_match,sin_candidato
drovencentro,NAS INFANTIL 0.05% 15ML SOL NASAL,3.064,,sin_match,sin_candidato
drovencentro,NATALCARE PRUEBA DE OVULACION  10UND BRIUTCARE,9.032,,sin_match,sin_candidato
drovencentro,NATURALAX 30 CAPSULAS JERICO,9.2376,,sin_match,sin_candidato
drovencentro,NAUSINE 50MG  10 TAB ANDILAB,1.784,,sin_match,sin_candidato
drovencentro,NEBIVOLOL 5MG  30TAB REC DAC,11.78292,,sin_match,sin_candidato
drovencentro,NEBLUM 100MG  30 TAB REC FARMA,33.94332,E.F.42.653,matched,score=0.743
drovencentro,NEBLUM 200MG  30TAB REC FARMA,44.95197,E.F.42.653,matched,score=0.737
drovencentro,NEBLUM 50MG  30TAB REC FARMA,25.43665,,sin_match,sin_candidato
drovencentro,NEFROTAL (I)  100MG 10COMP,2.2984,E.F.35.488,matched,score=0.901
drovencentro,NEFROTAL (I) 100MG 30COMP,4.614,E.F.35.488,matched,score=0.894
drovencentro,NEFROTAL 100MG   14COMP,2.4136,E.F.35.488,matched,score=0.919
drovencentro,NEFROTAL 50MG 15COMP (I),2.0672,E.F.31.384,matched,score=0.889
drovencentro,NEFROTAL 50MG 30COMP (I) ROWE,3.744,E.F.31.384,matched,score=0.881
drovencentro,NEFROTAL AMLO 50MG-5MG  30COMP,8.952,E.F.31.384,matched,score=0.727
drovencentro,NEFROTAL H (I) 100MG/25MG 10COMP,3.8736,E.F.38.329,matched,score=0.917
drovencentro,"NEFROTAL H 100/12,5MG  30COMP",6.924,E.F.38.329,matched,score=0.962
drovencentro,NEFROTAL H 100/25MG  30COMP,11.2252,E.F.38.329,matched,score=0.947
drovencentro,"NEFROTAL H 100MG/12,5MG 10COMP REC",2.8448,E.F.38.329,matched,score=0.939
drovencentro,NEFROTAL H 50 MG-12.5MG 14 COMP,4.0888,E.F.31.384,matched,score=0.963
drovencentro,NEILMED NASAMIST SPRAY NASAL HIPERTONICO 125ML,12.664,,sin_match,sin_candidato
drovencentro,NEILMED NASAMIST SPRAY NASAL ISOTONICO 75ML,10.04,,sin_match,sin_candidato
drovencentro,NEILMED NASOGEL SPRAY NASAL 30ML,8.36,,sin_match,sin_candidato
drovencentro,NEILMED PEDIAMIST SPRAY NASAL ISOTONICO 75ML,10.04,,sin_match,sin_candidato
drovencentro,NEILMED SINULNHALER NATURAL 6UND,13.584,,sin_match,sin_candidato
drovencentro,NEILMED SINUS RINSE KIT AD 60 SOBRES,17.328,,sin_match,sin_candidato
drovencentro,NEILMED SINUS RINSE PED REFILL  60 SOBRES,14.352,,sin_match,sin_candidato
drovencentro,NEILMED SINUS RINSE REFILL 50 SOBRES,14.352,,sin_match,sin_candidato
drovencentro,NEMAX ADULTO FRASCO 133ML FAHD,4.68,,sin_match,sin_candidato
drovencentro,NEMAX-P FRASCO 66.6ML FAHD,4.68,,sin_match,sin_candidato
drovencentro,NEMODINE 30MG 20COMP DOLLDER,8.55135,,sin_match,sin_candidato
drovencentro,NEMODINE 40MG 20COMP,10.34469,,sin_match,sin_candidato
drovencentro,NEMODINE 90MG 10COMP LP,10.84747,,sin_match,sin_candidato
drovencentro,NEONAVIT 30CAPS NATURLIFES,8.984,,sin_match,sin_candidato
drovencentro,NEOPRA NEOSTIGMINA 0.5 MG/1ML 6 AMP  ADN,3.9744,,sin_match,sin_candidato
drovencentro,"NEOSTIGMINA 0,5MG/ML  3AMP KLINOS",10.216,E.F.G.7.099,matched,score=0.789
drovencentro,NEOSTIGMINA 0.5MG IV IM 10AMP VITALIS,10.952,,sin_match,sin_candidato
drovencentro,NESCAFE VAINILLA VENDING 1.3KG,46.48336,,sin_match,sin_candidato
drovencentro,NESQUIK POLVO CHOCOLATE  570GR,9.55696,,sin_match,sin_candidato
drovencentro,NESQUIK POLVO FRESA 532GR,8.1144,,sin_match,sin_candidato
drovencentro,NESTEA DURAZNO 240G,3.36336,,sin_match,sin_candidato
drovencentro,NESTEA DURAZNO 90G X 12 SOBRES,17.07552,,sin_match,sin_candidato
drovencentro,NESTEA DURAZNO BOLSA 450 GR.,6.20928,,sin_match,sin_candidato
drovencentro,NESTEA LIMON 240G,3.36336,,sin_match,sin_candidato
drovencentro,NESTEA LIMON BOLSA 450 GR.,6.336,,sin_match,sin_candidato
drovencentro,NESTEA PARCHITA BOLSA 450 GR.,6.20928,,sin_match,sin_candidato
drovencentro,NESTOGENO 1 DE 0 A 6 MESES LATA 400G NESTLE,11.80704,,sin_match,sin_candidato
drovencentro,NESTOGENO 2 DE 6 A 24 MESES LATA 400G NESTLE,10.976,,sin_match,sin_candidato
drovencentro,NESTUM 3 CEREALES BOLSA 225G,3.96704,,sin_match,sin_candidato
drovencentro,NESTUM 3 CEREALES BOLSA 500G,7.91056,,sin_match,sin_candidato
drovencentro,NESTUM PBIO 1 FE + ARROZ  225GR BOLSA,3.96704,,sin_match,sin_candidato
drovencentro,NETUNAL SUSP 200ML SUCRALFATO  ZUKATI,27.992,,sin_match,sin_candidato
drovencentro,NEULEVAL 500MG 10TAB REC VALMORCA,9.304,E.F.44.715,matched,score=0.893
drovencentro,NEULEVAL 750MG 5TAB REC VALMORCA,6.952,,sin_match,sin_candidato
drovencentro,NEURIBE 30CAPS BLANDAS VIVAX,8.544,,sin_match,sin_candidato
drovencentro,NEURIXA 150MG 14CAP,6.35499,E.F.38.422,matched,score=0.920
drovencentro,NEURIXA 75MG  21CAP,3.821,E.F.38.421,matched,score=0.908
drovencentro,NEURIXA 75MG 14CAP,3.50275,E.F.38.421,matched,score=0.908
drovencentro,NEUROLAB 500MG 70CAPS ABEJITA,5.712,,sin_match,sin_candidato
drovencentro,NEUROMIX 30COMP REC LETI,4.952,E.F.42.160,matched,score=0.739
drovencentro,NEUROMIX 3ML SOL INY IM 1AMP LETI,2.0088,,sin_match,sin_candidato
drovencentro,NEUROMIX 3ML SOL INY IM 3AMP LETI,3.6936,,sin_match,sin_candidato
drovencentro,NEUTEROL 400MG  60CAPS NATURAL P,3.67878,,sin_match,sin_candidato
drovencentro,NEVAC 0.1% 5ML SUSP OFT NEPAFENACO OFTALMI,23.432,E.F.42.077,matched,score=0.776
drovencentro,NEVADA GEL ANTIBACTERIAL VAINILLA 60CC,1.18272,,sin_match,sin_candidato
drovencentro,NEVADA PROTECTOR LABIAL CEREZA,1.9992,,sin_match,sin_candidato
drovencentro,NEVADA PROTECTOR LABIAL COCO,1.9992,,sin_match,sin_candidato
drovencentro,NEVADA PROTECTOR LABIAL FRESA,1.9992,,sin_match,sin_candidato
drovencentro,NEVADA PROTECTOR LABIAL MANZANA,1.9992,,sin_match,sin_candidato
drovencentro,NEVADA PROTECTOR LABIAL NATURAL,1.9992,,sin_match,sin_candidato
drovencentro,NIC-NAC BOLSA16UND 200GR PUIG,1.688,,sin_match,sin_candidato
drovencentro,"NICLODI 0,150MG 30 TAB CLONIDINA  GREEN PHARMA",3.58492,,sin_match,sin_candidato
drovencentro,NIFEDIPINA 10MG 14CAP LA SANTE,2.9444,,sin_match,sin_candidato
drovencentro,NIFEDIPINA 10MG 30COMP LETI,7.592,E.F.G.25.984,matched,score=0.894
drovencentro,NIFEDIPINA 20MG 30TAB LATTAN MEDIC,3.43728,,sin_match,sin_candidato
drovencentro,NIFEDIPINA 20MG/ML GOTAS ORALES 20ML H&M,2.97984,,sin_match,sin_candidato
drovencentro,NIFEDIPINA 20MG/ML SOL ORAL 20ML LATTAN MEDIC,4.5756,,sin_match,sin_candidato
drovencentro,NIFEDIPINA 30MG  30 TAB REC DAC55,3.62551,,sin_match,sin_candidato
drovencentro,NIFEDIPINA 30MG  30TAB ANGELUS,2.984,,sin_match,sin_candidato
drovencentro,NIFEDIPINA 30MG 30TAB  L.P LATTAN MEDIC,5.72136,,sin_match,sin_candidato
drovencentro,NIFEDIPINA L.P  30MG  10TAB  KMPLUS,1.57872,,sin_match,sin_candidato
drovencentro,NIFELAN 30MG 30TAB REC FARMA,15.22862,,sin_match,sin_candidato
drovencentro,NIFEN 30MG  30TAB NIFEDIPINA SUPLIMEDIC,3.2,,sin_match,sin_candidato
drovencentro,NIMODIPINA 10 MG/50ML I.V. ADN,8.1216,,sin_match,sin_candidato
drovencentro,NIMODIPINA 30MG 30TAB ANGELUS,12.368,,sin_match,sin_candidato
drovencentro,NINAZO SOL NASAL AD FARMA,2.15169,,sin_match,sin_candidato
drovencentro,NIOSILIN UNG 20G VARGAS,5.1984,,sin_match,sin_candidato
drovencentro,"NIPE 100/ 0,25MG SOL ORAL GOTAS 15ML VARGAS",3.1896,E.F.39.909,matched,score=0.762
drovencentro,NIPE PLUS GRANULADO S/FRUTA TROPICAL 6SOB VARGAS,5.5944,E.F.39.909,matched,score=0.533
drovencentro,NISTATINA 100.000 UI/ 5ML SUSP ORAL 60ML H&M,4.76464,,sin_match,sin_candidato
drovencentro,NISTATINA 10000UI SUSP ORAL  30ML,4.336,,sin_match,sin_candidato
drovencentro,NISTATINA 100UI SUSP 60ML COASPHARMA,6.736,,sin_match,sin_candidato
drovencentro,NITAX 500MG 6TAB PHARMETIQUE,12.6004,,sin_match,sin_candidato
drovencentro,NITAZOXANIDA 100MG 5ML POLVO P/SUSP 30ML DAC55,3.553,,sin_match,sin_candidato
drovencentro,NITAZOXANIDA 100MG/5ML  SUSP  60ML MEDICAL GROUP,4.64824,,sin_match,sin_candidato
drovencentro,NITAZOXANIDA 500MG   6 COMP FAHD,3.8684,,sin_match,sin_candidato
drovencentro,NITAZOXANIDA 500MG 10TAB REC DAC,4.71317,,sin_match,sin_candidato
drovencentro,NITAZOXANIDA 500MG 6TAB LA SANTE,9.632,,sin_match,sin_candidato
drovencentro,NITROFURANTOINA 100MG  10TAB KMPLUS,1.2628,,sin_match,sin_candidato
drovencentro,NITROFURANTOINA 100MG  30TAB H&M,7.51168,,sin_match,sin_candidato
drovencentro,NITROFURANTOINA 100MG 10TAB CLEO,1.936,,sin_match,sin_candidato
drovencentro,NITROFURANTOINA 50MG 30 TABLETAS RECUBIERTAS DAC55,4.31436,,sin_match,sin_candidato
drovencentro,NITROFURANTOINA MACROCRISTALES 100MG  300 CAPSULAS MULTIPACK LAPROFF,79.864,,sin_match,sin_candidato
drovencentro,NIUVIT  EPAFIT 60TAB LIALI,8.38953,,sin_match,sin_candidato
drovencentro,NIUVIT  ZINC 60TAB LIALI,4.30232,,sin_match,sin_candidato
drovencentro,NIUVIT ARTRIT  30TAB LIALI,4.30232,,sin_match,sin_candidato
drovencentro,NIUVIT HOMBRE 60TAB LIALI,7.09883,,sin_match,sin_candidato
drovencentro,NIUVIT MUJER  60TAB LIALI,7.15562,,sin_match,sin_candidato
drovencentro,NIUVIT ZINC + VIT C+VIT D3  30TAB LIALI,6.02326,,sin_match,sin_candidato
drovencentro,NOGINOX CREMA VAG 40GR 7 APLIC LA SANTE,5.5624,,sin_match,sin_candidato
drovencentro,NONAFOL 10MG 20TAB SIEGFRIED,0.988,E.F.42.319,matched,score=0.789
drovencentro,NONAFOL 10MG/ML GOTAS 15ML SIEGFRIED,6.7896,E.F.42.092,matched,score=0.921
drovencentro,NONAFOL 5MG 10TAB SIEGFRIED,0.8024,E.F.42.092,matched,score=0.764
drovencentro,NONAFOL 5MG 30TAB SIEGFRIED,2.2192,E.F.42.320,matched,score=0.901
drovencentro,NOPUCID LOCION 120ML DOLLDER,3.40313,,sin_match,sin_candidato
drovencentro,NOPUCID SHAMPOO 120ML DOLLDER,3.13806,,sin_match,sin_candidato
drovencentro,"NORGESTREL/VALERATO DE ESTRADIOL 0,5/2MG  21GRAGEAS OVEROL",3.696,,sin_match,sin_candidato
drovencentro,NORMIX 200MG 12TAB REC FARMA,11.64247,,sin_match,sin_candidato
drovencentro,"NORMOSILEN 0,120MG/0,015MG 1 ANILLO VAGINAL LETI",29.936,,sin_match,sin_candidato
drovencentro,NORSINA 500/10MG 12TAB BIOTECH,3.78,,sin_match,sin_candidato
drovencentro,NOTOLAC 20MG 10TAB,4.21998,,sin_match,sin_candidato
drovencentro,NOVACODIN 50MG/5ML 120ML.S/AZUCAR,4.1328,E.F.37.950,matched,score=0.748
drovencentro,NOVAFIX MAS SIN SABOR 40GR URGO,5.14858,,sin_match,sin_candidato
drovencentro,NOVAFIX PRO3 EFECTO FRESCOR  50GR URGO,6.07838,,sin_match,sin_candidato
drovencentro,NOVAFIX PRO3 SIN SABOR 50GR URGO,5.71756,,sin_match,sin_candidato
drovencentro,NOVAFIX PRO3 SIN SABOR 70GR URGO,7.96572,,sin_match,sin_candidato
drovencentro,NOVARONA 200MG 10COMP,5.32302,,sin_match,sin_candidato
drovencentro,NOVHEPAR B-12 JBE 180ML VINCENTI,5.088,,sin_match,sin_candidato
drovencentro,NOVHEPAR B-12 JBE 90ML VINCENTI,2.8352,,sin_match,sin_candidato
drovencentro,NOW  5-HTP 100MG  60CAP,18.4144,,sin_match,sin_candidato
drovencentro,NOXPIRIN DIA 12 SOBR 15GR SIEGFRIED,16.668,E.F.42.484,matched,score=0.579
drovencentro,NOXPIRIN DIA 24 SOBR 15GR SIEGFRIED,31.4976,E.F.42.453,matched,score=0.573
drovencentro,NOXPIRIN DIA 6 SOBRES 15GR SIEGFRIED,7.8744,,sin_match,sin_candidato
drovencentro,"NOXPIRIN GOTAS 80MG/0,4MG/ML 15ML MEYER",2.696,,sin_match,sin_candidato
drovencentro,NOXPIRIN GRIP 12TAB SIEGFRIED,5.9904,,sin_match,sin_candidato
drovencentro,NOXPIRIN GRIP 25 BLISTER 4TAB DISPENSADOR SIEGFRIED,29.976,,sin_match,sin_candidato
drovencentro,NOXPIRIN JBE 125/0.5MG/5ML 120ML SIEGFRIED,6.5144,,sin_match,sin_candidato
drovencentro,NOXPIRIN JBE 325/1.25MG/5ML 120ML SIEGFRIED,9.54,,sin_match,sin_candidato
drovencentro,NOXPIRIN NOCHE 12 SOBRES 10GR SIEGFRIED,15.9048,,sin_match,sin_candidato
drovencentro,NOXPIRIN NOCHE 6 SOBRES 10GR SIEGFRIED,8.8448,,sin_match,sin_candidato
drovencentro,NUCITA 12 TUBITO 35G CHOCOLATE,11.60544,,sin_match,sin_candidato
drovencentro,NUTRAMIN 8.5% 500CC BEHRENS,42.294,,sin_match,sin_candidato
drovencentro,NUTRIFARM HAIR NAIL 30CAP PHARMATECH,7.0244,,sin_match,sin_candidato
drovencentro,NUTRIVIDA PRENATAL  60CAPS ETERNAL,8.4928,,sin_match,sin_candidato
drovencentro,NUVICORT-A 50MG/5ML I/ARTICULAR NUVILLE,21.72255,,sin_match,sin_candidato
drovencentro,NUVIMOX AMOXICILINA AC CLAVULANICO 875MG -125MG 10TAB NUVILLE,8.15247,,sin_match,sin_candidato
drovencentro,NYTAXIN 500MG 6CAPS BLANDAS VIVAX,10.784,,sin_match,sin_candidato
drovencentro,OBCARDIS TELMISARTAN 80MG 30TAB OB MEDICAL,6.75648,,sin_match,sin_candidato
drovencentro,OBTURADOR  100UND SAGLAM JMW,7.24,,sin_match,sin_candidato
drovencentro,OCUPRED 1% SUSP OFT 5ML OFTALMI,11.56,E.F.G.43.411,matched,score=0.742
drovencentro,ODAZYTH 500MG  5TAB REC AZITROMICINA CAPSUVEN,1.6128,,sin_match,sin_candidato
drovencentro,OFAFLAN 15MG SUSP GOTAS 30ML ELMOR,1.70912,E.F.G.38.330,matched,score=0.884
drovencentro,OFAFLAN 2MG/ML SUSP ORAL 120ML ELMOR,6.17008,,sin_match,sin_candidato
drovencentro,OFTERRA UNG OFT 7G OXITETRACICLINA OFTALMI,18.832,,sin_match,sin_candidato
drovencentro,OKI TOALLITAS HUMEDAS BABY LOTION 64UND SURA,1.752,,sin_match,sin_candidato
drovencentro,OKYS WOMEN BEAUTY MULTIVIT 60 CAP NATURLIFES,10.096,,sin_match,sin_candidato
drovencentro,OLANZAPINA 5MG 30 TAB CLEO,19.6928,,sin_match,sin_candidato
drovencentro,OLFORIC 200MG/100ML SOL INY 1AMP CIPROFLOXACINA ADN,1.1664,,sin_match,sin_candidato
drovencentro,OLMEBLOC 20MG  30TAB REC OLMESARTAN  BIOMERCY,4.816,,sin_match,sin_candidato
drovencentro,OLMEBLOC 40MG  30TAB REC OLMESARTAN  BIOMERCY,8.16,,sin_match,sin_candidato
drovencentro,OLMECAR 20MG 30COMP REC LETI,12.728,E.F.39.403,matched,score=0.790
drovencentro,OLMECAR 40MG 30COMP REC LETI,21.704,E.F.G.40.510,matched,score=0.876
drovencentro,OLMESARTAN  20MG 10TAB LA SANTE,3.1008,,sin_match,sin_candidato
drovencentro,OLMESARTAN  40MG 10TAB LA SANTE,5.6576,,sin_match,sin_candidato
drovencentro,OLMESARTAN 20MG  30TAB KMPLUS,3.66048,,sin_match,sin_candidato
drovencentro,OLMESARTAN 20MG 30COMP REC LETI,6.552,E.F.G.38.921,matched,score=0.892
drovencentro,OLMESARTAN 20MG 30TAB ALESS,2.14259,,sin_match,sin_candidato
drovencentro,OLMESARTAN 20MG 30TAB CALOX,6.248,E.F.G.38.415,matched,score=0.900
drovencentro,OLMESARTAN 20MG 30TAB REC LA SANTE,6.5416,,sin_match,sin_candidato
drovencentro,OLMESARTAN 40MG  30TAB KMPLUS,5.80944,,sin_match,sin_candidato
drovencentro,OLMESARTAN 40MG 30COMP LETI,12.152,E.F.G.40.510,matched,score=0.901
drovencentro,OLMESARTAN 40MG 30TAB ALESS,3.16331,,sin_match,sin_candidato
drovencentro,OLMESARTAN 40MG 30TAB ANGELUS,5.168,,sin_match,sin_candidato
drovencentro,OLMESARTAN 40MG 30TAB CALOX,12.336,E.F.G.38.313,matched,score=0.900
drovencentro,OLMESARTAN 40MG 30TAB REC LA SANTE,12.8232,,sin_match,sin_candidato
drovencentro,OLMESARTAN 40MG 30TAB ZUZU,9.552,,sin_match,sin_candidato
drovencentro,"OLMESARTAN MED-HCT 40-12,5MG   30COMP REC LETI",12.472,E.F.G.40.510,matched,score=0.911
drovencentro,OLMETIQUE 20MG 30TAB REC PHARMETIQUE,7.65,,sin_match,sin_candidato
drovencentro,OLMETIQUE 40MG 30TAB PHARMETIQUE,14.1848,,sin_match,sin_candidato
drovencentro,OMEBLOC 40MG SOL INY 10AMP BEHRENS,14.8428,,sin_match,sin_candidato
drovencentro,OMEGA 3   30CAPS NATURISTIK,7.4736,,sin_match,sin_candidato
drovencentro,OMEGA 3  1000MG  60 SOFTGELS NATURAL SYSTEMS,22.536,,sin_match,sin_candidato
drovencentro,OMEGA 3  60CAPS NATURISTIK,10.5336,,sin_match,sin_candidato
drovencentro,OMEGA 3  FISH OIL 1000MG  30CAPS NATURISTIK,7.4736,,sin_match,sin_candidato
drovencentro,OMEGA 3  FISH OIL 1000MG  60CAPS NATURISTIK,10.5336,,sin_match,sin_candidato
drovencentro,OMEGA 3 1000MG  100CAPS ETERNAL,13.236,,sin_match,sin_candidato
drovencentro,OMEGA 3 1000MG  60CAPS WALIFE,9.2072,,sin_match,sin_candidato
drovencentro,OMEGA 3 1000MG 100 SOFTGELS NATURAL SYSTEMS,30.256,,sin_match,sin_candidato
drovencentro,OMEGA 3 1000MG 10CAPS  BLISTER NATURAL SYSTEMS,2.464,,sin_match,sin_candidato
drovencentro,OMEGA 3 1000MG 60CAPS BLAN ARCOIRIS,13.536,,sin_match,sin_candidato
drovencentro,OMEGA 3 1200MG  50CAPS BLAN ABEJITA,10.7236,,sin_match,sin_candidato
drovencentro,OMEGA 3 6 9 - 1200MG  50CAPS  BLANDAS ABEJITA,10.7236,,sin_match,sin_candidato
drovencentro,OMEGA 3 ACEITE DE PESCADO 1000MG 30CAP BLAN  VAL,10.1004,,sin_match,sin_candidato
drovencentro,OMEGA 3 ACEITE DE PESCADO 1000MG 60 CAP BLAN  VAL,14.858,,sin_match,sin_candidato
drovencentro,OMEGA 3 PLUS 1250 MG 60CAPS BLAN PREVENTUD,16,,sin_match,sin_candidato
drovencentro,OMEGA 3 PLUS 2000MG  90CAPS ETERNAL,14.518,,sin_match,sin_candidato
drovencentro,OMEGA 3-6-9  30CAPS NATURISTIK,7.0344,,sin_match,sin_candidato
drovencentro,OMEGA 3-6-9  60CAPS ARCOIRIS,13.536,,sin_match,sin_candidato
drovencentro,OMEGA 3-6-9 1000MG 60CAPS BLAN NATURAL SYSTEMS,20.936,,sin_match,sin_candidato
drovencentro,OMEGA-3  1000MG  30CAP BLANDA NOW,9.848,,sin_match,sin_candidato
drovencentro,OMEGA-3  60CAPS BLAN HERBAPLANT,10.4584,,sin_match,sin_candidato
drovencentro,OMEGA-3 1000 MG 60 CAPS BLAN PREVENTUD,14.152,,sin_match,sin_candidato
drovencentro,OMEGA-3 1000MG  45CAPS NOW,11.88,,sin_match,sin_candidato
drovencentro,OMEGA-3 1000MG 100CAPS NOW,18.032,,sin_match,sin_candidato
drovencentro,OMEGA-3 FISH OIL 2000MG 60CAP BLAN PHARMACORP,14.4,,sin_match,sin_candidato
drovencentro,OMEPRAZOL  40MG 10CAPS KMPLUS,1.43008,,sin_match,sin_candidato
drovencentro,OMEPRAZOL  40MG 7CAPS OFTALMI,5.344,E.F.G.43.452,matched,score=0.905
drovencentro,OMEPRAZOL 20 MG 20 CAPS DAC55,1.99403,,sin_match,sin_candidato
drovencentro,OMEPRAZOL 20MG  10CAP  FARMAMED,1.09286,,sin_match,sin_candidato
drovencentro,OMEPRAZOL 20MG  10CAP ARTE MEDICO,1.128,,sin_match,sin_candidato
drovencentro,OMEPRAZOL 20MG 10CAP ANGELUS,0.992,,sin_match,sin_candidato
drovencentro,OMEPRAZOL 20MG 14CAPS BUKA,1.02394,,sin_match,sin_candidato
drovencentro,OMEPRAZOL 20MG 14CAPS CALOX,2.76,E.F.G.27.785,matched,score=0.908
drovencentro,OMEPRAZOL 20MG 20 CAPS FAHD,1.8848,,sin_match,sin_candidato
drovencentro,OMEPRAZOL 20MG 28CAPS CALOX,4.16,E.F.G.27.785,matched,score=0.908
drovencentro,OMEPRAZOL 20MG 28CAPS SPEFAR,7.55712,E.F.G.30.489,matched,score=0.900
drovencentro,OMEPRAZOL 20MG 30CAP MICRO/CE GENVEN,4.672,E.F.G.28.613,matched,score=0.889
drovencentro,OMEPRAZOL 20MG 30CAPS LA SANTE,5.20608,,sin_match,sin_candidato
drovencentro,OMEPRAZOL 20MG 30CAPS OFTALMI,5.976,E.F.G.35.417,matched,score=0.899
drovencentro,OMEPRAZOL 20MG 30TAB JKN MED,2.704,,sin_match,sin_candidato
drovencentro,OMEPRAZOL 20MG 7CAPS OFTALMI,3.432,E.F.G.35.417,matched,score=0.905
drovencentro,OMEPRAZOL 20MG 8CAPS LA SANTE,2.2372,,sin_match,sin_candidato
drovencentro,OMEPRAZOL 20MG 8CAPS LETI,1.456,E.F.G.28.613,matched,score=0.906
drovencentro,OMEPRAZOL 20MG X 10CAPS KMPLUS,1.0788,,sin_match,sin_candidato
drovencentro,OMEPRAZOL 20MG X 30 CAPS.GC,3.29592,,sin_match,sin_candidato
drovencentro,OMEPRAZOL 20MG X 7 CAPS GEN DE CALIDAD,1.24992,,sin_match,sin_candidato
drovencentro,OMEPRAZOL 40MG  SOL INY 1 VIAL DISTRILAB,1.47552,,sin_match,sin_candidato
drovencentro,OMEPRAZOL 40MG 10CAP GENVEN,4.296,E.F.G.41.965,matched,score=0.896
drovencentro,OMEPRAZOL 40MG 10CAPS LP10 BLISTER BIO DE VZLA,9.7488,,sin_match,sin_candidato
drovencentro,OMEPRAZOL 40MG 1AMP OMEPRUNI,1.6,,sin_match,sin_candidato
drovencentro,OMEPRAZOL 40MG 30 CAPS MEDICAL GROUP,4.76464,,sin_match,sin_candidato
drovencentro,OMEPRAZOL 40MG 30CAP LA SANTE,12.39776,,sin_match,sin_candidato
drovencentro,OMEPRAZOL 40MG 30CAPS OFTALMI,13.896,E.F.G.43.452,matched,score=0.899
drovencentro,OMEPRAZOL 40MG I.V  SOL INY  1AMP CORPOMECA,1.8304,,sin_match,sin_candidato
drovencentro,OMEPRAZOL 40MG IV 10AMP VITALIS,39.384,,sin_match,sin_candidato
drovencentro,OMMUNAL 7MG 10CAPS LETI,27.976,,sin_match,sin_candidato
drovencentro,ONC PIEL IRRADIADA CR CORPORAL 120ML COHER,7.128,,sin_match,sin_candidato
drovencentro,ONDAMED 4MG  10TAB ONDASETRON PHARMAMED,2.4,,sin_match,sin_candidato
drovencentro,ONDANSETRON  4MG/2ML SOL INY I.V 10AMP KMPLUS,16.5312,,sin_match,sin_candidato
drovencentro,ONDANSETRON  8MG 10TAB CLEO,5.8824,,sin_match,sin_candidato
drovencentro,ONDANSETRON  8MG/4ML SOL INY 5AMP DISTRILAB,11.8248,,sin_match,sin_candidato
drovencentro,ONDANSETRON 2MG/2ML 4MG SOL NY KLINOS,3.5564,E.F.G.30.228,matched,score=0.759
drovencentro,ONDANSETRON 2MG/4ML 8MG SOL INY KLINOS,5.338,E.F.G.30.228,matched,score=0.762
drovencentro,ONDANSETRON 4MG  10COMP KLINOS,5.8616,E.F.G.30.342,matched,score=0.906
drovencentro,ONDANSETRON 4MG /5ML SOL ORAL 50ML KLINOS,7.1128,E.F.G.42.197,matched,score=0.927
drovencentro,ONDANSETRON 4MG 10TAB MEDICAL GROUP,2.32024,,sin_match,sin_candidato
drovencentro,ONDANSETRON 8MG  10 TABLETAS  ADN,4.2048,,sin_match,sin_candidato
drovencentro,ONDANSETRON 8MG  10COMP KLINOS,8.262,E.F.G.30.344,matched,score=0.906
drovencentro,ONDANSETRON 8MG 10TAB MEDICAL GROUP,3.3368,,sin_match,sin_candidato
drovencentro,ONDANSETRON 8MG/4ML IV AMP BIOSANO,2.384,,sin_match,sin_candidato
drovencentro,ONDANSETRON 8MG/4ML SOL INY I.V 10AMP KMPLUS,17.50208,,sin_match,sin_candidato
drovencentro,ONDATRIN 2MG/ML 5AMP 4MG AMP 2ML BEHRENS,8.9224,,sin_match,sin_candidato
drovencentro,ONDATRIN 2MG/ML SOL 1AMP 8MG/4ML BEHRENS,5.092,,sin_match,sin_candidato
drovencentro,ONDAZIN 8MG/4 ML 10AMP ONDANSETRON BLUE MEDICAL,25.536,,sin_match,sin_candidato
drovencentro,ONDOPRA 8 MG/4ML INY IM/IV,1.764,,sin_match,sin_candidato
drovencentro,OPRANEX 20MG 30CAPS OMEPRAZOL BLUE MEDICAL,2.2,,sin_match,sin_candidato
drovencentro,OPRANEX 40MG P/P SOL INY I.V  1VIAL OMEPRAZOL BLUE MEDICAL,1.472,,sin_match,sin_candidato
drovencentro,ORALZINC SALES DE REHID P/P SUSP.FRUTAS TROP,4.5,E.F.41.670,matched,score=0.618
drovencentro,ORALZINC SALES DE REHID P/P SUSP.MANDAR,4.5,E.F.41.671,matched,score=0.633
drovencentro,ORLIDIET 120MG  30CAP KLINOS,19.2508,E.F.39.093,matched,score=0.899
drovencentro,ORLIDIET 60MG  30CAP ROEMMERS,11.8184,E.F.40.197,matched,score=0.891
drovencentro,OROFENO 150MG 10COMP LC LETI,18.168,E.F.42.182,matched,score=0.891
drovencentro,OROZIM 192MG 10COMP REC BIOTECH,5.232,,sin_match,sin_candidato
drovencentro,OROZIM 192MG 20COMP REC BIOTECH,7.7368,,sin_match,sin_candidato
drovencentro,"ORTOBAN GUATA 4 3YDS10CM 2,7M 1 ROLLO",3.896,,sin_match,sin_candidato
drovencentro,"ORTOBAN GUATA 8 3YDS  20CM 2,70M 1 ROLLO",4.864,,sin_match,sin_candidato
drovencentro,"ORTOBAN YESO 8X3YDS 1 ROLLO 20CMX 2,7M",6.464,,sin_match,sin_candidato
drovencentro,OSTEOFLEX 30CAPS ARCOIRIS,6.768,,sin_match,sin_candidato
drovencentro,OSTEOFLEX 60CAPS ARCOIRIS,10.832,,sin_match,sin_candidato
drovencentro,OSTEOVIT 60CAPS HERBAPLANT,6.8,,sin_match,sin_candidato
drovencentro,OTAN GOTAS 0.1G/4G/100ML 5ML VINCENTI,10.308,E.F.5.708,matched,score=0.751
drovencentro,OTOCORT 1MG/5MG 5000UI  SUSP OTICA 5ML OFTALMI,6.568,E.F.43.662,matched,score=0.934
drovencentro,OVERSKIN 13%CREMA P/PAÑALITIS X 50G,2.1012,,sin_match,sin_candidato
drovencentro,OVERSKIN 40%CREMA ANTI-PAÑALITIS X50G,3.5972,,sin_match,sin_candidato
drovencentro,"OVOREST 75MG  28 TAB LEVONORGESTREL 0,15MG/ETINILESTRADIOL 0.03MG CAPSUVEN",2.2176,,sin_match,sin_candidato
drovencentro,OVULOS OZONIZADOS 500MG  6 OV SAN LORENZO,8.984,,sin_match,sin_candidato
drovencentro,OVULOS PREBIOTICOS 10UND  CUMLAUDE LAB,33.92,,sin_match,sin_candidato
drovencentro,OVUSITOL D 14 SOB COMPLEMENTO ALIMEN ITALFARMACO,19.34533,,sin_match,sin_candidato
drovencentro,OXACILINA 1G VIAL KMPLUS,2.24112,,sin_match,sin_candidato
drovencentro,OXACILINA 1GR IM/IV 1AMP VITALIS,3.936,,sin_match,sin_candidato
drovencentro,OXCARBAMAZEPINA 300MG 30TAB LATTAN MEDIC,9.15864,,sin_match,sin_candidato
drovencentro,OXCARBAZEPINA 300MG 30TAB CLEO,7.936,,sin_match,sin_candidato
drovencentro,OXIDO DE CINC UNG 30GR LYA,3.8272,,sin_match,sin_candidato
drovencentro,OXIDREN 150MG 1COMP REC LETI,12.824,E.F.38.580,matched,score=0.894
drovencentro,OXIMETAZOLINA  0.025% SPRAY NASAL 10ML KMPLUS,2.0976,,sin_match,sin_candidato
drovencentro,OXIMETAZOLINA  0.05% SPRAY NASAL 10ML KMPLUS,2.24808,,sin_match,sin_candidato
drovencentro,OXINORM 30CAPS MEDIFARM,15.96624,,sin_match,sin_candidato
drovencentro,OXITETRACICLINA POLIMIXINA 0.5% UNG OFT,16.944,,sin_match,sin_candidato
drovencentro,OXITOCINA  10IU/ML  5AMP  UNIPHARMA,8.208,,sin_match,sin_candidato
drovencentro,OXITOCINA  5IU/ML  10AMP UNIPHARMA,7.08,,sin_match,sin_candidato
drovencentro,OXOLAMINA  28MG/5ML JBE PED 120ML GENCER,3.888,E.F.G.26.053,matched,score=0.897
drovencentro,OXOLAMINA 50MG/5ML AD JBE 120ML GENCER,3.936,E.F.G.26.052,matched,score=0.892
drovencentro,OXOLAMINA CIT 50MG/5ML JBE PED 120ML GENVEN,4.648,E.F.G.35.922,matched,score=0.890
drovencentro,OZONE BUCAL ENJUAG BUCAL OZONIZADO 250ML OZONEPUI,3.824,,sin_match,sin_candidato
drovencentro,OZONE FRESH MINT SPRAY REFRESCANTE BUCAL 40ML OZONEPUI,2.176,,sin_match,sin_candidato
drovencentro,OZONE MENTHOL EUB CREMA 60GR OZONEPUI,3.384,,sin_match,sin_candidato
drovencentro,PALMPERFECT CORDLESS BIKINI TRIMMER BRIUTCARE,25.008,,sin_match,sin_candidato
drovencentro,PALMPERFECT WOMENS CORDLESS SHAVER BRIUTCARE,27.0408,,sin_match,sin_candidato
drovencentro,PANTALLA SOLAR ACNE RESCUE FPS 50+ 50ML ZOAH,6.9312,,sin_match,sin_candidato
drovencentro,PANTALLA SOLAR CORPORAL AEROSOL 240ML ZOAH,10.116,,sin_match,sin_candidato
drovencentro,PANTALLA SOLAR FACIAL FPS 50+ 50ML ZOAH,6.456,,sin_match,sin_candidato
drovencentro,PANTALLA SOLAR FACIAL RETOUCH 65ML ZOAH,6.5808,,sin_match,sin_candidato
drovencentro,PANTOBIO PLUS 40MG 30TAB BIOMERCY PANTOPRAZOL,5.9696,,sin_match,sin_candidato
drovencentro,PANTOPRAZOL 40MG 10COMP LETI,5.048,E.F.G.37.274,matched,score=0.907
drovencentro,PANTOPRAZOL 40MG 10TAB  KMPLUS,2.42904,,sin_match,sin_candidato
drovencentro,PANTOPRAZOL 40MG 7TAB ALESS,1.04488,,sin_match,sin_candidato
drovencentro,PAPAYA FRUIT 30TAB MAST PHARMATECH,7.8744,,sin_match,sin_candidato
drovencentro,PAPEL HIGIENICO SCOTT RINDEMAX 4ROLLOS DIMASSI,2.72384,,sin_match,sin_candidato
drovencentro,PARACETABLUX 1G/100ML SOL  P/INFUSION  I.V PARACETAMOL BLUE MEDICAL,3.84,,sin_match,sin_candidato
drovencentro,PARACETAMOL 120MG/5ML JBE 120ML PORTUGAL,3.248,,sin_match,sin_candidato
drovencentro,PARACETAMOL 1G/100ML SOL INY DISTRILAB,8.51424,,sin_match,sin_candidato
drovencentro,PARCHES CONTROL DEL APETITO SOBRE  6 THE PATCH CLUB,4.68,,sin_match,sin_candidato
drovencentro,PARCHES MULTIVITAMINICOS ANTIRESACA SOBRE  6 THE PATCH CLUB,4.68,,sin_match,sin_candidato
drovencentro,PARCHES MULTIVITAMINICOS DORMIR SOBRE  6 THE PATCH CLUB,4.68,,sin_match,sin_candidato
drovencentro,PARCHES MULTIVITAMINICOS ENERGIA SOBRE  6 THE PATCH CLUB,4.68,,sin_match,sin_candidato
drovencentro,PARCHES OJOS PURIFYING DETOX 1PAR 6GR ZOAH,0.4408,,sin_match,sin_candidato
drovencentro,PAROXETINA 20MG 30TAB CLEO,9.856,,sin_match,sin_candidato
drovencentro,PART-FILL CLORUR SOD 0.9% SOL IV 100ML BEHRENS,2.1052,E.F.G.32.566,matched,score=0.756
drovencentro,PASIFLORA 120ML ARCOIRIS,5.416,,sin_match,sin_candidato
drovencentro,PASIFLORA JBE 120ML RECETTMARKET,3.74226,,sin_match,sin_candidato
drovencentro,PASIFLORA/VALERIANA JBE 120ML RECETTMARKET,4.4871,,sin_match,sin_candidato
drovencentro,PASIM 10MG 10 COMP REC MEGALABS,4.68,E.F.43.713,matched,score=0.596
drovencentro,PASIM 10MG/ML SOL GOT 15ML KLINOS,5.168,E.F.41.590,matched,score=0.590
drovencentro,PASIM FEM 20MG - 400MG 10COMP REC,4.9216,E.F.43.845,matched,score=0.604
drovencentro,PASIM PLUS 10MG/ 500MG  10COMP REC KLINOS,4.92,E.F.43.713,matched,score=0.599
drovencentro,PASIM PLUS 2MG-100MG/ML SOL ORAL 15ML KLINOS,4.4288,E.F.41.590,matched,score=0.604
drovencentro,PASOLAX POLVO SOLUCION ORAL 100MG SIEGFRIED,6.2548,E.F.42.399,matched,score=0.791
drovencentro,PASSIFLORA JARABE 180ML FARMAGENIK,3.8228,,sin_match,sin_candidato
drovencentro,PASTA AL AGUA 150G 1 UNIDAD FSI,3.82272,,sin_match,sin_candidato
drovencentro,PASTA AL AGUA 30G 1UNID F.S.I,1.71072,,sin_match,sin_candidato
drovencentro,PASTA AL AGUA OZONIZADA 100GR RECETTMARKET,5.89852,,sin_match,sin_candidato
drovencentro,PASTEZINC PASTA AL AGUA 50G.SOMA,6.256,,sin_match,sin_candidato
drovencentro,"PATADINE PLUS 0,2% SOL OFTALMICA 5ML DIEMA",10.60952,,sin_match,sin_candidato
drovencentro,PATALON GOTAS OFT 5ML CAPSUVEN,3.168,,sin_match,sin_candidato
drovencentro,PATFLUX 40MG 14TAB ALESS,2.58891,,sin_match,sin_candidato
drovencentro,PATO CLINICO 3L BRIUTCARE,12.616,,sin_match,sin_candidato
drovencentro,PAXIL 25MG 30TAB FARMA,12.47646,,sin_match,sin_candidato
drovencentro,PAÑAL SIEMPRE SECO M AD X 6,4.47752,,sin_match,sin_candidato
drovencentro,PAÑALES SIEMPRE SECO T- G X 6 ADULTO,4.94312,,sin_match,sin_candidato
drovencentro,PEDI JABON AZUFRADO 100G  DAWGUT,2.28,,sin_match,sin_candidato
drovencentro,PEDIACORT SOL ORAL 60ML OFTALMI,9.592,E.F.23.662,matched,score=0.535
drovencentro,PEGYT 150MG 20CAPS LETI,9.144,E.F.39.670,matched,score=0.903
drovencentro,PEGYT 25MG  30CAP LETI,7.77216,E.F.43.568,matched,score=0.891
drovencentro,PEGYT 50MG  30CAPS PREGABALINA LETI,9.256,E.F.43.569,matched,score=0.889
drovencentro,PEGYT 75MG 20CAP LETI,3.9456,E.F.39.669,matched,score=0.891
drovencentro,PEINE P/ PIOJOS ACERO INOXIDABLE HTBRUSH,7.768,,sin_match,sin_candidato
drovencentro,PEINE P/ PIOJOS MANGO GOMA HTBRUSH,7.608,,sin_match,sin_candidato
drovencentro,PENICILINA 1.200.000UI 1AMP ZUZU,4.0704,,sin_match,sin_candidato
drovencentro,PENICILINA 1.200.000UI IM VIAL KMPLUS,1.2876,,sin_match,sin_candidato
drovencentro,PENICILINA 2.400.000UI IM VIAL KMPLUS,0.94736,,sin_match,sin_candidato
drovencentro,PENICILINA BENZATINICA G 1200000 IM AMP VITALIS,3.4,,sin_match,sin_candidato
drovencentro,PENICILINA BENZATINICA G 2400000UI  1AMP VITALIS,5.368,,sin_match,sin_candidato
drovencentro,PENICILINA G BENZATINICA 1.200.000 UI  1VIAL VINCENTI,2.278,,sin_match,sin_candidato
drovencentro,PENTAMAG 60 CAPS CITRATO MAGNESIO ARCOIRIS,10.832,,sin_match,sin_candidato
drovencentro,PENTOXIFILINA 400MG 30TAB CLEO,10.2592,,sin_match,sin_candidato
drovencentro,PEPSADEL 262MG 12TAB MAST BISMUTO DISKAM,7.896,,sin_match,sin_candidato
drovencentro,"PEPSADEL 87,33MG/5ML SUSP 120ML BISMUTO DISKAM",7.896,,sin_match,sin_candidato
drovencentro,PEPTO BISMOL 527MG/5ML  473ML,27.85521,E.F.44.126,matched,score=0.789
drovencentro,PEPTO BISMOL 527MG/5ML 236ML,14.67819,E.F.44.126,matched,score=0.789
drovencentro,PEPTO BISMOL ORIGINAL 525MG/30ML 118ML,7.98961,E.F.44.126,matched,score=0.700
drovencentro,PEREBRON 28MG PED MIEL-LIMON 120ML ELMOR,3.59856,,sin_match,sin_candidato
drovencentro,PEREBRON 28MG/5ML JBE PED 120ML ELMOR,3.55152,,sin_match,sin_candidato
drovencentro,PEREBRON 50MG AD MIEL-LIMON 120ML ELMOR,4.16304,,sin_match,sin_candidato
drovencentro,PEREBRON 50MG/5ML JBE AD 120ML FRAMB ELMOR,3.85728,E.F.G.26.205,matched,score=0.876
drovencentro,PERIDONT ENJUAGUE BUCAL 350ML,13.032,,sin_match,sin_candidato
drovencentro,PERIDONT SOL ENJUAGUE ORAL 240ML OFTALM,9.696,,sin_match,sin_candidato
drovencentro,PERIOZAHN PLUS S/ALCOH 250ML VARGAS,4.912,,sin_match,sin_candidato
drovencentro,PERLAVIS FEMME BIO PLUS BAÑO INTIMO 360ML FC PHARMA,9.0504,,sin_match,sin_candidato
drovencentro,PERLAVIS FEMME TEENS  200ML BAÑO INTIMO,4.8816,,sin_match,sin_candidato
drovencentro,PERMADOL IBUPROFENO+TIOCOLCHICOSIDO 600/4MG  10TAB ANGELUS,4.456,,sin_match,sin_candidato
drovencentro,PEROXIDO DE BENZOILO 10% GEL 30GR SOTO GLOBAL,2.8656,,sin_match,sin_candidato
drovencentro,PEROXIDO DE BENZOILO 5% GEL 30GR SOTO GLOBAL,2.7,,sin_match,sin_candidato
drovencentro,PERTEN 1% GEL TOPICO 20G SIEGFRIED,9.6336,E.F.40.673,matched,score=0.794
drovencentro,PERTEN 1% SOL ATOM TOP 30ML SIEGFRIED,12.2264,E.F.40.673,matched,score=0.752
drovencentro,PERTEN 1% SOL TOP 30ML SIEGFRIED,11.6008,E.F.40.673,matched,score=0.764
drovencentro,PERTEN 250MG 20TAB SIEGFRIED,23.256,E.F.41.064,matched,score=0.909
drovencentro,PERTEN CREMA 1% 20GR SIEGFRIED,7.194,E.F.37.330,matched,score=0.602
drovencentro,PHARMA ALGI F 10 CM 10CM /10 NID,37.848,,sin_match,sin_candidato
drovencentro,PHARMA KT COLORES SURTIDOS 5CM X 5M,4.864,,sin_match,sin_candidato
drovencentro,PHARMAFET LP  500MG  30 TAB LP METFORMINA MT,3.56661,,sin_match,sin_candidato
drovencentro,PHARMAFIX 10 CM X 10M,12.232,,sin_match,sin_candidato
drovencentro,PHARMAFIX 20CM X 10M  / 1 UNID,24.832,,sin_match,sin_candidato
drovencentro,PHARMAPORE STERILE 10CM X 35 CM X 5 UND.,12.76,,sin_match,sin_candidato
drovencentro,PHARMORAT FORTE 20CAPS BLANDAS LETI,12.12928,,sin_match,sin_candidato
drovencentro,PHENYTOPRA 250MG/5ML SOL INY 1AMP FENITOINA ADN,0.9432,,sin_match,sin_candidato
drovencentro,PIASCLEDINE 300MG 10CAPS MEGALABS,9.52,,sin_match,sin_candidato
drovencentro,PICOLINATO DE CROMO 200MG 60TABS PHARMATECH,6.7328,,sin_match,sin_candidato
drovencentro,PINAVIX 100MG  30 COMP REC KLINOS,15.6712,E.F.40.606,matched,score=0.724
drovencentro,PINAVIX 100MG 20 COMP REC KLINOS,9.5488,E.F.40.606,matched,score=0.724
drovencentro,PINVEX 5G/1G SOL 10ML COFASA,6.128,E.F.21.271,matched,score=0.721
drovencentro,PIPERACILINA TAZOBACTAM 4.5G X 1VIAL. KMPLUS,7.99008,,sin_match,sin_candidato
drovencentro,PIPERACILINA TAZOBACTAM IV 4G/0.5G AMP VITALIS,15.024,,sin_match,sin_candidato
drovencentro,"PIPERACILINA/TAZOBAC 4G/0,5MG I.V SOL INY 1AMP OVEROL",13.96,,sin_match,sin_candidato
drovencentro,PIPERAZINA 500MG/5ML JBE 120ML BIOQUIMICA,3.306,,sin_match,sin_candidato
drovencentro,PIRA + GINKGO 500MG 60CAPS HERBAPLANT,9.3092,,sin_match,sin_candidato
drovencentro,PIRA + GINKO BILOBA 500MG  60CAPS WALIFE,8.4972,,sin_match,sin_candidato
drovencentro,PIRIMED CHAMPU  120ML,16.5024,,sin_match,sin_candidato
drovencentro,"PIROXICAM 0,5% GEL 30GR COASPHARMA",3.312,,sin_match,sin_candidato
drovencentro,PIROXICAM 20MG 10CAP COASPHARMA,3.264,,sin_match,sin_candidato
drovencentro,PIROXICAM 20MG 10CAPS PHARMETIQUE C,4.0032,,sin_match,sin_candidato
drovencentro,PIRULIN BITE CHOCOLATE  200GR,4.80528,,sin_match,sin_candidato
drovencentro,PIRULIN CHOCOLATE ENVASE 300GR,8.08416,,sin_match,sin_candidato
drovencentro,PIRULIN LIMON ENVASE 155GR,4.3344,,sin_match,sin_candidato
drovencentro,"PLAN B  0,75MG  2TAB LEVONORGESTREL",1.48,,sin_match,sin_candidato
drovencentro,PLAVIX 75MG 14COMP SANOFI,21.136,,sin_match,sin_candidato
drovencentro,PLEXAMIN JBE 120ML SIEGFRIED,7.0344,,sin_match,sin_candidato
drovencentro,PLIDAN COMPUESTO 10MG-125MG  20COMP REC,17.7264,E.F.31.051,matched,score=0.814
drovencentro,PLIDAN COMPUESTO 10MG-125MG 5COMP REC,6.032,E.F.31.051,matched,score=0.753
drovencentro,PLIDAN COMPUESTO 2 AMP  2ML MEGALABS,5.7736,E.F.31.052,matched,score=0.670
drovencentro,PLIDAN GOTAS   20ML KLINOS,6.372,E.F.43.858,matched,score=0.520
drovencentro,"POENBIOTIC 0,1MG/0,3% 5ML",6.924,,sin_match,sin_candidato
drovencentro,POENKERAT 0.5% 5ML SOL OFT,7.3236,,sin_match,sin_candidato
drovencentro,POENTOBRAL GEL  5GR MEGALABS,8.06,,sin_match,sin_candidato
drovencentro,POENTOBRAL GOTAS OFTALMICAS 0.3% 5 ML,2.832,,sin_match,sin_candidato
drovencentro,POENTOBRAL PLUS GOTAS OF 5ML,3.384,,sin_match,sin_candidato
drovencentro,POLANTAC 10 TAB,6.48,,sin_match,sin_candidato
drovencentro,POLI-OTICO GOTAS  5ML,4.6536,,sin_match,sin_candidato
drovencentro,POLIAMIN 10% 500ML SOL INY BEHRENS,40.7056,E.F.29.980,matched,score=0.758
drovencentro,POLIFER FOL 1000 100MG/1000MCG  30TAB MASTIC HIERRO POLIMAL/AC FOLIC DISKAM,13.256,,sin_match,sin_candidato
drovencentro,POLIFIX  CREMA 40GR  POLINAC,7.3728,,sin_match,sin_candidato
drovencentro,POLIFIX POLVO 30GR POLINAC,8.4864,,sin_match,sin_candidato
drovencentro,POMADA CEROX 60G FARMAGENIK,3.458,,sin_match,sin_candidato
drovencentro,POMADA DE ARNICA 30GR  RECETTMARKET,3.96044,,sin_match,sin_candidato
drovencentro,POMADA DE ARNICA 60GR RECETTMARKET,2.95201,,sin_match,sin_candidato
drovencentro,POMADA DE AZAHARES  60GR RECETTMARKET,6.74117,,sin_match,sin_candidato
drovencentro,POMADA DE AZUFRE 5% 30GR RECETTMARKET,2.55347,,sin_match,sin_candidato
drovencentro,POSTINOR 2  0.75 MG COMP  VLAYBEL,12.296,,sin_match,sin_candidato
drovencentro,POTASIUM GLUCONATO 99MG  100TAB NOW,14.304,,sin_match,sin_candidato
drovencentro,POTASSIUM CITRATE 180 CAPS NOW,18.0744,,sin_match,sin_candidato
drovencentro,POTAX 10MG 100TAB,36.1304,E.F.42.051,matched,score=0.772
drovencentro,POWERZERO 60CAPS HERBAPLANT,9.3092,,sin_match,sin_candidato
drovencentro,PRACIPRO 500MG X 6 TAB CIPROFLOXACINA ADN,1.008,,sin_match,sin_candidato
drovencentro,PRALINA 75MG 14CAP BIOTECH,3.008,E.F.41.289,matched,score=0.881
drovencentro,PRAXONA 150MG  24TAB ROWE,7.8472,E.F.15.805,matched,score=0.894
drovencentro,PREDCORT 3MG  SUSP  60ML PREDNISOLONA  ZUZU,4.4288,,sin_match,sin_candidato
drovencentro,PREDNISOLONA 3MG/ML SOL ORAL  60ML DAC55,4.5319,,sin_match,sin_candidato
drovencentro,PREDNISOLONA 3MG/ML SUSP ORAL  60ML ZAKI,3.696,,sin_match,sin_candidato
drovencentro,PREDNISOLONA 3MG/ML SUSP ORAL 60ML BIO DE VZLA,1.0432,,sin_match,sin_candidato
drovencentro,PREDNISOLONA 5 MG X 10 TABLETAS BLUE MEDICAL,1.664,,sin_match,sin_candidato
drovencentro,PREDNISOLONA 5MG  10BLISTER 10TABL LAPROFF,7.24,,sin_match,sin_candidato
drovencentro,PREDNISOLONA 5MG 10TABL KMPLUS,0.894,,sin_match,sin_candidato
drovencentro,PREDNISOLONA 5MG 30TAB ANGELUS,3.752,,sin_match,sin_candidato
drovencentro,PREDNISOLONA 5MG 30TAB BLUE MEDICAL,3.152,,sin_match,sin_candidato
drovencentro,PREDNISOLONA ACETATO 1% SOL OFTALMICA 5ML OFTALMI,9.816,E.F.G.43.411,matched,score=0.797
drovencentro,PREDNISOLONA SYP  3MG/ML  60ML JBE PRISOLON SYP DROVENCA,7.136,,sin_match,sin_candidato
drovencentro,PREDNISONA 50MG  10TAB REMENY,3.4944,,sin_match,sin_candidato
drovencentro,PREDNISONA 50MG 10TAB CALOX,6.264,E.F.G.27.150,matched,score=0.900
drovencentro,PREDNISONA 50MG 10TAB GENCER,5.512,,sin_match,sin_candidato
drovencentro,PREDNISONA 5MG  100TAB  DISTRILAB,18.31976,,sin_match,sin_candidato
drovencentro,PREDNISONA 5MG 10COMP SPEFAR,3.29312,E.F.G.42.493,matched,score=0.897
drovencentro,PREDNISONA 5MG 10TAB CALOX,2.104,E.F.G.12.419,matched,score=0.908
drovencentro,PREDNISONA 5MG 10TAB GENCER,2.216,E.F.G.32.934,matched,score=0.906
drovencentro,PREDNISONA 5MG 30TAB CALOX,5.504,E.F.G.12.419,matched,score=0.908
drovencentro,PREDNISONA 5MG/5ML 60ML PORTUGAL,2.992,,sin_match,sin_candidato
drovencentro,PREDNOSA JAR 3MG/1ML 60ML OKA,7.7976,,sin_match,sin_candidato
drovencentro,PREGABALINA 150MG  30CAPS ALESS,6.85086,,sin_match,sin_candidato
drovencentro,PREGABALINA 150MG 30CAPS OB MEDICAL,7.23488,,sin_match,sin_candidato
drovencentro,PREGABALINA 150MG 30TAB PHARMARIS,4.71789,,sin_match,sin_candidato
drovencentro,PREGABALINA 75MG  30CAP  MEDICAL GROUP,4.16712,,sin_match,sin_candidato
drovencentro,PREGABALINA 75MG  30CAP FARMAMED,2.49796,,sin_match,sin_candidato
drovencentro,PREGABALINA 75MG  30CAPS ANGELUS,3.432,,sin_match,sin_candidato
drovencentro,PREGABALINA 75MG  30CAPS OB MEDICAL,4.1216,,sin_match,sin_candidato
drovencentro,PREGABALINA 75MG 14CAPS LATTAN MEDIC,3.43728,,sin_match,sin_candidato
drovencentro,PREGABALINA 75MG 30CAPS ALESS,4.2608,,sin_match,sin_candidato
drovencentro,PREGABALINA 75MG 30TAB PHARMARIS,2.74006,,sin_match,sin_candidato
drovencentro,PREGATAN 75MG  30TAB  ZORIAK PREGABALINA,7.32822,,sin_match,sin_candidato
drovencentro,PRELIVAL 150MG 20CAPS VALMORCA,9.3744,E.F.41.141,matched,score=0.899
drovencentro,PRELIVAL 75MG 20CAPS VALMORCA,4.8144,E.F.41.142,matched,score=0.894
drovencentro,PRESERVATIIVO SENSE CALOR Y FRIO 3UND BRIUTCARE,2.768,,sin_match,sin_candidato
drovencentro,PRESERVATIIVO SENSE LIBRE DE LATEX X 3 BRIUTCARE,9.12,,sin_match,sin_candidato
drovencentro,PRESERVATIIVO SENSE RETARDANTE  3UND BRIUTCARE,2.4912,,sin_match,sin_candidato
drovencentro,PRESERVATIVO SENSE ESPERMICIDA 3 UND BRIUTCARE,2.768,,sin_match,sin_candidato
drovencentro,PRESERVATIVO SENSE TEXTURIZADO 3 UND BRIUTCARE,2.768,,sin_match,sin_candidato
drovencentro,PRESERVATIVO SENSE ULTRA DELGADO 3 UND BRIUTCARE,2.768,,sin_match,sin_candidato
drovencentro,PRESIDERM 2% UNG 15G ROEMMERS,5.6508,,sin_match,sin_candidato
drovencentro,PREVEGINAT 75MCG 28COMP CCM,7.46232,,sin_match,sin_candidato
drovencentro,PREVERAL C/ DEXTROMETORFANO 120 ML.,4.8312,E.F.40.663,matched,score=0.618
drovencentro,PRIDISMIN 600MG 10BLIST 10TAB DIOSMINA DROVENCA,30.768,,sin_match,sin_candidato
drovencentro,PROBIOTICO-10 C 25 BILLONES  50CAPS NOW,41.48,,sin_match,sin_candidato
drovencentro,PROBIOTICS PRMIUM 25 BILLONES 60CAPS PHARMACORP,18.0576,,sin_match,sin_candidato
drovencentro,PROBIOTICS WITH CRANBERRY  30CAPS ETERNAL,11.688,,sin_match,sin_candidato
drovencentro,PROCILUS D2 ZINC UVA 10SOBRES  LA SANTE,13.0356,,sin_match,sin_candidato
drovencentro,PROFLOX SUCRALFATO 1 G/5ML SUSP 200 ML CLEO,15.304,,sin_match,sin_candidato
drovencentro,PROGEST PROGESTERONA 200MG 30 CAPS BL. VARGAS,33.706,,sin_match,sin_candidato
drovencentro,PROGLYBEN 5MG 10 BLIST 10TAB GLIBENCLAMIDA DROVENCA,8.984,,sin_match,sin_candidato
drovencentro,PROKIDS 30 SOBRES CALOX,6.28,,sin_match,sin_candidato
drovencentro,PROLARDII 10 SOBRES PHARMETIQUE  C,13.6816,,sin_match,sin_candidato
drovencentro,PROMEDINA JARABE 120 ML VARGAS,4.788,E.F.40.663,matched,score=0.565
drovencentro,PROMIX-D ANTIALERGICO SOL 8ML ZAKI,15.7852,,sin_match,sin_candidato
drovencentro,PROMIX-D ANTIDIARREICO SOL 8ML ZAKI,15.7852,,sin_match,sin_candidato
drovencentro,PROMIX-D INMUNIDAD SOL 8ML ZAKI,15.7852,,sin_match,sin_candidato
drovencentro,PROPANOLOL 40MG 20TAB COASPHARMA,2.312,,sin_match,sin_candidato
drovencentro,PROPOLEOS SOLUCION 30ML ABEJITA,3.2028,,sin_match,sin_candidato
drovencentro,PROPRANOLOL 10MG 20TAB BIOTECH,3.472,E.F.43.585,matched,score=0.564
drovencentro,PROPRANOLOL 40MG 20COMP PLUSANDEX,4.46851,,sin_match,sin_candidato
drovencentro,PROPRANOLOL 40MG 20TAB BIOTECH,3.792,E.F.43.585,matched,score=0.541
drovencentro,PROSILOD 8MG  30TAB ZORIAK,14.621,,sin_match,sin_candidato
drovencentro,PROSPAN JBE 100ML,7.1512,,sin_match,sin_candidato
drovencentro,PROSTALAB 500MG  70CAPS ABEJITA,9.0984,,sin_match,sin_candidato
drovencentro,PROSTALIFE 30CAPS JERICO,11.872,,sin_match,sin_candidato
drovencentro,PROSTANAT PLUS 540MG  60CAPS NATURAL SYSTEMS,20.568,,sin_match,sin_candidato
drovencentro,PROSTIVITAL 60CAPS BIOINFINITY,7.616,,sin_match,sin_candidato
drovencentro,PROTAISOL 20MCG AER INHALADOR 200 DOSIS FARMA HISPANA,11.8656,,sin_match,sin_candidato
drovencentro,PROTECTOR SOLAR FREE ROSTRO FPS 60+ TE VERDE 120ML AKN COHER,10.096,,sin_match,sin_candidato
drovencentro,PROTECTORES SANITARIOS CAMA 60X90CM OB MEDI,6.98464,,sin_match,sin_candidato
drovencentro,PROTEINEX POLVO 275 GR,23.752,E.F.25.491,matched,score=0.564
drovencentro,PROTOSULFIL 1% CREMA 15GR ROWE,4.3928,E.F.23.774,matched,score=0.788
drovencentro,PROTOSULFIL CREMA GRANDE 30GR,8.4728,E.F.23.774,matched,score=0.758
drovencentro,PROVICAR 1G/10ML SL OR 180ML ELMOR,7.5264,E.F.24.456,matched,score=0.772
drovencentro,PROVUNI 10MG 28TAB UNIPHARMA,3.52,,sin_match,sin_candidato
drovencentro,PROVUNI ACETATO DE MEDROXIPROGESTERONA 5MG 30TAB,2.416,,sin_match,sin_candidato
drovencentro,PROXIME 750MG 5COMP LETI,9.816,E.F.35.378,matched,score=0.903
drovencentro,PROXON 10MG/125MG 5 COMP REC CLONIXI LINISA/PROPINOX  FC,4.552,,sin_match,sin_candidato
drovencentro,PRUDENCE ANILLO VIBRADOR + 1 CONDON GRATIS TIARES,11.06,,sin_match,sin_candidato
drovencentro,PRUDENCE CLASICO 3UNID TIARES,2.952,,sin_match,sin_candidato
drovencentro,PRUDENCE EXTRA FUERTE  3UNID TIARES,3.4,,sin_match,sin_candidato
drovencentro,PRUDENCE LUBRICANTE  GROSELLA 30ML TIARES,4.34,,sin_match,sin_candidato
drovencentro,PRUDENCE LUBRICANTE  GROSELLA 75ML TIARES,4.7544,,sin_match,sin_candidato
drovencentro,PRUDENCE LUBRICANTE  NATURAL 75ML TIARES,4.7544,,sin_match,sin_candidato
drovencentro,PRUDENCE LUBRICANTE  UVA 30ML TIARES,4.34,,sin_match,sin_candidato
drovencentro,PRUDENCE LUBRICANTE  UVA 75ML TIARES,4.7544,,sin_match,sin_candidato
drovencentro,PRUDENCE MIX CARIBEAN 5UNID TIARES,5.024,,sin_match,sin_candidato
drovencentro,PRUDENCE MIX SABOR Y AROMA 5UNID TIARES,5.168,,sin_match,sin_candidato
drovencentro,PRUDENCE NEON 2 PACK TIARES,6.792,,sin_match,sin_candidato
drovencentro,PRUDENCE SENSITIVE 3UNID 2 PACK TIARES,6.792,,sin_match,sin_candidato
drovencentro,PRUEBAS DE EMBARAZO NATALCARE 2 UNIDADES,2.656,,sin_match,sin_candidato
drovencentro,PRULAX  1MG  30 TAB REC FC,11.2968,,sin_match,sin_candidato
drovencentro,PRURICA CREMA RECTAL 20GR,8.02123,,sin_match,sin_candidato
drovencentro,PRURICA X 7 SUPOSITORIOS,7.92409,,sin_match,sin_candidato
drovencentro,PSYLLIUM HUSK PAPINA DE PAPAYA 400/200MG 60CAPS HERBAPLANT,7.3236,,sin_match,sin_candidato
drovencentro,PULMOLET 1MG/ML SUSP P/NEB 15ML GENVEN,8.888,E.F.37.253,matched,score=0.911
drovencentro,PULMOLET 200MCG SUSP INH 10ML LETI,13.872,,sin_match,sin_candidato
drovencentro,PULMOLIX 600MG 10SOB SAB NARANJA PHARMETIQUE,16.898,,sin_match,sin_candidato
drovencentro,QUANOX 1% CREMA 30GR  IVERMECTINA SIEGFRIED,4.836,,sin_match,sin_candidato
drovencentro,QUERCETOL 500MG 10TAB SIEGFRIED,11.012,,sin_match,sin_candidato
drovencentro,QUETIAPINA  100MG 30COMP REC LETI,6.84,E.F.G.42.605,matched,score=0.894
drovencentro,QUETIAPINA  25MG 30COMP REC LETI,4.512,E.F.G.42.604,matched,score=0.890
drovencentro,QUETIAPINA 100 MG 10 TAB FARMAMED,2.02959,,sin_match,sin_candidato
drovencentro,QUETIAPINA 100MG 30COMP SPEFAR,4.97248,E.F.G.42.527,matched,score=0.799
drovencentro,QUETIAPINA 100MG 30TAB PHARMARIS,4.921,,sin_match,sin_candidato
drovencentro,QUETIAPINA 25MG 30COMP SPEFAR,3.81792,E.F.G.42.526,matched,score=0.794
drovencentro,QUETIAPINA 25MG 30TAB PHARMARIS,3.63289,,sin_match,sin_candidato
drovencentro,QUETIAPINA 300MG  30TAB MT,8.16713,,sin_match,sin_candidato
drovencentro,QUETIAPINA PIMATINA 200MG 30TAB CLEO,7.392,,sin_match,sin_candidato
drovencentro,QUETIVAL 100MG 30TAB,8.0852,E.F.42.736,matched,score=0.923
drovencentro,QUETIVAL 200MG 30TAB,9.7716,E.F.43.563,matched,score=0.923
drovencentro,QUINCHONCHO 90CAPS ARCOIRIS,9.48,,sin_match,sin_candidato
drovencentro,QUINOFTAL X 5 ML.,15.616,,sin_match,sin_candidato
drovencentro,QUINOMAX SOLUC OFT 5ML OFTALMI,16.632,E.F.35.503,matched,score=0.734
drovencentro,QUINOTIC 0.3% SOL OTICO ESTERIL 4ML OFTALMI,14.128,,sin_match,sin_candidato
drovencentro,QUITACALLOS COLAPSIBLES 8G LYA,5.10784,,sin_match,sin_candidato
drovencentro,Q´LITOS COLONIA PARA NIÑO 120ML ARNAMAR,1.512,,sin_match,sin_candidato
drovencentro,Q´LITOS CREMA ANTIPAÑALITIS 120GR ARNAMAR,5.008,,sin_match,sin_candidato
drovencentro,Q´LITOS VASELINA PARA NIÑO 30GRS ARNAMAR,1.144,,sin_match,sin_candidato
drovencentro,Q´LITOS VASELINA PARA NIÑO 80GR ARNAMAR,2.952,,sin_match,sin_candidato
drovencentro,RABANO YODADO 120ML ARCOIRIS,8.12,,sin_match,sin_candidato
drovencentro,RABANO YODADO JBE 120ML RECETTMARKET,3.74226,,sin_match,sin_candidato
drovencentro,"RAMIPRES 2,5MG  30COMP ROEMMER",7.0148,E.F.40.285,matched,score=0.924
drovencentro,RAMIPRES 5MG(RAMIPRIL)  30COMP ROEMMER,6.4624,E.F.40.243,matched,score=0.914
drovencentro,RAMIPRIL 5MG  28TAB OB MEDICAL,4.62208,,sin_match,sin_candidato
drovencentro,RAMIPRIL 5MG  30TAB DAC,6.88848,,sin_match,sin_candidato
drovencentro,RANIFLUX 150MG  30COMP REC RANITID ALESS,6.73339,,sin_match,sin_candidato
drovencentro,RANITIDINA 150MG  10TAB MT GLOBAL CARE,4.57297,,sin_match,sin_candidato
drovencentro,RANITIDINA 150MG/10ML SOL ORAL 120ML BIOQUIMICA,4.5,,sin_match,sin_candidato
drovencentro,RANITIDINA 300MG 10TAB MEDICAL GROUP,2.32024,,sin_match,sin_candidato
drovencentro,RANITIDINA 300MG 10TAB PRISTAN  DROVENCA,2.832,,sin_match,sin_candidato
drovencentro,RANITIDINA 50 MG/2 ML IM/IV 10 AMP BLUE MEDICAL,4.624,,sin_match,sin_candidato
drovencentro,RANITIDINA 50MG/2ML IV IM 10AMP VITALIS,8,,sin_match,sin_candidato
drovencentro,RANITIDINA 50MG/2ML IV IM AMP BIOSANO,0.664,,sin_match,sin_candidato
drovencentro,RECOLECTOR DE ORINA 100UND PRIMA SALUD,27.056,,sin_match,sin_candidato
drovencentro,REDUGRAS 500MG 30CAP BEHRENS,11.856,,sin_match,sin_candidato
drovencentro,"REFLUXYL  0,400GR/0,375G/5ML SUSP ORAL  240ML VARGAS",11.4204,E.F.34.879,matched,score=0.793
drovencentro,REFLUXYL SUSP ORAL X 120 ML.ZUOZ PHARMA,9.7916,E.F.34.879,matched,score=0.756
drovencentro,REFRESH BABY GEL 150ML 10 SOB FRESA PROBIOTICOS RIWA,15.66864,,sin_match,sin_candidato
drovencentro,REGULIP 10MG 30TAB REC FARMA,10.27474,E.F.39.374,matched,score=0.891
drovencentro,REHIDROSOL 45MEQ/L FRAMBUESA 600ML BEHRENS,5.1452,E.F.42.185,matched,score=0.787
drovencentro,REHIDROSOL 45MEQ/L SOL ORAL UVA 600ML BEHERENS,4.8792,E.F.42.037,matched,score=0.788
drovencentro,REHIDROSOL 60MEQ/L SOL ORAL MANZANA 600ML BEHRENS,4.1192,E.F.42.186,matched,score=0.699
drovencentro,REHIDROSOL ZINC MANZANA 60MEQ/L SOL ORAL 600ML BEHRENS,4.2408,E.F.42.702,matched,score=0.736
drovencentro,RELNEX 5MG 30COMP SNC,13.53464,,sin_match,sin_candidato
drovencentro,RESECAL 10MG 10SOB RACECADOTRILO DISKAM,15.832,,sin_match,sin_candidato
drovencentro,"RESEQUIL 0,1% LOCION TOP 10ML OFTALMI",9.84,E.F.43.467,matched,score=0.789
drovencentro,RESVERAPLUS 500MG  70CAPS ABEJITA,13.1104,,sin_match,sin_candidato
drovencentro,RESVERATROL 500MG  30CAPS NATURISTIK,6.1704,,sin_match,sin_candidato
drovencentro,RESVERATROL 500MG 60CAPS WALIFE,10.88,,sin_match,sin_candidato
drovencentro,RESVERATROL COMPLEX 500MG  30CAPS PHARMACORP,13.2912,,sin_match,sin_candidato
drovencentro,RESVERATROL NAD+VID 250/75/125MG 60CAPS  HERBAPLANT,14.6472,,sin_match,sin_candidato
drovencentro,RESVIDOX + NAD 30CAPS BLAN ARCOIRIS,24.64,,sin_match,sin_candidato
drovencentro,REXONA DEO AER PERFECT TONE 90GR/150ML DIMASSI,6.744,,sin_match,sin_candidato
drovencentro,REXONA DEO ROLL ON BAMBOO ALOE 50GR  DIMASSI,3.104,,sin_match,sin_candidato
drovencentro,REXONA DEO ROLLON AB INV WOMEN 50ML DIMASSI,3.104,,sin_match,sin_candidato
drovencentro,REXONA DEO ROLLON ACTIVE EMOTION 50ML DIMASSI,3.104,,sin_match,sin_candidato
drovencentro,REXONA DEO ROLLON ANTIBACT INVISIBLE 50 ML DIMASSI,3.104,,sin_match,sin_candidato
drovencentro,REXONA DEO STICK PERFECT TONE 45GR   DIMASSI,5.64,,sin_match,sin_candidato
drovencentro,REXONA JABON ANTIBAC AVENA 3PACK 110G DIMASSI,4.384,,sin_match,sin_candidato
drovencentro,REXONA JABON ANTIBAC BAMBOO ALOE 110GR DIMASSI,1.584,,sin_match,sin_candidato
drovencentro,REXONA JABON ANTIBAC BAMBOO ALOE 3PACK 110G DIMASSI,4.384,,sin_match,sin_candidato
drovencentro,REXONA JABON ANTIBAC FRESH 110G DIMASSI,1.584,,sin_match,sin_candidato
drovencentro,REXONA JABON ANTIBAC FRESH 3PACK 110G DIMASSI,4.384,,sin_match,sin_candidato
drovencentro,REXONA JABON ANTIBAC LIMPIEZA 110G DIMASSI,1.584,,sin_match,sin_candidato
drovencentro,REXONA JABON ANTIBAC LIMPIEZA 3 PACK 110G DIMASSI,4.384,,sin_match,sin_candidato
drovencentro,RHELEN GEL COOL ICE AZUL 250G INTERVIT,5.72136,,sin_match,sin_candidato
drovencentro,RHELEN GEL HIDRATANTE INTIMO 40ML INTERVIT,5.82912,,sin_match,sin_candidato
drovencentro,RHELEN JABON INTIMO 250ML INTERVIT,5.02656,,sin_match,sin_candidato
drovencentro,RIDAL 1MG  20COMP ROWE,5.6508,E.F.36.450,matched,score=0.902
drovencentro,RIDAL 2MG  20COMP ROWE,6.4872,E.F.30.106,matched,score=0.902
drovencentro,RIDAL 3MG 20COMP ROWE,8.058,E.F.30.105,matched,score=0.902
drovencentro,RIDAL GOTAS 1MG/ML  20ML ROWE,7.136,E.F.39.709,matched,score=0.926
drovencentro,RIFAMICINA 1% SOL ATOMIZADORA 25ML ZUKATI,15.512,,sin_match,sin_candidato
drovencentro,RIFAMIX 550MG 10COMP LETI,24.944,E.F.42.149,matched,score=0.898
drovencentro,RIFENDI 200MG 10COMP REC RIFAXA VARGAS,11.052,,sin_match,sin_candidato
drovencentro,RIFENDI 550MG 10COMP REC RIFAXA VARGAS,26.112,,sin_match,sin_candidato
drovencentro,RIKITI CHOCO MANI 130G X 5 UNID,17.49104,,sin_match,sin_candidato
drovencentro,RIKITI CHOCO MANI 30GR X 12 UNID,12.59104,,sin_match,sin_candidato
drovencentro,RINARIS 5MG/60MG 10TAB REC FARMA,3.58614,E.F.35.116,matched,score=0.881
drovencentro,RINGER LACTATO 500ML ANDILAB,1.64,,sin_match,sin_candidato
drovencentro,RINGER LACTATO 500ML KMPLUS,2.0532,,sin_match,sin_candidato
drovencentro,RINGER LACTATO SOL 500ML N19 BEHRENS,4.2712,E.F.G.32.579,matched,score=0.682
drovencentro,RINGER LACTATO SOL INY 500ML BIO DE VZLA,1.7856,,sin_match,sin_candidato
drovencentro,RINICORT 50 MCG SPRAY NASAL 140 DOSIS ARTE MEDICO,8.456,,sin_match,sin_candidato
drovencentro,"RINIFLU 2,5MG/5ML SOL ORAL 60ML BIOTECH",3.09072,E.F.43.791,matched,score=0.916
drovencentro,RINOLAST 120MG 10TAB REC,5.6044,,sin_match,sin_candidato
drovencentro,RINOLAST D 30/30MG/5ML SUSP 120ML,9.37402,E.F.32.233,matched,score=0.924
drovencentro,RINOMAX SOL NASAL 15ML OFTALMI,12.712,,sin_match,sin_candidato
drovencentro,RISPERID 1MG  30COMP ROEMMERS,6.4872,E.F.36.375,matched,score=0.911
drovencentro,RISPERID 2MG  30COMP REC ROEMMERS,8.616,E.F.28.992,matched,score=0.718
drovencentro,RISPERID 3MG  30COMP REC ROEMMERS,10.08,E.F.28.993,matched,score=0.718
drovencentro,RISPERID SOL GOTAS  20ML,5.8616,,sin_match,sin_candidato
drovencentro,RISPERIDONA 1MG  20TAB FARMAMED,1.87347,,sin_match,sin_candidato
drovencentro,RISPERIDONA 2 MG 20 TAB FARMAMED,2.02959,,sin_match,sin_candidato
drovencentro,RISPERIDONA 2MG 20TAB CALOX,4.776,E.F.G.38.180,matched,score=0.908
drovencentro,RITROMI 125 MG /5ML G/SUSP  60ML CLARITROMICINA MEGALABS,12.9744,,sin_match,sin_candidato
drovencentro,RIVAREX 10MG  30COMP REC DOLLDER,9.64214,,sin_match,sin_candidato
drovencentro,RIVAREX 15MG  30COMP REC DOLLDER,12.17756,,sin_match,sin_candidato
drovencentro,RIVAREX 20MG  30COMP REC DOLLDER,11.8092,,sin_match,sin_candidato
drovencentro,RIVAROXABAN 10MG 14TAB KMPLUS,3.03072,,sin_match,sin_candidato
drovencentro,RIVAROXABAN 15MG  30TAB DISTRILAB,9.76744,,sin_match,sin_candidato
drovencentro,RIVAROXABAN 15MG  30TAB REC QUIM-FAR,3.51745,,sin_match,sin_candidato
drovencentro,RIVAROXABAN 20MG  14TAB KMPLUS,4.90688,,sin_match,sin_candidato
drovencentro,RIVAROXABAN 20MG  30TAB DISTRILAB,13.70192,,sin_match,sin_candidato
drovencentro,RIVAROXABAN 20MG 28TAB MEDICAL GROUP,8.04712,,sin_match,sin_candidato
drovencentro,"RIWA D + DHA GOTAS 30ML VIT D,DHA RIWA",16.68792,,sin_match,sin_candidato
drovencentro,RIXIGAL100MG/5ML POLVO SUSP ORAL 100ML PHARMETIQUE,21.0096,,sin_match,sin_candidato
drovencentro,RIÑOHEPATOL 500MG 60CAPS  WALIFE,7.6296,,sin_match,sin_candidato
drovencentro,ROCARNIN 10% SOL ORAL 120ML RONAVA,5.08092,,sin_match,sin_candidato
drovencentro,ROCARNIN 10% SOL ORAL 180ML RONAVA,5.62181,,sin_match,sin_candidato
drovencentro,RODILLERA UNIVERSAL T-L FORMA ELASTICA,17.84,,sin_match,sin_candidato
drovencentro,RODILLERA UNIVERSAL T-S FORMA ELASTICA,17.84,,sin_match,sin_candidato
drovencentro,RODILLERA UNIVERSAL T-XL FORMA ELASTICA,17.84,,sin_match,sin_candidato
drovencentro,ROLLO DE ALGODON 100GR ITN,1.7024,,sin_match,sin_candidato
drovencentro,ROLLOS DE GASA P/QUEMADO 4.5IN X 4.1YD BRIUTCARE,3.344,,sin_match,sin_candidato
drovencentro,RONARES  10COMP  RONAVA,2.03861,E.F.43.974,matched,score=0.917
drovencentro,RONAVIT VITAMINA B12  20CAP RONAVA,13.28083,,sin_match,sin_candidato
drovencentro,RONIPRAZOL 10MG  10 SOBRE RONAVA,12.83848,,sin_match,sin_candidato
drovencentro,RONIPRAZOL 40MG 14TAB RONAVA,4.17836,,sin_match,sin_candidato
drovencentro,ROSUVASTATINA 10MG   30TAB PHARMARIS,2.9271,,sin_match,sin_candidato
drovencentro,ROSUVASTATINA 10MG 30TAB LA SANTE,9.214,,sin_match,sin_candidato
drovencentro,ROSUVASTATINA 20MG 20TABL FAHD,2.4928,,sin_match,sin_candidato
drovencentro,ROSUVASTATINA 20MG 30COMP GENVEN,17.264,E.F.G.37.264,matched,score=0.893
drovencentro,ROSUVASTATINA 20MG 30COMP REC SPEFAR,4.93312,E.F.G.36.523,matched,score=0.719
drovencentro,ROSUVASTATINA 20MG 30TAB LA SANTE,16.8048,,sin_match,sin_candidato
drovencentro,ROSUVASTATINA 20MG 30TAB REC ANGELUS,3.6244,,sin_match,sin_candidato
drovencentro,ROVARTAL 10MG  30COMP,11.9664,E.F.35.905,matched,score=0.912
drovencentro,ROVARTAL 40MG  30COMP REC ROEMMERS,19.8764,,sin_match,sin_candidato
drovencentro,ROWELUK 10MG  30COMP ROEMMERS,3.816,E.F.37.202,matched,score=0.902
drovencentro,ROWELUK 5MG  30COMP ROEMMERS,2.7684,E.F.37.201,matched,score=0.906
drovencentro,"ROWELUK PLUS  5/2,5MG  10COMP MAST",2.46,E.F.42.469,matched,score=0.949
drovencentro,RUBIZON 20MG 35TAB REC COFASA,7.52584,E.F.43.848,matched,score=0.888
drovencentro,RUBLOX 10MG 30TAB REC BIOTECH,8.728,,sin_match,sin_candidato
drovencentro,RUBLOX 20MG 30TAB REC BIOTECH,13.048,,sin_match,sin_candidato
drovencentro,RYNAMED FORTE 10 TABL FARMAMED,2.06082,,sin_match,sin_candidato
drovencentro,SABEMIEL BERRO C/CEBOLLA MORADA JBE 180ML,4.304,,sin_match,sin_candidato
drovencentro,SABEMIEL BERRO C/EUCALIPTO JBE 180ML,4.304,,sin_match,sin_candidato
drovencentro,SABEMIEL BERRO SABILA Y JENGIBRE JARABE 180ML,4.304,,sin_match,sin_candidato
drovencentro,SABEMIEL PLUS JRB 180ML,4.304,,sin_match,sin_candidato
drovencentro,SABILA 10CAPS ABEJITA,1.9788,,sin_match,sin_candidato
drovencentro,SABILA 500MG  60CAPS HERBAPLANT,8.262,,sin_match,sin_candidato
drovencentro,SABILA JARABE 120ML SOMA,4.9608,,sin_match,sin_candidato
drovencentro,SABILAX 400MG 60CAPS WALIFE,8.14024,,sin_match,sin_candidato
drovencentro,SABILINAZ 10CAPS ABEJITA,1.9788,,sin_match,sin_candidato
drovencentro,SACUMIC 200MG  30COMP REC MEGALABS,34.464,,sin_match,sin_candidato
drovencentro,SACUMIC 50MG  30COMP REC MEGALABS,20.9236,,sin_match,sin_candidato
drovencentro,SADOXOL 50MG  30TAB MEYER,3.5424,E.F.43.810,matched,score=0.898
drovencentro,SAL DE EPSON 20G  6SOBRE FSI,6.63168,,sin_match,sin_candidato
drovencentro,SAL DE EPSON 20G SOB LYA,1.39104,,sin_match,sin_candidato
drovencentro,SAL DE FRUTAS 5G 1 SOB  LYA,1.08192,,sin_match,sin_candidato
drovencentro,SAL DE HIGUERA  25GR RECETTMARKET,1.89596,,sin_match,sin_candidato
drovencentro,SAL DE HIGUERA 20G  6 SOBRE FSI,6.63168,,sin_match,sin_candidato
drovencentro,SALBUMED 100MCG INH 200 DOSIS SALBUTAMOL,11.6064,,sin_match,sin_candidato
drovencentro,SALBUROL SOL 0.5% P/NEBULIZAR 20ML VALMORCA,7.89968,E.F.27.689,matched,score=0.762
drovencentro,SALBUTAMOL 100MCG  200 DOSIS INH REMENY,13.496,,sin_match,sin_candidato
drovencentro,SALBUTAMOL 100MCG  INH  200DOSIS BIO DE VZLA,5.4,,sin_match,sin_candidato
drovencentro,SALBUTAMOL 100MCG INH 200 DOSIS DISTRILAB,9.94688,,sin_match,sin_candidato
drovencentro,SALBUTAMOL SOL P/INHALAR 15ML OFTALMI,8.144,E.F.G.30.996,matched,score=0.755
drovencentro,SALBUTRAL AEROSOL P/INH 250 DOSIS,6.93878,,sin_match,sin_candidato
drovencentro,SALBUTRAL CAMARA AEROMED 250 DOSIS ARO SALBUTAMOL,8.61797,,sin_match,sin_candidato
drovencentro,SALES DE REHIDRATACION ORAL 20.5G X 10 KP KMPLUS,7.07904,,sin_match,sin_candidato
drovencentro,"SALINAX 0,9%   50ML CALOX",6.536,,sin_match,sin_candidato
drovencentro,SALMETEROL/FUTICASONA 25/250MCG INH 120 DOSIS KMPLUS,22.9332,,sin_match,sin_candidato
drovencentro,SALTINES 10PAQ 250GR PUIG,1.744,,sin_match,sin_candidato
drovencentro,SAMBA FRESA FUN SIZE 35UND 16G,16.66,,sin_match,sin_candidato
drovencentro,SANALO JABON ANTIBACTERIAL 85G,2.688,,sin_match,sin_candidato
drovencentro,SARIFAN COMPOSITUM 10MG/250MG 20TAB RONAVA,6.64042,,sin_match,sin_candidato
drovencentro,SAVER 200MG/5ML PV SP OR 37.5ML ELMOR,5.49584,E.F.38.854,matched,score=0.894
drovencentro,SAVER 500MG 5COMP ELMOR,2.92432,E.F.29.493,matched,score=0.904
drovencentro,SAVONE BARRA CORPORAL COCO 100GR,0.85,,sin_match,sin_candidato
drovencentro,SAVONE BARRA CORPORAL PARA BEBES 100GR,0.85,,sin_match,sin_candidato
drovencentro,SAVONE BARRA DERMOLIMPIADORA CLEAN FACE 100GR,1.16571,,sin_match,sin_candidato
drovencentro,SAVONE BARRA GLICERINA 90GR,1.21429,,sin_match,sin_candidato
drovencentro,SAVONE BARRA VITAMINA E  90GR,1.32358,,sin_match,sin_candidato
drovencentro,SAVOY CHOCODUO 130GR X 5 UNID,17.49104,,sin_match,sin_candidato
drovencentro,SAVOY LECHE 130GR X 5 UNID,17.49104,,sin_match,sin_candidato
drovencentro,SAVOY LECHE 30GR X 12 UNID.,11.30624,,sin_match,sin_candidato
drovencentro,SAVOY LECHE 70GR X 9 UNID.,19.21584,,sin_match,sin_candidato
drovencentro,SAVOY LECHE FUN SIZE 10UND 15GR,5.55072,,sin_match,sin_candidato
drovencentro,SAW PALMETTO 300MG  30CAPS NATURISTIK,7.5096,,sin_match,sin_candidato
drovencentro,SAW PALMETTO 300MG 60CAPS ARCOIRIS,12.8,,sin_match,sin_candidato
drovencentro,SAX DUCHA FCO 135ML C/CANULA VAG BIOTECH,2.656,,sin_match,sin_candidato
drovencentro,SCOTT DURAMAX PAPEL TOALLIN 1UND DIMASSI,3.2512,,sin_match,sin_candidato
drovencentro,SCOTT PAPEL TOALLIN MEGABSORB 1UND  DIMASSI,1.568,,sin_match,sin_candidato
drovencentro,SECNIDAZOL 1G  2 CR LETI,2.864,E.F.G.32.717,matched,score=0.525
drovencentro,SECNIDAZOL 1G  2TAB REC GENCER,3.224,E.F.G.37.617,matched,score=0.892
drovencentro,SECNIDAZOL 1G 2TAB CALOX,2.832,E.F.G.37.061,matched,score=0.903
drovencentro,SECNIDAZOL 1G 2TAB COLMED VIVAX,3.216,E.F.G.37.061,matched,score=0.885
drovencentro,SECNIDAZOL 1GR  2TAB COASPHARMA,1.9912,,sin_match,sin_candidato
drovencentro,SECNIDAZOL 500 MG 4 TAB FARMAMED,0.90551,,sin_match,sin_candidato
drovencentro,SECNIDAZOL 500MG  4TAB KMPLUS,1.14144,,sin_match,sin_candidato
drovencentro,SECNIDEX 500MG 4TAB PLUSANDEX,2.62299,,sin_match,sin_candidato
drovencentro,SECUREZZA BODYCARE LOC HIDRAT 350 ML,8.73,,sin_match,sin_candidato
drovencentro,SECUREZZA BODYCARE TH GRANDES 54UND,2.45992,,sin_match,sin_candidato
drovencentro,SECUREZZA CALSSIC TALLA M LLEVE 20UND PAGUE 16,16.03992,,sin_match,sin_candidato
drovencentro,SECUREZZA CLASS L REG X 6,7.1004,,sin_match,sin_candidato
drovencentro,SECUREZZA CLASSIC M REG X 6,6.2,,sin_match,sin_candidato
drovencentro,SECUREZZA COMFORT TALLA L LLEVE 20UND PAGUE 16,20.41656,,sin_match,sin_candidato
drovencentro,SECUREZZA COMFORT TALLA M LLEVE 20UND PAGUE 16,23.208,,sin_match,sin_candidato
drovencentro,SECUREZZA PROTECTOR DE CAMA X 10,7.03056,,sin_match,sin_candidato
drovencentro,SECUREZZA TOALLA POST PARTO MEGA PACK 15UNID,2.41336,,sin_match,sin_candidato
drovencentro,SECUREZZA TOALLAS POST PART PREMIUM X10,1.99432,,sin_match,sin_candidato
drovencentro,SEDIVAL 30TAB SIEGFRIED,7.668,,sin_match,sin_candidato
drovencentro,SELENE 400UI/70MCG 30CAPS BLANDAS VIVAX,11.016,,sin_match,sin_candidato
drovencentro,SELENIL HIDRATACION 108ML VITA,7.936,,sin_match,sin_candidato
drovencentro,SELENIO 100MCG  60CAPS HERBAPLANT,9.3092,,sin_match,sin_candidato
drovencentro,SELENIUM 100MCG  100TAB NOW,12.504,,sin_match,sin_candidato
drovencentro,SELES VIT E+ SELENIO 400UI 50MCG 30CAPS FC PHARMA,11.2,,sin_match,sin_candidato
drovencentro,"SEMAVIC 0,25MG/0,19ML JERINGA PRELL 3ML GEROPHARM",230.768,,sin_match,sin_candidato
drovencentro,SEN 10GR RECETTMARKET,2.09384,,sin_match,sin_candidato
drovencentro,SENOKOT CON DOCUSATO 10TAB FARMA,3.14114,,sin_match,sin_candidato
drovencentro,SENOLAX JARABE 120ML FARMAGENIK,4.096,,sin_match,sin_candidato
drovencentro,SENSE ANILLO VIBRADOR 1 UND BRIUTCARE,25.632,,sin_match,sin_candidato
drovencentro,SERLINE 50MG  10COMP,3.5456,E.F.30.171,matched,score=0.912
drovencentro,SERON 50MG  60COMP SNC,7.14006,,sin_match,sin_candidato
drovencentro,SERON 50MG 30COMP SNC,6.59906,,sin_match,sin_candidato
drovencentro,SERTRALINA 100MG 20COMP SPEFAR,4.51984,E.F.G.42.518,matched,score=0.899
drovencentro,SERTRALINA 50MG  10TAB ARTE MEDICO,1.832,,sin_match,sin_candidato
drovencentro,SERTRALINA 50MG  30TAB REC QUIM-FAR,2.26286,,sin_match,sin_candidato
drovencentro,SERTRALINA 50MG  56COMP REC AZEVEDOS,9.27839,,sin_match,sin_candidato
drovencentro,SERTRALINA 50MG 10COMP REC GENVEN,3.504,E.F.G.31.067,matched,score=0.886
drovencentro,SERTRALINA 50MG 10TAB CALOX,3.408,,sin_match,sin_candidato
drovencentro,SERTRALINA 50MG 10TAB LATTAN MEDIC,2.29152,,sin_match,sin_candidato
drovencentro,SERTRALINA 50MG 30COMP REC GENVEN,9.472,E.F.G.31.067,matched,score=0.704
drovencentro,SERTRALINA 50MG 30COMP SPEFAR,4.29024,E.F.G.42.517,matched,score=0.894
drovencentro,SERTRALINA 50MG 30TAB CALOX,9.848,,sin_match,sin_candidato
drovencentro,SERTRALINA 50MG 30TAB LA SANTE,8.4352,,sin_match,sin_candidato
drovencentro,SERUM ACIDO SALICILICO 30ML VERABELL,7.384,,sin_match,sin_candidato
drovencentro,SERUM DE BAKUCHIOL AL 2% 30 ML IMAGEN DM,10.464,,sin_match,sin_candidato
drovencentro,SERUM DE NIACINAMIDA 10% ZINC 1% 30 ML IMAGEN DM,10.464,,sin_match,sin_candidato
drovencentro,SERUM FACIAL ANTIEDAD 30ML ZOAH,4.0584,,sin_match,sin_candidato
drovencentro,SERUM FACIAL ANTIOXIDANTE 30ML ZOAH,3.7696,,sin_match,sin_candidato
drovencentro,SERUM FACIAL PROTEC SOLAR AC HIALURONICO FPS +50 30ML VERABELL,10.336,,sin_match,sin_candidato
drovencentro,SERUM VIT C 10% ANTIOXIDANTE 30 ML IMAGEN DM ACIDO ASCORBICO,11.32,,sin_match,sin_candidato
drovencentro,SERUM VIT C ACIDO HIALU 2% ANTIENVEJECIMIENTO 30 ML IMAGEN DM,10.464,,sin_match,sin_candidato
drovencentro,SESAREN XR 150MG 15CAPS,13.54,,sin_match,sin_candidato
drovencentro,SESAREN XR 75MG  15CAPSULAS,8.368,,sin_match,sin_candidato
drovencentro,SET DE REGALO COLORES SURTIDOS TOMI TIPI,21.216,,sin_match,sin_candidato
drovencentro,SET TRANSFUSION DE SANGRE 1ML 1 UND BRIUTCARE,1.3528,,sin_match,sin_candidato
drovencentro,SHAMPOO AL SECO 240ML ZOAH,8.2992,,sin_match,sin_candidato
drovencentro,SHAMPOO OGX ARGAN OIL MOROCCO 385ML DIMASSI,13.72,,sin_match,sin_candidato
drovencentro,SHAMPOO OGX COCONUT MIRACLE OIL 385ML DIMASSI,15.36,,sin_match,sin_candidato
drovencentro,SHAMPOO PIOJIL 120ML RECETTMARKET,5.06992,,sin_match,sin_candidato
drovencentro,"SIBILLA 2,0MG/0,030MG  21COMP REC VLAYBEL",8.8,,sin_match,sin_candidato
drovencentro,SICOPAX 10MG 30COMP REC SNC,7.48341,,sin_match,sin_candidato
drovencentro,SIDAZOL 100MG 30TAB COFASA,9.928,E.F.43.900,matched,score=0.900
drovencentro,SIDAZOL 50MG  30TAB COFASA,4.35072,E.F.43.899,matched,score=0.895
drovencentro,SIEMPRE SECO PROTECTOR DE CAMA 20UND X 90CM,9.312,,sin_match,sin_candidato
drovencentro,SIGLIPMET 50MG/500MG 30TAB  SITAGLIPT/METFOR BUKA,12.0465,,sin_match,sin_candidato
drovencentro,SIGLUTAN 50/500MG 30 TAB ZORIAK SITAGLIP+METF,14.74319,,sin_match,sin_candidato
drovencentro,SIGTIPHIN 200MG 10COMP SIEGFRIED,7.488,,sin_match,sin_candidato
drovencentro,SILDENAFIL 50MG 1TAB LA SANTE,1.02,,sin_match,sin_candidato
drovencentro,SILDENAFIL 50MG 2TAB KIMICEG,1.44088,E.F.G.34.458,matched,score=0.902
drovencentro,SILDENAFIL 50MG 4TAB DALIOL,5.0616,E.F.G.34.567,matched,score=0.903
drovencentro,SILDENAFILO 50MG  2TAB  COASPHARMA,1.12,,sin_match,sin_candidato
drovencentro,SILDENAFILO 50MG 25BL  2TABL LAPROFF,15.728,,sin_match,sin_candidato
drovencentro,SILDEX 100MG 1TAB PLUSANDEX,1.81666,,sin_match,sin_candidato
drovencentro,SILDEX 50MG 2TAB PLUSANDEX,1.3871,,sin_match,sin_candidato
drovencentro,SILVEDERMA 1% CREMA 50 GRS MEDIFARM,11.13768,,sin_match,sin_candidato
drovencentro,SILVEDERMA 1% CREMA 500 GRS MEDIFARM,45.696,,sin_match,sin_candidato
drovencentro,SIMETICONA 125MG 10CAP BLANDA FELIRNI,2.464,,sin_match,sin_candidato
drovencentro,SIMILAC 2 FORMULA  350G  6-24 MESES ABBOTT,28.464,,sin_match,sin_candidato
drovencentro,SIMULTAN 50MG/500MG  30COMP REC DOLLDER,12.77423,,sin_match,sin_candidato
drovencentro,SIMULTAN 50MG/850MG  30COMP REC DOLLDER,16.3391,,sin_match,sin_candidato
drovencentro,SINALER 5MG  10TAB DESLORATADINA ALESS,1.01627,,sin_match,sin_candidato
drovencentro,SINGRASS  60CAP NATURAL P,3.64493,,sin_match,sin_candidato
drovencentro,SINMEGAS 125MG 10CAPS BLAN SIMETICONA SIEGFRIED,3.4408,,sin_match,sin_candidato
drovencentro,SINMEGAS 125MG 20CAPS BLANDAS SIEGFRIED,5.6916,,sin_match,sin_candidato
drovencentro,SINMEGAS 125MG 30CAPS BLANDAS SIEGFRIED,8.7048,,sin_match,sin_candidato
drovencentro,SINUTIL DIA 10CAPS BLANDAS FC PHARMA,3.1808,,sin_match,sin_candidato
drovencentro,SINUTIL GOTAS X 30ML VINCENTI,2.8032,,sin_match,sin_candidato
drovencentro,SINUTIL JARABE X 90ML.,4.1728,E.F.32.020,matched,score=0.632
drovencentro,SINUX 5MG/60MG 10TAB REC PHARMETIQUE  C,4.59,,sin_match,sin_candidato
drovencentro,SITAGLIPTINA 100MG 30TAB REC ANGELUS,8.888,E.F.43.701,matched,score=0.878
drovencentro,SITAGLIPTINA 50MG + METFORMINA  850MG  30TAB PHARMARIS,9.00918,,sin_match,sin_candidato
drovencentro,SITAGLIPTINA 50MG + METFORMINA 1000MG  30TAB PHARMARIS,9.23514,,sin_match,sin_candidato
drovencentro,SITAGLIPTINA 50MG METFORMINA 500MG 10TAB KMPLUS,2.6544,,sin_match,sin_candidato
drovencentro,SITAGLIPTINA 50MG METFORMINA 500MG 30TAB ANGELUS,8.944,,sin_match,sin_candidato
drovencentro,SITAGLIPTINA 50MG METFORMINA 850MG 30TAB ANGELUS,9.888,,sin_match,sin_candidato
drovencentro,SITAGLIS 50MG 30COMP REC LETI,13.13768,E.F.40.535,matched,score=0.901
drovencentro,SITAGLISMET 50/1000MG 28COMP REC LETI,15.2568,,sin_match,sin_candidato
drovencentro,SITAGLISMET 50/500MG 30COMP LETI,12.608,E.F.G.41.036,matched,score=0.901
drovencentro,SITANIP 50MG  30 COMP REC SNC,10.65765,,sin_match,sin_candidato
drovencentro,SITOMET 50MG/500MG 10TAB CAPSUVEN,5.5944,,sin_match,sin_candidato
drovencentro,SODA EL SOL 240GR PUIG,1.576,,sin_match,sin_candidato
drovencentro,SODA PUIG INTEGRAL 290GR PUIG,1.776,,sin_match,sin_candidato
drovencentro,SOLFEM 5 OVULOS SNC,6.03284,,sin_match,sin_candidato
drovencentro,SOLICAN 15MG 10TAB MELOXICAM,3.4408,,sin_match,sin_candidato
drovencentro,SOLUCION CLORURO DE SODIO 0.9% 100ML. IPS,1.20304,,sin_match,sin_candidato
drovencentro,SOLUCION CLORURO DE SODIO 0.9% 500ML. IPS,1.36728,,sin_match,sin_candidato
drovencentro,SOLUCION CLORURO SODIO 0.9%  500ML ZUZU,1.152,,sin_match,sin_candidato
drovencentro,"SOLUCION DEXTR 5%/CLOR DE SODIO AL 0,45% 500ML UNIPHARMA",1.352,,sin_match,sin_candidato
drovencentro,SOLUCION DEXTROSA 5%  500ML ANDILAB,1.504,,sin_match,sin_candidato
drovencentro,SOLUCION FISIOLOGICA  60ML RECETTMARKET,2.94926,,sin_match,sin_candidato
drovencentro,"SOLUCION FISIOLOGICA 0,9 %  500ML BIO DE VZLA",1.6056,,sin_match,sin_candidato
drovencentro,"SOLUCION FISIOLOGICA 0,9% 500ML CLORURO SODIO BLUE MEDICAL",1.408,,sin_match,sin_candidato
drovencentro,SOLUCION FISIOLOGICA 30 ML.FARMAGENIK,1.648,,sin_match,sin_candidato
drovencentro,SOLUCION ISOT CLORURO DE SODIO N16 1L BEHRENS,6.3156,P.F.1.368,matched,score=0.784
drovencentro,"SOLUCION ISOTONICA 0,9% CLORURO DE SODIO 100ML KMPLUS",1.5568,,sin_match,sin_candidato
drovencentro,"SOLUCION ISOTONICA AL 0,9% 3000ML BC GROUP",20.36,,sin_match,sin_candidato
drovencentro,"SOLUCION PARA NEBULIZAR 0,9% 120ML FSI",1.59104,,sin_match,sin_candidato
drovencentro,SOLUCION RINGER LACTATO  500ML ITN,1.7556,,sin_match,sin_candidato
drovencentro,SOLUCION RINGER LACTATO 500ML  BLUE MEDICAL,1.832,,sin_match,sin_candidato
drovencentro,SOLUCION UNICA PARA LENTES DE CONTACTO 100ML NEXUS,8,,sin_match,sin_candidato
drovencentro,SOLUCION UNICA PARA LENTES DE CONTACTO 500ML NEXUS,17.232,,sin_match,sin_candidato
drovencentro,SOLUMAR SOLUCION NASAL HIPERTONICA 30ML,8.68,,sin_match,sin_candidato
drovencentro,SOLUMAR SOLUCION NASAL HIPERTONICA 60ML,11.368,,sin_match,sin_candidato
drovencentro,SOMAZINA 1000MG/4ML SOL INY 5 AMP LETI,28.712,E.F.33.901,matched,score=0.890
drovencentro,SOMAZINA 500MG 30COMP LETI,34.904,E.F.31.026,matched,score=0.898
drovencentro,SOMERGAN LOCION 120ML,4.54656,,sin_match,sin_candidato
drovencentro,SOMERGAN LOCION 60ML,3.49664,,sin_match,sin_candidato
drovencentro,SOMTEX SOL DESINFECTANTE 1 L SOMA,8.136,,sin_match,sin_candidato
drovencentro,SONDA DE NELATON 20 FR 40CM BRIUTCARE,0.464,,sin_match,sin_candidato
drovencentro,SORBETICOS CHOCOLATE FAMILIAR 105GR MONDELEZ,1.054,,sin_match,sin_candidato
drovencentro,SORBETICOS FRESA 4S MONDELEZ,1.2172,,sin_match,sin_candidato
drovencentro,SORKINOX 250MG/25MG 30COMP SNC,15.21334,,sin_match,sin_candidato
drovencentro,SOSTENGO 100MG  2TAB SILDENAFIL BIOGLASS,1.712,,sin_match,sin_candidato
drovencentro,SPERMOTREND 90CAP AV PHARMA,77.01882,,sin_match,sin_candidato
drovencentro,SPIRULINA 500MG  30CAPS NATURISTIK,5.85648,,sin_match,sin_candidato
drovencentro,SPIRULINA 500MG 60CAPS ARCOIRIS,11.448,,sin_match,sin_candidato
drovencentro,STAMYL FORTE 20TAB REC FARMA,9.78368,E.F.40.123,matched,score=0.604
drovencentro,STATICA X 7 OVULOS 7 APLICADORES,14.23838,,sin_match,sin_candidato
drovencentro,STAYFREE NORMAL CON ALAS  42UNI DIVAR,8.024,,sin_match,sin_candidato
drovencentro,STEP ON PLANTILLAS TALLA 35 BLUE MEDICAL,17.296,,sin_match,sin_candidato
drovencentro,STEP ON PLANTILLAS TALLA 41 BLUE MEDICAL,17.296,,sin_match,sin_candidato
drovencentro,SUCORIL SUCRALFATO 1G  20TAB MEDVAL,6.5056,,sin_match,sin_candidato
drovencentro,SUCRADEL 1GR 10 SOBRES SUCRALFATO DISKAM,7.896,,sin_match,sin_candidato
drovencentro,SUCRALFATO 1000MG 20TAB ADN,8.2872,,sin_match,sin_candidato
drovencentro,SUCRALFATO 1000MG/5ML  SUSP 120ML JKN MED,5.168,,sin_match,sin_candidato
drovencentro,SUCRALFATO 1G  20TAB KMPLUS,7.5112,,sin_match,sin_candidato
drovencentro,SUCRALFATO 1G 10 TAB MEDICAL GROUP,5.36216,,sin_match,sin_candidato
drovencentro,SUCRALFATO 1G 10TAB CLEO,4.736,,sin_match,sin_candidato
drovencentro,SUCRALFATO 1G/5ML SUSP 150ML MEDICAL GROUP,9.53704,,sin_match,sin_candidato
drovencentro,SUCRALFATO 1G/5ML SUSP 80ML ADN,8.3736,,sin_match,sin_candidato
drovencentro,SUCRALFATO 1GR/5ML SUSP ORAL  60ML BIO DE VZLA,2.624,,sin_match,sin_candidato
drovencentro,SUEROLITO S ORAL CHICLE  75MEQ 400ML BALKER,3.696,E.F.44.642,matched,score=0.778
drovencentro,"SUEROLITO S ORAL COCO 23,5GR 1 SOBRES BALKER",1.968,E.F.44.638,matched,score=0.743
drovencentro,SUEROLITO S ORAL COCO 75MEQ 400ML BALKER,3.696,E.F.44.638,matched,score=0.772
drovencentro,"SUEROLITO S ORAL FRESA  23,5GR 1 SOBRE BALKER",1.968,E.F.44.639,matched,score=0.745
drovencentro,SUEROLITO S ORAL FRESA 75MEQ 400ML BALKER,3.696,E.F.44.639,matched,score=0.778
drovencentro,SUEROLITO S ORAL MANDARINA 75MEQ 400ML BALKER,3.696,E.F.44.641,matched,score=0.778
drovencentro,SUEROLITO S. ORAL UVA 75MEQ 400ML BALKER,3.696,E.F.44.640,matched,score=0.778
drovencentro,SUEROLITO SOL ORAL FRUIT PUNCH 75MEQ 400ML BALKER,3.696,E.F.44.637,matched,score=0.761
drovencentro,SUEROLITO SOL ORAL MANZANA 75MEQ 400ML BALKER,3.696,E.F.44.643,matched,score=0.780
drovencentro,SUEÑOLIN 60CAPS BIOINFINITY,7.3236,,sin_match,sin_candidato
drovencentro,SULFADIAZINA DE PLATA 1% CR 30GR MEDICAL GROUP,4.16712,,sin_match,sin_candidato
drovencentro,SULFAMETOXAZOL-TRIMETOPRIM 80MG/400MG 5ML IV 10AMP VITALIS,61.784,,sin_match,sin_candidato
drovencentro,SULFATEAZOL 5% CREMA 30G FSI,2.09088,,sin_match,sin_candidato
drovencentro,SULFATIAZOL 5GR  6 UNID F.S.I,8.448,,sin_match,sin_candidato
drovencentro,SULFATO FERROSO 300MG 10BLT 10TAB BALAXI,4.824,,sin_match,sin_candidato
drovencentro,SULFATO FERROSO JBE 120ML LAPROFF,4.568,,sin_match,sin_candidato
drovencentro,SULIXTRA 10CAPS TAMSULOSINA,2.88,,sin_match,sin_candidato
drovencentro,SULIXTRA DUO 10CAPS TAMSULOSINA/DUTAST,6.6528,,sin_match,sin_candidato
drovencentro,SULIXTRA DUO 30CAPS TAMSULOSINA DUTAST,17.612,,sin_match,sin_candidato
drovencentro,SULIXTRA X 30 CAPS 0.4MG TAMSULOSINA,8.0064,,sin_match,sin_candidato
drovencentro,SULTAMICILINA 250MG/5ML SUSP 100ML DISTRILAB,12.16928,,sin_match,sin_candidato
drovencentro,SULTAMICILINA 250MG/5ML SUSP 60ML SPEFAR,7.68144,E.F.G.31.158,matched,score=0.767
drovencentro,SULTAMICILINA 750MG 6COMP SPEFAR,10.61368,E.F.G.32.130,matched,score=0.901
drovencentro,SULTRIM 200/40MG/5ML  SUSP ORAL 100ML ALESS,3.28314,,sin_match,sin_candidato
drovencentro,SULTRIM 400/80MG  20TAB  ALESS,2.91834,,sin_match,sin_candidato
drovencentro,SUNCLEAR PROTECTOR SOLAR BIOMAS 100GR MOROCHO SATIVA,9.64,,sin_match,sin_candidato
drovencentro,SUPER MACHO 50MG 4TAB SILDENAFIL SUPLIMEDIC,1.232,,sin_match,sin_candidato
drovencentro,SUSPENSION DE MAGNESIA 120ML COASPHARMA,5.92,,sin_match,sin_candidato
drovencentro,SUSY CHOCOLATE MAXI 50GR X 18 UNID,11.50336,,sin_match,sin_candidato
drovencentro,SUSY MAXI GALLETA 50G X 4 UNID (1x200g),2.89296,,sin_match,sin_candidato
drovencentro,SVELTY LECHE DESCREMADA 400G.,9.18064,,sin_match,sin_candidato
drovencentro,SVELTY LECHE SEMIDESCREMADA 400G.,8.80432,,sin_match,sin_candidato
drovencentro,SYNARTRON 60MG10TAB FC PHARMA ETORICOXIB,3.84,,sin_match,sin_candidato
drovencentro,SYSTALAN SOL OFTALMICA 15ML DIEMA,12.46813,,sin_match,sin_candidato
drovencentro,TABUNOL 5MG/ML SOL INH 15ML SALBUTAMOL ADN,3.9024,,sin_match,sin_candidato
drovencentro,TACHIFORTE 1G 20TAB ELMOR,3.38688,E.F.40.210,matched,score=0.898
drovencentro,TACHIGRIP 500/30/2MG 10TAB REC ELMOR,1.96784,,sin_match,sin_candidato
drovencentro,TACHIGRIP FORTE  SOL ORAL 6 SOB ELMOR,6.10736,E.F.43.593,matched,score=0.761
drovencentro,TACHIPIRIN 100MG SL GT 30ML PED ELMOR,3.63776,E.F.18.961,matched,score=0.884
drovencentro,TACHIPIRIN 125MG  6 SUPOSITORIOS ELMOR,3.23792,E.F.23.819,matched,score=0.912
drovencentro,TACHIPIRIN 250MG 6 SUPOSITORIOS ELMOR,4.30416,E.F.G.25.934,matched,score=0.884
drovencentro,TACHIPIRIN 500MG 20TAB ELMOR,1.27008,E.F.19.288,matched,score=0.903
drovencentro,TACHIPIRIN FORTE 160MG/5ML SUSP ORAL ELMOR,2.61856,E.F.35.671,matched,score=0.939
drovencentro,"TACROLIMUS 0,03% UNG 15GR BIUMAK",1.83024,,sin_match,sin_candidato
drovencentro,TADAFOX  5MG 15TAB REC VALMORCA,3.6084,,sin_match,sin_candidato
drovencentro,TADAFOX TADALAFILO 20MG 1TAB REC GENC,0.664,E.F.38.718,matched,score=0.888
drovencentro,TADAFOX TADALAFILO 20MG 2TAB REC GENC,2.18736,E.F.38.718,matched,score=0.888
drovencentro,TADAFOX TADALAFILO 5MG 30TAB REC VALMORCA,6.5588,,sin_match,sin_candidato
drovencentro,TADALAFIL 20MG  1TAB CALOX,1.32,E.F.G.38.493,matched,score=0.895
drovencentro,TADALAFIL 20MG  2TAB CALOX,2.576,E.F.G.38.493,matched,score=0.895
drovencentro,TADALAFIL 5MG 28TAB REC CALOX,7.016,,sin_match,sin_candidato
drovencentro,TADALAFILO 5MG 30COMP REC LETI,5.712,E.F.G.42.125,matched,score=0.711
drovencentro,TADIFIL 20MG  2COMP REC KLINOS,1.3296,E.F.38.637,matched,score=0.711
drovencentro,TADIFIL 20MG 1 COMP REC KLINOS,0.7392,,sin_match,sin_candidato
drovencentro,TADIFIL 5MG  30COMP KLINOS,7.016,E.F.41.780,matched,score=0.906
drovencentro,TALCO BORICADO 200 GR INNOVATEK,3.57213,,sin_match,sin_candidato
drovencentro,TALCO BORICADO 50GR LYA,2.88512,,sin_match,sin_candidato
drovencentro,TALERC 10MG 10COMP,1.21151,,sin_match,sin_candidato
drovencentro,TALERC 1MG/ML 120ML JBE DOLLDER,3.45326,,sin_match,sin_candidato
drovencentro,TALERC GOTAS 10MG/ML 15ML,1.81199,,sin_match,sin_candidato
drovencentro,TALFIDEX 20MG 1TAB REC PLUSANDEX,0.60878,,sin_match,sin_candidato
drovencentro,TALFIDEX 20MG 2TAB REC PLUSANDEX,1.25758,,sin_match,sin_candidato
drovencentro,TALFIDEX 5MG  30TAB REC TADALAFILO PLUSANDEX,4.6092,,sin_match,sin_candidato
drovencentro,TALYSTOR 20MG  1 TAB MAST PHARMETIQUE,1.1424,,sin_match,sin_candidato
drovencentro,TALYSTOR 5MG 10TAB MAST PHARMETIQUE,2.77008,E.F.41.156,matched,score=0.901
drovencentro,TALYSTOR 5MG 30TAB MAST  PHARMETIQUE,7.33584,E.F.41.156,matched,score=0.758
drovencentro,TALZIC 10MG 10COMP ELMOR,1.46608,E.F.29.348,matched,score=0.904
drovencentro,TALZIC 10MG SL GT 20ML ELMOR,2.10112,E.F.29.348,matched,score=0.892
drovencentro,TALZIC 1MG SOL ORAL120ML ELMOR,3.04192,E.F.32.457,matched,score=0.909
drovencentro,TAMDURIDE 0.4/0.5MG  30CAPS ZORIAK TAMSULOSINA DUTASTERIDE,15.35206,,sin_match,sin_candidato
drovencentro,TAMOA 250MG 6COMP MAST BIOTECH,5.91072,E.F.39.471,matched,score=0.897
drovencentro,TAMOA 250MG/5ML SUSP 15ML BIOTECH,3.56448,E.F.39.471,matched,score=0.882
drovencentro,"TAMOSTIN 0,4MG 20CAPS LETI",6.64,E.F.42.467,matched,score=0.929
drovencentro,TAMPONES KOTEX MEDIUM 8UNID DIMASSI,6.7108,,sin_match,sin_candidato
drovencentro,TAMPONES KOTEX SUPER 8UNID DIMASSI,7.44192,,sin_match,sin_candidato
drovencentro,TAMSUDEX PLUS 0.4 MG / 0.5 MG 30CAP PLUSANDEX,17.11218,,sin_match,sin_candidato
drovencentro,TAMSUHEM 0.4MG 10TAB ADN,1.1304,,sin_match,sin_candidato
drovencentro,"TAMSULOSINA 0,4MG 30CAPS ALESS",3.23499,,sin_match,sin_candidato
drovencentro,TAMSULOSINA 0.4MG  30TAB BUKA,3.78604,,sin_match,sin_candidato
drovencentro,"TAMSULOSINA CLORHIDRATO 0,4MG 30CAPS SPEFAR",6.3616,E.F.G.42.589,matched,score=0.939
drovencentro,"TAMSULOSINA CLORHIDRATO 0,4MG 30TAB BLUE MEDICAL",3.048,,sin_match,sin_candidato
drovencentro,"TAMSULOSINA DUTASTERIDE 0,4MG/0,5MG 30TAB REC ANGELUS",12.0176,,sin_match,sin_candidato
drovencentro,"TAMSULOSINA ER 0,4MG 30CAP BIUMAK",9.94728,,sin_match,sin_candidato
drovencentro,"TAMSULOSINA L.P 0,4MG 30 CAPS FAHD",2.1432,,sin_match,sin_candidato
drovencentro,"TAMSUPROS 0,4MG 30TAB ZORIAK TAMSULOSINA",7.3105,,sin_match,sin_candidato
drovencentro,TANSUDEX 0.4 MG 30CAP PLUSANDEX,5.20135,,sin_match,sin_candidato
drovencentro,TANTUM 0.15% SPRAY 45ML ELMOR,7.3696,E.F.41.147,matched,score=0.671
drovencentro,TANTUM 1% DUCHA VAGINAL SOLUCION 140ML ELMOR,4.9,E.F.41.147,matched,score=0.732
drovencentro,TANTUM TOPICO BUCAL 240ML ELMOR,6.98544,E.F.41.147,matched,score=0.751
drovencentro,"TANTUM VERDE 0,5% PASTA DENT 60GR ELMOR",4.91568,,sin_match,sin_candidato
drovencentro,TAPAZOL 5MG 60TAB,7.82281,E.F.2.955,matched,score=0.761
drovencentro,TARVINA 20MG  10TAB REC ATORVASTATINA GEMA LABS,1.984,E.F.44.195,matched,score=0.889
drovencentro,TARVINA 20MG  30TAB REC ATORVASTATINA GEMA LABS,4.392,E.F.44.195,matched,score=0.889
drovencentro,TARVINA 40MG  10TAB REC  ATORVASTATINA GEMA LABS,1.848,E.F.44.196,matched,score=0.889
drovencentro,TASIFOMET 50MG/500MG  30TAB SITAGL/METF NEOPHARMA,12.208,,sin_match,sin_candidato
drovencentro,TASIFOMET 50MG/850MG 30TAB  SITAGL/METF NEOPHARMA,17.664,,sin_match,sin_candidato
drovencentro,TAURINE 500MG 100CAP NOW,15.88,,sin_match,sin_candidato
drovencentro,TAX 450MG/50MG  10TAB 10BLIS DIOSM/HESPERI SUPLIMEDIC,34.464,,sin_match,sin_candidato
drovencentro,TAX 450MG/50MG  30TAB  DIOSMINA/HESPERI SUPLIMEDIC,11.272,,sin_match,sin_candidato
drovencentro,TAXUS 20MG 30COMP TECNOFARMA ADIUM,20.032,,sin_match,sin_candidato
drovencentro,"TEJANIA 0,075MG   28COMP REC  VLAYBEL",8.8,,sin_match,sin_candidato
drovencentro,TEKRON 200MG 30COMP REC LETI,36.904,E.F.36.643,matched,score=0.889
drovencentro,TENDOARTRIL 1000MG  60CAPS WALIFE,9.2072,,sin_match,sin_candidato
drovencentro,TENEDOR Y CUCHARA COLORES SURTIDO TOMI TIPI,5.912,,sin_match,sin_candidato
drovencentro,TENSOMAX 30MG 10CAPS LP LETI,6.696,E.F.28.561,matched,score=0.887
drovencentro,TENSOMAX 60MG 10CAP LETI,9.136,E.F.28.562,matched,score=0.900
drovencentro,TENSOMED 20MG/ML SUSP GOTAS 20ML NIFEDIPINA PHARMAMED,7.152,,sin_match,sin_candidato
drovencentro,TENSOPIN 20MG/ML SOL GOTAS 20ML GENVEN,29.672,E.F.24.973,matched,score=0.919
drovencentro,TEOFILINA SOL ORAL 80MG/15ML 100ML ADN,1.9368,,sin_match,sin_candidato
drovencentro,TERAGRIP 125/1MG 5ML JBE PED 120ML FARMA,7.97294,,sin_match,sin_candidato
drovencentro,TERAGRIP FORTE DIA 650MG/20MG/2MG 6TAB REC,2.40989,E.F.44.418,matched,score=0.901
drovencentro,TERAGRIP FORTE NOCHE 650MG GRAN 6SOB,5.80956,E.F.44.419,matched,score=0.774
drovencentro,TERAGRIP FORTE NOCHE 650MG/4MG  4 TAB REC FARMA,1.66398,E.F.44.419,matched,score=0.897
drovencentro,TERAGRIP SUPRA 10TAB REC,4.3279,E.F.37.166,matched,score=0.600
drovencentro,TERAGRIPFORTE 4 TAB NOCHE 10 TAB DIA REC,4.70502,E.F.44.419,matched,score=0.738
drovencentro,TERAGRIPFORTE 650/20/2MG 6 SOBRES 10G,5.49398,E.F.44.418,matched,score=0.768
drovencentro,"TERATOSIL 0,7G/120ML JBE KONSUMA",6.88874,,sin_match,sin_candidato
drovencentro,TERBICRYM  1% SOL 30ML AV PHARMA,6.787,,sin_match,sin_candidato
drovencentro,TERBIFEET 1% CR TOP 20GR TERBINAFINA TIARES,2.3256,,sin_match,sin_candidato
drovencentro,TERBINAFINA 1% CREMA 15GR KIMICEG,2.86848,E.F.G.38.822,matched,score=0.784
drovencentro,TERBINAFINA 1% CREMA 20GR MEDICAL GROUP,2.62288,,sin_match,sin_candidato
drovencentro,TERMISUR 40MG 30COMP SNC,11.9787,,sin_match,sin_candidato
drovencentro,TERMISUR 80MG 30COMP SNC,18.88834,,sin_match,sin_candidato
drovencentro,TERMOMETRO ORAL CAJA X 12,66.464,,sin_match,sin_candidato
drovencentro,TERMOMETRO RECTAL CAJA X 12,66.464,,sin_match,sin_candidato
drovencentro,TERODINE 2MG 30CAPS LIBERACIÓN SOSTENIDA,29.488,,sin_match,sin_candidato
drovencentro,TEROVAN 50  24/26MG 30COMP REC ADIUM,20.86015,,sin_match,sin_candidato
drovencentro,TESTO-MIX 1ML  SOL INY I.M 10AMP  LIALI,33.5581,,sin_match,sin_candidato
drovencentro,THREE MAGNESIUM 400MG  60CAPS PHARMACORP,12.0744,,sin_match,sin_candidato
drovencentro,TI- SUF PAPEL HIGIENICO BLANCO 4 ROLLOS.SURA,4.44,,sin_match,sin_candidato
drovencentro,TIALIN 100MG  10COMP KLINOS,5.0184,E.F.38.849,matched,score=0.910
drovencentro,TIALIN 50MG  30TAB ROEMMERS,11.448,E.F.30.171,matched,score=0.670
drovencentro,TIALIN 50MG 10COMP SERTRALINA,3.9888,E.F.30.171,matched,score=0.886
drovencentro,"TIBOZAK TIBOLONA 2,5MG 28TAB ZAKI",17.232,,sin_match,sin_candidato
drovencentro,TICALOR 90MG  60COMP REC TICAGRELOR FC PHARMA,71.32,,sin_match,sin_candidato
drovencentro,TILODRIN GOTAS 15ML SIEGFRIED,3.4992,,sin_match,sin_candidato
drovencentro,TILODRIN JBE 120ML SIEGFRIED,5.4264,,sin_match,sin_candidato
drovencentro,TIMOLOL MALEATO 0.5% SOL OFT  10ML DISTRILAB,8.45152,,sin_match,sin_candidato
drovencentro,TINIDAZOL 500MG 4TAB PLUSANDEX,2.5663,,sin_match,sin_candidato
drovencentro,TINTURA DE VALERIANA 30ML 1UNID FSI,1.59104,,sin_match,sin_candidato
drovencentro,TINTURA DE VALERIANA 30ML RECETTMARKET,1.98022,,sin_match,sin_candidato
drovencentro,TINTURA DE YODO SPRAY 30ML RECETTMARKET,6.30405,,sin_match,sin_candidato
drovencentro,TIOCHAX 4MG 12TAB PLUSANDEX,3.24251,,sin_match,sin_candidato
drovencentro,TIOCHAX PLUS 400/4MG 10TAB PLUSANDEX,3.08902,,sin_match,sin_candidato
drovencentro,TIOCOL 8MG 10TAB PHARMETIQUE,6.7464,,sin_match,sin_candidato
drovencentro,TIOCOLCHICOSIDO 4/2MG 2ML 6AMP THIOCOLSIROM,8.552,,sin_match,sin_candidato
drovencentro,TIOCOLCHICOSIDO 4MG 10COMP  ZUZU,2.3552,,sin_match,sin_candidato
drovencentro,TIOCOLCHICOSIDO 4MG 10COMP GENVEN,2.624,E.F.G.27.849,matched,score=0.898
drovencentro,TIOCOLCHICOSIDO 4MG 10TAB LA SANTE,3.8208,,sin_match,sin_candidato
drovencentro,TIOCOLCHICOSIDO 4MG 12TAB BIOTECH,2.264,E.F.G.43.730,matched,score=0.912
drovencentro,TIOCOLCHICOSIDO 4MG 12TAB CALOX,3.016,E.F.G.37.915,matched,score=0.911
drovencentro,TIOCOLCHICOSIDO 4MG/2ML 2AMP ALESS,1.68486,,sin_match,sin_candidato
drovencentro,TIOCOLCHICOSIDO 4MG/2ML SOL INY 5AMP KMPLUS,4.82328,,sin_match,sin_candidato
drovencentro,TIOCOLCHICÓSIDO 4MG 10TAB DAC 55,2.15718,,sin_match,sin_candidato
drovencentro,TIOFERCOL  4MG/2ML  10AMP TIOCOLCHICOSIDO ANDILAB,6.472,,sin_match,sin_candidato
drovencentro,TIOFERCOL  4MG/2ML  2AMP TIOCOLCHICOSIDO ANDILAB,1.76,,sin_match,sin_candidato
drovencentro,TIRAS REACTIVA 50UND GLUCARE,11.016,,sin_match,sin_candidato
drovencentro,TIROXIN 100MCG 50TAB SIEGFRIED,16.272,,sin_match,sin_candidato
drovencentro,TIROXIN 112MCG 50TAB SIEGFRIED,10.984,,sin_match,sin_candidato
drovencentro,TIRZOL 5MG  60TAB TIAMAZOL METI  DOLLY,6.85205,,sin_match,sin_candidato
drovencentro,TIZANIDINA 2MG 10TAB ANGELUS,7.0392,,sin_match,sin_candidato
drovencentro,TOALLAS DESMAQUILLANTES 25UND ZOAH,1.3376,,sin_match,sin_candidato
drovencentro,TOALLAS STAYFREE ADAPT PLUS ULTRADELGADA 42UND DIVAR,8.024,,sin_match,sin_candidato
drovencentro,TOBILLERA UNIVERSAL T-M FORMA ELASTICA,16.504,,sin_match,sin_candidato
drovencentro,TOBRAMICINA 0.3% SOL OFTALMICA 5ML OFTALMI,4.4,E.F.G.36.574,matched,score=0.801
drovencentro,TOBRASOL 0.3% SOL OFT 5ML OFTALMI,8.936,E.F.24.679,matched,score=0.782
drovencentro,TOBRASOL UNG OFT 7.5GR OFTALMI,20.36,E.F.28.025,matched,score=0.744
drovencentro,TODENAC 1%/3% SOL OFT 5ML OFTALMI,17.184,E.F.33.963,matched,score=0.648
drovencentro,TODEX  3%/1%SUSP OFT 5 ML OFTALMI,5.544,E.F.43.662,matched,score=0.643
drovencentro,"TODEX UNG. OFT.  7,5 G",19.96,,sin_match,sin_candidato
drovencentro,TOLNAFTAN CREMA  30GR KLINOS,5.2056,,sin_match,sin_candidato
drovencentro,TOLNAFTAN GOTAS 15ML,5.4948,E.F.14.318,matched,score=0.756
drovencentro,TOMYCIN 0.3% GOTAS OFT 5ML CAPSUVEN,2.416,,sin_match,sin_candidato
drovencentro,TONERVOL 5MG 10TAB,6.93878,,sin_match,sin_candidato
drovencentro,TONERVOL 5MG 30TAB,17.03004,,sin_match,sin_candidato
drovencentro,TONGKAT ALI WITH MACA 700MG 30CAP PHARMACORP,14.7712,,sin_match,sin_candidato
drovencentro,TONICO FACIAL 120ML AKN COHER,6.448,,sin_match,sin_candidato
drovencentro,TONUM 10MG 30TAB BIOTECH,2.7436,E.F.34.350,matched,score=0.895
drovencentro,TONUM SUSP ORAL 1MG/ML 100ML BIOTECH,3.336,E.F.34.754,matched,score=0.932
drovencentro,TOPIRAMATO 50MG  30TAB TOPICTUNI,6.096,,sin_match,sin_candidato
drovencentro,TOPISEPT 2% 15G CREMA SIEGFRIED,11.996,,sin_match,sin_candidato
drovencentro,TOPRIL25 25MG 30TAB CAPTOPRIL BLUE MEDICAL,1.424,,sin_match,sin_candidato
drovencentro,TORIVAS 100MG 30TAB MCK  PINAVERIUM,17.128,E.F.G.37.698,matched,score=0.902
drovencentro,TORIVAS 50MG 30TAB MCK CALOX,11.112,E.F.41.710,matched,score=0.843
drovencentro,TORONTO BOLSA 125G,5.99104,,sin_match,sin_candidato
drovencentro,TORONTO DISP 324 GR.NESTLE,15.5936,,sin_match,sin_candidato
drovencentro,TORONTO FRESA BOLSA 125GR NESTLE,6.808,,sin_match,sin_candidato
drovencentro,TORONTO FRESA DISPLAY 324GR  NESTLE,17.784,,sin_match,sin_candidato
drovencentro,TORONTO NEVADO BOLSA 125GR NESTLE,6.67184,,sin_match,sin_candidato
drovencentro,TOSSIN 15MG/5ML SOL ORAL 120ML DEXTROMETORFANO ALESS,1.66309,,sin_match,sin_candidato
drovencentro,TOTUMALT 70CAPS ABEJITA,5.2496,,sin_match,sin_candidato
drovencentro,TOTUMO JBE  240ML ABEJITA,5.134,,sin_match,sin_candidato
drovencentro,TRACTIL 4MG 12TAB RONAVA,3.49714,,sin_match,sin_candidato
drovencentro,TRACTIL 4MG/2ML KIT 1AMP RONAVA,2.18962,,sin_match,sin_candidato
drovencentro,TRANGOLATT 200MG 10TAB  LATTAN MEDIC,3.66048,,sin_match,sin_candidato
drovencentro,"TRAYENTA DUO 2,5/1000MG 60COMP REC DROVITAL",64.23608,,sin_match,sin_candidato
drovencentro,"TRAYENTA DUO 2,5/850MG 60COMP REC DROVITAL",64.23608,,sin_match,sin_candidato
drovencentro,TRAZEL SOL VIAL 10ML 6 AMP,34.8688,,sin_match,sin_candidato
drovencentro,TRAZTEL 10ML SOL INY I.V ADN,6.6456,,sin_match,sin_candidato
drovencentro,TRICLOBET-B CREMA TOP 30GR BALAXI,3.2604,,sin_match,sin_candidato
drovencentro,TRICUDERMA CREMA 20GR SOTO GLOBAL,2.9016,,sin_match,sin_candidato
drovencentro,TRIDERMARON BETAMETASONA-CLOTRIMAZOL-GENTAMICINA 15G,1.472,,sin_match,sin_candidato
drovencentro,TRIDETARMON CREMA TUBO 15GR ROEMMERS,6.902,,sin_match,sin_candidato
drovencentro,TRILEPTAMEDC 6% 300MG/5ML SUSP ORAL 100ML OXCARBAZEPINA IPS,10.01784,,sin_match,sin_candidato
drovencentro,TRIMAX 1MG/0.50MG CREMA 30GR GENTA/BETA/CLOTRI SUPLIMEDIC,2.768,,sin_match,sin_candidato
drovencentro,TRIMBUTOP 200MG 10COMP TRIMEBUTINA DISKAM,5.608,,sin_match,sin_candidato
drovencentro,TRIMEBUTINA 200MG  10TAB KMPLUS,2.84016,,sin_match,sin_candidato
drovencentro,TRIMEBUTINA 200MG 20TAB COASPHARMA,5.8,,sin_match,sin_candidato
drovencentro,TRIMEBUTINA 300MG  10TAB KMPLUS,4.23808,,sin_match,sin_candidato
drovencentro,TRIMEBUTINA MALEATO 200MG 30BL  10TAB MULTIPACK LAPROFF,68.456,,sin_match,sin_candidato
drovencentro,TRIMEBUTINA MALEATO 200MG 30TAB LA SANTE,9.1936,,sin_match,sin_candidato
drovencentro,TRIMEBUTINA TRIMBET 200MG 10BLIST 10TAB PRISM,27.696,,sin_match,sin_candidato
drovencentro,TRIMETOPRIM SULFA 80MG-400 20 COMP QUIM-FAR,1.24742,,sin_match,sin_candidato
drovencentro,TRIMETOPRIM SULFAMETOXAZOL 160/800MG 10BLIST 10TAB FAHD,11.5748,,sin_match,sin_candidato
drovencentro,TRIMETOPRIM SULFAMETOXAZOL SUSP 40/200MG/5ML/60ML KIMICEG,2.73568,E.F.G.30.908,matched,score=0.746
drovencentro,TRIMETOPRIM/SULFAMET 80/400MG 10TAB ZAKI,1.232,,sin_match,sin_candidato
drovencentro,TRIMETOPRIM/SULFAMETO 80/400MG/5ML SOL INY 1AMP OVEROL,5.832,,sin_match,sin_candidato
drovencentro,TRIMETROPIN/SULFAMET 80MG/400MG/5ML SOL INY  6AMP ADN,20.6568,,sin_match,sin_candidato
drovencentro,TRIMIC FORTE L 750MG/200MG/100MG 7 OVULOS TIARES,12.7224,,sin_match,sin_candidato
drovencentro,TRINARIA 50MCG SPRAY NASAL 120 DOSIS MOMETASONA MEGALABS,6.5624,,sin_match,sin_candidato
drovencentro,TRIPUR 80/400MG 20COMP PHARMETIQUE,6.8816,,sin_match,sin_candidato
drovencentro,"TRITICUM VULGARE 0,6G  6OVULOS SAN LORENZO",9.48,,sin_match,sin_candidato
drovencentro,TRITTICO 50MG 30TAB ELMOR,5.95056,E.F.22.699,matched,score=0.898
drovencentro,TROLAM 20MG 20COMP SNC,6.56137,,sin_match,sin_candidato
drovencentro,TROPEX CONVICAP 18MCG 30CAPS TRIOTROPIO NEOPHARMA,28.888,,sin_match,sin_candidato
drovencentro,TRUSOMIDA 2% SOL OFTALMICA 5ML DIEMA,10.08292,,sin_match,sin_candidato
drovencentro,TURMERIC 2000MG  60CAP NATURAL SYSTEMS,15.7056,,sin_match,sin_candidato
drovencentro,TURMERIC BIOPERINE1500MG  30TAB (CURCUMA/PIMIENTA NEGRA) VAL,10.6856,,sin_match,sin_candidato
drovencentro,TURMERIC CURCUMA 700MG  60CAPS ETERNAL,17.25,,sin_match,sin_candidato
drovencentro,UDOX 75MG 10CAPS DOLLDER,6.46035,,sin_match,sin_candidato
drovencentro,ULCENOL 20MG 10TAB ELMOR,1.75616,E.F.25.349,matched,score=0.902
drovencentro,ULCENOL 40MG 20TAB ELMOR,2.8224,E.F.25.348,matched,score=0.902
drovencentro,ULCON 1G 20TAB FARMA,11.00865,E.F.25.477,matched,score=0.900
drovencentro,ULCON SUSP 80ML FARMA,17.26356,,sin_match,sin_candidato
drovencentro,ULCRAF 1GR 5ML SUSP 200 ML SABOR A NARANJA  ZUKATI,34.048,,sin_match,sin_candidato
drovencentro,ULGARIN 20MG 16CAPS LETI,7.144,E.F.36.772,matched,score=0.902
drovencentro,ULGARIN 20MG 28CAPS LETI,12.152,E.F.36.772,matched,score=0.902
drovencentro,ULGARIN 40MG 16CAPS LETI,9.416,E.F.36.645,matched,score=0.902
drovencentro,ULGARIN 40MG 32CAPS LETI,16.056,E.F.36.645,matched,score=0.902
drovencentro,ULGASMA 150MG/10ML SOL ORAL 120ML RANITIDINA VERMA,3.448,,sin_match,sin_candidato
drovencentro,ULTRAMEGA 4 + VITAMINA D  30CAPS NATURISTIK,6.5484,,sin_match,sin_candidato
drovencentro,ULTRAMEGA 4 + VITAMINA D  60CAPS NATURISTIK,9.3636,,sin_match,sin_candidato
drovencentro,UMBRELLA GEL SPF 50+ 60g MEDIHEALTH,16.8436,,sin_match,sin_candidato
drovencentro,UMBRELLA PERFECT SKIN EMULSION TONO CLARO SPF 50+ X 50G,28.064,,sin_match,sin_candidato
drovencentro,UMBRELLA R.A SPF 50+ 170GR,20.492,,sin_match,sin_candidato
drovencentro,UMBRELLA SPORT ACTIVE EMULSION FPS50  170GR,36.4464,,sin_match,sin_candidato
drovencentro,UREADERM LACTATO 225G,22.2624,,sin_match,sin_candidato
drovencentro,"URFACID 12,5MG  30TAB HIDROCLOROTIAZIDA ADN",1.6848,,sin_match,sin_candidato
drovencentro,URIGRON 25MG  30TAB MIRABEGRON ZORIAK,16.54586,,sin_match,sin_candidato
drovencentro,UROCIT 10 mEq 100TAB LP,26.85442,,sin_match,sin_candidato
drovencentro,URODUTAN 200MG 10 TAB FLAVOXATO FC PHARMA,5.6,,sin_match,sin_candidato
drovencentro,"UROFIDE DUTASTERIDA 0,5MG 30TAB ANGELUS",8.596,,sin_match,sin_candidato
drovencentro,UROLPROT 30 CAPS NATURLIFES,6.768,,sin_match,sin_candidato
drovencentro,UROSINA 0.4MG 30TAB TAMSULOSINA ANGELUS,4.736,,sin_match,sin_candidato
drovencentro,UROSINA-DUO  0.4MG/0.5MG 30CAP ANGELUS,12.0232,,sin_match,sin_candidato
drovencentro,UÑA DE GATO 60CAPS NATURAL P,3.42819,,sin_match,sin_candidato
drovencentro,UÑA DE GATO/JENGIBRE 30CAPS NATURISTIK,6.4464,,sin_match,sin_candidato
drovencentro,VAGILEN R  750/200MG  7 OVUL VAG FC,12.32,,sin_match,sin_candidato
drovencentro,VAINILLINA 10GR RECETTMARKET,2.15929,,sin_match,sin_candidato
drovencentro,VALACICLOVIR VACICLOVIR 500MG 10TAB ADN,12.5064,,sin_match,sin_candidato
drovencentro,VALERIANA 300MG 90CAPS ARCOIRIS,9.48,,sin_match,sin_candidato
drovencentro,VALERIANA GOTA 30ML RECETTMARKET,2.7228,,sin_match,sin_candidato
drovencentro,"VALGEM PLUS 160MG/12,5MG 10TAB GEMA LABS",5.168,E.F.43.779,matched,score=0.931
drovencentro,"VALGEM PLUS 160MG/12,5MG 30TAB GEMA LABS",12.2,E.F.43.779,matched,score=0.931
drovencentro,VALKAN 80MG  30TAB VALSARTAN SUPLIMEDIC,4.432,,sin_match,sin_candidato
drovencentro,VALPROATO DE SODIO 200MG/5ML SUSP ORAL  60ML BIO DE VZLA,1.8368,,sin_match,sin_candidato
drovencentro,VALPROATO DE SODIO 500MG   30TAB H&M,4.59392,,sin_match,sin_candidato
drovencentro,VALPROATO SODICO SEIZUR 500MG 10TAB PRISM,3.08,,sin_match,sin_candidato
drovencentro,VALPRODAC 500MG  30TAB REC VALPROATO SODICO,9.97016,,sin_match,sin_candidato
drovencentro,VALPRON 250MG/5ML JBE 180ML FARMA,17.83066,,sin_match,sin_candidato
drovencentro,VALPRON 500MG 30TAB FARMA,16.34617,E.F.23.174,matched,score=0.907
drovencentro,VALPRON 500MG 60TAB FARMA,27.35482,E.F.23.174,matched,score=0.907
drovencentro,VALPRON SOL 200MG/ML 30ML,8.33989,,sin_match,sin_candidato
drovencentro,VALPROTAN 500MG 30TAB AC VALPROICO ZORIAK,9.50366,,sin_match,sin_candidato
drovencentro,VALSARTAN 160MG  30 TAB ZIEL PHARMA,4.4288,,sin_match,sin_candidato
drovencentro,VALSARTAN 160MG 10TAB ANGELUS,1.3192,,sin_match,sin_candidato
drovencentro,VALSARTAN 160MG 10TAB FARMAMED,1.09286,,sin_match,sin_candidato
drovencentro,VALSARTAN 160MG 14CAPS LETI,5.072,E.F.G.31.624,matched,score=0.779
drovencentro,VALSARTAN 160MG 20CAPS SPEFAR,4.83472,E.F.G.42.451,matched,score=0.905
drovencentro,VALSARTAN 160MG 28COMP RECUB VARGAS,6.18264,E.F.G.37.747,matched,score=0.913
drovencentro,VALSARTAN 160MG 30 CAPSULAS  KIMICEG,6.11544,E.F.G.38.569,matched,score=0.929
drovencentro,VALSARTAN 160MG 30CAPS GENCER,7.472,E.F.G.38.559,matched,score=0.903
drovencentro,VALSARTAN 160MG 30CAPS GENVEN,9.792,E.F.G.36.230,matched,score=0.898
drovencentro,VALSARTAN 160MG 30TAB ANGELUS,4.3296,,sin_match,sin_candidato
drovencentro,VALSARTAN 160MG 30TAB DAC55,9.2505,,sin_match,sin_candidato
drovencentro,VALSARTAN 160MG 30TAB DISTRILAB,6.45504,,sin_match,sin_candidato
drovencentro,VALSARTAN 160MG 30TAB ZUZU,12.616,,sin_match,sin_candidato
drovencentro,VALSARTAN 80MG 10TAB KMPLUS,1.3056,,sin_match,sin_candidato
drovencentro,VALSARTAN 80MG 14CAP LETI,3.288,E.F.G.31.623,matched,score=0.892
drovencentro,VALSARTAN 80MG 14TAB REC LA SANTE,3.5564,,sin_match,sin_candidato
drovencentro,VALSARTAN 80MG 30 CAPSULAS  KIMICEG,4.6148,E.F.G.38.568,matched,score=0.931
drovencentro,VALSARTAN 80MG 30 COMP REC LAB VARGAS,5.70944,E.F.G.42.915,matched,score=0.894
drovencentro,VALSARTAN 80MG 30 TABLE. RECUB BLUE MEDICAL,4.712,,sin_match,sin_candidato
drovencentro,VALSARTAN 80MG 30CAP LETI,6.8,E.F.G.31.623,matched,score=0.896
drovencentro,VALSARTAN 80MG 30TAB FAHD,3.5112,,sin_match,sin_candidato
drovencentro,VALSARTAN 80MG 30TAB GENCER,5.504,E.F.G.38.613,matched,score=0.901
drovencentro,VALSARTAN 80MG 30TAB LA SANTE,5.9432,,sin_match,sin_candidato
drovencentro,VALSARTAN 80MG 30TAB ZUZU,7.744,,sin_match,sin_candidato
drovencentro,VALSARTAN AMLODIPINA 160/10MG 10TAB LA SANTE,6.1948,,sin_match,sin_candidato
drovencentro,VALSARTAN AMLODIPINO 80/5MG 10TAB LA SANTE,4.9896,,sin_match,sin_candidato
drovencentro,"VALSARTAN HCT 160/12,5MG 10COMP REC VARGAS",5.7728,E.F.G.37.747,matched,score=0.772
drovencentro,"VALSARTAN HCT 160/12,5MG 14TAB GENCER",7.136,,sin_match,sin_candidato
drovencentro,"VALSARTAN HCT 80/12,5MG 10COMP REC VARGAS",3.11872,E.F.G.37.749,matched,score=0.768
drovencentro,"VALSARTAN HCT 80/12,5MG 30TAB LA SANTE",7.9424,,sin_match,sin_candidato
drovencentro,VALSARTAN HCT 80/12.5MG 14TAB CALOX,4.408,,sin_match,sin_candidato
drovencentro,VALSARTAN HCT 80/12.5MG 28TAB CALOX,7.36,E.F.G.35.562,matched,score=0.924
drovencentro,VALSARTAN PRIVAL-80 80MG 10BLIST 10TAB PRISM,18.464,,sin_match,sin_candidato
drovencentro,"VALSARTAN/CLORTALIDONA 80/12,5MG  30TAB REC ANGELUS",12.8,,sin_match,sin_candidato
drovencentro,VALTAN 160MG 30TAB ZORIAK VALSARTAN,9.49212,,sin_match,sin_candidato
drovencentro,VALVEY INSULINA GLARGINA 100 UI/ML CARTUCHO 3ML NOZOMI,22.68978,,sin_match,sin_candidato
drovencentro,"VANCOMEDC POLVO PARA INY  0,5GR VANCOMICINA IPS",3.22432,,sin_match,sin_candidato
drovencentro,VANCOMICINA  500MG I.V SOL INY 1AMP OVEROL,5.624,,sin_match,sin_candidato
drovencentro,VARIFLON 450MG/5MG  30 TAB REC TIARES,8.7696,,sin_match,sin_candidato
drovencentro,VARITROL 450MG 60CAPS WALIFE,7.6296,,sin_match,sin_candidato
drovencentro,VASELINA 10G LYA,1.5088,,sin_match,sin_candidato
drovencentro,VASELINA 30G  1 UND FSI,1.85152,,sin_match,sin_candidato
drovencentro,VASELINA 30G LYA,2.25952,,sin_match,sin_candidato
drovencentro,VASELINA 60G  1 UND FSI,2.75264,,sin_match,sin_candidato
drovencentro,VASELINA DEPORTIVA 120ML FREE LIFE STYLE,6.3308,,sin_match,sin_candidato
drovencentro,VASELINA TERAPIA ALOE VERA 4.8G DIMASSI,3.48,,sin_match,sin_candidato
drovencentro,VASELINA TERAPIA LABIAL ORIGINAL 4.8G 1UND DIMASSI,3.48,,sin_match,sin_candidato
drovencentro,VASELINA TERAPIA MANTECA CACAO 4.8G 1UND DIMASSI,3.48,,sin_match,sin_candidato
drovencentro,VASELINE LIP CARE LABIOS ROSADOS 7G 1UND DIMASSI,5,,sin_match,sin_candidato
drovencentro,VASELYM CR MANZANILLA 100GR SOMA,5.392,,sin_match,sin_candidato
drovencentro,VASO DE FACIL AGARRE C/CLIP C/SURTIDOS TOMI TIPI,9.224,,sin_match,sin_candidato
drovencentro,VASO ENTRENADOR C/ASAS TOMI TIPI,9.192,,sin_match,sin_candidato
drovencentro,VASPITOR 20MG 10COMP REC ROWE,1.292,E.F.43.273,matched,score=0.885
drovencentro,VASPITOR 20MG 30COMP REC MEGALABS,5.7088,E.F.43.273,matched,score=0.706
drovencentro,VASPITOR 40MG 30COMP REC MEGALABS,11.448,,sin_match,sin_candidato
drovencentro,VASSLUTEN 150MG 30TAB GLOBAL FARMA,6.83584,,sin_match,sin_candidato
drovencentro,VAXIDUO 100MG/400MG 7 OVULOS VIVAX,8.968,,sin_match,sin_candidato
drovencentro,VECTUS 20MG 1TAB REC SIEGFRIED,0.644,E.F.43.211,matched,score=0.891
drovencentro,VECTUS 20MG 2TAB REC SIEGFRIED,1.4,E.F.43.211,matched,score=0.891
drovencentro,VECTUS 5MG 10TAB REC SIEGFRIED,1.4,E.F.43.394,matched,score=0.897
drovencentro,VEDINOR 600MG 15 COMP REC DIOSMINA VARGAS.,11.1744,E.F.G.43.969,matched,score=0.877
drovencentro,VEMANTIN 25MG 30TABL ANGELUS,13.928,,sin_match,sin_candidato
drovencentro,VENACARE 460MG  60CAPS HERBAPLANT,10.3564,,sin_match,sin_candidato
drovencentro,VENACARE 460MG 30CAPS HERBAPLANT,8.6836,,sin_match,sin_candidato
drovencentro,VENACTIN 450/50MG 10CAPS BLANDAS VIVAX,7.984,E.F.G.43.348,matched,score=0.906
drovencentro,VENACTIN 450MG/50MG  30CAPS BLANDAS VIVAX,20.12,E.F.G.43.348,matched,score=0.892
drovencentro,VENAMIX 60CAPS BIOINFINITY,8.3708,,sin_match,sin_candidato
drovencentro,VENASPRAD DIOSMINA  HESPER 450/50MG  30TAB DPT,16.26205,,sin_match,sin_candidato
drovencentro,VENAXEN 150MG  10CAP LP VENLAFAXINA FC PHARMA,14.152,,sin_match,sin_candidato
drovencentro,VENDA YESO 8CM X 4M UND ITN,1.0488,,sin_match,sin_candidato
drovencentro,"VENDAPRESS 7,5CM X 4,5 M 1 UND",4.296,,sin_match,sin_candidato
drovencentro,VENDITAS KIDS NIÑAS 20UND CUREBAND,4.616,,sin_match,sin_candidato
drovencentro,VENDITAS KIDS NIÑOS 20UND CUREBAND,4.616,,sin_match,sin_candidato
drovencentro,VENDITAS PREMIUM IMPERMEABLE 30UND CUREBAND,7.912,,sin_match,sin_candidato
drovencentro,VENDITAS PREMIUM SURTIDA 30UND CUREBAND,7.912,,sin_match,sin_candidato
drovencentro,VENDITAS PREMIUM TRANSPARENTE 20UND CUREBAND,6.288,,sin_match,sin_candidato
drovencentro,VENDITAS STANDAR 100UND CUREBAND,5.68,,sin_match,sin_candidato
drovencentro,VENOSAN 90CAPS ARCOIRIS,10.832,,sin_match,sin_candidato
drovencentro,VENTODUO 100MCG/50MCG 200 DOSIS INH,12.864,,sin_match,sin_candidato
drovencentro,VEPAGLI 10MG 30TAB EMPAGLIFLOZINA ANGELUS,14.152,,sin_match,sin_candidato
drovencentro,"VERALEN 1,16% GEL 50GR COFASA",6.544,,sin_match,sin_candidato
drovencentro,VERALEN-P 75MG/3ML SOL INY 1 AMP DICLOF POT COFASA,1.088,E.F.43.946,matched,score=0.716
drovencentro,VERAPAMILO 80MG  10TAB REMENY,4.104,,sin_match,sin_candidato
drovencentro,VERATROL DUO 50MG 200UI 30CAPS  FC PHARMA,12.32,,sin_match,sin_candidato
drovencentro,"VEROLAX  7,5MG/15ML 10ML  PICOSULFATO SODIO DISKAM",9.72,,sin_match,sin_candidato
drovencentro,"VERONIQ 3/0,03MG 21TAB VIVAX",14.224,,sin_match,sin_candidato
drovencentro,VESTAX 650MG 10TAB VARGAS ACETAMINOFEN,1.116,E.F.35.075,matched,score=0.899
drovencentro,VIAJESAN 50MG 10TAB CALOX,6.416,,sin_match,sin_candidato
drovencentro,VIASEK 50MG 1TAB LETI,1.13088,E.F.32.610,matched,score=0.892
drovencentro,VIASEK 50MG 2TAB LETI,2.06088,E.F.32.610,matched,score=0.892
drovencentro,VICK VAPORUB TARRO UNGUENTO 50GR,8.53504,,sin_match,sin_candidato
drovencentro,VICZIN 30 TAB MAST 500MG/15MG FC PHARMA,9.072,,sin_match,sin_candidato
drovencentro,VIGRASOL 50MG  1TAB KLINOS,0.7392,E.F.32.611,matched,score=0.895
drovencentro,VINAGRE DE SIDRA DE MANZANA 500MG 30 CAP VAL,10.6704,,sin_match,sin_candidato
drovencentro,VINAGRE MANZANA  60TAB FITOSANA,7.9744,,sin_match,sin_candidato
drovencentro,VINAGRE SIDRA DE MANZANA 450MG  180CAPS NOW,26.864,,sin_match,sin_candidato
drovencentro,VIOLETA DE GENCIANA 30ML 1UNID FSI,1.45024,,sin_match,sin_candidato
drovencentro,VIOLETA DE GENCIANA 30ML LYA,2.33312,,sin_match,sin_candidato
drovencentro,VIROSUPRIL 5%  5GR ROEMMERS,15.076,,sin_match,sin_candidato
drovencentro,VISTAGEL GEL OFTALMICO 10GR  DIEMA,15.17858,,sin_match,sin_candidato
drovencentro,VIT C-1000MG 100TAB NOW,20.9016,,sin_match,sin_candidato
drovencentro,VIT-B6 PIRIDOXINA 100MG/1ML IV/IM AMP BIOSANO,0.6,,sin_match,sin_candidato
drovencentro,VIT-C KLINOS JARABE,4.2368,P.F.998,matched,score=0.777
drovencentro,"VITADOLL 650MG+1,4MG 60CAPS DOLLY",14.53642,,sin_match,sin_candidato
drovencentro,VITADOLL C 1000MG  20TAB EFERV DOLLY,6.64522,,sin_match,sin_candidato
drovencentro,VITADYN C (VIT-C 1 GR)10TAB S/NARANJA EFERV SIN AZUCAR OFTALMI,12.336,E.F.31.438,matched,score=0.840
drovencentro,VITADYN C (VIT-C 1 GR)S/MANDARINA  EFERVECENTES 10COMP OFTALMI,11.424,E.F.31.438,matched,score=0.585
drovencentro,VITADYN C + ZINC  30CAPS OFTALMI,6.336,,sin_match,sin_candidato
drovencentro,VITADYN C 500MG 30TAB OFTALMI,10.392,E.F.31.002,matched,score=0.864
drovencentro,VITADYN KIDS JBE NARANJA 120ML OFTALMI,8.584,,sin_match,sin_candidato
drovencentro,VITALAC KIDS MULTIVITAMINICO 120ML B&M,2.464,,sin_match,sin_candidato
drovencentro,VITAMAX  SOL INY C/LIDOCAINA 3ML 3AMP SUPLIMEDIC,2.28,,sin_match,sin_candidato
drovencentro,VITAMIN D3 25MG  60CAPS ETERNAL,11.076,,sin_match,sin_candidato
drovencentro,VITAMIN D3+ K2 2000UI 150MCG  30 TAB PHARMACORP,11.0736,,sin_match,sin_candidato
drovencentro,VITAMIN-C JBE 100MG/5ML 180ML FARMAGENIK,3.3212,,sin_match,sin_candidato
drovencentro,VITAMINA A 10.000 UI  100CAPS BLAN NOW,11.8656,,sin_match,sin_candidato
drovencentro,VITAMINA A 10.000 UI  30CAPS PREVENTUD,9.848,,sin_match,sin_candidato
drovencentro,VITAMINA A 10000 UI 60 CAPS PREVENTUD,12.92,,sin_match,sin_candidato
drovencentro,VITAMINA B12 1ML 3AMP ROEMMERS,5.7736,E.F.6.025,matched,score=0.594
drovencentro,VITAMINA B12 5MG/ML SOL INY 1AMP POLINAC,7.0604,,sin_match,sin_candidato
drovencentro,VITAMINA B12 KLINOS 250MG 20CAP,4.5312,E.F.6.025,matched,score=0.761
drovencentro,VITAMINA B12 KLINOS 500MG 20CAP,6.4872,,sin_match,sin_candidato
drovencentro,VITAMINA C  60TAB FITOSANA,7.2448,,sin_match,sin_candidato
drovencentro,VITAMINA C + ROSE HIPS 500MG  30TAB NATURISTIK,5.9976,,sin_match,sin_candidato
drovencentro,VITAMINA C 100 MG/ML 5ML IM/IV X 10 AMP BLUE MEDICAL,4.52,,sin_match,sin_candidato
drovencentro,VITAMINA C 1000MG   60CAPS WALIFE,8.4728,,sin_match,sin_candidato
drovencentro,VITAMINA C 1000MG  60CAP  PHARMACORP,11.5776,,sin_match,sin_candidato
drovencentro,VITAMINA C 1000MG  60TAB NATURAL SYSTEMS,19.888,,sin_match,sin_candidato
drovencentro,VITAMINA C 100MG/5ML  3AMP KLINOS,10.464,,sin_match,sin_candidato
drovencentro,VITAMINA C 100MG/ML JBE 120ML BIOQUIMICA,3.84,,sin_match,sin_candidato
drovencentro,VITAMINA C 1GR  10 SOB FC PHARMA,10.0224,,sin_match,sin_candidato
drovencentro,VITAMINA C 500MG  60CAPS  WALIFE,6.3784,,sin_match,sin_candidato
drovencentro,VITAMINA C 500MG + ZINC 10MG  60CAPS WALIFE,6.7536,,sin_match,sin_candidato
drovencentro,VITAMINA C 500MG 100TAB MASTIC BLUE MEDICAL,5.376,,sin_match,sin_candidato
drovencentro,VITAMINA C 500MG 15CAPS BLANDAS FC PHARMA,5.1068,,sin_match,sin_candidato
drovencentro,VITAMINA C 500MG 30CAPS BLANDAS FC PHARMA,7.68,,sin_match,sin_candidato
drovencentro,VITAMINA C 500MG 30TAB BIOQUIMICA,5.7744,,sin_match,sin_candidato
drovencentro,VITAMINA C 500MG 30TAB VAL,11.02,,sin_match,sin_candidato
drovencentro,VITAMINA C 500MG 70CAPS ABEJITA,8.194,,sin_match,sin_candidato
drovencentro,VITAMINA C 500MG MAND 10TAB MAST PHARMETIQUE C,1.054,,sin_match,sin_candidato
drovencentro,VITAMINA C 500MG S/CHICLE 10TAB MAST LA SANTE,1.054,,sin_match,sin_candidato
drovencentro,VITAMINA C 500MG/5ML  10AMP ANDILAB,4.504,,sin_match,sin_candidato
drovencentro,VITAMINA C KIDS  60 GOMITAS PREVENTUD,16,,sin_match,sin_candidato
drovencentro,VITAMINA C TUTTI FRUTTI 500MG 10TAB MAST LA SANTE,1.054,,sin_match,sin_candidato
drovencentro,VITAMINA C+ ZINC+VITAMINA D3  60CAPS GREEN CHOICE,12.304,,sin_match,sin_candidato
drovencentro,VITAMINA D3  30CAPS NATURISTIK,5.1136,,sin_match,sin_candidato
drovencentro,VITAMINA D3 125MCG 5000 UI  60TAB FITOSANA,7.9744,,sin_match,sin_candidato
drovencentro,VITAMINA D3 5000 UI 30CAP VAL,10.6932,,sin_match,sin_candidato
drovencentro,VITAMINA E 400MG  30CAPS NATURISTIK,6.63168,,sin_match,sin_candidato
drovencentro,VITAMINA E 400MG 15CAPS BLANDAS VIVAX,7.568,,sin_match,sin_candidato
drovencentro,VITAMINA E 400MG 30CAPS BLANDAS VIVAX,11.608,,sin_match,sin_candidato
drovencentro,VITAMINA E 60CAPS ARCOIRIS,14.896,,sin_match,sin_candidato
drovencentro,VITAMINA E SELENIO 30CAPS BLANDAS PHARMATECH,7.17808,,sin_match,sin_candidato
drovencentro,VITAMINA K1 3 AMP  2.5ML KLINOS,8,,sin_match,sin_candidato
drovencentro,VITAMINAS  COMPLEJO B  60TAB FITOSANA,9.056,,sin_match,sin_candidato
drovencentro,VITAMINAS + MINERALES+ COLAGENO  30CAPS NATURISTIK,6.1632,,sin_match,sin_candidato
drovencentro,VITAMINAS + MINERALES+ COLAGENO  60CAPS NATURISTIK,8.8128,,sin_match,sin_candidato
drovencentro,VITAMINAS MINERALES GUMMY NIÑOS 60 GOMITAS NATURAL SYSTEMS,19.7824,,sin_match,sin_candidato
drovencentro,VITAOVULO 3MG 4 OVULOS,7.088,,sin_match,sin_candidato
drovencentro,VITAOZONO 15ML SOL GOTAS,6.624,,sin_match,sin_candidato
drovencentro,VITAVISION 6MG/1MG 30CAP OFTALMI,15.336,,sin_match,sin_candidato
drovencentro,VITENOL CREMA 15GR.,2.52,,sin_match,sin_candidato
drovencentro,VITISIVAL PLUS JBE 180ML VALMORCA,8.36,,sin_match,sin_candidato
drovencentro,VITISIVAL SOL ORAL 180ML VALMORCA,7.6456,,sin_match,sin_candidato
drovencentro,VITREXON JARABE 120ML,3.6144,E.F.G.36.008,matched,score=0.664
drovencentro,VIUSID 9 SOBRES AV PHARMA,21.13659,,sin_match,sin_candidato
drovencentro,VIZERUL 150MG 10COMP DOLLDER,5.55589,,sin_match,sin_candidato
drovencentro,VIZERUL 150MG/10ML 120ML JBE DOLLDER,9.30256,,sin_match,sin_candidato
drovencentro,VIZERUL 300MG 10COMP DOLLDER,9.18612,,sin_match,sin_candidato
drovencentro,VIZERUL 75MG 10COMP DOLLDER,2.57741,,sin_match,sin_candidato
drovencentro,VIZERUL 75MG 20COMP DOLLDER,4.59458,,sin_match,sin_candidato
drovencentro,VONAU FLASH 4MG 10TAB ONDASETRON FARMA,8.08969,,sin_match,sin_candidato
drovencentro,VONAU FLASH 8MG 10TAB ONDASETRON FARMA,12.92682,,sin_match,sin_candidato
drovencentro,WAMPOLE EMULS TUT FRUTI 200 ML F/PVC,2.414,,sin_match,sin_candidato
drovencentro,WAMPOLE EMULS TUT FRUTTI 360 ML,3.6924,,sin_match,sin_candidato
drovencentro,WAMPOLE EMULS. S/FRESA 200 ML F/PVC,2.4276,,sin_match,sin_candidato
drovencentro,WAMPOLE EMULS. S/FRESA 360 ML.,3.536,,sin_match,sin_candidato
drovencentro,WAMPOLE EMULSION NARANJA 200 ML F/PVC,2.4888,,sin_match,sin_candidato
drovencentro,WAMPOLE EMULSION NARANJA 360 ML,3.5224,,sin_match,sin_candidato
drovencentro,WOMEN PROBIOTIC 50CAP LACTOBASILLUS NOW,46.768,,sin_match,sin_candidato
drovencentro,WOOLITE DETERG LIQ  ROPA DE BEBE DP 900ML,9.2344,,sin_match,sin_candidato
drovencentro,WOOLITE DETERG LIQ PROT Y CUIDADO DP 900ML,9.2344,,sin_match,sin_candidato
drovencentro,WOOLITE DETERG LIQ ROPA OSCURA 900ML,9.2344,,sin_match,sin_candidato
drovencentro,XANEXTRA 500MG 21COMP ALESS,9.91951,,sin_match,sin_candidato
drovencentro,XARELTO 15MG 14TAB,18.56291,,sin_match,sin_candidato
drovencentro,XAROX 10MG 30TAB PHARMETIQUE,12.5256,,sin_match,sin_candidato
drovencentro,XAROX 15MG 30 TAB PHARMETIQUE,17.374,,sin_match,sin_candidato
drovencentro,XAROX 20MG 30 TAB PHARMETIQUE,21.1004,,sin_match,sin_candidato
drovencentro,XILITOL 454GR NOW,17.32,,sin_match,sin_candidato
drovencentro,XPECIAL JABON BARRA DERMO 90GR PHARMAX,1.416,,sin_match,sin_candidato
drovencentro,"YASMIN  3/0,03MG 21COMP REC AV PHARMA",20.11746,,sin_match,sin_candidato
drovencentro,YODINFEX 10% SOL TOPICA  120ML LAPROFF,5.056,,sin_match,sin_candidato
drovencentro,YODO BLANCO 30CM 1UNID FSI,1.84448,,sin_match,sin_candidato
drovencentro,YODOPOVIDONA SOL JABONOSA 100ML LYA,7.3224,,sin_match,sin_candidato
drovencentro,YONAL JBE 120ML BIOTECH,4.104,E.F.28.666,matched,score=0.727
drovencentro,YONALAT 15-3MG/5ML JBE 120ML BIOTECH,4.592,E.F.42.111,matched,score=0.711
drovencentro,YONALIN 4MG/ML SOL ORAL PED 15ML BIOTECH,2.448,E.F.43.770,matched,score=0.921
drovencentro,ZABILA 430MG 30CAPS ARCOIRIS,9.48,,sin_match,sin_candidato
drovencentro,ZAF-200 200MG 30TAB BEZAFIBRATO MT,7.57102,,sin_match,sin_candidato
drovencentro,ZANAX CR VAG 2% 20G 3 APLIC CLOTRIMAZOL BLUE MEDICAL,3.816,,sin_match,sin_candidato
drovencentro,ZANAX500 500MG 1 OVULO VAG CLOTRIMAZOL BLUE MEDICAL,1.584,,sin_match,sin_candidato
drovencentro,ZARZAPARRILLA 90CAP ARCOIRIS,8.736,,sin_match,sin_candidato
drovencentro,ZIFAR 50MG  30CAPS BLAN GLUCONATO DE ZINC BIOFAR,5.168,,sin_match,sin_candidato
drovencentro,ZILDON 10MG  30TAB REC PHARMETIQUE C,7.2148,,sin_match,sin_candidato
drovencentro,ZINC + CALCIO  60CAPS NATURISTIK,7.75808,,sin_match,sin_candidato
drovencentro,ZINC 25MG 30TAB COFASA,6.2928,,sin_match,sin_candidato
drovencentro,ZINC 50MG 60TAB DROVENPLUS,6.4,,sin_match,sin_candidato
drovencentro,ZINC GLUCONATE 50MG 100TAB NOW,14.304,,sin_match,sin_candidato
drovencentro,ZINC GLUCONATO 170MG 60CAPS HERBAPLANT,9.3092,,sin_match,sin_candidato
drovencentro,ZITOXIL 5% SL 60ML ELMOR,8.09872,,sin_match,sin_candidato
drovencentro,ZITROBIO 200MG/5ML SUSP 15ML BIOMERCY AZITROMICINA,2.0664,,sin_match,sin_candidato
drovencentro,ZITROBIO 500MG  3TAB BIOMERCY AZITROMICINA,0.984,,sin_match,sin_candidato
drovencentro,"ZOCLONAX 7,5MG 10TAB ZOPICLONA PHARMETIQUE",5.5148,,sin_match,sin_candidato
drovencentro,ZONIUM 20MG 14CAPS BIOTECH,5.93208,E.F.39.051,matched,score=0.899
drovencentro,ZONIUM 40MG 14CAPS BIOTECH,6.3632,E.F.39.050,matched,score=0.899
drovencentro,ZONTRICON 100MG/5ML 30ML LETI,11.7936,,sin_match,sin_candidato
drovencentro,"ZOPICLONA 7,5MG  10TAB REC OVEROL",3.7248,,sin_match,sin_candidato
drovencentro,ZOST 50MG 1COMP DOLLDER,0.84046,,sin_match,sin_candidato
drovencentro,ZOST 50MG 2COMP DOLLDER,1.49227,,sin_match,sin_candidato
drovencentro,ZOXADIR 500MG  6TAB NITAZOXANIDA ADN,3.5208,,sin_match,sin_candidato
drovencentro,ZOXAVAL 100MG/5ML SUSP PRAL 30ML VALMORCA,7.696,,sin_match,sin_candidato
drovencentro,ZOXAVAL 500MG  6TAB  VALMORCA,7.312,,sin_match,sin_candidato
drovencentro,"ZUDENINA 0,1% CREMA 30GR",8.4728,E.F.37.539,matched,score=0.820
drovencentro,"ZUDENINA 0,1% GEL  30GR",8.7856,E.F.43.457,matched,score=0.820
drovencentro,"ZUDENINA FORTE GEL 0,3%  30GR",9.0984,E.F.43.457,matched,score=0.758
drovencentro,"ZUDENINA PLUS 0,1% - 1,0% GEL 30G",9.52,E.F.43.457,matched,score=0.648
drovencentro,ZUKADRYL LOCION  100ML  ZUKATI,10.312,,sin_match,sin_candidato
drovencentro,ZULTINA 100MG/5ML 30ML ANGELUS,2.1952,,sin_match,sin_candidato
drovencentro,ZUPAXIN 500MG  6TAB NITAZOXANIDA VERMA,4.824,,sin_match,sin_candidato
drovencentro,ZUVEXIN 100MG/5ML SUSP ORAL 60ML NITAZOXANIDA VERMA,4.96,,sin_match,sin_candidato
drovencentro,ZYRTEC 10MG 20TAB REC FARMA,9.67426,,sin_match,sin_candidato
drovencentro,ÑAME SALVAJE  30CAPS NATURISTIK,5.984,,sin_match,sin_candidato
drovencentro,ÑAME SALVAJE  60CAPS ARCOIRIS,12.184,,sin_match,sin_candidato
drovencentro,ÑAME SALVAJE 275MG + ORTIGA 275MG 60CAPS WALIFE,7.446,,sin_match,sin_candidato
drovencentro,ÑAME SALVAJE 365MG  60CAPS HERBAPLANT,9.3092,,sin_match,sin_candidato
drovencentro,ÑAME SALVAJE 365MG 30CAPS HERBAPLANT,7.5344,,sin_match,sin_candidato