codigo,nombre,nivel,es_sistema
A,TRACTO ALIMENTARIO Y METABOLISMO,1,true
A01,PREPARADOS ESTOMATOLOGICOS,2,true
A01A,PREPARADOS ESTOMATOLOGICOS,3,true
A01AA,Agentes para la profilaxis de las caries,4,true
A01AA01,Fluoruro de sodio,5,true
A01AA02,Monofluorfosfato de sodio,5,true
A01AA03,Olaflur,5,true
A01AA04,Fluoruro de estaño,5,true
A01AA30,Combinaciones,5,true
A01AA51,"Fluoruro de sodio, combinaciones",5,true
A01AB,Antiinfecciosos y antisepticos para el tratamiento oral-local,4,true
A01AB02,Peroxido de hidrogeno,5,true
A01AB03,Clorhexidina,5,true
A01AB04,Amfotericina B,5,true
A01AB05,Polinoxilina,5,true
A01AB06,Domifeno,5,true
A01AB07,Oxiquinolina,5,true
A01AB08,Neomicina,5,true
A01AB09,Miconazol,5,true
A01AB10,Natamicina,5,true
A01AB11,Varios,5,true
A01AB12,Hexetidina,5,true
A01AB13,Tetraciclina,5,true
A01AB14,"Benzoxonio, cloruro de",5,true
A01AB15,"Tibezonio, ioduro de",5,true
A01AB16,Mepartricina,5,true
A01AB17,Metronidazol,5,true
A01AB18,Clotrimazol,5,true
A01AB19,Perborato de sodio,5,true
A01AB21,Clortetraciclina,5,true
A01AB22,Doxiciclina,5,true
A01AB23,Minociclina,5,true
A01AB91,Nistatina,5,true
A01AB92,"Nistatina y corticosteroides, combinaciones con",5,true
A01AB93,Povidona iodada,5,true
A01AC,Corticosteroides para tratamiento oral-local,4,true
A01AC01,Triamcinolona,5,true
A01AC02,Dexametasona,5,true
A01AC03,Hidrocortisona,5,true
A01AC53,"Hidrocortisona, combinaciones con",5,true
A01AC54,"Prednisolona, combinaciones",5,true
A01AD,Otros agentes para tratamiento oral-local,4,true
A01AD01,Epinefrina,5,true
A01AD02,Bencidamina,5,true
A01AD05,Acido acetilsalicilico,5,true
A01AD06,Adrenalona,5,true
A01AD07,Amlexanox,5,true
A01AD08,Becaplermina,5,true
A01AD11,Varios,5,true
A01AD92,Carbenoxolona,5,true
A02,AGENTES PARA EL TRATAMIENTO DE ALTERACIONES CAUSADAS POR ACIDOS,2,true
A02A,ANTIACIDOS,3,true
A02AA,Compuestos de magnesio,4,true
A02AA01,Carbonato de magnesio,5,true
A02AA02,Oxido de magnesio,5,true
A02AA03,Peroxido de magnesio,5,true
A02AA04,Hidroxido de magnesio,5,true
A02AA05,Silicato de magnesio,5,true
A02AA10,Combinaciones,5,true
A02AA91,"Magnesio trisilicato y aluminio hidroxido, combinaciones con",5,true
A02AA92,"Magnesio hidroxido y aluminio hidroxido, combinaciones con",5,true
A02AA93,"Sales de Magnesio, algeldrato y calcio carbonato, combinacio",5,true
A02AA94,Magnesio poligalacturonato,5,true
A02AB,Compuestos de aluminio,4,true
A02AB01,Hidroxido de aluminio,5,true
A02AB02,Algeldrato,5,true
A02AB03,Fosfato de aluminio,5,true
A02AB04,Carbonato sodico de dihidroxialuminio,5,true
A02AB05,Acetoacetato de aluminio,5,true
A02AB06,Aloglutamol,5,true
A02AB07,Glicinato de aluminio,5,true
A02AB10,Combinaciones,5,true
A02AB91,Aluminio aceglutamida,5,true
A02AC,Compuestos de calcio,4,true
A02AC01,Carbonato de calcio,5,true
A02AC02,Silicato de calcio,5,true
A02AC10,Combinaciones,5,true
A02AD,"Combinaciones y complejos de compuesto de aluminio, calcio y magnesio",4,true
A02AD01,Combinaciones de sales simples,5,true
A02AD02,Magaldrato,5,true
A02AD03,Almagato,5,true
A02AD04,Hidrotalcita,5,true
A02AD05,Almasilato,5,true
A02AD91,"Combinaciones de compuestos de aluminio, calcio y magnesio",5,true
A02AD92,"Combinaciones de compuestos de calcio, magnesio y sodio",5,true
A02AD93,Combinaciones de compuestos de aluminio y magnesio,5,true
A02AF,Antiacidos con carminativos,4,true
A02AF01,Magaldrato y carminativos,5,true
A02AF02,Combinaciones de sales simples y carminativos,5,true
A02AG,Antiacidos con antiespasmodicos,4,true
A02AH,Antiacidos con bicarbonato de sodio,4,true
A02AH91,Sodio bicarbonato,5,true
A02AX,Otras combinaciones con antiacidos,4,true
A02AX91,"Magnesio hidroxido, calcio carbonato y famotidina, combinaci",5,true
A02B,AGENTES CONTRA LA ULCERA PEPTICA Y EL REFLUJO GASTROESOFAGICO (RGE/GORD),3,true
A02BA,Antagonistas del receptor H2,4,true
A02BA01,Cimetidina,5,true
A02BA02,Ranitidina,5,true
A02BA03,Famotidina,5,true
A02BA04,Nizatidina,5,true
A02BA05,Niperotidina,5,true
A02BA06,Roxatidina,5,true
A02BA07,Ranitidina y citrato de bismuto,5,true
A02BA08,Lafutidina,5,true
A02BA51,"Cimetidina, combinaciones con",5,true
A02BA53,"Famotidina, combinaciones con",5,true
A02BA91,Ebrotidina,5,true
A02BB,Prostaglandinas,4,true
A02BB01,Misoprostol,5,true
A02BB02,Enprostilo,5,true
A02BC,Inhibidores de la bomba de protones,4,true
A02BC01,Omeprazol,5,true
A02BC02,Pantoprazol,5,true
A02BC03,Lansoprazol,5,true
A02BC04,Rabeprazol,5,true
A02BC05,Esomeprazol,5,true
A02BC06,Dexlansoprazol,5,true
A02BC12,Zastaprazan,5,true
A02BD,Combinaciones para la erradicacion del Helicobacter pylori,4,true
A02BD01,"Omeprazol, amoxicilina y metronidazol",5,true
A02BD02,"Lansoprazol, tetraciclinas y metronidazol",5,true
A02BD03,"Lansoprazol, amoxicilina y metronidazol",5,true
A02BD04,"Pantoprazol, amoxicilina y claritromicina",5,true
A02BD05,"Omeprazol, amoxicilina y claritromicina",5,true
A02BD06,"Esomeprazol, amoxicilina y claritromicina",5,true
A02BD07,"Lansoprazol, amoxicilina y claritromicina",5,true
A02BD08,"Subcitrato de bismuto, tetraciclina y metronidazol",5,true
A02BX,Otros agentes contra la ulcera peptica y el reflujo gastroesofagico (RGE/GORD),4,true
A02BX01,Carbenoxolona,5,true
A02BX02,Sucralfato,5,true
A02BX03,Pirenzepina,5,true
A02BX04,"Metiosulfonio, cloruro de",5,true
A02BX05,Subcitrato de bismuto,5,true
A02BX06,Proglumida,5,true
A02BX07,Gefarnato,5,true
A02BX08,Sulglicotida,5,true
A02BX09,Acetoxolona,5,true
A02BX10,Zolimidina,5,true
A02BX11,Troxipida,5,true
A02BX12,Subnitrato de bismuto,5,true
A02BX13,Acido alginico,5,true
A02BX14,Rebamipida,5,true
A02BX51,"Carbenoxolona, combinaciones excluyendo psicolepticos",5,true
A02BX71,"Carbenoxolona, combinaciones con psicolepticos",5,true
A02BX77,"Gefarnato, combinaciones con psicolepticos",5,true
A02BX91,Zinc acexamato,5,true
A02BX92,Dosmalfato,5,true
A02X,OTROS AGENTES CONTRA ALTERACIONES CAUSADAS POR ACIDOS,3,true
A03,AGENTES CONTRA PADECIMIENTOS FUNCIONALES DEL ESTOMAGO E INTESTINO,2,true
A03A,AGENTES CONTRA PADECIMIENTOS FUNCIONALES DEL ESTOMAGO,3,true
A03AA,"Anticolinergicos sinteticos, esteres con grupo amino terciario",4,true
A03AA01,Oxifenciclimina,5,true
A03AA03,Camilofina,5,true
A03AA04,Mebeverina,5,true
A03AA05,Trimebutina,5,true
A03AA06,Rociverina,5,true
A03AA07,Dicicloverina,5,true
A03AA08,Dihexiverina,5,true
A03AA09,Difemerina,5,true
A03AA30,Piperidolato,5,true
A03AB,"Anticolinergicos sinteticos, compuestos de amonio cuaternario",4,true
A03AB01,"Bencilonio, bromuro de",5,true
A03AB02,"Glicopirronio, bromuro de",5,true
A03AB03,"Oxifenonio, bromuro de",5,true
A03AB04,Pentienato,5,true
A03AB05,Propantelina,5,true
A03AB06,"Otilonio, bromuro de",5,true
A03AB07,Metantelinio,5,true
A03AB08,Tridihexetilo,5,true
A03AB09,Isopropamida,5,true
A03AB10,Hexociclio,5,true
A03AB11,Poldina,5,true
A03AB12,Mepenzolato,5,true
A03AB13,"Bevonio, metilsulfato de",5,true
A03AB14,Pipenzolato,5,true
A03AB15,Difemanilo,5,true
A03AB16,"(2-benzhidroxiloxietil)dietilmetilamonio, ioduro de",5,true
A03AB17,"Tiemonio, ioduro de",5,true
A03AB18,"Prifinio, bromuro de",5,true
A03AB19,"Timepidio, bromuro de",5,true
A03AB21,"Fenpiverinio, bromuro de",5,true
A03AB53,"Oxifenonio, bromuro de, combinaciones con",5,true
A03AC,"Antiespasmodicos sinteticos, amidas con aminas terciarias",4,true
A03AC02,Dimetilaminopropionilfenotiazina,5,true
A03AC04,Nicofetamida,5,true
A03AC05,Tiropramida,5,true
A03AD,Papaverina y derivados,4,true
A03AD01,Papaverina,5,true
A03AD02,Drotaverina,5,true
A03AD30,Moxaverina,5,true
A03AE,Agentes con efecto en los receptores de serotonina,4,true
A03AE01,Alosetron,5,true
A03AE02,Tegaserod,5,true
A03AE03,Cilansetron,5,true
A03AE04,Prucaloprida,5,true
A03AX,Otros agentes contra padecimientos funcionales del estomago,4,true
A03AX01,Fenpiprano,5,true
A03AX02,Diisopromina,5,true
A03AX03,Clorbenzoxamina,5,true
A03AX04,Pinaverio,5,true
A03AX05,Fenoverina,5,true
A03AX06,Idanpramina,5,true
A03AX07,Proxazol,5,true
A03AX08,Alverina,5,true
A03AX09,Trepibutona,5,true
A03AX10,Isometepteno,5,true
A03AX11,Caroverina,5,true
A03AX12,Floroglucinol,5,true
A03AX13,Siliconas,5,true
A03AX15,"Menta piperita, aceite esencial de",5,true
A03AX30,Difeniltrimetilpropilamina,5,true
A03AX58,"Alverina, combinaciones con",5,true
A03B,"BELLADONA Y DERIVADOS, MONOFARMACOS",3,true
A03BA,"Alcaloides de la belladona, aminas terciarias",4,true
A03BA01,Atropina,5,true
A03BA03,Hiosciamina,5,true
A03BA04,"Belladona, alcaloides totales de",5,true
A03BB,"Alcaloides semisinteticos de la belladona, compuestos de amonio cuaternario",4,true
A03BB01,Butilescopolamina,5,true
A03BB02,Metilatropina,5,true
A03BB03,Metilescopolamina,5,true
A03BB04,"Fentonio, bromuro de",5,true
A03BB05,"Cimetropio, bromuro de",5,true
A03BB91,Octatropina metilbromuro,5,true
A03C,ANTIESPASMODICOS EN COMBINACION CON PSICOLEPTICOS,3,true
A03CA,Agentes anticolinergicos sinteticos en combinacion con psicolepticos,4,true
A03CA01,Isopropamida y psicolepticos,5,true
A03CA02,"Clidinio, bromuro de, y psicolepticos",5,true
A03CA03,Oxifenciclimina y psicolepticos,5,true
A03CA04,"Otilonio, bromuro de, y psicolepticos",5,true
A03CA05,"Glicopirronio, bromuro de, y psicolepticos",5,true
A03CA06,"Bevonio, metilsulfato de, y psicolepticos",5,true
A03CA07,"Ambutonio, bromuro de, y psicolepticos",5,true
A03CA08,Difemanilo y psicolepticos,5,true
A03CA30,"Emepronio, bromuro de, y psicolepticos",5,true
A03CA34,Propantelina y psicolepticos,5,true
A03CB,Belladona y derivados en combinacion con psicolepticos,4,true
A03CB01,Metilescopolamina y psicolepticos,5,true
A03CB02,"Belladona, alcaloides totales de y psicolepticos",5,true
A03CB03,Atropina y psicolepticos,5,true
A03CB04,Metilhomatropina y psicolepticos,5,true
A03CB31,Hiosciamina y psicolepticos,5,true
A03CC,Otros antiespasmodicos en combinacion con psicolepticos,4,true
A03D,ANTIESPASMODICOS EN COMBINACION CON ANALGESICOS,3,true
A03DA,Agentes anticolinergicos sinteticos en combinacion con analgesicos,4,true
A03DA01,Tropenzilina y analgesicos,5,true
A03DA02,Pitofenona y analgesicos,5,true
A03DA03,"Bevonio, metilsulfato de, y analgesicos",5,true
A03DA04,"Ciclonio, bromuro de, y analgesicos",5,true
A03DA05,Camilofina y analgesicos,5,true
A03DA06,"Trospio, cloruro de, y analgesicos",5,true
A03DA07,"Tiemonio, ioduro de, y analgesicos",5,true
A03DA91,Drofenina y analgesicos,5,true
A03DA92,Octatropina metilbromuro y analgesicos,5,true
A03DB,Belladona y derivados en combinacion con analgesicos,4,true
A03DB04,Butilescopolamina y analgesicos,5,true
A03DB91,Atropina y analgesicos,5,true
A03DB92,"Atropina, papaverina y analgesicos",5,true
A03DC,Otros antiespasmodicos en combinacion con analgesicos,4,true
A03DC91,Papaverina y analgesicos,5,true
A03DC92,Pramiverina y analgesicos,5,true
A03E,ANTIESPASMODICOS Y ANTICOLINERGICOS EN COMBINACION CON OTROS FARMACOS,3,true
A03EA,"Antiespasmodicos, psicolepticos y analgesicos en combinacion",4,true
A03ED,Antiespasmodicos en combinacion con otros farmacos,4,true
A03ED91,"Papaverina y magnesio sulfato, combinaciones con",5,true
A03ED92,"Butilescopolamina bromuro y metoclopramida, combinaciones co",5,true
A03ED93,Metilescopolamina combinada con otras sustancias,5,true
A03F,PROPULSIVOS,3,true
A03FA,Propulsivos,4,true
A03FA01,Metoclopramida,5,true
A03FA02,Cisaprida,5,true
A03FA03,Domperidona,5,true
A03FA04,Bromoprida,5,true
A03FA05,Alizaprida,5,true
A03FA06,Cleboprida,5,true
A03FA07,Itoprida,5,true
A03FA08,Cinitaprida,5,true
A03FA51,"Metoclopramida, combinaciones con",5,true
A03FA56,"Cleboprida, combinaciones con",5,true
A04,ANTIEMETICOS Y FARMACOS PARA LAS NAUSEAS,2,true
A04A,ANTIEMETICOS Y FARMACOS PARA LAS NAUSEAS,3,true
A04AA,Antagonistas de receptores de serotonina (5-HT3),4,true
A04AA01,Ondansetron,5,true
A04AA02,Granisetron,5,true
A04AA03,Tropisetron,5,true
A04AA04,Dolasetron,5,true
A04AA05,Palonosetron,5,true
A04AA55,"Palonosetron, combinaciones",5,true
A04AD,Otros antiemeticos,4,true
A04AD01,Escopolamina,5,true
A04AD02,Oxalato de cerio,5,true
A04AD04,Clorobutanol,5,true
A04AD05,Metopimazina,5,true
A04AD10,Dronabinol,5,true
A04AD11,Nabilona,5,true
A04AD12,Aprepitant,5,true
A04AD13,Casopitant,5,true
A04AD14,Rolapitant,5,true
A04AD51,"Escopolamina, combinaciones con",5,true
A04AD54,"Clorobutanol, combinaciones con",5,true
A04AD93,"Dixirazina, combinaciones con",5,true
A04AD95,Lobulo anterior hipofisis extracto,5,true
A04AD96,"Alcaloides de la belladona, combinaciones con",5,true
A04AD97,"Corteza suprarrenal, combinaciones con",5,true
A04AD98,"Cerio oxalato y sodio citrato, combinaciones con",5,true
A05,TERAPIA BILIAR Y HEPATICA,2,true
A05A,TERAPIA BILIAR,3,true
A05AA,Acidos biliares y derivados,4,true
A05AA01,Acido quenodesoxicolico,5,true
A05AA02,Acido ursodesoxicolico,5,true
A05AA03,Acido colico,5,true
A05AA04,Acido obeticolico,5,true
A05AA06,Acido norucolico,5,true
A05AB,Preparados para la terapia del tracto biliar,4,true
A05AB01,Nicotinil metilamida,5,true
A05AX,Otros farmacos para terapia biliar,4,true
A05AX01,Piprozolina,5,true
A05AX02,Himecromona,5,true
A05AX03,Ciclobutirol,5,true
A05AX04,cloruro de maralixibat,5,true
A05AX05,Odevixibat,5,true
A05AX06,Elafibranor,5,true
A05AX07,Seladelpar,5,true
A05AX08,Linerixibat,5,true
A05AX91,Dimecrotico acido,5,true
A05AX92,"Emodina, combinaciones con",5,true
A05B,"TERAPIA HEPATICA, LIPOTROPICOS",3,true
A05BA,Terapia hepatica,4,true
A05BA01,"Arginina, glutamato de",5,true
A05BA03,Silimarina,5,true
A05BA04,Citiolona,5,true
A05BA05,Epomediol,5,true
A05BA06,"Ornitina, oxoglurato de",5,true
A05BA07,Tidiacico arginina,5,true
A05BA08,Acido glicirricico,5,true
A05BA11,Resmetirom,5,true
A05C,FARMACOS PARA TERAPIA BILIAR Y LIPOTROPICOS EN COMBINACION,3,true
A06,FARMACOS PARA EL ESTREÑIMIENTO,2,true
A06A,FARMACOS PARA EL ESTREÑIMIENTO,3,true
A06AA,"Suavizantes, emolientes",4,true
A06AA01,Parafina liquida,5,true
A06AA02,Docusato de sodio,5,true
A06AA51,"Parafina blanda, combinaciones con",5,true
A06AB,Laxantes de contacto,4,true
A06AB01,Oxifenisatina,5,true
A06AB02,Bisacodilo,5,true
A06AB03,Dantron,5,true
A06AB04,Fenoftaleina,5,true
A06AB05,Aceite de ricino,5,true
A06AB06,Glicosidos de sena,5,true
A06AB07,Cascara,5,true
A06AB08,Picosulfato de sodio,5,true
A06AB09,Bisoxatina,5,true
A06AB20,Laxantes de contacto en combinacion,5,true
A06AB30,Laxantes de contacto en combinacion con alcaloides de belladona,5,true
A06AB52,"Bisacodilo, combinaciones con",5,true
A06AB53,"Dantron, combinaciones con",5,true
A06AB56,"Glicosidos de sena, combinaciones con",5,true
A06AB57,"Cascara, combinaciones con",5,true
A06AB58,"Picosulfato de sodio, combinaciones con",5,true
A06AC,Formadores de volumen,4,true
A06AC01,Ispaghula (semillas de psyllium),5,true
A06AC02,Etulosa,5,true
A06AC03,Esterculia,5,true
A06AC05,Linaza,5,true
A06AC06,Metilcelulosa,5,true
A06AC07,Tritico (fibra de trigo),5,true
A06AC08,Policarbofilo calcico,5,true
A06AC51,"Ispaghula, combinaciones con",5,true
A06AC53,"Esterculia, combinaciones con",5,true
A06AC55,"Linaza, combinaciones con",5,true
A06AD,Laxantes osmoticos,4,true
A06AD01,Magnesio carbonato,5,true
A06AD02,Magnesio oxido,5,true
A06AD03,Magnesio peroxido,5,true
A06AD04,Magnesio sulfato,5,true
A06AD10,Sales minerales en combinacion,5,true
A06AD11,Lactulosa,5,true
A06AD12,Lactitol,5,true
A06AD13,Sulfato de sodio,5,true
A06AD14,"Pentaeritritilo, tetranitrato",5,true
A06AD15,Macrogol,5,true
A06AD16,Manitol,5,true
A06AD17,Fosfato de sodio,5,true
A06AD18,Sorbitol,5,true
A06AD19,Cloruro de magnesio,5,true
A06AD21,Tartrato de sodio,5,true
A06AD61,"Lactulosa, combinaciones con",5,true
A06AD65,"Macrogol, combinaciones con",5,true
A06AD91,Magnesio hidroxido,5,true
A06AG,Enemas,4,true
A06AG01,Fosfato de sodio,5,true
A06AG02,Bisacodilo,5,true
A06AG03,"Dantron, incluyendo combinaciones",5,true
A06AG04,Glicerol,5,true
A06AG06,Aceite,5,true
A06AG07,Sorbitol,5,true
A06AG10,"Docusato de sodio, incluyendo combinaciones",5,true
A06AG11,"Sodio lauril sulfoacetato, incluyendo combinaciones",5,true
A06AG20,"Enemas, combinaciones con",5,true
A06AH,Antagonistas del receptor opiode periferico,4,true
A06AH01,Bromuro de metilnaltrexona,5,true
A06AH02,Alvimopan,5,true
A06AH03,Naloxegol,5,true
A06AH05,Naldemedina,5,true
A06AX,Otros laxantes,4,true
A06AX01,Glicerol,5,true
A06AX02,"Dioxido de carbono, farmacos que producen",5,true
A06AX03,Lubiprostona,5,true
A06AX04,Linaclotida,5,true
A06AX05,Prucaloprida,5,true
A06AX06,Tegaserod,5,true
A06AX07,Plecanatide,5,true
A07,"ANTIDIARREICOS, AGENTES ANTIINFLAMATORIOS/ANTIINFECCIOSOS INTESTINALES",2,true
A07A,ANTIINFECCIOSOS INTESTINALES,3,true
A07AA,Antibioticos,4,true
A07AA01,Neomicina,5,true
A07AA02,Nistatina,5,true
A07AA03,Natamicina,5,true
A07AA04,Estreptomicina,5,true
A07AA05,Polimixina B,5,true
A07AA06,Paromomicina,5,true
A07AA07,Amfotericina B,5,true
A07AA08,Kanamicina,5,true
A07AA09,Vancomicina,5,true
A07AA10,Colistina,5,true
A07AA11,Rifaximina,5,true
A07AA12,Fidaxomicina,5,true
A07AA13,Rifamicina,5,true
A07AA51,"Neomicina, combinaciones con",5,true
A07AA54,"Estreptomicina, combinaciones con",5,true
A07AA56,"Paromomicina, combinaciones con",5,true
A07AB,Sulfonamidas,4,true
A07AB02,Ftalilsulfatiazol,5,true
A07AB03,Sulfaguanidina,5,true
A07AB04,Succinilsulfatiazol,5,true
A07AC,Derivados imidazolicos,4,true
A07AC01,Miconazol,5,true
A07AX,Otros antiinfecciosos intestinales,4,true
A07AX01,Broxiquinolina,5,true
A07AX02,Acetarsol,5,true
A07AX03,Nifuroxazida,5,true
A07AX04,Nifurcida,5,true
A07B,ADSORBENTES INTESTINALES,3,true
A07BA,Preparados con carbon,4,true
A07BA01,Carbon medicinal,5,true
A07BA51,"Carbon medicinal, combinaciones con",5,true
A07BB,Preparados con bismuto,4,true
A07BC,Otros adsorbentes intestinales,4,true
A07BC01,Pectina,5,true
A07BC02,Caolin,5,true
A07BC03,Crospovidona,5,true
A07BC04,Atapulgita,5,true
A07BC05,Diosmectita,5,true
A07BC30,Combinaciones,5,true
A07BC54,"Atapulgita, combinaciones con",5,true
A07C,ELECTROLITOS CON CARBOHIDRATOS,3,true
A07CA,Formulaciones de sales de rehidratacion oral,4,true
A07CA91,Sales para rehidratacion oral,5,true
A07D,ANTIPROPULSIVOS,3,true
A07DA,Antipropulsivos,4,true
A07DA01,Difenoxilato,5,true
A07DA02,Opio,5,true
A07DA03,Loperamida,5,true
A07DA04,Difenoxina,5,true
A07DA05,"Loperamida, oxido de",5,true
A07DA06,Eluxadolina,5,true
A07DA52,"Morfina, combinaciones con",5,true
A07DA53,"Loperamida, combinaciones con",5,true
A07DA91,"Etilmorfina, combinaciones con",5,true
A07E,AGENTES ANTIINFLAMATORIOS INTESTINALES,3,true
A07EA,Corticosteroides de accion local,4,true
A07EA01,Prednisolona,5,true
A07EA02,Hidrocortisona,5,true
A07EA03,Prednisona,5,true
A07EA04,Betametasona,5,true
A07EA05,Tixocortol,5,true
A07EA06,Budesonida,5,true
A07EA07,Beclometasona,5,true
A07EA91,Triamcinolona,5,true
A07EB,"Agentes antialergicos, excluyendo corticosteroides",4,true
A07EB01,Acido cromoglicico,5,true
A07EC,Acido aminosalicilico y agentes similares,4,true
A07EC01,Sulfasalazina,5,true
A07EC02,Mesalazina,5,true
A07EC03,Olsalazina,5,true
A07EC04,Balsalazida,5,true
A07F,MICROORGANISMOS ANTIDIARREICOS,3,true
A07FA,Microorganismos antidiarreicos,4,true
A07FA01,"Acido lactico, organismo productores de",5,true
A07FA02,Saccharomyces boulardii,5,true
A07FA03,Escherichia coli,5,true
A07FA51,"Acido lactico, organismos productores de, combinaciones con",5,true
A07X,OTROS ANTIDIARREICOS,3,true
A07XA,Otros antidiarreicos,4,true
A07XA01,Tanato de albumina,5,true
A07XA02,Ceratonia,5,true
A07XA03,"Calcio, compuestos de",5,true
A07XA04,Racecadotrilo,5,true
A07XA51,"Tanato de albumina, combinaciones con",5,true
A08,"PREPARADOS CONTRA LA OBESIDAD, EXCLUYENDO PRODUCTOS DIETETICOS",2,true
A08A,"PREPARADOS CONTRA LA OBESIDAD, EXCLUYENDO PRODUCTOS DIETETICOS",3,true
A08AA,Productos contra la obesidad de accion central,4,true
A08AA01,Fentermina,5,true
A08AA02,Fenfluramina,5,true
A08AA03,Amfepramona,5,true
A08AA04,Dexfenfluramina,5,true
A08AA05,Mazindol,5,true
A08AA06,Etilanfetamina,5,true
A08AA07,Catina,5,true
A08AA08,Clobenzorex,5,true
A08AA09,Mefenorex,5,true
A08AA10,Sibutramina,5,true
A08AA12,Setmelanotida,5,true
A08AA56,"Efedrina, combinaciones con",5,true
A08AA62,Bupropion y naltrexona,5,true
A08AB,Productos contra la obesidad de accion periferica,4,true
A08AB01,Orlistat,5,true
A08AX,Otros agentes contra la obesidad,4,true
A08AX01,Rimonabant,5,true
A09,"DIGESTIVOS, INCLUYENDO ENZIMAS",2,true
A09A,"DIGESTIVOS, INCLUYENDO ENZIMAS",3,true
A09AA,Preparados enzimaticos,4,true
A09AA01,Diastasa,5,true
A09AA02,"Multienzimas (lipasa, proteasa, etc.)",5,true
A09AA03,Pepsina,5,true
A09AA04,Tilactasa,5,true
A09AA52,Multienzimas asociados a otras sustancias,5,true
A09AA93,"Pancreas, extracto seco de",5,true
A09AB,Preparados de acidos,4,true
A09AB01,"Acido glutamico, clorhidrato del",5,true
A09AB02,"Betaina, clorhidrato de",5,true
A09AB03,Acido clorhidrico,5,true
A09AB04,Acido citrico,5,true
A09AC,Preparados con enzimas y acidos en combinacion,4,true
A09AC01,Preparados con pepsina y acidos,5,true
A09AC02,Multienzimas y preparados de acidos,5,true
A10,FARMACOS USADOS EN DIABETES,2,true
A10A,INSULINAS Y ANALOGOS,3,true
A10AB,Insulinas y analogos de accion rapida para inyeccion,4,true
A10AB01,Insulina (humana),5,true
A10AB02,Insulina (bovina),5,true
A10AB03,Insulina (porcina),5,true
A10AB04,Insulina lispro,5,true
A10AB05,Insulina asparta,5,true
A10AB06,Insulina glulisina,5,true
A10AB30,Combinaciones,5,true
A10AC,Insulinas y analogos de accion intermedia para inyeccion,4,true
A10AC01,Insulina (humana),5,true
A10AC02,Insulina (bovina),5,true
A10AC03,Insulina (porcina),5,true
A10AC04,Insulina lispro,5,true
A10AC30,Combinaciones,5,true
A10AD,Insulinas y analogos combinaciones de insulinas de accion intermedia o prolongada con insulinas de accion inmediata para inyeccion,4,true
A10AD01,Insulina (humana),5,true
A10AD02,Insulina (bovina),5,true
A10AD03,Insulina (porcina),5,true
A10AD04,Insulina lispro,5,true
A10AD05,Insulina asparta,5,true
A10AD06,Insulina degludec e insulina asparta,5,true
A10AD30,Combinaciones,5,true
A10AE,Insulinas y analogos de accion prolongada para inyeccion,4,true
A10AE01,Insulina (humana),5,true
A10AE02,Insulina (bovina),5,true
A10AE03,Insulina (porcina),5,true
A10AE04,Insulina glargina,5,true
A10AE05,Insulina detemir,5,true
A10AE06,Insulina degludec,5,true
A10AE07,Insulina icodec,5,true
A10AE08,Insulina efsitora alfa,5,true
A10AE30,Combinaciones,5,true
A10AE54,Insulina glargina y lixisenatida,5,true
A10AE56,Insulina degludec y liraglutida,5,true
A10AE57,Insulina icodec y semaglutida,5,true
A10AF,Insulinas y analogos para inhalacion,4,true
A10AF01,Insulina (humana),5,true
A10B,FARMACOS HIPOGLUCEMIANTES EXCLUYENDO INSULINAS,3,true
A10BA,Biguanidas,4,true
A10BA01,Fenformina,5,true
A10BA02,Metformina,5,true
A10BA03,Buformina,5,true
A10BB,Derivados de las sulfonilureas,4,true
A10BB01,Glibenclamida,5,true
A10BB02,Clorpropamida,5,true
A10BB03,Tolbutamida,5,true
A10BB04,Glibornurida,5,true
A10BB05,Tolazamida,5,true
A10BB06,Carbutamida,5,true
A10BB07,Glipizida,5,true
A10BB08,Gliquidona,5,true
A10BB09,Gliclazida,5,true
A10BB10,Metahexamida,5,true
A10BB11,Glisoxepida,5,true
A10BB12,Glimepirida,5,true
A10BB31,Acetohexamida,5,true
A10BB91,Glisentida,5,true
A10BC,Sulfonamidas (heterociclicas),4,true
A10BC01,Glimidina,5,true
A10BD,Combinaciones de farmacos hipoglucemiantes orales,4,true
A10BD01,Fenformina y sulfonamidas,5,true
A10BD02,Metformina y sulfonamidas,5,true
A10BD03,Metformina y rosiglitazona,5,true
A10BD04,Glimepirida y rosiglitazona,5,true
A10BD05,Metformina y pioglitazona,5,true
A10BD06,Glimepirida y pioglitazona,5,true
A10BD07,Metformina y sitagliptina,5,true
A10BD08,Metformina y vildagliptina,5,true
A10BD09,Pioglitazona y alogliptina,5,true
A10BD10,Metformina y saxagliptina,5,true
A10BD11,Metformina y linagliptina,5,true
A10BD13,Metformina y alogliptina,5,true
A10BD15,Metformina y dapagliflozina,5,true
A10BD16,Metformina y canagliflozina,5,true
A10BD19,Linagliptina y empagliflozina,5,true
A10BD20,Metformina y empagliflozina,5,true
A10BD21,Saxagliptina y dapagliflozina,5,true
A10BD22,Metformina y evogliptina,5,true
A10BD23,Metformina y ertugliflozina,5,true
A10BD29,Sitagliptina y dapagliflozina,5,true
A10BD31,"Metformina, sitagliptina y dapagliflozina",5,true
A10BD32,Glimepirida y dapagliflozina,5,true
A10BD33,Pioglitazona y dapagliflozina,5,true
A10BD34,Metformina y enavogliflozina,5,true
A10BF,Inhibidores de la alfa glucosidasa,4,true
A10BF01,Acarbosa,5,true
A10BF02,Miglitol,5,true
A10BF03,Voglibosa,5,true
A10BG,Tiazolidinadionas,4,true
A10BG01,Troglitazona,5,true
A10BG02,Rosiglitazona,5,true
A10BG03,Pioglitazona,5,true
A10BH,Inhibidores de la dipeptidil peptidasa 4 (DPP- 4 peptidasa),4,true
A10BH01,Sitagliptina,5,true
A10BH02,Vildagliptina,5,true
A10BH03,Saxagliptina,5,true
A10BH04,Alogliptina,5,true
A10BH05,Linagliptina,5,true
A10BH07,Evogliptina,5,true
A10BJ,Analogos al peptido similar al glucagon (GLP-1),4,true
A10BJ01,Exenatida,5,true
A10BJ02,Liraglutida,5,true
A10BJ03,Lixisenatida,5,true
A10BJ04,Albiglutida,5,true
A10BJ05,Dulaglutida,5,true
A10BJ06,Semaglutida,5,true
A10BK,Inhibidores del cotransportador sodio-glucosa tipo 2 (SGLT2),4,true
A10BK01,Dapagliflozina,5,true
A10BK02,Canagliflozina,5,true
A10BK03,Empagliflozina,5,true
A10BK04,Ertugliflozina,5,true
A10BX,Otros farmacos hipoglucemiantes excluyendo insulinas,4,true
A10BX01,Goma guar,5,true
A10BX02,Repaglinida,5,true
A10BX03,Nateglinida,5,true
A10BX05,Pramlintida,5,true
A10BX06,Benfluorex,5,true
A10BX08,Mitiglinida,5,true
A10BX16,Tirzepatida,5,true
A10X,OTROS FARMACOS USADOS EN DIABETES,3,true
A10XA,Inhibidores de la aldosa reductasa,4,true
A10XA01,Tolrestat,5,true
A10XX,Otros medicamentos usados en diabetes,4,true
A10XX01,Teplizumab,5,true
A11,VITAMINAS,2,true
A11A,"MULTIVITAMINICOS, COMBINACIONES",3,true
A11AA,Multivitaminicos con minerales,4,true
A11AA01,Multivitaminicos con hierro,5,true
A11AA02,Multivitaminicos con calcio,5,true
A11AA03,"Multivitaminicos con otros minerales, incluyendo combinaciones",5,true
A11AA04,Multivitaminicos y oligoelementos,5,true
A11AB,Otras combinaciones de multivitaminas,4,true
A11B,MULTIVITAMINICOS SOLOS,3,true
A11BA,Multivitaminicos solos,4,true
A11BA91,"Vitaminas A y E, combinaciones con",5,true
A11C,"VITAMINAS A Y D, INCLUYENDO COMBINACIONES DE LAS DOS",3,true
A11CA,Vitamina A sola,4,true
A11CA01,Retinol (vit A),5,true
A11CA02,Betacaroteno,5,true
A11CB,Vitaminas A y D en combinacion,4,true
A11CB91,"Retinol y ergocalciferol, combinaciones con",5,true
A11CC,Vitamina D y analogos,4,true
A11CC01,Ergocalciferol,5,true
A11CC02,Dihidrotaquisterol,5,true
A11CC03,Alfacalcidol,5,true
A11CC04,Calcitriol,5,true
A11CC05,Colecalciferol,5,true
A11CC06,Calcifediol,5,true
A11CC07,Paricalcitol,5,true
A11CC20,Combinaciones,5,true
A11D,"VITAMINA B1, SOLA Y EN COMBINACION CON VITAMINAS B6 Y B12",3,true
A11DA,Vitamina B1 sola,4,true
A11DA01,Tiamina (vit B1),5,true
A11DA02,Sulbutiamina,5,true
A11DA03,Benfotiamina,5,true
A11DB,Vitamina B1 en combinacion con vitamina B6 y/o vitamina B12,4,true
A11DB91,Vitamina B1 en combinacion con vitamina B6 y/o vitamina B12,5,true
A11E,"VITAMINAS DEL COMPLEJO B, INCLUYENDO COMBINACIONES",3,true
A11EA,Vitaminas del complejo B solas,4,true
A11EB,Vitaminas del complejo B con vitamina C,4,true
A11EC,Vitaminas del complejo B con minerales,4,true
A11ED,Vitaminas del complejo B con esteroides anabolicos,4,true
A11EX,"Vitaminas del complejo B, otras combinaciones",4,true
A11G,"ACIDO ASCORBICO (VITAMINA C), INCLUYENDO COMBINACIONES",3,true
A11GA,"Acido ascorbico (vitamina C), monofarmaco",4,true
A11GA01,Acido ascorbico (vit C),5,true
A11GB,"Acido ascorbico (vitamina C), combinaciones",4,true
A11GB01,Acido ascorbico (vit C) y calcio,5,true
A11H,"OTROS PREPARADOS DE VITAMINAS, MONOFARMACOS",3,true
A11HA,"Otros preparados de vitaminas, monofarmacos",4,true
A11HA01,Nicotinamida,5,true
A11HA02,Piridoxina (vit B6),5,true
A11HA03,Tocoferol (vit E),5,true
A11HA04,Riboflavina (vit B2),5,true
A11HA05,Biotina,5,true
A11HA06,"Piridoxal, fosfato de",5,true
A11HA07,Inositol,5,true
A11HA08,Tocofersolan,5,true
A11HA30,Dexpantenol,5,true
A11HA31,Pantotenato de calcio,5,true
A11HA32,Pantetina,5,true
A11HA91,Aminobenzoico acido,5,true
A11HA92,Nadida,5,true
A11HA93,"Piridoxina, piridoxal fosfato y piridoxamina, combinaciones",5,true
A11J,"OTROS PRODUCTOS CON VITAMINAS, COMBINACIONES",3,true
A11JA,Combinaciones de vitaminas,4,true
A11JA91,Complejos polivitaminicos,5,true
A11JB,Vitaminas con minerales,4,true
A11JC,"Vitaminas, otras combinaciones",4,true
A12,SUPLEMENTOS MINERALES,2,true
A12A,CALCIO,3,true
A12AA,Calcio,4,true
A12AA01,Fosfato de calcio,5,true
A12AA02,Glubionato de calcio,5,true
A12AA03,Gluconato de calcio,5,true
A12AA04,Carbonato de calcio,5,true
A12AA05,Lactato de calcio,5,true
A12AA06,Lactato y gluconato de calcio,5,true
A12AA07,Cloruro de calcio,5,true
A12AA08,Glicerofosfato de calcio,5,true
A12AA09,Complejo de citrato de lisina y calcio,5,true
A12AA10,Glucoheptonato de calcio,5,true
A12AA11,Pangamato de calcio,5,true
A12AA12,"Acetato de calcio, anhidro",5,true
A12AA20,Calcio (diferentes sales en combinacion),5,true
A12AA30,Levulinato de calcio,5,true
A12AA91,Calcio pidolato,5,true
A12AA92,Complejo oseina-hidroxiapatita,5,true
A12AX,"Calcio, combinaciones con, vitamina D y/o otros farmacos",4,true
A12AX91,"Calcio fosfato y colecalciferol, combinaciones con",5,true
A12AX92,"Calcio lactato y colecalciferol, combinaciones con",5,true
A12AX93,"Calcio carbonato y colecalciferol, combinaciones con",5,true
A12AX94,"Calcio glucoheptonato y colecalciferol, combinaciones con",5,true
A12AX96,"Calcio pidolato y colecalciferol, combinaciones con",5,true
A12AX97,Otras asociaciones de calcio,5,true
A12B,POTASIO,3,true
A12BA,Potasio,4,true
A12BA01,Cloruro de potasio,5,true
A12BA02,Citrato de potasio,5,true
A12BA03,Bitartrato de potasio,5,true
A12BA04,Bicarbonato de potasio,5,true
A12BA05,Gluconato de potasio,5,true
A12BA30,potasio (combinacion de diferentes sales),5,true
A12BA51,"Potasio, combinaciones",5,true
A12BA91,Potasio gluceptato,5,true
A12BA92,Potasio ascorbato,5,true
A12BA93,Potasio ascorbato-aspartato,5,true
A12C,OTROS SUPLEMENTOS MINERALES,3,true
A12CA,Sodio,4,true
A12CA01,Cloruro de sodio,5,true
A12CA02,Sulfato de sodio,5,true
A12CB,Zinc,4,true
A12CB01,Sulfato de zinc,5,true
A12CB02,Gluconato de zinc,5,true
A12CB03,"Zinc, complejo de proteinas con",5,true
A12CB04,Orotato de zinc,5,true
A12CC,Magnesio,4,true
A12CC01,Cloruro de magnesio,5,true
A12CC02,Sulfato de magnesio,5,true
A12CC03,Gluconato de magnesio,5,true
A12CC04,Citrato de magnesio,5,true
A12CC05,Aspartato de magnesio,5,true
A12CC06,Lactato de magnesio,5,true
A12CC07,Levulinato de magnesio,5,true
A12CC08,Pidolato de magnesio,5,true
A12CC09,Orotato de magnesio,5,true
A12CC10,Oxido de magnesio,5,true
A12CC30,Magnesio (combinacion de diferentes sales),5,true
A12CD,Fluoruro,4,true
A12CD01,Fluoruro de sodio,5,true
A12CD02,Monofluorfosfato de sodio,5,true
A12CD51,"Fluoruro, combinaciones con",5,true
A12CE,Selenio,4,true
A12CE01,Selenato de sodio,5,true
A12CE02,Selenito de sodio,5,true
A12CX,Productos con otros minerales,4,true
A12CX91,Fosforo,5,true
A13,TONICOS,2,true
A13A,TONICOS,3,true
A14,AGENTES ANABOLICOS PARA USO SISTEMICO,2,true
A14A,ESTEROIDES ANABOLICOS,3,true
A14AA,Derivados del androstano,4,true
A14AA01,Androstanolona,5,true
A14AA02,Estanozolol,5,true
A14AA03,Metandienona,5,true
A14AA04,Metenolona,5,true
A14AA05,Oximetolona,5,true
A14AA06,Quinbolona,5,true
A14AA07,Prasterona,5,true
A14AA08,Oxandrolona,5,true
A14AA09,Noretandrolona,5,true
A14AB,Derivados del estreno,4,true
A14AB01,Nandrolona,5,true
A14AB02,Etilestrenol,5,true
A14AB03,"Oxabolona, cipionato de",5,true
A14B,OTROS AGENTES ANABOLICOS,3,true
A15,ESTIMULANTES DEL APETITO,2,true
A15Z,Estimulantes del apetito,3,true
A15ZZ,Estimulantes del apetito,4,true
A15ZZ91,"Ciproheptadina, combinaciones con",5,true
A16,OTROS PRODUCTOS PARA EL TRACTO ALIMENTARIO Y METABOLISMO,2,true
A16A,OTROS PRODUCTOS PARA EL TRACTO ALIMENTARIO Y METABOLISMO,3,true
A16AA,Aminoacidos y derivados,4,true
A16AA01,Levocarnitina,5,true
A16AA02,Ademetionina,5,true
A16AA03,Levoglutamida,5,true
A16AA04,Mercaptamina,5,true
A16AA05,Acido carglumico,5,true
A16AA06,Betaina,5,true
A16AA07,Metreleptina,5,true
A16AB,Enzimas,4,true
A16AB01,Alglucerasa,5,true
A16AB02,Imiglucerasa,5,true
A16AB03,Agalsidasa alfa,5,true
A16AB04,Agalsidasa beta,5,true
A16AB05,Laronidase,5,true
A16AB06,Sacrosidasa,5,true
A16AB07,Alglucosidasa alfa,5,true
A16AB08,Galsulfasa,5,true
A16AB09,Idursulfasa,5,true
A16AB10,Velaglucerasa Alfa,5,true
A16AB11,Taliglucerasa alfa,5,true
A16AB12,Elosulfasa alfa,5,true
A16AB13,Asfotasa alfa,5,true
A16AB14,Sebelipasa alfa,5,true
A16AB15,Velmanasa alfa,5,true
A16AB16,Idursulfasa beta,5,true
A16AB17,Cerliponasa alfa,5,true
A16AB18,Vestronidasa alfa,5,true
A16AB19,Pegvaliasa,5,true
A16AB20,Pegunigalsidasa alfa,5,true
A16AB21,Atidarsagen autotemcel,5,true
A16AB22,Avalglucosidasa alfa,5,true
A16AB23,cipaglucosidasa alfa,5,true
A16AB24,Pegzilarginasa,5,true
A16AB25,Olipudasa alfa,5,true
A16AB26,Eladocagen exuparvovec,5,true
A16AB28,Verenafusp alfa,5,true
A16AB29,Rebisufligen etisparvovec,5,true
A16AX,Productos varios para el tracto alimentario y el metabolismo,4,true
A16AX01,Acido tioctico,5,true
A16AX02,Anetol tritiona,5,true
A16AX03,Fenilbutirato de sodio,5,true
A16AX04,Nitisinona,5,true
A16AX05,Acetato de zinc,5,true
A16AX06,Miglustat,5,true
A16AX07,Sapropterina,5,true
A16AX08,Teduglutida,5,true
A16AX09,"Glicerol, fenilbutirato de",5,true
A16AX10,Eliglustat,5,true
A16AX11,Benzoato de sodio,5,true
A16AX12,Trientina,5,true
A16AX14,Migalastat,5,true
A16AX15,Telotristat,5,true
A16AX16,Givosiran,5,true
A16AX17,Triheptanoina,5,true
A16AX18,LUMASIRAN,5,true
A16AX22,Acido tiomolibdico,5,true
A16AX23,Leriglitazona,5,true
A16AX24,Govorestat,5,true
A16AX25,Nedosiran,5,true
A16AX26,Glepaglutida,5,true
A16AX27,Apraglutida,5,true
A16AX28,Sepiapterina,5,true
A16AX29,Doxecitina y doxribtimina,5,true
A16AX91,Tetrahidrobiopterina,5,true
B,SANGRE Y ORGANOS HEMATOPOYETICOS,1,true
B01,AGENTES ANTITROMBOTICOS,2,true
B01A,AGENTES ANTITROMBOTICOS,3,true
B01AA,Antagonistas de la vitamina K,4,true
B01AA01,Dicumarol,5,true
B01AA02,Fenindiona,5,true
B01AA03,Warfarina,5,true
B01AA04,Fenprocumon,5,true
B01AA07,Acenocumarol,5,true
B01AA08,Biscumacetato de etilo,5,true
B01AA09,Clorindiona,5,true
B01AA10,Difenadiona,5,true
B01AA11,Tioclomarol,5,true
B01AA12,Fluindiona,5,true
B01AB,Grupo de la heparina,4,true
B01AB01,Heparina,5,true
B01AB02,Antitrombina III,5,true
B01AB04,Dalteparina,5,true
B01AB05,Enoxaparina,5,true
B01AB06,Nadroparina,5,true
B01AB07,Parnaparina,5,true
B01AB08,Reviparina,5,true
B01AB09,Danaparoid,5,true
B01AB10,Tinzaparina,5,true
B01AB11,Sulodexida,5,true
B01AB12,Bemiparina,5,true
B01AB13,Certoparina,5,true
B01AB51,"Heparina, combinaciones de",5,true
B01AC,"Inhibidores de la agregacion plaquetaria, heparina excl.",4,true
B01AC01,Ditazol,5,true
B01AC02,Cloricromeno,5,true
B01AC03,Picotamida,5,true
B01AC04,Clopidogrel,5,true
B01AC05,Ticlopidina,5,true
B01AC06,Acido acetilsalicilico,5,true
B01AC07,Dipiridamol,5,true
B01AC08,Carbasalato de calcio,5,true
B01AC09,Epoprostenol,5,true
B01AC10,Indobufen,5,true
B01AC11,Iloprost,5,true
B01AC13,Abciximab,5,true
B01AC14,Anagrelida,5,true
B01AC15,Aloxiprina,5,true
B01AC16,Eptifibatida,5,true
B01AC17,Tirofiban,5,true
B01AC18,Triflusal,5,true
B01AC19,Beraprost,5,true
B01AC21,Treprostinilo,5,true
B01AC22,Prasugrel,5,true
B01AC23,Cilostazol,5,true
B01AC24,Ticagrelor,5,true
B01AC25,CANGRELOR,5,true
B01AC27,Selexipag,5,true
B01AC30,Combinaciones,5,true
B01AC56,Acido acetilsalicilico y esomeprazol,5,true
B01AC91,"Acetilsaliciclico acido y dipiridamol, combinaciones con",5,true
B01AC93,Sulfinpirazona,5,true
B01AD,Enzimas,4,true
B01AD01,Estreptoquinasa,5,true
B01AD02,Alteplasa,5,true
B01AD03,Anistreplasa,5,true
B01AD04,Uroquinasa,5,true
B01AD05,Fibrinolisina,5,true
B01AD06,Brinasa,5,true
B01AD07,Reteplasa,5,true
B01AD08,Saruplasa,5,true
B01AD09,Ancrod,5,true
B01AD10,Drotrecogina alfa (activado),5,true
B01AD11,Tenecteplasa,5,true
B01AD12,Proteina C,5,true
B01AD13,Apadamtasa alfa y cinaxadamtasa alfa,5,true
B01AE,Inhibidores directos de la trombina,4,true
B01AE01,Desirudina,5,true
B01AE02,Lepirudina,5,true
B01AE03,Argatroban,5,true
B01AE04,Melagatran,5,true
B01AE05,Ximelagatran,5,true
B01AE06,Bivalirudina,5,true
B01AE07,Dabigatran etexilato,5,true
B01AF,Inhibidores directos del factor Xa,4,true
B01AF01,B01AF01- Rivaroxaban,5,true
B01AF02,Apixaban,5,true
B01AF03,Edoxaban,5,true
B01AF51,Rivaroxaban y acido acetilsalicilico,5,true
B01AX,Otros agentes antitromboticos,4,true
B01AX01,Defibrotida,5,true
B01AX04,"Dermatan, sulfato de",5,true
B01AX05,Fondaparinux,5,true
B01AX07,Caplacizumab,5,true
B01AX91,Proteina C humana,5,true
B02,ANTIHEMORRAGICOS,2,true
B02A,ANTIFIBRINOLITICOS,3,true
B02AA,Aminoacidos,4,true
B02AA01,Acido aminocaproico,5,true
B02AA02,Acido tranexamico,5,true
B02AA03,Acido aminometilbenzoico,5,true
B02AB,Inhibidores de la proteinasa,4,true
B02AB01,Aprotinina,5,true
B02AB02,Alfa1 antitripsina,5,true
B02AB03,Inhibidor de C1,5,true
B02AB04,Camostat,5,true
B02B,VITAMINA K Y OTROS HEMOSTATICOS,3,true
B02BA,Vitamina K,4,true
B02BA01,Fitomenadiona,5,true
B02BA02,Menadiona,5,true
B02BA52,"Menadiona, combinaciones con",5,true
B02BB01,Fibrinogeno humano,5,true
B02BC,Hemostaticos locales,4,true
B02BC01,Esponja de gelatina reabsorbible,5,true
B02BC02,Celulosa oxidada,5,true
B02BC03,"Acido tetragalacturonico, hidroximetilester",5,true
B02BC05,Adrenalona,5,true
B02BC06,Trombina,5,true
B02BC07,Colageno,5,true
B02BC08,Alginato de calcio,5,true
B02BC09,Epinefrina,5,true
B02BC10,Adhesivos tisulares,5,true
B02BC30,Combinaciones,5,true
B02BD,Factores de la coagulacion sanguinea,4,true
B02BD01,"Factores de la coagulacion IX, II, VII y X en combinacion",5,true
B02BD02,Factor VIII de la coagulacion,5,true
B02BD03,Actividad que sobrepasa el inhibidor del factor VIII,5,true
B02BD04,Factor IX de la coagulacion,5,true
B02BD05,Factor VII de la coagulacion,5,true
B02BD06,Factor Von Willebrand y factor VIII de la coagulacion en combinacion,5,true
B02BD07,Factor XIII de la coagulacion,5,true
B02BD08,Factor VIIa de la coagulacion,5,true
B02BD09,Nonacog alfa,5,true
B02BD10,Factor Von Willebrand,5,true
B02BD11,Catridecacog,5,true
B02BD13,Factor X de la coagulacion,5,true
B02BD14,Susoctocog alfa,5,true
B02BD15,Valoctocogen roxaparvovec,5,true
B02BD16,Etranacogen dezaparvovec,5,true
B02BD17,Fidanacogen elaparvovec,5,true
B02BD18,Arvenacogen sanparvovec,5,true
B02BD30,Trombina,5,true
B02BD91,"Protrombina, complejo de",5,true
B02BD92,"Factor IX, factor  X y protrombina, combinaciones con",5,true
B02BD94,Factor IX + Factor X,5,true
B02BD95,"Factor VII, factor IX, factor  X y protrombina, combinacione",5,true
B02BD96,Factores coagulacion asociados uso topico,5,true
B02BX,Otros hemostaticos sistemicos,4,true
B02BX01,Etamsilato,5,true
B02BX02,Carbazocromo,5,true
B02BX03,Batroxobina,5,true
B02BX05,Eltrombopag,5,true
B02BX06,Emicizumab,5,true
B02BX07,Lusutrombopag,5,true
B02BX08,Avatrombopag,5,true
B02BX09,Fostamatinib,5,true
B02BX10,Concizumab,5,true
B02BX11,Marstacimab,5,true
B02BX12,Fitusiran,5,true
B02BX14,Rilzabrutinib,5,true
B02BX52,"Carbazocromo, combinaciones con",5,true
B03,PREPARADOS ANTIANEMICOS,2,true
B03A,PREPARADOS CON HIERRO,3,true
B03AA,"Hierro bivalente, preparados orales",4,true
B03AA01,Ferroso glicina sulfato,5,true
B03AA02,Ferroso fumarato,5,true
B03AA03,Ferroso gluconato,5,true
B03AA04,Ferroso carbonato,5,true
B03AA05,Ferroso cloruro,5,true
B03AA06,Ferroso succinato,5,true
B03AA07,Ferroso sulfato,5,true
B03AA08,Ferroso tartrato,5,true
B03AA09,Ferroso aspartato,5,true
B03AA10,Ferroso ascorbato,5,true
B03AA11,Ferroso iodo,5,true
B03AA91,Hierro lactato,5,true
B03AA92,Hierro polisacarido,5,true
B03AB,"Hierro trivalente, preparados orales",4,true
B03AB01,Ferrico sodico citrato,5,true
B03AB02,"Hierro sacarado, oxido de",5,true
B03AB03,Feredetato de sodio,5,true
B03AB04,Ferrico hidroxido,5,true
B03AB05,"Oxido ferrico-polimaltosa, complejos de",5,true
B03AB06,Ferrico citrato,5,true
B03AB07,"Condroitin sulfato-hierro, complejo de",5,true
B03AB08,Acetiltransferrina ferrica,5,true
B03AB09,Proteinsuccinilato ferrico,5,true
B03AB10,Maltol ferrico,5,true
B03AB91,Ferritina,5,true
B03AB92,Hierro manitol (Ferrimanitol),5,true
B03AB93,Ferrocolinato,5,true
B03AC,"Hierro, preparados parenterales",4,true
B03AC01,"Oxido ferrico-polimaltosa, complejos de",5,true
B03AC02,"Hierro sacarado, oxido de",5,true
B03AC03,"Hierro-sorbitol-acido citrico, complejo de",5,true
B03AC05,"Hierro sorbitol- acido gluconico , complejo de",5,true
B03AC06,"Oxido ferrico-dextran, complejos de",5,true
B03AC07,"Ferrico sodico gluconato, complejo de",5,true
B03AC91,Complejo hierro dextran,5,true
B03AC92,Hierro carboximaltosa,5,true
B03AC93,Hierro sacarosa,5,true
B03AD,Hierro en combinacion con acido folico,4,true
B03AD01,"Aminoacidos ferrosos, complejo de",5,true
B03AD02,Fumarato ferroso y acido folico,5,true
B03AD03,Sulfato ferroso y acido folico,5,true
B03AD04,Complejos polimaltosados de oxido ferrico y acido folico,5,true
B03AD05,Gluconato ferroso y acido folico,5,true
B03AD91,"Hierro gluceptato y folico acido, combinaciones con",5,true
B03AE,Hierro en otras combinaciones,4,true
B03AE01,"Hierro, vitamina B12 y acido folico",5,true
B03AE02,"Hierro, multivitaminas y acido folico",5,true
B03AE03,Hierro y multivitaminas,5,true
B03AE04,"Hierro, multivitaminas y minerales",5,true
B03AE10,"Combinaciones, varias",5,true
B03B,VITAMINA B12 Y ACIDO FOLICO,3,true
B03BA,Vitamina B12 (cianocobalamina y analogos),4,true
B03BA01,Cianocobalamina,5,true
B03BA02,"Cianocobalamina tanino, complejo de",5,true
B03BA03,Hidroxocobalamina,5,true
B03BA04,Cobamamida,5,true
B03BA05,Mecobalamina,5,true
B03BA51,"Cianocobalamina, combinaciones con",5,true
B03BA53,"Hidroxocobalamina, combinaciones con",5,true
B03BB,Acido folico y derivados,4,true
B03BB01,Acido folico,5,true
B03BB51,"Acido folico, combinaciones con",5,true
B03X,OTROS PREPARADOS ANTIANEMICOS,3,true
B03XA,Otros preparados antianemicos,4,true
B03XA01,Eritropoyetina,5,true
B03XA02,Darbepoetina alfa,5,true
B03XA03,Metoxi propilenglicol epoetina beta,5,true
B03XA05,Roxadustat,5,true
B03XA06,Luspatercept,5,true
B05,SUSTITUTOS DE LA SANGRE Y SOLUCIONES PARA PERFUSION,2,true
B05A,SANGRE Y PRODUCTOS RELACIONADOS,3,true
B05AA,Sustitutos de la sangre y fracciones proteicas del plasma,4,true
B05AA01,Albumina,5,true
B05AA02,Otras fracciones proteicas del plasma,5,true
B05AA03,Sustitutos de la sangre fluorocarbonados,5,true
B05AA05,Dextran,5,true
B05AA06,"Gelatina, agentes con",5,true
B05AA07,Hidroxietil almidon,5,true
B05AA08,Hemoglobina crosfumarilo,5,true
B05AA09,Hemoglobina rafimero,5,true
B05AA10,Hemoglobina glutamero (origen bovino),5,true
B05AA92,"Dextrano y sodio cloruro, combinaciones con",5,true
B05AA93,"Dextrano y glucosa, combinaciones con",5,true
B05AX,Otros productos de origen sanguineo,4,true
B05AX01,Eritrocitos,5,true
B05AX02,Trombocitos,5,true
B05AX03,Plasma sanguineo,5,true
B05AX04,Celulas madre obtenidas de la sangre del cordon umbilical,5,true
B05BA,Soluciones para nutricion parenteral,4,true
B05BA01,Aminoacidos,5,true
B05BA02,Emulsiones grasas,5,true
B05BA03,Carbohidratos,5,true
B05BA04,"Proteinas, hidrolizados de",5,true
B05BA10,Combinaciones,5,true
B05BA91,Suero glucosado,5,true
B05BA92,"Levulosa, solucion parenteral",5,true
B05BB,Soluciones que afectan el balance electrolitico,4,true
B05BB02,Electrolitos con carbohidratos,5,true
B05BB03,Trometamol,5,true
B05BB91,"Sodio cloruro, solucion parenteral",5,true
B05BB92,Suero glucosalino,5,true
B05BC,Soluciones que producen diuresis osmotica,4,true
B05BC01,Manitol,5,true
B05BC02,Urea,5,true
B05C,SOLUCIONES DE IRRIGACION,3,true
B05CA,Agentes antiinfecciosos,4,true
B05CA01,"Cetilpiridinio, cloruro de",5,true
B05CA02,Clorhexidina,5,true
B05CA03,Nitrofural,5,true
B05CA04,Sulfametizol,5,true
B05CA05,Taurolidina,5,true
B05CA06,Acido mandelico,5,true
B05CA07,Noxitiolina,5,true
B05CA08,"Etacridina, lactato de",5,true
B05CA09,Neomicina,5,true
B05CA10,Combinaciones,5,true
B05CB,Soluciones salinas,4,true
B05CB02,Citrato de sodio,5,true
B05CB03,Citrato de magnesio,5,true
B05CB04,Bicarbonato de sodio,5,true
B05CB10,Combinaciones,5,true
B05CX,Otras soluciones para irrigacion,4,true
B05CX01,Glucosa,5,true
B05CX03,Glicina,5,true
B05CX04,Manitol,5,true
B05CX10,Combinaciones,5,true
B05CX91,Agua para irrigacion,5,true
B05D,SOLUCIONES PARA DIALISIS PERITONEAL,3,true
B05DA,Soluciones isotonicas,4,true
B05DA91,"Glucosa con electrolitos, dialisis peritoneal isotonica",5,true
B05DA92,"Icodextrina con electrolitos, dialisis peritoneal isotonica",5,true
B05DB,Soluciones hipertonicas,4,true
B05DB91,"Glucosa con electrolitos, dialisis peritoneal hipertonica",5,true
B05DB92,"Aminoacidos, dialisis peritoneal hipertonica",5,true
B05X,ADITIVOS PARA SOLUCIONES I.V.,3,true
B05XA,Soluciones electroliticas,4,true
B05XA01,Cloruro de potasio,5,true
B05XA02,Bicarbonato de sodio,5,true
B05XA03,Cloruro de sodio,5,true
B05XA04,Cloruro de amonio,5,true
B05XA05,Sulfato de magnesio,5,true
B05XA06,"Fosfato de potasio, incluyendo combinaciones con otras sales de potasio",5,true
B05XA07,Cloruro de calcio,5,true
B05XA08,Acetato de sodio,5,true
B05XA09,Fosfato de sodio,5,true
B05XA10,Fosfato de magnesio,5,true
B05XA11,Cloruro de magnesio,5,true
B05XA12,Cloruro de zinc,5,true
B05XA13,Acido clorhidrico,5,true
B05XA14,Glicerofosfato de sodio,5,true
B05XA15,Lactato de potasio,5,true
B05XA16,Soluciones cardioplejicas,5,true
B05XA17,Acetato de potasio,5,true
B05XA19,Gluconato de calcio,5,true
B05XA30,Combinaciones de electrolitos,5,true
B05XA31,Electrolitos en combinacion con otras farmacos,5,true
B05XB,Aminoacidos,4,true
B05XB01,"Arginina, clorhidrato de",5,true
B05XB02,Alanilglutamina,5,true
B05XB03,Lisina,5,true
B05XC,Vitaminas,4,true
B05XC91,Complejo vitaminico B nutricion enteral,5,true
B05XC92,Multivitaminas nutricion enteral,5,true
B05XX,Otros aditivos para soluciones i.v,4,true
B05XX02,Trometamol,5,true
B05Z,SOLUCIONES PARA HEMODIALISIS Y HEMOFILTRACION,3,true
B05ZA,Concentrados para hemodialisis,4,true
B05ZA91,Concentrados para hemodialisis,5,true
B05ZB,Hemofiltrados,4,true
B05ZB91,Hemofiltrados,5,true
B06,OTROS AGENTES HEMATOLOGICOS,2,true
B06A,OTROS AGENTES HEMATOLOGICOS,3,true
B06AA,Enzimas,4,true
B06AA02,Fibrinolisina y desoxirribonucleasa,5,true
B06AA03,Hialuronidasa,5,true
B06AA04,Quimotripsina,5,true
B06AA07,Tripsina,5,true
B06AA10,Desoxirribunucleasa,5,true
B06AA11,Bromelaina,5,true
B06AA55,"Estreptoquinasa, combinaciones con",5,true
B06AB,Otros productos con grupo hemo,4,true
B06AB01,Hematina,5,true
B06AC,Farmacos utilizados en el angioedema hereditario,4,true
B06AC01,"Inhibidor de C1, derivado del plasma",5,true
B06AC02,Icatibanto,5,true
B06AC03,Ecalantida,5,true
B06AC04,Conestat alfa,5,true
B06AC05,Lanadelumab,5,true
B06AC06,Berotralstat,5,true
B06AC07,Garadacimab,5,true
B06AC08,Sebetralstat,5,true
B06AC09,Donidalorsen,5,true
B06AX,Otros agentes hematologicos,4,true
B06AX01,Crizanlizumab,5,true
B06AX03,Voxelotor,5,true
B06AX04,mitapivat,5,true
B06AX05,Exagamglogen autotemcel,5,true
B06AX06,Lovotibeglogen autotemcel,5,true
B06AX07,Mozafancogen autotemcel,5,true
C,SISTEMA CARDIOVASCULAR,1,true
C01,TERAPIA CARDIACA,2,true
C01A,GLUCOSIDOS CARDIACOS,3,true
C01AA,Glucosidos digitalicos,4,true
C01AA01,Acetildigitoxina,5,true
C01AA02,Acetildigoxina,5,true
C01AA03,"Digital, hojas de",5,true
C01AA04,Digitoxina,5,true
C01AA05,Digoxina,5,true
C01AA06,Lanatosido C,5,true
C01AA07,Deslanosido,5,true
C01AA08,Metildigoxina,5,true
C01AA09,Gitoformato,5,true
C01AA52,"Acetildigoxina, combinaciones con",5,true
C01AB,Glucosidos de la escila,4,true
C01AB01,Proscilaridina,5,true
C01AB51,"Proscilaridina, combinaciones con",5,true
C01AC,Glucosidos del estrofanto,4,true
C01AC01,Ouabaina,5,true
C01AC03,Cimarina,5,true
C01AX,Otros glucosidos cardiacos,4,true
C01AX02,Peruvosido,5,true
C01B,ANTIARRITMICOS DE CLASE I Y III,3,true
C01BA,Antiarritmicos de clase Ia,4,true
C01BA01,Quinidina,5,true
C01BA02,Procainamida,5,true
C01BA03,Disopiramida,5,true
C01BA04,Esparteina,5,true
C01BA05,Ajmalina,5,true
C01BA08,Prajmalina,5,true
C01BA12,Lorajmina,5,true
C01BA13,Hidroquinidina,5,true
C01BA51,"Quinidina, combinaciones excluyendo psicolepticos",5,true
C01BA71,"Quinidina, combinaciones con psicolepticos",5,true
C01BB,Antiarritmicos de clase Ib,4,true
C01BB01,Lidocaina,5,true
C01BB02,Mexiletina,5,true
C01BB03,Tocainida,5,true
C01BB04,Aprindina,5,true
C01BB91,Fenitoina,5,true
C01BC,Antiarritmicos de clase Ic,4,true
C01BC03,Propafenona,5,true
C01BC04,Flecainida,5,true
C01BC07,Lorcainida,5,true
C01BC08,Encainida,5,true
C01BD,Antiarritmicos de clase III,4,true
C01BD01,Amiodarona,5,true
C01BD02,"Bretilio, tosilato de",5,true
C01BD03,Bunaftina,5,true
C01BD04,Dofetilida,5,true
C01BD05,Ibutilida,5,true
C01BD06,Tedisamil,5,true
C01BD07,Dronedarona,5,true
C01BG,Otros antiarritmicos de clase I y III,4,true
C01BG01,Moracizina,5,true
C01BG07,Cibenzolina,5,true
C01BG11,Vernakalant,5,true
C01C,ESTIMULANTES CARDIACOS EXCLUYENDO GLUCOSIDOS CARDIACOS,3,true
C01CA,Agentes adrenergicos y dopaminergicos,4,true
C01CA01,Etilefrina,5,true
C01CA02,Isoprenalina,5,true
C01CA03,Norepinefrina,5,true
C01CA04,Dopamina,5,true
C01CA05,Norfenefrina,5,true
C01CA06,Fenilefrina,5,true
C01CA07,Dobutamina,5,true
C01CA08,Oxedrina,5,true
C01CA09,Metaraminol,5,true
C01CA10,Metoxamina,5,true
C01CA11,Mefentermina,5,true
C01CA12,Dimetofrina,5,true
C01CA13,Prenalterol,5,true
C01CA14,Dopexamina,5,true
C01CA15,Gepefrina,5,true
C01CA16,Ibopamina,5,true
C01CA17,Midodrina,5,true
C01CA18,Octopamina,5,true
C01CA19,Fenoldopam,5,true
C01CA21,Cafedrina,5,true
C01CA22,Arbutamina,5,true
C01CA23,Teodrenalina,5,true
C01CA24,Epinefrina,5,true
C01CA25,Amezinio metilsulfato,5,true
C01CA26,Efedrina,5,true
C01CA30,Combinaciones,5,true
C01CA51,"Etilefrina, combinaciones con",5,true
C01CE,Inhibidores de la fosfodiesterasa,4,true
C01CE01,Amrinona,5,true
C01CE02,Milrinona,5,true
C01CE03,Enoximona,5,true
C01CE04,Bucladesina,5,true
C01CX,Otros estimulantes cardiacos,4,true
C01CX06,Angiotensinamida,5,true
C01CX07,Xamoterol,5,true
C01CX08,Levosimendan,5,true
C01CX09,Angiotensina II,5,true
C01CX10,Omecamtiv mecarbilo,5,true
C01D,VASODILATADORES USADOS EN ENFERMEDADES CARDIACAS,3,true
C01DA,Nitratos organicos,4,true
C01DA02,Trinitrato de glicerilo,5,true
C01DA04,Dinitrato de metilpropilpropanodiol,5,true
C01DA05,Tetranitrato de pentaeritritilo,5,true
C01DA07,Propatilnitrato,5,true
C01DA08,Dinitrato de isosorbida,5,true
C01DA09,Trolnitrato,5,true
C01DA13,Tetranitrato de eritritilo,5,true
C01DA14,Mononitrato de isosorbida,5,true
C01DA20,Nitratos organicos en combinacion,5,true
C01DA38,Tenitramina,5,true
C01DA52,"Trinitrato de glicerilo, combinaciones con",5,true
C01DA54,"Dinitrato de metilpropilpropanodiol, combinaciones con",5,true
C01DA55,"Tetranitrato de pentaeritritilo, combinaciones con",5,true
C01DA57,"Propatilnitrato, combinaciones con",5,true
C01DA58,"Dinitrato de isosorbida, combinaciones con",5,true
C01DA59,"Trolnitrato, combinaciones con",5,true
C01DA63,"Tetranitrato de eritritilo, combinaciones con",5,true
C01DA70,Nitratos organicos en combinacion con psicolepticos,5,true
C01DA92,Nitrito de amilo,5,true
C01DB,Vasodilatadores de tipo quinolona,4,true
C01DB01,Flosequinan,5,true
C01DX,Otros vasodilatadores usados en enfermedades cardiacas,4,true
C01DX01,"Itramina, tosilato de",5,true
C01DX02,Prenilamina,5,true
C01DX03,Oxifedrina,5,true
C01DX04,Benciodarona,5,true
C01DX05,Carbocromeno,5,true
C01DX06,Hexobendina,5,true
C01DX07,Etafenona,5,true
C01DX08,Heptaminol,5,true
C01DX09,Imolamina,5,true
C01DX10,Dilazep,5,true
C01DX11,Trapidil,5,true
C01DX12,Molsidomina,5,true
C01DX13,Efloxato,5,true
C01DX14,Cinepazet,5,true
C01DX15,Cloridarol,5,true
C01DX16,Nicorandil,5,true
C01DX18,Linsidomina,5,true
C01DX19,Nesiritida,5,true
C01DX21,Serelaxina,5,true
C01DX22,Vericiguat,5,true
C01DX51,"Itramina, tosilato de, combinaciones con",5,true
C01DX52,"Prenilamina, combinaciones con",5,true
C01DX53,"Oxifedrina, combinaciones con",5,true
C01DX54,"Benziodarona, combinaciones con",5,true
C01E,OTROS PREPARADOS PARA EL CORAZON,3,true
C01EA,Prostaglandinas,4,true
C01EA01,Alprostadil,5,true
C01EB,Otros preparados para el corazon,4,true
C01EB02,Alcanfor,5,true
C01EB03,Indometacina,5,true
C01EB04,"Crataegus, glucosidos del",5,true
C01EB05,Creatinolfosfato,5,true
C01EB06,Fosfocreatinina,5,true
C01EB07,"Fructosa 1,6-difosfato",5,true
C01EB09,Ubidecarenona,5,true
C01EB10,Adenosina,5,true
C01EB11,Tiracizina,5,true
C01EB12,Tedisamil,5,true
C01EB13,Acadesina,5,true
C01EB15,Trimetazidina,5,true
C01EB17,Ivabradina,5,true
C01EB18,Ranolazina,5,true
C01EB19,Icatibanto,5,true
C01EB21,Regadenoson,5,true
C01EB24,Mavacamten,5,true
C01EB25,Acoramidis,5,true
C01EB26,Aficamten,5,true
C01EB95,Potasio ioduro,5,true
C01EX,Combinaciones de otros productos para el corazon,4,true
C01EX90,Aficamten,5,true
C02,ANTIHIPERTENSIVOS,2,true
C02A,AGENTES ANTIADRENERGICOS DE ACCION CENTRAL,3,true
C02AA,Alcaloides de la rauwolfia,4,true
C02AA01,Rescinamina,5,true
C02AA02,Reserpina,5,true
C02AA03,"Alcaloides de la rauwolfia, combinaciones de",5,true
C02AA04,"Alcaloides de la rauwolfia, raiz entera de",5,true
C02AA05,Deserpidina,5,true
C02AA06,Metoserpidina,5,true
C02AA07,Bietaserpina,5,true
C02AA52,"Reserpina, combinaciones con",5,true
C02AA53,"Combinaciones de alcaloides de la rauwolfia, combinaciones con",5,true
C02AA57,"Bietaserpina, combinaciones con",5,true
C02AB,Metildopa,4,true
C02AB01,Metildopa (levogira),5,true
C02AB02,Metildopa (racemica),5,true
C02AC,Agonistas del receptor de imidazolina,4,true
C02AC01,Clonidina,5,true
C02AC02,Guanfacina,5,true
C02AC04,Tolonidina,5,true
C02AC05,Moxonidina,5,true
C02AC06,Rilmenidina,5,true
C02B,AGENTES ANTIADRENERGICOS POR BLOQUEO GANGLIONAR,3,true
C02BA,Derivados del sulfonio,4,true
C02BA01,Trimetafan,5,true
C02BB,Aminas secundarias y terciarias,4,true
C02BB01,Mecamilamina,5,true
C02BC,Compuestos de amonio bicuaternario,4,true
C02C,AGENTES ANTIADRENERGICOS DE ACCION PERIFERICA,3,true
C02CA,Antagonistas de receptores alfa-adrenergicos,4,true
C02CA01,Prazosina,5,true
C02CA02,Indoramina,5,true
C02CA03,Trimazosina,5,true
C02CA04,Doxazosina,5,true
C02CA05,Terazosina,5,true
C02CA06,Urapidil,5,true
C02CC,Derivados de la guanidina,4,true
C02CC01,Betanidina,5,true
C02CC02,Guanetidina,5,true
C02CC03,Guanoxano,5,true
C02CC04,Debrisoquina,5,true
C02CC05,Guanocloro,5,true
C02CC06,Guanazodina,5,true
C02CC07,Guanoxabenzo,5,true
C02D,AGENTES QUE ACTUAN SOBRE EL MUSCULO LISO ARTERIOLAR,3,true
C02DA,Derivados tiazidicos,4,true
C02DA01,Diazoxido,5,true
C02DB,Derivados de la hidrazinoftalazina,4,true
C02DB01,Dihidralazina,5,true
C02DB02,Hidralazina,5,true
C02DB03,Endralazina,5,true
C02DB04,Cadralazina,5,true
C02DB91,"Picodralazina, combinaciones con",5,true
C02DC,Derivados de la pirimidina,4,true
C02DD,Derivados del nitroferricianuro,4,true
C02DD01,Nitroprusiato,5,true
C02DG,Derivados de la guanidina,4,true
C02DG01,Pinacidil,5,true
C02K,OTROS ANTIHIPERTENSIVOS,3,true
C02KA,"Alcaloides, excluyendo los de la rauwolfia",4,true
C02KA01,Veratro,5,true
C02KB,Inhibidores de la tirosina hidroxilasa,4,true
C02KB01,Metirosina,5,true
C02KC,Inhibidores de la MAO,4,true
C02KC01,Pargilina,5,true
C02KD,Antagonistas de la serotonina,4,true
C02KD01,Ketanserina,5,true
C02KN,Otros antihipertensivos,4,true
C02KN01,Aprocitentan,5,true
C02KN02,Baxdrostat,5,true
C02KX,Otros antihipertensivos,4,true
C02KX01,Bosentan,5,true
C02KX02,Ambrisentan,5,true
C02KX03,Sitaxentan,5,true
C02KX04,Macitentan,5,true
C02KX05,Riociguat,5,true
C02KX06,Sotatercept,5,true
C02KX52,Ambrisentan y tadalafilo,5,true
C02KX54,Macitentan y tadalafilo,5,true
C02L,ANTIHIPERTENSIVOS Y DIURETICOS EN COMBINACION,3,true
C02LA,Alcaloides de la rauwolfia y diureticos en combinacion,4,true
C02LA01,Reserpina y diureticos,5,true
C02LA02,Rescinamina y diureticos,5,true
C02LA03,Deserpidina y diureticos,5,true
C02LA04,Metoserpidina y diureticos,5,true
C02LA07,Bietaserpina y diureticos,5,true
C02LA08,"Rauwolfia, alcaloides de raiz entera, y diureticos",5,true
C02LA09,Sirosingopina y diureticos,5,true
C02LA50,"Combinacion de alcaloides de la rauwolfia y diureticos, incluyendo otras combinaciones",5,true
C02LA51,"Reserpina y diureticos, combinaciones con otras farmacos",5,true
C02LA52,"Rescinamina y diureticos, combinaciones con otras farmacos",5,true
C02LA71,"Reserpina y diureticos, combinaciones con psicolepticos",5,true
C02LA91,"Reserpina y tiazidas, combinaciones con vasodilatadores",5,true
C02LB,Metildopa y diureticos en combinacion,4,true
C02LB01,Metildopa (levogira) y diureticos,5,true
C02LB91,Metildopa y diureticos,5,true
C02LC,Agonistas del receptor de imidazolina y diureticos en combinacion,4,true
C02LC01,Clonidina y diureticos,5,true
C02LC05,Moxonidina y diureticos,5,true
C02LC51,"Clonidina y diureticos, combinaciones con otras farmacos",5,true
C02LE,Antagonistas alfa- adrenergicos y diureticos,4,true
C02LE01,Prazosina y diureticos,5,true
C02LF,Derivados de la guanidina y diureticos,4,true
C02LF01,Guanetidina y diureticos,5,true
C02LG,Derivados de la hidrazinoftalazina y diureticos,4,true
C02LG01,Dihidralazina y diureticos,5,true
C02LG02,Hidralazina y diureticos,5,true
C02LG03,Picodralazina y diureticos,5,true
C02LG51,"Dihidralazina y diureticos, combinaciones con otras farmacos",5,true
C02LG73,"Picodralazina y diureticos, combinaciones con psicolepticos",5,true
C02LK,"Alcaloides, excluyendo los de la rauwolfia, en combinacion con diureticos",4,true
C02LK01,Veratro y diureticos,5,true
C02LL,Inhibidores de la MAO y diureticos,4,true
C02LL01,Pargilina y diureticos,5,true
C02LN,Antagonistas de serotonina y diureticos,4,true
C02LX,Otros antihipertensivos y diureticos,4,true
C02LX01,Pinacidil y diureticos,5,true
C02N,COMBINACIONES DE ANTIHIPERTENSIVOS DEL GRUPO C02 DE ATC,3,true
C03A,DIURETICOS DE TECHO BAJO TIAZIDAS,3,true
C03AA,"Tiazidas, monofarmacos",4,true
C03AA01,Bendroflumetiazida,5,true
C03AA02,Hidroflumetiazida,5,true
C03AA03,Hidroclorotiazida,5,true
C03AA04,Clorotiazida,5,true
C03AA05,Politiazida,5,true
C03AA06,Triclormetiazida,5,true
C03AA07,Ciclopentiazida,5,true
C03AA08,Meticlotiazida,5,true
C03AA09,Ciclotiazida,5,true
C03AA13,Mebutizida,5,true
C03AB,Tiazidas y potasio en combinacion,4,true
C03AB01,Bendroflumetiazida y potasio,5,true
C03AB02,Hidroflumetiazida y potasio,5,true
C03AB03,Hidroclorotiazida y potasio,5,true
C03AB04,Clorotiazida y potasio,5,true
C03AB05,Politiazida y potasio,5,true
C03AB06,Triclormetiazida y potasio,5,true
C03AB07,Ciclopentiazida y potasio,5,true
C03AB08,Meticlotiazida y potasio,5,true
C03AB09,Ciclotiazida y potasio,5,true
C03AH,"Tiazidas, combinaciones con psicolepticos y/o analgesicos",4,true
C03AH01,"Clorotiazida, combinaciones con",5,true
C03AH02,"Hidroflumetiazida, combinaciones con",5,true
C03AX,"Tiazidas, combinaciones con otros farmacos",4,true
C03AX01,"Hidroclorotiazida, combinaciones con",5,true
C03AX91,"Teclotiazida, combinaciones con",5,true
C03B,"DIURETICOS DE TECHO BAJO, EXCLUYENDO TIAZIDAS",3,true
C03BA,"Sulfonamidas, monofarmacos",4,true
C03BA02,Quinetazona,5,true
C03BA03,Clopamida,5,true
C03BA04,Clortalidona,5,true
C03BA05,Mefrusida,5,true
C03BA07,Clofenamida,5,true
C03BA08,Metolazona,5,true
C03BA09,Meticrano,5,true
C03BA10,Xipamida,5,true
C03BA11,Indapamida,5,true
C03BA12,Clorexolona,5,true
C03BA13,Fenquizona,5,true
C03BA82,"Clorexolona, combinaciones con psicolepticos",5,true
C03BB,"Sulfonamidas y potasio, en combinacion",4,true
C03BB02,Quinetazona y potasio,5,true
C03BB03,Clopamida y potasio,5,true
C03BB04,Clortalidona y potasio,5,true
C03BB05,Mefrusida y potasio,5,true
C03BB07,Clofenamida y potasio,5,true
C03BC,Diureticos mercuriales,4,true
C03BC01,Mersalilo,5,true
C03BD,Derivados de la xantina,4,true
C03BD01,Teobromina,5,true
C03BK,Sulfonamidas combinadas con otros farmacos,4,true
C03BX,Otros diureticos de techo bajo,4,true
C03BX03,Cicletanina,5,true
C03C,DIURETICOS DE TECHO ALTO,3,true
C03CA,"Sulfonamidas, monofarmacos",4,true
C03CA01,Furosemida,5,true
C03CA02,Bumetanida,5,true
C03CA03,Piretanida,5,true
C03CA04,Torasemida,5,true
C03CB,"Sulfonamidas y potasio, en combinacion",4,true
C03CB01,Furosemida y potasio,5,true
C03CB02,Bumetanida y potasio,5,true
C03CC,Derivados del acido ariloxiacetico,4,true
C03CC01,Acido etacrinico,5,true
C03CC02,Acido tienilico,5,true
C03CD,Derivados de la pirazolona,4,true
C03CD01,Muzolimina,5,true
C03CX,Otros diureticos de techo alto,4,true
C03CX01,Etozolina,5,true
C03D,Antagonistas de la aldosterona y otros agentes ahorradores de potasio,3,true
C03DA,Antagonistas de la aldosterona,4,true
C03DA01,Espironolactona,5,true
C03DA02,Canrenoato de potasio,5,true
C03DA03,Canrenona,5,true
C03DA04,Eplerenona,5,true
C03DA05,Finerenona,5,true
C03DA54,Eplerenona y dapagliflozina,5,true
C03DB,Otros agentes ahorradores de potasio,4,true
C03DB01,Amilorida,5,true
C03DB02,Triamtereno,5,true
C03E,DIURETICOS Y AGENTES AHORRADORES DE POTASIO EN COMBINACION,3,true
C03EA,Diureticos de techo bajo y agentes ahorradores de potasio,4,true
C03EA01,Hidroclorotiazida y agentes ahorradores de potasio,5,true
C03EA02,Triclormetiazida y agentes ahorradores de potasio,5,true
C03EA03,Epitizida y agentes ahorradores de potasio,5,true
C03EA04,Altizida y agentes ahorradores de potasio,5,true
C03EA05,Mebutizida y agentes ahorradores de potasio,5,true
C03EA06,Clortalidona y agentes ahorradores de potasio,5,true
C03EA07,Ciclopentiazida y agentes ahorradores de potasio,5,true
C03EA12,Metolazona y agentes ahorradores de potasio,5,true
C03EA13,Bendroflumetiazida y agentes ahorradores de potasio,5,true
C03EA14,Butizida y agentes ahorradores de potasio,5,true
C03EB,Diureticos de techo alto y agentes ahorradores de potasio,4,true
C03EB01,Furosemida y agentes ahorradores de potasio,5,true
C03EB02,Bumetanida y agentes ahorradores de potasio,5,true
C03EB03,Torasemida y agentes ahorradores de potasio,5,true
C03XA,Antagonistas de la vasopresina,4,true
C03XA01,Tolvaptan,5,true
C03XA02,Conivaptan,5,true
C03XW91,Urea,5,true
C04,VASODILATADORES PERIFERICOS,2,true
C04A,VASODILATADORES PERIFERICOS,3,true
C04AA,Derivados del 2-amino-1-feniletanol,4,true
C04AA01,Isoxsuprina,5,true
C04AA02,Bufenina,5,true
C04AA31,Bametan,5,true
C04AA52,"Bufenina, combinaciones con",5,true
C04AB,Derivados de la imizadolina,4,true
C04AB01,Fentolamina,5,true
C04AB02,Tolazolina,5,true
C04AC,Acido nicotinico y derivados,4,true
C04AC01,Acido nicotinico,5,true
C04AC02,"Nicotinilo, alcohol (piridilcarbinol)",5,true
C04AC03,Nicotinato de inositol,5,true
C04AC07,Ciclonicato,5,true
C04AD,Derivados de la purina,4,true
C04AD01,Pentifilina,5,true
C04AD02,Nicotinato de xantinol,5,true
C04AD03,Pentoxifilina,5,true
C04AD04,Etofilina,5,true
C04AD54,"Etofilina, combinaciones con",5,true
C04AE,Alcaloides del ergot,4,true
C04AE01,Ergoloides mesilatos,5,true
C04AE02,Nicergolina,5,true
C04AE04,Dihidroergocristina,5,true
C04AE51,"Ergoloides mesilatos, combinaciones con",5,true
C04AE54,"Dihidroergocristina, combinaciones con",5,true
C04AF,Enzimas,4,true
C04AF01,Kalidinogenasa,5,true
C04AX,Otros vasodilatadores perifericos,4,true
C04AX01,Ciclandelato,5,true
C04AX02,Fenoxibenzamina,5,true
C04AX07,Vincamina,5,true
C04AX10,Moxisilita,5,true
C04AX11,Benciclano,5,true
C04AX13,Piribedil,5,true
C04AX17,Vinburnina,5,true
C04AX19,Sulcotidil,5,true
C04AX20,Buflomedil,5,true
C04AX21,Naftidrofurilo,5,true
C04AX23,Butalamina,5,true
C04AX24,Visnadina,5,true
C04AX26,Cetiedil,5,true
C04AX27,Cinepazida,5,true
C04AX28,Ifenprodil,5,true
C04AX30,Azapetina,5,true
C04AX32,Fasudil,5,true
C04AX57,"Vincamina, combinaciones con",5,true
C04AX91,Oxovinca,5,true
C04AX92,"Cinarizina, combinaciones con",5,true
C04AX93,"Almitrina y raubasina, combinaciones con",5,true
C05,VASOPROTECTORES,2,true
C05A,AGENTES DE USO TOPICO PARA EL TRATAMIENTO DE HEMORROIDES Y FISURAS ANALES,3,true
C05AA,Corticosteroides,4,true
C05AA01,Hidrocortisona,5,true
C05AA04,Prednisolona,5,true
C05AA05,Betametasona,5,true
C05AA06,Fluorometolona,5,true
C05AA08,Fluocortolona,5,true
C05AA09,Dexametasona,5,true
C05AA10,"Fluocinolona, acetonido de",5,true
C05AA11,Fluocinonida,5,true
C05AA12,Triamcinolona,5,true
C05AA51,"Hidrocortisona, combinaciones con",5,true
C05AA54,"Prednisolona, combinaciones con",5,true
C05AA58,"Fluocortolona, combinaciones con",5,true
C05AA60,"Fluocinolona acetonido, combinaciones con",5,true
C05AA91,Beclometasona,5,true
C05AA92,"Beclometasona, combinaciones con",5,true
C05AA93,"Triamcinolona, combinaciones con",5,true
C05AB,Antibioticos,4,true
C05AD,Anestesicos locales,4,true
C05AD01,Lidocaina,5,true
C05AD02,Tetracaina,5,true
C05AD03,Benzocaina,5,true
C05AD04,Cincocaina,5,true
C05AD05,Procaina,5,true
C05AD06,Oxetacaina,5,true
C05AD07,Pramocaina,5,true
C05AD51,Lidocaina en asociacion,5,true
C05AE,Relajantes musculares,4,true
C05AE01,Trinitrato de glicerilo,5,true
C05AE02,Dinitrato de isosorbida,5,true
C05AX,Otros agentes de uso topico para el tratamiento de hemorroides y fisuras anales,4,true
C05AX01,"Aluminio, preparados de",5,true
C05AX02,"Bismuto, preparados de, combinaciones con",5,true
C05AX03,"Otras preparaciones, combinaciones",5,true
C05AX04,"Zinc, preparados con",5,true
C05AX05,Tribenosido,5,true
C05AX91,Ruscogenina,5,true
C05B,TERAPIA ANTIVARICOSA,3,true
C05BA,Heparinas o heparinoides para uso topico,4,true
C05BA01,Heparinoides organicos,5,true
C05BA02,Apolato de sodio,5,true
C05BA03,Heparina,5,true
C05BA04,Pentosan polisulfato de sodio,5,true
C05BA51,"Heparinoides, combinaciones con",5,true
C05BA53,"Heparina, combinaciones con",5,true
C05BB,Agentes esclerosantes para inyeccion local,4,true
C05BB01,"Monoetanolamina, oleato de",5,true
C05BB02,Polidocanol,5,true
C05BB03,Azucar invertido,5,true
C05BB04,Tetradecilsulfato de sodio,5,true
C05BB56,"Glucosa, combinaciones",5,true
C05BX,Otros agentes esclerosantes,4,true
C05BX01,Dobesilato de calcio,5,true
C05BX51,"Dobesilato de calcio, combinaciones con",5,true
C05BX91,"Otros antivaricosos, combinaciones con",5,true
C05C,AGENTES ESTABILIZADORES DE CAPILARES,3,true
C05CA,Bioflavonoides,4,true
C05CA01,Rutosido,5,true
C05CA02,Monoxerutina,5,true
C05CA03,Diosmina,5,true
C05CA04,Troxerutina,5,true
C05CA05,Hidrosmina,5,true
C05CA51,"Rutosido, combinaciones con",5,true
C05CA53,"Diosmina, combinaciones con",5,true
C05CA54,"Troxerutina, combinaciones con",5,true
C05CA91,Bioflavonoides,5,true
C05CA92,"Bioflavonoides, combinaciones con",5,true
C05CA93,Flavodico acido,5,true
C05CA94,Escina,5,true
C05CA95,Ruscogenina,5,true
C05CA96,"Ruscogenina, combinaciones con",5,true
C05CA97,"Esculina, combinaciones con",5,true
C05CA98,"Hesperidina metilchalcona, combinaciones con",5,true
C05CX,Otros agentes estabilizadores de capilares,4,true
C05CX02,Naftazona,5,true
C05CX03,Hippocastani semen,5,true
C05CX91,Cromocarbo dietilamina,5,true
C05CX92,Naftazona,5,true
C05CX93,Aminaftona,5,true
C05CX95,Vaccinium myrtillus,5,true
C05CX96,"Vaccinium myrtillus, combinaciones con",5,true
C05CX97,"Ruscus aculeatus, combinaciones con",5,true
C05CX98,Leucocianidol,5,true
C05CX99,Escina,5,true
C07,AGENTES BETA-BLOQUEANTES,2,true
C07A,AGENTES BETA-BLOQUEANTES,3,true
C07AA,Agentes beta- bloqueantes no selectivos,4,true
C07AA01,Alprenolol,5,true
C07AA02,Oxprenolol,5,true
C07AA03,Pindolol,5,true
C07AA05,Propranolol,5,true
C07AA06,Timolol,5,true
C07AA07,Sotalol,5,true
C07AA12,Nadolol,5,true
C07AA14,Mepindolol,5,true
C07AA15,Carteolol,5,true
C07AA16,Tertatolol,5,true
C07AA17,Bopindolol,5,true
C07AA19,Bupranolol,5,true
C07AA23,Penbutolol,5,true
C07AA27,Cloranolol,5,true
C07AA57,"Sotalol, envases combinados",5,true
C07AB,Agentes beta- bloqueantes selectivos,4,true
C07AB01,Practolol,5,true
C07AB02,Metoprolol,5,true
C07AB03,Atenolol,5,true
C07AB04,Acebutolol,5,true
C07AB05,Betaxolol,5,true
C07AB06,Bevantolol,5,true
C07AB07,Bisoprolol,5,true
C07AB08,Celiprolol,5,true
C07AB09,Esmolol,5,true
C07AB10,Epanolol,5,true
C07AB11,Esatenolol,5,true
C07AB12,Nebivolol,5,true
C07AB13,Talinolol,5,true
C07AB14,Landiolol,5,true
C07AB52,"Metoprolol, envases combinados",5,true
C07AB57,"Bisoprolol, combinaciones con",5,true
C07AG,Agentes bloqueantes alfa y beta,4,true
C07AG01,Labetalol,5,true
C07AG02,Carvedilol,5,true
C07B,AGENTES BETA-BLOQUEANTES Y TIAZIDAS,3,true
C07BA,Agentes beta-bloqueantes no selectivos y tiazidas,4,true
C07BA02,Oxprenolol y tiazidas,5,true
C07BA05,Propranolol y tiazidas,5,true
C07BA06,Timolol y tiazidas,5,true
C07BA07,Sotalol y tiazidas,5,true
C07BA12,Nadolol y tiazidas,5,true
C07BA68,"Metipranolol y tiazidas, combinaciones con",5,true
C07BA91,"Propranolol, bendroflumetiazida e hidralazina, combinaciones",5,true
C07BB,Agentes beta-bloqueantes selectivos y tiazidas,4,true
C07BB02,Metoprolol y tiazidas,5,true
C07BB03,Atenolol y tiazidas,5,true
C07BB04,Acebutolol y tiazidas,5,true
C07BB06,Bevantolol y tiazidas,5,true
C07BB07,Bisoprolol y tiazidas,5,true
C07BB12,Nebivolol y tiazidas,5,true
C07BB52,"Metoprolol y tiazidas, combinaciones con",5,true
C07BB91,"Atenolol, bendroflumetiazida e hidralazina, combinaciones co",5,true
C07BG,Agentes bloqueantes alfa y beta y tiazidas,4,true
C07BG01,Labetalol y tiazidas,5,true
C07C,AGENTES BETA-BLOQUEANTES Y OTROS DIURETICOS,3,true
C07CA,Agentes beta- bloqueantes no selectivos y otros diureticos,4,true
C07CA02,Oxprenolol y otros diureticos,5,true
C07CA03,Pindolol y otros diureticos,5,true
C07CA17,Bopindolol y otros diureticos,5,true
C07CA23,Penbutolol y otros diureticos,5,true
C07CB,Agentes beta-bloqueantes selectivos y otros diureticos,4,true
C07CB03,Atenolol y otros diureticos,5,true
C07CB53,"Atenolol y otros diureticos, combinaciones con",5,true
C07CG,Agentes bloqueantes alfa y beta y otros diureticos,4,true
C07CG01,Labetalol y otros diureticos,5,true
C07D,"AGENTES BETA-BLOQUEANTES, TIAZIDAS Y OTROS DIURETICOS",3,true
C07DA,"Agentes beta-bloqueantes no selectivos, tiazidas y otros diureticos",4,true
C07DA06,"Timolol, tiazidas y otros diureticos",5,true
C07DB,"Agentes beta-bloqueantes selectivos, tiazidas y otros diureticos",4,true
C07DB01,"Atenolol, tiazidas y otros diureticos",5,true
C07E,AGENTES BETA-BLOQUEANTES Y VASODILATADORES,3,true
C07EA,Agentes beta bloqueantes no selectivos y vasodilatadores,4,true
C07EA91,Propranolol asociado a hidralazina,5,true
C07EB,Agentes beta bloqueantes selectivos y vasodilatadores,4,true
C07F,"AGENTES BETA-BLOQUEANTES, OTRAS COMBINACIONES",3,true
C07FB,Agentes beta-bloqueantes selectivos y bloqueantes de canales de calcio,4,true
C07FB03,Atenolol y nifedipino,5,true
C07FB07,Bisoprolol y amlodipino,5,true
C07FB12,Nebivolol y amlodipino,5,true
C07FX,"Agentes beta-bloqueantes, otras combinaciones",4,true
C07FX01,Propranolol y otras combinaciones,5,true
C07FX06,Carvedilol e Ivabradina,5,true
C08,BLOQUEANTES DE CANALES DE CALCIO,2,true
C08C,BLOQUEANTES SELECTIVOS DE CANALES DE CALCIO CON EFECTOS PRINCIPALMENTE VASCULARES,3,true
C08CA,Derivados de la dihidropiridina,4,true
C08CA01,Amlodipino,5,true
C08CA02,Felodipino,5,true
C08CA03,Isradipino,5,true
C08CA04,Nicardipino,5,true
C08CA05,Nifedipino,5,true
C08CA06,Nimodipino,5,true
C08CA07,Nisoldipino,5,true
C08CA08,Nitrendipino,5,true
C08CA09,Lacidipino,5,true
C08CA10,Nilvadipino,5,true
C08CA11,Manidipino,5,true
C08CA12,Barnidipino,5,true
C08CA13,Lercanidipino,5,true
C08CA14,Cilnidipino,5,true
C08CA15,Benidipino,5,true
C08CA16,Clevidipino,5,true
C08CA17,Levamlodipino,5,true
C08CA55,"Nifedipino, combinaciones con",5,true
C08CX,Otros bloqueantes selectivos de los canales de calcio con efectos principalmente vasculares,4,true
C08CX01,Mibefradil,5,true
C08D,BLOQUEANTES SELECTIVOS DE CANALES DE CALCIO CON EFECTOS CARDIACOS DIRECTOS,3,true
C08DA,Derivados de la fenilalquilamina,4,true
C08DA01,Verapamilo,5,true
C08DA02,Galopamilo,5,true
C08DA03,Etripamilo,5,true
C08DA51,"Verapamilo, combinaciones con",5,true
C08DB,Derivados de la benzotiazepina,4,true
C08DB01,Diltiazem,5,true
C08E,BLOQUEANTES NO SELECTIVOS DE CANALES DE CALCIO,3,true
C08EA,Derivados de la fenilalquilamina,4,true
C08EA01,Fendilina,5,true
C08EA02,Bepridil,5,true
C08EX,Otros bloqueantes no selectivos de canales de calcio,4,true
C08EX01,Lidoflazina,5,true
C08EX02,Perhexilina,5,true
C08G,BLOQUEANTES DE CANALES DE CALCIO Y DIURETICOS,3,true
C08GA,Bloqueantes de canales de calcio y diureticos,4,true
C08GA01,Nifedipino y diureticos,5,true
C08GA02,Amlodipino y diureticos,5,true
C09,AGENTES QUE ACTUAN SOBRE EL SISTEMA RENINA-ANGIOTENSINA,2,true
C09A,"INHIBIDORES DE LA ECA, MONOFARMACOS",3,true
C09AA,"Inhibidores de la ECA, monofarmacos",4,true
C09AA01,Captopril,5,true
C09AA02,Enalapril,5,true
C09AA03,Lisinopril,5,true
C09AA04,Perindopril,5,true
C09AA05,Ramipril,5,true
C09AA06,Quinapril,5,true
C09AA07,Benazepril,5,true
C09AA08,Cilazapril,5,true
C09AA09,Fosinopril,5,true
C09AA10,Trandolapril,5,true
C09AA11,Espirapril,5,true
C09AA12,Delapril,5,true
C09AA13,Moexipril,5,true
C09AA14,Temocapril,5,true
C09AA15,Zofenopril,5,true
C09AA16,Imidapril,5,true
C09B,"INHIBIDORES DE LA ECA, COMBINACIONES",3,true
C09BA,Inhibidores de la ECA y diureticos,4,true
C09BA01,Captopril y diureticos,5,true
C09BA02,Enalapril y diureticos,5,true
C09BA03,Lisinopril y diureticos,5,true
C09BA04,Perindopril y diureticos,5,true
C09BA05,Ramipril y diureticos,5,true
C09BA06,Quinapril y diureticos,5,true
C09BA07,Benazepril y diureticos,5,true
C09BA08,Cilazapril y diureticos,5,true
C09BA09,Fosinopril y diureticos,5,true
C09BA12,Delapril y diureticos,5,true
C09BA13,Moexipril y diureticos,5,true
C09BA15,Zofenopril y diureticos,5,true
C09BB,Inhibidores de la ECA y bloqueantes de canales de calcio,4,true
C09BB02,Enalapril y lercanidipino,5,true
C09BB03,Lisinopril y amlodipino,5,true
C09BB04,Perindopril y amlodipino,5,true
C09BB05,Ramipril y felodipino,5,true
C09BB06,Enalapril y nitrendipino,5,true
C09BB07,Ramipril y amlodipino,5,true
C09BB10,Trandolapril y verapamilo,5,true
C09BB12,Delapril y manidipino,5,true
C09BB14,Zofenopril y amlodipino,5,true
C09BX,"Inhibidores de la ECA, otras combinaciones",4,true
C09BX01,"Perindopril, amlodipino e indapamida",5,true
C09BX03,"Ramipril, amlodipino e hidroclorotiazida",5,true
C09BX05,Ramipril y bisoprolol,5,true
C09BX06,"Perindopril, bisoprolol, amlodipino e indapamida",5,true
C09C,"ANTAGONISTAS DE LOS RECEPTORES DE ANGIOTENSINA II, MONOTERAPIA",3,true
C09CA,"Antagonistas de los receptores de angiotensina II, monoterapia",4,true
C09CA01,Losartan,5,true
C09CA02,Eprosartan,5,true
C09CA03,Valsartan,5,true
C09CA04,Irbesartan,5,true
C09CA05,Tasosartan,5,true
C09CA06,Candesartan,5,true
C09CA07,Telmisartan,5,true
C09CA08,Olmesartan medoxomilo,5,true
C09CA09,Azilsartan medoxomilo,5,true
C09D,"ANTAGONISTAS DE LOS RECEPTORES DE ANGIOTENSINA II, COMBINACIONES",3,true
C09DA,Antagonistas de los receptores de angiotensina II y diureticos,4,true
C09DA01,Losartan y diureticos,5,true
C09DA02,Eprosartan y diureticos,5,true
C09DA03,Valsartan y diureticos,5,true
C09DA04,Irbesartan y diureticos,5,true
C09DA06,Candesartan y diureticos,5,true
C09DA07,Telmisartan y diureticos,5,true
C09DA08,Olmesartan medoxomilo y diureticos,5,true
C09DA10,Fimasartan y diureticos,5,true
C09DB,Antagonistas de los receptores de angiotensina II y bloqueantes de canales de calcio,4,true
C09DB01,Valsartan y amlodipino,5,true
C09DB02,Olmesartan medoxomilo y amlodipino,5,true
C09DB04,Telmisartan y amlodipino,5,true
C09DB05,Irbesartan y amlodipino,5,true
C09DB06,Losartan y amlodipino,5,true
C09DB07,Candesartan y amlodipino,5,true
C09DX,"Antagonistas de los receptores de angiotensina II, otras combinaciones con",4,true
C09DX01,"Valsartan, amlodipino e hidroclorotiazida",5,true
C09DX02,Valsartan y aliskireno,5,true
C09DX03,"Olmesartan medoxomilo, amlodipino e hidroclorotiazida",5,true
C09DX04,Valsartan y sacubitrilo,5,true
C09DX06,"Candesartan, amlodipino e hidroclorotiazida",5,true
C09DX08,"Telmisartan, amlodipino e hidroclorotiazida",5,true
C09DX09,"Candesartan, amlodipino y indapamida",5,true
C09X,OTROS AGENTES QUE ACTUAN SOBRE EL SISTEMA RENINA-ANGIOTENSINA,3,true
C09XA,Inhibidores de la renina,4,true
C09XA01,Remikireno,5,true
C09XA02,Aliskireno,5,true
C09XA52,Aliskireno e hidroclorotiazida,5,true
C09XA53,Aliskireno y amlodipino,5,true
C09XA54,"Aliskireno, amlodipino e hidroclorotiazida",5,true
C09XX,Otros agentes que actuan sobre el sistema renina-angiotensina,4,true
C09XX01,Esparsentan,5,true
C10,AGENTES MODIFICADORES DE LOS LIPIDOS,2,true
C10A,"AGENTES MODIFICADORES DE LOS LIPIDOS, MONOFARMACOS",3,true
C10AA,Inhibidores de la HMG CoA reductasa,4,true
C10AA01,Simvastatina,5,true
C10AA02,Lovastatina,5,true
C10AA03,Pravastatina,5,true
C10AA04,Fluvastatina,5,true
C10AA05,Atorvastatina,5,true
C10AA06,Cerivastatina,5,true
C10AA07,Rosuvastatina,5,true
C10AA08,Pitavastatina,5,true
C10AA51,"Simvastatina, envases combinados",5,true
C10AA52,"Lovastatina, combinaciones",5,true
C10AA53,"Pravastatina, combinaciones",5,true
C10AA55,"Atorvastatina, combinaciones",5,true
C10AB,Fibratos,4,true
C10AB01,Clofibrato,5,true
C10AB02,Bezafibrato,5,true
C10AB03,Clofibrato aluminio,5,true
C10AB04,Gemfibrozilo,5,true
C10AB05,Fenofibrato,5,true
C10AB06,Sinfibrato,5,true
C10AB07,Ronifibrato,5,true
C10AB08,Ciprofibrato,5,true
C10AB09,Etofibrato,5,true
C10AB10,Clofibrida,5,true
C10AB11,Fenofibrato de colina,5,true
C10AB12,Pemafibrato,5,true
C10AB51,"Clofibrato, combinaciones con",5,true
C10AB53,"Clofibrato de  aluminio, combinaciones con",5,true
C10AB91,Binifibrato,5,true
C10AB92,Plafibrida,5,true
C10AB93,Pirifibrato,5,true
C10AB94,"Clofibrato y piricarbato, combinaciones con",5,true
C10AB96,Tocofibrato,5,true
C10AB97,"Clofibrato de  aluminio y piricarbato, combinaciones con",5,true
C10AB98,Nicofibrato,5,true
C10AC,Secuestradores de acidos biliares,4,true
C10AC01,Colestiramina,5,true
C10AC02,Colestipol,5,true
C10AC03,Colextran,5,true
C10AC04,Colesevelam,5,true
C10AC91,Filicol,5,true
C10AD,Acido nicotinico y derivados,4,true
C10AD01,Niceritrol,5,true
C10AD02,Acido nicotinico,5,true
C10AD03,Nicofuranosa,5,true
C10AD04,Nicotinato de aluminio,5,true
C10AD05,Nicotinil alcohol (piridilcarbinol),5,true
C10AD06,Acipimox,5,true
C10AD52,"Acido nicotinico, combinaciones con",5,true
C10AD91,Nicotinato de tocoferol,5,true
C10AD92,"Nicotinato de tocoferol, combinaciones con",5,true
C10AD93,Piricarbato,5,true
C10AD94,"Piricarbato, combinaciones con",5,true
C10AD95,Pirozadilo,5,true
C10AD96,Nicofibrato,5,true
C10AD97,Nicoclonato,5,true
C10AD98,"Nicotinico acido y pentosanopolisulfurico, combinaciones con",5,true
C10AD99,"Nicotinato xantinol y mucopolisacarido, combinaciones con",5,true
C10AX,Otros agentes modificadores de los lipidos,4,true
C10AX01,Dextrotiroxina,5,true
C10AX02,Probucol,5,true
C10AX03,Tiadenol,5,true
C10AX04,Benfluorex,5,true
C10AX05,Meglutol,5,true
C10AX06,"Trigliceridos omega-3, incluidos otros esteres y acidos",5,true
C10AX07,Magnesio piridoxal 5-fosfato glutamato,5,true
C10AX08,Policosanol,5,true
C10AX09,Ezetimiba,5,true
C10AX10,Alipogen tiparvovec,5,true
C10AX11,Mipomersen,5,true
C10AX12,Lomitapida,5,true
C10AX13,Evolocumab,5,true
C10AX14,Alirocumab,5,true
C10AX15,Acido bempedoico,5,true
C10AX16,Inclisiran,5,true
C10AX17,Evinacumab,5,true
C10AX18,Volanesorsen,5,true
C10AX19,Lerodalcibep,5,true
C10AX90,Dextrotirosina,5,true
C10AX91,Sulodexida,5,true
C10AX93,Pantetina,5,true
C10AX94,Heparinoide,5,true
C10AX95,Sultosilato de piperazina,5,true
C10AX96,Volanersorsen,5,true
C10AX97,"Amilasa, lipasa y tirosinasa, combinaciones con",5,true
C10AX99,"Fosfolipidos, combinaciones con",5,true
C10B,"AGENTES MODIFICADORES DE LOS LIPIDOS, COMBINACIONES",3,true
C10BA,Combinaciones de varios agentes modificadores de los lipidos,4,true
C10BA01,Lovastatina y acido nicotinico,5,true
C10BA02,Simvastatina y ezetimiba,5,true
C10BA03,Pravastatina y fenofibrato,5,true
C10BA04,Simvastatina y fenofibrato,5,true
C10BA05,Atorvastatina y ezetimiba,5,true
C10BA06,Rosuvastatina y ezetimiba,5,true
C10BA09,Rosuvastatina y fenofibrato,5,true
C10BA10,Acido bempedoico y ezetimiba,5,true
C10BA11,Pravastatina y ezetimiba,5,true
C10BA12,"Pravastatina, ezetimiba y fenofibrato",5,true
C10BA13,Pitavastatina y ezetimiba,5,true
C10BA14,Pitavastatina y fenofibrato,5,true
C10BA15,"Rosuvastatina, ezetimiba y fenofibrato",5,true
C10BA16,Atorvastatina y fenofibrato,5,true
C10BX,"Agentes modificadores de los lipidos, combinaciones con",4,true
C10BX01,Simvastatina y acido acetilsalicilico,5,true
C10BX02,Pravastatina y acido acetilsalicilico,5,true
C10BX03,Atorvastatina y amlodipino,5,true
C10BX04,"Simvastatina, acido acetilsalicilico y ramipril",5,true
C10BX05,Rosuvastatina y acido acetilsalicilico,5,true
C10BX06,"Atorvastatina, acido acetilsalicilico y ramipril",5,true
C10BX09,Rosuvastatina y amlodipino,5,true
C10BX10,Rosuvastatina y valsartan,5,true
C10BX11,"Atorvastatina, amlodipino y perindopril",5,true
C10BX13,"Rosuvastatina, perindopril e indapamida",5,true
C10BX14,"Rosuvastatina, amlodipino y perindopril",5,true
C10BX15,Atorvastatina y perindopril,5,true
C10BX17,Rosuvastatina y ramipril,5,true
C10BX18,"Atorvastatina, amlodipino y ramipril",5,true
C10BX19,"Atorvastatina, amlodipino y candesartan",5,true
C10BX23,"Rosuvastatina, amlodipino y ramipril",5,true
C10BX24,"Rosuvastatina, amlodipino y telmisartan",5,true
D,DERMATOLOGICOS,1,true
D01,ANTIFUNGICOS PARA USO DERMATOLOGICO,2,true
D01A,ANTIFUNGICOS PARA USO TOPICO,3,true
D01AA,Antibioticos,4,true
D01AA01,Nistatina,5,true
D01AA02,Natamicina,5,true
D01AA03,Hachimicina,5,true
D01AA04,Pecilocina,5,true
D01AA06,Mepartricina,5,true
D01AA07,Pirrolnitrina,5,true
D01AA08,Griseofulvina,5,true
D01AA20,Antibioticos en combinacion con corticosteroides,5,true
D01AA51,"Nistatina, combinaciones con",5,true
D01AC,Derivados imidazolicos y triazolicos,4,true
D01AC01,Clotrimazol,5,true
D01AC02,Miconazol,5,true
D01AC03,Econazol,5,true
D01AC04,Clomidazol,5,true
D01AC05,Isoconazol,5,true
D01AC06,Tiabendazol,5,true
D01AC07,Tioconazol,5,true
D01AC08,Ketoconazol,5,true
D01AC09,Sulconazol,5,true
D01AC10,Bifonazol,5,true
D01AC11,Oxiconazol,5,true
D01AC12,Fenticonazol,5,true
D01AC13,Omoconazol,5,true
D01AC14,Sertaconazol,5,true
D01AC15,Fluconazol,5,true
D01AC16,Flutrimazol,5,true
D01AC17,Eberconazol,5,true
D01AC20,Combinaciones,5,true
D01AC51,"Clotrimazol, combinaciones con",5,true
D01AC52,"Miconazol, combinaciones con",5,true
D01AC60,"Bifonazol, combinaciones con",5,true
D01AC91,Eberconazol,5,true
D01AE,Otros preparados antifungicos para uso topico,4,true
D01AE01,Bromoclorosalicilanilida,5,true
D01AE02,Metilrosanilina,5,true
D01AE03,Tribromometacresol,5,true
D01AE04,Acido undecilenico,5,true
D01AE05,Polinoxilina,5,true
D01AE06,2-(4-clorfenoxi)-etanol,5,true
D01AE07,Clorfenesina,5,true
D01AE08,Ticlatona,5,true
D01AE09,Sulbentina,5,true
D01AE10,Hidroxibenzoato de etilo,5,true
D01AE11,Haloprogina,5,true
D01AE12,Acido salicilico,5,true
D01AE13,Sulfuro de selenio,5,true
D01AE14,Ciclopirox,5,true
D01AE15,Terbinafina,5,true
D01AE16,Amorolfina,5,true
D01AE17,Dimazol,5,true
D01AE18,Tolnaftato,5,true
D01AE19,Tolciclato,5,true
D01AE20,Combinaciones,5,true
D01AE21,Flucitosina,5,true
D01AE22,Naftifina,5,true
D01AE23,Butenafina,5,true
D01AE24,Tavaborol,5,true
D01AE51,"Bromosalicilcloroanilida, combinaciones con",5,true
D01AE52,"Metilrosanilina, combinaciones con",5,true
D01AE54,"Undecilenico acido, combinaciones",5,true
D01AE62,"Salicilico acido, combinaciones con",5,true
D01B,ANTIFUNGICOS PARA USO SISTEMICO,3,true
D01BA,Antifungicos para uso sistemico,4,true
D01BA01,Griseofulvina,5,true
D01BA02,Terbinafina,5,true
D02A,EMOLIENTES Y PROTECTORES,3,true
D02AA,Productos con siliconas,4,true
D02AB,Productos con zinc,4,true
D02AB91,Zinc oxido,5,true
D02AB92,"Zinc oxido, combinaciones con",5,true
D02AC,Parafina blanda y productos con grasa,4,true
D02AC91,Vaselina,5,true
D02AD,Emplastos liquidos,4,true
D02AD91,"Tiram, combinaciones con",5,true
D02AD92,Pelicula protectora piel sana,5,true
D02AE,Productos con urea,4,true
D02AE01,Urea,5,true
D02AE51,"Urea, combinaciones con",5,true
D02AF,Preparados con acido salicilico,4,true
D02AF91,"Salicilico acido, combinaciones con",5,true
D02AX,Otros emolientes y protectores,4,true
D02B,PROTECTORES CONTRA LA RADIACION UV,3,true
D02BA,Protectores contra la radiacion UV para uso topico,4,true
D02BA01,Acido aminobenzoico,5,true
D02BA02,Octilmetoxicinamato,5,true
D02BB,Protectores contra la radiacion UV para uso sistemico,4,true
D02BB01,Betacaroteno,5,true
D02BB02,Afamelanotida,5,true
D03,PREPARADOS PARA EL TRATAMIENTO DE HERIDAS Y ULCERAS,2,true
D03A,CICATRIZANTES,3,true
D03AA,Unguentos con aceite de higado de bacalao,4,true
D03AX,Otros cicatrizantes,4,true
D03AX01,Iodo cadexomero,5,true
D03AX02,Dextranomero,5,true
D03AX03,Dexpantenol,5,true
D03AX04,Pantotenato de calcio,5,true
D03AX05,Acido hialuronico,5,true
D03AX06,Becaplermina,5,true
D03AX07,Trinitrato de glicerilo,5,true
D03AX08,Dinitrato de isosorbida,5,true
D03AX09,Crilanomero,5,true
D03AX10,Enoxolona,5,true
D03AX11,Tetraclorodecaoxido,5,true
D03AX12,Trolamina,5,true
D03AX13,"Abedul, corteza",5,true
D03AX14,Centella asiatica planta medicinal,5,true
D03AX16,Beremagen geperpavec,5,true
D03AX17,Acido diperoxoclorico,5,true
D03AX90,Preparados antiescaras,5,true
D03AX91,"Sangre, extracto de",5,true
D03AX92,Acexamico acido,5,true
D03AX93,"Acexamico acido y neomicina, combinaciones con",5,true
D03AX94,"Centella asiatica, extracto de",5,true
D03AX95,"Centella asiatica extracto y neomicina, combinaciones con",5,true
D03AX96,"Balsamo de Peru, combinaciones con",5,true
D03AX97,"Cloranfenicol, combinaciones con",5,true
D03AX98,"Fenoxietanol, combinaciones con",5,true
D03AX99,"Hidrocortisona, neomicina y otras sustancias, combinaciones",5,true
D03B,ENZIMAS,3,true
D03BA,Enzimas proteoliticas,4,true
D03BA01,Tripsina,5,true
D03BA02,Colagenasa,5,true
D03BA03,Bromelaina,5,true
D03BA51,"Tripsina, combinaciones con",5,true
D03BA52,"Colagenasa, combinaciones con",5,true
D03BA91,Catalasa,5,true
D03BA93,"Desoxirribonucleasa y fibrinolisina, combinaciones con",5,true
D03BA94,"Estreptoquinasa y estreptodornasa, combinaciones con",5,true
D04,"ANTIPRURIGINOSOS, INCLUYENDO ANTIHISTAMINICOS, ANESTESICOS, ETC.",2,true
D04A,"ANTIPRURIGINOSOS, INCLUYENDO ANTIHISTAMINICOS, ANESTESICOS, ETC.",3,true
D04AA,Antihistaminicos para uso topico,4,true
D04AA01,Tonzilamina,5,true
D04AA02,Mepiramina,5,true
D04AA03,Tenalidina,5,true
D04AA04,Tripelenamina,5,true
D04AA09,Cloropiramina,5,true
D04AA10,Prometazina,5,true
D04AA12,Tolpropamina,5,true
D04AA13,Dimetindeno,5,true
D04AA14,Clemastina,5,true
D04AA15,Bamipina,5,true
D04AA22,Isotipendilo,5,true
D04AA32,Difenhidramina,5,true
D04AA33,"Difenhidramina, metilbromuro de",5,true
D04AA34,Clorfenoxamina,5,true
D04AA91,"Dexclorfeniramina, combinaciones con",5,true
D04AB,Anestesicos para uso topico,4,true
D04AB01,Lidocaina,5,true
D04AB02,Cincocaina,5,true
D04AB03,Oxibuprocaina,5,true
D04AB04,Benzocaina,5,true
D04AB05,Quinisocaina,5,true
D04AB06,Tetracaina,5,true
D04AB07,Pramocaina,5,true
D04AX,Otros antipruriginosos,4,true
D04AX91,Calamina,5,true
D04AX92,"Ictiol, combinaciones con",5,true
D05,ANTIPSORIASICOS,2,true
D05A,ANTIPSORIASICOS PARA USO TOPICO,3,true
D05AA,Alquitranes,4,true
D05AA91,Brea de hulla,5,true
D05AA92,"Brea de hulla, combinaciones con",5,true
D05AA93,"Ictamol, combinaciones con",5,true
D05AC,Derivados del antraceno,4,true
D05AC01,Ditranol,5,true
D05AC51,"Ditranol, combinaciones con",5,true
D05AD,Psoralenos para uso topico,4,true
D05AD01,Trioxisaleno,5,true
D05AD02,Metoxsaleno,5,true
D05AX,Otros antipsoriasicos para uso topico,4,true
D05AX01,Acido fumarico,5,true
D05AX02,Calcipotriol,5,true
D05AX03,Calcitriol,5,true
D05AX04,Tacalcitol,5,true
D05AX05,Tazaroteno,5,true
D05AX06,Roflumilast,5,true
D05AX52,"Calcipotriol, combinaciones con",5,true
D05B,ANTIPSORIASICOS PARA USO SISTEMICO,3,true
D05BA,Psoralenos para uso sistemico,4,true
D05BA01,Trioxisaleno,5,true
D05BA02,Metoxsaleno,5,true
D05BA03,Bergapteno,5,true
D05BA91,Psoraleno,5,true
D05BB,Retinoides para el tratamiento de la psoriasis,4,true
D05BB01,Etretinato,5,true
D05BB02,Acitretina,5,true
D05BX,Otros antipsoriasicos para uso sistemico,4,true
D05BX51,"Acido fumarico, derivados del, combinaciones",5,true
D05BX90,Dimetil fumarato,5,true
D05BX91,"Calaguala, extracto de (Polipodium leucotomos)",5,true
D06,ANTIBIOTICOS Y QUIMIOTERAPICOS PARA USO DERMATOLOGICO,2,true
D06A,ANTIBIOTICOS PARA USO TOPICO,3,true
D06AA,Tetraciclina y derivados,4,true
D06AA01,Demeclociclina,5,true
D06AA02,Clortetraciclina,5,true
D06AA03,Oxitetraciclina,5,true
D06AA04,Tetraciclina,5,true
D06AX,Otros antibioticos para uso topico,4,true
D06AX01,Acido fusidico,5,true
D06AX02,Cloranfenicol,5,true
D06AX04,Neomicina,5,true
D06AX05,Bacitracina,5,true
D06AX07,Gentamicina,5,true
D06AX08,Tirotricina,5,true
D06AX09,Mupirocina,5,true
D06AX10,Virginiamicina,5,true
D06AX11,Rifaximina,5,true
D06AX12,Amikacina,5,true
D06AX13,Retapamulina,5,true
D06AX14,Ozenoxacino,5,true
D06B,QUIMIOTERAPICOS PARA USO TOPICO,3,true
D06BA,Sulfonamidas,4,true
D06BA01,Sulfadiazina argentica,5,true
D06BA02,Sulfatiazol,5,true
D06BA03,Mafenida,5,true
D06BA04,Sulfametizol,5,true
D06BA05,Sulfanilamida,5,true
D06BA06,Sulfamerazina,5,true
D06BA51,"Sulfadiazina de plata, combinaciones con",5,true
D06BA52,"Sulfatiazol, combinaciones con",5,true
D06BA53,"Mafenida, combinaciones con",5,true
D06BA55,"Sulfanilamida, combinaciones con",5,true
D06BB,Antivirales,4,true
D06BB01,Idoxuridina,5,true
D06BB02,Tromantadina,5,true
D06BB03,Aciclovir,5,true
D06BB04,Podofilotoxina,5,true
D06BB05,Inosina,5,true
D06BB07,Lisozima,5,true
D06BB08,Ibacitabina,5,true
D06BB09,Edoxudina,5,true
D06BB11,Docosanol,5,true
D06BB12,Sinecatechines,5,true
D06BB13,Berdazimero de sodio,5,true
D06BB51,"Idoxuridina, combinaciones con",5,true
D06BB53,"Aciclovir, combinaciones con",5,true
D06BX,Otros quimioterapicos,4,true
D06BX01,Metronidazol,5,true
D06BX02,Ingenol Mebutato,5,true
D06BX03,Tirbanibulina,5,true
D06C,COMBINACIONES DE ANTIBIOTICOS Y QUIMIOTERAPICOS,3,true
D07,PREPARADOS DERMATOLOGICOS CON CORTICOSTEROIDES,2,true
D07A,"CORTICOSTEROIDES, MONOFARMACOS",3,true
D07AA,Corticosteroides de baja potencia (grupo I),4,true
D07AA01,Metilprednisolona,5,true
D07AA02,Hidrocortisona,5,true
D07AA03,Prednisolona,5,true
D07AB,Corticosteroides moderadamente potentes (grupo II),4,true
D07AB01,Clobetasona,5,true
D07AB02,"Hidrocortisona, butirato de",5,true
D07AB03,Flumetasona,5,true
D07AB04,Fluocortina,5,true
D07AB05,Fluperolona,5,true
D07AB06,Fluorometolona,5,true
D07AB07,Fluprednideno,5,true
D07AB08,Desonida,5,true
D07AB09,Triamcinolona,5,true
D07AB10,Alclometasona,5,true
D07AB11,"Hidrocortisona, buteprato de",5,true
D07AB19,Dexametasona,5,true
D07AB21,Clocortolona,5,true
D07AB30,Combinaciones de corticosteroides,5,true
D07AB91,Flupamesona,5,true
D07AB92,Diclorisona,5,true
D07AC,Corticosteroides potentes (grupo III),4,true
D07AC01,Betametasona,5,true
D07AC02,Fluclorolona,5,true
D07AC03,Desoximetasona,5,true
D07AC04,"Fluocinolona, acetonido de",5,true
D07AC05,Fluocortolona,5,true
D07AC06,Diflucortolona,5,true
D07AC07,Fludroxicortida,5,true
D07AC08,Fluocinonida,5,true
D07AC09,Budesonida,5,true
D07AC10,Diflorasona,5,true
D07AC11,Amcinonida,5,true
D07AC12,Halometasona,5,true
D07AC13,Mometasona,5,true
D07AC14,"Metilprednisolona, aceponato de",5,true
D07AC15,Beclometasona,5,true
D07AC16,"Hidrocortisona, aceponato de",5,true
D07AC17,Fluticasona,5,true
D07AC18,Prednicarbato,5,true
D07AC19,Difluprednato,5,true
D07AC21,Ulobetasol,5,true
D07AC30,Asoc.corticosteroides moderad. Potentes,5,true
D07AC91,Flupamesona,5,true
D07AD,Corticosteroides muy potentes (grupo IV),4,true
D07AD01,Clobetasol,5,true
D07AD02,Halcinonida,5,true
D07B,CORTICOSTEROIDES EN COMBINACION CON ANTISEPTICOS,3,true
D07BA,Corticosteroides de baja potencia en combinacion con antisepticos,4,true
D07BA01,Prednisolona con antisepticos,5,true
D07BA04,Hidrocortisona con antisepticos,5,true
D07BB,Corticosteroides moderadamente potentes en combinacion con antisepticos,4,true
D07BB01,Flumetasona con antisepticos,5,true
D07BB02,Desonida con antisepticos,5,true
D07BB03,Triamcinolona con antisepticos,5,true
D07BB04,"Hidrocortisona, butirato de, con antisepticos",5,true
D07BC,Corticosteroides potentes en combinacion con antisepticos,4,true
D07BC01,Betametasona con antisepticos,5,true
D07BC02,"Fluocinolona, acetonido de, con antisepticos",5,true
D07BC03,Fluocortolona con antisepticos,5,true
D07BC04,Diflucortolona con antisepticos,5,true
D07BC91,Beclometasona con antisepticos,5,true
D07BC92,Halometasona con antisepticos,5,true
D07BD,Corticosteroides muy potentes en combinacion con antisepticos,4,true
D07C,CORTICOSTEROIDES EN COMBINACION CON ANTIBIOTICOS,3,true
D07CA,Corticosteroides de baja potencia en combinacion con antibioticos,4,true
D07CA01,Hidrocortisona con antibioticos,5,true
D07CA02,Metilprednisolona con antibioticos,5,true
D07CA03,Prednisolona con antibioticos,5,true
D07CB,Corticosteroides moderadamente potentes en combinacion con antibioticos,4,true
D07CB01,Triamcinolona con antibioticos,5,true
D07CB02,Fluprednideno con antibioticos,5,true
D07CB03,Fluorometolona con antibioticos,5,true
D07CB04,Dexametasona con antibioticos,5,true
D07CB05,Flumetasona con antibioticos,5,true
D07CB91,Flupamesona con antibioticos,5,true
D07CC,Corticosteroides potentes en combinacion con antibioticos,4,true
D07CC01,Betametasona con antibioticos,5,true
D07CC02,Fluocinolona con antibioticos,5,true
D07CC03,Fludroxicortida con antibioticos,5,true
D07CC04,Beclometasona con antibioticos,5,true
D07CC05,Fluocinonida con antibioticos,5,true
D07CC06,Fluocortolona con antibioticos,5,true
D07CC91,Fludrocortisona con antibioticos,5,true
D07CC92,Flupamesona asociada a antibioticos,5,true
D07CD,Corticosteroides muy potentes en combinacion con antibioticos,4,true
D07CD01,Clobetasol con antibioticos,5,true
D07X,"CORTICOSTEROIDES, OTRAS COMBINACIONES",3,true
D07XA,"Corticosteroides de baja potencia, otras combinaciones",4,true
D07XA01,Hidrocortisona,5,true
D07XA02,Prednisolona,5,true
D07XB,"Corticosteroides moderadamente potentes, otras combinaciones",4,true
D07XB01,Flumetasona,5,true
D07XB02,Triamcinolona,5,true
D07XB04,Fluorometolona,5,true
D07XB05,Dexametasona,5,true
D07XB30,Combinaciones de corticosteroides,5,true
D07XB92,"Flupamesona, otras combinaciones",5,true
D07XC,"Corticosteroides potentes, otras combinaciones",4,true
D07XC01,Betametasona,5,true
D07XC02,Desoximetasona,5,true
D07XC03,Mometasona,5,true
D07XC04,Diflucortolona,5,true
D07XC91,"Fluocinolona acetonido, otras combinaciones",5,true
D07XC92,"Diflucortolona, otras combinaciones",5,true
D07XC93,Flupamesona en otras asociaciones,5,true
D07XD,"Corticosteroides muy potentes, otras combinaciones",4,true
D08,ANTISEPTICOS Y DESINFECTANTES,2,true
D08A,ANTISEPTICOS Y DESINFECTANTES,3,true
D08AA,Derivados de la acridina,4,true
D08AA01,"Etacridina, lactato",5,true
D08AA02,Aminoacridina,5,true
D08AA03,"Acriflavinio, cloruro",5,true
D08AB,Agentes con aluminio,4,true
D08AC,Biguanidas y amidinas,4,true
D08AC01,Dibrompropamidina,5,true
D08AC02,Clorhexidina,5,true
D08AC03,Propamidina,5,true
D08AC04,Hexamidina,5,true
D08AC05,Polihexanida,5,true
D08AC52,"Clorhexidina, combinaciones con",5,true
D08AD,Productos con acido borico,4,true
D08AD91,Preparados con acido borico,5,true
D08AE,Fenol y derivados,4,true
D08AE01,Hexaclorofeno,5,true
D08AE02,Policresuleno,5,true
D08AE03,Fenol,5,true
D08AE04,Triclosan,5,true
D08AE05,Cloroxilenol,5,true
D08AE06,Bifenilol,5,true
D08AF,Derivados del nitrofurano,4,true
D08AF01,Nitrofural,5,true
D08AG,Productos con iodo,4,true
D08AG01,Iodo/octilfenoxipoliglicoleter,5,true
D08AG02,Povidona iodada,5,true
D08AG03,Yodo,5,true
D08AG04,Diiodohidroxipropano,5,true
D08AH,Derivados de la quinolina,4,true
D08AH01,"Decualinio, cloruro",5,true
D08AH02,Clorquinaldol,5,true
D08AH03,Oxiquinolina,5,true
D08AH30,Clioquinol,5,true
D08AJ,Compuestos de amonio cuaternario,4,true
D08AJ01,"Benzalconio, cloruro de",5,true
D08AJ02,"Cetrimonio, bromuro de",5,true
D08AJ03,"Cetilpiridinio, cloruro de",5,true
D08AJ04,Cetrimida,5,true
D08AJ05,"Benzoxonio, cloruro de",5,true
D08AJ06,"Didecildimetilamonio, cloruro de",5,true
D08AJ08,"Bencetonio, cloruro de",5,true
D08AJ57,"Octenidina, combinaciones",5,true
D08AJ58,"Bencetonio, cloruro de, combinaciones con",5,true
D08AJ59,"Dodeclonio, bromuro de, combinaciones con",5,true
D08AJ91,"Cetilpiridinio y alcohol, combinaciones con",5,true
D08AK,Productos mercuriales,4,true
D08AK01,Mercurico amidocloruro,5,true
D08AK02,Fenilmercurico borato,5,true
D08AK03,Mercurico cloruro,5,true
D08AK04,Merbromina,5,true
D08AK05,Mercurio metalico,5,true
D08AK06,Tiomersal,5,true
D08AK30,Mercurico ioduro,5,true
D08AK91,Mercurobutol,5,true
D08AL,Compuestos de plata,4,true
D08AL01,Nitrato de plata,5,true
D08AL30,Plata,5,true
D08AX,Otros antisepticos y desinfectantes,4,true
D08AX01,Peroxido de hidrogeno,5,true
D08AX02,Eosina,5,true
D08AX03,Propanol,5,true
D08AX04,Tosilcloramida sodica,5,true
D08AX05,Isopropanol,5,true
D08AX06,Permanganato de potasio,5,true
D08AX07,Hipoclorito de sodio,5,true
D08AX08,Etanol,5,true
D08AX53,"Propanol, combinaciones con",5,true
D09,APOSITOS CON MEDICAMENTOS,2,true
D09A,APOSITOS CON MEDICAMENTOS,3,true
D09AA,Apositos con pomada con antiinfecciosos,4,true
D09AA01,Framicetina,5,true
D09AA02,Acido fusidico,5,true
D09AA03,Nitrofural,5,true
D09AA04,Fenilmercurico nitrato,5,true
D09AA05,"Benzododecinio, cloruro",5,true
D09AA06,Triclosan,5,true
D09AA07,"Cetilpiridinio, cloruro de",5,true
D09AA08,Clorhidrato de aluminio,5,true
D09AA09,Povidona iodada,5,true
D09AA10,Clioquinol,5,true
D09AA11,"Benzalconio, cloruro de",5,true
D09AA12,Clorhexidina,5,true
D09AA13,Iodoformo,5,true
D09AA61,"Benzalconio cloruro de, combinaciones con, en aposito",5,true
D09AA91,"Antibioticos, combinaciones con, en aposito",5,true
D09AB,Vendajes con zinc,4,true
D09AB01,"Zinc, vendajes con, sin suplementos",5,true
D09AB02,"Zinc, vendajes con, con suplementos",5,true
D09AX,Apositos con parafina blanda,4,true
D09AX91,"Tul con balsamo de Peru, combinaciones con",5,true
D09AZ,OTROS APOSITOS MEDICAMENTOSOS,4,true
D09AZ91,Aposito esteril de carbon activo,5,true
D09AZ92,Aposito esteril de poliuretano,5,true
D10,PREPARADOS ANTI-ACNE,2,true
D10A,PREPARADOS ANTI-ACNE PARA USO TOPICO,3,true
D10AA,Combinaciones con corticosteroides para el tratamiento del acne,4,true
D10AA01,Fluorometolona,5,true
D10AA02,Metilprednisolona,5,true
D10AA03,Dexametasona,5,true
D10AA52,"Metilprednisolona, combinaciones con",5,true
D10AB,Preparados que contienen azufre,4,true
D10AB01,Bitionol,5,true
D10AB02,Azufre,5,true
D10AB03,Tioxolona,5,true
D10AB05,Mesulfeno,5,true
D10AB52,"Azufre, combinaciones con",5,true
D10AD,Retinoides para uso topico en acne,4,true
D10AD01,Tretinoina,5,true
D10AD02,Retinol,5,true
D10AD03,Adapaleno,5,true
D10AD04,Isotretinoina,5,true
D10AD05,Motretinida,5,true
D10AD06,Trifaroteno,5,true
D10AD51,"Tretinoina, combinaciones con",5,true
D10AD53,"Adapaleno, combinaciones con",5,true
D10AD54,"Isotretinoina, combinaciones con",5,true
D10AE,Peroxidos,4,true
D10AE01,Peroxido de benzoilo,5,true
D10AE51,"Peroxido de benzoilo, combinaciones con",5,true
D10AF,Antiinfecciosos para el tratamiento del acne,4,true
D10AF01,Clindamicina,5,true
D10AF02,Eritromicina,5,true
D10AF03,Cloranfenicol,5,true
D10AF04,Meclociclina,5,true
D10AF05,Nadifloxacino,5,true
D10AF51,"Clindamicina, combinaciones con",5,true
D10AF52,"Eritromicina, combinaciones con",5,true
D10AX,Otros preparados anti- acne para uso topico,4,true
D10AX01,Cloruro de aluminio,5,true
D10AX02,Resorcinol,5,true
D10AX03,Acido azelaico,5,true
D10AX04,Oxido de alumino,5,true
D10AX05,Dapsona,5,true
D10AX06,Clascoterona,5,true
D10AX30,Varias combinaciones,5,true
D10B,PREPARADOS ANTI-ACNE PARA USO SISTEMICO,3,true
D10BA,Retinoides para el tratamiento del acne,4,true
D10BA01,Isotretinoina,5,true
D10BX,Otros preparados anti-acne para uso sistemico,4,true
D10BX01,Ictasol,5,true
D11,OTROS PREPARADOS DERMATOLOGICOS,2,true
D11A,OTROS PREPARADOS DERMATOLOGICOS,3,true
D11AA,Anhidroticos,4,true
D11AA01,Glicopirronio,5,true
D11AA02,Bromuro de sofpironio,5,true
D11AC,Champues medicinales,4,true
D11AC01,Cetrimida,5,true
D11AC02,"Cadmio, compuestos con",5,true
D11AC03,"Selenio, compuestos con",5,true
D11AC06,Povidona iodada,5,true
D11AC08,"Azufre, compuestos con",5,true
D11AC09,Xenisalato,5,true
D11AC30,Champues Medicinales. Otros,5,true
D11AE,Androgenos para uso topico,4,true
D11AE01,Metandienona,5,true
D11AF,Preparados anti-verrugas y callicidas,4,true
D11AH,"Agentes de la dermatitis, excluyendo corticosteroides",4,true
D11AH01,Tacrolimus,5,true
D11AH02,Pimecrolimus,5,true
D11AH03,Cromoglicico acido,5,true
D11AH04,Alitretinoina,5,true
D11AH05,Dupilumab,5,true
D11AH06,Crisaborol,5,true
D11AH07,Tralokinumab,5,true
D11AH08,Abrocitinib,5,true
D11AH09,Ruxolitinib,5,true
D11AH10,Lebrikizumab,5,true
D11AH11,Delgocitinib,5,true
D11AH12,Nemolizumab,5,true
D11AX,Otros productos dermatologicos,4,true
D11AX01,Minoxidil,5,true
D11AX02,Acido gamolenico,5,true
D11AX03,Gluconato de calcio,5,true
D11AX04,Succinato de litio,5,true
D11AX05,Sulfato de magnesio,5,true
D11AX06,Mequinol,5,true
D11AX08,Tiratricol,5,true
D11AX09,Oxaceprol,5,true
D11AX10,Finasterida,5,true
D11AX11,Hidroquinona,5,true
D11AX12,Piritiona cincica,5,true
D11AX13,Monobenzona,5,true
D11AX14,Tacrolimus,5,true
D11AX15,Pimecrolimus,5,true
D11AX16,Eflornitina,5,true
D11AX17,Cromoglicico acido,5,true
D11AX18,Diclofenaco,5,true
D11AX19,Alitretinoina,5,true
D11AX21,Brimonidina,5,true
D11AX22,Ivermectina,5,true
D11AX24,Acido desoxicolico,5,true
D11AX52,"Gamolenico acido, combinaciones con",5,true
D11AX57,"Colageno, combinaciones con",5,true
D11AX91,Acetil paraminobenzoico acido (Acedoben),5,true
G,SISTEMA GENITOURINARIO Y HORMONAS SEXUALES,1,true
G01,ANTIINFECCIOSOS Y ANTISEPTICOS GINECOLOGICOS,2,true
G01A,ANTIINFECCIOSOS Y ANTISEPTICOS EXCLUYENDO COMBINACIONES CON CORTICOSTEROIDES,3,true
G01AA,Antibioticos,4,true
G01AA01,Nistatina,5,true
G01AA02,Natamicina,5,true
G01AA03,Amfotericina B,5,true
G01AA04,Candicidina,5,true
G01AA05,Cloranfenicol,5,true
G01AA06,Hachimicina,5,true
G01AA07,Oxitetraciclina,5,true
G01AA08,Carfecilina,5,true
G01AA09,Mepartricina,5,true
G01AA10,Clindamicina,5,true
G01AA11,Pentamicina,5,true
G01AA51,"Nistatina, combinaciones con",5,true
G01AA91,Amfotericina B y tetracaina combinaciones con,5,true
G01AA92,"Neomicina, polimixina y metronidazol, combinaciones con",5,true
G01AB,Compuestos de arsenico,4,true
G01AB01,Acetarsol,5,true
G01AC,Derivados de la quinolina,4,true
G01AC01,Diiodohidroxiquinoleina,5,true
G01AC02,Clioquinol,5,true
G01AC03,Clorquinaldol,5,true
G01AC05,"Decualinio, cloruro",5,true
G01AC06,Broxiquinolina,5,true
G01AC30,Oxiquinolina,5,true
G01AC53,Clorquinaldol combinaciones con,5,true
G01AD,Acidos organicos,4,true
G01AD01,Acido lactico,5,true
G01AD02,Acido acetico,5,true
G01AD03,Acido ascorbico,5,true
G01AE,Sulfonamidas,4,true
G01AE01,Sulfatolamida,5,true
G01AE10,"Sulfonamidas, combinaciones de",5,true
G01AF,Derivados imidazolicos,4,true
G01AF01,Metronidazol,5,true
G01AF02,Clotrimazol,5,true
G01AF04,Miconazol,5,true
G01AF05,Econazol,5,true
G01AF06,Ornidazol,5,true
G01AF07,Isoconazol,5,true
G01AF08,Tioconazol,5,true
G01AF11,Ketoconazol,5,true
G01AF12,Fenticonazol,5,true
G01AF13,Azanidazol,5,true
G01AF14,Propenidazol,5,true
G01AF15,Butoconazol,5,true
G01AF16,Omoconazol,5,true
G01AF17,Oxiconazol,5,true
G01AF18,Flutrimazol,5,true
G01AF19,Sertaconazol,5,true
G01AF20,Combinaciones de derivados imidazolicos,5,true
G01AF55,"Econazol, combinaciones",5,true
G01AF91,Sertaconazol,5,true
G01AG,Derivados triazolicos,4,true
G01AG02,Terconazol,5,true
G01AX,Otros antiinfecciosos y antisepticos,4,true
G01AX01,Clodantoina,5,true
G01AX02,Inosina,5,true
G01AX03,Policresuleno,5,true
G01AX05,Nifuratel,5,true
G01AX06,Furazolidona,5,true
G01AX09,Metilrosanilina,5,true
G01AX11,Povidona iodada,5,true
G01AX12,Ciclopirox,5,true
G01AX13,Protiofato,5,true
G01AX14,"Lactobacilo, fermento",5,true
G01AX15,Usnato de cobre,5,true
G01AX66,"Octenidina, combinaciones",5,true
G01AX91,"Benzalconio cloruro de, aluminio y potasio sulfato, combinac",5,true
G01B,ANTIINFECCIOSOS Y ANTISEPTICOS EN COMBINACION CON CORTICOSTEROIDES,3,true
G01BA,Antibioticos con corticosteroides,4,true
G01BA91,Neomicina con corticosteroides,5,true
G01BC,Derivados de la quinolina con corticosteroides,4,true
G01BD,Antisepticos con corticosteroides,4,true
G01BE,Sulfonamidas con corticosteroides,4,true
G01BF,Derivados imidazolicos con corticosteroides,4,true
G02A,Uterotonicos,3,true
G02AB,Alcaloides del ergot,4,true
G02AB01,Metilergometrina,5,true
G02AB02,Alcaloides del cornezuelo de centeno,5,true
G02AB03,Ergometrina,5,true
G02AC,"Alcaloides del ergot y oxitocina, incluyendo analogos, en combinacion",4,true
G02AC01,Metilergometrina y oxitocina,5,true
G02AD,Prostaglandinas,4,true
G02AD01,Dinoprost,5,true
G02AD02,Dinoprostona,5,true
G02AD03,Gemeprost,5,true
G02AD04,Carboprost,5,true
G02AD05,Sulprostona,5,true
G02AD06,Misoprostol,5,true
G02AX,Otros uterotonicos,4,true
G02B,ANTICONCEPTIVOS PARA USO TOPICO,3,true
G02BA,Anticonceptivos intrauterinos,4,true
G02BA01,DIU de plastico,5,true
G02BA02,DIU de plastico con cobre,5,true
G02BA03,DIU de plastico con progestageno,5,true
G02BB,Anticonceptivos intravaginales,4,true
G02BB01,Anillo vaginal con progestageno y estrogeno,5,true
G02BB02,Anillo vaginal con progestageno,5,true
G02CA,Simpaticomimeticos que inhiben el trabajo de parto,4,true
G02CA01,Ritodrina,5,true
G02CA02,Bufenina,5,true
G02CA03,Fenoterol,5,true
G02CB,Inhibidores de la prolactina,4,true
G02CB01,Bromocriptina,5,true
G02CB02,Lisurida,5,true
G02CB03,Cabergolina,5,true
G02CB04,Quinagolida,5,true
G02CB05,Metergolina,5,true
G02CB06,Tergurida,5,true
G02CC,Productos antiinflamatorios para administracion vaginal,4,true
G02CC02,Naproxeno,5,true
G02CC03,Bencidamina,5,true
G02CC04,Flunoxaprofeno,5,true
G02CC91,Tetridamina,5,true
G02CX01,Atosiban,5,true
G02CX03,Vitex agnus castus fruto,5,true
G02CX04,Rizoma de Cimicifuga,5,true
G02CX06,Fezolinetant,5,true
G02CX07,Elinzanetant,5,true
G03,HORMONAS SEXUALES Y MODULADORES DEL SISTEMA GENITAL,2,true
G03A,ANTICONCEPTIVOS HORMONALES PARA USO SISTEMICO,3,true
G03AA,"Progestagenos y estrogenos, preparados de dosis fijas",4,true
G03AA01,Etinodiol y estrogeno,5,true
G03AA02,Quingestanol y estrogeno,5,true
G03AA03,Linestrenol y estrogeno,5,true
G03AA04,Megestrol y estrogeno,5,true
G03AA05,Noretisterona y estrogeno,5,true
G03AA06,Norgestrel y estrogeno,5,true
G03AA07,Levonorgestrel y estrogeno,5,true
G03AA08,Medroxiprogesterona y estrogeno,5,true
G03AA09,Desogestrel y estrogeno,5,true
G03AA10,Gestodeno y estrogeno,5,true
G03AA11,Norgestimato y estrogeno,5,true
G03AA12,Drospirenona y estrogeno,5,true
G03AA13,Norelgestromina y estrogeno,5,true
G03AA14,Nomegestrol y estrogeno,5,true
G03AA15,Clormadinona y etinilestradiol,5,true
G03AA16,Dienogest y etinilestradiol,5,true
G03AA18,Drospirenona y estetrol,5,true
G03AA91,Algestona y estrogeno,5,true
G03AA92,Clormadinona asociada a estrogeno,5,true
G03AB,"Progestagenos y estrogenos, preparados secuenciales",4,true
G03AB01,Megestrol y estrogeno,5,true
G03AB02,Linestrenol y estrogeno,5,true
G03AB03,Levonorgestrel y estrogeno,5,true
G03AB04,Noretisterona y estrogeno,5,true
G03AB05,Desogestrel y estrogeno,5,true
G03AB06,Gestodeno y estrogeno,5,true
G03AB07,Clormadinona y etinilestradiol,5,true
G03AB08,Dienogest y estrogeno,5,true
G03AC,Progestagenos,4,true
G03AC01,Noretisterona,5,true
G03AC02,Linestrenol,5,true
G03AC03,Levonorgestrel,5,true
G03AC04,Quingestanol,5,true
G03AC05,Megestrol,5,true
G03AC06,Medroxiprogesterona,5,true
G03AC07,Norgestrienona,5,true
G03AC08,Etonogestrel,5,true
G03AC09,Desogestrel,5,true
G03AC10,Drospirenona,5,true
G03AD,Anticonceptivos de emergencia,4,true
G03AD01,Levonorgestrel,5,true
G03AD02,Ulipristal,5,true
G03B,ANDROGENOS,3,true
G03BA,Derivados del (4) 3-oxoandrosteno,4,true
G03BA01,Fluoximesterona,5,true
G03BA02,Metiltestosterona,5,true
G03BA03,Testosterona,5,true
G03BB,Derivados de la (3) 5-androstanona,4,true
G03BB01,Mesterolona,5,true
G03BB02,Androstanolona,5,true
G03CA,"Estrogenos naturales y semisinteticos, monofarmacos",4,true
G03CA01,Etinilestradiol,5,true
G03CA03,Estradiol,5,true
G03CA04,Estriol,5,true
G03CA06,Clorotrianiseno,5,true
G03CA07,Estrona,5,true
G03CA09,Promestrieno,5,true
G03CA10,Estetrol,5,true
G03CA53,"Estradiol, combinaciones con",5,true
G03CA57,Estrogenos conjugados,5,true
G03CA91,Poliestriol,5,true
G03CA92,Poliestradiol,5,true
G03CB,"Estrogenos sinteticos, monofarmacos",4,true
G03CB03,Metalenestrilo,5,true
G03CC,"Estrogenos, combinaciones con otros farmacos",4,true
G03CC03,Metalenestrilo,5,true
G03CC04,Estrona,5,true
G03CC07,Estrogenos conjugados y bazedoxifeno,5,true
G03CX01,Tibolona,5,true
G03D,PROGESTAGENOS,3,true
G03DA,Derivados del (4) pregneno,4,true
G03DA01,Gestonorona,5,true
G03DA02,Medroxiprogesterona,5,true
G03DA03,Hidroxiprogesterona,5,true
G03DA04,Progesterona,5,true
G03DB,Derivados del pregnadieno,4,true
G03DB01,Dihidrogesterona,5,true
G03DB03,Medrogestona,5,true
G03DB05,Demegestona,5,true
G03DB06,Clormadinona,5,true
G03DB07,Promegestona,5,true
G03DC,Derivados del estreno,4,true
G03DC01,Alilestrenol,5,true
G03DC02,Noretisterona,5,true
G03DC04,Etisterona,5,true
G03DC05,Tibolona,5,true
G03DC31,Metilestrenolona,5,true
G03E,ANDROGENOS Y HORMONAS SEXUALES FEMENINAS EN COMBINACION,3,true
G03EA,Androgenos y estrogenos,4,true
G03EA01,Metiltestosterona y estrogeno,5,true
G03EA02,Testosterona y estrogeno,5,true
G03EA03,Prasterona y estrogeno,5,true
G03EB,"Androgenos, progestagenos y estrogenos en combinacion",4,true
G03EK,Androgenos y hormonas sexuales femeninas en combinacion con otros farmacos,4,true
G03EK01,Metiltestosterona,5,true
G03F,PROGESTAGENOS Y ESTROGENOS EN COMBINACION,3,true
G03FA,"Progestagenos y estrogenos, combinaciones",4,true
G03FA01,Noretisterona y estrogeno,5,true
G03FA02,Hidroxiprogesterona y estrogeno,5,true
G03FA03,Etisterona y estrogeno,5,true
G03FA04,Progesterona y estrogeno,5,true
G03FA05,Metilnortestosterona y estrogeno,5,true
G03FA06,Etinodiol y estrogeno,5,true
G03FA07,Linestrenol y estrogeno,5,true
G03FA08,Megestrol y estrogeno,5,true
G03FA09,Noretinodrel y estrogeno,5,true
G03FA10,Norgestrel y estrogeno,5,true
G03FA11,Levonorgestrel y estrogeno,5,true
G03FA12,Medroxiprogesterona y estrogeno,5,true
G03FA13,Norgestimato y estrogeno,5,true
G03FA14,Didrogesterona y estrogeno,5,true
G03FA15,Dienogest y estrogeno,5,true
G03FA16,Trimegestona y estrogeno,5,true
G03FA17,Drospirenona y estrogeno,5,true
G03FB,"Progestagenos y estrogenos, preparados secuenciales",4,true
G03FB03,Clormadinona y estrogeno,5,true
G03FB05,Noretisterona y estrogeno,5,true
G03FB06,Medroxiprogesterona y estrogeno,5,true
G03FB07,Medrogestona y estrogeno,5,true
G03FB08,Didrogesterona y estrogeno,5,true
G03FB11,Trimegestona y estrogeno,5,true
G03G,GONADOTROFINAS Y OTROS ESTIMULANTES DE LA OVULACION,3,true
G03GA,Gonadotrofinas,4,true
G03GA01,Gonadotrofina corionica,5,true
G03GA02,Gonadotrofina humana de menopausicas,5,true
G03GA03,Gonadotrofina serica,5,true
G03GA04,Urofolitropina,5,true
G03GA05,Folitropina alfa,5,true
G03GA06,Folitropina beta,5,true
G03GA07,Lutropina alfa,5,true
G03GA08,Coriogonadotropina alfa,5,true
G03GA09,Corifolitropina alfa,5,true
G03GA10,Folitropina delta,5,true
G03GA30,Combinaciones,5,true
G03GB,Estimulantes sinteticos de la ovulacion,4,true
G03H,ANTIANDROGENOS,3,true
G03HA,"Antiandrogenos, monofarmacos",4,true
G03HA01,Ciproterona,5,true
G03HB,Antiandrogenos y estrogenos,4,true
G03HB01,Ciproterona y estrogeno,5,true
G03X,OTRAS HORMONAS SEXUALES Y MODULADORES DEL SISTEMA GENITAL,3,true
G03XA,Antigonadotrofinas y agentes similares,4,true
G03XA01,Danazol,5,true
G03XA02,Gestrinona,5,true
G03XB,Moduladores del receptor de progesterona,4,true
G03XB01,Mifepristona,5,true
G03XB02,Ulipristal,5,true
G03XC,Moduladores selectivos del receptor de estrogeno,4,true
G03XC01,Raloxifeno,5,true
G03XC02,Bazedoxifeno,5,true
G03XC03,Lasofoxifeno,5,true
G03XX,Otras hormonas sexuales y moduladores del sistema genital,4,true
G03XX01,Prasterona,5,true
G04B,"OTROS PRODUCTOS DE USO UROLOGICO, INCLUYENDO ANTIESPASMODICOS",3,true
G04BA,Acidificantes,4,true
G04BA01,Cloruro de amonio,5,true
G04BA03,Cloruro de calcio,5,true
G04BC,Solventes de concreciones urinarias,4,true
G04BC91,"Potasio, citrato de",5,true
G04BC92,"Potasio citrato  y citrico acido, combinaciones con",5,true
G04BD,Antiespasmodicos urinarios,4,true
G04BD02,Flavoxato,5,true
G04BD03,Meladrazina,5,true
G04BD04,Oxibutinina,5,true
G04BD05,Terodilina,5,true
G04BD06,Propiverina,5,true
G04BD07,Tolterodina,5,true
G04BD08,Solifenacina,5,true
G04BD10,Darifenacina,5,true
G04BD11,Fesoterodina,5,true
G04BD12,Mirabegron,5,true
G04BD13,Desfesoterodina,5,true
G04BD92,Antiespasmodicos urinarios combinaciones con,5,true
G04BE,Farmacos usados en disfuncion erectil,4,true
G04BE01,Alprostadil,5,true
G04BE02,Papaverina,5,true
G04BE03,Sildenafilo,5,true
G04BE04,Yohimbina,5,true
G04BE05,Fentolamina,5,true
G04BE06,Moxisilita,5,true
G04BE07,Apomorfina,5,true
G04BE08,Tadalafilo,5,true
G04BE09,Vardenafilo,5,true
G04BE10,Avanafilo,5,true
G04BE30,Combinaciones,5,true
G04BE52,"Papaverina, combinaciones con",5,true
G04BX01,Hidroxido de magnesio,5,true
G04BX03,Acido acetohidroxamico,5,true
G04BX06,Fenazopiridina,5,true
G04BX10,Succinimida,5,true
G04BX11,Colageno,5,true
G04BX12,Salicilato de fenilo,5,true
G04BX14,Dapoxetina,5,true
G04BX15,Pentosan polisulfato de sodio,5,true
G04BX16,Tiopronina,5,true
G04BX91,Lespedeza capitata,5,true
G04BX92,"Quercus lusitanica, extracto de",5,true
G04BX93,Rubia tinctorum combinaciones con,5,true
G04C,FARMACOS USADOS EN LA HIPERTROFIA PROSTATICA BENIGNA,3,true
G04CA,Antagonistas de los receptores alfa adrenergicos,4,true
G04CA01,Alfuzosina,5,true
G04CA02,Tamsulosina,5,true
G04CA03,Terazosina,5,true
G04CA04,Silodosina,5,true
G04CA51,Alfuzosina y finasterida,5,true
G04CA52,Tamsulosina y dutasterida,5,true
G04CA53,Tamsulosina y solifenacina,5,true
G04CA54,Tamsulosina y  tadalafilo,5,true
G04CB,Inhibidores de la testosterona 5-alfa reductasa,4,true
G04CB01,Finasterida,5,true
G04CB02,Dutasterida,5,true
G04CB51,Finasterida y tadalafilo,5,true
G04CX,Otros farmacos usados en la hipertrofia prostatica benigna,4,true
G04CX01,Prunus africanae cortex,5,true
G04CX02,Sabalis serrulatae fructus,5,true
G04CX03,Mepartricina,5,true
G04CX51,Pygeum africanum combinaciones con,5,true
G04CX52,Serenoa repens combinaciones con,5,true
G04CX91,"Prostata, extracto de",5,true
G04CX92,"Antiadenoma prostata, extracto de, combinaciones con",5,true
H,"PREPARADOS HORMONALES SISTEMICOS, EXCLUYENDO HORMONAS SEXUALES E INSULINAS",1,true
H01,HORMONAS HIPOFISARIAS E HIPOTALAMICAS Y SUS ANALOGOS,2,true
H01A,HORMONAS DEL LOBULO ANTERIOR DE LA HIPOFISIS Y SUS ANALOGOS,3,true
H01AA,ACTH,4,true
H01AA01,Corticotropina,5,true
H01AA02,Tetracosactida,5,true
H01AB,Tirotropina,4,true
H01AB01,Tirotropina alfa,5,true
H01AC,Somatropina y agonistas de la somatropina,4,true
H01AC01,Somatropina,5,true
H01AC02,Somatrem,5,true
H01AC03,Mecasermina,5,true
H01AC04,Sermorelina,5,true
H01AC05,Mecasermina rinfabato,5,true
H01AC06,Tesamorelina,5,true
H01AC07,Somapacitan,5,true
H01AC08,Somatrogon,5,true
H01AX,Otras hormonas del lobulo anterior de la hipofisis y sus analogos,4,true
H01AX01,Pegvisomat,5,true
H01B,HORMONAS DEL LOBULO POSTERIOR DE LA HIPOFISIS,3,true
H01BA,Vasopresina y analogos,4,true
H01BA01,Vasopresina (argipresina),5,true
H01BA02,Desmopresina,5,true
H01BA03,Lipresina,5,true
H01BA04,Terlipresina,5,true
H01BA05,Ornipresina,5,true
H01BA06,Argipresina,5,true
H01BB,Oxitocina y analogos,4,true
H01BB01,Demoxitocina,5,true
H01BB02,Oxitocina,5,true
H01BB03,Carbetocina,5,true
H01C,HORMONAS HIPOTALAMICAS,3,true
H01CA,Hormonas liberadoras de gonadotrofinas,4,true
H01CA01,Gonadorelina,5,true
H01CA02,Nafarelina,5,true
H01CA03,Histrelina,5,true
H01CB,Somatostatina y sus analogos,4,true
H01CB01,Somatostatina,5,true
H01CB02,Octreotida,5,true
H01CB03,Lanreotida,5,true
H01CB04,Vapreotida,5,true
H01CB05,Pasireotida,5,true
H01CB06,Paltusotina,5,true
H01CC,Hormonas liberadoras de antigonadotrofinas,4,true
H01CC01,Ganirelix,5,true
H01CC04,Linzagolix,5,true
H01CC54,"Relugolix, estradiol y norestisterona",5,true
H02,CORTICOSTEROIDES PARA USO SISTEMICO,2,true
H02A,"CORTICOSTEROIDES PARA USO SISTEMICO, MONOFARMACOS",3,true
H02AA,Mineralocorticoides,4,true
H02AA01,Aldosterona,5,true
H02AA02,Fludrocortisona,5,true
H02AA03,Desoxicortona,5,true
H02AB,Glucocorticoides,4,true
H02AB01,Betametasona,5,true
H02AB02,Dexametasona,5,true
H02AB03,Fluocortolona,5,true
H02AB04,Metilprednisolona,5,true
H02AB05,Parametasona,5,true
H02AB06,Prednisolona,5,true
H02AB07,Prednisona,5,true
H02AB08,Triamcinolona,5,true
H02AB09,Hidrocortisona,5,true
H02AB10,Cortisona,5,true
H02AB11,Prednilideno,5,true
H02AB12,Rimexolona,5,true
H02AB13,Deflazacort,5,true
H02AB14,Cloprednol,5,true
H02AB15,Meprednisona,5,true
H02AB16,Budesonida,5,true
H02AB17,Cortivazol,5,true
H02AB18,Vamorolona,5,true
H02B,"CORTICOSTEROIDES PARA USO SISTEMICO, COMBINACIONES",3,true
H02BX,"Corticosteroides para uso sistemico, combinaciones",4,true
H02BX01,"Metilprednisolona, combinaciones con",5,true
H02BX91,"Betametasona y dexclorfeniramina, combinaciones con",5,true
H02BX92,"Dexametasona y clemastina, combinaciones con",5,true
H02BX93,"Prednisolona y clorfenamina, combinaciones con",5,true
H02C,PREPARADOS CONTRA LAS HORMONAS ADRENALES,3,true
H02CA,Anticorticosteroides,4,true
H02CA01,Trilostano,5,true
H02CA02,Osilodrostat,5,true
H03,TERAPIA TIROIDEA,2,true
H03A,PREPARADOS DE HORMONA TIROIDEA,3,true
H03AA,Hormonas tiroideas,4,true
H03AA01,Levotiroxina sodica,5,true
H03AA02,Liotironina sodica,5,true
H03AA03,"Levotiroxina y liotironina, combinaciones de",5,true
H03AA04,Tiratricol,5,true
H03AA05,"Glandula tiroides, preparados de",5,true
H03AA51,levotiroxina sodica y compuestos de iodo,5,true
H03AA91,Tiroglobulina,5,true
H03B,PREPARADOS ANTITIROIDEOS,3,true
H03BA,Tiouracilos,4,true
H03BA01,Metiltiouracilo,5,true
H03BA02,Propiltiouracilo,5,true
H03BA03,Benciltiouracilo,5,true
H03BB,Derivados imidazolicos que contienen azufre,4,true
H03BB01,Carbimazol,5,true
H03BB02,Tiamazol,5,true
H03BB52,"Tiamazol, combinaciones con",5,true
H03BC,Percloratos,4,true
H03BC01,Perclorato de potasio,5,true
H03BX,Otros preparados antitiroideos,4,true
H03BX01,Diioodotirosina,5,true
H03BX02,Dibromotirosina,5,true
H03C,TERAPIA CON IODO,3,true
H03CA,Terapia con iodo,4,true
H03CA91,Ioduro potasico,5,true
H04,HORMONAS PANCREATICAS,2,true
H04A,HORMONAS GLUCOGENOLITICAS,3,true
H04AA,Hormonas glucogenoliticas,4,true
H04AA01,Glucagon,5,true
H04AA02,dasiglucagon,5,true
H05,HOMEOSTASIS DEL CALCIO,2,true
H05A,HORMONAS PARATIROIDEAS Y ANALOGOS,3,true
H05AA,Hormonas paratiroideas y analogos,4,true
H05AA01,"Paratiroideas, extracto de glandula",5,true
H05AA02,Teriparatida,5,true
H05AA03,Hormonas paratiroideas,5,true
H05AA04,Abaloparatida,5,true
H05AA05,Palopegteriparatida,5,true
H05B,AGENTES ANTIPARATIROIDEOS,3,true
H05BA,Preparados con calcitonina,4,true
H05BA01,"Calcitonina (de salmon, sintetica)",5,true
H05BA02,"Calcitonina (porcina, natural)",5,true
H05BA03,"Calcitonina (humana, sintetica)",5,true
H05BA04,Elcatonina,5,true
H05BX,Otros agentes antiparatiroideos,4,true
H05BX01,Cinacalcet,5,true
H05BX02,Paricalcitol,5,true
H05BX03,Doxercalciferol,5,true
H05BX04,Etelcalcetida,5,true
H05BX05,Calcifediol,5,true
J,ANTIINFECCIOSOS PARA USO SISTEMICO,1,true
J01,ANTIBACTERIANOS PARA USO SISTEMICO,2,true
J01A,TETRACICLINAS,3,true
J01AA,Tetraciclinas,4,true
J01AA01,Demeclociclina,5,true
J01AA02,Doxiciclina,5,true
J01AA03,Clortetraciclina,5,true
J01AA04,Limeciclina,5,true
J01AA05,Metaciclina,5,true
J01AA06,Oxitetraciclina,5,true
J01AA07,Tetraciclina,5,true
J01AA08,Minociclina,5,true
J01AA09,Rolitetraciclina,5,true
J01AA10,Penimepiciclina,5,true
J01AA11,Clomociclina,5,true
J01AA12,Tigeciclina,5,true
J01AA13,Eravaciclina,5,true
J01AA20,"Tetraciclinas, combinaciones de",5,true
J01AA56,"Oxitetraciclina, combinaciones con",5,true
J01AA91,"Demeclociclina y enzimas, combinaciones con",5,true
J01AA92,"Doxiciclina y enzimas, combinaciones con",5,true
J01AA93,"Limeciclina y enzimas, combinaciones con",5,true
J01AA94,"Tetraciclina y enzimas, combinaciones con",5,true
J01AA95,"Tetraciclina y benzidamida, combinaciones con",5,true
J01B,ANFENICOLES,3,true
J01BA,Anfenicoles,4,true
J01BA01,Cloranfenicol,5,true
J01BA02,Tianfenicol,5,true
J01BA52,"Tianfenicol, combinaciones con",5,true
J01C,"ANTIBACTERIANOS BETALACTAMICOS, PENICILINAS",3,true
J01CA,Penicilinas con espectro ampliado,4,true
J01CA01,Ampicilina,5,true
J01CA02,Pivampicilina,5,true
J01CA03,Carbenicilina,5,true
J01CA04,Amoxicilina,5,true
J01CA05,Carindacilina,5,true
J01CA06,Bacampicilina,5,true
J01CA07,Epicilina,5,true
J01CA08,Pivmecilinam,5,true
J01CA09,Azlocilina,5,true
J01CA10,Mezlocilina,5,true
J01CA11,Mecilinam,5,true
J01CA12,Piperacilina,5,true
J01CA13,Ticarcilina,5,true
J01CA14,Metampicilina,5,true
J01CA15,Talampicilina,5,true
J01CA16,Sulbenicilina,5,true
J01CA17,Temocilina,5,true
J01CA18,Hetacilina,5,true
J01CA19,Aspoxicilina,5,true
J01CA20,Combinaciones,5,true
J01CA51,"Ampicilina, combinaciones con",5,true
J01CA54,Amoxicilina en asociacion,5,true
J01CA64,"Metampicilina, combinaciones con",5,true
J01CA91,"Ampicilina y lisozima, combinaciones con",5,true
J01CA92,"Amoxicilina y probenecid, combinaciones con",5,true
J01CA93,"Ampicilina y ampicilina-benzatina, combinaciones con",5,true
J01CE,Penicilinas sensibles a la betalactamasa,4,true
J01CE01,Bencilpenicilina,5,true
J01CE02,Fenoximetilpenicilina,5,true
J01CE03,Propicilina,5,true
J01CE04,Azidocilina,5,true
J01CE05,Feneticilina,5,true
J01CE06,Penamecilina,5,true
J01CE07,Clometocilina,5,true
J01CE08,Benzatina bencilpenicilina,5,true
J01CE09,Penicilina procaina,5,true
J01CE10,Fenoximetilpenicilina benzatina,5,true
J01CE30,Combinaciones,5,true
J01CE91,"Bencilpenicilina y bencilpenicilina-procaina, combinaciones",5,true
J01CE92,"Bencilpenicilina y bencilpenicilina-clemizol, combinaciones",5,true
J01CE93,"Bencilpenicilina, bencilpenicilina-benzatina y bencilpenicil",5,true
J01CE94,"Bencilpenicilina, fenoximetilpenicilina y bencilpenicilina-b",5,true
J01CF,Penicilinas resistentes a la betalactamasa,4,true
J01CF01,Dicloxacilina,5,true
J01CF02,Cloxacilina,5,true
J01CF03,Meticilina,5,true
J01CF04,Oxacilina,5,true
J01CF05,Flucloxacilina,5,true
J01CG,Inhibidores de la betalactamasa,4,true
J01CG01,Sulbactam,5,true
J01CG02,Tazobactam,5,true
J01CG30,Sulbactam y durlobactam,5,true
J01CR,"Combinaciones de penicilinas, incluyendo inhibidores de la betalactamasa",4,true
J01CR01,Ampicilina e inhibidores de la betalactamasa,5,true
J01CR02,Amoxicilina e inhibidores de la betalactamasa,5,true
J01CR03,Ticarcilina e inhibidores de la betalactamasa,5,true
J01CR04,Sultamicilina,5,true
J01CR05,Piperacilina e inhibidores de la betalactamasa,5,true
J01CR50,Combinaciones de penicilinas,5,true
J01D,OTROS ANTIBACTERIANOS BETALACTAMICOS,3,true
J01DB,Cefalosporinas de primera generacion,4,true
J01DB01,Cefalexina,5,true
J01DB02,Cefaloridina,5,true
J01DB03,Cefalotina,5,true
J01DB04,Cefazolina,5,true
J01DB05,Cefadroxilo,5,true
J01DB06,Cefazedona,5,true
J01DB07,Cefatrizina,5,true
J01DB08,Cefapirina,5,true
J01DB09,Cefradina,5,true
J01DB10,Cefacetrilo,5,true
J01DB11,Cefroxadina,5,true
J01DC,Cefalosporinas de segunda generacion,4,true
J01DC01,Cefoxitina,5,true
J01DC02,Cefuroxima,5,true
J01DC03,Cefamandol,5,true
J01DC04,Cefaclor,5,true
J01DC05,Cefotetan,5,true
J01DC06,Cefonicida,5,true
J01DC07,Cefotiam,5,true
J01DC08,Loracarbef,5,true
J01DC09,Cefmetazol,5,true
J01DC11,Ceforanida,5,true
J01DC13,Cefbuperazona,5,true
J01DD,Cefalosporinas de tercera generacion,4,true
J01DD01,Cefotaxima,5,true
J01DD02,Ceftazidima,5,true
J01DD03,Cefsulodina,5,true
J01DD04,Ceftriaxona,5,true
J01DD05,Cefmenoxima,5,true
J01DD06,Latamoxef,5,true
J01DD07,Ceftizoxima,5,true
J01DD08,Cefixima,5,true
J01DD09,Cefodizima,5,true
J01DD10,Cefetamet,5,true
J01DD11,Cefpiramida,5,true
J01DD12,Cefoperazona,5,true
J01DD13,Cefpodoxima,5,true
J01DD17,Cefcapeno,5,true
J01DD51,Cefotaxima e inhibidores de la betalactamasa,5,true
J01DD52,Ceftazidima e inhibidores de la betalactamasa,5,true
J01DD54,"Ceftriaxona, combinaciones con",5,true
J01DD62,Cefoperazona e inhibidores de la betalactamasa,5,true
J01DD63,Ceftriaxona e inhibidores de la betalactamasa,5,true
J01DE,Cefalosporinas de cuarta generacion,4,true
J01DE01,Cefepima,5,true
J01DE02,Cefpiroma,5,true
J01DE03,Cefozopran,5,true
J01DE51,Cefepima e inihibidores de la betalactamasa,5,true
J01DF,Monobactamicos,4,true
J01DF01,Aztreonam,5,true
J01DF02,Carumonam,5,true
J01DF51,Aztreonam e inihibidores de la betalactamasa,5,true
J01DH,Derivados del carbapenem,4,true
J01DH03,Ertapenem,5,true
J01DH05,Biapenem,5,true
J01DH51,Imipenem y cilastatina,5,true
J01DH52,Meropenem y vaborbactam,5,true
J01DH55,Panipenem y betamipron,5,true
J01DH56,"Imipenem,cilastatina y relebactam",5,true
J01DI,Otras cefalosporinas,4,true
J01DI01,Ceftobiprol medocarilo,5,true
J01DI02,Ceftarolina fosamilo,5,true
J01DI54,Ceftolozano e inhibidores de la betalactamasa,5,true
J01E,SULFONAMIDAS Y TRIMETOPRIMA,3,true
J01EA,Trimetoprima y derivados,4,true
J01EA01,Trimetoprima,5,true
J01EA02,Brodimoprima,5,true
J01EA03,Iclaprim,5,true
J01EB,Sulfonamidas de accion corta,4,true
J01EB01,Sulfasomidina,5,true
J01EB02,Sulfametizol,5,true
J01EB03,Sulfadimidina,5,true
J01EB04,Sulfapiridina,5,true
J01EB05,Sulfafurazol,5,true
J01EB06,Sulfanilamida,5,true
J01EB07,Sulfatiazol,5,true
J01EB08,Sulfatiourea,5,true
J01EB20,Combinaciones,5,true
J01EC,Sulfonamidas de accion intermedia,4,true
J01EC01,Sulfametoxazol,5,true
J01EC02,Sulfadiazina,5,true
J01EC03,Sulfamoxol,5,true
J01EC20,Combinaciones,5,true
J01ED,Sulfonamidas de accion larga,4,true
J01ED01,Sulfadimetoxina,5,true
J01ED02,Sulfaleno,5,true
J01ED03,Sulfametomidina,5,true
J01ED04,Sulfametoxidiazina,5,true
J01ED05,Sulfametoxipiridazina,5,true
J01ED06,Sulfaperina,5,true
J01ED07,Sulfamerazina,5,true
J01ED08,Sulfafenazol,5,true
J01ED09,Sulfamazona,5,true
J01ED20,Combinaciones,5,true
J01EE,"Combinaciones de sulfonamidas y trimetoprima, incluyendo derivados",4,true
J01EE01,Sulfametoxazol y trimetoprima,5,true
J01EE02,Sulfadiazina y trimetoprima,5,true
J01EE03,Sulfametrol y trimetoprima,5,true
J01EE04,Sulfamoxol y trimetoprima,5,true
J01EE05,Sulfadimidina y trimetoprima,5,true
J01EE06,Sulfadiazina y tetroxoprima,5,true
J01EE07,Sulfamerazina y trimetoprima,5,true
J01F,"MACROLIDOS, LINCOSAMIDAS Y ESTREPTOGRAMINAS",3,true
J01FA,Macrolidos,4,true
J01FA01,Eritromicina,5,true
J01FA02,Espiramicina,5,true
J01FA03,Midecamicina,5,true
J01FA05,Oleandomicina,5,true
J01FA06,Roxitromicina,5,true
J01FA07,Josamicina,5,true
J01FA08,Troleandomicina,5,true
J01FA09,Claritromicina,5,true
J01FA10,Azitromicina,5,true
J01FA11,Miocamicina,5,true
J01FA12,Rokitamicina,5,true
J01FA13,Diritromicina,5,true
J01FA14,Fluritromicina,5,true
J01FA15,Telitromicina,5,true
J01FA17,Nafitromicina,5,true
J01FF,Lincosamidas,4,true
J01FF01,Clindamicina,5,true
J01FF02,Lincomicina,5,true
J01FG,Estreptograminas,4,true
J01FG01,Pristinamicina,5,true
J01FG02,Quinupristina/dalfopristina,5,true
J01G,AMINOGLUCOSIDOS ANTIBACTERIANOS,3,true
J01GA,Estreptomicinas,4,true
J01GA01,Estreptomicina,5,true
J01GA02,Estreptomicina/Dihidroestreptomicina,5,true
J01GA91,Dihidroestreptomicina,5,true
J01GB,Otros aminoglucosidos,4,true
J01GB01,Tobramicina,5,true
J01GB03,Gentamicina,5,true
J01GB04,Kanamicina,5,true
J01GB05,Neomicina,5,true
J01GB06,Amikacina,5,true
J01GB07,Netilmicina,5,true
J01GB08,Sisomicina,5,true
J01GB09,Dibekacina,5,true
J01GB10,Ribostamicina,5,true
J01GB11,Isepamicina,5,true
J01GB12,Arbekacina,5,true
J01GB13,Bekanamicina,5,true
J01M,QUINOLONAS ANTIBACTERIANAS,3,true
J01MA,Fluoroquinolonas,4,true
J01MA01,Ofloxacino,5,true
J01MA02,Ciprofloxacino,5,true
J01MA03,Pefloxacino,5,true
J01MA04,Enoxacino,5,true
J01MA05,Temafloxacino,5,true
J01MA06,Norfloxacino,5,true
J01MA07,Lomefloxacino,5,true
J01MA08,Fleroxacino,5,true
J01MA09,Esparfloxacino,5,true
J01MA10,Rufloxacino,5,true
J01MA11,Grepafloxacino,5,true
J01MA12,Levofloxacino,5,true
J01MA13,Trovafloxacino,5,true
J01MA14,Moxifloxacino,5,true
J01MA15,Gemifloxacino,5,true
J01MA16,Gatifloxacino,5,true
J01MA17,Prulifloxacino,5,true
J01MA18,Pazufloxacino,5,true
J01MA19,Garenoxacino,5,true
J01MA21,Sitafloxacino,5,true
J01MA23,Delafloxacino,5,true
J01MB,Otras quinolonas,4,true
J01MB01,Rosoxacino,5,true
J01MB02,Acido nalidixico,5,true
J01MB03,Acido piromidico,5,true
J01MB04,Acido pipemidico,5,true
J01MB05,Acido oxolinico,5,true
J01MB06,Cinoxacino,5,true
J01MB07,Flumequina,5,true
J01R,COMBINACIONES DE ANTIBACTERIANOS,3,true
J01RA,Combinaciones de antibacterianos,4,true
J01RA01,"Penicilinas, combinacion con otros antibacterianos",5,true
J01RA02,"Sulfonamidas, combinacion con otros antibacterianos (excluyendo trimetoprima)",5,true
J01RA03,"Cefuroxima, combinacion con otros antibacterianos",5,true
J01RA04,"Espiramicina, combinacion con otros antibacterianos",5,true
J01RA14,Norfloxacino y metronidazol,5,true
J01RA15,Cefixima y ornidazol,5,true
J01RA16,cefixima y azitromicina,5,true
J01RA91,"Eritromicina y fosfomicina, combinaciones con",5,true
J01X,OTROS ANTIBACTERIANOS,3,true
J01XA,Glicopeptidos antibacterianos,4,true
J01XA01,Vancomicina,5,true
J01XA02,Teicoplanina,5,true
J01XA03,Telavancina,5,true
J01XA04,Dalbavancina,5,true
J01XA05,Oritavancina,5,true
J01XB,Polimixinas,4,true
J01XB01,Colistina,5,true
J01XB02,Polimixina B,5,true
J01XC,Esteroides antibacterianos,4,true
J01XC01,Acido fusidico,5,true
J01XD,Derivados imidazolicos,4,true
J01XD01,Metronidazol,5,true
J01XD02,Tinidazol,5,true
J01XD03,Ornidazol,5,true
J01XE,Derivados del nitrofurano,4,true
J01XE01,Nitrofurantoina,5,true
J01XE03,Furazidina,5,true
J01XX,Otros antibacterianos,4,true
J01XX01,Fosfomicina,5,true
J01XX04,Espectinomicina,5,true
J01XX05,Metenamina,5,true
J01XX06,Acido mandelico,5,true
J01XX07,Nitroxolina,5,true
J01XX09,Daptomicina,5,true
J01XX10,Bacitracina,5,true
J01XX13,Gepotidacina,5,true
J02,ANTIMICOTICOS PARA USO SISTEMICO,2,true
J02A,ANTIMICOTICOS PARA USO SISTEMICO,3,true
J02AA,Antibioticos,4,true
J02AA01,Amfotericina B,5,true
J02AA02,Hachimicina,5,true
J02AB,Derivados imidazolicos,4,true
J02AB01,Miconazol,5,true
J02AB02,Ketoconazol,5,true
J02AC,Derivados del triazol y tetrazol,4,true
J02AC01,Fluconazol,5,true
J02AC02,Itraconazol,5,true
J02AC03,Voriconazol,5,true
J02AC04,Posaconazol,5,true
J02AC05,Isavuconazol,5,true
J02AC06,Oteseconazol,5,true
J02AX,Otros antimicoticos para uso sistemico,4,true
J02AX01,Flucitosina,5,true
J02AX04,Caspofungina,5,true
J02AX05,Micafungina,5,true
J02AX06,Anidulafungina,5,true
J02AX07,ibrexafungerp,5,true
J02AX08,Acetato de rezafungina,5,true
J04,ANTIMICOBACTERIAS,2,true
J04A,FARMACOS PARA EL TRATAMIENTO DE LA TUBERCULOSIS,3,true
J04AA,Acido aminosalicilico y derivados,4,true
J04AA01,Acido aminosalicilico,5,true
J04AA02,Aminosalicilato de sodio,5,true
J04AA03,Aminosalicilato de calcio,5,true
J04AB,Antibioticos,4,true
J04AB01,Cicloserina,5,true
J04AB02,Rifampicina,5,true
J04AB03,Rifamicina,5,true
J04AB04,Rifabutina,5,true
J04AB05,Rifapentina,5,true
J04AB30,Capreomicina,5,true
J04AC,Hidrazidas,4,true
J04AC01,Isoniazida,5,true
J04AC51,"Isoniazida, combinaciones con",5,true
J04AC91,"Isoniazida y piridoxina, combinaciones con",5,true
J04AC92,"Isoniazida y corticosteroide, combinaciones con",5,true
J04AC93,Pasiniazida,5,true
J04AC94,"Pasiniazida y piridoxina, combinaciones con",5,true
J04AC95,"Pasiniazida y corticosteroide, combinaciones con",5,true
J04AD,Derivados de la tiocarbamida,4,true
J04AD01,Protionamida,5,true
J04AD02,Tiocarlida,5,true
J04AD03,Etionamida,5,true
J04AK,Otros farmacos para el tratamiento de la tuberculosis,4,true
J04AK01,Pirazinamida,5,true
J04AK02,Etambutol,5,true
J04AK03,Terizidona,5,true
J04AK04,Morinamida,5,true
J04AK05,Bedaquilina,5,true
J04AK06,Delamanid,5,true
J04AK07,Tioacetazona,5,true
J04AK08,Pretomanid,5,true
J04AM,Combinaciones de farmacos para el tratamiento de la tuberculosis,4,true
J04AM01,Estreptomicina e isoniazida,5,true
J04AM02,Rifampicina e isoniazida,5,true
J04AM03,Etambutol e isoniazida,5,true
J04AM04,Tioacetazona e isoniazida,5,true
J04AM05,"Rifampicina, pirazinamida e isoniazida",5,true
J04AM06,"Rifampicina, pirazinamida, etambutol e isoniazida",5,true
J04B,FARMACOS PARA EL TRATAMIENTO DE LA LEPRA,3,true
J04BA,Farmacos para el tratamiento de la lepra,4,true
J04BA01,Clofazimina,5,true
J04BA02,Dapsona,5,true
J04BA03,Aldesulfona sodica,5,true
J04BA50,dapsona y rifampicina,5,true
J04BA51,"dapsona, rifampicina y clofazimina",5,true
J04BA91,Vadrina,5,true
J05,ANTIVIRALES DE USO SISTEMICO,2,true
J05A,ANTIVIRALES DE ACCION DIRECTA,3,true
J05AA,Tiosemicarbazonas,4,true
J05AA01,Metisazona,5,true
J05AB,"Nucleosidos y nucleotidos, excluyendo inhibidores de la transcriptasa inversa",4,true
J05AB01,Aciclovir,5,true
J05AB02,Idoxuridina,5,true
J05AB03,Vidarabina,5,true
J05AB06,Ganciclovir,5,true
J05AB09,Famciclovir,5,true
J05AB11,Valaciclovir,5,true
J05AB12,Cidofovir,5,true
J05AB13,Penciclovir,5,true
J05AB14,Valganciclovir,5,true
J05AB15,Brivudina,5,true
J05AB16,Remdesivir,5,true
J05AB17,Brincidofovir,5,true
J05AB18,Molnupiravir,5,true
J05AB54,"Ribavirina, combinaciones",5,true
J05AC,Aminas ciclicas,4,true
J05AC02,Rimantadina,5,true
J05AC03,Tromantadina,5,true
J05AC91,Amantadina,5,true
J05AD,Derivados del acido fosfonico,4,true
J05AD01,Foscarnet,5,true
J05AD02,Fosfonet,5,true
J05AE,Inhibidores de proteasa,4,true
J05AE01,Saquinavir,5,true
J05AE02,Indinavir,5,true
J05AE03,Ritonavir,5,true
J05AE04,Nelfinavir,5,true
J05AE05,Amprenavir,5,true
J05AE06,Lopinavir,5,true
J05AE07,Fosamprenavir,5,true
J05AE08,Atazanavir,5,true
J05AE09,Tipranavir,5,true
J05AE10,Darunavir,5,true
J05AE16,Ensitrelvir,5,true
J05AE30,Nirmatrelvir y Ritonavir,5,true
J05AF,Nucleosidos y nucleotidos inhibidores de la transcriptasa inversa,4,true
J05AF01,Zidovudina,5,true
J05AF02,Didanosina,5,true
J05AF03,Zalcitabina,5,true
J05AF04,Estavudina,5,true
J05AF05,Lamivudina,5,true
J05AF06,Abacavir,5,true
J05AF07,Tenofovir disoproxilo,5,true
J05AF08,Adefovir dipivoxilo,5,true
J05AF09,Emtricitabina,5,true
J05AF10,Entecavir,5,true
J05AF11,Telbivudina,5,true
J05AF12,Clevudina,5,true
J05AF13,Tenofovir alafenamida,5,true
J05AF30,Combinaciones,5,true
J05AF91,Zidovudina y lamivudina,5,true
J05AF92,"Zidovudina, lamivudina y abacavir",5,true
J05AF93,Abacavir y lamivudina,5,true
J05AF94,Emtricitabina y tenofovir disoproxilo,5,true
J05AG,Inhibidores no nucleosidicos de la transcriptasa inversa,4,true
J05AG01,Nevirapina,5,true
J05AG02,Delavirdina,5,true
J05AG03,Efavirenz,5,true
J05AG04,Etravirina,5,true
J05AG05,Rilpivirina,5,true
J05AG06,Doravirina,5,true
J05AH,Inhibidores de la neuramidasa,4,true
J05AH01,Zanamivir,5,true
J05AH02,Oseltamivir,5,true
J05AJ,Inhibidores de la integrasa,4,true
J05AJ01,Raltegravir,5,true
J05AJ02,Elvitegravir,5,true
J05AJ03,Dolutegravir,5,true
J05AJ04,Cabotegravir,5,true
J05AP,Antivirales para el tratamiento de infecciones de VHC,4,true
J05AP01,Ribavirina,5,true
J05AP02,Telaprevir,5,true
J05AP03,Boceprevir,5,true
J05AP05,Simeprevir,5,true
J05AP07,Daclatasvir,5,true
J05AP08,Sofosbuvir,5,true
J05AP09,Dasabuvir,5,true
J05AP12,Coblopasvir,5,true
J05AP51,Sofosbuvir y ledipasvir,5,true
J05AP52,"Dasabuvir, ombitasvir, paritaprevir y ritonavir",5,true
J05AP53,"Ombitasvir, paritaprevir y ritonavir",5,true
J05AP54,Elbasvir y Grazoprevir,5,true
J05AP55,J05AP55- Sofosbuvir y Velpatasvir,5,true
J05AP56,"Sofosbuvir, velpatasvir y voxilaprevir",5,true
J05AP57,Glecaprevir y pibrentasvir,5,true
J05AR,Combinacion de antivirales para el tratamiento de infecciones por VIH,4,true
J05AR01,Zidovudina y lamivudina,5,true
J05AR02,Lamivudina y abacavir,5,true
J05AR03,Tenofovir disoproxilo y emtricitabina,5,true
J05AR04,"Zidovudina, lamivudina y abacavir",5,true
J05AR05,"Zidovudina, lamivudina y nevirapina",5,true
J05AR06,"Emtricitabina, tenofovir disoproxilo y efavirenz",5,true
J05AR07,"Estavudina, lamivudina y nevirapina",5,true
J05AR08,"Emtricitabina, tenofovir disoproxilo y rilpivirina",5,true
J05AR09,"Emtricitabina, tenofovir disoproxilo, elvitegravir y cobicistat",5,true
J05AR10,Lopinavir y ritonavir,5,true
J05AR11,"Lamivudina, tenofovir disoproxilo y efavirenz",5,true
J05AR12,Lamivudina y tenofovir disoproxilo,5,true
J05AR13,"Lamivudina, abacavir y dolutegravir",5,true
J05AR14,Darunavir y cobicistat,5,true
J05AR15,Atazanavir y cobicistat,5,true
J05AR17,Emtricitabina y tenofovir alafenamida,5,true
J05AR18,"Emtricitabina, tenofovir alafenamida, elvitegravir y cobicistat",5,true
J05AR19,"Emtricitabina, tenofovir alafenamida y rilpivirina",5,true
J05AR20,"Emtricitabina, tenofovir alafenamida y bictegravir",5,true
J05AR21,Dolutegravir y Rilpivirina,5,true
J05AR22,"Emtricitabina, tenofovir alafenamida, darunavir y cobicistat",5,true
J05AR24,"Lamivudina, tenofovir disoproxilo y doravirina",5,true
J05AR25,Lamivudina y dolutegravir,5,true
J05AX,Otros antivirales,4,true
J05AX01,Moroxidina,5,true
J05AX02,Lisozima,5,true
J05AX05,Inosina pranovex,5,true
J05AX06,Pleconarilo,5,true
J05AX07,Enfuvirtida,5,true
J05AX08,Raltegravir,5,true
J05AX09,Maraviroc,5,true
J05AX10,Maribavir,5,true
J05AX11,Elvitegravir,5,true
J05AX12,Dolutegravir,5,true
J05AX18,Letermovir,5,true
J05AX23,Ibalizumab,5,true
J05AX25,baloxavir marboxil,5,true
J05AX28,Bulevirtida,5,true
J05AX29,Fostemsavir,5,true
J05AX31,Lenacapavir,5,true
J05AX91,Metisoprinol,5,true
J05AX92,Enzimas proteoliticas,5,true
J06,SUEROS INMUNES E INMUNOGLOBULINAS,2,true
J06A,SUEROS INMUNES,3,true
J06AA,Sueros inmunes,4,true
J06AA01,"Difterica, antitoxina",5,true
J06AA02,"Tetanica, antitoxina",5,true
J06AA03,Suero antiofidico,5,true
J06AA04,"Botulinica, antitoxina",5,true
J06AA05,"Gangrena gaseosa, suero contra la",5,true
J06AA06,"Antirrabico, suero",5,true
J06B,INMUNOGLOBULINAS,3,true
J06BA,Inmunoglobulinas humanas normales,4,true
J06BA01,Inmunoglobulinas humanas normales para adm. extravascular,5,true
J06BA02,Inmunoglobulinas humanas normales para adm. intravascular,5,true
J06BB,Inmunoglobulinas especificas,4,true
J06BB01,Inmunoglobulina anti-D (rh),5,true
J06BB02,Inmunoglobulina antitetanica,5,true
J06BB03,Inmunoglobulina anti-varicela/zoster,5,true
J06BB04,Inmunoglobulina antihepatitis B,5,true
J06BB05,Inmunoglobulina antirrabica,5,true
J06BB06,Inmunoglobulina antirrubeolica,5,true
J06BB07,Inmunoglobulina antivaccinia,5,true
J06BB08,Inmunoglobulina antiestafilococica,5,true
J06BB09,Inmunoglobulina anticitomegalovirus,5,true
J06BB10,Inmunoglobulina antidifterica,5,true
J06BB11,Inmunoglobulina antihepatitis A,5,true
J06BB12,"Inmunoglobulina, anti-encefalitis, (transmitida por garrapatas )",5,true
J06BB13,Inmunoglobulina antipertussis,5,true
J06BB14,Inmunoglobulina antisarampion,5,true
J06BB15,Inmunoglobulina antiparotiditica,5,true
J06BB16,Palivizumab,5,true
J06BB17,Motavizumab,5,true
J06BB21,Bezlotoxumab,5,true
J06BB30,Combinaciones,5,true
J06BC,Anticuerpos monoclonales antibacterianos,4,true
J06BC01,Nebacumab,5,true
J06BC02,Raxibacumab,5,true
J06BC03,Bezlotoxumab,5,true
J06BC04,Obiltoxaximab,5,true
J06BD,Anticuerpos monoclonales antivirales,4,true
J06BD01,Palivizumab,5,true
J06BD02,Motavizumab,5,true
J06BD03,Tixagevimab y cilgavimab,5,true
J06BD04,ansuvimab,5,true
J06BD05,Sotrovimab,5,true
J06BD06,regdanvimab,5,true
J06BD07,casirivimab y imdevimab,5,true
J06BD08,Nirsevimab,5,true
J06BD09,Sipavibart,5,true
J06BD10,Clesrovimab,5,true
J07,VACUNAS,2,true
J07A,VACUNAS ANTIBACTERIANAS,3,true
J07AC,Vacunas frente al antrax,4,true
J07AC01,Vacunas frente al antrax,5,true
J07AD,Vacunas frente a la brucelosis,4,true
J07AD01,"Brucella, antigeno de",5,true
J07AE,Vacunas frente al colera,4,true
J07AE01,"Colera, celula entera inactivada",5,true
J07AE02,"Colera, vibrion vivo atenuado",5,true
J07AE51,"Colera, celula entera inactivada, combinaciones con vacuna antitifoidea",5,true
J07AF,Vacunas frente a la difteria,4,true
J07AF01,"Difterico, toxoide",5,true
J07AG,Vacunas frente al Haemophilus influenzae B,4,true
J07AG01,"Haemophilus influenzae B, antigeno purificado conjugado",5,true
J07AG51,"Haemophilus influenzae B, combinaciones con toxoides",5,true
J07AG52,"Haemophilus influenzae B, combinaciones con pertussis y toxoides",5,true
J07AG53,"Hemophilus influenzae B, en combinacion con Meningococo C, conjugado",5,true
J07AG54,"Haemophilus influenzae B, combinaciones con meningococo C,Y, conjugado",5,true
J07AH,Vacunas frente al meningococo,4,true
J07AH01,"Meningococo A, antigeno constituido por polisacaridos purificados",5,true
J07AH02,Antigeno monovalente constituido por polisacaridos purificados de otros meningococos,5,true
J07AH03,"Meningococo A, C, antigeno bivalente constituido por polisacaridos purificados",5,true
J07AH04,"Meningococo A, C, Y, W-135, antigeno tetravalente, constituido por polisacaridos purificados",5,true
J07AH05,Antigeno polivalente constituido por polisacaridos purificados de otros meningococos,5,true
J07AH06,"Meningococo B, vacuna de vesiculas de la membrana externa",5,true
J07AH07,"Meningococo C, antigenos conjugado de polisacaridos purificados",5,true
J07AH08,"Meningococo A, C, Y, W-135, antigeno conjugado tetravalente, constituido por polisacaridos purificados",5,true
J07AH09,"Meningococo B, vacuna multicomponente de",5,true
J07AJ,Vacunas frente a la tos ferina,4,true
J07AJ01,"Pertussis, celula entera inactivada",5,true
J07AJ02,"Pertussis, antigeno purificado de",5,true
J07AJ51,"Pertussis, celulas enteras inactivada, combinaciones con toxoides",5,true
J07AJ52,"Pertussis, antigeno purificado, combinacion con toxoides",5,true
J07AJ91,"Pertusis, toxoide tetanico y toxoide difterico",5,true
J07AK,Vacunas frente a la peste,4,true
J07AK01,"Peste, celula entera inactivada",5,true
J07AL,Vacunas frente al neumococo,4,true
J07AL01,"Neumococo, antigeno constituido por polisacaridos purificados",5,true
J07AL02,"Neumococo, antigenos conjugado constituido por polisacaridos purificados",5,true
J07AL52,"Antigeno de neumococo polisacarido purificado y Haemophilus influenzae, conjugados",5,true
J07AM,Vacunas frente al tetanos,4,true
J07AM01,"Tetanico, toxoide",5,true
J07AM51,"Tetanico, toxoide, combinaciones con toxoide difterico",5,true
J07AM52,"Tetanico, toxoide, combinaciones con inmunoglobulina antitetanica",5,true
J07AN,Vacuna frente a la tuberculosis,4,true
J07AN01,"Tuberculosis, micobacteria viva atenuada",5,true
J07AP,Vacunas frente a la fiebre tifoidea,4,true
J07AP01,"Tifoidea, viva atenuada, oral",5,true
J07AP02,"Tifoidea, celula entera inactivada",5,true
J07AP03,"Tifoidea, antigeno constituido por polisacarido purificado",5,true
J07AP10,"Tifoidea, combinaciones con tipos de paratyphi",5,true
J07AR,Vacunas frente al tifus (exantematico),4,true
J07AR01,"Tifus exantematico, inactivado, celulas enteras",5,true
J07AX,Otras vacunas antibacterianas,4,true
J07AX01,vacunas frente a la leptospirosis,5,true
J07AX91,Vacuna anticatarral,5,true
J07B,VACUNAS ANTIVIRALES,3,true
J07BA,Vacunas frente a la encefalitis,4,true
J07BA01,"Encefalitis transmitida por garrapatas, virus entero inactivado",5,true
J07BA02,"Encefalitis japonesa, virus entero inactivado",5,true
J07BB,Vacunas frente a la gripe,4,true
J07BB01,"Influenza, virus entero inactivado",5,true
J07BB02,"Influenza, antigeno purificado",5,true
J07BB03,"Influenza, vibrion vivo atenuado",5,true
J07BB04,"Influenza, virus similar a particulas",5,true
J07BB05,"Influenza, vacuna basada en ARN",5,true
J07BB55,"Influenza y COVID-19, vacuna basada en ARN",5,true
J07BB91,Virus gripe fraccionado,5,true
J07BC,Vacunas frente a la hepatitis,4,true
J07BC01,"Hepatitis B, antigeno purificado de",5,true
J07BC02,"Hepatitis A, virus entero inactivado",5,true
J07BC20,Combinaciones,5,true
J07BD,Vacunas frente al sarampion,4,true
J07BD01,"Sarampion, virus vivo atenuado",5,true
J07BD51,"Sarampion, virus vivo atenuado combinado con la vacuna frente a la parotiditis",5,true
J07BD52,"Sarampion, virus vivo atenuado combinado con la vacuna frente a la parotiditis y la rubeola",5,true
J07BD53,"Sarampion, virus vivo atenuado combinado con la vacuna frente a la rubeola",5,true
J07BD54,"Sarampion, virus vivo atenuado combinado con la vacuna frente a la parotiditis, la varicela y la rubeola",5,true
J07BE,Vacunas frente a la parotiditis,4,true
J07BE01,"Parotiditis, virus vivo atenuado",5,true
J07BF,Vacunas frente a la poliomielitis,4,true
J07BF01,"Poliomielitis, virus vivo atenuado, vacuna oral, monovalente de",5,true
J07BF02,"Poliomielitis, virus vivo atenuado, vacuna oral trivalente de",5,true
J07BF03,"Poliomielitis, inactivado, virus entero, trivalente",5,true
J07BG,Vacunas frente a la rabia,4,true
J07BG01,"Rabia, virus entero inactivado",5,true
J07BH,Vacunas frente a la diarrea por rotavirus,4,true
J07BH01,"Rotavirus, virus vivo atenuado",5,true
J07BH02,"Rotavirus pentavalente, vivo, modificado",5,true
J07BJ,Vacunas frente a la rubeola,4,true
J07BJ01,"Rubeola, virus vivo atenuado",5,true
J07BJ51,"Rubeola, virus vivo atenuado combinado con la vacuna frente a la parotiditis",5,true
J07BK,Vacunas frente a la varicela zoster,4,true
J07BK01,"Varicela, virus vivo atenuado",5,true
J07BK02,"Zoster, virus vivo atenuado",5,true
J07BK03,"zoster, antigeno purificado de",5,true
J07BL,Vacunas contra la fiebre amarilla,4,true
J07BL01,"Fiebre amarilla, virus vivo atenuado",5,true
J07BM,Vacuna contra papilomavirus,4,true
J07BM01,"Papilomavirus (tipos humanos 6, 11, 16, 18)",5,true
J07BM02,"Papilomavirus (tipos humanos 16, 18)",5,true
J07BM03,"Papilomavirus (tipos humanos 6, 11, 16, 18, 31, 33, 45, 52, 58)",5,true
J07BN,vacunas frente a COVID-19,4,true
J07BN01,vacunas basadas en ARN frente a COVID-19,5,true
J07BN02,vacunas de vector viral no replicante frente a COVID-19,5,true
J07BN03,vacunas de virus inactivado frente a COVID-19,5,true
J07BN04,vacunas de subunidad proteica frente a COVID-19,5,true
J07BP,Vacunas frente a la chikunguña,4,true
J07BP01,"Chikunguña, virus vivo atenuado",5,true
J07BP02,Vacunas de particula similar a virus frente a la chikunguña,5,true
J07BX,Otras vacunas antivirales,4,true
J07BX02,Vacuna frente al Ebola,5,true
J07BX03,Vacunas contra COVID-19,5,true
J07BX04,Vacunas frente al Dengue,5,true
J07BX05,Vacunas frente al virus respiratorio sincitial,5,true
J07C,VACUNAS ANTIBACTERIANAS Y ANTIVIRALES COMBINADAS,3,true
J07CA,Vacunas antibacterianas y antivirales combinadas,4,true
J07CA01,Difteria-poliomielitis-tetanos,5,true
J07CA02,Difteria-pertussis-poliomielitis-tetanos,5,true
J07CA03,Difteria-rubeola-tetanos,5,true
J07CA04,Haemophilus influenzae B y poliomielitis,5,true
J07CA05,Difteria-hepatitis B-pertussis-tetanos,5,true
J07CA06,Difteria-Haemophilus influenzae B- pertussis-poliomielitis- tetanos,5,true
J07CA07,Difteria-hepatitis B-tetanos,5,true
J07CA08,Haemophilus influenzae B y hepatitis B,5,true
J07CA09,Difteria-Haemophilus influenzae B- pertussis-poliomielitis- tetanos-hepatitis B,5,true
J07CA10,Tifoidea-hepatitis A,5,true
J07CA11,Difteria-Haemophilus influenzae B- pertussis- tetanos-hepatitis B,5,true
J07CA12,Difteria- pertussis-poliomielitis- tetanos-hepatitis B,5,true
J07CA13,Difteria-Haemophilus influenzae B-pertusis- tetanos- hepatitis B- meningococo A + C,5,true
J07CA91,Haemophilus influenzae B-difteria-tetanos-pertusis,5,true
J07X,OTRAS VACUNAS,3,true
J07XA,Vacunas antiparasitarias,4,true
J07XA01,Vacunas frente a la malaria,5,true
L,AGENTES ANTINEOPLASICOS E INMUNOMODULADORES,1,true
L01,AGENTES ANTINEOPLASICOS,2,true
L01A,AGENTES ALQUILANTES,3,true
L01AA,Analogos de la mostaza nitrogenada,4,true
L01AA01,Ciclofosfamida,5,true
L01AA02,Clorambucilo,5,true
L01AA03,Melfalan,5,true
L01AA05,Clormetina,5,true
L01AA06,Ifosfamida,5,true
L01AA07,Trofosfamida,5,true
L01AA08,Prednimustina,5,true
L01AA09,Bendamustina,5,true
L01AA10,Melfalan flufenamida,5,true
L01AB,Alquilsulfonatos,4,true
L01AB01,Busulfano,5,true
L01AB02,Treosulfano,5,true
L01AB03,Manosulfano,5,true
L01AC,Etileniminas,4,true
L01AC01,Tiotepa,5,true
L01AC02,Triazicuona,5,true
L01AC03,Carbocuona,5,true
L01AD,Nitrosoureas,4,true
L01AD01,Carmustina,5,true
L01AD02,Lomustina,5,true
L01AD03,Semustina,5,true
L01AD04,Estreptozocina,5,true
L01AD05,Fotemustina,5,true
L01AD06,Nimustina,5,true
L01AD07,Ranimustina,5,true
L01AG,Epoxidos,4,true
L01AG01,Etoglucido,5,true
L01AX,Otros agentes alquilantes,4,true
L01AX01,Mitobronitol,5,true
L01AX02,Pipobroman,5,true
L01AX03,Temozolomida,5,true
L01AX04,Dacarbazina,5,true
L01B,ANTIMETABOLITOS,3,true
L01BA,Analogos del acido folico,4,true
L01BA01,Metotrexato,5,true
L01BA03,Raltitrexed,5,true
L01BA04,Pemetrexed,5,true
L01BA05,Pralatrexato,5,true
L01BB,Analogos de las purinas,4,true
L01BB02,Mercaptopurina,5,true
L01BB03,Tioguanina,5,true
L01BB04,Cladribina,5,true
L01BB05,Fludarabina,5,true
L01BB06,Clofarabina,5,true
L01BB07,Nelarabina,5,true
L01BC,Analogos de las pirimidinas,4,true
L01BC01,Citarabina,5,true
L01BC02,Fluorouracilo,5,true
L01BC03,Tegafur,5,true
L01BC04,Carmofur,5,true
L01BC05,Gemcitabina,5,true
L01BC06,Capecitabina,5,true
L01BC07,Azacitidina,5,true
L01BC08,Decitabina,5,true
L01BC52,"Fluorouracilo, combinaciones con",5,true
L01BC53,"Tegafur, combinaciones con",5,true
L01BC58,"Decitabina, combinaciones con",5,true
L01BC59,"Trifluridina, combinaciones con",5,true
L01C,ALCALOIDES DE PLANTAS Y OTROS PRODUCTOS NATURALES,3,true
L01CA,Alcaloides de la Vinca y analogos,4,true
L01CA01,Vinblastina,5,true
L01CA02,Vincristina,5,true
L01CA03,Vindesina,5,true
L01CA04,Vinorelbina,5,true
L01CA05,Vinflunina,5,true
L01CA06,L01CA06-Vintafolida,5,true
L01CB,Derivados de la podofilotoxina,4,true
L01CC,Derivados de la colchicina,4,true
L01CC01,Demecolcina,5,true
L01CD,Taxanos,4,true
L01CD01,Paclitaxel,5,true
L01CD02,Docetaxel,5,true
L01CD03,Paclitaxel poliglumex,5,true
L01CD04,Cabazitaxel,5,true
L01CD51,paclitaxel y encequidar,5,true
L01CE,Inhibidores de la topoisomerasa 1 (TOP1),4,true
L01CE01,Topotecan,5,true
L01CE02,Irinotecan,5,true
L01CX,Otros alcaloides de plantas y productos naturales,4,true
L01CX01,Trabectedina,5,true
L01D,ANTIBIOTICOS CITOTOXICOS Y SUSTANCIAS RELACIONADAS,3,true
L01DA,Actinomicinas,4,true
L01DA01,Dactinomicina,5,true
L01DB,Antraciclinas y sustancias relacionadas,4,true
L01DB01,Doxorubicina,5,true
L01DB02,Daunorubicina,5,true
L01DB03,Epirubicina,5,true
L01DB04,Aclarubicina,5,true
L01DB05,Zorubicina,5,true
L01DB06,Idarubicina,5,true
L01DB07,Mitoxantrona,5,true
L01DB08,Pirarubicina,5,true
L01DB09,Valrubicina,5,true
L01DB10,Amrubicina,5,true
L01DB11,Pixantrona,5,true
L01DC,Otros antibioticos citotoxicos,4,true
L01DC01,Bleomicina,5,true
L01DC02,Plicamicina,5,true
L01DC03,Mitomicina,5,true
L01DC04,Ixabepilona,5,true
L01E,Inhibidores de la proteinquinasa,3,true
L01EA,Inhibidores de la tirosinquinasa BCR-ABL,4,true
L01EA01,Imatinib,5,true
L01EA02,Dasatinib,5,true
L01EA03,Nilotinib,5,true
L01EA04,Bosutinib,5,true
L01EA05,Ponatinib,5,true
L01EA06,Asciminib,5,true
L01EB,Inhibidores de la tirosinquinasa del receptor de factor de crecimiento epidermico (EGFR),4,true
L01EB03,Afatinib,5,true
L01EB07,Dacomitinib,5,true
L01EB09,Lazertinib,5,true
L01EB11,aumolertinib,5,true
L01EC,Inhibidores de la serina-treonina quinasa B-Raf (BRAF),4,true
L01EC01,Vemurafenib,5,true
L01EC02,Dabrafenib,5,true
L01EC03,Encorafenib,5,true
L01EC04,Tovorafenib,5,true
L01ED,Inhibidores de la quinasa de linfoma anaplastico (ALK),4,true
L01ED03,Alectinib,5,true
L01ED04,Brigatinib,5,true
L01ED05,Lorlatinib,5,true
L01EE,Inhibidores de la quinasa mitogeno-activada (MEK),4,true
L01EE01,Trametinib,5,true
L01EE05,Mirdametinib,5,true
L01EE06,Tunlametinib,5,true
L01EF,Inhibidores de la quinasa ciclina-dependiente (CDK),4,true
L01EF01,Palbociclib,5,true
L01EF03,Abemaciclib,5,true
L01EG,Inhibidores de la quinasa de rapamicina de mamiferos (mTOR),4,true
L01EH,Inhibidores de la tirosinquinasa del receptor 2 de factor de crecimiento epidermico humano (HER2),4,true
L01EH01,Lapatinib,5,true
L01EH02,Neratinib,5,true
L01EH03,Tucatinib,5,true
L01EH05,Mifanertinib,5,true
L01EH06,Sevabertinib,5,true
L01EJ,Inhibidores de la quinasa Janus-asociada (JAK),4,true
L01EJ02,Fedratinib,5,true
L01EJ03,Pacritinib,5,true
L01EK,Inhibidores de la tirosinquinasa del receptor de factor de crecimiento endotelial vascular (VEGFR),4,true
L01EK01,Axitinib,5,true
L01EK03,tivozanib,5,true
L01EK05,Rivoceranib,5,true
L01EL,Inhibidores de la tirosinquinasa de Bruton (BTK),4,true
L01EL02,Acalabrutinib,5,true
L01EL03,Zanubrutinib,5,true
L01EL90,Rilzabrutinib,5,true
L01EM,Inhibidores de la fosfatidilinositol-3-quinasa (Pi3K),4,true
L01EM01,Idelalisib,5,true
L01EM03,Alpelisib,5,true
L01EM05,parsaclisib,5,true
L01EM06,Inavolisib,5,true
L01EN,Inhibidores de la tirosinaquinasa del receptor del factor de crecimiento fibroblastico (FGFR),4,true
L01EN01,Erdafitinib,5,true
L01EN02,Pemigatinib,5,true
L01EN03,Infigratinib,5,true
L01EN04,Futibatinib,5,true
L01EP,Inhibidores de la quinasa del factor de transicion mesenquima-epitelio celular (c-MET),4,true
L01EP01,Capmatinib,5,true
L01EP03,Savolitinib,5,true
L01EX,Otros inhibidores de la proteinquinasa,4,true
L01EX02,Sorafenib,5,true
L01EX03,Pazopanib,5,true
L01EX04,Vandetanib,5,true
L01EX05,Regorafenib,5,true
L01EX06,Masitinib,5,true
L01EX07,Cabozantinib,5,true
L01EX08,Lenvatinib,5,true
L01EX09,Nintedanib,5,true
L01EX10,Midostaurina,5,true
L01EX11,Quizartinib,5,true
L01EX12,Larotrectinib,5,true
L01EX15,Pexidartinib,5,true
L01EX17,Capmatinib,5,true
L01EX18,Avapritinib,5,true
L01EX20,Pemigatinib,5,true
L01EX22,Selpercatinib,5,true
L01EX23,Pralsetinib,5,true
L01EX24,Surufatinib,5,true
L01EX27,Capivasertib,5,true
L01F,Anticuerpos monoclonales y anticuerpos conjugados con farmacos,3,true
L01FA,Inhibidores de CD20 (Grupo de Diferenciacion 20),4,true
L01FA01,Rituximab,5,true
L01FA02,Ofatumumab,5,true
L01FA03,L01FA03- Obinutuzumab,5,true
L01FB,Inhibidores de CD22 (Grupos de Diferenciacion 22),4,true
L01FB01,Inotuzumab ozogamicina,5,true
L01FC,Inhibidores de CD38 (Grupos de Diferenciacion 38),4,true
L01FC01,Daratumumab,5,true
L01FC02,Isatuximab,5,true
L01FD,Inhibidores del HER2 (Receptor 2 del Factor de Crecimiento Epidermico Humano),4,true
L01FD01,Trastuzumab,5,true
L01FD02,Pertuzumab,5,true
L01FD03,Trastuzumab emtansina,5,true
L01FD04,Trastuzumab deruxtecan,5,true
L01FD05,Trastuzumab duocarmazina,5,true
L01FD07,Zanidatamab,5,true
L01FE,Inhibidores del EGFR (Receptor del Factor de Crecimiento Epidermico),4,true
L01FE01,Cetuximab,5,true
L01FE02,Panitumumab,5,true
L01FE03,Necitumumab,5,true
L01FF,Inhibidores de la PD-1/PD-L1 (Proteina 1 de muerte celular programada/ligando 1 de muerte programada),4,true
L01FF01,Nivolumab,5,true
L01FF02,Pembrolizumab,5,true
L01FF03,Durvalumab,5,true
L01FF04,Avelumab,5,true
L01FF05,Atezolizumab,5,true
L01FF06,Cemiplimab,5,true
L01FF07,Dostarlimab,5,true
L01FF08,Prolgolimab,5,true
L01FF09,Tislelizumab,5,true
L01FF10,Retifanlimab,5,true
L01FF11,Sugemalimab,5,true
L01FF12,Serplulimab,5,true
L01FF13,Toripalimab,5,true
L01FF14,Camrelizumab,5,true
L01FF15,Envafolimab,5,true
L01FF16,Sasanlimab,5,true
L01FG,Inhibidores del VEGF/VEGFR (Factor de Crecimiento Endotelial Vascular/Receptor del Factor de Crecimiento Endotelial Vascular),4,true
L01FG01,Bevacizumab,5,true
L01FG02,Ramucirumab,5,true
L01FX,Otros anticuerpos monoclonales y farmacos inmunoconjugados,4,true
L01FX01,Edrecolomab,5,true
L01FX02,Gemtuzumab ozogamicina,5,true
L01FX03,Catumaxomab,5,true
L01FX04,Ipilimumab,5,true
L01FX05,Brentuximab vedotina,5,true
L01FX06,Dinutuximab beta,5,true
L01FX07,Blinatumomab,5,true
L01FX08,Elotuzumab,5,true
L01FX09,Mogamulizumab,5,true
L01FX10,Olaratumab,5,true
L01FX12,Tafasitamab,5,true
L01FX13,Enfortumab vedotina,5,true
L01FX14,polatuzumab vedotina,5,true
L01FX15,Belantamab mafodotina,5,true
L01FX16,Oportuzumab monatox,5,true
L01FX17,Sacituzumab govitecan,5,true
L01FX18,Amivantamab,5,true
L01FX19,sabatolimab,5,true
L01FX20,Tremelimumab,5,true
L01FX21,Naxitamab,5,true
L01FX22,Loncastuximab tesirina,5,true
L01FX23,Tisotumab vedotina,5,true
L01FX24,Teclistamab,5,true
L01FX25,Mosunetuzumab,5,true
L01FX26,Mirvetuximab soravtansina,5,true
L01FX27,Epcoritamab,5,true
L01FX28,Glofitamab,5,true
L01FX29,Talquetamab,5,true
L01FX31,Zolbetuximab,5,true
L01FX32,Elranatamab,5,true
L01FX33,Tarlatamab,5,true
L01FX34,Odronextamab,5,true
L01FX35,Datopotamab deruxtecan,5,true
L01FX36,Patritumab deruxtecan,5,true
L01FX37,Linvoseltamab,5,true
L01FX38,Ifinatamab deruxtecan,5,true
L01FX39,Bemarituzumab,5,true
L01FY,Combinaciones de anticuerpos monoclonales con anticuerpos conjugados con medicamentos,4,true
L01FY01,Pertuzumab y trastuzumab,5,true
L01FY02,Nivolumab y relatlimab,5,true
L01X,OTROS AGENTES ANTINEOPLASICOS,3,true
L01XA,Compuestos del platino,4,true
L01XA01,Cisplatino,5,true
L01XA02,Carboplatino,5,true
L01XA03,Oxaliplatino,5,true
L01XA04,Satraplatino,5,true
L01XA05,Poliplatillena,5,true
L01XB,Metilhidrazinas,4,true
L01XB01,Procarbazina,5,true
L01XC,Anticuerpos monoclonales,4,true
L01XC01,Edrecolomab,5,true
L01XC02,Rituximab,5,true
L01XC03,Trastuzumab,5,true
L01XC05,Gemtuzumab ozogamicina,5,true
L01XC06,Cetuximab,5,true
L01XC07,Bevacizumab,5,true
L01XC08,Panitumumab,5,true
L01XC09,Catumaxomab,5,true
L01XC10,Ofatumumab,5,true
L01XC11,Ipilimumab,5,true
L01XC12,Brentuximab vedotina,5,true
L01XC13,Pertuzumab,5,true
L01XC14,Trastuzumab emtansina,5,true
L01XC15,Obinutuzumab,5,true
L01XC16,Dinutuximab beta,5,true
L01XC17,Nivolumab,5,true
L01XC18,Pembrolizumab,5,true
L01XC19,Blinatumomab,5,true
L01XC21,Ramucirumab,5,true
L01XC22,Necitumumab,5,true
L01XC23,Elotuzumab,5,true
L01XC24,Daratumumab,5,true
L01XC25,Mogamulizumab,5,true
L01XC26,Inotuzumab ozogamicina,5,true
L01XC27,Olaratumab,5,true
L01XC28,Durvalumab,5,true
L01XC31,Avelumab,5,true
L01XC32,Atezolizumab,5,true
L01XC33,Cemiplimab,5,true
L01XC35,Tafasitamab,5,true
L01XC37,Polatuzumab vedotina,5,true
L01XC38,Isatuximab,5,true
L01XC39,Belantamab mafodotina,5,true
L01XC40,Dostarlimab,5,true
L01XC41,Trastuzumab deruxtecan,5,true
L01XC90,Cemiplimab,5,true
L01XD,Sensibilizadores usados en terapia fotodinamica y radiacion,4,true
L01XD02,Verteporfina,5,true
L01XD03,Aminolevulinato de metilo,5,true
L01XD04,Acido aminolevulinico,5,true
L01XD05,Temoporfina,5,true
L01XD06,Efaproxiral,5,true
L01XD07,padeliporfina,5,true
L01XE,Inhibidores directos de la protein-quinasa,4,true
L01XE01,Imatinib,5,true
L01XE05,Sorafenib,5,true
L01XE06,Dasatinib,5,true
L01XE07,Lapatinib,5,true
L01XE11,Pazopanib,5,true
L01XE12,Vandetanib,5,true
L01XE13,Afatinib,5,true
L01XE15,Vemurafenib,5,true
L01XE17,Axitinib,5,true
L01XE21,Regorafenib,5,true
L01XE22,Masitinib,5,true
L01XE23,Dabrafenib,5,true
L01XE24,Ponatinib,5,true
L01XE25,Trametinib,5,true
L01XE26,Cabozantinib,5,true
L01XE29,Lenvatinib,5,true
L01XE31,Nintedanib,5,true
L01XE33,palbociclib,5,true
L01XE34,Tivozanib,5,true
L01XE36,Alectinib,5,true
L01XE39,Midostaurina,5,true
L01XE43,Brigatinib,5,true
L01XE44,Lorlatinib,5,true
L01XE45,Neratinib,5,true
L01XE46,Encorafenib,5,true
L01XE47,Dacomitinib,5,true
L01XE50,Abemaciclib,5,true
L01XE51,Acalabrutinib,5,true
L01XE53,Larotrectinib,5,true
L01XF,Retinoides para el tratamiento del cancer,4,true
L01XF01,Tretinoina,5,true
L01XF02,Alitretinoin,5,true
L01XF03,Bexaroteno,5,true
L01XG,Inhibidores del proteosoma,4,true
L01XG02,Carfilzomib,5,true
L01XG03,Ixazomib,5,true
L01XH,Inhibidores de la histona deacetilasa (HDAC),4,true
L01XH01,Vorinostat,5,true
L01XH02,Romidepsina,5,true
L01XH03,Panobinostat,5,true
L01XH07,Resminostat,5,true
L01XJ,Inhibidores de la ruta Hedgehog,4,true
L01XJ03,Glasdegib,5,true
L01XK,Inhibidores de la poli (ADP-ribosa) polimerasa (PARP),4,true
L01XK01,Olaparib,5,true
L01XK02,Niraparib,5,true
L01XK03,Rucaparib,5,true
L01XK04,Talazoparib,5,true
L01XK05,Veliparib,5,true
L01XK06,Pamiparib,5,true
L01XK07,Senaparib,5,true
L01XK52,Niraparib y abiraterona,5,true
L01XL,Terapia genica y celular antineoplasica,4,true
L01XL01,Sitimagen ceradenovec,5,true
L01XL02,Talimogen laherparepvec,5,true
L01XL03,Axicabtagen ciloleucel,5,true
L01XL04,Tisagenlecleucel,5,true
L01XL05,Ciltacabtagen autoleucel,5,true
L01XL06,Brexucabtagen autoleucel,5,true
L01XL07,Idecabtagen vicleucel,5,true
L01XL08,Lisocabtagen maraleucel,5,true
L01XL09,Tabelecleucel,5,true
L01XL12,Obecabtagen autoleucel,5,true
L01XM,Inhibidores de la isocitrato deshidrogenasa (IDH),4,true
L01XM01,Enasidenib,5,true
L01XM03,Olutasidenib,5,true
L01XM04,Vorasidenib,5,true
L01XX,Otros agentes antineoplasicos,4,true
L01XX01,Amsacrina,5,true
L01XX02,Asparaginasa,5,true
L01XX03,Altretamina,5,true
L01XX05,Hidroxicarbamida,5,true
L01XX07,Lonidamina,5,true
L01XX08,Pentostatina,5,true
L01XX09,Miltefosina,5,true
L01XX10,Masoprocol,5,true
L01XX11,Estramustina,5,true
L01XX14,Tretinoina,5,true
L01XX16,Mitoguazona,5,true
L01XX17,Topotecan,5,true
L01XX18,Tiazofurina,5,true
L01XX19,Irinotecan,5,true
L01XX22,Alitretinoina,5,true
L01XX23,Mitotano,5,true
L01XX24,Pegaspargasa,5,true
L01XX25,Bexaroteno,5,true
L01XX27,"Arsenico, trioxido de",5,true
L01XX28,Imatinib,5,true
L01XX29,Denileukina diftitox,5,true
L01XX35,Anagrelida,5,true
L01XX37,Sitimagén ceradenovec,5,true
L01XX38,Vorinostat,5,true
L01XX39,Romidepsina,5,true
L01XX40,Mepesuccinato de omacetaxina,5,true
L01XX41,Eribulina,5,true
L01XX42,Panobinostat,5,true
L01XX44,Aflibercept,5,true
L01XX45,Carfilzomib,5,true
L01XX46,Olaparib,5,true
L01XX47,Idelalisib,5,true
L01XX50,Ixazomib,5,true
L01XX51,Talimogen laherparepvec,5,true
L01XX52,Venetoclax,5,true
L01XX54,Niraparib,5,true
L01XX55,Rucaparib,5,true
L01XX60,Talazoparib,5,true
L01XX61,Copanlisib,5,true
L01XX63,Glasdegib,5,true
L01XX65,ALPELISIB,5,true
L01XX67,Tagraxofusp,5,true
L01XX69,Lurbinectedina,5,true
L01XX70,Axicabtagen ciloleucel,5,true
L01XX71,Tisagenlecleucel,5,true
L01XX72,Tazemetostat,5,true
L01XX73,Sotorasib,5,true
L01XX74,Belzutifan,5,true
L01XX75,Tebentafusp,5,true
L01XX77,Adagrasib,5,true
L01XX78,Navitoclax,5,true
L01XX79,Eflornitina,5,true
L01XX80,Imetelstat,5,true
L01XX81,Nirogacestat,5,true
L01XX84,Pelabresib,5,true
L01XX85,Acido idroxioleico,5,true
L01XX90,Axicabtagen ciloleucel,5,true
L01XX91,Tisagenlecleucel,5,true
L01XY,Combinaciones de agentes antineoplasicos,4,true
L01XY01,Citarabina y daunorubicina,5,true
L01XY02,Pertuzumab y trastuzumab,5,true
L01XY03,Nivolumab y relatlimab,5,true
L01XY04,Bifikafusp alfa y onfekafusp alfa,5,true
L02,TERAPIA ENDOCRINA,2,true
L02A,HORMONAS Y AGENTES RELACIONADOS,3,true
L02AA,Estrogenos,4,true
L02AA01,Dietilestilbestrol,5,true
L02AA02,Poliestradiol fosfato,5,true
L02AA03,Etinilestradiol,5,true
L02AA04,Fosfestrol,5,true
L02AB,Progestagenos,4,true
L02AB01,Megestrol,5,true
L02AB02,Medroxiprogesterona,5,true
L02AB03,Gestonorona,5,true
L02AE,Analogos de la hormona liberadora de gonadotrofinas,4,true
L02AE01,Buserelina,5,true
L02AE02,Leuprorelina,5,true
L02AE03,Goserelina,5,true
L02AE04,Triptorelina,5,true
L02AE05,Histrelina,5,true
L02AX,Otras hormonas,4,true
L02B,ANTAGONISTAS DE HORMONAS Y AGENTES RELACIONADOS,3,true
L02BA,Antiestrogenos,4,true
L02BA01,Tamoxifeno,5,true
L02BA02,Toremifeno,5,true
L02BA03,Fulvestrant,5,true
L02BA04,Elacestrant,5,true
L02BA05,Camizestrant,5,true
L02BB,Antiandrogenos,4,true
L02BB01,Flutamida,5,true
L02BB02,Nilutamida,5,true
L02BB03,Bicalutamida,5,true
L02BB04,Enzalutamida,5,true
L02BB05,Apalutamida,5,true
L02BB06,Darolutamida,5,true
L02BG,Inhibidores de la aromatasa,4,true
L02BG01,Aminoglutetimida,5,true
L02BG02,Formestano,5,true
L02BG03,Anastrozol,5,true
L02BG06,Exemestano,5,true
L02BX,Otros antagonistas de hormonas y sustancias relacionadas,4,true
L02BX01,Abarelix,5,true
L02BX02,Degarelix,5,true
L02BX03,Abiraterona,5,true
L02BX53,Abiraterona y prednisolona,5,true
L03,INMUNOESTIMULANTES,2,true
L03A,INMUNOESTIMULANTES,3,true
L03AA,Factores estimulantes de colonias,4,true
L03AA02,Filgrastim,5,true
L03AA03,Molgramostim,5,true
L03AA09,Sargramostim,5,true
L03AA10,Lenograstim,5,true
L03AA12,Ancestim,5,true
L03AA13,Pegfilgrastim,5,true
L03AA14,Lipegfilgrastim,5,true
L03AA18,Efbemalenograstim alfa,5,true
L03AA19,eflapegrastim,5,true
L03AB,Interferones,4,true
L03AB01,Interferon alfa natural,5,true
L03AB02,Interferon beta natural,5,true
L03AB03,Interferon gamma,5,true
L03AB04,Interferon alfa-2a,5,true
L03AB05,Interferon alfa-2b,5,true
L03AB06,Interferon alfa-n1,5,true
L03AB07,Interferon beta-1a,5,true
L03AB08,Interferon beta-1b,5,true
L03AB09,Interferon alfacon-1,5,true
L03AB10,Peginterferon alfa-2b,5,true
L03AB11,Peginterferon alfa-2a,5,true
L03AB12,Albinterferon alfa-2b,5,true
L03AB13,Peginterferon beta-1a,5,true
L03AB15,Ropeginterferon alfa-2b,5,true
L03AB17,Sampeginterferon beta-1a,5,true
L03AB60,"Peginterferon alfa-2b, combinaciones con",5,true
L03AB61,"Peginterferon alfa-2a, combinaciones con",5,true
L03AC,Interleukinas,4,true
L03AC01,Aldesleukina,5,true
L03AC02,Oprelvekina,5,true
L03AC03,Nogapendekina alfa,5,true
L03AX,Otros inmunoestimulantes,4,true
L03AX01,Lentinan,5,true
L03AX02,Roquinimex,5,true
L03AX03,Vacuna BCG,5,true
L03AX04,Pegademasa,5,true
L03AX05,Pidotimod,5,true
L03AX07,Poli IC,5,true
L03AX08,Poli ICLC,5,true
L03AX09,Timopentina,5,true
L03AX10,Inmunocianina,5,true
L03AX11,Tasonermina,5,true
L03AX12,Vacuna del melanoma,5,true
L03AX13,"Glatiramero, acetato de",5,true
L03AX14,"Histamina, dihidrocloruro",5,true
L03AX15,Mifamurtida,5,true
L03AX16,Plerixafor,5,true
L03AX17,Sipuleucel-T,5,true
L03AX22,Leniolisib,5,true
L03AX24,Mavorixafor,5,true
L03AX25,Timalfasina,5,true
L03AX91,Fosfoglicopeptical,5,true
L03AX92,Procodazol,5,true
L03AX93,Mycobacterium bovis,5,true
L03AX94,Timoestimulina,5,true
L03AX95,Linfocitos T alogenicos modificados geneticamente para expresar el gen suicida TK,5,true
L04A,INMUNOSUPRESORES,3,true
L04AA,Inmunosupresores selectivos,4,true
L04AA01,Ciclosporina,5,true
L04AA02,Muromonab-CD3,5,true
L04AA03,Inmunoglobulina antilinfocitaria (caballo),5,true
L04AA04,Inmunoglobulina antitimocitica (conejo),5,true
L04AA05,Tacrolimus,5,true
L04AA06,Acido micofenolico,5,true
L04AA08,Daclizumab,5,true
L04AA09,Basiliximab,5,true
L04AA10,Sirolimus,5,true
L04AA11,Etanercept,5,true
L04AA12,Infliximab,5,true
L04AA13,Leflunomida,5,true
L04AA14,Anakinra,5,true
L04AA15,Alefacept,5,true
L04AA16,Afelimomab,5,true
L04AA17,Adalimumab,5,true
L04AA18,Everolimus,5,true
L04AA19,Gusperimus,5,true
L04AA21,Efalizumab,5,true
L04AA22,Abetimus,5,true
L04AA23,Natalizumab,5,true
L04AA24,Abatacept,5,true
L04AA25,Eculizumab,5,true
L04AA26,Belimumab,5,true
L04AA27,Fingolimod,5,true
L04AA28,Belatacept,5,true
L04AA29,Tofacitinib,5,true
L04AA31,Teriflunomida,5,true
L04AA32,Apremilast,5,true
L04AA33,Vedolizumab,5,true
L04AA34,Alemtuzumab,5,true
L04AA36,Ocrelizumab,5,true
L04AA37,Baricitinib,5,true
L04AA38,Ozanimod,5,true
L04AA40,Cladribina,5,true
L04AA41,Imlifidasa,5,true
L04AA42,Siponimod,5,true
L04AA43,Ravulizumab,5,true
L04AA44,Upadacitinib,5,true
L04AA45,Filgotinib,5,true
L04AA47,L04AA47-Inebilizumab,5,true
L04AA48,Belumosudil,5,true
L04AA50,Ponesimod,5,true
L04AA51,Anifrolumab,5,true
L04AA52,Ofatumumab,5,true
L04AA54,Pegcetacoplan,5,true
L04AA56,Deucravacitinib,5,true
L04AA57,Ublituximab,5,true
L04AA58,Efgartigimod alfa,5,true
L04AA59,Avacopan,5,true
L04AA60,Remibrutinib,5,true
L04AA61,Nerandomilast,5,true
L04AA62,Tolebrutinib,5,true
L04AA90,Ofatumumab,5,true
L04AB,Inhibidores del factor de necrosis tumoral alfa (TNF-),4,true
L04AB01,Etanercept,5,true
L04AB02,Infliximab,5,true
L04AB03,Afelimomab,5,true
L04AB04,Adalimumab,5,true
L04AB05,Certolizumab pegol,5,true
L04AB06,Golimumab,5,true
L04AC,Inhibidores de la interleucina,4,true
L04AC01,Daclizumab,5,true
L04AC02,Basiliximab,5,true
L04AC03,Anakinra,5,true
L04AC04,Rilonacept,5,true
L04AC05,Ustekinumab,5,true
L04AC07,Tocilizumab,5,true
L04AC08,Canakinumab,5,true
L04AC09,Briakinumab,5,true
L04AC10,Secukinumab,5,true
L04AC11,Siltuximab,5,true
L04AC12,Brodalumab,5,true
L04AC13,Ixekizumab,5,true
L04AC14,Sarilumab,5,true
L04AC16,Guselkumab,5,true
L04AC17,Tildrakizumab,5,true
L04AC18,Risankizumab,5,true
L04AC19,SATRALIZUMAB,5,true
L04AC21,Bimekizumab,5,true
L04AC22,Espesolimab,5,true
L04AC23,Olokizumab,5,true
L04AC24,Mirikizumab,5,true
L04AC25,Levilimab,5,true
L04AC27,Cendakimab,5,true
L04AD,Inhibidores de la calcineurina,4,true
L04AD01,Ciclosporina,5,true
L04AD02,Tacrolimus,5,true
L04AD03,Voclosporina,5,true
L04AE,Moduladores del receptor de la esfingosina 1-fosfato (S1P),4,true
L04AE01,Fingolimod,5,true
L04AE02,Ozanimod,5,true
L04AE03,Siponimod,5,true
L04AE04,Ponesimod,5,true
L04AE05,Etrasimod,5,true
L04AF,Inhibidores de la quinasa Janus-asociada (JAK),4,true
L04AF01,Tofacitinib,5,true
L04AF02,Baricitinib,5,true
L04AF03,Upadacitinib,5,true
L04AF04,Filgotinib,5,true
L04AF05,Itacitinib,5,true
L04AF07,Deucravacitinib,5,true
L04AF08,Ritlecitinib,5,true
L04AF09,Deuruxolitinib,5,true
L04AG,Anticuerpos monoclonales,4,true
L04AG01,Muromonab-CD3,5,true
L04AG02,Efalizumab,5,true
L04AG03,Natalizumab,5,true
L04AG04,Belimumab,5,true
L04AG05,Vedolizumab,5,true
L04AG06,Alemtuzumab,5,true
L04AG07,Begelomab,5,true
L04AG08,Ocrelizumab,5,true
L04AG09,Emapalumab,5,true
L04AG10,Inebilizumab,5,true
L04AG11,Anifrolumab,5,true
L04AG12,Ofatumumab,5,true
L04AG13,Teprotumumab,5,true
L04AG14,Ublituximab,5,true
L04AG15,Divozilimab,5,true
L04AG16,Rozanolixizumab,5,true
L04AG18,Sibeprenlimab,5,true
L04AG19,Axatilimab,5,true
L04AH,Inhibidores de la quinasa diana de rapamicina de mamiferos (mTOR),4,true
L04AH01,Sirolimus,5,true
L04AH02,Everolimus,5,true
L04AJ,Inhibidores del  sistema del complemento,4,true
L04AJ01,Eculizumab,5,true
L04AJ02,Ravulizumab,5,true
L04AJ03,Pegcetacoplan,5,true
L04AJ04,Sutimlimab,5,true
L04AJ05,Avacopan,5,true
L04AJ06,Zilucoplan,5,true
L04AJ07,Crovalimab,5,true
L04AJ08,Iptacopan,5,true
L04AJ09,Danicopan,5,true
L04AJ10,Vilobelimab,5,true
L04AK,Inhibidores de la dihidroorotato deshidrogenasa (DHODH),4,true
L04AK01,Leflunomida,5,true
L04AK02,Teriflunomida,5,true
L04AL,Inhibidor del fragmento cristalizable del receptor neonatal,4,true
L04AL01,Efgartigimod alfa,5,true
L04AL02,Rozanolixizumab,5,true
L04AL03,Nipocalimab,5,true
L04AX,Otros inmunosupresores,4,true
L04AX01,Azatioprina,5,true
L04AX02,Talidomida,5,true
L04AX03,Metotrexato,5,true
L04AX04,Lenalidomida,5,true
L04AX05,Pirfenidona,5,true
L04AX06,Pomalidomida,5,true
L04AX07,Dimetil fumarato,5,true
L04AX08,Darvadstrocel,5,true
L04AX09,Fumarato de diroximel,5,true
L04AX10,Fumarato de tegomil,5,true
L04AX11,Fumarato de monometilo,5,true
L04AX92,Metisoprinol,5,true
M,SISTEMA MUSCULOESQUELETICO,1,true
M01,PRODUCTOS ANTIINFLAMATORIOS Y ANTIRREUMATICOS,2,true
M01A,PRODUCTOS ANTIINFLAMATORIOS Y ANTIRREUMATICOS NO ESTEROIDEOS,3,true
M01AA,Butilpirazolidinas,4,true
M01AA01,Fenilbutazona,5,true
M01AA02,Mofebutazona,5,true
M01AA03,Oxifenbutazona,5,true
M01AA05,Clofezona,5,true
M01AA06,Kebuzona,5,true
M01AA91,Feclobuzona,5,true
M01AA92,Suxibuzona,5,true
M01AA93,Benzpiperilona,5,true
M01AB,Derivados del acido acetico y sustancias relacionadas,4,true
M01AB01,Indometacina,5,true
M01AB02,Sulindaco,5,true
M01AB03,Tolmetina,5,true
M01AB04,Zomepiraco,5,true
M01AB05,Diclofenaco,5,true
M01AB06,Alclofenaco,5,true
M01AB07,Bumadizona,5,true
M01AB08,Etodolaco,5,true
M01AB09,Lonazolaco,5,true
M01AB10,Fentiazaco,5,true
M01AB11,Acemetacina,5,true
M01AB12,Difenpiramina,5,true
M01AB13,Oxametacina,5,true
M01AB14,Proglumetacina,5,true
M01AB15,Ketorolaco,5,true
M01AB16,Aceclofenaco,5,true
M01AB17,Bufexamaco,5,true
M01AB51,"Indometacina, combinaciones con",5,true
M01AB55,"Diclofenaco, combinaciones con",5,true
M01AB91,"Diclofenaco y misoprostol, combinaciones con",5,true
M01AB92,Glucametacina,5,true
M01AC,Oxicams,4,true
M01AC01,Piroxicam,5,true
M01AC02,Tenoxicam,5,true
M01AC04,Droxicam,5,true
M01AC05,Lornoxicam,5,true
M01AC06,Meloxicam,5,true
M01AC56,"Meloxicam, combinaciones con",5,true
M01AE,Derivados del acido propionico,4,true
M01AE01,Ibuprofeno,5,true
M01AE02,Naproxeno,5,true
M01AE03,Ketoprofeno,5,true
M01AE04,Fenoprofeno,5,true
M01AE05,Fenbufen,5,true
M01AE06,Benoxaprofeno,5,true
M01AE07,Suprofeno,5,true
M01AE08,Pirprofeno,5,true
M01AE09,Flurbiprofeno,5,true
M01AE10,Indoprofeno,5,true
M01AE11,Acido tiaprofenico,5,true
M01AE12,Oxaprozina,5,true
M01AE13,Ibuproxam,5,true
M01AE14,Dexibuprofeno,5,true
M01AE15,Flunoxaprofeno,5,true
M01AE16,Alminoprofeno,5,true
M01AE17,Dexketoprofeno,5,true
M01AE18,Naproxcinod,5,true
M01AE19,Loxoprofeno,5,true
M01AE51,"Ibuprofeno, combinaciones con",5,true
M01AE52,Naproxeno y esomeprazol,5,true
M01AE53,"Ketoprofeno, combinaciones con",5,true
M01AE56,Naproxeno y misoprostol,5,true
M01AE57,Naproxeno y difenhidramina,5,true
M01AE91,Butibufeno,5,true
M01AG,Fenamatos,4,true
M01AG01,Acido mefenamico,5,true
M01AG02,Acido tolfenamico,5,true
M01AG03,Acido flufenamico,5,true
M01AG04,Acido meclofenamico,5,true
M01AH,Coxibs,4,true
M01AH01,Celecoxib,5,true
M01AH02,Rofecoxib,5,true
M01AH03,Valdecoxib,5,true
M01AH04,Parecoxib,5,true
M01AH05,Etoricoxib,5,true
M01AH06,Lumiracoxib,5,true
M01AX,Otros agentes antiinflamatorios y antirreumaticos no esteroideos,4,true
M01AX01,Nabumetona,5,true
M01AX02,Acido niflumico,5,true
M01AX04,Azapropazona,5,true
M01AX05,Glucosamina,5,true
M01AX07,Bencidamina,5,true
M01AX12,Glucosaminoglicano polisulfato,5,true
M01AX13,Procuazona,5,true
M01AX14,Orgoteina,5,true
M01AX17,Nimesulida,5,true
M01AX18,Feprazona,5,true
M01AX21,Diacereina,5,true
M01AX22,Morniflumato,5,true
M01AX23,Tenidap,5,true
M01AX24,Oxaceprol,5,true
M01AX25,Condroitin sulfato,5,true
M01AX26,"Aguacate y aceite de semilla de soja, insaponificables",5,true
M01AX68,"Feprazona, combinaciones con",5,true
M01AX74,"Oxaceprol, combinaciones con",5,true
M01AX93,Isonixina,5,true
M01B,AGENTES ANTIINFLAMATORIOS/ ANTIRREUMATICOS EN COMBINACION,3,true
M01BA,Agentes antiinflamatorios/antirreumaticos en combinacion con corticosteroides,4,true
M01BA01,Fenilbutazona con corticosteroides,5,true
M01BA02,Dipirocetilo con corticosteroides,5,true
M01BA03,Acido acetilsalicilico con corticosteroides,5,true
M01BA91,"Indometacina y betametasona, combinaciones con",5,true
M01BA92,"Indometacina y prednisona, combinaciones con",5,true
M01BX,Otros agentes antiinflamatorios/antirreumaticos en combinacion con otros farmacos,4,true
M01BX91,"Corticosteroides y vitaminas, combinaciones con",5,true
M01C,AGENTES ANTIRREUMATICOS ESPECIFICOS,3,true
M01CA,Quinolinas,4,true
M01CA03,Oxicincofeno,5,true
M01CB,Preparados de oro,4,true
M01CB01,Aurotiomalato de sodio,5,true
M01CB02,Aurotiosulfato de sodio,5,true
M01CB03,Auranofina,5,true
M01CB04,Aurotioglucosa,5,true
M01CB05,Aurotioprol,5,true
M01CC,Penicilamina y agentes similares,4,true
M01CC01,Penicilamina,5,true
M01CC02,Bucilamina,5,true
M01CX,Otros agentes antirreumaticos especificos,4,true
M02,PRODUCTOS TOPICOS PARA EL DOLOR ARTICULAR Y MUSCULAR,2,true
M02A,PRODUCTOS TOPICOS PARA EL DOLOR ARTICULAR Y MUSCULAR,3,true
M02AA,Preparados con antiinflamatorios no esteroideos para uso topico,4,true
M02AA01,Fenilbutazona,5,true
M02AA02,Mofebutazona,5,true
M02AA03,Clofezona,5,true
M02AA04,Oxifenbutazona,5,true
M02AA05,Bencidamina,5,true
M02AA06,Etofenamato,5,true
M02AA07,Piroxicam,5,true
M02AA08,Felbinaco,5,true
M02AA09,Bufexamaco,5,true
M02AA10,Ketoprofeno,5,true
M02AA11,Bendazaco,5,true
M02AA12,Naproxeno,5,true
M02AA13,Ibuprofeno,5,true
M02AA14,Fentiazaco,5,true
M02AA15,Diclofenaco,5,true
M02AA16,Feprazona,5,true
M02AA17,Acido niflumico,5,true
M02AA18,Acido meclofenamico,5,true
M02AA19,Flurbiprofeno,5,true
M02AA21,Tolmetina,5,true
M02AA22,Suxibuzona,5,true
M02AA23,Indometacina,5,true
M02AA24,Nifenazona,5,true
M02AA25,Aceclofenaco,5,true
M02AA26,Nimesulida,5,true
M02AA27,Dexketoprofeno,5,true
M02AA28,Piketoprofeno,5,true
M02AA31,Loxoprofeno,5,true
M02AA51,"Fenilbutazona, combinaciones con",5,true
M02AA55,"Bencidamina, combinaciones con",5,true
M02AA91,Aceclofenaco,5,true
M02AA92,Mabruprofeno,5,true
M02AA93,Ibuproxam,5,true
M02AA94,Butibufeno,5,true
M02AA96,Dexketoprofeno,5,true
M02AA99,Fepradinol,5,true
M02AB,Preparados con capsaicina y agentes similares,4,true
M02AB01,Capsaicina,5,true
M02AB02,Zucapsaicina,5,true
M02AB91,Capsaicina,5,true
M02AC,Preparados con acido salicilico y derivados,4,true
M02AC91,Salicilico acido,5,true
M02AC92,Salicilico acido combinaciones con,5,true
M02AX,Otros productos topicos para el dolor articular y muscular,4,true
M02AX02,Tolazolina,5,true
M02AX03,Dimetil sulfoxido,5,true
M02AX05,Idrocilamida,5,true
M02AX10,Varios,5,true
M02AX91,Alcohol alcanforado,5,true
M02AX92,Alcohol de romero,5,true
M02AX93,"Nonivamida y nicotinico acido, combinaciones con",5,true
M02AX94,Cimeno,5,true
M03,RELAJANTES MUSCULARES,2,true
M03A,AGENTES RELAJANTES MUSCULARES DE ACCION PERIFERICA,3,true
M03AA,Alcaloides curares,4,true
M03AA01,"Alcuronio, cloruro de",5,true
M03AA02,Tubocurarina,5,true
M03AA04,Dimetiltubocurarina,5,true
M03AB,Derivados de la colina,4,true
M03AB01,"Suxametonio, cloruro de",5,true
M03AC,Otros compuestos de amonio cuaternario,4,true
M03AC01,"Pancuronio, bromuro de",5,true
M03AC02,Galamina,5,true
M03AC03,"Vecuronio, bromuro de",5,true
M03AC04,"Atracurio, besilato de",5,true
M03AC05,"Hexafluronio, bromuro de",5,true
M03AC06,"Pipecuronio, bromuro de",5,true
M03AC07,"Doxacurio, cloruro de",5,true
M03AC08,"Fazadinio, bromuro de",5,true
M03AC09,"Rocuronio, bromuro de",5,true
M03AC10,"Mivacurio, cloruro de",5,true
M03AC11,Cisatracurio,5,true
M03AX,Otros agentes relajantes musculares de accion periferica,4,true
M03AX01,"Botulinica, toxina",5,true
M03B,AGENTES RELAJANTES MUSCULARES DE ACCION CENTRAL,3,true
M03BA,Esteres del acido carbamico,4,true
M03BA01,Fenprobamato,5,true
M03BA02,Carisoprodol,5,true
M03BA03,Metocarbamol,5,true
M03BA04,Estiramato,5,true
M03BA05,Febarbamato,5,true
M03BA51,"Fenprobamato, combinaciones excluyendo psicolepticos",5,true
M03BA52,"Carisoprodol, combinaciones excluyendo psicolepticos",5,true
M03BA53,"Metocarbamol, combinaciones excluyendo psicolepticos",5,true
M03BA71,"Fenprobamato, combinaciones con psicolepticos",5,true
M03BA72,"Carisoprodol, combinaciones con psicolepticos",5,true
M03BA73,"Metocarbamol, combinaciones con psicolepticos",5,true
M03BB,"Derivados oxazolicos, tiazinicos y triazinicos",4,true
M03BB02,Clormezanona,5,true
M03BB03,Clorzoxazona,5,true
M03BB52,"Clormezanona, combinaciones excluyendo psicolepticos",5,true
M03BB53,"Clorzoxazona, combinaciones excluyendo psicolepticos",5,true
M03BB72,"Clormezanona, combinaciones con psicolepticos",5,true
M03BB73,"Clorzoxazona, combinaciones con psicolepticos",5,true
M03BC,Esteres quimicamente relacionados con antihistaminicos,4,true
M03BC01,Orfenadrina (citrato),5,true
M03BC51,"Orfenadrina, combinaciones con",5,true
M03BX,Otros agentes de accion central,4,true
M03BX01,Baclofeno,5,true
M03BX02,Tizanidina,5,true
M03BX04,Tolperisona,5,true
M03BX06,Mefenesina,5,true
M03BX07,Tetrazepam,5,true
M03BX08,Ciclobenzaprina,5,true
M03BX09,Eperisona,5,true
M03BX30,Feniraminol,5,true
M03BX53,"Pridinol, combinaciones",5,true
M03BX55,"Tiocolchicosido, combinaciones con",5,true
M03C,AGENTES RELAJANTES MUSCULARES DE ACCION DIRECTA,3,true
M03CA,Dantroleno y derivados,4,true
M03CA01,Dantroleno,5,true
M04,PREPARADOS ANTIGOTOSOS,2,true
M04A,PREPARADOS ANTIGOTOSOS,3,true
M04AA,Preparados que inhiben la produccion de acido urico,4,true
M04AA01,Alopurinol,5,true
M04AA02,Tisopurina,5,true
M04AA03,Febuxostat,5,true
M04AA51,"Alopurinol, combinaciones con",5,true
M04AB,Preparados que aumentan la excrecion de acido urico,4,true
M04AB01,Probenecid,5,true
M04AB02,Sulfinpirazona,5,true
M04AB03,Benzbromarona,5,true
M04AB04,Isobromindiona,5,true
M04AB05,Lesinurad,5,true
M04AB06,Dotinurad,5,true
M04AB91,Benziodarona,5,true
M04AC,Preparados sin efecto sobre el metabolismo del acido urico,4,true
M04AC01,Colchicina,5,true
M04AC02,Cincofeno,5,true
M04AC51,Colchicina combinaciones con,5,true
M04AX,Otros preparados antigotosos,4,true
M04AX01,Urato oxidasa,5,true
M04AX02,Pegloticasa,5,true
M05,FARMACOS PARA EL TRATAMIENTO DE ENFERMEDADES OSEAS,2,true
M05B,AGENTES QUE AFECTAN LA ESTRUCTURA OSEA Y LA MINERALIZACION,3,true
M05BA,Bifosfonatos,4,true
M05BA01,Acido etidronico,5,true
M05BA02,Acido clodronico,5,true
M05BA03,Acido pamidronico,5,true
M05BA04,Acido alendronico,5,true
M05BA05,Acido tiludronico,5,true
M05BA06,Acido ibandronico,5,true
M05BA07,Acido risedronico,5,true
M05BA08,Acido zoledronico,5,true
M05BB,"Bifosfonatos, combinaciones",4,true
M05BB01,"Acido etidronico y calcio, preparados secuenciales",5,true
M05BB02,"Acido risedronico y calcio, preparados secuenciales",5,true
M05BB03,Acido alendronico y colecalciferol,5,true
M05BB04,"Acido risedronico, calcio y colecalciferol, preparados secuenciales",5,true
M05BB05,"Acido alendronico, calcio y colecalciferol, preparados secuenciales",5,true
M05BB06,Acido alendronico y alfacalcidol secuencial,5,true
M05BB09,acido ibandronico y colecaciferol,5,true
M05BC,Proteinas morfogeneticas oseas,4,true
M05BX,Otros agentes que afectan la estructura osea y la mineralizacion,4,true
M05BX01,Ipriflavona,5,true
M05BX02,Hidrocloruro de aluminio,5,true
M05BX03,"Estroncio, ranelato de",5,true
M05BX04,Denosumab,5,true
M05BX05,Burosumab,5,true
M05BX06,Romosozumab,5,true
M05BX07,Vosoritida,5,true
M05BX08,Menatetrenona,5,true
M09,OTROS FARMACOS PARA DESORDENES DEL SISTEMA MUSCULOESQUELETICOS,2,true
M09A,OTROS FARMACOS PARA DESORDENES DEL SISTEMA MUSCULOESQUELETICOS,3,true
M09AA,Quinina y derivados,4,true
M09AA01,Hidroquinina,5,true
M09AA72,"Quinina, combinaciones con psicolepticos",5,true
M09AB,Enzimas,4,true
M09AB01,Quimopapaina,5,true
M09AB02,Colagenasa de clostridium histolitico,5,true
M09AB52,"Tripsina, combinaciones con",5,true
M09AB91,Proteasa,5,true
M09AB92,Tiomucasa,5,true
M09AB93,"Enzimas, combinaciones con",5,true
M09AX,Otros farmacos para desordenes del sistema musculoesqueletico,4,true
M09AX01,Acido hialuronico,5,true
M09AX02,Condrocitos autologos,5,true
M09AX03,Atalureno,5,true
M09AX07,Nusinersen,5,true
M09AX09,Onasemnogen abeparvovec,5,true
M09AX10,Risdiplam,5,true
M09AX11,Palovaroteno,5,true
M09AX14,Givinostat,5,true
M09AX15,Delandistrogen moxeparvovec,5,true
M09AX16,Apitegromab,5,true
M09AX91,"Nucleotidos, combinaciones con",5,true
N,SISTEMA NERVIOSO,1,true
N01,ANESTESICOS,2,true
N01A,ANESTESICOS GENERALES,3,true
N01AA,Eteres,4,true
N01AA01,Eter dietilico,5,true
N01AA02,Eter divinilico,5,true
N01AB,Hidrocarburos halogenados,4,true
N01AB01,Halotano,5,true
N01AB02,Cloroformo,5,true
N01AB03,Metoxiflurano,5,true
N01AB04,Enflurano,5,true
N01AB05,Tricloroetileno,5,true
N01AB06,Isoflurano,5,true
N01AB07,Desflurano,5,true
N01AB08,Sevoflurano,5,true
N01AF,"Barbituricos, monofarmacos",4,true
N01AF01,Metohexital,5,true
N01AF02,Hexobarbital,5,true
N01AF03,Tiopental sodico,5,true
N01AG,Barbituricos en combinacion con otros farmacos,4,true
N01AG01,Narcobarbital,5,true
N01AH,Anestesicos opiodes,4,true
N01AH01,Fentanilo,5,true
N01AH02,Alfentanilo,5,true
N01AH03,Sufentanilo,5,true
N01AH04,Fenoperidina,5,true
N01AH05,Anileridina,5,true
N01AH06,Remifentanilo,5,true
N01AH51,"Fentanilo, combinaciones con",5,true
N01AX,Otros anestesicos generales,4,true
N01AX01,Droperidol,5,true
N01AX03,Ketamina,5,true
N01AX04,Propanidid,5,true
N01AX05,Alfaxalona,5,true
N01AX07,Etomidato,5,true
N01AX10,Propofol,5,true
N01AX11,Oxibato de sodio,5,true
N01AX13,Oxido nitroso,5,true
N01AX14,Esketamina,5,true
N01AX15,Xenon,5,true
N01AX63,"Oxido nitroso, combinaciones con",5,true
N01B,ANESTESICOS LOCALES,3,true
N01BA,Esteres del acido aminobenzoico,4,true
N01BA01,Metabutetamina,5,true
N01BA02,Procaina,5,true
N01BA03,Tetracaina,5,true
N01BA04,Cloroprocaina,5,true
N01BA05,Benzocaina,5,true
N01BA20,"Anestesicos topicos esteres, combinaciones con",5,true
N01BA52,"Procaina, combinaciones con",5,true
N01BA53,"Tetracaina, combinaciones con",5,true
N01BB,Amidas,4,true
N01BB01,Bupivacaina,5,true
N01BB02,Lidocaina,5,true
N01BB03,Mepivacaina,5,true
N01BB04,Prilocaina,5,true
N01BB05,Butanilicaina,5,true
N01BB06,Cincocaina,5,true
N01BB07,Etidocaina,5,true
N01BB08,Articaina,5,true
N01BB09,Ropivacaina,5,true
N01BB10,Levobupivacaina,5,true
N01BB20,Combinaciones,5,true
N01BB51,"Bupivacaina, combinaciones con",5,true
N01BB52,"Lidocaina, combinaciones con",5,true
N01BB53,"Mepivacaina, combinaciones con",5,true
N01BB54,"Prilocaina, combinaciones con",5,true
N01BB57,"Etidocaina, combinaciones con",5,true
N01BB58,"Articaina, combinaciones con",5,true
N01BC,Esteres del acido benzoico,4,true
N01BC01,Cocaina,5,true
N01BX,Otros anestesicos locales,4,true
N01BX02,Diclonina,5,true
N01BX04,Capsaicina,5,true
N02,ANALGESICOS,2,true
N02A,OPIOIDES,3,true
N02AA,Alcaloides naturales del opio,4,true
N02AA01,Morfina,5,true
N02AA02,Opio,5,true
N02AA03,Hidromorfona,5,true
N02AA04,Nicomorfina,5,true
N02AA05,Oxicodona,5,true
N02AA08,Dihidrocodeina,5,true
N02AA09,N02AA09- Diamorfina,5,true
N02AA10,Papavereto,5,true
N02AA51,"Morfina, combinaciones con",5,true
N02AA55,Oxicodona y naloxona,5,true
N02AA58,"Dihidrocodeina, combinaciones con",5,true
N02AA59,"Codeina, combinaciones excluyendo psicolepticos",5,true
N02AA79,"Codeina, combinaciones con psicolepticos",5,true
N02AB,Derivados de la fenilpiperidina,4,true
N02AB01,Cetobemidona,5,true
N02AB02,Petidina,5,true
N02AB03,Fentanilo,5,true
N02AB52,"Petidina, combinaciones excluyendo psicolepticos",5,true
N02AB72,"Petidina, combinaciones con psicolepticos",5,true
N02AC,Derivados de la difenilpropilamina,4,true
N02AC01,Dextromoramida,5,true
N02AC03,Piritramida,5,true
N02AC04,Dextropropoxifeno,5,true
N02AC05,Bezitramida,5,true
N02AC52,"Metadona, combinaciones excluyendo psicolepticos",5,true
N02AC54,"Dextropropoxifeno, combinaciones excluyendo psicolepticos",5,true
N02AC74,"Dextropropoxifeno, combinaciones con psicolepticos",5,true
N02AD,Derivados del benzomorfano,4,true
N02AD01,Pentazocina,5,true
N02AD02,Fenazocina,5,true
N02AD51,Pentazocina y naloxona,5,true
N02AE,Derivados de la oripavina,4,true
N02AE01,Buprenorfina,5,true
N02AF,Derivados del morfinano,4,true
N02AF01,Butorfanol,5,true
N02AF02,Nalbufina,5,true
N02AG,Opioides en combinacion con antiespasmodicos,4,true
N02AG01,Morfina con antiespasmodicos,5,true
N02AG02,Cetobemidona con antiespasmodicos,5,true
N02AG03,Petidina con antiespasmodicos,5,true
N02AG04,Hidromorfona con antiespasmodicos,5,true
N02AJ,Opioides combinados con otros analgesicos,4,true
N02AJ06,Codeina y paracetamol,5,true
N02AJ07,Codeina y acido acetilsalicilico,5,true
N02AJ08,Codeina e ibuprofeno,5,true
N02AJ09,Codeina y otros analgesicos no opioides,5,true
N02AJ13,Tramadol y paracetamol,5,true
N02AJ14,Tramadol y dexketoprofeno,5,true
N02AJ15,Tramadol y otros analgesicos no opioides,5,true
N02AJ16,Tramadol y celecoxib,5,true
N02AJ22,Hidrocodona y paracetamol,5,true
N02AJ23,Hidrocodona e ibuprofeno,5,true
N02AX,Otros opioides,4,true
N02AX01,Tilidina,5,true
N02AX02,Tramadol,5,true
N02AX03,Dezocina,5,true
N02AX05,Meptazinol,5,true
N02AX06,Tapentadol,5,true
N02AX52,"Tramadol, combinaciones con",5,true
N02AX91,"Etilmorfina, combinaciones con",5,true
N02B,OTROS ANALGESICOS Y ANTIPIRETICOS,3,true
N02BA,Acido salicilico y derivados,4,true
N02BA01,Acido acetilsalicilico,5,true
N02BA02,Aloxiprina,5,true
N02BA03,Salicilato de colina,5,true
N02BA04,Salicilato de sodio,5,true
N02BA05,Salicilamida,5,true
N02BA06,Salsalato,5,true
N02BA07,Etenzamida,5,true
N02BA08,Salicilato de morfolina,5,true
N02BA09,Dipirocetilo,5,true
N02BA10,Benorilato,5,true
N02BA11,Diflunisal,5,true
N02BA12,Salicilato de potasio,5,true
N02BA14,Guacetisal,5,true
N02BA15,Carbasalato de calcio,5,true
N02BA16,Salicilato de imidazol,5,true
N02BA51,"Acido acetilsalicilico, combinaciones excluyendo psicolepticos",5,true
N02BA55,"Salicilamida, combinaciones excluyendo psicolepticos",5,true
N02BA57,"Etenzamida, combinaciones excluyendo psicolepticos",5,true
N02BA59,"Dipirocetilo, combinaciones excluyendo psicolepticos",5,true
N02BA65,"Carbasalato de calcio, combinaciones excluyendo psicolepticos",5,true
N02BA67,"Salicilato de magnesio, combinaciones excluyendo psicolepticos",5,true
N02BA71,"Acido acetilsalicilico, combinaciones con psicolepticos",5,true
N02BA75,"Salicilamida, combinaciones con psicolepticos",5,true
N02BA77,"Etenzamida, combinaciones con psicolepticos",5,true
N02BA79,"Dipirocetilo, combinaciones con psicolepticos",5,true
N02BA91,Fosfosal,5,true
N02BA92,Etersalato,5,true
N02BB,Pirazolonas,4,true
N02BB01,Fenazona,5,true
N02BB02,Metamizol sodico,5,true
N02BB03,Aminofenazona,5,true
N02BB04,Propifenazona,5,true
N02BB05,Nifenazona,5,true
N02BB51,"Fenazona, combinaciones excluyendo psicolepticos",5,true
N02BB52,"Metamizol sodico, combinaciones excluyendo psicolepticos",5,true
N02BB53,"Aminofenazona, combinaciones excluyendo psicolepticos",5,true
N02BB54,"Propifenazona, combinaciones excluyendo psicolepticos",5,true
N02BB71,"Fenazona, combinaciones con psicolepticos",5,true
N02BB72,"Metamizol sodico, combinaciones con psicolepticos",5,true
N02BB73,"Aminofenazona, combinaciones con psicolepticos",5,true
N02BB74,"Propifenazona, combinaciones con psicolepticos",5,true
N02BE,Anilidas,4,true
N02BE01,Paracetamol,5,true
N02BE03,Fenacetina,5,true
N02BE04,Bucetina,5,true
N02BE05,Propacetamol,5,true
N02BE51,"Paracetamol, combinaciones excluyendo psicolepticos",5,true
N02BE53,"Fenacetina, combinaciones excluyendo psicolepticos",5,true
N02BE54,"Bucetina, combinaciones excluyendo psicolepticos",5,true
N02BE71,"Paracetamol, combinaciones con psicolepticos",5,true
N02BE73,"Fenacetina, combinaciones con psicolepticos",5,true
N02BE74,"Bucetina, combinaciones con psicolepticos",5,true
N02BF,Gabapentinoides,4,true
N02BF01,Gabapentina,5,true
N02BF02,Pregabalina,5,true
N02BG,Otros analgesicos y antipireticos,4,true
N02BG02,"Rimazolio, metilsulfato de",5,true
N02BG03,Glafenina,5,true
N02BG04,Floctafenina,5,true
N02BG06,Nefopam,5,true
N02BG07,Flupirtina,5,true
N02BG08,Ziconotida,5,true
N02BG09,Metoxiflurano,5,true
N02BG10,Cannabinoides,5,true
N02BG91,Clonixinato de lisina,5,true
N02C,PREPARADOS ANTIMIGRAÑOSOS,3,true
N02CA,Alcaloides del ergot,4,true
N02CA01,Dihidroergotamina,5,true
N02CA02,Ergotamina,5,true
N02CA03,Metisergida,5,true
N02CA04,Metisergida,5,true
N02CA07,Lisurida,5,true
N02CA51,"Dihidroergotamina, combinaciones con",5,true
N02CA52,"Ergotamina, combinaciones excluyendo psicolepticos",5,true
N02CA72,"Ergotamina, combinaciones con psicolepticos",5,true
N02CB,Derivados corticoesteroideos,4,true
N02CB01,Flumedroxona,5,true
N02CC,Agonistas selectivos de serotonina (5-HT1),4,true
N02CC01,Sumatriptan,5,true
N02CC02,Naratriptan,5,true
N02CC03,Zolmitriptan,5,true
N02CC04,Rizatriptan,5,true
N02CC05,Almotriptan,5,true
N02CC06,Eletriptan,5,true
N02CC07,Frovatriptan,5,true
N02CC08,LASMIDITAN,5,true
N02CC51,Sumatriptan y naproxeno,5,true
N02CD,Antagonistas del ligando peptido relacionado con el gen de la calcitonina (CGRP),4,true
N02CD01,Erenumab,5,true
N02CD02,Galcanezumab,5,true
N02CD03,Fremanezumab,5,true
N02CD05,Eptinezumab,5,true
N02CD06,Rimegepant,5,true
N02CD07,Atogepant,5,true
N02CX,Otros preparados antimigrañosos,4,true
N02CX02,Clonidina,5,true
N02CX03,Iprazocromo,5,true
N02CX05,Dimetotiazina,5,true
N02CX06,Oxetorona,5,true
N02CX07,Erenumab,5,true
N03,ANTIEPILEPTICOS,2,true
N03A,ANTIEPILEPTICOS,3,true
N03AA,Barbituricos y derivados,4,true
N03AA01,Metilfenobarbital,5,true
N03AA02,Fenobarbital,5,true
N03AA03,Primidona,5,true
N03AA04,Barbexaclona,5,true
N03AA30,Metarbital,5,true
N03AB,Derivados de la hidantoina,4,true
N03AB01,Etotoina,5,true
N03AB02,Fenitoina,5,true
N03AB03,Amino (difenilhidantoina) acido valerico,5,true
N03AB04,Mefenitoina,5,true
N03AB05,Fosfenitoina,5,true
N03AB52,"Fenitoina, combinaciones con",5,true
N03AB54,"Mefenitoina, combinaciones con",5,true
N03AB91,Fenotoina y fenobarbital,5,true
N03AB92,"Fenotoina, fenobarbital y metilfenobarbital",5,true
N03AB93,"Fenotoina, fenobarbital, gabob y ectilurea",5,true
N03AB94,Fenitoina y piritinol,5,true
N03AB95,"Fenotoina, fenobarbital y belladona extracto de",5,true
N03AC,Derivados de la oxazolidina,4,true
N03AC01,Parametadiona,5,true
N03AC02,Trimetadiona,5,true
N03AC03,Etadiona,5,true
N03AD,Derivados de la succinimida,4,true
N03AD01,Etosuximida,5,true
N03AD02,Fensuximida,5,true
N03AD03,Mesuximida,5,true
N03AD51,"Etosuximida, combinaciones con",5,true
N03AE,Derivados de la benzodiazepina,4,true
N03AE01,Clonazepam,5,true
N03AF,Derivados de la carboxamida,4,true
N03AF01,Carbamazepina,5,true
N03AF02,Oxcarbazepina,5,true
N03AF03,Rufinamida,5,true
N03AF04,Eslicarbazepina,5,true
N03AG,Derivados de los acidos grasos,4,true
N03AG01,Acido valproico,5,true
N03AG02,Valpromida,5,true
N03AG03,Acido aminobutirico,5,true
N03AG04,Vigabatrina,5,true
N03AG05,Progabida,5,true
N03AG06,Tiagabina,5,true
N03AX,Otros antiepilepticos,4,true
N03AX03,Sultiamo,5,true
N03AX07,Fenacemida,5,true
N03AX09,Lamotrigina,5,true
N03AX10,Felbamato,5,true
N03AX11,Topiramato,5,true
N03AX12,Gabapentina,5,true
N03AX13,Feneturida,5,true
N03AX14,Levetiracetam,5,true
N03AX15,Zonisamida,5,true
N03AX16,Pregabalina,5,true
N03AX17,Estiripentol,5,true
N03AX18,Lacosamida,5,true
N03AX19,Carisbamato,5,true
N03AX21,Retigabina,5,true
N03AX22,Perampanel,5,true
N03AX23,Brivaracetam,5,true
N03AX24,Cannabidiol,5,true
N03AX25,Cenobamato,5,true
N03AX26,Fenfluramina,5,true
N03AX27,Ganaxolona,5,true
N03AX30,Beclamida,5,true
N04,ANTIPARKINSONIANOS,2,true
N04A,AGENTES ANTICOLINERGICOS,3,true
N04AA,Aminas terciarias,4,true
N04AA01,Trihexifenidilo,5,true
N04AA02,Biperideno,5,true
N04AA03,Metixeno,5,true
N04AA04,Prociclidina,5,true
N04AA05,Profenamina,5,true
N04AA08,Dexetimida,5,true
N04AA09,Fenglutarimida,5,true
N04AA10,Mazaticol,5,true
N04AA11,Bornaprina,5,true
N04AA12,Tropatepina,5,true
N04AB,Esteres quimicamente relacionados con antihistaminicos,4,true
N04AB01,Teofilinacetato de difenhidramina,5,true
N04AB02,Orfenadrina (cloruro),5,true
N04AC,Esteres de tropina o derivados de la tropina,4,true
N04AC01,Benzatropina,5,true
N04AC30,Etilbenzatropina,5,true
N04B,AGENTES DOPAMINERGICOS,3,true
N04BA,Dopa y derivados de la dopa,4,true
N04BA01,Levodopa,5,true
N04BA02,Levodopa con inhibidor de la descarboxilasa,5,true
N04BA03,Levodopa con inhibidor de la descarboxilasa e inhibidor de la COMT,5,true
N04BA04,Melevodopa,5,true
N04BA05,Melevodopa con inhibidor de la descarboxilasa,5,true
N04BA06,Etilevodopa con inhibidor de la descarboxilasa,5,true
N04BA07,foslevodopa e inhibidor de la decarboxilasa,5,true
N04BB,Derivados del adamantano,4,true
N04BB01,Amantadina,5,true
N04BC,Agonistas dopaminergicos,4,true
N04BC01,Bromocriptina,5,true
N04BC02,Pergolida,5,true
N04BC03,"Dihidroergocriptina, mesilato de",5,true
N04BC05,Pramipexol,5,true
N04BC06,Cabergolina,5,true
N04BC07,Apomorfina,5,true
N04BC09,Rotigotina,5,true
N04BD,Inhibidores de la monoaminoxidasa B,4,true
N04BD01,Selegilina,5,true
N04BD02,Rasagilina,5,true
N04BD03,Safinamida,5,true
N04BX,Otros agentes dopaminergicos,4,true
N04BX01,Tolcapona,5,true
N04BX02,Entacapona,5,true
N04BX04,Opicapona,5,true
N05A,ANTIPSICOTICOS,3,true
N05AA,Fenotiazinas con cadena lateral alifatica,4,true
N05AA01,Clorpromazina,5,true
N05AA02,Levomepromazina,5,true
N05AA03,Promazina,5,true
N05AA04,Acepromazina,5,true
N05AA05,Triflupromazina,5,true
N05AA06,Ciamemazina,5,true
N05AA07,Clorproetazina,5,true
N05AB,Fenotiazinas con estructura piperazinica,4,true
N05AB01,Dixirazina,5,true
N05AB02,Flufenazina,5,true
N05AB03,Perfenazina,5,true
N05AB04,Proclorperazina,5,true
N05AB05,Tiopropazato,5,true
N05AB06,Trifluoperazina,5,true
N05AB07,Acetofenazina,5,true
N05AB08,Tioproperazina,5,true
N05AB09,Butaperazina,5,true
N05AB10,Perazina,5,true
N05AC,Fenotiazinas con estructura piperidinica,4,true
N05AC01,Periciazina,5,true
N05AC02,Tioridazina,5,true
N05AC03,Mesoridazina,5,true
N05AC04,Pipotiazina,5,true
N05AC53,"Tioridazina, combinaciones con",5,true
N05AD,Derivados de la butirofenona,4,true
N05AD01,Haloperidol,5,true
N05AD02,Trifluperidol,5,true
N05AD03,Melperona,5,true
N05AD04,Moperona,5,true
N05AD05,Pipamperona,5,true
N05AD06,Bromperidol,5,true
N05AD07,Benperidol,5,true
N05AD08,Droperidol,5,true
N05AD09,Fluanisona,5,true
N05AD10,lumateperona,5,true
N05AE,Derivados del indol,4,true
N05AE01,Oxipertina,5,true
N05AE02,Molindona,5,true
N05AE03,Sertindol,5,true
N05AE04,Ziprasidona,5,true
N05AE05,Lurasidona,5,true
N05AF,Derivados del tioxanteno,4,true
N05AF01,Flupentixol,5,true
N05AF02,Clopentixol,5,true
N05AF03,Clorprotixeno,5,true
N05AF04,Tiotixeno,5,true
N05AF05,Zuclopentixol,5,true
N05AG,Derivados de la difenilbutilpiperidina,4,true
N05AG01,Fluspirileno,5,true
N05AG02,Pimozida,5,true
N05AG03,Penfluridol,5,true
N05AH,"Diazepinas, oxazepinas, tiazepinas y oxepinas",4,true
N05AH01,Loxapina,5,true
N05AH02,Clozapina,5,true
N05AH03,Olanzapina,5,true
N05AH04,Quetiapina,5,true
N05AH05,Asenapina,5,true
N05AH06,Clotiapina,5,true
N05AH53,Olanzapina y samidorfano,5,true
N05AK,Neurolepticos en discinesias tardias,4,true
N05AK01,Tetrabenazina,5,true
N05AL,Benzamidas,4,true
N05AL01,Sulpirida,5,true
N05AL02,Sultoprida,5,true
N05AL03,Tiaprida,5,true
N05AL04,Remoxiprida,5,true
N05AL05,Amisulprida,5,true
N05AL06,Veraliprida,5,true
N05AL07,Levosulpirida,5,true
N05AL51,"Sulpirida, combinaciones con",5,true
N05AN,Litio,4,true
N05AN01,Litio,5,true
N05AX,Otros antipsicoticos,4,true
N05AX07,Protipendilo,5,true
N05AX08,Risperidona,5,true
N05AX09,Clotiapina,5,true
N05AX10,Mosapramina,5,true
N05AX11,Zotepina,5,true
N05AX12,Aripiprazol,5,true
N05AX13,Paliperidona,5,true
N05AX14,Iloperidona,5,true
N05AX15,Cariprazina,5,true
N05AX16,Brexpiprazol,5,true
N05AX50,Xanomelina y trospio,5,true
N05B,ANSIOLITICOS,3,true
N05BA,Derivados de la benzodiazepina,4,true
N05BA01,Diazepam,5,true
N05BA02,Clordiazepoxido,5,true
N05BA03,Medazepam,5,true
N05BA04,Oxazepam,5,true
N05BA05,Clorazepato de potasio,5,true
N05BA06,Lorazepam,5,true
N05BA07,Adinazolam,5,true
N05BA08,Bromazepam,5,true
N05BA09,Clobazam,5,true
N05BA10,Ketazolam,5,true
N05BA11,Prazepam,5,true
N05BA12,Alprazolam,5,true
N05BA13,Halazepam,5,true
N05BA14,Pinazepam,5,true
N05BA15,Camazepam,5,true
N05BA16,Nordazepam,5,true
N05BA17,Fludiazepam,5,true
N05BA18,Loflazepato de etilo,5,true
N05BA19,Etizolam,5,true
N05BA21,Clotiazepam,5,true
N05BA22,Cloxazolam,5,true
N05BA23,Tofisopam,5,true
N05BA24,Bentazepam,5,true
N05BA25,mexazolam,5,true
N05BA51,"Diazepam, combinaciones con",5,true
N05BA52,"Clordiazepoxido, combinaciones con",5,true
N05BA55,"Clorazepato dipotasico, combinaciones con",5,true
N05BA56,"Lorazepam, combinaciones con",5,true
N05BA92,Oxazolam,5,true
N05BB,Derivados del difenilmetano,4,true
N05BB01,Hidroxizina,5,true
N05BB02,Captodiamo,5,true
N05BB51,"Hidroxizina, combinaciones con",5,true
N05BC,Carbamatos,4,true
N05BC01,Meprobamato,5,true
N05BC03,Emilcamato,5,true
N05BC04,Mebutamato,5,true
N05BC51,"Meprobamato, combinaciones con",5,true
N05BC91,Febarbamato,5,true
N05BC92,Tetrabamato,5,true
N05BD,Derivados del dibenzo-biciclo-octadieno,4,true
N05BD01,Benzoctamina,5,true
N05BE,Derivados de la azaspirodecanediona,4,true
N05BE01,Buspirona,5,true
N05BX,Otros ansioliticos,4,true
N05BX01,Mefenoxalona,5,true
N05BX02,Gedocarnilo,5,true
N05BX03,Etifoxina,5,true
N05BX05,Lavandulae aetheroleum,5,true
N05BX91,Trimetozina,5,true
N05BX92,"Passiflora, Crataegus monogyna y Salix alba",5,true
N05C,HIPNOTICOS Y SEDANTES,3,true
N05CA,"Barbituricos, monofarmacos",4,true
N05CA01,Pentobarbital,5,true
N05CA02,Amobarbital,5,true
N05CA03,Butobarbital,5,true
N05CA04,Barbital,5,true
N05CA05,Aprobarbital,5,true
N05CA06,Secobarbital,5,true
N05CA07,Talbutal,5,true
N05CA08,Vinilbital,5,true
N05CA09,Vinbarbital,5,true
N05CA10,Ciclobarbital,5,true
N05CA11,Heptabarbital,5,true
N05CA12,Reposal,5,true
N05CA15,Metohexital,5,true
N05CA16,Hexobarbital,5,true
N05CA19,Tiopental,5,true
N05CA20,Etalobarbital,5,true
N05CA21,Alobarbital,5,true
N05CA22,Proxibarbal,5,true
N05CB,"Barbituricos, combinaciones",4,true
N05CB01,"Barbituricos, combinaciones de",5,true
N05CB02,Barbituricos en combinacion con otras farmacos,5,true
N05CC,Aldehidos y derivados,4,true
N05CC01,Hidrato de cloral,5,true
N05CC02,Cloralodol,5,true
N05CC03,"Hidrato de cloral, acetilglicinamida del",5,true
N05CC04,Dicloralfenazona,5,true
N05CC05,Paraldehido,5,true
N05CD,Derivados de la benzodiazepina,4,true
N05CD01,Flurazepam,5,true
N05CD02,Nitrazepam,5,true
N05CD03,Flunitrazepam,5,true
N05CD04,Estazolam,5,true
N05CD05,Triazolam,5,true
N05CD06,Lormetazepam,5,true
N05CD07,Temazepam,5,true
N05CD08,Midazolam,5,true
N05CD09,Brotizolam,5,true
N05CD10,Quazepam,5,true
N05CD11,Loprazolam,5,true
N05CD12,Doxefazepam,5,true
N05CD13,Cinolazepam,5,true
N05CD14,Remimazolam,5,true
N05CD16,Dimdazenil,5,true
N05CE,Derivados de la piperidinediona,4,true
N05CE01,Glutetimida,5,true
N05CE03,Piritildiona,5,true
N05CE53,"Piritildiona, combinaciones con",5,true
N05CF,Farmacos relacionados con las benzodiazepinas,4,true
N05CF01,Zopiclona,5,true
N05CF03,Zaleplon,5,true
N05CF04,Eszopiclona,5,true
N05CH,Agonistas del receptor de melatonina,4,true
N05CH01,Melatonina,5,true
N05CH02,Ramelteon,5,true
N05CJ,Antagonistas de los receptores de la orexina,4,true
N05CJ01,Suvorexant,5,true
N05CJ03,Daridorexant,5,true
N05CM,Otros hipnoticos y sedantes,4,true
N05CM01,Metacualona,5,true
N05CM02,Clometiazol,5,true
N05CM03,Bromisoval,5,true
N05CM04,Carbromal,5,true
N05CM05,Escopolamina,5,true
N05CM06,Propiomazina,5,true
N05CM09,Valerianae radix,5,true
N05CM10,Hexapropimato,5,true
N05CM12,Apronal,5,true
N05CM13,Valnoctamida,5,true
N05CM16,Niaprazina,5,true
N05CM17,Melatonina,5,true
N05CM18,Dexmedetomidina,5,true
N05CM19,Suvorexant,5,true
N05CM21,Lemborexant,5,true
N05CM92,Valtrato,5,true
N05CM93,Glutamato magnesico bromhidrato,5,true
N05CM94,Mepiprazol,5,true
N05CM95,"Glutamato magnesico bromhidrato y prometazina, combinaciones",5,true
N05CX,"Hipnoticos y sedantes en combinacion, excluyendo barbituricos",4,true
N05CX01,"Meprobamato, combinaciones con",5,true
N05CX02,"Metacualona, combinaciones con",5,true
N05CX03,"Metilpentinol, combinaciones con",5,true
N05CX04,"Clometiazol, combinaciones con",5,true
N05CX05,"Emepronio, bromuro de, combinaciones con",5,true
N05CX06,"Dipiperonilaminoetanol, combinaciones con",5,true
N05CX91,"Bromuro y doxilamina, combinaciones con",5,true
N05CX92,"Glutamato magnesico y prometazina, combinaciones con",5,true
N06,PSICOANALEPTICOS,2,true
N06A,ANTIDEPRESIVOS,3,true
N06AA,Inhibidores no selectivos de la recaptacion de monoaminas,4,true
N06AA01,Desipramina,5,true
N06AA02,Imipramina,5,true
N06AA03,Imipraminoxido,5,true
N06AA04,Clomipramina,5,true
N06AA05,Opipramol,5,true
N06AA06,Trimipramina,5,true
N06AA07,Lofepramina,5,true
N06AA08,Dibenzepina,5,true
N06AA09,Amitriptilina,5,true
N06AA10,Nortriptilina,5,true
N06AA11,Protriptilina,5,true
N06AA12,Doxepina,5,true
N06AA13,Iprindol,5,true
N06AA14,Melitraceno,5,true
N06AA15,Butriptilina,5,true
N06AA16,Dosulepina,5,true
N06AA17,Amoxapina,5,true
N06AA18,Dimetacrina,5,true
N06AA19,Amineptina,5,true
N06AA21,Maprotilina,5,true
N06AA23,Quinupramina,5,true
N06AA52,"Imipramina, combinaciones con",5,true
N06AB,Inhibidores selectivos de la recaptacion de serotonina,4,true
N06AB02,Zimeldina,5,true
N06AB03,Fluoxetina,5,true
N06AB04,Citalopram,5,true
N06AB05,Paroxetina,5,true
N06AB06,Sertralina,5,true
N06AB07,Alaproclato,5,true
N06AB08,Fluvoxamina,5,true
N06AB09,Etoperidona,5,true
N06AB10,Escitalopram,5,true
N06AF,Inhibidores no selectivos de la monoaminooxidasa,4,true
N06AF01,Isocarboxazida,5,true
N06AF02,Nialamida,5,true
N06AF03,Fenelzina,5,true
N06AF04,Tranilcipromina,5,true
N06AF05,Iproniazida,5,true
N06AF06,Iproclozida,5,true
N06AG,Inhibidores de la monoaminooxidasa A,4,true
N06AG02,Moclobemida,5,true
N06AG03,Toloxatona,5,true
N06AX,Otros antidepresivos,4,true
N06AX01,Oxitriptan,5,true
N06AX02,Triptofano,5,true
N06AX03,Mianserina,5,true
N06AX04,Nomifensina,5,true
N06AX05,Trazodona,5,true
N06AX06,Nefazodona,5,true
N06AX07,Minaprina,5,true
N06AX08,Bifemelano,5,true
N06AX09,Viloxazina,5,true
N06AX10,Oxaflozano,5,true
N06AX11,Mirtazapina,5,true
N06AX12,Bupropion,5,true
N06AX13,Medifoxamina,5,true
N06AX14,Tianeptina,5,true
N06AX15,Pivagabina,5,true
N06AX16,Venlafaxina,5,true
N06AX17,Milnacipran,5,true
N06AX18,Reboxetina,5,true
N06AX19,Gepirona,5,true
N06AX21,Duloxetina,5,true
N06AX22,Agomelatina,5,true
N06AX23,Desvenlafaxina,5,true
N06AX24,Vilazodona,5,true
N06AX25,Hiperici herba,5,true
N06AX26,Vortioxetina,5,true
N06AX27,Esketamina,5,true
N06AX28,levomilnacipran,5,true
N06AX29,Brexanolona,5,true
N06AX31,Zuranolona,5,true
N06AX62,Bupropion y dextrometorfano,5,true
N06AX91,Pirlindol,5,true
N06B,"PSICOESTIMULANTES, AGENTES UTILIZADOS PARA EL TDAH Y NOOTROPICOS",3,true
N06BA,Agentes simpaticomimeticos de accion central,4,true
N06BA01,Anfetamina,5,true
N06BA02,Dexanfetamina,5,true
N06BA03,Metanfetamina,5,true
N06BA04,Metilfenidato,5,true
N06BA05,Pemolina,5,true
N06BA06,Fencanfamina,5,true
N06BA07,Modafinilo,5,true
N06BA08,Fenozolona,5,true
N06BA09,Atomoxetina,5,true
N06BA10,Fenetilina,5,true
N06BA11,Dexmetilfenidato,5,true
N06BA12,Lisdexanfetamina,5,true
N06BA14,Solriamfetol,5,true
N06BA15,Dexmetilfenidato y serdexmetilfenidato,5,true
N06BA55,"Pemolina, combinaciones con",5,true
N06BC,Derivados de la xantina,4,true
N06BC01,Cafeina,5,true
N06BC02,Propentofilina,5,true
N06BX,Otros psicoestimulantes y nootropicos,4,true
N06BX01,Meclofenoxato,5,true
N06BX03,Piracetam,5,true
N06BX04,Deanol,5,true
N06BX05,Fipexida,5,true
N06BX06,Citicolina,5,true
N06BX07,Oxiracetam,5,true
N06BX08,Pirisudanol,5,true
N06BX09,Linopirdina,5,true
N06BX10,Nizofenona,5,true
N06BX11,Aniracetam,5,true
N06BX12,Acetilcarnitina,5,true
N06BX13,Idebenona,5,true
N06BX14,Prolintano,5,true
N06BX15,Pipradrol,5,true
N06BX16,Pramiracetam,5,true
N06BX17,Adrafinilo,5,true
N06BX18,Vinpocetina,5,true
N06BX52,"Piritinol, combinaciones con",5,true
N06BX53,Piracetam y cinarizina,5,true
N06BX54,"Deanol, combinaciones con",5,true
N06BX64,"Prolintano, combinaciones con",5,true
N06BX91,"Piracetam, combinaciones con otros psicoanalepticos",5,true
N06BX93,Fosfolipidos en combinacion,5,true
N06BX94,Gabob (Gamma amino butirico acido),5,true
N06BX95,Gabob en combinacion,5,true
N06C,PSICOLEPTICOS Y PSICOANALEPTICOS EN COMBINACION,3,true
N06CA,Antidepresivos en combinacion con psicolepticos,4,true
N06CA01,Amitriptilina y psicolepticos,5,true
N06CA02,Melitraceno y psicolepticos,5,true
N06CA91,Amitriptilina y perfenazina,5,true
N06CA92,Amitriptilina y medazepam,5,true
N06CA93,Nortriptilina y perfenazina,5,true
N06CA94,Nortriptilina y diazepam,5,true
N06CA95,Melitraceno y flupentixol,5,true
N06CB,Psicoestimulantes en combinacion con psicolepticos,4,true
N06CB91,"Antidepresivos y psicolepticos, otras combinaciones",5,true
N06D,FARMACOS ANTI-DEMENCIA,3,true
N06DA,Anticolinesterasas,4,true
N06DA01,Tacrina,5,true
N06DA02,Donepezilo,5,true
N06DA03,Rivastigmina,5,true
N06DA04,Galantamina,5,true
N06DA06,Benzgalantamina,5,true
N06DA52,Donepezilo y memantina,5,true
N06DX,Otros farmacos anti-demencia,4,true
N06DX01,Memantina,5,true
N06DX03,aducanumab,5,true
N06DX04,Lecanemab,5,true
N06DX05,Donanemab,5,true
N06DX06,Blarcamesina,5,true
N06DX07,Hidrometiltionina,5,true
N07,OTROS FARMACOS QUE ACTUAN SOBRE EL SISTEMA NERVIOSO,2,true
N07A,PARASIMPATICOMIMETICOS,3,true
N07AA,Inhibidores de la acetilcolinesterasa,4,true
N07AA01,Neostigmina,5,true
N07AA02,Piridostigmina,5,true
N07AA03,Distigmina,5,true
N07AA30,"Ambenonio, cloruro de",5,true
N07AA51,"Neostigmina, combinaciones con",5,true
N07AA91,Edrofonio,5,true
N07AB,Esteres de la colina,4,true
N07AB01,Carbacol,5,true
N07AB02,Betanecol,5,true
N07AX,Otros parasimpaticomimeticos,4,true
N07AX01,Pilocarpina,5,true
N07AX02,"Colina, alfoscerato de",5,true
N07AX03,Cevimelina,5,true
N07B,FARMACOS USADOS EN DESORDENES ADICTIVOS,3,true
N07BA,Farmacos usados en la dependencia a nicotina,4,true
N07BA01,Nicotina,5,true
N07BA02,Bupropion,5,true
N07BA03,Vareniclina,5,true
N07BA04,Citisiniclina,5,true
N07BB,Farmacos usados en la dependencia al alcohol,4,true
N07BB01,Disulfiram,5,true
N07BB02,Carbimida calcica,5,true
N07BB03,Acamprosato,5,true
N07BB04,Naltrexona,5,true
N07BB05,Nalmefeno,5,true
N07BC,Farmacos usados en la dependencia a opioides,4,true
N07BC01,Buprenorfina,5,true
N07BC02,Metadona,5,true
N07BC03,Levacetilmetadol,5,true
N07BC04,Lofexidina,5,true
N07BC05,Levometadona,5,true
N07BC06,Diamorfina,5,true
N07BC51,"Buprenorfina, combinaciones con",5,true
N07C,PREPARADOS CONTRA EL VERTIGO,3,true
N07CA,Preparados contra el vertigo,4,true
N07CA01,Betahistina,5,true
N07CA02,Cinarizina,5,true
N07CA03,Flunarizina,5,true
N07CA04,Acetileucina,5,true
N07CA52,"Cinarizina, combinaciones con",5,true
N07X,OTROS FARMACOS QUE ACTUAN SOBRE EL SISTEMA NERVIOSO,3,true
N07XA,Gangliosidos y derivados de gangliosidos,4,true
N07XX,Otros farmacos que actuan sobre el sistema nervioso,4,true
N07XX01,Tirilazad,5,true
N07XX03,Xaliprodeno,5,true
N07XX04,Oxibato de sodio,5,true
N07XX05,Amifampridina,5,true
N07XX06,Tetrabenazina,5,true
N07XX07,Fampridina,5,true
N07XX08,Tafamidis,5,true
N07XX10,Laquinimod,5,true
N07XX11,Pitolisant,5,true
N07XX12,Patisiran,5,true
N07XX16,Deutetrabenazina,5,true
N07XX17,Arimoclomol,5,true
N07XX18,Vutrisiran,5,true
N07XX19,Fenilbutirato de sodio y ursodoxicoltaurina,5,true
N07XX24,Trofinetida,5,true
N07XX25,Omaveloxolona,5,true
N07XX26,Pridopidina,5,true
N07XX27,Levacetileucina,5,true
N07XX91,Magnesio sulfato,5,true
P,"PRODUCTOS ANTIPARASITARIOS, INSECTICIDAS Y REPELENTES",1,true
P01,ANTIPROTOZOARIOS,2,true
P01A,AGENTES CONTRA LA AMEBIASIS Y OTRAS ENFERMEDADES POR PROTOZOARIOS,3,true
P01AA,Derivados de la hidroxiquinolina,4,true
P01AA01,Broxiquinolina,5,true
P01AA02,Clioquinol,5,true
P01AA04,Clorquinaldol,5,true
P01AA05,Tilbroquinol,5,true
P01AA30,tilbroquinol and tiliquinol,5,true
P01AA52,"Clioquinol, combinaciones con",5,true
P01AB,Derivados del nitroimidazol,4,true
P01AB01,Metronidazol,5,true
P01AB02,Tinidazol,5,true
P01AB03,Ornidazol,5,true
P01AB04,Azanidazol,5,true
P01AB05,Propenidazol,5,true
P01AB06,Nimorazol,5,true
P01AB07,Secnidazol,5,true
P01AB51,Metronidazol y furazolidona,5,true
P01AB52,metronidazol y diloxanida,5,true
P01AB53,Tinidazol y diloxanida,5,true
P01AC,Derivados de la dicloroacetamida,4,true
P01AC01,Diloxanida,5,true
P01AC02,Clefamida,5,true
P01AC03,Etofamida,5,true
P01AC04,Teclozan,5,true
P01AR,Compuestos del arsenico,4,true
P01AR01,Arstinol,5,true
P01AR02,Difetarsona,5,true
P01AR03,Glicobiarsol,5,true
P01AR53,"Glicobiarsol, combinaciones con",5,true
P01AX,Otros agentes contra la amebiasis y otras enfermedades por protozoarios,4,true
P01AX01,Quiniofon,5,true
P01AX02,Emetina,5,true
P01AX04,Fanquinona,5,true
P01AX05,Mepacrina,5,true
P01AX06,Atovacuona,5,true
P01AX07,Trimetrexato,5,true
P01AX08,Tenonitrozol,5,true
P01AX09,Dihidroemetina,5,true
P01AX10,Fumagilina,5,true
P01AX11,Nitazoxanida,5,true
P01AX52,"Emetina, combinaciones con",5,true
P01B,ANTIPALUDICOS,3,true
P01BA,Aminoquinolinas,4,true
P01BA01,Cloroquina,5,true
P01BA02,Hidroxicloroquina,5,true
P01BA03,Primaquina,5,true
P01BA05,Mefloquina,5,true
P01BA06,Amodiaquina,5,true
P01BB,Biguanidas,4,true
P01BB01,Proguanil,5,true
P01BB02,Cicloguanil embonato,5,true
P01BB51,Proguanil y atovacuona,5,true
P01BB52,cloroquina y proguanil,5,true
P01BC,Metanolquinolinas,4,true
P01BC01,Quinina,5,true
P01BC02,Mefloquina,5,true
P01BD,Diaminopirimidinas,4,true
P01BD01,Pirimetamina,5,true
P01BD51,"Pirimetamina, combinaciones con",5,true
P01BE,"Artemisinina y derivados, monofarmacos",4,true
P01BE01,Artemisinina,5,true
P01BE02,Artemetero,5,true
P01BE03,Artesunato,5,true
P01BE04,Artemotilo,5,true
P01BE05,Artenimol,5,true
P01BE52,"Artemetero, combinaciones",5,true
P01BF,"Artemisinina y derivados, combinaciones",4,true
P01BF01,Artemetero y lumefantrina,5,true
P01BF02,Artesunato y mefloquina,5,true
P01BF03,Artesunato y amodiaquina,5,true
P01BF04,"Artesunato, sulfametopirazina y pirimetamina",5,true
P01BF05,Artenimol y piperaquina,5,true
P01BF06,Artesunato y pironaridina,5,true
P01BF07,artemisinina y piperaquina,5,true
P01BF08,artemisinina y naftoquina,5,true
P01BF09,"artesunato, sulfadoxina y pirimetamina",5,true
P01BX,Otros antipaludicos,4,true
P01BX01,Halofantrina,5,true
P01C,AGENTES CONTRA LA LEISHMANIASIS Y OTRAS TRIPANOSOMIASIS,3,true
P01CA,Derivados del nitroimidazol,4,true
P01CA02,Benznidazol,5,true
P01CB,Compuestos antimoniales,4,true
P01CB01,"Meglumina, antimoniato de",5,true
P01CB02,Estibogluconato de sodio,5,true
P01CC,Derivados del nitrofurano,4,true
P01CC02,Nitrofural,5,true
P01CD,Compuestos del arsenico,4,true
P01CD01,Melarsoprol,5,true
P01CD02,Acetarsol,5,true
P01CX,Otros agentes contra la leishmaniasis y tripanosomiasis,4,true
P01CX01,"Pentamidina, isetionanto de",5,true
P01CX02,Suramina sodica,5,true
P01CX03,Eflornitina,5,true
P01CX04,Miltefosina,5,true
P02,ANTIHELMINTICOS,2,true
P02B,ANTITREMATODOS,3,true
P02BA,Derivados de la quinolina y sustancias relacionadas,4,true
P02BA01,Prazicuantel,5,true
P02BA02,Oxamniquina,5,true
P02BA03,Arprazicuantel,5,true
P02BB,Compuestos organofosforados,4,true
P02BB01,Metrifonato,5,true
P02BX,Otros agentes antitrematodos,4,true
P02BX02,Niridazol,5,true
P02BX04,Triclabendazol,5,true
P02C,ANTINEMATODOS,3,true
P02CA,Derivados del benzimidazol,4,true
P02CA01,Mebendazol,5,true
P02CA02,Tiabendazol,5,true
P02CA03,Albendazol,5,true
P02CA04,Ciclobendazol,5,true
P02CA05,Flubendazol,5,true
P02CA06,Fenbendazol,5,true
P02CA51,"Mebendazol, combinaciones con",5,true
P02CA53,Albendazol y ivermectina,5,true
P02CB,Piperazina y derivados,4,true
P02CB01,Piperazina,5,true
P02CB02,Dietilcarbamazina,5,true
P02CC,Derivados de la tetrahidropirimidina,4,true
P02CC01,Pirantel,5,true
P02CC02,Oxantel,5,true
P02CE,Derivados del imidazotiazol,4,true
P02CE01,Levamisol,5,true
P02CF,Avermectinas,4,true
P02CF01,Ivermectina,5,true
P02CX,Otros antinematodos,4,true
P02CX02,"Befenio, hidroxinaftoato de",5,true
P02D,ANTICESTODOS,3,true
P02DA,Derivados del acido salicilico,4,true
P02DA01,Niclosamida,5,true
P02DX,Otros anticestodos,4,true
P02DX01,Desaspidina,5,true
P03,"ECTOPARASITICIDAS, INCLUYENDO ESCABICIDAS, INSECTICIDAS Y REPELENTES",2,true
P03A,"ECTOPARASITICIDAS, INCLUYENDO ESCABICIDAS",3,true
P03AA,Productos que contienen azufre,4,true
P03AA01,Dixantogeno,5,true
P03AA02,Polisulfato de potasio,5,true
P03AA03,Mesulfeno,5,true
P03AA04,Disulfiram,5,true
P03AA05,Tiram,5,true
P03AA54,"Disulfiram, combinaciones con",5,true
P03AB,Productos que contienen cloro,4,true
P03AB01,Clofenotano,5,true
P03AB02,Lindano,5,true
P03AB51,"Clofenotano, combinaciones con",5,true
P03AB52,Lindano en asociacion,5,true
P03AC,"Piretrinas, incluyendo compuestos sinteticos",4,true
P03AC01,Piretro,5,true
P03AC02,Bioaletrina,5,true
P03AC03,Fenotrina,5,true
P03AC04,Permetrina,5,true
P03AC51,"Piretro, combinaciones con",5,true
P03AC52,"Bioaletrina, combinaciones con",5,true
P03AC53,"Fenotrina, combinaciones con",5,true
P03AC54,"Permetrina, combinaciones con",5,true
P03AX,"Otros ectoparasiticidas, incluyendo escabicidas",4,true
P03AX01,Benzoato de bencilo,5,true
P03AX02,Oleinato de cobre,5,true
P03AX03,Malation,5,true
P03AX04,Cuasia,5,true
P03AX05,Dimeticona,5,true
P03AX07,abametapir,5,true
P03AX91,Crotamiton,5,true
P03B,INSECTICIDAS Y REPELENTES,3,true
P03BA,Piretrinas,4,true
P03BA01,Ciflutrina,5,true
P03BA02,Cipermetrina,5,true
P03BA03,Decametrina,5,true
P03BA04,Tetrametrina,5,true
P03BX,Otros insecticidas y repelentes,4,true
P03BX01,Dietiltoluamida,5,true
P03BX02,Ftalato de dimetilo,5,true
P03BX03,Ftalato de dibutilo,5,true
P03BX04,Succinato de dibutilo,5,true
P03BX05,Dimetilcarbato de dietilo,5,true
P03BX06,Etohexadiol,5,true
R,SISTEMA RESPIRATORIO,1,true
R01,PREPARADOS DE USO NASAL,2,true
R01A,DESCONGESTIVOS Y OTROS PREPARADOS NASALES PARA USO TOPICO,3,true
R01AA,"Simpaticomimeticos, monofarmacos",4,true
R01AA02,Ciclopentamina,5,true
R01AA03,Efedrina,5,true
R01AA04,Fenilefrina,5,true
R01AA05,Oximetazolina,5,true
R01AA06,Tetrizolina,5,true
R01AA07,Xilometazolina,5,true
R01AA08,Nafazolina,5,true
R01AA09,Tramazolina,5,true
R01AA10,Metizolina,5,true
R01AA11,Tuaminoheptano,5,true
R01AA12,Fenoxazolina,5,true
R01AA13,Timazolina,5,true
R01AA14,Epinefrina,5,true
R01AB,"Simpaticomimeticos, combinaciones excluyendo corticosteroides",4,true
R01AB01,Fenilefrina,5,true
R01AB02,Nafazolina,5,true
R01AB03,Tetrizolina,5,true
R01AB05,Efedrina,5,true
R01AB06,Xilometazolina,5,true
R01AB07,Oximetazolina,5,true
R01AB08,Tuaminoheptano,5,true
R01AC,"Agentes antialergicos, excluyendo corticosteroides",4,true
R01AC01,Acido cromoglicico,5,true
R01AC02,Levocabastina,5,true
R01AC03,Azelastina,5,true
R01AC04,Antazolina,5,true
R01AC05,Acido espaglumico,5,true
R01AC06,Tonzilamina,5,true
R01AC07,NedocromilO,5,true
R01AC08,Olopatadina,5,true
R01AC51,"Acido cromoglicico, combinaciones con",5,true
R01AD,Corticosteroides,4,true
R01AD01,Beclometasona,5,true
R01AD02,Prednisolona,5,true
R01AD03,Dexametasona,5,true
R01AD04,Flunisolida,5,true
R01AD05,Budesonida,5,true
R01AD06,Betametasona,5,true
R01AD07,Tixocortol,5,true
R01AD08,Fluticasona,5,true
R01AD09,Mometasona,5,true
R01AD11,Triamcinolona,5,true
R01AD12,"Fluticasona, furoato de",5,true
R01AD52,"Prednisolona, combinaciones con",5,true
R01AD53,"Dexametasona, combinaciones con",5,true
R01AD57,"Tixocortol, combinaciones con",5,true
R01AD58,"Fluticasona, combinaciones con",5,true
R01AD59,"Mometasona, combinaciones con",5,true
R01AD60,"Hidrocortisona, combinaciones con",5,true
R01AX,Otros preparados nasales,4,true
R01AX01,Tiocianato de hexamida y calcio,5,true
R01AX02,Retinol,5,true
R01AX03,"Ipratropio, bromuro de",5,true
R01AX05,Ritiometan,5,true
R01AX06,Mupirocina,5,true
R01AX07,Hexamidina,5,true
R01AX08,Framicetina,5,true
R01AX09,Acido hialuronico,5,true
R01AX10,Varios,5,true
R01AX30,Combinaciones,5,true
R01AX91,"Esencias vegetales, combinaciones de",5,true
R01B,DESCONGESTIVOS NASALES PARA USO SISTEMICO,3,true
R01BA,Simpaticomimeticos,4,true
R01BA01,Fenilpropanolamina,5,true
R01BA02,Pseudoefedrina,5,true
R01BA03,Fenilefrina,5,true
R01BA51,"Fenilpropanolamina, combinaciones con",5,true
R01BA52,"Pseudoefedrina, combinaciones con",5,true
R01BA53,"Fenilefrina, combinaciones con",5,true
R02,PREPARADOS PARA LA GARGANTA,2,true
R02A,PREPARADOS PARA LA GARGANTA,3,true
R02AA,Antisepticos,4,true
R02AA01,Ambazona,5,true
R02AA02,"Decualinio, cloruro de",5,true
R02AA03,Alcohol diclorobencilico,5,true
R02AA05,Clorhexidina,5,true
R02AA06,"Cetilpiridinio, cloruro de",5,true
R02AA09,"Bencetonio, cloruro de",5,true
R02AA10,"Benzalconio, miristilato de",5,true
R02AA11,Clorquinaldol,5,true
R02AA12,Hexilresorcinol,5,true
R02AA13,"Acriflavinio, cloruro de",5,true
R02AA14,Oxiquinolina,5,true
R02AA15,Povidona iodada,5,true
R02AA16,"Benzalconio, cloruro de",5,true
R02AA17,"Cetrimonio, bromuro de",5,true
R02AA18,Hexamidina,5,true
R02AA19,Fenol,5,true
R02AA20,Varios,5,true
R02AA52,"Decualinio, combinaciones con",5,true
R02AA55,"Clorhexidina, combinaciones con",5,true
R02AB,Antibioticos,4,true
R02AB01,Neomicina,5,true
R02AB02,Tirotricina,5,true
R02AB03,Fusafungina,5,true
R02AB04,Bacitracina,5,true
R02AB30,Gramicidina,5,true
R02AB54,"Bacitracina, combinciones con",5,true
R02AD,Anestesicos locales,4,true
R02AD01,Benzocaina,5,true
R02AD02,Lidocaina,5,true
R02AD03,Cocaina,5,true
R02AD04,Diclonina,5,true
R02AD05,Ambroxol,5,true
R02AX,Otros preparados para la garganta,4,true
R02AX01,Flurbiprofeno,5,true
R02AX03,Bencidamina,5,true
R03,AGENTES CONTRA PADECIMIENTOS OBSTRUCTIVOS DE LAS VIAS RESPIRATORIAS,2,true
R03A,"ADRENERGICOS, INHALATORIOS",3,true
R03AA,Agonistas de receptores adrenergicos alfa y beta,4,true
R03AA01,Epinefrina,5,true
R03AB,Agonistas de receptores beta-adrenergicos no selectivos,4,true
R03AB02,Isoprenalina,5,true
R03AB03,Orciprenalina,5,true
R03AC,Agonistas selectivos de receptores beta-2 adrenergicos,4,true
R03AC02,Salbutamol,5,true
R03AC03,Terbutalina,5,true
R03AC04,Fenoterol,5,true
R03AC05,Rimiterol,5,true
R03AC06,Hexoprenalina,5,true
R03AC07,Isoetarina,5,true
R03AC08,Pirbuterol,5,true
R03AC09,Tretoquinol,5,true
R03AC10,Carbuterol,5,true
R03AC11,Tulobuterol,5,true
R03AC12,Salmeterol,5,true
R03AC13,Formoterol,5,true
R03AC14,Clenbuterol,5,true
R03AC15,Reproterol,5,true
R03AC16,Procaterol,5,true
R03AC17,Bitolterol,5,true
R03AC18,Indacaterol,5,true
R03AC19,Olodaterol,5,true
R03AH,Combinaciones de agentes adrenergicos,4,true
R03AH91,"Isoprenalina y otros adrenergicos, combinaciones con",5,true
R03AK,"Adrenergicos en combinacion con corticosteroides u otras agentes, excluyendo los anticolinergicos",4,true
R03AK01,Epinefrina y otros agentes contra padecimientos obstructivos de las vias respiratorias,5,true
R03AK02,Isoprenalina y otros agentes contra padecimientos obstructivos de las vias respiratorias,5,true
R03AK03,Fenoterol y bromuro de ipratropio,5,true
R03AK04,Salbutamol y cromoglicato de sodio,5,true
R03AK05,Reproterol y cromoglicato de sodio,5,true
R03AK06,Salmeterol y fluticasona,5,true
R03AK07,Formoterol y budesonida,5,true
R03AK08,Formoterol y beclometasona,5,true
R03AK09,Formoterol y mometasona,5,true
R03AK10,Vilanterol y furoato de fluticasona,5,true
R03AK11,Formoterol y fluticasona,5,true
R03AK13,Salbutamol y beclometasona,5,true
R03AK14,Indacaterol y mometasona,5,true
R03AK15,Salbutamol y budesonida,5,true
R03AL,"Adrenergicos en combinacion con anticolinergicos, combinaciones con corticosteroides incl.",4,true
R03AL01,"Fenoterol e Ipratropio, bromuro de",5,true
R03AL02,"Salbutamol e Ipratropio, bromuro de",5,true
R03AL03,"Vilanterol y Umeclidinio, bromuro de",5,true
R03AL04,"Indacaterol y Glicopirronio, bromuro de",5,true
R03AL05,Formoterol y Bromuro de aclidinio,5,true
R03AL06,Olodaterol y bromuro de tiotropio,5,true
R03AL08,"Vilanterol, umeclidinio, bromuro de y fluticasona, furoato de",5,true
R03AL09,"Formoterol, glicopirronio, bromuro de y beclometasona",5,true
R03AL11,"Formoterol, glicopirronio, bromuro de y budesonida",5,true
R03AL12,"Indacaterol, glicopirronio, bromuro de y mometasona",5,true
R03B,"OTROS AGENTES CONTRA PADECIMIENTOS OBSTRUCTIVOS DE LAS VIAS RESPIRATORIAS, INHALATORIOS",3,true
R03BA,Glucocorticoides,4,true
R03BA01,Beclometasona,5,true
R03BA02,Budesonida,5,true
R03BA03,Flunisolida,5,true
R03BA04,Betametasona,5,true
R03BA05,Fluticasona,5,true
R03BA06,Triamcinolona,5,true
R03BA07,Mometasona,5,true
R03BA08,Ciclesonida,5,true
R03BB,Anticolinergicos,4,true
R03BB01,"Ipratropio, bromuro de",5,true
R03BB03,"Estramonio, preparados con",5,true
R03BB05,Bromuro de Aclidinio,5,true
R03BC,"Agentes antialergicos, excluyendo corticosteroides",4,true
R03BC01,Acido cromoglicico,5,true
R03BX,"Otros agentes contra padecimientos obstructivos de las vias respiratorias, inhalatorios",4,true
R03BX01,Fenspirida,5,true
R03BX02,Ensifentrina,5,true
R03C,ADRENERGICOS PARA USO SISTEMICO,3,true
R03CA,Agonistas de receptores adrenergicos alfa y beta,4,true
R03CA02,Efedrina,5,true
R03CB,Agonistas de receptores beta-adrenergicos no selectivos,4,true
R03CB01,Isoprenalina,5,true
R03CB02,Metoxifenamina,5,true
R03CB03,Orciprenalina,5,true
R03CB51,"Isoprenalina, combinaciones con",5,true
R03CB53,"Orciprenalina, combinaciones con",5,true
R03CC,Agonistas selectivos de receptores beta-2 adrenergicos,4,true
R03CC02,Salbutamol,5,true
R03CC03,Terbutalina,5,true
R03CC05,Hexoprenalina,5,true
R03CC06,Isoetarina,5,true
R03CC08,Procaterol,5,true
R03CC10,Carbuterol,5,true
R03CC12,Bambuterol,5,true
R03CC52,"Salbutamol, combinaciones con",5,true
R03CC53,"Terbutalina, combinaciones con",5,true
R03CK,Adrenergicos y otros agentes contra padecimientos obstructivos de las vias respiratorias,4,true
R03D,OTROS AGENTES CONTRA PADECIMIENTOS OBSTRUCTIVOS DE LAS,3,true
R03DA,Xantinas,4,true
R03DA01,Diprofilina,5,true
R03DA02,Teofilinato de colina,5,true
R03DA03,Proxifilina,5,true
R03DA04,Teofilina,5,true
R03DA05,Aminofilina,5,true
R03DA06,Etamifilina,5,true
R03DA07,Teobromina,5,true
R03DA08,Bamifilina,5,true
R03DA09,Acefilina piperazina,5,true
R03DA10,Bufilina,5,true
R03DA11,Doxofilina,5,true
R03DA12,Mepiramina teofilinacetato,5,true
R03DA20,"Xantinas, combinaciones de",5,true
R03DA51,"Diprofilina, combinaciones con",5,true
R03DA54,"Teofilina, combinaciones con, excluyendo psicolepticos",5,true
R03DA55,"Aminofilina, combinaciones con",5,true
R03DA56,"Etamifilina, combinaciones con",5,true
R03DA57,"Teobromina, combinaciones con",5,true
R03DA74,"Teofilina, combinaciones con psicolepticos",5,true
R03DB,Xantinas y adrenergicos,4,true
R03DB01,Diprofilina y adrenergicos,5,true
R03DB02,Teofilinato de colina y adrenergicos,5,true
R03DB03,Proxifilina y adrenergicos,5,true
R03DB04,Teofilina y adrenergicos,5,true
R03DB05,Aminofilina y adrenergicos,5,true
R03DB06,Etamifilina y adrenergicos,5,true
R03DC,Antagonistas del receptor de leucotrienos,4,true
R03DC01,Zafirlukast,5,true
R03DC02,Pranlukast,5,true
R03DC03,Montelukast,5,true
R03DC04,Ibudilast,5,true
R03DX,"Otros agentes contra padecimientos obstructivos de las vias respiratorias, inhalatorios para uso sistemico",4,true
R03DX01,Amlexanoxo,5,true
R03DX03,Fenspirida,5,true
R03DX05,Omalizumab,5,true
R03DX06,Seratrodast,5,true
R03DX07,Roflumilast,5,true
R03DX08,Reslizumab,5,true
R03DX09,Mepolizumab,5,true
R03DX10,BENRALIZUMAB,5,true
R03DX11,Tezepelumab,5,true
R03DX12,Depemokimab,5,true
R05,PREPARADOS PARA LA TOS Y EL RESFRIADO,2,true
R05C,"EXPECTORANTES, EXCLUYENDO COMBINACIONES CON SUPRESORES DE LA TOS",3,true
R05CA,Expectorantes,4,true
R05CA01,Tiloxapol,5,true
R05CA02,Ioduro de potasio,5,true
R05CA03,Guaifenesina,5,true
R05CA04,Ipecacuana,5,true
R05CA05,"Altea, raiz de",5,true
R05CA06,Poligala,5,true
R05CA07,"Antimonio, pentasulfito de",5,true
R05CA08,Creosota,5,true
R05CA09,Guayacolsulfonato,5,true
R05CA10,Combinaciones,5,true
R05CA11,Levoverbenona,5,true
R05CA12,Hederae helicis folium,5,true
R05CA13,Cineol,5,true
R05CA94,"Glicerol iodado y fenilpropanolamina, combinaciones con",5,true
R05CA95,Citiolona,5,true
R05CB01,Acetilcisteina,5,true
R05CB02,Bromhexina,5,true
R05CB03,Carbocisteina,5,true
R05CB04,Eprazinona,5,true
R05CB05,Mesna,5,true
R05CB06,Ambroxol,5,true
R05CB09,Letosteina,5,true
R05CB10,Combinaciones,5,true
R05CB11,Estepronina,5,true
R05CB13,Dornasa alfa (desoxirribonucleasa),5,true
R05CB14,Neltenexina,5,true
R05CB15,Erdosteina,5,true
R05CB16,Manitol,5,true
R05CB91,Citiolona,5,true
R05CZ,Expectorantes y/o mucoliticos con antiinfecciosos,4,true
R05CZ91,Tetraciclinas asoc. a mucolitico/expectorante,5,true
R05CZ92,Amfenicoles asociados a mucolitico y/o expectorante,5,true
R05CZ93,Penicilinas asociadas a mucolitico y/o expectorante,5,true
R05CZ94,Cefalosporinas asociadas a mucolitico y/o expectorante,5,true
R05CZ95,Sulfonamidas asociadas a mucolitico y/o expectorante,5,true
R05CZ96,Aminoglucosidos asoc. a mucolitico/expectorante,5,true
R05CZ97,Macrolidos asociados a mucolitico y/o expectorante,5,true
R05D,"SUPRESORES DE LA TOS, EXCLUYENDO COMBINACIONES CON EXPECTORANTES",3,true
R05DA,Alcaloides del opio y derivados,4,true
R05DA01,Etilmorfina,5,true
R05DA03,Hidrocodona,5,true
R05DA04,Codeina,5,true
R05DA05,"Opio, alcaloides del, con morfina",5,true
R05DA06,Normetadona,5,true
R05DA07,Noscapina,5,true
R05DA08,Folcodina,5,true
R05DA09,Dextrometorfano,5,true
R05DA10,Tebacon,5,true
R05DA11,Dimemorfano,5,true
R05DA12,Acetildihidrocodeina,5,true
R05DA20,Combinaciones,5,true
R05DA91,Dihidrocodeina,5,true
R05DB,Otros supresores de la tos,4,true
R05DB01,Benzonatato,5,true
R05DB02,Benproperina,5,true
R05DB04,Isoaminilo,5,true
R05DB05,Pentoxiverina,5,true
R05DB07,Oxolamina,5,true
R05DB09,Oxeladina,5,true
R05DB10,Clofedanol,5,true
R05DB11,Pipazetato,5,true
R05DB13,Butamirato,5,true
R05DB14,Fedrilato,5,true
R05DB16,Dibunato,5,true
R05DB17,Droxipropina,5,true
R05DB18,Prenoxdiazina,5,true
R05DB19,Dropropizina,5,true
R05DB20,Combinaciones,5,true
R05DB21,Cloperastina,5,true
R05DB23,Piperidiona,5,true
R05DB24,Tipepidina,5,true
R05DB25,Morclofona,5,true
R05DB26,Nepinalona,5,true
R05DB27,Levodropropizina,5,true
R05DB28,Dimetoxanato,5,true
R05DB29,gefapixant,5,true
R05DB57,"Oxolamina, combinaciones con",5,true
R05F,COMBINACIONES DE SUPRESORES DE LA TOS Y EXPECTORANTES,3,true
R05FA,Derivados del opio y expectorantes,4,true
R05FA01,Derivados del opio y mucoliticos,5,true
R05FA02,Derivados del opio y expectorantes,5,true
R05FB,Otros supresores de la tos y expectorantes,4,true
R05FB01,Supresores de la tos y mucoliticos,5,true
R05FB02,Supresores de la tos y expectorantes,5,true
R05X,OTROS PREPARADOS PARA EL RESFRIADO,3,true
R05X_,OTROS PREPARADOS COMBINADOS PARA EL RESFRIADO,4,true
R06,ANTIHISTAMINICOS PARA USO SISTEMICO,2,true
R06A,ANTIHISTAMINICOS PARA USO SISTEMICO,3,true
R06AA,Aminoalquil eteres,4,true
R06AA01,Bromazina,5,true
R06AA02,Difenhidramina,5,true
R06AA04,Clemastina,5,true
R06AA06,Clorfenoxamina,5,true
R06AA07,Difenilpiralina,5,true
R06AA08,Carbinoxamina,5,true
R06AA09,Doxilamina,5,true
R06AA11,dimenhidrinato,5,true
R06AA52,"Difenhidramina, combinaciones con",5,true
R06AA54,"Clemastina, combinaciones con",5,true
R06AA56,"Clorfenoxamina, combinaciones con",5,true
R06AA57,"Difenilpiralina, combinaciones con",5,true
R06AA58,Carbinoxamina en asociacion,5,true
R06AA59,"Doxilamina, combinaciones con",5,true
R06AA61,"Dimenhidrinato, combinaciones",5,true
R06AB,Alquilaminas sustituidas,4,true
R06AB01,Bromfeniramina,5,true
R06AB02,Dexclorfeniramina,5,true
R06AB03,Dimetindeno,5,true
R06AB04,Clorfenamina,5,true
R06AB05,Feniramina,5,true
R06AB06,Dexbromfeniramina,5,true
R06AB07,Talastina,5,true
R06AB51,"Bromfeniramina, combinaciones con",5,true
R06AB52,"Dexclorfeniramina, combinaciones con",5,true
R06AB54,"Clorfeniramina, combinaciones con",5,true
R06AB56,"Dexbromfeniramina, combinaciones con",5,true
R06AC,Etilendiaminas sustituidas,4,true
R06AC01,Mepiramina,5,true
R06AC02,Histapirrodina,5,true
R06AC03,Cloropiramina,5,true
R06AC04,Tripelenamina,5,true
R06AC05,Metapirileno,5,true
R06AC06,Tonzilamina,5,true
R06AC52,"Histapirrodina, combinaciones con",5,true
R06AC53,"Cloropiramina, combinaciones con",5,true
R06AD,Derivados de la fenotiazina,4,true
R06AD01,Alimemazina,5,true
R06AD02,Prometazina,5,true
R06AD03,Tietilperazina,5,true
R06AD04,Metdilazina,5,true
R06AD05,Hidroxietilprometazina,5,true
R06AD06,"Tiazinamio, metilsulfato de",5,true
R06AD07,Mequitazina,5,true
R06AD08,Oxomemazina,5,true
R06AD09,Isotipendilo,5,true
R06AD51,Alimemazina en asociacion,5,true
R06AD52,"Prometazina, combinaciones con",5,true
R06AD55,"Hidroxietilprometazina, combinaciones con",5,true
R06AE,Derivados de la piperazina,4,true
R06AE01,Buclizina,5,true
R06AE03,Ciclizina,5,true
R06AE04,Clorciclizina,5,true
R06AE05,Meclozina,5,true
R06AE06,Oxatomida,5,true
R06AE07,Cetirizina,5,true
R06AE09,Levocetirizina,5,true
R06AE51,"Buclizina, combinaciones con",5,true
R06AE53,"Ciclizina, combinaciones con",5,true
R06AE55,"Meclozina, combinaciones con",5,true
R06AE57,Cetirizina en asociacion,5,true
R06AE92,Clocinizina en asociacion,5,true
R06AK,Combinaciones de antihistaminicos,4,true
R06AX,Otros antihistaminicos para uso sistemico,4,true
R06AX01,Bamipina,5,true
R06AX02,Ciproheptadina,5,true
R06AX03,Tenalidina,5,true
R06AX04,Fenindamina,5,true
R06AX05,Antazolina,5,true
R06AX07,Triprolidina,5,true
R06AX08,Pirrobutamina,5,true
R06AX09,Azatadina,5,true
R06AX11,Astemizol,5,true
R06AX12,Terfenadina,5,true
R06AX13,Loratadina,5,true
R06AX15,Mebhidrolina,5,true
R06AX16,Deptropina,5,true
R06AX17,Ketotifeno,5,true
R06AX18,Acrivastina,5,true
R06AX19,Azelastina,5,true
R06AX21,Tritocualina,5,true
R06AX22,Ebastina,5,true
R06AX23,Pimetixeno,5,true
R06AX24,Epinastina,5,true
R06AX25,Mizolastina,5,true
R06AX26,Fexofenadina,5,true
R06AX27,Desloratadina,5,true
R06AX28,Rupatadina,5,true
R06AX29,Bilastina,5,true
R06AX53,"Tenalidina, combinaciones con",5,true
R06AX58,"Pirrobutamina, combinaciones con",5,true
R06AX91,Clemizol,5,true
R07,OTROS PRODUCTOS PARA EL SISTEMA RESPIRATORIO,2,true
R07A,OTROS PRODUCTOS PARA EL SISTEMA RESPIRATORIO,3,true
R07AA,Surfactantes pulmonares,4,true
R07AA01,"Colfoscerilo, palmitato de",5,true
R07AA02,Fosfolipidos naturales,5,true
R07AA30,Combinaciones,5,true
R07AA91,Surfactante pulmonar bovino,5,true
R07AA92,Surfactante pulmonar porcino,5,true
R07AB,Estimulantes respiratorios,4,true
R07AB01,Doxapram,5,true
R07AB02,Niketamida,5,true
R07AB03,Pentetrazol,5,true
R07AB04,Etamivan,5,true
R07AB05,Bemegrida,5,true
R07AB06,Pretcamida,5,true
R07AB07,Almitrina,5,true
R07AB08,Dimeflina,5,true
R07AB09,Mepixanox,5,true
R07AB52,"Niketamida, combinaciones con",5,true
R07AB53,"Pentetrazol, combinaciones con",5,true
R07AX,Otros productos para el sistema respiratorio,4,true
R07AX01,Oxido nitrico,5,true
R07AX02,Ivacaftor,5,true
R07AX30,Ivacaftor y Lumacaftor,5,true
R07AX31,Ivacaftor y tezacaftor,5,true
R07AX32,"Ivacaftor, tezacaftor y elexacaftor",5,true
R07AX33,"Deutivacaftor, tezacaftor y vanzacaftor",5,true
R07AX91,Palmidrol,5,true
R07AX92,Oxido nitrico,5,true
S,ORGANOS DE LOS SENTIDOS,1,true
S01,OFTALMOLOGICOS,2,true
S01A,ANTIINFECCIOSOS,3,true
S01AA,Antibioticos,4,true
S01AA01,Cloranfenicol,5,true
S01AA02,Clortetraciclina,5,true
S01AA03,Neomicina,5,true
S01AA04,Oxitetraciclina,5,true
S01AA05,Tirotricina,5,true
S01AA07,Framicetina,5,true
S01AA09,Tetraciclina,5,true
S01AA10,Natamicina,5,true
S01AA11,Gentamicina,5,true
S01AA12,Tobramicina,5,true
S01AA13,Acido fusidico,5,true
S01AA14,Bencilpenicilina,5,true
S01AA15,Dihidroestreptomicina,5,true
S01AA16,Rifamicina,5,true
S01AA17,Eritromicina,5,true
S01AA18,Polimixina B,5,true
S01AA19,Ampicilina,5,true
S01AA20,Antibioticos en combinacion con otras farmacos,5,true
S01AA21,Amikacina,5,true
S01AA22,Micronomicina,5,true
S01AA23,Netilmicina,5,true
S01AA24,Kanamicina,5,true
S01AA25,Azidamfenicol,5,true
S01AA26,Azitromicina,5,true
S01AA27,Cefuroxima,5,true
S01AA28,Vancomicina,5,true
S01AA29,Dibekacina,5,true
S01AA30,Combinaciones de diferentes antibioticos,5,true
S01AA31,Cefmenoxima,5,true
S01AA32,Bacitracina,5,true
S01AB,Sulfonamidas,4,true
S01AB01,Sulfametizol,5,true
S01AB02,Sulfafurazol,5,true
S01AB03,Sulfadicramida,5,true
S01AB04,Sulfacetamida,5,true
S01AB05,Sulfafenazol,5,true
S01AD,Antivirales,4,true
S01AD01,Idoxuridina,5,true
S01AD02,Trifluridina,5,true
S01AD03,Aciclovir,5,true
S01AD05,Interferon,5,true
S01AD06,Vidarabina,5,true
S01AD07,Famciclovir,5,true
S01AD08,Fomivirseno,5,true
S01AD09,Ganciclovir,5,true
S01AE,FLUOROQUINOLONAS,4,true
S01AE01,Ofloxacino,5,true
S01AE02,Norfloxacino,5,true
S01AE03,Ciprofloxacino,5,true
S01AE04,Lomefloxacino,5,true
S01AE05,Levofloxacino,5,true
S01AE06,Gatifloxacino,5,true
S01AE07,Moxifloxacino,5,true
S01AE08,Besifloxacino,5,true
S01AX,Otros antiinfecciosos,4,true
S01AX01,"Mercurio, compuestos de",5,true
S01AX02,"Plata, compuestos de",5,true
S01AX03,"Zinc, compuestos de",5,true
S01AX04,Nitrofural,5,true
S01AX05,Bibrocatol,5,true
S01AX06,Resorcinol,5,true
S01AX07,Borato de sodio,5,true
S01AX08,Hexamidina,5,true
S01AX09,Clorhexidina,5,true
S01AX10,Propionato de sodio,5,true
S01AX11,Ofloxacino,5,true
S01AX12,Norfloxacino,5,true
S01AX13,Ciprofloxacino,5,true
S01AX14,Dibrompropamidina,5,true
S01AX15,Propamidina,5,true
S01AX16,Picloxidina,5,true
S01AX17,Lomefloxacino,5,true
S01AX18,Povidona iodada,5,true
S01AX19,Levofloxacino,5,true
S01AX21,Gatifloxacino,5,true
S01AX22,Moxifloxacino,5,true
S01AX23,Besifloxacino,5,true
S01AX24,Polihexanida,5,true
S01AX25,Lotilaner,5,true
S01AX26,Cetexonio,5,true
S01B,AGENTES ANTIINFLAMATORIOS,3,true
S01BA,"Corticosteroides, monofarmacos",4,true
S01BA01,Dexametasona,5,true
S01BA02,Hidrocortisona,5,true
S01BA03,Cortisona,5,true
S01BA04,Prednisolona,5,true
S01BA05,Triamcinolona,5,true
S01BA06,Betametasona,5,true
S01BA07,Fluorometolona,5,true
S01BA08,Medrisona,5,true
S01BA09,Clobetasona,5,true
S01BA10,Alclometasona,5,true
S01BA11,Desonida,5,true
S01BA12,Formocortal,5,true
S01BA13,Rimexolona,5,true
S01BA14,Loteprednol,5,true
S01BA15,Fluocinolona acetonido,5,true
S01BA16,Difluprednato,5,true
S01BA17,Clobetasol,5,true
S01BA91,Hidrocortisona + prednisona,5,true
S01BB,Corticosteroides y midriaticos en combinacion,4,true
S01BB01,Hidrocortisona y midriaticos,5,true
S01BB02,Prednisolona y midriaticos,5,true
S01BB03,Fluorometolona y midriaticos,5,true
S01BB04,Betametasona y midriaticos,5,true
S01BB91,Dexametasona asoc. a midriatico,5,true
S01BB93,Medroxiprogesterona asoc. a midriatico,5,true
S01BC,Agentes antiinflamatorios no esteroideos,4,true
S01BC01,Indometacina,5,true
S01BC02,Oxifenbutasona,5,true
S01BC03,Diclofenaco,5,true
S01BC05,Ketorolaco,5,true
S01BC06,Piroxicam,5,true
S01BC07,Bendazaco,5,true
S01BC08,Acido salicilico,5,true
S01BC09,Pranoprofeno,5,true
S01BC10,Nepafenaco,5,true
S01BC11,Bromfenaco,5,true
S01BZ,"Corticosteroides asociados, excluyendo S01CA y S01CB",4,true
S01BZ91,Otras asociaciones de dexametasona,5,true
S01C,AGENTES ANTIINFLAMATORIOS Y ANTIINFECCIOSOS EN COMBINACION,3,true
S01CA,Corticosteroides y antiinfecciosos en combinacion,4,true
S01CA01,Dexametasona y antiinfecciosos,5,true
S01CA02,Prednisolona y antiinfecciosos,5,true
S01CA03,Hidrocortisona y antiinfecciosos,5,true
S01CA04,Fluocortolona y antiinfecciosos,5,true
S01CA05,Betametasona y antiinfecciosos,5,true
S01CA06,Fludrocortisona y antiinfecciosos,5,true
S01CA07,Fluorometolona y antiinfecciosos,5,true
S01CA08,Metilprednisolona y antiinfecciosos,5,true
S01CA09,Cloroprednisona y antiinfecciosos,5,true
S01CA10,Fluocinolona y antiinfecciosos,5,true
S01CA11,Clobetasona y antiinfecciosos,5,true
S01CA12,Loteprednol y antiinfecciosos,5,true
S01CA91,Cortisona asoc. a antiinfecciosos,5,true
S01CA92,Medrisona asoc. a antiinfecciosos,5,true
S01CA93,Medroxiprogesterona asoc. a antiinfecciosos,5,true
S01CA94,Prednisona asoc. a antiinfecciosos,5,true
S01CB,"Corticoesteriodes, antiinfecciosos y midriaticos en combinacion",4,true
S01CB01,Dexametasona,5,true
S01CB02,Prednisolona,5,true
S01CB03,Hidrocortisona,5,true
S01CB04,Betametasona,5,true
S01CB05,Fluorometolona,5,true
S01CB91,Medroxiprogesterona asoc. a antiinfecciosos y midriaticos,5,true
S01CC,Agentes antiinflamatorios no esteroideos y antiinfecciosos en combinacion,4,true
S01CC01,Diclofenaco y antiinfecciosos,5,true
S01E,PREPARADOS CONTRA EL GLAUCOMA Y MIOTICOS1),3,true
S01EA,Simpaticomimeticos en la terapia del glaucoma,4,true
S01EA01,Epinefrina,5,true
S01EA02,Dipivefrina,5,true
S01EA03,Apraclonidina,5,true
S01EA04,Clonidina,5,true
S01EA05,Brimonidina,5,true
S01EA51,"Epinefrina, combinaciones con",5,true
S01EA55,Brimonidina y ripasudil,5,true
S01EB,Parasimpaticomimeticos,4,true
S01EB01,Pilocarpina,5,true
S01EB02,Carbacol,5,true
S01EB03,Ecotiopato,5,true
S01EB04,"Demecario, bromuro de",5,true
S01EB05,Fisostigmina,5,true
S01EB06,Neostigmina,5,true
S01EB07,Fluostigmina,5,true
S01EB08,Aceclidina,5,true
S01EB09,Acetilcolina,5,true
S01EB10,Paraoxon,5,true
S01EB51,"Pilocarpina, combinaciones con",5,true
S01EB58,"Aceclidina, combinaciones con",5,true
S01EC,Inhibidores de la anhidrasa carbonica,4,true
S01EC01,Acetazolamida,5,true
S01EC02,Diclofenamida,5,true
S01EC03,Dorzolamida,5,true
S01EC04,Brinzolamida,5,true
S01EC05,Metazolamida,5,true
S01EC54,"Brinzolamida, combinaciones",5,true
S01ED,Agentes betabloqueantes,4,true
S01ED02,Betaxolol,5,true
S01ED04,Metipranolol,5,true
S01ED05,Carteolol,5,true
S01ED51,"Timolol, combinaciones con",5,true
S01ED52,"Betaxolol, combinaciones con",5,true
S01ED54,"Metipranolol, combinaciones con",5,true
S01ED55,"Carteolol, combinaciones con",5,true
S01EE,Analogos de prostaglandinas,4,true
S01EE01,Latanoprost,5,true
S01EE02,Unoprostona,5,true
S01EE03,Bimatoprost,5,true
S01EE04,Travoprost,5,true
S01EE05,Tafluprost,5,true
S01EE51,Latanoprost y netarsudil,5,true
S01EE52,Latanoprost y dorzolamida,5,true
S01EX,Otros preparados contra el glaucoma,4,true
S01EX01,Guanetidina,5,true
S01EX02,Dapiprazol,5,true
S01EX05,Netarsudil,5,true
S01EX07,ripasudil,5,true
S01EX91,Glicerina,5,true
S01F,MIDRIATICOS Y CICLOPLEJICOS,3,true
S01FA,Anticolinergicos,4,true
S01FA01,Atropina,5,true
S01FA02,Escopolamina,5,true
S01FA03,Metilescopolamina,5,true
S01FA04,Ciclopentolato,5,true
S01FA05,Homatropina,5,true
S01FA06,Tropicamida,5,true
S01FA51,Atropina en asociacion,5,true
S01FA56,"Tropicamida, combinaciones con",5,true
S01FB,"Simpaticomimeticos, excluyendo preparados contra el glaucoma",4,true
S01FB01,Fenilefrina,5,true
S01FB02,Efedrina,5,true
S01FB03,Ibopamina,5,true
S01FB51,Fenilefrina en asociacion,5,true
S01G,DESCONGESTIVOS Y ANTIALERGICOS,3,true
S01GA,Simpaticomimeticos usados como descongestivos,4,true
S01GA01,Nafazolina,5,true
S01GA02,Tetrizolina,5,true
S01GA03,Xilometazolina,5,true
S01GA04,Oximetazolina,5,true
S01GA05,Fenilefrina,5,true
S01GA06,Oxedrina,5,true
S01GA07,Brimonidina,5,true
S01GA51,"Nafazolina, combinaciones con",5,true
S01GA52,"Tetrizolina, combinaciones con",5,true
S01GA53,"Xilometazolina, combinaciones con",5,true
S01GA55,"Fenilefrina, combinaciones con",5,true
S01GA56,"Oxedrina, combinaciones con",5,true
S01GX,Otros antialergicos,4,true
S01GX01,Acido cromoglicico,5,true
S01GX02,Levocabastina,5,true
S01GX03,Acido espaglumico,5,true
S01GX05,Lodoxamida,5,true
S01GX06,Emedastina,5,true
S01GX07,Azelastina,5,true
S01GX09,Olopatadina,5,true
S01GX10,Epinastina,5,true
S01GX12,cetirizina,5,true
S01GX13,bilastina,5,true
S01GX51,"Acido cromoglicico, combinaciones con",5,true
S01GX91,Clorfenamina,5,true
S01H,ANESTESICOS LOCALES,3,true
S01HA,Anestesicos locales,4,true
S01HA01,Cocaina,5,true
S01HA02,Oxibuprocaina,5,true
S01HA03,Tetracaina,5,true
S01HA04,Proximetacaina,5,true
S01HA05,Procaina,5,true
S01HA06,Cincocaina,5,true
S01HA07,Lidocaina,5,true
S01HA08,Cloroprocaina,5,true
S01HA30,Combinaciones,5,true
S01J,AGENTES DE DIAGNOSTICO,3,true
S01JA,Agentes colorantes,4,true
S01JA01,Fluoresceina,5,true
S01JA02,Rosa de bengala sodico,5,true
S01JA51,"Fluoresceina, combinaciones con",5,true
S01JX,Otros agentes usados en diagnostico oftalmologico,4,true
S01K,AUXILIARES EN CIRUGIA,3,true
S01KA,Sustancias viscosoelasticas,4,true
S01KA01,Acido hialuronico,5,true
S01KA02,Hipromelosa,5,true
S01KA51,"Acido hialuronico, combinaciones con",5,true
S01KA91,Carmelosa (carboximetilcelulosa),5,true
S01KX,Otros auxiliares en cirugia,4,true
S01KX01,Quimotripsina,5,true
S01KX02,Azul de tripano,5,true
S01L,AGENTES CONTRA TRASTORNOS VASCULARES OCULARES,3,true
S01LA,Agentes Antineovascularizacion,4,true
S01LA01,Verteporfina,5,true
S01LA02,Anecortava,5,true
S01LA03,Pegaptanib,5,true
S01LA04,Ranibizumab,5,true
S01LA05,Aflibercept,5,true
S01LA06,Brolucizumab,5,true
S01LA07,Abicipar pegol,5,true
S01LA08,Bevacizumab,5,true
S01LA09,Faricimab,5,true
S01X,OTROS OFTALMOLOGICOS,3,true
S01XA,Otros oftalmologicos,4,true
S01XA01,Guaiazuleno,5,true
S01XA02,Retinol,5,true
S01XA03,"Cloruro de sodio, hipertonico",5,true
S01XA04,Ioduro de potasio,5,true
S01XA05,Edetato de sodio,5,true
S01XA06,Etilmorfina,5,true
S01XA07,Alumbre,5,true
S01XA08,Acetilcisteina,5,true
S01XA09,Iodoheparinato de sodio,5,true
S01XA10,Inosina,5,true
S01XA11,Nandrolona,5,true
S01XA12,Dexpantenol,5,true
S01XA13,Alteplasa,5,true
S01XA14,Heparina,5,true
S01XA15,Acido ascorbico,5,true
S01XA16,Anecortava,5,true
S01XA18,Ciclosporina,5,true
S01XA19,"Celulas madre limbares, autologas",5,true
S01XA20,Lagrimas artificiales y otros preparados inertes,5,true
S01XA21,Mercaptamina,5,true
S01XA22,Ocriplasmina,5,true
S01XA24,Cenegermina,5,true
S01XA25,S01XA25- Lifitegrast,5,true
S01XA27,Voretigen neparvovec,5,true
S01XA28,Vareniclina,5,true
S01XA29,Sepofarsen,5,true
S01XA31,Pegcetacoplan,5,true
S01XA32,Avacincaptad pegol,5,true
S01XA52,Retinol en asociacion,5,true
S01XA54,Potasio ioduro en asociacion,5,true
S01XA90,Borico acido en asociacion,5,true
S01XA91,Pirenoxina,5,true
S01XA92,Centella asiatica exto,5,true
S01XA93,Eledoisina,5,true
S01XA95,Cromocarbo,5,true
S01XA96,Vaselina oftalmica,5,true
S01XA97,Metilhidroxiquinolinio,5,true
S01XA98,Polivinilico alcohol,5,true
S01XA99,Adenosina en asociacion,5,true
S02A,ANTIINFECCIOSOS,3,true
S02AA,Antiinfecciosos,4,true
S02AA01,Cloranfenicol,5,true
S02AA02,Nitrofural,5,true
S02AA03,Acido borico,5,true
S02AA04,Acetotartrato de aluminio,5,true
S02AA05,Clioquinol,5,true
S02AA06,Peroxido de hidrogeno,5,true
S02AA07,Neomicina,5,true
S02AA08,Tetraciclina,5,true
S02AA09,Clorhexidina,5,true
S02AA10,Acido acetico,5,true
S02AA11,Polimixina B,5,true
S02AA12,Rifamicina,5,true
S02AA13,Miconazol,5,true
S02AA14,Gentamicina,5,true
S02AA15,Ciprofloxacino,5,true
S02AA16,Ofloxacino,5,true
S02AA17,Fosfomicina,5,true
S02AA18,Cefmenoxima,5,true
S02AA30,"Antiinfecciosos, combinaciones",5,true
S02AA91,Ciprofloxacina,5,true
S02BA,Corticosteroides,4,true
S02BA01,Hidrocortisona,5,true
S02BA03,Prednisolona,5,true
S02BA06,Dexametasona,5,true
S02BA07,Betametasona,5,true
S02BA08,"Fluocinolona, acetonido",5,true
S02C,CORTICOSTEROIDES Y ANTIINFECCIOSOS EN COMBINACION,3,true
S02CA,Corticosteroides y antiinfecciosos en combinacion,4,true
S02CA01,Prednisolona y antiinfecciosos,5,true
S02CA02,Flumetasona y antiinfecciosos,5,true
S02CA03,Hidrocortisona y antiinfecciosos,5,true
S02CA04,Triamcinolona y antiinfecciosos,5,true
S02CA05,"Fluocinolona, acetonido y antiinfecciosos",5,true
S02CA06,Dexametasona y antiinfecciosos,5,true
S02CA07,Fludrocortisona y antiinfecciosos,5,true
S02CA93,Beclometasona asoc. a antiinfecciosos,5,true
S02DA,Analgesicos y anestesicos,4,true
S02DA01,Lidocaina,5,true
S02DA02,Cocaina,5,true
S02DA03,Fenazona,5,true
S02DA04,Cincocaina,5,true
S02DA30,Combinaciones,5,true
S02DA93,Laurilsulfato sodico,5,true
S02DC,Preparados inertes,4,true
S02DC91,Preparados indiferentes,5,true
S03,PREPARADOS OFTALMOLOGICOS Y OTOLOGICOS,2,true
S03A,ANTIINFECCIOSOS,3,true
S03AA,Antiinfecciosos,4,true
S03AA01,Neomicina,5,true
S03AA02,Tetraciclina,5,true
S03AA03,Polimixina B,5,true
S03AA04,Clorhexidina,5,true
S03AA05,Hexamidina,5,true
S03AA06,Gentamicina,5,true
S03AA07,Ciprofloxacino,5,true
S03AA08,Cloranfenicol,5,true
S03AA30,"Antiinfecciosos, combinaciones",5,true
S03BA,Corticosteroides,4,true
S03BA01,Dexametasona,5,true
S03BA02,Prednisolona,5,true
S03BA03,Betametasona,5,true
S03C,CORTICOSTEROIDES Y ANTIINFECCIOSOS EN COMBINACION,3,true
S03CA,Corticosteroides y antiinfecciosos en combinacion,4,true
S03CA01,Dexametasona y antiinfecciosos,5,true
S03CA02,Prednisolona y antiinfecciosos,5,true
S03CA04,Hidrocortisona y antiinfecciosos,5,true
S03CA05,Fludrocortisona y antiinfecciosos,5,true
S03CA06,Betametasona y antiinfecciosos,5,true
S03CA07,Metilprednisolona y antiinfecciosos,5,true
S03D,OTROS PREPARADOS OFTALMOLOGICOS Y OTOLOGICOS,3,true
V,VARIOS,1,true
V01,ALERGENOS,2,true
V01A,ALERGENOS,3,true
V01AA,Extractos alergenicos,4,true
V01AA01,Plumas,5,true
V01AA02,Polen de plantas,5,true
V01AA03,Acaros de polvo ambiental,5,true
V01AA04,Moho y levaduras de hongos,5,true
V01AA05,Polen de arboles,5,true
V01AA07,Insectos,5,true
V01AA08,Comidas,5,true
V01AA09,Tejidos,5,true
V01AA10,Flores,5,true
V01AA11,Animales,5,true
V01AA20,Varios,5,true
V01AA91,Extractos de alergenos,5,true
V03,TODO EL RESTO DE LOS PRODUCTOS TERAPEUTICOS,2,true
V03A,TODO EL RESTO DE LOS PRODUCTOS TERAPEUTICOS,3,true
V03AB,Antidotos,4,true
V03AB01,Ipecacuana,5,true
V03AB02,Nalorfina,5,true
V03AB03,Edetatos,5,true
V03AB04,Pralidoxima,5,true
V03AB05,Prednisolona y prometazina,5,true
V03AB06,Tiosulfato,5,true
V03AB07,Apomorfina,5,true
V03AB08,Nitrito de sodio,5,true
V03AB09,Dimercaprol,5,true
V03AB13,Obidoxima,5,true
V03AB14,Protamina,5,true
V03AB15,Naloxona,5,true
V03AB16,Etanol,5,true
V03AB17,Cloruro de metiltioninio,5,true
V03AB18,Permanganato de potasio,5,true
V03AB19,Fisostigmina,5,true
V03AB20,Sulfato de cobre,5,true
V03AB21,Ioduro de potasio,5,true
V03AB22,Nitrato de amilo,5,true
V03AB23,Acetilcisteina,5,true
V03AB24,Antitoxina digitalica,5,true
V03AB25,Flumazenil,5,true
V03AB26,Metionina,5,true
V03AB27,4-dimetilaminofenol,5,true
V03AB29,Colinesterasa,5,true
V03AB31,Azul de Prusia,5,true
V03AB32,Glutation,5,true
V03AB33,Hidroxocobalamina,5,true
V03AB34,Fomepizol,5,true
V03AB35,Sugammadex,5,true
V03AB36,Fentolamina,5,true
V03AB37,Idarucizumab,5,true
V03AB38,Andexanet alfa,5,true
V03AB54,Pralidoxima y atropina,5,true
V03AB92,Antidoto ancrod,5,true
V03AC,Agentes quelantes del hierro,4,true
V03AC01,Deferoxamina,5,true
V03AC02,Deferiprona,5,true
V03AC03,Deferasirox,5,true
V03AE,Farmacos para el tratamiento de la hiperpotasemia e hiperfosfatemia,4,true
V03AE01,"Poliestireno, sulfonato de",5,true
V03AE02,Sevelamero,5,true
V03AE03,"Lantano, carbonato de",5,true
V03AE04,Acetato anhidro de calcio y carbonato de magnesio,5,true
V03AE05,Oxihidroxido sucroferrico,5,true
V03AE07,Calcio acetato,5,true
V03AE09,Patiromero calcico,5,true
V03AE10,Ciclosilicato de sodio y zirconio,5,true
V03AF,Agentes detoxificantes para tratamientos antineoplasicos,4,true
V03AF01,Mesna,5,true
V03AF02,Dexrazoxano,5,true
V03AF03,Folinato de calcio,5,true
V03AF04,Levofolinato de calcio,5,true
V03AF05,Amifostina,5,true
V03AF06,Folinato de sodio,5,true
V03AF07,Rasburicasa,5,true
V03AF08,Palifermina,5,true
V03AF09,Glucarpidasa,5,true
V03AF10,Levofolinato de sodio,5,true
V03AF11,Arginina y Lisina,5,true
V03AF12,trilaciclib,5,true
V03AG,Farmacos para el tratamiento de la hipercalcemia,4,true
V03AG01,Celulosa fosfato de sodio,5,true
V03AG05,fosfato de sodio,5,true
V03AH,Farmacos para el tratamiento de la hipoglucemia,4,true
V03AH01,Diazoxido,5,true
V03AM,Farmacos para embolizacion,4,true
V03AN,Gases medicinales,4,true
V03AN01,Oxigeno,5,true
V03AN02,Dioxido de carbono,5,true
V03AN03,Helio,5,true
V03AN04,Nitrogeno,5,true
V03AN05,Aire medicinal,5,true
V03AX,Otros productos terapeuticos,4,true
V03AX02,Nalfurafina,5,true
V03AX03,Cobicistat,5,true
V03AX04,Difelicefalina,5,true
V03AX92,Silimarina,5,true
V03AX93,Ademetionina,5,true
V03AZ,Depresores del nervio,4,true
V03AZ01,Etanol,5,true
V04,AGENTES DIAGNOSTICOS,2,true
V04B,PRUEBAS URINARIAS,3,true
V04C,OTROS AGENTES DIAGNOSTICOS,3,true
V04CA,Pruebas para diabetes,4,true
V04CA01,Tolbutamida,5,true
V04CA02,Glucosa,5,true
V04CB,Pruebas para absorcion de grasas,4,true
V04CB01,"Vitamina A, concentrados de",5,true
V04CC,Pruebas de permeabilidad del conducto biliar,4,true
V04CC02,Sulfato de magnesio,5,true
V04CC03,Sincalida,5,true
V04CC04,Ceruletida,5,true
V04CD,Pruebas de funcion hipofisaria,4,true
V04CD01,Metirapona,5,true
V04CD03,Sermorelina,5,true
V04CD04,Corticoliberina,5,true
V04CD05,Somatorelina,5,true
V04CD06,Macimorelina,5,true
V04CE,Pruebas para evaluar capacidad funcional hepatica,4,true
V04CE01,Galactosa,5,true
V04CE02,Sulfobromoftaleina,5,true
V04CE91,Yema de huevo + glicerol,5,true
V04CE92,Aceite vegetal emulsion,5,true
V04CF,Agentes para el diagnostico de tuberculosis,4,true
V04CF01,Tuberculina,5,true
V04CF02,"Mycobacterium tuberculosis, antigenos recombinantes",5,true
V04CG,Pruebas de secrecion gastrica,4,true
V04CG01,Resinas de intercambio cationico,5,true
V04CG02,Betazol,5,true
V04CG03,"Histamina, fosfato de",5,true
V04CG04,Pentagastrina,5,true
V04CG30,Cafeina y benzoato de sodio,5,true
V04CG91,C-urea (test helicobacter),5,true
V04CH,Pruebas de funcion renal,4,true
V04CH01,Inulina y otros polifructosanos,5,true
V04CH02,Indigo carmin,5,true
V04CH03,Fenosulfoftaleina,5,true
V04CH04,Alsactida,5,true
V04CH05,Relmapirazina,5,true
V04CH30,Acido aminohipurico,5,true
V04CJ,Pruebas de funcion tiroidea,4,true
V04CJ01,Tirotropina,5,true
V04CJ02,Protirelina,5,true
V04CK,Pruebas de funcion pancreatica,4,true
V04CK01,Secretina,5,true
V04CK02,Pancreozimina (colecistoquinina),5,true
V04CK03,Bentiromida,5,true
V04CL,Pruebas para enfermedades alergicas,4,true
V04CM,Pruebas para alteraciones de la fertilidad,4,true
V04CM01,Gonadorelina,5,true
V04CX,Otros agentes diagnosticos,4,true
V04CX01,Verde de indocianina,5,true
V04CX03,Metacolina,5,true
V04CX04,Manitol,5,true
V04CX05,13C-urea,5,true
V04CX06,Hexaminolevulinato,5,true
V04CX08,Monoxido de carbono,5,true
V04CX09,Azul patente,5,true
V04CX13,Pegulicianina,5,true
V04CX91,Azul patente,5,true
V04CX92,Metilcolina,5,true
V04CX93,"Monoxido de carbono, combinaciones con",5,true
V06,NUTRIENTES GENERALES,2,true
V06A,FORMULACIONES DIETETICAS PARA EL TRATAMIENTO DE LA OBESIDAD,3,true
V06AA,Dietas de baja energia,4,true
V06C,FORMULAS PARA INFANTES,3,true
V06CA,Nutrientes sin fenilalanina,4,true
V06DA,"Combinaciones de carbohidratos, proteinas, minerales y vitaminas",4,true
V06DB,"Combinaciones de lipidos, carbohidratos, proteinas, minerales y vitaminas",4,true
V06DC,Carbohidratos,4,true
V06DC01,Glucosa,5,true
V06DC02,Fructosa,5,true
V06DC91,Glucosa con minerales,5,true
V06DD,"Aminoacidos, incluyendo combinaciones con polipeptidos",4,true
V06DD90,Sales de calcio de cetoanalogos de aminoacidos y aminoacidos,5,true
V06DE,"Combinaciones de aminoacidos, carbohidratos, minerales y vitaminas",4,true
V06DF,Sustitutos de la leche,4,true
V06DX,Otras combinaciones de nutrientes,4,true
V07,TODO EL RESTO DE LOS PRODUCTOS NO TERAPEUTICOS,2,true
V07A,TODO EL RESTO DE LOS PRODUCTOS NO TERAPEUTICOS,3,true
V07AA,Emplastos,4,true
V07AB,"Agentes solventes y diluyentes, incluyendo soluciones para irrigacion",4,true
V07AB91,Agua bidestilada,5,true
V07AB92,Sodio cloruro (disolvente/diluyente),5,true
V07AB93,Agua apirogena esteril,5,true
V07AB94,Agua para preparaciones inyectables,5,true
V07AC,Productos auxiliares para trasfusiones sanguineas,4,true
V07AD,Productos auxiliares para pruebas sanguineos,4,true
V07AN,Equipamiento para la incontinencia,4,true
V07AR,Discos y tabletas para pruebas de sensibilidad,4,true
V07AS,Equipamiento para estomas,4,true
V07AT,Cosmeticos,4,true
V07AT91,Geles de baño,5,true
V07AT92,Cremas hidratantes,5,true
V07AT93,Otras cremas cosmeticas,5,true
V07AT94,Cremas de manos,5,true
V07AT95,Cremas de labios,5,true
V07AT96,Cremas/emulsiones piel infantil,5,true
V07AV,Desinfectantes de uso tecnico,4,true
V07AX,"Agentes para el lavado, etc.",4,true
V07AY,Otros productos auxiliares no terapeuticos,4,true
V07AY91,Solucion conservacion en frio de organos,5,true
V07AY92,Liquidos para lentillas,5,true
V07AY93,Medias elasticas terapeuticas,5,true
V07AZ,Productos quimicos y reactivos para analisis,4,true
V07Z,Todos los demas productos,3,true
V07ZZ,Todos los demas productos,4,true
V07ZZ91,Sacarina,5,true
V08,MEDIOS DE CONTRASTE,2,true
V08A,"MEDIOS DE CONTRASTE PARA RAYOS-X, IODADOS",3,true
V08AA,"Medios de contraste para rayos-X de alta osmolaridad, hidrosolubles y nefrotropicos",4,true
V08AA01,Acido diatrizoico,5,true
V08AA02,Acido metrizoico,5,true
V08AA03,Iodamida,5,true
V08AA04,Acido iotalamico,5,true
V08AA05,Acido ioxitalamico,5,true
V08AA06,Acido ioglicico,5,true
V08AA07,Acido acetrizoico,5,true
V08AA08,Acido iocarmico,5,true
V08AA09,Metiodal sodico,5,true
V08AA10,Diodona,5,true
V08AB,"Medios de contraste para rayos-X de baja osmolaridad, hidrosolubles y nefrotropicos",4,true
V08AB01,Metrizamida,5,true
V08AB02,Iohexol,5,true
V08AB03,Acido ioxaglico,5,true
V08AB04,Iopamidol,5,true
V08AB05,Iopromida,5,true
V08AB06,Iotrolan,5,true
V08AB07,Ioversol,5,true
V08AB08,Iopentol,5,true
V08AB09,Iodixanol,5,true
V08AB10,Iomeprol,5,true
V08AB11,Iobitridol,5,true
V08AB12,Ioxilan,5,true
V08AB53,Ioxaglico acido en asociacion,5,true
V08AC,Medios de contraste para rayos-X hidrosolubles y hepatotropicos,4,true
V08AC01,Acido iodoxamico,5,true
V08AC02,Acido iotroxico,5,true
V08AC03,Acido ioglicamico,5,true
V08AC04,Adipiodona,5,true
V08AC05,Acido iobenzamico,5,true
V08AC06,Acido iopanoico,5,true
V08AC07,Acido iocetamico,5,true
V08AC08,Iopodato de sodio,5,true
V08AC09,Acido tiropanoico,5,true
V08AC10,Iopodato de calcio,5,true
V08AD,Medios de contraste para rayos-X no hidrosolubles,4,true
V08AD01,Esteres etilicos de acidos grasos iodados,5,true
V08AD02,Iopidol,5,true
V08AD03,Propiliodona,5,true
V08AD04,Iofendilato,5,true
V08B,"MEDIOS DE CONTRASTE PARA RAYOS-X, NO IODADOS",3,true
V08BA,Medios de contraste para rayos-X que contienen sulfato de bario,4,true
V08BA01,Sulfato de bario con agentes en suspension,5,true
V08BA02,Sulfato de bario sin agentes en suspension,5,true
V08C,MEDIOS DE CONTRASTE PARA IMAGENES DE RESONANCIA MAGNETICA,3,true
V08CA,Medios de contraste paramagneticos,4,true
V08CA01,Acido gadopentetico,5,true
V08CA02,Acido gadoterico,5,true
V08CA03,Gadodiamida,5,true
V08CA04,Gadoteridol,5,true
V08CA05,Mangafodipir,5,true
V08CA06,Gadoversetamida,5,true
V08CA07,Citrato ferrico amonico,5,true
V08CA08,Acido gadobenico,5,true
V08CA09,Gadobutrol,5,true
V08CA10,Acido gadoxetico,5,true
V08CA11,Gadofosveset,5,true
V08CA12,Gadopiclenol,5,true
V08CA13,Gadocuatrano,5,true
V08CB,Medios de contraste superparamagneticos,4,true
V08CB03,"Oxido de hierro, nanoparticulas",5,true
V08CB91,Ferucarbotran,5,true
V08CX,Otros medios de contraste para imagenes de resonancia magnetica,4,true
V08D,MEDIOS DE CONTRASTE PARA ULTRASONIDO,3,true
V08DA,Medios de contraste para ultrasonido,4,true
V08DA01,"Albumina humana, microesferas de",5,true
V08DA02,"Galactosa, microparticulas de",5,true
V08DA03,Perflenapent,5,true
V08DA04,"Fosfolipidos, microesferas de",5,true
V08DA05,Hexafluoruro de azufre,5,true
V08DA06,"Perflubutano, microesferas de fosfolipidos",5,true
V08DA91,Galactosa + palmitico acido,5,true
V08DA92,Hexafluoruro de azufre,5,true
V09,PRODUCTOS RADIOFARMACEUTICOS PARA DIAGNOSTICO,2,true
V09A,SISTEMA NERVIOSO CENTRAL,3,true
V09AA,Compuestos con Tecnecio (99mTc),4,true
V09AA01,Tecnecio (99mTc) exametazima,5,true
V09AA02,"Tecnecio (99mTc), bicisato de",5,true
V09AB,Compuestos con Iodo (123I),4,true
V09AB01,Iodo (123I) iofetamina,5,true
V09AB02,Iodo (123I) ioloprida,5,true
V09AB03,Iodo (123I) ioflupano,5,true
V09AX,Otros radiofarmaceuticos para el diagnostico del sistema nervioso central,4,true
V09AX01,"Indio (111In), pentetato de",5,true
V09AX03,Ioduro (124I) 2beta-carboximetoxi-3beta-(4iodefenil)-tropano,5,true
V09AX04,Flutemetamol (18F),5,true
V09AX05,florbetapir (18F),5,true
V09AX06,florbetaben (18F),5,true
V09AX07,Flortaucipir (18F),5,true
V09BA,Compuestos con Tecnecio (99mTc),4,true
V09BA01,Tecnecio (99mTc) acido oxidronico,5,true
V09BA02,Tecnecio (99mTc) acido medronico,5,true
V09BA03,"Tecnecio (99mTc), pirofosfato de",5,true
V09BA04,Tecnecio (99mTc) acido butedronico,5,true
V09C,SISTEMA RENAL,3,true
V09CA,Compuestos con Tecnecio (99mTc),4,true
V09CA01,Tecnecio (99mTc) acido pentetico,5,true
V09CA02,Tecnecio (99mTc) succimero,5,true
V09CA03,Tecnecio (99mTc) mertiatida,5,true
V09CA04,"Tecnecio (99mTc), glucoheptonato de",5,true
V09CA05,"Tecnecio (99mTc), gluconato de",5,true
V09CA06,"Tecnecio (99mTc), etilendicisteina de",5,true
V09CA91,Tecnecio (99mtc) betiatida,5,true
V09CX,Otros productos radiofarmaceuticos para el diagnostico del sistema renal,4,true
V09CX01,Iodohipurato de sodio (123I),5,true
V09CX02,Iodohipurato de sodio (131I),5,true
V09CX03,Iotalamato de sodio (125I),5,true
V09CX04,"Cromo(51Cr), edetato de",5,true
V09D,HIGADO Y SISTEMA RETICULO ENDOTELIAL,3,true
V09DA,Compuestos con Tecnecio (99mTc),4,true
V09DA01,Tecnecio (99mTc) disofenina,5,true
V09DA02,Tecnecio (99mTc) etifenina,5,true
V09DA03,Tecnecio (99mTc) lidofenina,5,true
V09DA04,Tecnecio (99mTc) mebrofenina,5,true
V09DA05,Tecnecio (99mTc) galtifenina,5,true
V09DB,Particulas y coloides con Tecnecio (99mTc),4,true
V09DB01,Tecnecio (99mTc) nanocoloidal,5,true
V09DB02,Tecnecio (99mTc) microcoloidal,5,true
V09DB03,Tecnecio (99mTc) milimicroesferas,5,true
V09DB04,Tecnecio (99mTc) lamina coloide,5,true
V09DB05,Tecnecio (99mTc) azufre colide,5,true
V09DB07,Tecnecio (99mTc) fitato,5,true
V09DX,Otros productos radiofarmaceuticospara el diagnostico del higado y el sistema reticulo endotelial,4,true
V09DX01,Selenio (75Se) acido tauroselcolico,5,true
V09E,SISTEMA RESPIRATORIO,3,true
V09EA,Inhalaciones con Tecnecio (99mTc),4,true
V09EA01,Tecnecio (99mTc) acido pentetico,5,true
V09EA02,Tecnecio (99mTc) tecnegas,5,true
V09EA03,Tecnecio (99mTc) nanocoloidal,5,true
V09EB,Particulas de Tecnecio (99mTc) para inyeccion,4,true
V09EB01,Tecnecio (99mTc) macrosalb,5,true
V09EB02,Tecnecio (99mTc) microesferas,5,true
V09EX,Otros productos radiofarmaceuticos para el diagnostico del sistema respiratorio,4,true
V09EX01,Cripton(81mKr) gas,5,true
V09EX02,Xenon (127Xe) gas,5,true
V09EX03,Xenon (133Xe) gas,5,true
V09FX,"Productos radiofarmaceuticos para el diagnostico de la tiroides, varios",4,true
V09FX01,"Tecnecio (99mTc), pertecnetato de",5,true
V09G,SISTEMA CARDIOVASCULAR,3,true
V09GA,Compuestos con Tecnecio (99mTc),4,true
V09GA01,Tecnecio (99mTc) sestamibi,5,true
V09GA02,Tecnecio (99mTc) tetrofosmina,5,true
V09GA03,Tecnecio (99mTc) teboroxima,5,true
V09GA04,Tecnecio (99mTc) albumina humana,5,true
V09GA05,"Tecnecio (99mTc), furifosmina de",5,true
V09GA06,Tecnecio (99mTc) celulas marcadas con estaño,5,true
V09GA07,Tecnecio (99mTc) apcitida,5,true
V09GB02,Iodo (125I) albumina humana,5,true
V09GX,Otros radiofarmaceuticos para el diagnostico del sistema cardiovascular,4,true
V09GX01,"Talio (201TL), cloruro de",5,true
V09GX02,Indio (111In) imciromab,5,true
V09GX03,"Cromo (51Cr), celulas marcadas con",5,true
V09GX05,amoniaco (13N),5,true
V09GX06,Flurpiridaz (18F),5,true
V09H,DETECCION DE INFLAMACION E INFECCIONES,3,true
V09HA,Compuestos con Tecnecio (99mTc),4,true
V09HA01,Tecnecio (99mTc) inmunoglobulina humana,5,true
V09HA02,"Tecnecio (99mTc) exametazima, celulas marcadas con",5,true
V09HA03,Tecnecio (99mTc) anticuerpos antigranulocitos,5,true
V09HA04,Tecnecio (99mTc) sulesomab,5,true
V09HB01,"Indio (111In), oxinato de, celulas marcadas con",5,true
V09HB02,"Indio (111In), tropolonato de, celulas marcadas con",5,true
V09HX,Otros productos radiofarmaceuticos para la deteccion de la inflamacion y las infecciones,4,true
V09HX01,"Galio (67Ga), citrato de",5,true
V09IA,Compuestos con Tecnecio (99mTc),4,true
V09IA01,Tecnecio (99mTc) anticuerpo contra antigeno carcinoembrionario,5,true
V09IA02,Tecnecio (99mTc) anticuerpo antimelanoma,5,true
V09IA03,Tecnecio (99mTc) succimero pentavalente,5,true
V09IA04,Tecnecio (99mTc) votumumab,5,true
V09IA05,Tecnecio (99mTc) depreotida,5,true
V09IA06,Tecnecio (99m Tc) arcitumomab,5,true
V09IA07,Tecnecio (99m Tc) hinio-octreotida,5,true
V09IA09,Tecnecio (99m Tc) tilmanocept,5,true
V09IA10,Cloruro de tecnecio (99mTc) trofolastat,5,true
V09IB01,Indio (111In) pentetreotida,5,true
V09IB02,Indio (111In) satumomab pentetida,5,true
V09IB03,Indio (111In) anticuerpo anticarcinoma de ovario,5,true
V09IB04,Indio (111In) capromab pentetida,5,true
V09IX,Otros productos radiofarmaceuticos para la deteccion de tumores,4,true
V09IX01,Iobenguano (123I),5,true
V09IX02,Iobenguano (131I),5,true
V09IX03,Iodo (125I) CC49-anticuerpo monoclonal,5,true
V09IX04,Fluodesoxiglucosa (18F),5,true
V09IX05,Fluorodopa 18F,5,true
V09IX07,Fluorocolina (18F),5,true
V09IX08,Fluoroetilcolina (18F),5,true
V09IX09,galio (68Ga) edoteotrida,5,true
V09IX10,FLUOROETIL-L-TIROSINA (18F),5,true
V09IX12,Fluciclovina (18F),5,true
V09IX13,11C-Metionina,5,true
V09IX14,Galio (68Ga) gozetotida,5,true
V09IX15,Cobre (64Cu) oxodotreotida,5,true
V09IX16,Piflufolastat (18F),5,true
V09IX17,PSMA-1007 (18F),5,true
V09IX18,Flotufolastat (18F),5,true
V09IX19,Vidoflufolastat (18F),5,true
V09X,OTROS PRODUCTOS RADIOFARMACEUTICOS PARA DIAGNOSTICO,3,true
V09XA,Compuestos con Iodo (131I),4,true
V09XA01,Iodo (131I) norcolesterol,5,true
V09XA02,Iodocolesterol (131I),5,true
V09XA03,Iodo (131I) albumina humana,5,true
V09XX,"Productos radiofarmaceuticos para diagnostico, varios",4,true
V09XX00,"Productos radiofarmaceuticos para diagnostico, varios",5,true
V09XX01,Cobalto (57Co) cianocobalamina,5,true
V09XX02,Cobalto (58Co) cianocobalamina,5,true
V09XX04,Ferrico (59Fe) citrato,5,true
V10,PRODUCTOS RADIOFARMACEUTICOS TERAPEUTICOS,2,true
V10A,AGENTES ANTIINFLAMATORIOS,3,true
V10AA,Compuestos con Itrio (90Y),4,true
V10AA01,Itrio (90Y) citrato coloidal,5,true
V10AA02,Itrio (90Y) ferrihidroxido coloidal,5,true
V10AA03,Itrio (90Y) silicato coloidal,5,true
V10AX,Otros productos radiofarmaceuticos antiinflamatorios,4,true
V10AX01,Fosforo (32P) fosfato cromico coloidal,5,true
V10AX02,Samario (153Sm) hidroxiapatita coloidal,5,true
V10AX03,Disprosio (165Dy) coloidal,5,true
V10AX04,Erbio (169Er) citrato coloidal,5,true
V10AX05,Renio (185Re) sulfuro coloidal,5,true
V10AX06,Oro (198Au) coloidal,5,true
V10B,PALIACION DEL DOLOR (AGENTES CON TROPISMO OSEO),3,true
V10BX,"Productos radiofarmaceuticos para la paliacion del dolor, varios",4,true
V10BX02,Samario (153Sm) lexidronam,5,true
V10BX03,Renio (185Re) acido etidronico,5,true
V10X,OTROS PRODUCTOS RADIOFARMACEUTICOS TERAPEUTICOS,3,true
V10XA,Compuestos con Iodo (131I),4,true
V10XA01,Ioduro de sodio (131I),5,true
V10XA02,Iobenguano (131I),5,true
V10XA03,iodo (131I) omburtamab,5,true
V10XA04,Iodo (1311) apamistamab,5,true
V10XA53,Tositumomab/iodo (131I) tositumomab,5,true
V10XX,"Productos radiofarmaceuticos terapeuticos, varios",4,true
V10XX01,Fosfato de sodio (32P),5,true
V10XX02,Ibritumomab tiuxetan (90y),5,true
V10XX03,Radio 223 dicloruro (223Ra),5,true
V10XX04,Lutecio (177Lu) oxodotreotida,5,true
V10XX05,Lutecio (177Lu) vipivotida tetraxetan,5,true
V20,VENDAJES QUIRURGICOS,2,true
B02BB,Fibrinogeno,4,true
B02BX04,Romiplostim,5,true
B05B,SOLUCIONES I.V.,3,true
B05BB01,Electrolitos,5,true
B05CB01,Cloruro de sodio,5,true
B05CX02,Sorbitol,5,true
C01EB16,Ibuprofeno,5,true
C05BB05,Fenol,5,true
C05CX01,Tribenosido,5,true
C07CB02,Metoprolol y otros diureticos,5,true
C07FB02,Metoprolol y felodipino,5,true
D06BB06,Penciclovir,5,true
D06BB10,Imiquimod,5,true
D07XB03,Fluprednideno,5,true
G02CC01,Ibuprofeno,5,true
G03CB01,Dienestrol,5,true
G03CB02,Dietilestilbestrol,5,true
G03CB04,Moxestrol,5,true
G03CC05,Dietilestilbestrol,5,true
G03DB02,Megestrol,5,true
G03DB04,Nomegestrol,5,true
G03DB08,Dienogest,5,true
G03FB01,Norgestrel y estrogeno,5,true
G03FB02,Linestrenol y estrogeno,5,true
G03FB04,Megestrol y estrogeno,5,true
G03FB09,Levonorgestrel y estrogeno,5,true
G03FB10,Desogestrel y estrogeno,5,true
G03GB01,Ciclofenilo,5,true
G03GB02,Clomifeno,5,true
G03GB03,Epimestrol,5,true
G04BD01,"Emepronio, bromuro de",5,true
G04BD09,"Trospio, cloruro de",5,true
G04BD15,Vibegron,5,true
G04BX,Otros productos urologicos,4,true
G04BX13,Dimetil sulfoxido,5,true
J01DB12,Ceftezol,5,true
J01DD14,Ceftibuteno,5,true
J01DI55,Sulopenem y probenecid,5,true
J01XX02,Xibornol,5,true
J06BD11,Libevitug,5,true
L01CB01,Etoposido,5,true
L01CB02,Teniposido,5,true
L01EB01,Gefitinib,5,true
L01EB02,Erlotinib,5,true
L01EB04,Osimertinib,5,true
L01EB10,mobocertinib,5,true
L01EB12,Firmonertinib,5,true
L01ED01,Crizotinib,5,true
L01ED02,Ceritinib,5,true
L01EE02,Cobimetinib,5,true
L01EE03,Binimetinib,5,true
L01EE04,Selumetinib,5,true
L01EF02,Ribociclib,5,true
L01EH04,Zongertinib,5,true
L01EJ01,Ruxolitinib,5,true
L01EJ04,Momelotinib,5,true
L01EK04,Fruquintinib,5,true
L01EL01,ibrutinib,5,true
L01EL05,Pirtobrutinib,5,true
L01EM04,Duvelisib,5,true
L01EP02,Tepotinib,5,true
L01EX01,Sunitinib,5,true
L01EX13,Gilteritinib,5,true
L01EX14,Entrectinib,5,true
L01EX19,Ripretinib,5,true
L01EX21,Tepotinib,5,true
L01EX28,Repotrectinib,5,true
L01EX29,Vimseltinib,5,true
L01XE02,Gefitinib,5,true
L01XE03,Erlotinib,5,true
L01XE04,Sunitinib,5,true
L01XE08,Nilotinib,5,true
L01XE14,Bosutinib,5,true
L01XE16,Crizotinib,5,true
L01XE18,Ruxolitinib,5,true
L01XE27,Ibrutinib,5,true
L01XE28,Ceritinib,5,true
L01XE35,Osimertinib,5,true
L01XE38,Cobimetinib,5,true
L01XE41,BINIMETINIB,5,true
L01XE42,Ribociclib,5,true
L01XE54,Gilteritinib,5,true
L01XE56,ENTRECTINIB,5,true
L01XG01,Bortezomib,5,true
L01XJ01,Vismodegib,5,true
L01XJ02,Sonidegib,5,true
L01XM02,Ivosidenib,5,true
L01XX31,Gefitinib,5,true
L01XX32,Bortezomib,5,true
L01XX33,Celecoxib,5,true
L01XX34,Erlotinib,5,true
L01XX36,Oblimersen,5,true
L01XX43,Vismodegib,5,true
L01XX48,SONIDEGIB,5,true
L01XX62,Ivosidenib,5,true
L01XX87,Revumenib,5,true
L02BG04,Letrozol,5,true
L02BG05,Vorozol,5,true
L02BX04,Relugolix,5,true
M03BX03,Pridinol,5,true
M03BX05,Tiocolchicosido,5,true
M05BC01,BMP-2,5,true
M05BC02,BMP-7,5,true
N01BX01,Cloruro de etilo,5,true
N01BX03,Fenol,5,true
N02BG05,Viminol,5,true
N04BC04,Ropinirol,5,true
N04BC08,Piribedil,5,true
N04BX03,Budipino,5,true
N05CM11,Bromuros,5,true
N06BX02,Piritinol,5,true
N06BX92,Fosfolipidos cerebro,5,true
P02BX01,Bitionol,5,true
P02BX03,Estibofeno,5,true
R03BB02,"Oxitropio, bromuro de",5,true
R03BB04,"Tiotropio, bromuro de",5,true
R03BB06,Glicopirronio bromuro,5,true
R03BB07,Umeclidinio bromuro,5,true
R03BC03,Nedocromilo,5,true
R03CC07,Pirbuterol,5,true
R03CC11,Tulobuterol,5,true
R03CC13,Clenbuterol,5,true
R05CB,Mucoliticos,4,true
R05CB07,Sobrerol,5,true
R05CB08,Domiodol,5,true
R05DB03,Clobutinol,5,true
R05DB12,"Bibenzonio, bromuro de",5,true
R05DB15,Zipeprol,5,true
R05DB22,Meprotixol,5,true
R05DB91,Fominoben,5,true
S01BC04,Flurbiprofeno,5,true
S01ED03,Levobunolol,5,true
S01ED06,Befunolol,5,true
S02B,CORTICOSTEROIDES,3,true
S03B,CORTICOSTEROIDES,3,true
V04CC01,Sorbitol,5,true
V06B,SUPLEMENTOS PROTEICOS,3,true
V08CB01,Ferumoxsil,5,true
V08CB02,Ferristeno,5,true
V08CX01,Perflubron,5,true
V09B,ESQUELETO,3,true
V09DB06,Tecnecio (99mTc) reniosulfuro,5,true
V09GB,Compuestos con Iodo (125I),4,true
V09GB01,Fibrinogeno (125I),5,true
V09HB,Compuestos con Indio (111In),4,true
V09IB,Compuestos con Indio (111In),4,true
V10BX01,Estroncio (89Sr) cloruro de,5,true
C02DC01,Minoxidil,5,true
C03,DIURETICOS,2,true
C03X,OTROS DIURETICOS,3,true
C03XW,Otros,4,true
D02,EMOLIENTES Y PROTECTORES,2,true
G02,OTROS GINECOLOGICOS,2,true
G02C,OTROS PRODUCTOS GINECOLOGICOS,3,true
G02CX,Otros productos ginecologicos,4,true
G03C,ESTROGENOS,3,true
G03CC02,Dienestrol,5,true
G03CC06,Estriol,5,true
G03CX,Otros estrogenos,4,true
G03DC03,Linestrerol,5,true
G03DC06,Etinodiol,5,true
G03XC05,Ospemifeno,5,true
G04,PRODUCTOS DE USO UROLOGICO,2,true
H01CC02,Cetrorelix,5,true
J01DC10,Cefprozilo,5,true
J01DC12,Cefminox,5,true
J01DC14,Flomoxef,5,true
J01DC91,Cefminox,5,true
J01DD15,Cefdinir,5,true
J01DD16,Cefditoreno,5,true
J01DI04,Cefiderocol,5,true
J01XX03,Clofoctol,5,true
L01XD01,Porfimero sodico,5,true
L01XL11,Lifileucel,5,true
N02CX01,Pizotifeno,5,true
N05,PSICOLEPTICOS,2,true
N05CE02,Metiprilon,5,true
N05CF02,Zolpidem,5,true
N05CM07,Triclofos,5,true
N05CM08,Etclorvinol,5,true
N05CM15,Metilpentinol,5,true
P01CC01,Nifurtimox,5,true
P02CX01,"Pirvinio, cloruro de",5,true
P02DX02,Diclorofeno,5,true
P02DX91,Sodio cloruro,5,true
R03CC04,Fenoterol,5,true
R03CC09,Tretoquinol,5,true
R03CC14,Reproterol,5,true
R03CC15,formoterol,5,true
S01GX04,Nedocromil,5,true
S02,OTOLOGICOS,2,true
S02D,OTROS OTOLOGICOS,3,true
V04CG05,"Metiltioninio, cloruro de",5,true
V04CX07,Edrofonio,5,true
V04CX11,Cloruro de litio,5,true
V04CX12,Xenon,5,true
V09I,DETECCION DE TUMORES,3,true
V09XX03,Selenio (75Se) norcolesterol,5,true
V10XX91,Itrio 90 cloruro,5,true
J01DH02,Meropenem,5,true
J01DH04,Doripenem,5,true
J01XX08,Linezolid,5,true
J01XX11,Tedizolid,5,true
N06DX02,Ginkgo folium,5,true
R03DX02,Eprozinol,5,true
S01ED01,Timolol,5,true
V06D,OTROS NUTRIENTES,3,true
V09F,TIROIDES,3,true
V09FX02,Ioduro (123I) de sodio,5,true
V09FX03,Ioduro (131I) de sodio,5,true
V09FX04,Ioduro (124I) de sodio,5,true
V09IX06,Fluoruro (18F) de sodio,5,true
J01XE02,Nifurtoinol,5,true
L01EG01,Temsirolimus,5,true
L01EG02,Everolimus,5,true
L01EG04,sirolimus,5,true
L01XE09,Temsirolimus,5,true
L01XE10,Everolimus,5,true
L01XX66,Selinexor,5,true
L04,INMUNOSUPRESORES,2,true
N07XX15,Inotersen,5,true
N07XX21,Eplontersen,5,true
N07XX22,Tofersen,5,true
S01GX08,Ketotifeno,5,true
N07XX02,Riluzol,5,true