nombre,nombre_generico_en,sinonimos,descripcion,atc_codigo
Abacavir,Abacavir,,,
Abacavir Clorhidrato,Abacavir,,,
Abacavir Sulfato,Abacavir,,,
Abaloparatida,Abaloparatide,,,
Abatacept,Abatacept,,,
Abedul,,,,
Abedul Extracto Seco Corteza (5-10 : 1): Solvente De Extraccion: N-heptano 95% (p/p),Heptanoic Acid,,,
Abemaciclib,Abemaciclib,,,
Abiraterona,Abiraterone,,,
Abiraterona Acetato,Abiraterone,,,
Abrocitinib,Abrocitinib,,,
Acalabrutinib,Acalabrutinib,,,
Acalabrutinib Maleato,,,,
Acamprosato,Acamprosate,,,
Acarbosa,Acarbose,,,
Aceclofenaco,Aceclofenac,,,
Aceite  Pescado,Veneno De Abeja Aceite De Vibora,,,
Aceite De Pescado Rico En Omega 3,Veneno De Abeja Aceite De Vibora,,,
Aceite De Soja  Aceite De Oliva,Veneno De Abeja Aceite De Vibora,,,
Aceite Esencial De Carum Carvi L,Veneno De Abeja Aceite De Vibora,,,
Aceite Etiodado,Veneno De Abeja Aceite De Vibora,,,
Aceite Eucalipto,Veneno De Abeja Aceite De Vibora,,,
Aceite Lavandula Angustifolia Mill,Lavandula Angustifolia Whole Extract,,,
Aceite Mineral,,,,
Aceite Oliva,Veneno De Abeja Aceite De Vibora,,,
Aceite Ricino,Veneno De Abeja Aceite De Vibora,,,
Aceite Rosmarinus Officinalis,Rosmarinus Officinalis Preparation,,,
Aceite Semilla Soja,Veneno De Abeja Aceite De Vibora,,,
Aceite Soja Purificado,Veneno De Abeja Aceite De Vibora,,,
Acelerador Serico De Conversion De Protombina,,,,
Acenocumarol,Acenocoumarol,,,
Acetamidocaproico Acido,Iocetamic Acid,,,
Acetaminofen,Acetaminophen,,,
Acetato Calcio,Calcium Acetate,,,
Acetato Magnesio Tetrahidrato,Magnesium Acetate,,,
Acetato Potasio,Potassium,,,
Acetato Sodio,Sodium Acetate,,,
Acetato Sodio Trihidrato,Sodium Acetate,,,
Acetazolamida,Acetazolamide,,,
Acetico Acido,Acetic Acid,,,
Acetilcisteina,Acetylcysteine,,,
Acetilcolina,Acetylcholine,,,
Acetilcolina Cloruro,Acetylcholine,,,
Acetileno,Acetylene,,,
Acetilsalicilato Lisina,Aspirin,,,
Acetilsalicilico Acido,Aspirin,,,
Acetiltirosina,,,,
Acetoaminofenol,,,,
Acetohidroxamico Acido,Acetohydroxamic Acid,,,
Acexamato Zinc,Zinc,,,
Acexamico Acido,Acexamic Acid,,,
Achillea Millefolium,Achillea Millefolium Extract,,,
Acibar,,,,
Acicloguanosina,Acyclovir,,,
Aciclovir,Acyclovir,,,
Aciclovir Sodico,Acyclovir,,,
Acido Dimercaptosuccinico,Dimercaptosuccinate,,,
Acido Folico Hidrato,Folic Acid,,,
Acido Fusidico Hemihidrato,Fusidic Acid,,,
Acido Ibandronico Sodio Monohidrato,Ibandronic Acid,,,
Acido Obeticolico,Obeticholic Acid,,,
Acido Oxoglurico,Iocetamic Acid,,,
Acido Parahidroxibenzoico,Iocetamic Acid,,,
Acido Zoledronico,Zoledronic Acid,,,
Acido Zoledronico Monohidrato,Zoledronic Acid,,,
Acidos Omega 3,Omega-3 Fatty Acids,,,
Acidos Omega 3 Esteres Etilicos,Omega-3 Acid Ethyl Esters (usp),,,
Acitretina,Acitretin,,,
Aclidinio,Aclidinium,,,
Aclidinio Bromuro,Aclidinium,,,
Acoramidis,Acoramidis,,,
Acoramidis Hidrocloruro,Acoramidis,,,
Actaea Racemosa,Actaea Racemosa Whole Extract,,,
Adalimumab,Adalimumab,,,
Adapaleno,Adapalene,,,
Adefovir,Adefovir,,,
Adefovir Dipivoxil,Adefovir Dipivoxil,,,
Adenosilcobalamina,Cobamamide,,,
Adenosilcobamida,,,,
Adenosina,Adenosine,,,
Adenosina Trifosfato Disodio,Adenosine,,,
Adeps Lanae,,,,
Adrenalina,Adrenalin,,,
Adriamicina,Adriamycin,,,
Aescina,Escin,,,
Aesculus Hippocastanum,,,,
Aesculus Hippocastanum Tintura Madre,,,,
Afamelanotida,Afamelanotide,,,
Afatinib,Afatinib,,,
Aficamten,Aficamten,,,
Aflibercept,Aflibercept,,,
Agalsidasa Alfa,Agalsidase Alfa,,,
Agalsidasa Beta,Agalsidase Beta,,,
Aglutinogeno De Fimbrias De Toxoide Pertussis,,,,
Agni Casti Fruto Extracto Seco,Chaste Tree Preparation,,,
Agnus Castus Exto Seco,Chaste Tree Preparation,,,
Agomelatina,,,,
Agomelatina Acido Citrico,Citric Acid,,,
Agomelatina Urea,Urea,,,
Agropyrum Repens,Aspergillus Repens Allergenic Extract,,,
Agropyrum Repens Exto Seco,Aspergillus Repens Allergenic Extract,,,
Agua Oxigenada,Water,,,
Agua Para Preparaciones Inyectables,Para-cresol,,,
Aire Ambiental,Air,,,
Alanina,Alanine,,,
Alantoina,Allantoin,,,
Albendazol,Albendazole,,,
Albumina,,,,
Albumina Humana,,,,
Albutrepenonacog Alfa,Albutrepenonacog Alfa,,,
Alcachofa,,,,
Alcanfor,,,,
Alcaravea,,,,
Alcohol,Ethanol,,,
Alcohol Etilico,Ethanol,,,
Alcohol Pantotenilico,Ethanol,,,
Alcohol Tricloro Butilico Terciario,Ethanol,,,
Aldesleucina,Aldesleukin,,,
Alectinib,Alectinib,,,
Alectinib Hidrocloruro,Alectinib,,,
Alemtuzumab,Alemtuzumab,,,
Alendronato Sodio,Ganciclovir Sodium,,,
Alendronato Sodio Monohidrato,Ganciclovir Sodium,,,
Alendronato Sodio Trihidrato,Ganciclovir Sodium,,,
Alendronico Acido,Alendronic Acid,,,
Alfa Amilcinamaldehido,Alglucosidase Alfa,,,
Alfacalcidol,Alfacalcidol,,,
Alfa-cetoglutarico Acido,Alglucosidase Alfa,,,
Alfa-hidroxipropionico,Alglucosidase Alfa,,,
Alfa-1-antitripsina,Alpha 1-antitrypsin,,,
Alfentanilo,Alfentanil,,,
Alfentanilo Hidrocloruro,Alfentanil,,,
Alfuzosina,Alfuzosin,,,
Alfuzosina Hidrocloruro,Alfuzosin,,,
Algeldrato,Aluminum Hydroxide Gel,,,
Alginato Sodio,Ganciclovir Sodium,,,
Alginico Acido,Alginic Acid,,,
Alglucosidasa Alfa,Alglucosidase Alfa,,,
Alilguayacol,,,,
Alimemazina,Trimeprazine,,,
Alimemazina Tartrato,Trimeprazine,,,
Alipogen Tiparvovec,,,,
Alirocumab,Alirocumab,,,
Aliskireno,Aliskiren,,,
Alitretinoina,Alitretinoin,,,
Almagato,Aluminum Hydroxide / Magnesium Carbonate,,,
Almasilato,Aluminum Magnesium Silicate,,,
Almendras Amargas,,,,
Almidon Hidroxietil,,,,
Almotriptan,Almotriptan,,,
Aloe Capensis,,,,
Aloe Ferox Mill.,Aloe Ferox Leaf Preparation,,,
Aloe Ferox Polvo,Aloe Ferox Leaf Preparation,,,
Alogliptina,Alogliptin,,,
Alopurinol,Allopurinol,,,
Aloysia Citriodora,Aloysia Citrodora Flower Oil,,,
Alpelisib,Alpelisib,,,
Alprazolam,Alprazolam,,,
Alprostadil,Alprostadil,,,
Alquilbencildimetilamonio,,,,
Alquitran Hulla,,,,
Alquitran Mineral,,,,
Alteplasa,Alteplase,,,
Althaea Officinalis L.,Althaea Officinalis Root Extract,,,
Althaea Officinalis L Exto Liquido,Althaea Officinalis Root Extract,,,
Althaea Officinalis L. Extracto Seco,Althaea Officinalis Root Extract,,,
Althea Officinalis L.,,,,
Altizida,,,,
Aluminio,Aluminum,,,
Aluminio Aminoacetato Basico,Aluminum,,,
Aluminio Fosfato,Aluminum,,,
Aluminio Hidroxido,Aluminum Hydroxide,,,
Aluminio Hidroxido Coloidal,Aluminum Hydroxide,,,
"Aluminio Hidroxido-magnesio Carbonato,coprecipitado",Aluminum Hydroxide,,,
Aluminio Potasio Sulfato,Potassium Sulfate,,,
Amantadina,Amantadine,,,
Amantadina Hidrocloruro,Amantadine,,,
Amapola De California,Eschscholzia Californica Extract,,,
Ambrisentan,Ambrisentan,,,
Ambroxol,Ambroxol,,,
Ambroxol Hidrocloruro,Ambroxol,,,
Ametocaina,,,,
Ametopterina,Aminopterin,,,
Amfotericina B,Amphotericin B,,,
Amida Del Acido Nicotinico,Niacin,,,
Amida Del Acido Salicilico,Salicylic Acid,,,
Amidotrizoato Calcio,Calcium,,,
Amidotrizoato Meglumina,Meglumine,,,
Amidotrizoato Sodio,Ganciclovir Sodium,,,
Amidotrizoico Acido,Iocetamic Acid,,,
Amifampridina,Amifampridine,,,
Amifostina,Amifostine,,,
Amikacina,Amikacin,,,
Amikacina Sulfato,Amikacin,,,
Amilasa,,,,
Amilmetacresol,Amylmetacresol,,,
Amilorida,Amiloride,,,
Amilorida Hidrocloruro,Amiloride,,,
Aminoacetico Acido,Dihydroxyaluminum Aminoacetate,,,
Aminoacridina,Aminacrine,,,
Aminolevulinato Metilo,Methyl 5-aminolevulinate,,,
Aminolevulinico Acido,Aminolevulinic Acid,,,
Aminolevulinico Hidrocloruro,Aminolevulinate,,,
Aminosidina,Paromomycin,,,
Amiodarona,Amiodarone,,,
Amiodarona Hidrocloruro,Amiodarone,,,
Amisulprida,Amisulpride,,,
Amitriptilina,Amitriptyline,,,
Amitriptilina Hidrocloruro,Amitriptyline,,,
Amivantamab,Amivantamab,,,
Amlodipino,Amlodipine,,,
Amlodipino Besilato,Amlodipine,,,
Amlodipino Maleato,Amlodipine,,,
Ammoidina,Methoxsalen,,,
Amoniaco,Ammoniac,,,
Amonio,Ammonio Methacrylate Copolymer Type A,,,
Amonio Molibdato,Ammonium Molybdate,,,
Amorolfina,Amorolfine,,,
Amorolfina Hidrocloruro,Amorolfine,,,
Amoxicilina,Amoxicillin,,,
Amoxicilina Sodica,Amoxicillin,,,
Amoxicilina Trihidrato,Amoxicillin,,,
Ampicilina,Ampicillin,,,
Ampicilina Sodica,Ampicillin,,,
Ampicilina Trihidrato,Ampicillin,,,
Ampicilina-benzatina,Ampicillin,,,
Amsacrina,,,,
Anagrelida,Anagrelide,,,
Anagrelida Hidrocloruro,Anagrelide,,,
Anagrelida Hidrocloruro Monohidrato,Anagrelide,,,
Anakinra,Anakinra,,,
Anastrozol,Anastrozole,,,
Andexanet Alfa,Andexanet Alfa,,,
Andusomeran,"Sars-cov-2 (covid-19) Vaccine, Mrna-1273 Omicron (xbb.1.5)",,,
Aneurina,Potentilla Anserina Whole Extract,,,
Angelica Arcangelica,,,,
Angelica Archangelica Raiz,Angelica Archangelica Root Extract,,,
Angiotensina Ii,Angiotensin Ii,,,
Angiotensina Ii Acetato,Angiotensin Ii,,,
Anidulafungina,Anidulafungin,,,
Anifrolumab,Anifrolumab,,,
Anis,12 Hr Carbamazepine 100 Mg Extended Release Oral Capsule,,,
Ansamicina,Rifabutin,,,
Antazolina,Antazoline,,,
Antazolina Fosfato,Antazoline,,,
Anticuerpo Humanizado Frente Al Antigeno De Maduracion De Celulas B Conjugado Con Maleimidocaproil Monometil Auristatin F,,,,
"Anticuerpo Monoclonal Biespecifico Contra Cd3 Y Bcma, De Isotipo Igg2k Humanizado Y Modificado En La Region Fc",,,,
Antigeno De Una Cepa Similar A B  (linaje Victoria),Influenza B Virus B/victoria/705/2018 Antigen,,,
Antigeno De Una Cepa Similar A B  (linaje Yamagata),,,,
Antigeno Hepatitis A,,,,
Antigeno Oligosacarido Meningococo Grupo A,Meningococcal Group A Polysaccharide,,,
Antigeno Oligosacarido Meningococo Grupo C,Meningococcal Group C Polysaccharide,,,
Antigeno Oligosacarido Meningococo Grupo W135,,,,
Antigeno Oligosacarido Meningococo Grupo Y,Meningococcal Polysaccharide Vaccine Group Y,,,
Antigeno Polisacarido Meningococo Gr W-135,Meningococcal Polysaccharide Vaccine Group W-135,,,
Antigeno Polisacarido Meningococo Gr Y,Meningococcal Polysaccharide Vaccine Group Y,,,
Antigeno Polisacarido Meningococo Grupo A,Meningococcal Group A Polysaccharide,,,
Antigeno Polisacarido Meningococo Grupo C,Meningococcal Group C Polysaccharide,,,
Antigeno Recombinante De La Glicoproteina E (ge) Del Virus De La Varicela Zoster (vvz),,,,
Antigeno Salmonella Typhi Polisacarido Capsular Vi,,,,
Antigeno Superficie Hepatitis B,Hepatitis B Surface Antigen Vaccine,,,
Antigenos Superficie Virus Gripe,Influenza B Virus Antigen,,,
Antitrombina Iii,"Antithrombin Iii, Human",,,
Antitrombina Iii Humana,"Antithrombin Iii, Human",,,
Antraquinona,"9,10-anthraquinone",,,
Antraquinona Glucosidos,,,,
Apalutamida,Apalutamide,,,
Apap,Acetaminophen,,,
Apio De Montaña,Arnica Montana Extract,,,
Apixaban,Apixaban,,,
Apomorfina,Apomorphine,,,
Apomorfina Hidrocloruro,Apomorphine,,,
Apomorfina Hidrocloruro Hemihidrato,Apomorphine,,,
Apraclonidina,Apraclonidine,,,
Apraclonidina Hidrocloruro,Apraclonidine,,,
Apremilast,Apremilast,,,
Aprepitant,Aprepitant,,,
Aprotinina,Aprotinin,,,
Aquocobalamina,,,,
Arabinosido Citosina,Cytosine,,,
Arandano Rojo,,,,
Arandano Rojo Purificado Extracto Seco,"Coagulation Factor Ix, Human",,,
Arctostaphylos Uva Ursi (gayuba) Extracto Seco 10 %,,,,
Arctostaphylos Uva-ursi,,,,
Argatroban,Argatroban,,,
Arginina,Arginine,,,
Argipresina,Argipressin,,,
Aripiprazol,Aripiprazole,,,
Aripiprazol Monohidrato,Aripiprazole,,,
Arnica Montana,Arnica Montana Extract,,,
Arnica Montana Extracto Liquido,Arnica Montana Extract,,,
"Arnm Con Caperuza Que Codifica La Proteina Espiga Del Sars-cov-2, Variante Omicron Xfg",,,,
Arnm Que Codifica El Dominio N-terminal Y El Dominio De Union Al Receptor De La Glicoproteina De La Espicula De Sars-cov 2 (xbb.1.5.),,,,
"Arnm Que Codifica La Hemaglutinina Del Virus De La Gripe A, Subtipo H1n1, Cepa A/wisconsin/67/2022",,,,
"Arnm Que Codifica La Hemaglutinina Del Virus De La Gripe A, Subtipo H3n2, Cepaa/darwin/6/2021",Influenza A Virus A/darwin/6/2021 (h3n2) Antigen,,,
"Arnm Que Codifica La Hemaglutinina Del Virus De La Gripe B, Cepa B/austria/1359417/2021",Influenza B Virus B/austria/1359417/2021 Antigen,,,
Arsenico,Arsenic,,,
Arsenico Trioxido,Arsenic Trioxide,,,
Artemeter,Artemether,,,
Artenimol,,,,
Artesunato,Artesunate,,,
Articaina,Articaine,,,
Articaina Hidrocloruro,Articaine,,,
Asciminib,Asciminib,,,
Asciminib Hidrocloruro,Asciminib,,,
Ascorbato Sodio,Sodium Ascorbate,,,
Ascorbico Acido,Ascorbic Acid,,,
Asenapina,Asenapine,,,
Asenapina Maleato,Asenapine,,,
Asfotasa Alfa,Asfotase Alfa,,,
Asiaticosido,Asiaticoside,,,
Asparagina,Asparaginase,,,
Asparagina Monohidrato,,,,
Asparaginasa,Asparaginase,,,
Asparragin Aminohidrolasa,Asparagine,,,
Aspartato Arginina,Arginine,,,
Aspartico Acido,Aspartic Acid,,,
Atalureno,,,,
Atazanavir,Atazanavir,,,
Atazanavir Sulfato,Atazanavir,,,
Atenolol,Atenolol,,,
Atezolizumab,Atezolizumab,,,
Atidarsagen Autotemcel,Atidarsagene Autotemcel,,,
Atogepant,Atogepant,,,
Atogepant Monohidrato,Atogepant,,,
Atomoxetina,Atomoxetine,,,
Atomoxetina Hidrocloruro,Atomoxetine,,,
Atorvastatina,Atorvastatin,,,
Atorvastatina Calcica,Atorvastatin,,,
Atorvastatina Calcica Trihidrato,Atorvastatin,,,
Atosiban,Atosiban,,,
Atosiban Acetato,Atosiban Acetate,,,
Atovacuona,Atovaquone,,,
Atracurio,Atracurium,,,
Atracurio Besilato,Atracurium Besylate,,,
Atropa Belladonna,"Belladonna Extract, Usp",,,
Atropa Belladonna Tintura Madre,"Belladonna Extract, Usp",,,
Atropina,Atropine,,,
Atropina Sulfato,Atropine,,,
Atropina Sulfato Monohidrato,Atropine,,,
Aurotiosulfato,Gold Sodium Thiosulfate,,,
Aurotiosulfato Sodio,Ganciclovir Sodium,,,
Avacopan,Avacopan,,,
Avalglucosidasa Alfa,Avalglucosidase Alfa,,,
Avanafilo,Avanafil,,,
Avapritinib,Avapritinib,,,
Avatrombopag,Avatrombopag,,,
Avatrombopag Maleato,Avatrombopag Maleate,,,
Avelumab,Avelumab,,,
Avibactam,Avibactam,,,
Avibactam Sodio,Avibactam,,,
Avxs-101,,,,
Axeroftol,,,,
Axicabtagen Ciloleucel,Axicabtagene Ciloleucel,,,
Axitinib,Axitinib,,,
Azacitidina,Azacitidine,,,
Azahar,,,,
Azatioprina,Azathioprine,,,
Azd9291,,,,
Azelaico Acido,Azelaic Acid,,,
Azelastina,Azelastine,,,
Azelastina Hidrocloruro,Azelastine,,,
Azidotimidina,Zidovudine,,,
Azilsartan Medoxomilo,Azilsartan Medoxomil,,,
Azitromicina,Azithromycin,,,
Azitromicina Dihidrato,Azithromycin,,,
Azitromicina Monohidrato,Azithromycin,,,
Aztreonam,Aztreonam,,,
Azul De Metileno,Methylene Blue,,,
Azul Disperso,,,,
Azul Patente V Ci 42051,Patent Blue Violet,,,
Azul Patente V Sodico,Patent Blue Violet,,,
A-84538,Pepsin A,,,
Bacillus Pfeiffer,,,,
Bacilo Calmette-guerin Subcepa Moscu,,,,
"Bacilo Calmette-guerin,cepa Danesa 1331, Vivo Atenuado",,,,
Bacitracina,Bacitracin,,,
Bacitracina-zinc,Bacitracin Zinc,,,
Baclofeno,Baclofen,,,
Baloxavir Marboxil,Baloxavir Marboxil,,,
Balsamo Nicaragua,,,,
Balsamo Peru,Peruvian Balsam,,,
Balsamo Tolu,Tolu Balsam,,,
Balsamo Tolu Exto Fluido,Tolu Balsam,,,
Bambuterol,Bambuterol,,,
Bambuterol Hidrocloruro,Bambuterol,,,
Bardana,,,,
Baricitinib,Baricitinib,,,
Bario,Barium Sulfate,,,
Bario Sulfato,Barium Sulfate,,,
Barnidipino,Mepirodipine,,,
Barnidipino Hidrocloruro,Mepirodipine,,,
Basiliximab,Basiliximab,,,
Bazedoxifeno,Bazedoxifene,,,
Bazedoxifeno Acetato,Bazedoxifene,,,
Bcg Atenuado,,,,
Bcg Cultivo Vivo Desecado,,,,
Beclometasona,Beclomethasone,,,
Beclometasona Dipropionato,Beclomethasone Dipropionate,,,
Bedaquilina,Bedaquiline,,,
Bedaquilina Fumarato,Bedaquiline,,,
Belantamab Mafodotina,Belantamab Mafodotin,,,
Belatacept,Belatacept,,,
Belimumab,Belimumab,,,
Belladona Exto Blando,"Belladonna Extract, Usp",,,
Belumosudil Mesilato,Belumosudil,,,
Belzutifan,Belzutifan,,,
Bemiparina,Bemiparin,,,
Bemiparina Sodica,Bemiparin,,,
Bempedoico Acido,Bempedoic Acid,,,
Benazepril,Benazepril,,,
Benazepril Hidrocloruro,Benazepril,,,
Bencenocarboxilico Acido,Iocetamic Acid,,,
Bencidamida,,,,
Bencidamina,Benzydamine,,,
Bencidamina Hidrocloruro,Benzydamine,,,
Bencilhidroflumetiazida,,,,
Bencilparaben,Benzylparaben,,,
Bencilpenicilina,Penicillin G,,,
Bencilpenicilina Potasica,Penicillin G,,,
Bencilpenicilina Procaina,Penicillin G Procaine,,,
Bencilpenicilina Sodica,Penicillin G,,,
Bencilpenicilina-benzatina,Penicillin G,,,
Bendamustina,Bendamustine,,,
Bendamustina Hidrocloruro,Bendamustine,,,
Bendamustina Hidrocloruro Monohidrato,Bendamustine,,,
Bendrofluazida,Bendroflumethiazide,,,
Bendroflumetiazida,Bendroflumethiazide,,,
Benfotiamina,Benphothiamine,,,
Benoxinato,Benoxinate,,,
Benralizumab,Benralizumab,,,
Benserazida,Benserazide,,,
Benserazida Hidrocloruro,Benserazide,,,
Bentazepam,,,,
Benzalconio,Benzalkonium,,,
Benzalconio Cloruro,Benzalkonium,,,
Benzbromarona,Benzbromarone,,,
Benzhidramina,,,,
Benzhidroflumetiazida,Bendroflumethiazide,,,
Benzoato Sodio,Ganciclovir Sodium,,,
Benzobromarona,Benzbromarone,,,
Benzocaina,Benzocaine,,,
Benzoico Acido,Benzoic Acid,,,
Beremagen Geperpavec,Beremagene Geperpavec,,,
Bergamota,Bergamot Orange Extract,,,
Berotralstat,Berotralstat,,,
Berotralstat Dihidrocloruro,Berotralstat,,,
Besilesomab,,,,
Beta Glucuronidasa Humana Recombinante,Follitropin Beta,,,
Beta-dimetilaminoetil Benzhidril Eter,Beta Carotene,,,
"Beta-dimetilaminoetil Benzhidril Eter 1,3-dimetil-8-cloroxantina",,,,
Betahistina,Betahistine,,,
Betahistina Dihidrocloruro,Betahistine,,,
Betahistina Hidrocloruro,Betahistine,,,
Betaina,Betaine,,,
Betaina Anhidra,Betaine,,,
Betametasona,Betamethasone,,,
Betametasona Acetato,Betamethasone Acetate,,,
Betametasona Dipropionato,Betamethasone Dipropionate,,,
Betametasona Fosfato Sodio,Betamethasone,,,
Betametasona 17-valerato,Betamethasone,,,
Betametildigoxina,,,,
Beta-picolinico,Beta Carotene,,,
Betaxolol,Betaxolol,,,
Betaxolol Hidrocloruro,Betaxolol,,,
Betiatida,S-benzoylmercaptoacetyltriglycine,,,
Betula Alba,,,,
Betula Pendula R.,Silver Birch Pollen Allergenic Extract,,,
Betula Pendula R. Extracto Seco,Silver Birch Pollen Allergenic Extract,,,
Bevacizumab,Bevacizumab,,,
Bexaroteno,Bexarotene,,,
Bezafibrato,Bezafibrate,,,
Bezlotoxumab,Bezlotoxumab,,,
Bibrocatol,,,,
Bicalutamida,Bicalutamide,,,
Bicisato Dihidrocloruro,Bicisate,,,
Bictegravir,Bictegravir,,,
Bictegravir Sodio,Bictegravir,,,
Bifonazol,Bifonazole,,,
Bilastina,,,,
Bilastina Monohidrato,,,,
Bimatoprost,Bimatoprost,,,
Bimekizumab,Bimekizumab,,,
Biotina,Biotin,,,
Biotina D(+),D-biotin,,,
Bisacodilo,Bisacodyl,,,
Bisbutiamina,,,,
Bisibutiamina,,,,
Bismalva,,,,
Bismuto Subcitrato,Bismuth Subcitrate,,,
Bismuto Subcitrato Coloidal,Bismuth Subcitrate,,,
Bismuto Subcitrato Potasio,Bismuth Subcitrate,,,
Bisoprolol Fumarato,Bisoprolol Fumarate,,,
Bisoprolol Hemifumarato,Bisoprolol,,,
Bivalirudina,Bivalirudin,,,
Bleomicina,Bleomycin,,,
Bleomicina Sulfato,Bleomycin,,,
Blinatumomab,Blinatumomab,,,
Bordetella Pertussis Hemaglutinina Filamentosa,Bordetella Pertussis,,,
Bordetella Pertussis Pertactina,Bordetella Pertussis,,,
Bordetella Pertussis Pertactina (prot.memb.externa 69kd),"Bordetella Pertussis Pertactin Vaccine, Inactivated",,,
Bordetella Pertussis Proteina Meb Externa 69kd,Pertussis Vaccine,,,
Bordetella Pertussis Toxoide,"Bordetella Pertussis Toxoid Vaccine, Inactivated",,,
Bosentan,Bosentan,,,
Bosentan Monohidrato,Bosentan Monohydrate,,,
Bosutinib Dihidrato,Bosutinib,,,
Bosutinib Monohidrato,Bosutinib Monohydrate,,,
B-piridin-carboxilico,Vitamin B12,,,
Brea Hulla,,,,
Brea Mineral,,,,
Brentuximab Vedotina,Brentuximab Vedotin,,,
Bretovameran,,,,
Brexpiprazol,Brexpiprazole,,,
Brexucabtagen Autoleucel,Brexucabtagene Autoleucel,,,
Brigatinib,Brigatinib,,,
Brimonidina,Brimonidine,,,
Brimonidina Tartrato,Brimonidine,,,
Brinzolamida,Brinzolamide,,,
Brivaracetam,Brivaracetam,,,
Brivudina,Brivudine,,,
Brodalumab,Brodalumab,,,
Brolucizumab,Brolucizumab,,,
Bromazepam,Bromazepam,,,
Bromfenaco,Bromfenac,,,
Bromfenaco Sodico,Bromfenac,,,
Bromfenaco Sodico Sesquihidrato,Bromfenac,,,
Bromfeniramina,Brompheniramine,,,
Bromfeniramina Maleato,Brompheniramine,,,
Bromhexina,Bromhexine,,,
Bromhexina Hidrocloruro,Bromhexine,,,
Bromocriptina,Bromocriptine,,,
Bromocriptina Mesilato,Bromocriptine,,,
Bromofeniramina,Brompheniramine,,,
Bromovinildesoxiuridina,,,,
Bromprofenpiridamina,,,,
Bromuro De Ipratropio Monohidratado,Ipratropium Bromide,,,
Brotizolam,Brotizolam,,,
Brovanexina,Brovanexine,,,
Brovanexina Hidrocloruro,Brovanexine,,,
Budesonida,Budesonide,,,
Bulevirtida,Bulevirtide,,,
Bulevirtida Acetato,Bulevirtide Acetate,,,
Bumetanida,Bumetanide,,,
Bupivacaina,Bupivacaine,,,
Bupivacaina Hidrocloruro,Bupivacaine,,,
Buprenorfina,Buprenorphine,,,
Buprenorfina Hidrocloruro,Buprenorphine,,,
Burosumab,Burosumab,,,
Buserelina,Buserelin,,,
Buserelina Acetato,Buserelin,,,
Busulfano,Busulfan,,,
Butilescopolamina Bromuro,Butylscopolamine,,,
Butilparaben,Butylparaben,,,
Cabazitaxel,Cabazitaxel,,,
Cabazitaxel 2-propanol Solvato,Isopropyl Alcohol,,,
Cabergolina,Cabergoline,,,
Cabotegravir,Cabotegravir,,,
Cabotegravir Sodio,Cabotegravir,,,
Cabozantinib,Cabozantinib,,,
Cabozantinib Maleato,Cabozantinib,,,
Cacahuete,,,,
"Cacahuete Polvo Desengrasado, Semillas",Bismuth Subsalicylate 262 Mg Powder For Oral Suspension [estomaquil],,,
Cafeina,Caffeine,,,
Cafeina Anhidra,Caffeine,,,
Cafeina Citrato,Caffeine,,,
Cajeputol,Eucalyptol,,,
Calcifediol,Calcifediol,,,
Calcifediol Monohidrato,Calcifediol,,,
Calciferol,Vitamin D,,,
Calcio,Calcium,,,
Calcio Carbonato,Calcium Carbonate,,,
Calcio Cloruro,Calcium Chloride,,,
Calcio Cloruro Anhidro,Calcium Chloride,,,
Calcio Cloruro Dihidrato,Calcium Chloride,,,
Calcio Fosfato,Calcium Phosphate,,,
Calcipotriol,Calcipotriene,,,
Calcipotriol Monohidrato,Calcipotriene Hydrate,,,
Calcitonina,Calcitonin,,,
Calcitonina Salmon Sintetica,Salmon Calcitonin,,,
Calcitriol,Calcitriol,,,
Camelia Thea Link,,,,
Camellia Sinensis,Camellia Sinensis Whole Extract,,,
Camomila,Chamomile Extract,,,
Canagliflozina,Canagliflozin,,,
Canagliflozina Monohidrato,Canagliflozin,,,
Canakinumab,Canakinumab,,,
Candesartan,Candesartan,,,
Candesartan Cilexetilo,Candesartan Cilexetil,,,
Canela,,,,
Cangrelor,Cangrelor,,,
Cannabidiol,Cannabidiol,,,
Cannabidiol (psicotropo),Cannabidiol,,,
Capecitabina,Capecitabine,,,
Capivasertib,Capivasertib,,,
Caplacizumab,Caplacizumab,,,
Capmatinib,Capmatinib,,,
Capmatinib Dihidrocloruro Monohidrato,Capmatinib,,,
Capreomicina,Capreomycin,,,
Capreomicina Sulfato,Capreomycin,,,
Capsaicina,Capsaicin,,,
Capsicum,Capsicum Extract,,,
Capsicum Oleorresina,Capsicum Oleoresin,,,
Captopril,Captopril,,,
Carbamazepina,Carbamazepine,,,
Carbamida,Urea,,,
Carbenoxolona,Carbenoxolone,,,
Carbetapentano,Carbetapentane,,,
Carbetocina,,,,
Carbidopa,Carbidopa,,,
Carbidopa Monohidrato,Carbidopa,,,
Carbimazol,Carbimazole,,,
Carbocisteina,Carbocysteine,,,
Carbocisteina Lisina,Carbocysteine,,,
Carbolico Acido,Iocetamic Acid,,,
Carbomero,Carbomer,,,
Carbon Activo,Activated Charcoal,,,
Carbon Adsorbente,Ammonium Carbonate,,,
Carbon Cafe,Ammonium Carbonate,,,
Carbon Medicinal,Activated Charcoal,,,
Carbon Ultraactivo,Ammonium Carbonate,,,
Carbonildiamida,Urea,,,
Carbono-99m Tc (aerosol),,,,
Carboplatino,Carboplatin,,,
Carbopol,Carbomer,,,
Carboximetilcelulosa,Carboxymethylcellulose,,,
Cardo Bendito,,,,
Cardo Mariano,Picea Mariana Resin,,,
Carfilzomib,Carfilzomib,,,
Carglumico Acido,Carglumic Acid,,,
Cariprazina,Cariprazine,,,
Cariprazina Hidrocloruro,Cariprazine,,,
Carmelosa,Carboxymethylcellulose,,,
Carmelosa Sodica,Carboxymethylcellulose,,,
Carmin De Indigo,Indigo Carmine,,,
Carmustina,Carmustine,,,
Carnitina,Levocarnitine,,,
Carnitina Hidrocloruro,Levocarnitine,,,
Carnosina,Carnosine,,,
Carragahen,Emepronium Carrageenate,,,
Carragenano,Carrageenan,,,
Carteolol,Carteolol,,,
Carteolol Hidrocloruro,Carteolol,,,
Carum Carvi L.,,,,
Carum Carvi L. Fruto,,,,
Carvedilol,Carvedilol,,,
Cas 276,Calcium Ion,,,
Cascara Sagrada,Cascara Sagrada,,,
Casirivimab,Casirivimab,,,
Caspofungina,Caspofungin,,,
Caspofungina Acetato,Caspofungin,,,
Cassia Angustifolia,,,,
Cassia Angustifolia Exto,,,,
Cassia Angustifolia Exto Liquido,,,,
Cassia Angustifolia Frutos,,,,
Cassia Angustifolia Frutos Extracto Seco,,,,
Cassia Angustifolia Hoja O Foliola,,,,
Cassia Angustifolia Polvo,,,,
Catridecacog,Coagulation Factor Xiii A-subunit (recombinant),,,
Catumaxomab,,,,
Cbdca,Carboplatin,,,
Cdp-colina,Citicoline,,,
Cedazuridina,Cedazuridine,,,
Cefaclor,Cefaclor,,,
Cefaclor Monohidrato,,,,
Cefadroxilo,Cefadroxil,,,
Cefadroxilo Monohidrato,Cefadroxil,,,
Cefalexina,Cephalexin,,,
Cefalexina Monohidrato,Cephalexin,,,
Cefazolina,Cefazolin,,,
Cefazolina Sodica,Cefazolin,,,
Cefepima,Cefepime,,,
Cefepima Dihidrocloruro Monohidrato,Cefepime,,,
Cefiderocol Sulfato Tosilato,Cefiderocol,,,
Cefixima,Cefixime,,,
Cefixima Trihidrato,Cefixime,,,
Cefotaxima,Cefotaxime,,,
Cefotaxima Sodica,Cefotaxime,,,
Cefoxitina,Cefoxitin,,,
Cefoxitina Sodica,Cefoxitin,,,
Ceftarolina Fosamilo,Ceftaroline Fosamil,,,
Ceftazidima,Ceftazidime,,,
Ceftazidima Pentahidrato,Ceftazidime Pentahydrate,,,
Ceftobiprol Medocarilo,,,,
Ceftolozano,Ceftolozane,,,
Ceftolozano Sulfato,Ceftolozane,,,
Ceftriaxona,Ceftriaxone,,,
Ceftriaxona Sodica,Ceftriaxone,,,
Cefuroxima,Cefuroxime,,,
Cefuroxima Axetilo,Cefuroxime,,,
Cefuroxima Sodica,Cefuroxime,,,
Celidonia  Mayor,Burdock Root Extract,,,
Celulas Cd3+ Autologas Transducidas Anti Cd19,,,,
"Celulas Epiteliales Corneales Humanas Autologas, Expandidas Ex Vivo, Entre Las Que Se Encuentran Celulas Madre",,,,
Celulas T Autologas Transducidas Con El Vector Lentiviral Que Contienen El Receptor Antigeno Quimerico Directo Anti-cd19,,,,
"Celulas T Cd4+ Y Cd8+ Autologas Derivadas De Sangre Periferica Y Activadas Con Anticuerpos Especificos De Cd3 Y Cd28, Transducidas Con Un Vector Retroviral, Que Expresa El Receptor Quimerico Especifico De Cd19 Que Incluye Dominios De Cd28/cd3-zeta, Y Cult",,,,
Cemiplimab,Cemiplimab,,,
Cemivameran,,,,
Cenegermina,Cenegermin,,,
Cenobamato,Cenobamate,,,
Centaurea Menor,Centaurea Benedicta Extract,,,
Centaurium Umbellatum,Centaurium Erythraea Preparation,,,
Centella Asiatica Exto,Centella Asiatica Extract,,,
Cepa Similar A A/astrakhan/3212/2020 (h5n8) (cber-rg8a),Influenza A Virus A/astrakhan/3212/2020 (h5n8) Antigen,,,
Cerio Nitrato,Ceric Oxide,,,
Cerliponasa Alfa,Cerliponase Alfa,,,
Certolizumab Pegol,Certolizumab Pegol,,,
Certoparina De Sodio,Sodium Ironedetate,,,
Cetiltrimetilamonio,,,,
Cetirizina,Cetirizine,,,
Cetirizina Dihidrocloruro,Cetirizine,,,
Cetirizina Hidrocloruro,Cetirizine,,,
Ceto Fenilalanina Calcica,Phenylalanine,,,
Ceto Isoleucina,Isoleucine,,,
Ceto Isoleucina Calcica,Isoleucine,,,
Ceto Leucina,Leucine,,,
Ceto Leucina Calcica,Calcium Carbimide,,,
Ceto Valina,Valine,,,
Ceto Valina Calcica,Calcium Carbimide,,,
Cetuximab,Cetuximab,,,
Chelidonia Majus,Chelidonium Majus Extract,,,
Chelidonium Majus,Chelidonium Majus Extract,,,
Chumbera,,,,
Cianocobalamina,Vitamin B12,,,
Ciclesonida,Ciclesonide,,,
Ciclobenzaprina,Cyclobenzaprine,,,
Ciclobenzaprina Hidrocloruro,Cyclobenzaprine,,,
Ciclofosfamida,Cyclophosphamide,,,
Ciclofosfamida Monohidrato,Cyclophosphamide,,,
Ciclohexanohexilmexafosfato,,,,
Ciclohexilbenzotiazil Sulfenamida,N-oxydiethylene-2-benzothiazole Sulfenamide,,,
Ciclopentolato,Cyclopentolate,,,
Ciclopentolato Hidrocloruro,Cyclopentolate,,,
Ciclopirox Olamina,Ciclopirox Olamine,,,
Ciclosilicato De Sodio Y Zirconio,Sodium Ironedetate,,,
Ciclosporina,Cyclosporine,,,
Ciclosporina  Para Microemulsion,Cyclosporine Microemulsion,,,
Cidofovir Dihidrato,Cidofovir,,,
Cilantro,Cilantro Extract,,,
Cilantro Exto Liquido,Cilantro Extract,,,
Cilastatina,Cilastatin,,,
Cilastatina Sodica,Cilastatin,,,
Cilazapril,Cilazapril,,,
Cilazapril Monohidrato,Cilazapril,,,
Cilgavimab,Cilgavimab,,,
Cilostazol,Cilostazol,,,
Ciltacabtagen Autoleucel,Ciltacabtagene Autoleucel,,,
Cimebrina,,,,
Cimicifuga Racemosa,Black Cohosh Extract,,,
Cimicifuga Racemosa Exto Seco,Black Cohosh Extract,,,
Cinacalcet,Cinacalcet,,,
Cinacalcet Hidrocloruro,Cinacalcet,,,
Cinamaldehido,Cinnamic Aldehyde,,,
Cinamilico Alcohol,Ethanol,,,
Cinarizina,Cinnarizine,,,
Cincocaina,Dibucaine,,,
Cincocaina Hidrocloruro,Dibucaine,,,
Cinitaprida,Cinitapride,,,
Cinitaprida Hidrogeno Tartrato,Cinitapride,,,
Cinitaprida Tartrato Acido,Cinitapride,,,
Cinnamomum Zeylanicum Corteza,"Cinnamon Oil, Leaf",,,
Cinnarizina,Cinnarizine,,,
Cipaglucosidasa Alfa,Cipaglucosidase Alfa,,,
Ciprofloxacino,Ciprofloxacin,,,
Ciprofloxacino Hidrocloruro,Ciprofloxacin,,,
Ciproheptadina,Cyproheptadine,,,
Ciproheptadina Cetoglutarato,Cyproheptadine,,,
Ciproheptadina Hidrocloruro,Cyproheptadine,,,
Ciproterona,Cyproterone,,,
Ciproterona Acetato,Cyproterone Acetate,,,
Cisatracurio,Cisatracurium,,,
Cisatracurio Besilato,Cisatracurium Besylate,,,
Cisplatino,Cisplatin,,,
Cisteamina,Cysteamine,,,
Cisteina,Cysteine,,,
Cistina,Cystine,,,
Citalopram,Citalopram,,,
Citalopram Hidrobromuro,Citalopram,,,
Citarabina,Cytarabine,,,
Citicolina,Citicoline,,,
Citicolina Sodica,Citicoline,,,
Citidina,,,,
Citidina-5-monofosfato Disodio,,,,
Citisina,Cytisine,,,
Citisiniclina,Cytisine,,,
Citosina Arabinosido,Cytosine,,,
Citrato Acido Sodio,Ganciclovir Sodium,,,
Citrato Magnesio,,,,
Citrato Potasio,Potassium,,,
Citrato Sodico Dihidrato,Mentha Aquatica Var. Citrata Leaf Extract,,,
Citrato Sodio,Ganciclovir Sodium,,,
Citrato Trisodio,Trisodium Citrate,,,
Citrico Acido,Citric Acid,,,
Citrico Acido Anhidro,Citric Acid,,,
Citrico Acido Monohidrato,Citric Acid,,,
Citrina,Callistemon Citrinus Pollen Extract,,,
Citrulina,Citrulline,,,
Citrulina Malato,Citrulline Malate,,,
Citrus Bergamia,Citrus Bergamia Leaf Oil,,,
Cladribina,Cladribine,,,
Claritromicina,Clarithromycin,,,
Claritromicina Citrato,Clarithromycin,,,
Clascoterona,Clascoterone,,,
Clavo,,,,
Clavulanato Potasio,Potassium,,,
Clavulanato Potasio Diluido Con Celulosa Microcristalina,Ak-con,,,
Clavulanato Potasio Diluido Con Silice Coloidal Hidratada,Ak-con,,,
Clavulanico Acido,Clavulanic Acid,,,
Cleboprida,Clebopride,,,
Cleboprida Malato,Clebopride,,,
Clesrovimab,Clesrovimab,,,
Clindamicina,Clindamycin,,,
Clindamicina Fosfato,Clindamycin,,,
Clindamicina Hidrocloruro,Clindamycin,,,
Clobazam,Clobazam,,,
Clobetasol,Clobetasol,,,
Clobetasol Propionato,Clobetasol Propionate,,,
Clobetasona,Clobetasone,,,
Clobetasona Butirato,Clobetasone,,,
Clocinizina,Clocinizine,,,
Clocinizina Dihidrocloruro,Clocinizine,,,
Clofarabina,Clofarabine,,,
Clofazimina,Clofazimine,,,
Clometiazol,Chlormethiazole,,,
Clomifeno Citrato,Clomiphene,,,
Clomipramina,Clomipramine,,,
Clomipramina Hidrocloruro,Clomipramine,,,
Clonazepam,Clonazepam,,,
Clonidina,Clonidine,,,
Clonidina Hidrocloruro,Clonidine,,,
Clonixino Lisina,Clonixin,,,
Cloperastina,Cloperastine,,,
Cloperastina Fendizoato,Cloperastine,,,
Cloperastina Hidrocloruro,Cloperastine,,,
Clopidogrel Besilato,,,,
Clopidogrel Hidrogenosulfato,Clopidogrel,,,
Clorambucilo,Chlorambucil,,,
Cloranfenicol,Chloramphenicol,,,
Clorazepato Dipotasio,Clorazepate,,,
Clorazepico Acido,Iocetamic Acid,,,
Clorcinazina,,,,
Clordiazepoxido,Chlordiazepoxide,,,
Clordiazepoxido Hidrocloruro,Chlordiazepoxide,,,
Cloretona,,,,
Clorfenamina,Chlorpheniramine,,,
Clorfenamina Maleato,Chlorpheniramine,,,
Clorfeniramina,Chlorpheniramine,,,
Clorhexidina,Chlorhexidine,,,
Clorhexidina Acetato,Chlorhexidine Acetate,,,
Clorhexidina Digluconato,Chlorhexidine,,,
Clorhexidina Dihidrocloruro,Chlorhexidine,,,
Clorhexidina Hidrocloruro,Chlorhexidine,,,
Clorhistapiridamina,,,,
Clormadinona,Chlormadinone,,,
Clormadinona Acetato,Chlormadinone Acetate,,,
Clormetina,Mechlorethamine,,,
Clorobutanol,Chlorobutanol,,,
Clorobutanol Hemihidrato,Chlorobutanol Hemihydrate,,,
Cloroprocaina,Chloroprocaine,,,
Cloroprocaina Hidrocloruro,Chloroprocaine,,,
Cloroprofenpiridamida,,,,
Cloroquina,Chloroquine,,,
Cloroquina Fosfato,Chloroquine,,,
Clorotetraciclina,Chlortetracycline,,,
Clorpiprazina,Clospirazine,,,
Clorpromazina,Chlorpromazine,,,
Clorpromazina Hidrocloruro,Chlorpromazine,,,
Clorquinaldol,Chlorquinaldol,,,
Clortalidona,Chlorthalidone,,,
Clortetraciclina,Chlortetracycline,,,
Clortetraciclina Hidrocloruro,Chlortetracycline,,,
Cloruro Amonico De Lenalidomida,Methylene Blue,,,
Cloruro De Hierro (iii) Hexahidrato,Methylene Blue,,,
Cloruro De Potasio,Methylene Blue,,,
Clostridiopeptidasa,Collagenase Clostridium Histolyticum,,,
"Clostridium Tetani, Toxoide","Tetanus Toxoid Vaccine, Inactivated",,,
Clotiapina,Clothiapine,,,
Clotrimazol,Clotrimazole,,,
Cloxacilina,Cloxacillin,,,
Cloxacilina Sodica,Cloxacillin,,,
Clozapina,Clozapine,,,
Coal Tar,Coal Tar,,,
Cobalto,Cobalt,,,
Cobalto Cloruro,Cobalt,,,
Cobamamida,Cobamamide,,,
Cobicistat,Cobicistat,,,
Cobre Carbonato,Copper,,,
Cobre Cloruro Dihidrato,Copper,,,
Cobre Sulfato Pentahidrato,Copper,,,
Cocarbina,,,,
Cocarboxilasa,Thiamine Pyrophosphate,,,
Cocarboxilasa Tetrahidrato,Thiamine Pyrophosphate,,,
Codeina,Codeine,,,
Codeina Fosfato,Codeine,,,
Codeina Fosfato Hemihidrato,Codeine,,,
Coenzima B1,Thiamine,,,
Coenzima B12,Cobamamide,,,
Cola De Caballo,,,,
Cola Raton,,,,
Colchicina,Colchicine,,,
Colecalciferol,Cholecalciferol,,,
Colesevelam,Colesevelam,,,
Colesevelam Hidrocloruro,Colesevelam,,,
Colestiramina,Cholestyramine Resin,,,
Colico Acido,Iocetamic Acid,,,
Colina Citidin-5-difosfato,Citicoline,,,
Colistimetato Sodio,Ganciclovir Sodium,,,
Colleja,,,,
Colofonia,Rosin,,,
Complejo Coagulante Antiinhibidor,Anti-inhibitor Coagulant Complex,,,
Complejo Hierro Dextran,Dextran,,,
Complejo Oseina-hidroxiapatita,Complera,,,
Concentrado De Enzimas Proteoliticas Enriquecidas En Bromelaina,,,,
Concentrado De Protombina Activada,,,,
Concizumab,Concizumab,,,
Condroitina,,,,
Condroitina Sulfato Sodio,Ganciclovir Sodium,,,
Conestat Alfa,C1 Esterase Inhibitor (recombinant),,,
Conjugado Haemophilus Influenzae Prp-neisseria Meningitidis Ompc,,,,
Conjugado Prp-ompc,Haemophilus Capsular Oligosaccharide / Neisseria Meningitidis,,,
Coriandro,Cilantro Extract,,,
Coriandro Sativum,Coriandrum Sativum Whole Extract,,,
Corifolitropina Alfa,,,,
Coriogonadotropina Alfa,Choriogonadotropin Alfa,,,
Corynebacterium Diphteriae Proteina Crm 197,,,,
Cosintropina,Cosyntropin,,,
Cosmolina,,,,
Crataegus Oxiacanta-crataegus Monogina,Crataegus Extract,,,
Crataegus Oxyacantha,,,,
Crataegus Oxyacantha Exto Seco,,,,
Crataegus Oxyacantha Flores,,,,
Crecimiento Hormona,Parathyroid Hormone,,,
Crisantaspasa,Asparaginase Erwinia Chrysanthemi,,,
Crizanlizumab,Crizanlizumab,,,
Cromato Cr-51  Sodio,Sodium Chromate Cr51,,,
Cromo Cloruro Hexahidrato,Chromium,,,
Cromoglicato De Sodio,Sodium Ironedetate,,,
Cromoglicico Acido,Cromolyn,,,
Crovalimab,Crovalimab,,,
Curcuma,Turmeric Extract,,,
Curcuma Exto Seco,Turmeric Extract,,,
Cynara Scolymus L.,Cynara Scolymus Whole Extract,,,
Cynara Scolymus L. Extracto Seco,Cynara Scolymus Whole Extract,,,
Cynodon Dactylon,Cynodon Dactylon Extract,,,
Dabigatran,Dabigatran,,,
Dabigatran Etexilato,Dabigatran Etexilate,,,
Dabigatran Etexilato Mesilato,Dabigatran Etexilate,,,
Dabrafenib,Dabrafenib,,,
Dabrafenib Mesilato,Dabrafenib,,,
Dacarbazina,Dacarbazine,,,
Dacomitinib,Dacomitinib,,,
Dacomitinib Monohidrato,Dacomitinib,,,
Dalbavancina,Dalbavancin,,,
Dalbavancina Hidrocloruro,Dalbavancin,,,
Dalfampridina,Dalfampridine,,,
Dalteparina,Dalteparin,,,
Dalteparina Sodica,Dalteparin,,,
Damoctocog Alfa Pegol,Damoctocog Alfa Pegol,,,
Danaparoide De Sodio,Sodium Ironedetate,,,
Danazol,Danazol,,,
Danicopan,Danicopan,,,
Dantroleno,Dantrolene,,,
Dantroleno Sodio Hemiheptahidrato,Dantrolene,,,
Dapagliflozina,Dapagliflozin,,,
Dapagliflozina Propanodiol,Dapagliflozin Propanediol,,,
Dapagliflozina Propanodiol Monohidrato,Dapagliflozin Propanediol,,,
Dapoxetina,,,,
Dapsona,Dapsone,,,
Daptomicina,Daptomycin,,,
Daratumumab,Daratumumab,,,
Darbepoetina Alfa,Darbepoetin Alfa,,,
Daridorexant,Daridorexant,,,
Daridorexant Hidrocloruro,Daridorexant,,,
Darifenacina,Darifenacin,,,
Darifenacina Hidrobromuro,Darifenacin,,,
Darolutamida,Darolutamide,,,
Darunavir,Darunavir,,,
Darunavir Etanolato,Darunavir Ethanolate,,,
Darunavir Propilenglicolato,Darunavir,,,
Darvadstrocel,,,,
Dasabuvir,Dasabuvir,,,
Dasatinib,Dasatinib,,,
Dasatinib Monohidrato,Dasatinib,,,
Datopotamab Deruxtecan,Datopotamab Deruxtecan,,,
Daunorubicina,Daunorubicin,,,
Daunorubicina Hidrocloruro,Daunorubicin,,,
Davesomeran,,,,
D-b-b-dimetilcisteina,,,,
D-bencilpenicilina,,,,
D-camfor,,,,
D-dehidrohidrocortisona,,,,
Decicaina,,,,
Decitabina,Decitabine,,,
Decualinio,,,,
Decualinio Cloruro,Calcium Chloride,,,
Deferasirox,Deferasirox,,,
Deferiprona,Deferiprone,,,
Deferoxamina,Deferoxamine,,,
Deferoxamina Mesilato,Deferoxamine,,,
Deflazacort,Deflazacort,,,
Degarelix,Degarelix,,,
Degarelix Acetato,Degarelix Acetate,,,
Dehidroepiandrosterona,Prasterone,,,
Delafloxacino,Delafloxacin,,,
Delafloxacino Meglumina,Delafloxacin Meglumine,,,
Delamanid,,,,
Delapril,,,,
Delapril Hidrocloruro,,,,
Delta 9 Tetrahidrocannabinol,Dronabinol,,,
Deltacortisona,Prednisone,,,
Delta-dehidrohidrocortisona,Delta D3,,,
Deltahidrocortisona,Prednisolone,,,
Delta-1-dehidrocortisona,,,,
"Dengue Virus, Vivo Atenuado Serotipo 1",,,,
"Dengue Virus, Vivo Atenuado Serotipo 2",,,,
"Dengue Virus, Vivo Atenuado Serotipo 3",,,,
"Dengue Virus, Vivo Atenuado Serotipo 4",,,,
Denosumab,Denosumab,,,
Depemokimab,Depemokimab,,,
Dequalinio,Dequalinium,,,
Desfesoterodina,,,,
Desfesoterodina Succinato,Succinate,,,
Desflurano,Desflurane,,,
Desloratadina,Desloratadine,,,
Desmetilamitriptilina,Nortriptyline,,,
Desmopresina,Desmopressin,,,
Desmopresina Acetato,Desmopressin,,,
Desoxicolico Acido,Iocetamic Acid,,,
Desvenlafaxina,Desvenlafaxine,,,
Desvenlafaxina Benzoato,Desvenlafaxine,,,
Desvenlafaxina Succinato Monohidrato,Desvenlafaxine,,,
Deucravacitinib,Deucravacitinib,,,
Deutivacaftor,Deutivacaftor,,,
Dexametasona,Dexamethasone,,,
Dexametasona Fosfato,Dexamethasone,,,
Dexametasona Fosfato Disodio,Dexamethasone,,,
Dexametasona Fosfato Sodio,Dexamethasone,,,
Dexametasona Metasulfobenzoato,,,,
Dexametasona Metasulfobenzoato Sodico,,,,
Dexametasona Pivalato,Dexamethasone,,,
Dexanfetamina,Dextroamphetamine,,,
Dexanfetamina Sulfato,Dextroamphetamine,,,
Dexclorfeniramina,Dexchlorpheniramine,,,
Dexclorfeniramina Maleato,Dexchlorpheniramine,,,
Dexketoprofeno Trometamol,Dexketoprofen Trometamol,,,
Dexmedetomidina,Dexmedetomidine,,,
Dexmedetomidina Hidrocloruro,Dexmedetomidine,,,
Dexpantenol,Dexpanthenol,,,
Dexrazoxano,Dexrazoxane,,,
Dextran 70,Dextran 70,,,
Dextran-hierro,Dextran,,,
Dextroamfetamina,Dextroamphetamine,,,
Dextrometorfano,Dextromethorphan,,,
Dextrometorfano Hidrobromuro,Dextromethorphan,,,
Dextrosa,Glucose,,,
Dha,Docosahexaenoic Acid,,,
D-hidrocortisona,,,,
Diacereina,Diacetylrhein,,,
Diacetilmidecamicina,,,,
Diacetoxi-difenil-piridilmetano,,,,
Diafenilsulfona,Dapsone,,,
Diatrizoico Acido,Diatrizoic Acid,,,
Diazepam,Diazepam,,,
Dibencocida,,,,
Dibencozamida,,,,
Dibenzotiazil Disulfida,"2,2'-dithiobisbenzothiazole",,,
Dibotermina Alfa,,,,
Dibromohidroximercurifluoresceina,,,,
Dibucaina,Dibucaine,,,
Diciclomina,Dicyclomine,,,
Dicicloverina,Dicyclomine,,,
Dicicloverina Hidrocloruro,Dicyclomine,,,
Diclofenaco,Diclofenac,,,
Diclofenaco Dietilamina,Diclofenac Diethylammonium,,,
Diclofenaco Epolamina,Diclofenac Epolamine,,,
Diclofenaco Sodico,Diclofenac,,,
Diclorobencilico Alcohol,Dichlorobenzyl Alcohol,,,
Dicloro-oxiquinaldina,Dicloran,,,
Didrogesterona,Dydrogesterone,,,
Difasin,,,,
Difelicefalina,Difelikefalin,,,
Difelicefalina Acetato,Difelikefalin Acetate,,,
Difenhidramina,Diphenhydramine,,,
Difenhidramina Hidrocloruro,Diphenhydramine,,,
Difenilguanidina,Diphenylguanidine,,,
Difenilhidantoina,,,,
Difenilmetoxi-8-isopropilnortropano,,,,
Difenilmetoxi-8-isopropilnortropano Mesilato,Doxazosin 8 Mg Oral Tablet,,,
Difilina,,,,
Diflorasona,Diflorasone,,,
Diflorasona Diacetato,Diflorasone Diacetate,,,
Diflucortolona,Diflucortolone,,,
Diflucortolona Valerato,Diflucortolone Valerate,,,
Diflunisal,Diflunisal,,,
Digoxina,Digoxin,,,
Dihidroartemisinina,,,,
Dihidroclorotiazida,,,,
Dihidrocodeina,Dihydrocodeine,,,
Dihidrocodeina Bitartrato,Dihydrocodeine Bitartrate,,,
Dihidroergocristina,Dihydroergocristine,,,
Dihidroergocristina Mesilato,Dihydroergocristine Monomesylate,,,
Dihidroestreptomicina,Dihydrostreptomycin,,,
Dihidroestreptomicina Sulfato,Dihydrostreptomycin,,,
Dihidrogenofosfato De Sodio Dihidrato,Sodium Ironedetate,,,
Dihidrogenofosfato De Sodio Monohidrato,Sodium Ironedetate,,,
Dihidrohidroxicodeinona,Oxycodone,,,
Dihidroquinidina,Hydroquinidine,,,
Dihidroxicolecalciferol(1-25),,,,
Dihidroxipropilteofilina,,,,
Dihidroxisuccinico Acido,Iocetamic Acid,,,
Diltiazem,Diltiazem,,,
Diltiazem Hidrocloruro,Diltiazem,,,
Dimenhidrinato,Dimenhydrinate,,,
Dimeticona,Dimethicone,,,
Dimeticona-silica Gel,,,,
Dimetindeno Maleato,Dimethindene,,,
Dinoprostona,Dinoprostone,,,
Dinutuximab,Dinutuximab,,,
Dinutuximab Beta,,,,
Diosmina,Diosmin,,,
Dioxido De Carbono,Titanium Dioxide,,,
Dipentametilenetiuramio Disulfuro,Dipentamethylenethiuram Disulfide,,,
Dipiridamol,Dipyridamole,,,
Dipirona,,,,
Diprofilina,Dyphylline,,,
Disopiramida,Disopyramide,,,
Disulfiram,Disulfiram,,,
Dobesilato De Calcio,Calcium Carbonate,,,
Dobesilato De Calcio Monohidrato,Calcium Carbonate,,,
Dobesilico Acido,Dobesilic Acid,,,
Dobutamina,Dobutamine,,,
Dobutamina Hidrocloruro,Dobutamine,,,
Docetaxel,Docetaxel,,,
Docetaxel Trihidrato,Docetaxel,,,
Docosanol,Docosanol,,,
Dodecilsulfato,Sodium Dodecyl Sulfate,,,
Dolutegravir,Dolutegravir,,,
Dolutegravir Sodio,Dolutegravir,,,
Domperidona,Domperidone,,,
Domperidona Maleato,Domperidone,,,
Donanemab,Donanemab,,,
Donepezilo Hidrocloruro Monohidrato,Donepezil,,,
Donidalorsen,Donidalorsen,,,
Donidalorsen Sodico,Donidalorsen,,,
Dopamina,Dopamine,,,
Dopamina Hidrocloruro,Dopamine,,,
Doravirina,Doravirine,,,
Dornasa Alfa,Dornase Alfa,,,
Dorzolamida,Dorzolamide,,,
Dorzolamida Hidrocloruro,Dorzolamide,,,
Dostarlimab,Dostarlimab,,,
Doxazosina,Doxazosin,,,
Doxazosina Mesilato,Doxazosin,,,
Doxepina,Doxepin,,,
Doxepina Hidrocloruro,Doxepin,,,
Doxiciclina,Doxycycline,,,
Doxiciclina Hiclato,Doxycycline,,,
Doxiciclina Hidrocloruro,Doxycycline,,,
Doxilamina,Doxylamine,,,
"Doxilamina, Hidrogenosuccinato De",,,,
Doxorubicina,Doxorubicin,,,
Doxorubicina Hidrocloruro,Doxorubicin,,,
D-pantenol,Dexpanthenol,,,
Dronabinol,Dronabinol,,,
Dronedarona,Dronedarone,,,
Dronedarona Clorhidrato,Dronedarone,,,
Drosera,,,,
Drosera Rotundifolia,Drosera Rotundifolia Flowering Top Extract,,,
Drosera Tintura,,,,
Drosera Tintura Madre,,,,
Drospirenona,Drospirenone,,,
Dulaglutida,Dulaglutide,,,
Duloxetina,Duloxetine,,,
Duloxetina Hidrocloruro,Duloxetine,,,
Dupilumab,Dupilumab,,,
Durvalumab,Durvalumab,,,
Dutasterida,Dutasteride,,,
Ebastina,Ebastine,,,
Eberconazol,,,,
Eberconazol Nitrato,,,,
Eburnamonina,,,,
Echinacea Angustifolia,Echinacea Angustifolia Extract,,,
Echinacea Angustifolia Exto Seco,Echinacea Angustifolia Extract,,,
Echinacea Angustifolia Tintura Madre,Echinacea Angustifolia Extract,,,
Echinacea Purpurea,Echinacea Purpurea Extract,,,
Echinacea Purpurea Jugo,Echinacea Purpurea Extract,,,
Echinacea Purpurea Tintura Madre,Echinacea Purpurea Extract,,,
Echinacea Purpurea Tintura Parte Aerea,Echinacea Purpurea Aerial Parts Extract,,,
Echinacea Purpurea Tintura Raiz,Echinacea Purpurea Extract,,,
Eculizumab,Eculizumab,,,
Edotreotida,Edotreotride,,,
Edoxaban,Edoxaban,,,
Edoxaban Tosilato,Edoxaban,,,
Edoxaban Tosilato Monohidrato,Edoxaban,,,
Edtaciclina,,,,
Efanesoctocog Alfa,"Antihemophilic Factor (recombinant), Fc-vwf-xten Fusion Protein",,,
Efavirenz,Efavirenz,,,
Efedrina,Ephedrine,,,
Efedrina Hidrocloruro,Ephedrine,,,
Efgartigimod Alfa,Efgartigimod Alfa,,,
Eflornitina,Eflornithine,,,
Eflornitina Hidrocloruro,Eflornithine,,,
Efmoroctocog Alfa,Efmoroctocog Alfa,,,
Eftrenonacog Alfa,Coagulation Factor Ix Recombinant Immunoglobulin G1 Fusion Protein,,,
Elacestrant,Elacestrant,,,
Elacestrant Dihidrocloruro,Elacestrant,,,
Eladocagen Exuparvovec,Eladocagene Exuparvovec,,,
Elafibranor,Elafibranor,,,
Elasomeran,"Sars-cov-2 (covid-19) Vaccine, Mrna-1273",,,
Elbasvir,Elbasvir,,,
Eletriptan,Eletriptan,,,
Eletriptan Hidrobromuro,Eletriptan,,,
Elexacaftor,Elexacaftor,,,
Eliglustat,Eliglustat,,,
Elinzanetant,Elinzanetant,,,
Elosulfasa Alfa,Elosulfase Alfa,,,
Elotuzumab,Elotuzumab,,,
Elranatamab,Elranatamab,,,
Eltrombopag,Eltrombopag,,,
Eltrombopag Olamina,Eltrombopag Olamine,,,
Elvitegravir,Elvitegravir,,,
Emedastina,Emedastine,,,
Emedastina Difumarato,Emedastine Difumarate,,,
Emicizumab,Emicizumab,,,
Empagliflozina,Empagliflozin,,,
Emtricitabina,Emtricitabine,,,
Enalapril,Enalapril,,,
Enalapril Maleato,Enalapril Maleate,,,
Encorafenib,Encorafenib,,,
Enfortumab Vedotina,Enfortumab Vedotin,,,
Enfuvirtida,Enfuvirtide,,,
Enmetazobactam,Enmetazobactam,,,
Enoxaparina,Enoxaparin,,,
Enoxaparina Sodica,Enoxaparin,,,
Enoxolona,Glycyrrhetinic Acid,,,
Entacapona,Entacapone,,,
Entecavir,Entecavir,,,
Entecavir Monohidrato,Entecavir,,,
Enzalutamida,Enzalutamide,,,
Enzima De Streptococcus Pyogenes (hmed-ides) Recombinante Que Degrada Igg,,,,
Epcoritamab,Epcoritamab,,,
Epinastina,Epinastine,,,
Epinastina Clorhidrato,Epinastine,,,
Epinefrina,Epinephrine,,,
Epinefrina Bitartrato,Epinephrine,,,
Epinefrina Tartrato,Epinephrine,,,
Epirubicina,Epirubicin,,,
Epirubicina Hidrocloruro,Epirubicin,,,
Eplerenona,Eplerenone,,,
Epoetina Alfa,Epoetin Alfa,,,
Epoetina Beta,Epoetin Beta,,,
Epoetina Dseta (epoetin Zeta),,,,
Epoetina Zeta (epoetin Theta),,,,
Eprosartan,Eprosartan,,,
Eprosartan Mesilato Dihidrato,Eprosartan,,,
Eptacog Alfa Activado,Eptacog Alfa Activated,,,
Eptacog Beta Activado,Eptacog Alfa Activated,,,
Eptifibatida,Eptifibatide,,,
Eptinezumab,Eptinezumab,,,
Equisetum Arvense,Equisetum Arvense Top Extract,,,
Equisetum Arvense Exto Seco,Equisetum Arvense Top Extract,,,
Eravaciclina,Eravacycline,,,
Erbio Er-169 Citrato,24 Hr Tofacitinib 22 Mg Extended Release Oral Tablet [xeljanz],,,
Erdafitinib,Erdafitinib,,,
Erenumab,Erenumab,,,
Ergocalciferol,Ergocalciferol,,,
Ergotamina,Ergotamine,,,
Ergotamina Tartrato,Ergotamine,,,
Eribulina,Eribulin,,,
Eribulina Mesilato,Eribulin,,,
Eritromicina,Erythromycin,,,
Eritromicina Etilsuccinato,Erythromycin,,,
Eritromicina Lactobionato,Erythromycin,,,
Eritromicina Lauril Sulfato,Erythromycin,,,
Eritropoyetina,,,,
Ertapenem,Ertapenem,,,
Ertapenem Sodio,Ertapenem,,,
Ertugliflozina,Ertugliflozin,,,
Ertugliflozina Acido L-piroglutamico,Ertugliflozin Pidolate,,,
Eschscholtzia Californica Cham.,Eschscholzia Californica Extract,,,
Escina,Escin,,,
Escitalopram,Escitalopram,,,
Escitalopram Oxalato,Escitalopram,,,
Escopolamina,Scopolamine,,,
Escopolamina Hidrobromuro,Scopolamine,,,
Esencia  Pimpinella Anisum,Pimpinella Anisum Extract,,,
Esencia Almendras Amargas,,,,
Esencia Bergamota,Bergamot Orange Extract,,,
Esencia Canela,,,,
Esencia Cedro,Cedrol,,,
Esencia Clavo,,,,
Esencia De Azahar,,,,
Esencia De Oregano,,,,
Esencia Eucalipto,Eucalyptol,,,
Esencia Hierba Luisa,St. John's Wort Extract,,,
Esencia Limon,Citrus Limon Fruit Oil,,,
Esencia Melaleuca Viridiflora,,,,
Esencia Melissa Oficinalis,Melissa Officinalis Extract,,,
Esencia Naranja,,,,
Esencia Niauli,Oil Of Niaouli,,,
Esencia Pino,,,,
Esencia Rosmarinus Officinalis,Rosmarinus Officinalis Preparation,,,
Esencia Tomillo,,,,
Esencia Trementina,,,,
Esencia Vainillla,Vanilla Bean Allergenic Extract,,,
Esketamina,Esketamine,,,
Esketamina Hidrocloruro,Esketamine,,,
Eslicarbazepina,Eslicarbazepine,,,
Eslicarbazepina Acetato,Eslicarbazepine,,,
Esomeprazol,Esomeprazole,,,
Esomeprazol Magnesico,Esomeprazole,,,
Esomeprazol Magnesico Dihidrato,Esomeprazole Magnesium Dihydrate,,,
Esomeprazol Magnesio Trihidrato,Esomeprazole Magnesium Trihydrate,,,
Esomeprazol Sodico,Esomeprazole,,,
Espaglumico Acido,Iocetamic Acid,,,
Esparsentan,Sparsentan,,,
Espesolimab,Spesolimab,,,
Espiramicina,Spiramycin,,,
Espirolactona,,,,
Espironolactona,Spironolactone,,,
Estaño,,,,
Estaño Cloruro Dihidrato,Calcium Chloride,,,
Esteatita,,,,
Esteres Etilicos De Acidos Grasos Iodados De Aceite De Adormidera,Veneno De Abeja Aceite De Vibora,,,
Estetrol Monohidrato,Estetrol Monohydrate,,,
Estigmas De Maiz,,,,
Estradiol,Estradiol,,,
Estradiol Hemihidrato,Estradiol Hemihydrate,,,
Estradiol Valerato,Estradiol Valerate,,,
Estramustina,Estramustine,,,
Estramustina Fosfato Sodio,Estramustine,,,
Estreptodornasa,Streptodornase,,,
Estreptomicina,Streptomycin,,,
Estreptomicina Sulfato,Streptomycin,,,
Estreptoquinasa,Streptokinase,,,
Estreptozocina,Streptozocin,,,
Estrogenos Conjugados,"Estrogens, Conjugated (usp)",,,
Etambutol,Ethambutol,,,
Etambutol Hidrocloruro,Ethambutol,,,
Etanercept,Etanercept,,,
Etanol,Ethanol,,,
Etanol (70%),Ethanol,,,
Etanol (96%),Ethanol,,,
Etaperazina,Perphenazine,,,
Etelcalcetida,Etelcalcetide,,,
Etelcalcetida Hidrocloruro,Etelcalcetide,,,
Eter Glicerico Del Guayacol,Del-aqua,,,
Etidronato Disodio,Etidronate Disodium,,,
Etidronico Acido,Etidronic Acid,,,
Etilendiamina,Ethylenediamine,,,
Etilendiamina Dihidrocloruro,Ethylenediamine,,,
Etilfenil Barbiturico,,,,
Etilfenilmalonilurea,,,,
Etilico Alcohol,Ethanol,,,
Etilmercuritiosalicilato Sodio,Ganciclovir Sodium,,,
Etilparaben,Ethyl-p-hydroxybenzoate,,,
Etinilestradiol,Ethinyl Estradiol,,,
Etocaina,,,,
Etofenamato,Etofenamate,,,
Etomidato,Etomidate,,,
Etosuximida,Ethosuximide,,,
Etranacogen Dezaparvovec,Etranacogene Dezaparvovec,,,
Etrasimod L-arginina,Etrasimod,,,
Etravirina,Etravirine,,,
Eucalipto,Eucalyptol,,,
Eucaliptol,Eucalyptol,,,
Eucalyptus Globulus Hojas,Eucalyptus Globulus Leaf Extract,,,
Evernia Prunastri (l.) Ach.,Evernia Prunastri Extract,,,
Evinacumab,Evinacumab,,,
Evolocumab,Evolocumab,,,
Exagamglogen Autotemcel,Exagamglogene Autotemcel,,,
Exametazima,Exametazime,,,
Exemestano,Exemestane,,,
Exenatida,Exenatide,,,
Extracto Alergenico De Dermatophagoides Farinae,American House Dust Mite Allergenic Extract,,,
Extracto Alergenico De Dermatophagoides Pteronyssinus,,,,
"Extracto Etanolico Seco (3-6:1) De Raiz De Genciana, Flor De Primula, Rumex, Flor De Sauco, Y Verbena, Etanol 51% (m/m)",Diethylstilbestrol,,,
Extracto Seco De Hiedra 10 %,Diethylstilbestrol,,,
Ezetimiba,Ezetimibe,,,
Factor Antihemofilico B,Factor Ix,,,
Factor Antihemofilico Viii,Factor Viii,,,
Factor De Crecimiento Nervioso Humano Recombinante,"Antihemophilic Factor, Human Recombinant",,,
Factor Estabilizador De Fibrina,,,,
Factor I,Fibrinogen,,,
Factor Ii,Prothrombin,,,
Factor Inhibidor De Liberacion De Hormona Del Crecimiento,,,,
Factor Ix,"Coagulation Factor Ix, Human",,,
Factor P-p,,,,
Factor Stuart,Factor X,,,
Factor Vii,"Factor Vii, Human",,,
Factor Viii,Factor Viii,,,
Factor Viii Humano,Factor Viii,,,
Factor Von Willebrand,"Von Willebrand Factor, Human",,,
Factor Von Willebrand Humano,Von Willebrand Factor,,,
Factor X,"Coagulation Factor X, Human",,,
Factor Xiii,Factor Xiii,,,
Famciclovir,Famciclovir,,,
Famotidina,Famotidine,,,
Fampridina,Dalfampridine,,,
Famtozinameran,"Sars-cov-2 (covid-19) Vaccine, Mrna-bnt162b2 Omicron (ba.4/ba.5)",,,
Faricimab,Faricimab,,,
Febuxostat,Febuxostat,,,
Febuxostat Hemihidrato,Febuxostat,,,
Fedratinib,Fedratinib,,,
Fedratinib Dihidrocloruro Monohidrato,Fedratinib,,,
Feiba,Feiba,,,
Fenazona,Antipyrine,,,
Fenazopiridina,Phenazopyridine,,,
Fenazopiridina Hidrocloruro,Phenazopyridine,,,
Fenfluramina,Fenfluramine,,,
Fenfluramina Hidrocloruro,Fenfluramine,,,
Fenico Acido,Iocetamic Acid,,,
Fenilalanina,Phenylalanine,,,
Fenilazodiaminopiridina,,,,
Fenilbutazona,Phenylbutazone,,,
Fenilbutirato De Glicerilo,,,,
Fenilbutirato Sodio,Ganciclovir Sodium,,,
Fenilbutirico Acido,Iocetamic Acid,,,
Fenilefrina,Phenylephrine,,,
Fenilefrina Bitartrato,Phenylephrine,,,
Fenilefrina Hidrocloruro,Phenylephrine,,,
Feniletilbarbiturico,,,,
Feniletilmalonilcarbamida,,,,
Feniletilmalonilurea,,,,
Fenilmetano,,,,
Fenilpropanolamina,Phenylpropanolamine,,,
Fenilpropanolamina Hidrocloruro,Phenylpropanolamine,,,
Fenitoina,Phenytoin,,,
Fenitoina Sodica,Phenytoin,,,
Fenobarbital,Phenobarbital,,,
Fenofibrato,Fenofibrate,,,
Fenofibrato Micronizado,Fenofibrate,,,
Fenoximetilpenicilina,Penicillin V,,,
Fenoximetilpenicilina Calcica,Penicillin V,,,
Fenoximetilpenicilina Potasica,Penicillin V,,,
Fenoximetilpenicilina-benzatina,Penicillin V,,,
Fentanilo,Fentanyl,,,
Fentanilo Citrato,Fentanyl,,,
Fenticonazol,Fenticonazole,,,
Fenticonazol Nitrato,Fenticonazole Nitrate,,,
Ferrimanitol Ovoalbumina,,,,
Ferrocolina Citrato,Citrate,,,
Ferrocolinato,,,,
Ferroglicina,,,,
Ferroglicina Sulfato,Chondroitin Sulfates,,,
Fesoterodina,Fesoterodine,,,
Fesoterodina Fumarato,Fesoterodine,,,
Fexofenadina,Fexofenadine,,,
Fexofenadina Hidrocloruro,Fexofenadine,,,
Fezolinetant,Fezolinetant,,,
Fibrinogeno Humano,"Fibrinogen, Human",,,
Fidaxomicina,Fidaxomicin,,,
Filgotinib Maleato,,,,
Filgrastim,Filgrastim,,,
Finasterida,Finasteride,,,
Finerenona,Finerenone,,,
Fitato Sodio,Ganciclovir Sodium,,,
Fitico Acido,Phytic Acid,,,
Fitomenadiona,Vitamin K1,,,
Flavoglucosido,,,,
Flavoxato,Flavoxate,,,
Flavoxato Hidrocloruro,Flavoxate,,,
Flecainida,Flecainide,,,
Flecainida Acetato,Flecainide,,,
Florbetaben (18f),Florbetaben F-18,,,
Florbetapir (18f),Florbetapir F-18,,,
Fluciclovina (18f),Fluciclovine F-18,,,
Fluconazol,Fluconazole,,,
Fludarabina,Fludarabine,,,
Fludarabina Fosfato,Fludarabine,,,
Fludesoxiglucosa (18f),Fluorodeoxyglucose F18,,,
Fludrocortisona,Fludrocortisone,,,
Fludrocortisona Acetato,Fludrocortisone Acetate,,,
Flufenamico Acido,Flufenamic Acid,,,
Flumazenil,Flumazenil,,,
Flunarizina,Flunarizine,,,
Flunarizina Dihidrocloruro,Flunarizine,,,
Fluocinolona,Fluocinolone,,,
Fluocinolona Acetonido,Fluocinolone Acetonide,,,
Fluocinolona Acetonido 21-acetato,Fluocinolone Acetonide,,,
Fluocinonida,Fluocinonide,,,
Fluoresceina,Fluorescein,,,
Fluoresceina Sodica,Fluorescein,,,
Fluorhidrocortisona,Fludrocortisone,,,
Fluorocolina (18f),,,,
Fluorodopa (18f),Fluorodopa F-18,,,
Fluorometilcolina (18f),Fluorodeoxyglucose F18,,,
Fluorometolona,Fluorometholone,,,
Fluorouracilo,Fluorouracil,,,
Fluoxetina,Fluoxetine,,,
Fluoxetina Hidrocloruro,Fluoxetine,,,
Flurazepam,Flurazepam,,,
Flurazepam Hidrocloruro,Flurazepam,,,
Flutamida,Flutamide,,,
Flutemetamol (18f),Flutemetamol F-18,,,
Fluticasona,Fluticasone,,,
Fluticasona Furoato,Fluticasone Furoate,,,
Fluticasona Propionato,Fluticasone,,,
Flutrimazol,Flutrimazole,,,
Fluvastatina,Fluvastatin,,,
Fluvastatina Sodica,Fluvastatin,,,
Fluvoxamina,Fluvoxamine,,,
Fluvoxamina Maleato,Fluvoxamine,,,
Foeniculum Vulgare,,,,
Folico Acido,Folic Acid,,,
Foliculo Estimulante Hormona,Follicle Stimulating Hormone,,,
Folinato Calcio,Calcium,,,
Folinico Acido,Leucovorin,,,
Folitropina Alfa,Follitropin Alfa,,,
Folitropina Beta,Follitropin Beta,,,
Folitropina Delta,,,,
Fondaparinux,Fondaparinux,,,
Fondaparinux Sodico,Fondaparinux,,,
Formil Paraminobencenosulfanilamidotiazol,Glycerol Formal,,,
Formilsulfamidotiazol,,,,
Formilsulfanilamidotiazol,,,,
Formilsulfatiazol,,,,
Formolparaminobenceno Sulfanilamidotiazol,Sulfathiazole,,,
Formolsulfanilamidotiazol,,,,
Formosulfamidotiazol,,,,
Formosulfatiazol,,,,
Formoterol Fumarato,Formoterol Fumarate,,,
Formoterol Fumarato Dihidrato,Formoterol Fumarate Dihydrate,,,
Fosamprenavir,Fosamprenavir,,,
Fosamprenavir Calcico,Fosamprenavir,,,
Fosaprepitant,Fosaprepitant,,,
Fosaprepitant Dimeglumina,Fosaprepitant Dimeglumine,,,
Foscarbidopa,Foscarbidopa,,,
Foscarnet,Foscarnet,,,
Foscarnet Sodio Hexahidrato,Foscarnet,,,
Fosfato Disodio,Calcium Phosphate,,,
Fosfato Disodio Anhidro,Calcium Phosphate,,,
Fosfato Disodio Dihidrato,Tyrosine Disodium Dihydrate,,,
Fosfato Disodio Dodecahidrato,,,,
Fosfato Monosodio Dihidrato,Calcium Phosphate,,,
Fosfato Potasico Dibasico,Calcium Phosphate,,,
Fosfomicina,Fosfomycin,,,
Fosfomicina Calcica,Fosfomycin,,,
Fosfomicina Sodica,Fosfomycin,,,
Fosfomicina Trometamol,Tromethamine,,,
Fosfonomicina,,,,
Foslevodopa,Foslevodopa,,,
Fosnetupitant,Fosnetupitant,,,
Fostamatinib,Fostamatinib,,,
Fostamatinib Disodio Hexahidrato,,,,
Fostemsavir,Fostemsavir,,,
Fostemsavir Trometamol,Fostemsavir Tromethamine,,,
Fotemustina,,,,
Fragaria Vesca,Fragaria Vesca Fruit Juice,,,
Frambuesa,,,,
Framicetina,Framycetin,,,
Framicetina Sulfato,Framycetin,,,
Frangula,Frangula Preparation,,,
Fremanezumab,Fremanezumab,,,
Frovatriptan,Frovatriptan,,,
Frovatriptan Succinato Monohidrato,Frovatriptan Succinate,,,
Frusemida,Furosemide,,,
Ftorafur,,,,
Fulvestrant,Fulvestrant,,,
Fumarato De Dimetilo,,,,
Fumarato De Diroximel,Diroximel Fumarate,,,
Fumarato Hierro,Iron,,,
Fumarico Acido,Iocetamic Acid,,,
Furosemida,Furosemide,,,
Furosemida Xantinol,Furosemide,,,
Fursemida,Furosemide,,,
Fusidato Sodio,Ganciclovir Sodium,,,
Fusidico Acido,Fusidic Acid,,,
Futibatinib,Futibatinib,,,
Gaba,Gamma-aminobutyric Acid,,,
Gabapentina,Gabapentin,,,
Gabapentina Ph. Eur.,,,,
Gabob,,,,
Gadobenato Dimeglumina,Gadobenate Dimeglumine,,,
Gadobenico Acido,,,,
Gadobutrol,Gadobutrol,,,
Gadodiamida,Gadodiamide,,,
Gadofosveset,Gadofosveset,,,
Gadofosveset Trisodio,Gadofosveset Trisodium,,,
Gadopiclenol,Gadopiclenol,,,
Gadoterico Acido,Gadoteridol,,,
Gadoteridol,Gadoteridol,,,
Gadoversetamida,Gadoversetamide,,,
Gadoxetato Disodio,Gadoxetate Disodium,,,
Gadoxetico Acido,Iocetamic Acid,,,
Galantamina,Galantamine,,,
Galantamina Hidrobromuro,Galantamine,,,
Galcanezumab,Galcanezumab,,,
Galio 67ga,"Gallium Chloride,ga-67",,,
Galio 67ga Citrato,Gallium 67 Citrate,,,
Galio 68ga,,,,
Galio 68ga Cloruro,Calcium Chloride,,,
Galsulfasa,Galsulfase,,,
G-amino-b-hidroxibutirico Acido,,,,
G-aminobutirico Acido,,,,
Gammaglobulina Antihemofilica A,Factor Viii,,,
Gammaglobulina Antihemofilica B,Vitamin B12,,,
Gamma-hidroxibutirico,Gamma-octalactone,,,
Ganaxolona,Ganaxolone,,,
Ganciclovir,Ganciclovir,,,
Ganciclovir Sodico,Ganciclovir,,,
Ganirelix,Ganirelix,,,
Garadacimab,Garadacimab,,,
Gaxilosa,,,,
Gayuba,,,,
Gayuba Exto,,,,
Gefapixant,,,,
Gelatina,Gelatin,,,
Gelatina Succinato,Gelatin,,,
Gelatina Tanato,Gelatin,,,
Gemcitabina,Gemcitabine,,,
Gemcitabina Hidrocloruro,Gemcitabine,,,
Gemtuzumab Ozogamicina,Gemtuzumab Ozogamicin,,,
Gentamicina,Gentamicin,,,
Gentamicina Sulfato,Gentamicin,,,
Geraniol,Geraniol,,,
Germanio 68ge,German Cockroach Allergenic Extract,,,
Germanio 68ge Cl,Chloride Ion,,,
Gilteritinib Fumarato,Gilteritinib Fumarate,,,
Gimeracilo,,,,
Ginkgo Biloba,Ginkgo Biloba Extract,,,
Ginkgo Biloba Exto,Ginkgo Biloba Extract,,,
Ginkgo Biloba Extracto Seco,Ginkgo Biloba Extract,,,
Ginseng Siberiano,Siberian Ginseng Preparation,,,
Givinostat,Givinostat,,,
Givinostat Hidrocloruro Monohidrato,Givinostat,,,
Givosiran,Givosiran,,,
Glasdegib,Glasdegib,,,
Glasdegib Maleato,Glasdegib Maleate,,,
Glatiramero,Glatiramer,,,
Glatiramero Acetato,Glatiramer Acetate,,,
Glecaprevir,Glecaprevir,,,
Glibenclamida,Glyburide,,,
Gliburida,Glyburide,,,
Glicerilguayacol Eter,,,,
"Glicerilo, Trinitrato De",,,,
Glicerina,Glycerin,,,
Glicerofosfato De Sodio Hidratado,Glycerylphosphorylcholine,,,
Glicerofosfato Sodio,Ganciclovir Sodium,,,
Glicerofosforico Acido,Iocetamic Acid,,,
Glicerol Trinitrato,Glycerin,,,
Glicina,Glycine,,,
Glicinato Aluminio,Dihydroxyaluminum Aminoacetate,,,
Glicinato Dihidroxialuminio,Dihydroxyaluminum Aminoacetate,,,
Gliclazida,Gliclazide,,,
Glicocola,Glycine,,,
"Glicoproteina F Del Virus Respiratorio Sincitial En Su Conformacion Prefusion, Arnm Monocatenario Protegido En El Extremo 5′ Que Codifica Para",Tamoxifen,,,
Glidiazinamida,,,,
Glimepirida,Glimepiride,,,
Glipentida,,,,
Glipizida,Glipizide,,,
Glisentida,,,,
Glofitamab,Glofitamab,,,
Glucagon,Glucagon,,,
Glucagon Hidrocloruro,Glucagon,,,
Glucarpidasa,Glucarpidase,,,
Gluconato Calcio Monohidrato,Calcium Gluconate,,,
Gluconato Hierro,Iron,,,
Gluconato Sodio,Ganciclovir Sodium,,,
Gluconico Acido,Iocetamic Acid,,,
Glucosa,Glucose,,,
Glucosa Anhidra,Glucosamine,,,
Glucosa Monohidrato,Glucosamine,,,
Glucosamina,Glucosamine,,,
Glucosamina Hidrocloruro,Glucosamine,,,
Glucosamina Sulfato,Glucosamine,,,
Glucosamina Sulfato De-cloruro Sodio,Methylene Blue,,,
Glucuronilglucosaminoglican Sulfato,Chondroitin Sulfates,,,
Glutamato Magnesio Hidrobromuro,Glutamate,,,
Glutamico Acido,Glutamic Acid,,,
Glutamina,Glutamine,,,
Glutation,Glutathione,,,
Glycine Max (l.)merr,Glycine Propionyl-l-carnitine,,,
Glycine Max (l.)merr Exto Seco,Glycine Propionyl-l-carnitine,,,
Glycyrrhiza Glabra,Glycyrrhiza Glabra Extract,,,
Glycyrrhiza Glabra Raiz,Glycyrrhiza Glabra Extract,,,
Golimumab,Golimumab,,,
Goma Guar,Guar Gum,,,
Gonadotrofina Menopausica Humana,Human Chorionic Gonadotropin,,,
Gonadotropina Corionica,Human Chorionic Gonadotropin,,,
Gonadotropina Corionica Humana,Human Chorionic Gonadotropin,,,
Gonadotropina Serica,Human Chorionic Gonadotropin,,,
Goserelina,Goserelin,,,
Goserelina Acetato,Goserelin Acetate,,,
Gozetotida,Gozetotide,,,
Grama,Grama Grass Pollen Extract,,,
Gramicidina,Gramicidin,,,
Granisetron,Granisetron,,,
Granisetron Hidrocloruro,Granisetron,,,
Grazoprevir,Grazoprevir,,,
Grazoprevir Monohidrato,Grazoprevir,,,
Grindelia,,,,
Grindelia Tintura,,,,
Guaifenesina,Guaifenesin,,,
Guanfacina,Guanfacine,,,
Guanfacina Hidrocloruro,Guanfacine,,,
Guarana,Guarana Preparation,,,
Guayacol Gliceril Eter,Guaiacol,,,
Guayacolato De Glicerilo,,,,
Guselkumab,Guselkumab,,,
H Influenzae,,,,
Haemophilus Influenzae,Haemophilus Influenzae,,,
Haemophilus Influenzae Tipo B,Haemophilus Influenzae Type B,,,
Haloperidol,Haloperidol,,,
Hamamelis,Witch Hazel,,,
Hamamelis Agua,Witch Hazel,,,
Hamamelis Hojas,Witch Hazel,,,
Hamamelis Virginiana,Witch Hazel,,,
Harpagophytum Exto Seco,Devil's Claw Preparation,,,
Harpagophytum Procumbens,Devil's Claw Preparation,,,
"Hedera Helix (hiedra) Hoja, Extracto Liquido Etanolico 70 %",Hedera Helix Leaf Extract,,,
Hedera Helix L.,Hedera Helix Leaf Extract,,,
Hedera Helix L. Extracto Seco,Hedera Helix Leaf Extract,,,
"Hedera Helix L., Hoja, Extracto Seco (der 4–8:1) Disolvente De Extraccion: Etanol 30%(m/m)",Hedera Helix Leaf Extract,,,
"Hedera Helix L., Hoja, Extracto Seco (der 5–7.5: 1) Disolvente De Extraccion: Etanol 30% (m/m)",Hedera Helix Leaf Extract,,,
Hemina,Hemin,,,
Hemitiamina,,,,
Hemophilus Influenzae,Haemophilus Influenzae,,,
Heparina,Heparin,,,
Heparina De Bajo Peso Molecular,Molecular Af,,,
Heparina De Bajo Peso Molecular Pm Medio 3600,,,,
Heparina De Bajo Peso Molecular Pm Medio 4300,,,,
Heparina Sodica,Heparin,,,
Heparinoide Antropilorico Duodenal,Heparinoids,,,
Heparinoide Sulfomucopolisacarido,Heparinoids,,,
Heparinoides,Heparinoids,,,
Heptaminol,Heptaminol,,,
Heptaminol Hidrocloruro,Heptaminol,,,
Hesperidina,Hesperidin,,,
Hesperidina Metilchalcona,Hesperidin Methylchalcone,,,
Hexafluoruro Azufre,Sulfur Hexafluoride,,,
Hexetidina,Hexetidine,,,
Hialuronico Acido,Iocetamic Acid,,,
Hidralazina,Hydralazine,,,
Hidralazina Hidrocloruro,Hydralazine,,,
Hidrazida Del Acido Isonicotinico,Del-aqua,,,
Hidrazida Del Acido Piridin-4-carboxilico,Del-aqua,,,
Hidrazinoftalazina,Hydralazine,,,
Hidroclorotiazida,Hydrochlorothiazide,,,
Hidrocortisona,Hydrocortisone,,,
Hidrocortisona Aceponato,Hydrocortisone Aceponate,,,
Hidrocortisona Acetato,Hydrocortisone,,,
Hidrocortisona Buteprato,Hydrocortisone Probutate,,,
Hidrocortisona Butirato,Hydrocortisone,,,
Hidrocortisona Fosfato Sodio,Hydrocortisone,,,
Hidrocortisona Hemisuccinato,Cortisol Succinate,,,
Hidrocortisona Succinato,Hydrocortisone,,,
Hidrocortisona Succinato Sodio,Hydrocortisone,,,
Hidrogenofosfato De Sodio Dodecahidrato,Sodium Ironedetate,,,
Hidromorfona,Hydromorphone,,,
Hidromorfona Hidrocloruro,Hydromorphone,,,
Hidroquinidina,Hydroquinidine,,,
Hidroquinidina Hidrocloruro,Hydroquinidine,,,
Hidroquinona,Hydroquinone,,,
Hidrosmina,,,,
Hidroxicarbamida,Hydroxyurea,,,
Hidroxicitronelal,Hydroxycitronellal,,,
Hidroxicloroquina,Hydroxychloroquine,,,
Hidroxicloroquina Sulfato,Hydroxychloroquine,,,
Hidroxicobalamina,Hydroxocobalamin,,,
Hidroxido De Aluminio Hidratado,Magnesium Hydroxide,,,
Hidroxietilalmidon,,,,
Hidroximetionina,Desmeninol Calcium,,,
Hidroximetionina Calcica,Calcium Carbimide,,,
Hidroxipolietoxidodecano,,,,
Hidroxipropilmetilcelulosa,Hypromellose,,,
Hidroxiquinoleina,Oxyquinoline,,,
Hidroxitricarbalilico Acido,Iocetamic Acid,,,
Hidroxiurea,Hydroxyurea,,,
Hidroxizina,Hydroxyzine,,,
Hidroxizina Dihidrocloruro,Hydroxyzine,,,
Hidroxizina Hidrocloruro,Hydroxyzine,,,
Hidroxocobalamina,Hydroxocobalamin,,,
Hidroxocobalamina Acetato,Hydroxocobalamin Acetate,,,
Hidroxocobalamina Hidrocloruro,Hydroxocobalamin,,,
Hidroxocobalamina Sulfato,Hydroxocobalamin,,,
Hiedra Extracto Etanolico Blando 30% (v/v),,,,
Hierba Luisa,St. John's Wort Extract,,,
Hierro Carboximaltosa,Iron,,,
Hierro Cloruro Tetrahidrato,Iron,,,
Hierro (ii) Sulfato,Angiotensin Ii,,,
Hierro Sacarosa,Iron,,,
Hierro Sulfato Desecado,Iron,,,
Hierro-citrato-colina (ferricitrato Colina),Citicoline,,,
Hierro-dextrano,Iron,,,
H.influenzae Tipo B Polisacarido Conjugado Toxoide Tetanico,Haemophilus Influenzae Type B,,,
Hioscina,Scopolamine Hydrobromide,,,
Hipromelosa,Hypromellose,,,
Hisopo Oficinal,Dandelion Extract,,,
Histamina,Histamine,,,
Histamina Dihidrocloruro,Histamine,,,
Histidina,Histidine,,,
Histidina Hidrocloruro,Histidine,,,
"Histidina, Hidrocloruro De, Monohidrato",,,,
Hoja De Frambueso Exto Seco,,,,
Homomirteniloxitrietilamina,,,,
Hormona Crecimiento,Parathyroid Hormone,,,
Hormona Foliculo Estimulante,Follicle Stimulating Hormone,,,
Hormona Gonadotrofina Menopausica Humana,Human Chorionic Gonadotropin,,,
Hormona Paratiroidea,Parathyroid Hormone,,,
Humulus Lupulus Extracto Seco,Hops Extract,,,
Humulus Lupulus Tintura Madre,Hops Extract,,,
Hwa 486,,,,
Hypericum Perforatum,St. John's Wort Extract,,,
Hypericum Perforatum  Exto Seco,St. John's Wort Extract,,,
Ibalizumab,Ibalizumab,,,
Ibandronico Acido,Ibandronic Acid,,,
Iberis Amara,Iberis Amara Seed Extract,,,
Ibritumomab Tiuxetan,Ibritumomab Tiuxetan,,,
Ibuprofeno Arginina,Ibuprofen,,,
Ibuprofeno Lisina,Ibuprofen,,,
Ibuprofeno Sodico Dihidrato,Ibuprofen,,,
Icatibanto,Icatibant,,,
Icatibanto Acetato,Icatibant Acetate,,,
Icodextrina,Icodextrin,,,
Icosapento De Etilo,Ethyl Loflazepate,,,
Ictamol,Ictasol,,,
Idarubicina,Idarubicin,,,
Idarubicina Hidrocloruro,Idarubicin,,,
Idarucizumab,Idarucizumab,,,
Idebenona,Idebenone,,,
Idecabtagen Vicleucel,Idecabtagene Vicleucel,,,
Idelalisib,Idelalisib,,,
Idoxuridina,Idoxuridine,,,
Idursulfasa,Idursulfase,,,
Ifosfamida,Ifosfamide,,,
Iloprost  Trometamol,,,,
Imatinib,Imatinib,,,
Imatinib Mesilato,Imatinib,,,
Imdevimab,Imdevimab,,,
Imelasomeran,,,,
Imidapril,Imidapril,,,
Imidapril Hidrocloruro,Imidapril,,,
Imiglucerasa,Imiglucerase,,,
Imipenem Monohidrato,Imipenem Monohydrate,,,
Imipramina,Imipramine,,,
Imipramina Hidrocloruro,Imipramine,,,
Imlifidasa,,,,
Inavolisib,Inavolisib,,,
Inclisiran,Inclisiran,,,
Inclisiran Sodio,Inclisiran,,,
Indacaterol,Indacaterol,,,
Indacaterol Acetato,,,,
Indacaterol Maleato,Indacaterol Maleate,,,
Indapamida,Indapamide,,,
Indapamida Hemihidrato,Indapamide,,,
Indinavir,Indinavir,,,
"Indio (i111), Oxinato De",Diethylstilbestrol,,,
"Indio (i111), Pentetato De",Diethylstilbestrol,,,
Indometacina,Indomethacin,,,
Inebilizumab,Inebilizumab,,,
Infliximab,Infliximab,,,
Inhibidor De La Alfa-1 Proteinasa,"Alpha 1-proteinase Inhibitor, Human",,,
Inhibidor De La C1 Esterasa,,,,
Inmunoglobulina  Antihepatitis B,Hepatitis B Immune Globulin,,,
Inmunoglobulina Anticitomegalovirus,Immunoglobulin A,,,
Inmunoglobulina Anti-d,,,,
Inmunoglobulina Antirrabica,Immunoglobulin A,,,
Inmunoglobulina Antitetanica,Immunoglobulin A,,,
Inmunoglobulina Conejo Anti-linfocitos T Humanos,,,,
Inmunoglobulina Conejo Antitimocitos Humanos,"Immunoglobulin A, Human",,,
Inmunoglobulina G Humana,"Immunoglobulin G, Human",,,
Inmunoglobulina Humana,"Immunoglobulin A, Human",,,
Inmunoglobulina Humana Anti-d,,,,
Inmunoglobulina Humana Antihepatitis B,Hepatitis B Immune Globulin,,,
Inmunoglobulina Humana Antirrabica,"Immunoglobulin A, Human",,,
Inmunoglobulina Humana Antitetanica,"Immunoglobulin A, Human",,,
Inmunoglobulina Humana Normal,Human Plasma Preparation,,,
Inmunoglobulina Humana Polivalente,"Immunoglobulin A, Human",,,
Inositol Hexafosfato,Inositol,,,
Inotuzumab Ozogamicina,Inotuzumab Ozogamicin,,,
Insulina Asparta,"Insulin Aspart, Human",,,
Insulina Asparta Protamina+,"Insulin Aspart, Human",,,
Insulina Degludec,Insulin Degludec,,,
Insulina Detemir,Insulin Detemir,,,
Insulina Efsitora Alfa,,,,
Insulina Glargina,Insulin Glargine,,,
Insulina Glulisina,"Insulin Glulisine, Human",,,
Insulina Humana,"Insulin, Regular, Human",,,
Insulina Humana Isofana,"Insulin, Regular, Human",,,
Insulina Humana Soluble,"Thrombin, Human",,,
Insulina Icodec,Insulin Icodec,,,
Insulina Isofana,"Insulin, Regular, Human",,,
Insulina Isofana Humana Prb,,,,
Insulina Lispro,Insulin Lispro,,,
Insulina Lispro (origen R-dna),Insulin Lispro,,,
Insulina Lispro Protamina,Insulin Lispro,,,
Insulina Soluble Neutra,,,,
Insulina Soluble Neutra Humana Prb,,,,
Interferon Alfa,,,,
Interferon Alfa- 2b,Interferon Alfa-2b,,,
Interferon Alfa-2a,Interferon Alfa-2a,,,
Interferon Beta-1a,Interferon Beta-1a,,,
Interferon Beta-1b,Interferon Beta-1b,,,
Interferon Gamma,Gamma-interferon,,,
Interferon Gamma Recombinante Origen Felino,Gamma-interferon,,,
Interferon Gamma-1b,Interferon Gamma-1b,,,
Iobenguano 123i,Iobenguane I-123,,,
Iobenguano 131i,Iobenguane I-131,,,
Iodixanol,Iodixanol,,,
Iodoclorohidroxiquina,Clioquinol,,,
Iodoclorohidroxiquinoleina,Clioquinol,,,
Iodoclorooxiquinoleina,Clioquinol,,,
Ioflupano 123i,Ioflupane I-123,,,
Iopamidol,Iopamidol,,,
Iopromida,Iopromide,,,
Ipilimumab,Ipilimumab,,,
Ipratropio,Ipratropium,,,
Ipratropio Bromuro,Ipratropium Bromide,,,
Iptacopan,Iptacopan,,,
Iptacopan Hidrocloruro Monohidrato,Iptacopan,,,
Irbesartan,Irbesartan,,,
Irinotecan,Irinotecan,,,
Irinotecan Hidrocloruro Trihidrato,Irinotecan,,,
Isatuximab,Isatuximab,,,
Isavuconazol,Isavuconazole,,,
Isavuconazol Sulfato,Isavuconazole,,,
Isoefedrina,,,,
Isoflurano,Isoflurane,,,
Isoleucina,Isoleucine,,,
Isoniazida,Isoniazid,,,
Isonicotinico Acido Hidrazida,,,,
Isonicotinilhidrazina,Isoniazid,,,
Isoprenalina,Isoproterenol,,,
Isoprenalina Hidrocloruro,Isoproterenol,,,
Isoprenalina Sulfato,Isoproterenol,,,
Isopropil Alcohol,Isopropyl Alcohol,,,
Isopropilantipirina,Propyphenazone,,,
Isopropilfenazona,Propyphenazone,,,
Isopropilico Alcohol,Isopropyl Alcohol,,,
Isosorbida,Isosorbide,,,
Isosorbida Dinitrato,Isosorbide Dinitrate,,,
Isosorbida Mononitrato,Isosorbide Mononitrate,,,
Isotretinoina,Isotretinoin,,,
Ispaghula,Ispaghula Extract,,,
Itoprida,,,,
Itoprida Hidrocloruro,,,,
Itraconazol,Itraconazole,,,
Ivabradina,Ivabradine,,,
Ivabradina Hidrocloruro,Ivabradine,,,
Ivabradina Oxalato,Ivabradine,,,
Ivacaftor,Ivacaftor,,,
Ivermectina,Ivermectin,,,
Ixazomib,Ixazomib,,,
Ixazomib Citrato,Ixazomib,,,
Ixekizumab,Ixekizumab,,,
Josamicina,Josamycin,,,
Josamicina Propionato,Josamycin,,,
Juglans Regia,Juglans Regia Whole Extract,,,
Juglans Regia Tintura Madre,Juglans Regia Whole Extract,,,
Ketamina,Ketamine,,,
Ketamina Hidrocloruro,Ketamine,,,
Ketazolam,Ketazolam,,,
Ketoconazol,Ketoconazole,,,
Ketoprofeno Lisinato,Ketoprofen,,,
Ketorolaco,Ketorolac,,,
Ketorolaco Trometamol,Tromethamine,,,
Ketotifeno Fumarato,Ketotifen,,,
Labetalol,Labetalol,,,
Labetalol Hidrocloruro,Labetalol,,,
Lacidipino,Lacidipine,,,
Lacosamida,Lacosamide,,,
Lactato Calcio,Calcium Lactate,,,
Lactato Hierro,Iron,,,
Lactato Magnesio,,,,
Lactato Sodio,Calcium Lactate,,,
Lactico Acido,Lactic Acid,,,
Lactitol,Lactitol,,,
Lactitol Monohidrato,Lactitol Monohydrate,,,
Lactobacillus Acidophilus,Lactobacillus Acidophilus,,,
Lactobacillus Antibiotico Resistentes,,,,
Lactobacillus Biphidus,Lactobacillus Bifidus,,,
Lactobacillus Bulgaricus,Lactobacillus Delbrueckii Subsp. Bulgaricus,,,
Lactobacillus Gasseri,Lactobacillus Gasseri,,,
Lactobacillus Lactis,,,,
Lactobacillus Plantarum,Lactiplantibacillus Plantarum,,,
Lactobacillus Plantarum P 17630,Lactiplantibacillus Plantarum,,,
Lactobacillus Rhamnosus,Lacticaseibacillus Rhamnosus,,,
Lactobacilos Acidofilos,,,,
Lactobionico Acido,Lactobionate,,,
Lactobiosa,Lactobionate,,,
Lactoflavina,Riboflavin,,,
Lactogluconato Calcio,Calcium,,,
Lactogluconico Acido,Iocetamic Acid,,,
Lactona Del Acido Pilocarpinico,Del-aqua,,,
Lactosa,Lactose,,,
Lactulosa,Lactulose,,,
"Lactulosa,liquida",Lactulose,,,
L-alanil-l-glutamina,Glutamine,,,
Lamivudina,Lamivudine,,,
Lamotrigina,Lamotrigine,,,
Lanadelumab,Lanadelumab,,,
Landiolol,Landiolol,,,
Landiolol Hidrocloruro,Landiolol,,,
Lanolina,Lanolin,,,
"Lanolina, Alcoholes De",Lanolin Alcohols,,,
Lanreotida,Lanreotide,,,
Lanreotida Acetato,Lanreotide,,,
Lansoprazol,Lansoprazole,,,
Lantano,Lantana Camara Leaf Extract,,,
Lantano Carbonato,Lantana Camara Leaf Extract,,,
Lapatinib,Lapatinib,,,
Lapatinib Ditosilato Monohidrato,Lapatinib Ditosylate,,,
L-arginina Hidrocloruro,Arginine,,,
Laronidasa,Laronidase,,,
Larotrectinib,Larotrectinib,,,
Larotrectinib Sulfato,Larotrectinib,,,
Las W-090,Linoleic Acid,,,
Lasmiditan,Lasmiditan,,,
Lasmiditan Succinato,,,,
L-asparaginasa Recombinante,,,,
Latanoprost,Latanoprost,,,
Latiazen,,,,
Laurel Cerezo,,,,
Laurel Cerezo Agua,Water,,,
Laurilsulfato,Sodium Dodecyl Sulfate,,,
Laurilsulfato Sodio,Ganciclovir Sodium,,,
Laurilsulfoacetato,,,,
Laurilsulfoacetato Sodio,Ganciclovir Sodium,,,
Lauromacrogol 400,Polidocanol,,,
Lavanda,Lavandula Angustifolia Whole Extract,,,
"Lavanda, Aceite Esencial De",Veneno De Abeja Aceite De Vibora,,,
Lavandula Angustifolia Mill.,Lavandula Angustifolia Whole Extract,,,
Lavandula Officinalis Chaix,,,,
Lavandula Spica  L.,English Lavender Oil,,,
Lazertinib,Lazertinib,,,
L-carnitina,Levocarnitine,,,
Lea29y,,,,
Lebrikizumab,Lebrikizumab,,,
Lecanemab,Lecanemab,,,
Ledipasvir,Ledipasvir,,,
Leflunomida,Leflunomide,,,
Lenacapavir,Lenacapavir,,,
Lenacapavir Sodio,Lenacapavir,,,
Lenalidomida,Lenalidomide,,,
Lenalidomida Hidrocloruro Hidrato,Lenalidomide,,,
Lenograstim,Lenograstim,,,
Lenvatinib,Lenvatinib,,,
Lenvatinib Besilato,Lenvatinib,,,
Lenvatinib Mesilato,Lenvatinib,,,
Leonorus Cardiaca L,Leonurus Cardiaca Extract,,,
Lepidium Latifolium L Sumidad Florida,Lepidium Meyenii Whole Extract,,,
Lepidium Latifolium L Sumidad Florida Polvo,Cestrum Latifolium Leaf Extract,,,
Lercanidipino,Lercanidipine,,,
Lercanidipino Hidrocloruro,Lercanidipine,,,
Lercanidipino Hidrocloruro Hemihidrato,Lercanidipine,,,
Lespedeza Capitata,,,,
Lespedeza Capitata Exto,,,,
Leucina,Leucine,,,
Leucomicina-a3,Josamycin,,,
Leuprolida,Leuprolide,,,
Leuprorelina,Leuprolide,,,
Leuprorelina Acetato,Leuprolide,,,
Leuprorelina Mesilato,Leuprolide,,,
Levarterenol,Norepinephrine Bitartrate,,,
Levetiracetam,Levetiracetam,,,
Levisticum Officinale Koch.,Levisticum Officinale,,,
Levobupivacaina,Levobupivacaine,,,
Levobupivacaina Hidrocloruro,Levobupivacaine,,,
Levocabastina,Levocabastine,,,
Levocabastina Hidrocloruro,Levocabastine,,,
Levocarnitina,Levocarnitine,,,
Levocetirizina,Levocetirizine,,,
Levocetirizina Dihidrocloruro,Levocetirizine,,,
Levodopa,Levodopa,,,
Levodropropizina,"Dipropizine, (s)-isomer",,,
Levofloxacino,Levofloxacin,,,
Levofloxacino Hemihidrato,Levofloxacin,,,
Levofolinico Acido,Levoleucovorin,,,
Levomepromazina,Methotrimeprazine,,,
Levomepromazina Hidrocloruro,Methotrimeprazine,,,
Levomepromazina Maleato,Methotrimeprazine,,,
Levometadona,Levomethadone,,,
Levometadona Hidrocloruro,Levomethadone,,,
Levopromazina,Methotrimeprazine,,,
Levosimendan,Levosimendan,,,
Levosulpirida,,,,
Levotiroxina,Levothyroxine,,,
Levotiroxina Sodica,Levothyroxine,,,
L-glutamina,Glutamine,,,
Lidocaina,Lidocaine,,,
Lidocaina Hidrocloruro,Lidocaine,,,
Lidocaina Hidrocloruro Monohidrato,Lidocaine,,,
Linaclotida,Linaclotide,,,
Linagliptina,Linagliptin,,,
Linaza,,,,
Lincomicina,Lincomycin,,,
Lincomicina Hidrocloruro,Lincomycin,,,
Lino Semilla,,,,
Linum Usitatissimum (semilla),Linum Usitatissimum Whole Extract,,,
Linvoseltamab,Linvoseltamab,,,
Linzagolix,Linzagolix,,,
Linzagolix Colina,Linzagolix,,,
Liotironina,Liothyronine,,,
Lipasa,Lipase,,,
Lipegfilgrastim,Lipegfilgrastim,,,
Lipoproteina Recombinante Fhbp De Neisseria Meningitidis Del Serogrupo B (rlp2086; Subfamilia A),,,,
Lipoproteina Recombinante Fhbp De Neisseria Meningitidis Del Serogrupo B (rlp2086; Subfamilia B),,,,
Lippia Triphilla,Lippia Sidoides Leaf Oil,,,
Liraglutida,Liraglutide,,,
Lisdexanfetamina,Lisdexamfetamine,,,
Lisdexanfetamina Dimesilato,Lisdexamfetamine Dimesylate,,,
Lisina,,,,
Lisina Acetato,Acetate,,,
Lisina Hidrocloruro,,,,
Lisina Monohidrato,,,,
Lisinopril Dihidrato,Lisinopril,,,
Lisocabtagen Maraleucel,Lisocabtagene Maraleucel,,,
Lisozima,,,,
Lisozima Hidrocloruro,,,,
Litio Carbonato,Calcium Carbonate,,,
Lixisenatida,Lixisenatide,,,
Llanten Menor,Vinca Minor Extract,,,
Lobelia Inflata,Lobelia Inflata Preparation,,,
Lobelia Inflata Tintura,Lobelia Inflata Preparation,,,
Lomitapida,Lomitapide,,,
Lomitapida Mesilato,Lomitapide,,,
Lomustina,Lomustine,,,
Loncastuximab Tesirina,Loncastuximab Tesirine,,,
Lonoctocog Alfa,Lonoctocog Alfa,,,
Loperamida,Loperamide,,,
Loperamida Hidrocloruro,Loperamide,,,
Lopinavir,Lopinavir,,,
Loprazolam,Triazulenone,,,
Loratadina,Loratadine,,,
Lorazepam,Lorazepam,,,
Lorazepam Pivalato,Lorazepam,,,
Lorlatinib,Lorlatinib,,,
Lormetazepam,Lormetazepam,,,
Lornoxicam,Lornoxicam,,,
Losartan,Losartan,,,
Losartan Potasico,Losartan,,,
Lovastatina,Lovastatin,,,
Loxapina,Loxapine,,,
L-sarcolisina,Hyoscyamine,,,
L-tetraiodotironina,Hyoscyamine,,,
L-triptofano,Hyoscyamine,,,
Lumacaftor,Lumacaftor,,,
Lumasiran,Lumasiran,,,
Lumasiran Sodio,Lumasiran,,,
Lumefantrina,Lumefantrine,,,
Lurasidona,Lurasidone,,,
Lurasidona Hidrocloruro,Lurasidone,,,
Lurbinectedina,Lurbinectedin,,,
Luspatercept,Luspatercept,,,
Lusutrombopag,Lusutrombopag,,,
Lutecio (177lu) Oxodotreotida,Lutetium Lu 177 Dotatate,,,
Lutecio (177lu) Psma-617,Lutetium Lu 177 Vipivotide Tetraxetan,,,
Lutecio (177lu) Vipivotida Tetraxetan,Lutetium Lu 177 Vipivotide Tetraxetan,,,
Lutropina Alfa,Lutropin Alfa,,,
Macimorelina,Macimorelin,,,
Macimorelina Acetato,Macimorelin Acetate,,,
Macitentan,Macitentan,,,
Macrogol 3350,Polyethylene Glycol 3350,,,
Macrogol 4000,Polyethylene Glycol 4000,,,
Magaldrato,Magaldrate,,,
Magnesio,Magnesium,,,
Magnesio Bromuro,Magnesium,,,
Magnesio Carbonato,Magnesium Carbonate,,,
"Magnesio Carbonato-aluminio Hidroxido,coprecipitado",Aluminum Hydroxide,,,
Magnesio Cloruro,Magnesium,,,
Magnesio Cloruro Hexahidrato,Magnesium,,,
Magnesio Fluoruro,Magnesium,,,
Magnesio Hidroxido,Magnesium Hydroxide,,,
Magnesio Ioduro,Magnesium,,,
Magnesio Orotato Dihidrato,Magnesium Orotate Dihydrate,,,
Magnesio Oxido,,,,
Magnesio Oxido Ligero,,,,
Magnesio Sulfato,,,,
Magnesio Sulfato Heptahidrato,,,,
Magnesio Trisilicato,Magnesium Trisilicate,,,
Maiz,Corn Allergenic Extract,,,
Maiz Exto Seco,Corn Allergenic Extract,,,
Malico Acido,Malic Acid,,,
Maltodextrina,Maltodextrin,,,
Maltol Ferrico,Ferric Maltol,,,
Malva Officinalis,,,,
Malvavisco,,,,
M-amsa,Amsacrine,,,
Manganeso,Manganese,,,
Manganeso Carbonato,Manganese Carbonate,,,
Manganeso Cloruro,Manganese,,,
Manganeso (cloruro De) Tetrahidrato,Methylene Blue,,,
Manganeso Sulfato Monohidrato,,,,
Manidipino,Manidipine,,,
Manidipino Dihidrocloruro,Manidipine,,,
Manidipino Hidrocloruro,Manidipine,,,
Manitol,Mannitol,,,
Manzana,Ethyl 2-methylpentanoate,,,
Manzana Exto Liquido,,,,
Manzanilla,Triprolidine Hydrochloride 0.938 Mg/ml Oral Solution,,,
Maprotilina,Maprotiline,,,
Maprotilina Hidrocloruro,Maprotiline,,,
Maralixibat,Maralixibat,,,
Maralixibat Cloruro De,Methylene Blue,,,
Maraviroc,Maraviroc,,,
Maribavir,Maribavir,,,
Marstacimab,Marstacimab,,,
Mateina,Caffeine,,,
Matricaria Chamomilla   L.rydb.,Matricaria Recutita Extract,,,
Matricaria Recutita L.rauschert,,,,
Mavacamten,Mavacamten,,,
Mebendazol,Mebendazole,,,
Mebeverina,Mebeverine,,,
Mebeverina Hidrocloruro,Mebeverine,,,
Mebrofenina,Mebrofenin,,,
Mecasermina,Mecasermin,,,
Meclicina,Meclizine,,,
Meclozina,Meclizine,,,
Meclozina Dihidrocloruro,Meclizine,,,
Medazepam,Medazepam,,,
Medigoxina,Medigoxin,,,
Medroxiprogesterona,Medroxyprogesterone,,,
Medroxiprogesterona Acetato,Medroxyprogesterone Acetate,,,
Mefenamico Acido,Mefenamic Acid,,,
Megestrol Acetato,Megestrol Acetate,,,
Meglumina,Meglumine,,,
Meglumina Antimoniato,Meglumine Antimoniate,,,
Melatonina,Melatonin,,,
Melfalan,Melphalan,,,
Melfalan Flufenamida,Melphalan Flufenamide,,,
Melfalan Flufenamida Hidrocloruro,Melphalan Flufenamide,,,
Melfalan Hidrocloruro,Melphalan,,,
Melissa Extracto Etanolico Seco 4%,Melissa Officinalis Extract,,,
Melissa Officinalis,Melissa Officinalis Extract,,,
Melissa Officinalis Extracto Seco,Melissa Officinalis Extract,,,
Melissa Officinalis Hojas,Melissa Officinalis Extract,,,
Melitraceno,Melitracen,,,
Melitraceno Hidrocloruro,Melitracen,,,
Meloxicam,Meloxicam,,,
Memantina,Memantine,,,
Memantina Hidrocloruro,Memantine,,,
Memantina_b,Vitamin B12,,,
Menotropina,,,,
Menta,Mentax,,,
Menta Piperita,Peppermint Oil,,,
"Menta Piperita, Aceite Esencial De",Veneno De Abeja Aceite De Vibora,,,
Menta Piperita Hoja,Peppermint Oil,,,
Mentha Pulegium,Mentha Pulegium Extract,,,
Meperidina,Meperidine,,,
Mepifilina,,,,
Mepiramina,Pyrilamine,,,
Mepiramina Acefilinato,Pyrilamine,,,
Mepivacaina,Mepivacaine,,,
Mepivacaina Hidrocloruro,Mepivacaine,,,
Mepolizumab,Mepolizumab,,,
Mepromazina,Acepromazine,,,
Meracovateina,,,,
Merbromina,Merbromin,,,
Mercaptamina,Cysteamine,,,
Mercaptamina Bitartrato,Cysteamine,,,
Mercaptamina Hidrocloruro,Cysteamine,,,
Mercaptobenzotiazol,2-mercaptobenzothiazole,,,
Mercaptobenzotiazol Morfolinil,2-mercaptobenzothiazole,,,
Mercaptopurina,Mercaptopurine,,,
Mercaptopurina Monohidrato,Mercaptopurine,,,
Mercromina,Merbromin,,,
Mercuriotiolato,Thimerosal,,,
Meropenem Anhidro,Meropenem,,,
Meropenem Trihidrato,Meropenem,,,
Mertiatida,,,,
Mertiolato Sodio,Ganciclovir Sodium,,,
Mesalazina,Mesalamine,,,
Mesna,Mesna,,,
Mesterolona,Mesterolone,,,
Metacolina,,,,
Metacolina Hidrocloruro,,,,
Metadona,Methadone,,,
Metadona Hidrocloruro,Methadone,,,
Metaminodiazepoxido,Chlordiazepoxide,,,
Metamizol,Dipyrone,,,
Metamizol Magnesico,Magnesium Oxide,,,
Metamizol Magnesico Hexahidrato,Magnesium Oxide,,,
Metamizol Sodico,Dipyrone,,,
Metamizol Sodico Monohidrato,Dipyrone,,,
Metano,,,,
Metaoxedrina,,,,
Metenolona,Methenolone,,,
Metenolona Enantato,Methenolone,,,
Metformina,Metformin,,,
Metformina Hidrocloruro,Metformin,,,
Metilandrostenolona,Methandrostenolone,,,
Metilcelulosa,Methylcellulose,,,
Metilcloroisotiazolinona,5-chloro-2-methyl-4-isothiazolin-3-one,,,
Metildibromo-glutaronitrilo,Methyldibromo Glutaronitrile,,,
Metildigoxina,Medigoxin,,,
Metildopa,Methyldopa,,,
Metilergobasina,Methylergonovine,,,
Metilergometrina,Methylergonovine,,,
Metilergometrina Maleato,Methylergonovine,,,
Metilergonovina,Methylergonovine,,,
Metilfenidato,Methylphenidate,,,
Metilfenidato Hidrocloruro,Methylphenidate,,,
Metilmorfina,,,,
Metilnaltrexona,Methylnaltrexone,,,
Metilnaltrexona Bromuro,Methylnaltrexone,,,
Metilparaben,Methylparaben,,,
Metilpolisiloxano,,,,
Metilprednisolona,Methylprednisolone,,,
Metilprednisolona Aceponato,Methylprednisolone Aceponate,,,
"Metilprednisolona, Hidrogenosuccinato De",Methylprednisolone Aceponate,,,
Metimazol,Methimazole,,,
Metionil G-csf Recombinante Humano,,,,
Metionina,Racemethionine,,,
Metirapona,Metyrapone,,,
Metocarbamol,Methocarbamol,,,
Metoclopramida,Metoclopramide,,,
Metoclopramida Hidrocloruro,Metoclopramide,,,
Metoclopramida Hidrocloruro Monohidrato,Metoclopramide,,,
Metoprolol Succinato,Metoprolol Succinate,,,
Metoprolol Tartrato,Metoprolol Tartrate,,,
Metotrexato,Methotrexate,,,
Metotrexato Disodio,Methotrexate,,,
Metotrexato Sodio,Methotrexate,,,
Metoxaleno,Methoxsalen,,,
Metoxiflurano,Methoxyflurane,,,
Metoxi-polietilenglicol-epoetina Beta,Epoetin Beta,,,
Metoxisaleno,Methoxsalen,,,
Metreleptina,Metreleptin,,,
Metronidazol,Metronidazole,,,
Metronidazol Benzoato,Metronidazole Benzoate,,,
Mexiletina,Mexiletine,,,
Mexiletina Hidrocloruro,Mexiletine,,,
Mianserina,Mianserin,,,
Mianserina Hidrocloruro,Mianserin,,,
Micafungina,Micafungin,,,
Micafungina Sodica,Micafungin,,,
Micafungina Sodica Dihidrato,Micafungin,,,
Micofenolato De Mofetilo,,,,
Micofenolato Sodio,Ganciclovir Sodium,,,
Micofenolico Acido,Mycophenolic Acid,,,
Miconazol,Miconazole,,,
Miconazol Nitrato,Miconazole Nitrate,,,
Midazolam,Midazolam,,,
Midazolam Hidrocloruro,Midazolam,,,
Midecamicina,Midecamycin,,,
Midodrina,Midodrine,,,
Midodrina Hidrocloruro,Midodrine,,,
Midostaurina,Midostaurin,,,
Mifamurtida,,,,
Mifepristona,Mifepristone,,,
Migalastat,Migalastat,,,
Migalastat Hidrocloruro,Migalastat,,,
Miglustat,Miglustat,,,
Milrinona,Milrinone,,,
Minociclina,Minocycline,,,
Minociclina Hidrocloruro,Minocycline,,,
Mio-inositol Hexakisdihidrogenofosfato,Inositol,,,
Mirabegron,Mirabegron,,,
Mirdametinib,Mirdametinib,,,
Mirikizumab,Mirikizumab,,,
Mirtazapina,Mirtazapine,,,
Mirtazapina Hemihidrato,Mirtazapine Hemihydrate,,,
Mirtecaina,Myrtecaine,,,
Mirtecaina Laurilsulfato,Myrtecaine,,,
Mirvetuximab Soravtansina,Mirvetuximab Soravtansine,,,
Mitapivat,Mitapivat,,,
Mitapivat Sulfato,Mitapivat,,,
Mitomicina,Mitomycin,,,
Mitotano,Mitotane,,,
Mitoxantrona,Mitoxantrone,,,
Mitoxantrona Hidrocloruro,Mitoxantrone,,,
Mizolastina,Mizolastine,,,
Moclobemida,Moclobemide,,,
Modafinilo,Modafinil,,,
Mogamulizumab,Mogamulizumab,,,
Molibdato (99mo) De Sodio,Sodium Ironedetate,,,
Molsidomina,Molsidomine,,,
Momelotinib Dihidrocloruro Monohidrato,Momelotinib,,,
Mometasona,Mometasone,,,
Mometasona Furoato,Mometasone,,,
Mometasona Furoato Monohidrato,Mometasone,,,
Monacolina K Lactona,Effer-k,,,
Monoxido De Carbono,Nitric Oxide,,,
Montelukast,Montelukast,,,
Montelukast Sodico,Montelukast,,,
Morfina,Morphine,,,
Morfina Hidrocloruro,Morphine,,,
Morfina Hidrocloruro Trihidrato,Morphine,,,
Morfina Sulfato,Morphine,,,
Morfina Sulfato Pentahidrato,Morphine,,,
Moroctocog Alfa,"Antihemophilic Factor, Human Recombinant Residues 743-1636 Deleted",,,
Mosunetuzumab,Mosunetuzumab,,,
Moxifloxacino,Moxifloxacin,,,
Moxifloxacino Hidrocloruro,Moxifloxacin,,,
Moxonidina,Moxonidine,,,
Mpdl3280a,,,,
Mupirocina,Mupirocin,,,
Mupirocina Calcica,Mupirocin,,,
Muramidasa,Muramidase,,,
Musgo De Encina,,,,
Myristica Fragans Fruto,Nutmeg Allergenic Extract,,,
Nabumetona,Nabumetone,,,
Nadifloxacino,,,,
Nadroparina,Nadroparin,,,
Nadroparina Calcica,Nadroparin,,,
Nafarelina,Nafarelin,,,
Nafarelina Acetato,Nafarelin Acetate,,,
Nafazolina,Naphazoline,,,
Nafazolina Hidrocloruro,Naphazoline,,,
Nafronil,Nafronyl,,,
Naftazolina,,,,
Naftidrofurilo,Nafronyl,,,
Naftidrofurilo Hidrogeno-oxalato,Nafronyl,,,
Naftionato T,,,,
Naftizina,Naftifine,,,
Naldemedina,Naldemedine,,,
Naldemedina Tosilato,Naldemedine Tosylate,,,
Nalmefeno,Nalmefene,,,
Naloxegol,Naloxegol,,,
Naloxegol Oxalato,Naloxegol,,,
Naloxona,Naloxone,,,
Naloxona Hidrocloruro,Naloxone,,,
Naloxona Hidrocloruro Dihidrato,Naloxone,,,
Naltrexona,Naltrexone,,,
Naltrexona Hidrocloruro,Naltrexone,,,
Napa,,,,
Naproxeno,Naproxen,,,
Naproxeno Sodico,Naproxen,,,
Naranja,,,,
Naranjo Flor,,,,
Naratriptan,Naratriptan,,,
Naratriptan Hidrocloruro,Naratriptan,,,
Narcotina,,,,
Natalizumab,Natalizumab,,,
Nateglinida,Nateglinide,,,
Navelbina,Navelbine,,,
Necitumumab,Necitumumab,,,
Nefopam,Nefopam,,,
Nefopam Hidrocloruro,Nefopam,,,
Nelarabina,Nelarabine,,,
Nemolizumab,Nemolizumab,,,
Neomicina,Neomycin,,,
Neomicina B,Vitamin B12,,,
Neomicina Sulfato,Neomycin,,,
Neooxedrina,,,,
Neostigmina,Neostigmine,,,
Neostigmina Metilsulfato,Neostigmine Methylsulfate,,,
Nepafenaco,Nepafenac,,,
Nerandomilast,Nerandomilast,,,
Neratinib,Neratinib,,,
Neratinib Maleato,Neratinib Maleate,,,
Netarsudil,Netarsudil,,,
Netarsudil Mesilato,Netarsudil,,,
Netilmicina,Netilmicin,,,
Netilmicina Sulfato,Netilmicin,,,
Netupitant,Netupitant,,,
Neumococo Antigeno Polisacarido Capsular,,,,
Neumococo Antigeno Polisacarido Capsular Serotipo 1,Streptococcus Pneumoniae Type 1 Capsular Polysaccharide Antigen,,,
Neumococo Antigeno Polisacarido Capsular Serotipo 10a,Streptococcus Pneumoniae Type 10a Capsular Polysaccharide Antigen,,,
Neumococo Antigeno Polisacarido Capsular Serotipo 11a,Streptococcus Pneumoniae Type 11a Capsular Polysaccharide Antigen,,,
Neumococo Antigeno Polisacarido Capsular Serotipo 12f,Streptococcus Pneumoniae Type 12f Capsular Polysaccharide Antigen,,,
Neumococo Antigeno Polisacarido Capsular Serotipo 14,Streptococcus Pneumoniae Type 14 Capsular Polysaccharide Antigen,,,
Neumococo Antigeno Polisacarido Capsular Serotipo 15a,,,,
Neumococo Antigeno Polisacarido Capsular Serotipo 15b,Streptococcus Pneumoniae Type 15b Capsular Polysaccharide Antigen,,,
Neumococo Antigeno Polisacarido Capsular Serotipo 16f,,,,
Neumococo Antigeno Polisacarido Capsular Serotipo 17f,Streptococcus Pneumoniae Type 17f Capsular Polysaccharide Antigen,,,
Neumococo Antigeno Polisacarido Capsular Serotipo 18c,Streptococcus Pneumoniae Type 18c Capsular Polysaccharide Antigen,,,
Neumococo Antigeno Polisacarido Capsular Serotipo 19a,Streptococcus Pneumoniae Type 19a Capsular Polysaccharide Antigen,,,
Neumococo Antigeno Polisacarido Capsular Serotipo 19f,Streptococcus Pneumoniae Type 19f Capsular Polysaccharide Antigen,,,
Neumococo Antigeno Polisacarido Capsular Serotipo 2,Streptococcus Pneumoniae Type 2 Capsular Polysaccharide Antigen,,,
Neumococo Antigeno Polisacarido Capsular Serotipo 20,Streptococcus Pneumoniae Type 20 Capsular Polysaccharide Antigen,,,
Neumococo Antigeno Polisacarido Capsular Serotipo 20a,,,,
Neumococo Antigeno Polisacarido Capsular Serotipo 22f,Streptococcus Pneumoniae Type 22f Capsular Polysaccharide Antigen,,,
Neumococo Antigeno Polisacarido Capsular Serotipo 23a,,,,
Neumococo Antigeno Polisacarido Capsular Serotipo 23b,,,,
Neumococo Antigeno Polisacarido Capsular Serotipo 23f,Streptococcus Pneumoniae Type 23f Capsular Polysaccharide Antigen,,,
Neumococo Antigeno Polisacarido Capsular Serotipo 24f,,,,
Neumococo Antigeno Polisacarido Capsular Serotipo 3,Streptococcus Pneumoniae Type 3 Capsular Polysaccharide Antigen,,,
Neumococo Antigeno Polisacarido Capsular Serotipo 31,,,,
Neumococo Antigeno Polisacarido Capsular Serotipo 33f,Streptococcus Pneumoniae Type 33f Capsular Polysaccharide Antigen,,,
Neumococo Antigeno Polisacarido Capsular Serotipo 35b,,,,
Neumococo Antigeno Polisacarido Capsular Serotipo 4,Streptococcus Pneumoniae Type 4 Capsular Polysaccharide Antigen,,,
Neumococo Antigeno Polisacarido Capsular Serotipo 5,Streptococcus Pneumoniae Type 5 Capsular Polysaccharide Antigen,,,
Neumococo Antigeno Polisacarido Capsular Serotipo 6a,,,,
Neumococo Antigeno Polisacarido Capsular Serotipo 6b,Streptococcus Pneumoniae Type 6b Capsular Polysaccharide Antigen,,,
Neumococo Antigeno Polisacarido Capsular Serotipo 7f,Streptococcus Pneumoniae Type 7f Capsular Polysaccharide Antigen,,,
Neumococo Antigeno Polisacarido Capsular Serotipo 8,Streptococcus Pneumoniae Type 8 Capsular Polysaccharide Antigen,,,
Neumococo Antigeno Polisacarido Capsular Serotipo 9n,Streptococcus Pneumoniae Type 9n Capsular Polysaccharide Antigen,,,
Neumococo Antigeno Polisacarido Capsular Serotipo 9v,Streptococcus Pneumoniae Type 9v Capsular Polysaccharide Antigen,,,
Neurotoxina De Clostridium Botulinum Tipo A 148.2 Kda,Clostridium Botulinum,,,
Neurotoxina De Clostridium Botulinum Tipo E 150 Kda,Clostridium Botulinum,,,
Nevirapina,Nevirapine,,,
"Nevirapina, Anhidra",Nevirapine,,,
Niacina,Niacin,,,
Niacinamida,Niacinamide,,,
Nicardipino,Nicardipine,,,
Nicardipino Hidrocloruro,Nicardipine,,,
Nicergolina,Nicergoline,,,
Nicotamida,Niacinamide,,,
Nicotilamida,Niacinamide,,,
Nicotina,Nicotine,,,
Nicotina Bitartrato Dihidrato,Nicotine Bitartrate,,,
Nicotina Resinato,Nicotine,,,
Nicotinamida,Niacinamide,,,
Nicotinato Metilo,Nicotine,,,
Nicotinico Acido,Niacin,,,
Niflumico Acido,Niflumic Acid,,,
Nilotinib Hidrocloruro Dihidrato,Nilotinib,,,
Nilotinib Hidrocloruro Monohidrato,Nilotinib,,,
Nilotinib Tartrato,Nilotinib Tartrate,,,
Nintedanib,Nintedanib,,,
Nintedanib Esilato,Nintedanib,,,
Nipagin,,,,
Nipocalimab,Nipocalimab,,,
Niquel Sulfato,Chondroitin Sulfates,,,
Niquel Sulfato Hexahidrato,Chloride Hexahydrate,,,
Niraparib,Niraparib,,,
Niraparib Tosilato Monohidrato,Niraparib Tosylate Monohydrate,,,
Nirmatrelvir,Nirmatrelvir,,,
Nirogacestat,Nirogacestat,,,
Nirogacestat Hidrobromuro,Nirogacestat,,,
Nirsevimab,Nirsevimab,,,
N-isopropilnorepinefrina,,,,
Nistatina,Nystatin,,,
Nitisinona,Nitisinone,,,
Nitrofural,Nitrofurazone,,,
Nitrofurantoina,Nitrofurantoin,,,
Nitrofurazona,Nitrofurazone,,,
Nitroglicerina,Nitroglycerin,,,
Nitroprusiato,,,,
Nitroprusiato Sodio,Ganciclovir Sodium,,,
Nitroso Acido,Nitroso-dl-citrulline,,,
Nivolumab,Nivolumab,,,
N-metil-d-glucamina,,,,
N-metilglucamina,,,,
N-n-dimetilbiguanida,,,,
Nogapendekina Alfa Inbakicept,Nogapendekin Alfa Inbakicept,,,
Nomegestrol Acetato,Nomegestrol Acetate,,,
Nonacog Alfa,Nonacog Alfa,,,
Nonacog Beta Pegol,"Coagulation Factor Ix (recombinant), Glycopegylated",,,
Nonacog Gamma,,,,
Nonaetilenglicol Monododecil Eter,Triethanolamine Monododecyl Ether,,,
Nopoxamina,Myrtecaine,,,
Noradrenalina,Noradrenaline Hydrochloride,,,
Noramidopirina Metanosulfonico Acido,Iocetamic Acid,,,
Norefedrina,Phenylpropanolamine,,,
Norelgestromina,Norelgestromin,,,
Norepinefrina,Norepinephrine,,,
Norepinefrina Bitartrato,Norepinephrine,,,
Norepinefrina Tartrato,Norepinephrine,,,
Noretindrona,Norethindrone,,,
Noretisterona,Norethindrone,,,
Noretisterona Acetato,Norethindrone,,,
Norfloxacino,Norfloxacin,,,
Norgestimato,Norgestimate,,,
Nortriptilina,Nortriptyline,,,
Nortriptilina Hidrocloruro,Nortriptyline,,,
Noscapina,Noscapine,,,
Noscapina Hidrocloruro,Noscapine,,,
Novaminsulfona,,,,
Novocaina,,,,
Nuez Moscada,Rosa Moschata Oil,,,
O-acetoxibenzoico,Padimate-o,,,
Obinutuzumab,Obinutuzumab,,,
Occitocina,,,,
Ocrelizumab,Ocrelizumab,,,
Ocriplasmina,Ocriplasmin,,,
Octafluoropropano,Perflutren,,,
Octocog Alfa,"Antihemophilic Factor, Human Recombinant",,,
Octreotida,Octreotide,,,
Octreotida Acetato,Octreotide,,,
Odevixibat,Odevixibat,,,
Odevixibat Sesquihidrato,Odevixibat Sesquihydrate,,,
Odronextamab,,,,
Ofatumumab,Ofatumumab,,,
Ofloxacino,Ofloxacin,,,
O-hidroxibenzamida,Padimate-o,,,
Olanzapina,Olanzapine,,,
Olaparib,Olaparib,,,
Olea Europea,Olea Europaea Leaf Extract,,,
Olezarsen,Olezarsen,,,
Olipudasa Alfa,Olipudase Alfa,,,
"Oliva, Aceite De, Refinado",Veneno De Abeja Aceite De Vibora,,,
Olmesartan,Olmesartan,,,
Olmesartan Medoxomilo,Olmesartan Medoxomil,,,
Olodaterol,Olodaterol,,,
Olodaterol Hidrocloruro,Olodaterol,,,
Olopatadina,Olopatadine,,,
Olopatadina Hidrocloruro,Olopatadine,,,
Omalizumab,Omalizumab,,,
Omaveloxolona,Omaveloxolone,,,
Ombitasvir,Ombitasvir,,,
Omeprazol,Omeprazole,,,
Omeprazol Sodico,Omeprazole,,,
Onasemnogen Abeparvovec,Onasemnogene Abeparvovec,,,
Ondansetron,Ondansetron,,,
Ondansetron Hidrocloruro Dihidrato,Ondansetron,,,
Opicapona,Opicapone,,,
Opuntia Ficus Indica,Opuntia Ficus-indica Extract,,,
Oregano,Oregano Allergenic Extract,,,
Oregano Tintura,,,,
Origanum,Origanum Oil,,,
Origanum Majorana,Origanum Majorana Extract,,,
Origanum Vulgare,,,,
Oritavancina,Oritavancin,,,
Oritavancina Difosfato,Oritavancin,,,
Orlistat,Orlistat,,,
Ornitina,Ornithine,,,
Ornitina Hidrocloruro,Ornithine,,,
Orthosiphon Stamineus  Benth  Hoja,Clerodendranthus Spicatus Leaf Extract,,,
Oseltamivir,Oseltamivir,,,
Oseltamivir Fosfato,Oseltamivir,,,
Osilodrostat,Osilodrostat,,,
Osilodrostat Fosfato,Osilodrostat,,,
Osimertinib Mesilato,Osimertinib,,,
Oteracilo,,,,
Oteracilo Potasico,,,,
Oxaliplatino,Oxaliplatin,,,
Oxcarbazepina,Oxcarbazepine,,,
Oxibato Sodio,Ganciclovir Sodium,,,
Oxibico Acido,Iocetamic Acid,,,
Oxibuprocaina,Benoxinate,,,
Oxibuprocaina Hidrocloruro,Benoxinate,,,
Oxibutinina,Oxybutynin,,,
Oxibutinina Hidrocloruro,Oxybutynin,,,
Oxicodona,Oxycodone,,,
Oxicodona Hidrocloruro,Oxycodone,,,
Oxiconazol,Oxiconazole,,,
Oxidronato Sodio,Oxidronate,,,
Oxidronico Acido,Oxidronic Acid,,,
Oximetazolina,Oxymetazoline,,,
Oximetazolina Hidrocloruro,Oxymetazoline,,,
Oxina,,,,
Oxipolietoxidodecano,,,,
Oxitetraciclina,Oxytetracycline,,,
Oxitetraciclina Hidrocloruro,Oxytetracycline,,,
Oxitocina,Oxytocin,,,
Oxoprolina,,,,
Oxpentilfilina,,,,
Ozanimod,Ozanimod,,,
Ozanimod Hidrocloruro,Ozanimod,,,
Ozenoxacino,Ozenoxacin,,,
P-acetamol,,,,
Paclitaxel,Paclitaxel,,,
Padeliporfina,,,,
Palbociclib,Palbociclib,,,
Paliperidona,Paliperidone,,,
Paliperidona Palmitato,Paliperidone,,,
Palivizumab,Palivizumab,,,
Palonosetron,Palonosetron,,,
Palonosetron Hidrocloruro,Palonosetron,,,
Palopegteriparatida,Palopegteriparatide,,,
Pamidronico Acido,Pamidronic Acid,,,
P-amino Benzoato De 2-(dietilamino)etilo,Procainamide,,,
P-aminobencensulfonamida,,,,
P-aminobenzoato De Etilo,Ethyl Loflazepate,,,
P-aminobenzoil Dietilaminoetanol,Potassium Aminobenzoate,,,
Panax Ginseng,Korean Ginseng Preparation,,,
Pancreatina,Pancreatin,,,
Pancrin,,,,
P-anilinsulfonamida,,,,
Panitumumab,Panitumumab,,,
Panobinostat,Panobinostat,,,
Pantoil Propanolamina,Isopropanolamine,,,
Pantoprazol,Pantoprazole,,,
Pantoprazol Sodico,Pantoprazole,,,
Pantoprazol Sodico Sesquihidrato,Pantoprazole (as Pantoprazole Sodium Sesquihydrate),,,
Pantotenato Calcio,Calcium,,,
Pantotenato Sodio,Ganciclovir Sodium,,,
Pantotenico Acido,Pantothenic Acid,,,
Pantotenol,Panthenol,,,
Para-aminosalicilico Acido,Para-cresol,,,
Paracetamol,Acetaminophen,,,
Parafenilendiamina,4-phenylenediamine,,,
Parafenilendiamina Difenil,4-phenylenediamine,,,
Parafenilendiamina Isopropilfenil,4-phenylenediamine,,,
Parafina Blanda,Paraffin,,,
Parafina Liquida,Mineral Oil,,,
Parathormona,Parathyroid Hormone,,,
Parecoxib,Parecoxib,,,
Paricalcitol,Paricalcitol,,,
Paritaprevir,Paritaprevir,,,
Paromomicina,Paromomycin,,,
Parotina,,,,
Paroxetina,Paroxetine,,,
Paroxetina  Hidrocloruro,Paroxetine,,,
Paroxetina Hidrocloruro Hemihidrato,Paroxetine,,,
Paroxetina Mesilato,Paroxetine,,,
Parpona,,,,
Partenolida,Parthenolide,,,
Pasireotida,Pasireotide,,,
Pasireotida Pamoato,Pasireotide,,,
Passiflora Incarnata,Passiflora Incarnata Flowering Top Extract,,,
Passiflora Incarnata Exto Seco,Passiflora Incarnata Flowering Top Extract,,,
Passiflora Incarnata Parte Aerea Extracto Seco,Passiflora Incarnata Flowering Top Extract,,,
Passiflora Incarnata Sumidad,Passiflora Incarnata Flowering Top Extract,,,
Passiflora Incarnata Tintura Madre,Passiflora Incarnata Flowering Top Extract,,,
Patiromer,Patiromer,,,
Patiromer Sorbitex Calcio,Patiromer Sorbitex Calcium,,,
Patiromero Calcio,Patiromer,,,
Patisiran,Patisiran,,,
Patisiran Sodio,Patisiran,,,
Pazopanib,Pazopanib,,,
Pazopanib Hidrocloruro,Pazopanib,,,
Pegaspargasa,Pegaspargase,,,
Pegcetacoplan,Pegcetacoplan,,,
Pegfilgrastim,Pegfilgrastim,,,
Peginterferon Alfa- 2a,Peginterferon Alfa-2a,,,
Peginterferon Alfa-2b,Peginterferon Alfa-2b,,,
Peginterferon Beta-1a,Peginterferon Beta-1a,,,
Pegunigalsidasa Alfa,Pegunigalsidase Alfa,,,
Pegvaliasa,Pegvaliase,,,
Pegvisomant,Pegvisomant,,,
Pegzilarginasa,Pegzilarginase,,,
Pelargonium Sidoides,,,,
Pelargonium Sidoides Extracto Liquido De Raiz,,,,
Pelargonium Sidoides Extracto Seco Raiz,,,,
Pembrolizumab,Pembrolizumab,,,
Pemetrexed Disodio Hemipentahidrato,Pemetrexed Disodium Hemipentahydrate,,,
Pemetrexed Disodio Heptahidrato,Pemetrexed Disodium Heptahydrate,,,
Pemetrexed Ditrometamina,Pemetrexed,,,
Pemetrexed Ditrometamina Dihidrato,Pemetrexed,,,
Pemigatinib,Pemigatinib,,,
Penicilamina,Penicillamine,,,
Penicilina G,Penicillin G,,,
Penicilina V,Penicillin V,,,
Penicilina-benetamina,,,,
Penicilina-clemizol,Clemizolpenicillin,,,
Pentamidina,Pentamidine,,,
Pentamidina Isetionato,Pentamidine,,,
Pentetato Calcio Trisodio,Pentetate Zinc Trisodium,,,
Pentetico Acido,Iocetamic Acid,,,
Pentetreotida,Pentetreotide,,,
Pentosan Polisulfato Acido,Pentosan Polysulfate,,,
Pentosano Polisulfato Sodio,Pentosan Polysulfate,,,
Pentostatina,Pentostatin,,,
Pentotiobarbital,Pentobarbital,,,
Pentoxifilina,Pentoxifylline,,,
Pentoxiverina,Carbetapentane,,,
Pentoxiverina Citrato,Citrate,,,
Perampanel,Perampanel,,,
Perampanel Hidrato (4:3),Perampanel 4 Mg,,,
Perbinafina,Terbinafine,,,
Perfenazina,Perphenazine,,,
Periciazina,Periciazine,,,
Perindopril  Arginina,Perindopril Arginine,,,
Perindopril Erbumina,Perindopril Erbumine,,,
Perindopril Terc-butilamina,Perindopril,,,
Permetrina,Permethrin,,,
Permetrina (25 Cis/75 Trans),Racementhol,,,
Permetrina (40 Cis/60 Trans),Racementhol,,,
Peroxido De Benzoilo Hidratado,Benzoyl Peroxide,,,
Pertecnetato 99mtc  Sodio,Sodium Bicarbonate,,,
"Pertecnetato (99mtc) De Sodio Obtenido Por Fision, Disolucion Inyectable De",Sodium Ironedetate,,,
Pertuzumab,Pertuzumab,,,
Petidina,Meperidine,,,
Petidina Hidrocloruro,Meperidine,,,
Petrolato,Petrolatum,,,
Peumus Boldus  M. Extracto Seco,Peumus Boldus Leaf Extract,,,
Peumus Boldus M. Hoja,Peumus Boldus Leaf Extract,,,
Pez Griega,,,,
P-hidroxibenzoato De Bencilo,4-hydroxybenzoic Acid,,,
P-hidroxibenzoato De Butilo,4-hydroxybenzoic Acid,,,
P-hidroxibenzoato De Etilo,Ethyl Loflazepate,,,
P-hidroxibenzoato De Metilo,Methyl 5-aminolevulinate,,,
P-hidroxibenzoato De Propilo,4-hydroxybenzoic Acid,,,
Phleum Pratense Extracto De Polen,Timothy Grass Pollen Extract,,,
Pibrentasvir,Pibrentasvir,,,
Picosulfato Sodio,Ganciclovir Sodium,,,
Picosulfurico Acido,Picosulfuric Acid,,,
Pidolato Calcio,Calcium,,,
Pidolato Deanol,Deanol Pidolate,,,
Pidolato Magnesio,Magnesium,,,
Pidolico Acido,Iocetamic Acid,,,
Piflufolastat (18f),Piflufolastat F-18,,,
Pilocarpina,Pilocarpine,,,
Pilocarpina Hidrocloruro,Pilocarpine,,,
Pimozida,Pimozide,,,
Pimpinella Anisum,Pimpinella Anisum Extract,,,
Pimpinella Anisum Frutos,Pimpinella Anisum Extract,,,
Pinaverio,Pinaverium,,,
Pinaverio Bromuro,Pinaverium,,,
Pinazepam,,,,
Pioglitazona,Pioglitazone,,,
Pioglitazona Hidrocloruro,Pioglitazone,,,
Piperacilina,Piperacillin,,,
Piperacilina Sodica,Piperacillin,,,
Piperaquina,,,,
Piperaquina Tetrafosfato Tetrahidrato,,,,
Piracetam,Piracetam,,,
Piranisamina,Pyrilamine,,,
Pirantel,Pyrantel,,,
Pirantel Embonato,Pyrantel,,,
Pirazinamida,Pyrazinamide,,,
Pirfenidona,Pirfenidone,,,
Piridostigmina,Pyridostigmine,,,
Piridostigmina Bromuro,Pyridostigmine,,,
Piridoxina,Pyridoxine,,,
Piridoxina Alfa-cetoglutarato,Alglucosidase Alfa,,,
Piridoxina Hidrocloruro,Pyridoxine,,,
Pirilamina,Pyrilamine,,,
Pirimetamina,Pyrimethamine,,,
Pirisuccideanol,Pyrisuccideanol,,,
Pirisudanol,Pyrisuccideanol,,,
Pirisudanol Maleato,Pirisudanol Maleate,,,
Piritiona Zincica,,,,
Piroxicam,Piroxicam,,,
Pistocaina,,,,
Pitavastatina,Pitavastatin,,,
Pitavastatina Calcio,Pitavastatin,,,
Pitolisant,Pitolisant,,,
Pitolisant Hidrocloruro,Pitolisant,,,
Pivmecilinam,Amdinocillin Pivoxil,,,
Pivmecilinam Hidrocloruro,Amdinocillin Pivoxil,,,
Pixantrona,,,,
Pizotifeno Maleato,Pizotyline,,,
Pizotilina,Pizotyline,,,
Plantago Lanceolata L.,English Plantain Pollen Extract,,,
Plantago Lanceolata L. Extracto Liquido Hojas,English Plantain Pollen Extract,,,
Plantago Lanceolata L. Extracto Seco,English Plantain Pollen Extract,,,
Plantago Ovata Forskk.,Plantago Ovata Seed Extract,,,
Plantago Ovata Forskk. Cascara,Plantago Ovata Seed Extract,,,
Plantago Ovata Forskk. Semilla,Plantago Ovata Seed Extract,,,
Plantago Ovata Forskk. Semilla Cuticula,Plantago Ovata Seed Extract,,,
Plantago Psyllium  L,Psyllium,,,
Plasminogeno Activador Tisular,Plasminogen,,,
Plata,,,,
Plata Nitrato,Silver Nitrate,,,
Plerixafor,Plerixafor,,,
Plozasiran,Plozasiran,,,
Podofilotoxina,,,,
Polatuzumab Vedotina,Polatuzumab Vedotin,,,
Polen Graminea Extracto Alergenico,,,,
Polidimetilsiloxano,,,,
Polidocanol,Polidocanol,,,
Poliestirenosulfonato,,,,
Poliestirenosulfonato Calcio,Calcium,,,
Poliestirenosulfonato Sodio,Ganciclovir Sodium,,,
Polihexanida,Polihexanide,,,
Polimaltosa Hierro,Iron,,,
Polimixina B,Polymyxin B,,,
Polimixina B Sulfato,Polymyxin B,,,
Poliovirus Inactivado Tipo 1 (mahoney) Producido En Celulas Vero,"Poliovirus Vaccine Inactivated, Type 1 (mahoney)",,,
Poliovirus Inactivado Tipo 2 (mef-1) Producido En Celulas Vero,"Poliovirus Vaccine Inactivated, Type 2 (mef-1)",,,
Poliovirus Inactivado Tipo 3  (saukett Producido En Celulas Vero,"Poliovirus Vaccine Inactivated, Type 3 (saukett)",,,
Polisacarido Capsular Haemophillus Influenzae Tipo B (prp),,,,
Polividona,Povidone,,,
Polivinil Pirrolidona,2-pyrrolidone,,,
Polixilano Sulfonico,,,,
Polypodium Leucotomos Extracto,Polypodium Leucotomos,,,
Pomalidomida,Pomalidomide,,,
Ponatinib,Ponatinib,,,
Posaconazol,Posaconazole,,,
Potasio,Potassium,,,
Potasio Bicarbonato,,,,
Potasio Clorato,Potassium,,,
Potasio Cloruro Anhidro,Potassium,,,
Potasio Dicromato,Dichromate Ion,,,
Potasio Dihidrogenofosfato,Potassium,,,
Potasio Fosfato,Potassium,,,
Potasio Hidrogenofosfato,Potassium,,,
Potasio Ioduro,Potassium Iodide,,,
Potasio Sulfato,Potassium Sulfate,,,
Potasio Sulfoguayacolato,Potassium,,,
Povidona,Povidone,,,
Povidona Iodada,Povidone,,,
P-oxibenzoato De Metilo,Methyl 5-aminolevulinate,,,
"P,p-sulfodianilina",,,,
Pralsetinib,Pralsetinib,,,
Pramipexol,Pramipexole,,,
Pramipexol Dihidrocloruro Monohidrato,Pramipexole,,,
Prasterona,Prasterone,,,
Prasugrel,Prasugrel,,,
Prasugrel Besilato,,,,
Prasugrel Hidrobromuro,Prasugrel,,,
Prasugrel Hidrocloruro,Prasugrel,,,
Pravastatina,Pravastatin,,,
Pravastatina Sodica,Pravastatin,,,
Prazosina,Prazosin,,,
Prazosina Hidrocloruro,Prazosin,,,
Prednicarbato,Prednicarbate,,,
Prednisolona,Prednisolone,,,
Prednisolona Acetato,Prednisolone,,,
Prednisolona Esteaglato,Prednisolone,,,
Prednisolona Fosfato Sodio,Prednisolone,,,
Prednisolona Sulfobenzoato Sodio,Prednisolone,,,
Prednisolona-6-metil,Prednisolone,,,
Prednisona,Prednisone,,,
Pregabalina,Pregabalin,,,
Pridinol Mesilato,Pridinol,,,
Prilocaina,Prilocaine,,,
Prilocaina Hidrocloruro,Prilocaine,,,
Primidona,Primidone,,,
Primula,Primula Veris Extract,,,
Procaina,Procaine,,,
Procaina Hidrocloruro,Procaine,,,
Procainamida,Procainamide,,,
Procainamida Hidrocloruro,Procainamide,,,
Procarbazina,Procarbazine,,,
Procarbazina Hidrocloruro,Procarbazine,,,
Prociclidina,Procyclidine,,,
Prociclidina Hidrocloruro,Procyclidine,,,
Proconvertina,Factor Vii,,,
Progesterona,Progesterone,,,
Proguanil,Proguanil,,,
Proguanil Hidrocloruro,Proguanil,,,
Prolina,Proline,,,
Prometazina,Promethazine,,,
Prometazina Hidrocloruro,Promethazine,,,
Propafenona,Propafenone,,,
Propafenona Hidrocloruro,Propafenone,,,
Propanocaina,Proparacaine,,,
Propanocaina Hidrocloruro,Proparacaine,,,
Propanolol,Propranolol,,,
Propanotriol,"1,2,3-propanetriol, 2-(4-aminobenzoate)",,,
Propericiazina,Periciazine,,,
Propifenazona,Propyphenazone,,,
Propilparaben,Propylparaben,,,
Propiverina,Propiverine,,,
Propiverina Hidrocloruro,Propiverine,,,
Propranolol,Propranolol,,,
Propranolol Hidrocloruro,Propranolol,,,
Prostaglandina E2,Dinoprostone,,,
Protamina,Protamines,,,
Protamina Sulfato,Protamines,,,
Proteasa,Protease,,,
Proteasas,Protease,,,
Proteina C,Protein C,,,
Proteina C Humana,"Protein C, Human",,,
Proteina C Plasma Humano Purificadacon Anticuerpos Monoclonales De Raton,Human Plasma Preparation,,,
Proteina De La Espicula Del Sars-cov-2 (omicron Jn.1),,,,
Proteina Morfogenica Osea Bmp-7,,,,
Proteina Plasmatica Humana,"Alpha 1-proteinase Inhibitor, Human Injection [glassia]",,,
Proteina Recombinante De Fusion Fhbp De Neisseria Meningitidis Del Grupo B,Neisseria Meningitidis Serogroup B Recombinant Fhbp Fusion Protein Antigen,,,
Proteina Recombinante De Fusion Nhba De Neisseria Meningitidis Del Grupo B,Neisseria Meningitidis Serogroup B Recombinant Nhba Fusion Protein Antigen,,,
Proteina Recombinante Nada De Neisseria Meningitidis Del Grupo B,Neisseria Meningitidis Serogroup B Recombinant Nada Fusion Protein Antigen,,,
Proteina S,Protein S,,,
Proteinas,,,,
Proteinas Plasmaticas,,,,
Proteinsuccinilato Hierro,Iron,,,
Protrombina,Prothrombin,,,
Prucaloprida,Prucalopride,,,
Prucaloprida Succinato,Prucalopride,,,
Prunus Africana,,,,
Prunus Africana Exto,,,,
Prunus Amygdalus,Almond Oil,,,
Pseudoefedrina,Pseudoephedrine,,,
Pseudoefedrina Hidrocloruro,Pseudoephedrine,,,
Pseudoefedrina Sulfato,Pseudoephedrine,,,
Pseudomonico Acido,Pseudomonas Aeruginosa,,,
Psma-1007 (18f),,,,
P-sulfamido Anilina,,,,
Pygeum Africanum,Pygeum Africanum Preparation,,,
Quaternium-15,Quaternium-15,,,
Quazepam,Quazepam,,,
Quenodesoxicolico Acido,Iocetamic Acid,,,
Quetiapina,Quetiapine,,,
Quetiapina Fumarato,Quetiapine,,,
Quetiapina Hemifumarato,Quetiapine,,,
Quinagolida,Quinagolide,,,
Quinagolida Hidrocloruro,Quinagolide,,,
Quinapril,Quinapril,,,
Quinapril Hidrocloruro,Quinapril,,,
Quizartinib,Quizartinib,,,
Quizartinib Dihidrocloruro,Quizartinib,,,
Rabeprazol,Rabeprazole,,,
Rabeprazol Sodico,Rabeprazole,,,
Racecadotrilo,Racecadotril,,,
Radamts13,"Adamts13, Recombinant",,,
Radio 223,,,,
Radio 223 Dicloruro,,,,
Raloxifeno,Raloxifene,,,
Raloxifeno Hidrocloruro,Raloxifene,,,
Raltegravir,Raltegravir,,,
Raltegravir Potasio,Raltegravir,,,
Raltitrexed,Raltitrexed,,,
Ramipril,Ramipril,,,
Ramucirumab,Ramucirumab,,,
Ranibizumab,Ranibizumab,,,
Ranitidina,Ranitidine,,,
Ranitidina Hidrocloruro,Ranitidine,,,
Ranolazina,Ranolazine,,,
Rapamicina,Sirolimus,,,
Rasagilina,Rasagiline,,,
Rasagilina Besilato,Rasagiline,,,
Rasagilina Mesilato,Rasagiline,,,
Rasagilina Tartrato,Rasagiline,,,
Rasburicasa,Rasburicase,,,
Ravulizumab,Ravulizumab,,,
Raxtozinameran,"Sars-cov-2 (covid-19) Vaccine, Mrna-bnt162b2 Omicron (xbb.1.5)",,,
R-budesonida,,,,
Rdesat-6,,,,
Reboxetina,Reboxetine,,,
Reboxetina Metanosulfonato,Reboxetine,,,
Regadenoson,Regadenoson,,,
Regaliz,Consolida Regalis Flower Extract,,,
Regdanvimab,,,,
Regorafenib,Regorafenib,,,
Relatlimab,Relatlimab,,,
Relebactam,Relebactam,,,
Relebactam Monohidrato,Relebactam Monohydrate,,,
Remifentanilo,Remifentanil,,,
Remifentanilo Hidrocloruro,Remifentanil,,,
Remimazolam Besilato,Remimazolam,,,
Repaglinida,Repaglinide,,,
Resina Colestiramina,Nesina,,,
Resina De Butilfenol Formaldehido,,,,
Resina Epoxi,,,,
Reslizumab,Reslizumab,,,
Resorcina,Resorcinol,,,
Resorcinftaleina,,,,
Reteplasa,Reteplase,,,
Retifanlimab,Retifanlimab,,,
Retinoico (trans) Acido,Iocetamic Acid,,,
Retinol Acetato,Retinol Acetate,,,
Retinol Palmitato,Vitamin A,,,
Rezafungina,Rezafungin,,,
"Rezafungina, Acetato De",Sodium Acetate,,,
Rh Dnasa,,,,
Rhamnus  Frangula L. Corteza,,,,
Rhamnus Frangula L. Extracto Seco,,,,
Rhamnus Frangula L. Polvo,,,,
Rhamnus Purshiana Dc. Corteza,Frangula Purshiana Bark Extract,,,
Rhamnus Purshiana Dc. Extracto Seco,Frangula Purshiana Bark Extract,,,
Rhodiola Rosea,Sedum Roseum Root Extract,,,
Rhodiola Rosea Raiz Extracto Seco,Sedum Roseum Root Extract,,,
Ribavirina,Ribavirin,,,
Riboflavina,Riboflavin,,,
Riboflavina Fosfato Sodio,Riboflavin,,,
Riboneurina,,,,
Rifabutina,Rifabutin,,,
Rifamicina,Rifamycin Sv,,,
Rifamicina Sodica,Rifamycin Sv,,,
Rifamicina Sv,Rifamycin Sv,,,
Rifampicina,Rifampin,,,
Rifaximina,Rifaximin,,,
Rilpivirina,Rilpivirine,,,
Rilpivirina Hidrocloruro,Rilpivirine,,,
Riltozinameran,,,,
Rilzabrutinib,Rilzabrutinib,,,
Rimegepant,Rimegepant,,,
Rimegepant Sulfato,Rimegepant,,,
Riociguat,Riociguat,,,
Risankizumab,Risankizumab,,,
Risdiplam,Risdiplam,,,
Risedronato Sodio,Ganciclovir Sodium,,,
Risedronato Sodio Hemipentahidrato,Ganciclovir Sodium,,,
Risedronico Acido,Risedronic Acid,,,
Risperidona,Risperidone,,,
Ritlecitinib Tosilato,Ritlecitinib,,,
Ritodrina,Ritodrine,,,
Ritodrina Hidrocloruro,Ritodrine,,,
Ritonavir,Ritonavir,,,
Rituximab,Rituximab,,,
Rivaroxaban,Rivaroxaban,,,
Rivastigmina,Rivastigmine,,,
Rivastigmina Bitartrato,Rivastigmine,,,
Rivastigmina Hidrogeno Tartrato,Rivastigmine,,,
Rivastigmina Tartrato,Rivastigmine,,,
Rizatriptan,Rizatriptan,,,
Rizatriptan Benzoato,Rizatriptan Benzoate,,,
Roflumilast,Roflumilast,,,
Romosozumab,Romosozumab,,,
Ropeginterferon Alfa-2b,Ropeginterferon Alfa-2b,,,
Ropivacaina,Ropivacaine,,,
Ropivacaina Hidrocloruro,Ropivacaine,,,
Ropivacaina Hidrocloruro Monohidrato,Ropivacaine,,,
Rosmarinus Officinalis,Rosmarinus Officinalis Preparation,,,
Rosuvastatina,Rosuvastatin,,,
Rosuvastatina  Calcica,Rosuvastatin,,,
Rosuvastatina Zinc,,,,
Rotavirus Humano,,,,
Rotavirus Humano Serotipo G1,,,,
Rotavirus Humano Serotipo G2,,,,
Rotavirus Humano Serotipo G3,,,,
Rotavirus Humano Serotipo G4,,,,
Rotavirus Humano Serotipo P1,,,,
Rotigotina,Rotigotine,,,
Roxadustat,,,,
Roxitromicina,Roxithromycin,,,
Rozanolixizumab,Rozanolixizumab,,,
Rt-pa,Alteplase,,,
Rubeola Virus,,,,
Rubus Idaeus L.,Rubus Idaeus Leaf Extract,,,
Rucaparib,Rucaparib,,,
Rucaparib Camsilato,Rucaparib Camsylate,,,
Rufinamida,Rufinamide,,,
Rupatadina,,,,
Rupatadina Fumarato,,,,
Rurioctocog Alfa Pegol,,,,
Ruscogenina,Ruscogenin,,,
Ruscus Aculeatus,Ruscus Aculeatus Root Extract,,,
Ruscus Aculeatus Exto,Ruscus Aculeatus Root Extract,,,
Rutina,Rutin,,,
Rutosido De Trihidroxietilquercetina,,,,
Ruxolitinib Fosfato,Ruxolitinib,,,
Sabal Serrulata,Saw Palmetto Extract,,,
Sabal Serrulata Exto Blando,Saw Palmetto Extract,,,
Sabal Serrulata Exto Seco,Saw Palmetto Extract,,,
Sacarato Calcio Tetrahidrato,Calcium Saccharate,,,
Sacarato Hierro,Iron,,,
Saccharomyces Boulardii,Saccharomyces Boulardii,,,
Saccharomyces Boulardii Cncm I-745,Saccharomyces Cerevisiae Var. Boulardii Cncm I-1079,,,
Sacituzumab Govitecan,Sacituzumab Govitecan,,,
Sacubitrilo,Sacubitril,,,
Sacubitrilo Sodio,Sacubitril,,,
Sacubitrilo Trometamina,Sacubitril,,,
Safinamida,Safinamide,,,
Safinamida Mesilato,Safinamide,,,
Safinamida Metanosulfonato,Safinamide,,,
"Sal Tetrasodica Ac 33 Difosfono-1,2 Propdicarbox",Salicylic Acid 120 Mg/ml Topical Solution,,,
Salazopirina,,,,
Salazosulfapiridina,Sulfasalazine,,,
Salbutamol,Albuterol,,,
Salbutamol Sulfato,Albuterol Sulfate,,,
Salicilamida,Salicylamide,,,
Salicilato Dietilamina,,,,
Salicilato Metilo,Methyl 5-aminolevulinate,,,
Salicil-azo-sulfanilamidopiridina,,,,
Salicilazosulfapiridina,Sulfasalazine,,,
Salicilico Acido,Salicylic Acid,,,
Salmeterol,Salmeterol,,,
Salmeterol Xinafoato,Salmeterol Xinafoate,,,
"Salmonella Typhi Cepa Ty-21a,germenes Vivos",,,,
Salmonella Typhi Polisacarido Capsular Vi,,,,
Salvia,Salvia Miltiorrhiza Root Extract,,,
Salvia Officinalis,Sage Leaf Allergenic Extract,,,
Samario (153sm) Lexidronam,Samarium Sm 153 Lexidronam,,,
Sapropterina,Sapropterin,,,
Sapropterina Dihidrocloruro,Sapropterin,,,
Sapropterina Hidrocloruro,Sapropterin,,,
Saquinavir,Saquinavir,,,
Sarilumab,Sarilumab,,,
Satralizumab,Satralizumab,,,
Sauzgatillo,,,,
Saxagliptina,Saxagliptin,,,
Saxagliptina Hidrocloruro,Saxagliptin,,,
S-carboximetilcisteina,,,,
Sebelipasa Alfa,Sebelipase Alfa,,,
Secnidazol Anhidro,Secnidazole,,,
Secukinumab,Secukinumab,,,
Seladelpar,Seladelpar,,,
Seladelpar Lisina Dihidrato,Seladelpar,,,
Selegilina,Selegiline,,,
Selegilina Hidrocloruro,Selegiline,,,
Selenito Sodio Anhidro,Selenite,,,
Selenito Sodio Pentahidrato,Selenite,,,
Selexipag,Selexipag,,,
Selpercatinib,Selpercatinib,,,
Selumetinib Sulfato,Selumetinib,,,
Selvacovateina,,,,
Semaglutida,Semaglutide,,,
Senosidos A-b,"Sennosides, Usp",,,
Senosidos A-b Calcicos,"Sennosides, Usp",,,
Sepiapterina,Sepiapterin,,,
Serenoa Repens,Serenoa Repens Whole Extract,,,
Serenoa Repens Extracto Lipido Esterolico,Serenoa Repens Whole Extract,,,
Serenoa Repens Tintura Madre,Serenoa Repens Whole Extract,,,
Serenoa Serrulata,Saw Palmetto Fruit Extract,,,
Serina,Serine,,,
Seroalbumina Humana,"Thrombin, Human",,,
Serplulimab,,,,
Sertaconazol,Sertaconazole,,,
Sertaconazol Nitrato,Sertaconazole Nitrate,,,
Sertralina,Sertraline,,,
Sertralina Hidrocloruro,Sertraline,,,
Setmelanotida,Setmelanotide,,,
Sevelamero,Sevelamer,,,
Sevelamero Carbonato,Sevelamer,,,
Sevelamero Hidrocloruro,Sevelamer,,,
Sevoflurano,Sevoflurane,,,
Sideritis Angustifolia,Echinacea Angustifolia Extract,,,
Sideritis Angustifolia Sumidad Florida,Palo Verde Pollen Extract,,,
Sildenafilo,Sildenafil,,,
Sildenafilo Citrato,Sildenafil,,,
Silibina,Silybin,,,
Silibinina,,,,
Silibinina Succinato Sodio,,,,
Silicona,,,,
Silicona Antiespumante,,,,
Silicona Antiespumante Activada,,,,
Silimarina,Silymarin,,,
Silodosina,Silodosin,,,
Siltuximab,Siltuximab,,,
Silybum Marianum L.,Milk Thistle Extract,,,
"Silybum Marianum L. ,  Flavolignanos",Milk Thistle Extract,,,
Silybum Marianum L. Extracto Seco,Milk Thistle Extract,,,
Simeticona,Simethicone,,,
Simoctocog Alfa,Simoctocog Alfa,,,
Simvastatina,Simvastatin,,,
Sipavibart,,,,
Siponimod Acido Fumarico,,,,
Sitagliptina,Sitagliptin,,,
Sitagliptina Fosfato Monohidrato,Sitagliptin,,,
Sitagliptina Fumarato,,,,
Sitagliptina Hidrocloruro,Sitagliptin,,,
Sitagliptina Hidrocloruro Monohidrato,Sitagliptin,,,
Sitagliptina Malato,,,,
Sitagliptina Tartrato Hemihidrato,Sitagliptin,,,
S-lactato Sodio,,,,
S-lactico Acido,Lactic Acid,,,
Sodio Bicarbonato,Sodium Bicarbonate,,,
Sodio Carbonato,Ganciclovir Sodium,,,
Sodio Carbonato Anhidro,Ganciclovir Sodium,,,
Sodio Cromoglicato,Ganciclovir Sodium,,,
Sodio Dihidrogenofosfato,Ganciclovir Sodium,,,
Sodio Fosfato,Ganciclovir Sodium,,,
Sodio Hidrogeno Carbonato,Ganciclovir Sodium,,,
Sodio Hidrogenofosfato,Ganciclovir Sodium,,,
Sodio Molibdato,Ganciclovir Sodium,,,
Sodio Perborato,Ganciclovir Sodium,,,
Sodio Pirofosfato,Ganciclovir Sodium,,,
Sodio Sulfato,Ganciclovir Sodium,,,
Sodio Sulfato Anhidro,Ganciclovir Sodium,,,
Soja,Soybean Seed Oil,,,
"Soja, Aceite De, Refinado",Veneno De Abeja Aceite De Vibora,,,
Solidago Gigantea,,,,
Solidago Gigantea Extracto Seco,,,,
Solifenacina,Solifenacin,,,
Solifenacina Succinato,Solifenacin,,,
Solriamfetol,Solriamfetol,,,
Solriamfetol Hidrocloruro,Solriamfetol,,,
Somapacitan,Somapacitan,,,
Somatorelina,Somatorelin,,,
Somatorelina Acetato,Somatorelin,,,
Somatostatina,Somatostatin,,,
Somatostatina Acetato Monohidrato,Somatostatin,,,
Somatotropina,Somatropin,,,
Somatrogon,Somatrogon,,,
Somatropina,Somatropin,,,
Somatropina Recombinante,Somatropin,,,
Somatulina,Somatuline,,,
Sorafenib,Sorafenib,,,
Sorafenib Tosilato,Sorafenib,,,
Sotalol,Sotalol,,,
Sotalol Hidrocloruro,Sotalol,,,
Sotatercept,Sotatercept,,,
Sotorasib,Sotorasib,,,
Sotrovimab,Sotrovimab,,,
Spergularia Rubra,,,,
Spergularia Rubra Parte Aerea,"Echinacea, Aerial Parts",,,
Succinilcolina,Succinylcholine,,,
Succinildicolina,Succinylcholine,,,
Succinimida Hidroximetil,,,,
Sufentanilo,Sufentanil,,,
Sufentanilo Citrato,Sufentanil,,,
Sugammadex,Sugammadex,,,
Sugammadex Sodio,Sugammadex,,,
Sugemalimab,,,,
Sulbactam,Sulbactam,,,
Sulbactam Sodico,Sulbactam,,,
Sulbutiamina,Sulbutiamine,,,
Sulesomab,,,,
Sulfadiazina,Sulfadiazine,,,
Sulfadiazina Argentica,Sulfadiazine,,,
Sulfametiltiadiazol,Sulfamethizole,,,
Sulfametizol,Sulfamethizole,,,
Sulfametoxazol,Sulfamethoxazole,,,
Sulfametoxazol Sodico,Sulfamethoxazole,,,
Sulfanilamida,Sulfanilamide,,,
Sulfanilamidodiazina,Sulfathiazole,,,
Sulfapirimidina,Sulfadiazine,,,
Sulfasalazina,Sulfasalazine,,,
Sulfazina,,,,
Sulfobituminato Amonico,,,,
Sulfoguayacol,Potassium Guaiacolsulfonate,,,
Sulfoguayacolato Potasio,Potassium,,,
Sulodexida,,,,
Sulpirida,Sulpiride,,,
Sultiamo,Sulthiame,,,
Sumatriptan,Sumatriptan,,,
Sumatriptan Succinato,Sumatriptan Succinate,,,
Sunitinib Ciclamato,Sunitinib,,,
Sunitinib Malato,Sunitinib Malate,,,
Susoctocog Alfa,"Antihemophilic Factor, Porcine B-domain Truncated Recombinant",,,
Sutimlimab,Sutimlimab,,,
Suxametonio,Succinylcholine,,,
Suxametonio Cloruro,Calcium Chloride,,,
Suxametonio Cloruro Dihidrato,Calcium Chloride,,,
Tabelecleucel,,,,
Tacalcitol,Tacalcitol,,,
Tacalcitol Monohidrato,Tacalcitol,,,
Tacrolimus,Tacrolimus,,,
Tacrolimus Monohidrato,Tacrolimus Monohydrate,,,
Tadalafilo,Tadalafil,,,
Tafamidis,Tafamidis,,,
Tafamidis Meglumina,Tafamidis Meglumine,,,
Tafamidis Nicotinamida Cocristal,Tafamidis,,,
Tafasitamab,Tafasitamab,,,
Tafluprost,Tafluprost,,,
Tagraxofusp,Tagraxofusp,,,
Talazoparib,Talazoparib,,,
Talazoparib Tosilato,Talazoparib,,,
Talco,Talc,,,
Talidomida,Thalidomide,,,
Talimogen Laherparepvec,Talimogene Laherparepvec,,,
Talio 201,Talc,,,
Talio 201 Cloruro,Calcium Chloride,,,
Talquetamab,Talquetamab,,,
Tamoxifeno,Tamoxifen,,,
Tamoxifeno Citrato,Tamoxifen,,,
Tamsulosina,Tamsulosin,,,
Tamsulosina Hidrocloruro,Tamsulosin,,,
Tanico Acido,Tannic Acid,,,
Tanino,,,,
Tapentadol,Tapentadol,,,
Tapentadol Fosfato,Tapentadol,,,
Tapentadol Hidrocloruro,Tapentadol,,,
Tapentadol Maleato Hemihidrato,Tapentadol,,,
Taraxaco,Dandelion Extract,,,
Taraxacum Officinale F.h. Wigg,Dandelion Extract,,,
Taraxacum Officinale F.h. Wigg Extracto Seco,Taraxacum Officinale Leaf Extract,,,
Tardoak,,,,
Tarlatamab,Tarlatamab,,,
Tartarico Acido,Tartaric Acid,,,
Tasonermina,Tasonermin,,,
Taurina,Taurine,,,
Taurocolico Acido,Iocetamic Acid,,,
Taxol,,,,
Tazaroteno,Tazarotene,,,
Tazobactam,Tazobactam,,,
Tazobactam Sodico,Tazobactam,,,
Tebentafusp,Tebentafusp,,,
Teclistamab,Teclistamab,,,
Tecnecio 99 Mtc Tilmanocept,,,,
Tedizolid Fosfato,Tedizolid,,,
Teduglutida,Teduglutide,,,
Tegafur,Tegafur,,,
"Tegomil, Fumarato De",,,,
Teicoplanina,Teicoplanin,,,
Teina,Caffeine,,,
Telavancina,Telavancin,,,
Telmisartan,Telmisartan,,,
Telotristat,Telotristat,,,
Telotristat Etiprato,Telotristat Etiprate,,,
Temocilina,Temocillin,,,
Temoporfina,Temoporfin,,,
Temozolomida,Temozolomide,,,
Tenecteplasa,Tenecteplase,,,
Tenofovir Alafenamida,Tenofovir Alafenamide,,,
Tenofovir Alafenamida Fumarato,Tenofovir Alafenamide Fumarate,,,
Tenofovir Alafenamida Succinato,Tenofovir Alafenamide,,,
Tenofovir Disoproxilo Fosfato,Tenofovir Disoproxil,,,
Tenofovir Disoproxilo Fumarato,Tenofovir Disoproxil Fumarate,,,
Tenofovir Disoproxilo Maleato,,,,
Tenofovir Disoproxilo Succinato,Tenofovir Disoproxil Succinate,,,
Tenoxicam,Tenoxicam,,,
Tensioactivo Pulmonar Porcino,,,,
Teofilina,Theophylline,,,
Teofilina Anhidra,Theophylline,,,
Teplizumab,Teplizumab,,,
Tepotinib Hidrocloruro Monohidrato,Tepotinib,,,
Teprotumumab,Teprotumumab,,,
Terazosina,Terazosin,,,
Terazosina Hidrocloruro,Terazosin,,,
Terazosina Hidrocloruro Dihidrato,Terazosin,,,
Terbinafina,Terbinafine,,,
Terbinafina Hidrocloruro,Terbinafine,,,
Terbutalina,Terbutaline,,,
Terbutalina Sulfato,Terbutaline,,,
Teriflunomida,Teriflunomide,,,
Teriparatida,Teriparatide,,,
Terlipresina,Terlipressin,,,
Terlipresina Acetato,Terlipressin,,,
Testosterona,Testosterone,,,
Testosterona Cipionato,Testosterone,,,
Testosterona Propionato,Testosterone,,,
Testosterona Undecanoato,Testosterone Undecanoate,,,
(+)-tetrabenazina,Tetrabenazine,,,
Tetrabenazina,Tetrabenazine,,,
Tetracaina,Tetracaine,,,
Tetracaina Hidrocloruro,Tetracaine,,,
Tetraciclina,Tetracycline,,,
Tetraciclina Hidrocloruro,Tetracycline,,,
Tetracosactida,Cosyntropin,,,
Tetradecil Sulfato Sodio,Ganciclovir Sodium,,,
Tetrahidrozolina,Tetrahydrozoline,,,
"[tetrakis (2-metoxi-2-metilpropil-1-isocianuro) Cobre (i)], Tetrafluoroborato De",Tetrakis(1-isocyano-2-methoxy-2-methyl-propane)-copper(i) Tetrafluoroborate,,,
Tetrametiltiuramo Monosulfuro,Monosulfiram,,,
Tetrametiluramo Disulfuro,Sodium Metabisulfite,,,
Tetrizolina,Tetrahydrozoline,,,
Tetrizolina Hidrocloruro,Tetrahydrozoline,,,
Tetrofosmina,Tetrofosmin,,,
Tetrofosmina (bis)tetrafluoroborato,,,,
Tezacaftor,Tezacaftor,,,
Tezepelumab,Tezepelumab,,,
"Tfa Hynic-[d-phe1,tyr3-octreotida]",,,,
Thermobacterium Bulgaricus,Lactobacillus Delbrueckii Subsp. Bulgaricus,,,
Thymus Vulgaris,Thyme Oil,,,
Tiadipona,Tiadilon,,,
Tiagabina,Tiagabine,,,
Tiamazol,Methimazole,,,
Tiamina,Thiamine,,,
Tiamina Hidrocloruro,Thiamine,,,
Tiamina Nitrato,Thiamine,,,
Tiamina Pirofosfato,Thiamine,,,
Tianeptina,Tianeptine,,,
Tianeptina Sodica,Tianeptine,,,
Tiaprida,Tiapride,,,
Tibolona,Tibolone,,,
Ticagrelor,Ticagrelor,,,
Ticlopidina,Ticlopidine,,,
Ticlopidina Hidrocloruro,Ticlopidine,,,
Tigeciclina,Tigecycline,,,
Tila,,,,
Tila; Flor Tilo,,,,
Tildrakizumab,Tildrakizumab,,,
"Tilia Cordata Miller, Tilia Platyphyllos Scop., Tilia X Vulgaris Heyne, Flor",Linden Pollen Extract,,,
"Tilia Tomentosa Moench, Flor",Tilia Tomentosa Whole Extract,,,
Timerosal,Thimerosal,,,
Timico Acido,Iocetamic Acid,,,
Timolol Maleato,Timolol Maleate,,,
Tinidazol,Tinidazole,,,
Tinzaparina,Tinzaparin,,,
Tinzaparina Sodica,Tinzaparin,,,
Tioconazol,Tioconazole,,,
Tioctico Acido,Thioctic Acid,,,
Tioguanina,Thioguanine,,,
Tiomersal,Thimerosal,,,
Tiomersalato,Thimerosal,,,
Tiopental,Thiopental,,,
Tiopental Sodico,Thiopental,,,
Tiosulfato,Thiosulfate,,,
Tiosulfato Sodio,Ganciclovir Sodium,,,
Tiotepa,Thiotepa,,,
"Tiotropio, Bromuro De, Monohidrato",Ipratropium Bromide,,,
Tipiracilo,Tipiracil,,,
Tipranavir,Tipranavir,,,
Tiram,Thiram,,,
Tiratricol,Tiratricol,,,
Tirbanibulina,Tirbanibulin,,,
Tirofiban,Tirofiban,,,
Tirofiban Hidrocloruro,Tirofiban,,,
Tirosina,Tyrosine,,,
Tirotricina,Tyrothricin,,,
Tirotropina Alfa,Alglucosidase Alfa,,,
Tiroxina,Tirosint,,,
Tirzepatida,Tirzepatide,,,
Tisagenlecleucel,Tisagenlecleucel,,,
Tislelizumab,Tislelizumab,,,
Tisotumab,Tisotumab,,,
Tisotumab Vedotina,Tisotumab Vedotin,,,
Titanio,Titanium,,,
Titanio Oxido,Titanium Dioxide,,,
Tivozanib,Tivozanib,,,
Tivozanib Hidrocloruro Monohidrato,Tivozanib,,,
Tixagevimab,Tixagevimab,,,
Tixocortol Pivalato,Tixocortol Pivalate,,,
Tizanidina,Tizanidine,,,
Tizanidina Hidrocloruro,Tizanidine,,,
Tobramicina,Tobramycin,,,
Tobramicina Sulfato,Tobramycin,,,
Tocilizumab,Tocilizumab,,,
Tocofersolan,Tocophersolan,,,
Todo-alfa-tocoferol,Alglucosidase Alfa,,,
Todo-rac- Fitomenadiona,Dobutamine,,,
Todo-rac-alfa-tocoferilo Acetato De,Sodium Acetate,,,
Todo-rac-alfa-tocoferol,Dl-alpha Tocopheryl Acetate,,,
Tofacitinib,Tofacitinib,,,
Tofacitinib Citrato,Tofacitinib,,,
Tolcapona,Tolcapone,,,
Tolnaftato,Tolnaftate,,,
Tolterodina,Tolterodine,,,
Tolterodina Tartrato,Tolterodine,,,
Tolvaptan,Tolvaptan,,,
Tomillo Extracto Liquido,,,,
Tomillo Extracto Seco,Onion Extract,,,
"Tomillo, Extracto Seco (der 6-10 : 1) Disolvente De Extraccion: Etanol 70% (m/m)",,,,
Topiramato,Topiramate,,,
Topotecan,Topotecan,,,
Topotecan Hidrocloruro,Topotecan,,,
Torasemida,Torsemide,,,
Toremifeno Citrato,Toremifene,,,
Toripalimab,Toripalimab,,,
Toxina Botulinica Tipo A,Botulinum Toxin Type A,,,
Toxina Botulinica Tipo B,Botulinum Toxin Type B,,,
Toxina Colera Recombinante Subunidad B,Botulinum Toxin Type B,,,
Toxoide Tetanico,"Tetanus Toxoid Vaccine, Inactivated",,,
Tozinameran,"Sars-cov-2 (covid-19) Vaccine, Mrna-bnt162b2",,,
Trabectedina,Trabectedin,,,
Tralokinumab,Tralokinumab,,,
Tramadol,Tramadol,,,
Tramadol Hidrocloruro,Tramadol,,,
Tramazolina,Tramazoline,,,
Tramazolina Hidrocloruro,Tramazoline,,,
Trametinib,Trametinib,,,
Trametinib Dimetil Sulfoxido,Dimethyl Sulfoxide,,,
Trandolapril,Trandolapril,,,
Tranexamico Acido,Tranexamic Acid,,,
Tranilcipromina,Tranylcypromine,,,
Tranilcipromina Sulfato,Tranylcypromine,,,
Trastuzumab,Trastuzumab,,,
Trastuzumab Deruxtecan,Trastuzumab Deruxtecan,,,
Trastuzumab Emtansina,Ado-trastuzumab Emtansine,,,
Travoprost,Travoprost,,,
Trazodona,Trazodone,,,
Trazodona Hidrocloruro,Trazodone,,,
Tremelimumab,Tremelimumab,,,
Trementina Birectificada,,,,
Trementina Cedro,Cedrol,,,
Trementina De Venecia,,,,
Treonina,Threonine,,,
Treosulfano,Treosulfan,,,
Tretinoina,Tretinoin,,,
Triamcinolona,Triamcinolone,,,
Triamcinolona Acetonido,Triamcinolone,,,
Triamcinolona Diacetato,Triamcinolone,,,
Triamcinolona Hexacetonido,Triamcinolone,,,
Triamtereno,Triamterene,,,
Triazolam,Triazolam,,,
Triclorometildimetilcarbinol,,,,
Trientina,Trientine,,,
Trientina Dihidrocloruro,Trientine,,,
Trientina Tetrahidrocloruro,Trientine,,,
Trietanolamina,Triethanolamine,,,
Trifaroteno,Trifarotene,,,
Trifluridina,Trifluridine,,,
Triflusal,Triflusal,,,
Trigliceridos Cadena Media,Stellaria Media Extract,,,
Trigliceridos Omega-3,Omega-3 Fatty Acids,,,
Trihidroxietilrutina,,,,
Triiodotironina,Liothyronine,,,
Trimebutina,Trimebutine,,,
Trimebutina Maleato,Trimebutine Maleate Salt,,,
Trimeprazina,Trimeprazine,,,
Trimetazidina,Trimetazidine,,,
Trimetazidina Dihidrocloruro,Trimetazidine,,,
Trimetoprima,Trimethoprim,,,
Trimipramina,Trimipramine,,,
Trimipramina Maleato,Trimipramine Maleate,,,
Trinitrina,,,,
Trioxietilrutina,,,,
Trioxifenam,,,,
Tripelenamina,Tripelennamine,,,
Tripelenamina Hidrocloruro,Tripelennamine,,,
Triprolidina,Triprolidine,,,
Triprolidina Hidrocloruro,Triprolidine,,,
Triptofano,Tryptophan,,,
Triptorelina,Triptorelin,,,
Triptorelina Acetato,Triptorelin,,,
Triptorelina Pamoato,Triptorelin,,,
Trishidroximetilaminometano,,,,
Trolamina,Triethanolamine,,,
Trolamina Salicilato,Trolamine Salicylate,,,
Trombina,Thrombin,,,
Trombina Humana,"Thrombin, Human",,,
Trometamina,Tromethamine,,,
Trometamol,Tromethamine,,,
Tropicamida,Tropicamide,,,
Troxerutina,Troxerutin,,,
Tuberculina,Tuberculin,,,
Tucatinib,Tucatinib,,,
Tucatinib Hemi-etanolato,Tucatinib,,,
Turoctocog Alfa,Turoctocog Alfa,,,
Turoctocog Alfa Pegol,,,,
Ublituximab,Ublituximab,,,
Ulipristal,Ulipristal,,,
Ulipristal Acetato,Ulipristal Acetate,,,
Upadacitinib,Upadacitinib,,,
Upadacitinib Hemihidrato,Upadacitinib,,,
Urapidil,Urapidil,,,
Urea,Urea,,,
Urea Diazolidinil,Diazolidinylurea,,,
Urea Imidazolidinil,Imidurea,,,
Uridina,Uridine,,,
Urofolitropina,Urofollitropin,,,
Uroquinasa,Urokinase,,,
Ursodeoxicolico Acido,Ursodiol,,,
Urtica Sp,Urtica Urens Extract,,,
Usnico Acido,Usnic Acid,,,
Ustekinumab,Ustekinumab,,,
Uva Ursi,Bearberry Preparation,,,
Vaborbactam,Vaborbactam,,,
Vaccinium Macrocarpum,Vaccinium Macrocarpon Whole Extract,,,
Vacuna De Arnm Frente A Covid-19 (biontech/pfizer),"Sars-cov-2 (covid-19) Vaccine, Mrna-bnt162b2",,,
Vacuna De Arnm Frente A Covid-19 (moderna),,,,
Vacuna De Arnm Que Codifica La Proteina De La Espicula (s) Viral Del Sars-cov-2 (omicron Kp.2),"Sars-cov-2 (covid-19) Vaccine, Mrna-1273 Omicron (kp.2)",,,
Vacuna De Arnm Que Codifica La Proteina De La Espicula (s) Viral Del Sars-cov-2 (omicron Lp.8.1),"Sars-cov-2 (covid-19) Vaccine, Mrna-1273 Omicron (lp.8.1)",,,
Vacuna De Nanoparticulas De Proteina Recombinante De La Espicula De Sars-cov-2 Con Adyuvante Matrix-m1,,,,
"Vacuna De Proteina De Espicula Recombinante Prefusion, Delta Tm Frente A Covid-19 (sanofi Pasteur)",,,,
Vacuna De Proteina Recombinante De Heterodimeros Del Dominio De Union Al Receptor (rbd) Del Virus Sars-cov-2 Adyuvada (hipra),,,,
Vacuna De Proteina Recombinante De Homodimeros De Fusion Del Dominio De Union Al Receptor (rbd) De La Proteina De La Espicula (s) Del Virus Sars-cov-2 (cepa Omicron Xfg.1.1 – Xfg.1.1) Adyuvada,,,,
Vacuna De Proteina Recombinante De La Espicula De Sars-cov-2 (omicron Xbb.1.5)(novavax),"Sars-cov-2 (covid-19) Vaccine, Mrna-1273 Omicron (xbb.1.5)",,,
Vacuna De Proteina Recombinante De La Espicula Frente A Covid-19 (novavax),"Sars-cov-2 (covid-19) Vaccine, Protein Nvx-cov2373",,,
"Vacuna De Vector Vaccinia Ankara Modificado, Multivalente, Viva, Recombinante, No Replicativo En Celulas Humanas, Que Expresa Las Glicoproteinas (gp) De Los Virus Del Ebola Mayinga, Sudan Gulu, Marburgo Y Musoke Y Nucloproteina Del Virus Tai Forest",,,,
Vacuna Recombinante (ad26) Frente A Covid-19 (j&j/janssen),"Sars-cov-2 (covid-19) Vaccine, Vector - Ad26",,,
Vacuna Recombinante (chadox1-s) Frente A Covid-19 (astrazeneca),,,,
Vacuna (rsvpref) De Subunidad F Estabilizada En Prefusion Frente Al Virus Respiratorio Sincitial.,,,,
Vadadustat,Vadadustat,,,
Vainilla,Vanilla Bean Allergenic Extract,,,
Valaciclovir,Valacyclovir,,,
Valaciclovir  Hidrocloruro,Valacyclovir,,,
Valeriana,Valerian Root Extract,,,
Valeriana Extracto Hidroalcoholico Seco,Valerian Root Extract,,,
Valeriana Extracto Seco,Valerian Root Extract,,,
Valeriana Officinalis Tintura Madre,,,,
Valeriana Raiz,Valerian Root Extract,,,
Valeriana Rizoma,Valerian Root Extract,,,
Valganciclovir,Valganciclovir,,,
Valganciclovir Hidrocloruro,Valganciclovir,,,
Valina,Valine,,,
Valoctocogen Roxaparvovec,Valoctocogene Roxaparvovec,,,
Valproato Sodio,Ganciclovir Sodium,,,
Valproico Acido,Valproic Acid,,,
Valsartan,Valsartan,,,
Valsartan Disodio,Valsartan,,,
Valsartan Trometamina Potasio Dihidrato,Valsartan,,,
Vamorolona,Vamorolone,,,
Vancomicina,Vancomycin,,,
Vancomicina Hidrocloruro,Vancomycin,,,
Vandetanib,Vandetanib,,,
Vanilla Planifolia Fruto,Vanilla Planifolia Whole Extract,,,
Vanzacaftor Calcico Dihidrato,Vanzacaftor,,,
Vara De Oro Gigante,Oro Clense,,,
Vardenafilo,Vardenafil,,,
Vardenafilo Hidrocloruro,Vardenafil,,,
Vardenafilo Hidrocloruro Trihidrato,Vardenafil,,,
Vareniclina,Varenicline,,,
Vareniclina Citrato,Varenicline,,,
Vareniclina Tartrato,Varenicline,,,
Vaselina,Vaseline,,,
Vaselina Filante Blanca,Vaseline,,,
Vaselina Liquida,Vaseline,,,
Vector Adenovirus De Tipo 26 (ad26) Que Codifica La Glucoproteina (gp) De La Variante Mayinga De Zaire Ebolavirus,,,,
Vedolizumab,Vedolizumab,,,
Velaglucerasa Alfa,Velaglucerase Alfa,,,
Velmanasa Alfa,Velmanase Alfa,,,
Velpatasvir,Velpatasvir,,,
Vemurafenib,Vemurafenib,,,
Veneno De Abeja,Veneno De Abeja Aceite De Vibora,,,
Veneno De Apis Mellifera,Apis Mellifera Preparation,,,
Veneno De Avispa,Veneno De Abeja Aceite De Vibora,,,
Veneno De Vespula Spp,Veneno De Abeja Aceite De Vibora,,,
Venetoclax,Venetoclax,,,
Venlafaxina,Venlafaxine,,,
Venlafaxina  Hidrocloruro,Venlafaxine,,,
Verapamilo,Verapamil,,,
Verapamilo Hidrocloruro,Verapamil,,,
Verde Indocianina,Palo Verde Pollen Extract,,,
Verde Indocianina Sodico,Palo Verde Pollen Extract,,,
Vericiguat,Vericiguat,,,
Vernakalant,,,,
Vernakalant Hidrocloruro,,,,
Verteporfina,Verteporfin,,,
Vesiculas De La Membrana Externa (omv) De Neisseria Meningitidis Grupo B (cepa Nz98/254 Medidas Como La Cantidad Total De Proteina Que Contiene El Pora P1.4),,,,
Vestronidasa Alfa,Vestronidase Alfa,,,
Vibrio Cholerae  Cepa Cvd 103hgr,Vibrio Cholerae,,,
"Vibrio Cholerae O1 Inaba, Biotipo Clasico (inactivado Por Calor)",,,,
Vid Roja,,,,
Vigabatrina,Vigabatrin,,,
Vilanterol,Vilanterol,,,
Vilanterol Trifenatato,Vilanterol Trifenatate,,,
Vildagliptina,Vildagliptin,,,
Vimseltinib Dihidrato,,,,
Vinblastina,Vinblastine,,,
Vinblastina Sulfato,Vinblastine,,,
Vinburnina,Vinburnine,,,
Vincamina,Vincamine,,,
Vincristina,Vincristine,,,
Vincristina Sulfato,Vincristine,,,
Vindesina,Vindesine,,,
Vindesina Sulfato,Vindesine,,,
Vinflunina,,,,
Vinorelbina,Vinorelbine,,,
Vinorelbina Tartrato,Vinorelbine,,,
Vinpocetina,Vinpocetine,,,
Virus Canaripox Recombinante De La Rabia (vcp65),,,,
Virus Chikungunya De Proteinas De Particulas Seudovirales,,,,
"Virus Chikungunya, Vivo Atenuado Cepa Chikv Lr2006-opy1","Chikungunya Virus Antigen, Live Attenuated Lr2006 Opy1 Strain",,,
"Virus Chikungunya, Vivo Atenuado Cepa Delta5nsp3",,,,
Virus Encefalitis Japonesa Cepa Sa 14-2 Inactivada,"Japanese Encephalitis Virus Vaccine Nakayama-nih Strain, Inactivated",,,
Virus Fiebre Amarilla Cepa 17d,Yellow Fever Virus Strain 17d-204 Live Antigen,,,
Virus Fiebre Chikunguya Vivo Atenuado,,,,
Virus Gripe A H1n1 Atenuado,Influenza A Virus (h1n1) Antigen,,,
Virus Gripe A H1n1 Inactivado,Influenza A Virus (h1n1) Antigen,,,
Virus Gripe A H1n1 Inactivado Fraccionado,Influenza A Virus (h1n1) Antigen,,,
Virus Gripe A H1n1 Inactivado Hemaglutinina,Influenza A Virus (h1n1) Antigen,,,
Virus Gripe A H1n1 Recombinante Hemaglutinina,,,,
Virus Gripe A H3n2 Atenuado,Influenza A Virus (h3n2) Antigen,,,
Virus Gripe A H3n2 Inactivado,Influenza A Virus (h3n2) Antigen,,,
Virus Gripe A H3n2 Inactivado Fraccionado,Influenza A Virus (h3n2) Antigen,,,
Virus Gripe A H3n2 Inactivado Hemaglutinina,Influenza A Virus (h3n2) Antigen,,,
Virus Gripe A H3n2 Recombinante Hemaglutinina,,,,
Virus Gripe A H5n1 Inactivado,Influenza A Virus (h5n1) Antigen,,,
Virus Gripe A H5n1 Vivo Atenuado,Influenza A Virus (h5n1) Antigen,,,
Virus Gripe B Inactivado,Hepatitis B Virus,,,
Virus Gripe B Inactivado Fraccionado,Hepatitis B Virus,,,
Virus Gripe B Inactivado Hemaglutinina,Hepatitis B Virus,,,
Virus Gripe B (victoria) Atenuado,,,,
Virus Gripe B (victoria) Recombinante,,,,
Virus Gripe B (yamagata) Atenuado,,,,
Virus Gripe B (yamagata) Recombinante,,,,
Virus Influenza Gripe A/thailand/8/2022 (h3n2) Ivr-237 Cepa Similar A (a/thailand/8/2022),Influenza A Virus A/thailand/8/2022 (h3n2) Antigen,,,
"Virus Influenza Gripe A/victoria/4897/2022 Ivr-238 (h1n1), Inactivado",Influenza A Virus A/victoria/4897/2022 (h1n1) Antigen,,,
"Virus Influenza Gripe Cepa Similar A B/austria/1359417/2021-(b/austria/1359417/2021, Bvr-26)",Influenza B Virus B/austria/1359417/2021 Antigen,,,
"Virus Influenza Gripe, Reasortante, Vivo Atenuado, Cepa Similar A A/ Missouri/11/2025 (h1n1) Pdm09",Influenza A Virus A/missouri/11/2025 (h1n1) Antigen,,,
"Virus Influenza Gripe, Reasortante, Vivo Atenuado Cepa Similar A A/darwin/1454/2025 (h3n2), (a/darwin/1369/2025, Medi 406666)",Influenza A Virus A/darwin/1369/2025 (h3n2) Antigen,,,
"Virus Influenza Gripe Reasortante,vivo, Atenuado, Cepa Similar A B/ Tokyo/eis13-175/2025",Influenza B Virus B/tokyo/eis13-175/2025 Antigen,,,
Virus Papiloma Humano,Rubella Virus,,,
Virus Papiloma Humano Tipo 11 Proteina L1,,,,
Virus Papiloma Humano Tipo 16 Proteina L1,"L1 Protein, Human Papillomavirus Type 16 Vaccine",,,
Virus Papiloma Humano Tipo 18 Proteina L1,"L1 Protein, Human Papillomavirus Type 18 Vaccine",,,
Virus Papiloma Humano Tipo 31 Proteina L1,,,,
Virus Papiloma Humano Tipo 33 Proteina L1,,,,
Virus Papiloma Humano Tipo 45 Proteina L1,,,,
Virus Papiloma Humano Tipo 52 Proteina L1,"L1 Protein, Human Papillomavirus Type 52 Vaccine",,,
Virus Papiloma Humano Tipo 58 Proteina L1,"L1 Protein, Human Papillomavirus Type 58 Vaccine",,,
Virus Papiloma Humano Tipo 6 Proteina L1,,,,
Virus Parotiditis,,,,
Virus Parotiditis Atenuado,,,,
Virus Rabia,Rubella Virus,,,
Virus Rabia Inactivado,Rubella Virus,,,
"Virus Rabia, Inactivado, Cepa Cvs",Allium Cepa Bulb Extract,,,
"Virus Rabia, Inactivado, Cepa Flury Lep",Rabies Virus Vaccine Flury-lep Strain,,,
"Virus Rabia Inactivado, Cepa G52",,,,
"Virus Rabia, Inactivado, Cepa Pasteur Riv",Allium Cepa Bulb Extract,,,
"Virus Rabia Inactivado, Cepa Pasteur Vp-13",,,,
"Virus Rabia Inactivado, Cepa Sad Vnukovo-32",,,,
"Virus Rabia, Inactivado, Cepa Vp12",,,,
"Virus Rabia, Inactivado, Cepa Wistar (pm/wi 38-1503-3m)",,,,
"Virus Rabia Vivo Atenuado, Cepa Sag2",,,,
"Virus Rabia, Vivo Atenuado, Cepa Spbn Gagas",Allium Cepa Bulb Extract,,,
Virus Rubeola,,,,
Virus Rubeola Hiperatenuado,,,,
Virus Sarampion,Rubella Virus,,,
Virus Sarampion (edmonston),"Measles Virus Vaccine Live, Enders' Attenuated Edmonston Strain",,,
Virus Sarampion Hiperatenuado,Rubella Virus,,,
"Virus Sincitial Respiratorio, Subgroupo A, Subunidad F Proteina 847a Estabilizada En Prefusion","Respiratory Syncytial Virus Pre-fusion F Protein, A, Recombinant, Stabilized",,,
"Virus Sincitial Respiratorio, Subgroupo B, Subunidad F Proteina 847b Estabilizada En Prefusion","Respiratory Syncytial Virus Pre-fusion F Protein, B, Recombinant, Stabilized",,,
Virus Varicela,"Herpesvirus 3, Human",,,
Virus Varicela-zoster Atenuados Cepa Oka,Varicella-zoster Virus Vaccine Live (oka-merck) Strain,,,
Virus Vivo Modificado De La Viruela Vacunoide Ankara,,,,
Vitamina A,Vitamin A,,,
Vitamina B1,Thiamine,,,
Vitamina B12,Vitamin B12,,,
Vitamina B12a,Hydroxocobalamin,,,
Vitamina B2,Riboflavin,,,
Vitamina B3,Niacinamide,,,
Vitamina B6,Pyridoxine,,,
Vitamina B9,Folic Acid,,,
Vitamina C,Ascorbic Acid,,,
Vitamina D,Vitamin D,,,
Vitamina D2,Ergocalciferol,,,
Vitamina D3,Vitamin D3,,,
Vitamina E,Vitamin E,,,
Vitamina H,Biotin,,,
Vitamina K,Vitamin K,,,
Vitamina K1,Vitamin K1,,,
Vitamina P,,,,
Vitamina Pp,,,,
Vitex Agnus-castus L.,,,,
Vitis Vinifera,,,,
Vitis Vinifera Extracto Seco,,,,
Vitis Vinifera Hoja Extracto Seco,,,,
Voclosporina,Voclosporin,,,
Volanesorsen,Volanesorsen,,,
Volanesorsen Sodio,Volanesorsen,,,
Vorasidenib,Vorasidenib,,,
Vorasidenib Hemicitrato Hemihidrato,Vorasidenib,,,
Voretigen Neparvovec,Voretigene Neparvovec,,,
Voriconazol,Voriconazole,,,
Vortioxetina,Vortioxetine,,,
Vortioxetina Hidrobromuro,Vortioxetine,,,
Vortioxetina Lactato,Vortioxetine,,,
Vosoritida,Vosoritide,,,
Voxilaprevir,Voxilaprevir,,,
Vutrisiran,Vutrisiran,,,
Warfarina,Warfarin,,,
Warfarina Sodica,Warfarin,,,
Xilano Polisulfurico,,,,
Xilocaina,Xylocaine,,,
Xilometazolina,Xylometazoline,,,
Xilometazolina Hidrocloruro,Xylometazoline,,,
Xipamida,Xipamide,,,
Yedra,,,,
Yodoclorhidroxiquinoleina,Clioquinol,,,
Yododesoxiuridina,,,,
Ytrio Y-90 Citrato,,,,
Zanamivir,Zanamivir,,,
Zanubrutinib,Zanubrutinib,,,
Zanzibarensis,Castor Oil,,,
Zea Mays,Corn Pollen Extract,,,
Ziconotida,Ziconotide,,,
Zidovudina,Zidovudine,,,
Zilucoplan,Zilucoplan,,,
Zinc Acetato,Zinc Acetate,,,
Zinc Acetato Dihidrato,Zinc Acetate,,,
Zinc Dibutilditiocarbamato,Zinc Dibutyldithiocarbamate,,,
Zinc Dietilditiocarbamato,"Ditiocarb, Zinc Salt",,,
Zinc Piritiona,Zinc,,,
Zinc Piritionato,Zinc,,,
Zinc Sulfato Heptahidrato,"Zinc Sulfate, Heptahydrate",,,
Ziprasidona,Ziprasidone,,,
Ziprasidona Hidrocloruro,Ziprasidone,,,
Ziprasidona Hidrogenosulfato,Ziprasidone,,,
Ziprasidona Mesilato,Ziprasidone,,,
Ziprasidona Monohidrato,Ziprasidone,,,
Zofenopril Calcico,Zofenopril,,,
Zolbetuximab,Zolbetuximab,,,
Zolmitriptan,Zolmitriptan,,,
Zolpidem  Hemitartrato,Zolpidem,,,
Zolpidem Tartrato,Zolpidem Tartrate,,,
Zonisamida,Zonisamide,,,
Zopiclona,Zopiclone,,,
Zuclopentixol Acetato,Zuclopenthixol Acetate,,,
Zuclopentixol Decanoato,Zuclopenthixol,,,
"1-alfa,25-dihidroxicolecalciferol",1 Ml Darbepoetin Alfa 0.025 Mg/ml Injection,,,
1-fenil-2-metilaminopropanol,Diaminohydroxypropanetetraacetic Acid,,,
"1,2-diaminoetano",,,,
13-c Urea,Urea C-13,,,
"13-cis-retinoico, Acido",Isotretinoin,,,
[177lu]-dota0-tyr3-octreotato,Lutetium Lu 177 Dotatate,,,
18-beta-glicirrinetico Acido,Glycyrrhizic Acid,,,
(18f)-2-fluoro-2-desoxi-d-glucosa,Fluorodeoxyglucose F18,,,
2-cda,Cladribine,,,
2-pirrolidonacetamida,,,,
2-sulfanilaminopirimidina,,,,
"2,5-diaminotolueno",,,,
25-hidroxicolecalciferol,,,,
"2,6-diamino-3-fenilazopiridina",Phenazopyridine,,,
3(carboximetil Tio) Alanina,Alanine,,,
"3,4 Diaminopiridina",Amifampridine,,,
4 Aminopiridina,Aminopterin,,,
4-epiadriamicina,Epirubicin,,,
5-aminosalicilico Acido,Mesalamine,,,
5-asa,Mesalamine,,,
6-alfa Etilquenodesoxicolico Acido,,,,
"6-dehidro-9beta,10alfa-progesterona",Progesterone,,,
8-cloroteofilinato De Difenhidramina,Diethylstilbestrol,,,
8-metoxipsoraleno,Methoxsalen,,,
9-alfa-fluorhidrocortisona,Thyrotropin Alfa 0.9 Mg,,,
Bcnu,Carmustine,,,
Belumosudil,Belumosudil,,,
Benzoilo Peroxido,Benzoyl Peroxide,,,
Bim-23014,,,,
Binimetinib,Binimetinib,,,
Biperideno,Biperiden,,,
Biperideno Hidrocloruro,Biperiden,,,
Bisoprolol,Bisoprolol,,,
Bithiol,Unithiol,,,
Bituminol,,,,
"Bm 06,022",,,,
Bms-186295,,,,
Bms-224818,,,,
Bmy-28142,,,,
Boldo,Peumus Boldus Leaf Extract,,,
Bortezomib,Bortezomib,,,
Bosutinib,Bosutinib,,,
Brl 42810,,,,
Brl 43694,,,,
Bronopol,Bronopol,,,
Broxime,,,,
Brozime,,,,
Bupropion,Bupropion,,,
Bupropion Hidrocloruro,Bupropion,,,
Bythyol,,,,
Cb-154,,,,
Ceftobiprol,Ceftobiprole,,,
Celecoxib,Celecoxib,,,
Ceritinib,Ceritinib,,,
Cetilpiridinio Bromuro,Ipratropium Bromide,,,
Clorbutol,,,,
Clorobutol,Chlorobutanol,,,
Cnicus Benedictus C. Linneo,Centaurea Benedicta Extract,,,
Cobimetinib,Cobimetinib,,,
Cobre,Copper,,,
Crizotinib,Crizotinib,,,
Dehidrobenzoperidol,,,,
Delgocitinib,Delgocitinib,,,
Dexibuprofeno,,,,
Edrofonio Bromuro,Ipratropium Bromide,,,
Entrectinib,Entrectinib,,,
Erbio Er-169,,,,
Erlotinib,Erlotinib,,,
Erlotinib Hidrocloruro,Erlotinib,,,
Etoricoxib,Etoricoxib,,,
Filgotinib,,,,
Flurbiprofeno,Flurbiprofen,,,
Fruquintinib,Fruquintinib,,,
Gefitinib,Gefitinib,,,
Gemfibrozilo,Gemfibrozil,,,
G-hidroxibutirico,,,,
Gilteritinib,Gilteritinib,,,
Glicopirronio Bromuro,Glycopyrronium,,,
Ibrutinib,Ibrutinib,,,
Ibuprofeno,Ibuprofen,,,
Iobitridol,Iobitridol,,,
Ivosidenib,Ivosidenib,,,
M-dihidroxibenceno,,,,
Metilbenceno,,,,
Molibdeno,Molybdenum,,,
Momelotinib,Momelotinib,,,
Myrcludex B,,,,
Nebivolol,Nebivolol,,,
Nebivolol Hidrocloruro,Nebivolol,,,
Nilotinib,Nilotinib,,,
O-hidroxibenzoico,Padimate-o,,,
Osimertinib,Osimertinib,,,
Otilonio Bromuro,Ipratropium Bromide,,,
Peumus Boldus M.,Peumus Boldus Leaf Extract,,,
Phmb,,,,
Pirtobrutinib,Pirtobrutinib,,,
Quercus Robur,Quercus Robur Wood Extract,,,
Remibrutinib,Remibrutinib,,,
Ribociclib,Ribociclib,,,
Ripretinib,Ripretinib,,,
Ritlecitinib,Ritlecitinib,,,
Roble,,,,
Rocuronio Bromuro,Rocuronium,,,
Ruxolitinib,Ruxolitinib,,,
Ruxolitinib Hidrcloruro,Ruxolitinib,,,
Selumetinib,Selumetinib,,,
Sobrerol,Sobrerol,,,
Sofosbuvir,Sofosbuvir,,,
Sonidegib,Sonidegib,,,
Sunitinib,Sunitinib,,,
Sunitinib Hidrocloruro,Sunitinib,,,
Tepotinib,Tepotinib,,,
Tiotropio Bromuro,Tiotropium,,,
Tolebrutinib,,,,
Umeclidinio Bromuro,Umeclidinium,,,
Vibegron,Vibegron,,,
Vimseltinib,Vimseltinib,,,
Vismodegib,Vismodegib,,,
Cedro,Cedrol,,,
Cefditoreno,Cefditoren,,,
Cefditoreno  Pivoxilo,Cefditoren Pivoxil,,,
Cefiderocol,Cefiderocol,,,
Cefminox,,,,
Cefminox Sodico,,,,
Cefonicid,Cefonicid,,,
Cefonicid Sodico,Cefonicid,,,
Cerio,Ceric Oxide,,,
Cetilpiridinio,,,,
Cetilpiridinio Cloruro,Calcium Chloride,,,
Cetrimonio,Cetrimonium,,,
Cetrorelix,Cetrorelix,,,
Ci 42051,Carbon Black,,,
Ci 906,Carbon Black,,,
Ci 912,Linoleic Acid,,,
Ciclopirox,Ciclopirox,,,
Cidofovir,Cidofovir,,,
Cineol,Eucalyptol,,,
Ci-981,Carbon Black,,,
Clevidipino,Clevidipine,,,
Clioquinol,Clioquinol,,,
Clomifeno,Clomiphene,,,
Clonixino,Clonixin,,,
Clopidogrel,Clopidogrel,,,
Clopidogrel Hidrocloruro,Clopidogrel,,,
Colestipol,Colestipol,,,
Colestipol Hidrocloruro,Colestipol,,,
Cp-690550,Captopril,,,
Cromo,Chromium,,,
Donepezilo Hidrocloruro,Donepezil,,,
Dtic,Dacarbazine,,,
Eleutherococcus Senticosus,Eleutherococcus Senticosus Root Oil,,,
Epoprostenol Sodico,Epoprostenol,,,
Esmolol Hidrocloruro,Esmolol,,,
Estroncio,,,,
Estroncio Cloruro,Calcium Chloride,,,
Fingolimod Hidrocloruro,Fingolimod,,,
Flupentixol Dihidrocloruro,Flupenthixol,,,
Fosinopril Sodico,Fosinopril,,,
Fucus Vesiculosus,Fucus Vesiculosus Extract,,,
Fucus Vesiculosus Exto Seco,Fucus Vesiculosus Extract,,,
Glicerol,Glycerin,,,
Glicopirronio,Glycopyrronium,,,
Hiperico,Hypericin,,,
Hipericon,Hypericin,,,
Ici D1694,,,,
Ici-d1033,,,,
"Ici-176,334",,,,
"Ici-204,636",,,,
Ictiol,,,,
Indio 111 Cloruro,Indium,,,
Iodometilnorcolesterol,,,,
Levistico,Levisticum Officinale,,,
Litio Cloruro,Calcium Chloride,,,
Lutecio,,,,
Lutecio (177) Cloruro,Calcium Chloride,,,
Mercurocromo,Merbromin,,,
Metiltioninio Cloruro,Methylene Blue,,,
Nedocromilo,Nedocromil,,,
Nedocromilo Sodico,Nedocromil,,,
Nitrico Oxido,Nitric Oxide,,,
O-metoxifenil Gliceril Eter,Padimate-o,,,
Oxihidroxido Sucroferrico,Sucroferric Oxyhydroxide,,,
Penciclovir,Penciclovir,,,
Pimecrolimus,Pimecrolimus,,,
Pkc-412,,,,
Polietilenglicol 4000,,,,
Polypodium Leucotomos,Polypodium Leucotomos,,,
Procetofeno,Fenofibrate,,,
Prp-crm 197,,,,
Pulmon Porcino,Secretin,,,
Rcfp-10,,,,
Resorcinol,Resorcinol,,,
Ricino,,,,
Rocuronio,Rocuronium,,,
Ropinirol Hidrocloruro,Ropinirole,,,
Rrr-α-tocoferol,Tocopherol,,,
Sch 29851,,,,
Sodio Cloruro,Ganciclovir Sodium,,,
Succimero,Succimer,,,
Thc,Dronabinol,,,
Thiocol,Thiocolchicoside,,,
Tiocol,,,,
Tiocolchicosido,Thiocolchicoside,,,
Tiocolol,,,,
Tixocortol,Tixocortol,,,
Toxoide Difterico,"Tetanus Toxoid Vaccine, Inactivated",,,
Treprostinilo Sodico,Treprostinil,,,
Trihexifenidil Hidrocloruro,,,,
Trospio Cloruro,Trospium,,,
Umeclidinio,Umeclidinium,,,
Ytrio Y-90 Cloruro,,,,
Zinc,Zinc,,,
Zinc Cloruro,Zinc,,,
Zinc Oxido,Zinc Oxide,,,
Zuclopentixol,Zuclopenthixol,,,
Zuclopentixol Dihidrocloruro,Zuclopenthixol,,,
3p-cimenol,Ethanol 0.6 Ml/ml Topical Gel,,,
3tc,Lamivudine,,,
Dengue Virus,,,,
Desogestrel,Desogestrel,,,
Dexketoprofeno,Dexketoprofen,,,
Dexnorgestrel,Levonorgestrel,,,
Dienogest,Dienogest,,,
Diente De Leon,,,,
Dimetil Sulfoxido,Dimethyl Sulfoxide,,,
Dimetindeno,Dimethindene,,,
Diosmetin 7 Rutinosido,Diosmin,,,
D-norgestrel,Levonorgestrel,,,
Donepezilo,Donepezil,,,
Dpt,,,,
Droperidol,Droperidol,,,
Edrofonio,,,,
Eplontersen Sodio,Eplontersen,,,
Etiodol,,,,
Etoposido,Etoposide,,,
Felodipino,Felodipine,,,
Fingolimod,Fingolimod,,,
Gestodeno,Gestodene,,,
Imiquimod,Imiquimod,,,
Indio 111,Indium,,,
Inotersen Sodio,Inotersen,,,
Iodo,Iodine,,,
Ioduro (123i) Sodio,Potassium Iodide,,,
Ioduro (131i) Sodio,Potassium Iodide,,,
Ldk378,,,,
Linezolid,Linezolid,,,
Minoxidil,Minoxidil,,,
Nifedipino,Nifedipine,,,
Nimodipino,Nimodipine,,,
Nitrendipino,Nitrendipine,,,
Nitrito Sodio,Ganciclovir Sodium,,,
Oxido Nitroso,Nitrous Oxide,,,
Pemetrexed,Pemetrexed,,,
Pemetrexed Disodio,Pemetrexed Disodium,,,
Perindopril,Perindopril,,,
Peroxido De Hidrogeno,Benzoyl Peroxide,,,
Piridoxol,Pyridoxal,,,
Ponesimod,Ponesimod,,,
Pridinol,Pridinol,,,
Remdesivir,Remdesivir,,,
Rutosido,Rutin,,,
Selenio Oxido,Selenious Acid,,,
Sertindol,Sertindole,,,
Siponimod,Siponimod,,,
Sodio,Ganciclovir Sodium,,,
Sodio Fluoruro,Ganciclovir Sodium,,,
Sodio Hidroxido,Sodium Hydroxide,,,
Te Verde,Palo Verde Pollen Extract,,,
Tedizolid,Tedizolid,,,
Tenofovir Disoproxilo,Tenofovir Disoproxil,,,
Tomudex,,,,
Trihexifenidil,,,,
Tri(hidroxietil)rutosido,Tromethamine,,,
Yodo,,,,
Z-d1694,,,,
Zolpidem,Zolpidem,,,
Eplontersen,Eplontersen,,,
Epoprostenol,Epoprostenol,,,
Equiseto Menor,Equisetum Hyemale Extract,,,
Esmolol,Esmolol,,,
Espliego,,,,
Estetrol,Estetrol,,,
Estiripentol,Stiripentol,,,
Estriol,Estriol,,,
Etonogestrel,Etonogestrel,,,
Eugenol,Eugenol,,,
Everolimus,Everolimus,,,
Fenol,Phenol,,,
Flupentixol,Flupenthixol,,,
Formoterol,Formoterol,,,
Ginseng,Ginseng Preparation,,,
Gomenol,,,,
Helio,Helixate,,,
Hes,Hetastarch,,,
Hierro,Iron,,,
Hoe 490,,,,
Imipenem,Imipenem,,,
Inotersen,Inotersen,,,
Iohexol,Iohexol,,,
Iomeprol,Iomeprol,,,
Ioversol,Ioversol,,,
Isoeugenol,Isoeugenol,,,
Isoproterenol,Isoproterenol,,,
Ketoprofeno,Ketoprofen,,,
Ketotifeno,Ketotifen,,,
Lee-011,,,,
Letermovir,Letermovir,,,
Letrozol,Letrozole,,,
Levomentol,Levomenthol,,,
Levonorgestrel,Levonorgestrel,,,
Megestrol,Megestrol,,,
Mek-3475,,,,
Mentol,Menthol,,,
Mequinol,Mequinol,,,
Meropenem,Meropenem,,,
Metiltioninio,Methylene Blue,,,
Metoprolol,Metoprolol,,,
Metoxifenol,,,,
Me1207,,,,
Ne-58095,Neon,,,
Niquel,,,,
Nitrogeno,Nitrogen,,,
Nomegestrol,Nomegestrol,,,
Norgestrel,Norgestrel,,,
Nusinersen,Nusinersen,,,
Oleogomenol,Oil Of Niaouli,,,
Ospemifeno,Ospemifene,,,
Oxigeno,,,,
Perflutreno,Perflutren,,,
Piketoprofeno,Piketoprofen,,,
Pimiento,Bay Oil (pimenta Racemosa),,,
Pizotifeno,Pizotyline,,,
Poleo,,,,
Promestrieno,Promestriene,,,
Relugolix,Relugolix,,,
Renio Re -186,,,,
Renio Re-186 Sulfuro,,,,
Renio Sulfuro,Sulfur,,,
Resmetirom,Resmetirom,,,
Retinol,Vitamin A,,,
Romero,,,,
Selenio,Selenium,,,
Selenio Sulfuro,Selenious Acid,,,
Selenium,Selenium,,,
Selinexor,Selinexor,,,
Sen,,,,
Temsirolimus,Temsirolimus,,,
Tenofovir,Tenofovir,,,
Tesit,,,,
Thesit,Isopropyl Alcohol 0.7 Ml/ml Medicated Pad,,,
Tofersen,Tofersen,,,
Tolueno,Toluene,,,
Tomillo Exto,,,,
Toremifeno,Toremifene,,,
Treprostinilo,Treprostinil,,,
Tumenol,,,,
Voxelotor,Voxelotor,,,
Zofenopril,Zofenopril,,,
5-metil-2-isopropilfenol,Datura Metel Flower Extract,,,
Fk-506,,,,
Fluor,,,,
Fosforo,,,,
Fosinopril,Fosinopril,,,
Fsh,Follicle Stimulating Hormone,,,
Fty720,,,,
Nifurtimox,Nifurtimox,,,
Pf-07321332,,,,
Propofol,Propofol,,,
Sk&f 108566,Phenylalanine,,,
Gp 47-680,,,,
Gp 48933,,,,
Gp-45840,,,,
Gr-43175,,,,
Gs 7977,,,,
Lgx-818,,,,
Org-32489,,,,
Org-9426,,,,
Hinojo,,,,
Hki-272,,,,
Humulus Lupulus,Hops Extract,,,
L-ohp,Oxaliplatin,,,
Phosphorus,Phosphorus,,,
Iloprost,Iloprost,,,
Limon,Citrus Limon Fruit Oil,,,
Lisinopril,Lisinopril,,,
Litio,,,,
Misoprostol,Misoprostol,,,
Monuril,,,,
Otilonio,Octylonium,,,
Pino,,,,
Psi 7977,,,,
Quinolinol,,,,
Quinolin-8-ol,,,,
Riluzol,Riluzole,,,
Romiplostim,Romiplostim,,,
Ropinirol,Ropinirole,,,
Sirolimus,Sirolimus,,,
Timol,Timolol,,,
Timolol,Timolol,,,
Tiotropio,Tiotropium,,,
Tomillo,,,,
Trospio,Trospium,,,
Virus Polio Tipo I,,,,
Virus Polio Tipo Ii,,,,
Virus Polio Tipo Iii,,,,
Xilitol,Xylitol,,,
Ytrio Y-90,,,,
Mk 787,,,,
Mk 791,,,,
Mk 906,,,,
Mk-383,,,,
Mk-507,,,,
"Uk-109,496",,,,
"Uk-116,044",,,,
"Uk-88,525",,,,
Lm-1158,,,,
Ly 146032,Lysine,,,
Ly-170053,Lysine,,,
Mln 9708,,,,
Sl 85-0324,85 Strontium,,,
Tolu,,,,
Toluol,,,,
Pm01183,,,,
Ym730,,,,
Ro 15-1788,,,,
Ro 31-8959,,,,
Ro-14-4767,,,,
Ro-4-3780,,,,
Ro-4964913,,,,
Rp 56976,,,,
Vp 16,Etoposide 100 Mg Injection,,,
Rs-61443,Bupivacaine,,,
Sr 47436,,,,
S 808490,,,,
256u87,,,,